ISO-10303-21;
HEADER;
FILE_DESCRIPTION (( 'STEP AP214' ),
    '1' );
FILE_NAME ('1094CAED-08D0-4374-8106-7D5DCF4BAC1A.STEP',
    '2025-12-14T07:51:17',
    ( '' ),
    ( '' ),
    'SwSTEP 2.0',
    'SolidWorks 2022',
    '' );
FILE_SCHEMA (( 'AUTOMOTIVE_DESIGN' ));
ENDSEC;

DATA;
#1 = DIRECTION ( 'NONE',  ( 1.000000000000000000, 2.082970027439319880E-16, -1.156280642033610094E-31 ) ) ;
#2 = EDGE_LOOP ( 'NONE', ( #11298, #1050, #10276, #3118 ) ) ;
#3 = AXIS2_PLACEMENT_3D ( 'NONE', #9156, #7474, #3794 ) ;
#4 = FACE_OUTER_BOUND ( 'NONE', #5108, .T. ) ;
#5 = VECTOR ( 'NONE', #3022, 1000.000000000000000 ) ;
#6 = ORIENTED_EDGE ( 'NONE', *, *, #10178, .F. ) ;
#7 = EDGE_CURVE ( 'NONE', #6706, #5336, #8308, .T. ) ;
#8 = DIRECTION ( 'NONE',  ( -2.957565607266179811E-16, 0.7071067811865490160, -0.7071067811865461294 ) ) ;
#9 = DIRECTION ( 'NONE',  ( 1.000000000000000000, -2.082970027439319880E-16, 0.0000000000000000000 ) ) ;
#10 = DIRECTION ( 'NONE',  ( -0.0000000000000000000, -0.0000000000000000000, -1.000000000000000000 ) ) ;
#11 = ADVANCED_FACE ( 'NONE', ( #10596 ), #7912, .T. ) ;
#12 = AXIS2_PLACEMENT_3D ( 'NONE', #6671, #10192, #5622 ) ;
#13 = EDGE_CURVE ( 'NONE', #11183, #7907, #3404, .T. ) ;
#14 = DIRECTION ( 'NONE',  ( -1.000000000000000000, -3.227392513444132457E-17, -3.227392513444127527E-17 ) ) ;
#15 = ORIENTED_EDGE ( 'NONE', *, *, #955, .T. ) ;
#16 = DIRECTION ( 'NONE',  ( -1.953503796022424979E-47, 1.000000000000000000, -9.303908184768099600E-32 ) ) ;
#17 = DIRECTION ( 'NONE',  ( -0.0000000000000000000, -0.0000000000000000000, 1.000000000000000000 ) ) ;
#18 = CARTESIAN_POINT ( 'NONE',  ( -2.944999999999999840, -0.8649999999999999911, 4.900000000000000355 ) ) ;
#19 = CARTESIAN_POINT ( 'NONE',  ( 3.304999999999999272, 3.299999999999999378, 0.1000000000000012823 ) ) ;
#20 = VERTEX_POINT ( 'NONE', #6114 ) ;
#21 = VECTOR ( 'NONE', #3594, 1000.000000000000000 ) ;
#22 = ORIENTED_EDGE ( 'NONE', *, *, #3428, .T. ) ;
#23 = EDGE_CURVE ( 'NONE', #7136, #7778, #1608, .T. ) ;
#24 = DIRECTION ( 'NONE',  ( 1.000000000000000000, 0.0000000000000000000, -0.0000000000000000000 ) ) ;
#25 = CARTESIAN_POINT ( 'NONE',  ( 0.8649999999999999911, -0.8850000000000000089, 0.4600000000000009082 ) ) ;
#26 = ORIENTED_EDGE ( 'NONE', *, *, #4557, .T. ) ;
#27 = CARTESIAN_POINT ( 'NONE',  ( -4.675000000000000711, 0.8649999999999995470, 0.4800000000000011480 ) ) ;
#28 = DIRECTION ( 'NONE',  ( -1.000000000000000000, 0.0000000000000000000, 2.099659365964729900E-16 ) ) ;
#29 = CARTESIAN_POINT ( 'NONE',  ( -1.905000000000000027, 2.500000000000000000, 0.5999999999999999778 ) ) ;
#30 = AXIS2_PLACEMENT_3D ( 'NONE', #2926, #6532, #5654 ) ;
#31 = DIRECTION ( 'NONE',  ( 0.0000000000000000000, 1.000000000000000000, 0.0000000000000000000 ) ) ;
#32 = ORIENTED_EDGE ( 'NONE', *, *, #10885, .F. ) ;
#33 = ORIENTED_EDGE ( 'NONE', *, *, #5998, .T. ) ;
#34 = CARTESIAN_POINT ( 'NONE',  ( 3.060000000000000053, 0.8149999999999999467, 4.850000000000000533 ) ) ;
#35 = VECTOR ( 'NONE', #4667, 1000.000000000000000 ) ;
#36 = EDGE_CURVE ( 'NONE', #643, #8746, #9517, .T. ) ;
#37 = CARTESIAN_POINT ( 'NONE',  ( -1.674999999999999822, 0.4050000000000000822, 0.4800000000000010925 ) ) ;
#38 = CARTESIAN_POINT ( 'NONE',  ( 3.475000000000000089, -2.500000000000000000, 0.5999999999999999778 ) ) ;
#39 = VERTEX_POINT ( 'NONE', #7725 ) ;
#40 = PLANE ( 'NONE',  #10165 ) ;
#41 = CARTESIAN_POINT ( 'NONE',  ( -0.7500000000000000000, 0.8149999999999999467, 4.850000000000000533 ) ) ;
#42 = DIRECTION ( 'NONE',  ( 1.000000000000000000, 2.091314696702029574E-16, -2.091314696702020699E-16 ) ) ;
#43 = ORIENTED_EDGE ( 'NONE', *, *, #325, .T. ) ;
#44 =( GEOMETRIC_REPRESENTATION_CONTEXT ( 3 ) GLOBAL_UNCERTAINTY_ASSIGNED_CONTEXT ( ( #8600 ) ) GLOBAL_UNIT_ASSIGNED_CONTEXT ( ( #10913, #4608, #11322 ) ) REPRESENTATION_CONTEXT ( 'NONE', 'WORKASPACE' ) );
#45 = FACE_OUTER_BOUND ( 'NONE', #2581, .T. ) ;
#46 = VERTEX_POINT ( 'NONE', #11371 ) ;
#47 = DIRECTION ( 'NONE',  ( 0.0000000000000000000, 1.000000000000000000, 0.0000000000000000000 ) ) ;
#48 = PLANE ( 'NONE',  #1004 ) ;
#49 = EDGE_CURVE ( 'NONE', #11759, #7768, #10594, .T. ) ;
#50 = DIRECTION ( 'NONE',  ( 0.5773502691896280625, -0.5773502691896212902, -0.5773502691896280625 ) ) ;
#51 = EDGE_CURVE ( 'NONE', #8818, #6306, #10773, .T. ) ;
#52 = EDGE_CURVE ( 'NONE', #5577, #5834, #9054, .T. ) ;
#53 = VERTEX_POINT ( 'NONE', #3512 ) ;
#54 = MECHANICAL_DESIGN_GEOMETRIC_PRESENTATION_REPRESENTATION (  '', ( #621 ), #6696 ) ;
#55 = CARTESIAN_POINT ( 'NONE',  ( 3.305000000000000160, 0.5050000000000001155, 4.899999999999999467 ) ) ;
#56 = ORIENTED_EDGE ( 'NONE', *, *, #9095, .T. ) ;
#57 = ORIENTED_EDGE ( 'NONE', *, *, #2582, .T. ) ;
#58 = LINE ( 'NONE', #3752, #677 ) ;
#59 = ORIENTED_EDGE ( 'NONE', *, *, #8549, .F. ) ;
#60 = CARTESIAN_POINT ( 'NONE',  ( 1.905000000000000027, 0.8850000000000000089, 0.4800000000000009814 ) ) ;
#61 = ORIENTED_EDGE ( 'NONE', *, *, #6981, .F. ) ;
#62 = EDGE_CURVE ( 'NONE', #9402, #8584, #5357, .T. ) ;
#63 = AXIS2_PLACEMENT_3D ( 'NONE', #6579, #2553, #9736 ) ;
#64 = CARTESIAN_POINT ( 'NONE',  ( 4.330000000000000071, -3.250000000000000444, 0.4100000000000009748 ) ) ;
#65 = EDGE_LOOP ( 'NONE', ( #4125, #2788, #4085, #2022 ) ) ;
#66 = EDGE_CURVE ( 'NONE', #8372, #10502, #10888, .T. ) ;
#67 = EDGE_LOOP ( 'NONE', ( #1277, #2357, #6800, #9660 ) ) ;
#68 = VECTOR ( 'NONE', #5371, 1000.000000000000000 ) ;
#69 = VECTOR ( 'NONE', #7503, 1000.000000000000114 ) ;
#70 = CARTESIAN_POINT ( 'NONE',  ( -0.6350000000000000089, 3.895233453984329909E-16, 0.5999999999999999778 ) ) ;
#71 = CARTESIAN_POINT ( 'NONE',  ( 1.675000000000000044, -3.200000000000000178, 0.4600000000000011857 ) ) ;
#72 = ORIENTED_EDGE ( 'NONE', *, *, #3763, .F. ) ;
#73 = DIRECTION ( 'NONE',  ( -1.000000000000000000, -0.0000000000000000000, 0.0000000000000000000 ) ) ;
#74 = PLANE ( 'NONE',  #3451 ) ;
#75 = EDGE_CURVE ( 'NONE', #8416, #6819, #6589, .T. ) ;
#76 = CARTESIAN_POINT ( 'NONE',  ( 0.6350000000000000089, 0.6350000000000000089, 4.900000000000000355 ) ) ;
#77 = SURFACE_STYLE_USAGE ( .BOTH. , #2941 ) ;
#78 = VECTOR ( 'NONE', #6024, 1000.000000000000114 ) ;
#79 = AXIS2_PLACEMENT_3D ( 'NONE', #8495, #1296, #5761 ) ;
#80 = EDGE_CURVE ( 'NONE', #9737, #3039, #8088, .T. ) ;
#81 = ORIENTED_EDGE ( 'NONE', *, *, #5526, .T. ) ;
#82 = CARTESIAN_POINT ( 'NONE',  ( -4.559999999999999609, 3.299999999999999822, 0.3600000000000010414 ) ) ;
#83 = ORIENTED_EDGE ( 'NONE', *, *, #10094, .T. ) ;
#84 = DIRECTION ( 'NONE',  ( -1.953503796022424979E-47, 1.000000000000000000, -9.303908184768099600E-32 ) ) ;
#85 = VECTOR ( 'NONE', #2883, 1000.000000000000000 ) ;
#86 = AXIS2_PLACEMENT_3D ( 'NONE', #4248, #5197, #10732 ) ;
#87 = DIRECTION ( 'NONE',  ( 0.0000000000000000000, -1.000000000000000000, 0.0000000000000000000 ) ) ;
#88 = PLANE ( 'NONE',  #7932 ) ;
#89 = ORIENTED_EDGE ( 'NONE', *, *, #10533, .F. ) ;
#90 = VECTOR ( 'NONE', #6627, 1000.000000000000000 ) ;
#91 = LINE ( 'NONE', #9318, #1902 ) ;
#92 = EDGE_CURVE ( 'NONE', #5072, #2255, #7135, .T. ) ;
#93 = EDGE_LOOP ( 'NONE', ( #7371, #7469, #1144, #9438 ) ) ;
#94 = DIRECTION ( 'NONE',  ( 2.099659365964729900E-16, 9.303908184768099600E-32, 1.000000000000000000 ) ) ;
#95 = LINE ( 'NONE', #9147, #634 ) ;
#96 = EDGE_CURVE ( 'NONE', #2644, #2902, #6176, .T. ) ;
#97 = PLANE ( 'NONE',  #5071 ) ;
#98 = VECTOR ( 'NONE', #644, 1000.000000000000000 ) ;
#99 = VECTOR ( 'NONE', #4799, 1000.000000000000000 ) ;
#100 = DIRECTION ( 'NONE',  ( -2.258754526011467242E-16, -1.000000000000000000, 0.0000000000000000000 ) ) ;
#101 = PLANE ( 'NONE',  #3519 ) ;
#102 = DIRECTION ( 'NONE',  ( 1.000000000000000000, 2.082970027439319880E-16, -1.156280642033610094E-31 ) ) ;
#103 = ORIENTED_EDGE ( 'NONE', *, *, #6583, .F. ) ;
#104 = DIRECTION ( 'NONE',  ( -0.5773502691896298389, 0.5773502691896199579, 0.5773502691896273964 ) ) ;
#105 = CARTESIAN_POINT ( 'NONE',  ( -2.944999999999999840, -3.200000000000000178, 7.543336615067897100E-16 ) ) ;
#106 = CIRCLE ( 'NONE', #2008, 0.02000000000000005246 ) ;
#107 = AXIS2_PLACEMENT_3D ( 'NONE', #10077, #9141, #10255 ) ;
#108 = ORIENTED_EDGE ( 'NONE', *, *, #4518, .F. ) ;
#109 = CARTESIAN_POINT ( 'NONE',  ( -1.905000000000000027, -3.299999999999999822, 0.2300000000000010092 ) ) ;
#110 = EDGE_LOOP ( 'NONE', ( #7381, #251, #9363, #5964, #8608, #3720, #8198, #9107 ) ) ;
#111 = CARTESIAN_POINT ( 'NONE',  ( 1.790000000000000036, -3.250000000000000444, 0.4100000000000009748 ) ) ;
#112 = EDGE_LOOP ( 'NONE', ( #6804, #2864, #160, #10507 ) ) ;
#113 = CIRCLE ( 'NONE', #3162, 0.02000000000000005246 ) ;
#114 = DIRECTION ( 'NONE',  ( -1.953503796022424979E-47, -1.000000000000000000, -9.303908184768099600E-32 ) ) ;
#115 = CARTESIAN_POINT ( 'NONE',  ( -1.675000000000000044, -0.8850000000000000089, 7.632783294297950229E-16 ) ) ;
#116 = EDGE_LOOP ( 'NONE', ( #7973, #4584, #5407, #2193 ) ) ;
#117 = ORIENTED_EDGE ( 'NONE', *, *, #10699, .T. ) ;
#118 = EDGE_LOOP ( 'NONE', ( #2010, #9667, #7998, #3280 ) ) ;
#119 = EDGE_CURVE ( 'NONE', #4931, #5861, #9325, .T. ) ;
#120 = EDGE_CURVE ( 'NONE', #11376, #6053, #2629, .T. ) ;
#121 = PLANE ( 'NONE',  #11049 ) ;
#122 = VECTOR ( 'NONE', #5163, 1000.000000000000000 ) ;
#123 = ORIENTED_EDGE ( 'NONE', *, *, #11424, .T. ) ;
#124 = ORIENTED_EDGE ( 'NONE', *, *, #6115, .T. ) ;
#125 = FACE_OUTER_BOUND ( 'NONE', #6178, .T. ) ;
#126 = VECTOR ( 'NONE', #3310, 1000.000000000000000 ) ;
#127 = DIRECTION ( 'NONE',  ( 0.0000000000000000000, -1.000000000000000000, -0.0000000000000000000 ) ) ;
#128 = DIRECTION ( 'NONE',  ( 0.0000000000000000000, -1.000000000000000000, 0.0000000000000000000 ) ) ;
#129 = LINE ( 'NONE', #3767, #7312 ) ;
#130 = EDGE_CURVE ( 'NONE', #11360, #4438, #9868, .T. ) ;
#131 = CARTESIAN_POINT ( 'NONE',  ( -1.604999999999999982, -2.500000000000000000, 0.2999999999999999889 ) ) ;
#132 = ORIENTED_EDGE ( 'NONE', *, *, #7174, .F. ) ;
#133 = CARTESIAN_POINT ( 'NONE',  ( -5.945000000000000284, -0.4049999999999998601, 0.4800000000000011480 ) ) ;
#134 = EDGE_CURVE ( 'NONE', #9836, #9172, #823, .T. ) ;
#135 = CARTESIAN_POINT ( 'NONE',  ( 5.599999999999999645, 0.8149999999999999467, 4.850000000000000533 ) ) ;
#136 = ORIENTED_EDGE ( 'NONE', *, *, #2430, .T. ) ;
#137 = DIRECTION ( 'NONE',  ( -0.7071067811865441310, 0.7071067811865510144, 4.329780281177489848E-17 ) ) ;
#138 = CYLINDRICAL_SURFACE ( 'NONE', #5711, 0.02000000000000005246 ) ;
#139 = ORIENTED_EDGE ( 'NONE', *, *, #2335, .T. ) ;
#140 = FACE_OUTER_BOUND ( 'NONE', #9346, .T. ) ;
#141 = VECTOR ( 'NONE', #10025, 1000.000000000000000 ) ;
#142 = DIRECTION ( 'NONE',  ( 1.000000000000000000, 0.0000000000000000000, -0.0000000000000000000 ) ) ;
#143 = CARTESIAN_POINT ( 'NONE',  ( 4.214999999999999858, -3.200000000000000178, 0.4600000000000011857 ) ) ;
#144 = DIRECTION ( 'NONE',  ( 1.000000000000000000, 0.0000000000000000000, -2.099659365964729900E-16 ) ) ;
#145 = ADVANCED_FACE ( 'NONE', ( #888 ), #7190, .F. ) ;
#146 = DIRECTION ( 'NONE',  ( 0.5773502691896257311, -0.5773502691896232886, -0.5773502691896282846 ) ) ;
#147 = LINE ( 'NONE', #5682, #8866 ) ;
#148 = VERTEX_POINT ( 'NONE', #10828 ) ;
#149 = DIRECTION ( 'NONE',  ( -0.0000000000000000000, 1.000000000000000000, 8.915067114227699459E-17 ) ) ;
#150 = LINE ( 'NONE', #10140, #7277 ) ;
#151 = VECTOR ( 'NONE', #1635, 1000.000000000000000 ) ;
#152 = LINE ( 'NONE', #11164, #4258 ) ;
#153 = ADVANCED_FACE ( 'NONE', ( #3625 ), #11768, .T. ) ;
#154 = CARTESIAN_POINT ( 'NONE',  ( -1.725000000000000089, -3.250000000000000444, 2.564999999999999947 ) ) ;
#155 = ORIENTED_EDGE ( 'NONE', *, *, #1480, .T. ) ;
#156 = CARTESIAN_POINT ( 'NONE',  ( 1.774999999999999911, -0.7649999999999996803, 4.899999999999999467 ) ) ;
#157 = DIRECTION ( 'NONE',  ( -2.099659365964729900E-16, 9.303908184768099600E-32, -1.000000000000000000 ) ) ;
#158 = EDGE_CURVE ( 'NONE', #1328, #3546, #6292, .T. ) ;
#159 = VECTOR ( 'NONE', #8267, 1000.000000000000000 ) ;
#160 = ORIENTED_EDGE ( 'NONE', *, *, #4280, .F. ) ;
#161 = PLANE ( 'NONE',  #5556 ) ;
#162 = EDGE_LOOP ( 'NONE', ( #5067, #6418, #9706, #10163 ) ) ;
#163 = LINE ( 'NONE', #8085, #2612 ) ;
#164 = DIRECTION ( 'NONE',  ( 0.0000000000000000000, -1.000000000000000000, -0.0000000000000000000 ) ) ;
#165 = ADVANCED_FACE ( 'NONE', ( #1159 ), #3462, .T. ) ;
#166 = LINE ( 'NONE', #3804, #5774 ) ;
#167 = CARTESIAN_POINT ( 'NONE',  ( 5.945000000000000284, 0.8649999999999999911, 0.4600000000000011857 ) ) ;
#168 = ORIENTED_EDGE ( 'NONE', *, *, #2751, .T. ) ;
#169 = ORIENTED_EDGE ( 'NONE', *, *, #760, .F. ) ;
#170 = CARTESIAN_POINT ( 'NONE',  ( -1.774999999999999911, -0.6350000000000000089, 4.900000000000000355 ) ) ;
#171 = ORIENTED_EDGE ( 'NONE', *, *, #62, .T. ) ;
#172 = CARTESIAN_POINT ( 'NONE',  ( -5.584999999999999964, 3.299999999999999378, 2.564999999999999947 ) ) ;
#173 = ORIENTED_EDGE ( 'NONE', *, *, #2267, .F. ) ;
#174 = DIRECTION ( 'NONE',  ( 2.082970027439319880E-16, -1.000000000000000000, 6.123233995736769734E-17 ) ) ;
#175 = ORIENTED_EDGE ( 'NONE', *, *, #217, .F. ) ;
#176 = VECTOR ( 'NONE', #3847, 1000.000000000000000 ) ;
#177 = DIRECTION ( 'NONE',  ( -2.099659365964729900E-16, -9.303908184768099600E-32, -1.000000000000000000 ) ) ;
#178 = EDGE_CURVE ( 'NONE', #7497, #4892, #4579, .T. ) ;
#179 = LINE ( 'NONE', #7556, #1810 ) ;
#180 = CARTESIAN_POINT ( 'NONE',  ( 1.675000000000000044, 0.8650000000000001021, 4.799999999999999822 ) ) ;
#181 = ORIENTED_EDGE ( 'NONE', *, *, #6727, .F. ) ;
#182 = CARTESIAN_POINT ( 'NONE',  ( -5.485000000000000320, -0.4050000000000000266, 4.900000000000000355 ) ) ;
#183 = AXIS2_PLACEMENT_3D ( 'NONE', #7001, #10695, #6332 ) ;
#184 = AXIS2_PLACEMENT_3D ( 'NONE', #9214, #5688, #1058 ) ;
#185 = DIRECTION ( 'NONE',  ( 0.0000000000000000000, 0.7071067811865489050, -0.7071067811865460184 ) ) ;
#186 = LINE ( 'NONE', #9362, #2799 ) ;
#187 = CARTESIAN_POINT ( 'NONE',  ( -3.045000000000000373, 0.7650000000000000133, 4.899999999999999467 ) ) ;
#188 = VERTEX_POINT ( 'NONE', #2060 ) ;
#189 = VECTOR ( 'NONE', #9662, 1000.000000000000000 ) ;
#190 = EDGE_CURVE ( 'NONE', #11738, #7150, #11655, .T. ) ;
#191 = AXIS2_PLACEMENT_3D ( 'NONE', #2661, #3489, #1703 ) ;
#192 = FACE_OUTER_BOUND ( 'NONE', #2, .T. ) ;
#193 = EDGE_LOOP ( 'NONE', ( #3663, #6196, #11131, #6185 ) ) ;
#194 = LINE ( 'NONE', #10129, #4295 ) ;
#195 = FACE_OUTER_BOUND ( 'NONE', #2304, .T. ) ;
#196 = DIRECTION ( 'NONE',  ( 0.0000000000000000000, -0.7071067811865489050, -0.7071067811865460184 ) ) ;
#197 = VERTEX_POINT ( 'NONE', #5510 ) ;
#198 = DIRECTION ( 'NONE',  ( -0.0000000000000000000, -0.0000000000000000000, -1.000000000000000000 ) ) ;
#199 = VECTOR ( 'NONE', #4545, 1000.000000000000114 ) ;
#200 = CARTESIAN_POINT ( 'NONE',  ( -0.3349999999999987987, 2.499999999999998668, 0.2999999999999999889 ) ) ;
#201 = VECTOR ( 'NONE', #1526, 1000.000000000000000 ) ;
#202 = ORIENTED_EDGE ( 'NONE', *, *, #405, .F. ) ;
#203 = DIRECTION ( 'NONE',  ( -1.000000000000000000, 0.0000000000000000000, 0.0000000000000000000 ) ) ;
#204 = EDGE_CURVE ( 'NONE', #3128, #3037, #9791, .T. ) ;
#205 = FACE_OUTER_BOUND ( 'NONE', #5674, .T. ) ;
#206 = CARTESIAN_POINT ( 'NONE',  ( -5.844999999999999751, -0.5050000000000000044, 4.900000000000000355 ) ) ;
#207 = VECTOR ( 'NONE', #8747, 1000.000000000000000 ) ;
#208 = DIRECTION ( 'NONE',  ( -1.953503796022424979E-47, -1.000000000000000000, -9.303908184768099600E-32 ) ) ;
#209 = LINE ( 'NONE', #4740, #11501 ) ;
#210 = DIRECTION ( 'NONE',  ( -1.000000000000000000, -0.0000000000000000000, 0.0000000000000000000 ) ) ;
#211 = DIRECTION ( 'NONE',  ( 1.000000000000000000, 0.0000000000000000000, -0.0000000000000000000 ) ) ;
#212 = LINE ( 'NONE', #9334, #176 ) ;
#213 = ORIENTED_EDGE ( 'NONE', *, *, #2209, .T. ) ;
#214 = CARTESIAN_POINT ( 'NONE',  ( 4.144999999999999574, 2.499999999999999556, 0.5999999999999999778 ) ) ;
#215 = ORIENTED_EDGE ( 'NONE', *, *, #8988, .F. ) ;
#216 = DIRECTION ( 'NONE',  ( 0.0000000000000000000, -0.7071067811865461294, -0.7071067811865490160 ) ) ;
#217 = EDGE_CURVE ( 'NONE', #1854, #1667, #7283, .T. ) ;
#218 = VECTOR ( 'NONE', #3248, 1000.000000000000000 ) ;
#219 = PLANE ( 'NONE',  #5754 ) ;
#220 = EDGE_CURVE ( 'NONE', #1905, #1659, #9031, .T. ) ;
#221 = VERTEX_POINT ( 'NONE', #10810 ) ;
#222 = EDGE_CURVE ( 'NONE', #7653, #9402, #10984, .T. ) ;
#223 = CARTESIAN_POINT ( 'NONE',  ( 8.600000000000363798, 1.650000000038203796, 4.799999999997452527 ) ) ;
#224 = LINE ( 'NONE', #1122, #6833 ) ;
#225 = ORIENTED_EDGE ( 'NONE', *, *, #7083, .T. ) ;
#226 = STYLED_ITEM ( 'NONE', ( #9828 ), #4698 ) ;
#227 = EDGE_LOOP ( 'NONE', ( #4733, #7367, #3563, #774 ) ) ;
#228 = DIRECTION ( 'NONE',  ( 0.0000000000000000000, -0.0000000000000000000, -1.000000000000000000 ) ) ;
#229 = EDGE_LOOP ( 'NONE', ( #108, #3735, #7423, #7310, #7458, #6356, #9686, #2248 ) ) ;
#230 = DIRECTION ( 'NONE',  ( -1.953503796022424979E-47, 1.000000000000000000, -9.303908184768099600E-32 ) ) ;
#231 = CYLINDRICAL_SURFACE ( 'NONE', #801, 0.4800000000000000933 ) ;
#232 = EDGE_LOOP ( 'NONE', ( #11051, #818, #7951, #6552 ) ) ;
#233 = AXIS2_PLACEMENT_3D ( 'NONE', #6175, #8814, #11485 ) ;
#234 = EDGE_CURVE ( 'NONE', #4224, #11583, #806, .T. ) ;
#235 = DIRECTION ( 'NONE',  ( -1.000000000000000000, 2.082970027439319880E-16, 1.156280642033610094E-31 ) ) ;
#236 = ORIENTED_EDGE ( 'NONE', *, *, #1938, .T. ) ;
#237 = DIRECTION ( 'NONE',  ( 1.000000000000000000, 0.0000000000000000000, -2.099659365964729900E-16 ) ) ;
#238 = DIRECTION ( 'NONE',  ( 0.0000000000000000000, 0.0000000000000000000, 1.000000000000000000 ) ) ;
#239 = CARTESIAN_POINT ( 'NONE',  ( 2.134999999999999787, 0.8850000000000000089, 0.4600000000000010747 ) ) ;
#240 = CARTESIAN_POINT ( 'NONE',  ( 4.214999999999998970, -0.4050000000000000266, 4.800000000000000711 ) ) ;
#241 = ORIENTED_EDGE ( 'NONE', *, *, #6971, .F. ) ;
#242 = LINE ( 'NONE', #8220, #4839 ) ;
#243 = VECTOR ( 'NONE', #1108, 1000.000000000000000 ) ;
#244 = DIRECTION ( 'NONE',  ( -0.0000000000000000000, 1.000000000000000000, 0.0000000000000000000 ) ) ;
#245 = PLANE ( 'NONE',  #4868 ) ;
#246 = CARTESIAN_POINT ( 'NONE',  ( -4.675000000000000711, -0.4050000000000000266, 0.4600000000000011857 ) ) ;
#247 = ORIENTED_EDGE ( 'NONE', *, *, #8186, .T. ) ;
#248 = AXIS2_PLACEMENT_3D ( 'NONE', #6863, #4962, #3376 ) ;
#249 = DIRECTION ( 'NONE',  ( 1.000000000000000000, 0.0000000000000000000, -0.0000000000000000000 ) ) ;
#250 = CARTESIAN_POINT ( 'NONE',  ( 5.714999999999999858, 0.8850000000000000089, 0.4800000000000009814 ) ) ;
#251 = ORIENTED_EDGE ( 'NONE', *, *, #7868, .F. ) ;
#252 = PLANE ( 'NONE',  #3353 ) ;
#253 = DIRECTION ( 'NONE',  ( 0.0000000000000000000, 1.000000000000000000, -0.0000000000000000000 ) ) ;
#254 = DIRECTION ( 'NONE',  ( 0.0000000000000000000, -8.915067114227699459E-17, -1.000000000000000000 ) ) ;
#255 = CARTESIAN_POINT ( 'NONE',  ( 3.060000000000000053, 3.299999999999999822, 0.3600000000000010414 ) ) ;
#256 = DIRECTION ( 'NONE',  ( 0.0000000000000000000, -1.000000000000000000, 0.0000000000000000000 ) ) ;
#257 = VECTOR ( 'NONE', #7573, 1000.000000000000000 ) ;
#258 = ADVANCED_FACE ( 'NONE', ( #6152 ), #88, .T. ) ;
#259 = EDGE_CURVE ( 'NONE', #7150, #4471, #865, .T. ) ;
#260 = VECTOR ( 'NONE', #2019, 1000.000000000000000 ) ;
#261 = LINE ( 'NONE', #8530, #9807 ) ;
#262 = EDGE_CURVE ( 'NONE', #9821, #8421, #2784, .T. ) ;
#263 = ORIENTED_EDGE ( 'NONE', *, *, #1091, .T. ) ;
#264 = LINE ( 'NONE', #10315, #11159 ) ;
#265 = LINE ( 'NONE', #8595, #1015 ) ;
#266 = ORIENTED_EDGE ( 'NONE', *, *, #23, .T. ) ;
#267 = PLANE ( 'NONE',  #641 ) ;
#268 = PRESENTATION_LAYER_ASSIGNMENT (  '', '', ( #5410 ) ) ;
#269 = AXIS2_PLACEMENT_3D ( 'NONE', #6376, #9888, #8953 ) ;
#270 = DIRECTION ( 'NONE',  ( 0.0000000000000000000, 0.7071067811865489050, -0.7071067811865460184 ) ) ;
#271 = VERTEX_POINT ( 'NONE', #6396 ) ;
#272 = CARTESIAN_POINT ( 'NONE',  ( 1.790000000000000036, 3.299999999999999822, 0.3600000000000010414 ) ) ;
#273 = CARTESIAN_POINT ( 'NONE',  ( -4.675000000000000711, 0.8850000000000000089, 0.4600000000000010192 ) ) ;
#274 = ADVANCED_FACE ( 'NONE', ( #5280 ), #3493, .F. ) ;
#275 = ORIENTED_EDGE ( 'NONE', *, *, #857, .T. ) ;
#276 = DIRECTION ( 'NONE',  ( -0.7071067811865510144, -0.7071067811865441310, 0.0000000000000000000 ) ) ;
#277 = ORIENTED_EDGE ( 'NONE', *, *, #2610, .T. ) ;
#278 = CARTESIAN_POINT ( 'NONE',  ( -0.5200000000000000178, -0.4550000000000000155, 4.850000000000000533 ) ) ;
#279 = FACE_OUTER_BOUND ( 'NONE', #1889, .T. ) ;
#280 = ORIENTED_EDGE ( 'NONE', *, *, #1250, .F. ) ;
#281 = PLANE ( 'NONE',  #4269 ) ;
#282 = PLANE ( 'NONE',  #8554 ) ;
#283 = VERTEX_POINT ( 'NONE', #4555 ) ;
#284 = AXIS2_PLACEMENT_3D ( 'NONE', #4509, #6283, #5292 ) ;
#285 = VECTOR ( 'NONE', #10226, 1000.000000000000000 ) ;
#286 = ORIENTED_EDGE ( 'NONE', *, *, #5475, .T. ) ;
#287 = DIRECTION ( 'NONE',  ( 0.0000000000000000000, -8.915067114227699459E-17, -1.000000000000000000 ) ) ;
#288 = ORIENTED_EDGE ( 'NONE', *, *, #4099, .T. ) ;
#289 = ADVANCED_FACE ( 'NONE', ( #8005 ), #4433, .T. ) ;
#290 = DIRECTION ( 'NONE',  ( 2.957565607266179811E-16, 0.7071067811865490160, 0.7071067811865461294 ) ) ;
#291 = ORIENTED_EDGE ( 'NONE', *, *, #1768, .F. ) ;
#292 = DIRECTION ( 'NONE',  ( 2.957565607266179811E-16, 0.7071067811865490160, 0.7071067811865461294 ) ) ;
#293 = VECTOR ( 'NONE', #8670, 1000.000000000000000 ) ;
#294 = EDGE_LOOP ( 'NONE', ( #2220, #1046, #5546, #3092 ) ) ;
#295 = CARTESIAN_POINT ( 'NONE',  ( -5.714999999999999858, -0.8850000000000000089, 0.4800000000000009814 ) ) ;
#296 = ORIENTED_EDGE ( 'NONE', *, *, #4990, .F. ) ;
#297 = EDGE_CURVE ( 'NONE', #3591, #7421, #7226, .T. ) ;
#298 = CARTESIAN_POINT ( 'NONE',  ( -2.875000000000000000, -2.499999999999999556, 0.2999999999999999889 ) ) ;
#299 = FILL_AREA_STYLE ('',( #4826 ) ) ;
#300 = VECTOR ( 'NONE', #682, 1000.000000000000000 ) ;
#301 = CARTESIAN_POINT ( 'NONE',  ( -2.205000000000000071, 2.500000000000000000, 0.5999999999999999778 ) ) ;
#302 = EDGE_LOOP ( 'NONE', ( #581, #4345, #6959, #895 ) ) ;
#303 = CARTESIAN_POINT ( 'NONE',  ( 1.675000000000000044, -3.200000000000000178, 0.4600000000000010192 ) ) ;
#304 = EDGE_CURVE ( 'NONE', #2326, #11716, #10867, .T. ) ;
#305 = CARTESIAN_POINT ( 'NONE',  ( -4.214999999999999858, 0.8850000000000000089, 7.632783294297950229E-16 ) ) ;
#306 = VERTEX_POINT ( 'NONE', #2720 ) ;
#307 = DIRECTION ( 'NONE',  ( -0.0000000000000000000, 1.000000000000000000, 0.0000000000000000000 ) ) ;
#308 = VECTOR ( 'NONE', #4088, 1000.000000000000000 ) ;
#309 = EDGE_LOOP ( 'NONE', ( #10058, #11009, #5871, #5895 ) ) ;
#310 = DIRECTION ( 'NONE',  ( 0.7071067811865489050, 0.0000000000000000000, 0.7071067811865460184 ) ) ;
#311 = DIRECTION ( 'NONE',  ( -0.0000000000000000000, -0.0000000000000000000, 1.000000000000000000 ) ) ;
#312 = VERTEX_POINT ( 'NONE', #8065 ) ;
#313 = CARTESIAN_POINT ( 'NONE',  ( 3.405000000000000249, -3.200000000000000178, 4.900000000000000355 ) ) ;
#314 = LINE ( 'NONE', #4001, #1209 ) ;
#315 = CARTESIAN_POINT ( 'NONE',  ( 0.7649999999999997913, 3.299999999999999822, 2.564999999999999947 ) ) ;
#316 = CARTESIAN_POINT ( 'NONE',  ( -2.034999999999999698, -0.7649999999999996803, 4.899999999999999467 ) ) ;
#317 = CLOSED_SHELL ( 'NONE', ( #4637, #7711, #274, #2015, #7963, #5956, #11681, #10641, #11177, #5088, #7003, #4765, #8326, #4668, #1756, #9548, #8829, #8288 ) ) ;
#318 = CARTESIAN_POINT ( 'NONE',  ( 0.5200000000000000178, -0.8149999999999999467, 4.850000000000000533 ) ) ;
#319 = ORIENTED_EDGE ( 'NONE', *, *, #11300, .F. ) ;
#320 = CARTESIAN_POINT ( 'NONE',  ( 4.214999999999999858, 0.8649999999999999911, 4.799999999999999822 ) ) ;
#321 = CARTESIAN_POINT ( 'NONE',  ( -0.5050000000000000044, -0.7649999999999995692, 4.900000000000000355 ) ) ;
#322 = VERTEX_POINT ( 'NONE', #7114 ) ;
#323 = CARTESIAN_POINT ( 'NONE',  ( -2.134999999999999787, -0.4050000000000000266, 4.900000000000000355 ) ) ;
#324 = VECTOR ( 'NONE', #3718, 1000.000000000000000 ) ;
#325 = EDGE_CURVE ( 'NONE', #8066, #1628, #11735, .T. ) ;
#326 = PLANE ( 'NONE',  #2282 ) ;
#327 = ORIENTED_EDGE ( 'NONE', *, *, #3992, .F. ) ;
#328 = EDGE_CURVE ( 'NONE', #5140, #2368, #10751, .T. ) ;
#329 = FACE_OUTER_BOUND ( 'NONE', #6846, .T. ) ;
#330 = PLANE ( 'NONE',  #2557 ) ;
#331 = DIRECTION ( 'NONE',  ( -0.5773502691896235106, -0.5773502691896259531, 0.5773502691896279515 ) ) ;
#332 = ORIENTED_EDGE ( 'NONE', *, *, #10571, .T. ) ;
#333 = ORIENTED_EDGE ( 'NONE', *, *, #1036, .F. ) ;
#334 = MECHANICAL_DESIGN_GEOMETRIC_PRESENTATION_REPRESENTATION (  '', ( #11741 ), #3397 ) ;
#335 = CARTESIAN_POINT ( 'NONE',  ( -5.895000000000000462, -0.5200000000000000178, 4.850000000000000533 ) ) ;
#336 = CARTESIAN_POINT ( 'NONE',  ( -4.675000000000000711, -0.8649999999999999911, 0.4800000000000010369 ) ) ;
#337 = EDGE_LOOP ( 'NONE', ( #9111, #8712, #4596, #1733 ) ) ;
#338 = ADVANCED_FACE ( 'NONE', ( #5335 ), #3549, .T. ) ;
#339 = FACE_OUTER_BOUND ( 'NONE', #9763, .T. ) ;
#340 = DIRECTION ( 'NONE',  ( -1.000000000000000000, 0.0000000000000000000, 2.099659365964729900E-16 ) ) ;
#341 = ORIENTED_EDGE ( 'NONE', *, *, #5104, .T. ) ;
#342 = EDGE_CURVE ( 'NONE', #2217, #1736, #11037, .T. ) ;
#343 = VERTEX_POINT ( 'NONE', #1100 ) ;
#344 =( NAMED_UNIT ( * ) SI_UNIT ( $, .STERADIAN. ) SOLID_ANGLE_UNIT ( ) );
#345 = ORIENTED_EDGE ( 'NONE', *, *, #11632, .F. ) ;
#346 = DIRECTION ( 'NONE',  ( 1.000000000000000000, -1.665334536937729880E-16, 0.0000000000000000000 ) ) ;
#347 = VERTEX_POINT ( 'NONE', #2165 ) ;
#348 = CARTESIAN_POINT ( 'NONE',  ( 3.405000000000000249, -0.8849999999999998979, 8.673617379884035472E-16 ) ) ;
#349 = EDGE_CURVE ( 'NONE', #449, #8070, #3893, .T. ) ;
#350 = ORIENTED_EDGE ( 'NONE', *, *, #6877, .F. ) ;
#351 = VERTEX_POINT ( 'NONE', #143 ) ;
#352 = ADVANCED_FACE ( 'NONE', ( #1992 ), #9372, .T. ) ;
#353 = CARTESIAN_POINT ( 'NONE',  ( -5.485000000000000320, -0.8649999999999999911, 4.900000000000000355 ) ) ;
#354 = PLANE ( 'NONE',  #7883 ) ;
#355 = CARTESIAN_POINT ( 'NONE',  ( -4.675000000000000711, -0.4050000000000000266, 8.673617379884035472E-16 ) ) ;
#356 = LINE ( 'NONE', #11438, #529 ) ;
#357 = ORIENTED_EDGE ( 'NONE', *, *, #10412, .T. ) ;
#358 = DIRECTION ( 'NONE',  ( 0.0000000000000000000, 0.0000000000000000000, 1.000000000000000000 ) ) ;
#359 = FACE_OUTER_BOUND ( 'NONE', #9399, .T. ) ;
#360 = DIRECTION ( 'NONE',  ( -0.0000000000000000000, -0.0000000000000000000, 1.000000000000000000 ) ) ;
#361 = ORIENTED_EDGE ( 'NONE', *, *, #9818, .T. ) ;
#362 = EDGE_CURVE ( 'NONE', #8564, #8169, #2894, .T. ) ;
#363 = ADVANCED_FACE ( 'NONE', ( #6501 ), #4727, .T. ) ;
#364 = AXIS2_PLACEMENT_3D ( 'NONE', #7705, #4082, #3384 ) ;
#365 = FACE_OUTER_BOUND ( 'NONE', #7898, .T. ) ;
#366 = CARTESIAN_POINT ( 'NONE',  ( -6.014999999999999680, -2.499999999999999556, 0.2999999999999999889 ) ) ;
#367 = VERTEX_POINT ( 'NONE', #9198 ) ;
#368 = DIRECTION ( 'NONE',  ( -0.7071067811865489050, 0.0000000000000000000, 0.7071067811865460184 ) ) ;
#369 = CARTESIAN_POINT ( 'NONE',  ( 3.304999999999999716, 0.7500000000000000000, 4.899999999999999467 ) ) ;
#370 = PLANE ( 'NONE',  #3942 ) ;
#371 = DIRECTION ( 'NONE',  ( 1.000000000000000000, -1.665334536937729880E-16, 0.0000000000000000000 ) ) ;
#372 = DIRECTION ( 'NONE',  ( -1.000000000000000000, 0.0000000000000000000, -0.0000000000000000000 ) ) ;
#373 = DIRECTION ( 'NONE',  ( 0.0000000000000000000, -1.000000000000000000, 0.0000000000000000000 ) ) ;
#374 = ORIENTED_EDGE ( 'NONE', *, *, #7316, .F. ) ;
#375 = FACE_OUTER_BOUND ( 'NONE', #10574, .T. ) ;
#376 = EDGE_CURVE ( 'NONE', #7758, #271, #7518, .T. ) ;
#377 = CARTESIAN_POINT ( 'NONE',  ( -4.625000000000000000, -3.250000000000000444, 2.564999999999999947 ) ) ;
#378 = VECTOR ( 'NONE', #10222, 1000.000000000000000 ) ;
#379 = EDGE_LOOP ( 'NONE', ( #9162, #11148, #1655, #6893 ) ) ;
#380 = DIRECTION ( 'NONE',  ( 0.0000000000000000000, 1.000000000000000000, 0.0000000000000000000 ) ) ;
#381 = FACE_OUTER_BOUND ( 'NONE', #3848, .T. ) ;
#382 = EDGE_LOOP ( 'NONE', ( #3598, #6121, #9640, #11243 ) ) ;
#383 = FACE_OUTER_BOUND ( 'NONE', #7795, .T. ) ;
#384 = CARTESIAN_POINT ( 'NONE',  ( -3.405000000000000249, -3.200000000000000178, 8.587107049793113100E-16 ) ) ;
#385 = CARTESIAN_POINT ( 'NONE',  ( 6.014999999999999680, -2.500000000000000000, 0.2999999999999999889 ) ) ;
#386 = AXIS2_PLACEMENT_3D ( 'NONE', #8773, #1322, #11388 ) ;
#387 = LINE ( 'NONE', #4019, #4751 ) ;
#388 = ORIENTED_EDGE ( 'NONE', *, *, #1665, .F. ) ;
#389 = ORIENTED_EDGE ( 'NONE', *, *, #3613, .F. ) ;
#390 = DIRECTION ( 'NONE',  ( 2.099659365964729900E-16, -9.303908184768099600E-32, 1.000000000000000000 ) ) ;
#391 = DIRECTION ( 'NONE',  ( 0.5773502691896296168, -0.5773502691896230665, -0.5773502691896246208 ) ) ;
#393 = EDGE_LOOP ( 'NONE', ( #526, #9579, #4495, #9089 ) ) ;
#392 = ADVANCED_FACE ( 'NONE', ( #7457 ), #370, .T. ) ;
#394 = AXIS2_PLACEMENT_3D ( 'NONE', #6257, #11513, #794 ) ;
#395 = CARTESIAN_POINT ( 'NONE',  ( -2.035000000000000142, -3.299999999999999378, 0.1000000000000010741 ) ) ;
#396 = ORIENTED_EDGE ( 'NONE', *, *, #7030, .F. ) ;
#397 = VERTEX_POINT ( 'NONE', #10131 ) ;
#398 = PLANE ( 'NONE',  #1242 ) ;
#399 = ORIENTED_EDGE ( 'NONE', *, *, #11632, .T. ) ;
#400 = VECTOR ( 'NONE', #5999, 1000.000000000000000 ) ;
#401 = CARTESIAN_POINT ( 'NONE',  ( -4.575000000000000178, 3.299999999999999822, 0.3600000000000010414 ) ) ;
#402 = ORIENTED_EDGE ( 'NONE', *, *, #5415, .T. ) ;
#403 = ADVANCED_FACE ( 'NONE', ( #1045 ), #9427, .T. ) ;
#404 = LINE ( 'NONE', #6774, #5572 ) ;
#405 = EDGE_CURVE ( 'NONE', #1930, #5154, #2951, .T. ) ;
#406 = DIRECTION ( 'NONE',  ( -1.000000000000000000, 0.0000000000000000000, 2.099659365964729900E-16 ) ) ;
#407 = ORIENTED_EDGE ( 'NONE', *, *, #5522, .T. ) ;
#408 = AXIS2_PLACEMENT_3D ( 'NONE', #10856, #5203, #741 ) ;
#409 = DIRECTION ( 'NONE',  ( 0.7071067811865489050, 0.0000000000000000000, -0.7071067811865460184 ) ) ;
#410 = ORIENTED_EDGE ( 'NONE', *, *, #6264, .F. ) ;
#411 = LINE ( 'NONE', #3935, #3518 ) ;
#412 = DIRECTION ( 'NONE',  ( -1.275451288411719683E-32, -6.123233995736769734E-17, 1.000000000000000000 ) ) ;
#413 = LINE ( 'NONE', #6839, #2439 ) ;
#414 = ORIENTED_EDGE ( 'NONE', *, *, #1533, .T. ) ;
#415 = DIRECTION ( 'NONE',  ( -1.000000000000000000, 0.0000000000000000000, -0.0000000000000000000 ) ) ;
#416 = PLANE ( 'NONE',  #10467 ) ;
#417 = ORIENTED_EDGE ( 'NONE', *, *, #10107, .F. ) ;
#418 = LINE ( 'NONE', #4118, #7832 ) ;
#419 = EDGE_CURVE ( 'NONE', #9542, #6681, #4002, .T. ) ;
#420 = ORIENTED_EDGE ( 'NONE', *, *, #7341, .F. ) ;
#421 = CARTESIAN_POINT ( 'NONE',  ( -0.4050000000000000822, -0.8649999999999999911, 4.799999999999999822 ) ) ;
#422 = PRESENTATION_LAYER_ASSIGNMENT (  '', '', ( #621 ) ) ;
#423 = DIRECTION ( 'NONE',  ( 1.000000000000000000, 2.091314696702029574E-16, -2.091314696702020699E-16 ) ) ;
#424 = DIRECTION ( 'NONE',  ( -0.0000000000000000000, -0.0000000000000000000, 1.000000000000000000 ) ) ;
#425 = ORIENTED_EDGE ( 'NONE', *, *, #4189, .T. ) ;
#426 = LINE ( 'NONE', #1203, #10739 ) ;
#427 = CARTESIAN_POINT ( 'NONE',  ( 4.214999999999999858, -0.4050000000000000266, 4.900000000000000355 ) ) ;
#428 = EDGE_CURVE ( 'NONE', #6247, #6916, #4676, .T. ) ;
#429 = PLANE ( 'NONE',  #10166 ) ;
#430 = DIRECTION ( 'NONE',  ( 1.000000000000000000, -2.091314696702029574E-16, -2.091314696702020699E-16 ) ) ;
#431 = DIRECTION ( 'NONE',  ( -1.000000000000000000, 2.082970027439319880E-16, 1.156280642033610094E-31 ) ) ;
#432 = ADVANCED_FACE ( 'NONE', ( #3010 ), #10196, .T. ) ;
#433 = DIRECTION ( 'NONE',  ( -0.7071067811865461294, 0.0000000000000000000, 0.7071067811865490160 ) ) ;
#434 = AXIS2_PLACEMENT_3D ( 'NONE', #6102, #699, #7120 ) ;
#435 = LINE ( 'NONE', #1334, #5383 ) ;
#436 = ORIENTED_EDGE ( 'NONE', *, *, #5715, .F. ) ;
#437 = DIRECTION ( 'NONE',  ( -0.5773502691896251759, -0.5773502691896251759, -0.5773502691896270633 ) ) ;
#438 = DIRECTION ( 'NONE',  ( -1.000000000000000000, -2.082970027439319880E-16, 1.156280642033610094E-31 ) ) ;
#439 = ORIENTED_EDGE ( 'NONE', *, *, #8434, .T. ) ;
#440 = CARTESIAN_POINT ( 'NONE',  ( 5.714999999999999858, 0.6350000000000000089, 4.900000000000000355 ) ) ;
#441 = CIRCLE ( 'NONE', #6150, 0.4800000000000000933 ) ;
#442 = DIRECTION ( 'NONE',  ( 0.0000000000000000000, 0.7071067811865489050, -0.7071067811865460184 ) ) ;
#443 = DIRECTION ( 'NONE',  ( 0.0000000000000000000, -1.000000000000000000, -0.0000000000000000000 ) ) ;
#444 = EDGE_CURVE ( 'NONE', #3878, #11425, #7574, .T. ) ;
#445 = VECTOR ( 'NONE', #6925, 1000.000000000000114 ) ;
#446 = CARTESIAN_POINT ( 'NONE',  ( 4.144999999999999574, 2.500000000000000000, 0.2999999999999999889 ) ) ;
#447 = ORIENTED_EDGE ( 'NONE', *, *, #744, .T. ) ;
#448 = EDGE_CURVE ( 'NONE', #8985, #2434, #1205, .T. ) ;
#449 = VERTEX_POINT ( 'NONE', #3066 ) ;
#450 = LINE ( 'NONE', #3031, #5640 ) ;
#451 = PLANE ( 'NONE',  #10125 ) ;
#452 = ORIENTED_EDGE ( 'NONE', *, *, #10767, .T. ) ;
#453 = CIRCLE ( 'NONE', #2168, 0.4800000000000000933 ) ;
#454 = AXIS2_PLACEMENT_3D ( 'NONE', #8629, #3046, #10291 ) ;
#455 = CARTESIAN_POINT ( 'NONE',  ( 0.7649999999999994582, 0.7500000000000000000, 4.900000000000000355 ) ) ;
#456 = FACE_OUTER_BOUND ( 'NONE', #1351, .T. ) ;
#457 = LINE ( 'NONE', #1416, #8361 ) ;
#458 = ORIENTED_EDGE ( 'NONE', *, *, #8337, .T. ) ;
#459 = ORIENTED_EDGE ( 'NONE', *, *, #10048, .F. ) ;
#460 = CARTESIAN_POINT ( 'NONE',  ( 0.8649999999999999911, 0.8649999999999999911, 8.673617379884035472E-16 ) ) ;
#461 = AXIS2_PLACEMENT_3D ( 'NONE', #4129, #371, #1512 ) ;
#462 = CIRCLE ( 'NONE', #8442, 0.02000000000000005246 ) ;
#463 = ORIENTED_EDGE ( 'NONE', *, *, #4795, .T. ) ;
#464 = VECTOR ( 'NONE', #7943, 1000.000000000000000 ) ;
#465 = CARTESIAN_POINT ( 'NONE',  ( -2.944999999999999840, 3.200000000000000178, 0.4600000000000011302 ) ) ;
#466 = LINE ( 'NONE', #8625, #4038 ) ;
#467 = VERTEX_POINT ( 'NONE', #4896 ) ;
#468 = DIRECTION ( 'NONE',  ( 0.0000000000000000000, 0.7071067811865460184, 0.7071067811865489050 ) ) ;
#469 = EDGE_LOOP ( 'NONE', ( #9241, #7102, #10356, #10182 ) ) ;
#470 = VECTOR ( 'NONE', #5932, 1000.000000000000000 ) ;
#471 = COLOUR_RGB ( '',0.6980392156862744724, 0.5490196078431373028, 0.003921568627450980338 ) ;
#472 = CARTESIAN_POINT ( 'NONE',  ( -0.8649999999999999911, -0.4050000000000000266, 0.4600000000000011857 ) ) ;
#473 = ADVANCED_FACE ( 'NONE', ( #10309 ), #10433, .F. ) ;
#474 = EDGE_LOOP ( 'NONE', ( #10284, #6366, #4981, #5926 ) ) ;
#475 = EDGE_CURVE ( 'NONE', #5540, #6862, #4250, .T. ) ;
#476 = DIRECTION ( 'NONE',  ( 0.5773502691896189587, -0.5773502691896290617, -0.5773502691896290617 ) ) ;
#477 = DIRECTION ( 'NONE',  ( 1.000000000000000000, -2.082970027439319880E-16, 0.0000000000000000000 ) ) ;
#478 = LINE ( 'NONE', #9584, #7942 ) ;
#479 = CARTESIAN_POINT ( 'NONE',  ( 3.405000000000000249, -0.4050000000000000266, 4.799999999999999822 ) ) ;
#480 = DIRECTION ( 'NONE',  ( 0.0000000000000000000, 1.000000000000000000, 0.0000000000000000000 ) ) ;
#481 = VECTOR ( 'NONE', #2121, 1000.000000000000114 ) ;
#482 = VECTOR ( 'NONE', #5796, 1000.000000000000000 ) ;
#483 = DIRECTION ( 'NONE',  ( -1.000000000000000000, -0.0000000000000000000, 2.099659365964729900E-16 ) ) ;
#484 = ORIENTED_EDGE ( 'NONE', *, *, #6842, .F. ) ;
#485 = VECTOR ( 'NONE', #11086, 1000.000000000000000 ) ;
#486 = LINE ( 'NONE', #10369, #5611 ) ;
#487 = ADVANCED_FACE ( 'NONE', ( #10495 ), #3244, .F. ) ;
#488 = CARTESIAN_POINT ( 'NONE',  ( -0.8649999999999999911, -3.200000000000000178, 9.468021314937587425E-16 ) ) ;
#489 = CARTESIAN_POINT ( 'NONE',  ( 3.305000000000000160, -3.299999999999999378, 0.3600000000000009859 ) ) ;
#490 = EDGE_LOOP ( 'NONE', ( #2391, #5449, #2561, #10637 ) ) ;
#491 = LINE ( 'NONE', #1324, #7875 ) ;
#492 = CARTESIAN_POINT ( 'NONE',  ( -2.134999999999999787, 0.4050000000000000266, 4.900000000000000355 ) ) ;
#493 = CARTESIAN_POINT ( 'NONE',  ( -4.315000000000000391, -0.6350000000000000089, 4.900000000000000355 ) ) ;
#494 = CARTESIAN_POINT ( 'NONE',  ( 1.675000000000000044, 3.200000000000000178, 0.4600000000000010192 ) ) ;
#495 = CARTESIAN_POINT ( 'NONE',  ( -5.945000000000000284, -0.8649999999999999911, 4.799999999999999822 ) ) ;
#496 = LINE ( 'NONE', #7750, #1645 ) ;
#497 = DIRECTION ( 'NONE',  ( -0.0000000000000000000, 8.915067114227699459E-17, -1.000000000000000000 ) ) ;
#498 = ORIENTED_EDGE ( 'NONE', *, *, #8304, .T. ) ;
#499 = VECTOR ( 'NONE', #3089, 1000.000000000000000 ) ;
#500 = DIRECTION ( 'NONE',  ( 0.5773502691896249539, 0.5773502691896249539, -0.5773502691896273964 ) ) ;
#501 = ORIENTED_EDGE ( 'NONE', *, *, #6687, .T. ) ;
#502 = UNCERTAINTY_MEASURE_WITH_UNIT (LENGTH_MEASURE( 1.000000000000000082E-05 ), #9232, 'distance_accuracy_value', 'NONE');
#503 = CARTESIAN_POINT ( 'NONE',  ( 5.714999999999999858, 3.299999999999999822, 0.2300000000000010092 ) ) ;
#504 = ORIENTED_EDGE ( 'NONE', *, *, #11395, .T. ) ;
#505 = EDGE_CURVE ( 'NONE', #545, #6287, #1327, .T. ) ;
#506 = CARTESIAN_POINT ( 'NONE',  ( 5.485000000000000320, 0.8850000000000000089, 8.598626602641727024E-16 ) ) ;
#507 = VECTOR ( 'NONE', #2172, 1000.000000000000000 ) ;
#508 = DIRECTION ( 'NONE',  ( 0.7071067811865474617, 0.0000000000000000000, 0.7071067811865474617 ) ) ;
#509 = CARTESIAN_POINT ( 'NONE',  ( -0.8649999999999999911, 0.8649999999999999911, 4.900000000000000355 ) ) ;
#510 = DIRECTION ( 'NONE',  ( -0.0000000000000000000, -1.000000000000000000, -0.0000000000000000000 ) ) ;
#511 = ORIENTED_EDGE ( 'NONE', *, *, #4742, .T. ) ;
#512 = EDGE_LOOP ( 'NONE', ( #10532, #8820, #4423, #1087 ) ) ;
#513 = LINE ( 'NONE', #11353, #122 ) ;
#514 = CARTESIAN_POINT ( 'NONE',  ( 4.214999999999999858, 3.200000000000000178, 0.4600000000000010747 ) ) ;
#515 = ORIENTED_EDGE ( 'NONE', *, *, #4054, .F. ) ;
#516 = ADVANCED_FACE ( 'NONE', ( #3122 ), #6738, .T. ) ;
#517 = FACE_OUTER_BOUND ( 'NONE', #4050, .T. ) ;
#518 = DIRECTION ( 'NONE',  ( -1.000000000000000000, -1.129587379705449996E-16, 0.0000000000000000000 ) ) ;
#519 = ORIENTED_EDGE ( 'NONE', *, *, #6620, .T. ) ;
#520 = EDGE_CURVE ( 'NONE', #11407, #3871, #3181, .T. ) ;
#521 = AXIS2_PLACEMENT_3D ( 'NONE', #7809, #9536, #4128 ) ;
#522 = ORIENTED_EDGE ( 'NONE', *, *, #10957, .T. ) ;
#523 = CARTESIAN_POINT ( 'NONE',  ( -5.584999999999999964, -3.299999999999999822, 0.1000000000000007827 ) ) ;
#524 = CYLINDRICAL_SURFACE ( 'NONE', #6388, 0.4800000000000000933 ) ;
#525 = CARTESIAN_POINT ( 'NONE',  ( -3.305000000000000160, -3.299999999999999378, 0.1000000000000010325 ) ) ;
#526 = ORIENTED_EDGE ( 'NONE', *, *, #10743, .T. ) ;
#527 = EDGE_CURVE ( 'NONE', #3375, #6397, #1569, .T. ) ;
#528 = EDGE_LOOP ( 'NONE', ( #1595, #2405, #5590, #1523 ) ) ;
#529 = VECTOR ( 'NONE', #535, 1000.000000000000000 ) ;
#530 = DIRECTION ( 'NONE',  ( 1.000000000000000000, 0.0000000000000000000, -0.0000000000000000000 ) ) ;
#531 = ORIENTED_EDGE ( 'NONE', *, *, #2468, .T. ) ;
#532 = ORIENTED_EDGE ( 'NONE', *, *, #11109, .F. ) ;
#533 = DIRECTION ( 'NONE',  ( 1.000000000000000000, -2.082970027439319880E-16, -1.156280642033610094E-31 ) ) ;
#534 = LINE ( 'NONE', #937, #10442 ) ;
#535 = DIRECTION ( 'NONE',  ( 1.000000000000000000, -0.0000000000000000000, 0.0000000000000000000 ) ) ;
#536 = EDGE_LOOP ( 'NONE', ( #6996, #4362, #7603, #2292 ) ) ;
#537 = CARTESIAN_POINT ( 'NONE',  ( -5.945000000000000284, -0.4050000000000000266, 4.900000000000000355 ) ) ;
#538 = LINE ( 'NONE', #1314, #6847 ) ;
#539 = SURFACE_SIDE_STYLE ('',( #8705 ) ) ;
#540 = EDGE_CURVE ( 'NONE', #9937, #8785, #612, .T. ) ;
#541 = EDGE_LOOP ( 'NONE', ( #5370, #6431, #9335, #7846 ) ) ;
#542 = FACE_OUTER_BOUND ( 'NONE', #8865, .T. ) ;
#543 = CARTESIAN_POINT ( 'NONE',  ( 0.7500000000000000000, 3.299999999999999822, 0.1000000000000008105 ) ) ;
#544 = CARTESIAN_POINT ( 'NONE',  ( 5.485000000000000320, 0.8649999999999995470, 0.4800000000000012590 ) ) ;
#545 = VERTEX_POINT ( 'NONE', #4185 ) ;
#546 = PLANE ( 'NONE',  #3697 ) ;
#547 = FACE_OUTER_BOUND ( 'NONE', #8932, .T. ) ;
#548 = DIRECTION ( 'NONE',  ( -1.180114444483200076E-18, 0.7071067811865490160, -0.7071067811865461294 ) ) ;
#549 = ORIENTED_EDGE ( 'NONE', *, *, #8958, .T. ) ;
#550 = PLANE ( 'NONE',  #5419 ) ;
#551 = LINE ( 'NONE', #10498, #10261 ) ;
#552 = FACE_OUTER_BOUND ( 'NONE', #5876, .T. ) ;
#553 = CARTESIAN_POINT ( 'NONE',  ( 2.220446049250309925E-15, 2.500000000000000000, 5.200000000000001066 ) ) ;
#554 = ORIENTED_EDGE ( 'NONE', *, *, #7978, .T. ) ;
#555 = DIRECTION ( 'NONE',  ( 0.5773502691896212902, -0.5773502691896280625, 0.5773502691896280625 ) ) ;
#556 = DIRECTION ( 'NONE',  ( 0.7071067811865489050, 0.0000000000000000000, 0.7071067811865460184 ) ) ;
#557 = EDGE_CURVE ( 'NONE', #6158, #693, #4313, .T. ) ;
#558 = ORIENTED_EDGE ( 'NONE', *, *, #5327, .T. ) ;
#559 = AXIS2_PLACEMENT_3D ( 'NONE', #7857, #11497, #10943 ) ;
#560 = CARTESIAN_POINT ( 'NONE',  ( -0.8649999999999999911, -0.4050000000000000266, 4.900000000000000355 ) ) ;
#561 = FACE_OUTER_BOUND ( 'NONE', #977, .T. ) ;
#562 = ORIENTED_EDGE ( 'NONE', *, *, #9505, .F. ) ;
#563 = CARTESIAN_POINT ( 'NONE',  ( -9.000000000002909673, -2.050000000040750781, 5.200000000000000178 ) ) ;
#564 = CARTESIAN_POINT ( 'NONE',  ( -0.8649999999999999911, -0.4050000000000000266, 4.799999999999999822 ) ) ;
#565 = CARTESIAN_POINT ( 'NONE',  ( 2.134999999999999787, 0.8850000000000000089, 0.4800000000000009814 ) ) ;
#566 = ORIENTED_EDGE ( 'NONE', *, *, #6193, .F. ) ;
#567 = EDGE_CURVE ( 'NONE', #8686, #1096, #5139, .T. ) ;
#568 = VECTOR ( 'NONE', #146, 1000.000000000000000 ) ;
#569 = AXIS2_PLACEMENT_3D ( 'NONE', #1540, #11537, #8615 ) ;
#570 = ORIENTED_EDGE ( 'NONE', *, *, #7247, .T. ) ;
#571 = CARTESIAN_POINT ( 'NONE',  ( 4.675000000000000711, -0.4049999999999999156, 4.799999999999999822 ) ) ;
#572 = LINE ( 'NONE', #8925, #5578 ) ;
#573 = ORIENTED_EDGE ( 'NONE', *, *, #75, .F. ) ;
#574 = ADVANCED_FACE ( 'NONE', ( #6794 ), #6915, .F. ) ;
#575 = CARTESIAN_POINT ( 'NONE',  ( -4.144999999999999574, -1.072411553440040056E-16, 0.5999999999999999778 ) ) ;
#576 = DIRECTION ( 'NONE',  ( 1.000000000000000000, 0.0000000000000000000, -2.099659365964729900E-16 ) ) ;
#577 = EDGE_LOOP ( 'NONE', ( #6293, #1007, #10388, #215, #2809, #10197, #832, #10138 ) ) ;
#578 = AXIS2_PLACEMENT_3D ( 'NONE', #11464, #2239, #5153 ) ;
#579 = DIRECTION ( 'NONE',  ( -0.7071067811865461294, 0.0000000000000000000, 0.7071067811865490160 ) ) ;
#580 = EDGE_CURVE ( 'NONE', #10544, #9255, #3575, .T. ) ;
#581 = ORIENTED_EDGE ( 'NONE', *, *, #328, .F. ) ;
#582 = EDGE_CURVE ( 'NONE', #2530, #188, #3362, .T. ) ;
#583 = FACE_OUTER_BOUND ( 'NONE', #9850, .T. ) ;
#584 = VERTEX_POINT ( 'NONE', #7870 ) ;
#585 = CARTESIAN_POINT ( 'NONE',  ( 2.944999999999999840, 0.8650000000000005462, 4.799999999999999822 ) ) ;
#586 = LINE ( 'NONE', #4223, #4239 ) ;
#587 = ADVANCED_FACE ( 'NONE', ( #5079 ), #8716, .T. ) ;
#588 = ORIENTED_EDGE ( 'NONE', *, *, #6776, .T. ) ;
#589 = CARTESIAN_POINT ( 'NONE',  ( -3.405000000000000249, 0.8850000000000000089, 0.4600000000000010192 ) ) ;
#590 = ORIENTED_EDGE ( 'NONE', *, *, #1018, .T. ) ;
#591 = CARTESIAN_POINT ( 'NONE',  ( 2.612972599797700035E-15, 2.500000000000000000, 0.2999999999999999889 ) ) ;
#592 = DIRECTION ( 'NONE',  ( -1.000000000000000000, -0.0000000000000000000, 0.0000000000000000000 ) ) ;
#593 = VERTEX_POINT ( 'NONE', #8776 ) ;
#594 = VECTOR ( 'NONE', #8156, 1000.000000000000000 ) ;
#595 = EDGE_LOOP ( 'NONE', ( #3357, #10352, #5208, #11627 ) ) ;
#596 = DIRECTION ( 'NONE',  ( 0.0000000000000000000, 0.0000000000000000000, 1.000000000000000000 ) ) ;
#597 = CARTESIAN_POINT ( 'NONE',  ( 0.4050000000000000266, -0.4050000000000000266, 4.900000000000000355 ) ) ;
#598 = SURFACE_STYLE_USAGE ( .BOTH. , #6898 ) ;
#599 = ORIENTED_EDGE ( 'NONE', *, *, #2932, .F. ) ;
#600 = EDGE_CURVE ( 'NONE', #5867, #5414, #6980, .T. ) ;
#601 = CARTESIAN_POINT ( 'NONE',  ( 4.745000000000000107, -2.500000000000000000, 0.5999999999999999778 ) ) ;
#602 = LINE ( 'NONE', #7859, #10678 ) ;
#603 = ORIENTED_EDGE ( 'NONE', *, *, #6524, .F. ) ;
#604 = MANIFOLD_SOLID_BREP ( 'Imported7', #1671 ) ;
#605 = AXIS2_PLACEMENT_3D ( 'NONE', #3029, #5644, #276 ) ;
#606 = ORIENTED_EDGE ( 'NONE', *, *, #8334, .F. ) ;
#607 = LINE ( 'NONE', #7031, #6360 ) ;
#608 = CARTESIAN_POINT ( 'NONE',  ( -1.675000000000000044, 0.8850000000000000089, 0.4800000000000009814 ) ) ;
#609 = ORIENTED_EDGE ( 'NONE', *, *, #1080, .F. ) ;
#610 = CARTESIAN_POINT ( 'NONE',  ( -5.599999999999999645, -3.250000000000000444, 0.05000000000000080075 ) ) ;
#611 = DIRECTION ( 'NONE',  ( -1.275451288411719683E-32, -6.123233995736769734E-17, 1.000000000000000000 ) ) ;
#612 = LINE ( 'NONE', #8653, #906 ) ;
#613 = EDGE_LOOP ( 'NONE', ( #11722, #1117, #2137, #7500 ) ) ;
#614 = LINE ( 'NONE', #5319, #850 ) ;
#615 = LINE ( 'NONE', #7873, #9339 ) ;
#616 = CARTESIAN_POINT ( 'NONE',  ( -5.584999999999999964, -0.7649999999999994582, 4.900000000000000355 ) ) ;
#617 = CARTESIAN_POINT ( 'NONE',  ( -0.3350000000000000200, -2.500000000000000000, 0.2999999999999999889 ) ) ;
#618 = ORIENTED_EDGE ( 'NONE', *, *, #6625, .T. ) ;
#619 = CARTESIAN_POINT ( 'NONE',  ( 1.905000000000000027, -2.500000000000000000, 0.5999999999999999778 ) ) ;
#620 = ORIENTED_EDGE ( 'NONE', *, *, #5489, .F. ) ;
#621 = STYLED_ITEM ( 'NONE', ( #2205 ), #4814 ) ;
#622 = DIRECTION ( 'NONE',  ( -0.0000000000000000000, 1.000000000000000000, 0.0000000000000000000 ) ) ;
#623 = LINE ( 'NONE', #7699, #5786 ) ;
#624 = DIRECTION ( 'NONE',  ( 0.0000000000000000000, 8.915067114227699459E-17, 1.000000000000000000 ) ) ;
#625 = ORIENTED_EDGE ( 'NONE', *, *, #134, .F. ) ;
#626 = CARTESIAN_POINT ( 'NONE',  ( -2.134999999999999787, 3.200000000000000178, 4.900000000000000355 ) ) ;
#627 = EDGE_CURVE ( 'NONE', #9817, #20, #6080, .T. ) ;
#628 = PLANE ( 'NONE',  #5797 ) ;
#629 = DIRECTION ( 'NONE',  ( 0.0000000000000000000, 0.0000000000000000000, -1.000000000000000000 ) ) ;
#630 = EDGE_CURVE ( 'NONE', #8893, #7768, #790, .T. ) ;
#631 = EDGE_CURVE ( 'NONE', #3007, #8774, #5437, .T. ) ;
#632 = CARTESIAN_POINT ( 'NONE',  ( -0.4050000000000000266, -0.4050000000000000266, 4.799999999999999822 ) ) ;
#633 = EDGE_LOOP ( 'NONE', ( #5570, #11065, #5579, #56 ) ) ;
#634 = VECTOR ( 'NONE', #3729, 1000.000000000000000 ) ;
#635 = EDGE_LOOP ( 'NONE', ( #4461, #5934, #8911, #8317 ) ) ;
#636 = LINE ( 'NONE', #2306, #11147 ) ;
#637 = CYLINDRICAL_SURFACE ( 'NONE', #4244, 0.02000000000000005246 ) ;
#638 = ORIENTED_EDGE ( 'NONE', *, *, #1213, .T. ) ;
#639 = FACE_OUTER_BOUND ( 'NONE', #4877, .T. ) ;
#640 = AXIS2_PLACEMENT_3D ( 'NONE', #353, #6780, #11540 ) ;
#641 = AXIS2_PLACEMENT_3D ( 'NONE', #323, #2847, #3959 ) ;
#642 = FACE_OUTER_BOUND ( 'NONE', #5498, .T. ) ;
#643 = VERTEX_POINT ( 'NONE', #6381 ) ;
#644 = DIRECTION ( 'NONE',  ( 3.061616997868386716E-17, 3.061616997868399658E-17, -1.000000000000000000 ) ) ;
#645 = ADVANCED_FACE ( 'NONE', ( #1869 ), #5375, .T. ) ;
#646 = MANIFOLD_SOLID_BREP ( 'Imported16', #8699 ) ;
#647 = ORIENTED_EDGE ( 'NONE', *, *, #842, .F. ) ;
#648 = DIRECTION ( 'NONE',  ( -0.7071067811865461294, 0.0000000000000000000, -0.7071067811865490160 ) ) ;
#649 = VECTOR ( 'NONE', #864, 1000.000000000000000 ) ;
#650 = AXIS2_PLACEMENT_3D ( 'NONE', #8455, #3222, #409 ) ;
#651 = FACE_OUTER_BOUND ( 'NONE', #10177, .T. ) ;
#652 = ORIENTED_EDGE ( 'NONE', *, *, #475, .F. ) ;
#653 = CARTESIAN_POINT ( 'NONE',  ( 0.4049999999999998601, -0.8649999999999999911, 4.799999999999999822 ) ) ;
#654 = ORIENTED_EDGE ( 'NONE', *, *, #2523, .T. ) ;
#655 = EDGE_CURVE ( 'NONE', #7785, #3076, #3425, .T. ) ;
#656 = ORIENTED_EDGE ( 'NONE', *, *, #5718, .T. ) ;
#657 = AXIS2_PLACEMENT_3D ( 'NONE', #7211, #11512, #9774 ) ;
#658 = VECTOR ( 'NONE', #9802, 1000.000000000000000 ) ;
#659 = VECTOR ( 'NONE', #6106, 1000.000000000000000 ) ;
#660 = ORIENTED_EDGE ( 'NONE', *, *, #889, .T. ) ;
#661 = FILL_AREA_STYLE ('',( #4356 ) ) ;
#662 = EDGE_CURVE ( 'NONE', #6681, #8692, #7209, .T. ) ;
#663 = CARTESIAN_POINT ( 'NONE',  ( -4.445000000000000284, -0.8649999999999999911, 0.4800000000000009814 ) ) ;
#664 = FACE_OUTER_BOUND ( 'NONE', #4532, .T. ) ;
#665 = ORIENTED_EDGE ( 'NONE', *, *, #9855, .T. ) ;
#666 = DIRECTION ( 'NONE',  ( 0.0000000000000000000, 0.0000000000000000000, 1.000000000000000000 ) ) ;
#667 = ORIENTED_EDGE ( 'NONE', *, *, #5431, .T. ) ;
#668 = VECTOR ( 'NONE', #3420, 1000.000000000000227 ) ;
#669 = VECTOR ( 'NONE', #533, 1000.000000000000000 ) ;
#670 = VECTOR ( 'NONE', #8973, 1000.000000000000114 ) ;
#671 = ORIENTED_EDGE ( 'NONE', *, *, #9326, .T. ) ;
#672 = EDGE_CURVE ( 'NONE', #1769, #8421, #7096, .T. ) ;
#673 = CARTESIAN_POINT ( 'NONE',  ( -1.674999999999999600, 3.200000000000000178, 8.673617379884035472E-16 ) ) ;
#674 = LINE ( 'NONE', #11562, #8264 ) ;
#675 = LINE ( 'NONE', #7927, #3884 ) ;
#676 = VECTOR ( 'NONE', #9136, 1000.000000000000000 ) ;
#677 = VECTOR ( 'NONE', #3686, 1000.000000000000000 ) ;
#678 = LINE ( 'NONE', #10617, #78 ) ;
#679 = VERTEX_POINT ( 'NONE', #9892 ) ;
#680 = PLANE ( 'NONE',  #657 ) ;
#681 = DIRECTION ( 'NONE',  ( 0.7071067811865461294, 0.7071067811865490160, 4.329780281177481220E-17 ) ) ;
#682 = DIRECTION ( 'NONE',  ( 1.000000000000000000, 2.082970027439319880E-16, -1.156280642033610094E-31 ) ) ;
#683 = CARTESIAN_POINT ( 'NONE',  ( -2.944999999999999840, -0.4049999999999996381, 0.4800000000000012590 ) ) ;
#684 = PLANE ( 'NONE',  #1023 ) ;
#685 = AXIS2_PLACEMENT_3D ( 'NONE', #9432, #4681, #5737 ) ;
#686 = EDGE_LOOP ( 'NONE', ( #11006, #1164, #5362, #3620 ) ) ;
#687 = CARTESIAN_POINT ( 'NONE',  ( -2.944999999999999840, 0.8850000000000000089, 7.632783294297950229E-16 ) ) ;
#688 = DIRECTION ( 'NONE',  ( -1.180114444483200076E-18, 0.7071067811865490160, -0.7071067811865461294 ) ) ;
#689 = ORIENTED_EDGE ( 'NONE', *, *, #4703, .T. ) ;
#690 = DIRECTION ( 'NONE',  ( 1.000000000000000000, 0.0000000000000000000, -2.099659365964729900E-16 ) ) ;
#691 = CARTESIAN_POINT ( 'NONE',  ( -4.745000000000000107, 2.500000000000000000, 0.2999999999999999889 ) ) ;
#692 = DIRECTION ( 'NONE',  ( 0.0000000000000000000, 8.915067114227699459E-17, 1.000000000000000000 ) ) ;
#693 = VERTEX_POINT ( 'NONE', #10851 ) ;
#694 = CARTESIAN_POINT ( 'NONE',  ( 5.714999999999999858, -0.6350000000000000089, 4.900000000000000355 ) ) ;
#695 = VECTOR ( 'NONE', #5990, 1000.000000000000227 ) ;
#696 = EDGE_LOOP ( 'NONE', ( #8159, #2775, #7231, #8879 ) ) ;
#697 = ORIENTED_EDGE ( 'NONE', *, *, #4910, .T. ) ;
#698 = LINE ( 'NONE', #7059, #4498 ) ;
#699 = DIRECTION ( 'NONE',  ( -1.000000000000000000, -1.632680918566399891E-16, 0.0000000000000000000 ) ) ;
#700 = VERTEX_POINT ( 'NONE', #2529 ) ;
#701 = EDGE_CURVE ( 'NONE', #7267, #10547, #6312, .T. ) ;
#702 = DIRECTION ( 'NONE',  ( 0.0000000000000000000, -0.7071067811865461294, -0.7071067811865490160 ) ) ;
#703 = CARTESIAN_POINT ( 'NONE',  ( 0.5200000000000000178, 0.8149999999999999467, 4.850000000000000533 ) ) ;
#704 = ORIENTED_EDGE ( 'NONE', *, *, #9022, .F. ) ;
#705 = CARTESIAN_POINT ( 'NONE',  ( -4.445000000000000284, 0.6350000000000000089, 4.900000000000000355 ) ) ;
#706 = VERTEX_POINT ( 'NONE', #7989 ) ;
#707 = CARTESIAN_POINT ( 'NONE',  ( -0.8649999999999999911, 0.8649999999999999911, 4.799999999999999822 ) ) ;
#708 = ORIENTED_EDGE ( 'NONE', *, *, #4500, .F. ) ;
#709 = CLOSED_SHELL ( 'NONE', ( #9460, #3500, #5216, #6239, #6538, #11121, #10703, #4704, #8228, #8474, #5832, #1924, #7207, #10819, #3849, #6403, #8799, #4988 ) ) ;
#710 = PLANE ( 'NONE',  #10953 ) ;
#711 = LINE ( 'NONE', #8994, #9930 ) ;
#712 = ADVANCED_FACE ( 'NONE', ( #7388 ), #11022, .F. ) ;
#713 = ORIENTED_EDGE ( 'NONE', *, *, #4361, .T. ) ;
#714 = ADVANCED_FACE ( 'NONE', ( #2093 ), #5607, .F. ) ;
#715 = FACE_OUTER_BOUND ( 'NONE', #11366, .T. ) ;
#716 = ORIENTED_EDGE ( 'NONE', *, *, #8089, .F. ) ;
#717 = PLANE ( 'NONE',  #8067 ) ;
#718 = VERTEX_POINT ( 'NONE', #11142 ) ;
#719 = AXIS2_PLACEMENT_3D ( 'NONE', #9092, #980, #4616 ) ;
#720 = ORIENTED_EDGE ( 'NONE', *, *, #2070, .T. ) ;
#721 = FACE_OUTER_BOUND ( 'NONE', #8191, .T. ) ;
#722 = FILL_AREA_STYLE_COLOUR ( '', #7382 ) ;
#723 = VERTEX_POINT ( 'NONE', #4602 ) ;
#724 = LINE ( 'NONE', #7921, #2878 ) ;
#725 = ORIENTED_EDGE ( 'NONE', *, *, #4347, .F. ) ;
#726 = ADVANCED_FACE ( 'NONE', ( #8218 ), #6661, .F. ) ;
#727 = DIRECTION ( 'NONE',  ( 0.0000000000000000000, 0.7071067811865461294, -0.7071067811865490160 ) ) ;
#728 = VECTOR ( 'NONE', #10181, 1000.000000000000000 ) ;
#729 = EDGE_CURVE ( 'NONE', #8692, #917, #9301, .T. ) ;
#730 = ORIENTED_EDGE ( 'NONE', *, *, #1988, .F. ) ;
#731 = FACE_OUTER_BOUND ( 'NONE', #6557, .T. ) ;
#732 = CARTESIAN_POINT ( 'NONE',  ( -0.8649999999999999911, -0.8849999999999998979, 9.215718466126787689E-16 ) ) ;
#733 = VECTOR ( 'NONE', #1735, 1000.000000000000000 ) ;
#734 = CARTESIAN_POINT ( 'NONE',  ( 5.485000000000000320, -3.200000000000000622, 0.4600000000000011857 ) ) ;
#735 = CARTESIAN_POINT ( 'NONE',  ( -4.300000000001450218, -1.650000000040749981, 4.799999999999999822 ) ) ;
#736 = ORIENTED_EDGE ( 'NONE', *, *, #9938, .T. ) ;
#737 = CARTESIAN_POINT ( 'NONE',  ( -0.4050000000000000266, -0.4050000000000000266, 4.900000000000000355 ) ) ;
#738 = CARTESIAN_POINT ( 'NONE',  ( 0.4050000000000000266, 0.8850000000000000089, 0.4600000000000010192 ) ) ;
#739 = EDGE_CURVE ( 'NONE', #10538, #8034, #2822, .T. ) ;
#740 = PLANE ( 'NONE',  #5444 ) ;
#741 = DIRECTION ( 'NONE',  ( -0.7071067811865489050, -0.7071067811865460184, 0.0000000000000000000 ) ) ;
#742 = ORIENTED_EDGE ( 'NONE', *, *, #4846, .F. ) ;
#743 = EDGE_CURVE ( 'NONE', #1687, #10842, #9357, .T. ) ;
#744 = EDGE_CURVE ( 'NONE', #6287, #7267, #10237, .T. ) ;
#745 = EDGE_LOOP ( 'NONE', ( #6821, #5022, #7491, #11458 ) ) ;
#746 = MANIFOLD_SOLID_BREP ( 'Imported19', #3928 ) ;
#747 = CARTESIAN_POINT ( 'NONE',  ( -0.8649999999999999911, 0.8649999999999995470, 0.4800000000000011480 ) ) ;
#748 = DIRECTION ( 'NONE',  ( -1.953503796022424979E-47, -1.000000000000000000, -9.303908184768099600E-32 ) ) ;
#749 = ORIENTED_EDGE ( 'NONE', *, *, #4500, .T. ) ;
#750 = DIRECTION ( 'NONE',  ( 0.0000000000000000000, -1.000000000000000000, 0.0000000000000000000 ) ) ;
#751 = DIRECTION ( 'NONE',  ( 0.0000000000000000000, -0.7071067811865461294, 0.7071067811865490160 ) ) ;
#752 = CARTESIAN_POINT ( 'NONE',  ( 0.9350000000000010525, 5.806605777328229749E-16, 0.2999999999999999889 ) ) ;
#753 = ORIENTED_EDGE ( 'NONE', *, *, #3741, .F. ) ;
#754 = DIRECTION ( 'NONE',  ( -0.7071067811865489050, 0.0000000000000000000, -0.7071067811865460184 ) ) ;
#755 = EDGE_CURVE ( 'NONE', #8268, #4863, #7444, .T. ) ;
#756 = ORIENTED_EDGE ( 'NONE', *, *, #10398, .F. ) ;
#757 = CARTESIAN_POINT ( 'NONE',  ( 0.7650000000000000133, -0.6350000000000000089, 4.900000000000000355 ) ) ;
#758 = DIRECTION ( 'NONE',  ( 1.000000000000000000, -0.0000000000000000000, -2.099659365964729900E-16 ) ) ;
#759 = VECTOR ( 'NONE', #8190, 1000.000000000000000 ) ;
#760 = EDGE_CURVE ( 'NONE', #9998, #1179, #11080, .T. ) ;
#761 = DIRECTION ( 'NONE',  ( 0.5773502691896267303, 0.5773502691896242878, 0.5773502691896262862 ) ) ;
#762 = CARTESIAN_POINT ( 'NONE',  ( -1.675000000000000044, 0.4050000000000000266, 4.799999999999999822 ) ) ;
#763 = CARTESIAN_POINT ( 'NONE',  ( 3.290000000000000036, 0.4550000000000000155, 4.850000000000000533 ) ) ;
#764 = EDGE_LOOP ( 'NONE', ( #9679, #11303, #9577, #9979 ) ) ;
#765 = DIRECTION ( 'NONE',  ( -0.5773502691896207351, -0.5773502691896282846, -0.5773502691896282846 ) ) ;
#766 = AXIS2_PLACEMENT_3D ( 'NONE', #10092, #1527, #2363 ) ;
#767 = AXIS2_PLACEMENT_3D ( 'NONE', #6165, #8131, #1836 ) ;
#768 = ORIENTED_EDGE ( 'NONE', *, *, #4512, .F. ) ;
#769 = EDGE_CURVE ( 'NONE', #883, #8165, #3050, .T. ) ;
#770 = LINE ( 'NONE', #5114, #3460 ) ;
#771 = FACE_OUTER_BOUND ( 'NONE', #9557, .T. ) ;
#772 = CARTESIAN_POINT ( 'NONE',  ( 1.905000000000000027, 0.4050000000000000266, 0.4800000000000010369 ) ) ;
#773 = VECTOR ( 'NONE', #7360, 1000.000000000000000 ) ;
#774 = ORIENTED_EDGE ( 'NONE', *, *, #3218, .F. ) ;
#775 = LINE ( 'NONE', #1675, #3873 ) ;
#776 = ORIENTED_EDGE ( 'NONE', *, *, #11111, .T. ) ;
#777 = EDGE_LOOP ( 'NONE', ( #7710, #7061, #868, #5704 ) ) ;
#778 = SURFACE_STYLE_FILL_AREA ( #661 ) ;
#779 = EDGE_CURVE ( 'NONE', #5931, #2874, #5552, .T. ) ;
#780 = ORIENTED_EDGE ( 'NONE', *, *, #3234, .T. ) ;
#781 = ADVANCED_FACE ( 'NONE', ( #4657 ), #8281, .F. ) ;
#782 = VECTOR ( 'NONE', #9952, 1000.000000000000114 ) ;
#783 = EDGE_CURVE ( 'NONE', #2549, #6944, #413, .T. ) ;
#784 = CIRCLE ( 'NONE', #191, 0.02000000000000005246 ) ;
#785 = PLANE ( 'NONE',  #11609 ) ;
#786 =( NAMED_UNIT ( * ) PLANE_ANGLE_UNIT ( ) SI_UNIT ( $, .RADIAN. ) );
#787 = ORIENTED_EDGE ( 'NONE', *, *, #8135, .T. ) ;
#788 = AXIS2_PLACEMENT_3D ( 'NONE', #6111, #648, #9692 ) ;
#789 = LINE ( 'NONE', #10007, #6931 ) ;
#790 = LINE ( 'NONE', #3590, #6606 ) ;
#791 = ORIENTED_EDGE ( 'NONE', *, *, #8784, .F. ) ;
#792 = CARTESIAN_POINT ( 'NONE',  ( 3.475000000000000533, 2.499999999999999556, 0.2999999999999999889 ) ) ;
#793 = ADVANCED_FACE ( 'NONE', ( #4044 ), #6718, .F. ) ;
#794 = DIRECTION ( 'NONE',  ( 1.000000000000000000, 0.0000000000000000000, -2.099659365964729900E-16 ) ) ;
#795 = DIRECTION ( 'NONE',  ( -0.0000000000000000000, 8.915067114227699459E-17, -1.000000000000000000 ) ) ;
#796 = LINE ( 'NONE', #8052, #9352 ) ;
#797 = ORIENTED_EDGE ( 'NONE', *, *, #10548, .T. ) ;
#798 = ORIENTED_EDGE ( 'NONE', *, *, #6877, .T. ) ;
#799 = LINE ( 'NONE', #5209, #8436 ) ;
#800 = EDGE_CURVE ( 'NONE', #3267, #3039, #10360, .T. ) ;
#801 = AXIS2_PLACEMENT_3D ( 'NONE', #7322, #5596, #9173 ) ;
#802 = PLANE ( 'NONE',  #8765 ) ;
#803 = VERTEX_POINT ( 'NONE', #1374 ) ;
#804 = CARTESIAN_POINT ( 'NONE',  ( -0.7649999999999994582, -0.5050000000000000044, 4.900000000000000355 ) ) ;
#805 = CARTESIAN_POINT ( 'NONE',  ( 0.8649999999999999911, -0.8649999999999999911, 4.900000000000000355 ) ) ;
#806 = LINE ( 'NONE', #2665, #8501 ) ;
#807 = ORIENTED_EDGE ( 'NONE', *, *, #5878, .F. ) ;
#808 = EDGE_CURVE ( 'NONE', #347, #6989, #356, .T. ) ;
#809 = PLANE ( 'NONE',  #9500 ) ;
#810 = ORIENTED_EDGE ( 'NONE', *, *, #2160, .F. ) ;
#811 = AXIS2_PLACEMENT_3D ( 'NONE', #9514, #6711, #6887 ) ;
#812 = DIRECTION ( 'NONE',  ( -1.000000000000000000, -0.0000000000000000000, -0.0000000000000000000 ) ) ;
#813 = LINE ( 'NONE', #4565, #4277 ) ;
#814 = CARTESIAN_POINT ( 'NONE',  ( -1.249999999999999778, 2.499999999999999556, 5.200000000000001066 ) ) ;
#815 = ORIENTED_EDGE ( 'NONE', *, *, #3261, .F. ) ;
#816 = AXIS2_PLACEMENT_3D ( 'NONE', #377, #3130, #4068 ) ;
#817 = MANIFOLD_SOLID_BREP ( 'Imported18', #2626 ) ;
#818 = ORIENTED_EDGE ( 'NONE', *, *, #178, .F. ) ;
#819 = FACE_OUTER_BOUND ( 'NONE', #4627, .T. ) ;
#820 = EDGE_LOOP ( 'NONE', ( #7110, #7965, #10801, #4323 ) ) ;
#821 = LINE ( 'NONE', #1002, #5821 ) ;
#822 = FACE_OUTER_BOUND ( 'NONE', #4690, .T. ) ;
#823 = LINE ( 'NONE', #1673, #1857 ) ;
#824 = AXIS2_PLACEMENT_3D ( 'NONE', #8479, #3020, #100 ) ;
#825 = VERTEX_POINT ( 'NONE', #2270 ) ;
#826 = EDGE_CURVE ( 'NONE', #1123, #4211, #4937, .T. ) ;
#827 = DIRECTION ( 'NONE',  ( 0.0000000000000000000, -0.7071067811865461294, 0.7071067811865490160 ) ) ;
#828 = ORIENTED_EDGE ( 'NONE', *, *, #4778, .F. ) ;
#829 = ORIENTED_EDGE ( 'NONE', *, *, #3139, .F. ) ;
#830 = VECTOR ( 'NONE', #1824, 1000.000000000000000 ) ;
#831 = DIRECTION ( 'NONE',  ( 1.000000000000000000, 2.082970027439319880E-16, 0.0000000000000000000 ) ) ;
#832 = ORIENTED_EDGE ( 'NONE', *, *, #2831, .F. ) ;
#833 = VECTOR ( 'NONE', #9506, 1000.000000000000000 ) ;
#834 = DIRECTION ( 'NONE',  ( -1.953503796022424979E-47, 1.000000000000000000, -9.303908184768099600E-32 ) ) ;
#835 = LINE ( 'NONE', #1561, #1555 ) ;
#836 = ORIENTED_EDGE ( 'NONE', *, *, #520, .T. ) ;
#837 = ORIENTED_EDGE ( 'NONE', *, *, #8282, .T. ) ;
#838 = ORIENTED_EDGE ( 'NONE', *, *, #5526, .F. ) ;
#839 = VECTOR ( 'NONE', #11670, 1000.000000000000000 ) ;
#840 = EDGE_CURVE ( 'NONE', #10859, #6462, #10482, .T. ) ;
#841 = VECTOR ( 'NONE', #4521, 1000.000000000000000 ) ;
#842 = EDGE_CURVE ( 'NONE', #11587, #3333, #8635, .T. ) ;
#843 = DIRECTION ( 'NONE',  ( -0.0000000000000000000, 1.000000000000000000, 0.0000000000000000000 ) ) ;
#844 = CARTESIAN_POINT ( 'NONE',  ( 4.745000000000000107, -2.500000000000000000, 0.2999999999999999889 ) ) ;
#845 = DIRECTION ( 'NONE',  ( 0.0000000000000000000, 0.0000000000000000000, 1.000000000000000000 ) ) ;
#846 = CARTESIAN_POINT ( 'NONE',  ( -4.675000000000000711, 0.8850000000000000089, 0.4600000000000010192 ) ) ;
#847 = EDGE_LOOP ( 'NONE', ( #5340, #11487, #11088, #4534 ) ) ;
#848 = DIRECTION ( 'NONE',  ( 0.0000000000000000000, -1.000000000000000000, 0.0000000000000000000 ) ) ;
#849 = DIRECTION ( 'NONE',  ( 3.061616997868386716E-17, 3.061616997868399658E-17, -1.000000000000000000 ) ) ;
#850 = VECTOR ( 'NONE', #5377, 1000.000000000000227 ) ;
#851 = MECHANICAL_DESIGN_GEOMETRIC_PRESENTATION_REPRESENTATION (  '', ( #6169 ), #9974 ) ;
#852 = AXIS2_PLACEMENT_3D ( 'NONE', #9831, #8161, #9 ) ;
#853 = CARTESIAN_POINT ( 'NONE',  ( -0.4049999999999999711, 0.4050000000000000822, 0.4800000000000010369 ) ) ;
#854 = DIRECTION ( 'NONE',  ( -1.000000000000000000, -0.0000000000000000000, 0.0000000000000000000 ) ) ;
#855 = ORIENTED_EDGE ( 'NONE', *, *, #11228, .F. ) ;
#856 = ORIENTED_EDGE ( 'NONE', *, *, #10845, .F. ) ;
#857 = EDGE_CURVE ( 'NONE', #5901, #4229, #478, .T. ) ;
#858 = MANIFOLD_SOLID_BREP ( 'Imported14', #1092 ) ;
#859 = VECTOR ( 'NONE', #4363, 1000.000000000000000 ) ;
#860 = VECTOR ( 'NONE', #6618, 1000.000000000000000 ) ;
#861 = CARTESIAN_POINT ( 'NONE',  ( -9.449999999999999289, 5.806605777328229749E-16, 0.2999999999999999889 ) ) ;
#862 = ORIENTED_EDGE ( 'NONE', *, *, #5393, .T. ) ;
#863 = CARTESIAN_POINT ( 'NONE',  ( 1.675000000000000044, 3.200000000000000178, 6.684615519032471724E-16 ) ) ;
#864 = DIRECTION ( 'NONE',  ( 0.0000000000000000000, 0.0000000000000000000, 1.000000000000000000 ) ) ;
#865 = LINE ( 'NONE', #2607, #9651 ) ;
#866 = ORIENTED_EDGE ( 'NONE', *, *, #5311, .F. ) ;
#867 = CARTESIAN_POINT ( 'NONE',  ( -3.405000000000000249, -3.200000000000000178, 0.4600000000000011857 ) ) ;
#868 = ORIENTED_EDGE ( 'NONE', *, *, #9938, .F. ) ;
#869 = ORIENTED_EDGE ( 'NONE', *, *, #6329, .F. ) ;
#870 = AXIS2_PLACEMENT_3D ( 'NONE', #2892, #2048, #2782 ) ;
#871 = EDGE_CURVE ( 'NONE', #7905, #10500, #1438, .T. ) ;
#872 = PLANE ( 'NONE',  #11084 ) ;
#873 = ADVANCED_FACE ( 'NONE', ( #2692 ), #5307, .T. ) ;
#874 = LINE ( 'NONE', #10939, #4653 ) ;
#875 = CARTESIAN_POINT ( 'NONE',  ( 2.612972599797700035E-15, -2.500000000000000000, 0.2999999999999999889 ) ) ;
#876 = LINE ( 'NONE', #932, #2873 ) ;
#877 = EDGE_LOOP ( 'NONE', ( #3694, #9600, #2948, #3001 ) ) ;
#878 = CARTESIAN_POINT ( 'NONE',  ( -3.305000000000000160, 0.5050000000000005596, 4.900000000000000355 ) ) ;
#879 = VECTOR ( 'NONE', #5441, 1000.000000000000000 ) ;
#880 = CARTESIAN_POINT ( 'NONE',  ( -4.675000000000000711, 0.8649999999999995470, 0.4800000000000012590 ) ) ;
#881 = CARTESIAN_POINT ( 'NONE',  ( 1.675000000000000044, -0.8649999999999999911, 4.900000000000000355 ) ) ;
#882 = ORIENTED_EDGE ( 'NONE', *, *, #51, .F. ) ;
#883 = VERTEX_POINT ( 'NONE', #9705 ) ;
#884 = DIRECTION ( 'NONE',  ( 0.5773502691896189587, -0.5773502691896290617, 0.5773502691896290617 ) ) ;
#885 = EDGE_CURVE ( 'NONE', #11254, #6488, #6187, .T. ) ;
#886 = LINE ( 'NONE', #11060, #10120 ) ;
#887 = AXIS2_PLACEMENT_3D ( 'NONE', #10514, #4151, #5041 ) ;
#888 = FACE_OUTER_BOUND ( 'NONE', #2693, .T. ) ;
#889 = EDGE_CURVE ( 'NONE', #1112, #10062, #5363, .T. ) ;
#890 = LINE ( 'NONE', #3391, #5784 ) ;
#891 = ORIENTED_EDGE ( 'NONE', *, *, #1601, .T. ) ;
#892 = EDGE_CURVE ( 'NONE', #3591, #8113, #7198, .T. ) ;
#893 = PLANE ( 'NONE',  #8244 ) ;
#894 = FACE_OUTER_BOUND ( 'NONE', #6962, .T. ) ;
#895 = ORIENTED_EDGE ( 'NONE', *, *, #10487, .T. ) ;
#896 = ORIENTED_EDGE ( 'NONE', *, *, #8883, .T. ) ;
#897 = VECTOR ( 'NONE', #9816, 1000.000000000000000 ) ;
#898 = SURFACE_SIDE_STYLE ('',( #6300 ) ) ;
#899 = VERTEX_POINT ( 'NONE', #8892 ) ;
#900 = APPLICATION_PROTOCOL_DEFINITION ( 'draft international standard', 'automotive_design', 1998, #1866 ) ;
#901 = LINE ( 'NONE', #1910, #3640 ) ;
#902 = EDGE_CURVE ( 'NONE', #1930, #351, #9757, .T. ) ;
#903 = DIRECTION ( 'NONE',  ( -2.957565607266179811E-16, 0.7071067811865490160, -0.7071067811865461294 ) ) ;
#904 = ORIENTED_EDGE ( 'NONE', *, *, #3329, .T. ) ;
#905 = ORIENTED_EDGE ( 'NONE', *, *, #3924, .T. ) ;
#906 = VECTOR ( 'NONE', #5850, 1000.000000000000000 ) ;
#907 = PLANE ( 'NONE',  #269 ) ;
#908 = CARTESIAN_POINT ( 'NONE',  ( 5.485000000000000320, 3.200000000000000178, 0.4600000000000010747 ) ) ;
#909 = DIRECTION ( 'NONE',  ( 1.000000000000000000, 0.0000000000000000000, -0.0000000000000000000 ) ) ;
#910 =( LENGTH_UNIT ( ) NAMED_UNIT ( * ) SI_UNIT ( .MILLI., .METRE. ) );
#911 = CARTESIAN_POINT ( 'NONE',  ( 2.134999999999999787, -0.8850000000000000089, 7.632783294297950229E-16 ) ) ;
#912 = CARTESIAN_POINT ( 'NONE',  ( 1.675000000000000044, -0.8849999999999998979, 9.215718466126787689E-16 ) ) ;
#913 = VECTOR ( 'NONE', #2471, 1000.000000000000000 ) ;
#914 = LINE ( 'NONE', #3481, #8876 ) ;
#915 = DIRECTION ( 'NONE',  ( -0.0000000000000000000, -1.000000000000000000, -0.0000000000000000000 ) ) ;
#916 = ADVANCED_FACE ( 'NONE', ( #9002 ), #8033, .F. ) ;
#917 = VERTEX_POINT ( 'NONE', #9063 ) ;
#918 = VERTEX_POINT ( 'NONE', #11718 ) ;
#919 = MANIFOLD_SOLID_BREP ( '\X2\04220432043504400434043E0435\X0\ \X2\04420435043B043E\X0\1', #8898 ) ;
#920 = CARTESIAN_POINT ( 'NONE',  ( 4.559999999999999609, -0.4550000000000000155, 4.850000000000000533 ) ) ;
#921 = VERTEX_POINT ( 'NONE', #10894 ) ;
#922 = PLANE ( 'NONE',  #9991 ) ;
#923 = LINE ( 'NONE', #9030, #649 ) ;
#924 = VERTEX_POINT ( 'NONE', #2749 ) ;
#925 = LINE ( 'NONE', #5219, #1720 ) ;
#926 = ADVANCED_FACE ( 'NONE', ( #664 ), #3579, .F. ) ;
#927 = ADVANCED_FACE ( 'NONE', ( #1619 ), #10053, .F. ) ;
#928 = ORIENTED_EDGE ( 'NONE', *, *, #6477, .F. ) ;
#929 = AXIS2_PLACEMENT_3D ( 'NONE', #8997, #8200, #10049 ) ;
#930 = CARTESIAN_POINT ( 'NONE',  ( -2.134999999999999787, -0.4049999999999998601, 0.4800000000000011480 ) ) ;
#931 = CARTESIAN_POINT ( 'NONE',  ( 1.249999999999999334, 2.499999999999998224, 0.2999999999999999889 ) ) ;
#932 = CARTESIAN_POINT ( 'NONE',  ( -2.134999999999999787, -0.8850000000000000089, 0.4600000000000010192 ) ) ;
#933 = ORIENTED_EDGE ( 'NONE', *, *, #7796, .F. ) ;
#934 = CARTESIAN_POINT ( 'NONE',  ( 2.134999999999999787, -3.200000000000000178, 7.475573979287553072E-16 ) ) ;
#935 = CARTESIAN_POINT ( 'NONE',  ( 4.315000000000000391, -0.5200000000000000178, 4.900000000000000355 ) ) ;
#936 = EDGE_CURVE ( 'NONE', #3007, #7972, #9233, .T. ) ;
#937 = CARTESIAN_POINT ( 'NONE',  ( 2.020000000000000018, 3.299999999999999822, 0.1000000000000008105 ) ) ;
#938 = ORIENTED_EDGE ( 'NONE', *, *, #1396, .F. ) ;
#939 = EDGE_CURVE ( 'NONE', #7243, #9379, #1299, .T. ) ;
#940 = DIRECTION ( 'NONE',  ( -1.000000000000000000, -0.0000000000000000000, 0.0000000000000000000 ) ) ;
#941 = ORIENTED_EDGE ( 'NONE', *, *, #10394, .T. ) ;
#942 = CARTESIAN_POINT ( 'NONE',  ( 4.330000000000000071, 0.8149999999999999467, 4.850000000000000533 ) ) ;
#943 = DIRECTION ( 'NONE',  ( 1.000000000000000000, 2.082970027439319880E-16, -1.156280642033610094E-31 ) ) ;
#944 = DIRECTION ( 'NONE',  ( 2.099659365964729900E-16, 9.303908184768099600E-32, 1.000000000000000000 ) ) ;
#945 = ORIENTED_EDGE ( 'NONE', *, *, #6670, .T. ) ;
#946 = VECTOR ( 'NONE', #5692, 1000.000000000000000 ) ;
#947 = PLANE ( 'NONE',  #1879 ) ;
#948 = ORIENTED_EDGE ( 'NONE', *, *, #8450, .T. ) ;
#949 = CARTESIAN_POINT ( 'NONE',  ( 4.675000000000000711, 3.200000000000000178, 0.4600000000000011302 ) ) ;
#950 = EDGE_CURVE ( 'NONE', #11550, #4708, #8607, .T. ) ;
#951 = DIRECTION ( 'NONE',  ( 0.0000000000000000000, -1.000000000000000000, 0.0000000000000000000 ) ) ;
#952 = CARTESIAN_POINT ( 'NONE',  ( -2.134999999999999787, -0.8649999999999999911, 4.900000000000000355 ) ) ;
#953 = ORIENTED_EDGE ( 'NONE', *, *, #7680, .T. ) ;
#954 = CARTESIAN_POINT ( 'NONE',  ( 0.4050000000000000266, 0.8850000000000000089, 8.598626602641726038E-16 ) ) ;
#955 = EDGE_CURVE ( 'NONE', #3647, #8020, #2867, .T. ) ;
#956 = DIRECTION ( 'NONE',  ( 1.275451288411719683E-32, -6.123233995736769734E-17, -1.000000000000000000 ) ) ;
#957 = EDGE_LOOP ( 'NONE', ( #5758, #9270, #1315, #9546 ) ) ;
#958 = CIRCLE ( 'NONE', #7596, 0.4800000000000000933 ) ;
#959 = DIRECTION ( 'NONE',  ( 0.0000000000000000000, 0.7071067811865460184, 0.7071067811865489050 ) ) ;
#960 = AXIS2_PLACEMENT_3D ( 'NONE', #9564, #7066, #518 ) ;
#961 = ORIENTED_EDGE ( 'NONE', *, *, #9869, .F. ) ;
#962 = FACE_OUTER_BOUND ( 'NONE', #5535, .T. ) ;
#963 = ORIENTED_EDGE ( 'NONE', *, *, #1472, .F. ) ;
#964 = CARTESIAN_POINT ( 'NONE',  ( -4.330000000000000071, 3.250000000000000444, 0.05000000000000080075 ) ) ;
#965 = EDGE_CURVE ( 'NONE', #2980, #4260, #10169, .T. ) ;
#966 = CARTESIAN_POINT ( 'NONE',  ( 5.945000000000000284, 3.200000000000000178, 0.4600000000000011302 ) ) ;
#967 = CARTESIAN_POINT ( 'NONE',  ( 1.774999999999999911, 3.299999999999999378, 0.3600000000000010969 ) ) ;
#968 = AXIS2_PLACEMENT_3D ( 'NONE', #4142, #2356, #11406 ) ;
#969 = SURFACE_STYLE_FILL_AREA ( #4478 ) ;
#970 = ORIENTED_EDGE ( 'NONE', *, *, #7512, .T. ) ;
#971 = LINE ( 'NONE', #5609, #11116 ) ;
#972 = EDGE_CURVE ( 'NONE', #6462, #6220, #3862, .T. ) ;
#973 = DIRECTION ( 'NONE',  ( 1.000000000000000000, 1.174839179497520083E-16, 0.0000000000000000000 ) ) ;
#974 = VECTOR ( 'NONE', #2997, 1000.000000000000000 ) ;
#975 = ORIENTED_EDGE ( 'NONE', *, *, #3188, .F. ) ;
#976 = FACE_OUTER_BOUND ( 'NONE', #11547, .T. ) ;
#977 = EDGE_LOOP ( 'NONE', ( #3995, #9773, #6791, #8261 ) ) ;
#978 = CARTESIAN_POINT ( 'NONE',  ( 4.214999999999999858, 3.200000000000000178, 0.4600000000000010192 ) ) ;
#979 = CARTESIAN_POINT ( 'NONE',  ( -4.574999999999999289, -0.7649999999999996803, 4.899999999999999467 ) ) ;
#980 = DIRECTION ( 'NONE',  ( -1.000000000000000000, -2.082970027439319880E-16, 1.156280642033610094E-31 ) ) ;
#981 = EDGE_LOOP ( 'NONE', ( #9921, #10650, #9105, #1953 ) ) ;
#982 = DIRECTION ( 'NONE',  ( -1.000000000000000000, 2.082970027439319880E-16, 1.156280642033610094E-31 ) ) ;
#983 = VECTOR ( 'NONE', #7551, 1000.000000000000000 ) ;
#984 = LINE ( 'NONE', #9261, #3237 ) ;
#985 = ORIENTED_EDGE ( 'NONE', *, *, #2938, .F. ) ;
#986 = CARTESIAN_POINT ( 'NONE',  ( 5.485000000000000320, -0.8850000000000000089, 0.4600000000000010192 ) ) ;
#987 = CIRCLE ( 'NONE', #3277, 0.02000000000000005246 ) ;
#988 = FACE_OUTER_BOUND ( 'NONE', #512, .T. ) ;
#989 = ADVANCED_FACE ( 'NONE', ( #6590 ), #10227, .F. ) ;
#990 = CARTESIAN_POINT ( 'NONE',  ( -5.415000000000000924, -2.500000000000000000, 0.2999999999999999889 ) ) ;
#991 = CARTESIAN_POINT ( 'NONE',  ( -3.405000000000000249, -3.200000000000000178, 0.4600000000000011302 ) ) ;
#992 = VERTEX_POINT ( 'NONE', #1858 ) ;
#993 = EDGE_CURVE ( 'NONE', #1171, #2891, #8205, .T. ) ;
#994 = CARTESIAN_POINT ( 'NONE',  ( 1.675000000000000044, 3.200000000000000178, 4.900000000000000355 ) ) ;
#995 = CARTESIAN_POINT ( 'NONE',  ( -4.445000000000000284, -0.6350000000000000089, 4.900000000000000355 ) ) ;
#996 = MANIFOLD_SOLID_BREP ( 'Imported4', #317 ) ;
#997 = PLANE ( 'NONE',  #3617 ) ;
#998 = ORIENTED_EDGE ( 'NONE', *, *, #5034, .T. ) ;
#999 = AXIS2_PLACEMENT_3D ( 'NONE', #6594, #2028, #7380 ) ;
#1000 = FACE_OUTER_BOUND ( 'NONE', #4446, .T. ) ;
#1001 = ORIENTED_EDGE ( 'NONE', *, *, #4462, .F. ) ;
#1002 = CARTESIAN_POINT ( 'NONE',  ( -0.5050000000000005596, 0.5050000000000000044, 4.900000000000000355 ) ) ;
#1003 = CARTESIAN_POINT ( 'NONE',  ( 4.559999999999999609, -3.250000000000000444, 0.05000000000000080075 ) ) ;
#1004 = AXIS2_PLACEMENT_3D ( 'NONE', #2014, #5647, #8143 ) ;
#1005 = CARTESIAN_POINT ( 'NONE',  ( 1.675000000000000044, 0.4049999999999998601, 4.799999999999999822 ) ) ;
#1006 = PLANE ( 'NONE',  #1530 ) ;
#1007 = ORIENTED_EDGE ( 'NONE', *, *, #8947, .F. ) ;
#1008 = EDGE_CURVE ( 'NONE', #11425, #1704, #4109, .T. ) ;
#1009 = ORIENTED_EDGE ( 'NONE', *, *, #4976, .T. ) ;
#1010 = DIRECTION ( 'NONE',  ( 0.0000000000000000000, -1.000000000000000000, -0.0000000000000000000 ) ) ;
#1011 = ORIENTED_EDGE ( 'NONE', *, *, #2637, .F. ) ;
#1012 = SHAPE_DEFINITION_REPRESENTATION ( #9465, #6788 ) ;
#1013 = CARTESIAN_POINT ( 'NONE',  ( 0.8649999999999999911, -0.4049999999999996381, 0.4800000000000012590 ) ) ;
#1014 = ORIENTED_EDGE ( 'NONE', *, *, #9721, .T. ) ;
#1015 = VECTOR ( 'NONE', #7466, 1000.000000000000000 ) ;
#1016 = LINE ( 'NONE', #9236, #5181 ) ;
#1017 = VERTEX_POINT ( 'NONE', #11375 ) ;
#1018 = EDGE_CURVE ( 'NONE', #11361, #6088, #8819, .T. ) ;
#1019 = ORIENTED_EDGE ( 'NONE', *, *, #6481, .T. ) ;
#1020 = DIRECTION ( 'NONE',  ( -0.7071067811865461294, 0.7071067811865490160, -4.329780281177481220E-17 ) ) ;
#1021 = EDGE_CURVE ( 'NONE', #7595, #10349, #5246, .T. ) ;
#1022 = AXIS2_PLACEMENT_3D ( 'NONE', #9729, #7703, #508 ) ;
#1023 = AXIS2_PLACEMENT_3D ( 'NONE', #6086, #4195, #556 ) ;
#1024 = LINE ( 'NONE', #4998, #8855 ) ;
#1025 = DIRECTION ( 'NONE',  ( 1.000000000000000000, -0.0000000000000000000, -2.099659365964729900E-16 ) ) ;
#1026 = DIRECTION ( 'NONE',  ( 1.000000000000000000, 0.0000000000000000000, -2.099659365964729900E-16 ) ) ;
#1027 = ORIENTED_EDGE ( 'NONE', *, *, #540, .F. ) ;
#1028 = DIRECTION ( 'NONE',  ( 1.000000000000000000, 0.0000000000000000000, -2.099659365964729900E-16 ) ) ;
#1029 = DIRECTION ( 'NONE',  ( -1.000000000000000000, 2.082970027439319880E-16, 1.156280642033610094E-31 ) ) ;
#1030 = DIRECTION ( 'NONE',  ( 0.7071067811865475727, -0.0000000000000000000, 0.7071067811865475727 ) ) ;
#1031 = FILL_AREA_STYLE ('',( #9306 ) ) ;
#1032 = VECTOR ( 'NONE', #2509, 1000.000000000000114 ) ;
#1033 = ADVANCED_FACE ( 'NONE', ( #10537 ), #7971, .T. ) ;
#1034 = VECTOR ( 'NONE', #10114, 1000.000000000000000 ) ;
#1035 = EDGE_LOOP ( 'NONE', ( #9457, #8951, #3815, #10895, #4869, #8593, #7649, #10744 ) ) ;
#1036 = EDGE_CURVE ( 'NONE', #7953, #4429, #2390, .T. ) ;
#1037 = DIRECTION ( 'NONE',  ( 0.0000000000000000000, -1.000000000000000000, 0.0000000000000000000 ) ) ;
#1038 = LINE ( 'NONE', #6611, #8075 ) ;
#1039 = FACE_OUTER_BOUND ( 'NONE', #4819, .T. ) ;
#1040 = ORIENTED_EDGE ( 'NONE', *, *, #5513, .F. ) ;
#1041 = DIRECTION ( 'NONE',  ( 0.7071067811865489050, 0.0000000000000000000, -0.7071067811865460184 ) ) ;
#1042 = AXIS2_PLACEMENT_3D ( 'NONE', #6436, #4716, #11083 ) ;
#1043 = VECTOR ( 'NONE', #2281, 1000.000000000000000 ) ;
#1044 = FACE_OUTER_BOUND ( 'NONE', #3044, .T. ) ;
#1045 = FACE_OUTER_BOUND ( 'NONE', #4057, .T. ) ;
#1046 = ORIENTED_EDGE ( 'NONE', *, *, #8375, .F. ) ;
#1048 = VECTOR ( 'NONE', #3272, 1000.000000000000000 ) ;
#1047 = CARTESIAN_POINT ( 'NONE',  ( -2.944999999999999840, -0.8850000000000000089, 7.632783294297950229E-16 ) ) ;
#1049 = CARTESIAN_POINT ( 'NONE',  ( 1.675000000000000044, 0.8850000000000000089, 0.4800000000000009814 ) ) ;
#1050 = ORIENTED_EDGE ( 'NONE', *, *, #6305, .F. ) ;
#1051 = CARTESIAN_POINT ( 'NONE',  ( -0.6350000000000000089, -0.8850000000000000089, 0.4800000000000009814 ) ) ;
#1052 = ORIENTED_EDGE ( 'NONE', *, *, #4298, .T. ) ;
#1053 = DIRECTION ( 'NONE',  ( 1.000000000000000000, 0.0000000000000000000, -2.099659365964729900E-16 ) ) ;
#1054 = CARTESIAN_POINT ( 'NONE',  ( -2.205000000000000071, -2.499999999999999556, 0.5999999999999999778 ) ) ;
#1055 = VECTOR ( 'NONE', #11422, 1000.000000000000000 ) ;
#1056 = COLOUR_RGB ( '',0.6980392156862744724, 0.5490196078431373028, 0.003921568627450980338 ) ;
#1057 = VECTOR ( 'NONE', #3548, 1000.000000000000000 ) ;
#1058 = DIRECTION ( 'NONE',  ( 0.0000000000000000000, 0.7071067811865460184, 0.7071067811865489050 ) ) ;
#1059 = ORIENTED_EDGE ( 'NONE', *, *, #6524, .T. ) ;
#1060 = DIRECTION ( 'NONE',  ( 0.0000000000000000000, -1.000000000000000000, -0.0000000000000000000 ) ) ;
#1061 = DIRECTION ( 'NONE',  ( 1.000000000000000000, 0.0000000000000000000, 0.0000000000000000000 ) ) ;
#1062 = VECTOR ( 'NONE', #1705, 1000.000000000000114 ) ;
#1063 =( GEOMETRIC_REPRESENTATION_CONTEXT ( 3 ) GLOBAL_UNCERTAINTY_ASSIGNED_CONTEXT ( ( #502 ) ) GLOBAL_UNIT_ASSIGNED_CONTEXT ( ( #9232, #2923, #10168 ) ) REPRESENTATION_CONTEXT ( 'NONE', 'WORKASPACE' ) );
#1064 = ORIENTED_EDGE ( 'NONE', *, *, #10094, .F. ) ;
#1065 = CARTESIAN_POINT ( 'NONE',  ( -1.775000000000000133, 0.5050000000000000044, 4.899999999999999467 ) ) ;
#1066 = ORIENTED_EDGE ( 'NONE', *, *, #1562, .T. ) ;
#1067 = DIRECTION ( 'NONE',  ( -1.000000000000000000, 0.0000000000000000000, -0.0000000000000000000 ) ) ;
#1068 = DIRECTION ( 'NONE',  ( -0.7071067811865510144, -0.7071067811865441310, 0.0000000000000000000 ) ) ;
#1069 = EDGE_CURVE ( 'NONE', #188, #11587, #10598, .T. ) ;
#1070 = VECTOR ( 'NONE', #1457, 1000.000000000000000 ) ;
#1071 = CARTESIAN_POINT ( 'NONE',  ( -0.4050000000000000266, -0.8850000000000000089, 0.4600000000000009082 ) ) ;
#1072 = ORIENTED_EDGE ( 'NONE', *, *, #4366, .T. ) ;
#1073 = VERTEX_POINT ( 'NONE', #5947 ) ;
#1074 = DIRECTION ( 'NONE',  ( -0.0000000000000000000, -0.0000000000000000000, 1.000000000000000000 ) ) ;
#1075 = EDGE_LOOP ( 'NONE', ( #3379, #8664, #168, #4207 ) ) ;
#1076 = FACE_OUTER_BOUND ( 'NONE', #1176, .T. ) ;
#1077 = VECTOR ( 'NONE', #2366, 1000.000000000000114 ) ;
#1078 = ADVANCED_FACE ( 'NONE', ( #9701 ), #11431, .F. ) ;
#1079 = LINE ( 'NONE', #5656, #6118 ) ;
#1080 = EDGE_CURVE ( 'NONE', #7907, #3638, #3573, .T. ) ;
#1081 = ORIENTED_EDGE ( 'NONE', *, *, #10164, .T. ) ;
#1082 = VERTEX_POINT ( 'NONE', #6295 ) ;
#1083 = LINE ( 'NONE', #6266, #2362 ) ;
#1084 = AXIS2_PLACEMENT_3D ( 'NONE', #8694, #3163, #11245 ) ;
#1085 = CARTESIAN_POINT ( 'NONE',  ( 0.7649999999999996803, 3.299999999999999822, 0.3600000000000009304 ) ) ;
#1086 =( LENGTH_UNIT ( ) NAMED_UNIT ( * ) SI_UNIT ( .MILLI., .METRE. ) );
#1087 = ORIENTED_EDGE ( 'NONE', *, *, #779, .F. ) ;
#1088 = DIRECTION ( 'NONE',  ( 1.000000000000000000, 2.349678358995040167E-16, -0.0000000000000000000 ) ) ;
#1089 = PLANE ( 'NONE',  #4390 ) ;
#1090 = DIRECTION ( 'NONE',  ( 0.0000000000000000000, -1.000000000000000000, -0.0000000000000000000 ) ) ;
#1091 = EDGE_CURVE ( 'NONE', #322, #11752, #9165, .T. ) ;
#1092 = CLOSED_SHELL ( 'NONE', ( #873, #6200, #5232, #7625, #10926, #10030, #6454, #11, #3399, #5771, #1913, #8086, #9519, #5218, #8110, #9140, #8896, #7676 ) ) ;
#1093 = ORIENTED_EDGE ( 'NONE', *, *, #10968, .F. ) ;
#1094 = PLANE ( 'NONE',  #4472 ) ;
#1095 = LINE ( 'NONE', #2947, #9515 ) ;
#1096 = VERTEX_POINT ( 'NONE', #1851 ) ;
#1097 = DIRECTION ( 'NONE',  ( 1.000000000000000000, -0.0000000000000000000, -2.099659365964729900E-16 ) ) ;
#1098 = AXIS2_PLACEMENT_3D ( 'NONE', #2837, #9314, #254 ) ;
#1099 = CARTESIAN_POINT ( 'NONE',  ( 3.405000000000000249, 3.200000000000000178, 8.654342674595404720E-16 ) ) ;
#1100 = CARTESIAN_POINT ( 'NONE',  ( -3.405000000000000249, -0.8649999999999999911, 0.4800000000000010369 ) ) ;
#1101 = ADVANCED_FACE ( 'NONE', ( #4404 ), #11008, .T. ) ;
#1102 = VERTEX_POINT ( 'NONE', #5481 ) ;
#1103 = DIRECTION ( 'NONE',  ( 1.000000000000000000, 0.0000000000000000000, -0.0000000000000000000 ) ) ;
#1104 = DIRECTION ( 'NONE',  ( 0.5773502691896189587, -0.5773502691896290617, 0.5773502691896290617 ) ) ;
#1105 = ORIENTED_EDGE ( 'NONE', *, *, #2707, .F. ) ;
#1106 = EDGE_CURVE ( 'NONE', #8069, #6117, #6358, .T. ) ;
#1107 = DIRECTION ( 'NONE',  ( 0.0000000000000000000, 0.0000000000000000000, -1.000000000000000000 ) ) ;
#1108 = DIRECTION ( 'NONE',  ( 1.000000000000000000, -0.0000000000000000000, 0.0000000000000000000 ) ) ;
#1109 = AXIS2_PLACEMENT_3D ( 'NONE', #10970, #9246, #8457 ) ;
#1110 = DIRECTION ( 'NONE',  ( -1.000000000000000000, 2.082970027439319880E-16, 1.156280642033610094E-31 ) ) ;
#1111 = PLANE ( 'NONE',  #4386 ) ;
#1112 = VERTEX_POINT ( 'NONE', #5417 ) ;
#1113 = CARTESIAN_POINT ( 'NONE',  ( 4.214999999999999858, 0.8850000000000000089, 0.4800000000000009814 ) ) ;
#1114 = CARTESIAN_POINT ( 'NONE',  ( -9.000000000002909673, 5.551115123125779744E-16, 5.200000000000001066 ) ) ;
#1115 = ADVANCED_FACE ( 'NONE', ( #9058 ), #4460, .T. ) ;
#1116 = PRESENTATION_LAYER_ASSIGNMENT (  '', '', ( #4722 ) ) ;
#1117 = ORIENTED_EDGE ( 'NONE', *, *, #11179, .T. ) ;
#1118 = DIRECTION ( 'NONE',  ( -1.000000000000000000, 2.082970027439319880E-16, 1.156280642033610094E-31 ) ) ;
#1119 = ORIENTED_EDGE ( 'NONE', *, *, #9308, .T. ) ;
#1120 = DIRECTION ( 'NONE',  ( 1.000000000000000000, 0.0000000000000000000, -2.099659365964729900E-16 ) ) ;
#1121 = CARTESIAN_POINT ( 'NONE',  ( 1.250000000000000000, 1.649999999999999911, 2.100000000000000089 ) ) ;
#1122 = CARTESIAN_POINT ( 'NONE',  ( -1.905000000000000027, 0.7650000000000000133, 4.900000000000000355 ) ) ;
#1123 = VERTEX_POINT ( 'NONE', #8260 ) ;
#1124 = ORIENTED_EDGE ( 'NONE', *, *, #5841, .F. ) ;
#1125 = FILL_AREA_STYLE ('',( #11186 ) ) ;
#1126 = ORIENTED_EDGE ( 'NONE', *, *, #3302, .T. ) ;
#1127 = LINE ( 'NONE', #1963, #8386 ) ;
#1128 = CARTESIAN_POINT ( 'NONE',  ( -5.945000000000000284, 0.8850000000000000089, 8.598626602641727024E-16 ) ) ;
#1129 = ORIENTED_EDGE ( 'NONE', *, *, #2379, .F. ) ;
#1130 = VECTOR ( 'NONE', #10391, 1000.000000000000000 ) ;
#1131 = CARTESIAN_POINT ( 'NONE',  ( 4.214999999999999858, -0.4050000000000000266, 4.799999999999999822 ) ) ;
#1132 = ORIENTED_EDGE ( 'NONE', *, *, #7050, .T. ) ;
#1133 = ADVANCED_FACE ( 'NONE', ( #2863 ), #5534, .T. ) ;
#1134 = ADVANCED_FACE ( 'NONE', ( #894 ), #9112, .F. ) ;
#1135 = CARTESIAN_POINT ( 'NONE',  ( -4.214999999999999858, 0.8649999999999999911, 4.900000000000000355 ) ) ;
#1136 = ADVANCED_FACE ( 'NONE', ( #3516 ), #947, .T. ) ;
#1137 = CARTESIAN_POINT ( 'NONE',  ( 2.020000000000000018, 3.250000000000000444, 0.05000000000000080075 ) ) ;
#1138 = DIRECTION ( 'NONE',  ( 0.5773502691896296168, -0.5773502691896230665, 0.5773502691896246208 ) ) ;
#1139 = CARTESIAN_POINT ( 'NONE',  ( -4.144999999999999574, -2.500000000000000000, 0.2999999999999999889 ) ) ;
#1140 = CIRCLE ( 'NONE', #9323, 0.02000000000000005246 ) ;
#1141 = VECTOR ( 'NONE', #11123, 1000.000000000000000 ) ;
#1142 = CARTESIAN_POINT ( 'NONE',  ( 0.7500000000000000000, -0.4550000000000000155, 4.850000000000000533 ) ) ;
#1143 = FACE_OUTER_BOUND ( 'NONE', #7578, .T. ) ;
#1144 = ORIENTED_EDGE ( 'NONE', *, *, #9916, .F. ) ;
#1145 = AXIS2_PLACEMENT_3D ( 'NONE', #250, #4672, #1931 ) ;
#1146 = DIRECTION ( 'NONE',  ( 0.7071067811865461294, 0.7071067811865490160, 4.329780281177481220E-17 ) ) ;
#1147 = PLANE ( 'NONE',  #3252 ) ;
#1148 = ORIENTED_EDGE ( 'NONE', *, *, #4430, .T. ) ;
#1149 = EDGE_CURVE ( 'NONE', #4697, #11559, #11659, .T. ) ;
#1150 = DIRECTION ( 'NONE',  ( -0.7071067811865489050, -0.7071067811865460184, 0.0000000000000000000 ) ) ;
#1151 = DIRECTION ( 'NONE',  ( 0.0000000000000000000, 0.0000000000000000000, -1.000000000000000000 ) ) ;
#1152 = DIRECTION ( 'NONE',  ( 1.000000000000000000, 0.0000000000000000000, 0.0000000000000000000 ) ) ;
#1153 = ORIENTED_EDGE ( 'NONE', *, *, #3879, .F. ) ;
#1154 = CARTESIAN_POINT ( 'NONE',  ( 3.354999999999999982, -3.250000000000000444, 2.564999999999999947 ) ) ;
#1155 = VECTOR ( 'NONE', #8529, 1000.000000000000000 ) ;
#1156 = PLANE ( 'NONE',  #10364 ) ;
#1157 = ORIENTED_EDGE ( 'NONE', *, *, #7555, .T. ) ;
#1158 = CARTESIAN_POINT ( 'NONE',  ( -1.775000000000000133, 0.7500000000000000000, 4.899999999999999467 ) ) ;
#1159 = FACE_OUTER_BOUND ( 'NONE', #5904, .T. ) ;
#1160 = EDGE_CURVE ( 'NONE', #6188, #9203, #11714, .T. ) ;
#1161 = FACE_OUTER_BOUND ( 'NONE', #8971, .T. ) ;
#1162 = VECTOR ( 'NONE', #9745, 1000.000000000000000 ) ;
#1163 = DIRECTION ( 'NONE',  ( -0.7071067811865461294, 0.0000000000000000000, -0.7071067811865490160 ) ) ;
#1164 = ORIENTED_EDGE ( 'NONE', *, *, #8638, .T. ) ;
#1165 = EDGE_CURVE ( 'NONE', #7858, #3240, #8939, .T. ) ;
#1166 = DIRECTION ( 'NONE',  ( 0.0000000000000000000, 1.000000000000000000, -0.0000000000000000000 ) ) ;
#1167 = LINE ( 'NONE', #5641, #99 ) ;
#1168 = CARTESIAN_POINT ( 'NONE',  ( 5.945000000000000284, 0.8649999999999999911, 4.900000000000000355 ) ) ;
#1169 = DIRECTION ( 'NONE',  ( 0.0000000000000000000, -1.000000000000000000, 8.915067114227699459E-17 ) ) ;
#1170 = ORIENTED_EDGE ( 'NONE', *, *, #5475, .F. ) ;
#1171 = VERTEX_POINT ( 'NONE', #55 ) ;
#1172 = PLANE ( 'NONE',  #9626 ) ;
#1173 = VECTOR ( 'NONE', #10680, 1000.000000000000000 ) ;
#1174 = CARTESIAN_POINT ( 'NONE',  ( -5.485000000000000320, 0.8649999999999999911, 0.4600000000000011857 ) ) ;
#1175 = ADVANCED_FACE ( 'NONE', ( #6419 ), #3628, .T. ) ;
#1176 = EDGE_LOOP ( 'NONE', ( #5494, #7632, #7763, #4764 ) ) ;
#1177 = PLANE ( 'NONE',  #1210 ) ;
#1178 = LINE ( 'NONE', #8380, #8172 ) ;
#1179 = VERTEX_POINT ( 'NONE', #11771 ) ;
#1180 = ADVANCED_FACE ( 'NONE', ( #2808 ), #1006, .T. ) ;
#1181 = ORIENTED_EDGE ( 'NONE', *, *, #1974, .F. ) ;
#1182 = CARTESIAN_POINT ( 'NONE',  ( -1.675000000000000044, 0.4050000000000000266, 4.900000000000000355 ) ) ;
#1183 = VERTEX_POINT ( 'NONE', #8322 ) ;
#1184 = LINE ( 'NONE', #9404, #6103 ) ;
#1185 = ORIENTED_EDGE ( 'NONE', *, *, #6927, .F. ) ;
#1186 = EDGE_CURVE ( 'NONE', #306, #322, #6586, .T. ) ;
#1187 = AXIS2_PLACEMENT_3D ( 'NONE', #5530, #9988, #1068 ) ;
#1188 = DIRECTION ( 'NONE',  ( -0.0000000000000000000, -1.000000000000000000, -0.0000000000000000000 ) ) ;
#1189 = DIRECTION ( 'NONE',  ( 0.0000000000000000000, 8.915067114227699459E-17, 1.000000000000000000 ) ) ;
#1190 = CARTESIAN_POINT ( 'NONE',  ( 2.944999999999999840, -0.4050000000000000266, 4.799999999999999822 ) ) ;
#1191 = DIRECTION ( 'NONE',  ( -0.0000000000000000000, 1.000000000000000000, 0.0000000000000000000 ) ) ;
#1192 = ORIENTED_EDGE ( 'NONE', *, *, #4636, .F. ) ;
#1193 = PLANE ( 'NONE',  #4832 ) ;
#1194 = VECTOR ( 'NONE', #9267, 1000.000000000000000 ) ;
#1195 = FACE_OUTER_BOUND ( 'NONE', #8249, .T. ) ;
#1196 = CARTESIAN_POINT ( 'NONE',  ( -5.485000000000000320, -0.4049999999999996381, 0.4800000000000011480 ) ) ;
#1197 = EDGE_CURVE ( 'NONE', #10829, #11707, #224, .T. ) ;
#1198 = EDGE_CURVE ( 'NONE', #9278, #9252, #10282, .T. ) ;
#1199 = ORIENTED_EDGE ( 'NONE', *, *, #972, .T. ) ;
#1200 = AXIS2_PLACEMENT_3D ( 'NONE', #8723, #10570, #9665 ) ;
#1201 = CARTESIAN_POINT ( 'NONE',  ( -5.895000000000000462, 0.5200000000000000178, 4.850000000000000533 ) ) ;
#1202 = VERTEX_POINT ( 'NONE', #1071 ) ;
#1203 = CARTESIAN_POINT ( 'NONE',  ( 4.315000000000000391, 0.5050000000000005596, 4.900000000000000355 ) ) ;
#1204 = CARTESIAN_POINT ( 'NONE',  ( -2.944999999999999840, -0.8649999999999999911, 4.799999999999999822 ) ) ;
#1205 = LINE ( 'NONE', #315, #3191 ) ;
#1206 = VERTEX_POINT ( 'NONE', #6704 ) ;
#1207 = LINE ( 'NONE', #4842, #10757 ) ;
#1208 = CARTESIAN_POINT ( 'NONE',  ( -5.485000000000000320, 0.8649999999999999911, 4.799999999999999822 ) ) ;
#1209 = VECTOR ( 'NONE', #1991, 1000.000000000000000 ) ;
#1210 = AXIS2_PLACEMENT_3D ( 'NONE', #2195, #5822, #7651 ) ;
#1211 = FACE_OUTER_BOUND ( 'NONE', #1740, .T. ) ;
#1212 = ORIENTED_EDGE ( 'NONE', *, *, #2091, .T. ) ;
#1213 = EDGE_CURVE ( 'NONE', #1183, #3878, #5762, .T. ) ;
#1214 = LINE ( 'NONE', #2903, #9452 ) ;
#1215 = DIRECTION ( 'NONE',  ( 7.987388961324640292E-17, -0.7071067811865480168, 0.7071067811865470176 ) ) ;
#1216 = EDGE_CURVE ( 'NONE', #7142, #4677, #4753, .T. ) ;
#1217 = ORIENTED_EDGE ( 'NONE', *, *, #8836, .F. ) ;
#1218 = LINE ( 'NONE', #9381, #9574 ) ;
#1219 = VECTOR ( 'NONE', #16, 1000.000000000000000 ) ;
#1220 = AXIS2_PLACEMENT_3D ( 'NONE', #4838, #2225, #4950 ) ;
#1221 = AXIS2_PLACEMENT_3D ( 'NONE', #11204, #1146, #11150 ) ;
#1222 = CARTESIAN_POINT ( 'NONE',  ( 4.214999999999999858, -3.200000000000000178, 8.349937824561909005E-16 ) ) ;
#1223 = ORIENTED_EDGE ( 'NONE', *, *, #5480, .T. ) ;
#1224 = CARTESIAN_POINT ( 'NONE',  ( -0.4050000000000000266, 0.8649999999999999911, 4.900000000000000355 ) ) ;
#1225 = CARTESIAN_POINT ( 'NONE',  ( -4.214999999999999858, -0.8849999999999998979, 8.673617379884035472E-16 ) ) ;
#1226 = CARTESIAN_POINT ( 'NONE',  ( -1.675000000000000044, 0.8649999999999998801, 4.799999999999999822 ) ) ;
#1227 = ORIENTED_EDGE ( 'NONE', *, *, #2794, .T. ) ;
#1228 = EDGE_CURVE ( 'NONE', #9388, #2188, #11064, .T. ) ;
#1229 = ORIENTED_EDGE ( 'NONE', *, *, #75, .T. ) ;
#1230 = AXIS2_PLACEMENT_3D ( 'NONE', #2198, #5825, #9741 ) ;
#1231 = PRESENTATION_LAYER_ASSIGNMENT (  '', '', ( #6169 ) ) ;
#1232 = DIRECTION ( 'NONE',  ( -1.000000000000000000, 0.0000000000000000000, -0.0000000000000000000 ) ) ;
#1233 = VECTOR ( 'NONE', #10847, 1000.000000000000000 ) ;
#1234 = CARTESIAN_POINT ( 'NONE',  ( 4.675000000000000711, -0.8850000000000000089, 0.4600000000000009082 ) ) ;
#1235 = ORIENTED_EDGE ( 'NONE', *, *, #7182, .F. ) ;
#1236 = EDGE_CURVE ( 'NONE', #4429, #1887, #1178, .T. ) ;
#1237 = VERTEX_POINT ( 'NONE', #3805 ) ;
#1238 = CARTESIAN_POINT ( 'NONE',  ( 5.714999999999999858, 0.8850000000000000089, 0.4600000000000009637 ) ) ;
#1239 = CARTESIAN_POINT ( 'NONE',  ( 2.134999999999999787, -0.8849999999999998979, 8.673617379884035472E-16 ) ) ;
#1240 = EDGE_LOOP ( 'NONE', ( #6896, #9206, #6894, #938 ) ) ;
#1241 = VECTOR ( 'NONE', #2835, 999.9999999999998863 ) ;
#1242 = AXIS2_PLACEMENT_3D ( 'NONE', #11299, #10343, #8618 ) ;
#1243 = ORIENTED_EDGE ( 'NONE', *, *, #3641, .T. ) ;
#1244 =( NAMED_UNIT ( * ) PLANE_ANGLE_UNIT ( ) SI_UNIT ( $, .RADIAN. ) );
#1245 = ORIENTED_EDGE ( 'NONE', *, *, #5061, .T. ) ;
#1246 = EDGE_CURVE ( 'NONE', #6445, #1237, #3974, .T. ) ;
#1247 = CARTESIAN_POINT ( 'NONE',  ( -2.875000000000000000, -2.500000000000000000, 0.2999999999999999889 ) ) ;
#1248 =( NAMED_UNIT ( * ) SI_UNIT ( $, .STERADIAN. ) SOLID_ANGLE_UNIT ( ) );
#1249 = EDGE_CURVE ( 'NONE', #3039, #221, #1335, .T. ) ;
#1250 = EDGE_CURVE ( 'NONE', #6033, #1082, #3035, .T. ) ;
#1251 = VECTOR ( 'NONE', #6809, 1000.000000000000000 ) ;
#1252 = PLANE ( 'NONE',  #1084 ) ;
#1253 = ORIENTED_EDGE ( 'NONE', *, *, #7149, .T. ) ;
#1254 = EDGE_LOOP ( 'NONE', ( #10763, #4358, #1019, #5113 ) ) ;
#1255 = FILL_AREA_STYLE_COLOUR ( '', #11310 ) ;
#1256 = DIRECTION ( 'NONE',  ( -1.000000000000000000, 2.082970027439319880E-16, 1.156280642033610094E-31 ) ) ;
#1257 = DIRECTION ( 'NONE',  ( -1.000000000000000000, 2.082970027439319880E-16, 1.156280642033610094E-31 ) ) ;
#1258 = ADVANCED_FACE ( 'NONE', ( #2020 ), #10401, .T. ) ;
#1259 = CARTESIAN_POINT ( 'NONE',  ( 0.5050000000000005596, -0.5200000000000000178, 4.900000000000000355 ) ) ;
#1260 = AXIS2_PLACEMENT_3D ( 'NONE', #942, #5582, #1725 ) ;
#1261 = ORIENTED_EDGE ( 'NONE', *, *, #11573, .F. ) ;
#1262 = CARTESIAN_POINT ( 'NONE',  ( 1.250000000000000000, 1.649999999999999911, 2.100000000000000089 ) ) ;
#1263 = LINE ( 'NONE', #7678, #2302 ) ;
#1264 = ORIENTED_EDGE ( 'NONE', *, *, #783, .F. ) ;
#1265 = CARTESIAN_POINT ( 'NONE',  ( 4.264999999999999680, 0.5200000000000000178, 4.850000000000000533 ) ) ;
#1266 = CARTESIAN_POINT ( 'NONE',  ( 3.305000000000000160, 0.7650000000000000133, 4.899999999999999467 ) ) ;
#1267 = CARTESIAN_POINT ( 'NONE',  ( -5.535000000000000142, 0.7500000000000000000, 4.850000000000000533 ) ) ;
#1268 = CARTESIAN_POINT ( 'NONE',  ( 4.214999999999999858, -0.8850000000000000089, 0.4800000000000009814 ) ) ;
#1269 = EDGE_CURVE ( 'NONE', #7599, #2296, #4812, .T. ) ;
#1270 = CARTESIAN_POINT ( 'NONE',  ( 0.4050000000000000266, 0.8649999999999995470, 0.4800000000000011480 ) ) ;
#1271 = STYLED_ITEM ( 'NONE', ( #5366 ), #6788 ) ;
#1272 = VECTOR ( 'NONE', #6775, 1000.000000000000000 ) ;
#1273 = FACE_OUTER_BOUND ( 'NONE', #5840, .T. ) ;
#1274 = VERTEX_POINT ( 'NONE', #1239 ) ;
#1275 = LINE ( 'NONE', #320, #507 ) ;
#1276 = DIRECTION ( 'NONE',  ( -2.099659365964729900E-16, -9.303908184768099600E-32, -1.000000000000000000 ) ) ;
#1277 = ORIENTED_EDGE ( 'NONE', *, *, #3994, .T. ) ;
#1278 = DIRECTION ( 'NONE',  ( -0.0000000000000000000, 1.000000000000000000, 0.0000000000000000000 ) ) ;
#1279 = AXIS2_PLACEMENT_3D ( 'NONE', #3680, #2683, #9989 ) ;
#1280 = LINE ( 'NONE', #4855, #8950 ) ;
#1281 = ORIENTED_EDGE ( 'NONE', *, *, #7606, .T. ) ;
#1282 = CARTESIAN_POINT ( 'NONE',  ( -0.4050000000000000266, 0.8850000000000000089, 0.4600000000000010747 ) ) ;
#1283 = ADVANCED_FACE ( 'NONE', ( #8438 ), #282, .F. ) ;
#1284 = CARTESIAN_POINT ( 'NONE',  ( 2.020000000000000018, -0.4550000000000000155, 4.850000000000000533 ) ) ;
#1285 = DIRECTION ( 'NONE',  ( -1.000000000000000000, 0.0000000000000000000, 2.099659365964729900E-16 ) ) ;
#1286 = EDGE_CURVE ( 'NONE', #1694, #8061, #5587, .T. ) ;
#1287 = EDGE_CURVE ( 'NONE', #7730, #7263, #4922, .T. ) ;
#1288 = CARTESIAN_POINT ( 'NONE',  ( -1.675000000000000044, 0.8649999999999999911, 4.799999999999999822 ) ) ;
#1289 = VERTEX_POINT ( 'NONE', #395 ) ;
#1290 = ORIENTED_EDGE ( 'NONE', *, *, #7594, .T. ) ;
#1291 =( GEOMETRIC_REPRESENTATION_CONTEXT ( 3 ) GLOBAL_UNCERTAINTY_ASSIGNED_CONTEXT ( ( #6569 ) ) GLOBAL_UNIT_ASSIGNED_CONTEXT ( ( #10418, #10604, #1312 ) ) REPRESENTATION_CONTEXT ( 'NONE', 'WORKASPACE' ) );
#1292 = CARTESIAN_POINT ( 'NONE',  ( 5.945000000000000284, 0.8649999999999999911, 4.799999999999999822 ) ) ;
#1293 = LINE ( 'NONE', #6638, #6322 ) ;
#1294 = ORIENTED_EDGE ( 'NONE', *, *, #7779, .F. ) ;
#1295 = EDGE_CURVE ( 'NONE', #5901, #3112, #4027, .T. ) ;
#1296 = DIRECTION ( 'NONE',  ( 1.000000000000000000, 2.082970027439319880E-16, -1.156280642033610094E-31 ) ) ;
#1297 = CARTESIAN_POINT ( 'NONE',  ( -0.5050000000000000044, -3.299999999999999822, 0.1000000000000007827 ) ) ;
#1298 = VERTEX_POINT ( 'NONE', #4341 ) ;
#1299 = CIRCLE ( 'NONE', #3209, 0.02000000000000005246 ) ;
#1300 = ORIENTED_EDGE ( 'NONE', *, *, #11775, .T. ) ;
#1301 = CARTESIAN_POINT ( 'NONE',  ( -4.744999999999999218, -2.499999999999999556, 0.5999999999999999778 ) ) ;
#1302 = ADVANCED_FACE ( 'NONE', ( #6946 ), #1481, .F. ) ;
#1303 = VERTEX_POINT ( 'NONE', #10522 ) ;
#1304 = LINE ( 'NONE', #2381, #11076 ) ;
#1305 = DIRECTION ( 'NONE',  ( 0.0000000000000000000, 0.0000000000000000000, -1.000000000000000000 ) ) ;
#1306 = EDGE_LOOP ( 'NONE', ( #7223, #5099, #5653, #4098 ) ) ;
#1307 = EDGE_CURVE ( 'NONE', #11621, #2072, #7776, .T. ) ;
#1308 = ORIENTED_EDGE ( 'NONE', *, *, #8591, .F. ) ;
#1309 = DIRECTION ( 'NONE',  ( -0.7071067811865461294, 0.0000000000000000000, 0.7071067811865490160 ) ) ;
#1310 = ADVANCED_FACE ( 'NONE', ( #6107 ), #5169, .F. ) ;
#1311 = CARTESIAN_POINT ( 'NONE',  ( -0.7500000000000000000, -0.8149999999999999467, 4.850000000000000533 ) ) ;
#1312 =( NAMED_UNIT ( * ) SI_UNIT ( $, .STERADIAN. ) SOLID_ANGLE_UNIT ( ) );
#1313 = LINE ( 'NONE', #3230, #11493 ) ;
#1314 = CARTESIAN_POINT ( 'NONE',  ( 1.604999999999999982, 7.206996792267241411E-16, 0.5999999999999999778 ) ) ;
#1315 = ORIENTED_EDGE ( 'NONE', *, *, #8797, .T. ) ;
#1316 = VECTOR ( 'NONE', #8136, 1000.000000000000000 ) ;
#1317 = CYLINDRICAL_SURFACE ( 'NONE', #8802, 0.4800000000000000933 ) ;
#1318 = ORIENTED_EDGE ( 'NONE', *, *, #2875, .T. ) ;
#1319 = DIRECTION ( 'NONE',  ( 0.0000000000000000000, -1.000000000000000000, -0.0000000000000000000 ) ) ;
#1320 = VECTOR ( 'NONE', #1828, 1000.000000000000000 ) ;
#1321 = CARTESIAN_POINT ( 'NONE',  ( 2.944999999999999840, 0.8649999999999999911, 4.900000000000000355 ) ) ;
#1322 = DIRECTION ( 'NONE',  ( 0.7071067811865441310, 0.7071067811865510144, -4.329780281177489848E-17 ) ) ;
#1323 = ORIENTED_EDGE ( 'NONE', *, *, #8979, .F. ) ;
#1324 = CARTESIAN_POINT ( 'NONE',  ( -0.4050000000000000266, 3.200000000000000178, 7.632783294297948257E-16 ) ) ;
#1325 = EDGE_CURVE ( 'NONE', #8158, #10132, #8742, .T. ) ;
#1326 = DIRECTION ( 'NONE',  ( -0.7071067811865489050, 0.7071067811865460184, 0.0000000000000000000 ) ) ;
#1327 = LINE ( 'NONE', #427, #9282 ) ;
#1328 = VERTEX_POINT ( 'NONE', #1599 ) ;
#1329 = CARTESIAN_POINT ( 'NONE',  ( -2.944999999999999840, 3.200000000000000178, 7.632783294297948257E-16 ) ) ;
#1330 = LINE ( 'NONE', #10312, #8181 ) ;
#1331 = LINE ( 'NONE', #616, #4683 ) ;
#1332 = ORIENTED_EDGE ( 'NONE', *, *, #7271, .T. ) ;
#1333 = DIRECTION ( 'NONE',  ( -1.000000000000000000, 2.082970027439319880E-16, 1.156280642033610094E-31 ) ) ;
#1334 = CARTESIAN_POINT ( 'NONE',  ( -5.844999999999999751, 3.299999999999999822, 0.2300000000000010092 ) ) ;
#1335 = CIRCLE ( 'NONE', #1914, 0.4800000000000000933 ) ;
#1336 = ORIENTED_EDGE ( 'NONE', *, *, #8780, .T. ) ;
#1337 = LINE ( 'NONE', #8599, #7664 ) ;
#1338 = LINE ( 'NONE', #1400, #8955 ) ;
#1339 = VERTEX_POINT ( 'NONE', #3453 ) ;
#1340 = CARTESIAN_POINT ( 'NONE',  ( 0.8649999999999999911, -0.8850000000000000089, 7.632783294297950229E-16 ) ) ;
#1341 = LINE ( 'NONE', #8540, #3338 ) ;
#1342 = CARTESIAN_POINT ( 'NONE',  ( 1.675000000000000044, -0.4050000000000000266, 4.799999999999999822 ) ) ;
#1343 = VECTOR ( 'NONE', #10184, 1000.000000000000000 ) ;
#1344 = VECTOR ( 'NONE', #6790, 1000.000000000000000 ) ;
#1345 = DIRECTION ( 'NONE',  ( 0.0000000000000000000, -1.000000000000000000, -0.0000000000000000000 ) ) ;
#1346 = DIRECTION ( 'NONE',  ( -1.180114444483200076E-18, 0.7071067811865490160, -0.7071067811865461294 ) ) ;
#1347 = ORIENTED_EDGE ( 'NONE', *, *, #1741, .F. ) ;
#1348 = ORIENTED_EDGE ( 'NONE', *, *, #7501, .F. ) ;
#1349 = CARTESIAN_POINT ( 'NONE',  ( 4.675000000000000711, -0.8850000000000000089, 7.632783294297950229E-16 ) ) ;
#1350 = DIRECTION ( 'NONE',  ( -2.099659365964729900E-16, 9.303908184768099600E-32, -1.000000000000000000 ) ) ;
#1351 = EDGE_LOOP ( 'NONE', ( #6632, #7172, #4927, #828 ) ) ;
#1352 = EDGE_CURVE ( 'NONE', #1758, #4508, #3332, .T. ) ;
#1353 = VECTOR ( 'NONE', #3979, 1000.000000000000227 ) ;
#1354 = ADVANCED_FACE ( 'NONE', ( #4156 ), #5107, .F. ) ;
#1355 = DIRECTION ( 'NONE',  ( 0.0000000000000000000, -0.7071067811865470176, -0.7071067811865480168 ) ) ;
#1356 = CARTESIAN_POINT ( 'NONE',  ( -4.144999999999999574, -2.500000000000000000, 0.2999999999999999889 ) ) ;
#1357 = DIRECTION ( 'NONE',  ( 2.099659365964729900E-16, -9.303908184768099600E-32, 1.000000000000000000 ) ) ;
#1358 = ORIENTED_EDGE ( 'NONE', *, *, #7408, .F. ) ;
#1359 = LINE ( 'NONE', #9566, #9047 ) ;
#1360 = ORIENTED_EDGE ( 'NONE', *, *, #2846, .F. ) ;
#1361 = ORIENTED_EDGE ( 'NONE', *, *, #4990, .T. ) ;
#1362 = VECTOR ( 'NONE', #4191, 1000.000000000000000 ) ;
#1363 = DIRECTION ( 'NONE',  ( -0.7071067811865489050, 0.0000000000000000000, 0.7071067811865460184 ) ) ;
#1364 = ORIENTED_EDGE ( 'NONE', *, *, #7532, .F. ) ;
#1365 = CARTESIAN_POINT ( 'NONE',  ( -0.5200000000000000178, -3.250000000000000444, 0.05000000000000080075 ) ) ;
#1366 = EDGE_CURVE ( 'NONE', #10892, #2240, #9133, .T. ) ;
#1367 = CARTESIAN_POINT ( 'NONE',  ( -5.945000000000000284, -0.4050000000000000266, 4.799999999999999822 ) ) ;
#1368 = ADVANCED_FACE ( 'NONE', ( #5873 ), #9507, .F. ) ;
#1369 = CARTESIAN_POINT ( 'NONE',  ( -0.7500000000000000000, -3.250000000000000444, 0.4100000000000009748 ) ) ;
#1370 = AXIS2_PLACEMENT_3D ( 'NONE', #6784, #11384, #10425 ) ;
#1371 = CARTESIAN_POINT ( 'NONE',  ( 9.000000000002909673, 5.551115123125779744E-16, 5.200000000000001066 ) ) ;
#1372 = ORIENTED_EDGE ( 'NONE', *, *, #11656, .T. ) ;
#1373 = PLANE ( 'NONE',  #1406 ) ;
#1374 = CARTESIAN_POINT ( 'NONE',  ( 3.405000000000000249, 0.4050000000000000822, 0.4800000000000010369 ) ) ;
#1375 = ORIENTED_EDGE ( 'NONE', *, *, #36, .T. ) ;
#1376 = LINE ( 'NONE', #8514, #1809 ) ;
#1377 = ORIENTED_EDGE ( 'NONE', *, *, #600, .T. ) ;
#1378 =( GEOMETRIC_REPRESENTATION_CONTEXT ( 3 ) GLOBAL_UNCERTAINTY_ASSIGNED_CONTEXT ( ( #9670 ) ) GLOBAL_UNIT_ASSIGNED_CONTEXT ( ( #5369, #7983, #1684 ) ) REPRESENTATION_CONTEXT ( 'NONE', 'WORKASPACE' ) );
#1379 = DIRECTION ( 'NONE',  ( 0.0000000000000000000, 1.000000000000000000, 0.0000000000000000000 ) ) ;
#1380 = ADVANCED_FACE ( 'NONE', ( #642 ), #6879, .F. ) ;
#1381 = ORIENTED_EDGE ( 'NONE', *, *, #11192, .F. ) ;
#1382 = COLOUR_RGB ( '',0.6980392156862744724, 0.5490196078431373028, 0.003921568627450980338 ) ;
#1383 = CYLINDRICAL_SURFACE ( 'NONE', #8255, 0.02000000000000005246 ) ;
#1384 = VERTEX_POINT ( 'NONE', #4214 ) ;
#1385 = CARTESIAN_POINT ( 'NONE',  ( 4.675000000000000711, -0.8850000000000000089, 7.632783294297950229E-16 ) ) ;
#1386 = CYLINDRICAL_SURFACE ( 'NONE', #11663, 0.02000000000000005246 ) ;
#1387 = CARTESIAN_POINT ( 'NONE',  ( -5.945000000000000284, 0.8850000000000000089, 0.4600000000000009637 ) ) ;
#1388 = DIRECTION ( 'NONE',  ( 0.0000000000000000000, 1.000000000000000000, -0.0000000000000000000 ) ) ;
#1389 = ADVANCED_FACE ( 'NONE', ( #9627 ), #4980, .F. ) ;
#1390 = LINE ( 'NONE', #2232, #10764 ) ;
#1391 = LINE ( 'NONE', #10623, #8982 ) ;
#1392 = ORIENTED_EDGE ( 'NONE', *, *, #11044, .T. ) ;
#1393 = CARTESIAN_POINT ( 'NONE',  ( 5.485000000000000320, -0.8649999999999999911, 4.900000000000000355 ) ) ;
#1394 = VECTOR ( 'NONE', #9208, 1000.000000000000000 ) ;
#1395 = CARTESIAN_POINT ( 'NONE',  ( 2.134999999999999787, -0.8850000000000000089, 0.4600000000000009082 ) ) ;
#1396 = EDGE_CURVE ( 'NONE', #8421, #7984, #3393, .T. ) ;
#1397 = ORIENTED_EDGE ( 'NONE', *, *, #1900, .T. ) ;
#1398 = DIRECTION ( 'NONE',  ( 1.000000000000000000, 2.082970027439319880E-16, -1.156280642033610094E-31 ) ) ;
#1399 = FACE_OUTER_BOUND ( 'NONE', #1511, .T. ) ;
#1400 = CARTESIAN_POINT ( 'NONE',  ( 2.612972599797700035E-15, 2.500000000000000000, 0.2999999999999999889 ) ) ;
#1401 = ORIENTED_EDGE ( 'NONE', *, *, #4081, .F. ) ;
#1402 = PLANE ( 'NONE',  #3155 ) ;
#1403 = VECTOR ( 'NONE', #2594, 1000.000000000000227 ) ;
#1404 = LINE ( 'NONE', #6998, #7286 ) ;
#1405 = DIRECTION ( 'NONE',  ( 0.0000000000000000000, 1.000000000000000000, 0.0000000000000000000 ) ) ;
#1406 = AXIS2_PLACEMENT_3D ( 'NONE', #10236, #3987, #6717 ) ;
#1407 = FACE_OUTER_BOUND ( 'NONE', #2978, .T. ) ;
#1408 = VERTEX_POINT ( 'NONE', #2498 ) ;
#1409 = ORIENTED_EDGE ( 'NONE', *, *, #7173, .T. ) ;
#1410 = CARTESIAN_POINT ( 'NONE',  ( 5.945000000000000284, 0.4050000000000000822, 0.4800000000000010369 ) ) ;
#1411 = DIRECTION ( 'NONE',  ( -1.000000000000000000, 0.0000000000000000000, 0.0000000000000000000 ) ) ;
#1412 = EDGE_LOOP ( 'NONE', ( #7314, #3886, #10028, #3014 ) ) ;
#1413 = AXIS2_PLACEMENT_3D ( 'NONE', #10307, #6853, #10492 ) ;
#1414 = VECTOR ( 'NONE', #4198, 1000.000000000000000 ) ;
#1415 = LINE ( 'NONE', #2371, #4075 ) ;
#1416 = CARTESIAN_POINT ( 'NONE',  ( 3.044999999999999929, -3.299999999999999822, 0.1000000000000011297 ) ) ;
#1417 = ORIENTED_EDGE ( 'NONE', *, *, #7838, .T. ) ;
#1418 = DIRECTION ( 'NONE',  ( -0.0000000000000000000, 1.000000000000000000, 0.0000000000000000000 ) ) ;
#1419 = ORIENTED_EDGE ( 'NONE', *, *, #4873, .F. ) ;
#1420 = PLANE ( 'NONE',  #5989 ) ;
#1421 = AXIS2_PLACEMENT_3D ( 'NONE', #737, #5200, #8843 ) ;
#1422 = MECHANICAL_DESIGN_GEOMETRIC_PRESENTATION_REPRESENTATION (  '', ( #11676 ), #11117 ) ;
#1423 = ORIENTED_EDGE ( 'NONE', *, *, #5400, .T. ) ;
#1424 = VECTOR ( 'NONE', #9150, 1000.000000000000000 ) ;
#1425 = EDGE_CURVE ( 'NONE', #4620, #4241, #457, .T. ) ;
#1426 = DIRECTION ( 'NONE',  ( -1.000000000000000000, 8.344669262702679687E-19, 8.344669262702645020E-19 ) ) ;
#1427 = CARTESIAN_POINT ( 'NONE',  ( 0.4050000000000000266, -0.8649999999999999911, 4.900000000000000355 ) ) ;
#1428 = DIRECTION ( 'NONE',  ( 0.7071067811865489050, 0.0000000000000000000, 0.7071067811865460184 ) ) ;
#1429 = ORIENTED_EDGE ( 'NONE', *, *, #8058, .T. ) ;
#1430 = CARTESIAN_POINT ( 'NONE',  ( -1.774999999999999911, -3.299999999999999822, 0.1000000000000007827 ) ) ;
#1431 = EDGE_LOOP ( 'NONE', ( #5712, #11075, #7661, #9710 ) ) ;
#1432 = AXIS2_PLACEMENT_3D ( 'NONE', #3061, #10246, #249 ) ;
#1433 = VECTOR ( 'NONE', #3211, 1000.000000000000000 ) ;
#1434 = CARTESIAN_POINT ( 'NONE',  ( 0.8649999999999999911, 0.8649999999999999911, 4.900000000000000355 ) ) ;
#1435 = ORIENTED_EDGE ( 'NONE', *, *, #10818, .T. ) ;
#1436 = ORIENTED_EDGE ( 'NONE', *, *, #7701, .T. ) ;
#1437 = PLANE ( 'NONE',  #4052 ) ;
#1438 = LINE ( 'NONE', #2638, #733 ) ;
#1439 = ORIENTED_EDGE ( 'NONE', *, *, #9629, .F. ) ;
#1440 = DIRECTION ( 'NONE',  ( 0.0000000000000000000, 1.000000000000000000, 0.0000000000000000000 ) ) ;
#1441 = ADVANCED_FACE ( 'NONE', ( #4094 ), #3207, .T. ) ;
#1442 = DIRECTION ( 'NONE',  ( -0.5773502691896235106, -0.5773502691896259531, -0.5773502691896279515 ) ) ;
#1443 = AXIS2_PLACEMENT_3D ( 'NONE', #10022, #4725, #1041 ) ;
#1444 = ORIENTED_EDGE ( 'NONE', *, *, #3289, .T. ) ;
#1445 = VECTOR ( 'NONE', #11514, 1000.000000000000000 ) ;
#1446 = CARTESIAN_POINT ( 'NONE',  ( -1.250000000000000000, 2.500000000000000000, 5.200000000000001066 ) ) ;
#1447 = EDGE_CURVE ( 'NONE', #2666, #5392, #11645, .T. ) ;
#1448 = LINE ( 'NONE', #3358, #4465 ) ;
#1449 = ORIENTED_EDGE ( 'NONE', *, *, #5132, .F. ) ;
#1450 = CARTESIAN_POINT ( 'NONE',  ( 4.675000000000000711, -0.8850000000000000089, 0.4600000000000009082 ) ) ;
#1451 = DIRECTION ( 'NONE',  ( 0.0000000000000000000, -0.7071067811865460184, 0.7071067811865489050 ) ) ;
#1452 = CARTESIAN_POINT ( 'NONE',  ( 1.774999999999999911, 0.6350000000000000089, 4.900000000000000355 ) ) ;
#1453 = EDGE_LOOP ( 'NONE', ( #1192, #2698, #2625, #1482 ) ) ;
#1454 = CARTESIAN_POINT ( 'NONE',  ( -2.134999999999999787, -0.8849999999999998979, 9.215718466126787689E-16 ) ) ;
#1455 = EDGE_CURVE ( 'NONE', #8246, #1612, #8188, .T. ) ;
#1456 = CARTESIAN_POINT ( 'NONE',  ( -2.034999999999999698, -0.5050000000000000044, 4.899999999999999467 ) ) ;
#1457 = DIRECTION ( 'NONE',  ( -1.000000000000000000, 2.082970027439319880E-16, -0.0000000000000000000 ) ) ;
#1458 = LINE ( 'NONE', #6859, #5173 ) ;
#1459 = ORIENTED_EDGE ( 'NONE', *, *, #1228, .F. ) ;
#1460 = AXIS2_PLACEMENT_3D ( 'NONE', #8993, #5353, #10043 ) ;
#1461 = FACE_OUTER_BOUND ( 'NONE', #4915, .T. ) ;
#1462 = PLANE ( 'NONE',  #8418 ) ;
#1463 = ORIENTED_EDGE ( 'NONE', *, *, #7062, .T. ) ;
#1464 = CARTESIAN_POINT ( 'NONE',  ( 0.5049999999999996714, -3.299999999999999378, 0.1000000000000009770 ) ) ;
#1465 = EDGE_CURVE ( 'NONE', #2929, #3073, #1666, .T. ) ;
#1466 = CARTESIAN_POINT ( 'NONE',  ( 2.612972599797700035E-15, -2.500000000000000000, 0.2999999999999999889 ) ) ;
#1467 = ORIENTED_EDGE ( 'NONE', *, *, #11383, .T. ) ;
#1468 = CARTESIAN_POINT ( 'NONE',  ( 9.449999999999999289, 2.500000000000000000, 0.5999999999999999778 ) ) ;
#1469 = AXIS2_PLACEMENT_3D ( 'NONE', #3341, #7659, #1428 ) ;
#1470 = CARTESIAN_POINT ( 'NONE',  ( 0.5050000000000005596, -0.5050000000000000044, 4.900000000000000355 ) ) ;
#1471 = LINE ( 'NONE', #6999, #2672 ) ;
#1472 = EDGE_CURVE ( 'NONE', #6081, #3583, #2675, .T. ) ;
#1473 = CARTESIAN_POINT ( 'NONE',  ( 2.134999999999999787, -0.4049999999999996381, 0.4800000000000012590 ) ) ;
#1474 = EDGE_LOOP ( 'NONE', ( #10766, #7028, #11278, #2955 ) ) ;
#1475 = ORIENTED_EDGE ( 'NONE', *, *, #5432, .F. ) ;
#1476 = CARTESIAN_POINT ( 'NONE',  ( 3.405000000000000249, -0.8649999999999999911, 4.900000000000000355 ) ) ;
#1477 = DIRECTION ( 'NONE',  ( 0.0000000000000000000, 0.0000000000000000000, 1.000000000000000000 ) ) ;
#1478 = ORIENTED_EDGE ( 'NONE', *, *, #5928, .T. ) ;
#1479 = CARTESIAN_POINT ( 'NONE',  ( 4.675000000000000711, 0.8850000000000000089, 7.632783294297950229E-16 ) ) ;
#1480 = EDGE_CURVE ( 'NONE', #1515, #322, #8016, .T. ) ;
#1481 = PLANE ( 'NONE',  #3242 ) ;
#1482 = ORIENTED_EDGE ( 'NONE', *, *, #2901, .F. ) ;
#1483 = EDGE_CURVE ( 'NONE', #3583, #2201, #7237, .T. ) ;
#1484 = AXIS2_PLACEMENT_3D ( 'NONE', #1935, #8411, #9258 ) ;
#1485 = ORIENTED_EDGE ( 'NONE', *, *, #10908, .T. ) ;
#1486 = CARTESIAN_POINT ( 'NONE',  ( -4.675000000000000711, 0.4050000000000000266, 4.900000000000000355 ) ) ;
#1487 = ORIENTED_EDGE ( 'NONE', *, *, #9642, .F. ) ;
#1488 = DIRECTION ( 'NONE',  ( 0.0000000000000000000, 0.0000000000000000000, 1.000000000000000000 ) ) ;
#1489 = DIRECTION ( 'NONE',  ( -0.0000000000000000000, -0.0000000000000000000, -1.000000000000000000 ) ) ;
#1490 = DIRECTION ( 'NONE',  ( 0.0000000000000000000, 8.915067114227699459E-17, -1.000000000000000000 ) ) ;
#1491 = ORIENTED_EDGE ( 'NONE', *, *, #5718, .F. ) ;
#1492 = STYLED_ITEM ( 'NONE', ( #11317 ), #817 ) ;
#1493 = ORIENTED_EDGE ( 'NONE', *, *, #6849, .F. ) ;
#1494 = ORIENTED_EDGE ( 'NONE', *, *, #11682, .F. ) ;
#1495 = PLANE ( 'NONE',  #3146 ) ;
#1496 = LINE ( 'NONE', #597, #6256 ) ;
#1497 = SURFACE_SIDE_STYLE ('',( #7668 ) ) ;
#1498 = VERTEX_POINT ( 'NONE', #10940 ) ;
#1499 = CARTESIAN_POINT ( 'NONE',  ( 3.405000000000000249, 0.4050000000000000266, 4.900000000000000355 ) ) ;
#1500 = AXIS2_PLACEMENT_3D ( 'NONE', #6242, #7255, #831 ) ;
#1501 = PLANE ( 'NONE',  #1370 ) ;
#1502 = ORIENTED_EDGE ( 'NONE', *, *, #4235, .F. ) ;
#1503 = EDGE_CURVE ( 'NONE', #8124, #5826, #8078, .T. ) ;
#1504 = EDGE_CURVE ( 'NONE', #3529, #3783, #876, .T. ) ;
#1505 = CARTESIAN_POINT ( 'NONE',  ( 4.675000000000000711, -0.8850000000000000089, 0.4800000000000009814 ) ) ;
#1506 = DIRECTION ( 'NONE',  ( 0.0000000000000000000, 8.915067114227699459E-17, 1.000000000000000000 ) ) ;
#1507 = ORIENTED_EDGE ( 'NONE', *, *, #4880, .F. ) ;
#1508 = DIRECTION ( 'NONE',  ( -1.000000000000000000, -0.0000000000000000000, -0.0000000000000000000 ) ) ;
#1509 = PLANE ( 'NONE',  #9956 ) ;
#1510 = DIRECTION ( 'NONE',  ( -0.0000000000000000000, -1.000000000000000000, -0.0000000000000000000 ) ) ;
#1511 = EDGE_LOOP ( 'NONE', ( #9996, #6401, #8084, #8097 ) ) ;
#1512 = DIRECTION ( 'NONE',  ( 1.665334536937729880E-16, 1.000000000000000000, 0.0000000000000000000 ) ) ;
#1513 = CARTESIAN_POINT ( 'NONE',  ( 0.4050000000000000266, 3.200000000000000178, 0.4600000000000010747 ) ) ;
#1514 = CARTESIAN_POINT ( 'NONE',  ( -3.475000000000000533, 2.499999999999999556, 0.2999999999999999889 ) ) ;
#1515 = VERTEX_POINT ( 'NONE', #6342 ) ;
#1516 = PLANE ( 'NONE',  #7163 ) ;
#1517 = CARTESIAN_POINT ( 'NONE',  ( 0.8650000000000005462, 0.8649999999999999911, 4.799999999999999822 ) ) ;
#1518 = EDGE_CURVE ( 'NONE', #9199, #1515, #4507, .T. ) ;
#1519 = ORIENTED_EDGE ( 'NONE', *, *, #3002, .F. ) ;
#1520 = VECTOR ( 'NONE', #11581, 1000.000000000000000 ) ;
#1521 = EDGE_CURVE ( 'NONE', #4383, #9126, #9857, .T. ) ;
#1522 = DIRECTION ( 'NONE',  ( 0.0000000000000000000, -0.0000000000000000000, -1.000000000000000000 ) ) ;
#1523 = ORIENTED_EDGE ( 'NONE', *, *, #10187, .F. ) ;
#1524 = CARTESIAN_POINT ( 'NONE',  ( -5.485000000000000320, -0.8850000000000000089, 0.4600000000000009082 ) ) ;
#1525 = DIRECTION ( 'NONE',  ( -2.082970027439319880E-16, -1.000000000000000000, -6.123233995736769734E-17 ) ) ;
#1526 = DIRECTION ( 'NONE',  ( -1.000000000000000000, 2.082970027439319880E-16, -0.0000000000000000000 ) ) ;
#1527 = DIRECTION ( 'NONE',  ( 1.000000000000000000, -2.082970027439319880E-16, -1.156280642033610094E-31 ) ) ;
#1528 = VERTEX_POINT ( 'NONE', #11758 ) ;
#1529 = VECTOR ( 'NONE', #5920, 1000.000000000000000 ) ;
#1530 = AXIS2_PLACEMENT_3D ( 'NONE', #7374, #11295, #3094 ) ;
#1531 = ORIENTED_EDGE ( 'NONE', *, *, #9117, .T. ) ;
#1532 = LINE ( 'NONE', #8736, #2027 ) ;
#1533 = EDGE_CURVE ( 'NONE', #8505, #10104, #3504, .T. ) ;
#1534 = CARTESIAN_POINT ( 'NONE',  ( -3.174999999999999822, -0.8850000000000000089, 0.4800000000000009814 ) ) ;
#1535 = ORIENTED_EDGE ( 'NONE', *, *, #2500, .F. ) ;
#1536 = ADVANCED_FACE ( 'NONE', ( #1894 ), #5520, .F. ) ;
#1537 = DIRECTION ( 'NONE',  ( 0.0000000000000000000, 1.000000000000000000, -0.0000000000000000000 ) ) ;
#1538 = VECTOR ( 'NONE', #5854, 1000.000000000000000 ) ;
#1539 = CARTESIAN_POINT ( 'NONE',  ( 4.675000000000000711, 0.8649999999999999911, 4.799999999999999822 ) ) ;
#1540 = CARTESIAN_POINT ( 'NONE',  ( -4.264999999999999680, -0.7500000000000000000, 4.850000000000000533 ) ) ;
#1541 = EDGE_LOOP ( 'NONE', ( #5805, #11465, #11538, #8897, #1798, #11286, #8502, #3454 ) ) ;
#1543 = AXIS2_PLACEMENT_3D ( 'NONE', #3715, #8466, #6556 ) ;
#1542 = CARTESIAN_POINT ( 'NONE',  ( -1.675000000000000044, 3.200000000000000178, 7.991774680298704389E-16 ) ) ;
#1544 = ORIENTED_EDGE ( 'NONE', *, *, #8335, .F. ) ;
#1545 = DIRECTION ( 'NONE',  ( 0.0000000000000000000, 0.7071067811865489050, 0.7071067811865460184 ) ) ;
#1546 = ORIENTED_EDGE ( 'NONE', *, *, #779, .T. ) ;
#1547 = EDGE_CURVE ( 'NONE', #4687, #9508, #3559, .T. ) ;
#1548 = VECTOR ( 'NONE', #9416, 1000.000000000000000 ) ;
#1549 = DIRECTION ( 'NONE',  ( 2.099659365964729900E-16, 9.303908184768099600E-32, 1.000000000000000000 ) ) ;
#1550 = EDGE_CURVE ( 'NONE', #4549, #2633, #9151, .T. ) ;
#1551 = EDGE_LOOP ( 'NONE', ( #7089, #7181, #10466, #8909 ) ) ;
#1552 = DIRECTION ( 'NONE',  ( 0.0000000000000000000, 1.000000000000000000, -0.0000000000000000000 ) ) ;
#1553 = FILL_AREA_STYLE_COLOUR ( '', #6803 ) ;
#1554 = ORIENTED_EDGE ( 'NONE', *, *, #1069, .F. ) ;
#1555 = VECTOR ( 'NONE', #11721, 1000.000000000000000 ) ;
#1556 = VERTEX_POINT ( 'NONE', #991 ) ;
#1557 = CARTESIAN_POINT ( 'NONE',  ( -5.714999999999999858, -2.728293222581490137E-16, 0.5999999999999999778 ) ) ;
#1558 = LINE ( 'NONE', #9981, #7777 ) ;
#1559 = SURFACE_STYLE_USAGE ( .BOTH. , #898 ) ;
#1560 = FACE_OUTER_BOUND ( 'NONE', #9139, .T. ) ;
#1561 = CARTESIAN_POINT ( 'NONE',  ( 4.675000000000000711, 0.8649999999999999911, 0.4600000000000011857 ) ) ;
#1562 = EDGE_CURVE ( 'NONE', #5382, #2929, #4626, .T. ) ;
#1563 = VERTEX_POINT ( 'NONE', #814 ) ;
#1564 = PRESENTATION_LAYER_ASSIGNMENT (  '', '', ( #6677 ) ) ;
#1565 = ORIENTED_EDGE ( 'NONE', *, *, #8934, .T. ) ;
#1566 = CARTESIAN_POINT ( 'NONE',  ( -4.675000000000000711, -3.200000000000000178, 4.900000000000000355 ) ) ;
#1567 = CARTESIAN_POINT ( 'NONE',  ( -4.214999999999999858, -0.8850000000000000089, 0.4600000000000009082 ) ) ;
#1568 = CARTESIAN_POINT ( 'NONE',  ( 0.4050000000000000266, 0.8850000000000000089, 0.4800000000000009814 ) ) ;
#1569 = LINE ( 'NONE', #2227, #9458 ) ;
#1570 = ORIENTED_EDGE ( 'NONE', *, *, #10572, .F. ) ;
#1571 = CARTESIAN_POINT ( 'NONE',  ( 1.675000000000000044, 0.8649999999999999911, 4.799999999999999822 ) ) ;
#1572 = VECTOR ( 'NONE', #360, 1000.000000000000000 ) ;
#1573 = CARTESIAN_POINT ( 'NONE',  ( 1.250000000000000000, 1.650000000030562575, 2.100000000000000089 ) ) ;
#1574 = ADVANCED_FACE ( 'NONE', ( #3734 ), #1774, .T. ) ;
#1575 = CARTESIAN_POINT ( 'NONE',  ( -5.714999999999999858, -3.299999999999999822, 0.3600000000000009859 ) ) ;
#1576 = PLANE ( 'NONE',  #408 ) ;
#1577 = EDGE_CURVE ( 'NONE', #9217, #8505, #7787, .T. ) ;
#1578 = ORIENTED_EDGE ( 'NONE', *, *, #11372, .F. ) ;
#1579 = CARTESIAN_POINT ( 'NONE',  ( 5.844999999999999751, -0.7649999999999994582, 4.900000000000000355 ) ) ;
#1580 = ORIENTED_EDGE ( 'NONE', *, *, #3869, .T. ) ;
#1581 = VECTOR ( 'NONE', #7781, 1000.000000000000114 ) ;
#1582 = CARTESIAN_POINT ( 'NONE',  ( -4.214999999999999858, -0.8649999999999999911, 4.799999999999999822 ) ) ;
#1583 = LINE ( 'NONE', #5210, #10461 ) ;
#1584 = ORIENTED_EDGE ( 'NONE', *, *, #5233, .F. ) ;
#1585 = DIRECTION ( 'NONE',  ( -0.0000000000000000000, -0.0000000000000000000, -1.000000000000000000 ) ) ;
#1586 = PLANE ( 'NONE',  #9786 ) ;
#1587 = CARTESIAN_POINT ( 'NONE',  ( 5.485000000000000320, 0.4050000000000000266, 4.900000000000000355 ) ) ;
#1588 = PLANE ( 'NONE',  #2490 ) ;
#1589 = ORIENTED_EDGE ( 'NONE', *, *, #4462, .T. ) ;
#1590 = CIRCLE ( 'NONE', #6516, 0.4800000000000000933 ) ;
#1591 = ADVANCED_FACE ( 'NONE', ( #1717 ), #6226, .F. ) ;
#1592 = ORIENTED_EDGE ( 'NONE', *, *, #8874, .F. ) ;
#1593 = CARTESIAN_POINT ( 'NONE',  ( 2.134999999999999787, -0.8649999999999999911, 4.799999999999999822 ) ) ;
#1594 = DIRECTION ( 'NONE',  ( -1.000000000000000000, 2.082970027439319880E-16, 1.156280642033610094E-31 ) ) ;
#1595 = ORIENTED_EDGE ( 'NONE', *, *, #80, .T. ) ;
#1596 = VECTOR ( 'NONE', #10294, 1000.000000000000000 ) ;
#1597 = VECTOR ( 'NONE', #6032, 1000.000000000000000 ) ;
#1598 = DIRECTION ( 'NONE',  ( -0.5773502691896280625, -0.5773502691896261751, 0.5773502691896230665 ) ) ;
#1599 = CARTESIAN_POINT ( 'NONE',  ( 2.134999999999999787, 0.4050000000000000822, 0.4800000000000010369 ) ) ;
#1600 = ORIENTED_EDGE ( 'NONE', *, *, #3801, .F. ) ;
#1601 = EDGE_CURVE ( 'NONE', #1202, #8798, #5807, .T. ) ;
#1602 = EDGE_LOOP ( 'NONE', ( #8800, #2732, #3349, #1375 ) ) ;
#1603 = ADVANCED_FACE ( 'NONE', ( #11050 ), #1111, .F. ) ;
#1604 = CARTESIAN_POINT ( 'NONE',  ( 2.944999999999999840, 0.8850000000000000089, 0.4800000000000009814 ) ) ;
#1605 = AXIS2_PLACEMENT_3D ( 'NONE', #2893, #10252, #2108 ) ;
#1606 = VECTOR ( 'NONE', #1188, 1000.000000000000000 ) ;
#1607 = CARTESIAN_POINT ( 'NONE',  ( 5.830000000000000071, -0.4550000000000000155, 4.850000000000000533 ) ) ;
#1608 = LINE ( 'NONE', #11308, #1272 ) ;
#1609 = FACE_OUTER_BOUND ( 'NONE', #5175, .T. ) ;
#1610 = VERTEX_POINT ( 'NONE', #1222 ) ;
#1611 = LINE ( 'NONE', #591, #7116 ) ;
#1612 = VERTEX_POINT ( 'NONE', #6511 ) ;
#1613 = AXIS2_PLACEMENT_3D ( 'NONE', #7200, #9760, #10665 ) ;
#1614 = VECTOR ( 'NONE', #5372, 1000.000000000000000 ) ;
#1615 = EDGE_CURVE ( 'NONE', #11583, #10409, #1280, .T. ) ;
#1616 = VECTOR ( 'NONE', #10370, 1000.000000000000000 ) ;
#1617 = ORIENTED_EDGE ( 'NONE', *, *, #9689, .F. ) ;
#1618 = DIRECTION ( 'NONE',  ( -0.0000000000000000000, -0.0000000000000000000, -1.000000000000000000 ) ) ;
#1619 = FACE_OUTER_BOUND ( 'NONE', #8239, .T. ) ;
#1620 = EDGE_LOOP ( 'NONE', ( #11764, #6761, #4181, #9703, #5525, #3775, #4488, #2364 ) ) ;
#1621 = ADVANCED_FACE ( 'NONE', ( #4908 ), #10146, .F. ) ;
#1622 = CARTESIAN_POINT ( 'NONE',  ( 2.220446049250309925E-15, 1.649999999999999911, 2.100000000000000089 ) ) ;
#1623 = EDGE_CURVE ( 'NONE', #11738, #6197, #6688, .T. ) ;
#1624 = SURFACE_STYLE_USAGE ( .BOTH. , #6128 ) ;
#1625 = VECTOR ( 'NONE', #2465, 1000.000000000000000 ) ;
#1626 = MECHANICAL_DESIGN_GEOMETRIC_PRESENTATION_REPRESENTATION (  '', ( #5410 ), #9785 ) ;
#1627 = VECTOR ( 'NONE', #2908, 1000.000000000000000 ) ;
#1628 = VERTEX_POINT ( 'NONE', #8423 ) ;
#1629 = ADVANCED_FACE ( 'NONE', ( #8480 ), #326, .F. ) ;
#1630 = LINE ( 'NONE', #3474, #5613 ) ;
#1631 = LINE ( 'NONE', #10792, #1799 ) ;
#1632 = VECTOR ( 'NONE', #4553, 1000.000000000000000 ) ;
#1633 = VECTOR ( 'NONE', #3038, 1000.000000000000114 ) ;
#1634 = DIRECTION ( 'NONE',  ( -0.7071067811865489050, -0.7071067811865460184, 0.0000000000000000000 ) ) ;
#1635 = DIRECTION ( 'NONE',  ( -1.953503796022424979E-47, 1.000000000000000000, -9.303908184768099600E-32 ) ) ;
#1636 = ORIENTED_EDGE ( 'NONE', *, *, #9332, .F. ) ;
#1637 = CYLINDRICAL_SURFACE ( 'NONE', #10155, 0.02000000000000005246 ) ;
#1638 = EDGE_CURVE ( 'NONE', #8174, #9655, #5576, .T. ) ;
#1639 = FACE_OUTER_BOUND ( 'NONE', #635, .T. ) ;
#1640 = DIRECTION ( 'NONE',  ( 0.0000000000000000000, 0.0000000000000000000, 1.000000000000000000 ) ) ;
#1641 = CARTESIAN_POINT ( 'NONE',  ( 2.612972599797700035E-15, 2.500000000000000000, 0.2999999999999999889 ) ) ;
#1642 = ORIENTED_EDGE ( 'NONE', *, *, #3428, .F. ) ;
#1643 = CARTESIAN_POINT ( 'NONE',  ( 4.445000000000000284, 0.8850000000000000089, 0.4800000000000009814 ) ) ;
#1644 = DIRECTION ( 'NONE',  ( -0.0000000000000000000, -1.000000000000000000, -0.0000000000000000000 ) ) ;
#1645 = VECTOR ( 'NONE', #4254, 1000.000000000000000 ) ;
#1646 = VERTEX_POINT ( 'NONE', #3079 ) ;
#1647 = DIRECTION ( 'NONE',  ( 1.000000000000000000, -0.0000000000000000000, -2.099659365964729900E-16 ) ) ;
#1648 = CARTESIAN_POINT ( 'NONE',  ( -0.8650000000000001021, -3.200000000000000178, 0.4600000000000011857 ) ) ;
#1649 = CARTESIAN_POINT ( 'NONE',  ( -4.315000000000000391, 3.299999999999999822, 0.3600000000000009304 ) ) ;
#1650 = ORIENTED_EDGE ( 'NONE', *, *, #6658, .T. ) ;
#1651 = EDGE_CURVE ( 'NONE', #7399, #8124, #5637, .T. ) ;
#1652 = DIRECTION ( 'NONE',  ( -1.000000000000000000, 2.082970027439319880E-16, 1.156280642033610094E-31 ) ) ;
#1653 = LINE ( 'NONE', #563, #5421 ) ;
#1654 = DIRECTION ( 'NONE',  ( 0.0000000000000000000, 0.0000000000000000000, 1.000000000000000000 ) ) ;
#1655 = ORIENTED_EDGE ( 'NONE', *, *, #11383, .F. ) ;
#1656 = PLANE ( 'NONE',  #6832 ) ;
#1657 = VECTOR ( 'NONE', #4023, 1000.000000000000000 ) ;
#1658 = ORIENTED_EDGE ( 'NONE', *, *, #7372, .T. ) ;
#1659 = VERTEX_POINT ( 'NONE', #2181 ) ;
#1660 = CARTESIAN_POINT ( 'NONE',  ( -4.675000000000000711, 0.8650000000000001021, 4.799999999999999822 ) ) ;
#1661 = CARTESIAN_POINT ( 'NONE',  ( -4.330000000000000071, -3.250000000000000444, 0.05000000000000080075 ) ) ;
#1662 = ORIENTED_EDGE ( 'NONE', *, *, #808, .T. ) ;
#1663 = CARTESIAN_POINT ( 'NONE',  ( 0.3349999999999990208, 5.551115123125779744E-16, 0.5999999999999999778 ) ) ;
#1664 = AXIS2_PLACEMENT_3D ( 'NONE', #7724, #3279, #6830 ) ;
#1665 = EDGE_CURVE ( 'NONE', #4241, #10267, #11166, .T. ) ;
#1666 = LINE ( 'NONE', #8984, #5524 ) ;
#1667 = VERTEX_POINT ( 'NONE', #6628 ) ;
#1668 = ADVANCED_FACE ( 'NONE', ( #9440 ), #9272, .T. ) ;
#1669 = VERTEX_POINT ( 'NONE', #8537 ) ;
#1670 = CARTESIAN_POINT ( 'NONE',  ( 4.315000000000000391, -0.7649999999999996803, 4.900000000000000355 ) ) ;
#1671 = CLOSED_SHELL ( 'NONE', ( #6335, #7021, #1115, #1968, #5013, #11661, #4122, #1892, #289, #5166, #1677, #7105, #10887, #1441, #7020, #4941, #11648, #7850 ) ) ;
#1672 = DIRECTION ( 'NONE',  ( 0.0000000000000000000, -0.7071067811865461294, -0.7071067811865490160 ) ) ;
#1673 = CARTESIAN_POINT ( 'NONE',  ( -1.250000000000000000, 1.850000000040749937, 5.000000000000000000 ) ) ;
#1674 = ORIENTED_EDGE ( 'NONE', *, *, #7753, .T. ) ;
#1675 = CARTESIAN_POINT ( 'NONE',  ( -0.8649999999999999911, 0.4050000000000000266, 4.799999999999999822 ) ) ;
#1676 = EDGE_LOOP ( 'NONE', ( #7708, #10718, #7940, #5708 ) ) ;
#1677 = ADVANCED_FACE ( 'NONE', ( #381 ), #6457, .T. ) ;
#1678 = VECTOR ( 'NONE', #8919, 1000.000000000000000 ) ;
#1679 = ORIENTED_EDGE ( 'NONE', *, *, #9027, .F. ) ;
#1680 = LINE ( 'NONE', #6963, #669 ) ;
#1681 = DIRECTION ( 'NONE',  ( 1.000000000000000000, 0.0000000000000000000, 0.0000000000000000000 ) ) ;
#1682 = ORIENTED_EDGE ( 'NONE', *, *, #993, .T. ) ;
#1683 = DIRECTION ( 'NONE',  ( -0.5773502691896257311, -0.5773502691896246208, -0.5773502691896269523 ) ) ;
#1684 =( NAMED_UNIT ( * ) SI_UNIT ( $, .STERADIAN. ) SOLID_ANGLE_UNIT ( ) );
#1685 = PRESENTATION_LAYER_ASSIGNMENT (  '', '', ( #3772 ) ) ;
#1686 = ADVANCED_FACE ( 'NONE', ( #7468 ), #8309, .F. ) ;
#1687 = VERTEX_POINT ( 'NONE', #2961 ) ;
#1688 = EDGE_CURVE ( 'NONE', #3434, #1659, #10208, .T. ) ;
#1689 = CARTESIAN_POINT ( 'NONE',  ( 0.8649999999999999911, 0.8850000000000000089, 7.632783294297950229E-16 ) ) ;
#1690 = CARTESIAN_POINT ( 'NONE',  ( -4.675000000000000711, 0.8850000000000000089, 8.598626602641727024E-16 ) ) ;
#1691 = PRESENTATION_LAYER_ASSIGNMENT (  '', '', ( #2462 ) ) ;
#1692 = CARTESIAN_POINT ( 'NONE',  ( 4.315000000000000391, -3.300000000000000266, 0.3600000000000009304 ) ) ;
#1693 = DIRECTION ( 'NONE',  ( 2.099659365964729900E-16, 9.303908184768099600E-32, 1.000000000000000000 ) ) ;
#1694 = VERTEX_POINT ( 'NONE', #11277 ) ;
#1695 = DIRECTION ( 'NONE',  ( 0.0000000000000000000, -0.0000000000000000000, -1.000000000000000000 ) ) ;
#1696 = LINE ( 'NONE', #5321, #7426 ) ;
#1697 = CARTESIAN_POINT ( 'NONE',  ( 4.315000000000000391, 3.299999999999999822, 0.2300000000000010092 ) ) ;
#1698 = ORIENTED_EDGE ( 'NONE', *, *, #8946, .F. ) ;
#1699 = EDGE_CURVE ( 'NONE', #4677, #4402, #7798, .T. ) ;
#1700 = ORIENTED_EDGE ( 'NONE', *, *, #220, .F. ) ;
#1701 = EDGE_CURVE ( 'NONE', #4402, #2766, #5981, .T. ) ;
#1702 = LINE ( 'NONE', #9242, #6154 ) ;
#1703 = DIRECTION ( 'NONE',  ( 0.0000000000000000000, -1.000000000000000000, 0.0000000000000000000 ) ) ;
#1704 = VERTEX_POINT ( 'NONE', #6750 ) ;
#1705 = DIRECTION ( 'NONE',  ( 0.5773502691896265082, -0.5773502691896241767, -0.5773502691896265082 ) ) ;
#1706 = PLANE ( 'NONE',  #10333 ) ;
#1707 = CARTESIAN_POINT ( 'NONE',  ( 5.714999999999999858, 0.7650000000000000133, 4.900000000000000355 ) ) ;
#1708 = VERTEX_POINT ( 'NONE', #7886 ) ;
#1709 = DIRECTION ( 'NONE',  ( -0.0000000000000000000, 0.0000000000000000000, 1.000000000000000000 ) ) ;
#1710 = ORIENTED_EDGE ( 'NONE', *, *, #9380, .T. ) ;
#1711 = ORIENTED_EDGE ( 'NONE', *, *, #204, .F. ) ;
#1712 = LINE ( 'NONE', #10934, #1847 ) ;
#1713 = ADVANCED_FACE ( 'NONE', ( #10387 ), #3192, .T. ) ;
#1714 = DIRECTION ( 'NONE',  ( 0.0000000000000000000, -1.000000000000000000, -0.0000000000000000000 ) ) ;
#1715 = VECTOR ( 'NONE', #5033, 1000.000000000000000 ) ;
#1716 = DIRECTION ( 'NONE',  ( 0.0000000000000000000, -0.0000000000000000000, -1.000000000000000000 ) ) ;
#1717 = FACE_OUTER_BOUND ( 'NONE', #2524, .T. ) ;
#1718 = LINE ( 'NONE', #878, #2189 ) ;
#1719 = DIRECTION ( 'NONE',  ( 0.0000000000000000000, -0.7071067811865489050, 0.7071067811865460184 ) ) ;
#1720 = VECTOR ( 'NONE', #1709, 1000.000000000000000 ) ;
#1721 = AXIS2_PLACEMENT_3D ( 'NONE', #8805, #2436, #3273 ) ;
#1722 = ORIENTED_EDGE ( 'NONE', *, *, #10178, .T. ) ;
#1723 = CARTESIAN_POINT ( 'NONE',  ( -3.405000000000000693, -0.4050000000000000266, 4.799999999999999822 ) ) ;
#1724 = ORIENTED_EDGE ( 'NONE', *, *, #9516, .T. ) ;
#1725 = DIRECTION ( 'NONE',  ( 0.0000000000000000000, -0.7071067811865489050, 0.7071067811865460184 ) ) ;
#1726 = ADVANCED_FACE ( 'NONE', ( #4076 ), #7762, .T. ) ;
#1727 = PLANE ( 'NONE',  #8221 ) ;
#1728 = ADVANCED_FACE ( 'NONE', ( #561 ), #6807, .T. ) ;
#1729 = CARTESIAN_POINT ( 'NONE',  ( -1.675000000000000044, -0.4050000000000000266, 4.900000000000000355 ) ) ;
#1730 = AXIS2_PLACEMENT_3D ( 'NONE', #5860, #8791, #2421 ) ;
#1731 = EDGE_LOOP ( 'NONE', ( #2789, #2341, #6236, #484 ) ) ;
#1732 = DIRECTION ( 'NONE',  ( -2.258754526011467242E-16, 1.000000000000000000, 0.0000000000000000000 ) ) ;
#1733 = ORIENTED_EDGE ( 'NONE', *, *, #3907, .F. ) ;
#1734 = DIRECTION ( 'NONE',  ( 1.000000000000000000, -2.082970027439319880E-16, 0.0000000000000000000 ) ) ;
#1735 = DIRECTION ( 'NONE',  ( -1.000000000000000000, 2.082970027439319880E-16, -0.0000000000000000000 ) ) ;
#1736 = VERTEX_POINT ( 'NONE', #4199 ) ;
#1737 = AXIS2_PLACEMENT_3D ( 'NONE', #8515, #3292, #8639 ) ;
#1738 = VECTOR ( 'NONE', #3383, 1000.000000000000114 ) ;
#1739 = LINE ( 'NONE', #10783, #9900 ) ;
#1740 = EDGE_LOOP ( 'NONE', ( #6695, #9945, #5827, #9753 ) ) ;
#1741 = EDGE_CURVE ( 'NONE', #3552, #4772, #6036, .T. ) ;
#1742 = CARTESIAN_POINT ( 'NONE',  ( -2.134999999999999787, 0.8850000000000000089, 0.4600000000000009637 ) ) ;
#1743 = ORIENTED_EDGE ( 'NONE', *, *, #4430, .F. ) ;
#1744 = VECTOR ( 'NONE', #10710, 1000.000000000000227 ) ;
#1745 = CARTESIAN_POINT ( 'NONE',  ( 2.875000000000000000, 2.500000000000000000, 0.2999999999999999889 ) ) ;
#1746 =( NAMED_UNIT ( * ) SI_UNIT ( $, .STERADIAN. ) SOLID_ANGLE_UNIT ( ) );
#1747 = PLANE ( 'NONE',  #2748 ) ;
#1748 = DIRECTION ( 'NONE',  ( -0.0000000000000000000, -0.0000000000000000000, 1.000000000000000000 ) ) ;
#1749 = EDGE_CURVE ( 'NONE', #7785, #2266, #11523, .T. ) ;
#1750 = ORIENTED_EDGE ( 'NONE', *, *, #1236, .T. ) ;
#1751 = CARTESIAN_POINT ( 'NONE',  ( -3.174999999999999822, 3.299999999999999822, 0.2300000000000010092 ) ) ;
#1752 = DIRECTION ( 'NONE',  ( -0.0000000000000000000, 0.0000000000000000000, 1.000000000000000000 ) ) ;
#1753 = VECTOR ( 'NONE', #11737, 1000.000000000000000 ) ;
#1754 = CARTESIAN_POINT ( 'NONE',  ( 3.405000000000000249, -0.4050000000000000266, 4.900000000000000355 ) ) ;
#1755 = LINE ( 'NONE', #11626, #4024 ) ;
#1756 = ADVANCED_FACE ( 'NONE', ( #4014 ), #5915, .F. ) ;
#1757 = ORIENTED_EDGE ( 'NONE', *, *, #3839, .F. ) ;
#1758 = VERTEX_POINT ( 'NONE', #6995 ) ;
#1759 = DIRECTION ( 'NONE',  ( 0.0000000000000000000, -1.000000000000000000, -0.0000000000000000000 ) ) ;
#1760 = VECTOR ( 'NONE', #2084, 1000.000000000000227 ) ;
#1761 = DIRECTION ( 'NONE',  ( 0.7071067811865489050, 0.0000000000000000000, -0.7071067811865460184 ) ) ;
#1762 = ORIENTED_EDGE ( 'NONE', *, *, #222, .F. ) ;
#1763 = DIRECTION ( 'NONE',  ( 0.5773502691896250649, 0.5773502691896250649, 0.5773502691896272854 ) ) ;
#1764 = CARTESIAN_POINT ( 'NONE',  ( 2.944999999999999840, -0.8649999999999999911, 4.900000000000000355 ) ) ;
#1765 = EDGE_CURVE ( 'NONE', #8372, #3080, #9551, .T. ) ;
#1766 = EDGE_LOOP ( 'NONE', ( #708, #6756, #3604, #798 ) ) ;
#1767 = LINE ( 'NONE', #2667, #10454 ) ;
#1768 = EDGE_CURVE ( 'NONE', #2141, #1905, #1338, .T. ) ;
#1769 = VERTEX_POINT ( 'NONE', #3315 ) ;
#1770 = CARTESIAN_POINT ( 'NONE',  ( 5.584999999999999964, 3.299999999999999378, 0.1000000000000008937 ) ) ;
#1771 = CARTESIAN_POINT ( 'NONE',  ( 5.485000000000000320, 3.200000000000000178, 8.104990208159816818E-16 ) ) ;
#1772 = PLANE ( 'NONE',  #10539 ) ;
#1773 = DIRECTION ( 'NONE',  ( 1.665334536937729880E-16, 1.000000000000000000, 0.0000000000000000000 ) ) ;
#1774 = PLANE ( 'NONE',  #6461 ) ;
#1775 = ORIENTED_EDGE ( 'NONE', *, *, #6670, .F. ) ;
#1776 = LINE ( 'NONE', #8930, #1816 ) ;
#1777 = VECTOR ( 'NONE', #9722, 1000.000000000000000 ) ;
#1778 = CARTESIAN_POINT ( 'NONE',  ( 5.945000000000000284, -0.8650000000000001021, 4.799999999999999822 ) ) ;
#1779 = ORIENTED_EDGE ( 'NONE', *, *, #1909, .F. ) ;
#1780 = DIRECTION ( 'NONE',  ( 0.0000000000000000000, -0.7071067811865489050, 0.7071067811865460184 ) ) ;
#1781 = ORIENTED_EDGE ( 'NONE', *, *, #9687, .F. ) ;
#1782 = LINE ( 'NONE', #7369, #2212 ) ;
#1783 = LINE ( 'NONE', #9223, #6127 ) ;
#1784 = CARTESIAN_POINT ( 'NONE',  ( -3.174999999999999822, -0.5050000000000000044, 4.900000000000000355 ) ) ;
#1785 = CARTESIAN_POINT ( 'NONE',  ( -3.305000000000000160, 3.299999999999999378, 0.1000000000000009076 ) ) ;
#1786 = ORIENTED_EDGE ( 'NONE', *, *, #11775, .F. ) ;
#1787 = CARTESIAN_POINT ( 'NONE',  ( 4.315000000000000391, -3.300000000000000266, 2.564999999999999947 ) ) ;
#1788 = ORIENTED_EDGE ( 'NONE', *, *, #3016, .T. ) ;
#1789 = ORIENTED_EDGE ( 'NONE', *, *, #1186, .F. ) ;
#1790 = EDGE_CURVE ( 'NONE', #3977, #7637, #2482, .T. ) ;
#1791 = SURFACE_STYLE_FILL_AREA ( #10105 ) ;
#1792 = VECTOR ( 'NONE', #11671, 1000.000000000000114 ) ;
#1793 = ORIENTED_EDGE ( 'NONE', *, *, #5801, .F. ) ;
#1794 = VECTOR ( 'NONE', #11294, 1000.000000000000000 ) ;
#1795 =( LENGTH_UNIT ( ) NAMED_UNIT ( * ) SI_UNIT ( .MILLI., .METRE. ) );
#1796 = CARTESIAN_POINT ( 'NONE',  ( 2.034999999999999698, 0.7500000000000000000, 4.899999999999999467 ) ) ;
#1797 = ORIENTED_EDGE ( 'NONE', *, *, #9268, .F. ) ;
#1798 = ORIENTED_EDGE ( 'NONE', *, *, #2247, .F. ) ;
#1799 = VECTOR ( 'NONE', #5262, 1000.000000000000000 ) ;
#1800 = VECTOR ( 'NONE', #8245, 1000.000000000000000 ) ;
#1801 = DIRECTION ( 'NONE',  ( 0.0000000000000000000, 1.000000000000000000, 0.0000000000000000000 ) ) ;
#1802 = EDGE_CURVE ( 'NONE', #9448, #7510, #1583, .T. ) ;
#1803 = CARTESIAN_POINT ( 'NONE',  ( -0.3349999999999992428, 2.499999999999999556, 0.5999999999999999778 ) ) ;
#1804 = ADVANCED_FACE ( 'NONE', ( #7636 ), #8668, .T. ) ;
#1805 = DIRECTION ( 'NONE',  ( -2.957565607266179811E-16, 0.7071067811865490160, -0.7071067811865461294 ) ) ;
#1806 = CARTESIAN_POINT ( 'NONE',  ( -2.134999999999999787, -0.8850000000000000089, 0.4800000000000009814 ) ) ;
#1807 = SURFACE_STYLE_USAGE ( .BOTH. , #11566 ) ;
#1808 = PLANE ( 'NONE',  #11675 ) ;
#1809 = VECTOR ( 'NONE', #358, 1000.000000000000000 ) ;
#1810 = VECTOR ( 'NONE', #11195, 1000.000000000000000 ) ;
#1811 = CARTESIAN_POINT ( 'NONE',  ( -4.575000000000000178, 0.5050000000000003375, 4.900000000000000355 ) ) ;
#1812 = LINE ( 'NONE', #6084, #8790 ) ;
#1813 = EDGE_LOOP ( 'NONE', ( #3523, #9189, #2834, #1052 ) ) ;
#1814 = EDGE_LOOP ( 'NONE', ( #963, #9018, #8182, #2323 ) ) ;
#1815 = ADVANCED_FACE ( 'NONE', ( #8601 ), #6932, .F. ) ;
#1816 = VECTOR ( 'NONE', #8986, 1000.000000000000000 ) ;
#1817 = FACE_OUTER_BOUND ( 'NONE', #4234, .T. ) ;
#1818 = AXIS2_PLACEMENT_3D ( 'NONE', #11362, #6707, #10285 ) ;
#1819 = CARTESIAN_POINT ( 'NONE',  ( 2.944999999999999840, 3.200000000000000178, 0.4600000000000010192 ) ) ;
#1820 = LINE ( 'NONE', #1649, #5897 ) ;
#1821 = ORIENTED_EDGE ( 'NONE', *, *, #5432, .T. ) ;
#1822 = EDGE_CURVE ( 'NONE', #3546, #9910, #3814, .T. ) ;
#1823 = DIRECTION ( 'NONE',  ( 1.000000000000000000, 2.082970027439319880E-16, 0.0000000000000000000 ) ) ;
#1824 = DIRECTION ( 'NONE',  ( 0.0000000000000000000, 0.0000000000000000000, 1.000000000000000000 ) ) ;
#1825 = DIRECTION ( 'NONE',  ( -2.099659365964729900E-16, 9.303908184768099600E-32, -1.000000000000000000 ) ) ;
#1826 = ORIENTED_EDGE ( 'NONE', *, *, #9304, .F. ) ;
#1827 = LINE ( 'NONE', #5454, #5244 ) ;
#1828 = DIRECTION ( 'NONE',  ( -0.0000000000000000000, -0.0000000000000000000, 1.000000000000000000 ) ) ;
#1829 = EDGE_LOOP ( 'NONE', ( #11531, #6262, #6408, #2717 ) ) ;
#1830 = AXIS2_PLACEMENT_3D ( 'NONE', #2949, #6558, #5675 ) ;
#1831 = DIRECTION ( 'NONE',  ( 3.061616997868386716E-17, 3.061616997868399658E-17, -1.000000000000000000 ) ) ;
#1832 = CARTESIAN_POINT ( 'NONE',  ( 2.035000000000000142, -3.299999999999999378, 0.1000000000000008105 ) ) ;
#1833 = ADVANCED_FACE ( 'NONE', ( #4490 ), #802, .T. ) ;
#1834 = EDGE_CURVE ( 'NONE', #1646, #9278, #3437, .T. ) ;
#1835 = CARTESIAN_POINT ( 'NONE',  ( 2.205000000000000071, -2.500000000000000000, 0.2999999999999999889 ) ) ;
#1836 = DIRECTION ( 'NONE',  ( 0.0000000000000000000, 8.915067114227699459E-17, -1.000000000000000000 ) ) ;
#1837 = ORIENTED_EDGE ( 'NONE', *, *, #8315, .T. ) ;
#1838 = EDGE_CURVE ( 'NONE', #7768, #10072, #2780, .T. ) ;
#1839 = DIRECTION ( 'NONE',  ( 0.5773502691896259531, -0.5773502691896231775, -0.5773502691896281735 ) ) ;
#1840 = VECTOR ( 'NONE', #1090, 1000.000000000000000 ) ;
#1841 = LINE ( 'NONE', #8701, #8938 ) ;
#1842 = ORIENTED_EDGE ( 'NONE', *, *, #1741, .T. ) ;
#1843 = CARTESIAN_POINT ( 'NONE',  ( -1.725000000000000089, 0.7500000000000000000, 4.850000000000000533 ) ) ;
#1844 = ORIENTED_EDGE ( 'NONE', *, *, #11412, .F. ) ;
#1845 = PLANE ( 'NONE',  #1260 ) ;
#1846 = CARTESIAN_POINT ( 'NONE',  ( 1.605000000000000204, 2.499999999999999112, 0.5999999999999999778 ) ) ;
#1847 = VECTOR ( 'NONE', #4439, 1000.000000000000227 ) ;
#1848 = DIRECTION ( 'NONE',  ( -1.000000000000000000, -2.082970027439319880E-16, 1.156280642033610094E-31 ) ) ;
#1849 = EDGE_CURVE ( 'NONE', #7344, #2029, #9025, .T. ) ;
#1850 = ORIENTED_EDGE ( 'NONE', *, *, #729, .F. ) ;
#1851 = CARTESIAN_POINT ( 'NONE',  ( 4.214999999999999858, 0.4049999999999998046, 0.4800000000000010369 ) ) ;
#1852 = ORIENTED_EDGE ( 'NONE', *, *, #631, .T. ) ;
#1853 = EDGE_CURVE ( 'NONE', #5149, #7526, #784, .T. ) ;
#1854 = VERTEX_POINT ( 'NONE', #4428 ) ;
#1855 = CYLINDRICAL_SURFACE ( 'NONE', #2958, 0.02000000000000005246 ) ;
#1856 = VECTOR ( 'NONE', #3186, 1000.000000000000000 ) ;
#1857 = VECTOR ( 'NONE', #5686, 1000.000000000000000 ) ;
#1858 = CARTESIAN_POINT ( 'NONE',  ( -4.144999999999999574, 2.499999999999998668, 0.2999999999999999889 ) ) ;
#1859 = EDGE_LOOP ( 'NONE', ( #8743, #9511, #8884, #9014 ) ) ;
#1860 = FILL_AREA_STYLE_COLOUR ( '', #3558 ) ;
#1861 = DIRECTION ( 'NONE',  ( 0.0000000000000000000, 1.000000000000000000, 0.0000000000000000000 ) ) ;
#1862 = ORIENTED_EDGE ( 'NONE', *, *, #6650, .F. ) ;
#1863 = DIRECTION ( 'NONE',  ( 3.061616997868384251E-17, 3.061616997868414449E-17, 1.000000000000000000 ) ) ;
#1864 = ORIENTED_EDGE ( 'NONE', *, *, #7529, .F. ) ;
#1865 = VERTEX_POINT ( 'NONE', #9960 ) ;
#1866 = APPLICATION_CONTEXT ( 'automotive_design' ) ;
#1867 = LINE ( 'NONE', #2314, #4662 ) ;
#1868 = DIRECTION ( 'NONE',  ( -0.0000000000000000000, 8.915067114227699459E-17, -1.000000000000000000 ) ) ;
#1869 = FACE_OUTER_BOUND ( 'NONE', #745, .T. ) ;
#1870 = EDGE_LOOP ( 'NONE', ( #11505, #1392, #10406, #5438 ) ) ;
#1871 = DIRECTION ( 'NONE',  ( 1.000000000000000000, -1.665334536937729880E-16, 0.0000000000000000000 ) ) ;
#1872 = DIRECTION ( 'NONE',  ( 0.7071067811865441310, 0.7071067811865510144, -4.329780281177489848E-17 ) ) ;
#1873 = CARTESIAN_POINT ( 'NONE',  ( -5.485000000000000320, -3.200000000000000178, 4.900000000000000355 ) ) ;
#1874 = CARTESIAN_POINT ( 'NONE',  ( 5.945000000000000284, 0.4050000000000000266, 4.799999999999999822 ) ) ;
#1875 = ORIENTED_EDGE ( 'NONE', *, *, #130, .T. ) ;
#1876 = EDGE_CURVE ( 'NONE', #5842, #1915, #9845, .T. ) ;
#1877 = EDGE_CURVE ( 'NONE', #10152, #5861, #11743, .T. ) ;
#1878 = ORIENTED_EDGE ( 'NONE', *, *, #10384, .F. ) ;
#1879 = AXIS2_PLACEMENT_3D ( 'NONE', #8030, #4640, #7250 ) ;
#1880 = CARTESIAN_POINT ( 'NONE',  ( 4.315000000000000391, 0.6350000000000000089, 4.900000000000000355 ) ) ;
#1881 = ORIENTED_EDGE ( 'NONE', *, *, #5003, .T. ) ;
#1882 = CARTESIAN_POINT ( 'NONE',  ( 3.045000000000000373, 0.7649999999999996803, 4.900000000000000355 ) ) ;
#1883 = PLANE ( 'NONE',  #8435 ) ;
#1884 = DIRECTION ( 'NONE',  ( 0.0000000000000000000, 0.0000000000000000000, 1.000000000000000000 ) ) ;
#1885 = ORIENTED_EDGE ( 'NONE', *, *, #8444, .F. ) ;
#1886 = CARTESIAN_POINT ( 'NONE',  ( -4.214999999999999858, -0.8850000000000000089, 0.4800000000000009814 ) ) ;
#1887 = VERTEX_POINT ( 'NONE', #9787 ) ;
#1888 = EDGE_CURVE ( 'NONE', #1694, #9743, #10863, .T. ) ;
#1889 = EDGE_LOOP ( 'NONE', ( #7392, #2264, #10239, #7375 ) ) ;
#1890 = DIRECTION ( 'NONE',  ( 0.0000000000000000000, 1.000000000000000000, 0.0000000000000000000 ) ) ;
#1891 = CARTESIAN_POINT ( 'NONE',  ( 0.8649999999999999911, 0.4050000000000000266, 4.799999999999999822 ) ) ;
#1892 = ADVANCED_FACE ( 'NONE', ( #5448 ), #2716, .T. ) ;
#1893 = DIRECTION ( 'NONE',  ( 0.0000000000000000000, 0.0000000000000000000, 1.000000000000000000 ) ) ;
#1894 = FACE_OUTER_BOUND ( 'NONE', #9933, .T. ) ;
#1895 = ORIENTED_EDGE ( 'NONE', *, *, #8949, .F. ) ;
#1896 = EDGE_LOOP ( 'NONE', ( #6808, #9231, #277, #7537 ) ) ;
#1897 = ORIENTED_EDGE ( 'NONE', *, *, #10033, .F. ) ;
#1898 = DIRECTION ( 'NONE',  ( -0.7071067811865489050, 0.0000000000000000000, -0.7071067811865460184 ) ) ;
#1899 = CARTESIAN_POINT ( 'NONE',  ( -2.134999999999999787, 0.8850000000000000089, 0.4800000000000009814 ) ) ;
#1900 = EDGE_CURVE ( 'NONE', #6844, #8020, #1820, .T. ) ;
#1901 = VERTEX_POINT ( 'NONE', #8970 ) ;
#1902 = VECTOR ( 'NONE', #1939, 1000.000000000000000 ) ;
#1903 = LINE ( 'NONE', #5533, #9581 ) ;
#1904 = DIRECTION ( 'NONE',  ( 1.000000000000000000, 2.082970027439319880E-16, -1.156280642033610094E-31 ) ) ;
#1905 = VERTEX_POINT ( 'NONE', #8060 ) ;
#1906 = EDGE_LOOP ( 'NONE', ( #8141, #6333, #9441, #9265 ) ) ;
#1907 = DIRECTION ( 'NONE',  ( -0.7071067811865489050, 0.0000000000000000000, -0.7071067811865460184 ) ) ;
#1908 = ORIENTED_EDGE ( 'NONE', *, *, #2256, .T. ) ;
#1909 = EDGE_CURVE ( 'NONE', #1082, #584, #11687, .T. ) ;
#1910 = CARTESIAN_POINT ( 'NONE',  ( -4.675000000000000711, 0.8649999999999999911, 4.900000000000000355 ) ) ;
#1911 = EDGE_LOOP ( 'NONE', ( #9296, #7087, #9796, #570 ) ) ;
#1912 = CARTESIAN_POINT ( 'NONE',  ( -0.7650000000000000133, 0.5050000000000005596, 4.900000000000000355 ) ) ;
#1913 = ADVANCED_FACE ( 'NONE', ( #7167 ), #6323, .T. ) ;
#1914 = AXIS2_PLACEMENT_3D ( 'NONE', #6766, #7598, #11235 ) ;
#1915 = VERTEX_POINT ( 'NONE', #5506 ) ;
#1916 = ORIENTED_EDGE ( 'NONE', *, *, #11341, .F. ) ;
#1917 = ORIENTED_EDGE ( 'NONE', *, *, #2244, .F. ) ;
#1918 = AXIS2_PLACEMENT_3D ( 'NONE', #5893, #2216, #10484 ) ;
#1919 = CARTESIAN_POINT ( 'NONE',  ( -8.600000000002909317, 1.650000000040749981, 2.100000000000000089 ) ) ;
#1920 = FILL_AREA_STYLE_COLOUR ( '', #11502 ) ;
#1921 = AXIS2_PLACEMENT_3D ( 'NONE', #3177, #7865, #3359 ) ;
#1922 = DIRECTION ( 'NONE',  ( 1.000000000000000000, 0.0000000000000000000, 0.0000000000000000000 ) ) ;
#1923 = ORIENTED_EDGE ( 'NONE', *, *, #2030, .T. ) ;
#1924 = ADVANCED_FACE ( 'NONE', ( #7279 ), #10919, .F. ) ;
#1925 = DIRECTION ( 'NONE',  ( -0.7071067811865461294, 0.0000000000000000000, -0.7071067811865490160 ) ) ;
#1926 = PLANE ( 'NONE',  #3634 ) ;
#1927 = CARTESIAN_POINT ( 'NONE',  ( -0.5200000000000000178, 0.5050000000000005596, 4.900000000000000355 ) ) ;
#1928 = LINE ( 'NONE', #6386, #9917 ) ;
#1929 = VECTOR ( 'NONE', #4481, 1000.000000000000000 ) ;
#1930 = VERTEX_POINT ( 'NONE', #7944 ) ;
#1931 = DIRECTION ( 'NONE',  ( 0.0000000000000000000, 1.000000000000000000, 0.0000000000000000000 ) ) ;
#1932 = ORIENTED_EDGE ( 'NONE', *, *, #2354, .F. ) ;
#1933 = CARTESIAN_POINT ( 'NONE',  ( 3.174999999999999822, 3.299999999999999822, 0.2300000000000010092 ) ) ;
#1934 = CARTESIAN_POINT ( 'NONE',  ( -2.944999999999999840, -3.200000000000000178, 4.900000000000000355 ) ) ;
#1935 = CARTESIAN_POINT ( 'NONE',  ( 2.084999999999999964, 3.250000000000000444, 2.564999999999999947 ) ) ;
#1936 = ORIENTED_EDGE ( 'NONE', *, *, #4408, .T. ) ;
#1937 = AXIS2_PLACEMENT_3D ( 'NONE', #7906, #9810, #6054 ) ;
#1938 = EDGE_CURVE ( 'NONE', #6392, #9899, #7048, .T. ) ;
#1939 = DIRECTION ( 'NONE',  ( 0.0000000000000000000, -1.000000000000000000, -0.0000000000000000000 ) ) ;
#1940 = DIRECTION ( 'NONE',  ( 1.000000000000000000, 0.0000000000000000000, 0.0000000000000000000 ) ) ;
#1941 = ORIENTED_EDGE ( 'NONE', *, *, #11424, .F. ) ;
#1942 = LINE ( 'NONE', #2845, #11272 ) ;
#1943 = CARTESIAN_POINT ( 'NONE',  ( -5.485000000000000320, 0.4050000000000000266, 4.900000000000000355 ) ) ;
#1944 = DIRECTION ( 'NONE',  ( -1.180114444483200076E-18, 0.7071067811865490160, -0.7071067811865461294 ) ) ;
#1945 = ORIENTED_EDGE ( 'NONE', *, *, #1547, .F. ) ;
#1946 = LINE ( 'NONE', #2005, #2000 ) ;
#1947 = ADVANCED_FACE ( 'NONE', ( #8001 ), #1147, .T. ) ;
#1948 = LINE ( 'NONE', #935, #9128 ) ;
#1949 = ADVANCED_FACE ( 'NONE', ( #3829 ), #138, .F. ) ;
#1950 = ORIENTED_EDGE ( 'NONE', *, *, #2555, .T. ) ;
#1951 = CIRCLE ( 'NONE', #11066, 0.4800000000000000933 ) ;
#1952 = FACE_OUTER_BOUND ( 'NONE', #2246, .T. ) ;
#1953 = ORIENTED_EDGE ( 'NONE', *, *, #7107, .T. ) ;
#1954 = LINE ( 'NONE', #4694, #7452 ) ;
#1955 = EDGE_LOOP ( 'NONE', ( #61, #1700, #291, #2758 ) ) ;
#1956 = ADVANCED_FACE ( 'NONE', ( #7453 ), #4836, .F. ) ;
#1957 = AXIS2_PLACEMENT_3D ( 'NONE', #9108, #7305, #9053 ) ;
#1958 = DIRECTION ( 'NONE',  ( -0.7071067811865510144, -0.7071067811865441310, 0.0000000000000000000 ) ) ;
#1959 = ORIENTED_EDGE ( 'NONE', *, *, #8753, .F. ) ;
#1960 = LINE ( 'NONE', #170, #2200 ) ;
#1961 = ADVANCED_FACE ( 'NONE', ( #6444 ), #8230, .F. ) ;
#1962 = ORIENTED_EDGE ( 'NONE', *, *, #8609, .T. ) ;
#1963 = CARTESIAN_POINT ( 'NONE',  ( 0.4049999999999994160, -0.4050000000000000266, 4.799999999999999822 ) ) ;
#1964 = CIRCLE ( 'NONE', #2927, 0.4800000000000000933 ) ;
#1965 = DIRECTION ( 'NONE',  ( 0.0000000000000000000, -0.0000000000000000000, -1.000000000000000000 ) ) ;
#1966 = ORIENTED_EDGE ( 'NONE', *, *, #3726, .F. ) ;
#1967 = EDGE_LOOP ( 'NONE', ( #11352, #1743, #10626, #933 ) ) ;
#1968 = ADVANCED_FACE ( 'NONE', ( #976 ), #7398, .T. ) ;
#1969 = AXIS2_PLACEMENT_3D ( 'NONE', #3065, #2164, #6559 ) ;
#1970 = VECTOR ( 'NONE', #6781, 1000.000000000000000 ) ;
#1971 = PLANE ( 'NONE',  #4089 ) ;
#1972 = LINE ( 'NONE', #9299, #4663 ) ;
#1973 = ADVANCED_FACE ( 'NONE', ( #9193 ), #8347, .F. ) ;
#1974 = EDGE_CURVE ( 'NONE', #3348, #10040, #2105, .T. ) ;
#1975 = ORIENTED_EDGE ( 'NONE', *, *, #7801, .F. ) ;
#1976 = DIRECTION ( 'NONE',  ( 1.275451288411719683E-32, -6.123233995736769734E-17, -1.000000000000000000 ) ) ;
#1977 = LINE ( 'NONE', #9129, #3816 ) ;
#1978 = LINE ( 'NONE', #4774, #1840 ) ;
#1979 =( NAMED_UNIT ( * ) PLANE_ANGLE_UNIT ( ) SI_UNIT ( $, .RADIAN. ) );
#1980 = AXIS2_PLACEMENT_3D ( 'NONE', #844, #8838, #11619 ) ;
#1981 = VECTOR ( 'NONE', #2450, 999.9999999999998863 ) ;
#1982 = EDGE_LOOP ( 'NONE', ( #3291, #896, #532, #1997 ) ) ;
#1983 = EDGE_CURVE ( 'NONE', #5128, #3647, #10071, .T. ) ;
#1984 = CARTESIAN_POINT ( 'NONE',  ( -0.3350000000000000200, 3.895233453984329909E-16, 0.5999999999999999778 ) ) ;
#1985 = DIRECTION ( 'NONE',  ( 0.0000000000000000000, -1.000000000000000000, 8.915067114227699459E-17 ) ) ;
#1986 = EDGE_LOOP ( 'NONE', ( #8545, #8154, #1300, #8767 ) ) ;
#1987 = CARTESIAN_POINT ( 'NONE',  ( -4.214999999999999858, 3.200000000000001066, 8.673617379884035472E-16 ) ) ;
#1988 = EDGE_CURVE ( 'NONE', #6876, #899, #1095, .T. ) ;
#1989 = VECTOR ( 'NONE', #4604, 1000.000000000000000 ) ;
#1990 = VECTOR ( 'NONE', #7744, 1000.000000000000000 ) ;
#1991 = DIRECTION ( 'NONE',  ( -1.000000000000000000, 8.344669262702679687E-19, 8.344669262702645020E-19 ) ) ;
#1992 = FACE_OUTER_BOUND ( 'NONE', #536, .T. ) ;
#1993 = ORIENTED_EDGE ( 'NONE', *, *, #8257, .T. ) ;
#1994 = AXIS2_PLACEMENT_3D ( 'NONE', #1321, #8582, #10613 ) ;
#1995 = CARTESIAN_POINT ( 'NONE',  ( -5.485000000000000320, -0.8649999999999999911, 4.799999999999999822 ) ) ;
#1996 = DIRECTION ( 'NONE',  ( 1.000000000000000000, 0.0000000000000000000, 0.0000000000000000000 ) ) ;
#1997 = ORIENTED_EDGE ( 'NONE', *, *, #7275, .T. ) ;
#1998 = CARTESIAN_POINT ( 'NONE',  ( 2.875000000000000000, 2.500000000000000000, 0.2999999999999999889 ) ) ;
#1999 = CARTESIAN_POINT ( 'NONE',  ( -0.7650000000000000133, 0.5050000000000003375, 4.900000000000000355 ) ) ;
#2000 = VECTOR ( 'NONE', #1060, 1000.000000000000000 ) ;
#2001 = AXIS2_PLACEMENT_3D ( 'NONE', #9755, #4168, #9645 ) ;
#2002 = CARTESIAN_POINT ( 'NONE',  ( 0.8649999999999999911, 0.8850000000000000089, 8.131516293641283255E-16 ) ) ;
#2003 = DIRECTION ( 'NONE',  ( -0.7071067811865489050, 0.0000000000000000000, 0.7071067811865460184 ) ) ;
#2004 = ORIENTED_EDGE ( 'NONE', *, *, #505, .T. ) ;
#2005 = CARTESIAN_POINT ( 'NONE',  ( 3.405000000000000249, 0.8649999999999999911, 0.4600000000000011857 ) ) ;
#2006 = CARTESIAN_POINT ( 'NONE',  ( 0.3349999999999987432, 2.499999999999998668, 0.5999999999999999778 ) ) ;
#2007 = CARTESIAN_POINT ( 'NONE',  ( 2.612972599797700035E-15, 5.806605777328229749E-16, 0.2999999999999999889 ) ) ;
#2008 = AXIS2_PLACEMENT_3D ( 'NONE', #10750, #1652, #6997 ) ;
#2009 = VECTOR ( 'NONE', #3123, 1000.000000000000000 ) ;
#2010 = ORIENTED_EDGE ( 'NONE', *, *, #8139, .F. ) ;
#2011 = CARTESIAN_POINT ( 'NONE',  ( -4.559999999999999609, 0.8149999999999999467, 4.850000000000000533 ) ) ;
#2012 = ORIENTED_EDGE ( 'NONE', *, *, #10767, .F. ) ;
#2013 = CARTESIAN_POINT ( 'NONE',  ( 5.830000000000000071, -3.250000000000000444, 0.05000000000000080075 ) ) ;
#2014 = CARTESIAN_POINT ( 'NONE',  ( -1.790000000000000036, 0.4550000000000000155, 4.850000000000000533 ) ) ;
#2015 = ADVANCED_FACE ( 'NONE', ( #5560 ), #9310, .F. ) ;
#2016 = ADVANCED_FACE ( 'NONE', ( #1039 ), #9134, .F. ) ;
#2017 = EDGE_CURVE ( 'NONE', #3498, #6397, #4723, .T. ) ;
#2018 = AXIS2_PLACEMENT_3D ( 'NONE', #2940, #11027, #7336 ) ;
#2019 = DIRECTION ( 'NONE',  ( -0.5773502691896268413, -0.5773502691896242878, -0.5773502691896261751 ) ) ;
#2020 = FACE_OUTER_BOUND ( 'NONE', #777, .T. ) ;
#2021 = ORIENTED_EDGE ( 'NONE', *, *, #9332, .T. ) ;
#2022 = ORIENTED_EDGE ( 'NONE', *, *, #7613, .F. ) ;
#2023 = DIRECTION ( 'NONE',  ( -0.5773502691896212902, -0.5773502691896280625, 0.5773502691896280625 ) ) ;
#2024 = ORIENTED_EDGE ( 'NONE', *, *, #7104, .F. ) ;
#2025 = CARTESIAN_POINT ( 'NONE',  ( 9.449999999999999289, 2.500000000000000000, 0.2999999999999999889 ) ) ;
#2026 = ORIENTED_EDGE ( 'NONE', *, *, #10293, .T. ) ;
#2027 = VECTOR ( 'NONE', #7955, 1000.000000000000000 ) ;
#2028 = DIRECTION ( 'NONE',  ( -1.000000000000000000, 0.0000000000000000000, 0.0000000000000000000 ) ) ;
#2029 = VERTEX_POINT ( 'NONE', #10978 ) ;
#2030 = EDGE_CURVE ( 'NONE', #9886, #6423, #8407, .T. ) ;
#2031 = EDGE_LOOP ( 'NONE', ( #756, #9805, #2475, #11336 ) ) ;
#2032 =( GEOMETRIC_REPRESENTATION_CONTEXT ( 3 ) GLOBAL_UNCERTAINTY_ASSIGNED_CONTEXT ( ( #6686 ) ) GLOBAL_UNIT_ASSIGNED_CONTEXT ( ( #1795, #3635, #7201 ) ) REPRESENTATION_CONTEXT ( 'NONE', 'WORKASPACE' ) );
#2033 = DIRECTION ( 'NONE',  ( 0.5773502691896279515, -0.5773502691896221783, 0.5773502691896271743 ) ) ;
#2034 = DIRECTION ( 'NONE',  ( 0.5773502691896255090, 0.5773502691896248429, 0.5773502691896269523 ) ) ;
#2035 = ORIENTED_EDGE ( 'NONE', *, *, #3918, .F. ) ;
#2036 = CARTESIAN_POINT ( 'NONE',  ( -4.675000000000000711, 3.200000000000000178, 6.684615519032470738E-16 ) ) ;
#2037 = LINE ( 'NONE', #3881, #5716 ) ;
#2038 = ADVANCED_FACE ( 'NONE', ( #3946 ), #7514, .F. ) ;
#2039 = CARTESIAN_POINT ( 'NONE',  ( -0.8649999999999999911, -0.4050000000000000266, 4.900000000000000355 ) ) ;
#2040 = DIRECTION ( 'NONE',  ( -0.0000000000000000000, -1.000000000000000000, -0.0000000000000000000 ) ) ;
#2041 = CLOSED_SHELL ( 'NONE', ( #8675, #7258, #3792, #2887, #9576, #10274, #1078, #363, #352, #10044, #8562, #3864, #2987, #1180, #9709, #5385, #6815, #1258 ) ) ;
#2042 = EDGE_CURVE ( 'NONE', #6343, #8416, #3062, .T. ) ;
#2043 = VERTEX_POINT ( 'NONE', #11261 ) ;
#2044 = LINE ( 'NONE', #11325, #3705 ) ;
#2045 = PLANE ( 'NONE',  #1221 ) ;
#2046 = DIRECTION ( 'NONE',  ( -0.7071067811865489050, 0.7071067811865460184, 0.0000000000000000000 ) ) ;
#2047 = ORIENTED_EDGE ( 'NONE', *, *, #5338, .F. ) ;
#2048 = DIRECTION ( 'NONE',  ( 0.0000000000000000000, 1.000000000000000000, -8.915067114227699459E-17 ) ) ;
#2049 = AXIS2_PLACEMENT_3D ( 'NONE', #8352, #6448, #196 ) ;
#2050 = CARTESIAN_POINT ( 'NONE',  ( 4.675000000000000711, 0.8649999999999999911, 4.900000000000000355 ) ) ;
#2051 = DIRECTION ( 'NONE',  ( 1.000000000000000000, 2.091314696702029574E-16, -2.091314696702020699E-16 ) ) ;
#2052 = ORIENTED_EDGE ( 'NONE', *, *, #1352, .F. ) ;
#2053 = CARTESIAN_POINT ( 'NONE',  ( -0.6350000000000000089, 0.7650000000000000133, 4.900000000000000355 ) ) ;
#2054 = PLANE ( 'NONE',  #3989 ) ;
#2055 = ADVANCED_FACE ( 'NONE', ( #2223 ), #5845, .T. ) ;
#2056 = CYLINDRICAL_SURFACE ( 'NONE', #6565, 0.02000000000000005246 ) ;
#2057 = ORIENTED_EDGE ( 'NONE', *, *, #7532, .T. ) ;
#2058 = CARTESIAN_POINT ( 'NONE',  ( 2.944999999999999840, -0.8850000000000000089, 0.4600000000000010192 ) ) ;
#2059 = VECTOR ( 'NONE', #6135, 1000.000000000000000 ) ;
#2060 = CARTESIAN_POINT ( 'NONE',  ( -5.585000000000000853, 0.5050000000000001155, 4.899999999999999467 ) ) ;
#2061 = CARTESIAN_POINT ( 'NONE',  ( -5.714999999999999858, -0.8849999999999998979, 9.757819552369539906E-16 ) ) ;
#2062 = DIRECTION ( 'NONE',  ( 0.0000000000000000000, -1.000000000000000000, -0.0000000000000000000 ) ) ;
#2063 = ORIENTED_EDGE ( 'NONE', *, *, #8057, .T. ) ;
#2064 = CARTESIAN_POINT ( 'NONE',  ( 5.485000000000000320, -0.8849999999999998979, 9.215718466126787689E-16 ) ) ;
#2065 = CARTESIAN_POINT ( 'NONE',  ( 0.4050000000000000266, 3.200000000000000178, 0.4600000000000010192 ) ) ;
#2066 = DIRECTION ( 'NONE',  ( 1.000000000000000000, 0.0000000000000000000, -0.0000000000000000000 ) ) ;
#2067 = CARTESIAN_POINT ( 'NONE',  ( 1.605000000000000426, -2.499999999999999556, 0.2999999999999999889 ) ) ;
#2068 =( GEOMETRIC_REPRESENTATION_CONTEXT ( 3 ) GLOBAL_UNCERTAINTY_ASSIGNED_CONTEXT ( ( #10142 ) ) GLOBAL_UNIT_ASSIGNED_CONTEXT ( ( #2458, #4357, #4468 ) ) REPRESENTATION_CONTEXT ( 'NONE', 'WORKASPACE' ) );
#2069 = ORIENTED_EDGE ( 'NONE', *, *, #7900, .F. ) ;
#2070 = EDGE_CURVE ( 'NONE', #4402, #2678, #11327, .T. ) ;
#2071 = FACE_OUTER_BOUND ( 'NONE', #6757, .T. ) ;
#2072 = VERTEX_POINT ( 'NONE', #489 ) ;
#2073 = CARTESIAN_POINT ( 'NONE',  ( 3.405000000000000249, 0.8649999999999997691, 0.4800000000000011480 ) ) ;
#2074 = CARTESIAN_POINT ( 'NONE',  ( 2.134999999999999787, 0.8850000000000000089, 0.4800000000000009814 ) ) ;
#2075 = VERTEX_POINT ( 'NONE', #8711 ) ;
#2076 = CARTESIAN_POINT ( 'NONE',  ( -4.214999999999999858, -3.200000000000000178, 4.900000000000000355 ) ) ;
#2077 = DIRECTION ( 'NONE',  ( -0.0000000000000000000, -0.0000000000000000000, 1.000000000000000000 ) ) ;
#2078 = ORIENTED_EDGE ( 'NONE', *, *, #7205, .F. ) ;
#2079 = ORIENTED_EDGE ( 'NONE', *, *, #3924, .F. ) ;
#2080 = DIRECTION ( 'NONE',  ( -1.000000000000000000, -0.0000000000000000000, -0.0000000000000000000 ) ) ;
#2081 = CARTESIAN_POINT ( 'NONE',  ( -4.559999999999999609, -3.250000000000000444, 0.4100000000000009748 ) ) ;
#2082 = EDGE_CURVE ( 'NONE', #2599, #8487, #9423, .T. ) ;
#2083 = CARTESIAN_POINT ( 'NONE',  ( 1.549551830515630224E-15, 1.850000000040749937, 5.000000000000000000 ) ) ;
#2084 = DIRECTION ( 'NONE',  ( -0.5773502691896210681, -0.5773502691896280625, -0.5773502691896280625 ) ) ;
#2085 = ORIENTED_EDGE ( 'NONE', *, *, #1249, .T. ) ;
#2086 = AXIS2_PLACEMENT_3D ( 'NONE', #41, #7239, #1719 ) ;
#2087 = PLANE ( 'NONE',  #454 ) ;
#2088 = ORIENTED_EDGE ( 'NONE', *, *, #8402, .F. ) ;
#2089 = DIRECTION ( 'NONE',  ( 1.000000000000000000, -2.082970027439319880E-16, -1.156280642033610094E-31 ) ) ;
#2090 =( LENGTH_UNIT ( ) NAMED_UNIT ( * ) SI_UNIT ( .MILLI., .METRE. ) );
#2091 = EDGE_CURVE ( 'NONE', #6306, #2929, #7742, .T. ) ;
#2092 = DIRECTION ( 'NONE',  ( 1.000000000000000000, -2.091314696702029574E-16, -2.091314696702020699E-16 ) ) ;
#2093 = FACE_OUTER_BOUND ( 'NONE', #337, .T. ) ;
#2094 = ORIENTED_EDGE ( 'NONE', *, *, #5958, .F. ) ;
#2095 = CARTESIAN_POINT ( 'NONE',  ( 4.214999999999999858, 0.8850000000000000089, 8.598626602641727024E-16 ) ) ;
#2096 = VECTOR ( 'NONE', #4004, 1000.000000000000000 ) ;
#2097 = ADVANCED_FACE ( 'NONE', ( #2279 ), #3299, .T. ) ;
#2098 = AXIS2_PLACEMENT_3D ( 'NONE', #11420, #11592, #2254 ) ;
#2099 = DIRECTION ( 'NONE',  ( -2.099659365964729900E-16, 9.303908184768099600E-32, -1.000000000000000000 ) ) ;
#2100 = CARTESIAN_POINT ( 'NONE',  ( -3.405000000000000249, 0.8850000000000000089, 8.636121991262881741E-16 ) ) ;
#2101 = CARTESIAN_POINT ( 'NONE',  ( -2.944999999999999840, -0.8850000000000000089, 0.4800000000000009814 ) ) ;
#2102 = EDGE_LOOP ( 'NONE', ( #1962, #8032, #1223, #10955 ) ) ;
#2103 = AXIS2_PLACEMENT_3D ( 'NONE', #503, #7700, #11344 ) ;
#2104 = EDGE_CURVE ( 'NONE', #8219, #9293, #6977, .T. ) ;
#2105 = LINE ( 'NONE', #6612, #6087 ) ;
#2106 = ORIENTED_EDGE ( 'NONE', *, *, #892, .F. ) ;
#2107 = CARTESIAN_POINT ( 'NONE',  ( 3.174999999999999822, -3.299999999999999822, 0.3600000000000009859 ) ) ;
#2108 = DIRECTION ( 'NONE',  ( -0.7071067811865489050, -0.7071067811865460184, 0.0000000000000000000 ) ) ;
#2109 = DIRECTION ( 'NONE',  ( -0.0000000000000000000, -8.915067114227699459E-17, 1.000000000000000000 ) ) ;
#2110 = PLANE ( 'NONE',  #9238 ) ;
#2111 = ADVANCED_FACE ( 'NONE', ( #10429 ), #5900, .F. ) ;
#2112 = CARTESIAN_POINT ( 'NONE',  ( 0.4050000000000000266, -0.8849999999999998979, 9.215718466126787689E-16 ) ) ;
#2113 = VECTOR ( 'NONE', #6741, 1000.000000000000000 ) ;
#2114 = ORIENTED_EDGE ( 'NONE', *, *, #7429, .F. ) ;
#2115 = PLANE ( 'NONE',  #5259 ) ;
#2116 = DIRECTION ( 'NONE',  ( 1.180114444483200076E-18, 0.7071067811865490160, 0.7071067811865461294 ) ) ;
#2117 = ORIENTED_EDGE ( 'NONE', *, *, #3151, .F. ) ;
#2118 = PLANE ( 'NONE',  #5961 ) ;
#2119 = EDGE_CURVE ( 'NONE', #9740, #7758, #10083, .T. ) ;
#2120 = VECTOR ( 'NONE', #9004, 1000.000000000000000 ) ;
#2121 = DIRECTION ( 'NONE',  ( 0.5773502691896283956, -0.5773502691896219563, 0.5773502691896269523 ) ) ;
#2122 = DIRECTION ( 'NONE',  ( -2.258754526011467242E-16, 1.000000000000000000, 0.0000000000000000000 ) ) ;
#2123 = DIRECTION ( 'NONE',  ( -0.0000000000000000000, 1.000000000000000000, 0.0000000000000000000 ) ) ;
#2124 = EDGE_CURVE ( 'NONE', #10587, #7421, #4056, .T. ) ;
#2125 = CARTESIAN_POINT ( 'NONE',  ( 4.575000000000000178, -0.7649999999999995692, 4.900000000000000355 ) ) ;
#2126 = EDGE_CURVE ( 'NONE', #4549, #11550, #1263, .T. ) ;
#2127 = VERTEX_POINT ( 'NONE', #6021 ) ;
#2128 = LINE ( 'NONE', #617, #6297 ) ;
#2129 = ORIENTED_EDGE ( 'NONE', *, *, #672, .T. ) ;
#2130 = CARTESIAN_POINT ( 'NONE',  ( -3.405000000000000249, -0.8649999999999999911, 4.799999999999999822 ) ) ;
#2131 = AXIS2_PLACEMENT_3D ( 'NONE', #9663, #11457, #3913 ) ;
#2132 = CARTESIAN_POINT ( 'NONE',  ( 0.4050000000000000266, 0.4050000000000000266, 4.900000000000000355 ) ) ;
#2133 = ORIENTED_EDGE ( 'NONE', *, *, #4907, .F. ) ;
#2134 = EDGE_CURVE ( 'NONE', #5009, #2141, #4891, .T. ) ;
#2135 = CYLINDRICAL_SURFACE ( 'NONE', #79, 0.02000000000000005246 ) ;
#2136 = CARTESIAN_POINT ( 'NONE',  ( 4.144999999999999574, 2.500000000000000000, 0.2999999999999999889 ) ) ;
#2137 = ORIENTED_EDGE ( 'NONE', *, *, #950, .F. ) ;
#2138 = CARTESIAN_POINT ( 'NONE',  ( -2.944999999999999840, 0.8649999999999999911, 8.673617379884035472E-16 ) ) ;
#2139 = VECTOR ( 'NONE', #6439, 1000.000000000000227 ) ;
#2140 = VERTEX_POINT ( 'NONE', #366 ) ;
#2141 = VERTEX_POINT ( 'NONE', #3998 ) ;
#2142 = FACE_OUTER_BOUND ( 'NONE', #7191, .T. ) ;
#2143 = CARTESIAN_POINT ( 'NONE',  ( 1.774999999999999911, -3.299999999999999378, 0.3600000000000009304 ) ) ;
#2144 = ORIENTED_EDGE ( 'NONE', *, *, #1983, .F. ) ;
#2145 = AXIS2_PLACEMENT_3D ( 'NONE', #1427, #10410, #3980 ) ;
#2146 = CARTESIAN_POINT ( 'NONE',  ( -0.8649999999999999911, -0.4050000000000000266, 8.673617379884035472E-16 ) ) ;
#2147 = EDGE_CURVE ( 'NONE', #3164, #2876, #3117, .T. ) ;
#2148 = VERTEX_POINT ( 'NONE', #949 ) ;
#2149 = SURFACE_STYLE_FILL_AREA ( #2211 ) ;
#2150 = CARTESIAN_POINT ( 'NONE',  ( 5.485000000000000320, 0.4049999999999998046, 0.4800000000000010369 ) ) ;
#2151 = CARTESIAN_POINT ( 'NONE',  ( -3.405000000000000249, 3.200000000000000178, 6.684615519032470738E-16 ) ) ;
#2152 = DIRECTION ( 'NONE',  ( -0.0000000000000000000, -1.000000000000000000, -0.0000000000000000000 ) ) ;
#2153 = VECTOR ( 'NONE', #3326, 1000.000000000000000 ) ;
#2154 = DIRECTION ( 'NONE',  ( 0.0000000000000000000, 0.0000000000000000000, 1.000000000000000000 ) ) ;
#2155 = DIRECTION ( 'NONE',  ( 1.000000000000000000, 2.082970027439319880E-16, -1.156280642033610094E-31 ) ) ;
#2156 = VERTEX_POINT ( 'NONE', #8931 ) ;
#2157 = VECTOR ( 'NONE', #10791, 1000.000000000000000 ) ;
#2158 = EDGE_CURVE ( 'NONE', #7653, #10346, #6460, .T. ) ;
#2159 = AXIS2_PLACEMENT_3D ( 'NONE', #10992, #10206, #9269 ) ;
#2160 = EDGE_CURVE ( 'NONE', #2678, #8169, #2480, .T. ) ;
#2161 = DIRECTION ( 'NONE',  ( 1.000000000000000000, 2.091314696702029574E-16, -2.091314696702020699E-16 ) ) ;
#2162 = ORIENTED_EDGE ( 'NONE', *, *, #6553, .F. ) ;
#2163 = FACE_OUTER_BOUND ( 'NONE', #116, .T. ) ;
#2164 = DIRECTION ( 'NONE',  ( 0.7071067811865441310, 0.7071067811865510144, -4.329780281177489848E-17 ) ) ;
#2165 = CARTESIAN_POINT ( 'NONE',  ( 3.045000000000000373, -0.7649999999999996803, 4.899999999999999467 ) ) ;
#2166 = CARTESIAN_POINT ( 'NONE',  ( 3.305000000000000160, 3.299999999999999378, 0.3600000000000011524 ) ) ;
#2167 = CARTESIAN_POINT ( 'NONE',  ( 5.830000000000000071, -3.299999999999999822, 0.1000000000000008105 ) ) ;
#2168 = AXIS2_PLACEMENT_3D ( 'NONE', #8956, #7095, #10906 ) ;
#2169 = VECTOR ( 'NONE', #2265, 1000.000000000000000 ) ;
#2170 = CYLINDRICAL_SURFACE ( 'NONE', #685, 0.02000000000000005246 ) ;
#2171 = ORIENTED_EDGE ( 'NONE', *, *, #6303, .T. ) ;
#2172 = DIRECTION ( 'NONE',  ( 1.000000000000000000, -0.0000000000000000000, 0.0000000000000000000 ) ) ;
#2173 = DIRECTION ( 'NONE',  ( -1.000000000000000000, 0.0000000000000000000, 2.099659365964729900E-16 ) ) ;
#2174 = ORIENTED_EDGE ( 'NONE', *, *, #8420, .T. ) ;
#2175 = ADVANCED_FACE ( 'NONE', ( #10997 ), #11761, .T. ) ;
#2176 = CARTESIAN_POINT ( 'NONE',  ( 2.944999999999999840, -0.8649999999999999911, 4.799999999999999822 ) ) ;
#2177 = PRODUCT_DEFINITION_CONTEXT ( 'detailed design', #1866, 'design' ) ;
#2178 = VECTOR ( 'NONE', #2152, 1000.000000000000000 ) ;
#2179 = AXIS2_PLACEMENT_3D ( 'NONE', #11698, #4442, #8077 ) ;
#2180 = AXIS2_PLACEMENT_3D ( 'NONE', #11522, #3377, #6994 ) ;
#2181 = CARTESIAN_POINT ( 'NONE',  ( 0.9350000000000002753, -2.499999999999999556, 0.2999999999999999889 ) ) ;
#2182 = ORIENTED_EDGE ( 'NONE', *, *, #9516, .F. ) ;
#2183 = CARTESIAN_POINT ( 'NONE',  ( -2.205000000000000071, 2.500000000000000000, 0.2999999999999999889 ) ) ;
#2184 = LINE ( 'NONE', #2065, #10748 ) ;
#2185 = LINE ( 'NONE', #273, #3232 ) ;
#2186 = PLANE ( 'NONE',  #364 ) ;
#2187 = ORIENTED_EDGE ( 'NONE', *, *, #2609, .F. ) ;
#2188 = VERTEX_POINT ( 'NONE', #7296 ) ;
#2189 = VECTOR ( 'NONE', #765, 1000.000000000000000 ) ;
#2190 = CARTESIAN_POINT ( 'NONE',  ( -4.214999999999999858, 0.8850000000000000089, 7.632783294297950229E-16 ) ) ;
#2191 = ADVANCED_FACE ( 'NONE', ( #9102 ), #9154, .F. ) ;
#2192 = AXIS2_PLACEMENT_3D ( 'NONE', #9298, #5717, #7386 ) ;
#2193 = ORIENTED_EDGE ( 'NONE', *, *, #7542, .F. ) ;
#2194 = EDGE_CURVE ( 'NONE', #7267, #4107, #1948, .T. ) ;
#2195 = CARTESIAN_POINT ( 'NONE',  ( -5.945000000000000284, -0.8649999999999999911, 4.900000000000000355 ) ) ;
#2196 = DIRECTION ( 'NONE',  ( 0.0000000000000000000, -0.0000000000000000000, -1.000000000000000000 ) ) ;
#2197 = ORIENTED_EDGE ( 'NONE', *, *, #8912, .F. ) ;
#2198 = CARTESIAN_POINT ( 'NONE',  ( -4.214999999999999858, 0.8850000000000000089, 0.4800000000000009814 ) ) ;
#2199 = VECTOR ( 'NONE', #8415, 1000.000000000000000 ) ;
#2200 = VECTOR ( 'NONE', #4526, 1000.000000000000000 ) ;
#2201 = VERTEX_POINT ( 'NONE', #2851 ) ;
#2202 = ORIENTED_EDGE ( 'NONE', *, *, #6048, .T. ) ;
#2203 = PLANE ( 'NONE',  #6290 ) ;
#2204 = EDGE_CURVE ( 'NONE', #8219, #5581, #3611, .T. ) ;
#2205 = PRESENTATION_STYLE_ASSIGNMENT (( #3216 ) ) ;
#2206 = AXIS2_PLACEMENT_3D ( 'NONE', #5379, #7993, #8051 ) ;
#2207 = CARTESIAN_POINT ( 'NONE',  ( -4.744999999999999218, -2.499999999999999556, 0.2999999999999999889 ) ) ;
#2208 = ORIENTED_EDGE ( 'NONE', *, *, #11732, .F. ) ;
#2209 = EDGE_CURVE ( 'NONE', #4375, #9886, #7128, .T. ) ;
#2210 = CYLINDRICAL_SURFACE ( 'NONE', #9213, 0.02000000000000005246 ) ;
#2211 = FILL_AREA_STYLE ('',( #1255 ) ) ;
#2212 = VECTOR ( 'NONE', #2856, 1000.000000000000000 ) ;
#2213 = CARTESIAN_POINT ( 'NONE',  ( 5.945000000000000284, -0.8850000000000000089, 7.632783294297950229E-16 ) ) ;
#2214 = DIRECTION ( 'NONE',  ( 0.0000000000000000000, 0.0000000000000000000, 1.000000000000000000 ) ) ;
#2215 = CARTESIAN_POINT ( 'NONE',  ( -4.574999999999999289, -0.5050000000000000044, 4.899999999999999467 ) ) ;
#2216 = DIRECTION ( 'NONE',  ( -1.000000000000000000, 2.082970027439319880E-16, 1.156280642033610094E-31 ) ) ;
#2217 = VERTEX_POINT ( 'NONE', #5349 ) ;
#2218 = PLANE ( 'NONE',  #8021 ) ;
#2219 = VECTOR ( 'NONE', #5739, 1000.000000000000000 ) ;
#2220 = ORIENTED_EDGE ( 'NONE', *, *, #10219, .F. ) ;
#2221 = CARTESIAN_POINT ( 'NONE',  ( 4.744999999999999218, -2.499999999999999112, 0.2999999999999999889 ) ) ;
#2222 = CARTESIAN_POINT ( 'NONE',  ( -5.584999999999999964, -3.299999999999999378, 0.1000000000000008105 ) ) ;
#2223 = FACE_OUTER_BOUND ( 'NONE', #8039, .T. ) ;
#2224 = ORIENTED_EDGE ( 'NONE', *, *, #3726, .T. ) ;
#2225 = DIRECTION ( 'NONE',  ( 2.099659365964729900E-16, -9.303908184768099600E-32, 1.000000000000000000 ) ) ;
#2226 = DIRECTION ( 'NONE',  ( 0.0000000000000000000, -1.000000000000000000, 0.0000000000000000000 ) ) ;
#2227 = CARTESIAN_POINT ( 'NONE',  ( -5.584999999999999964, 3.299999999999999378, 0.3600000000000009304 ) ) ;
#2228 = DIRECTION ( 'NONE',  ( 1.000000000000000000, 0.0000000000000000000, 0.0000000000000000000 ) ) ;
#2229 = CARTESIAN_POINT ( 'NONE',  ( 5.485000000000000320, 0.4049999999999998601, 4.799999999999999822 ) ) ;
#2230 = CLOSED_SHELL ( 'NONE', ( #3414, #5589, #8362, #9169, #4890, #8008, #4597, #5759, #6104, #5250, #4944, #989, #9526, #4021, #2191, #7262, #1134, #1389 ) ) ;
#2231 = EDGE_CURVE ( 'NONE', #10003, #11738, #8987, .T. ) ;
#2232 = CARTESIAN_POINT ( 'NONE',  ( -4.330000000000000071, 0.5050000000000005596, 4.900000000000000355 ) ) ;
#2233 = EDGE_CURVE ( 'NONE', #9289, #6957, #7472, .T. ) ;
#2234 = EDGE_LOOP ( 'NONE', ( #7238, #9462, #2936, #2983 ) ) ;
#2235 = LINE ( 'NONE', #2058, #8816 ) ;
#2236 = ORIENTED_EDGE ( 'NONE', *, *, #9599, .F. ) ;
#2237 = DIRECTION ( 'NONE',  ( 2.099659365964729900E-16, -9.303908184768099600E-32, 1.000000000000000000 ) ) ;
#2238 = VECTOR ( 'NONE', #11265, 1000.000000000000000 ) ;
#2239 = DIRECTION ( 'NONE',  ( 0.0000000000000000000, 0.0000000000000000000, -1.000000000000000000 ) ) ;
#2240 = VERTEX_POINT ( 'NONE', #7534 ) ;
#2241 = PLANE ( 'NONE',  #6379 ) ;
#2242 = LINE ( 'NONE', #272, #5236 ) ;
#2243 = DIRECTION ( 'NONE',  ( 0.5773502691896298389, -0.5773502691896199579, 0.5773502691896273964 ) ) ;
#2244 = EDGE_CURVE ( 'NONE', #3276, #449, #2185, .T. ) ;
#2245 = LINE ( 'NONE', #3322, #11596 ) ;
#2246 = EDGE_LOOP ( 'NONE', ( #7816, #10054, #7695, #4972 ) ) ;
#2247 = EDGE_CURVE ( 'NONE', #1667, #10902, #10247, .T. ) ;
#2248 = ORIENTED_EDGE ( 'NONE', *, *, #6904, .F. ) ;
#2249 =( GEOMETRIC_REPRESENTATION_CONTEXT ( 3 ) GLOBAL_UNCERTAINTY_ASSIGNED_CONTEXT ( ( #3021 ) ) GLOBAL_UNIT_ASSIGNED_CONTEXT ( ( #910, #7038, #10794 ) ) REPRESENTATION_CONTEXT ( 'NONE', 'WORKASPACE' ) );
#2250 = LINE ( 'NONE', #6637, #4876 ) ;
#2251 = PLANE ( 'NONE',  #7465 ) ;
#2252 = VERTEX_POINT ( 'NONE', #4858 ) ;
#2253 = CARTESIAN_POINT ( 'NONE',  ( 5.485000000000000320, -0.8649999999999999911, 4.900000000000000355 ) ) ;
#2254 = DIRECTION ( 'NONE',  ( 0.0000000000000000000, -1.000000000000000000, 0.0000000000000000000 ) ) ;
#2255 = VERTEX_POINT ( 'NONE', #11110 ) ;
#2256 = EDGE_CURVE ( 'NONE', #10513, #825, #2966, .T. ) ;
#2257 = ORIENTED_EDGE ( 'NONE', *, *, #3213, .F. ) ;
#2258 = PLANE ( 'NONE',  #1818 ) ;
#2259 = VERTEX_POINT ( 'NONE', #5811 ) ;
#2260 = EDGE_CURVE ( 'NONE', #283, #2255, #3141, .T. ) ;
#2261 = DIRECTION ( 'NONE',  ( -0.0000000000000000000, -0.0000000000000000000, -1.000000000000000000 ) ) ;
#2262 = ORIENTED_EDGE ( 'NONE', *, *, #3436, .T. ) ;
#2263 = FACE_OUTER_BOUND ( 'NONE', #3631, .T. ) ;
#2264 = ORIENTED_EDGE ( 'NONE', *, *, #9477, .T. ) ;
#2265 = DIRECTION ( 'NONE',  ( -0.0000000000000000000, 1.000000000000000000, 0.0000000000000000000 ) ) ;
#2266 = VERTEX_POINT ( 'NONE', #1226 ) ;
#2267 = EDGE_CURVE ( 'NONE', #7263, #6343, #6573, .T. ) ;
#2268 =( LENGTH_UNIT ( ) NAMED_UNIT ( * ) SI_UNIT ( .MILLI., .METRE. ) );
#2269 = LINE ( 'NONE', #355, #5006 ) ;
#2270 = CARTESIAN_POINT ( 'NONE',  ( -9.000000000002911449, 2.050000000040750336, 5.200000000000001066 ) ) ;
#2271 = ADVANCED_FACE ( 'NONE', ( #9445 ), #8427, .F. ) ;
#2272 = DIRECTION ( 'NONE',  ( 2.082970027439319880E-16, -1.000000000000000000, 6.123233995736769734E-17 ) ) ;
#2273 = ORIENTED_EDGE ( 'NONE', *, *, #10306, .T. ) ;
#2274 = VECTOR ( 'NONE', #5751, 1000.000000000000114 ) ;
#2275 = ORIENTED_EDGE ( 'NONE', *, *, #6289, .F. ) ;
#2276 = ADVANCED_FACE ( 'NONE', ( #9385 ), #3083, .F. ) ;
#2277 = AXIS2_PLACEMENT_3D ( 'NONE', #5812, #7767, #10511 ) ;
#2278 = DIRECTION ( 'NONE',  ( 0.0000000000000000000, 0.0000000000000000000, -1.000000000000000000 ) ) ;
#2279 = FACE_OUTER_BOUND ( 'NONE', #10089, .T. ) ;
#2280 = ORIENTED_EDGE ( 'NONE', *, *, #4737, .T. ) ;
#2281 = DIRECTION ( 'NONE',  ( 0.0000000000000000000, 0.0000000000000000000, 1.000000000000000000 ) ) ;
#2282 = AXIS2_PLACEMENT_3D ( 'NONE', #10088, #7530, #270 ) ;
#2283 = CARTESIAN_POINT ( 'NONE',  ( -2.944999999999999840, -0.4050000000000000266, 4.799999999999999822 ) ) ;
#2284 = DIRECTION ( 'NONE',  ( -0.7071067811865489050, 0.0000000000000000000, 0.7071067811865460184 ) ) ;
#2285 = DIRECTION ( 'NONE',  ( -1.000000000000000000, 2.082970027439319880E-16, 1.156280642033610094E-31 ) ) ;
#2286 = CARTESIAN_POINT ( 'NONE',  ( -2.134999999999999787, 0.8649999999999995470, 0.4800000000000011480 ) ) ;
#2287 = CARTESIAN_POINT ( 'NONE',  ( -3.405000000000000249, -0.4050000000000000266, 0.4600000000000011857 ) ) ;
#2288 = ORIENTED_EDGE ( 'NONE', *, *, #755, .T. ) ;
#2289 = FACE_OUTER_BOUND ( 'NONE', #3615, .T. ) ;
#2290 = DIRECTION ( 'NONE',  ( -0.5773502691896280625, -0.5773502691896236216, 0.5773502691896253980 ) ) ;
#2291 = VECTOR ( 'NONE', #7621, 1000.000000000000000 ) ;
#2292 = ORIENTED_EDGE ( 'NONE', *, *, #6649, .T. ) ;
#2293 = LINE ( 'NONE', #9611, #9009 ) ;
#2294 = LINE ( 'NONE', #4141, #10158 ) ;
#2295 = DIRECTION ( 'NONE',  ( 0.0000000000000000000, 1.000000000000000000, 0.0000000000000000000 ) ) ;
#2296 = VERTEX_POINT ( 'NONE', #10327 ) ;
#2297 = EDGE_CURVE ( 'NONE', #3080, #3036, #8485, .T. ) ;
#2298 = FACE_OUTER_BOUND ( 'NONE', #7431, .T. ) ;
#2299 = DIRECTION ( 'NONE',  ( 0.0000000000000000000, 1.000000000000000000, 0.0000000000000000000 ) ) ;
#2300 = LINE ( 'NONE', #4268, #9309 ) ;
#2301 = VECTOR ( 'NONE', #4316, 1000.000000000000000 ) ;
#2302 = VECTOR ( 'NONE', #2404, 1000.000000000000000 ) ;
#2303 = CARTESIAN_POINT ( 'NONE',  ( 5.945000000000000284, 0.8649999999999999911, 4.799999999999999822 ) ) ;
#2304 = EDGE_LOOP ( 'NONE', ( #6273, #1674, #3838, #7545 ) ) ;
#2305 = ORIENTED_EDGE ( 'NONE', *, *, #5003, .F. ) ;
#2306 = CARTESIAN_POINT ( 'NONE',  ( -0.7649999999999994582, -0.7650000000000000133, 4.900000000000000355 ) ) ;
#2307 = PLANE ( 'NONE',  #4046 ) ;
#2308 = VERTEX_POINT ( 'NONE', #9331 ) ;
#2309 = VECTOR ( 'NONE', #9218, 1000.000000000000114 ) ;
#2310 = CARTESIAN_POINT ( 'NONE',  ( 0.5050000000000000044, 0.5050000000000003375, 4.900000000000000355 ) ) ;
#2311 = CARTESIAN_POINT ( 'NONE',  ( -3.405000000000000249, -0.4050000000000000266, 4.900000000000000355 ) ) ;
#2312 = EDGE_LOOP ( 'NONE', ( #103, #8504, #10811, #357 ) ) ;
#2313 = EDGE_CURVE ( 'NONE', #2075, #8564, #6691, .T. ) ;
#2314 = CARTESIAN_POINT ( 'NONE',  ( -4.445000000000000284, -0.8849999999999998979, 9.757819552369539906E-16 ) ) ;
#2315 = EDGE_LOOP ( 'NONE', ( #9874, #202, #4501, #6938 ) ) ;
#2316 = ORIENTED_EDGE ( 'NONE', *, *, #6514, .T. ) ;
#2317 = CARTESIAN_POINT ( 'NONE',  ( 5.945000000000000284, -0.4049999999999996381, 0.4800000000000011480 ) ) ;
#2318 = SURFACE_STYLE_USAGE ( .BOTH. , #10468 ) ;
#2319 = CARTESIAN_POINT ( 'NONE',  ( 3.405000000000000249, 0.8850000000000000089, 7.632783294297950229E-16 ) ) ;
#2320 = EDGE_CURVE ( 'NONE', #7475, #10397, #6631, .T. ) ;
#2321 = ORIENTED_EDGE ( 'NONE', *, *, #1447, .T. ) ;
#2322 = DIRECTION ( 'NONE',  ( 1.000000000000000000, 2.082970027439319880E-16, -1.156280642033610094E-31 ) ) ;
#2323 = ORIENTED_EDGE ( 'NONE', *, *, #4807, .F. ) ;
#2324 = PRESENTATION_LAYER_ASSIGNMENT (  '', '', ( #2532 ) ) ;
#2325 = CARTESIAN_POINT ( 'NONE',  ( 5.945000000000000284, -0.4050000000000000266, 4.799999999999999822 ) ) ;
#2326 = VERTEX_POINT ( 'NONE', #8541 ) ;
#2327 = EDGE_CURVE ( 'NONE', #7421, #2608, #3963, .T. ) ;
#2328 = PLANE ( 'NONE',  #10156 ) ;
#2329 = CARTESIAN_POINT ( 'NONE',  ( 0.4050000000000000266, -0.4050000000000000266, 4.900000000000000355 ) ) ;
#2330 = CARTESIAN_POINT ( 'NONE',  ( -8.600000000002909317, 1.650000000040749981, 2.100000000000000089 ) ) ;
#2331 = ORIENTED_EDGE ( 'NONE', *, *, #3918, .T. ) ;
#2332 = FACE_OUTER_BOUND ( 'NONE', #4603, .T. ) ;
#2333 = VECTOR ( 'NONE', #8448, 1000.000000000000000 ) ;
#2334 = DIRECTION ( 'NONE',  ( -1.000000000000000000, 0.0000000000000000000, -0.0000000000000000000 ) ) ;
#2335 = EDGE_CURVE ( 'NONE', #9126, #197, #4018, .T. ) ;
#2336 = ADVANCED_FACE ( 'NONE', ( #10151 ), #5863, .T. ) ;
#2337 = ADVANCED_FACE ( 'NONE', ( #5642 ), #8368, .T. ) ;
#2338 = AXIS2_PLACEMENT_3D ( 'NONE', #1661, #10639, #9681 ) ;
#2339 = LINE ( 'NONE', #7741, #9968 ) ;
#2340 = CARTESIAN_POINT ( 'NONE',  ( 5.714999999999999858, -2.500000000000000000, 0.5999999999999999778 ) ) ;
#2341 = ORIENTED_EDGE ( 'NONE', *, *, #376, .F. ) ;
#2342 = DIRECTION ( 'NONE',  ( 1.953503796022424979E-47, 1.000000000000000000, 9.303908184768099600E-32 ) ) ;
#2343 = FACE_OUTER_BOUND ( 'NONE', #9749, .T. ) ;
#2344 = DIRECTION ( 'NONE',  ( 0.0000000000000000000, -8.915067114227699459E-17, -1.000000000000000000 ) ) ;
#2345 = ORIENTED_EDGE ( 'NONE', *, *, #8549, .T. ) ;
#2346 = LINE ( 'NONE', #494, #10550 ) ;
#2347 = LINE ( 'NONE', #5906, #189 ) ;
#2348 = DIRECTION ( 'NONE',  ( 0.0000000000000000000, 1.000000000000000000, 0.0000000000000000000 ) ) ;
#2349 = LINE ( 'NONE', #6987, #218 ) ;
#2350 = ADVANCED_FACE ( 'NONE', ( #3441 ), #4203, .T. ) ;
#2351 = AXIS2_PLACEMENT_3D ( 'NONE', #9549, #2481, #4139 ) ;
#2352 = DIRECTION ( 'NONE',  ( -1.953503796022424979E-47, -1.000000000000000000, -9.303908184768099600E-32 ) ) ;
#2353 = ORIENTED_EDGE ( 'NONE', *, *, #9300, .T. ) ;
#2354 = EDGE_CURVE ( 'NONE', #2619, #11382, #5215, .T. ) ;
#2355 = DIRECTION ( 'NONE',  ( 0.0000000000000000000, -1.000000000000000000, -0.0000000000000000000 ) ) ;
#2356 = DIRECTION ( 'NONE',  ( 1.000000000000000000, 2.082970027439319880E-16, -1.156280642033610094E-31 ) ) ;
#2357 = ORIENTED_EDGE ( 'NONE', *, *, #2564, .T. ) ;
#2358 = CARTESIAN_POINT ( 'NONE',  ( -5.844999999999999751, 0.7649999999999996803, 4.900000000000000355 ) ) ;
#2359 = VECTOR ( 'NONE', #611, 1000.000000000000000 ) ;
#2360 = FACE_OUTER_BOUND ( 'NONE', #633, .T. ) ;
#2361 = CARTESIAN_POINT ( 'NONE',  ( 4.575000000000000178, -3.299999999999999822, 0.1000000000000007827 ) ) ;
#2362 = VECTOR ( 'NONE', #1647, 1000.000000000000000 ) ;
#2363 = DIRECTION ( 'NONE',  ( 0.0000000000000000000, -1.000000000000000000, 0.0000000000000000000 ) ) ;
#2364 = ORIENTED_EDGE ( 'NONE', *, *, #7663, .F. ) ;
#2365 = ORIENTED_EDGE ( 'NONE', *, *, #11149, .T. ) ;
#2366 = DIRECTION ( 'NONE',  ( -0.5773502691896296168, -0.5773502691896227335, -0.5773502691896247319 ) ) ;
#2367 = DIRECTION ( 'NONE',  ( 0.0000000000000000000, 1.000000000000000000, -0.0000000000000000000 ) ) ;
#2368 = VERTEX_POINT ( 'NONE', #6040 ) ;
#2369 = VECTOR ( 'NONE', #10760, 1000.000000000000000 ) ;
#2370 = AXIS2_PLACEMENT_3D ( 'NONE', #9478, #5899, #6911 ) ;
#2371 = CARTESIAN_POINT ( 'NONE',  ( -3.304999999999999716, -0.5200000000000000178, 4.899999999999999467 ) ) ;
#2372 = CARTESIAN_POINT ( 'NONE',  ( 3.305000000000000160, -3.299999999999999822, 0.2300000000000010092 ) ) ;
#2373 = ORIENTED_EDGE ( 'NONE', *, *, #6927, .T. ) ;
#2374 = VECTOR ( 'NONE', #3109, 1000.000000000000000 ) ;
#2375 = STYLED_ITEM ( 'NONE', ( #7265 ), #8506 ) ;
#2376 = VERTEX_POINT ( 'NONE', #3260 ) ;
#2377 = VECTOR ( 'NONE', #7901, 1000.000000000000000 ) ;
#2378 = FACE_OUTER_BOUND ( 'NONE', #5087, .T. ) ;
#2379 = EDGE_CURVE ( 'NONE', #6654, #11210, #11527, .T. ) ;
#2380 = EDGE_CURVE ( 'NONE', #5445, #4378, #2426, .T. ) ;
#2381 = CARTESIAN_POINT ( 'NONE',  ( 1.905000000000000027, 2.500000000000000000, 0.5999999999999999778 ) ) ;
#2382 = EDGE_CURVE ( 'NONE', #2902, #5931, #7053, .T. ) ;
#2383 = DIRECTION ( 'NONE',  ( -0.0000000000000000000, -0.0000000000000000000, -1.000000000000000000 ) ) ;
#2384 = ORIENTED_EDGE ( 'NONE', *, *, #4216, .T. ) ;
#2385 = CARTESIAN_POINT ( 'NONE',  ( 4.214999999999999858, -0.8649999999999999911, 4.900000000000000355 ) ) ;
#2386 = EDGE_LOOP ( 'NONE', ( #1294, #9259, #2448, #4466 ) ) ;
#2387 = AXIS2_PLACEMENT_3D ( 'NONE', #964, #8, #3642 ) ;
#2388 = PRESENTATION_LAYER_ASSIGNMENT (  '', '', ( #6941 ) ) ;
#2389 = CARTESIAN_POINT ( 'NONE',  ( 5.945000000000000284, 3.200000000000000178, 8.673617379884035472E-16 ) ) ;
#2390 = LINE ( 'NONE', #6060, #10999 ) ;
#2391 = ORIENTED_EDGE ( 'NONE', *, *, #1550, .F. ) ;
#2392 = ORIENTED_EDGE ( 'NONE', *, *, #3436, .F. ) ;
#2393 = PLANE ( 'NONE',  #2001 ) ;
#2394 = LINE ( 'NONE', #5127, #1316 ) ;
#2395 = CARTESIAN_POINT ( 'NONE',  ( -1.604999999999999982, -2.500000000000000000, 0.2999999999999999889 ) ) ;
#2396 = EDGE_CURVE ( 'NONE', #8810, #1339, #1471, .T. ) ;
#2397 = ORIENTED_EDGE ( 'NONE', *, *, #662, .F. ) ;
#2398 = VECTOR ( 'NONE', #7764, 1000.000000000000000 ) ;
#2399 = EDGE_CURVE ( 'NONE', #4378, #4863, #10449, .T. ) ;
#2400 = ORIENTED_EDGE ( 'NONE', *, *, #8737, .F. ) ;
#2401 = VECTOR ( 'NONE', #4398, 1000.000000000000000 ) ;
#2402 = CARTESIAN_POINT ( 'NONE',  ( 1.675000000000000044, 0.4050000000000000266, 4.799999999999999822 ) ) ;
#2403 = CARTESIAN_POINT ( 'NONE',  ( -0.5200000000000000178, 3.299999999999999822, 0.1000000000000008105 ) ) ;
#2404 = DIRECTION ( 'NONE',  ( -0.0000000000000000000, -1.000000000000000000, -0.0000000000000000000 ) ) ;
#2405 = ORIENTED_EDGE ( 'NONE', *, *, #800, .F. ) ;
#2406 = DIRECTION ( 'NONE',  ( -1.000000000000000000, 0.0000000000000000000, 0.0000000000000000000 ) ) ;
#2407 = DIRECTION ( 'NONE',  ( -1.000000000000000000, 0.0000000000000000000, 2.099659365964729900E-16 ) ) ;
#2408 = EDGE_CURVE ( 'NONE', #11249, #9402, #8795, .T. ) ;
#2409 = ORIENTED_EDGE ( 'NONE', *, *, #6773, .F. ) ;
#2410 = CARTESIAN_POINT ( 'NONE',  ( 8.600000000002909317, -1.650000000040749981, 2.100000000000000089 ) ) ;
#2411 = CARTESIAN_POINT ( 'NONE',  ( -5.584999999999999964, -0.5050000000000001155, 4.900000000000000355 ) ) ;
#2412 = CARTESIAN_POINT ( 'NONE',  ( 2.944999999999999840, 0.4050000000000000266, 4.799999999999999822 ) ) ;
#2413 = CARTESIAN_POINT ( 'NONE',  ( 4.675000000000000711, -0.8850000000000000089, 0.4800000000000009814 ) ) ;
#2414 = EDGE_CURVE ( 'NONE', #6596, #4334, #8732, .T. ) ;
#2415 = EDGE_LOOP ( 'NONE', ( #1372, #4148, #2566, #3282 ) ) ;
#2416 = VECTOR ( 'NONE', #8680, 1000.000000000000000 ) ;
#2417 = CARTESIAN_POINT ( 'NONE',  ( -0.4050000000000000266, 0.8850000000000000089, 0.4800000000000009814 ) ) ;
#2418 = DIRECTION ( 'NONE',  ( -0.0000000000000000000, -0.0000000000000000000, 1.000000000000000000 ) ) ;
#2419 = ORIENTED_EDGE ( 'NONE', *, *, #9759, .F. ) ;
#2420 = LINE ( 'NONE', #560, #7863 ) ;
#2421 = DIRECTION ( 'NONE',  ( 0.0000000000000000000, 0.0000000000000000000, -1.000000000000000000 ) ) ;
#2422 = ORIENTED_EDGE ( 'NONE', *, *, #2975, .F. ) ;
#2423 = PLANE ( 'NONE',  #9418 ) ;
#2424 = VECTOR ( 'NONE', #10951, 1000.000000000000000 ) ;
#2425 = CARTESIAN_POINT ( 'NONE',  ( -0.7650000000000000133, 3.299999999999999822, 0.3600000000000010414 ) ) ;
#2426 = LINE ( 'NONE', #4146, #5695 ) ;
#2427 = EDGE_CURVE ( 'NONE', #9036, #10599, #2300, .T. ) ;
#2428 = CARTESIAN_POINT ( 'NONE',  ( -3.305000000000000160, -3.299999999999999378, 0.3600000000000009304 ) ) ;
#2429 = ORIENTED_EDGE ( 'NONE', *, *, #3801, .T. ) ;
#2430 = EDGE_CURVE ( 'NONE', #2442, #4904, #7590, .T. ) ;
#2431 = ORIENTED_EDGE ( 'NONE', *, *, #10628, .F. ) ;
#2432 = LINE ( 'NONE', #7831, #6009 ) ;
#2433 = CARTESIAN_POINT ( 'NONE',  ( -3.305000000000000160, -0.7649999999999996803, 4.899999999999999467 ) ) ;
#2434 = VERTEX_POINT ( 'NONE', #9555 ) ;
#2435 = COLOUR_RGB ( '',0.6980392156862744724, 0.5490196078431373028, 0.003921568627450980338 ) ;
#2436 = DIRECTION ( 'NONE',  ( 0.0000000000000000000, -1.000000000000000000, -8.915067114227699459E-17 ) ) ;
#2437 = ORIENTED_EDGE ( 'NONE', *, *, #2082, .F. ) ;
#2438 = ADVANCED_FACE ( 'NONE', ( #6095 ), #11469, .F. ) ;
#2439 = VECTOR ( 'NONE', #3107, 1000.000000000000000 ) ;
#2440 = ORIENTED_EDGE ( 'NONE', *, *, #10711, .F. ) ;
#2441 = PLANE ( 'NONE',  #1937 ) ;
#2442 = VERTEX_POINT ( 'NONE', #9496 ) ;
#2443 = DIRECTION ( 'NONE',  ( -1.000000000000000000, -2.082970027439319880E-16, 1.156280642033610094E-31 ) ) ;
#2444 = DIRECTION ( 'NONE',  ( -1.000000000000000000, 2.082970027439319880E-16, 1.156280642033610094E-31 ) ) ;
#2445 = CARTESIAN_POINT ( 'NONE',  ( 2.205000000000000959, 2.500000000000000000, 0.2999999999999999889 ) ) ;
#2446 = CARTESIAN_POINT ( 'NONE',  ( -3.405000000000000249, 0.8850000000000000089, 0.4600000000000010192 ) ) ;
#2447 = DIRECTION ( 'NONE',  ( 0.0000000000000000000, 1.000000000000000000, 0.0000000000000000000 ) ) ;
#2448 = ORIENTED_EDGE ( 'NONE', *, *, #9885, .T. ) ;
#2449 = AXIS2_PLACEMENT_3D ( 'NONE', #2330, #8513, #2214 ) ;
#2450 = DIRECTION ( 'NONE',  ( -0.5773502691896299499, 0.5773502691896225114, 0.5773502691896250649 ) ) ;
#2451 =( NAMED_UNIT ( * ) PLANE_ANGLE_UNIT ( ) SI_UNIT ( $, .RADIAN. ) );
#2452 = ORIENTED_EDGE ( 'NONE', *, *, #6953, .T. ) ;
#2453 = PRODUCT_RELATED_PRODUCT_CATEGORY ( 'part', '', ( #2914 ) ) ;
#2454 = ORIENTED_EDGE ( 'NONE', *, *, #631, .F. ) ;
#2455 = EDGE_CURVE ( 'NONE', #3101, #5779, #6870, .T. ) ;
#2456 = FACE_OUTER_BOUND ( 'NONE', #7298, .T. ) ;
#2457 = DIRECTION ( 'NONE',  ( -1.000000000000000000, -1.665334536937729880E-16, 0.0000000000000000000 ) ) ;
#2458 =( LENGTH_UNIT ( ) NAMED_UNIT ( * ) SI_UNIT ( .MILLI., .METRE. ) );
#2459 = ORIENTED_EDGE ( 'NONE', *, *, #3032, .F. ) ;
#2460 = LINE ( 'NONE', #1499, #4399 ) ;
#2461 = ORIENTED_EDGE ( 'NONE', *, *, #3188, .T. ) ;
#2462 = STYLED_ITEM ( 'NONE', ( #5059 ), #996 ) ;
#2463 = EDGE_LOOP ( 'NONE', ( #4319, #1917, #1565, #4069, #2419, #1401, #7608, #753 ) ) ;
#2464 = VERTEX_POINT ( 'NONE', #2546 ) ;
#2465 = DIRECTION ( 'NONE',  ( 0.0000000000000000000, 1.000000000000000000, -0.0000000000000000000 ) ) ;
#2466 = EDGE_CURVE ( 'NONE', #1556, #7321, #6936, .T. ) ;
#2467 = DIRECTION ( 'NONE',  ( 0.0000000000000000000, 1.000000000000000000, 0.0000000000000000000 ) ) ;
#2468 = EDGE_CURVE ( 'NONE', #9542, #5565, #4968, .T. ) ;
#2469 = PLANE ( 'NONE',  #86 ) ;
#2470 = CARTESIAN_POINT ( 'NONE',  ( -3.405000000000000249, -0.8649999999999999911, 4.900000000000000355 ) ) ;
#2471 = DIRECTION ( 'NONE',  ( 0.0000000000000000000, 0.0000000000000000000, 1.000000000000000000 ) ) ;
#2472 = DIRECTION ( 'NONE',  ( 0.0000000000000000000, 0.0000000000000000000, 1.000000000000000000 ) ) ;
#2473 = CYLINDRICAL_SURFACE ( 'NONE', #9618, 0.4800000000000000933 ) ;
#2474 = CARTESIAN_POINT ( 'NONE',  ( -0.4050000000000000266, 0.4050000000000000266, 4.900000000000000355 ) ) ;
#2475 = ORIENTED_EDGE ( 'NONE', *, *, #950, .T. ) ;
#2476 = CARTESIAN_POINT ( 'NONE',  ( -0.9350000000000002753, -2.499999999999999556, 0.5999999999999999778 ) ) ;
#2477 = FACE_OUTER_BOUND ( 'NONE', #3494, .T. ) ;
#2478 = ORIENTED_EDGE ( 'NONE', *, *, #1246, .T. ) ;
#2479 = EDGE_CURVE ( 'NONE', #8158, #5360, #11410, .T. ) ;
#2480 = CIRCLE ( 'NONE', #6848, 0.02000000000000005246 ) ;
#2481 = DIRECTION ( 'NONE',  ( 0.0000000000000000000, -1.000000000000000000, 8.915067114227699459E-17 ) ) ;
#2482 = LINE ( 'NONE', #6091, #11226 ) ;
#2483 = ORIENTED_EDGE ( 'NONE', *, *, #6246, .T. ) ;
#2484 = ADVANCED_FACE ( 'NONE', ( #8672 ), #4080, .F. ) ;
#2485 = CARTESIAN_POINT ( 'NONE',  ( 5.535000000000000142, -3.250000000000000444, 2.564999999999999947 ) ) ;
#2486 = DIRECTION ( 'NONE',  ( 0.0000000000000000000, 0.0000000000000000000, 1.000000000000000000 ) ) ;
#2487 = CARTESIAN_POINT ( 'NONE',  ( -5.945000000000000284, 0.8850000000000000089, 0.4800000000000009814 ) ) ;
#2488 = LINE ( 'NONE', #8068, #2677 ) ;
#2489 = EDGE_LOOP ( 'NONE', ( #6227, #6816, #6336, #1423 ) ) ;
#2490 = AXIS2_PLACEMENT_3D ( 'NONE', #5337, #2548, #5455 ) ;
#2491 = AXIS2_PLACEMENT_3D ( 'NONE', #2311, #11359, #7959 ) ;
#2492 = EDGE_LOOP ( 'NONE', ( #7589, #6593, #7054, #9702 ) ) ;
#2493 = LINE ( 'NONE', #4273, #695 ) ;
#2494 = LINE ( 'NONE', #5223, #9942 ) ;
#2495 = ORIENTED_EDGE ( 'NONE', *, *, #8257, .F. ) ;
#2496 = EDGE_CURVE ( 'NONE', #6324, #9836, #10543, .T. ) ;
#2497 = DIRECTION ( 'NONE',  ( 1.000000000000000000, -0.0000000000000000000, 0.0000000000000000000 ) ) ;
#2498 = CARTESIAN_POINT ( 'NONE',  ( -4.315000000000000391, -3.299999999999999378, 0.1000000000000008105 ) ) ;
#2499 = VERTEX_POINT ( 'NONE', #1778 ) ;
#2500 = EDGE_CURVE ( 'NONE', #221, #148, #1496, .T. ) ;
#2501 = VECTOR ( 'NONE', #311, 1000.000000000000000 ) ;
#2502 = ADVANCED_FACE ( 'NONE', ( #6010 ), #9646, .F. ) ;
#2503 = ORIENTED_EDGE ( 'NONE', *, *, #8302, .T. ) ;
#2504 = LINE ( 'NONE', #7843, #2700 ) ;
#2505 = CARTESIAN_POINT ( 'NONE',  ( 5.584999999999999964, -3.299999999999999378, 0.3600000000000009304 ) ) ;
#2506 = AXIS2_PLACEMENT_3D ( 'NONE', #3171, #9360, #11320 ) ;
#2507 =( NAMED_UNIT ( * ) SI_UNIT ( $, .STERADIAN. ) SOLID_ANGLE_UNIT ( ) );
#2508 = ORIENTED_EDGE ( 'NONE', *, *, #4742, .F. ) ;
#2509 = DIRECTION ( 'NONE',  ( 0.5773502691896224004, -0.5773502691896273964, 0.5773502691896273964 ) ) ;
#2510 = EDGE_LOOP ( 'NONE', ( #654, #998, #6527, #8632 ) ) ;
#2511 = LINE ( 'NONE', #7789, #10335 ) ;
#2512 = ORIENTED_EDGE ( 'NONE', *, *, #5742, .T. ) ;
#2513 = VECTOR ( 'NONE', #3865, 1000.000000000000114 ) ;
#2514 = ORIENTED_EDGE ( 'NONE', *, *, #1106, .F. ) ;
#2515 = CARTESIAN_POINT ( 'NONE',  ( 2.134999999999999787, 0.8649999999999999911, 4.900000000000000355 ) ) ;
#2516 = DIRECTION ( 'NONE',  ( -0.7071067811865441310, 0.7071067811865510144, 4.329780281177489848E-17 ) ) ;
#2517 = ORIENTED_EDGE ( 'NONE', *, *, #8988, .T. ) ;
#2518 = DIRECTION ( 'NONE',  ( -1.665334536937729880E-16, -1.000000000000000000, -0.0000000000000000000 ) ) ;
#2519 = CARTESIAN_POINT ( 'NONE',  ( 0.4050000000000000266, -0.8649999999999999911, 4.900000000000000355 ) ) ;
#2520 = ORIENTED_EDGE ( 'NONE', *, *, #62, .F. ) ;
#2521 = SURFACE_STYLE_FILL_AREA ( #6069 ) ;
#2522 = AXIS2_PLACEMENT_3D ( 'NONE', #7101, #2710, #3652 ) ;
#2523 = EDGE_CURVE ( 'NONE', #7011, #7317, #2394, .T. ) ;
#2524 = EDGE_LOOP ( 'NONE', ( #1710, #6429, #6230, #9483 ) ) ;
#2525 = CARTESIAN_POINT ( 'NONE',  ( -1.675000000000000044, 3.200000000000000178, 7.632783294297948257E-16 ) ) ;
#2526 = CARTESIAN_POINT ( 'NONE',  ( 0.5049999999999990052, 3.299999999999999822, 0.2300000000000010092 ) ) ;
#2527 = CARTESIAN_POINT ( 'NONE',  ( -4.214999999999999858, -0.4050000000000000266, 4.900000000000000355 ) ) ;
#2528 = CARTESIAN_POINT ( 'NONE',  ( 8.600000000002909317, 1.650000000040750203, 2.100000000000000089 ) ) ;
#2529 = CARTESIAN_POINT ( 'NONE',  ( -4.675000000000000711, -3.200000000000000178, 0.4600000000000011302 ) ) ;
#2530 = VERTEX_POINT ( 'NONE', #11763 ) ;
#2531 = FACE_OUTER_BOUND ( 'NONE', #6923, .T. ) ;
#2532 = STYLED_ITEM ( 'NONE', ( #7923 ), #4660 ) ;
#2533 = PLANE ( 'NONE',  #10688 ) ;
#2534 = ORIENTED_EDGE ( 'NONE', *, *, #7900, .T. ) ;
#2535 = EDGE_CURVE ( 'NONE', #39, #6441, #7970, .T. ) ;
#2536 = ADVANCED_FACE ( 'NONE', ( #9103 ), #3619, .T. ) ;
#2537 = CARTESIAN_POINT ( 'NONE',  ( 5.585000000000000853, -0.5200000000000000178, 4.899999999999999467 ) ) ;
#2538 = ADVANCED_FACE ( 'NONE', ( #6284 ), #6965, .F. ) ;
#2539 = ORIENTED_EDGE ( 'NONE', *, *, #10306, .F. ) ;
#2540 = CIRCLE ( 'NONE', #6315, 0.4800000000000000933 ) ;
#2541 = CARTESIAN_POINT ( 'NONE',  ( -6.014999999999999680, 5.806605777328229749E-16, 0.2999999999999999889 ) ) ;
#2542 = CARTESIAN_POINT ( 'NONE',  ( 2.612972599797700035E-15, 2.500000000000000000, 0.2999999999999999889 ) ) ;
#2543 = VERTEX_POINT ( 'NONE', #9704 ) ;
#2544 = DIRECTION ( 'NONE',  ( 1.000000000000000000, 0.0000000000000000000, 0.0000000000000000000 ) ) ;
#2545 = CARTESIAN_POINT ( 'NONE',  ( -4.675000000000000711, -0.4050000000000000266, 4.799999999999999822 ) ) ;
#2546 = CARTESIAN_POINT ( 'NONE',  ( -2.944999999999999840, 0.4050000000000000266, 4.799999999999999822 ) ) ;
#2547 = ORIENTED_EDGE ( 'NONE', *, *, #7217, .F. ) ;
#2548 = DIRECTION ( 'NONE',  ( 0.0000000000000000000, -1.000000000000000000, 8.915067114227699459E-17 ) ) ;
#2549 = VERTEX_POINT ( 'NONE', #2801 ) ;
#2550 = VECTOR ( 'NONE', #3017, 1000.000000000000000 ) ;
#2551 = EDGE_LOOP ( 'NONE', ( #2174, #8682, #2024, #5982 ) ) ;
#2552 = PLANE ( 'NONE',  #10188 ) ;
#2553 = DIRECTION ( 'NONE',  ( 1.000000000000000000, 2.082970027439319880E-16, -1.156280642033610094E-31 ) ) ;
#2554 = ORIENTED_EDGE ( 'NONE', *, *, #11682, .T. ) ;
#2555 = EDGE_CURVE ( 'NONE', #5149, #4613, #8824, .T. ) ;
#2556 = LINE ( 'NONE', #6404, #2369 ) ;
#2557 = AXIS2_PLACEMENT_3D ( 'NONE', #5691, #3025, #4912 ) ;
#2558 = VECTOR ( 'NONE', #1644, 1000.000000000000000 ) ;
#2559 = CARTESIAN_POINT ( 'NONE',  ( 4.675000000000000711, -0.8649999999999999911, 4.799999999999999822 ) ) ;
#2560 = DIRECTION ( 'NONE',  ( 0.0000000000000000000, -0.7071067811865489050, -0.7071067811865460184 ) ) ;
#2561 = ORIENTED_EDGE ( 'NONE', *, *, #9190, .F. ) ;
#2562 = DIRECTION ( 'NONE',  ( -1.665334536937729880E-16, 1.000000000000000000, -0.0000000000000000000 ) ) ;
#2563 = ORIENTED_EDGE ( 'NONE', *, *, #3072, .F. ) ;
#2564 = EDGE_CURVE ( 'NONE', #7892, #10697, #1558, .T. ) ;
#2565 = LINE ( 'NONE', #9631, #4013 ) ;
#2566 = ORIENTED_EDGE ( 'NONE', *, *, #4636, .T. ) ;
#2567 = AXIS2_PLACEMENT_3D ( 'NONE', #4184, #11450, #909 ) ;
#2568 = CARTESIAN_POINT ( 'NONE',  ( -2.995000000000000107, 0.7500000000000000000, 4.850000000000000533 ) ) ;
#2569 = AXIS2_PLACEMENT_3D ( 'NONE', #10687, #8059, #6146 ) ;
#2570 = DIRECTION ( 'NONE',  ( -0.0000000000000000000, 1.000000000000000000, 0.0000000000000000000 ) ) ;
#2571 = EDGE_CURVE ( 'NONE', #4856, #4897, #7919, .T. ) ;
#2572 = LINE ( 'NONE', #9748, #5272 ) ;
#2573 = DIRECTION ( 'NONE',  ( -0.0000000000000000000, 1.000000000000000000, 0.0000000000000000000 ) ) ;
#2574 = FACE_OUTER_BOUND ( 'NONE', #1412, .T. ) ;
#2575 = ORIENTED_EDGE ( 'NONE', *, *, #655, .T. ) ;
#2576 = EDGE_LOOP ( 'NONE', ( #5507, #6885, #5381, #10029 ) ) ;
#2577 = VECTOR ( 'NONE', #3364, 1000.000000000000227 ) ;
#2578 = VECTOR ( 'NONE', #9595, 1000.000000000000000 ) ;
#2579 = VECTOR ( 'NONE', #1598, 1000.000000000000000 ) ;
#2580 = VERTEX_POINT ( 'NONE', #7240 ) ;
#2581 = EDGE_LOOP ( 'NONE', ( #882, #10209, #1066, #8056 ) ) ;
#2582 = EDGE_CURVE ( 'NONE', #6622, #2608, #11553, .T. ) ;
#2583 = CARTESIAN_POINT ( 'NONE',  ( 4.315000000000000391, -0.7650000000000000133, 4.900000000000000355 ) ) ;
#2584 = DIRECTION ( 'NONE',  ( -2.082970027439319880E-16, -1.000000000000000000, -6.123233995736769734E-17 ) ) ;
#2585 = VERTEX_POINT ( 'NONE', #10879 ) ;
#2586 = CIRCLE ( 'NONE', #9228, 0.02000000000000005246 ) ;
#2587 = MECHANICAL_DESIGN_GEOMETRIC_PRESENTATION_REPRESENTATION (  '', ( #2771 ), #8263 ) ;
#2588 = VECTOR ( 'NONE', #3382, 1000.000000000000000 ) ;
#2589 = VERTEX_POINT ( 'NONE', #3412 ) ;
#2590 = LINE ( 'NONE', #7153, #68 ) ;
#2591 = PRESENTATION_STYLE_ASSIGNMENT (( #4475 ) ) ;
#2592 = VECTOR ( 'NONE', #7823, 1000.000000000000000 ) ;
#2593 = VECTOR ( 'NONE', #3894, 1000.000000000000000 ) ;
#2594 = DIRECTION ( 'NONE',  ( 0.5773502691896240657, -0.5773502691896240657, -0.5773502691896290617 ) ) ;
#2595 = DIRECTION ( 'NONE',  ( 0.5773502691896224004, -0.5773502691896273964, -0.5773502691896273964 ) ) ;
#2596 = FACE_OUTER_BOUND ( 'NONE', #3964, .T. ) ;
#2597 = LINE ( 'NONE', #11571, #7706 ) ;
#2598 = PLANE ( 'NONE',  #9167 ) ;
#2599 = VERTEX_POINT ( 'NONE', #2735 ) ;
#2600 = AXIS2_PLACEMENT_3D ( 'NONE', #1754, #9953, #6258 ) ;
#2601 = VERTEX_POINT ( 'NONE', #10662 ) ;
#2602 = DIRECTION ( 'NONE',  ( -0.0000000000000000000, 1.000000000000000000, 0.0000000000000000000 ) ) ;
#2603 = DIRECTION ( 'NONE',  ( 1.000000000000000000, 0.0000000000000000000, -2.099659365964729900E-16 ) ) ;
#2604 = ORIENTED_EDGE ( 'NONE', *, *, #2535, .F. ) ;
#2605 = CARTESIAN_POINT ( 'NONE',  ( 0.6349999999999990097, -3.299999999999999822, 0.3600000000000009859 ) ) ;
#2606 = DIRECTION ( 'NONE',  ( 0.0000000000000000000, 0.0000000000000000000, -1.000000000000000000 ) ) ;
#2607 = CARTESIAN_POINT ( 'NONE',  ( -2.875000000000000000, -2.500000000000000000, 0.2999999999999999889 ) ) ;
#2608 = VERTEX_POINT ( 'NONE', #11437 ) ;
#2609 = EDGE_CURVE ( 'NONE', #5826, #2148, #1841, .T. ) ;
#2610 = EDGE_CURVE ( 'NONE', #10611, #7770, #534, .T. ) ;
#2611 = DIRECTION ( 'NONE',  ( -0.0000000000000000000, 1.000000000000000000, 0.0000000000000000000 ) ) ;
#2612 = VECTOR ( 'NONE', #10949, 1000.000000000000000 ) ;
#2613 = ORIENTED_EDGE ( 'NONE', *, *, #10754, .F. ) ;
#2614 = CARTESIAN_POINT ( 'NONE',  ( -5.485000000000000320, -3.200000000000000178, 0.4600000000000011857 ) ) ;
#2615 = CARTESIAN_POINT ( 'NONE',  ( 2.134999999999999787, -0.8649999999999999911, 4.799999999999999822 ) ) ;
#2616 = DIRECTION ( 'NONE',  ( 1.180114444483200076E-18, 0.7071067811865490160, 0.7071067811865461294 ) ) ;
#2617 = AXIS2_PLACEMENT_3D ( 'NONE', #3730, #7910, #9815 ) ;
#2618 = DIRECTION ( 'NONE',  ( 3.061616997868384251E-17, 3.061616997868414449E-17, 1.000000000000000000 ) ) ;
#2619 = VERTEX_POINT ( 'NONE', #4169 ) ;
#2620 = FACE_OUTER_BOUND ( 'NONE', #7210, .T. ) ;
#2621 = ADVANCED_FACE ( 'NONE', ( #3671 ), #7793, .F. ) ;
#2622 = DIRECTION ( 'NONE',  ( 1.000000000000000000, 0.0000000000000000000, -2.099659365964729900E-16 ) ) ;
#2623 = EDGE_CURVE ( 'NONE', #6053, #1206, #212, .T. ) ;
#2624 = ORIENTED_EDGE ( 'NONE', *, *, #7899, .F. ) ;
#2625 = ORIENTED_EDGE ( 'NONE', *, *, #4713, .T. ) ;
#2626 = CLOSED_SHELL ( 'NONE', ( #9196, #5586, #4610, #8870, #4230, #10790, #9644, #1668, #7640, #7782, #258, #5021, #11723, #1728, #6729, #916, #8577, #6190 ) ) ;
#2627 = FACE_OUTER_BOUND ( 'NONE', #227, .T. ) ;
#2628 = DIRECTION ( 'NONE',  ( 0.0000000000000000000, 0.7071067811865489050, -0.7071067811865460184 ) ) ;
#2629 = LINE ( 'NONE', #3570, #6974 ) ;
#2630 = VERTEX_POINT ( 'NONE', #4801 ) ;
#2631 = CARTESIAN_POINT ( 'NONE',  ( -2.944999999999999840, -3.200000000000000178, 0.4600000000000011857 ) ) ;
#2632 = CARTESIAN_POINT ( 'NONE',  ( 2.220446049250309925E-15, 1.650000000040749981, 2.100000000000000089 ) ) ;
#2633 = VERTEX_POINT ( 'NONE', #3027 ) ;
#2634 = VECTOR ( 'NONE', #5012, 1000.000000000000000 ) ;
#2635 = VERTEX_POINT ( 'NONE', #3085 ) ;
#2636 = DIRECTION ( 'NONE',  ( -2.082970027439319880E-16, -1.000000000000000000, -6.123233995736769734E-17 ) ) ;
#2637 = EDGE_CURVE ( 'NONE', #3221, #9966, #4744, .T. ) ;
#2638 = CARTESIAN_POINT ( 'NONE',  ( -4.445000000000000284, -3.299999999999999822, 0.3600000000000009859 ) ) ;
#2639 = VERTEX_POINT ( 'NONE', #2125 ) ;
#2640 = DIRECTION ( 'NONE',  ( 1.000000000000000000, -2.082970027439319880E-16, 0.0000000000000000000 ) ) ;
#2641 = EDGE_LOOP ( 'NONE', ( #4958, #1229, #4215, #8283 ) ) ;
#2642 = CARTESIAN_POINT ( 'NONE',  ( 4.330000000000000071, -0.8149999999999999467, 4.850000000000000533 ) ) ;
#2643 = ORIENTED_EDGE ( 'NONE', *, *, #10533, .T. ) ;
#2644 = VERTEX_POINT ( 'NONE', #11112 ) ;
#2645 = EDGE_CURVE ( 'NONE', #2140, #9636, #8248, .T. ) ;
#2646 = DIRECTION ( 'NONE',  ( -0.5773502691896283956, 0.5773502691896219563, 0.5773502691896269523 ) ) ;
#2647 = DIRECTION ( 'NONE',  ( 0.0000000000000000000, -1.000000000000000000, -0.0000000000000000000 ) ) ;
#2648 = FILL_AREA_STYLE ('',( #7987 ) ) ;
#2649 = ADVANCED_FACE ( 'NONE', ( #5752 ), #997, .T. ) ;
#2650 = VECTOR ( 'NONE', #5707, 1000.000000000000000 ) ;
#2651 = DIRECTION ( 'NONE',  ( 0.0000000000000000000, 0.0000000000000000000, -1.000000000000000000 ) ) ;
#2652 = CARTESIAN_POINT ( 'NONE',  ( -0.8649999999999999911, 0.8850000000000000089, 8.598626602641726038E-16 ) ) ;
#2653 = VERTEX_POINT ( 'NONE', #2067 ) ;
#2654 = CARTESIAN_POINT ( 'NONE',  ( 0.4049999999999999711, -3.200000000000000178, 0.4600000000000011302 ) ) ;
#2655 = DIRECTION ( 'NONE',  ( -0.7071067811865489050, 0.7071067811865460184, 0.0000000000000000000 ) ) ;
#2656 = PLANE ( 'NONE',  #2600 ) ;
#2657 = DIRECTION ( 'NONE',  ( 0.0000000000000000000, -1.000000000000000000, 8.915067114227699459E-17 ) ) ;
#2658 = ORIENTED_EDGE ( 'NONE', *, *, #4155, .T. ) ;
#2659 = ORIENTED_EDGE ( 'NONE', *, *, #9085, .F. ) ;
#2660 = DIRECTION ( 'NONE',  ( 0.0000000000000000000, 1.000000000000000000, 0.0000000000000000000 ) ) ;
#2661 = CARTESIAN_POINT ( 'NONE',  ( -4.675000000000000711, -0.8850000000000000089, 0.4800000000000009814 ) ) ;
#2662 = EDGE_LOOP ( 'NONE', ( #4413, #10667, #6933, #7553 ) ) ;
#2663 = CARTESIAN_POINT ( 'NONE',  ( 3.405000000000000249, -0.4050000000000000266, 4.900000000000000355 ) ) ;
#2664 = CARTESIAN_POINT ( 'NONE',  ( -4.675000000000000711, -0.4049999999999998601, 0.4800000000000011480 ) ) ;
#2665 = CARTESIAN_POINT ( 'NONE',  ( -0.9350000000000001643, -2.500000000000000000, 0.2999999999999999889 ) ) ;
#2666 = VERTEX_POINT ( 'NONE', #105 ) ;
#2667 = CARTESIAN_POINT ( 'NONE',  ( 4.214999999999999858, 3.200000000000000178, 4.900000000000000355 ) ) ;
#2668 = VERTEX_POINT ( 'NONE', #3739 ) ;
#2669 = VERTEX_POINT ( 'NONE', #10998 ) ;
#2670 = CARTESIAN_POINT ( 'NONE',  ( 4.675000000000000711, -3.200000000000000178, 7.543336615067897100E-16 ) ) ;
#2671 = FACE_OUTER_BOUND ( 'NONE', #11402, .T. ) ;
#2672 = VECTOR ( 'NONE', #9676, 1000.000000000000000 ) ;
#2673 = EDGE_CURVE ( 'NONE', #9955, #1183, #5883, .T. ) ;
#2674 = CARTESIAN_POINT ( 'NONE',  ( -3.174999999999999822, 0.8850000000000000089, 0.4600000000000009637 ) ) ;
#2675 = LINE ( 'NONE', #6281, #5884 ) ;
#2676 = ORIENTED_EDGE ( 'NONE', *, *, #10340, .T. ) ;
#2677 = VECTOR ( 'NONE', #2840, 1000.000000000000000 ) ;
#2678 = VERTEX_POINT ( 'NONE', #6042 ) ;
#2679 = DIRECTION ( 'NONE',  ( 1.000000000000000000, 2.082970027439319880E-16, -1.156280642033610094E-31 ) ) ;
#2680 = ORIENTED_EDGE ( 'NONE', *, *, #6489, .T. ) ;
#2681 = CARTESIAN_POINT ( 'NONE',  ( 2.134999999999999787, 0.4050000000000000266, 4.799999999999999822 ) ) ;
#2682 = DIRECTION ( 'NONE',  ( -0.0000000000000000000, 0.0000000000000000000, 1.000000000000000000 ) ) ;
#2683 = DIRECTION ( 'NONE',  ( 0.0000000000000000000, -0.7071067811865461294, 0.7071067811865490160 ) ) ;
#2684 = EDGE_CURVE ( 'NONE', #5140, #6743, #2245, .T. ) ;
#2685 = VECTOR ( 'NONE', #9612, 999.9999999999998863 ) ;
#2686 = ORIENTED_EDGE ( 'NONE', *, *, #11252, .F. ) ;
#2687 = CARTESIAN_POINT ( 'NONE',  ( -0.6350000000000000089, 0.6350000000000000089, 4.900000000000000355 ) ) ;
#2688 = DIRECTION ( 'NONE',  ( 3.061616997868386716E-17, 3.061616997868399658E-17, -1.000000000000000000 ) ) ;
#2689 = VERTEX_POINT ( 'NONE', #2428 ) ;
#2690 = EDGE_LOOP ( 'NONE', ( #6899, #9392, #4581, #1789 ) ) ;
#2691 = DIRECTION ( 'NONE',  ( 0.0000000000000000000, -8.915067114227699459E-17, -1.000000000000000000 ) ) ;
#2692 = FACE_OUTER_BOUND ( 'NONE', #4037, .T. ) ;
#2693 = EDGE_LOOP ( 'NONE', ( #869, #1679, #5949, #10050 ) ) ;
#2694 = VECTOR ( 'NONE', #244, 1000.000000000000000 ) ;
#2695 = SURFACE_SIDE_STYLE ('',( #9939 ) ) ;
#2696 = CARTESIAN_POINT ( 'NONE',  ( -4.214999999999999858, 3.200000000000000178, 7.632783294297948257E-16 ) ) ;
#2697 = ADVANCED_FACE ( 'NONE', ( #11350 ), #10392, .F. ) ;
#2698 = ORIENTED_EDGE ( 'NONE', *, *, #9818, .F. ) ;
#2699 = EDGE_CURVE ( 'NONE', #11707, #4231, #3265, .T. ) ;
#2700 = VECTOR ( 'NONE', #10527, 1000.000000000000000 ) ;
#2701 =( NAMED_UNIT ( * ) SI_UNIT ( $, .STERADIAN. ) SOLID_ANGLE_UNIT ( ) );
#2702 = CARTESIAN_POINT ( 'NONE',  ( -6.014999999999999680, 2.499999999999999112, 0.5999999999999999778 ) ) ;
#2703 = EDGE_LOOP ( 'NONE', ( #10909, #531, #776, #3161, #522, #2478, #4673, #399 ) ) ;
#2704 = PLANE ( 'NONE',  #8074 ) ;
#2705 = CARTESIAN_POINT ( 'NONE',  ( -4.675000000000000711, 3.200000000000000178, 0.4600000000000010747 ) ) ;
#2706 = EDGE_CURVE ( 'NONE', #1704, #10279, #9677, .T. ) ;
#2707 = EDGE_CURVE ( 'NONE', #11115, #343, #5097, .T. ) ;
#2708 = VECTOR ( 'NONE', #6140, 1000.000000000000000 ) ;
#2709 = LINE ( 'NONE', #11625, #879 ) ;
#2710 = DIRECTION ( 'NONE',  ( -1.000000000000000000, 2.082970027439319880E-16, 1.156280642033610094E-31 ) ) ;
#2711 = EDGE_LOOP ( 'NONE', ( #9397, #9121, #4499, #7249 ) ) ;
#2712 = ADVANCED_FACE ( 'NONE', ( #5035 ), #11411, .F. ) ;
#2713 = ORIENTED_EDGE ( 'NONE', *, *, #4279, .F. ) ;
#2714 = LINE ( 'NONE', #2945, #5792 ) ;
#2715 = VECTOR ( 'NONE', #8038, 1000.000000000000000 ) ;
#2716 = PLANE ( 'NONE',  #3060 ) ;
#2717 = ORIENTED_EDGE ( 'NONE', *, *, #10384, .T. ) ;
#2718 = CARTESIAN_POINT ( 'NONE',  ( 2.944999999999999840, -3.200000000000000178, 0.4600000000000011302 ) ) ;
#2719 = DIRECTION ( 'NONE',  ( 0.0000000000000000000, 0.0000000000000000000, -1.000000000000000000 ) ) ;
#2720 = CARTESIAN_POINT ( 'NONE',  ( 4.144999999999999574, 2.499999999999999556, 0.2999999999999999889 ) ) ;
#2721 = ORIENTED_EDGE ( 'NONE', *, *, #9793, .F. ) ;
#2722 = CARTESIAN_POINT ( 'NONE',  ( 2.205000000000000515, 2.499999999999999112, 0.2999999999999999889 ) ) ;
#2723 = DIRECTION ( 'NONE',  ( 0.0000000000000000000, -1.000000000000000000, -0.0000000000000000000 ) ) ;
#2724 = ADVANCED_FACE ( 'NONE', ( #5866 ), #9556, .F. ) ;
#2725 = ORIENTED_EDGE ( 'NONE', *, *, #9830, .T. ) ;
#2726 = CARTESIAN_POINT ( 'NONE',  ( 3.405000000000000249, 3.200000000000000178, 4.900000000000000355 ) ) ;
#2727 = AXIS2_PLACEMENT_3D ( 'NONE', #1003, #2858, #6291 ) ;
#2728 = CARTESIAN_POINT ( 'NONE',  ( 1.905000000000000027, 3.299999999999999822, 0.2300000000000010092 ) ) ;
#2729 = DIRECTION ( 'NONE',  ( -0.0000000000000000000, -0.0000000000000000000, -1.000000000000000000 ) ) ;
#2730 = FACE_OUTER_BOUND ( 'NONE', #112, .T. ) ;
#2731 = CARTESIAN_POINT ( 'NONE',  ( 3.475000000000000089, 5.806605777328229749E-16, 0.2999999999999999889 ) ) ;
#2732 = ORIENTED_EDGE ( 'NONE', *, *, #857, .F. ) ;
#2733 = PLANE ( 'NONE',  #284 ) ;
#2734 = AXIS2_PLACEMENT_3D ( 'NONE', #5991, #1477, #8868 ) ;
#2735 = CARTESIAN_POINT ( 'NONE',  ( 2.134999999999999787, 0.8649999999999997691, 0.4800000000000011480 ) ) ;
#2736 = ORIENTED_EDGE ( 'NONE', *, *, #7183, .F. ) ;
#2737 = CARTESIAN_POINT ( 'NONE',  ( 4.675000000000000711, 0.4050000000000000822, 0.4800000000000010369 ) ) ;
#2738 = ORIENTED_EDGE ( 'NONE', *, *, #9992, .T. ) ;
#2739 = CARTESIAN_POINT ( 'NONE',  ( -0.6350000000000000089, 0.8850000000000000089, 0.4800000000000009814 ) ) ;
#2740 = DIRECTION ( 'NONE',  ( 1.000000000000000000, 2.082970027439319880E-16, 0.0000000000000000000 ) ) ;
#2741 = CARTESIAN_POINT ( 'NONE',  ( 2.612972599797700035E-15, 5.806605777328229749E-16, 0.2999999999999999889 ) ) ;
#2742 = ORIENTED_EDGE ( 'NONE', *, *, #2017, .T. ) ;
#2743 = PLANE ( 'NONE',  #3511 ) ;
#2744 = CARTESIAN_POINT ( 'NONE',  ( 0.6350000000000000089, 0.8850000000000000089, 0.4800000000000009814 ) ) ;
#2745 = ORIENTED_EDGE ( 'NONE', *, *, #10908, .F. ) ;
#2746 = ORIENTED_EDGE ( 'NONE', *, *, #5104, .F. ) ;
#2747 = LINE ( 'NONE', #10052, #8081 ) ;
#2748 = AXIS2_PLACEMENT_3D ( 'NONE', #5374, #9013, #845 ) ;
#2749 = CARTESIAN_POINT ( 'NONE',  ( 3.405000000000000249, -0.8850000000000000089, 0.4600000000000009082 ) ) ;
#2750 = VERTEX_POINT ( 'NONE', #9497 ) ;
#2751 = EDGE_CURVE ( 'NONE', #8798, #9116, #4914, .T. ) ;
#2752 = AXIS2_PLACEMENT_3D ( 'NONE', #687, #177, #11684 ) ;
#2753 = ADVANCED_FACE ( 'NONE', ( #1407 ), #2186, .T. ) ;
#2754 = DIRECTION ( 'NONE',  ( 0.0000000000000000000, 0.0000000000000000000, 1.000000000000000000 ) ) ;
#2755 = VERTEX_POINT ( 'NONE', #10452 ) ;
#2756 = DIRECTION ( 'NONE',  ( 0.0000000000000000000, 0.7071067811865460184, 0.7071067811865489050 ) ) ;
#2757 = EDGE_LOOP ( 'NONE', ( #9387, #5045, #6373, #1592 ) ) ;
#2758 = ORIENTED_EDGE ( 'NONE', *, *, #8874, .T. ) ;
#2759 = AXIS2_PLACEMENT_3D ( 'NONE', #1751, #9894, #7872 ) ;
#2760 = AXIS2_PLACEMENT_3D ( 'NONE', #2385, #10472, #4165 ) ;
#2761 = VECTOR ( 'NONE', #11260, 1000.000000000000000 ) ;
#2762 = DIRECTION ( 'NONE',  ( -1.000000000000000000, -1.665334536937729880E-16, 0.0000000000000000000 ) ) ;
#2763 = DIRECTION ( 'NONE',  ( 0.0000000000000000000, -0.7071067811865460184, 0.7071067811865489050 ) ) ;
#2764 = DIRECTION ( 'NONE',  ( -0.5773502691896257311, 0.5773502691896246208, -0.5773502691896269523 ) ) ;
#2765 = CARTESIAN_POINT ( 'NONE',  ( -2.134999999999999787, -0.8649999999999999911, 4.799999999999999822 ) ) ;
#2766 = VERTEX_POINT ( 'NONE', #2303 ) ;
#2767 = CARTESIAN_POINT ( 'NONE',  ( 5.584999999999999964, 3.299999999999999822, 0.2300000000000010092 ) ) ;
#2768 = EDGE_CURVE ( 'NONE', #20, #9508, #9617, .T. ) ;
#2769 = CARTESIAN_POINT ( 'NONE',  ( -4.675000000000000711, -0.8849999999999998979, 9.215718466126787689E-16 ) ) ;
#2770 = VECTOR ( 'NONE', #127, 1000.000000000000000 ) ;
#2771 = STYLED_ITEM ( 'NONE', ( #4041 ), #8586 ) ;
#2772 = AXIS2_PLACEMENT_3D ( 'NONE', #6690, #10150, #9275 ) ;
#2773 = LINE ( 'NONE', #1873, #10582 ) ;
#2774 = EDGE_LOOP ( 'NONE', ( #948, #3266, #8353, #904 ) ) ;
#2775 = ORIENTED_EDGE ( 'NONE', *, *, #7938, .F. ) ;
#2776 = CIRCLE ( 'NONE', #5243, 0.4800000000000000933 ) ;
#2777 = LINE ( 'NONE', #3828, #6735 ) ;
#2778 = AXIS2_PLACEMENT_3D ( 'NONE', #8413, #982, #5628 ) ;
#2779 = EDGE_CURVE ( 'NONE', #10473, #6081, #8733, .T. ) ;
#2780 = LINE ( 'NONE', #7222, #10272 ) ;
#2781 = ORIENTED_EDGE ( 'NONE', *, *, #600, .F. ) ;
#2782 = DIRECTION ( 'NONE',  ( 0.0000000000000000000, 8.915067114227699459E-17, 1.000000000000000000 ) ) ;
#2783 = DIRECTION ( 'NONE',  ( -1.000000000000000000, 0.0000000000000000000, 0.0000000000000000000 ) ) ;
#2784 = LINE ( 'NONE', #6328, #2818 ) ;
#2785 = ORIENTED_EDGE ( 'NONE', *, *, #1849, .F. ) ;
#2786 = DIRECTION ( 'NONE',  ( 0.0000000000000000000, 1.000000000000000000, 0.0000000000000000000 ) ) ;
#2787 = LINE ( 'NONE', #6619, #5523 ) ;
#2788 = ORIENTED_EDGE ( 'NONE', *, *, #11284, .T. ) ;
#2789 = ORIENTED_EDGE ( 'NONE', *, *, #6156, .F. ) ;
#2790 = AXIS2_PLACEMENT_3D ( 'NONE', #5908, #6742, #4132 ) ;
#2791 = LINE ( 'NONE', #2614, #4309 ) ;
#2792 = CARTESIAN_POINT ( 'NONE',  ( -0.5050000000000000044, -0.5050000000000001155, 4.900000000000000355 ) ) ;
#2793 = DIRECTION ( 'NONE',  ( 0.0000000000000000000, -0.7071067811865461294, 0.7071067811865490160 ) ) ;
#2794 = EDGE_CURVE ( 'NONE', #1328, #11360, #958, .T. ) ;
#2795 = DIRECTION ( 'NONE',  ( 0.0000000000000000000, -0.0000000000000000000, -1.000000000000000000 ) ) ;
#2796 = CARTESIAN_POINT ( 'NONE',  ( -2.944999999999999840, -0.8850000000000000089, 7.632783294297950229E-16 ) ) ;
#2797 = ORIENTED_EDGE ( 'NONE', *, *, #662, .T. ) ;
#2798 = DIRECTION ( 'NONE',  ( 1.180114444483200076E-18, 0.7071067811865490160, 0.7071067811865461294 ) ) ;
#2799 = VECTOR ( 'NONE', #3822, 1000.000000000000000 ) ;
#2800 = EDGE_CURVE ( 'NONE', #10599, #6654, #6937, .T. ) ;
#2801 = CARTESIAN_POINT ( 'NONE',  ( 5.844999999999999751, -0.5050000000000001155, 4.900000000000000355 ) ) ;
#2802 = ORIENTED_EDGE ( 'NONE', *, *, #6364, .F. ) ;
#2803 = EDGE_LOOP ( 'NONE', ( #6926, #9093, #4352, #6826 ) ) ;
#2804 = FACE_OUTER_BOUND ( 'NONE', #8992, .T. ) ;
#2805 = CARTESIAN_POINT ( 'NONE',  ( 3.060000000000000053, -0.8149999999999999467, 4.850000000000000533 ) ) ;
#2806 = AXIS2_PLACEMENT_3D ( 'NONE', #8127, #94, #5571 ) ;
#2807 = DIRECTION ( 'NONE',  ( -1.000000000000000000, 2.082970027439319880E-16, 1.156280642033610094E-31 ) ) ;
#2808 = FACE_OUTER_BOUND ( 'NONE', #3684, .T. ) ;
#2809 = ORIENTED_EDGE ( 'NONE', *, *, #505, .F. ) ;
#2810 = EDGE_LOOP ( 'NONE', ( #2088, #1181, #5974, #10971 ) ) ;
#2811 = CARTESIAN_POINT ( 'NONE',  ( -4.214999999999999858, -3.200000000000000178, 0.4600000000000010192 ) ) ;
#2812 = VECTOR ( 'NONE', #10470, 1000.000000000000000 ) ;
#2813 = ORIENTED_EDGE ( 'NONE', *, *, #7012, .F. ) ;
#2814 = LINE ( 'NONE', #172, #10287 ) ;
#2815 = FACE_OUTER_BOUND ( 'NONE', #6057, .T. ) ;
#2816 = ORIENTED_EDGE ( 'NONE', *, *, #3296, .T. ) ;
#2817 = ORIENTED_EDGE ( 'NONE', *, *, #9738, .F. ) ;
#2818 = VECTOR ( 'NONE', #1654, 1000.000000000000000 ) ;
#2819 = EDGE_CURVE ( 'NONE', #2266, #6683, #11283, .T. ) ;
#2820 = DIRECTION ( 'NONE',  ( 0.0000000000000000000, 0.0000000000000000000, -1.000000000000000000 ) ) ;
#2821 = PLANE ( 'NONE',  #3706 ) ;
#2822 = LINE ( 'NONE', #2151, #7562 ) ;
#2823 = EDGE_LOOP ( 'NONE', ( #9944, #4197, #7082, #9567 ) ) ;
#2824 = DIRECTION ( 'NONE',  ( -0.7071067811865489050, 0.0000000000000000000, 0.7071067811865460184 ) ) ;
#2825 = FACE_OUTER_BOUND ( 'NONE', #302, .T. ) ;
#2826 = VECTOR ( 'NONE', #1748, 1000.000000000000000 ) ;
#2827 = PLANE ( 'NONE',  #7147 ) ;
#2828 = CARTESIAN_POINT ( 'NONE',  ( 1.775000000000000133, -0.5200000000000000178, 4.899999999999999467 ) ) ;
#2829 = ORIENTED_EDGE ( 'NONE', *, *, #4848, .T. ) ;
#2830 = EDGE_CURVE ( 'NONE', #11385, #8553, #387, .T. ) ;
#2831 = EDGE_CURVE ( 'NONE', #1610, #5314, #4969, .T. ) ;
#2832 = CARTESIAN_POINT ( 'NONE',  ( 2.084999999999999964, 0.7500000000000000000, 4.850000000000000533 ) ) ;
#2833 = CARTESIAN_POINT ( 'NONE',  ( 2.134999999999999787, -3.200000000000000178, 4.900000000000000355 ) ) ;
#2834 = ORIENTED_EDGE ( 'NONE', *, *, #11135, .T. ) ;
#2835 = DIRECTION ( 'NONE',  ( 0.5773502691896299499, 0.5773502691896225114, -0.5773502691896250649 ) ) ;
#2836 = DIRECTION ( 'NONE',  ( 0.0000000000000000000, 0.0000000000000000000, 1.000000000000000000 ) ) ;
#2837 = CARTESIAN_POINT ( 'NONE',  ( 5.945000000000000284, 0.4050000000000000266, 4.900000000000000355 ) ) ;
#2838 = ORIENTED_EDGE ( 'NONE', *, *, #1988, .T. ) ;
#2839 = DIRECTION ( 'NONE',  ( 2.099659365964729900E-16, -9.303908184768099600E-32, 1.000000000000000000 ) ) ;
#2840 = DIRECTION ( 'NONE',  ( -1.000000000000000000, -0.0000000000000000000, 0.0000000000000000000 ) ) ;
#2841 = ORIENTED_EDGE ( 'NONE', *, *, #3936, .F. ) ;
#2842 = CARTESIAN_POINT ( 'NONE',  ( 5.584999999999999964, 0.5050000000000003375, 4.900000000000000355 ) ) ;
#2843 = EDGE_LOOP ( 'NONE', ( #10952, #7565, #9170, #8648 ) ) ;
#2844 = DIRECTION ( 'NONE',  ( -1.000000000000000000, -0.0000000000000000000, 0.0000000000000000000 ) ) ;
#2845 = CARTESIAN_POINT ( 'NONE',  ( -5.945000000000000284, -0.8649999999999999911, 4.900000000000000355 ) ) ;
#2846 = EDGE_CURVE ( 'NONE', #1073, #6188, #3803, .T. ) ;
#2847 = DIRECTION ( 'NONE',  ( 1.000000000000000000, 0.0000000000000000000, 0.0000000000000000000 ) ) ;
#2848 = LINE ( 'NONE', #875, #7499 ) ;
#2849 = CARTESIAN_POINT ( 'NONE',  ( -2.134999999999999787, 0.8850000000000000089, 0.4600000000000010192 ) ) ;
#2850 = ORIENTED_EDGE ( 'NONE', *, *, #10082, .T. ) ;
#2851 = CARTESIAN_POINT ( 'NONE',  ( 2.035000000000000142, -0.5050000000000001155, 4.900000000000000355 ) ) ;
#2852 = ORIENTED_EDGE ( 'NONE', *, *, #3119, .T. ) ;
#2853 = AXIS2_PLACEMENT_3D ( 'NONE', #4573, #5186, #5065 ) ;
#2854 = DIRECTION ( 'NONE',  ( 0.7071067811865461294, -0.0000000000000000000, 0.7071067811865490160 ) ) ;
#2855 = ORIENTED_EDGE ( 'NONE', *, *, #2231, .F. ) ;
#2856 = DIRECTION ( 'NONE',  ( -0.0000000000000000000, 1.000000000000000000, 0.0000000000000000000 ) ) ;
#2857 = EDGE_CURVE ( 'NONE', #5194, #6883, #1767, .T. ) ;
#2858 = DIRECTION ( 'NONE',  ( 2.957565607266179811E-16, 0.7071067811865490160, 0.7071067811865461294 ) ) ;
#2859 = ADVANCED_FACE ( 'NONE', ( #8123 ), #1656, .F. ) ;
#2860 = ADVANCED_FACE ( 'NONE', ( #7175 ), #809, .F. ) ;
#2861 = AXIS2_PLACEMENT_3D ( 'NONE', #2897, #5681, #1103 ) ;
#2862 = DIRECTION ( 'NONE',  ( -0.5773502691896291728, 0.5773502691896215122, 0.5773502691896265082 ) ) ;
#2863 = FACE_OUTER_BOUND ( 'NONE', #6059, .T. ) ;
#2864 = ORIENTED_EDGE ( 'NONE', *, *, #10450, .T. ) ;
#2865 = ORIENTED_EDGE ( 'NONE', *, *, #7372, .F. ) ;
#2866 = FACE_OUTER_BOUND ( 'NONE', #7686, .T. ) ;
#2867 = LINE ( 'NONE', #6475, #5111 ) ;
#2868 = VERTEX_POINT ( 'NONE', #3606 ) ;
#2869 = DIRECTION ( 'NONE',  ( -1.000000000000000000, -0.0000000000000000000, -0.0000000000000000000 ) ) ;
#2870 = CYLINDRICAL_SURFACE ( 'NONE', #10870, 0.4800000000000000933 ) ;
#2871 = EDGE_CURVE ( 'NONE', #3811, #1887, #8009, .T. ) ;
#2872 = DIRECTION ( 'NONE',  ( -1.180114444483200076E-18, 0.7071067811865490160, -0.7071067811865461294 ) ) ;
#2873 = VECTOR ( 'NONE', #5403, 1000.000000000000000 ) ;
#2874 = VERTEX_POINT ( 'NONE', #7056 ) ;
#2875 = EDGE_CURVE ( 'NONE', #4429, #9937, #9912, .T. ) ;
#2876 = VERTEX_POINT ( 'NONE', #8863 ) ;
#2877 = FACE_OUTER_BOUND ( 'NONE', #118, .T. ) ;
#2878 = VECTOR ( 'NONE', #666, 1000.000000000000000 ) ;
#2879 = CARTESIAN_POINT ( 'NONE',  ( 5.485000000000000320, 0.8649999999999999911, 4.900000000000000355 ) ) ;
#2880 = DIRECTION ( 'NONE',  ( -0.7071067811865441310, 0.7071067811865510144, 4.329780281177489848E-17 ) ) ;
#2881 = DIRECTION ( 'NONE',  ( 1.665334536937729880E-16, 1.000000000000000000, 0.0000000000000000000 ) ) ;
#2882 = VERTEX_POINT ( 'NONE', #6097 ) ;
#2883 = DIRECTION ( 'NONE',  ( -0.0000000000000000000, -0.0000000000000000000, 1.000000000000000000 ) ) ;
#2884 = DIRECTION ( 'NONE',  ( 0.0000000000000000000, -0.7071067811865489050, 0.7071067811865460184 ) ) ;
#2885 = LINE ( 'NONE', #7722, #3543 ) ;
#2886 = LINE ( 'NONE', #6493, #11629 ) ;
#2887 = ADVANCED_FACE ( 'NONE', ( #11637 ), #1588, .T. ) ;
#2888 = VECTOR ( 'NONE', #4160, 1000.000000000000000 ) ;
#2889 = ORIENTED_EDGE ( 'NONE', *, *, #6827, .T. ) ;
#2890 = CARTESIAN_POINT ( 'NONE',  ( -8.600000000002909317, -1.650000000040749981, 2.100000000000000089 ) ) ;
#2891 = VERTEX_POINT ( 'NONE', #3495 ) ;
#2892 = CARTESIAN_POINT ( 'NONE',  ( 1.675000000000000044, 0.8649999999999999911, 4.900000000000000355 ) ) ;
#2893 = CARTESIAN_POINT ( 'NONE',  ( -3.354999999999999982, 3.250000000000000444, 2.564999999999999947 ) ) ;
#2894 = LINE ( 'NONE', #5564, #10023 ) ;
#2895 = EDGE_LOOP ( 'NONE', ( #9754, #2658, #10541, #9782 ) ) ;
#2896 = AXIS2_PLACEMENT_3D ( 'NONE', #10947, #8140, #9985 ) ;
#2897 = CARTESIAN_POINT ( 'NONE',  ( 1.905000000000000027, 0.6350000000000000089, 4.900000000000000355 ) ) ;
#2898 = EDGE_CURVE ( 'NONE', #5382, #8818, #5394, .T. ) ;
#2899 = EDGE_CURVE ( 'NONE', #1556, #2689, #9034, .T. ) ;
#2900 = DIRECTION ( 'NONE',  ( 0.0000000000000000000, 0.7071067811865489050, 0.7071067811865460184 ) ) ;
#2901 = EDGE_CURVE ( 'NONE', #6458, #1769, #11584, .T. ) ;
#2902 = VERTEX_POINT ( 'NONE', #7229 ) ;
#2903 = CARTESIAN_POINT ( 'NONE',  ( -0.5050000000000005596, 0.7500000000000000000, 4.900000000000000355 ) ) ;
#2904 = CARTESIAN_POINT ( 'NONE',  ( -2.944999999999999840, -0.8849999999999998979, 8.673617379884035472E-16 ) ) ;
#2905 = DIRECTION ( 'NONE',  ( 0.0000000000000000000, 1.000000000000000000, -0.0000000000000000000 ) ) ;
#2906 = CARTESIAN_POINT ( 'NONE',  ( 0.9350000000000000533, -2.500000000000000000, 0.2999999999999999889 ) ) ;
#2907 = EDGE_LOOP ( 'NONE', ( #5396, #9469, #985, #5294 ) ) ;
#2908 = DIRECTION ( 'NONE',  ( 0.5773502691896279515, -0.5773502691896263972, -0.5773502691896229555 ) ) ;
#2909 = DIRECTION ( 'NONE',  ( 0.0000000000000000000, 0.0000000000000000000, -1.000000000000000000 ) ) ;
#2910 = ORIENTED_EDGE ( 'NONE', *, *, #3313, .T. ) ;
#2911 = AXIS2_PLACEMENT_3D ( 'NONE', #7845, #11654, #8749 ) ;
#2912 = PLANE ( 'NONE',  #6110 ) ;
#2913 = ORIENTED_EDGE ( 'NONE', *, *, #955, .F. ) ;
#2914 = PRODUCT ( '1094CAED-08D0-4374-8106-7D5DCF4BAC1A', '1094CAED-08D0-4374-8106-7D5DCF4BAC1A', '', ( #7144 ) ) ;
#2915 = FACE_OUTER_BOUND ( 'NONE', #67, .T. ) ;
#2916 = CARTESIAN_POINT ( 'NONE',  ( -2.134999999999999787, 0.8850000000000000089, 0.4800000000000009814 ) ) ;
#2917 = STYLED_ITEM ( 'NONE', ( #5938 ), #4885 ) ;
#2918 = CARTESIAN_POINT ( 'NONE',  ( 2.875000000000000000, -2.499999999999999556, 0.2999999999999999889 ) ) ;
#2919 = CARTESIAN_POINT ( 'NONE',  ( -0.4050000000000000266, 0.8649999999999999911, 4.900000000000000355 ) ) ;
#2920 = ORIENTED_EDGE ( 'NONE', *, *, #4280, .T. ) ;
#2921 = EDGE_CURVE ( 'NONE', #5336, #2902, #10871, .T. ) ;
#2922 = ORIENTED_EDGE ( 'NONE', *, *, #3421, .T. ) ;
#2923 =( NAMED_UNIT ( * ) PLANE_ANGLE_UNIT ( ) SI_UNIT ( $, .RADIAN. ) );
#2924 = ORIENTED_EDGE ( 'NONE', *, *, #3016, .F. ) ;
#2925 = EDGE_CURVE ( 'NONE', #7321, #5694, #6155, .T. ) ;
#2926 = CARTESIAN_POINT ( 'NONE',  ( 2.020000000000000018, 0.4550000000000000155, 4.850000000000000533 ) ) ;
#2927 = AXIS2_PLACEMENT_3D ( 'NONE', #6278, #3900, #8533 ) ;
#2928 = LINE ( 'NONE', #1128, #11640 ) ;
#2929 = VERTEX_POINT ( 'NONE', #9094 ) ;
#2930 = CARTESIAN_POINT ( 'NONE',  ( 3.045000000000000373, -0.5050000000000000044, 4.899999999999999467 ) ) ;
#2931 = AXIS2_PLACEMENT_3D ( 'NONE', #1806, #9074, #7788 ) ;
#2932 = EDGE_CURVE ( 'NONE', #899, #3977, #8978, .T. ) ;
#2933 = VECTOR ( 'NONE', #2092, 1000.000000000000000 ) ;
#2934 = DIRECTION ( 'NONE',  ( -0.0000000000000000000, -1.000000000000000000, -0.0000000000000000000 ) ) ;
#2935 = DIRECTION ( 'NONE',  ( 2.957565607266179811E-16, 0.7071067811865490160, 0.7071067811865461294 ) ) ;
#2936 = ORIENTED_EDGE ( 'NONE', *, *, #972, .F. ) ;
#2937 = PLANE ( 'NONE',  #6723 ) ;
#2938 = EDGE_CURVE ( 'NONE', #9199, #8246, #925, .T. ) ;
#2939 = FACE_OUTER_BOUND ( 'NONE', #229, .T. ) ;
#2940 = CARTESIAN_POINT ( 'NONE',  ( -9.449999999999999289, 2.500000000000000000, 0.2999999999999999889 ) ) ;
#2941 = SURFACE_SIDE_STYLE ('',( #7391 ) ) ;
#2942 = VECTOR ( 'NONE', #5965, 1000.000000000000000 ) ;
#2943 = AXIS2_PLACEMENT_3D ( 'NONE', #7308, #2807, #5359 ) ;
#2944 = ORIENTED_EDGE ( 'NONE', *, *, #1295, .F. ) ;
#2945 = CARTESIAN_POINT ( 'NONE',  ( 4.675000000000000711, -3.200000000000000178, 7.632783294297948257E-16 ) ) ;
#2946 = EDGE_CURVE ( 'NONE', #10283, #8996, #8360, .T. ) ;
#2947 = CARTESIAN_POINT ( 'NONE',  ( 3.405000000000000249, 0.8850000000000000089, 7.632783294297950229E-16 ) ) ;
#2948 = ORIENTED_EDGE ( 'NONE', *, *, #3229, .T. ) ;
#2949 = CARTESIAN_POINT ( 'NONE',  ( 5.535000000000000142, 0.5200000000000000178, 4.850000000000000533 ) ) ;
#2950 = VECTOR ( 'NONE', #10119, 1000.000000000000114 ) ;
#2951 = LINE ( 'NONE', #3950, #10798 ) ;
#2952 = ORIENTED_EDGE ( 'NONE', *, *, #8057, .F. ) ;
#2953 = CARTESIAN_POINT ( 'NONE',  ( 5.945000000000000284, -3.200000000000000178, 4.900000000000000355 ) ) ;
#2954 = CARTESIAN_POINT ( 'NONE',  ( 2.220446049250309925E-15, 5.551115123125779744E-16, 5.200000000000001066 ) ) ;
#2955 = ORIENTED_EDGE ( 'NONE', *, *, #10295, .F. ) ;
#2956 = AXIS2_PLACEMENT_3D ( 'NONE', #6018, #8771, #7152 ) ;
#2957 = DIRECTION ( 'NONE',  ( 1.000000000000000000, -0.0000000000000000000, 0.0000000000000000000 ) ) ;
#2958 = AXIS2_PLACEMENT_3D ( 'NONE', #5484, #9115, #951 ) ;
#2959 = CARTESIAN_POINT ( 'NONE',  ( 4.315000000000000391, 0.5050000000000003375, 4.900000000000000355 ) ) ;
#2960 = EDGE_CURVE ( 'NONE', #5922, #4473, #2488, .T. ) ;
#2961 = CARTESIAN_POINT ( 'NONE',  ( -2.944999999999999840, 3.200000000000000178, 8.172475042379623109E-16 ) ) ;
#2962 = ORIENTED_EDGE ( 'NONE', *, *, #2320, .F. ) ;
#2963 = EDGE_CURVE ( 'NONE', #8669, #11587, #9143, .T. ) ;
#2964 = CARTESIAN_POINT ( 'NONE',  ( 3.405000000000000693, 3.200000000000000622, 8.673617379884035472E-16 ) ) ;
#2965 = DIRECTION ( 'NONE',  ( 0.0000000000000000000, 0.7071067811865489050, -0.7071067811865460184 ) ) ;
#2966 = LINE ( 'NONE', #1114, #11203 ) ;
#2967 = CARTESIAN_POINT ( 'NONE',  ( -5.485000000000000320, 0.4050000000000000266, 4.900000000000000355 ) ) ;
#2968 = CIRCLE ( 'NONE', #5996, 0.02000000000000005246 ) ;
#2969 = ORIENTED_EDGE ( 'NONE', *, *, #11250, .F. ) ;
#2970 = CARTESIAN_POINT ( 'NONE',  ( -5.415000000000000036, 2.500000000000000000, 0.2999999999999999889 ) ) ;
#2971 = ORIENTED_EDGE ( 'NONE', *, *, #7046, .T. ) ;
#2972 = LINE ( 'NONE', #6578, #10588 ) ;
#2973 = CARTESIAN_POINT ( 'NONE',  ( -3.290000000000000036, 0.8149999999999999467, 4.850000000000000533 ) ) ;
#2974 = AXIS2_PLACEMENT_3D ( 'NONE', #4190, #431, #6986 ) ;
#2975 = EDGE_CURVE ( 'NONE', #3086, #4630, #8355, .T. ) ;
#2976 = CARTESIAN_POINT ( 'NONE',  ( 5.945000000000000284, -3.200000000000000178, 0.4600000000000010192 ) ) ;
#2977 = DIRECTION ( 'NONE',  ( -0.7071067811865489050, -0.7071067811865460184, 0.0000000000000000000 ) ) ;
#2978 = EDGE_LOOP ( 'NONE', ( #11202, #9758, #6092, #11167, #420, #5790, #7024, #4692 ) ) ;
#2979 = ADVANCED_FACE ( 'NONE', ( #5629 ), #2054, .F. ) ;
#2980 = VERTEX_POINT ( 'NONE', #6449 ) ;
#2981 = CARTESIAN_POINT ( 'NONE',  ( 0.5049999999999996714, -3.299999999999999378, 0.1000000000000011297 ) ) ;
#2982 = CARTESIAN_POINT ( 'NONE',  ( 2.875000000000000888, -2.500000000000000000, 0.2999999999999999889 ) ) ;
#2983 = ORIENTED_EDGE ( 'NONE', *, *, #7068, .F. ) ;
#2984 = LINE ( 'NONE', #401, #11240 ) ;
#2985 = VECTOR ( 'NONE', #8254, 1000.000000000000000 ) ;
#2986 = DIRECTION ( 'NONE',  ( -1.000000000000000000, 0.0000000000000000000, -0.0000000000000000000 ) ) ;
#2987 = ADVANCED_FACE ( 'NONE', ( #10078 ), #6562, .T. ) ;
#2988 = VERTEX_POINT ( 'NONE', #4731 ) ;
#2989 = CARTESIAN_POINT ( 'NONE',  ( -4.315000000000000391, 0.7500000000000000000, 4.900000000000000355 ) ) ;
#2990 = EDGE_CURVE ( 'NONE', #6683, #8219, #984, .T. ) ;
#2991 = AXIS2_PLACEMENT_3D ( 'NONE', #6002, #9635, #1490 ) ;
#2992 = FACE_OUTER_BOUND ( 'NONE', #9480, .T. ) ;
#2993 = SURFACE_STYLE_USAGE ( .BOTH. , #11315 ) ;
#2994 = FACE_OUTER_BOUND ( 'NONE', #1541, .T. ) ;
#2995 = CARTESIAN_POINT ( 'NONE',  ( 5.599999999999999645, -0.8149999999999999467, 4.850000000000000533 ) ) ;
#2996 = CARTESIAN_POINT ( 'NONE',  ( -3.045000000000000817, 3.299999999999999378, 0.3600000000000006528 ) ) ;
#2997 = DIRECTION ( 'NONE',  ( 0.0000000000000000000, 1.000000000000000000, -0.0000000000000000000 ) ) ;
#2998 = PLANE ( 'NONE',  #7523 ) ;
#2999 = PRESENTATION_STYLE_ASSIGNMENT (( #77 ) ) ;
#3000 = EDGE_CURVE ( 'NONE', #11091, #3653, #5736, .T. ) ;
#3001 = ORIENTED_EDGE ( 'NONE', *, *, #8565, .T. ) ;
#3002 = EDGE_CURVE ( 'NONE', #10697, #6488, #4844, .T. ) ;
#3003 = EDGE_CURVE ( 'NONE', #6992, #6053, #91, .T. ) ;
#3004 = FACE_OUTER_BOUND ( 'NONE', #10189, .T. ) ;
#3005 = PLANE ( 'NONE',  #6353 ) ;
#3006 = DIRECTION ( 'NONE',  ( 0.0000000000000000000, -1.000000000000000000, -8.915067114227699459E-17 ) ) ;
#3007 = VERTEX_POINT ( 'NONE', #5567 ) ;
#3008 = CARTESIAN_POINT ( 'NONE',  ( 5.844999999999999751, -3.299999999999999822, 0.1000000000000007827 ) ) ;
#3009 = DIRECTION ( 'NONE',  ( 0.0000000000000000000, -1.000000000000000000, 8.915067114227699459E-17 ) ) ;
#3010 = FACE_OUTER_BOUND ( 'NONE', #6214, .T. ) ;
#3011 = CARTESIAN_POINT ( 'NONE',  ( 0.7649999999999995692, 3.300000000000000266, 0.1000000000000012546 ) ) ;
#3012 = DIRECTION ( 'NONE',  ( -0.7071067811865461294, 0.7071067811865490160, -4.329780281177481220E-17 ) ) ;
#3013 = CARTESIAN_POINT ( 'NONE',  ( 5.485000000000000320, 0.8650000000000005462, 4.799999999999999822 ) ) ;
#3014 = ORIENTED_EDGE ( 'NONE', *, *, #6748, .F. ) ;
#3015 = LINE ( 'NONE', #11045, #11347 ) ;
#3016 = EDGE_CURVE ( 'NONE', #8113, #1708, #9201, .T. ) ;
#3017 = DIRECTION ( 'NONE',  ( -1.000000000000000000, 2.082970027439319880E-16, 1.156280642033610094E-31 ) ) ;
#3018 = VECTOR ( 'NONE', #14, 1000.000000000000000 ) ;
#3019 = ORIENTED_EDGE ( 'NONE', *, *, #3641, .F. ) ;
#3020 = DIRECTION ( 'NONE',  ( -1.000000000000000000, 2.082970027439319880E-16, 1.156280642033610094E-31 ) ) ;
#3021 = UNCERTAINTY_MEASURE_WITH_UNIT (LENGTH_MEASURE( 1.000000000000000082E-05 ), #910, 'distance_accuracy_value', 'NONE');
#3022 = DIRECTION ( 'NONE',  ( 1.000000000000000000, 0.0000000000000000000, -2.099659365964729900E-16 ) ) ;
#3023 = EDGE_LOOP ( 'NONE', ( #32, #9424, #7361, #3363 ) ) ;
#3024 = DIRECTION ( 'NONE',  ( 0.0000000000000000000, 1.000000000000000000, 0.0000000000000000000 ) ) ;
#3025 = DIRECTION ( 'NONE',  ( -2.099659365964729900E-16, -9.303908184768099600E-32, -1.000000000000000000 ) ) ;
#3026 = CARTESIAN_POINT ( 'NONE',  ( -0.4050000000000000266, -0.8850000000000000089, 7.632783294297950229E-16 ) ) ;
#3027 = CARTESIAN_POINT ( 'NONE',  ( -3.305000000000000160, 0.7649999999999996803, 4.900000000000000355 ) ) ;
#3028 = EDGE_LOOP ( 'NONE', ( #5593, #1578, #2069, #3274 ) ) ;
#3029 = CARTESIAN_POINT ( 'NONE',  ( -2.995000000000000107, -3.250000000000000444, 2.564999999999999947 ) ) ;
#3030 = ORIENTED_EDGE ( 'NONE', *, *, #11179, .F. ) ;
#3031 = CARTESIAN_POINT ( 'NONE',  ( -0.8649999999999999911, 0.8649999999999995470, 0.4800000000000012590 ) ) ;
#3033 = EDGE_LOOP ( 'NONE', ( #3795, #1959, #1494, #558 ) ) ;
#3032 = EDGE_CURVE ( 'NONE', #8061, #8985, #2787, .T. ) ;
#3034 = DIRECTION ( 'NONE',  ( 1.000000000000000000, 3.265361837132810135E-16, -0.0000000000000000000 ) ) ;
#3035 = LINE ( 'NONE', #10162, #1141 ) ;
#3036 = VERTEX_POINT ( 'NONE', #9374 ) ;
#3037 = VERTEX_POINT ( 'NONE', #4789 ) ;
#3038 = DIRECTION ( 'NONE',  ( -0.5773502691896224004, -0.5773502691896273964, -0.5773502691896273964 ) ) ;
#3039 = VERTEX_POINT ( 'NONE', #2112 ) ;
#3040 = DIRECTION ( 'NONE',  ( 1.000000000000000000, 0.0000000000000000000, -2.099659365964729900E-16 ) ) ;
#3041 = ADVANCED_FACE ( 'NONE', ( #8414 ), #3784, .T. ) ;
#3042 = PLANE ( 'NONE',  #8037 ) ;
#3043 = EDGE_CURVE ( 'NONE', #11385, #5577, #1140, .T. ) ;
#3044 = EDGE_LOOP ( 'NONE', ( #175, #9076, #9682, #10263 ) ) ;
#3045 = VECTOR ( 'NONE', #211, 1000.000000000000000 ) ;
#3046 = DIRECTION ( 'NONE',  ( -2.957565607266179811E-16, 0.7071067811865490160, -0.7071067811865461294 ) ) ;
#3047 = ORIENTED_EDGE ( 'NONE', *, *, #5549, .F. ) ;
#3048 = CARTESIAN_POINT ( 'NONE',  ( -3.044999999999999929, -0.6350000000000000089, 4.900000000000000355 ) ) ;
#3049 = PRESENTATION_STYLE_ASSIGNMENT (( #5950 ) ) ;
#3050 = LINE ( 'NONE', #7332, #6792 ) ;
#3051 = EDGE_CURVE ( 'NONE', #7497, #2868, #7521, .T. ) ;
#3052 = ORIENTED_EDGE ( 'NONE', *, *, #3415, .F. ) ;
#3053 = DIRECTION ( 'NONE',  ( 2.099659365964729900E-16, -9.303908184768099600E-32, 1.000000000000000000 ) ) ;
#3054 = AXIS2_PLACEMENT_3D ( 'NONE', #446, #6812, #11528 ) ;
#3055 = AXIS2_PLACEMENT_3D ( 'NONE', #703, #6820, #10459 ) ;
#3056 = DIRECTION ( 'NONE',  ( 0.0000000000000000000, -8.915067114227699459E-17, 1.000000000000000000 ) ) ;
#3057 = CARTESIAN_POINT ( 'NONE',  ( 5.485000000000000320, 0.8650000000000001021, 4.799999999999999822 ) ) ;
#3058 = ADVANCED_FACE ( 'NONE', ( #6505 ), #3722, .T. ) ;
#3059 = EDGE_LOOP ( 'NONE', ( #4987, #9358, #8370, #11461 ) ) ;
#3060 = AXIS2_PLACEMENT_3D ( 'NONE', #11578, #10020, #2603 ) ;
#3061 = CARTESIAN_POINT ( 'NONE',  ( 1.905000000000000027, 7.206996792267241411E-16, 0.5999999999999999778 ) ) ;
#3062 = LINE ( 'NONE', #10490, #3996 ) ;
#3063 = EDGE_LOOP ( 'NONE', ( #3143, #2257, #10915, #8788 ) ) ;
#3064 = DIRECTION ( 'NONE',  ( 1.000000000000000000, -0.0000000000000000000, -2.099659365964729900E-16 ) ) ;
#3065 = CARTESIAN_POINT ( 'NONE',  ( -1.725000000000000089, 3.250000000000000444, 2.564999999999999947 ) ) ;
#3066 = CARTESIAN_POINT ( 'NONE',  ( -4.675000000000000711, 0.8850000000000000089, 0.4600000000000009637 ) ) ;
#3067 = EDGE_CURVE ( 'NONE', #6949, #2601, #4678, .T. ) ;
#3068 = CARTESIAN_POINT ( 'NONE',  ( 0.6350000000000000089, -0.8649999999999999911, 0.4800000000000009814 ) ) ;
#3069 = CARTESIAN_POINT ( 'NONE',  ( -2.944999999999999840, 0.8649999999999999911, 4.799999999999999822 ) ) ;
#3070 = VECTOR ( 'NONE', #8590, 1000.000000000000000 ) ;
#3071 = DIRECTION ( 'NONE',  ( 0.0000000000000000000, 0.7071067811865461294, -0.7071067811865490160 ) ) ;
#3072 = EDGE_CURVE ( 'NONE', #10636, #11236, #11039, .T. ) ;
#3073 = VERTEX_POINT ( 'NONE', #1456 ) ;
#3074 = CARTESIAN_POINT ( 'NONE',  ( -1.249999999999999334, 2.499999999999997335, 0.2999999999999999889 ) ) ;
#3075 = CARTESIAN_POINT ( 'NONE',  ( 1.675000000000000044, 0.8850000000000000089, 0.4600000000000009637 ) ) ;
#3076 = VERTEX_POINT ( 'NONE', #2286 ) ;
#3077 = CARTESIAN_POINT ( 'NONE',  ( 4.264999999999999680, -0.5200000000000000178, 4.850000000000000533 ) ) ;
#3078 = VECTOR ( 'NONE', #3040, 1000.000000000000000 ) ;
#3079 = CARTESIAN_POINT ( 'NONE',  ( 0.8649999999999999911, -0.8850000000000000089, 0.4600000000000009082 ) ) ;
#3080 = VERTEX_POINT ( 'NONE', #11334 ) ;
#3081 = DIRECTION ( 'NONE',  ( 0.0000000000000000000, 0.0000000000000000000, -1.000000000000000000 ) ) ;
#3082 = PLANE ( 'NONE',  #2772 ) ;
#3083 = PLANE ( 'NONE',  #8346 ) ;
#3084 = EDGE_CURVE ( 'NONE', #723, #2464, #5081, .T. ) ;
#3085 = CARTESIAN_POINT ( 'NONE',  ( 0.8649999999999999911, 0.8850000000000000089, 0.4600000000000010747 ) ) ;
#3086 = VERTEX_POINT ( 'NONE', #9602 ) ;
#3087 = ADVANCED_FACE ( 'NONE', ( #7576 ), #4188, .T. ) ;
#3088 = EDGE_LOOP ( 'NONE', ( #8251, #8310, #225, #10605 ) ) ;
#3089 = DIRECTION ( 'NONE',  ( -1.000000000000000000, 0.0000000000000000000, 2.099659365964729900E-16 ) ) ;
#3090 = VECTOR ( 'NONE', #5909, 1000.000000000000000 ) ;
#3091 = CARTESIAN_POINT ( 'NONE',  ( -4.575000000000000178, 3.299999999999999378, 0.3600000000000010969 ) ) ;
#3092 = ORIENTED_EDGE ( 'NONE', *, *, #7046, .F. ) ;
#3093 = DIRECTION ( 'NONE',  ( 1.000000000000000000, -0.0000000000000000000, 0.0000000000000000000 ) ) ;
#3094 = DIRECTION ( 'NONE',  ( 0.0000000000000000000, -0.7071067811865489050, 0.7071067811865460184 ) ) ;
#3095 = ORIENTED_EDGE ( 'NONE', *, *, #885, .T. ) ;
#3096 = VERTEX_POINT ( 'NONE', #8718 ) ;
#3097 = CARTESIAN_POINT ( 'NONE',  ( -1.675000000000000044, 0.4050000000000000266, 4.799999999999999822 ) ) ;
#3098 = EDGE_LOOP ( 'NONE', ( #3483, #4263, #10154, #5874 ) ) ;
#3099 = DIRECTION ( 'NONE',  ( -0.5773502691896268413, -0.5773502691896242878, 0.5773502691896261751 ) ) ;
#3100 = FACE_OUTER_BOUND ( 'NONE', #5515, .T. ) ;
#3101 = VERTEX_POINT ( 'NONE', #2229 ) ;
#3102 = AXIS2_PLACEMENT_3D ( 'NONE', #3569, #10827, #9634 ) ;
#3103 = FACE_OUTER_BOUND ( 'NONE', #1551, .T. ) ;
#3104 = EDGE_CURVE ( 'NONE', #1274, #3471, #551, .T. ) ;
#3105 = ADVANCED_FACE ( 'NONE', ( #6918 ), #5016, .F. ) ;
#3106 = PLANE ( 'NONE',  #10136 ) ;
#3107 = DIRECTION ( 'NONE',  ( -0.0000000000000000000, -1.000000000000000000, -0.0000000000000000000 ) ) ;
#3108 = ORIENTED_EDGE ( 'NONE', *, *, #1521, .T. ) ;
#3109 = DIRECTION ( 'NONE',  ( 0.0000000000000000000, -1.000000000000000000, -0.0000000000000000000 ) ) ;
#3110 = VECTOR ( 'NONE', #4274, 1000.000000000000000 ) ;
#3111 = CARTESIAN_POINT ( 'NONE',  ( -2.134999999999999787, 3.200000000000000178, 8.104990208159816818E-16 ) ) ;
#3112 = VERTEX_POINT ( 'NONE', #2411 ) ;
#3113 = VECTOR ( 'NONE', #4079, 1000.000000000000114 ) ;
#3114 = AXIS2_PLACEMENT_3D ( 'NONE', #7732, #9521, #3169 ) ;
#3115 = EDGE_CURVE ( 'NONE', #3498, #1736, #6028, .T. ) ;
#3116 = DIRECTION ( 'NONE',  ( 1.000000000000000000, 2.082970027439319880E-16, -1.156280642033610094E-31 ) ) ;
#3117 = LINE ( 'NONE', #10371, #9690 ) ;
#3118 = ORIENTED_EDGE ( 'NONE', *, *, #11218, .F. ) ;
#3119 = EDGE_CURVE ( 'NONE', #6622, #3591, #1330, .T. ) ;
#3120 = PLANE ( 'NONE',  #6919 ) ;
#3121 = LINE ( 'NONE', #10308, #8622 ) ;
#3122 = FACE_OUTER_BOUND ( 'NONE', #8429, .T. ) ;
#3123 = DIRECTION ( 'NONE',  ( -1.275451288411719683E-32, -6.123233995736769734E-17, 1.000000000000000000 ) ) ;
#3124 = DIRECTION ( 'NONE',  ( -0.0000000000000000000, 8.915067114227699459E-17, -1.000000000000000000 ) ) ;
#3125 = AXIS2_PLACEMENT_3D ( 'NONE', #492, #7869, #5966 ) ;
#3126 = VECTOR ( 'NONE', #7999, 1000.000000000000000 ) ;
#3127 = CARTESIAN_POINT ( 'NONE',  ( 1.675000000000000044, 0.8649999999999995470, 0.4800000000000012590 ) ) ;
#3128 = VERTEX_POINT ( 'NONE', #4063 ) ;
#3129 = CARTESIAN_POINT ( 'NONE',  ( 0.4050000000000000266, 0.8850000000000000089, 0.4600000000000009637 ) ) ;
#3130 = DIRECTION ( 'NONE',  ( 0.7071067811865461294, 0.7071067811865490160, 4.329780281177481220E-17 ) ) ;
#3131 = ORIENTED_EDGE ( 'NONE', *, *, #6319, .T. ) ;
#3132 = EDGE_CURVE ( 'NONE', #7770, #6587, #2347, .T. ) ;
#3133 = UNCERTAINTY_MEASURE_WITH_UNIT (LENGTH_MEASURE( 1.000000000000000082E-05 ), #6825, 'distance_accuracy_value', 'NONE');
#3134 = VECTOR ( 'NONE', #2595, 1000.000000000000114 ) ;
#3135 = VECTOR ( 'NONE', #9578, 1000.000000000000000 ) ;
#3136 = AXIS2_PLACEMENT_3D ( 'NONE', #3238, #11326, #10489 ) ;
#3137 = CARTESIAN_POINT ( 'NONE',  ( 5.945000000000000284, 0.8649999999999999911, 4.900000000000000355 ) ) ;
#3138 = VERTEX_POINT ( 'NONE', #1513 ) ;
#3139 = EDGE_CURVE ( 'NONE', #9610, #148, #5142, .T. ) ;
#3140 = CARTESIAN_POINT ( 'NONE',  ( -1.774999999999999911, 3.299999999999999378, 0.3600000000000007638 ) ) ;
#3141 = LINE ( 'NONE', #7588, #2274 ) ;
#3142 = DIRECTION ( 'NONE',  ( 0.0000000000000000000, 8.915067114227699459E-17, 1.000000000000000000 ) ) ;
#3143 = ORIENTED_EDGE ( 'NONE', *, *, #2925, .T. ) ;
#3144 = ORIENTED_EDGE ( 'NONE', *, *, #9833, .T. ) ;
#3145 = VECTOR ( 'NONE', #7091, 1000.000000000000000 ) ;
#3146 = AXIS2_PLACEMENT_3D ( 'NONE', #1557, #596, #6008 ) ;
#3147 = CARTESIAN_POINT ( 'NONE',  ( -1.675000000000000044, -3.200000000000000178, 0.4600000000000010192 ) ) ;
#3148 = VECTOR ( 'NONE', #237, 1000.000000000000000 ) ;
#3149 = DIRECTION ( 'NONE',  ( -1.000000000000000000, -2.082970027439319880E-16, 1.156280642033610094E-31 ) ) ;
#3150 = ORIENTED_EDGE ( 'NONE', *, *, #2327, .T. ) ;
#3151 = EDGE_CURVE ( 'NONE', #3036, #3434, #11212, .T. ) ;
#3152 = DIRECTION ( 'NONE',  ( 0.0000000000000000000, 0.0000000000000000000, 1.000000000000000000 ) ) ;
#3153 = DIRECTION ( 'NONE',  ( 1.000000000000000000, -0.0000000000000000000, 0.0000000000000000000 ) ) ;
#3154 = EDGE_CURVE ( 'NONE', #2580, #4525, #7628, .T. ) ;
#3155 = AXIS2_PLACEMENT_3D ( 'NONE', #1340, #9614, #5983 ) ;
#3156 = VECTOR ( 'NONE', #1010, 1000.000000000000000 ) ;
#3157 = ORIENTED_EDGE ( 'NONE', *, *, #7427, .T. ) ;
#3158 = CARTESIAN_POINT ( 'NONE',  ( -4.575000000000000178, 0.5050000000000005596, 4.900000000000000355 ) ) ;
#3159 = ORIENTED_EDGE ( 'NONE', *, *, #8225, .T. ) ;
#3160 = CARTESIAN_POINT ( 'NONE',  ( -4.445000000000000284, 0.4050000000000000266, 0.4800000000000010369 ) ) ;
#3161 = ORIENTED_EDGE ( 'NONE', *, *, #8784, .T. ) ;
#3162 = AXIS2_PLACEMENT_3D ( 'NONE', #7844, #2443, #47 ) ;
#3163 = DIRECTION ( 'NONE',  ( 0.0000000000000000000, 1.000000000000000000, -8.915067114227699459E-17 ) ) ;
#3164 = VERTEX_POINT ( 'NONE', #316 ) ;
#3165 = EDGE_CURVE ( 'NONE', #8746, #10636, #5798, .T. ) ;
#3166 = CARTESIAN_POINT ( 'NONE',  ( -4.214999999999999858, 0.4050000000000000266, 4.799999999999999822 ) ) ;
#3167 = ORIENTED_EDGE ( 'NONE', *, *, #3003, .F. ) ;
#3168 = AXIS2_PLACEMENT_3D ( 'NONE', #2013, #11175, #7646 ) ;
#3169 = DIRECTION ( 'NONE',  ( 1.000000000000000000, 0.0000000000000000000, -0.0000000000000000000 ) ) ;
#3170 = ORIENTED_EDGE ( 'NONE', *, *, #11073, .T. ) ;
#3171 = CARTESIAN_POINT ( 'NONE',  ( -3.405000000000000249, -0.8850000000000000089, 0.4600000000000010192 ) ) ;
#3172 = ORIENTED_EDGE ( 'NONE', *, *, #3000, .F. ) ;
#3173 = DIRECTION ( 'NONE',  ( 1.000000000000000000, -0.0000000000000000000, 0.0000000000000000000 ) ) ;
#3174 = EDGE_CURVE ( 'NONE', #10636, #4527, #11394, .T. ) ;
#3175 = ORIENTED_EDGE ( 'NONE', *, *, #2204, .T. ) ;
#3176 = FACE_OUTER_BOUND ( 'NONE', #8777, .T. ) ;
#3177 = CARTESIAN_POINT ( 'NONE',  ( -4.264999999999999680, 0.7500000000000000000, 4.850000000000000533 ) ) ;
#3178 = ORIENTED_EDGE ( 'NONE', *, *, #4347, .T. ) ;
#3179 = CARTESIAN_POINT ( 'NONE',  ( -8.600000000002909317, 1.650000000030561909, 2.100000000000000089 ) ) ;
#3180 = DIRECTION ( 'NONE',  ( -0.5773502691896261751, 0.5773502691896250649, -0.5773502691896261751 ) ) ;
#3181 = LINE ( 'NONE', #1452, #2238 ) ;
#3182 = CARTESIAN_POINT ( 'NONE',  ( 0.3349999999999990208, 2.500000000000000000, 0.2999999999999999889 ) ) ;
#3183 = DIRECTION ( 'NONE',  ( 1.000000000000000000, 0.0000000000000000000, 0.0000000000000000000 ) ) ;
#3184 = DIRECTION ( 'NONE',  ( 0.0000000000000000000, 1.000000000000000000, -0.0000000000000000000 ) ) ;
#3185 = ORIENTED_EDGE ( 'NONE', *, *, #10503, .F. ) ;
#3186 = DIRECTION ( 'NONE',  ( 1.000000000000000000, 0.0000000000000000000, -0.0000000000000000000 ) ) ;
#3187 = LINE ( 'NONE', #6802, #243 ) ;
#3188 = EDGE_CURVE ( 'NONE', #2376, #11715, #7689, .T. ) ;
#3189 = EDGE_LOOP ( 'NONE', ( #1941, #8023, #3108, #139 ) ) ;
#3190 = LINE ( 'NONE', #1582, #1034 ) ;
#3191 = VECTOR ( 'NONE', #11209, 1000.000000000000000 ) ;
#3192 = PLANE ( 'NONE',  #1730 ) ;
#3193 = VERTEX_POINT ( 'NONE', #1270 ) ;
#3194 = CARTESIAN_POINT ( 'NONE',  ( -2.944999999999999840, -3.200000000000000178, 0.4600000000000010192 ) ) ;
#3195 = LINE ( 'NONE', #2545, #7657 ) ;
#3196 = DIRECTION ( 'NONE',  ( 0.0000000000000000000, 1.000000000000000000, -8.915067114227699459E-17 ) ) ;
#3197 = CARTESIAN_POINT ( 'NONE',  ( 5.485000000000000320, -0.4050000000000000266, 4.799999999999999822 ) ) ;
#3198 = ORIENTED_EDGE ( 'NONE', *, *, #9673, .T. ) ;
#3199 = EDGE_CURVE ( 'NONE', #11124, #9610, #9430, .T. ) ;
#3200 = ORIENTED_EDGE ( 'NONE', *, *, #4005, .F. ) ;
#3201 = VECTOR ( 'NONE', #11672, 1000.000000000000000 ) ;
#3202 = CARTESIAN_POINT ( 'NONE',  ( 4.559999999999999609, 0.4550000000000000155, 4.850000000000000533 ) ) ;
#3203 = DIRECTION ( 'NONE',  ( -1.000000000000000000, 2.082970027439319880E-16, 1.156280642033610094E-31 ) ) ;
#3204 = ORIENTED_EDGE ( 'NONE', *, *, #11128, .F. ) ;
#3205 = EDGE_CURVE ( 'NONE', #7142, #8564, #10378, .T. ) ;
#3206 = DIRECTION ( 'NONE',  ( -0.0000000000000000000, -1.000000000000000000, -0.0000000000000000000 ) ) ;
#3207 = PLANE ( 'NONE',  #3055 ) ;
#3208 = ORIENTED_EDGE ( 'NONE', *, *, #4910, .F. ) ;
#3209 = AXIS2_PLACEMENT_3D ( 'NONE', #9498, #3754, #6530 ) ;
#3210 = ORIENTED_EDGE ( 'NONE', *, *, #8444, .T. ) ;
#3211 = DIRECTION ( 'NONE',  ( -0.0000000000000000000, 1.000000000000000000, 0.0000000000000000000 ) ) ;
#3212 = ORIENTED_EDGE ( 'NONE', *, *, #9268, .T. ) ;
#3213 = EDGE_CURVE ( 'NONE', #5392, #5694, #6796, .T. ) ;
#3214 = LINE ( 'NONE', #11242, #2513 ) ;
#3215 = CARTESIAN_POINT ( 'NONE',  ( -3.305000000000000160, -3.299999999999999822, 2.564999999999999947 ) ) ;
#3216 = SURFACE_STYLE_USAGE ( .BOTH. , #3929 ) ;
#3217 = EDGE_CURVE ( 'NONE', #1082, #7655, #11674, .T. ) ;
#3218 = EDGE_CURVE ( 'NONE', #10170, #5368, #1696, .T. ) ;
#3219 = ORIENTED_EDGE ( 'NONE', *, *, #342, .T. ) ;
#3220 = LINE ( 'NONE', #6116, #8253 ) ;
#3221 = VERTEX_POINT ( 'NONE', #8961 ) ;
#3222 = DIRECTION ( 'NONE',  ( 0.7071067811865461294, -0.0000000000000000000, 0.7071067811865490160 ) ) ;
#3223 = DIRECTION ( 'NONE',  ( 0.0000000000000000000, 0.0000000000000000000, 1.000000000000000000 ) ) ;
#3224 = ORIENTED_EDGE ( 'NONE', *, *, #6678, .T. ) ;
#3225 = LINE ( 'NONE', #11377, #5027 ) ;
#3226 = CARTESIAN_POINT ( 'NONE',  ( -1.675000000000000044, -0.8649999999999999911, 4.799999999999999822 ) ) ;
#3227 = CARTESIAN_POINT ( 'NONE',  ( 0.6350000000000000089, -0.8849999999999998979, 9.757819552369539906E-16 ) ) ;
#3228 = ORIENTED_EDGE ( 'NONE', *, *, #4569, .F. ) ;
#3229 = EDGE_CURVE ( 'NONE', #2326, #1408, #4253, .T. ) ;
#3230 = CARTESIAN_POINT ( 'NONE',  ( -4.214999999999999858, -0.4050000000000000266, 4.799999999999999822 ) ) ;
#3231 = CARTESIAN_POINT ( 'NONE',  ( 1.674999999999999822, 0.4049999999999998046, 0.4800000000000010369 ) ) ;
#3232 = VECTOR ( 'NONE', #4913, 1000.000000000000000 ) ;
#3233 = CARTESIAN_POINT ( 'NONE',  ( -4.675000000000000711, 3.200000000000000178, 0.4600000000000010192 ) ) ;
#3234 = EDGE_CURVE ( 'NONE', #7972, #4641, #8844, .T. ) ;
#3235 = ORIENTED_EDGE ( 'NONE', *, *, #9055, .T. ) ;
#3236 = LINE ( 'NONE', #10488, #11125 ) ;
#3237 = VECTOR ( 'NONE', #3662, 1000.000000000000000 ) ;
#3238 = CARTESIAN_POINT ( 'NONE',  ( 5.945000000000000284, 0.8850000000000000089, 7.632783294297950229E-16 ) ) ;
#3239 = DIRECTION ( 'NONE',  ( 1.000000000000000000, 0.0000000000000000000, -0.0000000000000000000 ) ) ;
#3240 = VERTEX_POINT ( 'NONE', #1573 ) ;
#3241 = DIRECTION ( 'NONE',  ( -0.7071067811865461294, 0.0000000000000000000, 0.7071067811865490160 ) ) ;
#3242 = AXIS2_PLACEMENT_3D ( 'NONE', #7902, #11477, #6050 ) ;
#3243 = DIRECTION ( 'NONE',  ( 0.0000000000000000000, -1.000000000000000000, 0.0000000000000000000 ) ) ;
#3244 = PLANE ( 'NONE',  #7178 ) ;
#3245 = CARTESIAN_POINT ( 'NONE',  ( -3.305000000000000160, -3.299999999999999822, 0.1000000000000011297 ) ) ;
#3246 = CARTESIAN_POINT ( 'NONE',  ( 0.6350000000000000089, -2.500000000000000000, 0.5999999999999999778 ) ) ;
#3247 = DIRECTION ( 'NONE',  ( -1.000000000000000000, 0.0000000000000000000, -0.0000000000000000000 ) ) ;
#3248 = DIRECTION ( 'NONE',  ( 0.0000000000000000000, -8.915067114227699459E-17, -1.000000000000000000 ) ) ;
#3249 = ORIENTED_EDGE ( 'NONE', *, *, #66, .T. ) ;
#3250 = CYLINDRICAL_SURFACE ( 'NONE', #4329, 0.4800000000000000933 ) ;
#3251 = FACE_OUTER_BOUND ( 'NONE', #3406, .T. ) ;
#3252 = AXIS2_PLACEMENT_3D ( 'NONE', #1201, #10128, #3888 ) ;
#3253 = ORIENTED_EDGE ( 'NONE', *, *, #5233, .T. ) ;
#3254 = LINE ( 'NONE', #3314, #3867 ) ;
#3255 = CARTESIAN_POINT ( 'NONE',  ( -2.020000000000000018, 0.8149999999999999467, 4.850000000000000533 ) ) ;
#3256 = ORIENTED_EDGE ( 'NONE', *, *, #1472, .T. ) ;
#3257 = LINE ( 'NONE', #10578, #4669 ) ;
#3258 = ADVANCED_FACE ( 'NONE', ( #2596 ), #7159, .F. ) ;
#3259 = DIRECTION ( 'NONE',  ( 1.000000000000000000, -2.082970027439319880E-16, 0.0000000000000000000 ) ) ;
#3260 = CARTESIAN_POINT ( 'NONE',  ( -4.144999999999999574, 2.499999999999999556, 0.5999999999999999778 ) ) ;
#3261 = EDGE_CURVE ( 'NONE', #5404, #11361, #615, .T. ) ;
#3262 = AXIS2_PLACEMENT_3D ( 'NONE', #5378, #5268, #7931 ) ;
#3263 = ADVANCED_FACE ( 'NONE', ( #3365 ), #5201, .F. ) ;
#3264 = AXIS2_PLACEMENT_3D ( 'NONE', #10091, #8018, #11649 ) ;
#3265 = LINE ( 'NONE', #7891, #1529 ) ;
#3266 = ORIENTED_EDGE ( 'NONE', *, *, #6034, .F. ) ;
#3267 = VERTEX_POINT ( 'NONE', #4420 ) ;
#3268 = DIRECTION ( 'NONE',  ( -0.5773502691896207351, -0.5773502691896282846, -0.5773502691896282846 ) ) ;
#3269 = LINE ( 'NONE', #6875, #3110 ) ;
#3270 = VERTEX_POINT ( 'NONE', #8108 ) ;
#3271 = VECTOR ( 'NONE', #5595, 1000.000000000000000 ) ;
#3272 = DIRECTION ( 'NONE',  ( 3.061616997868386716E-17, 3.061616997868399658E-17, -1.000000000000000000 ) ) ;
#3273 = DIRECTION ( 'NONE',  ( 0.0000000000000000000, 8.915067114227699459E-17, -1.000000000000000000 ) ) ;
#3274 = ORIENTED_EDGE ( 'NONE', *, *, #10107, .T. ) ;
#3275 = EDGE_CURVE ( 'NONE', #10601, #7550, #10670, .T. ) ;
#3276 = VERTEX_POINT ( 'NONE', #2705 ) ;
#3277 = AXIS2_PLACEMENT_3D ( 'NONE', #2413, #1118, #9604 ) ;
#3278 = LINE ( 'NONE', #5527, #2309 ) ;
#3279 = DIRECTION ( 'NONE',  ( 0.7071067811865441310, 0.7071067811865510144, -4.329780281177489848E-17 ) ) ;
#3280 = ORIENTED_EDGE ( 'NONE', *, *, #3374, .T. ) ;
#3281 = CARTESIAN_POINT ( 'NONE',  ( 5.535000000000000142, 3.250000000000000444, 2.564999999999999947 ) ) ;
#3282 = ORIENTED_EDGE ( 'NONE', *, *, #4324, .F. ) ;
#3283 = EDGE_CURVE ( 'NONE', #992, #2376, #8050, .T. ) ;
#3284 = LINE ( 'NONE', #2389, #1981 ) ;
#3285 = DIRECTION ( 'NONE',  ( 1.000000000000000000, 2.091314696702029574E-16, -2.091314696702020699E-16 ) ) ;
#3286 = ORIENTED_EDGE ( 'NONE', *, *, #1974, .T. ) ;
#3287 = ORIENTED_EDGE ( 'NONE', *, *, #3639, .F. ) ;
#3288 = LINE ( 'NONE', #6063, #10747 ) ;
#3289 = EDGE_CURVE ( 'NONE', #8070, #7653, #7055, .T. ) ;
#3290 = DIRECTION ( 'NONE',  ( 0.0000000000000000000, 0.0000000000000000000, -1.000000000000000000 ) ) ;
#3291 = ORIENTED_EDGE ( 'NONE', *, *, #2684, .T. ) ;
#3292 = DIRECTION ( 'NONE',  ( 1.180114444483200076E-18, 0.7071067811865490160, 0.7071067811865461294 ) ) ;
#3293 = VECTOR ( 'NONE', #1489, 1000.000000000000000 ) ;
#3294 =( LENGTH_UNIT ( ) NAMED_UNIT ( * ) SI_UNIT ( .MILLI., .METRE. ) );
#3295 = ORIENTED_EDGE ( 'NONE', *, *, #1888, .F. ) ;
#3296 = EDGE_CURVE ( 'NONE', #2601, #1289, #6138, .T. ) ;
#3297 = VECTOR ( 'NONE', #2418, 1000.000000000000000 ) ;
#3298 = CARTESIAN_POINT ( 'NONE',  ( -0.5050000000000000044, -3.299999999999999822, 0.2300000000000010092 ) ) ;
#3299 = PLANE ( 'NONE',  #1921 ) ;
#3300 = ORIENTED_EDGE ( 'NONE', *, *, #6827, .F. ) ;
#3301 = LINE ( 'NONE', #6734, #7112 ) ;
#3302 = EDGE_CURVE ( 'NONE', #706, #6951, #7992, .T. ) ;
#3303 = FACE_OUTER_BOUND ( 'NONE', #7216, .T. ) ;
#3304 = CARTESIAN_POINT ( 'NONE',  ( 3.044999999999999929, 3.299999999999999822, 0.2300000000000010092 ) ) ;
#3305 = ORIENTED_EDGE ( 'NONE', *, *, #3289, .F. ) ;
#3306 = DIRECTION ( 'NONE',  ( -1.000000000000000000, 2.082970027439319880E-16, 1.156280642033610094E-31 ) ) ;
#3307 = FACE_OUTER_BOUND ( 'NONE', #10735, .T. ) ;
#3308 = DIRECTION ( 'NONE',  ( -0.0000000000000000000, 0.0000000000000000000, 1.000000000000000000 ) ) ;
#3309 = VERTEX_POINT ( 'NONE', #6207 ) ;
#3310 = DIRECTION ( 'NONE',  ( 1.000000000000000000, -2.091314696702029574E-16, -2.091314696702020699E-16 ) ) ;
#3311 = VECTOR ( 'NONE', #2355, 1000.000000000000000 ) ;
#3312 = EDGE_LOOP ( 'NONE', ( #11173, #7485, #9560, #1245 ) ) ;
#3313 = EDGE_CURVE ( 'NONE', #3574, #11115, #11570, .T. ) ;
#3314 = CARTESIAN_POINT ( 'NONE',  ( 2.134999999999999787, -0.8850000000000000089, 7.632783294297950229E-16 ) ) ;
#3315 = CARTESIAN_POINT ( 'NONE',  ( 8.600000000002909317, -1.650000000040749759, 4.799999999999998934 ) ) ;
#3316 = ORIENTED_EDGE ( 'NONE', *, *, #7580, .T. ) ;
#3317 = DIRECTION ( 'NONE',  ( 0.0000000000000000000, -1.000000000000000000, -0.0000000000000000000 ) ) ;
#3318 = AXIS2_PLACEMENT_3D ( 'NONE', #4675, #10374, #2226 ) ;
#3319 = LINE ( 'NONE', #4330, #9202 ) ;
#3320 = DIRECTION ( 'NONE',  ( 1.000000000000000000, -1.665334536937729880E-16, 0.0000000000000000000 ) ) ;
#3321 = VECTOR ( 'NONE', #7373, 1000.000000000000000 ) ;
#3322 = CARTESIAN_POINT ( 'NONE',  ( 5.844999999999999751, 0.7500000000000000000, 4.900000000000000355 ) ) ;
#3323 = ORIENTED_EDGE ( 'NONE', *, *, #6303, .F. ) ;
#3324 = ORIENTED_EDGE ( 'NONE', *, *, #840, .F. ) ;
#3325 = DIRECTION ( 'NONE',  ( -0.5773502691896280625, -0.5773502691896210681, -0.5773502691896280625 ) ) ;
#3326 = DIRECTION ( 'NONE',  ( -1.000000000000000000, -2.082970027439319880E-16, 1.156280642033610094E-31 ) ) ;
#3327 = EDGE_LOOP ( 'NONE', ( #72, #1064, #3484, #11285 ) ) ;
#3328 = VECTOR ( 'NONE', #3612, 1000.000000000000000 ) ;
#3329 = EDGE_CURVE ( 'NONE', #3138, #11471, #11734, .T. ) ;
#3330 = VECTOR ( 'NONE', #10019, 1000.000000000000000 ) ;
#3331 = LINE ( 'NONE', #6945, #659 ) ;
#3332 = LINE ( 'NONE', #5044, #7036 ) ;
#3333 = VERTEX_POINT ( 'NONE', #7213 ) ;
#3334 = LINE ( 'NONE', #9688, #470 ) ;
#3335 = VECTOR ( 'NONE', #1695, 1000.000000000000000 ) ;
#3336 = AXIS2_PLACEMENT_3D ( 'NONE', #11021, #2880, #6486 ) ;
#3337 = VERTEX_POINT ( 'NONE', #10854 ) ;
#3338 = VECTOR ( 'NONE', #6630, 1000.000000000000227 ) ;
#3339 = DIRECTION ( 'NONE',  ( 0.0000000000000000000, 0.0000000000000000000, -1.000000000000000000 ) ) ;
#3340 = DIRECTION ( 'NONE',  ( -0.0000000000000000000, 1.000000000000000000, 8.915067114227699459E-17 ) ) ;
#3341 = CARTESIAN_POINT ( 'NONE',  ( 0.4550000000000000155, 0.5200000000000000178, 4.850000000000000533 ) ) ;
#3342 = DIRECTION ( 'NONE',  ( -1.000000000000000000, 2.082970027439319880E-16, 1.156280642033610094E-31 ) ) ;
#3343 = ADVANCED_FACE ( 'NONE', ( #1639 ), #4370, .T. ) ;
#3344 = DIRECTION ( 'NONE',  ( -0.7071067811865461294, 0.7071067811865490160, -4.329780281177481220E-17 ) ) ;
#3345 = ORIENTED_EDGE ( 'NONE', *, *, #10293, .F. ) ;
#3346 = VECTOR ( 'NONE', #1839, 1000.000000000000114 ) ;
#3347 = AXIS2_PLACEMENT_3D ( 'NONE', #1886, #5566, #4618 ) ;
#3348 = VERTEX_POINT ( 'NONE', #4605 ) ;
#3349 = ORIENTED_EDGE ( 'NONE', *, *, #10980, .F. ) ;
#3350 = DIRECTION ( 'NONE',  ( 1.000000000000000000, 2.082970027439319880E-16, -1.156280642033610094E-31 ) ) ;
#3351 = VERTEX_POINT ( 'NONE', #2769 ) ;
#3352 = LINE ( 'NONE', #10607, #7813 ) ;
#3353 = AXIS2_PLACEMENT_3D ( 'NONE', #1933, #9195, #1823 ) ;
#3354 = EDGE_CURVE ( 'NONE', #8061, #11614, #9248, .T. ) ;
#3355 = CARTESIAN_POINT ( 'NONE',  ( 5.945000000000000284, 0.8850000000000000089, 0.4600000000000010747 ) ) ;
#3356 = ADVANCED_FACE ( 'NONE', ( #8398 ), #1089, .F. ) ;
#3357 = ORIENTED_EDGE ( 'NONE', *, *, #1425, .T. ) ;
#3358 = CARTESIAN_POINT ( 'NONE',  ( 2.612972599797700035E-15, -2.500000000000000000, 0.2999999999999999889 ) ) ;
#3359 = DIRECTION ( 'NONE',  ( 0.7071067811865489050, 0.0000000000000000000, -0.7071067811865460184 ) ) ;
#3360 = CARTESIAN_POINT ( 'NONE',  ( 5.485000000000000320, -0.8850000000000000089, 0.4800000000000009814 ) ) ;
#3361 = CARTESIAN_POINT ( 'NONE',  ( -4.675000000000000711, 0.4050000000000000266, 4.900000000000000355 ) ) ;
#3362 = LINE ( 'NONE', #5967, #6785 ) ;
#3363 = ORIENTED_EDGE ( 'NONE', *, *, #6813, .F. ) ;
#3364 = DIRECTION ( 'NONE',  ( -0.5773502691896189587, -0.5773502691896290617, -0.5773502691896290617 ) ) ;
#3365 = FACE_OUTER_BOUND ( 'NONE', #193, .T. ) ;
#3366 = EDGE_CURVE ( 'NONE', #11107, #8314, #8341, .T. ) ;
#3367 = LINE ( 'NONE', #9486, #9067 ) ;
#3368 = FACE_OUTER_BOUND ( 'NONE', #8111, .T. ) ;
#3369 = ORIENTED_EDGE ( 'NONE', *, *, #9471, .F. ) ;
#3370 = VECTOR ( 'NONE', #3675, 1000.000000000000000 ) ;
#3371 = FACE_OUTER_BOUND ( 'NONE', #5051, .T. ) ;
#3372 = CARTESIAN_POINT ( 'NONE',  ( 1.675000000000000044, -0.4050000000000000266, 4.900000000000000355 ) ) ;
#3373 = EDGE_CURVE ( 'NONE', #4931, #1123, #3821, .T. ) ;
#3374 = EDGE_CURVE ( 'NONE', #4224, #6392, #3771, .T. ) ;
#3375 = VERTEX_POINT ( 'NONE', #10010 ) ;
#3376 = DIRECTION ( 'NONE',  ( 0.0000000000000000000, -8.915067114227699459E-17, -1.000000000000000000 ) ) ;
#3377 = DIRECTION ( 'NONE',  ( 1.180114444483200076E-18, 0.7071067811865490160, 0.7071067811865461294 ) ) ;
#3378 = CARTESIAN_POINT ( 'NONE',  ( -2.134999999999999787, 3.200000000000000178, 6.684615519032470738E-16 ) ) ;
#3379 = ORIENTED_EDGE ( 'NONE', *, *, #1287, .T. ) ;
#3380 = DIRECTION ( 'NONE',  ( 1.275451288411719683E-32, -6.123233995736769734E-17, -1.000000000000000000 ) ) ;
#3381 = CLOSED_SHELL ( 'NONE', ( #2336, #6955, #10914, #432, #3087, #7134, #2016, #3343, #2055, #10933, #4283, #338, #10056, #3472, #3764, #1815, #10334, #7924 ) ) ;
#3382 = DIRECTION ( 'NONE',  ( -0.0000000000000000000, -1.000000000000000000, -0.0000000000000000000 ) ) ;
#3383 = DIRECTION ( 'NONE',  ( 0.5773502691896265082, 0.5773502691896241767, -0.5773502691896265082 ) ) ;
#3384 = DIRECTION ( 'NONE',  ( 0.0000000000000000000, 0.0000000000000000000, 1.000000000000000000 ) ) ;
#3385 = ORIENTED_EDGE ( 'NONE', *, *, #9249, .T. ) ;
#3386 = ORIENTED_EDGE ( 'NONE', *, *, #4862, .T. ) ;
#3387 = DIRECTION ( 'NONE',  ( -0.5773502691896296168, -0.5773502691896227335, 0.5773502691896247319 ) ) ;
#3388 = FACE_OUTER_BOUND ( 'NONE', #7842, .T. ) ;
#3389 = ORIENTED_EDGE ( 'NONE', *, *, #4279, .T. ) ;
#3390 = VECTOR ( 'NONE', #2051, 1000.000000000000000 ) ;
#3391 = CARTESIAN_POINT ( 'NONE',  ( -3.405000000000000249, 0.4050000000000000266, 4.799999999999999822 ) ) ;
#3392 = CARTESIAN_POINT ( 'NONE',  ( 1.905000000000000027, -0.5050000000000000044, 4.900000000000000355 ) ) ;
#3393 = LINE ( 'NONE', #7010, #10655 ) ;
#3394 = ORIENTED_EDGE ( 'NONE', *, *, #4600, .T. ) ;
#3395 = DIRECTION ( 'NONE',  ( 1.000000000000000000, 0.0000000000000000000, -0.0000000000000000000 ) ) ;
#3396 = CARTESIAN_POINT ( 'NONE',  ( 5.844999999999999751, 0.5050000000000000044, 4.900000000000000355 ) ) ;
#3397 =( GEOMETRIC_REPRESENTATION_CONTEXT ( 3 ) GLOBAL_UNCERTAINTY_ASSIGNED_CONTEXT ( ( #3732 ) ) GLOBAL_UNIT_ASSIGNED_CONTEXT ( ( #1086, #3938, #10061 ) ) REPRESENTATION_CONTEXT ( 'NONE', 'WORKASPACE' ) );
#3398 = ORIENTED_EDGE ( 'NONE', *, *, #7796, .T. ) ;
#3399 = ADVANCED_FACE ( 'NONE', ( #8167 ), #74, .T. ) ;
#3400 = FACE_OUTER_BOUND ( 'NONE', #4424, .T. ) ;
#3401 = ORIENTED_EDGE ( 'NONE', *, *, #9027, .T. ) ;
#3402 = DIRECTION ( 'NONE',  ( -1.000000000000000000, 0.0000000000000000000, 0.0000000000000000000 ) ) ;
#3403 = LINE ( 'NONE', #5117, #3293 ) ;
#3404 = LINE ( 'NONE', #7016, #11726 ) ;
#3405 = CARTESIAN_POINT ( 'NONE',  ( 2.944999999999999840, 0.4049999999999998601, 4.799999999999999822 ) ) ;
#3406 = EDGE_LOOP ( 'NONE', ( #3052, #2604, #5511, #7977, #7720, #4971, #6282, #4111 ) ) ;
#3407 = VECTOR ( 'NONE', #10134, 1000.000000000000000 ) ;
#3408 = DIRECTION ( 'NONE',  ( -1.000000000000000000, 0.0000000000000000000, -0.0000000000000000000 ) ) ;
#3409 = EDGE_LOOP ( 'NONE', ( #11530, #1409, #4159, #11593 ) ) ;
#3410 = ORIENTED_EDGE ( 'NONE', *, *, #10571, .F. ) ;
#3411 =( NAMED_UNIT ( * ) PLANE_ANGLE_UNIT ( ) SI_UNIT ( $, .RADIAN. ) );
#3412 = CARTESIAN_POINT ( 'NONE',  ( -5.844999999999999751, 3.299999999999999378, 0.3600000000000010969 ) ) ;
#3413 =( NAMED_UNIT ( * ) SI_UNIT ( $, .STERADIAN. ) SOLID_ANGLE_UNIT ( ) );
#3414 = ADVANCED_FACE ( 'NONE', ( #2939 ), #1926, .F. ) ;
#3415 = EDGE_CURVE ( 'NONE', #6441, #8268, #5440, .T. ) ;
#3416 = FACE_OUTER_BOUND ( 'NONE', #4479, .T. ) ;
#3417 = DIRECTION ( 'NONE',  ( -1.000000000000000000, 2.082970027439319880E-16, 1.156280642033610094E-31 ) ) ;
#3418 = EDGE_LOOP ( 'NONE', ( #4743, #6308, #2288, #7830 ) ) ;
#3419 = ORIENTED_EDGE ( 'NONE', *, *, #11047, .T. ) ;
#3420 = DIRECTION ( 'NONE',  ( -0.5773502691896280625, -0.5773502691896210681, -0.5773502691896280625 ) ) ;
#3421 = EDGE_CURVE ( 'NONE', #2499, #7591, #1977, .T. ) ;
#3422 = LINE ( 'NONE', #9946, #11119 ) ;
#3423 = DIRECTION ( 'NONE',  ( -1.000000000000000000, 8.344669262702679687E-19, 8.344669262702645020E-19 ) ) ;
#3424 = DIRECTION ( 'NONE',  ( 1.000000000000000000, -2.082970027439319880E-16, -1.156280642033610094E-31 ) ) ;
#3425 = LINE ( 'NONE', #4540, #9657 ) ;
#3426 = ORIENTED_EDGE ( 'NONE', *, *, #8215, .T. ) ;
#3427 = CARTESIAN_POINT ( 'NONE',  ( 2.612972599797700035E-15, 5.806605777328229749E-16, 0.2999999999999999889 ) ) ;
#3428 = EDGE_CURVE ( 'NONE', #1171, #1303, #5610, .T. ) ;
#3429 = CARTESIAN_POINT ( 'NONE',  ( -4.144999999999998685, 2.500000000000000000, 0.2999999999999999889 ) ) ;
#3430 = LINE ( 'NONE', #8848, #300 ) ;
#3431 = CARTESIAN_POINT ( 'NONE',  ( 5.535000000000000142, -0.5200000000000000178, 4.850000000000000533 ) ) ;
#3432 = EDGE_LOOP ( 'NONE', ( #2746, #1459, #6768, #10784 ) ) ;
#3433 = DIRECTION ( 'NONE',  ( 0.0000000000000000000, -1.000000000000000000, -8.915067114227699459E-17 ) ) ;
#3434 = VERTEX_POINT ( 'NONE', #7270 ) ;
#3435 = CARTESIAN_POINT ( 'NONE',  ( -3.405000000000000249, 0.4050000000000000266, 4.900000000000000355 ) ) ;
#3436 = EDGE_CURVE ( 'NONE', #11680, #1073, #9186, .T. ) ;
#3437 = LINE ( 'NONE', #25, #9333 ) ;
#3438 = ORIENTED_EDGE ( 'NONE', *, *, #540, .T. ) ;
#3439 = DIRECTION ( 'NONE',  ( 0.0000000000000000000, 0.0000000000000000000, -1.000000000000000000 ) ) ;
#3440 = DIRECTION ( 'NONE',  ( 1.000000000000000000, -2.082970027439319880E-16, -1.156280642033610094E-31 ) ) ;
#3441 = FACE_OUTER_BOUND ( 'NONE', #5310, .T. ) ;
#3442 = EDGE_LOOP ( 'NONE', ( #6098, #8235, #4996, #2539 ) ) ;
#3443 = EDGE_CURVE ( 'NONE', #7407, #11249, #2037, .T. ) ;
#3444 = CARTESIAN_POINT ( 'NONE',  ( 8.600000000002909317, -0.8250000000203719930, 4.799999999999998046 ) ) ;
#3445 = EDGE_LOOP ( 'NONE', ( #1584, #3235, #9489, #3249 ) ) ;
#3446 = VECTOR ( 'NONE', #5290, 1000.000000000000000 ) ;
#3447 = EDGE_LOOP ( 'NONE', ( #6494, #9699, #447, #4434 ) ) ;
#3448 = CARTESIAN_POINT ( 'NONE',  ( 5.945000000000000284, 0.4050000000000000266, 4.799999999999999822 ) ) ;
#3449 = ORIENTED_EDGE ( 'NONE', *, *, #444, .F. ) ;
#3450 = EDGE_CURVE ( 'NONE', #8686, #10891, #4661, .T. ) ;
#3451 = AXIS2_PLACEMENT_3D ( 'NONE', #5500, #1872, #3704 ) ;
#3452 = LINE ( 'NONE', #9739, #10540 ) ;
#3453 = CARTESIAN_POINT ( 'NONE',  ( -4.144999999999999574, -2.499999999999999556, 0.5999999999999999778 ) ) ;
#3454 = ORIENTED_EDGE ( 'NONE', *, *, #4042, .F. ) ;
#3455 = AXIS2_PLACEMENT_3D ( 'NONE', #5008, #10614, #3239 ) ;
#3456 = EDGE_CURVE ( 'NONE', #2608, #7953, #6605, .T. ) ;
#3457 = EDGE_LOOP ( 'NONE', ( #8116, #4802, #5062, #8293, #3912, #6451, #10036, #1916 ) ) ;
#3458 = DIRECTION ( 'NONE',  ( 1.000000000000000000, -0.0000000000000000000, 0.0000000000000000000 ) ) ;
#3459 = EDGE_LOOP ( 'NONE', ( #7276, #7707, #3921, #5689 ) ) ;
#3460 = VECTOR ( 'NONE', #11542, 1000.000000000000000 ) ;
#3461 = CARTESIAN_POINT ( 'NONE',  ( -4.144999999999999574, -2.499999999999999556, 0.2999999999999999889 ) ) ;
#3462 = PLANE ( 'NONE',  #6985 ) ;
#3463 = DIRECTION ( 'NONE',  ( 0.7071067811865461294, 0.0000000000000000000, -0.7071067811865490160 ) ) ;
#3464 = ORIENTED_EDGE ( 'NONE', *, *, #10684, .T. ) ;
#3465 = CIRCLE ( 'NONE', #10098, 0.4800000000000000933 ) ;
#3466 = VERTEX_POINT ( 'NONE', #10241 ) ;
#3467 = ORIENTED_EDGE ( 'NONE', *, *, #11642, .T. ) ;
#3468 = CARTESIAN_POINT ( 'NONE',  ( 6.014999999999999680, 2.499999999999999556, 0.5999999999999999778 ) ) ;
#3469 = ORIENTED_EDGE ( 'NONE', *, *, #10190, .T. ) ;
#3470 = VECTOR ( 'NONE', #3308, 1000.000000000000000 ) ;
#3471 = VERTEX_POINT ( 'NONE', #912 ) ;
#3472 = ADVANCED_FACE ( 'NONE', ( #2825 ), #8285, .T. ) ;
#3473 = CARTESIAN_POINT ( 'NONE',  ( -4.445000000000000284, -0.5050000000000000044, 4.900000000000000355 ) ) ;
#3474 = CARTESIAN_POINT ( 'NONE',  ( -2.134999999999999787, -0.4050000000000000266, 4.799999999999999822 ) ) ;
#3475 = SURFACE_STYLE_FILL_AREA ( #2648 ) ;
#3476 = CARTESIAN_POINT ( 'NONE',  ( 1.775000000000000133, -3.299999999999999822, 0.1000000000000011297 ) ) ;
#3477 = ORIENTED_EDGE ( 'NONE', *, *, #4512, .T. ) ;
#3478 = CARTESIAN_POINT ( 'NONE',  ( 2.134999999999999787, -0.8850000000000000089, 0.4800000000000009814 ) ) ;
#3479 = VECTOR ( 'NONE', #6428, 1000.000000000000000 ) ;
#3480 = CARTESIAN_POINT ( 'NONE',  ( -1.905000000000000027, -0.8649999999999999911, 0.4800000000000009814 ) ) ;
#3481 = CARTESIAN_POINT ( 'NONE',  ( -1.905000000000000027, -0.5050000000000000044, 4.900000000000000355 ) ) ;
#3482 = FACE_OUTER_BOUND ( 'NONE', #4091, .T. ) ;
#3483 = ORIENTED_EDGE ( 'NONE', *, *, #4138, .T. ) ;
#3484 = ORIENTED_EDGE ( 'NONE', *, *, #11760, .T. ) ;
#3485 = VECTOR ( 'NONE', #2570, 1000.000000000000000 ) ;
#3486 = ADVANCED_FACE ( 'NONE', ( #6491 ), #5069, .F. ) ;
#3487 = LINE ( 'NONE', #3435, #8835 ) ;
#3488 = CARTESIAN_POINT ( 'NONE',  ( -0.8649999999999999911, 0.8650000000000005462, 4.799999999999999822 ) ) ;
#3489 = DIRECTION ( 'NONE',  ( -1.000000000000000000, 2.082970027439319880E-16, 1.156280642033610094E-31 ) ) ;
#3490 = EDGE_LOOP ( 'NONE', ( #8226, #5741, #11664, #7736 ) ) ;
#3491 = LINE ( 'NONE', #7111, #10573 ) ;
#3492 = CARTESIAN_POINT ( 'NONE',  ( -0.8649999999999999911, 0.4050000000000000266, 4.900000000000000355 ) ) ;
#3493 = PLANE ( 'NONE',  #4709 ) ;
#3494 = EDGE_LOOP ( 'NONE', ( #3185, #4237, #10728, #9408 ) ) ;
#3495 = CARTESIAN_POINT ( 'NONE',  ( 3.405000000000000249, 0.4050000000000000266, 4.799999999999999822 ) ) ;
#3496 = EDGE_LOOP ( 'NONE', ( #665, #975, #4724, #9320 ) ) ;
#3497 = VECTOR ( 'NONE', #6509, 1000.000000000000000 ) ;
#3498 = VERTEX_POINT ( 'NONE', #7615 ) ;
#3499 = CARTESIAN_POINT ( 'NONE',  ( 5.485000000000000320, -0.4050000000000000266, 4.900000000000000355 ) ) ;
#3500 = ADVANCED_FACE ( 'NONE', ( #5722 ), #6721, .F. ) ;
#3501 = CARTESIAN_POINT ( 'NONE',  ( 3.174999999999999822, -0.8649999999999999911, 0.4800000000000009814 ) ) ;
#3502 = ADVANCED_FACE ( 'NONE', ( #1195 ), #5001, .T. ) ;
#3503 = LINE ( 'NONE', #7126, #90 ) ;
#3504 = LINE ( 'NONE', #10035, #5137 ) ;
#3505 = ORIENTED_EDGE ( 'NONE', *, *, #8596, .F. ) ;
#3506 = EDGE_LOOP ( 'NONE', ( #10979, #10769, #8573, #8640 ) ) ;
#3507 = DIRECTION ( 'NONE',  ( 0.0000000000000000000, 1.000000000000000000, 0.0000000000000000000 ) ) ;
#3508 = ORIENTED_EDGE ( 'NONE', *, *, #2017, .F. ) ;
#3509 = VECTOR ( 'NONE', #9751, 1000.000000000000000 ) ;
#3510 = EDGE_CURVE ( 'NONE', #10346, #449, #9149, .T. ) ;
#3511 = AXIS2_PLACEMENT_3D ( 'NONE', #2687, #8321, #6294 ) ;
#3512 = CARTESIAN_POINT ( 'NONE',  ( 3.045000000000000373, -3.299999999999999378, 0.3600000000000009304 ) ) ;
#3513 = ADVANCED_FACE ( 'NONE', ( #359 ), #11253, .F. ) ;
#3514 = ORIENTED_EDGE ( 'NONE', *, *, #4778, .T. ) ;
#3515 = CARTESIAN_POINT ( 'NONE',  ( 1.549551830515630224E-15, 1.650000000040749981, 4.799999999999999822 ) ) ;
#3516 = FACE_OUTER_BOUND ( 'NONE', #9059, .T. ) ;
#3517 = ORIENTED_EDGE ( 'NONE', *, *, #3676, .F. ) ;
#3518 = VECTOR ( 'NONE', #7666, 1000.000000000000000 ) ;
#3519 = AXIS2_PLACEMENT_3D ( 'NONE', #990, #4625, #3733 ) ;
#3520 = VERTEX_POINT ( 'NONE', #4831 ) ;
#3521 = CARTESIAN_POINT ( 'NONE',  ( 0.6349999999999990097, -3.299999999999999822, 0.2300000000000010092 ) ) ;
#3522 = DIRECTION ( 'NONE',  ( -1.000000000000000000, -0.0000000000000000000, 0.0000000000000000000 ) ) ;
#3523 = ORIENTED_EDGE ( 'NONE', *, *, #1547, .T. ) ;
#3524 = LINE ( 'NONE', #5425, #6772 ) ;
#3525 = CARTESIAN_POINT ( 'NONE',  ( 1.774999999999999911, 3.299999999999999822, 0.3600000000000010414 ) ) ;
#3526 = ORIENTED_EDGE ( 'NONE', *, *, #4713, .F. ) ;
#3527 = SURFACE_STYLE_USAGE ( .BOTH. , #7148 ) ;
#3528 = AXIS2_PLACEMENT_3D ( 'NONE', #9887, #9123, #1801 ) ;
#3529 = VERTEX_POINT ( 'NONE', #4116 ) ;
#3530 = FACE_OUTER_BOUND ( 'NONE', #2843, .T. ) ;
#3531 =( NAMED_UNIT ( * ) PLANE_ANGLE_UNIT ( ) SI_UNIT ( $, .RADIAN. ) );
#3532 = VECTOR ( 'NONE', #8294, 1000.000000000000000 ) ;
#3533 = VECTOR ( 'NONE', #10496, 1000.000000000000000 ) ;
#3534 = LINE ( 'NONE', #4477, #4823 ) ;
#3535 = PRESENTATION_STYLE_ASSIGNMENT (( #9075 ) ) ;
#3536 = ORIENTED_EDGE ( 'NONE', *, *, #9456, .T. ) ;
#3537 = DIRECTION ( 'NONE',  ( 1.000000000000000000, -0.0000000000000000000, 0.0000000000000000000 ) ) ;
#3538 = DIRECTION ( 'NONE',  ( 1.000000000000000000, -0.0000000000000000000, 0.0000000000000000000 ) ) ;
#3539 = DIRECTION ( 'NONE',  ( 1.000000000000000000, -0.0000000000000000000, -2.099659365964729900E-16 ) ) ;
#3540 = CARTESIAN_POINT ( 'NONE',  ( 1.675000000000000044, -3.200000000000000178, 8.688751003463630127E-16 ) ) ;
#3541 = EDGE_CURVE ( 'NONE', #6423, #4378, #11381, .T. ) ;
#3542 = ORIENTED_EDGE ( 'NONE', *, *, #3616, .T. ) ;
#3543 = VECTOR ( 'NONE', #3882, 1000.000000000000114 ) ;
#3544 = ORIENTED_EDGE ( 'NONE', *, *, #6583, .T. ) ;
#3545 = CARTESIAN_POINT ( 'NONE',  ( 0.7650000000000000133, -3.299999999999999822, 0.2300000000000010092 ) ) ;
#3546 = VERTEX_POINT ( 'NONE', #3231 ) ;
#3547 = DIRECTION ( 'NONE',  ( -0.0000000000000000000, 0.0000000000000000000, 1.000000000000000000 ) ) ;
#3548 = DIRECTION ( 'NONE',  ( -0.0000000000000000000, 8.915067114227699459E-17, -1.000000000000000000 ) ) ;
#3549 = PLANE ( 'NONE',  #2049 ) ;
#3550 = ORIENTED_EDGE ( 'NONE', *, *, #3656, .T. ) ;
#3551 = ADVANCED_FACE ( 'NONE', ( #10422 ), #8704, .F. ) ;
#3552 = VERTEX_POINT ( 'NONE', #3111 ) ;
#3553 = EDGE_CURVE ( 'NONE', #10842, #8941, #8458, .T. ) ;
#3554 = EDGE_LOOP ( 'NONE', ( #4560, #6708, #3369, #704 ) ) ;
#3555 = LINE ( 'NONE', #2726, #7338 ) ;
#3556 = LINE ( 'NONE', #986, #7092 ) ;
#3557 = LINE ( 'NONE', #2674, #5970 ) ;
#3558 = COLOUR_RGB ( '',0.6980392156862744724, 0.5490196078431373028, 0.003921568627450980338 ) ;
#3559 = LINE ( 'NONE', #5467, #4939 ) ;
#3560 = ORIENTED_EDGE ( 'NONE', *, *, #6517, .F. ) ;
#3561 = DIRECTION ( 'NONE',  ( 0.0000000000000000000, -8.915067114227699459E-17, -1.000000000000000000 ) ) ;
#3562 = EDGE_CURVE ( 'NONE', #7675, #1202, #4006, .T. ) ;
#3563 = ORIENTED_EDGE ( 'NONE', *, *, #10323, .F. ) ;
#3564 = ADVANCED_FACE ( 'NONE', ( #2332 ), #5955, .T. ) ;
#3565 = CARTESIAN_POINT ( 'NONE',  ( 3.174999999999999822, 0.8850000000000000089, 0.4600000000000009637 ) ) ;
#3566 = ORIENTED_EDGE ( 'NONE', *, *, #1688, .T. ) ;
#3567 = CLOSED_SHELL ( 'NONE', ( #1713, #11647, #10553, #6019, #10271, #6881, #6905, #11476, #10160, #7546, #6224, #1574, #3807, #5460, #1804, #10366, #10018, #3058 ) ) ;
#3568 = FACE_OUTER_BOUND ( 'NONE', #3418, .T. ) ;
#3569 = CARTESIAN_POINT ( 'NONE',  ( -5.535000000000000142, -0.7500000000000000000, 4.850000000000000533 ) ) ;
#3570 = CARTESIAN_POINT ( 'NONE',  ( 0.7649999999999994582, 0.5050000000000000044, 4.900000000000000355 ) ) ;
#3571 = VERTEX_POINT ( 'NONE', #5839 ) ;
#3572 = CARTESIAN_POINT ( 'NONE',  ( -2.944999999999999840, 3.200000000000000178, 8.673617379884035472E-16 ) ) ;
#3573 = LINE ( 'NONE', #1787, #11190 ) ;
#3574 = VERTEX_POINT ( 'NONE', #9472 ) ;
#3575 = CIRCLE ( 'NONE', #6035, 0.02000000000000005246 ) ;
#3576 = EDGE_CURVE ( 'NONE', #5009, #6535, #538, .T. ) ;
#3577 = ORIENTED_EDGE ( 'NONE', *, *, #3366, .F. ) ;
#3578 = CARTESIAN_POINT ( 'NONE',  ( 1.725000000000000089, -0.5200000000000000178, 4.850000000000000533 ) ) ;
#3579 = PLANE ( 'NONE',  #7757 ) ;
#3580 = EDGE_LOOP ( 'NONE', ( #8628, #2331, #10376, #3577 ) ) ;
#3581 = ADVANCED_FACE ( 'NONE', ( #3940 ), #4172, .F. ) ;
#3582 = LINE ( 'NONE', #4236, #7245 ) ;
#3583 = VERTEX_POINT ( 'NONE', #6664 ) ;
#3584 = EDGE_LOOP ( 'NONE', ( #4965, #10986, #7810, #3978 ) ) ;
#3585 = ORIENTED_EDGE ( 'NONE', *, *, #1533, .F. ) ;
#3586 = ADVANCED_FACE ( 'NONE', ( #8575 ), #416, .F. ) ;
#3587 = PLANE ( 'NONE',  #852 ) ;
#3588 = MECHANICAL_DESIGN_GEOMETRIC_PRESENTATION_REPRESENTATION (  '', ( #4722 ), #10424 ) ;
#3589 = LINE ( 'NONE', #8047, #11290 ) ;
#3590 = CARTESIAN_POINT ( 'NONE',  ( -3.405000000000000249, -0.8850000000000000089, 0.4600000000000010192 ) ) ;
#3591 = VERTEX_POINT ( 'NONE', #3468 ) ;
#3592 = DIRECTION ( 'NONE',  ( 1.000000000000000000, 0.0000000000000000000, -0.0000000000000000000 ) ) ;
#3593 = ADVANCED_FACE ( 'NONE', ( #3416 ), #785, .T. ) ;
#3594 = DIRECTION ( 'NONE',  ( 1.953503796022424979E-47, -1.000000000000000000, 9.303908184768099600E-32 ) ) ;
#3595 = CARTESIAN_POINT ( 'NONE',  ( -5.485000000000000320, -0.4050000000000000266, 4.900000000000000355 ) ) ;
#3596 = LINE ( 'NONE', #4547, #9725 ) ;
#3597 = ORIENTED_EDGE ( 'NONE', *, *, #11354, .F. ) ;
#3598 = ORIENTED_EDGE ( 'NONE', *, *, #4486, .F. ) ;
#3599 = DIRECTION ( 'NONE',  ( 0.0000000000000000000, -1.000000000000000000, -0.0000000000000000000 ) ) ;
#3600 = ORIENTED_EDGE ( 'NONE', *, *, #11061, .T. ) ;
#3601 = CARTESIAN_POINT ( 'NONE',  ( -2.944999999999999840, 0.8850000000000000089, 0.4800000000000009814 ) ) ;
#3602 = CARTESIAN_POINT ( 'NONE',  ( 2.134999999999999787, -0.8850000000000000089, 0.4600000000000009082 ) ) ;
#3603 = DIRECTION ( 'NONE',  ( 1.665334536937729880E-16, 1.000000000000000000, 0.0000000000000000000 ) ) ;
#3604 = ORIENTED_EDGE ( 'NONE', *, *, #7507, .T. ) ;
#3605 = LINE ( 'NONE', #7228, #3903 ) ;
#3606 = CARTESIAN_POINT ( 'NONE',  ( -4.675000000000000711, -0.4050000000000000266, 4.799999999999999822 ) ) ;
#3607 = ORIENTED_EDGE ( 'NONE', *, *, #7000, .F. ) ;
#3608 = ORIENTED_EDGE ( 'NONE', *, *, #2871, .F. ) ;
#3609 = DIRECTION ( 'NONE',  ( -0.0000000000000000000, -0.0000000000000000000, 1.000000000000000000 ) ) ;
#3610 = LINE ( 'NONE', #9915, #1394 ) ;
#3611 = CIRCLE ( 'NONE', #3264, 0.4800000000000000933 ) ;
#3612 = DIRECTION ( 'NONE',  ( 0.5773502691896279515, -0.5773502691896238437, -0.5773502691896255090 ) ) ;
#3613 = EDGE_CURVE ( 'NONE', #6831, #6458, #1739, .T. ) ;
#3614 = DIRECTION ( 'NONE',  ( -0.0000000000000000000, -8.915067114227699459E-17, 1.000000000000000000 ) ) ;
#3615 = EDGE_LOOP ( 'NONE', ( #9565, #10577, #4040, #6044 ) ) ;
#3616 = EDGE_CURVE ( 'NONE', #2296, #9899, #9762, .T. ) ;
#3617 = AXIS2_PLACEMENT_3D ( 'NONE', #2967, #1169, #6574 ) ;
#3618 = VECTOR ( 'NONE', #8928, 1000.000000000000000 ) ;
#3619 = PLANE ( 'NONE',  #559 ) ;
#3620 = ORIENTED_EDGE ( 'NONE', *, *, #428, .F. ) ;
#3621 = DIRECTION ( 'NONE',  ( 1.000000000000000000, 0.0000000000000000000, -0.0000000000000000000 ) ) ;
#3622 = ORIENTED_EDGE ( 'NONE', *, *, #5393, .F. ) ;
#3623 = DIRECTION ( 'NONE',  ( -0.5773502691896291728, 0.5773502691896240657, -0.5773502691896240657 ) ) ;
#3624 = DIRECTION ( 'NONE',  ( 0.7071067811865461294, -0.0000000000000000000, 0.7071067811865490160 ) ) ;
#3625 = FACE_OUTER_BOUND ( 'NONE', #4514, .T. ) ;
#3626 = AXIS2_PLACEMENT_3D ( 'NONE', #4262, #8728, #624 ) ;
#3627 = ORIENTED_EDGE ( 'NONE', *, *, #2194, .F. ) ;
#3628 = PLANE ( 'NONE',  #7954 ) ;
#3629 = ORIENTED_EDGE ( 'NONE', *, *, #3630, .F. ) ;
#3630 = EDGE_CURVE ( 'NONE', #11683, #2043, #6191, .T. ) ;
#3631 = EDGE_LOOP ( 'NONE', ( #10557, #9499, #2129, #2865 ) ) ;
#3632 = FACE_OUTER_BOUND ( 'NONE', #3759, .T. ) ;
#3633 = ORIENTED_EDGE ( 'NONE', *, *, #1765, .T. ) ;
#3634 = AXIS2_PLACEMENT_3D ( 'NONE', #3649, #5555, #5666 ) ;
#3635 =( NAMED_UNIT ( * ) PLANE_ANGLE_UNIT ( ) SI_UNIT ( $, .RADIAN. ) );
#3636 = CARTESIAN_POINT ( 'NONE',  ( -0.7650000000000000133, 3.299999999999999822, 0.2300000000000010092 ) ) ;
#3637 = DIRECTION ( 'NONE',  ( -0.5773502691896219563, -0.5773502691896267303, 0.5773502691896286176 ) ) ;
#3638 = VERTEX_POINT ( 'NONE', #8099 ) ;
#3639 = EDGE_CURVE ( 'NONE', #6610, #10587, #724, .T. ) ;
#3640 = VECTOR ( 'NONE', #8269, 1000.000000000000000 ) ;
#3641 = EDGE_CURVE ( 'NONE', #3221, #7675, #5309, .T. ) ;
#3642 = DIRECTION ( 'NONE',  ( 0.0000000000000000000, 0.7071067811865460184, 0.7071067811865489050 ) ) ;
#3643 = DIRECTION ( 'NONE',  ( 1.000000000000000000, 2.082970027439319880E-16, -1.156280642033610094E-31 ) ) ;
#3644 = SURFACE_STYLE_FILL_AREA ( #5496 ) ;
#3645 = CARTESIAN_POINT ( 'NONE',  ( -4.315000000000000391, -3.299999999999999822, 0.1000000000000007827 ) ) ;
#3646 = PRESENTATION_STYLE_ASSIGNMENT (( #1807 ) ) ;
#3647 = VERTEX_POINT ( 'NONE', #8036 ) ;
#3648 = LINE ( 'NONE', #10910, #2374 ) ;
#3649 = CARTESIAN_POINT ( 'NONE',  ( -4.675000000000000711, -0.4050000000000000266, 4.900000000000000355 ) ) ;
#3650 = VECTOR ( 'NONE', #8250, 1000.000000000000000 ) ;
#3651 = CARTESIAN_POINT ( 'NONE',  ( 5.945000000000000284, -3.200000000000000178, 7.475573979287553072E-16 ) ) ;
#3652 = DIRECTION ( 'NONE',  ( 0.0000000000000000000, -1.000000000000000000, 0.0000000000000000000 ) ) ;
#3653 = VERTEX_POINT ( 'NONE', #11665 ) ;
#3654 = EDGE_CURVE ( 'NONE', #2148, #271, #835, .T. ) ;
#3655 = EDGE_LOOP ( 'NONE', ( #11043, #7691, #11163, #8538 ) ) ;
#3656 = EDGE_CURVE ( 'NONE', #7552, #7142, #3582, .T. ) ;
#3657 = DIRECTION ( 'NONE',  ( 1.000000000000000000, -0.0000000000000000000, 0.0000000000000000000 ) ) ;
#3658 = DIRECTION ( 'NONE',  ( 0.0000000000000000000, -1.000000000000000000, -0.0000000000000000000 ) ) ;
#3659 = ORIENTED_EDGE ( 'NONE', *, *, #158, .F. ) ;
#3660 = FACE_OUTER_BOUND ( 'NONE', #4327, .T. ) ;
#3661 = PLANE ( 'NONE',  #11099 ) ;
#3662 = DIRECTION ( 'NONE',  ( 0.0000000000000000000, 0.0000000000000000000, -1.000000000000000000 ) ) ;
#3663 = ORIENTED_EDGE ( 'NONE', *, *, #1425, .F. ) ;
#3664 = EDGE_CURVE ( 'NONE', #8498, #1669, #6014, .T. ) ;
#3665 = AXIS2_PLACEMENT_3D ( 'NONE', #7246, #3800, #2740 ) ;
#3666 = DIRECTION ( 'NONE',  ( 0.0000000000000000000, 0.0000000000000000000, -1.000000000000000000 ) ) ;
#3667 = FACE_OUTER_BOUND ( 'NONE', #11719, .T. ) ;
#3668 = CARTESIAN_POINT ( 'NONE',  ( 2.612972599797700035E-15, -2.500000000000000000, 0.2999999999999999889 ) ) ;
#3669 = ORIENTED_EDGE ( 'NONE', *, *, #7290, .F. ) ;
#3670 = VECTOR ( 'NONE', #2290, 1000.000000000000227 ) ;
#3671 = FACE_OUTER_BOUND ( 'NONE', #7307, .T. ) ;
#3672 = ORIENTED_EDGE ( 'NONE', *, *, #8709, .F. ) ;
#3673 = CARTESIAN_POINT ( 'NONE',  ( 1.604999999999999982, 2.500000000000000000, 0.2999999999999999889 ) ) ;
#3674 = EDGE_LOOP ( 'NONE', ( #3659, #10852, #2503, #5545 ) ) ;
#3675 = DIRECTION ( 'NONE',  ( -1.000000000000000000, -0.0000000000000000000, -0.0000000000000000000 ) ) ;
#3676 = EDGE_CURVE ( 'NONE', #6324, #8300, #6244, .T. ) ;
#3677 = FACE_OUTER_BOUND ( 'NONE', #8178, .T. ) ;
#3678 = ADVANCED_FACE ( 'NONE', ( #10725 ), #6066, .F. ) ;
#3679 = CIRCLE ( 'NONE', #4635, 0.02000000000000005246 ) ;
#3680 = CARTESIAN_POINT ( 'NONE',  ( -5.599999999999999645, 0.4550000000000000155, 4.850000000000000533 ) ) ;
#3681 = ORIENTED_EDGE ( 'NONE', *, *, #8212, .F. ) ;
#3682 = FACE_OUTER_BOUND ( 'NONE', #6969, .T. ) ;
#3683 = DIRECTION ( 'NONE',  ( 0.0000000000000000000, -1.000000000000000000, 8.915067114227699459E-17 ) ) ;
#3684 = EDGE_LOOP ( 'NONE', ( #7740, #4953, #11574, #4011 ) ) ;
#3685 = ORIENTED_EDGE ( 'NONE', *, *, #1286, .F. ) ;
#3686 = DIRECTION ( 'NONE',  ( 1.000000000000000000, 0.0000000000000000000, -0.0000000000000000000 ) ) ;
#3687 = VECTOR ( 'NONE', #11264, 1000.000000000000000 ) ;
#3688 = ORIENTED_EDGE ( 'NONE', *, *, #23, .F. ) ;
#3689 = VECTOR ( 'NONE', #10658, 1000.000000000000000 ) ;
#3690 =( NAMED_UNIT ( * ) SI_UNIT ( $, .STERADIAN. ) SOLID_ANGLE_UNIT ( ) );
#3691 = DIRECTION ( 'NONE',  ( -2.082970027439319880E-16, -1.000000000000000000, -6.123233995736769734E-17 ) ) ;
#3692 = FACE_OUTER_BOUND ( 'NONE', #9842, .T. ) ;
#3693 = EDGE_CURVE ( 'NONE', #2891, #803, #2460, .T. ) ;
#3694 = ORIENTED_EDGE ( 'NONE', *, *, #871, .T. ) ;
#3695 = EDGE_LOOP ( 'NONE', ( #11002, #59, #2004, #4777 ) ) ;
#3696 = AXIS2_PLACEMENT_3D ( 'NONE', #3478, #7098, #10736 ) ;
#3697 = AXIS2_PLACEMENT_3D ( 'NONE', #4182, #10251, #5791 ) ;
#3698 = VECTOR ( 'NONE', #5386, 1000.000000000000114 ) ;
#3699 = CARTESIAN_POINT ( 'NONE',  ( 4.574999999999999289, 0.7500000000000000000, 4.899999999999999467 ) ) ;
#3700 = DIRECTION ( 'NONE',  ( 0.0000000000000000000, 0.7071067811865460184, 0.7071067811865489050 ) ) ;
#3701 = DIRECTION ( 'NONE',  ( 0.5773502691896257311, -0.5773502691896246208, -0.5773502691896269523 ) ) ;
#3702 = EDGE_CURVE ( 'NONE', #7957, #1017, #5130, .T. ) ;
#3703 = CARTESIAN_POINT ( 'NONE',  ( 3.174999999999999822, 2.500000000000000000, 0.5999999999999999778 ) ) ;
#3704 = DIRECTION ( 'NONE',  ( -0.7071067811865510144, 0.7071067811865441310, 0.0000000000000000000 ) ) ;
#3705 = VECTOR ( 'NONE', #5898, 1000.000000000000000 ) ;
#3706 = AXIS2_PLACEMENT_3D ( 'NONE', #10905, #4769, #3700 ) ;
#3707 = AXIS2_PLACEMENT_3D ( 'NONE', #8336, #6656, #7502 ) ;
#3708 = CARTESIAN_POINT ( 'NONE',  ( -5.830000000000000071, -0.8149999999999999467, 4.850000000000000533 ) ) ;
#3709 = LINE ( 'NONE', #4720, #2139 ) ;
#3710 = EDGE_CURVE ( 'NONE', #1865, #9388, #602, .T. ) ;
#3711 = ORIENTED_EDGE ( 'NONE', *, *, #8753, .T. ) ;
#3712 = AXIS2_PLACEMENT_3D ( 'NONE', #1051, #9264, #10256 ) ;
#3713 = FACE_OUTER_BOUND ( 'NONE', #3447, .T. ) ;
#3714 = DIRECTION ( 'NONE',  ( 0.0000000000000000000, -1.000000000000000000, 0.0000000000000000000 ) ) ;
#3715 = CARTESIAN_POINT ( 'NONE',  ( 4.445000000000000284, -0.8850000000000000089, 0.4800000000000009814 ) ) ;
#3716 = ORIENTED_EDGE ( 'NONE', *, *, #1160, .T. ) ;
#3717 = FACE_OUTER_BOUND ( 'NONE', #10719, .T. ) ;
#3718 = DIRECTION ( 'NONE',  ( 0.0000000000000000000, -0.0000000000000000000, -1.000000000000000000 ) ) ;
#3719 = EDGE_CURVE ( 'NONE', #803, #8518, #3352, .T. ) ;
#3720 = ORIENTED_EDGE ( 'NONE', *, *, #9471, .T. ) ;
#3721 = LINE ( 'NONE', #255, #9419 ) ;
#3722 = PLANE ( 'NONE',  #4179 ) ;
#3723 = ORIENTED_EDGE ( 'NONE', *, *, #2231, .T. ) ;
#3724 = LINE ( 'NONE', #3013, #8100 ) ;
#3725 = ORIENTED_EDGE ( 'NONE', *, *, #3229, .F. ) ;
#3726 = EDGE_CURVE ( 'NONE', #5581, #9817, #5189, .T. ) ;
#3727 = VECTOR ( 'NONE', #4102, 1000.000000000000000 ) ;
#3728 = DIRECTION ( 'NONE',  ( -0.0000000000000000000, -0.0000000000000000000, 1.000000000000000000 ) ) ;
#3729 = DIRECTION ( 'NONE',  ( 0.0000000000000000000, -1.000000000000000000, -0.0000000000000000000 ) ) ;
#3730 = CARTESIAN_POINT ( 'NONE',  ( -3.290000000000000036, -3.250000000000000444, 0.4100000000000009748 ) ) ;
#3731 = FACE_OUTER_BOUND ( 'NONE', #2641, .T. ) ;
#3732 = UNCERTAINTY_MEASURE_WITH_UNIT (LENGTH_MEASURE( 1.000000000000000082E-05 ), #1086, 'distance_accuracy_value', 'NONE');
#3733 = DIRECTION ( 'NONE',  ( 1.665334536937729880E-16, 1.000000000000000000, 0.0000000000000000000 ) ) ;
#3734 = FACE_OUTER_BOUND ( 'NONE', #4256, .T. ) ;
#3735 = ORIENTED_EDGE ( 'NONE', *, *, #1853, .F. ) ;
#3736 = DIRECTION ( 'NONE',  ( -1.000000000000000000, -2.082970027439319880E-16, 1.156280642033610094E-31 ) ) ;
#3737 = VECTOR ( 'NONE', #1107, 1000.000000000000000 ) ;
#3738 = DIRECTION ( 'NONE',  ( -1.000000000000000000, 0.0000000000000000000, -0.0000000000000000000 ) ) ;
#3739 = CARTESIAN_POINT ( 'NONE',  ( 4.214999999999999858, 0.8850000000000000089, 8.636121991262881741E-16 ) ) ;
#3740 = VERTEX_POINT ( 'NONE', #9292 ) ;
#3741 = EDGE_CURVE ( 'NONE', #10346, #11249, #901, .T. ) ;
#3742 = PLANE ( 'NONE',  #4606 ) ;
#3743 = LINE ( 'NONE', #5529, #11711 ) ;
#3744 = DIRECTION ( 'NONE',  ( 0.0000000000000000000, -1.000000000000000000, -0.0000000000000000000 ) ) ;
#3745 = AXIS2_PLACEMENT_3D ( 'NONE', #4902, #11338, #11517 ) ;
#3746 = CARTESIAN_POINT ( 'NONE',  ( -4.214999999999999858, 3.200000000000000178, 0.4600000000000011302 ) ) ;
#3747 = ORIENTED_EDGE ( 'NONE', *, *, #178, .T. ) ;
#3748 = CARTESIAN_POINT ( 'NONE',  ( -4.315000000000000391, 3.299999999999999378, 0.1000000000000010880 ) ) ;
#3749 = CARTESIAN_POINT ( 'NONE',  ( -4.559999999999999609, 3.250000000000000444, 0.4100000000000009748 ) ) ;
#3750 = ORIENTED_EDGE ( 'NONE', *, *, #4382, .T. ) ;
#3751 = EDGE_CURVE ( 'NONE', #221, #11124, #5544, .T. ) ;
#3752 = CARTESIAN_POINT ( 'NONE',  ( 2.220446049250309925E-15, 2.050000000040750336, 5.200000000000001066 ) ) ;
#3753 = CLOSED_SHELL ( 'NONE', ( #7911, #8072, #11618, #1101, #1833, #7121, #10518, #165, #7605, #2753, #11005, #11239, #1033, #11028, #9896, #3551, #8313, #10382 ) ) ;
#3754 = DIRECTION ( 'NONE',  ( 1.000000000000000000, 2.082970027439319880E-16, -1.156280642033610094E-31 ) ) ;
#3755 = VERTEX_POINT ( 'NONE', #4648 ) ;
#3756 = DIRECTION ( 'NONE',  ( 1.180114444483200076E-18, 0.7071067811865490160, 0.7071067811865461294 ) ) ;
#3757 = ORIENTED_EDGE ( 'NONE', *, *, #5785, .T. ) ;
#3758 = DIRECTION ( 'NONE',  ( -0.0000000000000000000, 0.0000000000000000000, 1.000000000000000000 ) ) ;
#3759 = EDGE_LOOP ( 'NONE', ( #1009, #5532, #10832, #7350 ) ) ;
#3760 = EDGE_LOOP ( 'NONE', ( #3449, #9345, #504, #7860 ) ) ;
#3761 = VECTOR ( 'NONE', #6217, 1000.000000000000000 ) ;
#3762 = PLANE ( 'NONE',  #2752 ) ;
#3763 = EDGE_CURVE ( 'NONE', #2639, #6916, #8208, .T. ) ;
#3764 = ADVANCED_FACE ( 'NONE', ( #10960 ), #121, .T. ) ;
#3765 = PLANE ( 'NONE',  #2192 ) ;
#3766 = EDGE_CURVE ( 'NONE', #1901, #3647, #9999, .T. ) ;
#3767 = CARTESIAN_POINT ( 'NONE',  ( 4.675000000000000711, -0.4049999999999996381, 0.4800000000000012590 ) ) ;
#3768 = DIRECTION ( 'NONE',  ( 1.000000000000000000, -1.665334536937729880E-16, 0.0000000000000000000 ) ) ;
#3769 = ORIENTED_EDGE ( 'NONE', *, *, #808, .F. ) ;
#3770 = LINE ( 'NONE', #8166, #5978 ) ;
#3771 = LINE ( 'NONE', #8222, #2694 ) ;
#3772 = STYLED_ITEM ( 'NONE', ( #4233 ), #858 ) ;
#3773 = DIRECTION ( 'NONE',  ( 0.7071067811865474617, 0.0000000000000000000, -0.7071067811865474617 ) ) ;
#3774 = CARTESIAN_POINT ( 'NONE',  ( 5.844999999999999751, -3.299999999999999378, 0.1000000000000008105 ) ) ;
#3775 = ORIENTED_EDGE ( 'NONE', *, *, #7922, .F. ) ;
#3776 = VECTOR ( 'NONE', #11491, 1000.000000000000000 ) ;
#3777 = DIRECTION ( 'NONE',  ( -0.7071067811865510144, -0.7071067811865441310, 0.0000000000000000000 ) ) ;
#3778 = DIRECTION ( 'NONE',  ( 0.0000000000000000000, -1.000000000000000000, 0.0000000000000000000 ) ) ;
#3779 = ORIENTED_EDGE ( 'NONE', *, *, #1701, .F. ) ;
#3780 = DIRECTION ( 'NONE',  ( -0.7071067811865461294, 0.7071067811865490160, -4.329780281177481220E-17 ) ) ;
#3781 = CARTESIAN_POINT ( 'NONE',  ( -4.214999999999999858, 0.8649999999999997691, 0.4800000000000011480 ) ) ;
#3782 = DIRECTION ( 'NONE',  ( 1.000000000000000000, 2.082970027439319880E-16, -1.156280642033610094E-31 ) ) ;
#3783 = VERTEX_POINT ( 'NONE', #4593 ) ;
#3784 = CYLINDRICAL_SURFACE ( 'NONE', #6263, 0.4800000000000000933 ) ;
#3785 = CARTESIAN_POINT ( 'NONE',  ( -1.774999999999999911, -3.299999999999999822, 0.2300000000000010092 ) ) ;
#3786 = EDGE_LOOP ( 'NONE', ( #3477, #6648, #9552, #1862 ) ) ;
#3787 = FACE_OUTER_BOUND ( 'NONE', #2576, .T. ) ;
#3788 = EDGE_CURVE ( 'NONE', #5738, #5726, #7379, .T. ) ;
#3789 = DIRECTION ( 'NONE',  ( 1.000000000000000000, 0.0000000000000000000, 0.0000000000000000000 ) ) ;
#3790 = DIRECTION ( 'NONE',  ( -0.7071067811865441310, 0.7071067811865510144, 4.329780281177489848E-17 ) ) ;
#3791 = ORIENTED_EDGE ( 'NONE', *, *, #3313, .F. ) ;
#3792 = ADVANCED_FACE ( 'NONE', ( #4705 ), #2870, .T. ) ;
#3793 = CARTESIAN_POINT ( 'NONE',  ( 2.944999999999999840, -0.8649999999999999911, 4.799999999999999822 ) ) ;
#3794 = DIRECTION ( 'NONE',  ( 0.0000000000000000000, -1.000000000000000000, 0.0000000000000000000 ) ) ;
#3795 = ORIENTED_EDGE ( 'NONE', *, *, #8155, .F. ) ;
#3796 = VECTOR ( 'NONE', #331, 1000.000000000000114 ) ;
#3797 = DIRECTION ( 'NONE',  ( 1.665334536937729880E-16, -1.000000000000000000, 0.0000000000000000000 ) ) ;
#3798 = EDGE_LOOP ( 'NONE', ( #10118, #4292, #603, #3542 ) ) ;
#3799 = PLANE ( 'NONE',  #10381 ) ;
#3800 = DIRECTION ( 'NONE',  ( 2.082970027439319880E-16, -1.000000000000000000, 6.123233995736769734E-17 ) ) ;
#3801 = EDGE_CURVE ( 'NONE', #8644, #917, #11013, .T. ) ;
#3802 = ORIENTED_EDGE ( 'NONE', *, *, #2875, .F. ) ;
#3803 = CIRCLE ( 'NONE', #183, 0.4800000000000000933 ) ;
#3804 = CARTESIAN_POINT ( 'NONE',  ( 2.020000000000000018, -3.299999999999999822, 0.1000000000000008105 ) ) ;
#3805 = CARTESIAN_POINT ( 'NONE',  ( -0.4049999999999999156, 0.8649999999999998801, 4.799999999999999822 ) ) ;
#3806 = ORIENTED_EDGE ( 'NONE', *, *, #2399, .T. ) ;
#3807 = ADVANCED_FACE ( 'NONE', ( #7257 ), #10896, .T. ) ;
#3808 = VECTOR ( 'NONE', #10321, 1000.000000000000000 ) ;
#3809 = ORIENTED_EDGE ( 'NONE', *, *, #885, .F. ) ;
#3810 = CARTESIAN_POINT ( 'NONE',  ( -0.8649999999999999911, 3.200000000000000178, 7.999581663612613574E-16 ) ) ;
#3811 = VERTEX_POINT ( 'NONE', #2025 ) ;
#3812 = FACE_OUTER_BOUND ( 'NONE', #8739, .T. ) ;
#3813 = CARTESIAN_POINT ( 'NONE',  ( -2.134999999999999787, 0.4050000000000000266, 4.900000000000000355 ) ) ;
#3814 = CIRCLE ( 'NONE', #968, 0.4800000000000000933 ) ;
#3815 = ORIENTED_EDGE ( 'NONE', *, *, #10121, .T. ) ;
#3816 = VECTOR ( 'NONE', #11026, 1000.000000000000000 ) ;
#3817 = FACE_OUTER_BOUND ( 'NONE', #11549, .T. ) ;
#3818 = VECTOR ( 'NONE', #9046, 1000.000000000000000 ) ;
#3819 = ORIENTED_EDGE ( 'NONE', *, *, #1688, .F. ) ;
#3820 = LINE ( 'NONE', #8397, #85 ) ;
#3821 = LINE ( 'NONE', #7447, #199 ) ;
#3822 = DIRECTION ( 'NONE',  ( -0.5773502691896251759, -0.5773502691896251759, -0.5773502691896270633 ) ) ;
#3823 = CARTESIAN_POINT ( 'NONE',  ( -2.134999999999999787, 3.200000000000000178, 0.4600000000000010747 ) ) ;
#3824 = EDGE_CURVE ( 'NONE', #148, #7344, #1127, .T. ) ;
#3825 = VECTOR ( 'NONE', #4529, 1000.000000000000000 ) ;
#3826 = ADVANCED_FACE ( 'NONE', ( #1076 ), #5487, .T. ) ;
#3827 = ORIENTED_EDGE ( 'NONE', *, *, #10005, .F. ) ;
#3828 = CARTESIAN_POINT ( 'NONE',  ( -1.604999999999999316, 2.500000000000000000, 0.2999999999999999889 ) ) ;
#3829 = FACE_OUTER_BOUND ( 'NONE', #3554, .T. ) ;
#3830 = ORIENTED_EDGE ( 'NONE', *, *, #4032, .F. ) ;
#3831 = CARTESIAN_POINT ( 'NONE',  ( -5.945000000000000284, 0.8649999999999995470, 0.4800000000000011480 ) ) ;
#3832 = DIRECTION ( 'NONE',  ( 0.7071067811865441310, 0.7071067811865510144, -4.329780281177489848E-17 ) ) ;
#3833 = DIRECTION ( 'NONE',  ( 1.000000000000000000, 0.0000000000000000000, -2.099659365964729900E-16 ) ) ;
#3834 = ORIENTED_EDGE ( 'NONE', *, *, #9794, .F. ) ;
#3835 = MECHANICAL_DESIGN_GEOMETRIC_PRESENTATION_REPRESENTATION (  '', ( #6677 ), #10103 ) ;
#3836 = CARTESIAN_POINT ( 'NONE',  ( 3.405000000000000249, -0.4049999999999994160, 4.799999999999999822 ) ) ;
#3837 = LINE ( 'NONE', #7462, #7331 ) ;
#3838 = ORIENTED_EDGE ( 'NONE', *, *, #1503, .T. ) ;
#3839 = EDGE_CURVE ( 'NONE', #5867, #4314, #11071, .T. ) ;
#3840 = DIRECTION ( 'NONE',  ( 0.0000000000000000000, -1.000000000000000000, 0.0000000000000000000 ) ) ;
#3841 = EDGE_CURVE ( 'NONE', #1736, #3375, #2814, .T. ) ;
#3842 = CARTESIAN_POINT ( 'NONE',  ( 9.449999999999999289, -2.500000000000000000, 0.2999999999999999889 ) ) ;
#3843 = DIRECTION ( 'NONE',  ( 0.0000000000000000000, 0.7071067811865460184, 0.7071067811865489050 ) ) ;
#3844 = EDGE_LOOP ( 'NONE', ( #10245, #1212, #8886, #452 ) ) ;
#3845 = DIRECTION ( 'NONE',  ( 0.0000000000000000000, 0.0000000000000000000, -1.000000000000000000 ) ) ;
#3846 = CARTESIAN_POINT ( 'NONE',  ( -3.405000000000000249, 0.8649999999999995470, 0.4800000000000011480 ) ) ;
#3847 = DIRECTION ( 'NONE',  ( 0.0000000000000000000, 0.0000000000000000000, -1.000000000000000000 ) ) ;
#3848 = EDGE_LOOP ( 'NONE', ( #3685, #8193, #11639, #2459 ) ) ;
#3849 = ADVANCED_FACE ( 'NONE', ( #3812 ), #7320, .F. ) ;
#3850 = CIRCLE ( 'NONE', #4994, 0.02000000000000005246 ) ;
#3851 = DIRECTION ( 'NONE',  ( -1.000000000000000000, -0.0000000000000000000, -0.0000000000000000000 ) ) ;
#3852 = ORIENTED_EDGE ( 'NONE', *, *, #4588, .F. ) ;
#3853 = DIRECTION ( 'NONE',  ( 0.0000000000000000000, 0.7071067811865489050, -0.7071067811865460184 ) ) ;
#3854 = PLANE ( 'NONE',  #3665 ) ;
#3855 = ORIENTED_EDGE ( 'NONE', *, *, #8366, .F. ) ;
#3856 = VECTOR ( 'NONE', #4622, 1000.000000000000000 ) ;
#3857 = FACE_OUTER_BOUND ( 'NONE', #3409, .T. ) ;
#3858 = DIRECTION ( 'NONE',  ( -0.0000000000000000000, 1.000000000000000000, 0.0000000000000000000 ) ) ;
#3859 = ORIENTED_EDGE ( 'NONE', *, *, #9505, .T. ) ;
#3860 = EDGE_LOOP ( 'NONE', ( #10047, #4739, #123, #6007, #11257, #10336, #8850, #4925 ) ) ;
#3861 = FACE_OUTER_BOUND ( 'NONE', #957, .T. ) ;
#3862 = LINE ( 'NONE', #2982, #2650 ) ;
#3863 = EDGE_LOOP ( 'NONE', ( #6183, #7791, #1932, #9145 ) ) ;
#3864 = ADVANCED_FACE ( 'NONE', ( #9171 ), #7436, .T. ) ;
#3865 = DIRECTION ( 'NONE',  ( 0.5773502691896291728, -0.5773502691896215122, 0.5773502691896265082 ) ) ;
#3866 = ORIENTED_EDGE ( 'NONE', *, *, #9530, .F. ) ;
#3867 = VECTOR ( 'NONE', #7698, 1000.000000000000000 ) ;
#3868 = PLANE ( 'NONE',  #7633 ) ;
#3869 = EDGE_CURVE ( 'NONE', #10902, #10538, #4759, .T. ) ;
#3870 = ORIENTED_EDGE ( 'NONE', *, *, #3199, .F. ) ;
#3871 = VERTEX_POINT ( 'NONE', #10229 ) ;
#3872 = AXIS2_PLACEMENT_3D ( 'NONE', #8295, #3832, #6500 ) ;
#3873 = VECTOR ( 'NONE', #1552, 1000.000000000000000 ) ;
#3874 = PLANE ( 'NONE',  #3707 ) ;
#3875 = DIRECTION ( 'NONE',  ( 0.0000000000000000000, 0.0000000000000000000, 1.000000000000000000 ) ) ;
#3876 = CARTESIAN_POINT ( 'NONE',  ( -4.214999999999999858, -3.200000000000000178, 0.4600000000000011857 ) ) ;
#3877 = SURFACE_STYLE_FILL_AREA ( #9414 ) ;
#3878 = VERTEX_POINT ( 'NONE', #2317 ) ;
#3879 = EDGE_CURVE ( 'NONE', #5204, #3276, #2984, .T. ) ;
#3880 = DIRECTION ( 'NONE',  ( -0.5773502691896257311, -0.5773502691896257311, 0.5773502691896257311 ) ) ;
#3881 = CARTESIAN_POINT ( 'NONE',  ( -4.675000000000000711, 0.4050000000000000266, 4.799999999999999822 ) ) ;
#3882 = DIRECTION ( 'NONE',  ( -0.5773502691896296168, -0.5773502691896227335, 0.5773502691896247319 ) ) ;
#3883 = LINE ( 'NONE', #5668, #35 ) ;
#3884 = VECTOR ( 'NONE', #3423, 1000.000000000000000 ) ;
#3885 = VECTOR ( 'NONE', #3643, 1000.000000000000000 ) ;
#3886 = ORIENTED_EDGE ( 'NONE', *, *, #4235, .T. ) ;
#3887 = DIRECTION ( 'NONE',  ( -3.265361837132810135E-16, 1.000000000000000000, 0.0000000000000000000 ) ) ;
#3888 = DIRECTION ( 'NONE',  ( 0.7071067811865489050, 0.0000000000000000000, 0.7071067811865460184 ) ) ;
#3889 = ORIENTED_EDGE ( 'NONE', *, *, #4206, .T. ) ;
#3890 = CARTESIAN_POINT ( 'NONE',  ( 3.405000000000000249, -3.200000000000000178, 7.407811343507209045E-16 ) ) ;
#3891 = VECTOR ( 'NONE', #4171, 1000.000000000000000 ) ;
#3892 = FACE_OUTER_BOUND ( 'NONE', #6733, .T. ) ;
#3893 = LINE ( 'NONE', #5795, #8706 ) ;
#3895 = VECTOR ( 'NONE', #6432, 1000.000000000000000 ) ;
#3894 = DIRECTION ( 'NONE',  ( 1.000000000000000000, -0.0000000000000000000, 0.0000000000000000000 ) ) ;
#3896 = EDGE_CURVE ( 'NONE', #3138, #1694, #5709, .T. ) ;
#3897 = DIRECTION ( 'NONE',  ( 0.0000000000000000000, 1.000000000000000000, 0.0000000000000000000 ) ) ;
#3898 = CARTESIAN_POINT ( 'NONE',  ( -5.415000000000000924, -2.728293222581490137E-16, 0.5999999999999999778 ) ) ;
#3899 = EDGE_LOOP ( 'NONE', ( #5559, #620, #3560, #3286 ) ) ;
#3900 = DIRECTION ( 'NONE',  ( 1.000000000000000000, 2.082970027439319880E-16, -1.156280642033610094E-31 ) ) ;
#3901 = VECTOR ( 'NONE', #11740, 1000.000000000000000 ) ;
#3902 = EDGE_LOOP ( 'NONE', ( #3386, #1908, #8385, #5230, #5568, #1027, #3802, #1750, #3389, #11180, #1336, #4170 ) ) ;
#3903 = VECTOR ( 'NONE', #10869, 1000.000000000000000 ) ;
#3904 = DIRECTION ( 'NONE',  ( 1.000000000000000000, -2.082970027439319880E-16, -1.156280642033610094E-31 ) ) ;
#3905 = CARTESIAN_POINT ( 'NONE',  ( 4.559999999999999609, 3.299999999999999822, 0.1000000000000008105 ) ) ;
#3906 = DIRECTION ( 'NONE',  ( 0.0000000000000000000, 0.7071067811865489050, 0.7071067811865460184 ) ) ;
#3907 = EDGE_CURVE ( 'NONE', #8690, #4697, #4874, .T. ) ;
#3908 = CARTESIAN_POINT ( 'NONE',  ( -5.485000000000000320, 0.8850000000000000089, 8.131516293641283255E-16 ) ) ;
#3909 = DIRECTION ( 'NONE',  ( 0.0000000000000000000, 0.0000000000000000000, 1.000000000000000000 ) ) ;
#3910 = ADVANCED_FACE ( 'NONE', ( #7604 ), #8558, .T. ) ;
#3911 = VECTOR ( 'NONE', #2544, 1000.000000000000000 ) ;
#3912 = ORIENTED_EDGE ( 'NONE', *, *, #11029, .F. ) ;
#3913 = DIRECTION ( 'NONE',  ( -2.258754526011467242E-16, -1.000000000000000000, 0.0000000000000000000 ) ) ;
#3914 = ORIENTED_EDGE ( 'NONE', *, *, #4382, .F. ) ;
#3915 = DIRECTION ( 'NONE',  ( 0.7071067811865461294, 0.0000000000000000000, -0.7071067811865490160 ) ) ;
#3916 = DIRECTION ( 'NONE',  ( 1.000000000000000000, -0.0000000000000000000, -2.099659365964729900E-16 ) ) ;
#3917 = ORIENTED_EDGE ( 'NONE', *, *, #3043, .T. ) ;
#3918 = EDGE_CURVE ( 'NONE', #10544, #5921, #11130, .T. ) ;
#3919 = CARTESIAN_POINT ( 'NONE',  ( -0.4050000000000000266, 0.8649999999999997691, 0.4800000000000011480 ) ) ;
#3920 = DIRECTION ( 'NONE',  ( -0.7071067811865461294, 0.7071067811865490160, -4.329780281177481220E-17 ) ) ;
#3921 = ORIENTED_EDGE ( 'NONE', *, *, #10517, .T. ) ;
#3922 = ORIENTED_EDGE ( 'NONE', *, *, #1036, .T. ) ;
#3923 = SURFACE_STYLE_FILL_AREA ( #1125 ) ;
#3924 = EDGE_CURVE ( 'NONE', #3375, #2589, #8503, .T. ) ;
#3925 = EDGE_LOOP ( 'NONE', ( #8472, #8937, #9174, #8424, #6967, #11160, #9344, #3672 ) ) ;
#3926 = LINE ( 'NONE', #5829, #983 ) ;
#3927 = VECTOR ( 'NONE', #3387, 1000.000000000000114 ) ;
#3928 = CLOSED_SHELL ( 'NONE', ( #11545, #3263, #11258, #7774, #2697, #1302, #10686, #3041, #3258, #8646, #3593, #487, #7913, #5048, #5343, #574, #2979, #9263 ) ) ;
#3929 = SURFACE_SIDE_STYLE ('',( #5880 ) ) ;
#3930 = ORIENTED_EDGE ( 'NONE', *, *, #10319, .T. ) ;
#3931 = ADVANCED_FACE ( 'NONE', ( #2142 ), #8621, .T. ) ;
#3932 = EDGE_CURVE ( 'NONE', #6814, #10624, #5052, .T. ) ;
#3933 = VECTOR ( 'NONE', #9407, 1000.000000000000000 ) ;
#3934 = CARTESIAN_POINT ( 'NONE',  ( 4.675000000000000711, 0.8850000000000000089, 8.131516293641283255E-16 ) ) ;
#3935 = CARTESIAN_POINT ( 'NONE',  ( -4.315000000000000391, -3.299999999999999822, 0.2300000000000010092 ) ) ;
#3936 = EDGE_CURVE ( 'NONE', #8555, #2633, #1184, .T. ) ;
#3937 = FACE_OUTER_BOUND ( 'NONE', #4523, .T. ) ;
#3938 =( NAMED_UNIT ( * ) PLANE_ANGLE_UNIT ( ) SI_UNIT ( $, .RADIAN. ) );
#3939 = ORIENTED_EDGE ( 'NONE', *, *, #259, .F. ) ;
#3940 = FACE_OUTER_BOUND ( 'NONE', #6866, .T. ) ;
#3941 = PRESENTATION_STYLE_ASSIGNMENT (( #10975 ) ) ;
#3942 = AXIS2_PLACEMENT_3D ( 'NONE', #4786, #5626, #11094 ) ;
#3943 = ORIENTED_EDGE ( 'NONE', *, *, #11656, .F. ) ;
#3944 = EDGE_CURVE ( 'NONE', #9388, #10842, #3214, .T. ) ;
#3945 = CARTESIAN_POINT ( 'NONE',  ( -1.905000000000000027, -3.299999999999999822, 0.3600000000000009859 ) ) ;
#3946 = FACE_OUTER_BOUND ( 'NONE', #1814, .T. ) ;
#3947 = ORIENTED_EDGE ( 'NONE', *, *, #11582, .F. ) ;
#3948 = LINE ( 'NONE', #313, #1043 ) ;
#3949 = LINE ( 'NONE', #11155, #3687 ) ;
#3950 = CARTESIAN_POINT ( 'NONE',  ( 4.214999999999999858, -0.8850000000000000089, 0.4600000000000010192 ) ) ;
#3951 = CARTESIAN_POINT ( 'NONE',  ( -0.5050000000000000044, -3.299999999999999378, 0.3600000000000009859 ) ) ;
#3952 = CARTESIAN_POINT ( 'NONE',  ( -4.445000000000000284, 2.500000000000000000, 0.5999999999999999778 ) ) ;
#3953 = DIRECTION ( 'NONE',  ( -1.000000000000000000, 0.0000000000000000000, -0.0000000000000000000 ) ) ;
#3954 = ORIENTED_EDGE ( 'NONE', *, *, #6277, .T. ) ;
#3955 = DIRECTION ( 'NONE',  ( -0.0000000000000000000, -1.000000000000000000, -0.0000000000000000000 ) ) ;
#3956 = CARTESIAN_POINT ( 'NONE',  ( 3.045000000000000373, 3.299999999999999378, 0.3600000000000010969 ) ) ;
#3957 = AXIS2_PLACEMENT_3D ( 'NONE', #4522, #6471, #1958 ) ;
#3958 = ORIENTED_EDGE ( 'NONE', *, *, #3741, .T. ) ;
#3959 = DIRECTION ( 'NONE',  ( 0.0000000000000000000, 0.0000000000000000000, -1.000000000000000000 ) ) ;
#3960 = ORIENTED_EDGE ( 'NONE', *, *, #9901, .F. ) ;
#3961 = CARTESIAN_POINT ( 'NONE',  ( -2.134999999999999787, -0.4050000000000000266, 0.4600000000000011857 ) ) ;
#3962 = CARTESIAN_POINT ( 'NONE',  ( -0.4050000000000000266, -3.200000000000000178, 7.509455297177725086E-16 ) ) ;
#3963 = LINE ( 'NONE', #385, #1130 ) ;
#3964 = EDGE_LOOP ( 'NONE', ( #3600, #2392, #855, #388 ) ) ;
#3965 = ORIENTED_EDGE ( 'NONE', *, *, #9885, .F. ) ;
#3966 = LINE ( 'NONE', #7592, #8483 ) ;
#3967 = CARTESIAN_POINT ( 'NONE',  ( 4.574999999999999289, 0.7650000000000000133, 4.899999999999999467 ) ) ;
#3968 = ORIENTED_EDGE ( 'NONE', *, *, #2408, .F. ) ;
#3969 = ADVANCED_FACE ( 'NONE', ( #5879 ), #4033, .F. ) ;
#3970 = EDGE_CURVE ( 'NONE', #5273, #11115, #9512, .T. ) ;
#3971 = ADVANCED_FACE ( 'NONE', ( #6771 ), #2203, .F. ) ;
#3972 = ORIENTED_EDGE ( 'NONE', *, *, #4601, .T. ) ;
#3973 = CARTESIAN_POINT ( 'NONE',  ( -1.774999999999999911, -0.7649999999999994582, 4.900000000000000355 ) ) ;
#3974 = LINE ( 'NONE', #2919, #4183 ) ;
#3975 = ORIENTED_EDGE ( 'NONE', *, *, #9683, .T. ) ;
#3976 = LINE ( 'NONE', #6644, #2770 ) ;
#3977 = VERTEX_POINT ( 'NONE', #4100 ) ;
#3978 = ORIENTED_EDGE ( 'NONE', *, *, #8337, .F. ) ;
#3979 = DIRECTION ( 'NONE',  ( -0.5773502691896280625, -0.5773502691896236216, -0.5773502691896253980 ) ) ;
#3980 = DIRECTION ( 'NONE',  ( 0.0000000000000000000, -8.915067114227699459E-17, 1.000000000000000000 ) ) ;
#3981 = EDGE_CURVE ( 'NONE', #2156, #351, #4818, .T. ) ;
#3982 = PLANE ( 'NONE',  #6972 ) ;
#3983 = ORIENTED_EDGE ( 'NONE', *, *, #6595, .F. ) ;
#3984 = VECTOR ( 'NONE', #5985, 1000.000000000000000 ) ;
#3985 = ADVANCED_FACE ( 'NONE', ( #9569 ), #8691, .F. ) ;
#3986 = ORIENTED_EDGE ( 'NONE', *, *, #6319, .F. ) ;
#3987 = DIRECTION ( 'NONE',  ( 0.0000000000000000000, 0.0000000000000000000, 1.000000000000000000 ) ) ;
#3988 = EDGE_LOOP ( 'NONE', ( #3585, #11430, #5304, #1878, #1698, #1360, #7515, #3200 ) ) ;
#3989 = AXIS2_PLACEMENT_3D ( 'NONE', #1154, #6398, #11098 ) ;
#3990 = AXIS2_PLACEMENT_3D ( 'NONE', #5994, #1357, #576 ) ;
#3991 = CARTESIAN_POINT ( 'NONE',  ( 4.445000000000000284, 3.299999999999999822, 0.2300000000000010092 ) ) ;
#3992 = EDGE_CURVE ( 'NONE', #6117, #6192, #3926, .T. ) ;
#3993 = DIRECTION ( 'NONE',  ( 0.0000000000000000000, -1.000000000000000000, -8.915067114227699459E-17 ) ) ;
#3994 = EDGE_CURVE ( 'NONE', #2580, #7892, #4928, .T. ) ;
#3995 = ORIENTED_EDGE ( 'NONE', *, *, #1197, .F. ) ;
#3996 = VECTOR ( 'NONE', #9593, 1000.000000000000000 ) ;
#3997 = FACE_OUTER_BOUND ( 'NONE', #3580, .T. ) ;
#3998 = CARTESIAN_POINT ( 'NONE',  ( 1.605000000000000204, 2.499999999999999112, 0.2999999999999999889 ) ) ;
#3999 = ORIENTED_EDGE ( 'NONE', *, *, #6692, .T. ) ;
#4000 = CARTESIAN_POINT ( 'NONE',  ( 2.612972599797700035E-15, 5.806605777328229749E-16, 0.2999999999999999889 ) ) ;
#4001 = CARTESIAN_POINT ( 'NONE',  ( 4.330000000000000071, 3.299999999999999822, 0.3600000000000010414 ) ) ;
#4002 = LINE ( 'NONE', #7402, #9839 ) ;
#4003 = DIRECTION ( 'NONE',  ( 0.0000000000000000000, 0.0000000000000000000, -1.000000000000000000 ) ) ;
#4004 = DIRECTION ( 'NONE',  ( 0.0000000000000000000, -1.000000000000000000, -0.0000000000000000000 ) ) ;
#4005 = EDGE_CURVE ( 'NONE', #10104, #4241, #4221, .T. ) ;
#4006 = CIRCLE ( 'NONE', #1918, 0.02000000000000005246 ) ;
#4007 = DIRECTION ( 'NONE',  ( -1.000000000000000000, 2.082970027439319880E-16, 1.156280642033610094E-31 ) ) ;
#4008 = EDGE_LOOP ( 'NONE', ( #1157, #4643, #8095, #1235 ) ) ;
#4009 = LINE ( 'NONE', #6624, #2550 ) ;
#4010 = EDGE_CURVE ( 'NONE', #5124, #6944, #6950, .T. ) ;
#4011 = ORIENTED_EDGE ( 'NONE', *, *, #6305, .T. ) ;
#4012 = FACE_OUTER_BOUND ( 'NONE', #7960, .T. ) ;
#4013 = VECTOR ( 'NONE', #8812, 1000.000000000000000 ) ;
#4014 = FACE_OUTER_BOUND ( 'NONE', #11134, .T. ) ;
#4015 = ORIENTED_EDGE ( 'NONE', *, *, #2297, .T. ) ;
#4016 = PLANE ( 'NONE',  #7137 ) ;
#4017 = PLANE ( 'NONE',  #4288 ) ;
#4018 = LINE ( 'NONE', #11225, #5131 ) ;
#4019 = CARTESIAN_POINT ( 'NONE',  ( 1.675000000000000044, 0.8649999999999999911, 4.900000000000000355 ) ) ;
#4020 = ORIENTED_EDGE ( 'NONE', *, *, #1021, .F. ) ;
#4021 = ADVANCED_FACE ( 'NONE', ( #583 ), #10592, .F. ) ;
#4022 = ORIENTED_EDGE ( 'NONE', *, *, #8151, .T. ) ;
#4023 = DIRECTION ( 'NONE',  ( -0.5773502691896282846, 0.5773502691896207351, 0.5773502691896282846 ) ) ;
#4024 = VECTOR ( 'NONE', #9954, 1000.000000000000000 ) ;
#4025 = ORIENTED_EDGE ( 'NONE', *, *, #4192, .F. ) ;
#4026 = LINE ( 'NONE', #2253, #7492 ) ;
#4027 = LINE ( 'NONE', #9685, #11219 ) ;
#4028 = ORIENTED_EDGE ( 'NONE', *, *, #2327, .F. ) ;
#4029 = LINE ( 'NONE', #10524, #11309 ) ;
#4030 = ORIENTED_EDGE ( 'NONE', *, *, #6246, .F. ) ;
#4031 = ORIENTED_EDGE ( 'NONE', *, *, #9806, .T. ) ;
#4032 = EDGE_CURVE ( 'NONE', #3574, #5072, #8878, .T. ) ;
#4033 = PLANE ( 'NONE',  #5354 ) ;
#4034 = ORIENTED_EDGE ( 'NONE', *, *, #5462, .T. ) ;
#4035 = LINE ( 'NONE', #11189, #2333 ) ;
#4036 = PLANE ( 'NONE',  #1469 ) ;
#4037 = EDGE_LOOP ( 'NONE', ( #7962, #10464, #5277, #5184, #5247, #1993, #9693, #667 ) ) ;
#4038 = VECTOR ( 'NONE', #6653, 1000.000000000000000 ) ;
#4039 = LINE ( 'NONE', #2146, #2169 ) ;
#4040 = ORIENTED_EDGE ( 'NONE', *, *, #3421, .F. ) ;
#4041 = PRESENTATION_STYLE_ASSIGNMENT (( #2993 ) ) ;
#4042 = EDGE_CURVE ( 'NONE', #7243, #8555, #2504, .T. ) ;
#4043 = PLANE ( 'NONE',  #8055 ) ;
#4044 = FACE_OUTER_BOUND ( 'NONE', #1240, .T. ) ;
#4045 = DIRECTION ( 'NONE',  ( 1.000000000000000000, 0.0000000000000000000, 0.0000000000000000000 ) ) ;
#4046 = AXIS2_PLACEMENT_3D ( 'NONE', #7539, #1350, #4153 ) ;
#4047 = DIRECTION ( 'NONE',  ( 1.000000000000000000, 0.0000000000000000000, -0.0000000000000000000 ) ) ;
#4048 = EDGE_CURVE ( 'NONE', #4260, #11660, #2565, .T. ) ;
#4049 = DIRECTION ( 'NONE',  ( 0.7071067811865461294, 0.7071067811865490160, 4.329780281177481220E-17 ) ) ;
#4050 = EDGE_LOOP ( 'NONE', ( #4798, #11095, #5485, #3688 ) ) ;
#4051 = AXIS2_PLACEMENT_3D ( 'NONE', #10116, #4825, #4656 ) ;
#4052 = AXIS2_PLACEMENT_3D ( 'NONE', #6660, #6601, #11378 ) ;
#4053 = LINE ( 'NONE', #6975, #10353 ) ;
#4054 = EDGE_CURVE ( 'NONE', #6400, #3546, #11652, .T. ) ;
#4055 = PLANE ( 'NONE',  #2370 ) ;
#4056 = LINE ( 'NONE', #2340, #2291 ) ;
#4057 = EDGE_LOOP ( 'NONE', ( #4226, #6153, #8102, #9349 ) ) ;
#4058 = DIRECTION ( 'NONE',  ( 0.0000000000000000000, 0.0000000000000000000, 1.000000000000000000 ) ) ;
#4059 = CARTESIAN_POINT ( 'NONE',  ( 4.575000000000000178, -3.299999999999999822, 0.2300000000000010092 ) ) ;
#4060 = CARTESIAN_POINT ( 'NONE',  ( -4.675000000000000711, 0.8649999999999999911, 4.900000000000000355 ) ) ;
#4061 = PLANE ( 'NONE',  #5026 ) ;
#4062 = ADVANCED_FACE ( 'NONE', ( #11481 ), #2441, .T. ) ;
#4063 = CARTESIAN_POINT ( 'NONE',  ( -1.604999999999999760, 2.499999999999999556, 0.5999999999999999778 ) ) ;
#4064 = VECTOR ( 'NONE', #10715, 1000.000000000000000 ) ;
#4065 = VECTOR ( 'NONE', #11193, 1000.000000000000000 ) ;
#4066 = CARTESIAN_POINT ( 'NONE',  ( 4.445000000000000284, 0.8850000000000000089, 0.4800000000000009814 ) ) ;
#4067 = ORIENTED_EDGE ( 'NONE', *, *, #11111, .F. ) ;
#4068 = DIRECTION ( 'NONE',  ( -0.7071067811865489050, 0.7071067811865460184, 0.0000000000000000000 ) ) ;
#4069 = ORIENTED_EDGE ( 'NONE', *, *, #8434, .F. ) ;
#4070 = CARTESIAN_POINT ( 'NONE',  ( 0.8649999999999999911, 0.8649999999999999911, 0.4600000000000011857 ) ) ;
#4071 = UNCERTAINTY_MEASURE_WITH_UNIT (LENGTH_MEASURE( 1.000000000000000082E-05 ), #10780, 'distance_accuracy_value', 'NONE');
#4072 = VECTOR ( 'NONE', #7811, 1000.000000000000000 ) ;
#4073 = AXIS2_PLACEMENT_3D ( 'NONE', #3360, #9012, #11563 ) ;
#4074 = ADVANCED_FACE ( 'NONE', ( #2378 ), #6173, .F. ) ;
#4075 = VECTOR ( 'NONE', #3206, 1000.000000000000000 ) ;
#4076 = FACE_OUTER_BOUND ( 'NONE', #2895, .T. ) ;
#4077 = ORIENTED_EDGE ( 'NONE', *, *, #80, .F. ) ;
#4078 = DIRECTION ( 'NONE',  ( 0.7071067811865489050, 0.0000000000000000000, 0.7071067811865460184 ) ) ;
#4079 = DIRECTION ( 'NONE',  ( -0.5773502691896255090, -0.5773502691896249539, 0.5773502691896267303 ) ) ;
#4080 = PLANE ( 'NONE',  #11589 ) ;
#4081 = EDGE_CURVE ( 'NONE', #7407, #10624, #11598, .T. ) ;
#4082 = DIRECTION ( 'NONE',  ( -1.000000000000000000, 0.0000000000000000000, 0.0000000000000000000 ) ) ;
#4083 = DIRECTION ( 'NONE',  ( 2.957565607266179811E-16, 0.7071067811865490160, 0.7071067811865461294 ) ) ;
#4084 = EDGE_CURVE ( 'NONE', #8518, #899, #3465, .T. ) ;
#4085 = ORIENTED_EDGE ( 'NONE', *, *, #11544, .T. ) ;
#4086 = EDGE_LOOP ( 'NONE', ( #2512, #1711, #4209, #6 ) ) ;
#4087 = AXIS2_PLACEMENT_3D ( 'NONE', #1505, #11668, #6074 ) ;
#4088 = DIRECTION ( 'NONE',  ( 1.000000000000000000, -0.0000000000000000000, 0.0000000000000000000 ) ) ;
#4089 = AXIS2_PLACEMENT_3D ( 'NONE', #70, #5605, #9355 ) ;
#4090 = CARTESIAN_POINT ( 'NONE',  ( -4.315000000000000391, 0.5050000000000000044, 4.900000000000000355 ) ) ;
#4091 = EDGE_LOOP ( 'NONE', ( #5318, #436, #2208, #10395 ) ) ;
#4092 = DIRECTION ( 'NONE',  ( -0.0000000000000000000, -1.000000000000000000, -0.0000000000000000000 ) ) ;
#4093 = CARTESIAN_POINT ( 'NONE',  ( 2.034999999999999698, 3.299999999999999378, 0.3600000000000011524 ) ) ;
#4094 = FACE_OUTER_BOUND ( 'NONE', #11744, .T. ) ;
#4095 = VERTEX_POINT ( 'NONE', #10649 ) ;
#4096 = VECTOR ( 'NONE', #1097, 1000.000000000000000 ) ;
#4097 = AXIS2_PLACEMENT_3D ( 'NONE', #9373, #9316, #2786 ) ;
#4098 = ORIENTED_EDGE ( 'NONE', *, *, #3072, .T. ) ;
#4099 = EDGE_CURVE ( 'NONE', #5248, #1237, #9861, .T. ) ;
#4100 = CARTESIAN_POINT ( 'NONE',  ( 2.944999999999999840, 3.200000000000000178, 8.104990208159816818E-16 ) ) ;
#4101 = ORIENTED_EDGE ( 'NONE', *, *, #9823, .T. ) ;
#4102 = DIRECTION ( 'NONE',  ( -0.0000000000000000000, -0.0000000000000000000, -1.000000000000000000 ) ) ;
#4103 = CARTESIAN_POINT ( 'NONE',  ( -3.044999999999999929, -3.299999999999999822, 0.1000000000000007827 ) ) ;
#4104 = VECTOR ( 'NONE', #795, 1000.000000000000000 ) ;
#4105 = DIRECTION ( 'NONE',  ( 0.0000000000000000000, -1.000000000000000000, -0.0000000000000000000 ) ) ;
#4106 = DIRECTION ( 'NONE',  ( -0.7071067811865489050, -0.7071067811865460184, 0.0000000000000000000 ) ) ;
#4107 = VERTEX_POINT ( 'NONE', #1670 ) ;
#4108 = DIRECTION ( 'NONE',  ( 0.0000000000000000000, -1.000000000000000000, -0.0000000000000000000 ) ) ;
#4109 = LINE ( 'NONE', #2325, #4538 ) ;
#4110 = ORIENTED_EDGE ( 'NONE', *, *, #3553, .F. ) ;
#4111 = ORIENTED_EDGE ( 'NONE', *, *, #4349, .F. ) ;
#4112 = LINE ( 'NONE', #7731, #5793 ) ;
#4113 = VECTOR ( 'NONE', #3623, 1000.000000000000114 ) ;
#4114 = LINE ( 'NONE', #11141, #2933 ) ;
#4115 = DIRECTION ( 'NONE',  ( -0.0000000000000000000, -1.000000000000000000, -0.0000000000000000000 ) ) ;
#4116 = CARTESIAN_POINT ( 'NONE',  ( -2.134999999999999787, -0.8850000000000000089, 0.4600000000000010747 ) ) ;
#4117 = ORIENTED_EDGE ( 'NONE', *, *, #4582, .F. ) ;
#4118 = CARTESIAN_POINT ( 'NONE',  ( 3.174999999999999822, -0.5050000000000000044, 4.900000000000000355 ) ) ;
#4119 =( GEOMETRIC_REPRESENTATION_CONTEXT ( 3 ) GLOBAL_UNCERTAINTY_ASSIGNED_CONTEXT ( ( #7760 ) ) GLOBAL_UNIT_ASSIGNED_CONTEXT ( ( #8207, #4470, #3690 ) ) REPRESENTATION_CONTEXT ( 'NONE', 'WORKASPACE' ) );
#4120 = VERTEX_POINT ( 'NONE', #5295 ) ;
#4121 = EDGE_CURVE ( 'NONE', #2252, #2266, #770, .T. ) ;
#4122 = ADVANCED_FACE ( 'NONE', ( #3400 ), #8022, .F. ) ;
#4123 = DIRECTION ( 'NONE',  ( -0.0000000000000000000, -1.000000000000000000, -0.0000000000000000000 ) ) ;
#4124 = FACE_OUTER_BOUND ( 'NONE', #2489, .T. ) ;
#4125 = ORIENTED_EDGE ( 'NONE', *, *, #6842, .T. ) ;
#4126 = CARTESIAN_POINT ( 'NONE',  ( 4.625000000000000000, -0.7500000000000000000, 4.850000000000000533 ) ) ;
#4127 = CARTESIAN_POINT ( 'NONE',  ( 3.174999999999999822, -0.8850000000000000089, 0.4800000000000009814 ) ) ;
#4128 = DIRECTION ( 'NONE',  ( 0.0000000000000000000, 0.7071067811865489050, -0.7071067811865460184 ) ) ;
#4129 = CARTESIAN_POINT ( 'NONE',  ( 2.205000000000000071, -2.500000000000000000, 0.2999999999999999889 ) ) ;
#4130 = CARTESIAN_POINT ( 'NONE',  ( -5.485000000000000320, 3.200000000000001066, 8.673617379884035472E-16 ) ) ;
#4131 = CLOSED_SHELL ( 'NONE', ( #2536, #11720, #10860, #10451, #5943, #9163, #6988, #4062, #10843, #4845, #7440, #5575, #3931, #7933, #8656, #6542, #4623, #5313, #793, #1973, #9084, #1354, #1956, #8620, #6694, #8726, #2111, #8297, #7385, #8430, #9620, #7827, #9364, #2724, #145, #5828, #1283, #6663, #5274, #6607, #3969, #6027, #2712, #10565, #2538, #9109, #5764, #9653, #781, #4220, #2271, #7437, #6206, #712, #7131, #3105, #2438, #3678, #3586 ) ) ;
#4132 = DIRECTION ( 'NONE',  ( 0.0000000000000000000, 1.000000000000000000, 0.0000000000000000000 ) ) ;
#4133 = DIRECTION ( 'NONE',  ( 0.5773502691896207351, -0.5773502691896282846, -0.5773502691896282846 ) ) ;
#4134 = ORIENTED_EDGE ( 'NONE', *, *, #7979, .T. ) ;
#4135 = DIRECTION ( 'NONE',  ( -0.0000000000000000000, 1.000000000000000000, 8.915067114227699459E-17 ) ) ;
#4136 = CARTESIAN_POINT ( 'NONE',  ( 2.034999999999999698, 0.7650000000000000133, 4.899999999999999467 ) ) ;
#4137 = EDGE_LOOP ( 'NONE', ( #6528, #10669, #9487, #2117 ) ) ;
#4138 = EDGE_CURVE ( 'NONE', #6903, #2874, #5351, .T. ) ;
#4139 = DIRECTION ( 'NONE',  ( 0.0000000000000000000, -8.915067114227699459E-17, -1.000000000000000000 ) ) ;
#4140 = AXIS2_PLACEMENT_3D ( 'NONE', #4060, #7685, #9714 ) ;
#4141 = CARTESIAN_POINT ( 'NONE',  ( -0.6350000000000010081, -3.299999999999999822, 0.3600000000000009859 ) ) ;
#4142 = CARTESIAN_POINT ( 'NONE',  ( 1.674999999999999822, 0.8850000000000000089, 0.4800000000000009814 ) ) ;
#4143 = VERTEX_POINT ( 'NONE', #11427 ) ;
#4144 = LINE ( 'NONE', #1524, #2398 ) ;
#4145 = CARTESIAN_POINT ( 'NONE',  ( -3.174999999999999822, -3.299999999999999822, 0.2300000000000010092 ) ) ;
#4146 = CARTESIAN_POINT ( 'NONE',  ( 2.035000000000000142, -3.299999999999999822, 0.2300000000000010092 ) ) ;
#4147 = DIRECTION ( 'NONE',  ( -0.5773502691896257311, -0.5773502691896248429, -0.5773502691896266192 ) ) ;
#4148 = ORIENTED_EDGE ( 'NONE', *, *, #1165, .F. ) ;
#4149 = EDGE_LOOP ( 'NONE', ( #8275, #6389, #11054, #7849, #402, #10068, #5098, #11482 ) ) ;
#4150 = VECTOR ( 'NONE', #1026, 1000.000000000000000 ) ;
#4151 = DIRECTION ( 'NONE',  ( -2.099659365964729900E-16, 9.303908184768099600E-32, -1.000000000000000000 ) ) ;
#4152 = EDGE_CURVE ( 'NONE', #3977, #6862, #3278, .T. ) ;
#4153 = DIRECTION ( 'NONE',  ( -1.000000000000000000, 0.0000000000000000000, 2.099659365964729900E-16 ) ) ;
#4154 = EDGE_LOOP ( 'NONE', ( #5547, #9843, #5240, #3960 ) ) ;
#4155 = EDGE_CURVE ( 'NONE', #10283, #3348, #4631, .T. ) ;
#4156 = FACE_OUTER_BOUND ( 'NONE', #2415, .T. ) ;
#4157 = ORIENTED_EDGE ( 'NONE', *, *, #3766, .T. ) ;
#4158 = VECTOR ( 'NONE', #592, 1000.000000000000000 ) ;
#4159 = ORIENTED_EDGE ( 'NONE', *, *, #3174, .F. ) ;
#4160 = DIRECTION ( 'NONE',  ( 0.5773502691896232886, 0.5773502691896257311, -0.5773502691896282846 ) ) ;
#4161 = ADVANCED_FACE ( 'NONE', ( #1000 ), #6519, .T. ) ;
#4162 = DIRECTION ( 'NONE',  ( 1.000000000000000000, 0.0000000000000000000, 0.0000000000000000000 ) ) ;
#4163 = ORIENTED_EDGE ( 'NONE', *, *, #158, .T. ) ;
#4164 = EDGE_CURVE ( 'NONE', #7383, #6683, #9106, .T. ) ;
#4165 = DIRECTION ( 'NONE',  ( 0.0000000000000000000, -8.915067114227699459E-17, 1.000000000000000000 ) ) ;
#4166 = ORIENTED_EDGE ( 'NONE', *, *, #5503, .F. ) ;
#4167 = ORIENTED_EDGE ( 'NONE', *, *, #5446, .T. ) ;
#4168 = DIRECTION ( 'NONE',  ( 2.957565607266179811E-16, 0.7071067811865490160, 0.7071067811865461294 ) ) ;
#4169 = CARTESIAN_POINT ( 'NONE',  ( 4.575000000000000178, -3.299999999999999378, 0.1000000000000008105 ) ) ;
#4170 = ORIENTED_EDGE ( 'NONE', *, *, #6261, .T. ) ;
#4171 = DIRECTION ( 'NONE',  ( 0.0000000000000000000, 0.0000000000000000000, -1.000000000000000000 ) ) ;
#4172 = PLANE ( 'NONE',  #4943 ) ;
#4173 = EDGE_LOOP ( 'NONE', ( #2736, #2182, #10096, #7519 ) ) ;
#4174 = ADVANCED_FACE ( 'NONE', ( #45 ), #161, .F. ) ;
#4175 = AXIS2_PLACEMENT_3D ( 'NONE', #995, #10878, #5469 ) ;
#4176 = SURFACE_STYLE_USAGE ( .BOTH. , #539 ) ;
#4177 = ORIENTED_EDGE ( 'NONE', *, *, #222, .T. ) ;
#4178 = PLANE ( 'NONE',  #2956 ) ;
#4179 = AXIS2_PLACEMENT_3D ( 'NONE', #8475, #3012, #7285 ) ;
#4180 = CARTESIAN_POINT ( 'NONE',  ( 5.485000000000000320, -0.4050000000000000266, 4.900000000000000355 ) ) ;
#4181 = ORIENTED_EDGE ( 'NONE', *, *, #936, .F. ) ;
#4182 = CARTESIAN_POINT ( 'NONE',  ( -4.675000000000000711, -0.8850000000000000089, 0.4600000000000010192 ) ) ;
#4183 = VECTOR ( 'NONE', #2077, 1000.000000000000000 ) ;
#4184 = CARTESIAN_POINT ( 'NONE',  ( 4.445000000000000284, 1.051876013055009967E-15, 0.5999999999999999778 ) ) ;
#4185 = CARTESIAN_POINT ( 'NONE',  ( 4.214999999999999858, -0.4049999999999998601, 0.4800000000000011480 ) ) ;
#4186 = ORIENTED_EDGE ( 'NONE', *, *, #6849, .T. ) ;
#4187 = DIRECTION ( 'NONE',  ( -1.000000000000000000, -0.0000000000000000000, 2.099659365964729900E-16 ) ) ;
#4188 = PLANE ( 'NONE',  #7026 ) ;
#4189 = EDGE_CURVE ( 'NONE', #2043, #11660, #11706, .T. ) ;
#4190 = CARTESIAN_POINT ( 'NONE',  ( 5.714999999999999858, -0.8850000000000000089, 0.4800000000000009814 ) ) ;
#4191 = DIRECTION ( 'NONE',  ( -1.000000000000000000, -0.0000000000000000000, 0.0000000000000000000 ) ) ;
#4192 = EDGE_CURVE ( 'NONE', #825, #9172, #5408, .T. ) ;
#4193 = ORIENTED_EDGE ( 'NONE', *, *, #8125, .T. ) ;
#4194 = CARTESIAN_POINT ( 'NONE',  ( 0.4049999999999999711, 0.8850000000000000089, 8.636121991262880755E-16 ) ) ;
#4195 = DIRECTION ( 'NONE',  ( -0.7071067811865461294, 0.0000000000000000000, 0.7071067811865490160 ) ) ;
#4196 = VECTOR ( 'NONE', #3599, 1000.000000000000000 ) ;
#4197 = ORIENTED_EDGE ( 'NONE', *, *, #9823, .F. ) ;
#4198 = DIRECTION ( 'NONE',  ( 1.953503796022424979E-47, 1.000000000000000000, 9.303908184768099600E-32 ) ) ;
#4199 = CARTESIAN_POINT ( 'NONE',  ( -5.584999999999999964, 3.299999999999999378, 0.1000000000000012962 ) ) ;
#4200 = EDGE_LOOP ( 'NONE', ( #10223, #6767, #7185, #2057, #1467, #10702, #11232, #3999, #10956, #3723, #8588, #8488, #1377, #1722, #9731, #1059, #9049, #6470, #3178, #3633, #4015, #9528, #3566, #11038, #6982, #6414, #10723, #10959, #1199, #3514, #7140, #155, #263, #9476, #10310, #945, #11292, #9219, #3150, #7878, #3922, #1318, #5457, #3954 ) ) ;
#4201 = LINE ( 'NONE', #506, #1251 ) ;
#4202 = DIRECTION ( 'NONE',  ( 0.5773502691896256200, 0.5773502691896248429, -0.5773502691896268413 ) ) ;
#4203 = PLANE ( 'NONE',  #11403 ) ;
#4204 = VECTOR ( 'NONE', #4411, 1000.000000000000000 ) ;
#4205 = DIRECTION ( 'NONE',  ( 0.0000000000000000000, -1.000000000000000000, -0.0000000000000000000 ) ) ;
#4206 = EDGE_CURVE ( 'NONE', #9255, #2882, #8316, .T. ) ;
#4207 = ORIENTED_EDGE ( 'NONE', *, *, #6952, .F. ) ;
#4208 = ADVANCED_FACE ( 'NONE', ( #7366 ), #9050, .T. ) ;
#4209 = ORIENTED_EDGE ( 'NONE', *, *, #8899, .F. ) ;
#4210 = CARTESIAN_POINT ( 'NONE',  ( -3.290000000000000036, -0.7649999999999994582, 4.900000000000000355 ) ) ;
#4211 = VERTEX_POINT ( 'NONE', #2737 ) ;
#4212 = VECTOR ( 'NONE', #6367, 1000.000000000000114 ) ;
#4213 = DIRECTION ( 'NONE',  ( -0.0000000000000000000, 1.000000000000000000, 0.0000000000000000000 ) ) ;
#4214 = CARTESIAN_POINT ( 'NONE',  ( 9.000000000002911449, -2.050000000040750781, 5.200000000000001066 ) ) ;
#4215 = ORIENTED_EDGE ( 'NONE', *, *, #9732, .T. ) ;
#4216 = EDGE_CURVE ( 'NONE', #11274, #10547, #10153, .T. ) ;
#4217 = PLANE ( 'NONE',  #107 ) ;
#4218 = EDGE_LOOP ( 'NONE', ( #10776, #11030, #8132, #11552 ) ) ;
#4219 = VECTOR ( 'NONE', #915, 1000.000000000000000 ) ;
#4220 = ADVANCED_FACE ( 'NONE', ( #8991 ), #3742, .F. ) ;
#4221 = LINE ( 'NONE', #5237, #9160 ) ;
#4222 = DIRECTION ( 'NONE',  ( 1.000000000000000000, 2.082970027439319880E-16, -1.156280642033610094E-31 ) ) ;
#4223 = CARTESIAN_POINT ( 'NONE',  ( -0.3349999999999991873, 2.500000000000000000, 0.2999999999999999889 ) ) ;
#4224 = VERTEX_POINT ( 'NONE', #7186 ) ;
#4225 = FACE_OUTER_BOUND ( 'NONE', #686, .T. ) ;
#4226 = ORIENTED_EDGE ( 'NONE', *, *, #582, .T. ) ;
#4227 =( GEOMETRIC_REPRESENTATION_CONTEXT ( 3 ) GLOBAL_UNCERTAINTY_ASSIGNED_CONTEXT ( ( #5745 ) ) GLOBAL_UNIT_ASSIGNED_CONTEXT ( ( #3294, #7563, #6195 ) ) REPRESENTATION_CONTEXT ( 'NONE', 'WORKASPACE' ) );
#4228 = DIRECTION ( 'NONE',  ( -0.0000000000000000000, 0.0000000000000000000, 1.000000000000000000 ) ) ;
#4229 = VERTEX_POINT ( 'NONE', #11001 ) ;
#4230 = ADVANCED_FACE ( 'NONE', ( #1952 ), #5580, .T. ) ;
#4231 = VERTEX_POINT ( 'NONE', #4691 ) ;
#4232 = DIRECTION ( 'NONE',  ( -0.7071067811865489050, 0.0000000000000000000, 0.7071067811865460184 ) ) ;
#4233 = PRESENTATION_STYLE_ASSIGNMENT (( #598 ) ) ;
#4234 = EDGE_LOOP ( 'NONE', ( #8214, #4878, #9950, #519 ) ) ;
#4235 = EDGE_CURVE ( 'NONE', #8798, #706, #7422, .T. ) ;
#4236 = CARTESIAN_POINT ( 'NONE',  ( 5.844999999999999751, 3.299999999999999822, 0.3600000000000009304 ) ) ;
#4237 = ORIENTED_EDGE ( 'NONE', *, *, #6797, .F. ) ;
#4238 = ADVANCED_FACE ( 'NONE', ( #819 ), #2912, .T. ) ;
#4239 = VECTOR ( 'NONE', #2682, 1000.000000000000000 ) ;
#4240 = CARTESIAN_POINT ( 'NONE',  ( -4.675000000000000711, 0.8650000000000005462, 4.799999999999999822 ) ) ;
#4241 = VERTEX_POINT ( 'NONE', #4745 ) ;
#4242 = CARTESIAN_POINT ( 'NONE',  ( 4.675000000000000711, -0.8649999999999999911, 4.900000000000000355 ) ) ;
#4243 = EDGE_CURVE ( 'NONE', #6117, #4889, #2349, .T. ) ;
#4244 = AXIS2_PLACEMENT_3D ( 'NONE', #1534, #1594, #9800 ) ;
#4245 = DIRECTION ( 'NONE',  ( 1.000000000000000000, 0.0000000000000000000, 0.0000000000000000000 ) ) ;
#4246 = CARTESIAN_POINT ( 'NONE',  ( -1.675000000000000044, -0.4050000000000000266, 4.799999999999999822 ) ) ;
#4247 = ORIENTED_EDGE ( 'NONE', *, *, #7862, .F. ) ;
#4248 = CARTESIAN_POINT ( 'NONE',  ( 5.714999999999999858, -3.299999999999999822, 0.2300000000000010092 ) ) ;
#4249 = DIRECTION ( 'NONE',  ( -1.000000000000000000, 2.082970027439319880E-16, 1.156280642033610094E-31 ) ) ;
#4250 = LINE ( 'NONE', #3304, #2634 ) ;
#4251 = ORIENTED_EDGE ( 'NONE', *, *, #2042, .F. ) ;
#4252 = CARTESIAN_POINT ( 'NONE',  ( -4.315000000000000391, -0.7649999999999994582, 4.900000000000000355 ) ) ;
#4253 = LINE ( 'NONE', #6083, #11040 ) ;
#4254 = DIRECTION ( 'NONE',  ( 0.0000000000000000000, 0.0000000000000000000, -1.000000000000000000 ) ) ;
#4255 = CARTESIAN_POINT ( 'NONE',  ( 1.675000000000000044, -3.200000000000000178, 4.900000000000000355 ) ) ;
#4256 = EDGE_LOOP ( 'NONE', ( #1093, #5753, #22, #5935 ) ) ;
#4257 = DIRECTION ( 'NONE',  ( -2.258754526011467242E-16, 1.000000000000000000, 0.0000000000000000000 ) ) ;
#4258 = VECTOR ( 'NONE', #3789, 1000.000000000000000 ) ;
#4259 = CARTESIAN_POINT ( 'NONE',  ( 0.3349999999999990208, 2.499999999999998668, 0.2999999999999999889 ) ) ;
#4260 = VERTEX_POINT ( 'NONE', #5973 ) ;
#4261 = CARTESIAN_POINT ( 'NONE',  ( 0.8650000000000001021, 0.4050000000000000266, 4.799999999999999822 ) ) ;
#4262 = CARTESIAN_POINT ( 'NONE',  ( -5.945000000000000284, 0.8649999999999999911, 4.900000000000000355 ) ) ;
#4263 = ORIENTED_EDGE ( 'NONE', *, *, #10782, .T. ) ;
#4264 = ADVANCED_FACE ( 'NONE', ( #2071 ), #5696, .F. ) ;
#4265 = CARTESIAN_POINT ( 'NONE',  ( 1.905000000000000027, -0.8649999999999999911, 0.4800000000000009814 ) ) ;
#4266 = VECTOR ( 'NONE', #7346, 1000.000000000000000 ) ;
#4267 = FACE_OUTER_BOUND ( 'NONE', #9032, .T. ) ;
#4268 = CARTESIAN_POINT ( 'NONE',  ( -0.4050000000000000266, -0.4050000000000000266, 4.900000000000000355 ) ) ;
#4269 = AXIS2_PLACEMENT_3D ( 'NONE', #1121, #3034, #4979 ) ;
#4270 = DIRECTION ( 'NONE',  ( -0.0000000000000000000, 1.000000000000000000, 8.915067114227699459E-17 ) ) ;
#4271 = ORIENTED_EDGE ( 'NONE', *, *, #4934, .F. ) ;
#4272 = ORIENTED_EDGE ( 'NONE', *, *, #1286, .T. ) ;
#4273 = CARTESIAN_POINT ( 'NONE',  ( -1.674999999999999378, 0.8649999999999999911, 4.799999999999999822 ) ) ;
#4274 = DIRECTION ( 'NONE',  ( -0.0000000000000000000, -0.0000000000000000000, -1.000000000000000000 ) ) ;
#4275 = ORIENTED_EDGE ( 'NONE', *, *, #2800, .T. ) ;
#4276 = AXIS2_PLACEMENT_3D ( 'NONE', #4829, #11318, #6841 ) ;
#4277 = VECTOR ( 'NONE', #10817, 1000.000000000000000 ) ;
#4278 = AXIS2_PLACEMENT_3D ( 'NONE', #7359, #11644, #4391 ) ;
#4279 = EDGE_CURVE ( 'NONE', #1887, #8381, #11172, .T. ) ;
#4280 = EDGE_CURVE ( 'NONE', #11660, #10215, #6922, .T. ) ;
#4281 = CARTESIAN_POINT ( 'NONE',  ( 2.034999999999999698, 3.299999999999999378, 0.3600000000000009304 ) ) ;
#4282 = EDGE_LOOP ( 'NONE', ( #11432, #8082, #9594, #7195 ) ) ;
#4283 = ADVANCED_FACE ( 'NONE', ( #5144 ), #9336, .T. ) ;
#4284 = LINE ( 'NONE', #11539, #10558 ) ;
#4285 = VECTOR ( 'NONE', #6130, 1000.000000000000000 ) ;
#4286 = AXIS2_PLACEMENT_3D ( 'NONE', #1137, #1805, #5434 ) ;
#4287 = ORIENTED_EDGE ( 'NONE', *, *, #2247, .T. ) ;
#4288 = AXIS2_PLACEMENT_3D ( 'NONE', #1284, #11052, #442 ) ;
#4289 = DIRECTION ( 'NONE',  ( 0.0000000000000000000, -8.915067114227699459E-17, -1.000000000000000000 ) ) ;
#4290 = DIRECTION ( 'NONE',  ( 0.7071067811865489050, 0.0000000000000000000, -0.7071067811865460184 ) ) ;
#4291 = EDGE_CURVE ( 'NONE', #5581, #8968, #8431, .T. ) ;
#4292 = ORIENTED_EDGE ( 'NONE', *, *, #3374, .F. ) ;
#4293 = PLANE ( 'NONE',  #2760 ) ;
#4294 = ORIENTED_EDGE ( 'NONE', *, *, #11732, .T. ) ;
#4295 = VECTOR ( 'NONE', #7345, 1000.000000000000000 ) ;
#4296 = VECTOR ( 'NONE', #5680, 1000.000000000000000 ) ;
#4297 = ORIENTED_EDGE ( 'NONE', *, *, #7287, .F. ) ;
#4298 = EDGE_CURVE ( 'NONE', #4508, #4687, #1458, .T. ) ;
#4299 = ORIENTED_EDGE ( 'NONE', *, *, #2831, .T. ) ;
#4300 = FACE_OUTER_BOUND ( 'NONE', #7478, .T. ) ;
#4301 = DIRECTION ( 'NONE',  ( 1.000000000000000000, 0.0000000000000000000, -2.099659365964729900E-16 ) ) ;
#4302 = CARTESIAN_POINT ( 'NONE',  ( -2.944999999999999840, -0.8649999999999997691, 0.4800000000000009814 ) ) ;
#4303 = VECTOR ( 'NONE', #9840, 1000.000000000000000 ) ;
#4304 = SURFACE_STYLE_FILL_AREA ( #5427 ) ;
#4305 = EDGE_LOOP ( 'NONE', ( #4875, #6483, #4374, #4393 ) ) ;
#4306 = EDGE_CURVE ( 'NONE', #11101, #5154, #987, .T. ) ;
#4307 = EDGE_LOOP ( 'NONE', ( #7097, #8509, #2409, #1126 ) ) ;
#4308 = ADVANCED_FACE ( 'NONE', ( #3368 ), #10214, .F. ) ;
#4309 = VECTOR ( 'NONE', #7232, 1000.000000000000114 ) ;
#4310 = DIRECTION ( 'NONE',  ( -0.0000000000000000000, 8.915067114227699459E-17, -1.000000000000000000 ) ) ;
#4311 = CARTESIAN_POINT ( 'NONE',  ( 3.305000000000000160, -0.7649999999999995692, 4.900000000000000355 ) ) ;
#4312 = CARTESIAN_POINT ( 'NONE',  ( 4.675000000000000711, 0.4050000000000000266, 4.799999999999999822 ) ) ;
#4313 = LINE ( 'NONE', #493, #11174 ) ;
#4314 = VERTEX_POINT ( 'NONE', #5084 ) ;
#4315 = CARTESIAN_POINT ( 'NONE',  ( 3.405000000000000249, -0.4049999999999996381, 0.4800000000000011480 ) ) ;
#4316 = DIRECTION ( 'NONE',  ( 1.000000000000000000, -2.082970027439319880E-16, -1.156280642033610094E-31 ) ) ;
#4317 = DIRECTION ( 'NONE',  ( 1.000000000000000000, -2.091314696702029574E-16, -2.091314696702020699E-16 ) ) ;
#4318 = CARTESIAN_POINT ( 'NONE',  ( 1.605000000000000870, -2.500000000000000000, 0.2999999999999999889 ) ) ;
#4319 = ORIENTED_EDGE ( 'NONE', *, *, #3510, .T. ) ;
#4320 = VECTOR ( 'NONE', #9971, 1000.000000000000000 ) ;
#4321 = ADVANCED_FACE ( 'NONE', ( #6030 ), #11114, .T. ) ;
#4322 = DIRECTION ( 'NONE',  ( -0.5773502691896280625, -0.5773502691896210681, 0.5773502691896280625 ) ) ;
#4323 = ORIENTED_EDGE ( 'NONE', *, *, #7070, .T. ) ;
#4324 = EDGE_CURVE ( 'NONE', #9558, #6458, #7536, .T. ) ;
#4325 = CARTESIAN_POINT ( 'NONE',  ( -2.084999999999999964, 3.250000000000000444, 2.564999999999999947 ) ) ;
#4326 = DIRECTION ( 'NONE',  ( 0.0000000000000000000, 0.7071067811865460184, 0.7071067811865489050 ) ) ;
#4327 = EDGE_LOOP ( 'NONE', ( #652, #1895, #4760, #8010 ) ) ;
#4328 = CARTESIAN_POINT ( 'NONE',  ( -4.675000000000000711, -3.200000000000000178, 0.4600000000000011857 ) ) ;
#4329 = AXIS2_PLACEMENT_3D ( 'NONE', #1643, #5493, #7496 ) ;
#4330 = CARTESIAN_POINT ( 'NONE',  ( 2.944999999999999840, -3.200000000000000178, 0.4600000000000010192 ) ) ;
#4331 = CARTESIAN_POINT ( 'NONE',  ( -3.405000000000000249, -3.200000000000000178, 4.900000000000000355 ) ) ;
#4332 = ORIENTED_EDGE ( 'NONE', *, *, #8975, .F. ) ;
#4333 = DIRECTION ( 'NONE',  ( 0.7071067811865461294, 0.0000000000000000000, -0.7071067811865490160 ) ) ;
#4334 = VERTEX_POINT ( 'NONE', #1514 ) ;
#4335 = ORIENTED_EDGE ( 'NONE', *, *, #7697, .F. ) ;
#4336 = LINE ( 'NONE', #11532, #1077 ) ;
#4337 = PLANE ( 'NONE',  #2338 ) ;
#4338 = ORIENTED_EDGE ( 'NONE', *, *, #9940, .F. ) ;
#4339 = AXIS2_PLACEMENT_3D ( 'NONE', #2741, #5298, #10205 ) ;
#4340 = DIRECTION ( 'NONE',  ( -1.000000000000000000, -0.0000000000000000000, 2.099659365964729900E-16 ) ) ;
#4341 = CARTESIAN_POINT ( 'NONE',  ( -0.7649999999999994582, -0.7649999999999996803, 4.900000000000000355 ) ) ;
#4342 = VERTEX_POINT ( 'NONE', #214 ) ;
#4343 = VECTOR ( 'NONE', #2034, 1000.000000000000000 ) ;
#4344 = EDGE_LOOP ( 'NONE', ( #5453, #1945, #11765, #8094 ) ) ;
#4345 = ORIENTED_EDGE ( 'NONE', *, *, #7275, .F. ) ;
#4346 = CARTESIAN_POINT ( 'NONE',  ( 5.485000000000000320, 0.4050000000000000266, 4.900000000000000355 ) ) ;
#4347 = EDGE_CURVE ( 'NONE', #367, #8372, #2128, .T. ) ;
#4348 =( LENGTH_UNIT ( ) NAMED_UNIT ( * ) SI_UNIT ( .MILLI., .METRE. ) );
#4349 = EDGE_CURVE ( 'NONE', #8268, #4375, #8371, .T. ) ;
#4350 = EDGE_LOOP ( 'NONE', ( #10213, #10084, #4715, #124 ) ) ;
#4351 = PLANE ( 'NONE',  #7662 ) ;
#4352 = ORIENTED_EDGE ( 'NONE', *, *, #755, .F. ) ;
#4353 = VECTOR ( 'NONE', #10835, 1000.000000000000000 ) ;
#4354 = EDGE_LOOP ( 'NONE', ( #7165, #1781, #2676, #4548, #1014, #6472, #10653, #3505 ) ) ;
#4355 = ORIENTED_EDGE ( 'NONE', *, *, #9544, .F. ) ;
#4356 = FILL_AREA_STYLE_COLOUR ( '', #471 ) ;
#4357 =( NAMED_UNIT ( * ) PLANE_ANGLE_UNIT ( ) SI_UNIT ( $, .RADIAN. ) );
#4358 = ORIENTED_EDGE ( 'NONE', *, *, #8596, .T. ) ;
#4359 = DIRECTION ( 'NONE',  ( 0.0000000000000000000, 0.0000000000000000000, -1.000000000000000000 ) ) ;
#4360 = EDGE_CURVE ( 'NONE', #6989, #5291, #9541, .T. ) ;
#4361 = EDGE_CURVE ( 'NONE', #6743, #10476, #1391, .T. ) ;
#4362 = ORIENTED_EDGE ( 'NONE', *, *, #11178, .T. ) ;
#4363 = DIRECTION ( 'NONE',  ( 1.000000000000000000, -0.0000000000000000000, 0.0000000000000000000 ) ) ;
#4364 = FACE_OUTER_BOUND ( 'NONE', #8290, .T. ) ;
#4365 = CARTESIAN_POINT ( 'NONE',  ( -2.020000000000000018, 3.299999999999999822, 0.3600000000000010414 ) ) ;
#4366 = EDGE_CURVE ( 'NONE', #9652, #7675, #7477, .T. ) ;
#4367 = EDGE_LOOP ( 'NONE', ( #7227, #4275, #1119, #7323 ) ) ;
#4368 = CARTESIAN_POINT ( 'NONE',  ( 2.944999999999999840, 0.8649999999999999911, 4.799999999999999822 ) ) ;
#4369 = VECTOR ( 'NONE', #9922, 1000.000000000000000 ) ;
#4370 = PLANE ( 'NONE',  #5541 ) ;
#4371 = DIRECTION ( 'NONE',  ( 0.5773502691896299499, 0.5773502691896225114, 0.5773502691896247319 ) ) ;
#4372 = LINE ( 'NONE', #7161, #1753 ) ;
#4373 = EDGE_CURVE ( 'NONE', #9281, #643, #3596, .T. ) ;
#4374 = ORIENTED_EDGE ( 'NONE', *, *, #2946, .F. ) ;
#4375 = VERTEX_POINT ( 'NONE', #3540 ) ;
#4376 = AXIS2_PLACEMENT_3D ( 'NONE', #8180, #4559, #31 ) ;
#4377 = DIRECTION ( 'NONE',  ( -1.000000000000000000, -0.0000000000000000000, 0.0000000000000000000 ) ) ;
#4378 = VERTEX_POINT ( 'NONE', #8908 ) ;
#4379 = LINE ( 'NONE', #11525, #6745 ) ;
#4380 = DIRECTION ( 'NONE',  ( 0.0000000000000000000, -0.7071067811865489050, -0.7071067811865460184 ) ) ;
#4381 = DIRECTION ( 'NONE',  ( -2.957565607266179811E-16, 0.7071067811865490160, -0.7071067811865461294 ) ) ;
#4382 = EDGE_CURVE ( 'NONE', #1289, #8690, #4372, .T. ) ;
#4383 = VERTEX_POINT ( 'NONE', #19 ) ;
#4384 = ORIENTED_EDGE ( 'NONE', *, *, #871, .F. ) ;
#4385 = ADVANCED_FACE ( 'NONE', ( #4483 ), #2598, .T. ) ;
#4386 = AXIS2_PLACEMENT_3D ( 'NONE', #9327, #5746, #9382 ) ;
#4387 = ORIENTED_EDGE ( 'NONE', *, *, #3541, .T. ) ;
#4388 = LINE ( 'NONE', #3501, #6702 ) ;
#4389 = CARTESIAN_POINT ( 'NONE',  ( 5.415000000000000924, 2.499999999999999556, 0.5999999999999999778 ) ) ;
#4390 = AXIS2_PLACEMENT_3D ( 'NONE', #1142, #6437, #185 ) ;
#4391 = DIRECTION ( 'NONE',  ( 0.0000000000000000000, 0.7071067811865460184, 0.7071067811865489050 ) ) ;
#4392 = DIRECTION ( 'NONE',  ( -1.000000000000000000, 2.082970027439319880E-16, 1.156280642033610094E-31 ) ) ;
#4393 = ORIENTED_EDGE ( 'NONE', *, *, #6759, .F. ) ;
#4394 = AXIS2_PLACEMENT_3D ( 'NONE', #5789, #6851, #10556 ) ;
#4395 = EDGE_CURVE ( 'NONE', #6145, #347, #7934, .T. ) ;
#4396 = ORIENTED_EDGE ( 'NONE', *, *, #2070, .F. ) ;
#4397 = DIRECTION ( 'NONE',  ( 0.0000000000000000000, 0.7071067811865461294, -0.7071067811865490160 ) ) ;
#4398 = DIRECTION ( 'NONE',  ( 3.061616997868386716E-17, 3.061616997868399658E-17, -1.000000000000000000 ) ) ;
#4399 = VECTOR ( 'NONE', #4359, 1000.000000000000000 ) ;
#4400 = FACE_OUTER_BOUND ( 'NONE', #1306, .T. ) ;
#4401 = CARTESIAN_POINT ( 'NONE',  ( 1.905000000000000027, 0.8850000000000000089, 0.4600000000000009637 ) ) ;
#4402 = VERTEX_POINT ( 'NONE', #8168 ) ;
#4403 = LINE ( 'NONE', #5302, #10529 ) ;
#4404 = FACE_OUTER_BOUND ( 'NONE', #5952, .T. ) ;
#4405 = EDGE_LOOP ( 'NONE', ( #11222, #11081, #3210, #8764 ) ) ;
#4406 = VECTOR ( 'NONE', #854, 1000.000000000000000 ) ;
#4407 = ORIENTED_EDGE ( 'NONE', *, *, #6277, .F. ) ;
#4408 = EDGE_CURVE ( 'NONE', #1708, #8174, #1812, .T. ) ;
#4409 = CARTESIAN_POINT ( 'NONE',  ( 4.214999999999999858, -0.4050000000000000266, 0.4600000000000011857 ) ) ;
#4410 = ORIENTED_EDGE ( 'NONE', *, *, #6115, .F. ) ;
#4411 = DIRECTION ( 'NONE',  ( 1.665334536937729880E-16, 1.000000000000000000, 0.0000000000000000000 ) ) ;
#4412 =( GEOMETRIC_REPRESENTATION_CONTEXT ( 3 ) GLOBAL_UNCERTAINTY_ASSIGNED_CONTEXT ( ( #11463 ) ) GLOBAL_UNIT_ASSIGNED_CONTEXT ( ( #9068, #786, #7027 ) ) REPRESENTATION_CONTEXT ( 'NONE', 'WORKASPACE' ) );
#4413 = ORIENTED_EDGE ( 'NONE', *, *, #2975, .T. ) ;
#4414 = CARTESIAN_POINT ( 'NONE',  ( 0.5050000000000005596, -0.7650000000000000133, 4.900000000000000355 ) ) ;
#4415 = LINE ( 'NONE', #11669, #2157 ) ;
#4416 = EDGE_CURVE ( 'NONE', #4527, #9860, #9527, .T. ) ;
#4417 = ORIENTED_EDGE ( 'NONE', *, *, #6581, .F. ) ;
#4418 = LINE ( 'NONE', #5439, #2577 ) ;
#4419 = VECTOR ( 'NONE', #5583, 1000.000000000000000 ) ;
#4420 = CARTESIAN_POINT ( 'NONE',  ( 0.8649999999999998801, -0.8849999999999998979, 8.673617379884035472E-16 ) ) ;
#4421 = FACE_OUTER_BOUND ( 'NONE', #2312, .T. ) ;
#4422 = CARTESIAN_POINT ( 'NONE',  ( 3.045000000000000373, -0.5200000000000000178, 4.899999999999999467 ) ) ;
#4423 = ORIENTED_EDGE ( 'NONE', *, *, #10254, .F. ) ;
#4424 = EDGE_LOOP ( 'NONE', ( #8344, #4837, #1975, #4652 ) ) ;
#4425 = ADVANCED_FACE ( 'NONE', ( #6259 ), #1576, .T. ) ;
#4426 = AXIS2_PLACEMENT_3D ( 'NONE', #6682, #1215, #6566 ) ;
#4427 = LINE ( 'NONE', #5275, #3126 ) ;
#4428 = CARTESIAN_POINT ( 'NONE',  ( -2.944999999999999840, 0.4050000000000000822, 0.4800000000000010369 ) ) ;
#4429 = VERTEX_POINT ( 'NONE', #11572 ) ;
#4430 = EDGE_CURVE ( 'NONE', #7439, #7058, #11679, .T. ) ;
#4431 = LINE ( 'NONE', #4265, #7694 ) ;
#4432 = CARTESIAN_POINT ( 'NONE',  ( 2.944999999999999840, -3.200000000000000178, 0.4600000000000011857 ) ) ;
#4433 = PLANE ( 'NONE',  #8318 ) ;
#4434 = ORIENTED_EDGE ( 'NONE', *, *, #701, .T. ) ;
#4435 = CARTESIAN_POINT ( 'NONE',  ( -3.405000000000000249, -0.4050000000000000266, 8.673617379884035472E-16 ) ) ;
#4436 = EDGE_LOOP ( 'NONE', ( #7464, #4459, #6349, #1617, #625 ) ) ;
#4437 = VECTOR ( 'NONE', #4850, 1000.000000000000000 ) ;
#4438 = VERTEX_POINT ( 'NONE', #8963 ) ;
#4439 = DIRECTION ( 'NONE',  ( -0.5773502691896280625, -0.5773502691896210681, 0.5773502691896280625 ) ) ;
#4440 = DIRECTION ( 'NONE',  ( -1.000000000000000000, -0.0000000000000000000, 2.099659365964729900E-16 ) ) ;
#4441 = ADVANCED_FACE ( 'NONE', ( #7994 ), #7273, .F. ) ;
#4442 = DIRECTION ( 'NONE',  ( 1.000000000000000000, 2.082970027439319880E-16, -1.156280642033610094E-31 ) ) ;
#4443 = VECTOR ( 'NONE', #5509, 1000.000000000000000 ) ;
#4444 = VECTOR ( 'NONE', #8422, 1000.000000000000000 ) ;
#4445 = DIRECTION ( 'NONE',  ( 1.953503796022424979E-47, 1.000000000000000000, 9.303908184768099600E-32 ) ) ;
#4446 = EDGE_LOOP ( 'NONE', ( #11646, #8388, #1148, #26 ) ) ;
#4447 = EDGE_CURVE ( 'NONE', #3333, #3348, #1755, .T. ) ;
#4448 = FACE_OUTER_BOUND ( 'NONE', #4815, .T. ) ;
#4449 = ADVANCED_FACE ( 'NONE', ( #3482 ), #2533, .F. ) ;
#4450 = ORIENTED_EDGE ( 'NONE', *, *, #5373, .T. ) ;
#4451 = DIRECTION ( 'NONE',  ( 0.0000000000000000000, -1.000000000000000000, -8.915067114227699459E-17 ) ) ;
#4452 = ORIENTED_EDGE ( 'NONE', *, *, #2779, .T. ) ;
#4453 = CIRCLE ( 'NONE', #4073, 0.02000000000000005246 ) ;
#4454 = CARTESIAN_POINT ( 'NONE',  ( 3.405000000000000249, 0.4050000000000000266, 4.799999999999999822 ) ) ;
#4455 = VECTOR ( 'NONE', #2862, 1000.000000000000114 ) ;
#4456 = PLANE ( 'NONE',  #6882 ) ;
#4457 = DIRECTION ( 'NONE',  ( 0.0000000000000000000, -1.000000000000000000, -0.0000000000000000000 ) ) ;
#4458 = EDGE_CURVE ( 'NONE', #2653, #6535, #9841, .T. ) ;
#4459 = ORIENTED_EDGE ( 'NONE', *, *, #9000, .F. ) ;
#4460 = CYLINDRICAL_SURFACE ( 'NONE', #9104, 0.4800000000000000933 ) ;
#4461 = ORIENTED_EDGE ( 'NONE', *, *, #6477, .T. ) ;
#4462 = EDGE_CURVE ( 'NONE', #8165, #4613, #7042, .T. ) ;
#4463 = VECTOR ( 'NONE', #5665, 999.9999999999998863 ) ;
#4464 = AXIS2_PLACEMENT_3D ( 'NONE', #7085, #3350, #9875 ) ;
#4465 = VECTOR ( 'NONE', #6976, 1000.000000000000000 ) ;
#4466 = ORIENTED_EDGE ( 'NONE', *, *, #10230, .F. ) ;
#4467 = LINE ( 'NONE', #10893, #11686 ) ;
#4468 =( NAMED_UNIT ( * ) SI_UNIT ( $, .STERADIAN. ) SOLID_ANGLE_UNIT ( ) );
#4469 = ORIENTED_EDGE ( 'NONE', *, *, #6727, .T. ) ;
#4470 =( NAMED_UNIT ( * ) PLANE_ANGLE_UNIT ( ) SI_UNIT ( $, .RADIAN. ) );
#4471 = VERTEX_POINT ( 'NONE', #9780 ) ;
#4472 = AXIS2_PLACEMENT_3D ( 'NONE', #920, #7340, #10861 ) ;
#4473 = VERTEX_POINT ( 'NONE', #5380 ) ;
#4474 = LINE ( 'NONE', #5261, #9230 ) ;
#4475 = SURFACE_STYLE_USAGE ( .BOTH. , #7094 ) ;
#4476 = VECTOR ( 'NONE', #8603, 1000.000000000000000 ) ;
#4477 = CARTESIAN_POINT ( 'NONE',  ( 2.134999999999999787, 3.200000000000000178, 4.900000000000000355 ) ) ;
#4478 = FILL_AREA_STYLE ('',( #9835 ) ) ;
#4479 = EDGE_LOOP ( 'NONE', ( #458, #8339, #5103, #11237 ) ) ;
#4480 = LINE ( 'NONE', #1571, #11301 ) ;
#4481 = DIRECTION ( 'NONE',  ( 0.0000000000000000000, -1.000000000000000000, -0.0000000000000000000 ) ) ;
#4482 = LINE ( 'NONE', #9779, #4104 ) ;
#4483 = FACE_OUTER_BOUND ( 'NONE', #7108, .T. ) ;
#4484 = EDGE_LOOP ( 'NONE', ( #4299, #838, #1544, #3866 ) ) ;
#4485 = EDGE_CURVE ( 'NONE', #11636, #5842, #9080, .T. ) ;
#4486 = EDGE_CURVE ( 'NONE', #5814, #7399, #8109, .T. ) ;
#4487 = AXIS2_PLACEMENT_3D ( 'NONE', #11269, #6798, #11396 ) ;
#4488 = ORIENTED_EDGE ( 'NONE', *, *, #6101, .F. ) ;
#4489 = CARTESIAN_POINT ( 'NONE',  ( 0.7500000000000000000, 0.5050000000000005596, 4.900000000000000355 ) ) ;
#4490 = FACE_OUTER_BOUND ( 'NONE', #9923, .T. ) ;
#4491 = ORIENTED_EDGE ( 'NONE', *, *, #1366, .T. ) ;
#4492 = LINE ( 'NONE', #8117, #11133 ) ;
#4493 = LINE ( 'NONE', #805, #1057 ) ;
#4494 = DIRECTION ( 'NONE',  ( -1.000000000000000000, -0.0000000000000000000, 0.0000000000000000000 ) ) ;
#4495 = ORIENTED_EDGE ( 'NONE', *, *, #8525, .T. ) ;
#4496 = LINE ( 'NONE', #3396, #4671 ) ;
#4497 = DIRECTION ( 'NONE',  ( -0.0000000000000000000, -1.000000000000000000, 0.0000000000000000000 ) ) ;
#4498 = VECTOR ( 'NONE', #3268, 1000.000000000000000 ) ;
#4499 = ORIENTED_EDGE ( 'NONE', *, *, #4306, .F. ) ;
#4500 = EDGE_CURVE ( 'NONE', #5916, #11568, #796, .T. ) ;
#4501 = ORIENTED_EDGE ( 'NONE', *, *, #902, .T. ) ;
#4502 = CARTESIAN_POINT ( 'NONE',  ( 2.134999999999999787, 0.8850000000000000089, 8.131516293641283255E-16 ) ) ;
#4503 = CARTESIAN_POINT ( 'NONE',  ( 1.675000000000000044, -0.8649999999999999911, 4.799999999999999822 ) ) ;
#4504 = CARTESIAN_POINT ( 'NONE',  ( -3.290000000000000036, 3.250000000000000444, 0.4100000000000009748 ) ) ;
#4505 = CIRCLE ( 'NONE', #7721, 0.4800000000000000933 ) ;
#4506 = VECTOR ( 'NONE', #10712, 1000.000000000000000 ) ;
#4507 = LINE ( 'NONE', #2731, #3618 ) ;
#4508 = VERTEX_POINT ( 'NONE', #3823 ) ;
#4509 = CARTESIAN_POINT ( 'NONE',  ( 5.485000000000000320, -0.8850000000000000089, 0.4600000000000010192 ) ) ;
#4510 = DIRECTION ( 'NONE',  ( 1.000000000000000000, 2.082970027439319880E-16, -1.156280642033610094E-31 ) ) ;
#4511 = EDGE_LOOP ( 'NONE', ( #7880, #1821, #1775, #7204 ) ) ;
#4512 = EDGE_CURVE ( 'NONE', #10132, #9998, #5558, .T. ) ;
#4513 = CARTESIAN_POINT ( 'NONE',  ( 2.220446049250309925E-15, 2.050000000040750336, 5.200000000000001066 ) ) ;
#4514 = EDGE_LOOP ( 'NONE', ( #647, #1554, #10329, #1435 ) ) ;
#4515 = VECTOR ( 'NONE', #4105, 1000.000000000000000 ) ;
#4516 = DIRECTION ( 'NONE',  ( 0.5773502691896280625, -0.5773502691896212902, 0.5773502691896280625 ) ) ;
#4517 = FACE_OUTER_BOUND ( 'NONE', #5347, .T. ) ;
#4518 = EDGE_CURVE ( 'NONE', #7526, #700, #9188, .T. ) ;
#4519 = DIRECTION ( 'NONE',  ( 1.000000000000000000, -2.082970027439319880E-16, -1.156280642033610094E-31 ) ) ;
#4520 = ORIENTED_EDGE ( 'NONE', *, *, #7739, .F. ) ;
#4521 = DIRECTION ( 'NONE',  ( -0.5773502691896268413, -0.5773502691896242878, -0.5773502691896261751 ) ) ;
#4522 = CARTESIAN_POINT ( 'NONE',  ( -4.264999999999999680, -3.250000000000000444, 2.564999999999999947 ) ) ;
#4523 = EDGE_LOOP ( 'NONE', ( #9591, #4679, #7609, #7981, #1535, #10167, #4077, #8612 ) ) ;
#4524 = VECTOR ( 'NONE', #1152, 1000.000000000000000 ) ;
#4525 = VERTEX_POINT ( 'NONE', #3774 ) ;
#4526 = DIRECTION ( 'NONE',  ( -0.0000000000000000000, -1.000000000000000000, -0.0000000000000000000 ) ) ;
#4527 = VERTEX_POINT ( 'NONE', #8287 ) ;
#4528 = DIRECTION ( 'NONE',  ( 1.000000000000000000, 0.0000000000000000000, 0.0000000000000000000 ) ) ;
#4529 = DIRECTION ( 'NONE',  ( 1.000000000000000000, -0.0000000000000000000, 0.0000000000000000000 ) ) ;
#4530 = CARTESIAN_POINT ( 'NONE',  ( -2.035000000000000142, 3.299999999999999378, 0.1000000000000008937 ) ) ;
#4531 = EDGE_CURVE ( 'NONE', #8381, #6065, #1928, .T. ) ;
#4532 = EDGE_LOOP ( 'NONE', ( #6512, #7086, #8126, #1779 ) ) ;
#4533 = PRESENTATION_LAYER_ASSIGNMENT (  '', '', ( #11741 ) ) ;
#4534 = ORIENTED_EDGE ( 'NONE', *, *, #10606, .F. ) ;
#4535 = LINE ( 'NONE', #2138, #8262 ) ;
#4536 = PLANE ( 'NONE',  #6920 ) ;
#4537 = CARTESIAN_POINT ( 'NONE',  ( -1.675000000000000044, -0.8649999999999999911, 4.900000000000000355 ) ) ;
#4538 = VECTOR ( 'NONE', #3408, 1000.000000000000000 ) ;
#4539 = FACE_OUTER_BOUND ( 'NONE', #9568, .T. ) ;
#4540 = CARTESIAN_POINT ( 'NONE',  ( -2.134999999999999787, 0.8649999999999995470, 0.4800000000000012590 ) ) ;
#4541 = ORIENTED_EDGE ( 'NONE', *, *, #9291, .F. ) ;
#4542 = EDGE_CURVE ( 'NONE', #5540, #6520, #3883, .T. ) ;
#4543 = LINE ( 'NONE', #182, #9220 ) ;
#4544 = MANIFOLD_SOLID_BREP ( 'Imported21', #2041 ) ;
#4545 = DIRECTION ( 'NONE',  ( 0.5773502691896296168, -0.5773502691896230665, -0.5773502691896246208 ) ) ;
#4546 = DIRECTION ( 'NONE',  ( 1.000000000000000000, -0.0000000000000000000, 0.0000000000000000000 ) ) ;
#4547 = CARTESIAN_POINT ( 'NONE',  ( -5.945000000000000284, -0.4050000000000000266, 4.900000000000000355 ) ) ;
#4548 = ORIENTED_EDGE ( 'NONE', *, *, #6658, .F. ) ;
#4549 = VERTEX_POINT ( 'NONE', #187 ) ;
#4550 = DIRECTION ( 'NONE',  ( 0.7071067811865489050, 0.0000000000000000000, -0.7071067811865460184 ) ) ;
#4551 = DIRECTION ( 'NONE',  ( 0.5773502691896257311, 0.5773502691896247319, 0.5773502691896268413 ) ) ;
#4552 = ORIENTED_EDGE ( 'NONE', *, *, #1018, .F. ) ;
#4553 = DIRECTION ( 'NONE',  ( -1.000000000000000000, -0.0000000000000000000, 2.099659365964729900E-16 ) ) ;
#4554 = LINE ( 'NONE', #8176, #6715 ) ;
#4555 = CARTESIAN_POINT ( 'NONE',  ( -2.944999999999999840, -0.4049999999999999156, 4.799999999999999822 ) ) ;
#4556 = ORIENTED_EDGE ( 'NONE', *, *, #7606, .F. ) ;
#4557 = EDGE_CURVE ( 'NONE', #7058, #5392, #5361, .T. ) ;
#4558 = EDGE_CURVE ( 'NONE', #6876, #7637, #2886, .T. ) ;
#4559 = DIRECTION ( 'NONE',  ( 1.000000000000000000, 2.082970027439319880E-16, -1.156280642033610094E-31 ) ) ;
#4560 = ORIENTED_EDGE ( 'NONE', *, *, #10203, .T. ) ;
#4561 = ORIENTED_EDGE ( 'NONE', *, *, #2707, .T. ) ;
#4562 = LINE ( 'NONE', #5516, #9443 ) ;
#4563 = LINE ( 'NONE', #8073, #3497 ) ;
#4564 = VECTOR ( 'NONE', #7639, 1000.000000000000000 ) ;
#4565 = CARTESIAN_POINT ( 'NONE',  ( -1.675000000000000044, -3.200000000000000178, 4.900000000000000355 ) ) ;
#4566 = CARTESIAN_POINT ( 'NONE',  ( -2.134999999999999787, -0.4050000000000000266, 4.900000000000000355 ) ) ;
#4567 = ORIENTED_EDGE ( 'NONE', *, *, #6374, .T. ) ;
#4568 = CARTESIAN_POINT ( 'NONE',  ( 4.330000000000000071, 3.250000000000000444, 0.4100000000000009748 ) ) ;
#4569 = EDGE_CURVE ( 'NONE', #10476, #3101, #9251, .T. ) ;
#4570 = VECTOR ( 'NONE', #7460, 1000.000000000000000 ) ;
#4571 = EDGE_CURVE ( 'NONE', #593, #6158, #6609, .T. ) ;
#4572 = VECTOR ( 'NONE', #9920, 1000.000000000000000 ) ;
#4573 = CARTESIAN_POINT ( 'NONE',  ( 1.675000000000000044, -0.8850000000000000089, 0.4800000000000009814 ) ) ;
#4574 = ORIENTED_EDGE ( 'NONE', *, *, #4737, .F. ) ;
#4575 = DIRECTION ( 'NONE',  ( 0.7071067811865489050, 0.0000000000000000000, -0.7071067811865460184 ) ) ;
#4576 = VERTEX_POINT ( 'NONE', #1874 ) ;
#4577 = DIRECTION ( 'NONE',  ( -1.180114444483200076E-18, 0.7071067811865490160, -0.7071067811865461294 ) ) ;
#4578 = DIRECTION ( 'NONE',  ( 0.0000000000000000000, 8.915067114227699459E-17, 1.000000000000000000 ) ) ;
#4579 = LINE ( 'NONE', #7306, #10405 ) ;
#4580 = AXIS2_PLACEMENT_3D ( 'NONE', #5673, #1985, #10249 ) ;
#4581 = ORIENTED_EDGE ( 'NONE', *, *, #1091, .F. ) ;
#4582 = EDGE_CURVE ( 'NONE', #11236, #3112, #3709, .T. ) ;
#4583 = CARTESIAN_POINT ( 'NONE',  ( 3.405000000000000249, -0.4049999999999996381, 0.4800000000000012590 ) ) ;
#4584 = ORIENTED_EDGE ( 'NONE', *, *, #6167, .F. ) ;
#4585 = MANIFOLD_SOLID_BREP ( 'Imported12', #10014 ) ;
#4586 = ORIENTED_EDGE ( 'NONE', *, *, #769, .T. ) ;
#4587 = CARTESIAN_POINT ( 'NONE',  ( 5.415000000000000924, 2.500000000000000000, 0.2999999999999999889 ) ) ;
#4588 = EDGE_CURVE ( 'NONE', #8020, #3276, #8343, .T. ) ;
#4589 = CARTESIAN_POINT ( 'NONE',  ( -3.060000000000000053, 0.5050000000000005596, 4.900000000000000355 ) ) ;
#4590 = ORIENTED_EDGE ( 'NONE', *, *, #3067, .F. ) ;
#4591 = VECTOR ( 'NONE', #3183, 1000.000000000000000 ) ;
#4592 = FILL_AREA_STYLE ('',( #1860 ) ) ;
#4593 = CARTESIAN_POINT ( 'NONE',  ( -1.675000000000000044, -0.8850000000000000089, 0.4600000000000009082 ) ) ;
#4594 = EDGE_LOOP ( 'NONE', ( #4417, #7802, #2534, #11613 ) ) ;
#4595 = LINE ( 'NONE', #3813, #8399 ) ;
#4596 = ORIENTED_EDGE ( 'NONE', *, *, #1149, .F. ) ;
#4597 = ADVANCED_FACE ( 'NONE', ( #10549 ), #2218, .F. ) ;
#4598 = VECTOR ( 'NONE', #9348, 1000.000000000000000 ) ;
#4599 = FACE_OUTER_BOUND ( 'NONE', #11171, .T. ) ;
#4600 = EDGE_CURVE ( 'NONE', #6145, #4630, #418, .T. ) ;
#4601 = EDGE_CURVE ( 'NONE', #11236, #643, #8517, .T. ) ;
#4602 = CARTESIAN_POINT ( 'NONE',  ( -2.944999999999999840, 0.8649999999999999911, 4.799999999999999822 ) ) ;
#4603 = EDGE_LOOP ( 'NONE', ( #10220, #439, #4157, #2144 ) ) ;
#4604 = DIRECTION ( 'NONE',  ( -1.000000000000000000, -0.0000000000000000000, 0.0000000000000000000 ) ) ;
#4605 = CARTESIAN_POINT ( 'NONE',  ( -5.945000000000000284, 0.8650000000000001021, 4.799999999999999822 ) ) ;
#4606 = AXIS2_PLACEMENT_3D ( 'NONE', #3673, #7299, #3797 ) ;
#4607 = DIRECTION ( 'NONE',  ( 0.0000000000000000000, 1.000000000000000000, -8.915067114227699459E-17 ) ) ;
#4608 =( NAMED_UNIT ( * ) PLANE_ANGLE_UNIT ( ) SI_UNIT ( $, .RADIAN. ) );
#4609 = EDGE_LOOP ( 'NONE', ( #9913, #9929, #660, #2738 ) ) ;
#4610 = ADVANCED_FACE ( 'NONE', ( #9650 ), #1317, .T. ) ;
#4611 = PLANE ( 'NONE',  #6548 ) ;
#4612 = DIRECTION ( 'NONE',  ( -1.000000000000000000, 0.0000000000000000000, 2.099659365964729900E-16 ) ) ;
#4613 = VERTEX_POINT ( 'NONE', #7616 ) ;
#4614 = CARTESIAN_POINT ( 'NONE',  ( -2.944999999999999840, 0.4050000000000000266, 4.799999999999999822 ) ) ;
#4615 = CARTESIAN_POINT ( 'NONE',  ( 5.945000000000000284, -0.8649999999999999911, 4.900000000000000355 ) ) ;
#4616 = DIRECTION ( 'NONE',  ( 0.0000000000000000000, 1.000000000000000000, 0.0000000000000000000 ) ) ;
#4617 = ORIENTED_EDGE ( 'NONE', *, *, #49, .T. ) ;
#4618 = DIRECTION ( 'NONE',  ( 0.0000000000000000000, -1.000000000000000000, 0.0000000000000000000 ) ) ;
#4619 = CARTESIAN_POINT ( 'NONE',  ( 3.174999999999999822, -0.8850000000000000089, 0.4800000000000009814 ) ) ;
#4620 = VERTEX_POINT ( 'NONE', #6666 ) ;
#4621 = AXIS2_PLACEMENT_3D ( 'NONE', #6056, #3340, #11709 ) ;
#4622 = DIRECTION ( 'NONE',  ( 1.665334536937729880E-16, -1.000000000000000000, 0.0000000000000000000 ) ) ;
#4623 = ADVANCED_FACE ( 'NONE', ( #8578 ), #10301, .T. ) ;
#4624 = PLANE ( 'NONE',  #1220 ) ;
#4625 = DIRECTION ( 'NONE',  ( 1.000000000000000000, -1.665334536937729880E-16, 0.0000000000000000000 ) ) ;
#4626 = LINE ( 'NONE', #4566, #11031 ) ;
#4627 = EDGE_LOOP ( 'NONE', ( #11010, #11657, #3968, #7199 ) ) ;
#4628 = CARTESIAN_POINT ( 'NONE',  ( -0.4050000000000000266, 0.8850000000000000089, 7.632783294297950229E-16 ) ) ;
#4629 = VECTOR ( 'NONE', #1714, 1000.000000000000000 ) ;
#4630 = VERTEX_POINT ( 'NONE', #7737 ) ;
#4631 = LINE ( 'NONE', #8083, #8977 ) ;
#4632 = VERTEX_POINT ( 'NONE', #3057 ) ;
#4633 = DIRECTION ( 'NONE',  ( 0.5773502691896280625, -0.5773502691896212902, -0.5773502691896280625 ) ) ;
#4634 = PLANE ( 'NONE',  #1957 ) ;
#4635 = AXIS2_PLACEMENT_3D ( 'NONE', #9124, #11078, #128 ) ;
#4636 = EDGE_CURVE ( 'NONE', #7858, #6458, #9587, .T. ) ;
#4637 = ADVANCED_FACE ( 'NONE', ( #5002 ), #1501, .F. ) ;
#4638 = ORIENTED_EDGE ( 'NONE', *, *, #7032, .T. ) ;
#4639 = CARTESIAN_POINT ( 'NONE',  ( -5.485000000000000320, 3.200000000000000178, 0.4600000000000011302 ) ) ;
#4640 = DIRECTION ( 'NONE',  ( -1.000000000000000000, 0.0000000000000000000, 0.0000000000000000000 ) ) ;
#4641 = VERTEX_POINT ( 'NONE', #6845 ) ;
#4642 = MANIFOLD_SOLID_BREP ( 'Imported8', #3381 ) ;
#4643 = ORIENTED_EDGE ( 'NONE', *, *, #1877, .T. ) ;
#4644 = CARTESIAN_POINT ( 'NONE',  ( -9.449999999999999289, 2.499999999999998668, 5.200000000000001066 ) ) ;
#4645 = AXIS2_PLACEMENT_3D ( 'NONE', #6737, #3009, #7456 ) ;
#4646 = ORIENTED_EDGE ( 'NONE', *, *, #8150, .T. ) ;
#4647 = VECTOR ( 'NONE', #9518, 1000.000000000000000 ) ;
#4648 = CARTESIAN_POINT ( 'NONE',  ( 5.485000000000000320, -0.8850000000000000089, 0.4600000000000010747 ) ) ;
#4649 = CARTESIAN_POINT ( 'NONE',  ( 2.612972599797700035E-15, -2.500000000000000000, 0.2999999999999999889 ) ) ;
#4650 = ORIENTED_EDGE ( 'NONE', *, *, #6581, .T. ) ;
#4651 = EDGE_CURVE ( 'NONE', #6397, #11091, #9525, .T. ) ;
#4652 = ORIENTED_EDGE ( 'NONE', *, *, #7979, .F. ) ;
#4653 = VECTOR ( 'NONE', #761, 1000.000000000000114 ) ;
#4654 = VECTOR ( 'NONE', #5621, 1000.000000000000000 ) ;
#4655 = DIRECTION ( 'NONE',  ( -0.7071067811865489050, -0.7071067811865460184, 0.0000000000000000000 ) ) ;
#4656 = DIRECTION ( 'NONE',  ( 0.0000000000000000000, -0.7071067811865489050, -0.7071067811865460184 ) ) ;
#4657 = FACE_OUTER_BOUND ( 'NONE', #1859, .T. ) ;
#4658 = ORIENTED_EDGE ( 'NONE', *, *, #9249, .F. ) ;
#4659 = DIRECTION ( 'NONE',  ( 1.665334536937729880E-16, 1.000000000000000000, 0.0000000000000000000 ) ) ;
#4660 = MANIFOLD_SOLID_BREP ( 'Imported5', #10207 ) ;
#4661 = LINE ( 'NONE', #10911, #974 ) ;
#4662 = VECTOR ( 'NONE', #6051, 1000.000000000000000 ) ;
#4663 = VECTOR ( 'NONE', #6310, 1000.000000000000000 ) ;
#4664 = EDGE_CURVE ( 'NONE', #11249, #4473, #5191, .T. ) ;
#4665 = VECTOR ( 'NONE', #5918, 1000.000000000000000 ) ;
#4666 = CARTESIAN_POINT ( 'NONE',  ( 2.205000000000000515, -2.499999999999999556, 0.2999999999999999889 ) ) ;
#4667 = DIRECTION ( 'NONE',  ( -0.5773502691896268413, -0.5773502691896242878, 0.5773502691896261751 ) ) ;
#4668 = ADVANCED_FACE ( 'NONE', ( #9943 ), #9764, .F. ) ;
#4669 = VECTOR ( 'NONE', #5862, 1000.000000000000114 ) ;
#4670 = CARTESIAN_POINT ( 'NONE',  ( 1.250000000000000000, 1.650000000015281243, 4.799999999994906119 ) ) ;
#4671 = VECTOR ( 'NONE', #8122, 999.9999999999998863 ) ;
#4672 = DIRECTION ( 'NONE',  ( 1.000000000000000000, 2.082970027439319880E-16, -1.156280642033610094E-31 ) ) ;
#4673 = ORIENTED_EDGE ( 'NONE', *, *, #6184, .T. ) ;
#4674 = FACE_OUTER_BOUND ( 'NONE', #6719, .T. ) ;
#4675 = CARTESIAN_POINT ( 'NONE',  ( -4.214999999999999858, -0.8850000000000000089, 0.4800000000000009814 ) ) ;
#4676 = LINE ( 'NONE', #8471, #4524 ) ;
#4677 = VERTEX_POINT ( 'NONE', #3355 ) ;
#4678 = LINE ( 'NONE', #8299, #568 ) ;
#4679 = ORIENTED_EDGE ( 'NONE', *, *, #10203, .F. ) ;
#4680 = EDGE_CURVE ( 'NONE', #3878, #5995, #1951, .T. ) ;
#4681 = DIRECTION ( 'NONE',  ( -1.000000000000000000, 2.082970027439319880E-16, 1.156280642033610094E-31 ) ) ;
#4682 = VERTEX_POINT ( 'NONE', #10608 ) ;
#4683 = VECTOR ( 'NONE', #11335, 1000.000000000000227 ) ;
#4684 = CARTESIAN_POINT ( 'NONE',  ( 2.944999999999999840, 0.8850000000000000089, 0.4600000000000010192 ) ) ;
#4685 = DIRECTION ( 'NONE',  ( -1.000000000000000000, -2.082970027439319880E-16, 1.156280642033610094E-31 ) ) ;
#4686 = CARTESIAN_POINT ( 'NONE',  ( 3.405000000000000249, -3.200000000000000178, 7.632783294297948257E-16 ) ) ;
#4687 = VERTEX_POINT ( 'NONE', #1742 ) ;
#4688 = VECTOR ( 'NONE', #11118, 1000.000000000000000 ) ;
#4689 = CARTESIAN_POINT ( 'NONE',  ( -0.7650000000000004574, -3.299999999999999378, 2.564999999999999947 ) ) ;
#4690 = EDGE_LOOP ( 'NONE', ( #9795, #566, #9451, #8904 ) ) ;
#4691 = CARTESIAN_POINT ( 'NONE',  ( -2.035000000000000142, 0.5050000000000003375, 4.900000000000000355 ) ) ;
#4692 = ORIENTED_EDGE ( 'NONE', *, *, #11284, .F. ) ;
#4693 = FACE_OUTER_BOUND ( 'NONE', #5846, .T. ) ;
#4694 = CARTESIAN_POINT ( 'NONE',  ( 0.4050000000000000266, -0.4050000000000000266, 0.4600000000000011857 ) ) ;
#4695 = VECTOR ( 'NONE', #8035, 1000.000000000000000 ) ;
#4696 = DIRECTION ( 'NONE',  ( -1.000000000000000000, 8.344669262702679687E-19, 8.344669262702645020E-19 ) ) ;
#4697 = VERTEX_POINT ( 'NONE', #9007 ) ;
#4698 = MANIFOLD_SOLID_BREP ( '\X2\04220432043504400434043E0435\X0\ \X2\04420435043B043E\X0\3', #4131 ) ;
#4699 = ORIENTED_EDGE ( 'NONE', *, *, #9291, .T. ) ;
#4700 = CARTESIAN_POINT ( 'NONE',  ( 5.485000000000000320, -3.200000000000000178, 0.4600000000000010192 ) ) ;
#4701 = VECTOR ( 'NONE', #8197, 1000.000000000000000 ) ;
#4702 = ORIENTED_EDGE ( 'NONE', *, *, #11372, .T. ) ;
#4703 = EDGE_CURVE ( 'NONE', #5350, #4897, #9882, .T. ) ;
#4704 = ADVANCED_FACE ( 'NONE', ( #3692 ), #231, .T. ) ;
#4705 = FACE_OUTER_BOUND ( 'NONE', #7619, .T. ) ;
#4706 = CARTESIAN_POINT ( 'NONE',  ( -3.305000000000000160, 0.5050000000000003375, 4.900000000000000355 ) ) ;
#4707 = ORIENTED_EDGE ( 'NONE', *, *, #5831, .T. ) ;
#4708 = VERTEX_POINT ( 'NONE', #4706 ) ;
#4709 = AXIS2_PLACEMENT_3D ( 'NONE', #8974, #1825, #9138 ) ;
#4710 = CARTESIAN_POINT ( 'NONE',  ( 4.675000000000000711, 0.8850000000000000089, 0.4800000000000009814 ) ) ;
#4711 = LINE ( 'NONE', #1919, #9411 ) ;
#4712 = LINE ( 'NONE', #4537, #8453 ) ;
#4713 = EDGE_CURVE ( 'NONE', #6304, #1769, #9119, .T. ) ;
#4714 = EDGE_CURVE ( 'NONE', #9937, #1915, #1079, .T. ) ;
#4715 = ORIENTED_EDGE ( 'NONE', *, *, #9209, .T. ) ;
#4716 = DIRECTION ( 'NONE',  ( 0.7071067811865461294, 0.0000000000000000000, -0.7071067811865490160 ) ) ;
#4717 = ADVANCED_FACE ( 'NONE', ( #7438 ), #10001, .F. ) ;
#4718 = CARTESIAN_POINT ( 'NONE',  ( 3.405000000000000249, 0.8649999999999999911, 4.900000000000000355 ) ) ;
#4719 = FACE_OUTER_BOUND ( 'NONE', #6665, .T. ) ;
#4720 = CARTESIAN_POINT ( 'NONE',  ( -5.485000000000000320, -0.4049999999999994160, 4.799999999999999822 ) ) ;
#4722 = STYLED_ITEM ( 'NONE', ( #11607 ), #919 ) ;
#4721 = PLANE ( 'NONE',  #6940 ) ;
#4723 = LINE ( 'NONE', #7343, #2501 ) ;
#4724 = ORIENTED_EDGE ( 'NONE', *, *, #8076, .F. ) ;
#4725 = DIRECTION ( 'NONE',  ( 0.7071067811865461294, -0.0000000000000000000, 0.7071067811865490160 ) ) ;
#4726 = PLANE ( 'NONE',  #10729 ) ;
#4727 = PLANE ( 'NONE',  #7368 ) ;
#4728 = ORIENTED_EDGE ( 'NONE', *, *, #8673, .T. ) ;
#4729 = LINE ( 'NONE', #6503, #9983 ) ;
#4730 = EDGE_CURVE ( 'NONE', #7150, #5867, #10173, .T. ) ;
#4731 = CARTESIAN_POINT ( 'NONE',  ( -1.774999999999999911, -3.299999999999999378, 0.3600000000000009859 ) ) ;
#4732 = PLANE ( 'NONE',  #10756 ) ;
#4733 = ORIENTED_EDGE ( 'NONE', *, *, #7412, .T. ) ;
#4734 = CARTESIAN_POINT ( 'NONE',  ( -4.214999999999999858, -3.200000000000000178, 7.543336615067897100E-16 ) ) ;
#4735 = DIRECTION ( 'NONE',  ( 0.5773502691896210681, -0.5773502691896280625, -0.5773502691896280625 ) ) ;
#4736 = LINE ( 'NONE', #3842, #6901 ) ;
#4737 = EDGE_CURVE ( 'NONE', #8314, #7595, #1016, .T. ) ;
#4738 = DIRECTION ( 'NONE',  ( 2.099659365964729900E-16, 9.303908184768099600E-32, 1.000000000000000000 ) ) ;
#4739 = ORIENTED_EDGE ( 'NONE', *, *, #4558, .T. ) ;
#4740 = CARTESIAN_POINT ( 'NONE',  ( -2.134999999999999787, 0.4050000000000000266, 4.799999999999999822 ) ) ;
#4741 = DIRECTION ( 'NONE',  ( 1.000000000000000000, 2.082970027439319880E-16, -1.156280642033610094E-31 ) ) ;
#4742 = EDGE_CURVE ( 'NONE', #6088, #7552, #11015, .T. ) ;
#4743 = ORIENTED_EDGE ( 'NONE', *, *, #3541, .F. ) ;
#4744 = CIRCLE ( 'NONE', #3, 0.02000000000000005246 ) ;
#4745 = CARTESIAN_POINT ( 'NONE',  ( 2.944999999999999840, -3.200000000000000178, 8.722632321353802141E-16 ) ) ;
#4746 = ORIENTED_EDGE ( 'NONE', *, *, #1615, .T. ) ;
#4747 = DIRECTION ( 'NONE',  ( 1.953503796022424979E-47, 1.000000000000000000, 9.303908184768099600E-32 ) ) ;
#4748 = PLANE ( 'NONE',  #7643 ) ;
#4749 = ORIENTED_EDGE ( 'NONE', *, *, #9099, .T. ) ;
#4750 = EDGE_CURVE ( 'NONE', #918, #3138, #11072, .T. ) ;
#4751 = VECTOR ( 'NONE', #3142, 1000.000000000000000 ) ;
#4752 = CARTESIAN_POINT ( 'NONE',  ( 5.945000000000000284, -3.200000000000000178, 0.4600000000000011857 ) ) ;
#4753 = LINE ( 'NONE', #167, #8754 ) ;
#4754 = ORIENTED_EDGE ( 'NONE', *, *, #5885, .T. ) ;
#4755 = VECTOR ( 'NONE', #2062, 1000.000000000000000 ) ;
#4756 = ORIENTED_EDGE ( 'NONE', *, *, #3824, .F. ) ;
#4757 = SURFACE_STYLE_USAGE ( .BOTH. , #8441 ) ;
#4758 = ORIENTED_EDGE ( 'NONE', *, *, #2030, .F. ) ;
#4759 = LINE ( 'NONE', #7202, #6667 ) ;
#4760 = ORIENTED_EDGE ( 'NONE', *, *, #1521, .F. ) ;
#4761 = VECTOR ( 'NONE', #372, 1000.000000000000000 ) ;
#4762 = CARTESIAN_POINT ( 'NONE',  ( 3.174999999999999822, -2.500000000000000000, 0.5999999999999999778 ) ) ;
#4763 = VECTOR ( 'NONE', #11447, 1000.000000000000000 ) ;
#4764 = ORIENTED_EDGE ( 'NONE', *, *, #6952, .T. ) ;
#4765 = ADVANCED_FACE ( 'NONE', ( #4 ), #3868, .F. ) ;
#4766 = ORIENTED_EDGE ( 'NONE', *, *, #9599, .T. ) ;
#4767 = VECTOR ( 'NONE', #430, 1000.000000000000000 ) ;
#4768 = LINE ( 'NONE', #1085, #10325 ) ;
#4769 = DIRECTION ( 'NONE',  ( -1.180114444483200076E-18, 0.7071067811865490160, -0.7071067811865461294 ) ) ;
#4770 = VECTOR ( 'NONE', #8861, 1000.000000000000000 ) ;
#4771 = FILL_AREA_STYLE_COLOUR ( '', #5100 ) ;
#4772 = VERTEX_POINT ( 'NONE', #4530 ) ;
#4773 = CARTESIAN_POINT ( 'NONE',  ( -3.405000000000000249, 0.8850000000000000089, 0.4600000000000009637 ) ) ;
#4774 = CARTESIAN_POINT ( 'NONE',  ( -4.214999999999999858, 0.8649999999999999911, 0.4600000000000011857 ) ) ;
#4775 = CARTESIAN_POINT ( 'NONE',  ( 5.584999999999999964, 0.5050000000000005596, 4.900000000000000355 ) ) ;
#4776 = AXIS2_PLACEMENT_3D ( 'NONE', #5426, #3691, #6302 ) ;
#4777 = ORIENTED_EDGE ( 'NONE', *, *, #11139, .F. ) ;
#4778 = EDGE_CURVE ( 'NONE', #6220, #1612, #5490, .T. ) ;
#4779 = EDGE_CURVE ( 'NONE', #2585, #9293, #4595, .T. ) ;
#4780 = DIRECTION ( 'NONE',  ( 1.000000000000000000, 2.082970027439319880E-16, -1.156280642033610094E-31 ) ) ;
#4781 = CARTESIAN_POINT ( 'NONE',  ( -3.405000000000000249, -0.8850000000000000089, 0.4800000000000009814 ) ) ;
#4782 = CARTESIAN_POINT ( 'NONE',  ( 0.6350000000000000089, -0.8850000000000000089, 0.4800000000000009814 ) ) ;
#4783 = EDGE_LOOP ( 'NONE', ( #5561, #2187, #1436, #10526 ) ) ;
#4784 = LINE ( 'NONE', #8409, #676 ) ;
#4785 = LINE ( 'NONE', #7401, #5592 ) ;
#4786 = CARTESIAN_POINT ( 'NONE',  ( -4.625000000000000000, 3.250000000000000444, 2.564999999999999947 ) ) ;
#4787 = ORIENTED_EDGE ( 'NONE', *, *, #4152, .F. ) ;
#4788 = VECTOR ( 'NONE', #11056, 1000.000000000000000 ) ;
#4789 = CARTESIAN_POINT ( 'NONE',  ( -2.205000000000000515, 2.499999999999999556, 0.5999999999999999778 ) ) ;
#4790 = DIRECTION ( 'NONE',  ( -1.000000000000000000, 2.082970027439319880E-16, 1.156280642033610094E-31 ) ) ;
#4791 = ORIENTED_EDGE ( 'NONE', *, *, #8780, .F. ) ;
#4792 = ADVANCED_FACE ( 'NONE', ( #8330 ), #8389, .F. ) ;
#4793 = DIRECTION ( 'NONE',  ( -0.0000000000000000000, -1.000000000000000000, -0.0000000000000000000 ) ) ;
#4794 = VERTEX_POINT ( 'NONE', #8210 ) ;
#4795 = EDGE_CURVE ( 'NONE', #4904, #3653, #2928, .T. ) ;
#4796 = DIRECTION ( 'NONE',  ( 0.0000000000000000000, -1.000000000000000000, 0.0000000000000000000 ) ) ;
#4797 = CARTESIAN_POINT ( 'NONE',  ( -0.4050000000000000266, -0.8850000000000000089, 0.4600000000000009082 ) ) ;
#4798 = ORIENTED_EDGE ( 'NONE', *, *, #10493, .T. ) ;
#4799 = DIRECTION ( 'NONE',  ( -1.665334536937729880E-16, -1.000000000000000000, -0.0000000000000000000 ) ) ;
#4800 = DIRECTION ( 'NONE',  ( 1.000000000000000000, 2.082970027439319880E-16, -1.156280642033610094E-31 ) ) ;
#4801 = CARTESIAN_POINT ( 'NONE',  ( 0.8649999999999999911, -0.8649999999999997691, 0.4800000000000009814 ) ) ;
#4802 = ORIENTED_EDGE ( 'NONE', *, *, #362, .F. ) ;
#4803 = AXIS2_PLACEMENT_3D ( 'NONE', #10899, #903, #2756 ) ;
#4804 = DIRECTION ( 'NONE',  ( -1.000000000000000000, 0.0000000000000000000, 0.0000000000000000000 ) ) ;
#4805 = ORIENTED_EDGE ( 'NONE', *, *, #7753, .F. ) ;
#4806 = CARTESIAN_POINT ( 'NONE',  ( 4.575000000000000178, -3.299999999999999378, 0.3600000000000009859 ) ) ;
#4807 = EDGE_CURVE ( 'NONE', #3583, #8158, #10110, .T. ) ;
#4808 = CARTESIAN_POINT ( 'NONE',  ( -4.330000000000000071, 3.299999999999999822, 0.1000000000000008105 ) ) ;
#4809 = ADVANCED_FACE ( 'NONE', ( #2815 ), #7259, .T. ) ;
#4810 = VECTOR ( 'NONE', #9972, 1000.000000000000000 ) ;
#4811 = DIRECTION ( 'NONE',  ( -1.000000000000000000, -2.082970027439319880E-16, 1.156280642033610094E-31 ) ) ;
#4812 = LINE ( 'NONE', #10338, #6078 ) ;
#4813 = EDGE_LOOP ( 'NONE', ( #11694, #425, #2920, #9061, #4728, #11057, #2133, #374, #8211, #2021, #247, #2713, #3608, #501, #2852, #5638, #1788, #1936, #1463, #8390, #7660, #7029, #6860, #9715, #9239, #8869, #2554, #7487, #6245, #9492, #5755, #4031, #4193, #3253, #1361, #7715, #10289, #236, #5835, #8048, #8806, #5650, #9473, #671, #11579, #9501, #8707, #2461 ) ) ;
#4814 = MANIFOLD_SOLID_BREP ( 'Imported17', #709 ) ;
#4815 = EDGE_LOOP ( 'NONE', ( #3809, #5645, #697, #2400 ) ) ;
#4816 = LINE ( 'NONE', #9288, #285 ) ;
#4817 = ORIENTED_EDGE ( 'NONE', *, *, #6421, .T. ) ;
#4818 = LINE ( 'NONE', #7719, #8007 ) ;
#4819 = EDGE_LOOP ( 'NONE', ( #8760, #928, #810, #4396 ) ) ;
#4820 = ADVANCED_FACE ( 'NONE', ( #3100 ), #10057, .F. ) ;
#4821 = EDGE_LOOP ( 'NONE', ( #3426, #4110, #11725, #10232 ) ) ;
#4822 = FACE_OUTER_BOUND ( 'NONE', #4154, .T. ) ;
#4823 = VECTOR ( 'NONE', #6311, 1000.000000000000000 ) ;
#4824 = CIRCLE ( 'NONE', #6716, 0.02000000000000005246 ) ;
#4825 = DIRECTION ( 'NONE',  ( 0.0000000000000000000, -0.7071067811865461294, 0.7071067811865490160 ) ) ;
#4826 = FILL_AREA_STYLE_COLOUR ( '', #1056 ) ;
#4827 = CYLINDRICAL_SURFACE ( 'NONE', #10724, 0.4800000000000000933 ) ;
#4828 = DIRECTION ( 'NONE',  ( 1.000000000000000000, -1.665334536937729880E-16, 0.0000000000000000000 ) ) ;
#4829 = CARTESIAN_POINT ( 'NONE',  ( 0.8649999999999999911, -0.8850000000000000089, 0.4800000000000009814 ) ) ;
#4830 = FACE_OUTER_BOUND ( 'NONE', #6330, .T. ) ;
#4831 = CARTESIAN_POINT ( 'NONE',  ( -0.5050000000000005596, 0.7650000000000000133, 4.900000000000000355 ) ) ;
#4832 = AXIS2_PLACEMENT_3D ( 'NONE', #537, #4045, #7734 ) ;
#4833 = VECTOR ( 'NONE', #5057, 1000.000000000000114 ) ;
#4834 = VERTEX_POINT ( 'NONE', #525 ) ;
#4835 = DIRECTION ( 'NONE',  ( 0.0000000000000000000, 1.000000000000000000, 0.0000000000000000000 ) ) ;
#4836 = PLANE ( 'NONE',  #12 ) ;
#4837 = ORIENTED_EDGE ( 'NONE', *, *, #8450, .F. ) ;
#4838 = CARTESIAN_POINT ( 'NONE',  ( -5.485000000000000320, -0.8850000000000000089, 7.632783294297950229E-16 ) ) ;
#4839 = VECTOR ( 'NONE', #3880, 1000.000000000000114 ) ;
#4840 = CARTESIAN_POINT ( 'NONE',  ( -2.034999999999999698, -0.7650000000000000133, 4.899999999999999467 ) ) ;
#4841 = DIRECTION ( 'NONE',  ( 0.7071067811865489050, 0.0000000000000000000, -0.7071067811865460184 ) ) ;
#4843 = VECTOR ( 'NONE', #210, 1000.000000000000000 ) ;
#4842 = CARTESIAN_POINT ( 'NONE',  ( 4.214999999999999858, -0.4050000000000000266, 4.799999999999999822 ) ) ;
#4844 = LINE ( 'NONE', #2953, #7786 ) ;
#4845 = ADVANCED_FACE ( 'NONE', ( #2263 ), #11244, .T. ) ;
#4846 = EDGE_CURVE ( 'NONE', #6170, #5009, #1304, .T. ) ;
#4847 = LINE ( 'NONE', #3898, #5618 ) ;
#4848 = EDGE_CURVE ( 'NONE', #2259, #4794, #5830, .T. ) ;
#4849 = ORIENTED_EDGE ( 'NONE', *, *, #8019, .F. ) ;
#4850 = DIRECTION ( 'NONE',  ( -1.000000000000000000, -0.0000000000000000000, -0.0000000000000000000 ) ) ;
#4851 = AXIS2_PLACEMENT_3D ( 'NONE', #2832, #9959, #4550 ) ;
#4852 = ORIENTED_EDGE ( 'NONE', *, *, #4084, .T. ) ;
#4853 = AXIS2_PLACEMENT_3D ( 'NONE', #4587, #7254, #9997 ) ;
#4854 = CARTESIAN_POINT ( 'NONE',  ( 2.612972599797700035E-15, 2.500000000000000000, 0.2999999999999999889 ) ) ;
#4855 = CARTESIAN_POINT ( 'NONE',  ( -0.9350000000000010525, 2.500000000000000000, 0.5999999999999999778 ) ) ;
#4856 = VERTEX_POINT ( 'NONE', #8560 ) ;
#4857 = DIRECTION ( 'NONE',  ( 0.0000000000000000000, 0.0000000000000000000, -1.000000000000000000 ) ) ;
#4858 = CARTESIAN_POINT ( 'NONE',  ( -2.134999999999999787, 0.8650000000000001021, 4.799999999999999822 ) ) ;
#4859 = EDGE_CURVE ( 'NONE', #11210, #9652, #404, .T. ) ;
#4860 = VECTOR ( 'NONE', #9090, 1000.000000000000000 ) ;
#4861 = ORIENTED_EDGE ( 'NONE', *, *, #8565, .F. ) ;
#4862 = EDGE_CURVE ( 'NONE', #1384, #10513, #4035, .T. ) ;
#4863 = VERTEX_POINT ( 'NONE', #2143 ) ;
#4864 = LINE ( 'NONE', #5646, #11535 ) ;
#4865 = PLANE ( 'NONE',  #5933 ) ;
#4866 = ORIENTED_EDGE ( 'NONE', *, *, #9656, .T. ) ;
#4867 = ORIENTED_EDGE ( 'NONE', *, *, #2126, .T. ) ;
#4868 = AXIS2_PLACEMENT_3D ( 'NONE', #76, #11146, #7448 ) ;
#4869 = ORIENTED_EDGE ( 'NONE', *, *, #11282, .T. ) ;
#4870 = ORIENTED_EDGE ( 'NONE', *, *, #11293, .F. ) ;
#4871 = LINE ( 'NONE', #460, #1433 ) ;
#4872 = EDGE_LOOP ( 'NONE', ( #1261, #609, #11606, #4450 ) ) ;
#4873 = EDGE_CURVE ( 'NONE', #2259, #2666, #6829, .T. ) ;
#4874 = LINE ( 'NONE', #6592, #3078 ) ;
#4875 = ORIENTED_EDGE ( 'NONE', *, *, #325, .F. ) ;
#4876 = VECTOR ( 'NONE', #11058, 1000.000000000000000 ) ;
#4877 = EDGE_LOOP ( 'NONE', ( #10273, #3398, #6108, #6427 ) ) ;
#4878 = ORIENTED_EDGE ( 'NONE', *, *, #7319, .T. ) ;
#4879 = AXIS2_PLACEMENT_3D ( 'NONE', #2417, #10682, #4257 ) ;
#4880 = EDGE_CURVE ( 'NONE', #2669, #2549, #466, .T. ) ;
#4881 = DIRECTION ( 'NONE',  ( 0.0000000000000000000, -1.000000000000000000, 0.0000000000000000000 ) ) ;
#4882 = DIRECTION ( 'NONE',  ( -1.000000000000000000, -0.0000000000000000000, -0.0000000000000000000 ) ) ;
#4883 = PLANE ( 'NONE',  #6929 ) ;
#4884 = ADVANCED_FACE ( 'NONE', ( #11306 ), #3042, .F. ) ;
#4885 = MANIFOLD_SOLID_BREP ( 'Imported6', #7357 ) ;
#4886 = DIRECTION ( 'NONE',  ( -0.7071067811865489050, 0.7071067811865460184, 0.0000000000000000000 ) ) ;
#4887 = CARTESIAN_POINT ( 'NONE',  ( -4.214999999999999858, -0.4050000000000000266, 4.900000000000000355 ) ) ;
#4888 = VECTOR ( 'NONE', #5732, 1000.000000000000000 ) ;
#4889 = VERTEX_POINT ( 'NONE', #9813 ) ;
#4890 = ADVANCED_FACE ( 'NONE', ( #9864 ), #4991, .F. ) ;
#4891 = LINE ( 'NONE', #8522, #7419 ) ;
#4892 = VERTEX_POINT ( 'NONE', #6954 ) ;
#4893 = LINE ( 'NONE', #4312, #9221 ) ;
#4894 = VECTOR ( 'NONE', #8572, 1000.000000000000000 ) ;
#4895 = LINE ( 'NONE', #2050, #257 ) ;
#4896 = CARTESIAN_POINT ( 'NONE',  ( -4.575000000000000178, 3.299999999999999378, 0.1000000000000008937 ) ) ;
#4897 = VERTEX_POINT ( 'NONE', #8087 ) ;
#4898 = CARTESIAN_POINT ( 'NONE',  ( 1.725000000000000089, -3.250000000000000444, 2.564999999999999947 ) ) ;
#4899 = CARTESIAN_POINT ( 'NONE',  ( 0.8649999999999999911, -0.4050000000000000266, 4.900000000000000355 ) ) ;
#4900 = DIRECTION ( 'NONE',  ( 1.000000000000000000, 0.0000000000000000000, -0.0000000000000000000 ) ) ;
#4901 = VERTEX_POINT ( 'NONE', #3461 ) ;
#4902 = CARTESIAN_POINT ( 'NONE',  ( 2.944999999999999840, -0.4050000000000000266, 4.900000000000000355 ) ) ;
#4903 = PLANE ( 'NONE',  #816 ) ;
#4904 = VERTEX_POINT ( 'NONE', #7133 ) ;
#4905 = CARTESIAN_POINT ( 'NONE',  ( 3.405000000000000249, -3.200000000000000178, 0.4600000000000010192 ) ) ;
#4906 = UNCERTAINTY_MEASURE_WITH_UNIT (LENGTH_MEASURE( 1.000000000000000082E-05 ), #9125, 'distance_accuracy_value', 'NONE');
#4907 = EDGE_CURVE ( 'NONE', #8785, #5842, #3403, .T. ) ;
#4908 = FACE_OUTER_BOUND ( 'NONE', #4594, .T. ) ;
#4909 = ORIENTED_EDGE ( 'NONE', *, *, #8888, .T. ) ;
#4910 = EDGE_CURVE ( 'NONE', #3755, #921, #711, .T. ) ;
#4911 = DIRECTION ( 'NONE',  ( 3.061616997868386716E-17, 3.061616997868399658E-17, -1.000000000000000000 ) ) ;
#4912 = DIRECTION ( 'NONE',  ( -1.000000000000000000, 0.0000000000000000000, 2.099659365964729900E-16 ) ) ;
#4913 = DIRECTION ( 'NONE',  ( 1.953503796022424979E-47, -1.000000000000000000, 9.303908184768099600E-32 ) ) ;
#4914 = LINE ( 'NONE', #5159, #4932 ) ;
#4915 = EDGE_LOOP ( 'NONE', ( #554, #6599, #3131, #2397, #11524, #1348, #7773, #7067 ) ) ;
#4916 = ORIENTED_EDGE ( 'NONE', *, *, #10822, .T. ) ;
#4917 = CARTESIAN_POINT ( 'NONE',  ( 4.675000000000000711, -0.4050000000000000266, 4.799999999999999822 ) ) ;
#4918 = FACE_OUTER_BOUND ( 'NONE', #5036, .T. ) ;
#4919 = ORIENTED_EDGE ( 'NONE', *, *, #6633, .T. ) ;
#4920 = ADVANCED_FACE ( 'NONE', ( #771 ), #1727, .F. ) ;
#4921 = DIRECTION ( 'NONE',  ( 1.000000000000000000, 2.082970027439319880E-16, -1.156280642033610094E-31 ) ) ;
#4922 = LINE ( 'NONE', #1297, #10069 ) ;
#4923 = ORIENTED_EDGE ( 'NONE', *, *, #2267, .T. ) ;
#4924 = EDGE_CURVE ( 'NONE', #10003, #6596, #7015, .T. ) ;
#4925 = ORIENTED_EDGE ( 'NONE', *, *, #3693, .T. ) ;
#4926 = LINE ( 'NONE', #8556, #7696 ) ;
#4927 = ORIENTED_EDGE ( 'NONE', *, *, #1455, .T. ) ;
#4928 = LINE ( 'NONE', #5174, #1744 ) ;
#4929 = DIRECTION ( 'NONE',  ( -1.275451288411719683E-32, -6.123233995736769734E-17, 1.000000000000000000 ) ) ;
#4930 = CARTESIAN_POINT ( 'NONE',  ( -0.4050000000000000266, 0.4050000000000000266, 4.900000000000000355 ) ) ;
#4931 = VERTEX_POINT ( 'NONE', #5355 ) ;
#4932 = VECTOR ( 'NONE', #4147, 1000.000000000000114 ) ;
#4933 = EDGE_LOOP ( 'NONE', ( #5948, #4787, #6824, #9044 ) ) ;
#4934 = EDGE_CURVE ( 'NONE', #5931, #11399, #7189, .T. ) ;
#4935 = SURFACE_SIDE_STYLE ('',( #2149 ) ) ;
#4936 = PLANE ( 'NONE',  #3114 ) ;
#4937 = LINE ( 'NONE', #7733, #4894 ) ;
#4938 = ORIENTED_EDGE ( 'NONE', *, *, #6481, .F. ) ;
#4939 = VECTOR ( 'NONE', #102, 1000.000000000000000 ) ;
#4940 = DIRECTION ( 'NONE',  ( 0.0000000000000000000, -1.000000000000000000, -0.0000000000000000000 ) ) ;
#4941 = ADVANCED_FACE ( 'NONE', ( #822 ), #5238, .F. ) ;
#4942 = EDGE_LOOP ( 'NONE', ( #5171, #2106, #8636, #5468 ) ) ;
#4943 = AXIS2_PLACEMENT_3D ( 'NONE', #7799, #11198, #3056 ) ;
#4944 = ADVANCED_FACE ( 'NONE', ( #10595 ), #9746, .T. ) ;
#4945 = VECTOR ( 'NONE', #10629, 1000.000000000000000 ) ;
#4946 = ADVANCED_FACE ( 'NONE', ( #651 ), #4456, .F. ) ;
#4947 = FACE_OUTER_BOUND ( 'NONE', #9302, .T. ) ;
#4948 = DIRECTION ( 'NONE',  ( -1.000000000000000000, -2.082970027439319880E-16, 1.156280642033610094E-31 ) ) ;
#4949 = VERTEX_POINT ( 'NONE', #8880 ) ;
#4950 = DIRECTION ( 'NONE',  ( 1.000000000000000000, 0.0000000000000000000, -2.099659365964729900E-16 ) ) ;
#4951 = CARTESIAN_POINT ( 'NONE',  ( -0.5050000000000000044, -3.299999999999999378, 0.1000000000000008105 ) ) ;
#4952 = CARTESIAN_POINT ( 'NONE',  ( 4.214999999999999858, 0.4050000000000000266, 4.900000000000000355 ) ) ;
#4953 = ORIENTED_EDGE ( 'NONE', *, *, #6620, .F. ) ;
#4954 = LINE ( 'NONE', #6676, #2009 ) ;
#4955 = CARTESIAN_POINT ( 'NONE',  ( 5.485000000000000320, 3.200000000000000178, 0.4600000000000010192 ) ) ;
#4956 = VECTOR ( 'NONE', #3458, 1000.000000000000000 ) ;
#4957 = DIRECTION ( 'NONE',  ( 0.0000000000000000000, 1.000000000000000000, -0.0000000000000000000 ) ) ;
#4958 = ORIENTED_EDGE ( 'NONE', *, *, #2042, .T. ) ;
#4959 = DIRECTION ( 'NONE',  ( -2.258754526011467242E-16, -1.000000000000000000, 0.0000000000000000000 ) ) ;
#4960 = CARTESIAN_POINT ( 'NONE',  ( -1.675000000000000044, 0.8850000000000000089, 7.632783294297950229E-16 ) ) ;
#4961 = ORIENTED_EDGE ( 'NONE', *, *, #4324, .T. ) ;
#4962 = DIRECTION ( 'NONE',  ( 0.0000000000000000000, -1.000000000000000000, 8.915067114227699459E-17 ) ) ;
#4963 = VECTOR ( 'NONE', #8401, 1000.000000000000227 ) ;
#4964 = DIRECTION ( 'NONE',  ( -1.000000000000000000, -0.0000000000000000000, 0.0000000000000000000 ) ) ;
#4965 = ORIENTED_EDGE ( 'NONE', *, *, #6112, .F. ) ;
#4966 = CARTESIAN_POINT ( 'NONE',  ( 2.995000000000000107, 0.5200000000000000178, 4.850000000000000533 ) ) ;
#4967 = CARTESIAN_POINT ( 'NONE',  ( 0.5050000000000000044, 0.7649999999999996803, 4.900000000000000355 ) ) ;
#4968 = LINE ( 'NONE', #7948, #1715 ) ;
#4969 = LINE ( 'NONE', #6754, #6453 ) ;
#4970 = DIRECTION ( 'NONE',  ( 0.0000000000000000000, 0.7071067811865460184, 0.7071067811865489050 ) ) ;
#4971 = ORIENTED_EDGE ( 'NONE', *, *, #7394, .F. ) ;
#4972 = ORIENTED_EDGE ( 'NONE', *, *, #11267, .T. ) ;
#4973 = PLANE ( 'NONE',  #10772 ) ;
#4974 = COLOUR_RGB ( '',0.6980392156862744724, 0.5490196078431373028, 0.003921568627450980338 ) ;
#4975 = CARTESIAN_POINT ( 'NONE',  ( -2.134999999999999787, -0.8850000000000000089, 0.4600000000000010192 ) ) ;
#4977 = ORIENTED_EDGE ( 'NONE', *, *, #10046, .F. ) ;
#4976 = EDGE_CURVE ( 'NONE', #7972, #3529, #11462, .T. ) ;
#4978 = LINE ( 'NONE', #455, #11494 ) ;
#4979 = DIRECTION ( 'NONE',  ( -3.265361837132810135E-16, 1.000000000000000000, 0.0000000000000000000 ) ) ;
#4980 = PLANE ( 'NONE',  #569 ) ;
#4981 = ORIENTED_EDGE ( 'NONE', *, *, #3932, .T. ) ;
#4982 = VECTOR ( 'NONE', #10243, 1000.000000000000114 ) ;
#4983 = ORIENTED_EDGE ( 'NONE', *, *, #7348, .F. ) ;
#4984 = LINE ( 'NONE', #3097, #6549 ) ;
#4985 = ORIENTED_EDGE ( 'NONE', *, *, #7493, .T. ) ;
#4986 = CARTESIAN_POINT ( 'NONE',  ( -5.830000000000000071, 0.8149999999999999467, 4.850000000000000533 ) ) ;
#4987 = ORIENTED_EDGE ( 'NONE', *, *, #9808, .T. ) ;
#4988 = ADVANCED_FACE ( 'NONE', ( #4400 ), #8025, .F. ) ;
#4989 = DIRECTION ( 'NONE',  ( 1.000000000000000000, 0.0000000000000000000, 0.0000000000000000000 ) ) ;
#4990 = EDGE_CURVE ( 'NONE', #10502, #7004, #586, .T. ) ;
#4991 = PLANE ( 'NONE',  #4621 ) ;
#4992 = EDGE_CURVE ( 'NONE', #6778, #5248, #1783, .T. ) ;
#4993 = DIRECTION ( 'NONE',  ( 0.0000000000000000000, -1.000000000000000000, 0.0000000000000000000 ) ) ;
#4994 = AXIS2_PLACEMENT_3D ( 'NONE', #2916, #6522, #9927 ) ;
#4995 = DIRECTION ( 'NONE',  ( 1.275451288411719683E-32, -6.123233995736769734E-17, -1.000000000000000000 ) ) ;
#4996 = ORIENTED_EDGE ( 'NONE', *, *, #5147, .T. ) ;
#4997 = LINE ( 'NONE', #472, #10730 ) ;
#4998 = CARTESIAN_POINT ( 'NONE',  ( 4.675000000000000711, 0.8649999999999999911, 4.799999999999999822 ) ) ;
#4999 = LINE ( 'NONE', #3226, #7106 ) ;
#5000 = VECTOR ( 'NONE', #10458, 1000.000000000000000 ) ;
#5001 = PLANE ( 'NONE',  #1737 ) ;
#5002 = FACE_OUTER_BOUND ( 'NONE', #577, .T. ) ;
#5003 = EDGE_CURVE ( 'NONE', #9998, #5360, #6354, .T. ) ;
#5004 = ORIENTED_EDGE ( 'NONE', *, *, #6813, .T. ) ;
#5005 = VECTOR ( 'NONE', #10024, 1000.000000000000000 ) ;
#5006 = VECTOR ( 'NONE', #1191, 1000.000000000000000 ) ;
#5007 = CARTESIAN_POINT ( 'NONE',  ( 4.214999999999999858, 3.200000000000000178, 8.104990208159816818E-16 ) ) ;
#5008 = CARTESIAN_POINT ( 'NONE',  ( 2.612972599797700035E-15, 5.806605777328229749E-16, 0.2999999999999999889 ) ) ;
#5009 = VERTEX_POINT ( 'NONE', #1846 ) ;
#5010 = DIRECTION ( 'NONE',  ( -0.5773502691896224004, -0.5773502691896273964, -0.5773502691896273964 ) ) ;
#5011 = DIRECTION ( 'NONE',  ( -1.000000000000000000, 0.0000000000000000000, -0.0000000000000000000 ) ) ;
#5012 = DIRECTION ( 'NONE',  ( 1.275451288411719683E-32, -6.123233995736769734E-17, -1.000000000000000000 ) ) ;
#5013 = ADVANCED_FACE ( 'NONE', ( #4517 ), #219, .T. ) ;
#5014 = ORIENTED_EDGE ( 'NONE', *, *, #3562, .T. ) ;
#5015 = PLANE ( 'NONE',  #461 ) ;
#5016 = PLANE ( 'NONE',  #5134 ) ;
#5017 = VECTOR ( 'NONE', #1355, 1000.000000000000000 ) ;
#5018 = AXIS2_PLACEMENT_3D ( 'NONE', #10443, #1398, #380 ) ;
#5019 = DIRECTION ( 'NONE',  ( -1.000000000000000000, -0.0000000000000000000, -0.0000000000000000000 ) ) ;
#5020 = DIRECTION ( 'NONE',  ( -2.957565607266179811E-16, 0.7071067811865490160, -0.7071067811865461294 ) ) ;
#5021 = ADVANCED_FACE ( 'NONE', ( #8196 ), #48, .T. ) ;
#5022 = ORIENTED_EDGE ( 'NONE', *, *, #10857, .F. ) ;
#5023 = CARTESIAN_POINT ( 'NONE',  ( 2.034999999999999698, 0.5050000000000001155, 4.899999999999999467 ) ) ;
#5024 = ORIENTED_EDGE ( 'NONE', *, *, #7412, .F. ) ;
#5025 = CARTESIAN_POINT ( 'NONE',  ( -5.714999999999999858, 0.4050000000000000266, 0.4800000000000010369 ) ) ;
#5026 = AXIS2_PLACEMENT_3D ( 'NONE', #4898, #8589, #9484 ) ;
#5027 = VECTOR ( 'NONE', #6837, 1000.000000000000227 ) ;
#5028 = AXIS2_PLACEMENT_3D ( 'NONE', #6406, #7236, #1773 ) ;
#5029 = DIRECTION ( 'NONE',  ( 0.0000000000000000000, -0.7071067811865460184, 0.7071067811865489050 ) ) ;
#5030 = ORIENTED_EDGE ( 'NONE', *, *, #3944, .F. ) ;
#5031 = DIRECTION ( 'NONE',  ( 1.000000000000000000, -2.082970027439319880E-16, -1.156280642033610094E-31 ) ) ;
#5032 = LINE ( 'NONE', #10579, #2588 ) ;
#5033 = DIRECTION ( 'NONE',  ( -0.0000000000000000000, 1.000000000000000000, 0.0000000000000000000 ) ) ;
#5034 = EDGE_CURVE ( 'NONE', #7317, #8069, #886, .T. ) ;
#5035 = FACE_OUTER_BOUND ( 'NONE', #6646, .T. ) ;
#5036 = EDGE_LOOP ( 'NONE', ( #8920, #7717, #11428, #10535 ) ) ;
#5037 = ADVANCED_FACE ( 'NONE', ( #3677 ), #4634, .F. ) ;
#5038 = ORIENTED_EDGE ( 'NONE', *, *, #4569, .T. ) ;
#5039 = VECTOR ( 'NONE', #2161, 1000.000000000000000 ) ;
#5040 = AXIS2_PLACEMENT_3D ( 'NONE', #1182, #7602, #287 ) ;
#5041 = DIRECTION ( 'NONE',  ( -1.000000000000000000, 0.0000000000000000000, 2.099659365964729900E-16 ) ) ;
#5042 = DIRECTION ( 'NONE',  ( 1.000000000000000000, 2.082970027439319880E-16, -1.156280642033610094E-31 ) ) ;
#5043 = ORIENTED_EDGE ( 'NONE', *, *, #11750, .F. ) ;
#5044 = CARTESIAN_POINT ( 'NONE',  ( -2.035000000000000142, 3.299999999999999822, 0.3600000000000010414 ) ) ;
#5045 = ORIENTED_EDGE ( 'NONE', *, *, #3576, .T. ) ;
#5046 = AXIS2_PLACEMENT_3D ( 'NONE', #2485, #7051, #8972 ) ;
#5047 = VECTOR ( 'NONE', #10377, 1000.000000000000000 ) ;
#5048 = ADVANCED_FACE ( 'NONE', ( #10950 ), #4748, .F. ) ;
#5049 = ORIENTED_EDGE ( 'NONE', *, *, #9225, .F. ) ;
#5050 = DIRECTION ( 'NONE',  ( -0.0000000000000000000, 1.000000000000000000, 0.0000000000000000000 ) ) ;
#5051 = EDGE_LOOP ( 'NONE', ( #9862, #5491, #7196, #10250 ) ) ;
#5052 = LINE ( 'NONE', #3160, #4598 ) ;
#5053 = FILL_AREA_STYLE_COLOUR ( '', #1382 ) ;
#5054 = VECTOR ( 'NONE', #5630, 1000.000000000000000 ) ;
#5055 = FACE_OUTER_BOUND ( 'NONE', #8323, .T. ) ;
#5056 = ORIENTED_EDGE ( 'NONE', *, *, #5400, .F. ) ;
#5057 = DIRECTION ( 'NONE',  ( 0.5773502691896249539, 0.5773502691896249539, -0.5773502691896273964 ) ) ;
#5058 = ORIENTED_EDGE ( 'NONE', *, *, #4416, .T. ) ;
#5059 = PRESENTATION_STYLE_ASSIGNMENT (( #7729 ) ) ;
#5060 = ORIENTED_EDGE ( 'NONE', *, *, #8811, .T. ) ;
#5061 = EDGE_CURVE ( 'NONE', #9293, #8968, #2540, .T. ) ;
#5062 = ORIENTED_EDGE ( 'NONE', *, *, #10845, .T. ) ;
#5063 = CARTESIAN_POINT ( 'NONE',  ( 5.714999999999999858, 1.217464179969160176E-15, 0.5999999999999999778 ) ) ;
#5064 = VECTOR ( 'NONE', #884, 1000.000000000000227 ) ;
#5065 = DIRECTION ( 'NONE',  ( 0.0000000000000000000, -1.000000000000000000, 0.0000000000000000000 ) ) ;
#5066 = FILL_AREA_STYLE ('',( #6782 ) ) ;
#5067 = ORIENTED_EDGE ( 'NONE', *, *, #8019, .T. ) ;
#5068 = LINE ( 'NONE', #479, #9963 ) ;
#5069 = PLANE ( 'NONE',  #2506 ) ;
#5070 = FILL_AREA_STYLE ('',( #5782 ) ) ;
#5071 = AXIS2_PLACEMENT_3D ( 'NONE', #7075, #7355, #10990 ) ;
#5072 = VERTEX_POINT ( 'NONE', #8256 ) ;
#5073 = ADVANCED_FACE ( 'NONE', ( #5412 ), #10886, .F. ) ;
#5074 = DIRECTION ( 'NONE',  ( -1.000000000000000000, -2.082970027439319880E-16, 1.156280642033610094E-31 ) ) ;
#5075 = EDGE_LOOP ( 'NONE', ( #10781, #9064, #10516, #7432 ) ) ;
#5076 = ADVANCED_FACE ( 'NONE', ( #7425 ), #3854, .F. ) ;
#5077 = DIRECTION ( 'NONE',  ( 0.7071067811865489050, 0.0000000000000000000, 0.7071067811865460184 ) ) ;
#5078 = FACE_OUTER_BOUND ( 'NONE', #9420, .T. ) ;
#5079 = FACE_OUTER_BOUND ( 'NONE', #9990, .T. ) ;
#5080 = LINE ( 'NONE', #3182, #4072 ) ;
#5081 = LINE ( 'NONE', #3069, #2096 ) ;
#5082 = AXIS2_PLACEMENT_3D ( 'NONE', #2446, #1549, #5178 ) ;
#5083 = DIRECTION ( 'NONE',  ( 0.5773502691896265082, -0.5773502691896241767, -0.5773502691896265082 ) ) ;
#5084 = CARTESIAN_POINT ( 'NONE',  ( -2.205000000000000515, 2.499999999999999556, 0.2999999999999999889 ) ) ;
#5085 = CARTESIAN_POINT ( 'NONE',  ( -0.4050000000000001377, -0.8850000000000000089, 0.4800000000000009814 ) ) ;
#5086 = CARTESIAN_POINT ( 'NONE',  ( 3.305000000000000160, -3.299999999999999822, 0.1000000000000007827 ) ) ;
#5087 = EDGE_LOOP ( 'NONE', ( #9893, #7162, #3544, #11688 ) ) ;
#5088 = ADVANCED_FACE ( 'NONE', ( #8320 ), #9161, .F. ) ;
#5089 = FACE_OUTER_BOUND ( 'NONE', #2234, .T. ) ;
#5090 = STYLED_ITEM ( 'NONE', ( #3646 ), #604 ) ;
#5091 = DIRECTION ( 'NONE',  ( 1.180114444483200076E-18, 0.7071067811865490160, 0.7071067811865461294 ) ) ;
#5092 = ORIENTED_EDGE ( 'NONE', *, *, #3456, .F. ) ;
#5093 = EDGE_CURVE ( 'NONE', #4471, #6197, #7480, .T. ) ;
#5094 = CARTESIAN_POINT ( 'NONE',  ( 4.330000000000000071, -0.7649999999999994582, 4.900000000000000355 ) ) ;
#5095 = CARTESIAN_POINT ( 'NONE',  ( -1.774999999999999911, 0.5050000000000001155, 4.899999999999999467 ) ) ;
#5096 = DIRECTION ( 'NONE',  ( 1.000000000000000000, -0.0000000000000000000, 0.0000000000000000000 ) ) ;
#5097 = LINE ( 'NONE', #6871, #11217 ) ;
#5098 = ORIENTED_EDGE ( 'NONE', *, *, #3003, .T. ) ;
#5099 = ORIENTED_EDGE ( 'NONE', *, *, #9629, .T. ) ;
#5100 = COLOUR_RGB ( '',0.6980392156862744724, 0.5490196078431373028, 0.003921568627450980338 ) ;
#5101 = CARTESIAN_POINT ( 'NONE',  ( 4.675000000000000711, 0.8649999999999999911, 4.799999999999999822 ) ) ;
#5102 = CARTESIAN_POINT ( 'NONE',  ( 2.612972599797700035E-15, 2.500000000000000000, 0.2999999999999999889 ) ) ;
#5103 = ORIENTED_EDGE ( 'NONE', *, *, #10671, .T. ) ;
#5104 = EDGE_CURVE ( 'NONE', #2188, #8034, #10159, .T. ) ;
#5105 = LINE ( 'NONE', #575, #8063 ) ;
#5106 = CARTESIAN_POINT ( 'NONE',  ( 3.174999999999999822, 8.862878461408690260E-16, 0.5999999999999999778 ) ) ;
#5107 = PLANE ( 'NONE',  #960 ) ;
#5108 = EDGE_LOOP ( 'NONE', ( #4938, #8626, #797, #11692 ) ) ;
#5109 = EDGE_CURVE ( 'NONE', #10897, #9252, #1954, .T. ) ;
#5110 = LINE ( 'NONE', #8744, #1055 ) ;
#5111 = VECTOR ( 'NONE', #1074, 1000.000000000000000 ) ;
#5112 = CARTESIAN_POINT ( 'NONE',  ( -3.405000000000000249, -0.8850000000000000089, 0.4600000000000010747 ) ) ;
#5113 = ORIENTED_EDGE ( 'NONE', *, *, #7769, .F. ) ;
#5114 = CARTESIAN_POINT ( 'NONE',  ( -2.134999999999999787, 0.8649999999999999911, 4.799999999999999822 ) ) ;
#5115 = EDGE_LOOP ( 'NONE', ( #1797, #1885, #2508, #4552 ) ) ;
#5116 = FACE_OUTER_BOUND ( 'NONE', #3457, .T. ) ;
#5117 = CARTESIAN_POINT ( 'NONE',  ( -9.449999999999999289, 2.500000000000000000, 0.2999999999999999889 ) ) ;
#5118 = LINE ( 'NONE', #2445, #3933 ) ;
#5119 = ORIENTED_EDGE ( 'NONE', *, *, #3970, .F. ) ;
#5120 = EDGE_CURVE ( 'NONE', #3076, #4687, #3850, .T. ) ;
#5121 = DIRECTION ( 'NONE',  ( 1.665334536937729880E-16, 1.000000000000000000, 0.0000000000000000000 ) ) ;
#5122 = VERTEX_POINT ( 'NONE', #3967 ) ;
#5123 = CARTESIAN_POINT ( 'NONE',  ( 5.830000000000000071, 3.299999999999999822, 0.1000000000000008105 ) ) ;
#5124 = VERTEX_POINT ( 'NONE', #8681 ) ;
#5125 = ORIENTED_EDGE ( 'NONE', *, *, #10684, .F. ) ;
#5126 = CARTESIAN_POINT ( 'NONE',  ( -3.305000000000000160, 3.299999999999999822, 0.3600000000000010414 ) ) ;
#5127 = CARTESIAN_POINT ( 'NONE',  ( 0.6350000000000000089, 0.7650000000000000133, 4.900000000000000355 ) ) ;
#5128 = VERTEX_POINT ( 'NONE', #11176 ) ;
#5129 = LINE ( 'NONE', #601, #9596 ) ;
#5130 = LINE ( 'NONE', #2519, #8781 ) ;
#5131 = VECTOR ( 'NONE', #2243, 1000.000000000000114 ) ;
#5132 = EDGE_CURVE ( 'NONE', #10021, #8584, #11288, .T. ) ;
#5133 = ORIENTED_EDGE ( 'NONE', *, *, #6156, .T. ) ;
#5134 = AXIS2_PLACEMENT_3D ( 'NONE', #7749, #9539, #10564 ) ;
#5135 = DIRECTION ( 'NONE',  ( 0.0000000000000000000, 1.000000000000000000, 0.0000000000000000000 ) ) ;
#5136 = ORIENTED_EDGE ( 'NONE', *, *, #7104, .T. ) ;
#5137 = VECTOR ( 'NONE', #11700, 1000.000000000000000 ) ;
#5138 = CARTESIAN_POINT ( 'NONE',  ( 9.000000000002909673, -2.050000000040749892, 5.200000000000001066 ) ) ;
#5139 = LINE ( 'NONE', #4952, #5659 ) ;
#5140 = VERTEX_POINT ( 'NONE', #10218 ) ;
#5141 = DIRECTION ( 'NONE',  ( 0.0000000000000000000, 0.0000000000000000000, -1.000000000000000000 ) ) ;
#5142 = LINE ( 'NONE', #8657, #4761 ) ;
#5143 = CARTESIAN_POINT ( 'NONE',  ( -0.7650000000000000133, 0.7649999999999996803, 4.900000000000000355 ) ) ;
#5144 = FACE_OUTER_BOUND ( 'NONE', #5643, .T. ) ;
#5145 = ORIENTED_EDGE ( 'NONE', *, *, #2830, .T. ) ;
#5146 = EDGE_CURVE ( 'NONE', #5834, #2599, #10708, .T. ) ;
#5147 = EDGE_CURVE ( 'NONE', #467, #6420, #10278, .T. ) ;
#5148 = VECTOR ( 'NONE', #4551, 1000.000000000000000 ) ;
#5149 = VERTEX_POINT ( 'NONE', #336 ) ;
#5150 = CARTESIAN_POINT ( 'NONE',  ( 0.8649999999999999911, -0.8850000000000000089, 7.632783294297950229E-16 ) ) ;
#5151 = UNCERTAINTY_MEASURE_WITH_UNIT (LENGTH_MEASURE( 1.000000000000000082E-05 ), #2268, 'distance_accuracy_value', 'NONE');
#5152 = CARTESIAN_POINT ( 'NONE',  ( -6.014999999999999680, 2.500000000000000000, 0.5999999999999999778 ) ) ;
#5153 = DIRECTION ( 'NONE',  ( -1.000000000000000000, 0.0000000000000000000, -0.0000000000000000000 ) ) ;
#5154 = VERTEX_POINT ( 'NONE', #1234 ) ;
#5155 = DIRECTION ( 'NONE',  ( 1.000000000000000000, 0.0000000000000000000, -0.0000000000000000000 ) ) ;
#5156 = LINE ( 'NONE', #7889, #4665 ) ;
#5157 = CARTESIAN_POINT ( 'NONE',  ( 1.905000000000000027, -3.299999999999999822, 0.2300000000000010092 ) ) ;
#5158 = AXIS2_PLACEMENT_3D ( 'NONE', #6783, #2155, #480 ) ;
#5159 = CARTESIAN_POINT ( 'NONE',  ( -0.4050000000000000266, -3.200000000000000178, 0.4600000000000011857 ) ) ;
#5160 = ORIENTED_EDGE ( 'NONE', *, *, #1701, .T. ) ;
#5161 = ADVANCED_FACE ( 'NONE', ( #279 ), #5757, .F. ) ;
#5162 = ORIENTED_EDGE ( 'NONE', *, *, #10620, .F. ) ;
#5163 = DIRECTION ( 'NONE',  ( -0.0000000000000000000, -1.000000000000000000, -0.0000000000000000000 ) ) ;
#5164 = DIRECTION ( 'NONE',  ( 1.000000000000000000, -2.082970027439319880E-16, -1.156280642033610094E-31 ) ) ;
#5165 = ORIENTED_EDGE ( 'NONE', *, *, #3329, .F. ) ;
#5166 = ADVANCED_FACE ( 'NONE', ( #5870 ), #4865, .T. ) ;
#5167 = AXIS2_PLACEMENT_3D ( 'NONE', #8387, #10055, #9065 ) ;
#5168 = LINE ( 'NONE', #4281, #2377 ) ;
#5169 = PLANE ( 'NONE',  #2491 ) ;
#5170 = CARTESIAN_POINT ( 'NONE',  ( -5.844999999999999751, -3.300000000000000266, 2.564999999999999947 ) ) ;
#5171 = ORIENTED_EDGE ( 'NONE', *, *, #9180, .F. ) ;
#5172 = ADVANCED_FACE ( 'NONE', ( #6699 ), #2251, .F. ) ;
#5173 = VECTOR ( 'NONE', #6576, 1000.000000000000000 ) ;
#5174 = CARTESIAN_POINT ( 'NONE',  ( 5.584999999999999964, -3.299999999999999822, 0.1000000000000011297 ) ) ;
#5175 = EDGE_LOOP ( 'NONE', ( #319, #9825, #2114, #5242 ) ) ;
#5176 = DIRECTION ( 'NONE',  ( 2.957565607266179811E-16, 0.7071067811865490160, 0.7071067811865461294 ) ) ;
#5177 = ADVANCED_FACE ( 'NONE', ( #9391 ), #9503, .T. ) ;
#5178 = DIRECTION ( 'NONE',  ( 1.000000000000000000, 0.0000000000000000000, -2.099659365964729900E-16 ) ) ;
#5179 = CARTESIAN_POINT ( 'NONE',  ( 2.205000000000000515, -2.499999999999999556, 0.5999999999999999778 ) ) ;
#5180 = ORIENTED_EDGE ( 'NONE', *, *, #217, .T. ) ;
#5181 = VECTOR ( 'NONE', #8270, 1000.000000000000227 ) ;
#5182 = FACE_OUTER_BOUND ( 'NONE', #1676, .T. ) ;
#5183 = ORIENTED_EDGE ( 'NONE', *, *, #7394, .T. ) ;
#5184 = ORIENTED_EDGE ( 'NONE', *, *, #3553, .T. ) ;
#5185 = PLANE ( 'NONE',  #5612 ) ;
#5186 = DIRECTION ( 'NONE',  ( -1.000000000000000000, 2.082970027439319880E-16, 1.156280642033610094E-31 ) ) ;
#5187 = ORIENTED_EDGE ( 'NONE', *, *, #1849, .T. ) ;
#5188 = EDGE_CURVE ( 'NONE', #6397, #8066, #8547, .T. ) ;
#5189 = LINE ( 'NONE', #6125, #7618 ) ;
#5190 = ORIENTED_EDGE ( 'NONE', *, *, #8000, .T. ) ;
#5191 = LINE ( 'NONE', #4240, #10497 ) ;
#5192 = EDGE_CURVE ( 'NONE', #10897, #1646, #1293, .T. ) ;
#5193 = EDGE_LOOP ( 'NONE', ( #5521, #10593, #10844, #5598 ) ) ;
#5194 = VERTEX_POINT ( 'NONE', #514 ) ;
#5195 = AXIS2_PLACEMENT_3D ( 'NONE', #5699, #5042, #11231 ) ;
#5196 = CARTESIAN_POINT ( 'NONE',  ( 5.844999999999999751, -0.7649999999999995692, 4.900000000000000355 ) ) ;
#5197 = DIRECTION ( 'NONE',  ( -2.082970027439319880E-16, -1.000000000000000000, -6.123233995736769734E-17 ) ) ;
#5198 = FILL_AREA_STYLE_COLOUR ( '', #2435 ) ;
#5199 = ORIENTED_EDGE ( 'NONE', *, *, #2932, .T. ) ;
#5200 = DIRECTION ( 'NONE',  ( 0.0000000000000000000, -1.000000000000000000, -8.915067114227699459E-17 ) ) ;
#5201 = PLANE ( 'NONE',  #8966 ) ;
#5202 = CARTESIAN_POINT ( 'NONE',  ( 4.445000000000000284, -0.8850000000000000089, 0.4800000000000009814 ) ) ;
#5203 = DIRECTION ( 'NONE',  ( -0.7071067811865461294, 0.7071067811865490160, -4.329780281177481220E-17 ) ) ;
#5204 = VERTEX_POINT ( 'NONE', #3091 ) ;
#5205 = AXIS2_PLACEMENT_3D ( 'NONE', #2879, #8393, #1189 ) ;
#5206 = CARTESIAN_POINT ( 'NONE',  ( -4.625000000000000000, 0.5200000000000000178, 4.850000000000000533 ) ) ;
#5207 = FACE_OUTER_BOUND ( 'NONE', #1967, .T. ) ;
#5208 = ORIENTED_EDGE ( 'NONE', *, *, #5693, .F. ) ;
#5209 = CARTESIAN_POINT ( 'NONE',  ( -2.944999999999999840, -0.4050000000000000266, 4.900000000000000355 ) ) ;
#5210 = CARTESIAN_POINT ( 'NONE',  ( -4.574999999999999289, -0.5200000000000000178, 4.899999999999999467 ) ) ;
#5211 = ORIENTED_EDGE ( 'NONE', *, *, #2925, .F. ) ;
#5212 = PLANE ( 'NONE',  #5046 ) ;
#5213 = VECTOR ( 'NONE', #7624, 1000.000000000000000 ) ;
#5214 = DIRECTION ( 'NONE',  ( -0.7071067811865461294, 0.7071067811865490160, -4.329780281177481220E-17 ) ) ;
#5215 = LINE ( 'NONE', #2361, #1738 ) ;
#5216 = ADVANCED_FACE ( 'NONE', ( #4918 ), #2307, .F. ) ;
#5217 = AXIS2_PLACEMENT_3D ( 'NONE', #1434, #8029, #11658 ) ;
#5218 = ADVANCED_FACE ( 'NONE', ( #8611 ), #451, .T. ) ;
#5219 = CARTESIAN_POINT ( 'NONE',  ( 3.475000000000000977, 2.500000000000000000, 0.2999999999999999889 ) ) ;
#5220 = ORIENTED_EDGE ( 'NONE', *, *, #4848, .F. ) ;
#5221 = EDGE_LOOP ( 'NONE', ( #5697, #4817, #6204, #8679 ) ) ;
#5222 = DIRECTION ( 'NONE',  ( 0.0000000000000000000, -0.7071067811865461294, 0.7071067811865490160 ) ) ;
#5223 = CARTESIAN_POINT ( 'NONE',  ( 4.675000000000000711, 3.200000000000000178, 4.900000000000000355 ) ) ;
#5224 = ORIENTED_EDGE ( 'NONE', *, *, #4873, .T. ) ;
#5225 = CIRCLE ( 'NONE', #10344, 0.4800000000000000933 ) ;
#5226 = VECTOR ( 'NONE', #1716, 1000.000000000000000 ) ;
#5227 = CIRCLE ( 'NONE', #10347, 0.02000000000000005246 ) ;
#5228 = CARTESIAN_POINT ( 'NONE',  ( -0.8649999999999999911, -0.4050000000000000266, 4.799999999999999822 ) ) ;
#5229 = DIRECTION ( 'NONE',  ( -0.5773502691896235106, -0.5773502691896259531, 0.5773502691896279515 ) ) ;
#5230 = ORIENTED_EDGE ( 'NONE', *, *, #9689, .T. ) ;
#5231 = CARTESIAN_POINT ( 'NONE',  ( -5.485000000000000320, -0.8850000000000000089, 0.4600000000000009082 ) ) ;
#5232 = ADVANCED_FACE ( 'NONE', ( #5925 ), #11120, .T. ) ;
#5233 = EDGE_CURVE ( 'NONE', #5608, #10502, #8981, .T. ) ;
#5234 = VECTOR ( 'NONE', #8425, 1000.000000000000000 ) ;
#5235 = ORIENTED_EDGE ( 'NONE', *, *, #7769, .T. ) ;
#5236 = VECTOR ( 'NONE', #5810, 1000.000000000000000 ) ;
#5237 = CARTESIAN_POINT ( 'NONE',  ( 2.944999999999999840, -3.200000000000000178, 4.900000000000000355 ) ) ;
#5238 = PLANE ( 'NONE',  #2911 ) ;
#5239 = CARTESIAN_POINT ( 'NONE',  ( -4.744999999999999218, 2.499999999999999112, 0.5999999999999999778 ) ) ;
#5240 = ORIENTED_EDGE ( 'NONE', *, *, #11710, .T. ) ;
#5241 = PLANE ( 'NONE',  #9777 ) ;
#5242 = ORIENTED_EDGE ( 'NONE', *, *, #9744, .T. ) ;
#5243 = AXIS2_PLACEMENT_3D ( 'NONE', #5917, #5031, #9494 ) ;
#5244 = VECTOR ( 'NONE', #5050, 1000.000000000000000 ) ;
#5245 = EDGE_CURVE ( 'NONE', #4576, #3101, #7007, .T. ) ;
#5246 = LINE ( 'NONE', #10659, #4158 ) ;
#5247 = ORIENTED_EDGE ( 'NONE', *, *, #9940, .T. ) ;
#5248 = VERTEX_POINT ( 'NONE', #10586 ) ;
#5249 = SURFACE_STYLE_USAGE ( .BOTH. , #10720 ) ;
#5250 = ADVANCED_FACE ( 'NONE', ( #3388 ), #4337, .F. ) ;
#5251 = DIRECTION ( 'NONE',  ( 0.0000000000000000000, -1.000000000000000000, -0.0000000000000000000 ) ) ;
#5252 = EDGE_LOOP ( 'NONE', ( #8491, #10946, #953, #1852 ) ) ;
#5253 = LINE ( 'NONE', #8828, #4695 ) ;
#5254 = DIRECTION ( 'NONE',  ( -0.0000000000000000000, 1.000000000000000000, 0.0000000000000000000 ) ) ;
#5255 = ORIENTED_EDGE ( 'NONE', *, *, #2800, .F. ) ;
#5256 = VECTOR ( 'NONE', #9812, 1000.000000000000114 ) ;
#5257 = ORIENTED_EDGE ( 'NONE', *, *, #4366, .F. ) ;
#5258 = EDGE_CURVE ( 'NONE', #1206, #5916, #1590, .T. ) ;
#5259 = AXIS2_PLACEMENT_3D ( 'NONE', #9321, #203, #11271 ) ;
#5260 = CARTESIAN_POINT ( 'NONE',  ( -0.4050000000000000266, -0.4049999999999996381, 0.4800000000000012590 ) ) ;
#5261 = CARTESIAN_POINT ( 'NONE',  ( -0.5050000000000000044, -0.7649999999999994582, 4.900000000000000355 ) ) ;
#5262 = DIRECTION ( 'NONE',  ( 1.000000000000000000, 2.082970027439319880E-16, -1.156280642033610094E-31 ) ) ;
#5263 = EDGE_CURVE ( 'NONE', #1303, #7995, #11417, .T. ) ;
#5264 = LINE ( 'NONE', #11729, #7103 ) ;
#5265 =( NAMED_UNIT ( * ) PLANE_ANGLE_UNIT ( ) SI_UNIT ( $, .RADIAN. ) );
#5266 = ORIENTED_EDGE ( 'NONE', *, *, #10966, .T. ) ;
#5267 = PLANE ( 'NONE',  #2759 ) ;
#5268 = DIRECTION ( 'NONE',  ( -1.000000000000000000, -2.082970027439319880E-16, 1.156280642033610094E-31 ) ) ;
#5269 = CARTESIAN_POINT ( 'NONE',  ( -2.134999999999999787, 0.8649999999999999911, 4.900000000000000355 ) ) ;
#5270 = DIRECTION ( 'NONE',  ( -0.0000000000000000000, -0.0000000000000000000, 1.000000000000000000 ) ) ;
#5271 = EDGE_LOOP ( 'NONE', ( #81, #5458, #2345, #7920 ) ) ;
#5272 = VECTOR ( 'NONE', #9866, 1000.000000000000000 ) ;
#5273 = VERTEX_POINT ( 'NONE', #2433 ) ;
#5274 = ADVANCED_FACE ( 'NONE', ( #10701 ), #7897, .F. ) ;
#5275 = CARTESIAN_POINT ( 'NONE',  ( 0.5200000000000000178, 3.299999999999999822, 0.3600000000000010414 ) ) ;
#5276 = DIRECTION ( 'NONE',  ( -1.275451288411719683E-32, -6.123233995736769734E-17, 1.000000000000000000 ) ) ;
#5277 = ORIENTED_EDGE ( 'NONE', *, *, #743, .T. ) ;
#5278 = LINE ( 'NONE', #9962, #11696 ) ;
#5279 = FACE_OUTER_BOUND ( 'NONE', #5763, .T. ) ;
#5280 = FACE_OUTER_BOUND ( 'NONE', #2315, .T. ) ;
#5281 = ORIENTED_EDGE ( 'NONE', *, *, #3104, .T. ) ;
#5282 = CARTESIAN_POINT ( 'NONE',  ( -9.449999999999999289, -2.500000000000000000, 5.200000000000001066 ) ) ;
#5283 = ORIENTED_EDGE ( 'NONE', *, *, #800, .T. ) ;
#5284 = DIRECTION ( 'NONE',  ( 0.0000000000000000000, 8.915067114227699459E-17, 1.000000000000000000 ) ) ;
#5285 = CARTESIAN_POINT ( 'NONE',  ( 3.405000000000000249, -0.8649999999999999911, 4.799999999999999822 ) ) ;
#5286 = ORIENTED_EDGE ( 'NONE', *, *, #10257, .F. ) ;
#5287 = ADVANCED_FACE ( 'NONE', ( #10515 ), #637, .F. ) ;
#5288 = LINE ( 'NONE', #1663, #11302 ) ;
#5289 = FACE_OUTER_BOUND ( 'NONE', #3023, .T. ) ;
#5290 = DIRECTION ( 'NONE',  ( 3.061616997868384251E-17, 3.061616997868414449E-17, 1.000000000000000000 ) ) ;
#5291 = VERTEX_POINT ( 'NONE', #5285 ) ;
#5292 = DIRECTION ( 'NONE',  ( -1.000000000000000000, 0.0000000000000000000, 2.099659365964729900E-16 ) ) ;
#5293 = COLOUR_RGB ( '',0.6980392156862744724, 0.5490196078431373028, 0.003921568627450980338 ) ;
#5294 = ORIENTED_EDGE ( 'NONE', *, *, #1518, .T. ) ;
#5295 = CARTESIAN_POINT ( 'NONE',  ( -3.405000000000000249, 3.200000000000000178, 0.4600000000000010747 ) ) ;
#5296 = DIRECTION ( 'NONE',  ( 0.0000000000000000000, -0.7071067811865460184, 0.7071067811865489050 ) ) ;
#5297 = EDGE_CURVE ( 'NONE', #3653, #3498, #572, .T. ) ;
#5298 = DIRECTION ( 'NONE',  ( 0.0000000000000000000, 0.0000000000000000000, 1.000000000000000000 ) ) ;
#5299 = EDGE_CURVE ( 'NONE', #7778, #2148, #2494, .T. ) ;
#5300 = ORIENTED_EDGE ( 'NONE', *, *, #1396, .T. ) ;
#5301 = MECHANICAL_DESIGN_GEOMETRIC_PRESENTATION_REPRESENTATION (  '', ( #3772 ), #2068 ) ;
#5302 = CARTESIAN_POINT ( 'NONE',  ( 5.945000000000000284, 0.4050000000000000266, 4.900000000000000355 ) ) ;
#5303 = CARTESIAN_POINT ( 'NONE',  ( 4.445000000000000284, 0.6350000000000000089, 4.900000000000000355 ) ) ;
#5304 = ORIENTED_EDGE ( 'NONE', *, *, #7486, .F. ) ;
#5305 = ORIENTED_EDGE ( 'NONE', *, *, #304, .T. ) ;
#5306 = DIRECTION ( 'NONE',  ( 1.000000000000000000, 0.0000000000000000000, 0.0000000000000000000 ) ) ;
#5307 = PLANE ( 'NONE',  #10616 ) ;
#5308 = ORIENTED_EDGE ( 'NONE', *, *, #2699, .T. ) ;
#5309 = LINE ( 'NONE', #11556, #2120 ) ;
#5310 = EDGE_LOOP ( 'NONE', ( #2365, #7547, #288, #10000 ) ) ;
#5311 = EDGE_CURVE ( 'NONE', #9217, #679, #4388, .T. ) ;
#5312 = FILL_AREA_STYLE_COLOUR ( '', #10881 ) ;
#5313 = ADVANCED_FACE ( 'NONE', ( #7772 ), #6046, .F. ) ;
#5314 = VERTEX_POINT ( 'NONE', #10759 ) ;
#5315 = FACE_OUTER_BOUND ( 'NONE', #8106, .T. ) ;
#5316 = CARTESIAN_POINT ( 'NONE',  ( 1.249999999999999778, 2.499999999999999556, 5.200000000000001066 ) ) ;
#5317 = PLANE ( 'NONE',  #7861 ) ;
#5318 = ORIENTED_EDGE ( 'NONE', *, *, #11503, .F. ) ;
#5319 = CARTESIAN_POINT ( 'NONE',  ( 3.045000000000000373, -0.7650000000000000133, 4.899999999999999467 ) ) ;
#5320 = AXIS2_PLACEMENT_3D ( 'NONE', #7297, #3290, #9277 ) ;
#5321 = CARTESIAN_POINT ( 'NONE',  ( -0.6350000000000000089, -0.5050000000000000044, 4.900000000000000355 ) ) ;
#5322 = EDGE_CURVE ( 'NONE', #4342, #306, #3269, .T. ) ;
#5323 = DIRECTION ( 'NONE',  ( 0.0000000000000000000, 8.915067114227699459E-17, -1.000000000000000000 ) ) ;
#5324 = DIRECTION ( 'NONE',  ( 1.275451288411719683E-32, -6.123233995736769734E-17, -1.000000000000000000 ) ) ;
#5325 = ORIENTED_EDGE ( 'NONE', *, *, #8949, .T. ) ;
#5326 = EDGE_CURVE ( 'NONE', #11262, #3583, #6943, .T. ) ;
#5327 = EDGE_CURVE ( 'NONE', #8889, #10859, #6222, .T. ) ;
#5328 = EDGE_LOOP ( 'NONE', ( #3175, #2224, #5376, #11014, #11126, #6591, #7049, #8303 ) ) ;
#5329 = VECTOR ( 'NONE', #8674, 1000.000000000000000 ) ;
#5330 = VECTOR ( 'NONE', #7294, 1000.000000000000227 ) ;
#5331 = CARTESIAN_POINT ( 'NONE',  ( 0.4049999999999990830, 3.200000000000000178, 6.684615519032473697E-16 ) ) ;
#5332 = EDGE_LOOP ( 'NONE', ( #11270, #3627, #6285, #2517 ) ) ;
#5333 = CARTESIAN_POINT ( 'NONE',  ( 1.675000000000000044, -0.8649999999999999911, 4.799999999999999822 ) ) ;
#5334 = LINE ( 'NONE', #8351, #5399 ) ;
#5335 = FACE_OUTER_BOUND ( 'NONE', #9873, .T. ) ;
#5336 = VERTEX_POINT ( 'NONE', #5342 ) ;
#5337 = CARTESIAN_POINT ( 'NONE',  ( 2.134999999999999787, 0.4050000000000000266, 4.900000000000000355 ) ) ;
#5338 = EDGE_CURVE ( 'NONE', #11220, #5779, #11474, .T. ) ;
#5339 = VECTOR ( 'NONE', #1522, 1000.000000000000000 ) ;
#5340 = ORIENTED_EDGE ( 'NONE', *, *, #11398, .F. ) ;
#5341 = CARTESIAN_POINT ( 'NONE',  ( -4.744999999999999218, -2.500000000000000000, 0.2999999999999999889 ) ) ;
#5342 = CARTESIAN_POINT ( 'NONE',  ( -5.945000000000000284, -0.8850000000000000089, 0.4600000000000010747 ) ) ;
#5343 = ADVANCED_FACE ( 'NONE', ( #7409 ), #872, .F. ) ;
#5344 = CARTESIAN_POINT ( 'NONE',  ( 4.745000000000000995, 2.499999999999999556, 0.2999999999999999889 ) ) ;
#5345 = VECTOR ( 'NONE', #3124, 1000.000000000000000 ) ;
#5346 = CARTESIAN_POINT ( 'NONE',  ( 2.134999999999999787, -0.4049999999999994160, 4.799999999999999822 ) ) ;
#5347 = EDGE_LOOP ( 'NONE', ( #1429, #5910, #3167, #11185 ) ) ;
#5348 = VECTOR ( 'NONE', #629, 1000.000000000000000 ) ;
#5349 = CARTESIAN_POINT ( 'NONE',  ( -5.844999999999999751, 3.299999999999999378, 0.1000000000000009076 ) ) ;
#5350 = VERTEX_POINT ( 'NONE', #1999 ) ;
#5351 = LINE ( 'NONE', #523, #2888 ) ;
#5352 = ORIENTED_EDGE ( 'NONE', *, *, #3719, .F. ) ;
#5353 = DIRECTION ( 'NONE',  ( 1.000000000000000000, 2.082970027439319880E-16, -1.156280642033610094E-31 ) ) ;
#5354 = AXIS2_PLACEMENT_3D ( 'NONE', #1247, #346, #5936 ) ;
#5355 = CARTESIAN_POINT ( 'NONE',  ( 4.574999999999999289, 0.5050000000000001155, 4.899999999999999467 ) ) ;
#5356 = FACE_OUTER_BOUND ( 'NONE', #10402, .T. ) ;
#5357 = LINE ( 'NONE', #8144, #10789 ) ;
#5358 = ORIENTED_EDGE ( 'NONE', *, *, #297, .F. ) ;
#5359 = DIRECTION ( 'NONE',  ( 0.0000000000000000000, -1.000000000000000000, 0.0000000000000000000 ) ) ;
#5360 = VERTEX_POINT ( 'NONE', #4503 ) ;
#5361 = CIRCLE ( 'NONE', #8202, 0.4800000000000000933 ) ;
#5362 = ORIENTED_EDGE ( 'NONE', *, *, #9721, .F. ) ;
#5363 = LINE ( 'NONE', #8825, #4353 ) ;
#5364 = ORIENTED_EDGE ( 'NONE', *, *, #7182, .T. ) ;
#5365 = EDGE_CURVE ( 'NONE', #8746, #6706, #1942, .T. ) ;
#5366 = PRESENTATION_STYLE_ASSIGNMENT (( #8098 ) ) ;
#5367 = EDGE_CURVE ( 'NONE', #3755, #11254, #3556, .T. ) ;
#5368 = VERTEX_POINT ( 'NONE', #2792 ) ;
#5369 =( LENGTH_UNIT ( ) NAMED_UNIT ( * ) SI_UNIT ( .MILLI., .METRE. ) );
#5370 = ORIENTED_EDGE ( 'NONE', *, *, #10591, .F. ) ;
#5371 = DIRECTION ( 'NONE',  ( 1.000000000000000000, 0.0000000000000000000, -2.099659365964729900E-16 ) ) ;
#5372 = DIRECTION ( 'NONE',  ( -0.0000000000000000000, -0.0000000000000000000, 1.000000000000000000 ) ) ;
#5373 = EDGE_CURVE ( 'NONE', #351, #1610, #3610, .T. ) ;
#5374 = CARTESIAN_POINT ( 'NONE',  ( 3.405000000000000249, -0.8649999999999999911, 4.900000000000000355 ) ) ;
#5375 = PLANE ( 'NONE',  #8507 ) ;
#5376 = ORIENTED_EDGE ( 'NONE', *, *, #627, .T. ) ;
#5377 = DIRECTION ( 'NONE',  ( -0.5773502691896280625, -0.5773502691896236216, -0.5773502691896253980 ) ) ;
#5378 = CARTESIAN_POINT ( 'NONE',  ( -4.214999999999999858, 0.8850000000000000089, 0.4800000000000009814 ) ) ;
#5379 = CARTESIAN_POINT ( 'NONE',  ( -3.290000000000000036, -0.8149999999999999467, 4.850000000000000533 ) ) ;
#5380 = CARTESIAN_POINT ( 'NONE',  ( -4.575000000000000178, 0.7649999999999996803, 4.900000000000000355 ) ) ;
#5381 = ORIENTED_EDGE ( 'NONE', *, *, #2899, .T. ) ;
#5382 = VERTEX_POINT ( 'NONE', #930 ) ;
#5383 = VECTOR ( 'NONE', #7631, 1000.000000000000000 ) ;
#5384 = LINE ( 'NONE', #2541, #7293 ) ;
#5385 = ADVANCED_FACE ( 'NONE', ( #11697 ), #10086, .F. ) ;
#5386 = DIRECTION ( 'NONE',  ( 0.5773502691896252870, -0.5773502691896235106, -0.5773502691896285066 ) ) ;
#5387 = DIRECTION ( 'NONE',  ( -1.953503796022424979E-47, -1.000000000000000000, -9.303908184768099600E-32 ) ) ;
#5388 = EDGE_LOOP ( 'NONE', ( #8298, #7187, #4650, #6298 ) ) ;
#5389 = PLANE ( 'NONE',  #9057 ) ;
#5390 = LINE ( 'NONE', #1764, #7688 ) ;
#5391 = CARTESIAN_POINT ( 'NONE',  ( -3.174999999999999822, 0.4050000000000000266, 0.4800000000000010369 ) ) ;
#5392 = VERTEX_POINT ( 'NONE', #2904 ) ;
#5393 = EDGE_CURVE ( 'NONE', #7510, #693, #10031, .T. ) ;
#5394 = LINE ( 'NONE', #7117, #8752 ) ;
#5395 = ORIENTED_EDGE ( 'NONE', *, *, #6248, .F. ) ;
#5396 = ORIENTED_EDGE ( 'NONE', *, *, #6659, .F. ) ;
#5397 = DIRECTION ( 'NONE',  ( 1.000000000000000000, -0.0000000000000000000, 0.0000000000000000000 ) ) ;
#5398 = CARTESIAN_POINT ( 'NONE',  ( -5.485000000000000320, 0.8649999999999999911, 8.673617379884035472E-16 ) ) ;
#5399 = VECTOR ( 'NONE', #5731, 1000.000000000000000 ) ;
#5400 = EDGE_CURVE ( 'NONE', #11091, #8996, #6402, .T. ) ;
#5401 = VECTOR ( 'NONE', #6089, 1000.000000000000000 ) ;
#5402 = FACE_OUTER_BOUND ( 'NONE', #2907, .T. ) ;
#5403 = DIRECTION ( 'NONE',  ( 1.000000000000000000, -0.0000000000000000000, -2.099659365964729900E-16 ) ) ;
#5404 = VERTEX_POINT ( 'NONE', #1771 ) ;
#5405 = EDGE_CURVE ( 'NONE', #6053, #6117, #9098, .T. ) ;
#5406 = DIRECTION ( 'NONE',  ( -0.0000000000000000000, 1.000000000000000000, 8.915067114227699459E-17 ) ) ;
#5407 = ORIENTED_EDGE ( 'NONE', *, *, #4518, .T. ) ;
#5408 = LINE ( 'NONE', #4513, #7252 ) ;
#5409 = EDGE_LOOP ( 'NONE', ( #2305, #768, #10995, #11113 ) ) ;
#5410 = STYLED_ITEM ( 'NONE', ( #2591 ), #8469 ) ;
#5411 = CIRCLE ( 'NONE', #7124, 0.4800000000000000933 ) ;
#5412 = FACE_OUTER_BOUND ( 'NONE', #1075, .T. ) ;
#5413 = CARTESIAN_POINT ( 'NONE',  ( 2.134999999999999787, 0.8649999999999999911, 8.673617379884035472E-16 ) ) ;
#5414 = VERTEX_POINT ( 'NONE', #1054 ) ;
#5415 = EDGE_CURVE ( 'NONE', #2635, #9606, #8613, .T. ) ;
#5416 = LINE ( 'NONE', #9993, #3321 ) ;
#5417 = CARTESIAN_POINT ( 'NONE',  ( -1.774999999999999911, 3.299999999999999378, 0.1000000000000009770 ) ) ;
#5418 = ORIENTED_EDGE ( 'NONE', *, *, #3896, .T. ) ;
#5419 = AXIS2_PLACEMENT_3D ( 'NONE', #2410, #2228, #4003 ) ;
#5420 = PRESENTATION_LAYER_ASSIGNMENT (  '', '', ( #2375 ) ) ;
#5421 = VECTOR ( 'NONE', #4202, 1000.000000000000114 ) ;
#5422 = EDGE_LOOP ( 'NONE', ( #8053, #4658, #3256, #7601, #8332, #6973, #656, #4758 ) ) ;
#5423 = DIRECTION ( 'NONE',  ( -1.665334536937729880E-16, -1.000000000000000000, -0.0000000000000000000 ) ) ;
#5424 = ORIENTED_EDGE ( 'NONE', *, *, #2320, .T. ) ;
#5425 = CARTESIAN_POINT ( 'NONE',  ( 2.020000000000000018, 0.5050000000000005596, 4.900000000000000355 ) ) ;
#5426 = CARTESIAN_POINT ( 'NONE',  ( -0.6350000000000010081, -3.299999999999999822, 0.2300000000000010092 ) ) ;
#5427 = FILL_AREA_STYLE ('',( #5312 ) ) ;
#5428 = ORIENTED_EDGE ( 'NONE', *, *, #5263, .F. ) ;
#5429 = VECTOR ( 'NONE', #7548, 1000.000000000000114 ) ;
#5430 = ORIENTED_EDGE ( 'NONE', *, *, #10743, .F. ) ;
#5431 = EDGE_CURVE ( 'NONE', #2464, #1854, #5517, .T. ) ;
#5432 = EDGE_CURVE ( 'NONE', #1708, #6610, #11755, .T. ) ;
#5433 = LINE ( 'NONE', #7264, #8445 ) ;
#5434 = DIRECTION ( 'NONE',  ( 0.0000000000000000000, 0.7071067811865460184, 0.7071067811865489050 ) ) ;
#5435 = CIRCLE ( 'NONE', #7904, 0.4800000000000000933 ) ;
#5436 = CARTESIAN_POINT ( 'NONE',  ( 4.675000000000000711, 0.8649999999999999911, 4.900000000000000355 ) ) ;
#5437 = LINE ( 'NONE', #2765, #3201 ) ;
#5438 = ORIENTED_EDGE ( 'NONE', *, *, #11354, .T. ) ;
#5439 = CARTESIAN_POINT ( 'NONE',  ( -2.035000000000000142, 0.5050000000000005596, 4.900000000000000355 ) ) ;
#5440 = LINE ( 'NONE', #10122, #6096 ) ;
#5441 = DIRECTION ( 'NONE',  ( 1.000000000000000000, -0.0000000000000000000, 0.0000000000000000000 ) ) ;
#5442 = DIRECTION ( 'NONE',  ( 1.000000000000000000, -0.0000000000000000000, 0.0000000000000000000 ) ) ;
#5443 = ORIENTED_EDGE ( 'NONE', *, *, #1802, .T. ) ;
#5444 = AXIS2_PLACEMENT_3D ( 'NONE', #3595, #9897, #5323 ) ;
#5445 = VERTEX_POINT ( 'NONE', #1832 ) ;
#5446 = EDGE_CURVE ( 'NONE', #11018, #1328, #4563, .T. ) ;
#5447 = DIRECTION ( 'NONE',  ( -1.000000000000000000, -0.0000000000000000000, 2.099659365964729900E-16 ) ) ;
#5448 = FACE_OUTER_BOUND ( 'NONE', #2774, .T. ) ;
#5449 = ORIENTED_EDGE ( 'NONE', *, *, #5522, .F. ) ;
#5450 = LINE ( 'NONE', #4614, #4860 ) ;
#5451 = LINE ( 'NONE', #1934, #830 ) ;
#5452 = CARTESIAN_POINT ( 'NONE',  ( -4.575000000000000178, -3.299999999999999822, 0.1000000000000011297 ) ) ;
#5453 = ORIENTED_EDGE ( 'NONE', *, *, #6867, .F. ) ;
#5454 = CARTESIAN_POINT ( 'NONE',  ( -1.604999999999999982, 2.239351784842870214E-16, 0.5999999999999999778 ) ) ;
#5455 = DIRECTION ( 'NONE',  ( 0.0000000000000000000, -8.915067114227699459E-17, -1.000000000000000000 ) ) ;
#5456 = AXIS2_PLACEMENT_3D ( 'NONE', #111, #4577, #9926 ) ;
#5457 = ORIENTED_EDGE ( 'NONE', *, *, #4714, .T. ) ;
#5458 = ORIENTED_EDGE ( 'NONE', *, *, #9060, .T. ) ;
#5459 = LINE ( 'NONE', #5341, #4320 ) ;
#5460 = ADVANCED_FACE ( 'NONE', ( #2671 ), #8183, .T. ) ;
#5461 = CARTESIAN_POINT ( 'NONE',  ( 0.8649999999999999911, 0.8850000000000000089, 0.4800000000000009814 ) ) ;
#5462 = EDGE_CURVE ( 'NONE', #8487, #11018, #95, .T. ) ;
#5463 = CARTESIAN_POINT ( 'NONE',  ( 1.675000000000000044, -0.4050000000000000822, 4.799999999999999822 ) ) ;
#5464 = PRODUCT_DEFINITION_FORMATION_WITH_SPECIFIED_SOURCE ( 'ANY', '', #2914, .NOT_KNOWN. ) ;
#5465 = VECTOR ( 'NONE', #6355, 1000.000000000000000 ) ;
#5466 = DIRECTION ( 'NONE',  ( 1.000000000000000000, 0.0000000000000000000, -0.0000000000000000000 ) ) ;
#5467 = CARTESIAN_POINT ( 'NONE',  ( -1.905000000000000027, 0.8850000000000000089, 0.4600000000000009637 ) ) ;
#5468 = ORIENTED_EDGE ( 'NONE', *, *, #2124, .F. ) ;
#5469 = DIRECTION ( 'NONE',  ( -1.000000000000000000, 0.0000000000000000000, -0.0000000000000000000 ) ) ;
#5470 = DIRECTION ( 'NONE',  ( 0.5773502691896273964, -0.5773502691896224004, 0.5773502691896273964 ) ) ;
#5471 = ORIENTED_EDGE ( 'NONE', *, *, #7393, .F. ) ;
#5472 = CARTESIAN_POINT ( 'NONE',  ( 4.675000000000000711, -0.4049999999999994160, 4.799999999999999822 ) ) ;
#5473 = ORIENTED_EDGE ( 'NONE', *, *, #3824, .T. ) ;
#5474 = PLANE ( 'NONE',  #10006 ) ;
#5475 = EDGE_CURVE ( 'NONE', #718, #3309, #150, .T. ) ;
#5476 = DIRECTION ( 'NONE',  ( -0.5773502691896280625, -0.5773502691896236216, -0.5773502691896253980 ) ) ;
#5477 = CARTESIAN_POINT ( 'NONE',  ( 4.214999999999999858, 0.8850000000000000089, 0.4600000000000010192 ) ) ;
#5478 = EDGE_CURVE ( 'NONE', #4211, #7136, #1964, .T. ) ;
#5479 = VERTEX_POINT ( 'NONE', #321 ) ;
#5480 = EDGE_CURVE ( 'NONE', #10644, #3096, #7525, .T. ) ;
#5481 = CARTESIAN_POINT ( 'NONE',  ( 2.134999999999999787, 3.200000000000000178, 0.4600000000000011302 ) ) ;
#5482 = ORIENTED_EDGE ( 'NONE', *, *, #580, .T. ) ;
#5483 = STYLED_ITEM ( 'NONE', ( #3535 ), #646 ) ;
#5484 = CARTESIAN_POINT ( 'NONE',  ( -1.905000000000000027, -0.8850000000000000089, 0.4800000000000009814 ) ) ;
#5485 = ORIENTED_EDGE ( 'NONE', *, *, #8185, .T. ) ;
#5486 = DIRECTION ( 'NONE',  ( 0.0000000000000000000, 0.0000000000000000000, 1.000000000000000000 ) ) ;
#5487 = PLANE ( 'NONE',  #4776 ) ;
#5488 = EDGE_LOOP ( 'NONE', ( #9727, #2813, #6722, #9788 ) ) ;
#5489 = EDGE_CURVE ( 'NONE', #8669, #2530, #265, .T. ) ;
#5490 = LINE ( 'NONE', #4762, #3479 ) ;
#5491 = ORIENTED_EDGE ( 'NONE', *, *, #4664, .F. ) ;
#5492 = AXIS2_PLACEMENT_3D ( 'NONE', #7309, #3683, #10890 ) ;
#5493 = DIRECTION ( 'NONE',  ( 1.000000000000000000, 2.082970027439319880E-16, -1.156280642033610094E-31 ) ) ;
#5494 = ORIENTED_EDGE ( 'NONE', *, *, #6748, .T. ) ;
#5495 = LINE ( 'NONE', #7328, #7313 ) ;
#5496 = FILL_AREA_STYLE ('',( #1920 ) ) ;
#5497 = DIRECTION ( 'NONE',  ( 1.000000000000000000, -0.0000000000000000000, -2.099659365964729900E-16 ) ) ;
#5498 = EDGE_LOOP ( 'NONE', ( #1132, #5765, #10568, #6906 ) ) ;
#5499 = DIRECTION ( 'NONE',  ( -0.0000000000000000000, -8.915067114227699459E-17, 1.000000000000000000 ) ) ;
#5500 = CARTESIAN_POINT ( 'NONE',  ( -2.995000000000000107, 3.250000000000000444, 2.564999999999999947 ) ) ;
#5501 = CARTESIAN_POINT ( 'NONE',  ( 5.485000000000000320, 3.200000000000000178, 4.900000000000000355 ) ) ;
#5502 = SURFACE_SIDE_STYLE ('',( #5724 ) ) ;
#5503 = EDGE_CURVE ( 'NONE', #8505, #924, #2235, .T. ) ;
#5504 = EDGE_LOOP ( 'NONE', ( #5868, #10523, #11246, #280 ) ) ;
#5505 = FACE_OUTER_BOUND ( 'NONE', #11631, .T. ) ;
#5506 = CARTESIAN_POINT ( 'NONE',  ( -9.449999999999999289, -2.500000000000000000, 0.2999999999999999889 ) ) ;
#5507 = ORIENTED_EDGE ( 'NONE', *, *, #6390, .F. ) ;
#5508 = FACE_OUTER_BOUND ( 'NONE', #6473, .T. ) ;
#5509 = DIRECTION ( 'NONE',  ( -1.000000000000000000, -2.082970027439319880E-16, 1.156280642033610094E-31 ) ) ;
#5510 = CARTESIAN_POINT ( 'NONE',  ( 3.405000000000000249, 3.200000000000000178, 0.4600000000000011302 ) ) ;
#5511 = ORIENTED_EDGE ( 'NONE', *, *, #9935, .F. ) ;
#5512 = DIRECTION ( 'NONE',  ( 0.0000000000000000000, 0.0000000000000000000, 1.000000000000000000 ) ) ;
#5513 = EDGE_CURVE ( 'NONE', #10829, #7383, #10440, .T. ) ;
#5514 = EDGE_CURVE ( 'NONE', #188, #3466, #10383, .T. ) ;
#5515 = EDGE_LOOP ( 'NONE', ( #7582, #11577, #11229, #6476 ) ) ;
#5516 = CARTESIAN_POINT ( 'NONE',  ( 5.584999999999999964, -3.299999999999999822, 2.564999999999999947 ) ) ;
#5517 = LINE ( 'NONE', #9037, #4810 ) ;
#5518 = VECTOR ( 'NONE', #2611, 1000.000000000000000 ) ;
#5519 = LINE ( 'NONE', #5398, #6724 ) ;
#5520 = PLANE ( 'NONE',  #767 ) ;
#5521 = ORIENTED_EDGE ( 'NONE', *, *, #4571, .F. ) ;
#5522 = EDGE_CURVE ( 'NONE', #723, #4549, #8359, .T. ) ;
#5523 = VECTOR ( 'NONE', #10027, 1000.000000000000114 ) ;
#5524 = VECTOR ( 'NONE', #10820, 1000.000000000000000 ) ;
#5525 = ORIENTED_EDGE ( 'NONE', *, *, #1562, .F. ) ;
#5526 = EDGE_CURVE ( 'NONE', #4682, #5314, #4009, .T. ) ;
#5527 = CARTESIAN_POINT ( 'NONE',  ( 2.944999999999999840, 3.200000000000000178, 6.684615519032471724E-16 ) ) ;
#5528 = ORIENTED_EDGE ( 'NONE', *, *, #8486, .F. ) ;
#5529 = CARTESIAN_POINT ( 'NONE',  ( -5.945000000000000284, -0.4050000000000000266, 4.799999999999999822 ) ) ;
#5530 = CARTESIAN_POINT ( 'NONE',  ( -0.4550000000000000155, -3.250000000000000444, 2.564999999999999947 ) ) ;
#5531 = AXIS2_PLACEMENT_3D ( 'NONE', #11205, #11033, #2046 ) ;
#5532 = ORIENTED_EDGE ( 'NONE', *, *, #1504, .T. ) ;
#5533 = CARTESIAN_POINT ( 'NONE',  ( 3.405000000000000249, -0.8850000000000000089, 0.4600000000000009082 ) ) ;
#5534 = PLANE ( 'NONE',  #7005 ) ;
#5535 = EDGE_LOOP ( 'NONE', ( #3508, #7669, #6575, #9961 ) ) ;
#5536 = EDGE_CURVE ( 'NONE', #2589, #11091, #8419, .T. ) ;
#5537 = ORIENTED_EDGE ( 'NONE', *, *, #8189, .F. ) ;
#5538 = CARTESIAN_POINT ( 'NONE',  ( -0.4050000000000000266, 0.8649999999999999911, 0.4600000000000011857 ) ) ;
#5539 = CARTESIAN_POINT ( 'NONE',  ( 2.020000000000000018, -3.250000000000000444, 0.05000000000000080075 ) ) ;
#5540 = VERTEX_POINT ( 'NONE', #3956 ) ;
#5541 = AXIS2_PLACEMENT_3D ( 'NONE', #11623, #7099, #9078 ) ;
#5542 = APPLICATION_PROTOCOL_DEFINITION ( 'draft international standard', 'automotive_design', 1998, #6326 ) ;
#5543 = ADVANCED_FACE ( 'NONE', ( #5857 ), #6744, .T. ) ;
#5544 = LINE ( 'NONE', #1013, #3825 ) ;
#5545 = ORIENTED_EDGE ( 'NONE', *, *, #4054, .T. ) ;
#5546 = ORIENTED_EDGE ( 'NONE', *, *, #889, .F. ) ;
#5547 = ORIENTED_EDGE ( 'NONE', *, *, #1790, .F. ) ;
#5548 = VECTOR ( 'NONE', #8894, 1000.000000000000000 ) ;
#5549 = EDGE_CURVE ( 'NONE', #2589, #2217, #435, .T. ) ;
#5550 = LINE ( 'NONE', #11138, #7884 ) ;
#5551 = CARTESIAN_POINT ( 'NONE',  ( -4.745000000000000107, 2.500000000000000000, 0.2999999999999999889 ) ) ;
#5552 = LINE ( 'NONE', #9182, #4150 ) ;
#5553 = ORIENTED_EDGE ( 'NONE', *, *, #2427, .F. ) ;
#5554 = PLANE ( 'NONE',  #1042 ) ;
#5555 = DIRECTION ( 'NONE',  ( 1.000000000000000000, 0.0000000000000000000, 0.0000000000000000000 ) ) ;
#5556 = AXIS2_PLACEMENT_3D ( 'NONE', #10041, #4451, #6413 ) ;
#5557 = CARTESIAN_POINT ( 'NONE',  ( -8.800000000002912159, 0.8250000000203729922, 5.000000000000000000 ) ) ;
#5558 = LINE ( 'NONE', #2828, #7441 ) ;
#5559 = ORIENTED_EDGE ( 'NONE', *, *, #9808, .F. ) ;
#5560 = FACE_OUTER_BOUND ( 'NONE', #2711, .T. ) ;
#5561 = ORIENTED_EDGE ( 'NONE', *, *, #10394, .F. ) ;
#5562 = PLANE ( 'NONE',  #1830 ) ;
#5563 = CARTESIAN_POINT ( 'NONE',  ( -0.5200000000000000178, 0.4550000000000000155, 4.850000000000000533 ) ) ;
#5564 = CARTESIAN_POINT ( 'NONE',  ( 5.485000000000000320, 0.8850000000000000089, 0.4600000000000010192 ) ) ;
#5565 = VERTEX_POINT ( 'NONE', #9488 ) ;
#5566 = DIRECTION ( 'NONE',  ( -1.000000000000000000, 2.082970027439319880E-16, 1.156280642033610094E-31 ) ) ;
#5567 = CARTESIAN_POINT ( 'NONE',  ( -2.134999999999999787, -0.8649999999999999911, 4.799999999999999822 ) ) ;
#5568 = ORIENTED_EDGE ( 'NONE', *, *, #7316, .T. ) ;
#5569 = LINE ( 'NONE', #9375, #11703 ) ;
#5570 = ORIENTED_EDGE ( 'NONE', *, *, #10480, .T. ) ;
#5571 = DIRECTION ( 'NONE',  ( 1.000000000000000000, 0.0000000000000000000, -2.099659365964729900E-16 ) ) ;
#5572 = VECTOR ( 'NONE', #4162, 1000.000000000000000 ) ;
#5573 = DIRECTION ( 'NONE',  ( 1.000000000000000000, 2.082970027439319880E-16, 0.0000000000000000000 ) ) ;
#5574 = DIRECTION ( 'NONE',  ( 0.0000000000000000000, 0.0000000000000000000, -1.000000000000000000 ) ) ;
#5575 = ADVANCED_FACE ( 'NONE', ( #11273 ), #9378, .T. ) ;
#5576 = LINE ( 'NONE', #7584, #4755 ) ;
#5577 = VERTEX_POINT ( 'NONE', #3075 ) ;
#5578 = VECTOR ( 'NONE', #758, 1000.000000000000000 ) ;
#5579 = ORIENTED_EDGE ( 'NONE', *, *, #2898, .T. ) ;
#5580 = PLANE ( 'NONE',  #7820 ) ;
#5581 = VERTEX_POINT ( 'NONE', #11339 ) ;
#5582 = DIRECTION ( 'NONE',  ( -0.0000000000000000000, 0.7071067811865461294, 0.7071067811865490160 ) ) ;
#5583 = DIRECTION ( 'NONE',  ( -0.0000000000000000000, 0.0000000000000000000, 1.000000000000000000 ) ) ;
#5584 = CIRCLE ( 'NONE', #10916, 0.02000000000000005246 ) ;
#5585 = AXIS2_PLACEMENT_3D ( 'NONE', #6991, #10625, #8851 ) ;
#5586 = ADVANCED_FACE ( 'NONE', ( #10317 ), #9437, .T. ) ;
#5587 = LINE ( 'NONE', #5823, #9697 ) ;
#5588 = ORIENTED_EDGE ( 'NONE', *, *, #4373, .F. ) ;
#5589 = ADVANCED_FACE ( 'NONE', ( #5911 ), #4903, .F. ) ;
#5590 = ORIENTED_EDGE ( 'NONE', *, *, #6072, .F. ) ;
#5591 = FILL_AREA_STYLE_COLOUR ( '', #11321 ) ;
#5592 = VECTOR ( 'NONE', #1151, 1000.000000000000000 ) ;
#5593 = ORIENTED_EDGE ( 'NONE', *, *, #3994, .F. ) ;
#5594 = VECTOR ( 'NONE', #8757, 1000.000000000000000 ) ;
#5595 = DIRECTION ( 'NONE',  ( -0.0000000000000000000, 1.000000000000000000, 0.0000000000000000000 ) ) ;
#5596 = DIRECTION ( 'NONE',  ( -1.000000000000000000, 2.082970027439319880E-16, 1.156280642033610094E-31 ) ) ;
#5597 = ADVANCED_FACE ( 'NONE', ( #205 ), #11102, .T. ) ;
#5598 = ORIENTED_EDGE ( 'NONE', *, *, #9738, .T. ) ;
#5599 = EDGE_LOOP ( 'NONE', ( #2262, #7013, #3716, #8017 ) ) ;
#5600 = CIRCLE ( 'NONE', #8252, 0.4800000000000000933 ) ;
#5601 = AXIS2_PLACEMENT_3D ( 'NONE', #1369, #7726, #468 ) ;
#5602 = AXIS2_PLACEMENT_3D ( 'NONE', #5106, #8741, #7065 ) ;
#5603 = CARTESIAN_POINT ( 'NONE',  ( 0.4050000000000000266, 0.4049999999999998601, 4.799999999999999822 ) ) ;
#5604 = EDGE_CURVE ( 'NONE', #4632, #2766, #3187, .T. ) ;
#5605 = DIRECTION ( 'NONE',  ( 0.0000000000000000000, 0.0000000000000000000, 1.000000000000000000 ) ) ;
#5606 = LINE ( 'NONE', #9179, #10354 ) ;
#5607 = PLANE ( 'NONE',  #1109 ) ;
#5608 = VERTEX_POINT ( 'NONE', #4259 ) ;
#5609 = CARTESIAN_POINT ( 'NONE',  ( -3.174999999999999822, 2.500000000000000000, 0.5999999999999999778 ) ) ;
#5610 = LINE ( 'NONE', #7335, #1343 ) ;
#5611 = VECTOR ( 'NONE', #4123, 1000.000000000000000 ) ;
#5612 = AXIS2_PLACEMENT_3D ( 'NONE', #2515, #5306, #8761 ) ;
#5613 = VECTOR ( 'NONE', #2647, 1000.000000000000000 ) ;
#5614 = PLANE ( 'NONE',  #5632 ) ;
#5615 = DIRECTION ( 'NONE',  ( 0.0000000000000000000, -1.000000000000000000, -0.0000000000000000000 ) ) ;
#5616 = ORIENTED_EDGE ( 'NONE', *, *, #5604, .T. ) ;
#5617 = EDGE_CURVE ( 'NONE', #3096, #9610, #7879, .T. ) ;
#5618 = VECTOR ( 'NONE', #7351, 1000.000000000000000 ) ;
#5619 = CARTESIAN_POINT ( 'NONE',  ( -5.945000000000000284, -0.8850000000000000089, 0.4800000000000009814 ) ) ;
#5620 = COLOUR_RGB ( '',0.6980392156862744724, 0.5490196078431373028, 0.003921568627450980338 ) ;
#5621 = DIRECTION ( 'NONE',  ( -0.0000000000000000000, 1.000000000000000000, 0.0000000000000000000 ) ) ;
#5622 = DIRECTION ( 'NONE',  ( -1.000000000000000000, -1.129587379705449996E-16, 0.0000000000000000000 ) ) ;
#5623 = ORIENTED_EDGE ( 'NONE', *, *, #2901, .T. ) ;
#5624 = LINE ( 'NONE', #6614, #4096 ) ;
#5625 = FACE_OUTER_BOUND ( 'NONE', #4872, .T. ) ;
#5626 = DIRECTION ( 'NONE',  ( -0.7071067811865461294, 0.7071067811865490160, -4.329780281177481220E-17 ) ) ;
#5627 = ORIENTED_EDGE ( 'NONE', *, *, #4924, .F. ) ;
#5628 = DIRECTION ( 'NONE',  ( 0.0000000000000000000, -1.000000000000000000, 0.0000000000000000000 ) ) ;
#5629 = FACE_OUTER_BOUND ( 'NONE', #6296, .T. ) ;
#5630 = DIRECTION ( 'NONE',  ( -1.000000000000000000, 0.0000000000000000000, 2.099659365964729900E-16 ) ) ;
#5631 = ORIENTED_EDGE ( 'NONE', *, *, #3693, .F. ) ;
#5632 = AXIS2_PLACEMENT_3D ( 'NONE', #3708, #10974, #5667 ) ;
#5633 = DIRECTION ( 'NONE',  ( 0.0000000000000000000, -8.915067114227699459E-17, 1.000000000000000000 ) ) ;
#5634 = ADVANCED_FACE ( 'NONE', ( #5207 ), #1462, .F. ) ;
#5635 = DIRECTION ( 'NONE',  ( 2.082970027439319880E-16, -1.000000000000000000, 6.123233995736769734E-17 ) ) ;
#5636 = DIRECTION ( 'NONE',  ( 1.000000000000000000, 0.0000000000000000000, 0.0000000000000000000 ) ) ;
#5637 = LINE ( 'NONE', #3905, #3808 ) ;
#5638 = ORIENTED_EDGE ( 'NONE', *, *, #892, .T. ) ;
#5639 = CARTESIAN_POINT ( 'NONE',  ( -1.775000000000000133, 3.299999999999999378, 0.3600000000000009304 ) ) ;
#5640 = VECTOR ( 'NONE', #10157, 1000.000000000000000 ) ;
#5641 = CARTESIAN_POINT ( 'NONE',  ( 0.9350000000000000533, -2.500000000000000000, 0.5999999999999999778 ) ) ;
#5642 = FACE_OUTER_BOUND ( 'NONE', #6561, .T. ) ;
#5643 = EDGE_LOOP ( 'NONE', ( #7790, #5937, #590, #6070 ) ) ;
#5644 = DIRECTION ( 'NONE',  ( -0.7071067811865441310, 0.7071067811865510144, 4.329780281177489848E-17 ) ) ;
#5645 = ORIENTED_EDGE ( 'NONE', *, *, #5367, .F. ) ;
#5646 = CARTESIAN_POINT ( 'NONE',  ( -0.4050000000000000266, 3.200000000000000178, 4.900000000000000355 ) ) ;
#5647 = DIRECTION ( 'NONE',  ( 0.0000000000000000000, -0.7071067811865461294, 0.7071067811865490160 ) ) ;
#5648 = EDGE_CURVE ( 'NONE', #10473, #8158, #11460, .T. ) ;
#5649 = LINE ( 'NONE', #4752, #5980 ) ;
#5650 = ORIENTED_EDGE ( 'NONE', *, *, #5878, .T. ) ;
#5651 = CARTESIAN_POINT ( 'NONE',  ( 2.875000000000000000, 2.499999999999999112, 0.2999999999999999889 ) ) ;
#5652 = CARTESIAN_POINT ( 'NONE',  ( -5.415000000000000924, -2.500000000000000000, 0.2999999999999999889 ) ) ;
#5653 = ORIENTED_EDGE ( 'NONE', *, *, #10591, .T. ) ;
#5654 = DIRECTION ( 'NONE',  ( 0.0000000000000000000, -0.7071067811865489050, -0.7071067811865460184 ) ) ;
#5655 = ORIENTED_EDGE ( 'NONE', *, *, #2380, .F. ) ;
#5656 = CARTESIAN_POINT ( 'NONE',  ( -9.449999999999999289, -2.500000000000000000, 0.2999999999999999889 ) ) ;
#5657 = ADVANCED_FACE ( 'NONE', ( #3251 ), #6861, .F. ) ;
#5658 = ORIENTED_EDGE ( 'NONE', *, *, #2380, .T. ) ;
#5659 = VECTOR ( 'NONE', #2344, 1000.000000000000000 ) ;
#5660 = FACE_OUTER_BOUND ( 'NONE', #1870, .T. ) ;
#5661 = PLANE ( 'NONE',  #5205 ) ;
#5662 = CARTESIAN_POINT ( 'NONE',  ( 2.944999999999999840, 0.4049999999999998046, 0.4800000000000010369 ) ) ;
#5663 = DIRECTION ( 'NONE',  ( 0.5773502691896250649, 0.5773502691896250649, 0.5773502691896272854 ) ) ;
#5664 = ADVANCED_FACE ( 'NONE', ( #2477 ), #684, .T. ) ;
#5665 = DIRECTION ( 'NONE',  ( 0.5773502691896280625, -0.5773502691896212902, 0.5773502691896280625 ) ) ;
#5666 = DIRECTION ( 'NONE',  ( 0.0000000000000000000, 0.0000000000000000000, -1.000000000000000000 ) ) ;
#5667 = DIRECTION ( 'NONE',  ( 0.0000000000000000000, 0.7071067811865489050, 0.7071067811865460184 ) ) ;
#5668 = CARTESIAN_POINT ( 'NONE',  ( 3.044999999999999929, 3.299999999999999822, 0.3600000000000010414 ) ) ;
#5669 = EDGE_CURVE ( 'NONE', #6944, #2499, #7818, .T. ) ;
#5670 = EDGE_LOOP ( 'NONE', ( #9914, #3629, #1364, #10976 ) ) ;
#5671 = AXIS2_PLACEMENT_3D ( 'NONE', #5303, #3223, #530 ) ;
#5672 = DIRECTION ( 'NONE',  ( -1.000000000000000000, 0.0000000000000000000, -0.0000000000000000000 ) ) ;
#5673 = CARTESIAN_POINT ( 'NONE',  ( 0.8649999999999999911, 0.4050000000000000266, 4.900000000000000355 ) ) ;
#5674 = EDGE_LOOP ( 'NONE', ( #5281, #5183, #4452, #3385 ) ) ;
#5675 = DIRECTION ( 'NONE',  ( 0.7071067811865489050, 0.0000000000000000000, 0.7071067811865460184 ) ) ;
#5676 = PLANE ( 'NONE',  #4645 ) ;
#5677 = DIRECTION ( 'NONE',  ( 1.953503796022424979E-47, -1.000000000000000000, 9.303908184768099600E-32 ) ) ;
#5678 = EDGE_CURVE ( 'NONE', #6992, #7011, #7043, .T. ) ;
#5679 = ORIENTED_EDGE ( 'NONE', *, *, #1080, .T. ) ;
#5680 = DIRECTION ( 'NONE',  ( -1.000000000000000000, -0.0000000000000000000, 0.0000000000000000000 ) ) ;
#5681 = DIRECTION ( 'NONE',  ( 0.0000000000000000000, 0.0000000000000000000, 1.000000000000000000 ) ) ;
#5682 = CARTESIAN_POINT ( 'NONE',  ( -3.405000000000000249, -0.8649999999999999911, 4.799999999999999822 ) ) ;
#5683 = EDGE_CURVE ( 'NONE', #10279, #2499, #11401, .T. ) ;
#5684 = ORIENTED_EDGE ( 'NONE', *, *, #567, .T. ) ;
#5685 = CARTESIAN_POINT ( 'NONE',  ( 4.214999999999999858, -0.8649999999999999911, 4.900000000000000355 ) ) ;
#5686 = DIRECTION ( 'NONE',  ( -0.0000000000000000000, 0.7071067811865470176, 0.7071067811865480168 ) ) ;
#5687 = FACE_OUTER_BOUND ( 'NONE', #5332, .T. ) ;
#5688 = DIRECTION ( 'NONE',  ( -2.957565607266179811E-16, 0.7071067811865490160, -0.7071067811865461294 ) ) ;
#5689 = ORIENTED_EDGE ( 'NONE', *, *, #9224, .T. ) ;
#5690 = FACE_OUTER_BOUND ( 'NONE', #6061, .T. ) ;
#5691 = CARTESIAN_POINT ( 'NONE',  ( 2.134999999999999787, 0.8850000000000000089, 7.632783294297950229E-16 ) ) ;
#5692 = DIRECTION ( 'NONE',  ( 0.0000000000000000000, 0.0000000000000000000, 1.000000000000000000 ) ) ;
#5693 = EDGE_CURVE ( 'NONE', #11621, #10267, #6144, .T. ) ;
#5694 = VERTEX_POINT ( 'NONE', #8787 ) ;
#5695 = VECTOR ( 'NONE', #7766, 1000.000000000000000 ) ;
#5696 = PLANE ( 'NONE',  #5735 ) ;
#5697 = ORIENTED_EDGE ( 'NONE', *, *, #743, .F. ) ;
#5698 = CARTESIAN_POINT ( 'NONE',  ( -4.214999999999999858, -0.8850000000000000089, 7.632783294297950229E-16 ) ) ;
#5699 = CARTESIAN_POINT ( 'NONE',  ( -5.714999999999999858, 0.8850000000000000089, 0.4800000000000009814 ) ) ;
#5700 = ORIENTED_EDGE ( 'NONE', *, *, #10572, .T. ) ;
#5701 = VECTOR ( 'NONE', #8921, 1000.000000000000000 ) ;
#5702 = CARTESIAN_POINT ( 'NONE',  ( 1.675000000000000044, -0.8850000000000000089, 0.4600000000000010747 ) ) ;
#5703 = CARTESIAN_POINT ( 'NONE',  ( 5.945000000000000284, -0.4049999999999996381, 0.4800000000000012590 ) ) ;
#5704 = ORIENTED_EDGE ( 'NONE', *, *, #3664, .F. ) ;
#5705 = AXIS2_PLACEMENT_3D ( 'NONE', #7484, #3920, #2977 ) ;
#5706 = ORIENTED_EDGE ( 'NONE', *, *, #5678, .F. ) ;
#5707 = DIRECTION ( 'NONE',  ( 0.0000000000000000000, 0.0000000000000000000, 1.000000000000000000 ) ) ;
#5708 = ORIENTED_EDGE ( 'NONE', *, *, #11506, .F. ) ;
#5709 = LINE ( 'NONE', #6828, #8195 ) ;
#5710 = CARTESIAN_POINT ( 'NONE',  ( 0.5049999999999990052, 3.299999999999999822, 0.3600000000000010414 ) ) ;
#5711 = AXIS2_PLACEMENT_3D ( 'NONE', #4782, #9368, #3778 ) ;
#5712 = ORIENTED_EDGE ( 'NONE', *, *, #52, .T. ) ;
#5713 = CARTESIAN_POINT ( 'NONE',  ( -9.449999999999999289, -2.500000000000000000, 0.2999999999999999889 ) ) ;
#5714 = ORIENTED_EDGE ( 'NONE', *, *, #11546, .F. ) ;
#5715 = EDGE_CURVE ( 'NONE', #2669, #5124, #10683, .T. ) ;
#5716 = VECTOR ( 'NONE', #11145, 1000.000000000000000 ) ;
#5717 = DIRECTION ( 'NONE',  ( 0.0000000000000000000, 1.000000000000000000, -8.915067114227699459E-17 ) ) ;
#5718 = EDGE_CURVE ( 'NONE', #7550, #6423, #9545, .T. ) ;
#5719 = DIRECTION ( 'NONE',  ( -1.665334536937729880E-16, 1.000000000000000000, -0.0000000000000000000 ) ) ;
#5720 = CARTESIAN_POINT ( 'NONE',  ( -2.944999999999999840, 3.200000000000000178, 4.900000000000000355 ) ) ;
#5721 = DIRECTION ( 'NONE',  ( 1.000000000000000000, -0.0000000000000000000, -2.099659365964729900E-16 ) ) ;
#5722 = FACE_OUTER_BOUND ( 'NONE', #2823, .T. ) ;
#5723 = FACE_OUTER_BOUND ( 'NONE', #6254, .T. ) ;
#5724 = SURFACE_STYLE_FILL_AREA ( #10186 ) ;
#5725 = AXIS2_PLACEMENT_3D ( 'NONE', #10171, #2754, #6479 ) ;
#5726 = VERTEX_POINT ( 'NONE', #5023 ) ;
#5727 = CARTESIAN_POINT ( 'NONE',  ( -4.214999999999999858, 0.8649999999999999911, 8.673617379884035472E-16 ) ) ;
#5728 = ORIENTED_EDGE ( 'NONE', *, *, #6543, .F. ) ;
#5729 = ADVANCED_FACE ( 'NONE', ( #8662 ), #5975, .F. ) ;
#5730 = CARTESIAN_POINT ( 'NONE',  ( 3.475000000000000533, 2.499999999999999556, 0.5999999999999999778 ) ) ;
#5731 = DIRECTION ( 'NONE',  ( -0.5773502691896261751, 0.5773502691896242878, -0.5773502691896268413 ) ) ;
#5732 = DIRECTION ( 'NONE',  ( 1.000000000000000000, 2.082970027439319880E-16, -1.156280642033610094E-31 ) ) ;
#5733 = ORIENTED_EDGE ( 'NONE', *, *, #1900, .F. ) ;
#5734 = FACE_OUTER_BOUND ( 'NONE', #3063, .T. ) ;
#5735 = AXIS2_PLACEMENT_3D ( 'NONE', #8783, #4804, #11397 ) ;
#5736 = LINE ( 'NONE', #10199, #9881 ) ;
#5737 = DIRECTION ( 'NONE',  ( 0.0000000000000000000, -1.000000000000000000, 0.0000000000000000000 ) ) ;
#5738 = VERTEX_POINT ( 'NONE', #4136 ) ;
#5739 = DIRECTION ( 'NONE',  ( -0.0000000000000000000, -0.0000000000000000000, -1.000000000000000000 ) ) ;
#5740 = DIRECTION ( 'NONE',  ( 0.0000000000000000000, -0.7071067811865460184, 0.7071067811865489050 ) ) ;
#5741 = ORIENTED_EDGE ( 'NONE', *, *, #120, .F. ) ;
#5742 = EDGE_CURVE ( 'NONE', #5414, #3037, #9608, .T. ) ;
#5743 = MECHANICAL_DESIGN_GEOMETRIC_PRESENTATION_REPRESENTATION (  '', ( #226 ), #1378 ) ;
#5744 = FACE_OUTER_BOUND ( 'NONE', #1620, .T. ) ;
#5745 = UNCERTAINTY_MEASURE_WITH_UNIT (LENGTH_MEASURE( 1.000000000000000082E-05 ), #3294, 'distance_accuracy_value', 'NONE');
#5746 = DIRECTION ( 'NONE',  ( 0.7071067811865461294, 0.0000000000000000000, -0.7071067811865490160 ) ) ;
#5747 = ORIENTED_EDGE ( 'NONE', *, *, #6141, .F. ) ;
#5748 = ADVANCED_FACE ( 'NONE', ( #8571 ), #3106, .F. ) ;
#5749 = FACE_OUTER_BOUND ( 'NONE', #2703, .T. ) ;
#5750 = PLANE ( 'NONE',  #6143 ) ;
#5751 = DIRECTION ( 'NONE',  ( -0.5773502691896224004, -0.5773502691896273964, 0.5773502691896273964 ) ) ;
#5752 = FACE_OUTER_BOUND ( 'NONE', #10322, .T. ) ;
#5753 = ORIENTED_EDGE ( 'NONE', *, *, #993, .F. ) ;
#5754 = AXIS2_PLACEMENT_3D ( 'NONE', #10045, #3624, #6416 ) ;
#5755 = ORIENTED_EDGE ( 'NONE', *, *, #10238, .T. ) ;
#5756 = LINE ( 'NONE', #11287, #8103 ) ;
#5757 = CYLINDRICAL_SURFACE ( 'NONE', #10504, 0.02000000000000005246 ) ;
#5758 = ORIENTED_EDGE ( 'NONE', *, *, #2104, .F. ) ;
#5759 = ADVANCED_FACE ( 'NONE', ( #10481 ), #4827, .T. ) ;
#5760 = AXIS2_PLACEMENT_3D ( 'NONE', #5461, #4685, #7177 ) ;
#5761 = DIRECTION ( 'NONE',  ( 0.0000000000000000000, 1.000000000000000000, 0.0000000000000000000 ) ) ;
#5762 = LINE ( 'NONE', #5703, #10455 ) ;
#5763 = EDGE_LOOP ( 'NONE', ( #10696, #10823, #5623, #4520 ) ) ;
#5764 = ADVANCED_FACE ( 'NONE', ( #9583 ), #4936, .F. ) ;
#5765 = ORIENTED_EDGE ( 'NONE', *, *, #9099, .F. ) ;
#5766 = CARTESIAN_POINT ( 'NONE',  ( -0.4050000000000000266, -3.200000000000000178, 0.4600000000000010192 ) ) ;
#5767 = DIRECTION ( 'NONE',  ( 7.987388961324640292E-17, -0.7071067811865480168, 0.7071067811865470176 ) ) ;
#5768 = VECTOR ( 'NONE', #412, 1000.000000000000000 ) ;
#5769 = DIRECTION ( 'NONE',  ( 0.0000000000000000000, -0.7071067811865460184, 0.7071067811865489050 ) ) ;
#5770 = ORIENTED_EDGE ( 'NONE', *, *, #6463, .F. ) ;
#5771 = ADVANCED_FACE ( 'NONE', ( #2994 ), #1437, .T. ) ;
#5772 = ORIENTED_EDGE ( 'NONE', *, *, #10319, .F. ) ;
#5773 = AXIS2_PLACEMENT_3D ( 'NONE', #2470, #9658, #8652 ) ;
#5774 = VECTOR ( 'NONE', #6641, 1000.000000000000000 ) ;
#5775 = PLANE ( 'NONE',  #640 ) ;
#5776 = CARTESIAN_POINT ( 'NONE',  ( -2.084999999999999964, 0.5200000000000000178, 4.850000000000000533 ) ) ;
#5777 = LINE ( 'NONE', #2213, #1970 ) ;
#5778 = CARTESIAN_POINT ( 'NONE',  ( -0.8649999999999999911, 3.200000000000000178, 6.684615519032471724E-16 ) ) ;
#5779 = VERTEX_POINT ( 'NONE', #2150 ) ;
#5780 = CARTESIAN_POINT ( 'NONE',  ( -5.485000000000000320, 0.4050000000000000822, 0.4800000000000010369 ) ) ;
#5781 = ORIENTED_EDGE ( 'NONE', *, *, #9867, .T. ) ;
#5782 = FILL_AREA_STYLE_COLOUR ( '', #8213 ) ;
#5783 = VECTOR ( 'NONE', #7575, 1000.000000000000114 ) ;
#5784 = VECTOR ( 'NONE', #1537, 1000.000000000000000 ) ;
#5785 = EDGE_CURVE ( 'NONE', #8729, #7905, #10297, .T. ) ;
#5786 = VECTOR ( 'NONE', #7885, 1000.000000000000000 ) ;
#5787 = EDGE_CURVE ( 'NONE', #10697, #5995, #5777, .T. ) ;
#5788 = ORIENTED_EDGE ( 'NONE', *, *, #2256, .F. ) ;
#5789 = CARTESIAN_POINT ( 'NONE',  ( 4.214999999999999858, 0.8850000000000000089, 0.4800000000000009814 ) ) ;
#5790 = ORIENTED_EDGE ( 'NONE', *, *, #567, .F. ) ;
#5791 = DIRECTION ( 'NONE',  ( -1.000000000000000000, 0.0000000000000000000, 2.099659365964729900E-16 ) ) ;
#5792 = VECTOR ( 'NONE', #9192, 1000.000000000000000 ) ;
#5793 = VECTOR ( 'NONE', #238, 1000.000000000000000 ) ;
#5794 = DIRECTION ( 'NONE',  ( 0.0000000000000000000, 0.0000000000000000000, 1.000000000000000000 ) ) ;
#5795 = CARTESIAN_POINT ( 'NONE',  ( -4.445000000000000284, 0.8850000000000000089, 0.4600000000000009637 ) ) ;
#5797 = AXIS2_PLACEMENT_3D ( 'NONE', #691, #9554, #7947 ) ;
#5796 = DIRECTION ( 'NONE',  ( 0.0000000000000000000, -1.000000000000000000, -0.0000000000000000000 ) ) ;
#5798 = LINE ( 'NONE', #495, #4591 ) ;
#5799 = FACE_OUTER_BOUND ( 'NONE', #3902, .T. ) ;
#5800 = ORIENTED_EDGE ( 'NONE', *, *, #10517, .F. ) ;
#5801 = EDGE_CURVE ( 'NONE', #7984, #825, #10417, .T. ) ;
#5802 = CARTESIAN_POINT ( 'NONE',  ( -5.844999999999999751, 3.299999999999999822, 0.3600000000000010414 ) ) ;
#5803 = EDGE_CURVE ( 'NONE', #8774, #6306, #4999, .T. ) ;
#5804 = VECTOR ( 'NONE', #6446, 1000.000000000000000 ) ;
#5805 = ORIENTED_EDGE ( 'NONE', *, *, #939, .T. ) ;
#5806 = CARTESIAN_POINT ( 'NONE',  ( -5.945000000000000284, -3.200000000000000178, 8.756513639243974154E-16 ) ) ;
#5807 = LINE ( 'NONE', #4797, #9510 ) ;
#5808 = ORIENTED_EDGE ( 'NONE', *, *, #7801, .T. ) ;
#5809 = CARTESIAN_POINT ( 'NONE',  ( -4.315000000000000391, 0.5050000000000001155, 4.900000000000000355 ) ) ;
#5810 = DIRECTION ( 'NONE',  ( -1.000000000000000000, 8.344669262702679687E-19, 8.344669262702645020E-19 ) ) ;
#5811 = CARTESIAN_POINT ( 'NONE',  ( -3.045000000000000373, -3.299999999999999378, 0.1000000000000008105 ) ) ;
#5812 = CARTESIAN_POINT ( 'NONE',  ( 2.612972599797700035E-15, 5.806605777328229749E-16, 0.2999999999999999889 ) ) ;
#5813 = AXIS2_PLACEMENT_3D ( 'NONE', #2954, #11041, #4900 ) ;
#5814 = VERTEX_POINT ( 'NONE', #9356 ) ;
#5815 = ADVANCED_FACE ( 'NONE', ( #3937 ), #9413, .F. ) ;
#5816 = ORIENTED_EDGE ( 'NONE', *, *, #2379, .T. ) ;
#5817 = LINE ( 'NONE', #5698, #8683 ) ;
#5818 = DIRECTION ( 'NONE',  ( -2.099659365964729900E-16, 9.303908184768099600E-32, -1.000000000000000000 ) ) ;
#5819 = ORIENTED_EDGE ( 'NONE', *, *, #8709, .T. ) ;
#5820 = EDGE_CURVE ( 'NONE', #11716, #3351, #2269, .T. ) ;
#5821 = VECTOR ( 'NONE', #4633, 999.9999999999998863 ) ;
#5822 = DIRECTION ( 'NONE',  ( -0.0000000000000000000, 1.000000000000000000, 8.915067114227699459E-17 ) ) ;
#5823 = CARTESIAN_POINT ( 'NONE',  ( 0.8649999999999999911, 3.200000000000000178, 7.632783294297948257E-16 ) ) ;
#5824 = ORIENTED_EDGE ( 'NONE', *, *, #8494, .T. ) ;
#5825 = DIRECTION ( 'NONE',  ( 1.000000000000000000, 2.082970027439319880E-16, -1.156280642033610094E-31 ) ) ;
#5826 = VERTEX_POINT ( 'NONE', #7612 ) ;
#5827 = ORIENTED_EDGE ( 'NONE', *, *, #7193, .F. ) ;
#5828 = ADVANCED_FACE ( 'NONE', ( #5888 ), #1373, .F. ) ;
#5829 = CARTESIAN_POINT ( 'NONE',  ( 0.4050000000000000266, 0.4050000000000000266, 4.799999999999999822 ) ) ;
#5830 = LINE ( 'NONE', #9350, #11259 ) ;
#5831 = EDGE_CURVE ( 'NONE', #4525, #9070, #8634, .T. ) ;
#5832 = ADVANCED_FACE ( 'NONE', ( #10359 ), #4043, .T. ) ;
#5833 = LINE ( 'NONE', #4930, #8112 ) ;
#5834 = VERTEX_POINT ( 'NONE', #239 ) ;
#5835 = ORIENTED_EDGE ( 'NONE', *, *, #9573, .T. ) ;
#5836 = DIRECTION ( 'NONE',  ( 0.0000000000000000000, 0.0000000000000000000, -1.000000000000000000 ) ) ;
#5837 = ORIENTED_EDGE ( 'NONE', *, *, #262, .T. ) ;
#5838 = DIRECTION ( 'NONE',  ( -1.000000000000000000, 0.0000000000000000000, -0.0000000000000000000 ) ) ;
#5839 = CARTESIAN_POINT ( 'NONE',  ( -0.8649999999999999911, 0.4049999999999998046, 0.4800000000000010369 ) ) ;
#5840 = EDGE_LOOP ( 'NONE', ( #9351, #3930, #8660, #3019 ) ) ;
#5841 = EDGE_CURVE ( 'NONE', #6957, #7730, #4114, .T. ) ;
#5842 = VERTEX_POINT ( 'NONE', #11048 ) ;
#5843 = CARTESIAN_POINT ( 'NONE',  ( -1.905000000000000027, 0.8850000000000000089, 0.4800000000000009814 ) ) ;
#5844 = LINE ( 'NONE', #1566, #2761 ) ;
#5845 = PLANE ( 'NONE',  #386 ) ;
#5846 = EDGE_LOOP ( 'NONE', ( #6617, #7347, #8152, #4805 ) ) ;
#5847 = FACE_OUTER_BOUND ( 'NONE', #10749, .T. ) ;
#5848 = AXIS2_PLACEMENT_3D ( 'NONE', #8396, #4828, #2881 ) ;
#5849 = PLANE ( 'NONE',  #9019 ) ;
#5850 = DIRECTION ( 'NONE',  ( 0.0000000000000000000, 1.000000000000000000, -0.0000000000000000000 ) ) ;
#5851 = ORIENTED_EDGE ( 'NONE', *, *, #5109, .T. ) ;
#5852 = LINE ( 'NONE', #1329, #9400 ) ;
#5853 = ADVANCED_FACE ( 'NONE', ( #5744 ), #267, .F. ) ;
#5854 = DIRECTION ( 'NONE',  ( -0.5773502691896258421, 0.5773502691896208461, 0.5773502691896308381 ) ) ;
#5855 = EDGE_LOOP ( 'NONE', ( #5283, #2085, #7039, #8833 ) ) ;
#5856 = CARTESIAN_POINT ( 'NONE',  ( -3.060000000000000053, -3.299999999999999822, 0.1000000000000008105 ) ) ;
#5857 = FACE_OUTER_BOUND ( 'NONE', #6142, .T. ) ;
#5858 = VERTEX_POINT ( 'NONE', #9439 ) ;
#5859 = CARTESIAN_POINT ( 'NONE',  ( 5.945000000000000284, -0.8849999999999998979, 8.673617379884035472E-16 ) ) ;
#5860 = CARTESIAN_POINT ( 'NONE',  ( 3.405000000000000249, 0.8649999999999999911, 4.900000000000000355 ) ) ;
#5861 = VERTEX_POINT ( 'NONE', #2959 ) ;
#5862 = DIRECTION ( 'NONE',  ( 0.5773502691896291728, -0.5773502691896240657, -0.5773502691896240657 ) ) ;
#5863 = PLANE ( 'NONE',  #7396 ) ;
#5864 = EDGE_CURVE ( 'NONE', #9652, #10599, #1218, .T. ) ;
#5865 = EDGE_CURVE ( 'NONE', #3351, #7497, #5954, .T. ) ;
#5866 = FACE_OUTER_BOUND ( 'NONE', #2690, .T. ) ;
#5867 = VERTEX_POINT ( 'NONE', #8307 ) ;
#5868 = ORIENTED_EDGE ( 'NONE', *, *, #8836, .T. ) ;
#5869 = PLANE ( 'NONE',  #7151 ) ;
#5870 = FACE_OUTER_BOUND ( 'NONE', #9582, .T. ) ;
#5871 = ORIENTED_EDGE ( 'NONE', *, *, #7899, .T. ) ;
#5872 = CARTESIAN_POINT ( 'NONE',  ( 2.944999999999999840, 3.200000000000000178, 0.4600000000000010747 ) ) ;
#5873 = FACE_OUTER_BOUND ( 'NONE', #3760, .T. ) ;
#5874 = ORIENTED_EDGE ( 'NONE', *, *, #9011, .F. ) ;
#5875 = VECTOR ( 'NONE', #6411, 1000.000000000000000 ) ;
#5876 = EDGE_LOOP ( 'NONE', ( #4749, #8557, #638, #6636 ) ) ;
#5877 = LINE ( 'NONE', #3158, #1633 ) ;
#5878 = EDGE_CURVE ( 'NONE', #4314, #4471, #11221, .T. ) ;
#5879 = FACE_OUTER_BOUND ( 'NONE', #10258, .T. ) ;
#5880 = SURFACE_STYLE_FILL_AREA ( #10350 ) ;
#5881 = PLANE ( 'NONE',  #2991 ) ;
#5882 = DIRECTION ( 'NONE',  ( -1.000000000000000000, 2.082970027439319880E-16, -0.0000000000000000000 ) ) ;
#5883 = CIRCLE ( 'NONE', #766, 0.4800000000000000933 ) ;
#5884 = VECTOR ( 'NONE', #3614, 1000.000000000000000 ) ;
#5885 = EDGE_CURVE ( 'NONE', #7953, #3811, #4736, .T. ) ;
#5886 = SURFACE_STYLE_FILL_AREA ( #299 ) ;
#5887 = EDGE_CURVE ( 'NONE', #7957, #3096, #152, .T. ) ;
#5888 = FACE_OUTER_BOUND ( 'NONE', #8138, .T. ) ;
#5889 = CARTESIAN_POINT ( 'NONE',  ( 2.612972599797700035E-15, -2.500000000000000000, 0.2999999999999999889 ) ) ;
#5890 = DIRECTION ( 'NONE',  ( 1.000000000000000000, 2.082970027439319880E-16, -1.156280642033610094E-31 ) ) ;
#5891 = DIRECTION ( 'NONE',  ( 0.5773502691896312822, -0.5773502691896247319, 0.5773502691896212902 ) ) ;
#5892 = AXIS2_PLACEMENT_3D ( 'NONE', #8364, #1944, #3843 ) ;
#5893 = CARTESIAN_POINT ( 'NONE',  ( -0.4050000000000000266, -0.8850000000000000089, 0.4800000000000009814 ) ) ;
#5894 = CARTESIAN_POINT ( 'NONE',  ( 2.220446049250309925E-15, 5.551115123125779744E-16, 2.100000000000000089 ) ) ;
#5895 = ORIENTED_EDGE ( 'NONE', *, *, #7341, .T. ) ;
#5896 = ADVANCED_FACE ( 'NONE', ( #1161 ), #10320, .T. ) ;
#5897 = VECTOR ( 'NONE', #9088, 1000.000000000000000 ) ;
#5898 = DIRECTION ( 'NONE',  ( 3.061616997868384251E-17, 3.061616997868414449E-17, 1.000000000000000000 ) ) ;
#5899 = DIRECTION ( 'NONE',  ( 2.099659365964729900E-16, 9.303908184768099600E-32, 1.000000000000000000 ) ) ;
#5900 = PLANE ( 'NONE',  #3455 ) ;
#5901 = VERTEX_POINT ( 'NONE', #206 ) ;
#5902 = PLANE ( 'NONE',  #8846 ) ;
#5903 = DIRECTION ( 'NONE',  ( -0.5773502691896255090, -0.5773502691896249539, -0.5773502691896267303 ) ) ;
#5904 = EDGE_LOOP ( 'NONE', ( #9984, #8027, #941, #10562 ) ) ;
#5905 = LINE ( 'NONE', #3068, #3533 ) ;
#5906 = CARTESIAN_POINT ( 'NONE',  ( 2.034999999999999698, 3.299999999999999378, 2.564999999999999947 ) ) ;
#5907 = AXIS2_PLACEMENT_3D ( 'NONE', #4986, #9461, #7494 ) ;
#5908 = CARTESIAN_POINT ( 'NONE',  ( 3.174999999999999822, 0.8850000000000000089, 0.4800000000000009814 ) ) ;
#5909 = DIRECTION ( 'NONE',  ( 0.0000000000000000000, 0.0000000000000000000, -1.000000000000000000 ) ) ;
#5910 = ORIENTED_EDGE ( 'NONE', *, *, #120, .T. ) ;
#5911 = FACE_OUTER_BOUND ( 'NONE', #11421, .T. ) ;
#5912 = EDGE_LOOP ( 'NONE', ( #730, #1323, #8734, #4852 ) ) ;
#5913 = CARTESIAN_POINT ( 'NONE',  ( 1.249999999999999778, 2.050000000040750336, 5.200000000000001066 ) ) ;
#5914 = VECTOR ( 'NONE', #7751, 1000.000000000000000 ) ;
#5915 = PLANE ( 'NONE',  #578 ) ;
#5916 = VERTEX_POINT ( 'NONE', #2002 ) ;
#5917 = CARTESIAN_POINT ( 'NONE',  ( -3.405000000000000249, -0.8850000000000000089, 0.4800000000000009814 ) ) ;
#5918 = DIRECTION ( 'NONE',  ( -1.000000000000000000, -0.0000000000000000000, 0.0000000000000000000 ) ) ;
#5919 = CARTESIAN_POINT ( 'NONE',  ( -0.3350000000000000200, -2.500000000000000000, 0.2999999999999999889 ) ) ;
#5920 = DIRECTION ( 'NONE',  ( 0.0000000000000000000, -1.000000000000000000, -0.0000000000000000000 ) ) ;
#5921 = VERTEX_POINT ( 'NONE', #7413 ) ;
#5922 = VERTEX_POINT ( 'NONE', #8363 ) ;
#5923 = DIRECTION ( 'NONE',  ( -0.0000000000000000000, 8.915067114227699459E-17, -1.000000000000000000 ) ) ;
#5924 = PRESENTATION_LAYER_ASSIGNMENT (  '', '', ( #226 ) ) ;
#5925 = FACE_OUTER_BOUND ( 'NONE', #7822, .T. ) ;
#5926 = ORIENTED_EDGE ( 'NONE', *, *, #9759, .T. ) ;
#5927 = ADVANCED_FACE ( 'NONE', ( #3731 ), #7527, .T. ) ;
#5928 = EDGE_CURVE ( 'NONE', #10002, #5291, #10264, .T. ) ;
#5929 = LINE ( 'NONE', #6763, #5017 ) ;
#5930 = DIRECTION ( 'NONE',  ( -1.275451288411719683E-32, -6.123233995736769734E-17, 1.000000000000000000 ) ) ;
#5931 = VERTEX_POINT ( 'NONE', #5806 ) ;
#5932 = DIRECTION ( 'NONE',  ( -1.000000000000000000, -0.0000000000000000000, 0.0000000000000000000 ) ) ;
#5933 = AXIS2_PLACEMENT_3D ( 'NONE', #2132, #1411, #9450 ) ;
#5934 = ORIENTED_EDGE ( 'NONE', *, *, #1216, .F. ) ;
#5935 = ORIENTED_EDGE ( 'NONE', *, *, #5263, .T. ) ;
#5936 = DIRECTION ( 'NONE',  ( 1.665334536937729880E-16, 1.000000000000000000, 0.0000000000000000000 ) ) ;
#5937 = ORIENTED_EDGE ( 'NONE', *, *, #3261, .T. ) ;
#5938 = PRESENTATION_STYLE_ASSIGNMENT (( #2318 ) ) ;
#5939 = DIRECTION ( 'NONE',  ( -2.099659365964729900E-16, -9.303908184768099600E-32, -1.000000000000000000 ) ) ;
#5940 = EDGE_CURVE ( 'NONE', #2240, #11399, #10141, .T. ) ;
#5941 = EDGE_LOOP ( 'NONE', ( #8617, #7168, #7019, #8815 ) ) ;
#5942 = AXIS2_PLACEMENT_3D ( 'NONE', #4960, #1276, #2173 ) ;
#5943 = ADVANCED_FACE ( 'NONE', ( #7356 ), #8241, .T. ) ;
#5944 = DIRECTION ( 'NONE',  ( -1.000000000000000000, 0.0000000000000000000, -0.0000000000000000000 ) ) ;
#5945 = ORIENTED_EDGE ( 'NONE', *, *, #2313, .F. ) ;
#5946 = LINE ( 'NONE', #9639, #5594 ) ;
#5947 = CARTESIAN_POINT ( 'NONE',  ( 2.944999999999999840, -0.8849999999999998979, 9.215718466126787689E-16 ) ) ;
#5948 = ORIENTED_EDGE ( 'NONE', *, *, #475, .T. ) ;
#5949 = ORIENTED_EDGE ( 'NONE', *, *, #6692, .F. ) ;
#5950 = SURFACE_STYLE_USAGE ( .BOTH. , #4935 ) ;
#5951 = DIRECTION ( 'NONE',  ( 0.0000000000000000000, 0.7071067811865461294, -0.7071067811865490160 ) ) ;
#5952 = EDGE_LOOP ( 'NONE', ( #2624, #6912, #7377, #5684 ) ) ;
#5953 = CARTESIAN_POINT ( 'NONE',  ( -4.445000000000000284, 0.8850000000000000089, 0.4800000000000009814 ) ) ;
#5954 = CIRCLE ( 'NONE', #10520, 0.4800000000000000933 ) ;
#5955 = PLANE ( 'NONE',  #10080 ) ;
#5956 = ADVANCED_FACE ( 'NONE', ( #5687 ), #2118, .F. ) ;
#5957 = CARTESIAN_POINT ( 'NONE',  ( -1.905000000000000027, 0.8850000000000000089, 0.4800000000000009814 ) ) ;
#5958 = EDGE_CURVE ( 'NONE', #11587, #9447, #10087, .T. ) ;
#5959 = ORIENTED_EDGE ( 'NONE', *, *, #6048, .F. ) ;
#5960 = VECTOR ( 'NONE', #5903, 1000.000000000000114 ) ;
#5961 = AXIS2_PLACEMENT_3D ( 'NONE', #3077, #6685, #6455 ) ;
#5962 = CYLINDRICAL_SURFACE ( 'NONE', #11685, 0.02000000000000005246 ) ;
#5963 = CARTESIAN_POINT ( 'NONE',  ( 4.675000000000000711, -0.8649999999999999911, 4.799999999999999822 ) ) ;
#5964 = ORIENTED_EDGE ( 'NONE', *, *, #5617, .F. ) ;
#5965 = DIRECTION ( 'NONE',  ( -1.000000000000000000, 2.082970027439319880E-16, -0.0000000000000000000 ) ) ;
#5966 = DIRECTION ( 'NONE',  ( 0.0000000000000000000, 0.0000000000000000000, 1.000000000000000000 ) ) ;
#5967 = CARTESIAN_POINT ( 'NONE',  ( -5.585000000000000853, 0.7500000000000000000, 4.899999999999999467 ) ) ;
#5968 = FACE_OUTER_BOUND ( 'NONE', #1453, .T. ) ;
#5969 = DIRECTION ( 'NONE',  ( -1.000000000000000000, -0.0000000000000000000, 0.0000000000000000000 ) ) ;
#5970 = VECTOR ( 'NONE', #6279, 1000.000000000000000 ) ;
#5971 = ADVANCED_FACE ( 'NONE', ( #7467 ), #11103, .T. ) ;
#5972 = CARTESIAN_POINT ( 'NONE',  ( 2.134999999999999787, -0.8649999999999997691, 0.4800000000000009814 ) ) ;
#5973 = CARTESIAN_POINT ( 'NONE',  ( -5.415000000000000924, -2.499999999999999556, 0.2999999999999999889 ) ) ;
#5974 = ORIENTED_EDGE ( 'NONE', *, *, #4447, .F. ) ;
#5975 = PLANE ( 'NONE',  #1200 ) ;
#5976 = ORIENTED_EDGE ( 'NONE', *, *, #5245, .T. ) ;
#5977 = LINE ( 'NONE', #4070, #3311 ) ;
#5978 = VECTOR ( 'NONE', #11144, 1000.000000000000000 ) ;
#5979 = AXIS2_PLACEMENT_3D ( 'NONE', #3521, #2636, #1734 ) ;
#5980 = VECTOR ( 'NONE', #8379, 999.9999999999998863 ) ;
#5981 = LINE ( 'NONE', #3137, #11042 ) ;
#5982 = ORIENTED_EDGE ( 'NONE', *, *, #7783, .F. ) ;
#5983 = DIRECTION ( 'NONE',  ( 1.000000000000000000, 0.0000000000000000000, -2.099659365964729900E-16 ) ) ;
#5984 = CYLINDRICAL_SURFACE ( 'NONE', #6171, 0.4800000000000000933 ) ;
#5985 = DIRECTION ( 'NONE',  ( -0.0000000000000000000, -0.0000000000000000000, -1.000000000000000000 ) ) ;
#5986 = ORIENTED_EDGE ( 'NONE', *, *, #10176, .T. ) ;
#5987 = ORIENTED_EDGE ( 'NONE', *, *, #9308, .F. ) ;
#5988 = VECTOR ( 'NONE', #4310, 1000.000000000000000 ) ;
#5989 = AXIS2_PLACEMENT_3D ( 'NONE', #6331, #579, #9967 ) ;
#5990 = DIRECTION ( 'NONE',  ( -0.5773502691896280625, -0.5773502691896236216, 0.5773502691896253980 ) ) ;
#5991 = CARTESIAN_POINT ( 'NONE',  ( -3.174999999999999822, 5.834701157014200095E-17, 0.5999999999999999778 ) ) ;
#5992 = ORIENTED_EDGE ( 'NONE', *, *, #9673, .F. ) ;
#5993 = PLANE ( 'NONE',  #5602 ) ;
#5994 = CARTESIAN_POINT ( 'NONE',  ( 5.945000000000000284, -0.8850000000000000089, 7.632783294297950229E-16 ) ) ;
#5995 = VERTEX_POINT ( 'NONE', #5859 ) ;
#5996 = AXIS2_PLACEMENT_3D ( 'NONE', #11689, #7888, #750 ) ;
#5997 = EDGE_LOOP ( 'NONE', ( #2171, #8989, #8702, #1153 ) ) ;
#5998 = EDGE_CURVE ( 'NONE', #1628, #8669, #2293, .T. ) ;
#5999 = DIRECTION ( 'NONE',  ( 0.0000000000000000000, -8.915067114227699459E-17, -1.000000000000000000 ) ) ;
#6000 = PLANE ( 'NONE',  #9435 ) ;
#6001 = VECTOR ( 'NONE', #7214, 1000.000000000000000 ) ;
#6002 = CARTESIAN_POINT ( 'NONE',  ( 4.675000000000000711, -0.4050000000000000266, 4.900000000000000355 ) ) ;
#6003 = VERTEX_POINT ( 'NONE', #11404 ) ;
#6004 = LINE ( 'NONE', #589, #4064 ) ;
#6005 = CARTESIAN_POINT ( 'NONE',  ( 1.675000000000000044, 0.8650000000000005462, 4.799999999999999822 ) ) ;
#6006 = ORIENTED_EDGE ( 'NONE', *, *, #10782, .F. ) ;
#6007 = ORIENTED_EDGE ( 'NONE', *, *, #9977, .T. ) ;
#6008 = DIRECTION ( 'NONE',  ( 1.000000000000000000, 0.0000000000000000000, -0.0000000000000000000 ) ) ;
#6009 = VECTOR ( 'NONE', #6942, 1000.000000000000000 ) ;
#6010 = FACE_OUTER_BOUND ( 'NONE', #7806, .T. ) ;
#6011 = DIRECTION ( 'NONE',  ( 1.000000000000000000, 0.0000000000000000000, -0.0000000000000000000 ) ) ;
#6012 = ORIENTED_EDGE ( 'NONE', *, *, #2466, .T. ) ;
#6013 = EDGE_CURVE ( 'NONE', #9886, #1274, #3254, .T. ) ;
#6014 = LINE ( 'NONE', #3525, #5548 ) ;
#6015 = DIRECTION ( 'NONE',  ( 1.000000000000000000, 0.0000000000000000000, -0.0000000000000000000 ) ) ;
#6016 = AXIS2_PLACEMENT_3D ( 'NONE', #1393, #4135, #7754 ) ;
#6017 = ORIENTED_EDGE ( 'NONE', *, *, #8667, .F. ) ;
#6018 = CARTESIAN_POINT ( 'NONE',  ( 1.790000000000000036, 3.250000000000000444, 0.4100000000000009748 ) ) ;
#6019 = ADVANCED_FACE ( 'NONE', ( #11342 ), #7634, .T. ) ;
#6020 = DIRECTION ( 'NONE',  ( -1.275451288411719683E-32, -6.123233995736769734E-17, 1.000000000000000000 ) ) ;
#6021 = CARTESIAN_POINT ( 'NONE',  ( -5.584999999999999964, -0.7649999999999995692, 4.900000000000000355 ) ) ;
#6022 = ORIENTED_EDGE ( 'NONE', *, *, #9720, .F. ) ;
#6023 = PLANE ( 'NONE',  #1980 ) ;
#6024 = DIRECTION ( 'NONE',  ( -0.5773502691896273964, 0.5773502691896224004, 0.5773502691896273964 ) ) ;
#6025 = CARTESIAN_POINT ( 'NONE',  ( 3.060000000000000053, -3.250000000000000444, 0.4100000000000009748 ) ) ;
#6026 = DIRECTION ( 'NONE',  ( 1.000000000000000000, -0.0000000000000000000, -2.099659365964729900E-16 ) ) ;
#6027 = ADVANCED_FACE ( 'NONE', ( #5089 ), #7759, .F. ) ;
#6028 = LINE ( 'NONE', #4130, #1538 ) ;
#6029 = PLANE ( 'NONE',  #4487 ) ;
#6030 = FACE_OUTER_BOUND ( 'NONE', #5855, .T. ) ;
#6031 = ORIENTED_EDGE ( 'NONE', *, *, #5192, .F. ) ;
#6032 = DIRECTION ( 'NONE',  ( 1.000000000000000000, 0.0000000000000000000, 0.0000000000000000000 ) ) ;
#6033 = VERTEX_POINT ( 'NONE', #1464 ) ;
#6034 = EDGE_CURVE ( 'NONE', #11614, #2635, #5977, .T. ) ;
#6035 = AXIS2_PLACEMENT_3D ( 'NONE', #7747, #11392, #6855 ) ;
#6036 = LINE ( 'NONE', #3378, #2685 ) ;
#6037 = ORIENTED_EDGE ( 'NONE', *, *, #66, .F. ) ;
#6038 = DIRECTION ( 'NONE',  ( -0.7071067811865461294, 0.0000000000000000000, 0.7071067811865490160 ) ) ;
#6039 = PLANE ( 'NONE',  #6740 ) ;
#6040 = CARTESIAN_POINT ( 'NONE',  ( 5.584999999999999964, 0.7649999999999996803, 4.900000000000000355 ) ) ;
#6041 = EDGE_CURVE ( 'NONE', #9447, #2442, #8727, .T. ) ;
#6042 = CARTESIAN_POINT ( 'NONE',  ( 5.485000000000000320, 0.8649999999999995470, 0.4800000000000011480 ) ) ;
#6043 = ORIENTED_EDGE ( 'NONE', *, *, #6514, .F. ) ;
#6044 = ORIENTED_EDGE ( 'NONE', *, *, #5683, .F. ) ;
#6045 = CYLINDRICAL_SURFACE ( 'NONE', #7713, 0.4800000000000000933 ) ;
#6046 = PLANE ( 'NONE',  #434 ) ;
#6047 = ORIENTED_EDGE ( 'NONE', *, *, #10980, .T. ) ;
#6048 = EDGE_CURVE ( 'NONE', #6819, #6654, #2420, .T. ) ;
#6049 = CARTESIAN_POINT ( 'NONE',  ( 3.044999999999999929, -3.299999999999999822, 2.564999999999999947 ) ) ;
#6050 = DIRECTION ( 'NONE',  ( -0.7071067811865489050, 0.0000000000000000000, -0.7071067811865460184 ) ) ;
#6051 = DIRECTION ( 'NONE',  ( -1.000000000000000000, 2.082970027439319880E-16, 1.156280642033610094E-31 ) ) ;
#6052 = VECTOR ( 'NONE', #9931, 999.9999999999998863 ) ;
#6053 = VERTEX_POINT ( 'NONE', #4261 ) ;
#6054 = DIRECTION ( 'NONE',  ( -1.000000000000000000, -2.349678358995040167E-16, 0.0000000000000000000 ) ) ;
#6055 = ORIENTED_EDGE ( 'NONE', *, *, #13, .T. ) ;
#6056 = CARTESIAN_POINT ( 'NONE',  ( -4.675000000000000711, -0.8649999999999999911, 4.900000000000000355 ) ) ;
#6057 = EDGE_LOOP ( 'NONE', ( #9183, #7156, #2373, #5043 ) ) ;
#6058 = CARTESIAN_POINT ( 'NONE',  ( -2.134999999999999787, -0.8649999999999999911, 0.4800000000000010369 ) ) ;
#6059 = EDGE_LOOP ( 'NONE', ( #5395, #1449, #10380, #8149 ) ) ;
#6060 = CARTESIAN_POINT ( 'NONE',  ( 9.449999999999999289, -2.499999999999997780, 0.2999999999999999889 ) ) ;
#6061 = EDGE_LOOP ( 'NONE', ( #10920, #2797, #1837, #8895 ) ) ;
#6062 = VERTEX_POINT ( 'NONE', #4905 ) ;
#6063 = CARTESIAN_POINT ( 'NONE',  ( -6.014999999999999680, 2.500000000000000000, 0.2999999999999999889 ) ) ;
#6064 = DIRECTION ( 'NONE',  ( 1.665334536937729880E-16, -1.000000000000000000, 0.0000000000000000000 ) ) ;
#6065 = VERTEX_POINT ( 'NONE', #5913 ) ;
#6066 = PLANE ( 'NONE',  #6478 ) ;
#6067 = ORIENTED_EDGE ( 'NONE', *, *, #4360, .F. ) ;
#6068 = VECTOR ( 'NONE', #8312, 1000.000000000000000 ) ;
#6069 = FILL_AREA_STYLE ('',( #10668 ) ) ;
#6070 = ORIENTED_EDGE ( 'NONE', *, *, #6374, .F. ) ;
#6071 = ORIENTED_EDGE ( 'NONE', *, *, #9180, .T. ) ;
#6072 = EDGE_CURVE ( 'NONE', #7655, #3267, #6749, .T. ) ;
#6073 = ADVANCED_FACE ( 'NONE', ( #6805 ), #6928, .F. ) ;
#6074 = DIRECTION ( 'NONE',  ( 0.0000000000000000000, -1.000000000000000000, 0.0000000000000000000 ) ) ;
#6075 = VECTOR ( 'NONE', #8796, 1000.000000000000000 ) ;
#6076 = CARTESIAN_POINT ( 'NONE',  ( -0.7650000000000003464, -3.299999999999999378, 0.1000000000000010325 ) ) ;
#6077 = LINE ( 'NONE', #1690, #839 ) ;
#6078 = VECTOR ( 'NONE', #2196, 1000.000000000000000 ) ;
#6079 = CARTESIAN_POINT ( 'NONE',  ( 5.714999999999999858, -0.8649999999999999911, 0.4800000000000009814 ) ) ;
#6080 = LINE ( 'NONE', #10907, #2826 ) ;
#6081 = VERTEX_POINT ( 'NONE', #9669 ) ;
#6082 = CARTESIAN_POINT ( 'NONE',  ( -4.445000000000000284, -0.8850000000000000089, 0.4800000000000009814 ) ) ;
#6083 = CARTESIAN_POINT ( 'NONE',  ( -4.330000000000000071, -3.299999999999999822, 0.1000000000000008105 ) ) ;
#6084 = CARTESIAN_POINT ( 'NONE',  ( 2.612972599797700035E-15, 2.500000000000000000, 0.2999999999999999889 ) ) ;
#6085 = ORIENTED_EDGE ( 'NONE', *, *, #1198, .F. ) ;
#6086 = CARTESIAN_POINT ( 'NONE',  ( -0.8149999999999999467, 0.5200000000000000178, 4.850000000000000533 ) ) ;
#6087 = VECTOR ( 'NONE', #6497, 1000.000000000000114 ) ;
#6088 = VERTEX_POINT ( 'NONE', #8789 ) ;
#6089 = DIRECTION ( 'NONE',  ( -1.000000000000000000, -2.082970027439319880E-16, 1.156280642033610094E-31 ) ) ;
#6090 = PLANE ( 'NONE',  #2180 ) ;
#6091 = CARTESIAN_POINT ( 'NONE',  ( 3.405000000000000249, 3.200000000000000178, 7.632783294297948257E-16 ) ) ;
#6092 = ORIENTED_EDGE ( 'NONE', *, *, #2857, .T. ) ;
#6093 = CARTESIAN_POINT ( 'NONE',  ( 3.354999999999999982, 3.250000000000000444, 2.564999999999999947 ) ) ;
#6094 = CARTESIAN_POINT ( 'NONE',  ( -3.405000000000000249, -0.4049999999999998601, 0.4800000000000011480 ) ) ;
#6095 = FACE_OUTER_BOUND ( 'NONE', #9311, .T. ) ;
#6096 = VECTOR ( 'NONE', #6547, 1000.000000000000000 ) ;
#6097 = CARTESIAN_POINT ( 'NONE',  ( 3.405000000000000249, 0.8850000000000000089, 0.4600000000000010747 ) ) ;
#6098 = ORIENTED_EDGE ( 'NONE', *, *, #3766, .F. ) ;
#6099 = ORIENTED_EDGE ( 'NONE', *, *, #1749, .F. ) ;
#6100 = LINE ( 'NONE', #5101, #3927 ) ;
#6101 = EDGE_CURVE ( 'NONE', #8690, #9035, #8666, .T. ) ;
#6102 = CARTESIAN_POINT ( 'NONE',  ( -1.250000000000000000, 2.500000000000000000, 2.100000000000000089 ) ) ;
#6103 = VECTOR ( 'NONE', #11188, 1000.000000000000000 ) ;
#6104 = ADVANCED_FACE ( 'NONE', ( #4012 ), #11275, .F. ) ;
#6105 = DIRECTION ( 'NONE',  ( 0.0000000000000000000, 0.7071067811865489050, -0.7071067811865460184 ) ) ;
#6106 = DIRECTION ( 'NONE',  ( -1.953503796022424979E-47, -1.000000000000000000, -9.303908184768099600E-32 ) ) ;
#6107 = FACE_OUTER_BOUND ( 'NONE', #8079, .T. ) ;
#6108 = ORIENTED_EDGE ( 'NONE', *, *, #4032, .T. ) ;
#6109 = ORIENTED_EDGE ( 'NONE', *, *, #5245, .F. ) ;
#6110 = AXIS2_PLACEMENT_3D ( 'NONE', #2011, #6286, #1780 ) ;
#6111 = CARTESIAN_POINT ( 'NONE',  ( -2.995000000000000107, -0.7500000000000000000, 4.850000000000000533 ) ) ;
#6112 = EDGE_CURVE ( 'NONE', #6062, #2072, #1337, .T. ) ;
#6113 = CARTESIAN_POINT ( 'NONE',  ( -5.945000000000000284, -0.4050000000000000266, 8.673617379884035472E-16 ) ) ;
#6114 = CARTESIAN_POINT ( 'NONE',  ( -1.675000000000000044, 3.200000000000000178, 0.4600000000000011302 ) ) ;
#6115 = EDGE_CURVE ( 'NONE', #8165, #593, #3190, .T. ) ;
#6116 = CARTESIAN_POINT ( 'NONE',  ( 1.774999999999999911, 3.299999999999999822, 0.2300000000000010092 ) ) ;
#6117 = VERTEX_POINT ( 'NONE', #5603 ) ;
#6118 = VECTOR ( 'NONE', #1965, 1000.000000000000000 ) ;
#6119 = CARTESIAN_POINT ( 'NONE',  ( -1.249999999999999778, 1.650000000010187318, 2.100000000000000089 ) ) ;
#6120 = VERTEX_POINT ( 'NONE', #8276 ) ;
#6121 = ORIENTED_EDGE ( 'NONE', *, *, #7701, .F. ) ;
#6122 = CARTESIAN_POINT ( 'NONE',  ( 4.214999999999999858, 0.4049999999999998601, 4.799999999999999822 ) ) ;
#6123 = DIRECTION ( 'NONE',  ( -0.7071067811865510144, -0.7071067811865441310, 0.0000000000000000000 ) ) ;
#6124 = EDGE_LOOP ( 'NONE', ( #11638, #1842, #2971, #6022 ) ) ;
#6125 = CARTESIAN_POINT ( 'NONE',  ( -1.675000000000000044, 0.8649999999999999911, 8.673617379884035472E-16 ) ) ;
#6126 = EDGE_CURVE ( 'NONE', #7058, #283, #799, .T. ) ;
#6127 = VECTOR ( 'NONE', #4578, 1000.000000000000000 ) ;
#6128 = SURFACE_SIDE_STYLE ('',( #2521 ) ) ;
#6129 = ORIENTED_EDGE ( 'NONE', *, *, #1236, .F. ) ;
#6130 = DIRECTION ( 'NONE',  ( 1.000000000000000000, -0.0000000000000000000, -2.099659365964729900E-16 ) ) ;
#6131 = AXIS2_PLACEMENT_3D ( 'NONE', #34, #8240, #8306 ) ;
#6132 = CARTESIAN_POINT ( 'NONE',  ( -2.944999999999999840, -0.4049999999999996381, 0.4800000000000011480 ) ) ;
#6133 = CARTESIAN_POINT ( 'NONE',  ( 0.8649999999999999911, 0.8649999999999999911, 4.900000000000000355 ) ) ;
#6134 = PLANE ( 'NONE',  #6523 ) ;
#6135 = DIRECTION ( 'NONE',  ( 1.000000000000000000, -0.0000000000000000000, 0.0000000000000000000 ) ) ;
#6136 = ORIENTED_EDGE ( 'NONE', *, *, #3664, .T. ) ;
#6137 = CARTESIAN_POINT ( 'NONE',  ( -3.405000000000000249, 0.8649999999999999911, 4.799999999999999822 ) ) ;
#6138 = LINE ( 'NONE', #8906, #9513 ) ;
#6139 = PLANE ( 'NONE',  #7909 ) ;
#6140 = DIRECTION ( 'NONE',  ( 0.0000000000000000000, 0.0000000000000000000, 1.000000000000000000 ) ) ;
#6141 = EDGE_CURVE ( 'NONE', #2499, #11425, #10745, .T. ) ;
#6142 = EDGE_LOOP ( 'NONE', ( #1170, #11345, #5824, #3157 ) ) ;
#6143 = AXIS2_PLACEMENT_3D ( 'NONE', #7471, #9330, #2965 ) ;
#6144 = LINE ( 'NONE', #5086, #8827 ) ;
#6145 = VERTEX_POINT ( 'NONE', #2930 ) ;
#6146 = DIRECTION ( 'NONE',  ( 1.665334536937729880E-16, -1.000000000000000000, 0.0000000000000000000 ) ) ;
#6147 = DIRECTION ( 'NONE',  ( 0.7071067811865461294, -0.0000000000000000000, 0.7071067811865490160 ) ) ;
#6148 = ORIENTED_EDGE ( 'NONE', *, *, #9304, .T. ) ;
#6149 = DIRECTION ( 'NONE',  ( 0.7071067811865441310, 0.7071067811865510144, -4.329780281177489848E-17 ) ) ;
#6150 = AXIS2_PLACEMENT_3D ( 'NONE', #6958, #6892, #11373 ) ;
#6151 = FACE_OUTER_BOUND ( 'NONE', #1955, .T. ) ;
#6152 = FACE_OUTER_BOUND ( 'NONE', #6124, .T. ) ;
#6153 = ORIENTED_EDGE ( 'NONE', *, *, #1069, .T. ) ;
#6154 = VECTOR ( 'NONE', #1759, 1000.000000000000000 ) ;
#6155 = LINE ( 'NONE', #4435, #5518 ) ;
#6156 = EDGE_CURVE ( 'NONE', #271, #7333, #4824, .T. ) ;
#6157 = EDGE_CURVE ( 'NONE', #2140, #11636, #5384, .T. ) ;
#6158 = VERTEX_POINT ( 'NONE', #9903 ) ;
#6159 = FACE_OUTER_BOUND ( 'NONE', #9638, .T. ) ;
#6160 = VECTOR ( 'NONE', #3537, 1000.000000000000000 ) ;
#6161 = AXIS2_PLACEMENT_3D ( 'NONE', #7009, #702, #6105 ) ;
#6162 = VECTOR ( 'NONE', #6164, 1000.000000000000000 ) ;
#6163 = CARTESIAN_POINT ( 'NONE',  ( -4.214999999999999858, -0.8649999999999999911, 4.799999999999999822 ) ) ;
#6164 = DIRECTION ( 'NONE',  ( 0.0000000000000000000, 1.000000000000000000, -0.0000000000000000000 ) ) ;
#6165 = CARTESIAN_POINT ( 'NONE',  ( 0.8649999999999999911, -0.4050000000000000266, 4.900000000000000355 ) ) ;
#6166 = ORIENTED_EDGE ( 'NONE', *, *, #5693, .T. ) ;
#6167 = EDGE_CURVE ( 'NONE', #7526, #8378, #1083, .T. ) ;
#6168 = CIRCLE ( 'NONE', #3528, 0.4800000000000000933 ) ;
#6169 = STYLED_ITEM ( 'NONE', ( #3049 ), #8566 ) ;
#6170 = VERTEX_POINT ( 'NONE', #8969 ) ;
#6171 = AXIS2_PLACEMENT_3D ( 'NONE', #9965, #9137, #87 ) ;
#6172 = EDGE_CURVE ( 'NONE', #2755, #1667, #3487, .T. ) ;
#6173 = PLANE ( 'NONE',  #788 ) ;
#6174 = LINE ( 'NONE', #585, #5256 ) ;
#6175 = CARTESIAN_POINT ( 'NONE',  ( -4.445000000000000284, -3.299999999999999822, 0.2300000000000010092 ) ) ;
#6176 = LINE ( 'NONE', #9110, #11165 ) ;
#6177 = PLANE ( 'NONE',  #5601 ) ;
#6178 = EDGE_LOOP ( 'NONE', ( #7253, #1347, #8481, #2052 ) ) ;
#6179 = VECTOR ( 'NONE', #690, 1000.000000000000000 ) ;
#6180 = VECTOR ( 'NONE', #6299, 1000.000000000000000 ) ;
#6181 = DIRECTION ( 'NONE',  ( -0.7071067811865489050, 0.0000000000000000000, 0.7071067811865460184 ) ) ;
#6182 =( NAMED_UNIT ( * ) SI_UNIT ( $, .STERADIAN. ) SOLID_ANGLE_UNIT ( ) );
#6183 = ORIENTED_EDGE ( 'NONE', *, *, #11573, .T. ) ;
#6184 = EDGE_CURVE ( 'NONE', #1237, #4856, #1702, .T. ) ;
#6185 = ORIENTED_EDGE ( 'NONE', *, *, #4005, .T. ) ;
#6186 = FACE_OUTER_BOUND ( 'NONE', #5488, .T. ) ;
#6187 = LINE ( 'NONE', #7976, #7569 ) ;
#6188 = VERTEX_POINT ( 'NONE', #9023 ) ;
#6189 = DIRECTION ( 'NONE',  ( -0.5773502691896296168, -0.5773502691896227335, -0.5773502691896247319 ) ) ;
#6190 = ADVANCED_FACE ( 'NONE', ( #125 ), #11019, .T. ) ;
#6191 = LINE ( 'NONE', #8945, #10858 ) ;
#6192 = VERTEX_POINT ( 'NONE', #8853 ) ;
#6193 = EDGE_CURVE ( 'NONE', #2434, #918, #4427, .T. ) ;
#6194 = VECTOR ( 'NONE', #5083, 1000.000000000000114 ) ;
#6195 =( NAMED_UNIT ( * ) SI_UNIT ( $, .STERADIAN. ) SOLID_ANGLE_UNIT ( ) );
#6196 = ORIENTED_EDGE ( 'NONE', *, *, #6582, .F. ) ;
#6197 = VERTEX_POINT ( 'NONE', #8333 ) ;
#6198 = AXIS2_PLACEMENT_3D ( 'NONE', #2739, #6352, #8194 ) ;
#6199 = DIRECTION ( 'NONE',  ( -0.0000000000000000000, -0.0000000000000000000, 1.000000000000000000 ) ) ;
#6200 = ADVANCED_FACE ( 'NONE', ( #7941 ), #3762, .T. ) ;
#6201 = PLANE ( 'NONE',  #11304 ) ;
#6202 = CARTESIAN_POINT ( 'NONE',  ( -4.315000000000000391, -3.299999999999999378, 0.3600000000000009859 ) ) ;
#6203 = DIRECTION ( 'NONE',  ( 1.000000000000000000, 0.0000000000000000000, -2.099659365964729900E-16 ) ) ;
#6204 = ORIENTED_EDGE ( 'NONE', *, *, #3710, .T. ) ;
#6205 = CARTESIAN_POINT ( 'NONE',  ( 2.944999999999999840, 0.8850000000000000089, 0.4600000000000009637 ) ) ;
#6206 = ADVANCED_FACE ( 'NONE', ( #2877 ), #7047, .F. ) ;
#6207 = CARTESIAN_POINT ( 'NONE',  ( -0.8649999999999999911, 3.200000000000000178, 0.4600000000000010747 ) ) ;
#6208 = LINE ( 'NONE', #6317, #4303 ) ;
#6209 = CARTESIAN_POINT ( 'NONE',  ( -4.214999999999999858, -0.8649999999999999911, 4.900000000000000355 ) ) ;
#6210 = ORIENTED_EDGE ( 'NONE', *, *, #3302, .F. ) ;
#6211 = VECTOR ( 'NONE', #5891, 1000.000000000000000 ) ;
#6212 = ORIENTED_EDGE ( 'NONE', *, *, #6797, .T. ) ;
#6213 = DIRECTION ( 'NONE',  ( 0.0000000000000000000, -8.915067114227699459E-17, -1.000000000000000000 ) ) ;
#6214 = EDGE_LOOP ( 'NONE', ( #2047, #2802, #5976, #6786 ) ) ;
#6215 = DIRECTION ( 'NONE',  ( -0.0000000000000000000, -8.915067114227699459E-17, 1.000000000000000000 ) ) ;
#6216 = CARTESIAN_POINT ( 'NONE',  ( 2.612972599797700035E-15, -2.500000000000000000, 0.2999999999999999889 ) ) ;
#6217 = DIRECTION ( 'NONE',  ( 0.0000000000000000000, -1.000000000000000000, -0.0000000000000000000 ) ) ;
#6218 = VERTEX_POINT ( 'NONE', #9783 ) ;
#6219 = CARTESIAN_POINT ( 'NONE',  ( 2.944999999999999840, 0.8850000000000000089, 8.598626602641727024E-16 ) ) ;
#6220 = VERTEX_POINT ( 'NONE', #11248 ) ;
#6221 = CARTESIAN_POINT ( 'NONE',  ( -5.945000000000000284, -0.8849999999999998979, 9.215718466126787689E-16 ) ) ;
#6222 = LINE ( 'NONE', #9854, #4629 ) ;
#6223 = DIRECTION ( 'NONE',  ( -0.5773502691896268413, -0.5773502691896242878, 0.5773502691896261751 ) ) ;
#6224 = ADVANCED_FACE ( 'NONE', ( #4822 ), #2087, .T. ) ;
#6225 = CARTESIAN_POINT ( 'NONE',  ( 2.612972599797700035E-15, -2.500000000000000000, 0.2999999999999999889 ) ) ;
#6226 = PLANE ( 'NONE',  #7988 ) ;
#6227 = ORIENTED_EDGE ( 'NONE', *, *, #10785, .T. ) ;
#6228 = ADVANCED_FACE ( 'NONE', ( #5660 ), #8567, .T. ) ;
#6229 = DIRECTION ( 'NONE',  ( 0.0000000000000000000, 0.0000000000000000000, 1.000000000000000000 ) ) ;
#6230 = ORIENTED_EDGE ( 'NONE', *, *, #5669, .T. ) ;
#6231 = DIRECTION ( 'NONE',  ( 0.0000000000000000000, 1.000000000000000000, 0.0000000000000000000 ) ) ;
#6232 = ORIENTED_EDGE ( 'NONE', *, *, #1197, .T. ) ;
#6233 = DIRECTION ( 'NONE',  ( 0.0000000000000000000, -1.000000000000000000, 0.0000000000000000000 ) ) ;
#6234 = CARTESIAN_POINT ( 'NONE',  ( -2.035000000000000142, 0.7649999999999996803, 4.900000000000000355 ) ) ;
#6235 = CARTESIAN_POINT ( 'NONE',  ( -0.8649999999999999911, -0.8850000000000000089, 0.4800000000000009814 ) ) ;
#6236 = ORIENTED_EDGE ( 'NONE', *, *, #2119, .F. ) ;
#6237 = CARTESIAN_POINT ( 'NONE',  ( 0.5050000000000000044, 0.5050000000000005596, 4.900000000000000355 ) ) ;
#6238 = ORIENTED_EDGE ( 'NONE', *, *, #11192, .T. ) ;
#6239 = ADVANCED_FACE ( 'NONE', ( #3103 ), #2210, .F. ) ;
#6240 = ORIENTED_EDGE ( 'NONE', *, *, #7077, .T. ) ;
#6241 = CARTESIAN_POINT ( 'NONE',  ( -1.249999999999999778, 2.499999999999999556, 2.100000000000000089 ) ) ;
#6242 = CARTESIAN_POINT ( 'NONE',  ( -1.905000000000000027, 3.299999999999999822, 0.2300000000000010092 ) ) ;
#6243 = ORIENTED_EDGE ( 'NONE', *, *, #769, .F. ) ;
#6244 = LINE ( 'NONE', #1622, #9347 ) ;
#6245 = ORIENTED_EDGE ( 'NONE', *, *, #2134, .T. ) ;
#6246 = EDGE_CURVE ( 'NONE', #6951, #8416, #4039, .T. ) ;
#6247 = VERTEX_POINT ( 'NONE', #9412 ) ;
#6248 = EDGE_CURVE ( 'NONE', #8584, #7407, #11312, .T. ) ;
#6249 = LINE ( 'NONE', #4242, #5988 ) ;
#6250 = CARTESIAN_POINT ( 'NONE',  ( -0.6350000000000000089, 0.8850000000000000089, 0.4600000000000009637 ) ) ;
#6251 = LINE ( 'NONE', #7154, #9580 ) ;
#6252 = DIRECTION ( 'NONE',  ( -0.7071067811865461294, 0.7071067811865490160, -4.329780281177481220E-17 ) ) ;
#6253 = DIRECTION ( 'NONE',  ( -1.000000000000000000, 0.0000000000000000000, -0.0000000000000000000 ) ) ;
#6254 = EDGE_LOOP ( 'NONE', ( #410, #1011, #3204, #1129, #5959, #573, #4030, #6210 ) ) ;
#6255 = LINE ( 'NONE', #11673, #6536 ) ;
#6256 = VECTOR ( 'NONE', #8762, 1000.000000000000000 ) ;
#6257 = CARTESIAN_POINT ( 'NONE',  ( 3.405000000000000249, -0.8850000000000000089, 7.632783294297950229E-16 ) ) ;
#6258 = DIRECTION ( 'NONE',  ( 0.0000000000000000000, 8.915067114227699459E-17, -1.000000000000000000 ) ) ;
#6259 = FACE_OUTER_BOUND ( 'NONE', #11704, .T. ) ;
#6260 = ORIENTED_EDGE ( 'NONE', *, *, #9300, .F. ) ;
#6261 = EDGE_CURVE ( 'NONE', #6831, #1384, #6777, .T. ) ;
#6262 = ORIENTED_EDGE ( 'NONE', *, *, #4395, .F. ) ;
#6263 = AXIS2_PLACEMENT_3D ( 'NONE', #4619, #8237, #256 ) ;
#6264 = EDGE_CURVE ( 'NONE', #9966, #706, #4997, .T. ) ;
#6265 = VECTOR ( 'NONE', #7714, 1000.000000000000000 ) ;
#6266 = CARTESIAN_POINT ( 'NONE',  ( -4.675000000000000711, -0.8850000000000000089, 0.4600000000000010192 ) ) ;
#6267 = CARTESIAN_POINT ( 'NONE',  ( -5.830000000000000071, -3.250000000000000444, 0.4100000000000009748 ) ) ;
#6268 = ORIENTED_EDGE ( 'NONE', *, *, #8708, .F. ) ;
#6269 = FACE_OUTER_BOUND ( 'NONE', #3028, .T. ) ;
#6270 = CARTESIAN_POINT ( 'NONE',  ( -2.875000000000000000, -2.500000000000000000, 0.2999999999999999889 ) ) ;
#6271 = ORIENTED_EDGE ( 'NONE', *, *, #1838, .T. ) ;
#6272 = CARTESIAN_POINT ( 'NONE',  ( 9.449999999999999289, 2.500000000000000000, 0.2999999999999999889 ) ) ;
#6273 = ORIENTED_EDGE ( 'NONE', *, *, #5299, .F. ) ;
#6274 = VECTOR ( 'NONE', #9905, 1000.000000000000000 ) ;
#6275 = ORIENTED_EDGE ( 'NONE', *, *, #3763, .T. ) ;
#6276 = CARTESIAN_POINT ( 'NONE',  ( 0.7649999999999994582, 0.5050000000000001155, 4.900000000000000355 ) ) ;
#6277 = EDGE_CURVE ( 'NONE', #1915, #2140, #7728, .T. ) ;
#6278 = CARTESIAN_POINT ( 'NONE',  ( 4.675000000000000711, 0.8850000000000000089, 0.4800000000000009814 ) ) ;
#6279 = DIRECTION ( 'NONE',  ( 1.000000000000000000, 2.082970027439319880E-16, -1.156280642033610094E-31 ) ) ;
#6280 = CARTESIAN_POINT ( 'NONE',  ( -0.8650000000000001021, 0.8850000000000000089, 8.636121991262880755E-16 ) ) ;
#6281 = CARTESIAN_POINT ( 'NONE',  ( 2.134999999999999787, -0.4050000000000000266, 4.900000000000000355 ) ) ;
#6282 = ORIENTED_EDGE ( 'NONE', *, *, #7617, .F. ) ;
#6283 = DIRECTION ( 'NONE',  ( -2.099659365964729900E-16, 9.303908184768099600E-32, -1.000000000000000000 ) ) ;
#6284 = FACE_OUTER_BOUND ( 'NONE', #8265, .T. ) ;
#6285 = ORIENTED_EDGE ( 'NONE', *, *, #744, .F. ) ;
#6286 = DIRECTION ( 'NONE',  ( -0.0000000000000000000, 0.7071067811865461294, 0.7071067811865490160 ) ) ;
#6287 = VERTEX_POINT ( 'NONE', #1131 ) ;
#6288 = PLANE ( 'NONE',  #5456 ) ;
#6289 = EDGE_CURVE ( 'NONE', #5922, #10021, #11136, .T. ) ;
#6290 = AXIS2_PLACEMENT_3D ( 'NONE', #10408, #10348, #1363 ) ;
#6291 = DIRECTION ( 'NONE',  ( 0.0000000000000000000, -0.7071067811865460184, 0.7071067811865489050 ) ) ;
#6292 = LINE ( 'NONE', #772, #10600 ) ;
#6293 = ORIENTED_EDGE ( 'NONE', *, *, #902, .F. ) ;
#6294 = DIRECTION ( 'NONE',  ( 1.000000000000000000, 0.0000000000000000000, -0.0000000000000000000 ) ) ;
#6295 = CARTESIAN_POINT ( 'NONE',  ( 0.7650000000000000133, -3.299999999999999378, 0.1000000000000008105 ) ) ;
#6296 = EDGE_LOOP ( 'NONE', ( #6166, #498, #7645, #6697 ) ) ;
#6297 = VECTOR ( 'NONE', #9280, 1000.000000000000000 ) ;
#6298 = ORIENTED_EDGE ( 'NONE', *, *, #5831, .F. ) ;
#6299 = DIRECTION ( 'NONE',  ( -1.000000000000000000, 0.0000000000000000000, 2.099659365964729900E-16 ) ) ;
#6300 = SURFACE_STYLE_FILL_AREA ( #7141 ) ;
#6301 = ORIENTED_EDGE ( 'NONE', *, *, #6377, .T. ) ;
#6302 = DIRECTION ( 'NONE',  ( 1.000000000000000000, -2.082970027439319880E-16, 0.0000000000000000000 ) ) ;
#6303 = EDGE_CURVE ( 'NONE', #5204, #467, #5946, .T. ) ;
#6304 = VERTEX_POINT ( 'NONE', #7018 ) ;
#6305 = EDGE_CURVE ( 'NONE', #8553, #11407, #10717, .T. ) ;
#6306 = VERTEX_POINT ( 'NONE', #7081 ) ;
#6307 = VECTOR ( 'NONE', #483, 1000.000000000000000 ) ;
#6308 = ORIENTED_EDGE ( 'NONE', *, *, #9493, .T. ) ;
#6309 = DIRECTION ( 'NONE',  ( 1.665334536937729880E-16, -1.000000000000000000, 0.0000000000000000000 ) ) ;
#6310 = DIRECTION ( 'NONE',  ( -1.000000000000000000, 8.344669262702679687E-19, 8.344669262702645020E-19 ) ) ;
#6311 = DIRECTION ( 'NONE',  ( -0.0000000000000000000, -0.0000000000000000000, 1.000000000000000000 ) ) ;
#6312 = LINE ( 'NONE', #9949, #2059 ) ;
#6313 = ORIENTED_EDGE ( 'NONE', *, *, #9177, .T. ) ;
#6314 = CARTESIAN_POINT ( 'NONE',  ( 3.354999999999999982, -0.7500000000000000000, 4.850000000000000533 ) ) ;
#6315 = AXIS2_PLACEMENT_3D ( 'NONE', #1899, #943, #8374 ) ;
#6316 = CARTESIAN_POINT ( 'NONE',  ( -3.405000000000000249, -0.4050000000000000266, 4.799999999999999822 ) ) ;
#6317 = CARTESIAN_POINT ( 'NONE',  ( -2.034999999999999698, -0.5200000000000000178, 4.899999999999999467 ) ) ;
#6318 = DIRECTION ( 'NONE',  ( -0.7071067811865489050, 0.0000000000000000000, -0.7071067811865460184 ) ) ;
#6319 = EDGE_CURVE ( 'NONE', #3309, #8692, #2511, .T. ) ;
#6320 = ORIENTED_EDGE ( 'NONE', *, *, #4042, .T. ) ;
#6321 = ORIENTED_EDGE ( 'NONE', *, *, #11762, .T. ) ;
#6322 = VECTOR ( 'NONE', #3916, 1000.000000000000000 ) ;
#6323 = PLANE ( 'NONE',  #7997 ) ;
#6324 = VERTEX_POINT ( 'NONE', #6119 ) ;
#6325 = FACE_OUTER_BOUND ( 'NONE', #3189, .T. ) ;
#6326 = APPLICATION_CONTEXT ( 'automotive_design' ) ;
#6327 = FACE_OUTER_BOUND ( 'NONE', #10228, .T. ) ;
#6328 = CARTESIAN_POINT ( 'NONE',  ( -8.600000000002909317, -1.650000000040749981, 2.100000000000000089 ) ) ;
#6329 = EDGE_CURVE ( 'NONE', #4334, #992, #1611, .T. ) ;
#6330 = EDGE_LOOP ( 'NONE', ( #6232, #5308, #5800, #1040 ) ) ;
#6331 = CARTESIAN_POINT ( 'NONE',  ( -3.354999999999999982, 0.5200000000000000178, 4.850000000000000533 ) ) ;
#6332 = DIRECTION ( 'NONE',  ( 0.0000000000000000000, -1.000000000000000000, 0.0000000000000000000 ) ) ;
#6333 = ORIENTED_EDGE ( 'NONE', *, *, #8724, .T. ) ;
#6334 = AXIS2_PLACEMENT_3D ( 'NONE', #6568, #7583, #6510 ) ;
#6335 = ADVANCED_FACE ( 'NONE', ( #9819 ), #6960, .T. ) ;
#6336 = ORIENTED_EDGE ( 'NONE', *, *, #4651, .T. ) ;
#6337 = ADVANCED_FACE ( 'NONE', ( #10536 ), #717, .F. ) ;
#6338 = CARTESIAN_POINT ( 'NONE',  ( -5.945000000000000284, 0.8850000000000000089, 0.4600000000000010192 ) ) ;
#6339 = CARTESIAN_POINT ( 'NONE',  ( -3.045000000000000373, 0.5050000000000000044, 4.899999999999999467 ) ) ;
#6340 = VECTOR ( 'NONE', #8470, 1000.000000000000000 ) ;
#6341 = VECTOR ( 'NONE', #7483, 1000.000000000000000 ) ;
#6342 = CARTESIAN_POINT ( 'NONE',  ( 3.475000000000000533, -2.499999999999999112, 0.2999999999999999889 ) ) ;
#6343 = VERTEX_POINT ( 'NONE', #9700 ) ;
#6344 = CARTESIAN_POINT ( 'NONE',  ( 0.4049999999999998046, -3.200000000000000178, 0.4600000000000011857 ) ) ;
#6345 = CARTESIAN_POINT ( 'NONE',  ( 5.485000000000000320, 0.8850000000000000089, 0.4800000000000009814 ) ) ;
#6346 = EDGE_CURVE ( 'NONE', #4897, #5248, #775, .T. ) ;
#6347 = DIRECTION ( 'NONE',  ( 0.0000000000000000000, -8.915067114227699459E-17, 1.000000000000000000 ) ) ;
#6348 = ORIENTED_EDGE ( 'NONE', *, *, #9095, .F. ) ;
#6349 = ORIENTED_EDGE ( 'NONE', *, *, #11486, .F. ) ;
#6350 = VECTOR ( 'NONE', #10183, 1000.000000000000000 ) ;
#6351 = VECTOR ( 'NONE', #7064, 1000.000000000000000 ) ;
#6352 = DIRECTION ( 'NONE',  ( 1.000000000000000000, 2.082970027439319880E-16, -1.156280642033610094E-31 ) ) ;
#6353 = AXIS2_PLACEMENT_3D ( 'NONE', #8465, #9367, #310 ) ;
#6354 = LINE ( 'NONE', #7370, #9742 ) ;
#6355 = DIRECTION ( 'NONE',  ( 1.665334536937729880E-16, 1.000000000000000000, 0.0000000000000000000 ) ) ;
#6356 = ORIENTED_EDGE ( 'NONE', *, *, #5865, .F. ) ;
#6357 = DIRECTION ( 'NONE',  ( 1.000000000000000000, 5.647936898527231492E-17, -5.647936898527224096E-17 ) ) ;
#6358 = LINE ( 'NONE', #6237, #6052 ) ;
#6359 = ORIENTED_EDGE ( 'NONE', *, *, #1216, .T. ) ;
#6360 = VECTOR ( 'NONE', #6910, 1000.000000000000000 ) ;
#6361 = VECTOR ( 'NONE', #8394, 1000.000000000000000 ) ;
#6362 = AXIS2_PLACEMENT_3D ( 'NONE', #10509, #2486, #8671 ) ;
#6363 = ORIENTED_EDGE ( 'NONE', *, *, #9723, .T. ) ;
#6364 = EDGE_CURVE ( 'NONE', #4576, #11220, #4403, .T. ) ;
#6365 = SURFACE_STYLE_USAGE ( .BOTH. , #8266 ) ;
#6366 = ORIENTED_EDGE ( 'NONE', *, *, #9833, .F. ) ;
#6367 = DIRECTION ( 'NONE',  ( 0.5773502691896224004, -0.5773502691896273964, -0.5773502691896273964 ) ) ;
#6368 = ORIENTED_EDGE ( 'NONE', *, *, #7665, .F. ) ;
#6369 = CARTESIAN_POINT ( 'NONE',  ( 2.134999999999999787, -0.4050000000000000266, 4.799999999999999822 ) ) ;
#6370 = ORIENTED_EDGE ( 'NONE', *, *, #9529, .F. ) ;
#6371 = AXIS2_PLACEMENT_3D ( 'NONE', #9365, #9422, #6787 ) ;
#6372 = VECTOR ( 'NONE', #2023, 999.9999999999998863 ) ;
#6373 = ORIENTED_EDGE ( 'NONE', *, *, #4458, .F. ) ;
#6374 = EDGE_CURVE ( 'NONE', #10397, #6088, #3284, .T. ) ;
#6375 = ADVANCED_FACE ( 'NONE', ( #5182 ), #2743, .T. ) ;
#6376 = CARTESIAN_POINT ( 'NONE',  ( 0.5200000000000000178, 3.250000000000000444, 0.4100000000000009748 ) ) ;
#6377 = EDGE_CURVE ( 'NONE', #7984, #9836, #8199, .T. ) ;
#6378 = LINE ( 'NONE', #10848, #10551 ) ;
#6379 = AXIS2_PLACEMENT_3D ( 'NONE', #4966, #6038, #4078 ) ;
#6380 = CARTESIAN_POINT ( 'NONE',  ( -5.844999999999999751, -3.300000000000000266, 0.3600000000000009304 ) ) ;
#6381 = CARTESIAN_POINT ( 'NONE',  ( -5.945000000000000284, -0.4050000000000000266, 4.799999999999999822 ) ) ;
#6382 = ORIENTED_EDGE ( 'NONE', *, *, #557, .F. ) ;
#6383 = LINE ( 'NONE', #3703, #1989 ) ;
#6384 = DIRECTION ( 'NONE',  ( -0.0000000000000000000, -0.0000000000000000000, 1.000000000000000000 ) ) ;
#6385 = LINE ( 'NONE', #8907, #11140 ) ;
#6386 = CARTESIAN_POINT ( 'NONE',  ( 1.250000000000000000, 1.649999999999999911, 5.200000000000001066 ) ) ;
#6387 = ORIENTED_EDGE ( 'NONE', *, *, #10487, .F. ) ;
#6388 = AXIS2_PLACEMENT_3D ( 'NONE', #8024, #4222, #7014 ) ;
#6389 = ORIENTED_EDGE ( 'NONE', *, *, #8831, .T. ) ;
#6390 = EDGE_CURVE ( 'NONE', #10072, #4794, #8092, .T. ) ;
#6391 = CARTESIAN_POINT ( 'NONE',  ( -5.830000000000000071, -0.7649999999999994582, 4.900000000000000355 ) ) ;
#6392 = VERTEX_POINT ( 'NONE', #9164 ) ;
#6393 = EDGE_CURVE ( 'NONE', #2368, #10476, #5416, .T. ) ;
#6394 = LINE ( 'NONE', #3008, #1241 ) ;
#6395 = DIRECTION ( 'NONE',  ( 0.0000000000000000000, 0.0000000000000000000, 1.000000000000000000 ) ) ;
#6396 = CARTESIAN_POINT ( 'NONE',  ( 4.675000000000000711, 0.8850000000000000089, 0.4600000000000010747 ) ) ;
#6397 = VERTEX_POINT ( 'NONE', #4639 ) ;
#6398 = DIRECTION ( 'NONE',  ( -0.7071067811865441310, 0.7071067811865510144, 4.329780281177489848E-17 ) ) ;
#6399 = VECTOR ( 'NONE', #5923, 1000.000000000000000 ) ;
#6400 = VERTEX_POINT ( 'NONE', #1005 ) ;
#6401 = ORIENTED_EDGE ( 'NONE', *, *, #9992, .F. ) ;
#6402 = LINE ( 'NONE', #6338, #8044 ) ;
#6403 = ADVANCED_FACE ( 'NONE', ( #3682 ), #893, .F. ) ;
#6404 = CARTESIAN_POINT ( 'NONE',  ( 1.775000000000000133, -3.299999999999999822, 2.564999999999999947 ) ) ;
#6405 = AXIS2_PLACEMENT_3D ( 'NONE', #10837, #5486, #4528 ) ;
#6406 = CARTESIAN_POINT ( 'NONE',  ( 3.475000000000000089, -2.500000000000000000, 0.2999999999999999889 ) ) ;
#6407 = CARTESIAN_POINT ( 'NONE',  ( 3.304999999999999716, 3.299999999999999378, 2.564999999999999947 ) ) ;
#6408 = ORIENTED_EDGE ( 'NONE', *, *, #6625, .F. ) ;
#6409 = EDGE_CURVE ( 'NONE', #679, #924, #9768, .T. ) ;
#6410 = LINE ( 'NONE', #2964, #7129 ) ;
#6411 = DIRECTION ( 'NONE',  ( -1.000000000000000000, -0.0000000000000000000, -0.0000000000000000000 ) ) ;
#6412 = ORIENTED_EDGE ( 'NONE', *, *, #11109, .T. ) ;
#6413 = DIRECTION ( 'NONE',  ( 0.0000000000000000000, 8.915067114227699459E-17, -1.000000000000000000 ) ) ;
#6414 = ORIENTED_EDGE ( 'NONE', *, *, #11546, .T. ) ;
#6415 = FACE_OUTER_BOUND ( 'NONE', #3506, .T. ) ;
#6416 = DIRECTION ( 'NONE',  ( 0.7071067811865489050, 0.0000000000000000000, -0.7071067811865460184 ) ) ;
#6417 = EDGE_CURVE ( 'NONE', #924, #6062, #1903, .T. ) ;
#6418 = ORIENTED_EDGE ( 'NONE', *, *, #8189, .T. ) ;
#6419 = FACE_OUTER_BOUND ( 'NONE', #11435, .T. ) ;
#6420 = VERTEX_POINT ( 'NONE', #3748 ) ;
#6421 = EDGE_CURVE ( 'NONE', #1687, #1865, #11007, .T. ) ;
#6422 = VECTOR ( 'NONE', #4882, 1000.000000000000000 ) ;
#6423 = VERTEX_POINT ( 'NONE', #10161 ) ;
#6424 = LINE ( 'NONE', #4700, #6180 ) ;
#6425 = ORIENTED_EDGE ( 'NONE', *, *, #1822, .F. ) ;
#6426 = DIRECTION ( 'NONE',  ( -0.0000000000000000000, -1.000000000000000000, -0.0000000000000000000 ) ) ;
#6427 = ORIENTED_EDGE ( 'NONE', *, *, #92, .T. ) ;
#6428 = DIRECTION ( 'NONE',  ( 1.000000000000000000, 0.0000000000000000000, -0.0000000000000000000 ) ) ;
#6429 = ORIENTED_EDGE ( 'NONE', *, *, #783, .T. ) ;
#6430 = VECTOR ( 'NONE', #8093, 1000.000000000000000 ) ;
#6431 = ORIENTED_EDGE ( 'NONE', *, *, #9588, .F. ) ;
#6432 = DIRECTION ( 'NONE',  ( 0.0000000000000000000, -0.0000000000000000000, -1.000000000000000000 ) ) ;
#6433 = CARTESIAN_POINT ( 'NONE',  ( 1.905000000000000027, 0.7650000000000000133, 4.900000000000000355 ) ) ;
#6434 = PRESENTATION_STYLE_ASSIGNMENT (( #7504 ) ) ;
#6435 = ORIENTED_EDGE ( 'NONE', *, *, #9011, .T. ) ;
#6436 = CARTESIAN_POINT ( 'NONE',  ( -3.354999999999999982, -0.5200000000000000178, 4.850000000000000533 ) ) ;
#6437 = DIRECTION ( 'NONE',  ( 0.0000000000000000000, -0.7071067811865461294, -0.7071067811865490160 ) ) ;
#6438 = DIRECTION ( 'NONE',  ( 0.0000000000000000000, 8.915067114227699459E-17, 1.000000000000000000 ) ) ;
#6439 = DIRECTION ( 'NONE',  ( -0.5773502691896189587, -0.5773502691896290617, 0.5773502691896290617 ) ) ;
#6440 = EDGE_CURVE ( 'NONE', #10661, #3571, #10400, .T. ) ;
#6441 = VERTEX_POINT ( 'NONE', #5702 ) ;
#6442 = DIRECTION ( 'NONE',  ( -0.0000000000000000000, 0.0000000000000000000, 1.000000000000000000 ) ) ;
#6443 = AXIS2_PLACEMENT_3D ( 'NONE', #881, #5406, #6347 ) ;
#6444 = FACE_OUTER_BOUND ( 'NONE', #11480, .T. ) ;
#6445 = VERTEX_POINT ( 'NONE', #3919 ) ;
#6446 = DIRECTION ( 'NONE',  ( -0.0000000000000000000, -1.000000000000000000, -0.0000000000000000000 ) ) ;
#6447 = FACE_OUTER_BOUND ( 'NONE', #10685, .T. ) ;
#6448 = DIRECTION ( 'NONE',  ( 0.0000000000000000000, -0.7071067811865461294, 0.7071067811865490160 ) ) ;
#6449 = CARTESIAN_POINT ( 'NONE',  ( -5.415000000000000924, -2.499999999999999556, 0.5999999999999999778 ) ) ;
#6450 = CARTESIAN_POINT ( 'NONE',  ( -4.575000000000000178, -3.299999999999999378, 0.3600000000000009304 ) ) ;
#6451 = ORIENTED_EDGE ( 'NONE', *, *, #2455, .F. ) ;
#6452 = DIRECTION ( 'NONE',  ( -1.000000000000000000, 0.0000000000000000000, -0.0000000000000000000 ) ) ;
#6453 = VECTOR ( 'NONE', #8606, 1000.000000000000000 ) ;
#6454 = ADVANCED_FACE ( 'NONE', ( #339 ), #2135, .F. ) ;
#6455 = DIRECTION ( 'NONE',  ( -0.7071067811865489050, 0.0000000000000000000, -0.7071067811865460184 ) ) ;
#6456 = LINE ( 'NONE', #6225, #7304 ) ;
#6457 = PLANE ( 'NONE',  #184 ) ;
#6458 = VERTEX_POINT ( 'NONE', #223 ) ;
#6459 = CARTESIAN_POINT ( 'NONE',  ( -9.449999999999999289, -2.500000000000000000, 5.200000000000001066 ) ) ;
#6460 = LINE ( 'NONE', #880, #7212 ) ;
#6461 = AXIS2_PLACEMENT_3D ( 'NONE', #763, #10706, #2560 ) ;
#6462 = VERTEX_POINT ( 'NONE', #2918 ) ;
#6463 = EDGE_CURVE ( 'NONE', #10279, #9096, #4026, .T. ) ;
#6464 = ORIENTED_EDGE ( 'NONE', *, *, #11595, .F. ) ;
#6465 = CARTESIAN_POINT ( 'NONE',  ( -5.844999999999999751, -3.300000000000000266, 0.1000000000000011297 ) ) ;
#6466 = CARTESIAN_POINT ( 'NONE',  ( -2.874999999999999112, 2.500000000000000000, 0.2999999999999999889 ) ) ;
#6467 = EDGE_CURVE ( 'NONE', #2876, #8774, #8437, .T. ) ;
#6468 = VECTOR ( 'NONE', #1752, 1000.000000000000000 ) ;
#6469 = AXIS2_PLACEMENT_3D ( 'NONE', #8856, #5091, #5029 ) ;
#6470 = ORIENTED_EDGE ( 'NONE', *, *, #10777, .T. ) ;
#6471 = DIRECTION ( 'NONE',  ( -0.7071067811865441310, 0.7071067811865510144, 4.329780281177489848E-17 ) ) ;
#6472 = ORIENTED_EDGE ( 'NONE', *, *, #4306, .T. ) ;
#6473 = EDGE_LOOP ( 'NONE', ( #7445, #716, #10609, #7648 ) ) ;
#6474 = FACE_OUTER_BOUND ( 'NONE', #5409, .T. ) ;
#6475 = CARTESIAN_POINT ( 'NONE',  ( -4.214999999999999858, 3.200000000000000178, 4.900000000000000355 ) ) ;
#6476 = ORIENTED_EDGE ( 'NONE', *, *, #5887, .F. ) ;
#6477 = EDGE_CURVE ( 'NONE', #8169, #4677, #7597, .T. ) ;
#6478 = AXIS2_PLACEMENT_3D ( 'NONE', #8830, #9827, #10666 ) ;
#6479 = DIRECTION ( 'NONE',  ( 1.000000000000000000, 0.0000000000000000000, -0.0000000000000000000 ) ) ;
#6480 = DIRECTION ( 'NONE',  ( 1.000000000000000000, 0.0000000000000000000, -0.0000000000000000000 ) ) ;
#6481 = EDGE_CURVE ( 'NONE', #2156, #11183, #11122, .T. ) ;
#6482 = ORIENTED_EDGE ( 'NONE', *, *, #3576, .F. ) ;
#6483 = ORIENTED_EDGE ( 'NONE', *, *, #10785, .F. ) ;
#6484 = VECTOR ( 'NONE', #9925, 1000.000000000000114 ) ;
#6485 = DIRECTION ( 'NONE',  ( 1.000000000000000000, 0.0000000000000000000, 0.0000000000000000000 ) ) ;
#6486 = DIRECTION ( 'NONE',  ( -0.7071067811865510144, -0.7071067811865441310, 0.0000000000000000000 ) ) ;
#6487 = DIRECTION ( 'NONE',  ( -0.0000000000000000000, -0.0000000000000000000, 1.000000000000000000 ) ) ;
#6488 = VERTEX_POINT ( 'NONE', #2976 ) ;
#6489 = EDGE_CURVE ( 'NONE', #9821, #6304, #6585, .T. ) ;
#6490 = CARTESIAN_POINT ( 'NONE',  ( -5.714999999999999858, -2.500000000000000000, 0.5999999999999999778 ) ) ;
#6491 = FACE_OUTER_BOUND ( 'NONE', #9792, .T. ) ;
#6492 = VECTOR ( 'NONE', #1863, 1000.000000000000000 ) ;
#6493 = CARTESIAN_POINT ( 'NONE',  ( 3.405000000000000249, 0.8649999999999999911, 8.673617379884035472E-16 ) ) ;
#6494 = ORIENTED_EDGE ( 'NONE', *, *, #4216, .F. ) ;
#6495 = PRESENTATION_LAYER_ASSIGNMENT (  '', '', ( #9361 ) ) ;
#6496 = CARTESIAN_POINT ( 'NONE',  ( -4.315000000000000391, 3.299999999999999378, 0.3600000000000011524 ) ) ;
#6497 = DIRECTION ( 'NONE',  ( 0.5773502691896257311, -0.5773502691896257311, 0.5773502691896257311 ) ) ;
#6498 = ORIENTED_EDGE ( 'NONE', *, *, #10968, .T. ) ;
#6499 = CARTESIAN_POINT ( 'NONE',  ( 5.485000000000000320, -0.8649999999999999911, 4.799999999999999822 ) ) ;
#6500 = DIRECTION ( 'NONE',  ( -0.7071067811865510144, 0.7071067811865441310, 0.0000000000000000000 ) ) ;
#6501 = FACE_OUTER_BOUND ( 'NONE', #1431, .T. ) ;
#6502 = ORIENTED_EDGE ( 'NONE', *, *, #5865, .T. ) ;
#6503 = CARTESIAN_POINT ( 'NONE',  ( 2.944999999999999840, -0.4050000000000000266, 4.900000000000000355 ) ) ;
#6504 = EDGE_CURVE ( 'NONE', #4901, #992, #7543, .T. ) ;
#6505 = FACE_OUTER_BOUND ( 'NONE', #4933, .T. ) ;
#6506 = LINE ( 'NONE', #10137, #5054 ) ;
#6507 = ORIENTED_EDGE ( 'NONE', *, *, #4558, .F. ) ;
#6508 = VECTOR ( 'NONE', #7709, 1000.000000000000000 ) ;
#6509 = DIRECTION ( 'NONE',  ( 0.0000000000000000000, 0.0000000000000000000, -1.000000000000000000 ) ) ;
#6510 = DIRECTION ( 'NONE',  ( -0.7071067811865510144, 0.7071067811865441310, 0.0000000000000000000 ) ) ;
#6511 = CARTESIAN_POINT ( 'NONE',  ( 3.475000000000000533, -2.499999999999999556, 0.5999999999999999778 ) ) ;
#6512 = ORIENTED_EDGE ( 'NONE', *, *, #3217, .T. ) ;
#6513 = LINE ( 'NONE', #9153, #8854 ) ;
#6514 = EDGE_CURVE ( 'NONE', #11534, #8729, #10337, .T. ) ;
#6515 = CARTESIAN_POINT ( 'NONE',  ( 4.675000000000000711, 0.8649999999999997691, 0.4800000000000011480 ) ) ;
#6516 = AXIS2_PLACEMENT_3D ( 'NONE', #11641, #8738, #8803 ) ;
#6517 = EDGE_CURVE ( 'NONE', #3348, #8669, #6525, .T. ) ;
#6518 = ORIENTED_EDGE ( 'NONE', *, *, #3000, .T. ) ;
#6519 = CYLINDRICAL_SURFACE ( 'NONE', #2896, 0.4800000000000000933 ) ;
#6520 = VERTEX_POINT ( 'NONE', #5872 ) ;
#6521 = DIRECTION ( 'NONE',  ( -0.7071067811865489050, 0.0000000000000000000, -0.7071067811865460184 ) ) ;
#6522 = DIRECTION ( 'NONE',  ( 1.000000000000000000, 2.082970027439319880E-16, -1.156280642033610094E-31 ) ) ;
#6523 = AXIS2_PLACEMENT_3D ( 'NONE', #9834, #6252, #1634 ) ;
#6524 = EDGE_CURVE ( 'NONE', #2296, #4224, #9285, .T. ) ;
#6525 = LINE ( 'NONE', #11181, #11484 ) ;
#6526 = CARTESIAN_POINT ( 'NONE',  ( -3.290000000000000036, 3.299999999999999822, 0.3600000000000010414 ) ) ;
#6527 = ORIENTED_EDGE ( 'NONE', *, *, #6762, .F. ) ;
#6528 = ORIENTED_EDGE ( 'NONE', *, *, #8150, .F. ) ;
#6529 = AXIS2_PLACEMENT_3D ( 'NONE', #4126, #9481, #368 ) ;
#6530 = DIRECTION ( 'NONE',  ( 0.0000000000000000000, 1.000000000000000000, 0.0000000000000000000 ) ) ;
#6531 = ORIENTED_EDGE ( 'NONE', *, *, #4081, .T. ) ;
#6532 = DIRECTION ( 'NONE',  ( 0.0000000000000000000, -0.7071067811865461294, 0.7071067811865490160 ) ) ;
#6533 = ORIENTED_EDGE ( 'NONE', *, *, #939, .F. ) ;
#6534 = DIRECTION ( 'NONE',  ( 1.000000000000000000, 2.082970027439319880E-16, 0.0000000000000000000 ) ) ;
#6535 = VERTEX_POINT ( 'NONE', #9342 ) ;
#6536 = VECTOR ( 'NONE', #10676, 1000.000000000000000 ) ;
#6537 = PRESENTATION_LAYER_ASSIGNMENT (  '', '', ( #11676 ) ) ;
#6538 = ADVANCED_FACE ( 'NONE', ( #3857 ), #1177, .F. ) ;
#6539 = CIRCLE ( 'NONE', #10740, 0.02000000000000005246 ) ;
#6540 = LINE ( 'NONE', #10179, #3895 ) ;
#6541 = CARTESIAN_POINT ( 'NONE',  ( 2.134999999999999787, 0.8649999999999999911, 4.799999999999999822 ) ) ;
#6542 = ADVANCED_FACE ( 'NONE', ( #6765 ), #281, .F. ) ;
#6543 = EDGE_CURVE ( 'NONE', #6218, #5445, #166, .T. ) ;
#6544 = DIRECTION ( 'NONE',  ( 0.0000000000000000000, 0.7071067811865489050, 0.7071067811865460184 ) ) ;
#6545 = ORIENTED_EDGE ( 'NONE', *, *, #4155, .F. ) ;
#6546 = CARTESIAN_POINT ( 'NONE',  ( -0.8649999999999999911, 0.8850000000000000089, 0.4600000000000010192 ) ) ;
#6547 = DIRECTION ( 'NONE',  ( 0.0000000000000000000, -1.000000000000000000, -0.0000000000000000000 ) ) ;
#6548 = AXIS2_PLACEMENT_3D ( 'NONE', #8229, #8114, #10070 ) ;
#6549 = VECTOR ( 'NONE', #2080, 1000.000000000000000 ) ;
#6550 = CARTESIAN_POINT ( 'NONE',  ( -5.844999999999999751, 0.5050000000000005596, 4.900000000000000355 ) ) ;
#6551 = DIRECTION ( 'NONE',  ( -1.000000000000000000, 2.082970027439319880E-16, 1.156280642033610094E-31 ) ) ;
#6552 = ORIENTED_EDGE ( 'NONE', *, *, #9467, .F. ) ;
#6553 = EDGE_CURVE ( 'NONE', #7834, #10644, #10281, .T. ) ;
#6554 = VECTOR ( 'NONE', #6215, 1000.000000000000000 ) ;
#6555 = LINE ( 'NONE', #3945, #9222 ) ;
#6556 = DIRECTION ( 'NONE',  ( 0.0000000000000000000, -1.000000000000000000, 0.0000000000000000000 ) ) ;
#6557 = EDGE_LOOP ( 'NONE', ( #3144, #10109, #15, #11590, #1444, #4177, #171, #7146 ) ) ;
#6558 = DIRECTION ( 'NONE',  ( -0.7071067811865461294, 0.0000000000000000000, 0.7071067811865490160 ) ) ;
#6559 = DIRECTION ( 'NONE',  ( -0.7071067811865510144, 0.7071067811865441310, 0.0000000000000000000 ) ) ;
#6560 = DIRECTION ( 'NONE',  ( -1.000000000000000000, 0.0000000000000000000, 2.099659365964729900E-16 ) ) ;
#6561 = EDGE_LOOP ( 'NONE', ( #3806, #4022, #8576, #5658 ) ) ;
#6562 = PLANE ( 'NONE',  #2861 ) ;
#6563 = CARTESIAN_POINT ( 'NONE',  ( -9.000000000002909673, -2.050000000040750781, 5.200000000000000178 ) ) ;
#6564 = ORIENTED_EDGE ( 'NONE', *, *, #7567, .T. ) ;
#6565 = AXIS2_PLACEMENT_3D ( 'NONE', #4066, #6921, #2348 ) ;
#6566 = DIRECTION ( 'NONE',  ( 0.0000000000000000000, -0.7071067811865470176, -0.7071067811865480168 ) ) ;
#6567 = DIRECTION ( 'NONE',  ( -1.000000000000000000, 2.082970027439319880E-16, 1.156280642033610094E-31 ) ) ;
#6568 = CARTESIAN_POINT ( 'NONE',  ( -4.264999999999999680, 3.250000000000000444, 2.564999999999999947 ) ) ;
#6569 = UNCERTAINTY_MEASURE_WITH_UNIT (LENGTH_MEASURE( 1.000000000000000082E-05 ), #10418, 'distance_accuracy_value', 'NONE');
#6570 = DIRECTION ( 'NONE',  ( -1.665334536937729880E-16, 1.000000000000000000, -0.0000000000000000000 ) ) ;
#6571 = ORIENTED_EDGE ( 'NONE', *, *, #10115, .T. ) ;
#6572 = VECTOR ( 'NONE', #9449, 1000.000000000000000 ) ;
#6573 = LINE ( 'NONE', #3026, #6068 ) ;
#6574 = DIRECTION ( 'NONE',  ( 0.0000000000000000000, -8.915067114227699459E-17, -1.000000000000000000 ) ) ;
#6575 = ORIENTED_EDGE ( 'NONE', *, *, #3841, .T. ) ;
#6576 = DIRECTION ( 'NONE',  ( 1.953503796022424979E-47, -1.000000000000000000, 9.303908184768099600E-32 ) ) ;
#6577 = EDGE_LOOP ( 'NONE', ( #4028, #5358, #10101, #57 ) ) ;
#6578 = CARTESIAN_POINT ( 'NONE',  ( -4.575000000000000178, 0.6350000000000000089, 4.900000000000000355 ) ) ;
#6579 = CARTESIAN_POINT ( 'NONE',  ( -3.174999999999999822, 0.8850000000000000089, 0.4800000000000009814 ) ) ;
#6580 = VECTOR ( 'NONE', #11459, 1000.000000000000114 ) ;
#6581 = EDGE_CURVE ( 'NONE', #6488, #9070, #5649, .T. ) ;
#6582 = EDGE_CURVE ( 'NONE', #53, #4620, #8684, .T. ) ;
#6583 = EDGE_CURVE ( 'NONE', #397, #7454, #10589, .T. ) ;
#6584 = ORIENTED_EDGE ( 'NONE', *, *, #3154, .T. ) ;
#6585 = LINE ( 'NONE', #9453, #6908 ) ;
#6586 = LINE ( 'NONE', #2136, #378 ) ;
#6587 = VERTEX_POINT ( 'NONE', #4093 ) ;
#6588 = PRESENTATION_STYLE_ASSIGNMENT (( #4757 ) ) ;
#6589 = CIRCLE ( 'NONE', #7541, 0.4800000000000000933 ) ;
#6590 = FACE_OUTER_BOUND ( 'NONE', #7853, .T. ) ;
#6591 = ORIENTED_EDGE ( 'NONE', *, *, #1749, .T. ) ;
#6592 = CARTESIAN_POINT ( 'NONE',  ( -1.675000000000000044, -3.200000000000000178, 7.632783294297948257E-16 ) ) ;
#6593 = ORIENTED_EDGE ( 'NONE', *, *, #5311, .T. ) ;
#6594 = CARTESIAN_POINT ( 'NONE',  ( -2.944999999999999840, -0.8649999999999999911, 4.900000000000000355 ) ) ;
#6595 = EDGE_CURVE ( 'NONE', #10842, #4120, #9684, .T. ) ;
#6596 = VERTEX_POINT ( 'NONE', #11591 ) ;
#6597 = EDGE_CURVE ( 'NONE', #5072, #5273, #1415, .T. ) ;
#6598 = VECTOR ( 'NONE', #8120, 1000.000000000000000 ) ;
#6599 = ORIENTED_EDGE ( 'NONE', *, *, #9377, .F. ) ;
#6600 = LINE ( 'NONE', #10234, #3148 ) ;
#6601 = DIRECTION ( 'NONE',  ( -1.000000000000000000, 0.0000000000000000000, 0.0000000000000000000 ) ) ;
#6602 = DIRECTION ( 'NONE',  ( 0.0000000000000000000, 0.7071067811865461294, -0.7071067811865490160 ) ) ;
#6603 = ORIENTED_EDGE ( 'NONE', *, *, #6776, .F. ) ;
#6604 = CARTESIAN_POINT ( 'NONE',  ( 9.449999999999999289, 2.500000000000000000, 2.100000000000000089 ) ) ;
#6605 = LINE ( 'NONE', #10973, #11429 ) ;
#6606 = VECTOR ( 'NONE', #5497, 1000.000000000000000 ) ;
#6607 = ADVANCED_FACE ( 'NONE', ( #456 ), #5993, .F. ) ;
#6608 = DIRECTION ( 'NONE',  ( 0.0000000000000000000, 0.0000000000000000000, -1.000000000000000000 ) ) ;
#6609 = LINE ( 'NONE', #8224, #4982 ) ;
#6610 = VERTEX_POINT ( 'NONE', #7835 ) ;
#6611 = CARTESIAN_POINT ( 'NONE',  ( 4.214999999999999858, 0.8649999999999995470, 0.4800000000000012590 ) ) ;
#6612 = CARTESIAN_POINT ( 'NONE',  ( -5.945000000000000284, 0.8650000000000005462, 4.799999999999999822 ) ) ;
#6613 = ORIENTED_EDGE ( 'NONE', *, *, #4121, .T. ) ;
#6614 = CARTESIAN_POINT ( 'NONE',  ( -0.8649999999999999911, -0.8850000000000000089, 0.4600000000000010192 ) ) ;
#6615 = PLANE ( 'NONE',  #1969 ) ;
#6616 = CARTESIAN_POINT ( 'NONE',  ( 1.675000000000000044, 0.8850000000000000089, 0.4600000000000010192 ) ) ;
#6617 = ORIENTED_EDGE ( 'NONE', *, *, #8185, .F. ) ;
#6618 = DIRECTION ( 'NONE',  ( -0.0000000000000000000, -0.0000000000000000000, -1.000000000000000000 ) ) ;
#6619 = CARTESIAN_POINT ( 'NONE',  ( 0.8650000000000001021, 3.200000000000000622, 8.673617379884035472E-16 ) ) ;
#6620 = EDGE_CURVE ( 'NONE', #8487, #5738, #8871, .T. ) ;
#6621 = CARTESIAN_POINT ( 'NONE',  ( -0.9350000000000011635, 2.499999999999999556, 0.5999999999999999778 ) ) ;
#6622 = VERTEX_POINT ( 'NONE', #7958 ) ;
#6623 = DIRECTION ( 'NONE',  ( -0.5773502691896313932, -0.5773502691896245098, -0.5773502691896214012 ) ) ;
#6624 = CARTESIAN_POINT ( 'NONE',  ( 4.445000000000000284, -0.8849999999999998979, 9.757819552369539906E-16 ) ) ;
#6625 = EDGE_CURVE ( 'NONE', #8568, #6145, #3452, .T. ) ;
#6626 = ORIENTED_EDGE ( 'NONE', *, *, #7427, .F. ) ;
#6627 = DIRECTION ( 'NONE',  ( -1.953503796022424979E-47, 1.000000000000000000, -9.303908184768099600E-32 ) ) ;
#6628 = CARTESIAN_POINT ( 'NONE',  ( -3.405000000000000249, 0.4049999999999998046, 0.4800000000000010369 ) ) ;
#6629 = ORIENTED_EDGE ( 'NONE', *, *, #7205, .T. ) ;
#6630 = DIRECTION ( 'NONE',  ( -0.5773502691896280625, -0.5773502691896210681, 0.5773502691896280625 ) ) ;
#6631 = LINE ( 'NONE', #10270, #10830 ) ;
#6632 = ORIENTED_EDGE ( 'NONE', *, *, #9571, .F. ) ;
#6633 = EDGE_CURVE ( 'NONE', #3783, #11187, #3331, .T. ) ;
#6634 = AXIS2_PLACEMENT_3D ( 'NONE', #2487, #7825, #1405 ) ;
#6635 = DIRECTION ( 'NONE',  ( 1.000000000000000000, 5.647936898527231492E-17, -5.647936898527224096E-17 ) ) ;
#6636 = ORIENTED_EDGE ( 'NONE', *, *, #4680, .T. ) ;
#6637 = CARTESIAN_POINT ( 'NONE',  ( -3.305000000000000160, 0.6350000000000000089, 4.900000000000000355 ) ) ;
#6638 = CARTESIAN_POINT ( 'NONE',  ( 0.4050000000000000266, -0.8850000000000000089, 0.4600000000000010192 ) ) ;
#6639 = VERTEX_POINT ( 'NONE', #1539 ) ;
#6640 = AXIS2_PLACEMENT_3D ( 'NONE', #7641, #4270, #11470 ) ;
#6641 = DIRECTION ( 'NONE',  ( 1.000000000000000000, -2.091314696702029574E-16, -2.091314696702020699E-16 ) ) ;
#6642 = CARTESIAN_POINT ( 'NONE',  ( 0.4050000000000000266, -3.200000000000000178, 0.4600000000000010192 ) ) ;
#6643 = ORIENTED_EDGE ( 'NONE', *, *, #6248, .T. ) ;
#6645 = AXIS2_PLACEMENT_3D ( 'NONE', #2849, #4738, #10266 ) ;
#6644 = CARTESIAN_POINT ( 'NONE',  ( -4.675000000000000711, -0.4050000000000000266, 4.799999999999999822 ) ) ;
#6646 = EDGE_LOOP ( 'NONE', ( #807, #1757, #10839, #10590 ) ) ;
#6647 = FACE_OUTER_BOUND ( 'NONE', #1254, .T. ) ;
#6648 = ORIENTED_EDGE ( 'NONE', *, *, #760, .T. ) ;
#6649 = EDGE_CURVE ( 'NONE', #6587, #1102, #5168, .T. ) ;
#6650 = EDGE_CURVE ( 'NONE', #10132, #2201, #11536, .T. ) ;
#6651 = CARTESIAN_POINT ( 'NONE',  ( 2.944999999999999840, 0.8649999999999999911, 4.900000000000000355 ) ) ;
#6652 = EDGE_LOOP ( 'NONE', ( #3305, #9008, #10630, #11356 ) ) ;
#6653 = DIRECTION ( 'NONE',  ( 1.000000000000000000, -0.0000000000000000000, 0.0000000000000000000 ) ) ;
#6654 = VERTEX_POINT ( 'NONE', #5228 ) ;
#6655 = VECTOR ( 'NONE', #1442, 1000.000000000000114 ) ;
#6656 = DIRECTION ( 'NONE',  ( 0.7071067811865441310, 0.7071067811865510144, -4.329780281177489848E-17 ) ) ;
#6657 = CARTESIAN_POINT ( 'NONE',  ( 2.035000000000000142, -0.7649999999999994582, 4.900000000000000355 ) ) ;
#6658 = EDGE_CURVE ( 'NONE', #6916, #11274, #10705, .T. ) ;
#6659 = EDGE_CURVE ( 'NONE', #1612, #1515, #9803, .T. ) ;
#6660 = CARTESIAN_POINT ( 'NONE',  ( -3.405000000000000249, 0.4050000000000000266, 4.900000000000000355 ) ) ;
#6661 = PLANE ( 'NONE',  #10610 ) ;
#6662 = DIRECTION ( 'NONE',  ( -1.000000000000000000, 0.0000000000000000000, 2.099659365964729900E-16 ) ) ;
#6663 = ADVANCED_FACE ( 'NONE', ( #5402 ), #11699, .F. ) ;
#6664 = CARTESIAN_POINT ( 'NONE',  ( 2.134999999999999787, -0.4049999999999999156, 4.799999999999999822 ) ) ;
#6665 = EDGE_LOOP ( 'NONE', ( #3438, #7679, #10836, #8357 ) ) ;
#6666 = CARTESIAN_POINT ( 'NONE',  ( 3.045000000000000373, -3.299999999999999378, 0.1000000000000010048 ) ) ;
#6667 = VECTOR ( 'NONE', #230, 1000.000000000000000 ) ;
#6668 = EDGE_LOOP ( 'NONE', ( #1308, #169, #1881, #1081 ) ) ;
#6669 = LINE ( 'NONE', #1262, #10936 ) ;
#6670 = EDGE_CURVE ( 'NONE', #9655, #6610, #6456, .T. ) ;
#6671 = CARTESIAN_POINT ( 'NONE',  ( 1.110223024625160090E-15, 1.650000000040749981, 2.100000000000000089 ) ) ;
#6672 = EDGE_LOOP ( 'NONE', ( #10456, #780, #5528, #2454 ) ) ;
#6673 = FACE_OUTER_BOUND ( 'NONE', #4354, .T. ) ;
#6674 = CARTESIAN_POINT ( 'NONE',  ( 5.945000000000000284, -0.8649999999999997691, 0.4800000000000009814 ) ) ;
#6675 = DIRECTION ( 'NONE',  ( 2.099659365964729900E-16, 9.303908184768099600E-32, 1.000000000000000000 ) ) ;
#6676 = CARTESIAN_POINT ( 'NONE',  ( -5.584999999999999964, -3.299999999999999822, 0.2300000000000010092 ) ) ;
#6677 = STYLED_ITEM ( 'NONE', ( #2999 ), #4544 ) ;
#6678 = EDGE_CURVE ( 'NONE', #10547, #2639, #8130, .T. ) ;
#6679 = CARTESIAN_POINT ( 'NONE',  ( 5.895000000000000462, 0.7500000000000000000, 4.850000000000000533 ) ) ;
#6680 = DIRECTION ( 'NONE',  ( 0.0000000000000000000, 0.0000000000000000000, -1.000000000000000000 ) ) ;
#6681 = VERTEX_POINT ( 'NONE', #6280 ) ;
#6682 = CARTESIAN_POINT ( 'NONE',  ( 1.549551830515630224E-15, 1.850000000040749937, 5.000000000000000000 ) ) ;
#6683 = VERTEX_POINT ( 'NONE', #762 ) ;
#6684 = VECTOR ( 'NONE', #2334, 1000.000000000000000 ) ;
#6685 = DIRECTION ( 'NONE',  ( 0.7071067811865461294, 0.0000000000000000000, -0.7071067811865490160 ) ) ;
#6686 = UNCERTAINTY_MEASURE_WITH_UNIT (LENGTH_MEASURE( 1.000000000000000082E-05 ), #1795, 'distance_accuracy_value', 'NONE');
#6687 = EDGE_CURVE ( 'NONE', #3811, #6622, #9919, .T. ) ;
#6688 = LINE ( 'NONE', #11106, #773 ) ;
#6689 = FACE_OUTER_BOUND ( 'NONE', #5941, .T. ) ;
#6690 = CARTESIAN_POINT ( 'NONE',  ( 0.4550000000000000155, -3.250000000000000444, 2.564999999999999947 ) ) ;
#6691 = LINE ( 'NONE', #6753, #3796 ) ;
#6692 = EDGE_CURVE ( 'NONE', #4901, #1498, #2848, .T. ) ;
#6693 = CARTESIAN_POINT ( 'NONE',  ( -6.014999999999998792, -2.500000000000000000, 0.2999999999999999889 ) ) ;
#6694 = ADVANCED_FACE ( 'NONE', ( #2730 ), #101, .F. ) ;
#6695 = ORIENTED_EDGE ( 'NONE', *, *, #6597, .T. ) ;
#6696 =( GEOMETRIC_REPRESENTATION_CONTEXT ( 3 ) GLOBAL_UNCERTAINTY_ASSIGNED_CONTEXT ( ( #7635 ) ) GLOBAL_UNIT_ASSIGNED_CONTEXT ( ( #10530, #9406, #1248 ) ) REPRESENTATION_CONTEXT ( 'NONE', 'WORKASPACE' ) );
#6697 = ORIENTED_EDGE ( 'NONE', *, *, #1307, .F. ) ;
#6698 = FACE_OUTER_BOUND ( 'NONE', #4484, .T. ) ;
#6699 = FACE_OUTER_BOUND ( 'NONE', #1474, .T. ) ;
#6700 = ORIENTED_EDGE ( 'NONE', *, *, #11426, .F. ) ;
#6701 = ADVANCED_FACE ( 'NONE', ( #5289 ), #10993, .F. ) ;
#6702 = VECTOR ( 'NONE', #5164, 1000.000000000000000 ) ;
#6703 = DIRECTION ( 'NONE',  ( 0.0000000000000000000, 0.0000000000000000000, -1.000000000000000000 ) ) ;
#6704 = CARTESIAN_POINT ( 'NONE',  ( 0.8650000000000001021, 0.4050000000000000822, 0.4800000000000010925 ) ) ;
#6705 = ORIENTED_EDGE ( 'NONE', *, *, #4680, .F. ) ;
#6706 = VERTEX_POINT ( 'NONE', #8015 ) ;
#6707 = DIRECTION ( 'NONE',  ( -0.7071067811865441310, 0.7071067811865510144, 4.329780281177489848E-17 ) ) ;
#6708 = ORIENTED_EDGE ( 'NONE', *, *, #5192, .T. ) ;
#6709 = CARTESIAN_POINT ( 'NONE',  ( -5.830000000000000071, 3.299999999999999822, 0.3600000000000010414 ) ) ;
#6710 = VECTOR ( 'NONE', #10673, 1000.000000000000000 ) ;
#6711 = DIRECTION ( 'NONE',  ( -4.564222263614080255E-17, 0.7071067811865480168, 0.7071067811865470176 ) ) ;
#6712 = LINE ( 'NONE', #10531, #7540 ) ;
#6713 = ORIENTED_EDGE ( 'NONE', *, *, #2571, .T. ) ;
#6714 = EDGE_CURVE ( 'NONE', #9910, #2750, #3503, .T. ) ;
#6715 = VECTOR ( 'NONE', #28, 1000.000000000000000 ) ;
#6716 = AXIS2_PLACEMENT_3D ( 'NONE', #4710, #8913, #2660 ) ;
#6717 = DIRECTION ( 'NONE',  ( 1.000000000000000000, 0.0000000000000000000, -0.0000000000000000000 ) ) ;
#6718 = PLANE ( 'NONE',  #2449 ) ;
#6719 = EDGE_LOOP ( 'NONE', ( #7614, #6387, #2431, #3228 ) ) ;
#6720 = CARTESIAN_POINT ( 'NONE',  ( -4.214999999999999858, 0.8649999999999999911, 4.799999999999999822 ) ) ;
#6721 = PLANE ( 'NONE',  #7610 ) ;
#6722 = ORIENTED_EDGE ( 'NONE', *, *, #7978, .F. ) ;
#6723 = AXIS2_PLACEMENT_3D ( 'NONE', #1139, #1871, #4659 ) ;
#6724 = VECTOR ( 'NONE', #9041, 1000.000000000000000 ) ;
#6725 = AXIS2_PLACEMENT_3D ( 'NONE', #4180, #4245, #2278 ) ;
#6726 = ORIENTED_EDGE ( 'NONE', *, *, #11029, .T. ) ;
#6727 = EDGE_CURVE ( 'NONE', #9636, #7916, #8536, .T. ) ;
#6728 = EDGE_CURVE ( 'NONE', #10814, #6903, #623, .T. ) ;
#6729 = ADVANCED_FACE ( 'NONE', ( #1399 ), #6090, .T. ) ;
#6730 = CARTESIAN_POINT ( 'NONE',  ( 0.8649999999999999911, 0.8649999999999997691, 0.4800000000000011480 ) ) ;
#6731 = CARTESIAN_POINT ( 'NONE',  ( -4.675000000000000711, 0.8850000000000000089, 8.636121991262881741E-16 ) ) ;
#6732 = DIRECTION ( 'NONE',  ( -0.0000000000000000000, -0.0000000000000000000, -1.000000000000000000 ) ) ;
#6733 = EDGE_LOOP ( 'NONE', ( #341, #11389, #1358, #6017 ) ) ;
#6734 = CARTESIAN_POINT ( 'NONE',  ( -2.944999999999999840, 0.8850000000000000089, 7.632783294297950229E-16 ) ) ;
#6735 = VECTOR ( 'NONE', #6442, 1000.000000000000000 ) ;
#6736 = MECHANICAL_DESIGN_GEOMETRIC_PRESENTATION_REPRESENTATION (  '', ( #2375 ), #8642 ) ;
#6737 = CARTESIAN_POINT ( 'NONE',  ( -2.944999999999999840, 0.4050000000000000266, 4.900000000000000355 ) ) ;
#6738 = PLANE ( 'NONE',  #4140 ) ;
#6740 = AXIS2_PLACEMENT_3D ( 'NONE', #8794, #5214, #9675 ) ;
#6739 = CARTESIAN_POINT ( 'NONE',  ( -1.250000000000000000, 5.551115123125779744E-16, 2.100000000000000089 ) ) ;
#6741 = DIRECTION ( 'NONE',  ( -0.0000000000000000000, -8.915067114227699459E-17, 1.000000000000000000 ) ) ;
#6742 = DIRECTION ( 'NONE',  ( 1.000000000000000000, 2.082970027439319880E-16, -1.156280642033610094E-31 ) ) ;
#6743 = VERTEX_POINT ( 'NONE', #10444 ) ;
#6744 = PLANE ( 'NONE',  #10316 ) ;
#6745 = VECTOR ( 'NONE', #3380, 1000.000000000000000 ) ;
#6746 = EDGE_LOOP ( 'NONE', ( #2483, #4251, #173, #11516 ) ) ;
#6747 = CIRCLE ( 'NONE', #3347, 0.4800000000000000933 ) ;
#6748 = EDGE_CURVE ( 'NONE', #9116, #9289, #2294, .T. ) ;
#6749 = LINE ( 'NONE', #5150, #1414 ) ;
#6750 = CARTESIAN_POINT ( 'NONE',  ( 5.485000000000000320, -0.4050000000000000266, 4.799999999999999822 ) ) ;
#6751 = EDGE_LOOP ( 'NONE', ( #6872, #5627, #2686, #3401 ) ) ;
#6752 = LINE ( 'NONE', #3961, #6948 ) ;
#6753 = CARTESIAN_POINT ( 'NONE',  ( 5.584999999999999964, 3.299999999999999822, 0.3600000000000010414 ) ) ;
#6754 = CARTESIAN_POINT ( 'NONE',  ( 4.214999999999999858, -0.4050000000000000266, 8.673617379884035472E-16 ) ) ;
#6755 = VECTOR ( 'NONE', #8400, 1000.000000000000114 ) ;
#6756 = ORIENTED_EDGE ( 'NONE', *, *, #5258, .F. ) ;
#6757 = EDGE_LOOP ( 'NONE', ( #4923, #6464, #10427, #9504, #1072, #5014, #891, #1864 ) ) ;
#6758 = DIRECTION ( 'NONE',  ( -0.0000000000000000000, -0.0000000000000000000, 1.000000000000000000 ) ) ;
#6759 = EDGE_CURVE ( 'NONE', #1628, #10283, #11405, .T. ) ;
#6760 = CARTESIAN_POINT ( 'NONE',  ( 1.905000000000000027, -0.8850000000000000089, 0.4800000000000009814 ) ) ;
#6761 = ORIENTED_EDGE ( 'NONE', *, *, #4976, .F. ) ;
#6762 = EDGE_CURVE ( 'NONE', #11376, #8069, #10805, .T. ) ;
#6763 = CARTESIAN_POINT ( 'NONE',  ( 1.250000000000000000, 1.850000000040749937, 5.000000000000000000 ) ) ;
#6764 = AXIS2_PLACEMENT_3D ( 'NONE', #4684, #9207, #1053 ) ;
#6765 = FACE_OUTER_BOUND ( 'NONE', #10813, .T. ) ;
#6766 = CARTESIAN_POINT ( 'NONE',  ( 0.4050000000000000266, -0.8850000000000000089, 0.4800000000000009814 ) ) ;
#6767 = ORIENTED_EDGE ( 'NONE', *, *, #9317, .T. ) ;
#6768 = ORIENTED_EDGE ( 'NONE', *, *, #3710, .F. ) ;
#6769 = CARTESIAN_POINT ( 'NONE',  ( -1.675000000000000266, -0.4049999999999996381, 0.4800000000000011480 ) ) ;
#6770 = ORIENTED_EDGE ( 'NONE', *, *, #10777, .F. ) ;
#6771 = FACE_OUTER_BOUND ( 'NONE', #2102, .T. ) ;
#6772 = VECTOR ( 'NONE', #2869, 1000.000000000000000 ) ;
#6773 = EDGE_CURVE ( 'NONE', #706, #9289, #7221, .T. ) ;
#6774 = CARTESIAN_POINT ( 'NONE',  ( -0.8649999999999999911, -0.8649999999999999911, 4.799999999999999822 ) ) ;
#6775 = DIRECTION ( 'NONE',  ( -0.0000000000000000000, 1.000000000000000000, 0.0000000000000000000 ) ) ;
#6776 = EDGE_CURVE ( 'NONE', #197, #6520, #10862, .T. ) ;
#6777 = LINE ( 'NONE', #1371, #4065 ) ;
#6778 = VERTEX_POINT ( 'NONE', #747 ) ;
#6779 = CLOSED_SHELL ( 'NONE', ( #7090, #3564, #11241, #5971, #2097, #516, #9431, #645, #5896, #7716, #9765, #1133, #9880, #4238, #1175, #4792, #11557, #392 ) ) ;
#6780 = DIRECTION ( 'NONE',  ( -1.000000000000000000, 0.0000000000000000000, 0.0000000000000000000 ) ) ;
#6781 = DIRECTION ( 'NONE',  ( 1.953503796022424979E-47, 1.000000000000000000, 9.303908184768099600E-32 ) ) ;
#6782 = FILL_AREA_STYLE_COLOUR ( '', #11560 ) ;
#6783 = CARTESIAN_POINT ( 'NONE',  ( -4.675000000000000711, 0.8850000000000000089, 0.4800000000000009814 ) ) ;
#6784 = CARTESIAN_POINT ( 'NONE',  ( 4.214999999999999858, -0.4050000000000000266, 4.900000000000000355 ) ) ;
#6785 = VECTOR ( 'NONE', #1510, 1000.000000000000000 ) ;
#6786 = ORIENTED_EDGE ( 'NONE', *, *, #2455, .T. ) ;
#6787 = DIRECTION ( 'NONE',  ( 1.000000000000000000, 0.0000000000000000000, -0.0000000000000000000 ) ) ;
#6788 = ADVANCED_BREP_SHAPE_REPRESENTATION ( '1094CAED-08D0-4374-8106-7D5DCF4BAC1A', ( #919, #8678, #8566, #996, #4660, #4885, #604, #4642, #8839, #8506, #8755, #4585, #4698, #858, #8469, #646, #4814, #817, #746, #8586, #4544, #6405 ), #4119 ) ;
#6789 = CARTESIAN_POINT ( 'NONE',  ( 0.4049999999999999156, 0.8850000000000000089, 0.4800000000000009814 ) ) ;
#6790 = DIRECTION ( 'NONE',  ( -1.000000000000000000, 0.0000000000000000000, -0.0000000000000000000 ) ) ;
#6791 = ORIENTED_EDGE ( 'NONE', *, *, #4121, .F. ) ;
#6792 = VECTOR ( 'NONE', #1922, 1000.000000000000000 ) ;
#6793 = LINE ( 'NONE', #11565, #5960 ) ;
#6794 = FACE_OUTER_BOUND ( 'NONE', #11034, .T. ) ;
#6795 = DIRECTION ( 'NONE',  ( -1.000000000000000000, 2.082970027439319880E-16, 1.156280642033610094E-31 ) ) ;
#6796 = LINE ( 'NONE', #10437, #8376 ) ;
#6797 = EDGE_CURVE ( 'NONE', #5248, #10584, #9024, .T. ) ;
#6798 = DIRECTION ( 'NONE',  ( 0.0000000000000000000, 0.0000000000000000000, 1.000000000000000000 ) ) ;
#6799 = ADVANCED_FACE ( 'NONE', ( #9087 ), #8115, .F. ) ;
#6800 = ORIENTED_EDGE ( 'NONE', *, *, #10302, .F. ) ;
#6801 = PLANE ( 'NONE',  #9082 ) ;
#6802 = CARTESIAN_POINT ( 'NONE',  ( 5.485000000000000320, 0.8649999999999999911, 4.799999999999999822 ) ) ;
#6803 = COLOUR_RGB ( '',0.6980392156862744724, 0.5490196078431373028, 0.003921568627450980338 ) ;
#6804 = ORIENTED_EDGE ( 'NONE', *, *, #965, .F. ) ;
#6805 = FACE_OUTER_BOUND ( 'NONE', #4305, .T. ) ;
#6806 = UNCERTAINTY_MEASURE_WITH_UNIT (LENGTH_MEASURE( 1.000000000000000082E-05 ), #2090, 'distance_accuracy_value', 'NONE');
#6807 = PLANE ( 'NONE',  #9707 ) ;
#6808 = ORIENTED_EDGE ( 'NONE', *, *, #8525, .F. ) ;
#6809 = DIRECTION ( 'NONE',  ( -1.953503796022424979E-47, 1.000000000000000000, -9.303908184768099600E-32 ) ) ;
#6810 = DIRECTION ( 'NONE',  ( 0.5773502691896296168, -0.5773502691896230665, 0.5773502691896246208 ) ) ;
#6811 = DIRECTION ( 'NONE',  ( 1.000000000000000000, -2.082970027439319880E-16, 0.0000000000000000000 ) ) ;
#6812 = DIRECTION ( 'NONE',  ( -1.000000000000000000, -1.665334536937729880E-16, 0.0000000000000000000 ) ) ;
#6813 = EDGE_CURVE ( 'NONE', #2988, #2601, #6555, .T. ) ;
#6814 = VERTEX_POINT ( 'NONE', #7397 ) ;
#6815 = ADVANCED_FACE ( 'NONE', ( #192 ), #3005, .T. ) ;
#6816 = ORIENTED_EDGE ( 'NONE', *, *, #5188, .F. ) ;
#6817 = DIRECTION ( 'NONE',  ( 0.0000000000000000000, -0.7071067811865489050, -0.7071067811865460184 ) ) ;
#6818 = DIRECTION ( 'NONE',  ( 0.0000000000000000000, -0.7071067811865489050, 0.7071067811865460184 ) ) ;
#6819 = VERTEX_POINT ( 'NONE', #8521 ) ;
#6820 = DIRECTION ( 'NONE',  ( -0.0000000000000000000, 0.7071067811865461294, 0.7071067811865490160 ) ) ;
#6821 = ORIENTED_EDGE ( 'NONE', *, *, #349, .T. ) ;
#6822 = ADVANCED_FACE ( 'NONE', ( #8406 ), #2045, .F. ) ;
#6823 = AXIS2_PLACEMENT_3D ( 'NONE', #11053, #4800, #11170 ) ;
#6824 = ORIENTED_EDGE ( 'NONE', *, *, #8500, .F. ) ;
#6825 =( LENGTH_UNIT ( ) NAMED_UNIT ( * ) SI_UNIT ( .MILLI., .METRE. ) );
#6826 = ORIENTED_EDGE ( 'NONE', *, *, #4349, .T. ) ;
#6827 = EDGE_CURVE ( 'NONE', #343, #8893, #6539, .T. ) ;
#6828 = CARTESIAN_POINT ( 'NONE',  ( 0.4050000000000000266, 3.200000000000000178, 4.900000000000000355 ) ) ;
#6829 = LINE ( 'NONE', #4103, #1581 ) ;
#6830 = DIRECTION ( 'NONE',  ( -0.7071067811865510144, 0.7071067811865441310, 0.0000000000000000000 ) ) ;
#6831 = VERTEX_POINT ( 'NONE', #10248 ) ;
#6832 = AXIS2_PLACEMENT_3D ( 'NONE', #694, #9970, #10812 ) ;
#6833 = VECTOR ( 'NONE', #8496, 1000.000000000000000 ) ;
#6834 = LINE ( 'NONE', #1430, #4833 ) ;
#6835 = DIRECTION ( 'NONE',  ( 0.0000000000000000000, 0.0000000000000000000, -1.000000000000000000 ) ) ;
#6836 = ORIENTED_EDGE ( 'NONE', *, *, #10254, .T. ) ;
#6837 = DIRECTION ( 'NONE',  ( -0.5773502691896210681, -0.5773502691896280625, 0.5773502691896280625 ) ) ;
#6838 = CARTESIAN_POINT ( 'NONE',  ( -4.445000000000000284, -0.8850000000000000089, 0.4800000000000009814 ) ) ;
#6839 = CARTESIAN_POINT ( 'NONE',  ( 5.844999999999999751, -0.6350000000000000089, 4.900000000000000355 ) ) ;
#6840 = ORIENTED_EDGE ( 'NONE', *, *, #6409, .F. ) ;
#6841 = DIRECTION ( 'NONE',  ( 0.0000000000000000000, -1.000000000000000000, 0.0000000000000000000 ) ) ;
#6842 = EDGE_CURVE ( 'NONE', #7333, #9740, #1038, .T. ) ;
#6843 = VECTOR ( 'NONE', #3658, 1000.000000000000000 ) ;
#6844 = VERTEX_POINT ( 'NONE', #6496 ) ;
#6845 = CARTESIAN_POINT ( 'NONE',  ( -1.675000000000000044, -0.8649999999999997691, 0.4800000000000009814 ) ) ;
#6846 = EDGE_LOOP ( 'NONE', ( #4699, #6320, #10802, #2495 ) ) ;
#6847 = VECTOR ( 'NONE', #4940, 1000.000000000000000 ) ;
#6848 = AXIS2_PLACEMENT_3D ( 'NONE', #6345, #4510, #8134 ) ;
#6849 = EDGE_CURVE ( 'NONE', #367, #7004, #10127, .T. ) ;
#6850 = DIRECTION ( 'NONE',  ( -2.258754526011467242E-16, 1.000000000000000000, 0.0000000000000000000 ) ) ;
#6851 = DIRECTION ( 'NONE',  ( 1.000000000000000000, 2.082970027439319880E-16, -1.156280642033610094E-31 ) ) ;
#6852 = VERTEX_POINT ( 'NONE', #6731 ) ;
#6853 = DIRECTION ( 'NONE',  ( -1.000000000000000000, 0.0000000000000000000, 0.0000000000000000000 ) ) ;
#6854 = CARTESIAN_POINT ( 'NONE',  ( -2.944999999999999840, -0.8850000000000000089, 0.4600000000000009082 ) ) ;
#6855 = DIRECTION ( 'NONE',  ( 0.0000000000000000000, 1.000000000000000000, 0.0000000000000000000 ) ) ;
#6856 = CARTESIAN_POINT ( 'NONE',  ( 5.485000000000000320, -0.8649999999999999911, 0.4800000000000010369 ) ) ;
#6857 = VECTOR ( 'NONE', #1426, 1000.000000000000000 ) ;
#6858 = CYLINDRICAL_SURFACE ( 'NONE', #2974, 0.4800000000000000933 ) ;
#6859 = CARTESIAN_POINT ( 'NONE',  ( -2.134999999999999787, 0.8850000000000000089, 0.4600000000000010192 ) ) ;
#6860 = ORIENTED_EDGE ( 'NONE', *, *, #2938, .T. ) ;
#6861 = PLANE ( 'NONE',  #5585 ) ;
#6862 = VERTEX_POINT ( 'NONE', #9711 ) ;
#6863 = CARTESIAN_POINT ( 'NONE',  ( 3.405000000000000249, 0.4050000000000000266, 4.900000000000000355 ) ) ;
#6864 = VECTOR ( 'NONE', #4133, 1000.000000000000000 ) ;
#6865 = DIRECTION ( 'NONE',  ( -0.0000000000000000000, -1.000000000000000000, -0.0000000000000000000 ) ) ;
#6866 = EDGE_LOOP ( 'NONE', ( #9464, #1243, #5257, #9524 ) ) ;
#6867 = EDGE_CURVE ( 'NONE', #9508, #7785, #5227, .T. ) ;
#6868 = CARTESIAN_POINT ( 'NONE',  ( -3.405000000000000249, 0.8649999999999999911, 4.900000000000000355 ) ) ;
#6869 = PLANE ( 'NONE',  #9756 ) ;
#6870 = LINE ( 'NONE', #1587, #4770 ) ;
#6871 = CARTESIAN_POINT ( 'NONE',  ( -3.405000000000000249, -0.8649999999999999911, 4.900000000000000355 ) ) ;
#6872 = ORIENTED_EDGE ( 'NONE', *, *, #2414, .F. ) ;
#6873 = ORIENTED_EDGE ( 'NONE', *, *, #8225, .F. ) ;
#6874 = DIRECTION ( 'NONE',  ( 1.000000000000000000, 2.082970027439319880E-16, -1.156280642033610094E-31 ) ) ;
#6875 = CARTESIAN_POINT ( 'NONE',  ( 4.144999999999999574, 2.500000000000000000, 0.2999999999999999889 ) ) ;
#6876 = VERTEX_POINT ( 'NONE', #8710 ) ;
#6877 = EDGE_CURVE ( 'NONE', #4889, #11568, #5411, .T. ) ;
#6878 = CARTESIAN_POINT ( 'NONE',  ( -3.044999999999999929, -0.7649999999999994582, 4.900000000000000355 ) ) ;
#6879 = PLANE ( 'NONE',  #3990 ) ;
#6880 = ORIENTED_EDGE ( 'NONE', *, *, #11750, .T. ) ;
#6881 = ADVANCED_FACE ( 'NONE', ( #3997 ), #7620, .T. ) ;
#6882 = AXIS2_PLACEMENT_3D ( 'NONE', #1607, #1672, #2628 ) ;
#6883 = VERTEX_POINT ( 'NONE', #5007 ) ;
#6884 = CARTESIAN_POINT ( 'NONE',  ( 1.675000000000000044, 0.4050000000000000266, 4.900000000000000355 ) ) ;
#6885 = ORIENTED_EDGE ( 'NONE', *, *, #7174, .T. ) ;
#6886 = FACE_OUTER_BOUND ( 'NONE', #110, .T. ) ;
#6887 = DIRECTION ( 'NONE',  ( 0.0000000000000000000, -0.7071067811865470176, 0.7071067811865480168 ) ) ;
#6888 = CARTESIAN_POINT ( 'NONE',  ( 5.945000000000000284, 0.8850000000000000089, 7.632783294297950229E-16 ) ) ;
#6889 = ADVANCED_FACE ( 'NONE', ( #4124 ), #4055, .T. ) ;
#6890 = ORIENTED_EDGE ( 'NONE', *, *, #11586, .F. ) ;
#6891 = AXIS2_PLACEMENT_3D ( 'NONE', #10204, #7693, #3840 ) ;
#6892 = DIRECTION ( 'NONE',  ( -1.000000000000000000, 2.082970027439319880E-16, 1.156280642033610094E-31 ) ) ;
#6893 = ORIENTED_EDGE ( 'NONE', *, *, #3630, .T. ) ;
#6894 = ORIENTED_EDGE ( 'NONE', *, *, #7149, .F. ) ;
#6895 = ADVANCED_FACE ( 'NONE', ( #3176 ), #10428, .F. ) ;
#6896 = ORIENTED_EDGE ( 'NONE', *, *, #262, .F. ) ;
#6897 = CARTESIAN_POINT ( 'NONE',  ( -1.249999999999999778, 1.649999999999999911, 2.100000000000000089 ) ) ;
#6898 = SURFACE_SIDE_STYLE ('',( #8763 ) ) ;
#6899 = ORIENTED_EDGE ( 'NONE', *, *, #5322, .F. ) ;
#6900 = FACE_OUTER_BOUND ( 'NONE', #6652, .T. ) ;
#6901 = VECTOR ( 'NONE', #1278, 1000.000000000000000 ) ;
#6902 = CARTESIAN_POINT ( 'NONE',  ( -0.8649999999999999911, -0.8850000000000000089, 0.4600000000000010192 ) ) ;
#6903 = VERTEX_POINT ( 'NONE', #2222 ) ;
#6904 = EDGE_CURVE ( 'NONE', #700, #11716, #5844, .T. ) ;
#6905 = ADVANCED_FACE ( 'NONE', ( #11507 ), #1383, .F. ) ;
#6906 = ORIENTED_EDGE ( 'NONE', *, *, #2564, .F. ) ;
#6907 = CIRCLE ( 'NONE', #3318, 0.02000000000000005246 ) ;
#6908 = VECTOR ( 'NONE', #8551, 1000.000000000000000 ) ;
#6909 = EDGE_CURVE ( 'NONE', #9743, #8985, #7864, .T. ) ;
#6910 = DIRECTION ( 'NONE',  ( -0.0000000000000000000, -1.000000000000000000, -0.0000000000000000000 ) ) ;
#6911 = DIRECTION ( 'NONE',  ( 1.000000000000000000, 0.0000000000000000000, -2.099659365964729900E-16 ) ) ;
#6912 = ORIENTED_EDGE ( 'NONE', *, *, #826, .F. ) ;
#6913 = FACE_OUTER_BOUND ( 'NONE', #8040, .T. ) ;
#6914 = DIRECTION ( 'NONE',  ( 0.7071067811865461294, 0.7071067811865490160, 4.329780281177481220E-17 ) ) ;
#6915 = PLANE ( 'NONE',  #521 ) ;
#6916 = VERTEX_POINT ( 'NONE', #5963 ) ;
#6917 = FACE_OUTER_BOUND ( 'NONE', #3786, .T. ) ;
#6918 = FACE_OUTER_BOUND ( 'NONE', #4137, .T. ) ;
#6919 = AXIS2_PLACEMENT_3D ( 'NONE', #4000, #4058, #8649 ) ;
#6920 = AXIS2_PLACEMENT_3D ( 'NONE', #1689, #7206, #7926 ) ;
#6921 = DIRECTION ( 'NONE',  ( 1.000000000000000000, 2.082970027439319880E-16, -1.156280642033610094E-31 ) ) ;
#6922 = LINE ( 'NONE', #2970, #3470 ) ;
#6923 = EDGE_LOOP ( 'NONE', ( #5553, #6961, #2202, #5255 ) ) ;
#6924 = CARTESIAN_POINT ( 'NONE',  ( -5.485000000000000320, 0.4050000000000000266, 4.799999999999999822 ) ) ;
#6925 = DIRECTION ( 'NONE',  ( 0.5773502691896257311, -0.5773502691896257311, -0.5773502691896257311 ) ) ;
#6926 = ORIENTED_EDGE ( 'NONE', *, *, #7856, .F. ) ;
#6927 = EDGE_CURVE ( 'NONE', #917, #3270, #7805, .T. ) ;
#6928 = CYLINDRICAL_SURFACE ( 'NONE', #5018, 0.02000000000000005246 ) ;
#6929 = AXIS2_PLACEMENT_3D ( 'NONE', #8574, #3053, #11380 ) ;
#6930 = VECTOR ( 'NONE', #10969, 1000.000000000000000 ) ;
#6931 = VECTOR ( 'NONE', #8837, 1000.000000000000000 ) ;
#6932 = PLANE ( 'NONE',  #2103 ) ;
#6933 = ORIENTED_EDGE ( 'NONE', *, *, #4360, .T. ) ;
#6934 = PLANE ( 'NONE',  #10174 ) ;
#6935 = DIRECTION ( 'NONE',  ( 1.000000000000000000, 2.082970027439319880E-16, 0.0000000000000000000 ) ) ;
#6936 = LINE ( 'NONE', #4331, #1520 ) ;
#6937 = LINE ( 'NONE', #632, #10064 ) ;
#6938 = ORIENTED_EDGE ( 'NONE', *, *, #3981, .F. ) ;
#6939 = VERTEX_POINT ( 'NONE', #8647 ) ;
#6940 = AXIS2_PLACEMENT_3D ( 'NONE', #7451, #7278, #24 ) ;
#6941 = STYLED_ITEM ( 'NONE', ( #6588 ), #8839 ) ;
#6942 = DIRECTION ( 'NONE',  ( 0.0000000000000000000, 0.0000000000000000000, 1.000000000000000000 ) ) ;
#6943 = LINE ( 'NONE', #2615, #9750 ) ;
#6944 = VERTEX_POINT ( 'NONE', #5196 ) ;
#6945 = CARTESIAN_POINT ( 'NONE',  ( -1.675000000000000044, -0.8850000000000000089, 0.4600000000000009082 ) ) ;
#6946 = FACE_OUTER_BOUND ( 'NONE', #1829, .T. ) ;
#6947 = ORIENTED_EDGE ( 'NONE', *, *, #6971, .T. ) ;
#6948 = VECTOR ( 'NONE', #3317, 1000.000000000000000 ) ;
#6949 = VERTEX_POINT ( 'NONE', #9532 ) ;
#6950 = LINE ( 'NONE', #7780, #207 ) ;
#6951 = VERTEX_POINT ( 'NONE', #488 ) ;
#6952 = EDGE_CURVE ( 'NONE', #7730, #9116, #11446, .T. ) ;
#6953 = EDGE_CURVE ( 'NONE', #3193, #6192, #2339, .T. ) ;
#6954 = CARTESIAN_POINT ( 'NONE',  ( -4.214999999999999858, -0.4049999999999996381, 0.4800000000000011480 ) ) ;
#6955 = ADVANCED_FACE ( 'NONE', ( #4947 ), #7677, .T. ) ;
#6956 = VECTOR ( 'NONE', #10741, 1000.000000000000000 ) ;
#6957 = VERTEX_POINT ( 'NONE', #6076 ) ;
#6958 = CARTESIAN_POINT ( 'NONE',  ( 3.405000000000000249, -0.8850000000000000089, 0.4800000000000009814 ) ) ;
#6959 = ORIENTED_EDGE ( 'NONE', *, *, #5604, .F. ) ;
#6960 = PLANE ( 'NONE',  #5217 ) ;
#6961 = ORIENTED_EDGE ( 'NONE', *, *, #9732, .F. ) ;
#6962 = EDGE_LOOP ( 'NONE', ( #7915, #2316, #3757, #4861 ) ) ;
#6963 = CARTESIAN_POINT ( 'NONE',  ( 4.445000000000000284, -0.8649999999999999911, 0.4800000000000009814 ) ) ;
#6964 = VECTOR ( 'NONE', #11588, 1000.000000000000000 ) ;
#6965 = PLANE ( 'NONE',  #11017 ) ;
#6966 = SURFACE_STYLE_USAGE ( .BOTH. , #1497 ) ;
#6967 = ORIENTED_EDGE ( 'NONE', *, *, #5061, .F. ) ;
#6968 = DIRECTION ( 'NONE',  ( 0.5773502691896299499, -0.5773502691896225114, 0.5773502691896250649 ) ) ;
#6969 = EDGE_LOOP ( 'NONE', ( #4117, #3972, #6047, #8887 ) ) ;
#6970 = DIRECTION ( 'NONE',  ( 0.0000000000000000000, -1.000000000000000000, 0.0000000000000000000 ) ) ;
#6971 = EDGE_CURVE ( 'NONE', #343, #11759, #8772, .T. ) ;
#6972 = AXIS2_PLACEMENT_3D ( 'NONE', #2319, #5939, #406 ) ;
#6973 = ORIENTED_EDGE ( 'NONE', *, *, #3275, .T. ) ;
#6974 = VECTOR ( 'NONE', #50, 999.9999999999998863 ) ;
#6975 = CARTESIAN_POINT ( 'NONE',  ( -3.405000000000000249, -0.4050000000000000266, 4.900000000000000355 ) ) ;
#6976 = DIRECTION ( 'NONE',  ( 1.000000000000000000, 0.0000000000000000000, -0.0000000000000000000 ) ) ;
#6977 = LINE ( 'NONE', #9479, #8561 ) ;
#6978 = CARTESIAN_POINT ( 'NONE',  ( -0.3349999999999999090, -2.499999999999999556, 0.2999999999999999889 ) ) ;
#6979 = FACE_OUTER_BOUND ( 'NONE', #3925, .T. ) ;
#6980 = LINE ( 'NONE', #10618, #913 ) ;
#6981 = EDGE_CURVE ( 'NONE', #1659, #2653, #1448, .T. ) ;
#6982 = ORIENTED_EDGE ( 'NONE', *, *, #4458, .T. ) ;
#6983 = FACE_OUTER_BOUND ( 'NONE', #7622, .T. ) ;
#6984 = CARTESIAN_POINT ( 'NONE',  ( 2.134999999999999787, -0.8850000000000000089, 0.4800000000000009814 ) ) ;
#6985 = AXIS2_PLACEMENT_3D ( 'NONE', #5477, #944, #9928 ) ;
#6986 = DIRECTION ( 'NONE',  ( 0.0000000000000000000, -1.000000000000000000, 0.0000000000000000000 ) ) ;
#6987 = CARTESIAN_POINT ( 'NONE',  ( 0.4050000000000000266, 0.4050000000000000266, 4.900000000000000355 ) ) ;
#6988 = ADVANCED_FACE ( 'NONE', ( #365 ), #6201, .F. ) ;
#6989 = VERTEX_POINT ( 'NONE', #4311 ) ;
#6990 = LINE ( 'NONE', #9607, #6580 ) ;
#6991 = CARTESIAN_POINT ( 'NONE',  ( 1.675000000000000044, -0.4050000000000000266, 4.900000000000000355 ) ) ;
#6992 = VERTEX_POINT ( 'NONE', #7093 ) ;
#6993 = DIRECTION ( 'NONE',  ( -1.000000000000000000, -1.665334536937729880E-16, 0.0000000000000000000 ) ) ;
#6994 = DIRECTION ( 'NONE',  ( 0.0000000000000000000, -0.7071067811865460184, 0.7071067811865489050 ) ) ;
#6995 = CARTESIAN_POINT ( 'NONE',  ( -2.035000000000000142, 3.299999999999999378, 0.3600000000000010969 ) ) ;
#6996 = ORIENTED_EDGE ( 'NONE', *, *, #7838, .F. ) ;
#6997 = DIRECTION ( 'NONE',  ( 0.0000000000000000000, -1.000000000000000000, 0.0000000000000000000 ) ) ;
#6998 = CARTESIAN_POINT ( 'NONE',  ( -3.405000000000000249, 3.200000000000000178, 4.900000000000000355 ) ) ;
#6999 = CARTESIAN_POINT ( 'NONE',  ( -4.445000000000000284, -2.500000000000000000, 0.5999999999999999778 ) ) ;
#7000 = EDGE_CURVE ( 'NONE', #11752, #4095, #3422, .T. ) ;
#7001 = CARTESIAN_POINT ( 'NONE',  ( 2.944999999999999840, -0.8850000000000000089, 0.4800000000000009814 ) ) ;
#7002 = EDGE_LOOP ( 'NONE', ( #6564, #1950, #1001, #6243 ) ) ;
#7003 = ADVANCED_FACE ( 'NONE', ( #5315 ), #3587, .T. ) ;
#7004 = VERTEX_POINT ( 'NONE', #1803 ) ;
#7005 = AXIS2_PLACEMENT_3D ( 'NONE', #8148, #827, #10100 ) ;
#7006 = LINE ( 'NONE', #10638, #6964 ) ;
#7007 = LINE ( 'NONE', #3448, #8227 ) ;
#7008 = ORIENTED_EDGE ( 'NONE', *, *, #3373, .F. ) ;
#7009 = CARTESIAN_POINT ( 'NONE',  ( -3.060000000000000053, -0.4550000000000000155, 4.850000000000000533 ) ) ;
#7010 = CARTESIAN_POINT ( 'NONE',  ( -8.600000000002909317, 0.8250000000203729922, 4.799999999999998046 ) ) ;
#7011 = VERTEX_POINT ( 'NONE', #8045 ) ;
#7012 = EDGE_CURVE ( 'NONE', #4143, #10042, #11617, .T. ) ;
#7013 = ORIENTED_EDGE ( 'NONE', *, *, #2846, .T. ) ;
#7014 = DIRECTION ( 'NONE',  ( 0.0000000000000000000, 1.000000000000000000, 0.0000000000000000000 ) ) ;
#7015 = LINE ( 'NONE', #10771, #9547 ) ;
#7016 = CARTESIAN_POINT ( 'NONE',  ( 4.445000000000000284, -3.299999999999999822, 0.3600000000000009859 ) ) ;
#7017 = LINE ( 'NONE', #10656, #3509 ) ;
#7018 = CARTESIAN_POINT ( 'NONE',  ( 8.600000000002909317, -1.650000000040749537, 2.100000000000000089 ) ) ;
#7019 = ORIENTED_EDGE ( 'NONE', *, *, #4361, .F. ) ;
#7020 = ADVANCED_FACE ( 'NONE', ( #3530 ), #907, .T. ) ;
#7021 = ADVANCED_FACE ( 'NONE', ( #4364 ), #4536, .T. ) ;
#7022 = CARTESIAN_POINT ( 'NONE',  ( -0.4050000000000000266, 0.4050000000000000266, 4.799999999999999822 ) ) ;
#7023 = DIRECTION ( 'NONE',  ( -1.953503796022424979E-47, -1.000000000000000000, -9.303908184768099600E-32 ) ) ;
#7024 = ORIENTED_EDGE ( 'NONE', *, *, #3450, .T. ) ;
#7025 = PLANE ( 'NONE',  #1613 ) ;
#7026 = AXIS2_PLACEMENT_3D ( 'NONE', #6679, #7812, #11455 ) ;
#7027 =( NAMED_UNIT ( * ) SI_UNIT ( $, .STERADIAN. ) SOLID_ANGLE_UNIT ( ) );
#7028 = ORIENTED_EDGE ( 'NONE', *, *, #1504, .F. ) ;
#7029 = ORIENTED_EDGE ( 'NONE', *, *, #11426, .T. ) ;
#7030 = EDGE_CURVE ( 'NONE', #46, #6033, #5433, .T. ) ;
#7031 = CARTESIAN_POINT ( 'NONE',  ( 2.035000000000000142, -0.6350000000000000089, 4.900000000000000355 ) ) ;
#7032 = EDGE_CURVE ( 'NONE', #918, #9743, #7986, .T. ) ;
#7033 = LINE ( 'NONE', #1745, #6710 ) ;
#7034 = EDGE_CURVE ( 'NONE', #6306, #6939, #789, .T. ) ;
#7035 = LINE ( 'NONE', #2527, #8630 ) ;
#7036 = VECTOR ( 'NONE', #5229, 1000.000000000000114 ) ;
#7037 = DIRECTION ( 'NONE',  ( 1.000000000000000000, 2.082970027439319880E-16, -1.156280642033610094E-31 ) ) ;
#7038 =( NAMED_UNIT ( * ) PLANE_ANGLE_UNIT ( ) SI_UNIT ( $, .RADIAN. ) );
#7039 = ORIENTED_EDGE ( 'NONE', *, *, #3751, .T. ) ;
#7040 = DIRECTION ( 'NONE',  ( 1.000000000000000000, -0.0000000000000000000, 0.0000000000000000000 ) ) ;
#7041 = CARTESIAN_POINT ( 'NONE',  ( 2.995000000000000107, -3.250000000000000444, 2.564999999999999947 ) ) ;
#7042 = LINE ( 'NONE', #6209, #1173 ) ;
#7043 = LINE ( 'NONE', #1517, #7658 ) ;
#7044 = VECTOR ( 'NONE', #424, 1000.000000000000000 ) ;
#7045 = ORIENTED_EDGE ( 'NONE', *, *, #52, .F. ) ;
#7046 = EDGE_CURVE ( 'NONE', #4772, #1112, #4415, .T. ) ;
#7047 = PLANE ( 'NONE',  #2569 ) ;
#7048 = LINE ( 'NONE', #2542, #8369 ) ;
#7049 = ORIENTED_EDGE ( 'NONE', *, *, #2819, .T. ) ;
#7050 = EDGE_CURVE ( 'NONE', #7892, #9955, #674, .T. ) ;
#7051 = DIRECTION ( 'NONE',  ( 0.7071067811865461294, 0.7071067811865490160, 4.329780281177481220E-17 ) ) ;
#7052 = CARTESIAN_POINT ( 'NONE',  ( -4.675000000000000711, 0.4049999999999998601, 4.799999999999999822 ) ) ;
#7053 = LINE ( 'NONE', #10580, #5348 ) ;
#7054 = ORIENTED_EDGE ( 'NONE', *, *, #11282, .F. ) ;
#7055 = CIRCLE ( 'NONE', #3262, 0.02000000000000005246 ) ;
#7056 = CARTESIAN_POINT ( 'NONE',  ( -5.485000000000000320, -3.200000000000000178, 7.475573979287553072E-16 ) ) ;
#7057 = ORIENTED_EDGE ( 'NONE', *, *, #7542, .T. ) ;
#7058 = VERTEX_POINT ( 'NONE', #6132 ) ;
#7059 = CARTESIAN_POINT ( 'NONE',  ( 1.774999999999999911, 0.5050000000000005596, 4.900000000000000355 ) ) ;
#7060 = DIRECTION ( 'NONE',  ( -0.5773502691896224004, -0.5773502691896273964, -0.5773502691896273964 ) ) ;
#7061 = ORIENTED_EDGE ( 'NONE', *, *, #10244, .F. ) ;
#7062 = EDGE_CURVE ( 'NONE', #8174, #3337, #11728, .T. ) ;
#7063 = AXIS2_PLACEMENT_3D ( 'NONE', #2083, #5767, #11305 ) ;
#7064 = DIRECTION ( 'NONE',  ( -0.0000000000000000000, -0.0000000000000000000, -1.000000000000000000 ) ) ;
#7065 = DIRECTION ( 'NONE',  ( 1.000000000000000000, 0.0000000000000000000, -0.0000000000000000000 ) ) ;
#7066 = DIRECTION ( 'NONE',  ( -1.129587379705449996E-16, 1.000000000000000000, 0.0000000000000000000 ) ) ;
#7067 = ORIENTED_EDGE ( 'NONE', *, *, #4992, .F. ) ;
#7068 = EDGE_CURVE ( 'NONE', #8862, #6462, #7033, .T. ) ;
#7069 = LINE ( 'NONE', #9859, #7682 ) ;
#7070 = EDGE_CURVE ( 'NONE', #2929, #3007, #1630, .T. ) ;
#7071 = ORIENTED_EDGE ( 'NONE', *, *, #7143, .T. ) ;
#7072 = VECTOR ( 'NONE', #5442, 1000.000000000000000 ) ;
#7073 = PLANE ( 'NONE',  #8477 ) ;
#7074 = CARTESIAN_POINT ( 'NONE',  ( -3.060000000000000053, -3.250000000000000444, 0.05000000000000080075 ) ) ;
#7075 = CARTESIAN_POINT ( 'NONE',  ( 2.612972599797700035E-15, 5.806605777328229749E-16, 0.2999999999999999889 ) ) ;
#7076 = DIRECTION ( 'NONE',  ( 0.0000000000000000000, -1.000000000000000000, 0.0000000000000000000 ) ) ;
#7077 = EDGE_CURVE ( 'NONE', #11716, #11534, #2590, .T. ) ;
#7078 = DIRECTION ( 'NONE',  ( -0.7071067811865489050, 0.0000000000000000000, -0.7071067811865460184 ) ) ;
#7079 = ORIENTED_EDGE ( 'NONE', *, *, #2555, .F. ) ;
#7080 = AXIS2_PLACEMENT_3D ( 'NONE', #5894, #11256, #6015 ) ;
#7081 = CARTESIAN_POINT ( 'NONE',  ( -1.675000000000000266, -0.4049999999999999156, 4.799999999999999822 ) ) ;
#7082 = ORIENTED_EDGE ( 'NONE', *, *, #10015, .F. ) ;
#7083 = EDGE_CURVE ( 'NONE', #5479, #9652, #4474, .T. ) ;
#7084 = ORIENTED_EDGE ( 'NONE', *, *, #4542, .T. ) ;
#7085 = CARTESIAN_POINT ( 'NONE',  ( -0.6350000000000000089, 0.8850000000000000089, 0.4800000000000009814 ) ) ;
#7086 = ORIENTED_EDGE ( 'NONE', *, *, #9409, .T. ) ;
#7087 = ORIENTED_EDGE ( 'NONE', *, *, #11567, .F. ) ;
#7088 = VECTOR ( 'NONE', #2986, 1000.000000000000000 ) ;
#7089 = ORIENTED_EDGE ( 'NONE', *, *, #7, .T. ) ;
#7090 = ADVANCED_FACE ( 'NONE', ( #731 ), #8104, .T. ) ;
#7091 = DIRECTION ( 'NONE',  ( 1.000000000000000000, -0.0000000000000000000, 0.0000000000000000000 ) ) ;
#7092 = VECTOR ( 'NONE', #7289, 1000.000000000000000 ) ;
#7093 = CARTESIAN_POINT ( 'NONE',  ( 0.8649999999999999911, 0.8649999999999998801, 4.799999999999999822 ) ) ;
#7094 = SURFACE_SIDE_STYLE ('',( #3475 ) ) ;
#7095 = DIRECTION ( 'NONE',  ( -1.000000000000000000, 2.082970027439319880E-16, 1.156280642033610094E-31 ) ) ;
#7096 = LINE ( 'NONE', #735, #3018 ) ;
#7097 = ORIENTED_EDGE ( 'NONE', *, *, #7580, .F. ) ;
#7098 = DIRECTION ( 'NONE',  ( -1.000000000000000000, 2.082970027439319880E-16, 1.156280642033610094E-31 ) ) ;
#7099 = DIRECTION ( 'NONE',  ( 2.099659365964729900E-16, 9.303908184768099600E-32, 1.000000000000000000 ) ) ;
#7100 = DIRECTION ( 'NONE',  ( -0.0000000000000000000, 8.915067114227699459E-17, -1.000000000000000000 ) ) ;
#7101 = CARTESIAN_POINT ( 'NONE',  ( -5.485000000000000320, -0.8850000000000000089, 0.4800000000000009814 ) ) ;
#7102 = ORIENTED_EDGE ( 'NONE', *, *, #4807, .T. ) ;
#7103 = VECTOR ( 'NONE', #9948, 1000.000000000000000 ) ;
#7104 = EDGE_CURVE ( 'NONE', #7591, #11254, #3679, .T. ) ;
#7105 = ADVANCED_FACE ( 'NONE', ( #11020 ), #9243, .T. ) ;
#7106 = VECTOR ( 'NONE', #7558, 1000.000000000000000 ) ;
#7107 = EDGE_CURVE ( 'NONE', #2434, #11614, #4768, .T. ) ;
#7108 = EDGE_LOOP ( 'NONE', ( #11415, #345, #6713, #11511 ) ) ;
#7109 = DIRECTION ( 'NONE',  ( 0.5773502691896210681, -0.5773502691896280625, 0.5773502691896280625 ) ) ;
#7110 = ORIENTED_EDGE ( 'NONE', *, *, #7680, .F. ) ;
#7111 = CARTESIAN_POINT ( 'NONE',  ( 0.9350000000000009415, 2.500000000000000000, 0.2999999999999999889 ) ) ;
#7112 = VECTOR ( 'NONE', #10373, 1000.000000000000000 ) ;
#7113 = CARTESIAN_POINT ( 'NONE',  ( 4.445000000000000284, 0.7650000000000000133, 4.900000000000000355 ) ) ;
#7114 = CARTESIAN_POINT ( 'NONE',  ( 4.144999999999999574, -2.499999999999999112, 0.2999999999999999889 ) ) ;
#7115 = ORIENTED_EDGE ( 'NONE', *, *, #6728, .T. ) ;
#7116 = VECTOR ( 'NONE', #11490, 1000.000000000000000 ) ;
#7117 = CARTESIAN_POINT ( 'NONE',  ( -1.675000000000000044, -0.4049999999999996381, 0.4800000000000012590 ) ) ;
#7118 = ORIENTED_EDGE ( 'NONE', *, *, #2496, .T. ) ;
#7119 = FACE_OUTER_BOUND ( 'NONE', #9459, .T. ) ;
#7120 = DIRECTION ( 'NONE',  ( 1.632680918566399891E-16, -1.000000000000000000, 0.0000000000000000000 ) ) ;
#7121 = ADVANCED_FACE ( 'NONE', ( #8278 ), #3765, .T. ) ;
#7122 = CIRCLE ( 'NONE', #3696, 0.4800000000000000933 ) ;
#7123 = VECTOR ( 'NONE', #5944, 1000.000000000000000 ) ;
#7124 = AXIS2_PLACEMENT_3D ( 'NONE', #6789, #11387, #6850 ) ;
#7125 = DIRECTION ( 'NONE',  ( 0.0000000000000000000, -0.7071067811865489050, -0.7071067811865460184 ) ) ;
#7126 = CARTESIAN_POINT ( 'NONE',  ( 1.675000000000000044, 0.8850000000000000089, 8.598626602641726038E-16 ) ) ;
#7127 = DIRECTION ( 'NONE',  ( 0.0000000000000000000, -1.000000000000000000, 0.0000000000000000000 ) ) ;
#7128 = LINE ( 'NONE', #10765, #9902 ) ;
#7129 = VECTOR ( 'NONE', #104, 1000.000000000000114 ) ;
#7130 = ORIENTED_EDGE ( 'NONE', *, *, #2382, .F. ) ;
#7131 = ADVANCED_FACE ( 'NONE', ( #2992 ), #1971, .F. ) ;
#7132 = CARTESIAN_POINT ( 'NONE',  ( 0.6350000000000000089, 0.8850000000000000089, 0.4800000000000009814 ) ) ;
#7133 = CARTESIAN_POINT ( 'NONE',  ( -5.945000000000000284, 0.8850000000000000089, 8.636121991262881741E-16 ) ) ;
#7134 = ADVANCED_FACE ( 'NONE', ( #3817 ), #5661, .T. ) ;
#7135 = LINE ( 'NONE', #1784, #897 ) ;
#7136 = VERTEX_POINT ( 'NONE', #3934 ) ;
#7137 = AXIS2_PLACEMENT_3D ( 'NONE', #11467, #11279, #9553 ) ;
#7138 = DIRECTION ( 'NONE',  ( 1.953503796022424979E-47, 1.000000000000000000, 9.303908184768099600E-32 ) ) ;
#7139 = ORIENTED_EDGE ( 'NONE', *, *, #6504, .F. ) ;
#7140 = ORIENTED_EDGE ( 'NONE', *, *, #6659, .T. ) ;
#7141 = FILL_AREA_STYLE ('',( #722 ) ) ;
#7142 = VERTEX_POINT ( 'NONE', #966 ) ;
#7143 = EDGE_CURVE ( 'NONE', #7321, #2666, #6600, .T. ) ;
#7144 = PRODUCT_CONTEXT ( 'NONE', #6326, 'mechanical' ) ;
#7145 = DIRECTION ( 'NONE',  ( 0.0000000000000000000, 0.0000000000000000000, 1.000000000000000000 ) ) ;
#7146 = ORIENTED_EDGE ( 'NONE', *, *, #10620, .T. ) ;
#7147 = AXIS2_PLACEMENT_3D ( 'NONE', #5557, #1030, #3773 ) ;
#7148 = SURFACE_SIDE_STYLE ('',( #4304 ) ) ;
#7149 = EDGE_CURVE ( 'NONE', #7984, #8300, #4711, .T. ) ;
#7150 = VERTEX_POINT ( 'NONE', #298 ) ;
#7151 = AXIS2_PLACEMENT_3D ( 'NONE', #278, #216, #3853 ) ;
#7152 = DIRECTION ( 'NONE',  ( 0.0000000000000000000, -0.7071067811865460184, 0.7071067811865489050 ) ) ;
#7153 = CARTESIAN_POINT ( 'NONE',  ( -4.214999999999999858, -3.200000000000000178, 7.632783294297948257E-16 ) ) ;
#7154 = CARTESIAN_POINT ( 'NONE',  ( -5.844999999999999751, 0.6350000000000000089, 4.900000000000000355 ) ) ;
#7155 = CARTESIAN_POINT ( 'NONE',  ( 5.485000000000000320, -3.200000000000000178, 8.349937824561909005E-16 ) ) ;
#7156 = ORIENTED_EDGE ( 'NONE', *, *, #729, .T. ) ;
#7157 = ADVANCED_FACE ( 'NONE', ( #4599 ), #3874, .T. ) ;
#7158 = CARTESIAN_POINT ( 'NONE',  ( -1.250000000000000000, 2.050000000040750336, 5.200000000000001066 ) ) ;
#7159 = PLANE ( 'NONE',  #394 ) ;
#7160 = LINE ( 'NONE', #18, #8280 ) ;
#7161 = CARTESIAN_POINT ( 'NONE',  ( -2.035000000000000142, -3.299999999999999822, 0.1000000000000011297 ) ) ;
#7162 = ORIENTED_EDGE ( 'NONE', *, *, #7193, .T. ) ;
#7163 = AXIS2_PLACEMENT_3D ( 'NONE', #5206, #433, #7936 ) ;
#7164 = CLOSED_SHELL ( 'NONE', ( #10004, #9969, #11082, #4385, #6228, #2350, #8633, #11368, #7157, #11558, #4809, #7566, #6375, #2175, #5543, #5076, #5664, #7358 ) ) ;
#7165 = ORIENTED_EDGE ( 'NONE', *, *, #8335, .T. ) ;
#7166 = CARTESIAN_POINT ( 'NONE',  ( -5.945000000000000284, 0.8649999999999995470, 0.4800000000000012590 ) ) ;
#7167 = FACE_OUTER_BOUND ( 'NONE', #10460, .T. ) ;
#7168 = ORIENTED_EDGE ( 'NONE', *, *, #6393, .T. ) ;
#7169 = LINE ( 'NONE', #863, #10944 ) ;
#7170 = LINE ( 'NONE', #10809, #4443 ) ;
#7171 = CARTESIAN_POINT ( 'NONE',  ( -4.214999999999999858, 0.8649999999999999911, 4.900000000000000355 ) ) ;
#7172 = ORIENTED_EDGE ( 'NONE', *, *, #9279, .F. ) ;
#7173 = EDGE_CURVE ( 'NONE', #6706, #4527, #5550, .T. ) ;
#7174 = EDGE_CURVE ( 'NONE', #10072, #1556, #179, .T. ) ;
#7175 = FACE_OUTER_BOUND ( 'NONE', #820, .T. ) ;
#7176 = ORIENTED_EDGE ( 'NONE', *, *, #5536, .T. ) ;
#7177 = DIRECTION ( 'NONE',  ( 0.0000000000000000000, 1.000000000000000000, 0.0000000000000000000 ) ) ;
#7178 = AXIS2_PLACEMENT_3D ( 'NONE', #6025, #548, #11510 ) ;
#7179 = DIRECTION ( 'NONE',  ( 0.0000000000000000000, -0.7071067811865460184, 0.7071067811865489050 ) ) ;
#7180 = CARTESIAN_POINT ( 'NONE',  ( 4.575000000000000178, 3.299999999999999378, 2.564999999999999947 ) ) ;
#7181 = ORIENTED_EDGE ( 'NONE', *, *, #10647, .T. ) ;
#7182 = EDGE_CURVE ( 'NONE', #5122, #4931, #7442, .T. ) ;
#7183 = EDGE_CURVE ( 'NONE', #4095, #9655, #6540, .T. ) ;
#7184 =( GEOMETRIC_REPRESENTATION_CONTEXT ( 3 ) GLOBAL_UNCERTAINTY_ASSIGNED_CONTEXT ( ( #10265 ) ) GLOBAL_UNIT_ASSIGNED_CONTEXT ( ( #8164, #5265, #11730 ) ) REPRESENTATION_CONTEXT ( 'NONE', 'WORKASPACE' ) );
#7185 = ORIENTED_EDGE ( 'NONE', *, *, #965, .T. ) ;
#7186 = CARTESIAN_POINT ( 'NONE',  ( -0.9350000000000000533, -2.499999999999999556, 0.2999999999999999889 ) ) ;
#7187 = ORIENTED_EDGE ( 'NONE', *, *, #3002, .T. ) ;
#7188 = DIRECTION ( 'NONE',  ( 0.0000000000000000000, 0.0000000000000000000, -1.000000000000000000 ) ) ;
#7189 = LINE ( 'NONE', #6113, #3485 ) ;
#7190 = PLANE ( 'NONE',  #4339 ) ;
#7191 = EDGE_LOOP ( 'NONE', ( #4025, #1793, #6301, #11608 ) ) ;
#7192 = VECTOR ( 'NONE', #9994, 1000.000000000000000 ) ;
#7193 = EDGE_CURVE ( 'NONE', #2255, #397, #9178, .T. ) ;
#7194 = DIRECTION ( 'NONE',  ( 1.180114444483200076E-18, 0.7071067811865490160, 0.7071067811865461294 ) ) ;
#7195 = ORIENTED_EDGE ( 'NONE', *, *, #7197, .F. ) ;
#7196 = ORIENTED_EDGE ( 'NONE', *, *, #3443, .F. ) ;
#7197 = EDGE_CURVE ( 'NONE', #11107, #10544, #5495, .T. ) ;
#7198 = LINE ( 'NONE', #8943, #8331 ) ;
#7199 = ORIENTED_EDGE ( 'NONE', *, *, #4664, .T. ) ;
#7200 = CARTESIAN_POINT ( 'NONE',  ( -1.675000000000000044, -0.8649999999999999911, 4.900000000000000355 ) ) ;
#7201 =( NAMED_UNIT ( * ) SI_UNIT ( $, .STERADIAN. ) SOLID_ANGLE_UNIT ( ) );
#7202 = CARTESIAN_POINT ( 'NONE',  ( -3.405000000000000249, 0.8850000000000000089, 8.598626602641727024E-16 ) ) ;
#7203 = ORIENTED_EDGE ( 'NONE', *, *, #6041, .T. ) ;
#7204 = ORIENTED_EDGE ( 'NONE', *, *, #1638, .F. ) ;
#7205 = EDGE_CURVE ( 'NONE', #6639, #1123, #1024, .T. ) ;
#7206 = DIRECTION ( 'NONE',  ( -2.099659365964729900E-16, -9.303908184768099600E-32, -1.000000000000000000 ) ) ;
#7207 = ADVANCED_FACE ( 'NONE', ( #11594 ), #5775, .F. ) ;
#7208 = FACE_OUTER_BOUND ( 'NONE', #9733, .T. ) ;
#7209 = LINE ( 'NONE', #2652, #151 ) ;
#7210 = EDGE_LOOP ( 'NONE', ( #10948, #9056, #9455, #2275 ) ) ;
#7211 = CARTESIAN_POINT ( 'NONE',  ( -1.675000000000000044, 0.8649999999999999911, 4.900000000000000355 ) ) ;
#7212 = VECTOR ( 'NONE', #3738, 1000.000000000000000 ) ;
#7213 = CARTESIAN_POINT ( 'NONE',  ( -5.945000000000000284, 0.4049999999999998601, 4.799999999999999822 ) ) ;
#7214 = DIRECTION ( 'NONE',  ( -1.000000000000000000, 0.0000000000000000000, 2.099659365964729900E-16 ) ) ;
#7215 = DIRECTION ( 'NONE',  ( 0.0000000000000000000, -8.915067114227699459E-17, -1.000000000000000000 ) ) ;
#7216 = EDGE_LOOP ( 'NONE', ( #8619, #7949, #6840, #866 ) ) ;
#7217 = EDGE_CURVE ( 'NONE', #3333, #2442, #10357, .T. ) ;
#7218 = VECTOR ( 'NONE', #1388, 1000.000000000000000 ) ;
#7219 = VECTOR ( 'NONE', #4445, 1000.000000000000000 ) ;
#7220 = DIRECTION ( 'NONE',  ( 1.000000000000000000, -2.082970027439319880E-16, -1.156280642033610094E-31 ) ) ;
#7221 = LINE ( 'NONE', #1648, #3698 ) ;
#7222 = CARTESIAN_POINT ( 'NONE',  ( -2.944999999999999840, -0.8850000000000000089, 0.4600000000000009082 ) ) ;
#7223 = ORIENTED_EDGE ( 'NONE', *, *, #4582, .T. ) ;
#7224 = DIRECTION ( 'NONE',  ( 1.000000000000000000, 2.082970027439319880E-16, -1.156280642033610094E-31 ) ) ;
#7225 = CARTESIAN_POINT ( 'NONE',  ( 5.844999999999999751, 3.299999999999999378, 0.3600000000000011524 ) ) ;
#7226 = LINE ( 'NONE', #11691, #1678 ) ;
#7227 = ORIENTED_EDGE ( 'NONE', *, *, #8858, .F. ) ;
#7228 = CARTESIAN_POINT ( 'NONE',  ( -8.600000000002909317, 5.551115123125779744E-16, 2.100000000000000089 ) ) ;
#7229 = CARTESIAN_POINT ( 'NONE',  ( -5.945000000000000284, -3.200000000000000178, 0.4600000000000011302 ) ) ;
#7230 = VECTOR ( 'NONE', #7821, 1000.000000000000000 ) ;
#7231 = ORIENTED_EDGE ( 'NONE', *, *, #3450, .F. ) ;
#7232 = DIRECTION ( 'NONE',  ( -0.5773502691896235106, -0.5773502691896259531, -0.5773502691896279515 ) ) ;
#7233 = DIRECTION ( 'NONE',  ( 1.953503796022424979E-47, -1.000000000000000000, 9.303908184768099600E-32 ) ) ;
#7234 = LINE ( 'NONE', #10875, #11104 ) ;
#7235 = VECTOR ( 'NONE', #5969, 1000.000000000000000 ) ;
#7236 = DIRECTION ( 'NONE',  ( 1.000000000000000000, -1.665334536937729880E-16, 0.0000000000000000000 ) ) ;
#7237 = LINE ( 'NONE', #5346, #5330 ) ;
#7238 = ORIENTED_EDGE ( 'NONE', *, *, #11518, .F. ) ;
#7239 = DIRECTION ( 'NONE',  ( -0.0000000000000000000, 0.7071067811865461294, 0.7071067811865490160 ) ) ;
#7240 = CARTESIAN_POINT ( 'NONE',  ( 5.584999999999999964, -3.299999999999999378, 0.1000000000000010048 ) ) ;
#7241 = ORIENTED_EDGE ( 'NONE', *, *, #1790, .T. ) ;
#7242 = CARTESIAN_POINT ( 'NONE',  ( 2.612972599797700035E-15, 2.500000000000000000, 0.2999999999999999889 ) ) ;
#7243 = VERTEX_POINT ( 'NONE', #3846 ) ;
#7244 = CYLINDRICAL_SURFACE ( 'NONE', #6198, 0.4800000000000000933 ) ;
#7245 = VECTOR ( 'NONE', #6968, 999.9999999999998863 ) ;
#7246 = CARTESIAN_POINT ( 'NONE',  ( -0.6350000000000010081, 3.299999999999999822, 0.2300000000000010092 ) ) ;
#7247 = EDGE_CURVE ( 'NONE', #3571, #6681, #10355, .T. ) ;
#7248 = EDGE_CURVE ( 'NONE', #11614, #3138, #2184, .T. ) ;
#7249 = ORIENTED_EDGE ( 'NONE', *, *, #8638, .F. ) ;
#7250 = DIRECTION ( 'NONE',  ( 0.0000000000000000000, 0.0000000000000000000, 1.000000000000000000 ) ) ;
#7251 = ORIENTED_EDGE ( 'NONE', *, *, #9085, .T. ) ;
#7252 = VECTOR ( 'NONE', #3621, 1000.000000000000000 ) ;
#7253 = ORIENTED_EDGE ( 'NONE', *, *, #10219, .T. ) ;
#7254 = DIRECTION ( 'NONE',  ( -1.000000000000000000, -1.665334536937729880E-16, 0.0000000000000000000 ) ) ;
#7255 = DIRECTION ( 'NONE',  ( 2.082970027439319880E-16, -1.000000000000000000, 6.123233995736769734E-17 ) ) ;
#7256 = ORIENTED_EDGE ( 'NONE', *, *, #3751, .F. ) ;
#7257 = FACE_OUTER_BOUND ( 'NONE', #8721, .T. ) ;
#7258 = ADVANCED_FACE ( 'NONE', ( #8484 ), #330, .T. ) ;
#7259 = PLANE ( 'NONE',  #4803 ) ;
#7260 = ORIENTED_EDGE ( 'NONE', *, *, #3373, .T. ) ;
#7261 = MECHANICAL_DESIGN_GEOMETRIC_PRESENTATION_REPRESENTATION (  '', ( #9361 ), #44 ) ;
#7262 = ADVANCED_FACE ( 'NONE', ( #9384 ), #5750, .F. ) ;
#7263 = VERTEX_POINT ( 'NONE', #3962 ) ;
#7264 = CARTESIAN_POINT ( 'NONE',  ( 0.5049999999999995604, -3.299999999999999378, 2.564999999999999947 ) ) ;
#7265 = PRESENTATION_STYLE_ASSIGNMENT (( #10180 ) ) ;
#7266 = DIRECTION ( 'NONE',  ( -1.000000000000000000, -2.082970027439319880E-16, 1.156280642033610094E-31 ) ) ;
#7267 = VERTEX_POINT ( 'NONE', #11169 ) ;
#7268 = LINE ( 'NONE', #6604, #9973 ) ;
#7269 = VECTOR ( 'NONE', #10099, 1000.000000000000000 ) ;
#7270 = CARTESIAN_POINT ( 'NONE',  ( 0.9350000000000000533, -2.499999999999999556, 0.5999999999999999778 ) ) ;
#7271 = EDGE_CURVE ( 'NONE', #6587, #8498, #2242, .T. ) ;
#7272 = LINE ( 'NONE', #10912, #6956 ) ;
#7273 = PLANE ( 'NONE',  #11443 ) ;
#7274 = ORIENTED_EDGE ( 'NONE', *, *, #3839, .T. ) ;
#7275 = EDGE_CURVE ( 'NONE', #2766, #5140, #1341, .T. ) ;
#7276 = ORIENTED_EDGE ( 'NONE', *, *, #8797, .F. ) ;
#7277 = VECTOR ( 'NONE', #4440, 1000.000000000000000 ) ;
#7278 = DIRECTION ( 'NONE',  ( 0.0000000000000000000, 0.0000000000000000000, 1.000000000000000000 ) ) ;
#7279 = FACE_OUTER_BOUND ( 'NONE', #847, .T. ) ;
#7280 = VERTEX_POINT ( 'NONE', #1225 ) ;
#7281 = LINE ( 'NONE', #8175, #8663 ) ;
#7282 = LINE ( 'NONE', #9908, #4266 ) ;
#7283 = LINE ( 'NONE', #5391, #141 ) ;
#7284 = VERTEX_POINT ( 'NONE', #2006 ) ;
#7285 = DIRECTION ( 'NONE',  ( -0.7071067811865489050, -0.7071067811865460184, 0.0000000000000000000 ) ) ;
#7286 = VECTOR ( 'NONE', #10632, 1000.000000000000000 ) ;
#7287 = EDGE_CURVE ( 'NONE', #312, #3434, #1167, .T. ) ;
#7288 = VECTOR ( 'NONE', #1110, 1000.000000000000000 ) ;
#7289 = DIRECTION ( 'NONE',  ( 1.000000000000000000, -0.0000000000000000000, -2.099659365964729900E-16 ) ) ;
#7290 = EDGE_CURVE ( 'NONE', #6520, #9255, #7417, .T. ) ;
#7291 = CARTESIAN_POINT ( 'NONE',  ( 4.675000000000000711, 3.200000000000000178, 7.632783294297948257E-16 ) ) ;
#7292 = VECTOR ( 'NONE', #11620, 1000.000000000000000 ) ;
#7293 = VECTOR ( 'NONE', #2602, 1000.000000000000000 ) ;
#7294 = DIRECTION ( 'NONE',  ( -0.5773502691896189587, -0.5773502691896290617, 0.5773502691896290617 ) ) ;
#7295 = VERTEX_POINT ( 'NONE', #3908 ) ;
#7296 = CARTESIAN_POINT ( 'NONE',  ( -3.305000000000000160, 3.299999999999999378, 0.3600000000000010969 ) ) ;
#7297 = CARTESIAN_POINT ( 'NONE',  ( 0.6350000000000000089, -0.6350000000000000089, 4.900000000000000355 ) ) ;
#7298 = EDGE_LOOP ( 'NONE', ( #1227, #1875, #1417, #10787, #11227, #10172, #4034, #4167 ) ) ;
#7299 = DIRECTION ( 'NONE',  ( -1.000000000000000000, -1.665334536937729880E-16, 0.0000000000000000000 ) ) ;
#7300 = ORIENTED_EDGE ( 'NONE', *, *, #826, .T. ) ;
#7301 = VECTOR ( 'NONE', #6662, 1000.000000000000000 ) ;
#7302 = VECTOR ( 'NONE', #1893, 1000.000000000000000 ) ;
#7303 = CARTESIAN_POINT ( 'NONE',  ( 0.4550000000000000155, -0.5200000000000000178, 4.850000000000000533 ) ) ;
#7304 = VECTOR ( 'NONE', #5466, 1000.000000000000000 ) ;
#7305 = DIRECTION ( 'NONE',  ( -2.099659365964729900E-16, 9.303908184768099600E-32, -1.000000000000000000 ) ) ;
#7306 = CARTESIAN_POINT ( 'NONE',  ( -4.214999999999999858, -0.4049999999999996381, 0.4800000000000012590 ) ) ;
#7307 = EDGE_LOOP ( 'NONE', ( #3859, #8365, #1844, #2785 ) ) ;
#7308 = CARTESIAN_POINT ( 'NONE',  ( 3.405000000000000249, -0.8850000000000000089, 0.4800000000000009814 ) ) ;
#7309 = CARTESIAN_POINT ( 'NONE',  ( 4.675000000000000711, 0.4050000000000000266, 4.900000000000000355 ) ) ;
#7310 = ORIENTED_EDGE ( 'NONE', *, *, #9744, .F. ) ;
#7311 = CIRCLE ( 'NONE', #4087, 0.4800000000000000933 ) ;
#7312 = VECTOR ( 'NONE', #7387, 1000.000000000000000 ) ;
#7313 = VECTOR ( 'NONE', #10967, 1000.000000000000000 ) ;
#7314 = ORIENTED_EDGE ( 'NONE', *, *, #2751, .F. ) ;
#7315 = LINE ( 'NONE', #5538, #3156 ) ;
#7316 = EDGE_CURVE ( 'NONE', #1563, #8785, #7587, .T. ) ;
#7317 = VERTEX_POINT ( 'NONE', #4967 ) ;
#7318 = ADVANCED_FACE ( 'NONE', ( #11224 ), #3082, .F. ) ;
#7319 = EDGE_CURVE ( 'NONE', #5726, #11018, #10326, .T. ) ;
#7320 = PLANE ( 'NONE',  #5167 ) ;
#7321 = VERTEX_POINT ( 'NONE', #384 ) ;
#7322 = CARTESIAN_POINT ( 'NONE',  ( -5.714999999999999858, -0.8850000000000000089, 0.4800000000000009814 ) ) ;
#7323 = ORIENTED_EDGE ( 'NONE', *, *, #3218, .T. ) ;
#7324 = AXIS2_PLACEMENT_3D ( 'NONE', #1224, #11168, #4857 ) ;
#7325 = AXIS2_PLACEMENT_3D ( 'NONE', #3578, #7433, #1907 ) ;
#7326 = ORIENTED_EDGE ( 'NONE', *, *, #2571, .F. ) ;
#7327 = DIRECTION ( 'NONE',  ( -0.0000000000000000000, 1.000000000000000000, 0.0000000000000000000 ) ) ;
#7328 = CARTESIAN_POINT ( 'NONE',  ( 2.944999999999999840, 0.8649999999999995470, 0.4800000000000012590 ) ) ;
#7329 = LINE ( 'NONE', #5551, #6930 ) ;
#7330 = ADVANCED_FACE ( 'NONE', ( #9444 ), #4017, .F. ) ;
#7331 = VECTOR ( 'NONE', #11100, 1000.000000000000000 ) ;
#7332 = CARTESIAN_POINT ( 'NONE',  ( -4.675000000000000711, -0.8649999999999999911, 4.799999999999999822 ) ) ;
#7333 = VERTEX_POINT ( 'NONE', #6515 ) ;
#7334 = FACE_OUTER_BOUND ( 'NONE', #10016, .T. ) ;
#7335 = CARTESIAN_POINT ( 'NONE',  ( 3.290000000000000036, 0.5050000000000005596, 4.900000000000000355 ) ) ;
#7336 = DIRECTION ( 'NONE',  ( 0.0000000000000000000, 0.0000000000000000000, 1.000000000000000000 ) ) ;
#7337 = DIRECTION ( 'NONE',  ( 3.265361837132810135E-16, -1.000000000000000000, -0.0000000000000000000 ) ) ;
#7338 = VECTOR ( 'NONE', #3728, 1000.000000000000000 ) ;
#7339 = EDGE_LOOP ( 'NONE', ( #2026, #3159, #2742, #10664, #43, #33, #8999, #9215 ) ) ;
#7340 = DIRECTION ( 'NONE',  ( 0.0000000000000000000, -0.7071067811865461294, -0.7071067811865490160 ) ) ;
#7341 = EDGE_CURVE ( 'NONE', #1096, #2668, #10552, .T. ) ;
#7342 = DIRECTION ( 'NONE',  ( -1.000000000000000000, 2.082970027439319880E-16, 1.156280642033610094E-31 ) ) ;
#7343 = CARTESIAN_POINT ( 'NONE',  ( -5.485000000000000320, 3.200000000000000178, 4.900000000000000355 ) ) ;
#7344 = VERTEX_POINT ( 'NONE', #1470 ) ;
#7345 = DIRECTION ( 'NONE',  ( -1.000000000000000000, 0.0000000000000000000, 2.099659365964729900E-16 ) ) ;
#7346 = DIRECTION ( 'NONE',  ( 0.0000000000000000000, -1.000000000000000000, -0.0000000000000000000 ) ) ;
#7347 = ORIENTED_EDGE ( 'NONE', *, *, #8089, .T. ) ;
#7348 = EDGE_CURVE ( 'NONE', #6062, #10104, #3319, .T. ) ;
#7349 = CARTESIAN_POINT ( 'NONE',  ( 5.415000000000000924, 2.500000000000000000, 0.2999999999999999889 ) ) ;
#7350 = ORIENTED_EDGE ( 'NONE', *, *, #3234, .F. ) ;
#7351 = DIRECTION ( 'NONE',  ( -0.0000000000000000000, 1.000000000000000000, 0.0000000000000000000 ) ) ;
#7352 = ORIENTED_EDGE ( 'NONE', *, *, #7856, .T. ) ;
#7353 = LINE ( 'NONE', #10989, #8881 ) ;
#7354 = CARTESIAN_POINT ( 'NONE',  ( 3.174999999999999822, -0.6350000000000000089, 4.900000000000000355 ) ) ;
#7355 = DIRECTION ( 'NONE',  ( 0.0000000000000000000, 0.0000000000000000000, 1.000000000000000000 ) ) ;
#7356 = FACE_OUTER_BOUND ( 'NONE', #9870, .T. ) ;
#7357 = CLOSED_SHELL ( 'NONE', ( #1310, #1961, #3486, #5287, #7756, #9341, #5634, #4161, #8964, #4920, #7364, #11705, #4717, #10726, #10436, #8042, #4308, #4074 ) ) ;
#7358 = ADVANCED_FACE ( 'NONE', ( #4267 ), #6039, .T. ) ;
#7359 = CARTESIAN_POINT ( 'NONE',  ( -2.020000000000000018, -3.250000000000000444, 0.4100000000000009748 ) ) ;
#7360 = DIRECTION ( 'NONE',  ( -0.0000000000000000000, 1.000000000000000000, 0.0000000000000000000 ) ) ;
#7361 = ORIENTED_EDGE ( 'NONE', *, *, #3067, .T. ) ;
#7362 = CARTESIAN_POINT ( 'NONE',  ( 1.674999999999999822, 0.8850000000000000089, 8.636121991262880755E-16 ) ) ;
#7363 = DIRECTION ( 'NONE',  ( -0.0000000000000000000, -1.000000000000000000, -0.0000000000000000000 ) ) ;
#7364 = ADVANCED_FACE ( 'NONE', ( #8860 ), #1586, .T. ) ;
#7365 = ORIENTED_EDGE ( 'NONE', *, *, #9656, .F. ) ;
#7366 = FACE_OUTER_BOUND ( 'NONE', #9315, .T. ) ;
#7367 = ORIENTED_EDGE ( 'NONE', *, *, #10754, .T. ) ;
#7368 = AXIS2_PLACEMENT_3D ( 'NONE', #6616, #6675, #3833 ) ;
#7369 = CARTESIAN_POINT ( 'NONE',  ( 2.944999999999999840, -0.4050000000000000266, 8.673617379884035472E-16 ) ) ;
#7370 = CARTESIAN_POINT ( 'NONE',  ( 1.775000000000000133, -0.7650000000000000133, 4.899999999999999467 ) ) ;
#7371 = ORIENTED_EDGE ( 'NONE', *, *, #2699, .F. ) ;
#7372 = EDGE_CURVE ( 'NONE', #10513, #8421, #1653, .T. ) ;
#7373 = DIRECTION ( 'NONE',  ( 0.0000000000000000000, -1.000000000000000000, -0.0000000000000000000 ) ) ;
#7374 = CARTESIAN_POINT ( 'NONE',  ( 1.790000000000000036, 0.8149999999999999467, 4.850000000000000533 ) ) ;
#7375 = ORIENTED_EDGE ( 'NONE', *, *, #10190, .F. ) ;
#7376 = VECTOR ( 'NONE', #1138, 1000.000000000000114 ) ;
#7377 = ORIENTED_EDGE ( 'NONE', *, *, #8366, .T. ) ;
#7378 = ORIENTED_EDGE ( 'NONE', *, *, #9605, .T. ) ;
#7379 = LINE ( 'NONE', #1796, #9911 ) ;
#7380 = DIRECTION ( 'NONE',  ( 0.0000000000000000000, 0.0000000000000000000, 1.000000000000000000 ) ) ;
#7381 = ORIENTED_EDGE ( 'NONE', *, *, #6072, .T. ) ;
#7382 = COLOUR_RGB ( '',0.6980392156862744724, 0.5490196078431373028, 0.003921568627450980338 ) ;
#7383 = VERTEX_POINT ( 'NONE', #5095 ) ;
#7384 = DIRECTION ( 'NONE',  ( -0.0000000000000000000, -8.915067114227699459E-17, 1.000000000000000000 ) ) ;
#7385 = ADVANCED_FACE ( 'NONE', ( #7765 ), #628, .F. ) ;
#7386 = DIRECTION ( 'NONE',  ( 0.0000000000000000000, 8.915067114227699459E-17, 1.000000000000000000 ) ) ;
#7387 = DIRECTION ( 'NONE',  ( 1.000000000000000000, -0.0000000000000000000, 0.0000000000000000000 ) ) ;
#7388 = FACE_OUTER_BOUND ( 'NONE', #10486, .T. ) ;
#7389 = LINE ( 'NONE', #6546, #6350 ) ;
#7390 = DIRECTION ( 'NONE',  ( -0.0000000000000000000, 0.7071067811865461294, 0.7071067811865490160 ) ) ;
#7391 = SURFACE_STYLE_FILL_AREA ( #1031 ) ;
#7392 = ORIENTED_EDGE ( 'NONE', *, *, #2535, .T. ) ;
#7393 = EDGE_CURVE ( 'NONE', #3337, #4342, #5156, .T. ) ;
#7394 = EDGE_CURVE ( 'NONE', #3471, #10473, #11504, .T. ) ;
#7395 = PLANE ( 'NONE',  #4851 ) ;
#7396 = AXIS2_PLACEMENT_3D ( 'NONE', #1168, #1061, #2909 ) ;
#7397 = CARTESIAN_POINT ( 'NONE',  ( -4.214999999999999858, 0.4050000000000000822, 0.4800000000000010369 ) ) ;
#7398 = PLANE ( 'NONE',  #4580 ) ;
#7399 = VERTEX_POINT ( 'NONE', #7824 ) ;
#7400 = CARTESIAN_POINT ( 'NONE',  ( 5.945000000000000284, 3.200000000000000178, 8.413408858487514408E-16 ) ) ;
#7401 = CARTESIAN_POINT ( 'NONE',  ( -2.134999999999999787, -3.200000000000000178, 4.900000000000000355 ) ) ;
#7402 = CARTESIAN_POINT ( 'NONE',  ( -0.4050000000000000266, 0.8850000000000000089, 7.632783294297950229E-16 ) ) ;
#7403 = ORIENTED_EDGE ( 'NONE', *, *, #6953, .F. ) ;
#7404 = DIRECTION ( 'NONE',  ( -0.0000000000000000000, -0.0000000000000000000, -1.000000000000000000 ) ) ;
#7405 = CARTESIAN_POINT ( 'NONE',  ( 3.304999999999999716, 0.5050000000000000044, 4.899999999999999467 ) ) ;
#7406 = CYLINDRICAL_SURFACE ( 'NONE', #3712, 0.02000000000000005246 ) ;
#7407 = VERTEX_POINT ( 'NONE', #7052 ) ;
#7408 = EDGE_CURVE ( 'NONE', #4120, #10538, #1404, .T. ) ;
#7409 = FACE_OUTER_BOUND ( 'NONE', #9081, .T. ) ;
#7410 = AXIS2_PLACEMENT_3D ( 'NONE', #9804, #4392, #7127 ) ;
#7411 = PLANE ( 'NONE',  #2617 ) ;
#7412 = EDGE_CURVE ( 'NONE', #10170, #1298, #5032, .T. ) ;
#7413 = CARTESIAN_POINT ( 'NONE',  ( 2.944999999999999840, 0.8650000000000001021, 4.799999999999999822 ) ) ;
#7414 = DIRECTION ( 'NONE',  ( -0.7071067811865510144, -0.7071067811865441310, 0.0000000000000000000 ) ) ;
#7415 = ORIENTED_EDGE ( 'NONE', *, *, #119, .T. ) ;
#7416 = CARTESIAN_POINT ( 'NONE',  ( -3.475000000000000089, -2.499999999999999556, 0.5999999999999999778 ) ) ;
#7417 = LINE ( 'NONE', #8426, #9975 ) ;
#7418 = CARTESIAN_POINT ( 'NONE',  ( -3.174999999999999822, -2.500000000000000000, 0.5999999999999999778 ) ) ;
#7419 = VECTOR ( 'NONE', #6732, 1000.000000000000000 ) ;
#7420 = DIRECTION ( 'NONE',  ( 0.0000000000000000000, 0.0000000000000000000, 1.000000000000000000 ) ) ;
#7421 = VERTEX_POINT ( 'NONE', #9615 ) ;
#7422 = LINE ( 'NONE', #8192, #4788 ) ;
#7423 = ORIENTED_EDGE ( 'NONE', *, *, #7567, .F. ) ;
#7424 = ADVANCED_FACE ( 'NONE', ( #9790 ), #6869, .F. ) ;
#7425 = FACE_OUTER_BOUND ( 'NONE', #10292, .T. ) ;
#7426 = VECTOR ( 'NONE', #3538, 1000.000000000000000 ) ;
#7427 = EDGE_CURVE ( 'NONE', #8644, #3309, #10692, .T. ) ;
#7428 = VECTOR ( 'NONE', #5276, 1000.000000000000000 ) ;
#7429 = EDGE_CURVE ( 'NONE', #2868, #9448, #3195, .T. ) ;
#7430 = CARTESIAN_POINT ( 'NONE',  ( 0.5200000000000000178, -0.7649999999999994582, 4.900000000000000355 ) ) ;
#7431 = EDGE_LOOP ( 'NONE', ( #9619, #8447, #3410, #5428 ) ) ;
#7432 = ORIENTED_EDGE ( 'NONE', *, *, #2610, .F. ) ;
#7433 = DIRECTION ( 'NONE',  ( 0.7071067811865461294, 0.0000000000000000000, -0.7071067811865490160 ) ) ;
#7434 = ORIENTED_EDGE ( 'NONE', *, *, #8667, .T. ) ;
#7435 = AXIS2_PLACEMENT_3D ( 'NONE', #7132, #10768, #6231 ) ;
#7436 = PLANE ( 'NONE',  #30 ) ;
#7437 = ADVANCED_FACE ( 'NONE', ( #6151 ), #11348, .F. ) ;
#7438 = FACE_OUTER_BOUND ( 'NONE', #7887, .T. ) ;
#7439 = VERTEX_POINT ( 'NONE', #6094 ) ;
#7440 = ADVANCED_FACE ( 'NONE', ( #5279 ), #8918, .T. ) ;
#7441 = VECTOR ( 'NONE', #2040, 1000.000000000000000 ) ;
#7442 = LINE ( 'NONE', #3699, #10721 ) ;
#7443 = CARTESIAN_POINT ( 'NONE',  ( -3.405000000000000249, 0.8650000000000001021, 4.799999999999999822 ) ) ;
#7444 = LINE ( 'NONE', #71, #7745 ) ;
#7445 = ORIENTED_EDGE ( 'NONE', *, *, #4486, .T. ) ;
#7446 = CARTESIAN_POINT ( 'NONE',  ( -2.134999999999999787, 0.4049999999999998046, 0.4800000000000010369 ) ) ;
#7447 = CARTESIAN_POINT ( 'NONE',  ( 4.574999999999999289, 0.5050000000000000044, 4.899999999999999467 ) ) ;
#7448 = DIRECTION ( 'NONE',  ( 1.000000000000000000, 0.0000000000000000000, -0.0000000000000000000 ) ) ;
#7449 =( LENGTH_UNIT ( ) NAMED_UNIT ( * ) SI_UNIT ( .MILLI., .METRE. ) );
#7450 = EDGE_LOOP ( 'NONE', ( #8534, #836, #1786, #10834 ) ) ;
#7451 = CARTESIAN_POINT ( 'NONE',  ( -3.174999999999999822, 0.6350000000000000089, 4.900000000000000355 ) ) ;
#7452 = VECTOR ( 'NONE', #164, 1000.000000000000000 ) ;
#7453 = FACE_OUTER_BOUND ( 'NONE', #11328, .T. ) ;
#7454 = VERTEX_POINT ( 'NONE', #11409 ) ;
#7455 = LINE ( 'NONE', #11092, #5804 ) ;
#7456 = DIRECTION ( 'NONE',  ( 0.0000000000000000000, -8.915067114227699459E-17, -1.000000000000000000 ) ) ;
#7457 = FACE_OUTER_BOUND ( 'NONE', #5997, .T. ) ;
#7458 = ORIENTED_EDGE ( 'NONE', *, *, #3051, .F. ) ;
#7459 = LINE ( 'NONE', #8354, #2593 ) ;
#7460 = DIRECTION ( 'NONE',  ( -0.5773502691896207351, -0.5773502691896282846, 0.5773502691896282846 ) ) ;
#7461 = ADVANCED_FACE ( 'NONE', ( #2360 ), #5984, .T. ) ;
#7462 = CARTESIAN_POINT ( 'NONE',  ( -1.790000000000000036, 0.5050000000000005596, 4.900000000000000355 ) ) ;
#7463 = EDGE_CURVE ( 'NONE', #3096, #2630, #4493, .T. ) ;
#7464 = ORIENTED_EDGE ( 'NONE', *, *, #2496, .F. ) ;
#7465 = AXIS2_PLACEMENT_3D ( 'NONE', #4975, #5818, #8490 ) ;
#7466 = DIRECTION ( 'NONE',  ( -0.5773502691896313932, -0.5773502691896245098, 0.5773502691896214012 ) ) ;
#7467 = FACE_OUTER_BOUND ( 'NONE', #10332, .T. ) ;
#7468 = FACE_OUTER_BOUND ( 'NONE', #162, .T. ) ;
#7469 = ORIENTED_EDGE ( 'NONE', *, *, #11070, .F. ) ;
#7470 = DIRECTION ( 'NONE',  ( -1.000000000000000000, 0.0000000000000000000, 2.099659365964729900E-16 ) ) ;
#7471 = CARTESIAN_POINT ( 'NONE',  ( -4.330000000000000071, -0.4550000000000000155, 4.850000000000000533 ) ) ;
#7472 = LINE ( 'NONE', #4689, #4564 ) ;
#7473 = VECTOR ( 'NONE', #5574, 1000.000000000000000 ) ;
#7474 = DIRECTION ( 'NONE',  ( -1.000000000000000000, 2.082970027439319880E-16, 1.156280642033610094E-31 ) ) ;
#7475 = VERTEX_POINT ( 'NONE', #8233 ) ;
#7476 = EDGE_CURVE ( 'NONE', #10104, #53, #11690, .T. ) ;
#7477 = LINE ( 'NONE', #8659, #11624 ) ;
#7478 = EDGE_LOOP ( 'NONE', ( #4469, #4977, #9648, #7743 ) ) ;
#7479 = LINE ( 'NONE', #9502, #4688 ) ;
#7480 = LINE ( 'NONE', #6466, #4419 ) ;
#7481 = VECTOR ( 'NONE', #253, 1000.000000000000000 ) ;
#7482 = VECTOR ( 'NONE', #4921, 1000.000000000000000 ) ;
#7483 = DIRECTION ( 'NONE',  ( 1.000000000000000000, 0.0000000000000000000, -0.0000000000000000000 ) ) ;
#7484 = CARTESIAN_POINT ( 'NONE',  ( 1.725000000000000089, 3.250000000000000444, 2.564999999999999947 ) ) ;
#7485 = ORIENTED_EDGE ( 'NONE', *, *, #2204, .F. ) ;
#7486 = EDGE_CURVE ( 'NONE', #10002, #9217, #5390, .T. ) ;
#7487 = ORIENTED_EDGE ( 'NONE', *, *, #4846, .T. ) ;
#7488 = PLANE ( 'NONE',  #5040 ) ;
#7489 = AXIS2_PLACEMENT_3D ( 'NONE', #11643, #2793, #7125 ) ;
#7490 = DIRECTION ( 'NONE',  ( 0.0000000000000000000, -0.7071067811865460184, 0.7071067811865489050 ) ) ;
#7491 = ORIENTED_EDGE ( 'NONE', *, *, #4588, .T. ) ;
#7492 = VECTOR ( 'NONE', #6703, 1000.000000000000000 ) ;
#7493 = EDGE_CURVE ( 'NONE', #2666, #10072, #5451, .T. ) ;
#7494 = DIRECTION ( 'NONE',  ( 0.0000000000000000000, -0.7071067811865489050, 0.7071067811865460184 ) ) ;
#7495 = CARTESIAN_POINT ( 'NONE',  ( -4.445000000000000284, 3.299999999999999822, 0.2300000000000010092 ) ) ;
#7496 = DIRECTION ( 'NONE',  ( 0.0000000000000000000, 1.000000000000000000, 0.0000000000000000000 ) ) ;
#7497 = VERTEX_POINT ( 'NONE', #2664 ) ;
#7498 = AXIS2_PLACEMENT_3D ( 'NONE', #911, #9184, #1028 ) ;
#7499 = VECTOR ( 'NONE', #11757, 1000.000000000000000 ) ;
#7500 = ORIENTED_EDGE ( 'NONE', *, *, #2126, .F. ) ;
#7501 = EDGE_CURVE ( 'NONE', #4897, #3571, #8064, .T. ) ;
#7502 = DIRECTION ( 'NONE',  ( -0.7071067811865510144, 0.7071067811865441310, 0.0000000000000000000 ) ) ;
#7503 = DIRECTION ( 'NONE',  ( -0.5773502691896257311, 0.5773502691896246208, 0.5773502691896269523 ) ) ;
#7504 = SURFACE_STYLE_USAGE ( .BOTH. , #10117 ) ;
#7505 = DIRECTION ( 'NONE',  ( 1.000000000000000000, 0.0000000000000000000, -0.0000000000000000000 ) ) ;
#7506 = CARTESIAN_POINT ( 'NONE',  ( -1.905000000000000027, 0.6350000000000000089, 4.900000000000000355 ) ) ;
#7507 = EDGE_CURVE ( 'NONE', #1206, #4889, #7170, .T. ) ;
#7508 = CIRCLE ( 'NONE', #9784, 0.4800000000000000933 ) ;
#7509 = LINE ( 'NONE', #8342, #8676 ) ;
#7510 = VERTEX_POINT ( 'NONE', #979 ) ;
#7511 = CIRCLE ( 'NONE', #9609, 0.4800000000000000933 ) ;
#7512 = EDGE_CURVE ( 'NONE', #10349, #1303, #7282, .T. ) ;
#7513 = DIRECTION ( 'NONE',  ( -1.000000000000000000, 2.082970027439319880E-16, -0.0000000000000000000 ) ) ;
#7514 = PLANE ( 'NONE',  #9890 ) ;
#7515 = ORIENTED_EDGE ( 'NONE', *, *, #11061, .F. ) ;
#7516 = CARTESIAN_POINT ( 'NONE',  ( 4.264999999999999680, 3.250000000000000444, 2.564999999999999947 ) ) ;
#7517 = PLANE ( 'NONE',  #1605 ) ;
#7518 = LINE ( 'NONE', #11156, #4888 ) ;
#7519 = ORIENTED_EDGE ( 'NONE', *, *, #1638, .T. ) ;
#7520 = DIRECTION ( 'NONE',  ( -1.000000000000000000, 8.344669262702679687E-19, 8.344669262702645020E-19 ) ) ;
#7521 = LINE ( 'NONE', #11158, #10646 ) ;
#7522 = PLANE ( 'NONE',  #9245 ) ;
#7523 = AXIS2_PLACEMENT_3D ( 'NONE', #2039, #4989, #6608 ) ;
#7524 = FACE_OUTER_BOUND ( 'NONE', #6672, .T. ) ;
#7525 = LINE ( 'NONE', #11216, #9562 ) ;
#7526 = VERTEX_POINT ( 'NONE', #9848 ) ;
#7527 = CYLINDRICAL_SURFACE ( 'NONE', #824, 0.4800000000000000933 ) ;
#7528 = UNCERTAINTY_MEASURE_WITH_UNIT (LENGTH_MEASURE( 1.000000000000000082E-05 ), #8954, 'distance_accuracy_value', 'NONE');
#7529 = EDGE_CURVE ( 'NONE', #7263, #8798, #923, .T. ) ;
#7530 = DIRECTION ( 'NONE',  ( 0.0000000000000000000, -0.7071067811865461294, -0.7071067811865490160 ) ) ;
#7531 = ORIENTED_EDGE ( 'NONE', *, *, #8708, .T. ) ;
#7532 = EDGE_CURVE ( 'NONE', #4260, #11683, #10074, .T. ) ;
#7533 = AXIS2_PLACEMENT_3D ( 'NONE', #11708, #7188, #1067 ) ;
#7534 = CARTESIAN_POINT ( 'NONE',  ( -5.485000000000000320, -0.8849999999999998979, 8.673617379884035472E-16 ) ) ;
#7535 = ORIENTED_EDGE ( 'NONE', *, *, #4373, .T. ) ;
#7536 = LINE ( 'NONE', #10275, #7627 ) ;
#7537 = ORIENTED_EDGE ( 'NONE', *, *, #11178, .F. ) ;
#7538 = CARTESIAN_POINT ( 'NONE',  ( -5.945000000000000284, 3.200000000000000178, 0.4600000000000010747 ) ) ;
#7539 = CARTESIAN_POINT ( 'NONE',  ( -5.945000000000000284, -0.8850000000000000089, 0.4600000000000010192 ) ) ;
#7540 = VECTOR ( 'NONE', #2383, 1000.000000000000000 ) ;
#7541 = AXIS2_PLACEMENT_3D ( 'NONE', #6235, #4519, #8995 ) ;
#7542 = EDGE_CURVE ( 'NONE', #8729, #700, #4554, .T. ) ;
#7543 = LINE ( 'NONE', #1356, #1794 ) ;
#7544 = CARTESIAN_POINT ( 'NONE',  ( -3.475000000000000089, 2.500000000000000000, 0.2999999999999999889 ) ) ;
#7545 = ORIENTED_EDGE ( 'NONE', *, *, #2609, .T. ) ;
#7546 = ADVANCED_FACE ( 'NONE', ( #11746 ), #3661, .T. ) ;
#7547 = ORIENTED_EDGE ( 'NONE', *, *, #4992, .T. ) ;
#7548 = DIRECTION ( 'NONE',  ( -0.5773502691896267303, 0.5773502691896240657, -0.5773502691896265082 ) ) ;
#7549 = AXIS2_PLACEMENT_3D ( 'NONE', #11331, #8587, #2284 ) ;
#7550 = VERTEX_POINT ( 'NONE', #3602 ) ;
#7551 = DIRECTION ( 'NONE',  ( 0.0000000000000000000, 1.000000000000000000, -0.0000000000000000000 ) ) ;
#7552 = VERTEX_POINT ( 'NONE', #7225 ) ;
#7553 = ORIENTED_EDGE ( 'NONE', *, *, #7841, .T. ) ;
#7554 = DIRECTION ( 'NONE',  ( 0.0000000000000000000, -1.000000000000000000, 0.0000000000000000000 ) ) ;
#7555 = EDGE_CURVE ( 'NONE', #5122, #10152, #10866, .T. ) ;
#7556 = CARTESIAN_POINT ( 'NONE',  ( -3.405000000000000249, -3.200000000000000178, 0.4600000000000010192 ) ) ;
#7557 =( NAMED_UNIT ( * ) SI_UNIT ( $, .STERADIAN. ) SOLID_ANGLE_UNIT ( ) );
#7558 = DIRECTION ( 'NONE',  ( 0.0000000000000000000, 1.000000000000000000, -0.0000000000000000000 ) ) ;
#7559 = PLANE ( 'NONE',  #8492 ) ;
#7560 = CARTESIAN_POINT ( 'NONE',  ( -2.944999999999999840, 0.8649999999999999911, 0.4600000000000011857 ) ) ;
#7561 = EDGE_LOOP ( 'NONE', ( #2838, #5199, #7241, #6507 ) ) ;
#7562 = VECTOR ( 'NONE', #5663, 999.9999999999998863 ) ;
#7563 =( NAMED_UNIT ( * ) PLANE_ANGLE_UNIT ( ) SI_UNIT ( $, .RADIAN. ) );
#7564 = ADVANCED_FACE ( 'NONE', ( #6327 ), #1883, .F. ) ;
#7565 = ORIENTED_EDGE ( 'NONE', *, *, #7107, .F. ) ;
#7566 = ADVANCED_FACE ( 'NONE', ( #6447 ), #1706, .T. ) ;
#7567 = EDGE_CURVE ( 'NONE', #883, #5149, #8004, .T. ) ;
#7569 = VECTOR ( 'NONE', #7023, 1000.000000000000000 ) ;
#7568 = FACE_OUTER_BOUND ( 'NONE', #4344, .T. ) ;
#7570 = DIRECTION ( 'NONE',  ( 0.0000000000000000000, 8.915067114227699459E-17, -1.000000000000000000 ) ) ;
#7571 = ORIENTED_EDGE ( 'NONE', *, *, #3174, .T. ) ;
#7572 = CARTESIAN_POINT ( 'NONE',  ( 2.134999999999999787, 0.4050000000000000266, 4.799999999999999822 ) ) ;
#7573 = DIRECTION ( 'NONE',  ( -0.0000000000000000000, -0.0000000000000000000, 1.000000000000000000 ) ) ;
#7574 = LINE ( 'NONE', #10253, #7738 ) ;
#7575 = DIRECTION ( 'NONE',  ( -0.5773502691896249539, 0.5773502691896249539, -0.5773502691896273964 ) ) ;
#7576 = FACE_OUTER_BOUND ( 'NONE', #1982, .T. ) ;
#7577 = FACE_OUTER_BOUND ( 'NONE', #7339, .T. ) ;
#7578 = EDGE_LOOP ( 'NONE', ( #5788, #1658, #5300, #10147 ) ) ;
#7579 = FACE_OUTER_BOUND ( 'NONE', #5422, .T. ) ;
#7580 = EDGE_CURVE ( 'NONE', #6957, #6951, #5334, .T. ) ;
#7581 = CARTESIAN_POINT ( 'NONE',  ( -0.7500000000000009992, 3.250000000000000444, 0.4100000000000009748 ) ) ;
#7582 = ORIENTED_EDGE ( 'NONE', *, *, #3702, .T. ) ;
#7583 = DIRECTION ( 'NONE',  ( 0.7071067811865441310, 0.7071067811865510144, -4.329780281177489848E-17 ) ) ;
#7584 = CARTESIAN_POINT ( 'NONE',  ( 4.745000000000000107, 5.806605777328229749E-16, 0.2999999999999999889 ) ) ;
#7585 = ORIENTED_EDGE ( 'NONE', *, *, #9529, .T. ) ;
#7586 = PLANE ( 'NONE',  #8273 ) ;
#7587 = LINE ( 'NONE', #10269, #4843 ) ;
#7588 = CARTESIAN_POINT ( 'NONE',  ( -2.944999999999999840, -0.4049999999999994160, 4.799999999999999822 ) ) ;
#7589 = ORIENTED_EDGE ( 'NONE', *, *, #7486, .T. ) ;
#7590 = CIRCLE ( 'NONE', #6634, 0.4800000000000000933 ) ;
#7591 = VERTEX_POINT ( 'NONE', #6674 ) ;
#7592 = CARTESIAN_POINT ( 'NONE',  ( -0.8649999999999999911, -0.8649999999999999911, 4.900000000000000355 ) ) ;
#7593 = DIRECTION ( 'NONE',  ( 0.0000000000000000000, -1.000000000000000000, 0.0000000000000000000 ) ) ;
#7595 = VERTEX_POINT ( 'NONE', #1266 ) ;
#7594 = EDGE_CURVE ( 'NONE', #5404, #10397, #3949, .T. ) ;
#7596 = AXIS2_PLACEMENT_3D ( 'NONE', #565, #9446, #7828 ) ;
#7597 = LINE ( 'NONE', #1238, #7482 ) ;
#7598 = DIRECTION ( 'NONE',  ( 1.000000000000000000, -2.082970027439319880E-16, -1.156280642033610094E-31 ) ) ;
#7599 = VERTEX_POINT ( 'NONE', #9257 ) ;
#7600 = VECTOR ( 'NONE', #4696, 1000.000000000000000 ) ;
#7601 = ORIENTED_EDGE ( 'NONE', *, *, #5326, .F. ) ;
#7602 = DIRECTION ( 'NONE',  ( 0.0000000000000000000, -1.000000000000000000, 8.915067114227699459E-17 ) ) ;
#7603 = ORIENTED_EDGE ( 'NONE', *, *, #3132, .T. ) ;
#7604 = FACE_OUTER_BOUND ( 'NONE', #3899, .T. ) ;
#7605 = ADVANCED_FACE ( 'NONE', ( #195 ), #9371, .T. ) ;
#7606 = EDGE_CURVE ( 'NONE', #4613, #8378, #6907, .T. ) ;
#7607 = VECTOR ( 'NONE', #11090, 1000.000000000000000 ) ;
#7608 = ORIENTED_EDGE ( 'NONE', *, *, #3443, .T. ) ;
#7609 = ORIENTED_EDGE ( 'NONE', *, *, #3702, .F. ) ;
#7610 = AXIS2_PLACEMENT_3D ( 'NONE', #11441, #4049, #4886 ) ;
#7611 =( NAMED_UNIT ( * ) SI_UNIT ( $, .STERADIAN. ) SOLID_ANGLE_UNIT ( ) );
#7612 = CARTESIAN_POINT ( 'NONE',  ( 4.575000000000000178, 3.299999999999999378, 0.3600000000000007638 ) ) ;
#7613 = EDGE_CURVE ( 'NONE', #7333, #6639, #4895, .T. ) ;
#7614 = ORIENTED_EDGE ( 'NONE', *, *, #6393, .F. ) ;
#7615 = CARTESIAN_POINT ( 'NONE',  ( -5.485000000000000320, 3.200000000000000178, 9.256677214865138390E-16 ) ) ;
#7616 = CARTESIAN_POINT ( 'NONE',  ( -4.214999999999999858, -0.8649999999999997691, 0.4800000000000009814 ) ) ;
#7617 = EDGE_CURVE ( 'NONE', #4375, #3471, #3121, .T. ) ;
#7618 = VECTOR ( 'NONE', #5254, 1000.000000000000000 ) ;
#7619 = EDGE_LOOP ( 'NONE', ( #5430, #8852, #4163, #8443 ) ) ;
#7620 = PLANE ( 'NONE',  #1994 ) ;
#7621 = DIRECTION ( 'NONE',  ( 1.000000000000000000, 0.0000000000000000000, -0.0000000000000000000 ) ) ;
#7622 = EDGE_LOOP ( 'NONE', ( #10225, #10441, #5092, #9066 ) ) ;
#7623 = CARTESIAN_POINT ( 'NONE',  ( 3.405000000000000249, 0.8649999999999998801, 4.799999999999999822 ) ) ;
#7624 = DIRECTION ( 'NONE',  ( -0.5773502691896280625, -0.5773502691896261751, -0.5773502691896230665 ) ) ;
#7625 = ADVANCED_FACE ( 'NONE', ( #1044 ), #5676, .T. ) ;
#7626 = LINE ( 'NONE', #8655, #5047 ) ;
#7627 = VECTOR ( 'NONE', #6635, 1000.000000000000000 ) ;
#7628 = LINE ( 'NONE', #2167, #4767 ) ;
#7629 = LINE ( 'NONE', #9540, #6194 ) ;
#7630 = ORIENTED_EDGE ( 'NONE', *, *, #1909, .T. ) ;
#7631 = DIRECTION ( 'NONE',  ( 1.275451288411719683E-32, -6.123233995736769734E-17, -1.000000000000000000 ) ) ;
#7632 = ORIENTED_EDGE ( 'NONE', *, *, #2233, .T. ) ;
#7633 = AXIS2_PLACEMENT_3D ( 'NONE', #64, #2872, #959 ) ;
#7634 = PLANE ( 'NONE',  #248 ) ;
#7635 = UNCERTAINTY_MEASURE_WITH_UNIT (LENGTH_MEASURE( 1.000000000000000082E-05 ), #10530, 'distance_accuracy_value', 'NONE');
#7636 = FACE_OUTER_BOUND ( 'NONE', #10554, .T. ) ;
#7637 = VERTEX_POINT ( 'NONE', #1099 ) ;
#7638 = LINE ( 'NONE', #8539, #8463 ) ;
#7639 = DIRECTION ( 'NONE',  ( 3.061616997868386716E-17, 3.061616997868399658E-17, -1.000000000000000000 ) ) ;
#7640 = ADVANCED_FACE ( 'NONE', ( #11208 ), #6615, .T. ) ;
#7641 = CARTESIAN_POINT ( 'NONE',  ( 2.944999999999999840, -0.8649999999999999911, 4.900000000000000355 ) ) ;
#7642 = ORIENTED_EDGE ( 'NONE', *, *, #10833, .F. ) ;
#7643 = AXIS2_PLACEMENT_3D ( 'NONE', #2805, #11004, #11767 ) ;
#7644 = ADVANCED_FACE ( 'NONE', ( #10195 ), #9426, .T. ) ;
#7645 = ORIENTED_EDGE ( 'NONE', *, *, #6112, .T. ) ;
#7646 = DIRECTION ( 'NONE',  ( 0.0000000000000000000, -0.7071067811865460184, 0.7071067811865489050 ) ) ;
#7647 = DIRECTION ( 'NONE',  ( 0.0000000000000000000, 1.000000000000000000, 0.0000000000000000000 ) ) ;
#7648 = ORIENTED_EDGE ( 'NONE', *, *, #8160, .F. ) ;
#7649 = ORIENTED_EDGE ( 'NONE', *, *, #6417, .T. ) ;
#7650 = VECTOR ( 'NONE', #4793, 1000.000000000000000 ) ;
#7651 = DIRECTION ( 'NONE',  ( 0.0000000000000000000, -8.915067114227699459E-17, 1.000000000000000000 ) ) ;
#7652 = ORIENTED_EDGE ( 'NONE', *, *, #5299, .T. ) ;
#7653 = VERTEX_POINT ( 'NONE', #3781 ) ;
#7654 = LINE ( 'NONE', #10404, #6372 ) ;
#7655 = VERTEX_POINT ( 'NONE', #9197 ) ;
#7656 = CARTESIAN_POINT ( 'NONE',  ( -3.304999999999999716, -0.7650000000000000133, 4.899999999999999467 ) ) ;
#7657 = VECTOR ( 'NONE', #6810, 1000.000000000000114 ) ;
#7658 = VECTOR ( 'NONE', #4322, 1000.000000000000227 ) ;
#7659 = DIRECTION ( 'NONE',  ( -0.7071067811865461294, 0.0000000000000000000, 0.7071067811865490160 ) ) ;
#7660 = ORIENTED_EDGE ( 'NONE', *, *, #5322, .T. ) ;
#7661 = ORIENTED_EDGE ( 'NONE', *, *, #9045, .T. ) ;
#7662 = AXIS2_PLACEMENT_3D ( 'NONE', #11488, #8817, #5121 ) ;
#7663 = EDGE_CURVE ( 'NONE', #6949, #8690, #4785, .T. ) ;
#7664 = VECTOR ( 'NONE', #437, 1000.000000000000000 ) ;
#7665 = EDGE_CURVE ( 'NONE', #7454, #283, #9313, .T. ) ;
#7666 = DIRECTION ( 'NONE',  ( -1.275451288411719683E-32, -6.123233995736769734E-17, 1.000000000000000000 ) ) ;
#7667 = DIRECTION ( 'NONE',  ( -2.082970027439319880E-16, -1.000000000000000000, -6.123233995736769734E-17 ) ) ;
#7668 = SURFACE_STYLE_FILL_AREA ( #5066 ) ;
#7669 = ORIENTED_EDGE ( 'NONE', *, *, #3115, .T. ) ;
#7670 = CARTESIAN_POINT ( 'NONE',  ( 0.4050000000000000266, -3.200000000000000178, 4.900000000000000355 ) ) ;
#7671 = ORIENTED_EDGE ( 'NONE', *, *, #3043, .F. ) ;
#7672 = CARTESIAN_POINT ( 'NONE',  ( 8.600000000002909317, 1.650000000040749981, 2.100000000000000089 ) ) ;
#7673 = VECTOR ( 'NONE', #2342, 1000.000000000000000 ) ;
#7674 = VECTOR ( 'NONE', #7109, 1000.000000000000227 ) ;
#7675 = VERTEX_POINT ( 'NONE', #11036 ) ;
#7676 = ADVANCED_FACE ( 'NONE', ( #3892 ), #7517, .T. ) ;
#7677 = PLANE ( 'NONE',  #3136 ) ;
#7678 = CARTESIAN_POINT ( 'NONE',  ( -3.045000000000000373, 0.7500000000000000000, 4.899999999999999467 ) ) ;
#7679 = ORIENTED_EDGE ( 'NONE', *, *, #4907, .T. ) ;
#7680 = EDGE_CURVE ( 'NONE', #3164, #3007, #10130, .T. ) ;
#7681 = LINE ( 'NONE', #8468, #2578 ) ;
#7682 = VECTOR ( 'NONE', #2562, 1000.000000000000000 ) ;
#7683 = PRESENTATION_LAYER_ASSIGNMENT (  '', '', ( #2771 ) ) ;
#7684 = CARTESIAN_POINT ( 'NONE',  ( 2.034999999999999698, 3.299999999999999378, 0.1000000000000013378 ) ) ;
#7685 = DIRECTION ( 'NONE',  ( 0.0000000000000000000, 1.000000000000000000, -8.915067114227699459E-17 ) ) ;
#7686 = EDGE_LOOP ( 'NONE', ( #2924, #6071, #3287, #1475 ) ) ;
#7688 = VECTOR ( 'NONE', #2719, 1000.000000000000000 ) ;
#7687 = CARTESIAN_POINT ( 'NONE',  ( 5.844999999999999751, -3.299999999999999378, 0.3600000000000009859 ) ) ;
#7689 = LINE ( 'NONE', #3952, #7235 ) ;
#7690 = CARTESIAN_POINT ( 'NONE',  ( 5.415000000000000924, -2.499999999999999556, 0.5999999999999999778 ) ) ;
#7691 = ORIENTED_EDGE ( 'NONE', *, *, #9695, .T. ) ;
#7692 = LINE ( 'NONE', #5856, #126 ) ;
#7693 = DIRECTION ( 'NONE',  ( -1.000000000000000000, 2.082970027439319880E-16, 1.156280642033610094E-31 ) ) ;
#7694 = VECTOR ( 'NONE', #9907, 1000.000000000000000 ) ;
#7695 = ORIENTED_EDGE ( 'NONE', *, *, #2819, .F. ) ;
#7696 = VECTOR ( 'NONE', #11127, 1000.000000000000000 ) ;
#7697 = EDGE_CURVE ( 'NONE', #7595, #1171, #8526, .T. ) ;
#7698 = DIRECTION ( 'NONE',  ( 1.953503796022424979E-47, 1.000000000000000000, 9.303908184768099600E-32 ) ) ;
#7699 = CARTESIAN_POINT ( 'NONE',  ( -5.599999999999999645, -3.299999999999999822, 0.1000000000000008105 ) ) ;
#7700 = DIRECTION ( 'NONE',  ( 2.082970027439319880E-16, -1.000000000000000000, 6.123233995736769734E-17 ) ) ;
#7701 = EDGE_CURVE ( 'NONE', #5826, #5814, #314, .T. ) ;
#7702 = LINE ( 'NONE', #2183, #293 ) ;
#7703 = DIRECTION ( 'NONE',  ( -0.7071067811865475727, 0.0000000000000000000, 0.7071067811865475727 ) ) ;
#7704 = CARTESIAN_POINT ( 'NONE',  ( 2.084999999999999964, -0.7500000000000000000, 4.850000000000000533 ) ) ;
#7705 = CARTESIAN_POINT ( 'NONE',  ( 4.214999999999999858, 0.4050000000000000266, 4.900000000000000355 ) ) ;
#7706 = VECTOR ( 'NONE', #4317, 1000.000000000000000 ) ;
#7707 = ORIENTED_EDGE ( 'NONE', *, *, #4164, .F. ) ;
#7708 = ORIENTED_EDGE ( 'NONE', *, *, #8975, .T. ) ;
#7709 = DIRECTION ( 'NONE',  ( 1.000000000000000000, 2.091314696702029574E-16, -2.091314696702020699E-16 ) ) ;
#7710 = ORIENTED_EDGE ( 'NONE', *, *, #7975, .T. ) ;
#7711 = ADVANCED_FACE ( 'NONE', ( #5625 ), #4726, .F. ) ;
#7712 = CARTESIAN_POINT ( 'NONE',  ( 0.8649999999999998801, 3.200000000000000178, 9.075976852784215725E-16 ) ) ;
#7713 = AXIS2_PLACEMENT_3D ( 'NONE', #8801, #6874, #11473 ) ;
#7714 = DIRECTION ( 'NONE',  ( 0.5773502691896279515, -0.5773502691896238437, 0.5773502691896255090 ) ) ;
#7715 = ORIENTED_EDGE ( 'NONE', *, *, #11276, .T. ) ;
#7716 = ADVANCED_FACE ( 'NONE', ( #10494 ), #1509, .T. ) ;
#7717 = ORIENTED_EDGE ( 'NONE', *, *, #10647, .F. ) ;
#7718 = ORIENTED_EDGE ( 'NONE', *, *, #7030, .T. ) ;
#7719 = CARTESIAN_POINT ( 'NONE',  ( 4.214999999999999858, -3.200000000000000178, 0.4600000000000010192 ) ) ;
#7720 = ORIENTED_EDGE ( 'NONE', *, *, #5648, .F. ) ;
#7721 = AXIS2_PLACEMENT_3D ( 'NONE', #5085, #1333, #4959 ) ;
#7722 = CARTESIAN_POINT ( 'NONE',  ( -4.214999999999998970, 0.8649999999999999911, 4.800000000000000711 ) ) ;
#7723 = FILL_AREA_STYLE_COLOUR ( '', #7839 ) ;
#7724 = CARTESIAN_POINT ( 'NONE',  ( -5.535000000000000142, 3.250000000000000444, 2.564999999999999947 ) ) ;
#7725 = CARTESIAN_POINT ( 'NONE',  ( 1.675000000000000044, -0.8649999999999999911, 0.4800000000000010369 ) ) ;
#7726 = DIRECTION ( 'NONE',  ( -1.180114444483200076E-18, 0.7071067811865490160, -0.7071067811865461294 ) ) ;
#7727 = ORIENTED_EDGE ( 'NONE', *, *, #1480, .F. ) ;
#7728 = LINE ( 'NONE', #5713, #9394 ) ;
#7729 = SURFACE_STYLE_USAGE ( .BOTH. , #7852 ) ;
#7730 = VERTEX_POINT ( 'NONE', #4951 ) ;
#7731 = CARTESIAN_POINT ( 'NONE',  ( 4.675000000000000711, -3.200000000000000178, 4.900000000000000355 ) ) ;
#7732 = CARTESIAN_POINT ( 'NONE',  ( -1.905000000000000027, 2.239351784842870214E-16, 0.5999999999999999778 ) ) ;
#7733 = CARTESIAN_POINT ( 'NONE',  ( 4.675000000000000711, 0.4050000000000000266, 4.900000000000000355 ) ) ;
#7734 = DIRECTION ( 'NONE',  ( 0.0000000000000000000, 0.0000000000000000000, -1.000000000000000000 ) ) ;
#7735 = CARTESIAN_POINT ( 'NONE',  ( 2.134999999999999787, -3.200000000000000178, 0.4600000000000011857 ) ) ;
#7736 = ORIENTED_EDGE ( 'NONE', *, *, #1106, .T. ) ;
#7737 = CARTESIAN_POINT ( 'NONE',  ( 3.305000000000000160, -0.5050000000000001155, 4.900000000000000355 ) ) ;
#7738 = VECTOR ( 'NONE', #2109, 1000.000000000000000 ) ;
#7739 = EDGE_CURVE ( 'NONE', #1384, #1769, #8775, .T. ) ;
#7740 = ORIENTED_EDGE ( 'NONE', *, *, #8519, .F. ) ;
#7741 = CARTESIAN_POINT ( 'NONE',  ( 0.4050000000000000266, 0.8649999999999999911, 4.900000000000000355 ) ) ;
#7742 = LINE ( 'NONE', #4246, #1344 ) ;
#7743 = ORIENTED_EDGE ( 'NONE', *, *, #9317, .F. ) ;
#7744 = DIRECTION ( 'NONE',  ( -1.000000000000000000, -0.0000000000000000000, -0.0000000000000000000 ) ) ;
#7745 = VECTOR ( 'NONE', #3701, 1000.000000000000114 ) ;
#7746 = LINE ( 'NONE', #6079, #9767 ) ;
#7747 = CARTESIAN_POINT ( 'NONE',  ( 2.944999999999999840, 0.8850000000000000089, 0.4800000000000009814 ) ) ;
#7748 = DIRECTION ( 'NONE',  ( 0.0000000000000000000, -1.000000000000000000, 0.0000000000000000000 ) ) ;
#7749 = CARTESIAN_POINT ( 'NONE',  ( 0.6350000000000000089, 5.551115123125779744E-16, 0.5999999999999999778 ) ) ;
#7750 = CARTESIAN_POINT ( 'NONE',  ( -4.214999999999999858, 0.4050000000000000266, 4.900000000000000355 ) ) ;
#7751 = DIRECTION ( 'NONE',  ( -1.000000000000000000, 0.0000000000000000000, 2.099659365964729900E-16 ) ) ;
#7752 = EDGE_LOOP ( 'NONE', ( #4867, #787, #11137, #407 ) ) ;
#7753 = EDGE_CURVE ( 'NONE', #7778, #8124, #678, .T. ) ;
#7754 = DIRECTION ( 'NONE',  ( 0.0000000000000000000, -8.915067114227699459E-17, 1.000000000000000000 ) ) ;
#7755 = CARTESIAN_POINT ( 'NONE',  ( -2.944999999999999840, -0.4050000000000000266, 4.900000000000000355 ) ) ;
#7756 = ADVANCED_FACE ( 'NONE', ( #2343 ), #10560, .F. ) ;
#7757 = AXIS2_PLACEMENT_3D ( 'NONE', #11554, #2516, #6123 ) ;
#7758 = VERTEX_POINT ( 'NONE', #9535 ) ;
#7759 = PLANE ( 'NONE',  #8428 ) ;
#7760 = UNCERTAINTY_MEASURE_WITH_UNIT (LENGTH_MEASURE( 1.000000000000000082E-05 ), #8207, 'distance_accuracy_value', 'NONE');
#7761 = DIRECTION ( 'NONE',  ( -1.000000000000000000, 2.082970027439319880E-16, -0.0000000000000000000 ) ) ;
#7762 = PLANE ( 'NONE',  #3626 ) ;
#7763 = ORIENTED_EDGE ( 'NONE', *, *, #5841, .T. ) ;
#7764 = DIRECTION ( 'NONE',  ( -1.953503796022424979E-47, -1.000000000000000000, -9.303908184768099600E-32 ) ) ;
#7765 = FACE_OUTER_BOUND ( 'NONE', #379, .T. ) ;
#7766 = DIRECTION ( 'NONE',  ( -1.275451288411719683E-32, -6.123233995736769734E-17, 1.000000000000000000 ) ) ;
#7767 = DIRECTION ( 'NONE',  ( 0.0000000000000000000, 0.0000000000000000000, 1.000000000000000000 ) ) ;
#7768 = VERTEX_POINT ( 'NONE', #6854 ) ;
#7769 = EDGE_CURVE ( 'NONE', #2619, #11183, #7928, .T. ) ;
#7770 = VERTEX_POINT ( 'NONE', #7684 ) ;
#7771 = CARTESIAN_POINT ( 'NONE',  ( -0.6350000000000000089, 2.500000000000000000, 0.5999999999999999778 ) ) ;
#7772 = FACE_OUTER_BOUND ( 'NONE', #4436, .T. ) ;
#7773 = ORIENTED_EDGE ( 'NONE', *, *, #6346, .T. ) ;
#7774 = ADVANCED_FACE ( 'NONE', ( #3303 ), #1386, .F. ) ;
#7775 = PLANE ( 'NONE',  #9401 ) ;
#7776 = LINE ( 'NONE', #2372, #9324 ) ;
#7777 = VECTOR ( 'NONE', #4301, 1000.000000000000000 ) ;
#7778 = VERTEX_POINT ( 'NONE', #7808 ) ;
#7779 = EDGE_CURVE ( 'NONE', #9278, #584, #6793, .T. ) ;
#7780 = CARTESIAN_POINT ( 'NONE',  ( 5.599999999999999645, -0.7649999999999994582, 4.900000000000000355 ) ) ;
#7781 = DIRECTION ( 'NONE',  ( 0.5773502691896265082, 0.5773502691896241767, -0.5773502691896265082 ) ) ;
#7782 = ADVANCED_FACE ( 'NONE', ( #6979 ), #10432, .T. ) ;
#7783 = EDGE_CURVE ( 'NONE', #9096, #7591, #7746, .T. ) ;
#7784 = PLANE ( 'NONE',  #1664 ) ;
#7785 = VERTEX_POINT ( 'NONE', #11391 ) ;
#7786 = VECTOR ( 'NONE', #5512, 1000.000000000000000 ) ;
#7787 = CIRCLE ( 'NONE', #7410, 0.02000000000000005246 ) ;
#7788 = DIRECTION ( 'NONE',  ( 0.0000000000000000000, -1.000000000000000000, 0.0000000000000000000 ) ) ;
#7789 = CARTESIAN_POINT ( 'NONE',  ( -0.8649999999999999911, 3.200000000000000178, 4.900000000000000355 ) ) ;
#7790 = ORIENTED_EDGE ( 'NONE', *, *, #7594, .F. ) ;
#7791 = ORIENTED_EDGE ( 'NONE', *, *, #9530, .T. ) ;
#7792 = DIRECTION ( 'NONE',  ( -0.5773502691896251759, -0.5773502691896251759, 0.5773502691896270633 ) ) ;
#7793 = PLANE ( 'NONE',  #5320 ) ;
#7794 = FILL_AREA_STYLE_COLOUR ( '', #5293 ) ;
#7795 = EDGE_LOOP ( 'NONE', ( #3917, #11561, #736, #8769, #6425, #515, #3975, #7871 ) ) ;
#7796 = EDGE_CURVE ( 'NONE', #283, #3574, #9713, .T. ) ;
#7797 = LINE ( 'NONE', #10545, #10922 ) ;
#7798 = CIRCLE ( 'NONE', #11423, 0.02000000000000005246 ) ;
#7799 = CARTESIAN_POINT ( 'NONE',  ( -0.8649999999999999911, -0.8649999999999999911, 4.900000000000000355 ) ) ;
#7800 = PRESENTATION_STYLE_ASSIGNMENT (( #4176 ) ) ;
#7801 = EDGE_CURVE ( 'NONE', #3193, #11471, #5584, .T. ) ;
#7802 = ORIENTED_EDGE ( 'NONE', *, *, #8737, .T. ) ;
#7803 = AXIS2_PLACEMENT_3D ( 'NONE', #6984, #9895, #10621 ) ;
#7804 = LINE ( 'NONE', #4414, #668 ) ;
#7805 = LINE ( 'NONE', #2403, #1616 ) ;
#7806 = EDGE_LOOP ( 'NONE', ( #8940, #3469, #2440, #9846 ) ) ;
#7807 = FACE_OUTER_BOUND ( 'NONE', #696, .T. ) ;
#7808 = CARTESIAN_POINT ( 'NONE',  ( 4.675000000000000711, 3.200000000000000178, 8.172475042379621137E-16 ) ) ;
#7809 = CARTESIAN_POINT ( 'NONE',  ( 3.290000000000000036, -0.4550000000000000155, 4.850000000000000533 ) ) ;
#7810 = ORIENTED_EDGE ( 'NONE', *, *, #7476, .T. ) ;
#7811 = DIRECTION ( 'NONE',  ( 1.665334536937729880E-16, -1.000000000000000000, 0.0000000000000000000 ) ) ;
#7812 = DIRECTION ( 'NONE',  ( 0.7071067811865461294, -0.0000000000000000000, 0.7071067811865490160 ) ) ;
#7813 = VECTOR ( 'NONE', #9708, 1000.000000000000000 ) ;
#7814 = CARTESIAN_POINT ( 'NONE',  ( -0.4050000000000000822, -0.4049999999999999156, 4.799999999999999822 ) ) ;
#7815 = DIRECTION ( 'NONE',  ( 0.0000000000000000000, 0.7071067811865460184, 0.7071067811865489050 ) ) ;
#7816 = ORIENTED_EDGE ( 'NONE', *, *, #5513, .T. ) ;
#7817 = CARTESIAN_POINT ( 'NONE',  ( 0.4050000000000000266, 0.8650000000000005462, 4.799999999999999822 ) ) ;
#7818 = LINE ( 'NONE', #1579, #445 ) ;
#7819 = ORIENTED_EDGE ( 'NONE', *, *, #2921, .F. ) ;
#7820 = AXIS2_PLACEMENT_3D ( 'NONE', #1843, #2854, #4575 ) ;
#7821 = DIRECTION ( 'NONE',  ( -0.0000000000000000000, -0.0000000000000000000, 1.000000000000000000 ) ) ;
#7822 = EDGE_LOOP ( 'NONE', ( #606, #5286, #5180, #4287 ) ) ;
#7823 = DIRECTION ( 'NONE',  ( 1.000000000000000000, -0.0000000000000000000, 0.0000000000000000000 ) ) ;
#7824 = CARTESIAN_POINT ( 'NONE',  ( 4.315000000000000391, 3.299999999999999378, 0.1000000000000008937 ) ) ;
#7825 = DIRECTION ( 'NONE',  ( 1.000000000000000000, 2.082970027439319880E-16, -1.156280642033610094E-31 ) ) ;
#7826 = ADVANCED_FACE ( 'NONE', ( #547 ), #5849, .F. ) ;
#7827 = ADVANCED_FACE ( 'NONE', ( #5078 ), #8715, .F. ) ;
#7828 = DIRECTION ( 'NONE',  ( 0.0000000000000000000, 1.000000000000000000, 0.0000000000000000000 ) ) ;
#7829 = ORIENTED_EDGE ( 'NONE', *, *, #11762, .F. ) ;
#7830 = ORIENTED_EDGE ( 'NONE', *, *, #2399, .F. ) ;
#7831 = CARTESIAN_POINT ( 'NONE',  ( -3.474999999999999201, -2.500000000000000000, 0.2999999999999999889 ) ) ;
#7832 = VECTOR ( 'NONE', #3173, 1000.000000000000000 ) ;
#7833 = DIRECTION ( 'NONE',  ( -0.0000000000000000000, -0.0000000000000000000, 1.000000000000000000 ) ) ;
#7834 = VERTEX_POINT ( 'NONE', #8163 ) ;
#7835 = CARTESIAN_POINT ( 'NONE',  ( 5.415000000000000924, -2.499999999999999112, 0.2999999999999999889 ) ) ;
#7836 = CARTESIAN_POINT ( 'NONE',  ( 1.674999999999999378, -0.4050000000000000266, 4.799999999999999822 ) ) ;
#7837 = ORIENTED_EDGE ( 'NONE', *, *, #7068, .T. ) ;
#7838 = EDGE_CURVE ( 'NONE', #4438, #1102, #3534, .T. ) ;
#7839 = COLOUR_RGB ( '',0.6980392156862744724, 0.5490196078431373028, 0.003921568627450980338 ) ;
#7840 = FACE_OUTER_BOUND ( 'NONE', #11062, .T. ) ;
#7841 = EDGE_CURVE ( 'NONE', #5291, #3086, #8105, .T. ) ;
#7842 = EDGE_LOOP ( 'NONE', ( #5305, #6240, #4247, #3725 ) ) ;
#7843 = CARTESIAN_POINT ( 'NONE',  ( -3.405000000000000249, 0.8649999999999999911, 4.900000000000000355 ) ) ;
#7844 = CARTESIAN_POINT ( 'NONE',  ( -0.4050000000000000266, 0.8850000000000000089, 0.4800000000000009814 ) ) ;
#7845 = CARTESIAN_POINT ( 'NONE',  ( 0.6349999999999990097, 3.299999999999999822, 0.2300000000000010092 ) ) ;
#7846 = ORIENTED_EDGE ( 'NONE', *, *, #3165, .T. ) ;
#7847 = VECTOR ( 'NONE', #7956, 1000.000000000000000 ) ;
#7848 = CARTESIAN_POINT ( 'NONE',  ( 4.214999999999999858, 0.8650000000000005462, 4.799999999999999822 ) ) ;
#7849 = ORIENTED_EDGE ( 'NONE', *, *, #6034, .T. ) ;
#7850 = ADVANCED_FACE ( 'NONE', ( #4539 ), #6134, .T. ) ;
#7851 = DIRECTION ( 'NONE',  ( -0.0000000000000000000, -0.0000000000000000000, -1.000000000000000000 ) ) ;
#7852 = SURFACE_SIDE_STYLE ('',( #8758 ) ) ;
#7853 = EDGE_LOOP ( 'NONE', ( #11724, #7057, #6571, #4384 ) ) ;
#7854 = ORIENTED_EDGE ( 'NONE', *, *, #10714, .T. ) ;
#7855 = DIRECTION ( 'NONE',  ( 1.000000000000000000, 0.0000000000000000000, -0.0000000000000000000 ) ) ;
#7856 = EDGE_CURVE ( 'NONE', #6218, #4375, #9772, .T. ) ;
#7857 = CARTESIAN_POINT ( 'NONE',  ( -9.449999999999999289, -2.500000000000000000, 0.2999999999999999889 ) ) ;
#7858 = VERTEX_POINT ( 'NONE', #2528 ) ;
#7859 = CARTESIAN_POINT ( 'NONE',  ( -3.045000000000000373, 3.299999999999999378, 2.564999999999999947 ) ) ;
#7860 = ORIENTED_EDGE ( 'NONE', *, *, #1008, .F. ) ;
#7861 = AXIS2_PLACEMENT_3D ( 'NONE', #5436, #10793, #2651 ) ;
#7862 = EDGE_CURVE ( 'NONE', #1408, #11534, #10733, .T. ) ;
#7863 = VECTOR ( 'NONE', #8535, 1000.000000000000000 ) ;
#7864 = LINE ( 'NONE', #543, #9033 ) ;
#7865 = DIRECTION ( 'NONE',  ( 0.7071067811865461294, -0.0000000000000000000, 0.7071067811865490160 ) ) ;
#7866 = ORIENTED_EDGE ( 'NONE', *, *, #6649, .F. ) ;
#7867 = LINE ( 'NONE', #6133, #1614 ) ;
#7868 = EDGE_CURVE ( 'NONE', #11124, #3267, #453, .T. ) ;
#7869 = DIRECTION ( 'NONE',  ( -1.000000000000000000, 0.0000000000000000000, 0.0000000000000000000 ) ) ;
#7870 = CARTESIAN_POINT ( 'NONE',  ( 0.7650000000000000133, -3.299999999999999378, 0.3600000000000009859 ) ) ;
#7871 = ORIENTED_EDGE ( 'NONE', *, *, #2830, .F. ) ;
#7872 = DIRECTION ( 'NONE',  ( 1.000000000000000000, 2.082970027439319880E-16, 0.0000000000000000000 ) ) ;
#7873 = CARTESIAN_POINT ( 'NONE',  ( 5.485000000000000320, 3.200000000000000178, 6.684615519032470738E-16 ) ) ;
#7874 = CIRCLE ( 'NONE', #4276, 0.02000000000000005246 ) ;
#7875 = VECTOR ( 'NONE', #3064, 1000.000000000000000 ) ;
#7876 = VECTOR ( 'NONE', #11063, 1000.000000000000000 ) ;
#7877 = CARTESIAN_POINT ( 'NONE',  ( -4.675000000000000711, 0.4049999999999998046, 0.4800000000000010369 ) ) ;
#7878 = ORIENTED_EDGE ( 'NONE', *, *, #3456, .T. ) ;
#7879 = LINE ( 'NONE', #11576, #1777 ) ;
#7880 = ORIENTED_EDGE ( 'NONE', *, *, #4408, .F. ) ;
#7881 = EDGE_CURVE ( 'NONE', #8378, #8729, #5264, .T. ) ;
#7882 = VECTOR ( 'NONE', #8345, 1000.000000000000000 ) ;
#7883 = AXIS2_PLACEMENT_3D ( 'NONE', #5776, #1309, #10416 ) ;
#7884 = VECTOR ( 'NONE', #2089, 1000.000000000000000 ) ;
#7885 = DIRECTION ( 'NONE',  ( 1.000000000000000000, -2.091314696702029574E-16, -2.091314696702020699E-16 ) ) ;
#7886 = CARTESIAN_POINT ( 'NONE',  ( 5.415000000000000924, 2.499999999999999556, 0.2999999999999999889 ) ) ;
#7887 = EDGE_LOOP ( 'NONE', ( #2321, #10008, #8002, #6368, #3464, #4617, #6271, #8965 ) ) ;
#7888 = DIRECTION ( 'NONE',  ( -1.000000000000000000, 2.082970027439319880E-16, 1.156280642033610094E-31 ) ) ;
#7889 = CARTESIAN_POINT ( 'NONE',  ( 4.445000000000000284, 2.500000000000000000, 0.5999999999999999778 ) ) ;
#7890 = DIRECTION ( 'NONE',  ( -0.0000000000000000000, -8.915067114227699459E-17, 1.000000000000000000 ) ) ;
#7891 = CARTESIAN_POINT ( 'NONE',  ( -2.035000000000000142, 0.6350000000000000089, 4.900000000000000355 ) ) ;
#7892 = VERTEX_POINT ( 'NONE', #7155 ) ;
#7893 = VERTEX_POINT ( 'NONE', #6380 ) ;
#7894 = VECTOR ( 'NONE', #11633, 1000.000000000000000 ) ;
#7895 =( GEOMETRIC_REPRESENTATION_CONTEXT ( 3 ) GLOBAL_UNCERTAINTY_ASSIGNED_CONTEXT ( ( #3133 ) ) GLOBAL_UNIT_ASSIGNED_CONTEXT ( ( #6825, #1244, #344 ) ) REPRESENTATION_CONTEXT ( 'NONE', 'WORKASPACE' ) );
#7896 = CARTESIAN_POINT ( 'NONE',  ( 4.214999999999999858, 0.8649999999999999911, 4.900000000000000355 ) ) ;
#7897 = PLANE ( 'NONE',  #2734 ) ;
#7898 = EDGE_LOOP ( 'NONE', ( #7935, #181, #9664, #9624 ) ) ;
#7899 = EDGE_CURVE ( 'NONE', #4211, #1096, #3589, .T. ) ;
#7900 = EDGE_CURVE ( 'NONE', #921, #10927, #8903, .T. ) ;
#7901 = DIRECTION ( 'NONE',  ( 0.5773502691896282846, -0.5773502691896207351, 0.5773502691896282846 ) ) ;
#7902 = CARTESIAN_POINT ( 'NONE',  ( 2.995000000000000107, -0.5200000000000000178, 4.850000000000000533 ) ) ;
#7903 = ORIENTED_EDGE ( 'NONE', *, *, #8821, .T. ) ;
#7904 = AXIS2_PLACEMENT_3D ( 'NONE', #9256, #11035, #10194 ) ;
#7905 = VERTEX_POINT ( 'NONE', #6202 ) ;
#7906 = CARTESIAN_POINT ( 'NONE',  ( 9.449999999999999289, 2.500000000000000000, 0.2999999999999999889 ) ) ;
#7907 = VERTEX_POINT ( 'NONE', #1692 ) ;
#7908 = DIRECTION ( 'NONE',  ( 0.0000000000000000000, -1.000000000000000000, -0.0000000000000000000 ) ) ;
#7909 = AXIS2_PLACEMENT_3D ( 'NONE', #5269, #4607, #6438 ) ;
#7910 = DIRECTION ( 'NONE',  ( -1.180114444483200076E-18, 0.7071067811865490160, -0.7071067811865461294 ) ) ;
#7911 = ADVANCED_FACE ( 'NONE', ( #7208 ), #5317, .T. ) ;
#7912 = PLANE ( 'NONE',  #5082 ) ;
#7913 = ADVANCED_FACE ( 'NONE', ( #10850 ), #1747, .F. ) ;
#7914 = LINE ( 'NONE', #11548, #3135 ) ;
#7915 = ORIENTED_EDGE ( 'NONE', *, *, #7862, .T. ) ;
#7916 = VERTEX_POINT ( 'NONE', #2702 ) ;
#7917 =( LENGTH_UNIT ( ) NAMED_UNIT ( * ) SI_UNIT ( .MILLI., .METRE. ) );
#7918 = AXIS2_PLACEMENT_3D ( 'NONE', #9853, #10085, #1890 ) ;
#7919 = LINE ( 'NONE', #7022, #5875 ) ;
#7920 = ORIENTED_EDGE ( 'NONE', *, *, #9687, .T. ) ;
#7921 = CARTESIAN_POINT ( 'NONE',  ( 5.415000000000001812, -2.500000000000000000, 0.2999999999999999889 ) ) ;
#7922 = EDGE_CURVE ( 'NONE', #9035, #5382, #8054, .T. ) ;
#7923 = PRESENTATION_STYLE_ASSIGNMENT (( #3527 ) ) ;
#7924 = ADVANCED_FACE ( 'NONE', ( #715 ), #8627, .T. ) ;
#7925 = VERTEX_POINT ( 'NONE', #5179 ) ;
#7926 = DIRECTION ( 'NONE',  ( -1.000000000000000000, 0.0000000000000000000, 2.099659365964729900E-16 ) ) ;
#7927 = CARTESIAN_POINT ( 'NONE',  ( 5.599999999999999645, 3.299999999999999822, 0.3600000000000010414 ) ) ;
#7928 = LINE ( 'NONE', #4059, #2359 ) ;
#7929 = ORIENTED_EDGE ( 'NONE', *, *, #9405, .T. ) ;
#7930 = LINE ( 'NONE', #6137, #8845 ) ;
#7931 = DIRECTION ( 'NONE',  ( 0.0000000000000000000, 1.000000000000000000, 0.0000000000000000000 ) ) ;
#7932 = AXIS2_PLACEMENT_3D ( 'NONE', #10925, #4381, #9909 ) ;
#7933 = ADVANCED_FACE ( 'NONE', ( #8885 ), #4351, .F. ) ;
#7934 = LINE ( 'NONE', #4422, #4219 ) ;
#7935 = ORIENTED_EDGE ( 'NONE', *, *, #8673, .F. ) ;
#7936 = DIRECTION ( 'NONE',  ( 0.7071067811865489050, 0.0000000000000000000, 0.7071067811865460184 ) ) ;
#7937 = CARTESIAN_POINT ( 'NONE',  ( 5.485000000000000320, -0.8649999999999999911, 4.799999999999999822 ) ) ;
#7938 = EDGE_CURVE ( 'NONE', #10891, #10152, #11603, .T. ) ;
#7939 = EDGE_CURVE ( 'NONE', #9203, #11680, #441, .T. ) ;
#7940 = ORIENTED_EDGE ( 'NONE', *, *, #10822, .F. ) ;
#7941 = FACE_OUTER_BOUND ( 'NONE', #8383, .T. ) ;
#7942 = VECTOR ( 'NONE', #4115, 1000.000000000000000 ) ;
#7943 = DIRECTION ( 'NONE',  ( -1.665334536937729880E-16, 1.000000000000000000, -0.0000000000000000000 ) ) ;
#7944 = CARTESIAN_POINT ( 'NONE',  ( 4.214999999999999858, -0.8850000000000000089, 0.4600000000000010747 ) ) ;
#7945 = EDGE_LOOP ( 'NONE', ( #1826, #8231, #7535, #11364 ) ) ;
#7946 = CARTESIAN_POINT ( 'NONE',  ( 5.485000000000000320, -3.200000000000000178, 4.900000000000000355 ) ) ;
#7947 = DIRECTION ( 'NONE',  ( 1.665334536937729880E-16, -1.000000000000000000, 0.0000000000000000000 ) ) ;
#7948 = CARTESIAN_POINT ( 'NONE',  ( -0.4050000000000000266, 0.8649999999999999911, 8.673617379884035472E-16 ) ) ;
#7949 = ORIENTED_EDGE ( 'NONE', *, *, #5503, .T. ) ;
#7950 = DIRECTION ( 'NONE',  ( 0.5773502691896249539, -0.5773502691896249539, -0.5773502691896273964 ) ) ;
#7951 = ORIENTED_EDGE ( 'NONE', *, *, #3051, .T. ) ;
#7952 = EDGE_CURVE ( 'NONE', #4120, #9379, #6004, .T. ) ;
#7953 = VERTEX_POINT ( 'NONE', #8756 ) ;
#7954 = AXIS2_PLACEMENT_3D ( 'NONE', #3749, #7194, #10954 ) ;
#7955 = DIRECTION ( 'NONE',  ( 1.953503796022424979E-47, 1.000000000000000000, 9.303908184768099600E-32 ) ) ;
#7956 = DIRECTION ( 'NONE',  ( -1.000000000000000000, -0.0000000000000000000, 0.0000000000000000000 ) ) ;
#7957 = VERTEX_POINT ( 'NONE', #653 ) ;
#7958 = CARTESIAN_POINT ( 'NONE',  ( 6.014999999999999680, 2.499999999999999556, 0.2999999999999999889 ) ) ;
#7959 = DIRECTION ( 'NONE',  ( 0.0000000000000000000, 0.0000000000000000000, -1.000000000000000000 ) ) ;
#7960 = EDGE_LOOP ( 'NONE', ( #9194, #2721, #1381, #11739 ) ) ;
#7961 = PLANE ( 'NONE',  #9982 ) ;
#7962 = ORIENTED_EDGE ( 'NONE', *, *, #10257, .T. ) ;
#7963 = ADVANCED_FACE ( 'NONE', ( #4225 ), #4293, .F. ) ;
#7964 = CARTESIAN_POINT ( 'NONE',  ( -4.559999999999999609, -0.8149999999999999467, 4.850000000000000533 ) ) ;
#7965 = ORIENTED_EDGE ( 'NONE', *, *, #10699, .F. ) ;
#7966 = DIRECTION ( 'NONE',  ( -1.000000000000000000, 0.0000000000000000000, 0.0000000000000000000 ) ) ;
#7967 = CARTESIAN_POINT ( 'NONE',  ( 0.4050000000000000266, -0.4050000000000000266, 8.673617379884035472E-16 ) ) ;
#7968 = CARTESIAN_POINT ( 'NONE',  ( -4.625000000000000000, -0.5200000000000000178, 4.850000000000000533 ) ) ;
#7969 = ORIENTED_EDGE ( 'NONE', *, *, #2335, .F. ) ;
#7970 = CIRCLE ( 'NONE', #2853, 0.02000000000000005246 ) ;
#7971 = PLANE ( 'NONE',  #5671 ) ;
#7972 = VERTEX_POINT ( 'NONE', #6058 ) ;
#7973 = ORIENTED_EDGE ( 'NONE', *, *, #7881, .F. ) ;
#7974 = PLANE ( 'NONE',  #5979 ) ;
#7975 = EDGE_CURVE ( 'NONE', #8498, #10611, #3220, .T. ) ;
#7976 = CARTESIAN_POINT ( 'NONE',  ( 5.945000000000000284, -0.8850000000000000089, 0.4600000000000009082 ) ) ;
#7977 = ORIENTED_EDGE ( 'NONE', *, *, #2479, .F. ) ;
#7978 = EDGE_CURVE ( 'NONE', #6778, #4143, #462, .T. ) ;
#7979 = EDGE_CURVE ( 'NONE', #9606, #3193, #9637, .T. ) ;
#7980 = CARTESIAN_POINT ( 'NONE',  ( 2.612972599797700035E-15, 5.806605777328229749E-16, 0.2999999999999999889 ) ) ;
#7981 = ORIENTED_EDGE ( 'NONE', *, *, #9867, .F. ) ;
#7982 = VECTOR ( 'NONE', #10930, 1000.000000000000000 ) ;
#7983 =( NAMED_UNIT ( * ) PLANE_ANGLE_UNIT ( ) SI_UNIT ( $, .RADIAN. ) );
#7984 = VERTEX_POINT ( 'NONE', #9698 ) ;
#7985 = CARTESIAN_POINT ( 'NONE',  ( 0.4049999999999999711, -3.200000000000000178, 9.569665268608103466E-16 ) ) ;
#7986 = LINE ( 'NONE', #2526, #11280 ) ;
#7987 = FILL_AREA_STYLE_COLOUR ( '', #10143 ) ;
#7988 = AXIS2_PLACEMENT_3D ( 'NONE', #10994, #1163, #2003 ) ;
#7989 = CARTESIAN_POINT ( 'NONE',  ( -0.8649999999999999911, -3.200000000000000178, 0.4600000000000011302 ) ) ;
#7990 = DIRECTION ( 'NONE',  ( 0.0000000000000000000, -1.000000000000000000, -0.0000000000000000000 ) ) ;
#7991 = EDGE_CURVE ( 'NONE', #7295, #4904, #7914, .T. ) ;
#7992 = LINE ( 'NONE', #9016, #8770 ) ;
#7993 = DIRECTION ( 'NONE',  ( 0.0000000000000000000, 0.7071067811865461294, -0.7071067811865490160 ) ) ;
#7994 = FACE_OUTER_BOUND ( 'NONE', #8826, .T. ) ;
#7995 = VERTEX_POINT ( 'NONE', #3405 ) ;
#7996 = AXIS2_PLACEMENT_3D ( 'NONE', #6902, #2099, #10299 ) ;
#7997 = AXIS2_PLACEMENT_3D ( 'NONE', #8173, #8915, #10806 ) ;
#7998 = ORIENTED_EDGE ( 'NONE', *, *, #234, .F. ) ;
#7999 = DIRECTION ( 'NONE',  ( -1.000000000000000000, 8.344669262702679687E-19, 8.344669262702645020E-19 ) ) ;
#8000 = EDGE_CURVE ( 'NONE', #9070, #10927, #7017, .T. ) ;
#8001 = FACE_OUTER_BOUND ( 'NONE', #2810, .T. ) ;
#8002 = ORIENTED_EDGE ( 'NONE', *, *, #6126, .T. ) ;
#8003 = LINE ( 'NONE', #2605, #7894 ) ;
#8004 = LINE ( 'NONE', #11634, #10528 ) ;
#8005 = FACE_OUTER_BOUND ( 'NONE', #981, .T. ) ;
#8006 = ORIENTED_EDGE ( 'NONE', *, *, #8382, .F. ) ;
#8007 = VECTOR ( 'NONE', #11365, 1000.000000000000000 ) ;
#8008 = ADVANCED_FACE ( 'NONE', ( #1609 ), #5241, .F. ) ;
#8009 = LINE ( 'NONE', #6272, #1320 ) ;
#8010 = ORIENTED_EDGE ( 'NONE', *, *, #11710, .F. ) ;
#8011 = LINE ( 'NONE', #3499, #10964 ) ;
#8012 = AXIS2_PLACEMENT_3D ( 'NONE', #8720, #5020, #7815 ) ;
#8013 = CARTESIAN_POINT ( 'NONE',  ( 4.575000000000000178, 3.299999999999999378, 0.1000000000000009770 ) ) ;
#8014 = ADVANCED_FACE ( 'NONE', ( #2574 ), #6177, .F. ) ;
#8015 = CARTESIAN_POINT ( 'NONE',  ( -5.945000000000000284, -0.8649999999999999911, 0.4800000000000010369 ) ) ;
#8016 = LINE ( 'NONE', #3668, #4572 ) ;
#8017 = ORIENTED_EDGE ( 'NONE', *, *, #7939, .T. ) ;
#8018 = DIRECTION ( 'NONE',  ( 1.000000000000000000, 2.082970027439319880E-16, -1.156280642033610094E-31 ) ) ;
#8019 = EDGE_CURVE ( 'NONE', #1528, #4697, #6834, .T. ) ;
#8020 = VERTEX_POINT ( 'NONE', #3746 ) ;
#8021 = AXIS2_PLACEMENT_3D ( 'NONE', #4887, #3993, #9475 ) ;
#8022 = CYLINDRICAL_SURFACE ( 'NONE', #7435, 0.02000000000000005246 ) ;
#8023 = ORIENTED_EDGE ( 'NONE', *, *, #9901, .T. ) ;
#8024 = CARTESIAN_POINT ( 'NONE',  ( 5.714999999999999858, 0.8850000000000000089, 0.4800000000000009814 ) ) ;
#8025 = PLANE ( 'NONE',  #3102 ) ;
#8026 = CARTESIAN_POINT ( 'NONE',  ( -0.3350000000000000200, -2.500000000000000000, 0.2999999999999999889 ) ) ;
#8027 = ORIENTED_EDGE ( 'NONE', *, *, #3654, .F. ) ;
#8028 = MECHANICAL_DESIGN_GEOMETRIC_PRESENTATION_REPRESENTATION (  '', ( #2917 ), #8808 ) ;
#8029 = DIRECTION ( 'NONE',  ( 1.000000000000000000, 0.0000000000000000000, 0.0000000000000000000 ) ) ;
#8030 = CARTESIAN_POINT ( 'NONE',  ( -5.945000000000000284, 0.4050000000000000266, 4.900000000000000355 ) ) ;
#8031 = ORIENTED_EDGE ( 'NONE', *, *, #3932, .F. ) ;
#8032 = ORIENTED_EDGE ( 'NONE', *, *, #11412, .T. ) ;
#8033 = PLANE ( 'NONE',  #1500 ) ;
#8034 = VERTEX_POINT ( 'NONE', #1785 ) ;
#8035 = DIRECTION ( 'NONE',  ( -0.5773502691896270633, 0.5773502691896214012, 0.5773502691896289507 ) ) ;
#8036 = CARTESIAN_POINT ( 'NONE',  ( -4.214999999999999858, 3.200000000000000178, 8.654342674595406693E-16 ) ) ;
#8037 = AXIS2_PLACEMENT_3D ( 'NONE', #1365, #292, #5769 ) ;
#8038 = DIRECTION ( 'NONE',  ( -1.000000000000000000, -0.0000000000000000000, 2.099659365964729900E-16 ) ) ;
#8039 = EDGE_LOOP ( 'NONE', ( #6260, #4567, #511, #3550 ) ) ;
#8040 = EDGE_LOOP ( 'NONE', ( #3170, #1546, #10286, #8864 ) ) ;
#8041 = EDGE_CURVE ( 'NONE', #2755, #8555, #890, .T. ) ;
#8042 = ADVANCED_FACE ( 'NONE', ( #639 ), #9625, .F. ) ;
#8043 = DIRECTION ( 'NONE',  ( -1.632680918566399891E-16, 1.000000000000000000, -0.0000000000000000000 ) ) ;
#8044 = VECTOR ( 'NONE', #7233, 1000.000000000000000 ) ;
#8045 = CARTESIAN_POINT ( 'NONE',  ( 0.7649999999999994582, 0.7650000000000000133, 4.900000000000000355 ) ) ;
#8046 = FACE_OUTER_BOUND ( 'NONE', #9724, .T. ) ;
#8047 = CARTESIAN_POINT ( 'NONE',  ( 4.445000000000000284, 0.4050000000000000266, 0.4800000000000010369 ) ) ;
#8048 = ORIENTED_EDGE ( 'NONE', *, *, #204, .T. ) ;
#8049 = FACE_OUTER_BOUND ( 'NONE', #3432, .T. ) ;
#8050 = LINE ( 'NONE', #3429, #6468 ) ;
#8051 = DIRECTION ( 'NONE',  ( 0.0000000000000000000, 0.7071067811865489050, 0.7071067811865460184 ) ) ;
#8052 = CARTESIAN_POINT ( 'NONE',  ( 0.8649999999999999911, 0.8850000000000000089, 7.632783294297950229E-16 ) ) ;
#8053 = ORIENTED_EDGE ( 'NONE', *, *, #6013, .T. ) ;
#8054 = CIRCLE ( 'NONE', #2931, 0.4800000000000000933 ) ;
#8055 = AXIS2_PLACEMENT_3D ( 'NONE', #9468, #7667, #477 ) ;
#8056 = ORIENTED_EDGE ( 'NONE', *, *, #2091, .F. ) ;
#8057 = EDGE_CURVE ( 'NONE', #6065, #9558, #5929, .T. ) ;
#8058 = EDGE_CURVE ( 'NONE', #7011, #11376, #4978, .T. ) ;
#8059 = DIRECTION ( 'NONE',  ( -1.000000000000000000, -1.665334536937729880E-16, 0.0000000000000000000 ) ) ;
#8060 = CARTESIAN_POINT ( 'NONE',  ( 0.9350000000000013856, 2.499999999999998668, 0.2999999999999999889 ) ) ;
#8061 = VERTEX_POINT ( 'NONE', #7712 ) ;
#8062 = CARTESIAN_POINT ( 'NONE',  ( 0.8649999999999999911, -3.200000000000000178, 7.632783294297948257E-16 ) ) ;
#8063 = VECTOR ( 'NONE', #4213, 1000.000000000000000 ) ;
#8064 = LINE ( 'NONE', #3492, #10135 ) ;
#8065 = CARTESIAN_POINT ( 'NONE',  ( 0.9350000000000011635, 2.499999999999998668, 0.5999999999999999778 ) ) ;
#8066 = VERTEX_POINT ( 'NONE', #11358 ) ;
#8067 = AXIS2_PLACEMENT_3D ( 'NONE', #8696, #11605, #6181 ) ;
#8068 = CARTESIAN_POINT ( 'NONE',  ( -4.445000000000000284, 0.7650000000000000133, 4.900000000000000355 ) ) ;
#8069 = VERTEX_POINT ( 'NONE', #2310 ) ;
#8070 = VERTEX_POINT ( 'NONE', #9561 ) ;
#8071 = LINE ( 'NONE', #757, #10961 ) ;
#8072 = ADVANCED_FACE ( 'NONE', ( #517 ), #7775, .T. ) ;
#8073 = CARTESIAN_POINT ( 'NONE',  ( 2.134999999999999787, 0.4050000000000000266, 4.900000000000000355 ) ) ;
#8074 = AXIS2_PLACEMENT_3D ( 'NONE', #6314, #1925, #2824 ) ;
#8075 = VECTOR ( 'NONE', #5672, 1000.000000000000000 ) ;
#8076 = EDGE_CURVE ( 'NONE', #1339, #2376, #5105, .T. ) ;
#8077 = DIRECTION ( 'NONE',  ( 0.0000000000000000000, 1.000000000000000000, 0.0000000000000000000 ) ) ;
#8078 = LINE ( 'NONE', #7180, #10841 ) ;
#8079 = EDGE_LOOP ( 'NONE', ( #89, #3300, #1105, #3791, #11016, #1897, #5211, #8497 ) ) ;
#8080 = VECTOR ( 'NONE', #8043, 1000.000000000000000 ) ;
#8081 = VECTOR ( 'NONE', #8327, 1000.000000000000000 ) ;
#8082 = ORIENTED_EDGE ( 'NONE', *, *, #4206, .F. ) ;
#8083 = CARTESIAN_POINT ( 'NONE',  ( -5.945000000000000284, 0.8649999999999999911, 4.900000000000000355 ) ) ;
#8084 = ORIENTED_EDGE ( 'NONE', *, *, #8375, .T. ) ;
#8085 = CARTESIAN_POINT ( 'NONE',  ( -4.315000000000000391, 3.299999999999999822, 2.564999999999999947 ) ) ;
#8086 = ADVANCED_FACE ( 'NONE', ( #8927 ), #9918, .T. ) ;
#8087 = CARTESIAN_POINT ( 'NONE',  ( -0.8649999999999999911, 0.4049999999999998601, 4.799999999999999822 ) ) ;
#8088 = LINE ( 'NONE', #7967, #8118 ) ;
#8089 = EDGE_CURVE ( 'NONE', #6883, #7399, #874, .T. ) ;
#8090 = ORIENTED_EDGE ( 'NONE', *, *, #5034, .F. ) ;
#8091 = VECTOR ( 'NONE', #3439, 1000.000000000000000 ) ;
#8092 = LINE ( 'NONE', #2631, #841 ) ;
#8093 = DIRECTION ( 'NONE',  ( -1.000000000000000000, -0.0000000000000000000, 0.0000000000000000000 ) ) ;
#8094 = ORIENTED_EDGE ( 'NONE', *, *, #655, .F. ) ;
#8095 = ORIENTED_EDGE ( 'NONE', *, *, #119, .F. ) ;
#8096 = LINE ( 'NONE', #11068, #10559 ) ;
#8097 = ORIENTED_EDGE ( 'NONE', *, *, #1352, .T. ) ;
#8098 = SURFACE_STYLE_USAGE ( .BOTH. , #2695 ) ;
#8099 = CARTESIAN_POINT ( 'NONE',  ( 4.315000000000000391, -3.300000000000000266, 0.1000000000000010048 ) ) ;
#8100 = VECTOR ( 'NONE', #1104, 1000.000000000000227 ) ;
#8101 = ORIENTED_EDGE ( 'NONE', *, *, #4651, .F. ) ;
#8102 = ORIENTED_EDGE ( 'NONE', *, *, #2963, .F. ) ;
#8103 = VECTOR ( 'NONE', #8610, 1000.000000000000000 ) ;
#8104 = PLANE ( 'NONE',  #8823 ) ;
#8105 = LINE ( 'NONE', #9891, #7292 ) ;
#8106 = EDGE_LOOP ( 'NONE', ( #6055, #5679, #837, #5235 ) ) ;
#8107 = DIRECTION ( 'NONE',  ( 1.000000000000000000, -0.0000000000000000000, 0.0000000000000000000 ) ) ;
#8108 = CARTESIAN_POINT ( 'NONE',  ( -0.5050000000000005596, 3.300000000000000266, 0.1000000000000012546 ) ) ;
#8109 = LINE ( 'NONE', #1697, #8391 ) ;
#8110 = ADVANCED_FACE ( 'NONE', ( #3667 ), #1772, .T. ) ;
#8111 = EDGE_LOOP ( 'NONE', ( #5224, #4985, #10423, #5220 ) ) ;
#8112 = VECTOR ( 'NONE', #1305, 1000.000000000000000 ) ;
#8113 = VERTEX_POINT ( 'NONE', #4389 ) ;
#8114 = DIRECTION ( 'NONE',  ( -1.000000000000000000, 0.0000000000000000000, 0.0000000000000000000 ) ) ;
#8115 = PLANE ( 'NONE',  #11495 ) ;
#8116 = ORIENTED_EDGE ( 'NONE', *, *, #2160, .T. ) ;
#8117 = CARTESIAN_POINT ( 'NONE',  ( -5.485000000000000320, -0.8850000000000000089, 7.632783294297950229E-16 ) ) ;
#8118 = VECTOR ( 'NONE', #2573, 1000.000000000000000 ) ;
#8119 = DIRECTION ( 'NONE',  ( 1.000000000000000000, 0.0000000000000000000, -0.0000000000000000000 ) ) ;
#8120 = DIRECTION ( 'NONE',  ( -0.0000000000000000000, -0.0000000000000000000, 1.000000000000000000 ) ) ;
#8121 = ORIENTED_EDGE ( 'NONE', *, *, #9477, .F. ) ;
#8122 = DIRECTION ( 'NONE',  ( 0.5773502691896280625, -0.5773502691896212902, -0.5773502691896280625 ) ) ;
#8123 = FACE_OUTER_BOUND ( 'NONE', #8922, .T. ) ;
#8124 = VERTEX_POINT ( 'NONE', #8013 ) ;
#8125 = EDGE_CURVE ( 'NONE', #7284, #5608, #8129, .T. ) ;
#8126 = ORIENTED_EDGE ( 'NONE', *, *, #7779, .T. ) ;
#8127 = CARTESIAN_POINT ( 'NONE',  ( -0.8649999999999999911, 0.8850000000000000089, 0.4600000000000010192 ) ) ;
#8128 = VECTOR ( 'NONE', #4494, 1000.000000000000000 ) ;
#8129 = LINE ( 'NONE', #9148, #6351 ) ;
#8130 = LINE ( 'NONE', #10761, #1424 ) ;
#8131 = DIRECTION ( 'NONE',  ( 0.0000000000000000000, -1.000000000000000000, -8.915067114227699459E-17 ) ) ;
#8132 = ORIENTED_EDGE ( 'NONE', *, *, #6013, .F. ) ;
#8133 = PLANE ( 'NONE',  #8459 ) ;
#8134 = DIRECTION ( 'NONE',  ( 0.0000000000000000000, 1.000000000000000000, 0.0000000000000000000 ) ) ;
#8135 = EDGE_CURVE ( 'NONE', #11550, #2464, #11756, .T. ) ;
#8136 = DIRECTION ( 'NONE',  ( -1.000000000000000000, -0.0000000000000000000, 0.0000000000000000000 ) ) ;
#8137 = PRESENTATION_LAYER_ASSIGNMENT (  '', '', ( #1492 ) ) ;
#8138 = EDGE_LOOP ( 'NONE', ( #6700, #11498, #7727, #9069 ) ) ;
#8139 = EDGE_CURVE ( 'NONE', #10409, #6392, #7234, .T. ) ;
#8140 = DIRECTION ( 'NONE',  ( -1.000000000000000000, 2.082970027439319880E-16, 1.156280642033610094E-31 ) ) ;
#8141 = ORIENTED_EDGE ( 'NONE', *, *, #7034, .T. ) ;
#8142 = LINE ( 'NONE', #6465, #4113 ) ;
#8143 = DIRECTION ( 'NONE',  ( 0.0000000000000000000, -0.7071067811865489050, -0.7071067811865460184 ) ) ;
#8144 = CARTESIAN_POINT ( 'NONE',  ( -4.214999999999999858, 0.8649999999999999911, 4.799999999999999822 ) ) ;
#8145 = EDGE_LOOP ( 'NONE', ( #9166, #2162, #3198, #9884 ) ) ;
#8146 = MECHANICAL_DESIGN_GEOMETRIC_PRESENTATION_REPRESENTATION (  '', ( #2462 ), #9666 ) ;
#8147 = CARTESIAN_POINT ( 'NONE',  ( -5.599999999999999645, -0.4550000000000000155, 4.850000000000000533 ) ) ;
#8148 = CARTESIAN_POINT ( 'NONE',  ( -4.330000000000000071, 0.4550000000000000155, 4.850000000000000533 ) ) ;
#8149 = ORIENTED_EDGE ( 'NONE', *, *, #8807, .T. ) ;
#8150 = EDGE_CURVE ( 'NONE', #7284, #3036, #5288, .T. ) ;
#8151 = EDGE_CURVE ( 'NONE', #4863, #6218, #2556, .T. ) ;
#8152 = ORIENTED_EDGE ( 'NONE', *, *, #1651, .T. ) ;
#8153 = PLANE ( 'NONE',  #7325 ) ;
#8154 = ORIENTED_EDGE ( 'NONE', *, *, #7319, .F. ) ;
#8155 = EDGE_CURVE ( 'NONE', #7925, #10859, #10704, .T. ) ;
#8156 = DIRECTION ( 'NONE',  ( 1.000000000000000000, -0.0000000000000000000, -2.099659365964729900E-16 ) ) ;
#8157 = CARTESIAN_POINT ( 'NONE',  ( 8.600000000002909317, -1.650000000040748871, 2.100000000000000089 ) ) ;
#8158 = VERTEX_POINT ( 'NONE', #5463 ) ;
#8159 = ORIENTED_EDGE ( 'NONE', *, *, #1877, .F. ) ;
#8160 = EDGE_CURVE ( 'NONE', #5814, #5194, #8184, .T. ) ;
#8161 = DIRECTION ( 'NONE',  ( -2.082970027439319880E-16, -1.000000000000000000, -6.123233995736769734E-17 ) ) ;
#8162 = CARTESIAN_POINT ( 'NONE',  ( 2.944999999999999840, -0.8850000000000000089, 0.4600000000000010747 ) ) ;
#8163 = CARTESIAN_POINT ( 'NONE',  ( 0.5050000000000005596, -0.7649999999999996803, 4.900000000000000355 ) ) ;
#8164 =( LENGTH_UNIT ( ) NAMED_UNIT ( * ) SI_UNIT ( .MILLI., .METRE. ) );
#8165 = VERTEX_POINT ( 'NONE', #6163 ) ;
#8166 = CARTESIAN_POINT ( 'NONE',  ( -3.405000000000000249, 0.8649999999999995470, 0.4800000000000012590 ) ) ;
#8167 = FACE_OUTER_BOUND ( 'NONE', #5221, .T. ) ;
#8168 = CARTESIAN_POINT ( 'NONE',  ( 5.945000000000000284, 0.8649999999999997691, 0.4800000000000011480 ) ) ;
#8169 = VERTEX_POINT ( 'NONE', #9856 ) ;
#8170 = ORIENTED_EDGE ( 'NONE', *, *, #8486, .T. ) ;
#8171 = VECTOR ( 'NONE', #7950, 1000.000000000000114 ) ;
#8172 = VECTOR ( 'NONE', #3858, 1000.000000000000000 ) ;
#8173 = CARTESIAN_POINT ( 'NONE',  ( -3.060000000000000053, 3.250000000000000444, 0.05000000000000080075 ) ) ;
#8174 = VERTEX_POINT ( 'NONE', #5344 ) ;
#8175 = CARTESIAN_POINT ( 'NONE',  ( -2.134999999999999787, 0.8850000000000000089, 8.598626602641726038E-16 ) ) ;
#8176 = CARTESIAN_POINT ( 'NONE',  ( -4.675000000000000711, -3.200000000000000178, 0.4600000000000010192 ) ) ;
#8177 = DIRECTION ( 'NONE',  ( 0.7071067811865441310, 0.7071067811865510144, -4.329780281177489848E-17 ) ) ;
#8178 = EDGE_LOOP ( 'NONE', ( #1491, #8121, #8877, #9858 ) ) ;
#8179 = DIRECTION ( 'NONE',  ( 1.665334536937729880E-16, -1.000000000000000000, 0.0000000000000000000 ) ) ;
#8180 = CARTESIAN_POINT ( 'NONE',  ( -5.945000000000000284, 0.8850000000000000089, 0.4800000000000009814 ) ) ;
#8181 = VECTOR ( 'NONE', #11268, 1000.000000000000000 ) ;
#8182 = ORIENTED_EDGE ( 'NONE', *, *, #5648, .T. ) ;
#8183 = PLANE ( 'NONE',  #6131 ) ;
#8184 = LINE ( 'NONE', #10034, #10923 ) ;
#8185 = EDGE_CURVE ( 'NONE', #6883, #7778, #8983, .T. ) ;
#8186 = EDGE_CURVE ( 'NONE', #6120, #8381, #9100, .T. ) ;
#8187 = VECTOR ( 'NONE', #1029, 1000.000000000000000 ) ;
#8188 = LINE ( 'NONE', #38, #10262 ) ;
#8189 = EDGE_CURVE ( 'NONE', #4697, #11187, #813, .T. ) ;
#8190 = DIRECTION ( 'NONE',  ( 0.0000000000000000000, -1.000000000000000000, -0.0000000000000000000 ) ) ;
#8191 = EDGE_LOOP ( 'NONE', ( #10932, #7718, #9307, #7630 ) ) ;
#8192 = CARTESIAN_POINT ( 'NONE',  ( -0.8649999999999999911, -3.200000000000000178, 0.4600000000000010192 ) ) ;
#8193 = ORIENTED_EDGE ( 'NONE', *, *, #1888, .T. ) ;
#8194 = DIRECTION ( 'NONE',  ( -2.258754526011467242E-16, 1.000000000000000000, 0.0000000000000000000 ) ) ;
#8195 = VECTOR ( 'NONE', #2261, 1000.000000000000000 ) ;
#8196 = FACE_OUTER_BOUND ( 'NONE', #3459, .T. ) ;
#8197 = DIRECTION ( 'NONE',  ( -0.0000000000000000000, -8.915067114227699459E-17, 1.000000000000000000 ) ) ;
#8198 = ORIENTED_EDGE ( 'NONE', *, *, #1834, .T. ) ;
#8199 = LINE ( 'NONE', #3515, #10145 ) ;
#8200 = DIRECTION ( 'NONE',  ( 1.000000000000000000, 2.082970027439319880E-16, -1.156280642033610094E-31 ) ) ;
#8201 = ORIENTED_EDGE ( 'NONE', *, *, #1838, .F. ) ;
#8202 = AXIS2_PLACEMENT_3D ( 'NONE', #2101, #6551, #11087 ) ;
#8203 = ORIENTED_EDGE ( 'NONE', *, *, #6364, .T. ) ;
#8204 = CARTESIAN_POINT ( 'NONE',  ( -1.675000000000000044, -0.8649999999999999911, 4.799999999999999822 ) ) ;
#8205 = LINE ( 'NONE', #7405, #3407 ) ;
#8206 = ORIENTED_EDGE ( 'NONE', *, *, #51, .T. ) ;
#8207 =( LENGTH_UNIT ( ) NAMED_UNIT ( * ) SI_UNIT ( .MILLI., .METRE. ) );
#8208 = LINE ( 'NONE', #9941, #4212 ) ;
#8209 = ORIENTED_EDGE ( 'NONE', *, *, #1366, .F. ) ;
#8210 = CARTESIAN_POINT ( 'NONE',  ( -3.045000000000000373, -3.299999999999999378, 0.3600000000000009859 ) ) ;
#8211 = ORIENTED_EDGE ( 'NONE', *, *, #11486, .T. ) ;
#8212 = EDGE_CURVE ( 'NONE', #11220, #7475, #11667, .T. ) ;
#8213 = COLOUR_RGB ( '',0.6980392156862744724, 0.5490196078431373028, 0.003921568627450980338 ) ;
#8214 = ORIENTED_EDGE ( 'NONE', *, *, #3788, .T. ) ;
#8215 = EDGE_CURVE ( 'NONE', #9379, #8941, #3557, .T. ) ;
#8216 = DIRECTION ( 'NONE',  ( -0.0000000000000000000, -0.0000000000000000000, -1.000000000000000000 ) ) ;
#8217 = FACE_OUTER_BOUND ( 'NONE', #2386, .T. ) ;
#8218 = FACE_OUTER_BOUND ( 'NONE', #10707, .T. ) ;
#8219 = VERTEX_POINT ( 'NONE', #37 ) ;
#8220 = CARTESIAN_POINT ( 'NONE',  ( 5.945000000000000284, -0.4049999999999994160, 4.799999999999999822 ) ) ;
#8221 = AXIS2_PLACEMENT_3D ( 'NONE', #7074, #5176, #5296 ) ;
#8222 = CARTESIAN_POINT ( 'NONE',  ( -0.9350000000000000533, 5.806605777328229749E-16, 0.2999999999999999889 ) ) ;
#8223 = DIRECTION ( 'NONE',  ( -1.000000000000000000, -0.0000000000000000000, 0.0000000000000000000 ) ) ;
#8224 = CARTESIAN_POINT ( 'NONE',  ( -4.214999999999999858, -0.4049999999999994160, 4.799999999999999822 ) ) ;
#8225 = EDGE_CURVE ( 'NONE', #7295, #3498, #5519, .T. ) ;
#8226 = ORIENTED_EDGE ( 'NONE', *, *, #5405, .F. ) ;
#8227 = VECTOR ( 'NONE', #812, 1000.000000000000000 ) ;
#8228 = ADVANCED_FACE ( 'NONE', ( #988 ), #4624, .F. ) ;
#8229 = CARTESIAN_POINT ( 'NONE',  ( -4.214999999999999858, -0.8649999999999999911, 4.900000000000000355 ) ) ;
#8230 = PLANE ( 'NONE',  #5531 ) ;
#8231 = ORIENTED_EDGE ( 'NONE', *, *, #9830, .F. ) ;
#8232 = LINE ( 'NONE', #978, #1632 ) ;
#8233 = CARTESIAN_POINT ( 'NONE',  ( 5.945000000000000284, 0.8850000000000000089, 8.131516293641283255E-16 ) ) ;
#8234 = DIRECTION ( 'NONE',  ( -1.000000000000000000, -0.0000000000000000000, 0.0000000000000000000 ) ) ;
#8235 = ORIENTED_EDGE ( 'NONE', *, *, #9290, .T. ) ;
#8236 = DIRECTION ( 'NONE',  ( -0.0000000000000000000, -0.0000000000000000000, 1.000000000000000000 ) ) ;
#8237 = DIRECTION ( 'NONE',  ( -1.000000000000000000, 2.082970027439319880E-16, 1.156280642033610094E-31 ) ) ;
#8238 = VECTOR ( 'NONE', #3561, 1000.000000000000000 ) ;
#8239 = EDGE_LOOP ( 'NONE', ( #7352, #213, #10877, #5728 ) ) ;
#8240 = DIRECTION ( 'NONE',  ( -0.0000000000000000000, 0.7071067811865461294, 0.7071067811865490160 ) ) ;
#8241 = PLANE ( 'NONE',  #2159 ) ;
#8242 = UNCERTAINTY_MEASURE_WITH_UNIT (LENGTH_MEASURE( 1.000000000000000082E-05 ), #8697, 'distance_accuracy_value', 'NONE');
#8243 = VECTOR ( 'NONE', #3180, 1000.000000000000000 ) ;
#8244 = AXIS2_PLACEMENT_3D ( 'NONE', #8147, #9872, #8259 ) ;
#8245 = DIRECTION ( 'NONE',  ( -1.000000000000000000, -0.0000000000000000000, 0.0000000000000000000 ) ) ;
#8246 = VERTEX_POINT ( 'NONE', #5730 ) ;
#8247 = CARTESIAN_POINT ( 'NONE',  ( -5.945000000000000284, 0.4050000000000000266, 4.900000000000000355 ) ) ;
#8248 = LINE ( 'NONE', #6693, #11025 ) ;
#8249 = EDGE_LOOP ( 'NONE', ( #8101, #10660, #905, #7176 ) ) ;
#8250 = DIRECTION ( 'NONE',  ( 0.5773502691896279515, -0.5773502691896238437, -0.5773502691896255090 ) ) ;
#8251 = ORIENTED_EDGE ( 'NONE', *, *, #8858, .T. ) ;
#8252 = AXIS2_PLACEMENT_3D ( 'NONE', #11333, #6795, #10311 ) ;
#8253 = VECTOR ( 'NONE', #4995, 1000.000000000000000 ) ;
#8254 = DIRECTION ( 'NONE',  ( 0.5773502691896270633, -0.5773502691896214012, 0.5773502691896289507 ) ) ;
#8255 = AXIS2_PLACEMENT_3D ( 'NONE', #10555, #3116, #2467 ) ;
#8256 = CARTESIAN_POINT ( 'NONE',  ( -3.305000000000000160, -0.5050000000000000044, 4.899999999999999467 ) ) ;
#8257 = EDGE_CURVE ( 'NONE', #6003, #723, #9370, .T. ) ;
#8258 = ORIENTED_EDGE ( 'NONE', *, *, #5365, .F. ) ;
#8259 = DIRECTION ( 'NONE',  ( 0.0000000000000000000, 0.7071067811865489050, -0.7071067811865460184 ) ) ;
#8260 = CARTESIAN_POINT ( 'NONE',  ( 4.675000000000000711, 0.4050000000000000266, 4.799999999999999822 ) ) ;
#8261 = ORIENTED_EDGE ( 'NONE', *, *, #11070, .T. ) ;
#8262 = VECTOR ( 'NONE', #7327, 1000.000000000000000 ) ;
#8263 =( GEOMETRIC_REPRESENTATION_CONTEXT ( 3 ) GLOBAL_UNCERTAINTY_ASSIGNED_CONTEXT ( ( #5151 ) ) GLOBAL_UNIT_ASSIGNED_CONTEXT ( ( #2268, #10235, #7611 ) ) REPRESENTATION_CONTEXT ( 'NONE', 'WORKASPACE' ) );
#8264 = VECTOR ( 'NONE', #843, 1000.000000000000000 ) ;
#8265 = EDGE_LOOP ( 'NONE', ( #459, #10413, #2781, #7274 ) ) ;
#8266 = SURFACE_SIDE_STYLE ('',( #1791 ) ) ;
#8267 = DIRECTION ( 'NONE',  ( 0.0000000000000000000, 0.0000000000000000000, -1.000000000000000000 ) ) ;
#8268 = VERTEX_POINT ( 'NONE', #11329 ) ;
#8269 = DIRECTION ( 'NONE',  ( 0.0000000000000000000, 8.915067114227699459E-17, 1.000000000000000000 ) ) ;
#8270 = DIRECTION ( 'NONE',  ( -0.5773502691896280625, -0.5773502691896236216, 0.5773502691896253980 ) ) ;
#8271 = EDGE_CURVE ( 'NONE', #5861, #8686, #426, .T. ) ;
#8272 = ORIENTED_EDGE ( 'NONE', *, *, #4243, .T. ) ;
#8273 = AXIS2_PLACEMENT_3D ( 'NONE', #11223, #3081, #10324 ) ;
#8274 = VECTOR ( 'NONE', #2691, 1000.000000000000000 ) ;
#8275 = ORIENTED_EDGE ( 'NONE', *, *, #5258, .T. ) ;
#8276 = CARTESIAN_POINT ( 'NONE',  ( 1.249999999999999778, 2.499999999999999556, 2.100000000000000089 ) ) ;
#8277 = CARTESIAN_POINT ( 'NONE',  ( 0.5049999999999990052, 3.299999999999999378, 0.1000000000000008937 ) ) ;
#8278 = FACE_OUTER_BOUND ( 'NONE', #65, .T. ) ;
#8279 =( NAMED_UNIT ( * ) PLANE_ANGLE_UNIT ( ) SI_UNIT ( $, .RADIAN. ) );
#8280 = VECTOR ( 'NONE', #7100, 1000.000000000000000 ) ;
#8281 = PLANE ( 'NONE',  #10804 ) ;
#8282 = EDGE_CURVE ( 'NONE', #3638, #2619, #7681, .T. ) ;
#8283 = ORIENTED_EDGE ( 'NONE', *, *, #11595, .T. ) ;
#8284 = LINE ( 'NONE', #2767, #9038 ) ;
#8285 = PLANE ( 'NONE',  #10280 ) ;
#8286 = CARTESIAN_POINT ( 'NONE',  ( -5.845000000000000639, -3.300000000000000266, 0.1000000000000007550 ) ) ;
#8287 = CARTESIAN_POINT ( 'NONE',  ( -5.485000000000000320, -0.8649999999999997691, 0.4800000000000009814 ) ) ;
#8288 = ADVANCED_FACE ( 'NONE', ( #5847 ), #10431, .F. ) ;
#8289 = VECTOR ( 'NONE', #1232, 1000.000000000000000 ) ;
#8290 = EDGE_LOOP ( 'NONE', ( #749, #6321, #4272, #10361 ) ) ;
#8291 = CARTESIAN_POINT ( 'NONE',  ( -0.4050000000000000266, 0.8850000000000000089, 8.131516293641283255E-16 ) ) ;
#8292 = DIRECTION ( 'NONE',  ( 0.0000000000000000000, 0.0000000000000000000, 1.000000000000000000 ) ) ;
#8293 = ORIENTED_EDGE ( 'NONE', *, *, #10079, .F. ) ;
#8294 = DIRECTION ( 'NONE',  ( -0.0000000000000000000, -8.915067114227699459E-17, 1.000000000000000000 ) ) ;
#8295 = CARTESIAN_POINT ( 'NONE',  ( 4.625000000000000000, 3.250000000000000444, 2.564999999999999947 ) ) ;
#8296 = DIRECTION ( 'NONE',  ( 0.7071067811865461294, -0.0000000000000000000, 0.7071067811865490160 ) ) ;
#8297 = ADVANCED_FACE ( 'NONE', ( #8524 ), #3120, .F. ) ;
#8298 = ORIENTED_EDGE ( 'NONE', *, *, #10302, .T. ) ;
#8299 = CARTESIAN_POINT ( 'NONE',  ( -2.135000000000000231, -3.200000000000000622, 0.4600000000000011857 ) ) ;
#8300 = VERTEX_POINT ( 'NONE', #3179 ) ;
#8301 = DIRECTION ( 'NONE',  ( 0.0000000000000000000, -1.000000000000000000, -0.0000000000000000000 ) ) ;
#8302 = EDGE_CURVE ( 'NONE', #11018, #6400, #11390, .T. ) ;
#8303 = ORIENTED_EDGE ( 'NONE', *, *, #2990, .T. ) ;
#8304 = EDGE_CURVE ( 'NONE', #10267, #6062, #3948, .T. ) ;
#8305 = CARTESIAN_POINT ( 'NONE',  ( -2.134999999999999787, -0.8649999999999999911, 4.900000000000000355 ) ) ;
#8306 = DIRECTION ( 'NONE',  ( 0.0000000000000000000, -0.7071067811865489050, 0.7071067811865460184 ) ) ;
#8307 = CARTESIAN_POINT ( 'NONE',  ( -2.205000000000000071, -2.499999999999999556, 0.2999999999999999889 ) ) ;
#8308 = CIRCLE ( 'NONE', #8493, 0.02000000000000005246 ) ;
#8309 = PLANE ( 'NONE',  #11414 ) ;
#8310 = ORIENTED_EDGE ( 'NONE', *, *, #10323, .T. ) ;
#8311 = LINE ( 'NONE', #5639, #481 ) ;
#8312 = DIRECTION ( 'NONE',  ( 1.953503796022424979E-47, 1.000000000000000000, 9.303908184768099600E-32 ) ) ;
#8313 = ADVANCED_FACE ( 'NONE', ( #7807 ), #5902, .T. ) ;
#8314 = VERTEX_POINT ( 'NONE', #7623 ) ;
#8315 = EDGE_CURVE ( 'NONE', #8692, #5565, #491, .T. ) ;
#8316 = LINE ( 'NONE', #3565, #11247 ) ;
#8317 = ORIENTED_EDGE ( 'NONE', *, *, #362, .T. ) ;
#8318 = AXIS2_PLACEMENT_3D ( 'NONE', #9849, #8177, #11747 ) ;
#8319 = DIRECTION ( 'NONE',  ( 0.7071067811865461294, 0.0000000000000000000, -0.7071067811865490160 ) ) ;
#8320 = FACE_OUTER_BOUND ( 'NONE', #3863, .T. ) ;
#8321 = DIRECTION ( 'NONE',  ( 0.0000000000000000000, 0.0000000000000000000, 1.000000000000000000 ) ) ;
#8322 = CARTESIAN_POINT ( 'NONE',  ( 5.485000000000000320, -0.4049999999999998601, 0.4800000000000011480 ) ) ;
#8323 = EDGE_LOOP ( 'NONE', ( #4134, #2452, #549, #8006 ) ) ;
#8324 = PRESENTATION_LAYER_ASSIGNMENT (  '', '', ( #5090 ) ) ;
#8325 = ORIENTED_EDGE ( 'NONE', *, *, #10714, .F. ) ;
#8326 = ADVANCED_FACE ( 'NONE', ( #6673 ), #9425, .F. ) ;
#8327 = DIRECTION ( 'NONE',  ( 0.0000000000000000000, 8.915067114227699459E-17, 1.000000000000000000 ) ) ;
#8328 = ORIENTED_EDGE ( 'NONE', *, *, #4010, .T. ) ;
#8329 = CARTESIAN_POINT ( 'NONE',  ( 5.599999999999999645, 3.250000000000000444, 0.4100000000000009748 ) ) ;
#8330 = FACE_OUTER_BOUND ( 'NONE', #10755, .T. ) ;
#8331 = VECTOR ( 'NONE', #3522, 1000.000000000000000 ) ;
#8332 = ORIENTED_EDGE ( 'NONE', *, *, #10711, .T. ) ;
#8333 = CARTESIAN_POINT ( 'NONE',  ( -2.874999999999999112, 2.499999999999999556, 0.5999999999999999778 ) ) ;
#8334 = EDGE_CURVE ( 'NONE', #9417, #10902, #3301, .T. ) ;
#8335 = EDGE_CURVE ( 'NONE', #11382, #4682, #9534, .T. ) ;
#8336 = CARTESIAN_POINT ( 'NONE',  ( -0.4550000000000000155, 3.250000000000000444, 2.564999999999999947 ) ) ;
#8337 = EDGE_CURVE ( 'NONE', #2072, #53, #8585, .T. ) ;
#8338 = FACE_OUTER_BOUND ( 'NONE', #5388, .T. ) ;
#8339 = ORIENTED_EDGE ( 'NONE', *, *, #6582, .T. ) ;
#8340 = FACE_OUTER_BOUND ( 'NONE', #9003, .T. ) ;
#8341 = LINE ( 'NONE', #4718, #11233 ) ;
#8342 = CARTESIAN_POINT ( 'NONE',  ( 2.612972599797700035E-15, 2.500000000000000000, 0.2999999999999999889 ) ) ;
#8343 = LINE ( 'NONE', #3233, #6307 ) ;
#8344 = ORIENTED_EDGE ( 'NONE', *, *, #5415, .F. ) ;
#8345 = DIRECTION ( 'NONE',  ( 0.0000000000000000000, -1.000000000000000000, -0.0000000000000000000 ) ) ;
#8346 = AXIS2_PLACEMENT_3D ( 'NONE', #11281, #157, #1285 ) ;
#8347 = PLANE ( 'NONE',  #11611 ) ;
#8348 = EDGE_LOOP ( 'NONE', ( #10339, #7045, #7671, #1570 ) ) ;
#8349 = EDGE_CURVE ( 'NONE', #5154, #2156, #11263, .T. ) ;
#8350 = PLANE ( 'NONE',  #870 ) ;
#8351 = CARTESIAN_POINT ( 'NONE',  ( -0.7650000000000003464, -3.299999999999999378, 0.1000000000000011297 ) ) ;
#8352 = CARTESIAN_POINT ( 'NONE',  ( 5.830000000000000071, 0.4550000000000000155, 4.850000000000000533 ) ) ;
#8353 = ORIENTED_EDGE ( 'NONE', *, *, #7248, .T. ) ;
#8354 = CARTESIAN_POINT ( 'NONE',  ( 0.4050000000000000266, 0.8649999999999999911, 4.799999999999999822 ) ) ;
#8355 = LINE ( 'NONE', #3836, #4570 ) ;
#8356 = DIRECTION ( 'NONE',  ( 0.0000000000000000000, 0.0000000000000000000, -1.000000000000000000 ) ) ;
#8357 = ORIENTED_EDGE ( 'NONE', *, *, #4714, .F. ) ;
#8358 = DIRECTION ( 'NONE',  ( -0.0000000000000000000, -0.0000000000000000000, -1.000000000000000000 ) ) ;
#8359 = LINE ( 'NONE', #9322, #3670 ) ;
#8360 = CIRCLE ( 'NONE', #4376, 0.02000000000000005246 ) ;
#8361 = VECTOR ( 'NONE', #8872, 1000.000000000000114 ) ;
#8362 = ADVANCED_FACE ( 'NONE', ( #2163 ), #546, .F. ) ;
#8363 = CARTESIAN_POINT ( 'NONE',  ( -4.315000000000000391, 0.7650000000000000133, 4.900000000000000355 ) ) ;
#8364 = CARTESIAN_POINT ( 'NONE',  ( 5.599999999999999645, -3.250000000000000444, 0.4100000000000009748 ) ) ;
#8365 = ORIENTED_EDGE ( 'NONE', *, *, #6553, .T. ) ;
#8366 = EDGE_CURVE ( 'NONE', #1123, #8686, #4893, .T. ) ;
#8367 = DIRECTION ( 'NONE',  ( -1.000000000000000000, -0.0000000000000000000, 2.099659365964729900E-16 ) ) ;
#8368 = PLANE ( 'NONE',  #8745 ) ;
#8369 = VECTOR ( 'NONE', #4377, 1000.000000000000000 ) ;
#8370 = ORIENTED_EDGE ( 'NONE', *, *, #5514, .F. ) ;
#8371 = LINE ( 'NONE', #4255, #3090 ) ;
#8372 = VERTEX_POINT ( 'NONE', #6978 ) ;
#8373 = CARTESIAN_POINT ( 'NONE',  ( 2.135000000000000231, 3.200000000000000622, 8.673617379884035472E-16 ) ) ;
#8374 = DIRECTION ( 'NONE',  ( 0.0000000000000000000, 1.000000000000000000, 0.0000000000000000000 ) ) ;
#8375 = EDGE_CURVE ( 'NONE', #10062, #1758, #10615, .T. ) ;
#8376 = VECTOR ( 'NONE', #9838, 1000.000000000000000 ) ;
#8377 = AXIS2_PLACEMENT_3D ( 'NONE', #5919, #3320, #9616 ) ;
#8378 = VERTEX_POINT ( 'NONE', #1567 ) ;
#8379 = DIRECTION ( 'NONE',  ( -0.5773502691896300609, -0.5773502691896227335, -0.5773502691896246208 ) ) ;
#8380 = CARTESIAN_POINT ( 'NONE',  ( 9.449999999999999289, 5.551115123125779744E-16, 5.200000000000001066 ) ) ;
#8381 = VERTEX_POINT ( 'NONE', #5316 ) ;
#8382 = EDGE_CURVE ( 'NONE', #9606, #6992, #7867, .T. ) ;
#8383 = EDGE_LOOP ( 'NONE', ( #10113, #1580, #7251, #10988 ) ) ;
#8384 = DIRECTION ( 'NONE',  ( -1.000000000000000000, -0.0000000000000000000, -0.0000000000000000000 ) ) ;
#8385 = ORIENTED_EDGE ( 'NONE', *, *, #4192, .T. ) ;
#8386 = VECTOR ( 'NONE', #10108, 999.9999999999998863 ) ;
#8387 = CARTESIAN_POINT ( 'NONE',  ( -5.714999999999999858, -0.6350000000000000089, 4.900000000000000355 ) ) ;
#8388 = ORIENTED_EDGE ( 'NONE', *, *, #10033, .T. ) ;
#8389 = PLANE ( 'NONE',  #10112 ) ;
#8390 = ORIENTED_EDGE ( 'NONE', *, *, #7393, .T. ) ;
#8391 = VECTOR ( 'NONE', #5324, 1000.000000000000000 ) ;
#8392 = ORIENTED_EDGE ( 'NONE', *, *, #3896, .F. ) ;
#8393 = DIRECTION ( 'NONE',  ( 0.0000000000000000000, 1.000000000000000000, -8.915067114227699459E-17 ) ) ;
#8394 = DIRECTION ( 'NONE',  ( -1.000000000000000000, -0.0000000000000000000, 0.0000000000000000000 ) ) ;
#8395 = CARTESIAN_POINT ( 'NONE',  ( 5.844999999999999751, -3.299999999999999822, 0.2300000000000010092 ) ) ;
#8396 = CARTESIAN_POINT ( 'NONE',  ( 0.9350000000000000533, -2.500000000000000000, 0.2999999999999999889 ) ) ;
#8397 = CARTESIAN_POINT ( 'NONE',  ( 5.945000000000000284, 3.200000000000000178, 4.900000000000000355 ) ) ;
#8398 = FACE_OUTER_BOUND ( 'NONE', #9021, .T. ) ;
#8399 = VECTOR ( 'NONE', #9294, 1000.000000000000000 ) ;
#8400 = DIRECTION ( 'NONE',  ( -0.5773502691896257311, -0.5773502691896257311, -0.5773502691896257311 ) ) ;
#8401 = DIRECTION ( 'NONE',  ( -0.5773502691896189587, -0.5773502691896290617, -0.5773502691896290617 ) ) ;
#8402 = EDGE_CURVE ( 'NONE', #10040, #3466, #6251, .T. ) ;
#8403 = ADVANCED_FACE ( 'NONE', ( #8046 ), #2469, .T. ) ;
#8404 = ORIENTED_EDGE ( 'NONE', *, *, #11582, .T. ) ;
#8405 = PLANE ( 'NONE',  #1432 ) ;
#8406 = FACE_OUTER_BOUND ( 'NONE', #4307, .T. ) ;
#8407 = LINE ( 'NONE', #2833, #9144 ) ;
#8408 = ORIENTED_EDGE ( 'NONE', *, *, #4795, .F. ) ;
#8409 = CARTESIAN_POINT ( 'NONE',  ( 2.944999999999999840, -0.4050000000000000266, 4.799999999999999822 ) ) ;
#8410 = DIRECTION ( 'NONE',  ( -0.0000000000000000000, 1.000000000000000000, 0.0000000000000000000 ) ) ;
#8411 = DIRECTION ( 'NONE',  ( 0.7071067811865441310, 0.7071067811865510144, -4.329780281177489848E-17 ) ) ;
#8412 = EDGE_LOOP ( 'NONE', ( #3047, #2079, #11444, #8451 ) ) ;
#8413 = CARTESIAN_POINT ( 'NONE',  ( 4.214999999999999858, -0.8850000000000000089, 0.4800000000000009814 ) ) ;
#8414 = FACE_OUTER_BOUND ( 'NONE', #5599, .T. ) ;
#8415 = DIRECTION ( 'NONE',  ( -1.275451288411719683E-32, -6.123233995736769734E-17, 1.000000000000000000 ) ) ;
#8416 = VERTEX_POINT ( 'NONE', #732 ) ;
#8417 = PLANE ( 'NONE',  #6764 ) ;
#8418 = AXIS2_PLACEMENT_3D ( 'NONE', #7755, #3433, #11519 ) ;
#8419 = LINE ( 'NONE', #5802, #9191 ) ;
#8420 = EDGE_CURVE ( 'NONE', #9096, #3755, #4453, .T. ) ;
#8421 = VERTEX_POINT ( 'NONE', #9889 ) ;
#8422 = DIRECTION ( 'NONE',  ( -1.000000000000000000, -0.0000000000000000000, 0.0000000000000000000 ) ) ;
#8423 = CARTESIAN_POINT ( 'NONE',  ( -5.485000000000000320, 0.8649999999999997691, 0.4800000000000011480 ) ) ;
#8424 = ORIENTED_EDGE ( 'NONE', *, *, #10407, .F. ) ;
#8425 = DIRECTION ( 'NONE',  ( -0.0000000000000000000, -0.0000000000000000000, -1.000000000000000000 ) ) ;
#8426 = CARTESIAN_POINT ( 'NONE',  ( 2.944999999999999840, 0.8850000000000000089, 0.4600000000000010192 ) ) ;
#8427 = PLANE ( 'NONE',  #10469 ) ;
#8428 = AXIS2_PLACEMENT_3D ( 'NONE', #10505, #6993, #10627 ) ;
#8429 = EDGE_LOOP ( 'NONE', ( #11191, #3958, #11478, #1762 ) ) ;
#8430 = ADVANCED_FACE ( 'NONE', ( #11508 ), #6023, .F. ) ;
#8431 = LINE ( 'NONE', #10567, #5914 ) ;
#8432 = ORIENTED_EDGE ( 'NONE', *, *, #5787, .T. ) ;
#8433 = FACE_OUTER_BOUND ( 'NONE', #4367, .T. ) ;
#8434 = EDGE_CURVE ( 'NONE', #6852, #1901, #6077, .T. ) ;
#8435 = AXIS2_PLACEMENT_3D ( 'NONE', #4615, #10983, #2836 ) ;
#8436 = VECTOR ( 'NONE', #7384, 1000.000000000000000 ) ;
#8437 = LINE ( 'NONE', #3973, #833 ) ;
#8438 = FACE_OUTER_BOUND ( 'NONE', #6751, .T. ) ;
#8439 = ORIENTED_EDGE ( 'NONE', *, *, #1834, .F. ) ;
#8440 = ORIENTED_EDGE ( 'NONE', *, *, #1287, .F. ) ;
#8441 = SURFACE_SIDE_STYLE ('',( #3923 ) ) ;
#8442 = AXIS2_PLACEMENT_3D ( 'NONE', #10597, #2322, #2447 ) ;
#8443 = ORIENTED_EDGE ( 'NONE', *, *, #1822, .T. ) ;
#8444 = EDGE_CURVE ( 'NONE', #7552, #2075, #675, .T. ) ;
#8445 = VECTOR ( 'NONE', #9010, 1000.000000000000000 ) ;
#8446 = CARTESIAN_POINT ( 'NONE',  ( 0.7500000000000000000, -3.250000000000000444, 0.05000000000000080075 ) ) ;
#8447 = ORIENTED_EDGE ( 'NONE', *, *, #10942, .F. ) ;
#8448 = DIRECTION ( 'NONE',  ( -1.000000000000000000, -0.0000000000000000000, 0.0000000000000000000 ) ) ;
#8449 = EDGE_CURVE ( 'NONE', #4892, #593, #7035, .T. ) ;
#8450 = EDGE_CURVE ( 'NONE', #11471, #2635, #1631, .T. ) ;
#8451 = ORIENTED_EDGE ( 'NONE', *, *, #342, .F. ) ;
#8452 = AXIS2_PLACEMENT_3D ( 'NONE', #5953, #5890, #1440 ) ;
#8453 = VECTOR ( 'NONE', #1868, 1000.000000000000000 ) ;
#8454 = AXIS2_PLACEMENT_3D ( 'NONE', #10390, #10211, #2122 ) ;
#8455 = CARTESIAN_POINT ( 'NONE',  ( -0.4550000000000000155, 0.7500000000000000000, 4.850000000000000533 ) ) ;
#8456 = DIRECTION ( 'NONE',  ( -0.5773502691896268413, -0.5773502691896242878, -0.5773502691896261751 ) ) ;
#8457 = DIRECTION ( 'NONE',  ( 1.000000000000000000, 0.0000000000000000000, -2.099659365964729900E-16 ) ) ;
#8458 = LINE ( 'NONE', #7560, #1548 ) ;
#8459 = AXIS2_PLACEMENT_3D ( 'NONE', #705, #6229, #3395 ) ;
#8460 = MECHANICAL_DESIGN_GEOMETRIC_PRESENTATION_REPRESENTATION (  '', ( #6941 ), #7895 ) ;
#8461 = FILL_AREA_STYLE_COLOUR ( '', #10700 ) ;
#8462 = ORIENTED_EDGE ( 'NONE', *, *, #4880, .T. ) ;
#8463 = VECTOR ( 'NONE', #4911, 1000.000000000000000 ) ;
#8464 = PLANE ( 'NONE',  #6371 ) ;
#8465 = CARTESIAN_POINT ( 'NONE',  ( 1.725000000000000089, 0.5200000000000000178, 4.850000000000000533 ) ) ;
#8466 = DIRECTION ( 'NONE',  ( -1.000000000000000000, 2.082970027439319880E-16, 1.156280642033610094E-31 ) ) ;
#8467 = EDGE_LOOP ( 'NONE', ( #117, #9273, #8580, #2012 ) ) ;
#8468 = CARTESIAN_POINT ( 'NONE',  ( 4.559999999999999609, -3.299999999999999822, 0.1000000000000008105 ) ) ;
#8469 = MANIFOLD_SOLID_BREP ( 'Imported15', #3567 ) ;
#8470 = DIRECTION ( 'NONE',  ( -0.0000000000000000000, -1.000000000000000000, -0.0000000000000000000 ) ) ;
#8471 = CARTESIAN_POINT ( 'NONE',  ( 4.214999999999999858, -0.8649999999999999911, 4.799999999999999822 ) ) ;
#8472 = ORIENTED_EDGE ( 'NONE', *, *, #5120, .T. ) ;
#8473 = DIRECTION ( 'NONE',  ( 0.0000000000000000000, -1.000000000000000000, -0.0000000000000000000 ) ) ;
#8474 = ADVANCED_FACE ( 'NONE', ( #6913 ), #8902, .F. ) ;
#8475 = CARTESIAN_POINT ( 'NONE',  ( 2.995000000000000107, 3.250000000000000444, 2.564999999999999947 ) ) ;
#8476 = PLANE ( 'NONE',  #5813 ) ;
#8477 = AXIS2_PLACEMENT_3D ( 'NONE', #2568, #9572, #4290 ) ;
#8478 = CARTESIAN_POINT ( 'NONE',  ( -5.599999999999999645, 0.5050000000000005596, 4.900000000000000355 ) ) ;
#8479 = CARTESIAN_POINT ( 'NONE',  ( -0.6350000000000000089, -0.8850000000000000089, 0.4800000000000009814 ) ) ;
#8480 = FACE_OUTER_BOUND ( 'NONE', #3844, .T. ) ;
#8481 = ORIENTED_EDGE ( 'NONE', *, *, #10148, .F. ) ;
#8482 = FACE_OUTER_BOUND ( 'NONE', #8467, .T. ) ;
#8483 = VECTOR ( 'NONE', #8546, 1000.000000000000000 ) ;
#8484 = FACE_OUTER_BOUND ( 'NONE', #393, .T. ) ;
#8485 = LINE ( 'NONE', #10212, #946 ) ;
#8486 = EDGE_CURVE ( 'NONE', #8774, #4641, #4712, .T. ) ;
#8487 = VERTEX_POINT ( 'NONE', #6541 ) ;
#8488 = ORIENTED_EDGE ( 'NONE', *, *, #4730, .T. ) ;
#8489 = CARTESIAN_POINT ( 'NONE',  ( 4.675000000000000711, -0.8649999999999997691, 0.4800000000000009814 ) ) ;
#8490 = DIRECTION ( 'NONE',  ( -1.000000000000000000, 0.0000000000000000000, 2.099659365964729900E-16 ) ) ;
#8491 = ORIENTED_EDGE ( 'NONE', *, *, #6467, .F. ) ;
#8492 = AXIS2_PLACEMENT_3D ( 'NONE', #7506, #2154, #4047 ) ;
#8493 = AXIS2_PLACEMENT_3D ( 'NONE', #8751, #3342, #4993 ) ;
#8494 = EDGE_CURVE ( 'NONE', #3740, #8644, #1972, .T. ) ;
#8495 = CARTESIAN_POINT ( 'NONE',  ( -3.174999999999999822, 0.8850000000000000089, 0.4800000000000009814 ) ) ;
#8496 = DIRECTION ( 'NONE',  ( -1.000000000000000000, -0.0000000000000000000, 0.0000000000000000000 ) ) ;
#8497 = ORIENTED_EDGE ( 'NONE', *, *, #2466, .F. ) ;
#8498 = VERTEX_POINT ( 'NONE', #967 ) ;
#8499 = FACE_OUTER_BOUND ( 'NONE', #3098, .T. ) ;
#8500 = EDGE_CURVE ( 'NONE', #6520, #3977, #6378, .T. ) ;
#8501 = VECTOR ( 'NONE', #1884, 1000.000000000000000 ) ;
#8502 = ORIENTED_EDGE ( 'NONE', *, *, #8041, .T. ) ;
#8503 = LINE ( 'NONE', #6709, #6857 ) ;
#8504 = ORIENTED_EDGE ( 'NONE', *, *, #11324, .F. ) ;
#8505 = VERTEX_POINT ( 'NONE', #8162 ) ;
#8506 = MANIFOLD_SOLID_BREP ( 'Imported10', #9641 ) ;
#8507 = AXIS2_PLACEMENT_3D ( 'NONE', #846, #1693, #6203 ) ;
#8508 = ADVANCED_FACE ( 'NONE', ( #8217 ), #2821, .F. ) ;
#8509 = ORIENTED_EDGE ( 'NONE', *, *, #2233, .F. ) ;
#8510 =( NAMED_UNIT ( * ) PLANE_ANGLE_UNIT ( ) SI_UNIT ( $, .RADIAN. ) );
#8511 = EDGE_CURVE ( 'NONE', #11715, #2043, #7329, .T. ) ;
#8512 = DIRECTION ( 'NONE',  ( 1.000000000000000000, 0.0000000000000000000, 0.0000000000000000000 ) ) ;
#8513 = DIRECTION ( 'NONE',  ( -1.000000000000000000, 0.0000000000000000000, 0.0000000000000000000 ) ) ;
#8514 = CARTESIAN_POINT ( 'NONE',  ( 0.8649999999999999911, -3.200000000000000178, 4.900000000000000355 ) ) ;
#8515 = CARTESIAN_POINT ( 'NONE',  ( -5.830000000000000071, 3.250000000000000444, 0.4100000000000009748 ) ) ;
#8516 = VECTOR ( 'NONE', #7138, 1000.000000000000000 ) ;
#8517 = LINE ( 'NONE', #10485, #6684 ) ;
#8518 = VERTEX_POINT ( 'NONE', #5662 ) ;
#8519 = EDGE_CURVE ( 'NONE', #5738, #11407, #9947, .T. ) ;
#8520 = FACE_OUTER_BOUND ( 'NONE', #3496, .T. ) ;
#8521 = CARTESIAN_POINT ( 'NONE',  ( -0.8649999999999998801, -0.4049999999999998601, 0.4800000000000011480 ) ) ;
#8522 = CARTESIAN_POINT ( 'NONE',  ( 1.604999999999999982, 2.500000000000000000, 0.2999999999999999889 ) ) ;
#8523 = ORIENTED_EDGE ( 'NONE', *, *, #1165, .T. ) ;
#8524 = FACE_OUTER_BOUND ( 'NONE', #4511, .T. ) ;
#8525 = EDGE_CURVE ( 'NONE', #2750, #4438, #5606, .T. ) ;
#8526 = LINE ( 'NONE', #369, #6340 ) ;
#8527 = DIRECTION ( 'NONE',  ( 1.000000000000000000, -0.0000000000000000000, -2.099659365964729900E-16 ) ) ;
#8528 = CARTESIAN_POINT ( 'NONE',  ( 5.714999999999999858, -0.8849999999999998979, 9.757819552369539906E-16 ) ) ;
#8529 = DIRECTION ( 'NONE',  ( 1.000000000000000000, 0.0000000000000000000, -0.0000000000000000000 ) ) ;
#8530 = CARTESIAN_POINT ( 'NONE',  ( -1.905000000000000027, -0.8849999999999998979, 9.757819552369539906E-16 ) ) ;
#8531 = ORIENTED_EDGE ( 'NONE', *, *, #5478, .T. ) ;
#8532 = PLANE ( 'NONE',  #3745 ) ;
#8533 = DIRECTION ( 'NONE',  ( 0.0000000000000000000, 1.000000000000000000, 0.0000000000000000000 ) ) ;
#8534 = ORIENTED_EDGE ( 'NONE', *, *, #8519, .T. ) ;
#8535 = DIRECTION ( 'NONE',  ( -0.0000000000000000000, -0.0000000000000000000, 1.000000000000000000 ) ) ;
#8536 = LINE ( 'NONE', #5152, #464 ) ;
#8537 = CARTESIAN_POINT ( 'NONE',  ( 1.675000000000000044, 3.200000000000000178, 0.4600000000000010747 ) ) ;
#8538 = ORIENTED_EDGE ( 'NONE', *, *, #5326, .T. ) ;
#8539 = CARTESIAN_POINT ( 'NONE',  ( -4.575000000000000178, -3.299999999999999822, 2.564999999999999947 ) ) ;
#8540 = CARTESIAN_POINT ( 'NONE',  ( 5.945000000000000284, 0.8649999999999999911, 4.799999999999999822 ) ) ;
#8541 = CARTESIAN_POINT ( 'NONE',  ( -4.575000000000000178, -3.299999999999999378, 0.1000000000000010048 ) ) ;
#8542 = CARTESIAN_POINT ( 'NONE',  ( -1.675000000000000044, 0.8649999999999999911, 0.4600000000000011857 ) ) ;
#8543 = EDGE_LOOP ( 'NONE', ( #2575, #5819, #6613, #6099 ) ) ;
#8544 = VECTOR ( 'NONE', #4205, 1000.000000000000000 ) ;
#8545 = ORIENTED_EDGE ( 'NONE', *, *, #8302, .F. ) ;
#8546 = DIRECTION ( 'NONE',  ( 0.0000000000000000000, 0.0000000000000000000, -1.000000000000000000 ) ) ;
#8547 = LINE ( 'NONE', #1174, #5000 ) ;
#8548 = ORIENTED_EDGE ( 'NONE', *, *, #8958, .F. ) ;
#8549 = EDGE_CURVE ( 'NONE', #545, #11289, #129, .T. ) ;
#8550 = ADVANCED_FACE ( 'NONE', ( #8338 ), #9244, .F. ) ;
#8551 = DIRECTION ( 'NONE',  ( 1.000000000000000000, 0.0000000000000000000, -0.0000000000000000000 ) ) ;
#8552 = DIRECTION ( 'NONE',  ( 0.5773502691896255090, 0.5773502691896247319, -0.5773502691896270633 ) ) ;
#8553 = VERTEX_POINT ( 'NONE', #180 ) ;
#8554 = AXIS2_PLACEMENT_3D ( 'NONE', #7544, #9226, #11182 ) ;
#8555 = VERTEX_POINT ( 'NONE', #7443 ) ;
#8556 = CARTESIAN_POINT ( 'NONE',  ( -3.174999999999999822, -3.299999999999999822, 0.3600000000000009859 ) ) ;
#8557 = ORIENTED_EDGE ( 'NONE', *, *, #2673, .T. ) ;
#8558 = PLANE ( 'NONE',  #5907 ) ;
#8559 = AXIS2_PLACEMENT_3D ( 'NONE', #3991, #2272, #10363 ) ;
#8560 = CARTESIAN_POINT ( 'NONE',  ( -0.4049999999999998601, 0.4050000000000000266, 4.799999999999999822 ) ) ;
#8561 = VECTOR ( 'NONE', #4948, 1000.000000000000000 ) ;
#8562 = ADVANCED_FACE ( 'NONE', ( #11079 ), #9073, .T. ) ;
#8563 = FACE_OUTER_BOUND ( 'NONE', #9811, .T. ) ;
#8564 = VERTEX_POINT ( 'NONE', #908 ) ;
#8565 = EDGE_CURVE ( 'NONE', #1408, #7905, #411, .T. ) ;
#8566 = MANIFOLD_SOLID_BREP ( 'Imported3', #7164 ) ;
#8567 = PLANE ( 'NONE',  #650 ) ;
#8568 = VERTEX_POINT ( 'NONE', #1190 ) ;
#8569 = VECTOR ( 'NONE', #17, 1000.000000000000000 ) ;
#8570 = CARTESIAN_POINT ( 'NONE',  ( -4.214999999999999858, 0.4050000000000000266, 4.799999999999999822 ) ) ;
#8571 = FACE_OUTER_BOUND ( 'NONE', #11069, .T. ) ;
#8572 = DIRECTION ( 'NONE',  ( 0.0000000000000000000, 0.0000000000000000000, -1.000000000000000000 ) ) ;
#8573 = ORIENTED_EDGE ( 'NONE', *, *, #11544, .F. ) ;
#8574 = CARTESIAN_POINT ( 'NONE',  ( -0.4050000000000000266, -0.8850000000000000089, 7.632783294297950229E-16 ) ) ;
#8575 = FACE_OUTER_BOUND ( 'NONE', #3445, .T. ) ;
#8576 = ORIENTED_EDGE ( 'NONE', *, *, #6543, .T. ) ;
#8577 = ADVANCED_FACE ( 'NONE', ( #10296 ), #354, .T. ) ;
#8578 = FACE_OUTER_BOUND ( 'NONE', #8792, .T. ) ;
#8579 = VECTOR ( 'NONE', #4289, 1000.000000000000000 ) ;
#8580 = ORIENTED_EDGE ( 'NONE', *, *, #8724, .F. ) ;
#8581 = CARTESIAN_POINT ( 'NONE',  ( -3.060000000000000053, 3.299999999999999822, 0.1000000000000008105 ) ) ;
#8582 = DIRECTION ( 'NONE',  ( 0.0000000000000000000, 1.000000000000000000, -8.915067114227699459E-17 ) ) ;
#8583 = CARTESIAN_POINT ( 'NONE',  ( 2.134999999999999787, 0.8649999999999999911, 4.900000000000000355 ) ) ;
#8584 = VERTEX_POINT ( 'NONE', #8570 ) ;
#8585 = LINE ( 'NONE', #2107, #2942 ) ;
#8586 = MANIFOLD_SOLID_BREP ( 'Imported20', #2230 ) ;
#8587 = DIRECTION ( 'NONE',  ( -0.7071067811865461294, 0.0000000000000000000, -0.7071067811865490160 ) ) ;
#8588 = ORIENTED_EDGE ( 'NONE', *, *, #190, .T. ) ;
#8589 = DIRECTION ( 'NONE',  ( 0.7071067811865461294, 0.7071067811865490160, 4.329780281177481220E-17 ) ) ;
#8590 = DIRECTION ( 'NONE',  ( -1.000000000000000000, -0.0000000000000000000, 2.099659365964729900E-16 ) ) ;
#8591 = EDGE_CURVE ( 'NONE', #1179, #11262, #10358, .T. ) ;
#8592 = LINE ( 'NONE', #3127, #10368 ) ;
#8593 = ORIENTED_EDGE ( 'NONE', *, *, #6409, .T. ) ;
#8594 = PLANE ( 'NONE',  #6016 ) ;
#8595 = CARTESIAN_POINT ( 'NONE',  ( -5.484999999999999432, 0.8649999999999999911, 4.800000000000000711 ) ) ;
#8596 = EDGE_CURVE ( 'NONE', #11382, #2156, #4112, .T. ) ;
#8597 = ORIENTED_EDGE ( 'NONE', *, *, #4291, .T. ) ;
#8598 = VECTOR ( 'NONE', #3637, 1000.000000000000114 ) ;
#8599 = CARTESIAN_POINT ( 'NONE',  ( 3.405000000000000249, -3.200000000000000178, 0.4600000000000011857 ) ) ;
#8600 = UNCERTAINTY_MEASURE_WITH_UNIT (LENGTH_MEASURE( 1.000000000000000082E-05 ), #10913, 'distance_accuracy_value', 'NONE');
#8601 = FACE_OUTER_BOUND ( 'NONE', #5115, .T. ) ;
#8602 = ORIENTED_EDGE ( 'NONE', *, *, #10900, .T. ) ;
#8603 = DIRECTION ( 'NONE',  ( -1.000000000000000000, -2.349678358995040167E-16, 0.0000000000000000000 ) ) ;
#8604 = CARTESIAN_POINT ( 'NONE',  ( 2.034999999999999698, 0.5050000000000000044, 4.899999999999999467 ) ) ;
#8605 = DIRECTION ( 'NONE',  ( 0.0000000000000000000, -1.000000000000000000, -0.0000000000000000000 ) ) ;
#8606 = DIRECTION ( 'NONE',  ( -0.0000000000000000000, 1.000000000000000000, 0.0000000000000000000 ) ) ;
#8607 = LINE ( 'NONE', #4589, #9474 ) ;
#8608 = ORIENTED_EDGE ( 'NONE', *, *, #7463, .T. ) ;
#8609 = EDGE_CURVE ( 'NONE', #9610, #2029, #3225, .T. ) ;
#8610 = DIRECTION ( 'NONE',  ( -1.000000000000000000, -0.0000000000000000000, 2.099659365964729900E-16 ) ) ;
#8611 = FACE_OUTER_BOUND ( 'NONE', #490, .T. ) ;
#8612 = ORIENTED_EDGE ( 'NONE', *, *, #9405, .F. ) ;
#8613 = CIRCLE ( 'NONE', #5760, 0.02000000000000005246 ) ;
#8614 = CARTESIAN_POINT ( 'NONE',  ( 2.135000000000000231, 0.8649999999999999911, 4.800000000000000711 ) ) ;
#8615 = DIRECTION ( 'NONE',  ( -0.7071067811865489050, 0.0000000000000000000, 0.7071067811865460184 ) ) ;
#8616 = CARTESIAN_POINT ( 'NONE',  ( -8.600000000002909317, -1.650000000040749981, 2.100000000000000089 ) ) ;
#8617 = ORIENTED_EDGE ( 'NONE', *, *, #328, .T. ) ;
#8618 = DIRECTION ( 'NONE',  ( -0.7071067811865510144, -0.7071067811865441310, 0.0000000000000000000 ) ) ;
#8619 = ORIENTED_EDGE ( 'NONE', *, *, #1577, .T. ) ;
#8620 = ADVANCED_FACE ( 'NONE', ( #10479 ), #2328, .F. ) ;
#8621 = PLANE ( 'NONE',  #7063 ) ;
#8622 = VECTOR ( 'NONE', #8410, 1000.000000000000000 ) ;
#8623 = LINE ( 'NONE', #1927, #485 ) ;
#8624 = AXIS2_PLACEMENT_3D ( 'NONE', #2329, #8512, #5836 ) ;
#8625 = CARTESIAN_POINT ( 'NONE',  ( 5.714999999999999858, -0.5050000000000000044, 4.900000000000000355 ) ) ;
#8626 = ORIENTED_EDGE ( 'NONE', *, *, #3981, .T. ) ;
#8627 = PLANE ( 'NONE',  #9570 ) ;
#8628 = ORIENTED_EDGE ( 'NONE', *, *, #7197, .T. ) ;
#8629 = CARTESIAN_POINT ( 'NONE',  ( 3.290000000000000036, 3.250000000000000444, 0.05000000000000080075 ) ) ;
#8630 = VECTOR ( 'NONE', #9771, 1000.000000000000000 ) ;
#8631 = AXIS2_PLACEMENT_3D ( 'NONE', #4325, #1020, #4655 ) ;
#8632 = ORIENTED_EDGE ( 'NONE', *, *, #8058, .F. ) ;
#8633 = ADVANCED_FACE ( 'NONE', ( #6186 ), #9822, .F. ) ;
#8634 = LINE ( 'NONE', #8395, #5768 ) ;
#8635 = LINE ( 'NONE', #11379, #6422 ) ;
#8636 = ORIENTED_EDGE ( 'NONE', *, *, #297, .T. ) ;
#8637 = FACE_OUTER_BOUND ( 'NONE', #6746, .T. ) ;
#8638 = EDGE_CURVE ( 'NONE', #4949, #11101, #1680, .T. ) ;
#8639 = DIRECTION ( 'NONE',  ( 0.0000000000000000000, -0.7071067811865460184, 0.7071067811865489050 ) ) ;
#8640 = ORIENTED_EDGE ( 'NONE', *, *, #7938, .T. ) ;
#8641 = VECTOR ( 'NONE', #7990, 1000.000000000000000 ) ;
#8642 =( GEOMETRIC_REPRESENTATION_CONTEXT ( 3 ) GLOBAL_UNCERTAINTY_ASSIGNED_CONTEXT ( ( #4906 ) ) GLOBAL_UNIT_ASSIGNED_CONTEXT ( ( #9125, #8279, #2701 ) ) REPRESENTATION_CONTEXT ( 'NONE', 'WORKASPACE' ) );
#8643 = VECTOR ( 'NONE', #4340, 1000.000000000000000 ) ;
#8644 = VERTEX_POINT ( 'NONE', #8942 ) ;
#8645 = CARTESIAN_POINT ( 'NONE',  ( 0.8649999999999998801, -0.4049999999999999156, 4.799999999999999822 ) ) ;
#8646 = ADVANCED_FACE ( 'NONE', ( #10602 ), #2393, .F. ) ;
#8647 = CARTESIAN_POINT ( 'NONE',  ( -1.774999999999999911, -0.5050000000000001155, 4.900000000000000355 ) ) ;
#8648 = ORIENTED_EDGE ( 'NONE', *, *, #4750, .T. ) ;
#8649 = DIRECTION ( 'NONE',  ( 1.000000000000000000, 0.0000000000000000000, -0.0000000000000000000 ) ) ;
#8650 = AXIS2_PLACEMENT_3D ( 'NONE', #4628, #10268, #7470 ) ;
#8651 = AXIS2_PLACEMENT_3D ( 'NONE', #610, #2935, #2763 ) ;
#8652 = DIRECTION ( 'NONE',  ( 0.0000000000000000000, -8.915067114227699459E-17, 1.000000000000000000 ) ) ;
#8653 = CARTESIAN_POINT ( 'NONE',  ( -9.449999999999999289, 2.500000000000000000, 5.200000000000001066 ) ) ;
#8654 = VERTEX_POINT ( 'NONE', #6241 ) ;
#8655 = CARTESIAN_POINT ( 'NONE',  ( -3.475000000000000089, 5.806605777328229749E-16, 0.2999999999999999889 ) ) ;
#8656 = ADVANCED_FACE ( 'NONE', ( #4300 ), #1495, .F. ) ;
#8657 = CARTESIAN_POINT ( 'NONE',  ( 0.8649999999999999911, -0.4050000000000000266, 4.799999999999999822 ) ) ;
#8658 = CYLINDRICAL_SURFACE ( 'NONE', #2790, 0.4800000000000000933 ) ;
#8659 = CARTESIAN_POINT ( 'NONE',  ( -0.4050000000000000266, -0.8649999999999999911, 4.900000000000000355 ) ) ;
#8660 = ORIENTED_EDGE ( 'NONE', *, *, #3562, .F. ) ;
#8661 = CARTESIAN_POINT ( 'NONE',  ( -3.045000000000000373, 0.5050000000000001155, 4.899999999999999467 ) ) ;
#8662 = FACE_OUTER_BOUND ( 'NONE', #6668, .T. ) ;
#8663 = VECTOR ( 'NONE', #84, 1000.000000000000000 ) ;
#8664 = ORIENTED_EDGE ( 'NONE', *, *, #7529, .T. ) ;
#8665 = CIRCLE ( 'NONE', #2778, 0.02000000000000005246 ) ;
#8666 = LINE ( 'NONE', #10575, #9020 ) ;
#8667 = EDGE_CURVE ( 'NONE', #2188, #4120, #10542, .T. ) ;
#8668 = PLANE ( 'NONE',  #6469 ) ;
#8669 = VERTEX_POINT ( 'NONE', #11436 ) ;
#8670 = DIRECTION ( 'NONE',  ( -0.0000000000000000000, -0.0000000000000000000, -1.000000000000000000 ) ) ;
#8671 = DIRECTION ( 'NONE',  ( 1.000000000000000000, 0.0000000000000000000, -0.0000000000000000000 ) ) ;
#8672 = FACE_OUTER_BOUND ( 'NONE', #3655, .T. ) ;
#8673 = EDGE_CURVE ( 'NONE', #7916, #11636, #3288, .T. ) ;
#8674 = DIRECTION ( 'NONE',  ( 0.0000000000000000000, -1.000000000000000000, -0.0000000000000000000 ) ) ;
#8675 = ADVANCED_FACE ( 'NONE', ( #2456 ), #5185, .T. ) ;
#8676 = VECTOR ( 'NONE', #8223, 1000.000000000000000 ) ;
#8677 = ORIENTED_EDGE ( 'NONE', *, *, #7217, .T. ) ;
#8678 = MANIFOLD_SOLID_BREP ( 'Imported2', #3753 ) ;
#8679 = ORIENTED_EDGE ( 'NONE', *, *, #3944, .T. ) ;
#8680 = DIRECTION ( 'NONE',  ( -1.000000000000000000, -0.0000000000000000000, 0.0000000000000000000 ) ) ;
#8681 = CARTESIAN_POINT ( 'NONE',  ( 5.585000000000000853, -0.7649999999999996803, 4.899999999999999467 ) ) ;
#8682 = ORIENTED_EDGE ( 'NONE', *, *, #5367, .T. ) ;
#8683 = VECTOR ( 'NONE', #4747, 1000.000000000000000 ) ;
#8684 = LINE ( 'NONE', #6049, #1048 ) ;
#8685 = DIRECTION ( 'NONE',  ( 1.000000000000000000, -0.0000000000000000000, 0.0000000000000000000 ) ) ;
#8686 = VERTEX_POINT ( 'NONE', #6122 ) ;
#8687 = LINE ( 'NONE', #5170, #98 ) ;
#8688 = FACE_OUTER_BOUND ( 'NONE', #9227, .T. ) ;
#8689 = ADVANCED_FACE ( 'NONE', ( #721 ), #7974, .T. ) ;
#8690 = VERTEX_POINT ( 'NONE', #8700 ) ;
#8691 = PLANE ( 'NONE',  #9520 ) ;
#8692 = VERTEX_POINT ( 'NONE', #3810 ) ;
#8693 = DIRECTION ( 'NONE',  ( -1.000000000000000000, -0.0000000000000000000, 0.0000000000000000000 ) ) ;
#8694 = CARTESIAN_POINT ( 'NONE',  ( 0.4050000000000000266, 0.8649999999999999911, 4.900000000000000355 ) ) ;
#8695 = ORIENTED_EDGE ( 'NONE', *, *, #630, .F. ) ;
#8696 = CARTESIAN_POINT ( 'NONE',  ( -0.4550000000000000155, -0.7500000000000000000, 4.850000000000000533 ) ) ;
#8697 =( LENGTH_UNIT ( ) NAMED_UNIT ( * ) SI_UNIT ( .MILLI., .METRE. ) );
#8698 = EDGE_LOOP ( 'NONE', ( #10367, #5424, #2353, #6359, #9986, #5160, #6412, #8203 ) ) ;
#8699 = CLOSED_SHELL ( 'NONE', ( #10797, #6822, #3513, #10420, #3581, #1603, #9181, #5927, #9433, #4884, #3826, #8014, #4264, #5748, #10977, #11199, #5073, #6337 ) ) ;
#8700 = CARTESIAN_POINT ( 'NONE',  ( -2.134999999999999787, -3.200000000000000178, 8.620988367683285114E-16 ) ) ;
#8701 = CARTESIAN_POINT ( 'NONE',  ( 4.575000000000000178, 3.299999999999999378, 0.3600000000000009304 ) ) ;
#8702 = ORIENTED_EDGE ( 'NONE', *, *, #8934, .F. ) ;
#8703 = FACE_OUTER_BOUND ( 'NONE', #8976, .T. ) ;
#8704 = PLANE ( 'NONE',  #8559 ) ;
#8705 = SURFACE_STYLE_FILL_AREA ( #5070 ) ;
#8706 = VECTOR ( 'NONE', #3782, 1000.000000000000000 ) ;
#8707 = ORIENTED_EDGE ( 'NONE', *, *, #3283, .T. ) ;
#8708 = EDGE_CURVE ( 'NONE', #7995, #8518, #10958, .T. ) ;
#8709 = EDGE_CURVE ( 'NONE', #3076, #2252, #2747, .T. ) ;
#8710 = CARTESIAN_POINT ( 'NONE',  ( 3.405000000000000249, 0.8850000000000000089, 8.131516293641283255E-16 ) ) ;
#8711 = CARTESIAN_POINT ( 'NONE',  ( 5.584999999999999964, 3.299999999999999378, 0.3600000000000010969 ) ) ;
#8712 = ORIENTED_EDGE ( 'NONE', *, *, #10480, .F. ) ;
#8713 = DIRECTION ( 'NONE',  ( -1.953503796022424979E-47, -1.000000000000000000, -9.303908184768099600E-32 ) ) ;
#8714 = COLOUR_RGB ( '',0.6980392156862744724, 0.5490196078431373028, 0.003921568627450980338 ) ;
#8715 = PLANE ( 'NONE',  #2567 ) ;
#8716 = PLANE ( 'NONE',  #10216 ) ;
#8717 = LINE ( 'NONE', #11266, #9776 ) ;
#8718 = CARTESIAN_POINT ( 'NONE',  ( 0.8649999999999998801, -0.8649999999999999911, 4.799999999999999822 ) ) ;
#8719 = LINE ( 'NONE', #1575, #1070 ) ;
#8720 = CARTESIAN_POINT ( 'NONE',  ( 5.830000000000000071, 3.250000000000000444, 0.05000000000000080075 ) ) ;
#8721 = EDGE_LOOP ( 'NONE', ( #8980, #970, #1642, #4335 ) ) ;
#8722 = CARTESIAN_POINT ( 'NONE',  ( 0.8649999999999999911, 3.200000000000000178, 0.4600000000000011302 ) ) ;
#8723 = CARTESIAN_POINT ( 'NONE',  ( 1.790000000000000036, -0.8149999999999999467, 4.850000000000000533 ) ) ;
#8724 = EDGE_CURVE ( 'NONE', #6939, #2876, #1960, .T. ) ;
#8725 = ORIENTED_EDGE ( 'NONE', *, *, #9120, .T. ) ;
#8726 = ADVANCED_FACE ( 'NONE', ( #2866 ), #11011, .F. ) ;
#8727 = LINE ( 'NONE', #5025, #5401 ) ;
#8728 = DIRECTION ( 'NONE',  ( 0.0000000000000000000, 1.000000000000000000, -8.915067114227699459E-17 ) ) ;
#8729 = VERTEX_POINT ( 'NONE', #2811 ) ;
#8730 = LINE ( 'NONE', #1468, #4476 ) ;
#8731 = DIRECTION ( 'NONE',  ( -1.000000000000000000, 0.0000000000000000000, 2.099659365964729900E-16 ) ) ;
#8732 = LINE ( 'NONE', #9730, #3984 ) ;
#8733 = LINE ( 'NONE', #1473, #6075 ) ;
#8734 = ORIENTED_EDGE ( 'NONE', *, *, #3719, .T. ) ;
#8735 = ORIENTED_EDGE ( 'NONE', *, *, #7991, .T. ) ;
#8736 = CARTESIAN_POINT ( 'NONE',  ( 3.405000000000000249, -0.8850000000000000089, 7.632783294297950229E-16 ) ) ;
#8737 = EDGE_CURVE ( 'NONE', #6488, #921, #6424, .T. ) ;
#8738 = DIRECTION ( 'NONE',  ( 1.000000000000000000, 2.082970027439319880E-16, -1.156280642033610094E-31 ) ) ;
#8739 = EDGE_LOOP ( 'NONE', ( #275, #10648, #1439, #2944 ) ) ;
#8740 = ADVANCED_FACE ( 'NONE', ( #6474 ), #8153, .F. ) ;
#8741 = DIRECTION ( 'NONE',  ( 0.0000000000000000000, 0.0000000000000000000, 1.000000000000000000 ) ) ;
#8742 = LINE ( 'NONE', #7836, #6265 ) ;
#8743 = ORIENTED_EDGE ( 'NONE', *, *, #1269, .F. ) ;
#8744 = CARTESIAN_POINT ( 'NONE',  ( -5.714999999999999858, 0.7650000000000000133, 4.900000000000000355 ) ) ;
#8745 = AXIS2_PLACEMENT_3D ( 'NONE', #5157, #10510, #6811 ) ;
#8746 = VERTEX_POINT ( 'NONE', #9001 ) ;
#8747 = DIRECTION ( 'NONE',  ( 1.000000000000000000, -0.0000000000000000000, 0.0000000000000000000 ) ) ;
#8748 = EDGE_CURVE ( 'NONE', #5194, #7758, #4467, .T. ) ;
#8749 = DIRECTION ( 'NONE',  ( 1.000000000000000000, 2.082970027439319880E-16, 0.0000000000000000000 ) ) ;
#8750 = CARTESIAN_POINT ( 'NONE',  ( -6.014999999999999680, 2.499999999999998224, 0.2999999999999999889 ) ) ;
#8751 = CARTESIAN_POINT ( 'NONE',  ( -5.945000000000000284, -0.8850000000000000089, 0.4800000000000009814 ) ) ;
#8752 = VECTOR ( 'NONE', #10753, 1000.000000000000000 ) ;
#8753 = EDGE_CURVE ( 'NONE', #6170, #7925, #8096, .T. ) ;
#8754 = VECTOR ( 'NONE', #9343, 1000.000000000000000 ) ;
#8755 = MANIFOLD_SOLID_BREP ( 'Imported11', #10399 ) ;
#8756 = CARTESIAN_POINT ( 'NONE',  ( 9.449999999999999289, -2.499999999999999556, 0.2999999999999999889 ) ) ;
#8757 = DIRECTION ( 'NONE',  ( 1.275451288411719683E-32, -6.123233995736769734E-17, -1.000000000000000000 ) ) ;
#8758 = SURFACE_STYLE_FILL_AREA ( #9820 ) ;
#8759 = ORIENTED_EDGE ( 'NONE', *, *, #6597, .F. ) ;
#8760 = ORIENTED_EDGE ( 'NONE', *, *, #1699, .F. ) ;
#8761 = DIRECTION ( 'NONE',  ( 0.0000000000000000000, 0.0000000000000000000, -1.000000000000000000 ) ) ;
#8762 = DIRECTION ( 'NONE',  ( -0.0000000000000000000, -0.0000000000000000000, 1.000000000000000000 ) ) ;
#8763 = SURFACE_STYLE_FILL_AREA ( #9647 ) ;
#8764 = ORIENTED_EDGE ( 'NONE', *, *, #2313, .T. ) ;
#8765 = AXIS2_PLACEMENT_3D ( 'NONE', #10689, #6147, #1761 ) ;
#8766 = DIRECTION ( 'NONE',  ( 0.0000000000000000000, 0.0000000000000000000, -1.000000000000000000 ) ) ;
#8767 = ORIENTED_EDGE ( 'NONE', *, *, #11218, .T. ) ;
#8768 = ADVANCED_FACE ( 'NONE', ( #3632 ), #1855, .F. ) ;
#8769 = ORIENTED_EDGE ( 'NONE', *, *, #6714, .F. ) ;
#8770 = VECTOR ( 'NONE', #8779, 1000.000000000000000 ) ;
#8771 = DIRECTION ( 'NONE',  ( 1.180114444483200076E-18, 0.7071067811865490160, 0.7071067811865461294 ) ) ;
#8772 = LINE ( 'NONE', #9654, #9778 ) ;
#8773 = CARTESIAN_POINT ( 'NONE',  ( 5.895000000000000462, 3.250000000000000444, 2.564999999999999947 ) ) ;
#8774 = VERTEX_POINT ( 'NONE', #8204 ) ;
#8775 = LINE ( 'NONE', #5138, #8243 ) ;
#8776 = CARTESIAN_POINT ( 'NONE',  ( -4.214999999999999858, -0.4049999999999999156, 4.799999999999999822 ) ) ;
#8777 = EDGE_LOOP ( 'NONE', ( #3208, #9287, #5770, #9879, #11023, #9354, #9176, #417 ) ) ;
#8778 = DIRECTION ( 'NONE',  ( -1.000000000000000000, 0.0000000000000000000, -0.0000000000000000000 ) ) ;
#8779 = DIRECTION ( 'NONE',  ( 0.0000000000000000000, 0.0000000000000000000, -1.000000000000000000 ) ) ;
#8780 = EDGE_CURVE ( 'NONE', #6065, #6831, #58, .T. ) ;
#8781 = VECTOR ( 'NONE', #8766, 1000.000000000000000 ) ;
#8782 = CARTESIAN_POINT ( 'NONE',  ( 2.944999999999999840, 0.8649999999999995470, 0.4800000000000011480 ) ) ;
#8783 = CARTESIAN_POINT ( 'NONE',  ( -0.4050000000000000266, -0.8649999999999999911, 4.900000000000000355 ) ) ;
#8784 = EDGE_CURVE ( 'NONE', #718, #10042, #7315, .T. ) ;
#8785 = VERTEX_POINT ( 'NONE', #4644 ) ;
#8786 = LINE ( 'NONE', #619, #1856 ) ;
#8787 = CARTESIAN_POINT ( 'NONE',  ( -3.405000000000000249, -0.8849999999999998979, 9.215718466126787689E-16 ) ) ;
#8788 = ORIENTED_EDGE ( 'NONE', *, *, #7143, .F. ) ;
#8789 = CARTESIAN_POINT ( 'NONE',  ( 5.844999999999999751, 3.299999999999999378, 0.1000000000000010186 ) ) ;
#8790 = VECTOR ( 'NONE', #10800, 1000.000000000000000 ) ;
#8791 = DIRECTION ( 'NONE',  ( 1.000000000000000000, 0.0000000000000000000, 0.0000000000000000000 ) ) ;
#8792 = EDGE_LOOP ( 'NONE', ( #4866, #1636, #11773, #9428, #4909, #2680, #361, #8523 ) ) ;
#8793 = CARTESIAN_POINT ( 'NONE',  ( -5.415000000000000036, 2.499999999999999112, 0.5999999999999999778 ) ) ;
#8794 = CARTESIAN_POINT ( 'NONE',  ( -0.8149999999999999467, 3.250000000000000444, 2.564999999999999947 ) ) ;
#8795 = LINE ( 'NONE', #10693, #11770 ) ;
#8796 = DIRECTION ( 'NONE',  ( 1.000000000000000000, -0.0000000000000000000, 0.0000000000000000000 ) ) ;
#8797 = EDGE_CURVE ( 'NONE', #6683, #2585, #4984, .T. ) ;
#8798 = VERTEX_POINT ( 'NONE', #5766 ) ;
#8799 = ADVANCED_FACE ( 'NONE', ( #8499 ), #2258, .F. ) ;
#8800 = ORIENTED_EDGE ( 'NONE', *, *, #11479, .F. ) ;
#8801 = CARTESIAN_POINT ( 'NONE',  ( -4.445000000000000284, 0.8850000000000000089, 0.4800000000000009814 ) ) ;
#8802 = AXIS2_PLACEMENT_3D ( 'NONE', #5957, #11200, #1379 ) ;
#8803 = DIRECTION ( 'NONE',  ( -2.258754526011467242E-16, 1.000000000000000000, 0.0000000000000000000 ) ) ;
#8804 = ORIENTED_EDGE ( 'NONE', *, *, #2500, .T. ) ;
#8805 = CARTESIAN_POINT ( 'NONE',  ( 5.945000000000000284, -0.4050000000000000266, 4.900000000000000355 ) ) ;
#8806 = ORIENTED_EDGE ( 'NONE', *, *, #10048, .T. ) ;
#8807 = EDGE_CURVE ( 'NONE', #10694, #7407, #5877, .T. ) ;
#8808 =( GEOMETRIC_REPRESENTATION_CONTEXT ( 3 ) GLOBAL_UNCERTAINTY_ASSIGNED_CONTEXT ( ( #9211 ) ) GLOBAL_UNIT_ASSIGNED_CONTEXT ( ( #4348, #11600, #2507 ) ) REPRESENTATION_CONTEXT ( 'NONE', 'WORKASPACE' ) );
#8809 = CARTESIAN_POINT ( 'NONE',  ( 1.604999999999999982, 2.500000000000000000, 0.2999999999999999889 ) ) ;
#8810 = VERTEX_POINT ( 'NONE', #1301 ) ;
#8811 = EDGE_CURVE ( 'NONE', #4794, #2689, #4926, .T. ) ;
#8812 = DIRECTION ( 'NONE',  ( 1.665334536937729880E-16, 1.000000000000000000, 0.0000000000000000000 ) ) ;
#8813 = FACE_OUTER_BOUND ( 'NONE', #9852, .T. ) ;
#8814 = DIRECTION ( 'NONE',  ( -2.082970027439319880E-16, -1.000000000000000000, -6.123233995736769734E-17 ) ) ;
#8815 = ORIENTED_EDGE ( 'NONE', *, *, #2684, .F. ) ;
#8816 = VECTOR ( 'NONE', #11162, 1000.000000000000000 ) ;
#8817 = DIRECTION ( 'NONE',  ( 1.000000000000000000, -1.665334536937729880E-16, 0.0000000000000000000 ) ) ;
#8818 = VERTEX_POINT ( 'NONE', #6769 ) ;
#8819 = LINE ( 'NONE', #5123, #8923 ) ;
#8820 = ORIENTED_EDGE ( 'NONE', *, *, #5940, .F. ) ;
#8821 = EDGE_CURVE ( 'NONE', #6951, #7263, #4816, .T. ) ;
#8822 = ORIENTED_EDGE ( 'NONE', *, *, #8449, .T. ) ;
#8823 = AXIS2_PLACEMENT_3D ( 'NONE', #1135, #6485, #2820 ) ;
#8824 = LINE ( 'NONE', #663, #4369 ) ;
#8825 = CARTESIAN_POINT ( 'NONE',  ( -1.775000000000000133, 3.299999999999999378, 2.564999999999999947 ) ) ;
#8826 = EDGE_LOOP ( 'NONE', ( #3914, #11332, #4590, #10941 ) ) ;
#8827 = VECTOR ( 'NONE', #500, 1000.000000000000114 ) ;
#8828 = CARTESIAN_POINT ( 'NONE',  ( -0.4050000000000003042, 3.200000000000001066, 8.673617379884035472E-16 ) ) ;
#8829 = ADVANCED_FACE ( 'NONE', ( #6647 ), #398, .F. ) ;
#8830 = CARTESIAN_POINT ( 'NONE',  ( 0.3349999999999990208, 2.500000000000000000, 0.2999999999999999889 ) ) ;
#8831 = EDGE_CURVE ( 'NONE', #5916, #8061, #4871, .T. ) ;
#8832 = DIRECTION ( 'NONE',  ( 0.0000000000000000000, 0.7071067811865489050, 0.7071067811865460184 ) ) ;
#8833 = ORIENTED_EDGE ( 'NONE', *, *, #7868, .T. ) ;
#8834 = VECTOR ( 'NONE', #5011, 1000.000000000000000 ) ;
#8835 = VECTOR ( 'NONE', #6213, 1000.000000000000000 ) ;
#8836 = EDGE_CURVE ( 'NONE', #6033, #9737, #11238, .T. ) ;
#8837 = DIRECTION ( 'NONE',  ( -0.5773502691896207351, -0.5773502691896282846, 0.5773502691896282846 ) ) ;
#8838 = DIRECTION ( 'NONE',  ( 1.000000000000000000, -1.665334536937729880E-16, 0.0000000000000000000 ) ) ;
#8839 = MANIFOLD_SOLID_BREP ( 'Imported9', #6779 ) ;
#8840 = DIRECTION ( 'NONE',  ( 0.0000000000000000000, 0.0000000000000000000, 1.000000000000000000 ) ) ;
#8841 = FILL_AREA_STYLE ('',( #5198 ) ) ;
#8842 = ORIENTED_EDGE ( 'NONE', *, *, #9055, .F. ) ;
#8843 = DIRECTION ( 'NONE',  ( 0.0000000000000000000, 8.915067114227699459E-17, -1.000000000000000000 ) ) ;
#8844 = LINE ( 'NONE', #3480, #2301 ) ;
#8845 = VECTOR ( 'NONE', #8107, 1000.000000000000000 ) ;
#8846 = AXIS2_PLACEMENT_3D ( 'NONE', #1265, #3241, #5077 ) ;
#8847 = VECTOR ( 'NONE', #9904, 1000.000000000000000 ) ;
#8848 = CARTESIAN_POINT ( 'NONE',  ( -5.714999999999999858, 0.8850000000000000089, 0.4600000000000009637 ) ) ;
#8849 = DIRECTION ( 'NONE',  ( 0.7071067811865461294, 0.0000000000000000000, -0.7071067811865490160 ) ) ;
#8850 = ORIENTED_EDGE ( 'NONE', *, *, #9395, .T. ) ;
#8851 = DIRECTION ( 'NONE',  ( 0.0000000000000000000, 0.0000000000000000000, -1.000000000000000000 ) ) ;
#8852 = ORIENTED_EDGE ( 'NONE', *, *, #2794, .F. ) ;
#8853 = CARTESIAN_POINT ( 'NONE',  ( 0.4050000000000000266, 0.8650000000000001021, 4.799999999999999822 ) ) ;
#8854 = VECTOR ( 'NONE', #3845, 1000.000000000000000 ) ;
#8855 = VECTOR ( 'NONE', #11314, 1000.000000000000000 ) ;
#8856 = CARTESIAN_POINT ( 'NONE',  ( 3.060000000000000053, 3.250000000000000444, 0.4100000000000009748 ) ) ;
#8857 = ORIENTED_EDGE ( 'NONE', *, *, #2871, .T. ) ;
#8858 = EDGE_CURVE ( 'NONE', #10599, #5368, #7654, .T. ) ;
#8859 = DIRECTION ( 'NONE',  ( -0.7071067811865510144, 0.7071067811865441310, 0.0000000000000000000 ) ) ;
#8860 = FACE_OUTER_BOUND ( 'NONE', #11496, .T. ) ;
#8861 = DIRECTION ( 'NONE',  ( 0.0000000000000000000, -8.915067114227699459E-17, -1.000000000000000000 ) ) ;
#8862 = VERTEX_POINT ( 'NONE', #5651 ) ;
#8863 = CARTESIAN_POINT ( 'NONE',  ( -1.774999999999999911, -0.7649999999999995692, 4.900000000000000355 ) ) ;
#8864 = ORIENTED_EDGE ( 'NONE', *, *, #6728, .F. ) ;
#8865 = EDGE_LOOP ( 'NONE', ( #9434, #7866, #1332, #6136 ) ) ;
#8866 = VECTOR ( 'NONE', #1996, 1000.000000000000000 ) ;
#8867 = FACE_OUTER_BOUND ( 'NONE', #10901, .T. ) ;
#8868 = DIRECTION ( 'NONE',  ( 1.000000000000000000, 0.0000000000000000000, -0.0000000000000000000 ) ) ;
#8869 = ORIENTED_EDGE ( 'NONE', *, *, #10833, .T. ) ;
#8870 = ADVANCED_FACE ( 'NONE', ( #3861 ), #7488, .T. ) ;
#8871 = LINE ( 'NONE', #8614, #2579 ) ;
#8872 = DIRECTION ( 'NONE',  ( -0.5773502691896265082, 0.5773502691896241767, -0.5773502691896265082 ) ) ;
#8873 = ORIENTED_EDGE ( 'NONE', *, *, #5297, .F. ) ;
#8874 = EDGE_CURVE ( 'NONE', #2141, #2653, #10525, .T. ) ;
#8875 = FACE_OUTER_BOUND ( 'NONE', #4783, .T. ) ;
#8876 = VECTOR ( 'NONE', #4546, 1000.000000000000000 ) ;
#8877 = ORIENTED_EDGE ( 'NONE', *, *, #3415, .T. ) ;
#8878 = LINE ( 'NONE', #1723, #1162 ) ;
#8879 = ORIENTED_EDGE ( 'NONE', *, *, #8271, .F. ) ;
#8880 = CARTESIAN_POINT ( 'NONE',  ( 4.214999999999999858, -0.8649999999999999911, 0.4800000000000010369 ) ) ;
#8881 = VECTOR ( 'NONE', #2844, 1000.000000000000000 ) ;
#8882 = CARTESIAN_POINT ( 'NONE',  ( -4.675000000000000711, -3.200000000000000178, 8.722632321353802141E-16 ) ) ;
#8883 = EDGE_CURVE ( 'NONE', #6743, #4576, #4496, .T. ) ;
#8884 = ORIENTED_EDGE ( 'NONE', *, *, #9573, .F. ) ;
#8885 = FACE_OUTER_BOUND ( 'NONE', #6577, .T. ) ;
#8886 = ORIENTED_EDGE ( 'NONE', *, *, #1465, .T. ) ;
#8887 = ORIENTED_EDGE ( 'NONE', *, *, #1295, .T. ) ;
#8888 = EDGE_CURVE ( 'NONE', #8300, #9821, #3605, .T. ) ;
#8889 = VERTEX_POINT ( 'NONE', #2722 ) ;
#8890 = PRESENTATION_STYLE_ASSIGNMENT (( #5249 ) ) ;
#8891 = VECTOR ( 'NONE', #6189, 1000.000000000000114 ) ;
#8892 = CARTESIAN_POINT ( 'NONE',  ( 2.944999999999999840, 0.8850000000000000089, 8.636121991262881741E-16 ) ) ;
#8893 = VERTEX_POINT ( 'NONE', #5112 ) ;
#8894 = DIRECTION ( 'NONE',  ( -0.5773502691896251759, -0.5773502691896251759, 0.5773502691896270633 ) ) ;
#8895 = ORIENTED_EDGE ( 'NONE', *, *, #2468, .F. ) ;
#8896 = ADVANCED_FACE ( 'NONE', ( #7840 ), #1420, .T. ) ;
#8897 = ORIENTED_EDGE ( 'NONE', *, *, #3869, .F. ) ;
#8898 = CLOSED_SHELL ( 'NONE', ( #5657, #9083, #5037, #5161, #2502, #8740, #2038, #5597, #9353, #927, #2337, #11055, #11466, #5729, #9039, #7330, #6799, #2484 ) ) ;
#8899 = EDGE_CURVE ( 'NONE', #7599, #3128, #1827, .T. ) ;
#8900 = LINE ( 'NONE', #2525, #4285 ) ;
#8901 = DIRECTION ( 'NONE',  ( 0.5773502691896212902, -0.5773502691896280625, -0.5773502691896280625 ) ) ;
#8902 = PLANE ( 'NONE',  #8651 ) ;
#8903 = LINE ( 'NONE', #734, #1403 ) ;
#8904 = ORIENTED_EDGE ( 'NONE', *, *, #6909, .F. ) ;
#8905 = DIRECTION ( 'NONE',  ( -1.000000000000000000, 2.082970027439319880E-16, 1.156280642033610094E-31 ) ) ;
#8906 = CARTESIAN_POINT ( 'NONE',  ( -2.035000000000000142, -3.299999999999999822, 2.564999999999999947 ) ) ;
#8907 = CARTESIAN_POINT ( 'NONE',  ( -5.945000000000000284, 3.200000000000000178, 6.684615519032472710E-16 ) ) ;
#8908 = CARTESIAN_POINT ( 'NONE',  ( 2.035000000000000142, -3.299999999999999378, 0.3600000000000009859 ) ) ;
#8909 = ORIENTED_EDGE ( 'NONE', *, *, #7173, .F. ) ;
#8910 = ADVANCED_FACE ( 'NONE', ( #8688 ), #4217, .T. ) ;
#8911 = ORIENTED_EDGE ( 'NONE', *, *, #3205, .T. ) ;
#8912 = EDGE_CURVE ( 'NONE', #4892, #7280, #6747, .T. ) ;
#8913 = DIRECTION ( 'NONE',  ( -1.000000000000000000, -2.082970027439319880E-16, 1.156280642033610094E-31 ) ) ;
#8914 = VECTOR ( 'NONE', #1257, 1000.000000000000000 ) ;
#8915 = DIRECTION ( 'NONE',  ( -2.957565607266179811E-16, 0.7071067811865490160, -0.7071067811865461294 ) ) ;
#8916 = ORIENTED_EDGE ( 'NONE', *, *, #5297, .T. ) ;
#8917 = LINE ( 'NONE', #2663, #6554 ) ;
#8918 = PLANE ( 'NONE',  #1022 ) ;
#8919 = DIRECTION ( 'NONE',  ( -1.665334536937729880E-16, -1.000000000000000000, -0.0000000000000000000 ) ) ;
#8920 = ORIENTED_EDGE ( 'NONE', *, *, #10082, .F. ) ;
#8921 = DIRECTION ( 'NONE',  ( -1.000000000000000000, -1.174839179497520083E-16, -0.0000000000000000000 ) ) ;
#8922 = EDGE_LOOP ( 'NONE', ( #9086, #8328, #1264, #1507 ) ) ;
#8923 = VECTOR ( 'NONE', #3285, 1000.000000000000000 ) ;
#8924 = LINE ( 'NONE', #4210, #308 ) ;
#8925 = CARTESIAN_POINT ( 'NONE',  ( -5.485000000000000320, 3.200000000000000178, 7.632783294297948257E-16 ) ) ;
#8926 = EDGE_LOOP ( 'NONE', ( #6836, #8209, #6148, #2563, #7571, #5058, #2850, #6006 ) ) ;
#8927 = FACE_OUTER_BOUND ( 'NONE', #2031, .T. ) ;
#8928 = DIRECTION ( 'NONE',  ( 0.0000000000000000000, -1.000000000000000000, -0.0000000000000000000 ) ) ;
#8929 = ORIENTED_EDGE ( 'NONE', *, *, #6041, .F. ) ;
#8930 = CARTESIAN_POINT ( 'NONE',  ( 0.4050000000000000266, -0.4050000000000000266, 4.799999999999999822 ) ) ;
#8931 = CARTESIAN_POINT ( 'NONE',  ( 4.675000000000000711, -3.200000000000000178, 0.4600000000000010192 ) ) ;
#8932 = EDGE_LOOP ( 'NONE', ( #3750, #10583, #4849, #3834 ) ) ;
#8933 = DIRECTION ( 'NONE',  ( 1.000000000000000000, 2.082970027439319880E-16, -1.156280642033610094E-31 ) ) ;
#8934 = EDGE_CURVE ( 'NONE', #3276, #1901, #10928, .T. ) ;
#8935 = CARTESIAN_POINT ( 'NONE',  ( -2.134999999999999787, -0.8850000000000000089, 0.4800000000000009814 ) ) ;
#8936 = DIRECTION ( 'NONE',  ( 1.000000000000000000, 2.082970027439319880E-16, -1.156280642033610094E-31 ) ) ;
#8937 = ORIENTED_EDGE ( 'NONE', *, *, #4298, .F. ) ;
#8938 = VECTOR ( 'NONE', #5470, 1000.000000000000114 ) ;
#8939 = LINE ( 'NONE', #2632, #6430 ) ;
#8940 = ORIENTED_EDGE ( 'NONE', *, *, #9935, .T. ) ;
#8941 = VERTEX_POINT ( 'NONE', #9260 ) ;
#8942 = CARTESIAN_POINT ( 'NONE',  ( -0.7650000000000000133, 3.299999999999999378, 0.3600000000000010969 ) ) ;
#8943 = CARTESIAN_POINT ( 'NONE',  ( 5.714999999999999858, 2.500000000000000000, 0.5999999999999999778 ) ) ;
#8944 = ORIENTED_EDGE ( 'NONE', *, *, #6904, .T. ) ;
#8945 = CARTESIAN_POINT ( 'NONE',  ( -4.745000000000000107, 5.806605777328229749E-16, 0.2999999999999999889 ) ) ;
#8946 = EDGE_CURVE ( 'NONE', #6188, #8568, #4729, .T. ) ;
#8947 = EDGE_CURVE ( 'NONE', #4949, #1930, #8665, .T. ) ;
#8948 = VECTOR ( 'NONE', #1345, 1000.000000000000000 ) ;
#8949 = EDGE_CURVE ( 'NONE', #9126, #5540, #3721, .T. ) ;
#8950 = VECTOR ( 'NONE', #6570, 1000.000000000000000 ) ;
#8951 = ORIENTED_EDGE ( 'NONE', *, *, #7939, .F. ) ;
#8952 = LINE ( 'NONE', #1446, #8080 ) ;
#8953 = DIRECTION ( 'NONE',  ( 0.0000000000000000000, -0.7071067811865460184, 0.7071067811865489050 ) ) ;
#8954 =( LENGTH_UNIT ( ) NAMED_UNIT ( * ) SI_UNIT ( .MILLI., .METRE. ) );
#8955 = VECTOR ( 'NONE', #4964, 1000.000000000000000 ) ;
#8956 = CARTESIAN_POINT ( 'NONE',  ( 0.8649999999999998801, -0.8850000000000000089, 0.4800000000000009814 ) ) ;
#8957 = SURFACE_SIDE_STYLE ('',( #969 ) ) ;
#8958 = EDGE_CURVE ( 'NONE', #6192, #6992, #7459, .T. ) ;
#8959 = ORIENTED_EDGE ( 'NONE', *, *, #3654, .T. ) ;
#8960 = CARTESIAN_POINT ( 'NONE',  ( 2.944999999999999840, -0.8649999999999999911, 0.4800000000000010369 ) ) ;
#8961 = CARTESIAN_POINT ( 'NONE',  ( -0.8649999999999999911, -0.8649999999999999911, 0.4800000000000010369 ) ) ;
#8962 = FACE_OUTER_BOUND ( 'NONE', #7945, .T. ) ;
#8963 = CARTESIAN_POINT ( 'NONE',  ( 2.134999999999999787, 3.200000000000000178, 8.654342674595406693E-16 ) ) ;
#8964 = ADVANCED_FACE ( 'NONE', ( #5734 ), #2110, .F. ) ;
#8965 = ORIENTED_EDGE ( 'NONE', *, *, #7493, .F. ) ;
#8966 = AXIS2_PLACEMENT_3D ( 'NONE', #7041, #681, #2655 ) ;
#8967 = VECTOR ( 'NONE', #443, 1000.000000000000000 ) ;
#8968 = VERTEX_POINT ( 'NONE', #11096 ) ;
#8969 = CARTESIAN_POINT ( 'NONE',  ( 2.205000000000000515, 2.499999999999999112, 0.5999999999999999778 ) ) ;
#8970 = CARTESIAN_POINT ( 'NONE',  ( -4.675000000000000711, 3.200000000000000178, 8.104990208159816818E-16 ) ) ;
#8971 = EDGE_LOOP ( 'NONE', ( #2913, #2273, #5266, #1397 ) ) ;
#8972 = DIRECTION ( 'NONE',  ( -0.7071067811865489050, 0.7071067811865460184, 0.0000000000000000000 ) ) ;
#8973 = DIRECTION ( 'NONE',  ( 0.5773502691896265082, -0.5773502691896241767, -0.5773502691896265082 ) ) ;
#8974 = CARTESIAN_POINT ( 'NONE',  ( 4.214999999999999858, -0.8850000000000000089, 0.4600000000000010192 ) ) ;
#8975 = EDGE_CURVE ( 'NONE', #3520, #10584, #10198, .T. ) ;
#8976 = EDGE_LOOP ( 'NONE', ( #7819, #11472, #8258, #10106, #5588, #4355, #4271, #7130 ) ) ;
#8977 = VECTOR ( 'NONE', #10095, 1000.000000000000000 ) ;
#8978 = LINE ( 'NONE', #6219, #9132 ) ;
#8979 = EDGE_CURVE ( 'NONE', #803, #6876, #10945, .T. ) ;
#8980 = ORIENTED_EDGE ( 'NONE', *, *, #1021, .T. ) ;
#8981 = LINE ( 'NONE', #5102, #7847 ) ;
#8982 = VECTOR ( 'NONE', #3851, 1000.000000000000000 ) ;
#8983 = LINE ( 'NONE', #7291, #658 ) ;
#8984 = CARTESIAN_POINT ( 'NONE',  ( -2.135000000000000231, -0.4050000000000000266, 4.800000000000000711 ) ) ;
#8985 = VERTEX_POINT ( 'NONE', #3011 ) ;
#8986 = DIRECTION ( 'NONE',  ( 0.0000000000000000000, -1.000000000000000000, -0.0000000000000000000 ) ) ;
#8987 = LINE ( 'NONE', #7418, #3045 ) ;
#8988 = EDGE_CURVE ( 'NONE', #6287, #6247, #1207, .T. ) ;
#8989 = ORIENTED_EDGE ( 'NONE', *, *, #9290, .F. ) ;
#8990 = VECTOR ( 'NONE', #3758, 1000.000000000000000 ) ;
#8991 = FACE_OUTER_BOUND ( 'NONE', #2757, .T. ) ;
#8992 = EDGE_LOOP ( 'NONE', ( #5992, #562, #4756, #5781 ) ) ;
#8993 = CARTESIAN_POINT ( 'NONE',  ( 5.485000000000000320, 0.8850000000000000089, 0.4800000000000009814 ) ) ;
#8994 = CARTESIAN_POINT ( 'NONE',  ( 5.485000000000000320, -0.4050000000000000266, 0.4600000000000011857 ) ) ;
#8995 = DIRECTION ( 'NONE',  ( -2.258754526011467242E-16, -1.000000000000000000, 0.0000000000000000000 ) ) ;
#8996 = VERTEX_POINT ( 'NONE', #1387 ) ;
#8997 = CARTESIAN_POINT ( 'NONE',  ( 1.905000000000000027, 0.8850000000000000089, 0.4800000000000009814 ) ) ;
#8998 = ORIENTED_EDGE ( 'NONE', *, *, #304, .F. ) ;
#8999 = ORIENTED_EDGE ( 'NONE', *, *, #2963, .T. ) ;
#9000 = EDGE_CURVE ( 'NONE', #8654, #6324, #9537, .T. ) ;
#9001 = CARTESIAN_POINT ( 'NONE',  ( -5.945000000000000284, -0.8649999999999999911, 4.799999999999999822 ) ) ;
#9002 = FACE_OUTER_BOUND ( 'NONE', #294, .T. ) ;
#9003 = EDGE_LOOP ( 'NONE', ( #9369, #11000, #9630, #7139 ) ) ;
#9004 = DIRECTION ( 'NONE',  ( 1.000000000000000000, -2.082970027439319880E-16, -1.156280642033610094E-31 ) ) ;
#9005 = ORIENTED_EDGE ( 'NONE', *, *, #1228, .T. ) ;
#9006 = VECTOR ( 'NONE', #5397, 1000.000000000000000 ) ;
#9007 = CARTESIAN_POINT ( 'NONE',  ( -1.675000000000000044, -3.200000000000000178, 7.407811343507209045E-16 ) ) ;
#9008 = ORIENTED_EDGE ( 'NONE', *, *, #349, .F. ) ;
#9009 = VECTOR ( 'NONE', #11521, 1000.000000000000000 ) ;
#9010 = DIRECTION ( 'NONE',  ( 3.061616997868386716E-17, 3.061616997868399658E-17, -1.000000000000000000 ) ) ;
#9011 = EDGE_CURVE ( 'NONE', #6903, #2543, #4954, .T. ) ;
#9012 = DIRECTION ( 'NONE',  ( -1.000000000000000000, 2.082970027439319880E-16, 1.156280642033610094E-31 ) ) ;
#9013 = DIRECTION ( 'NONE',  ( -1.000000000000000000, 0.0000000000000000000, 0.0000000000000000000 ) ) ;
#9014 = ORIENTED_EDGE ( 'NONE', *, *, #3616, .F. ) ;
#9015 = FACE_OUTER_BOUND ( 'NONE', #10419, .T. ) ;
#9016 = CARTESIAN_POINT ( 'NONE',  ( -0.8649999999999999911, -3.200000000000000178, 4.900000000000000355 ) ) ;
#9017 = FACE_OUTER_BOUND ( 'NONE', #764, .T. ) ;
#9018 = ORIENTED_EDGE ( 'NONE', *, *, #2779, .F. ) ;
#9019 = AXIS2_PLACEMENT_3D ( 'NONE', #9597, #9482, #1451 ) ;
#9020 = VECTOR ( 'NONE', #622, 1000.000000000000000 ) ;
#9021 = EDGE_LOOP ( 'NONE', ( #11413, #10889, #5473, #5187 ) ) ;
#9022 = EDGE_CURVE ( 'NONE', #1017, #2630, #5905, .T. ) ;
#9023 = CARTESIAN_POINT ( 'NONE',  ( 2.944999999999999840, -0.4049999999999998601, 0.4800000000000011480 ) ) ;
#9024 = LINE ( 'NONE', #3488, #7674 ) ;
#9025 = LINE ( 'NONE', #11630, #6274 ) ;
#9026 = ORIENTED_EDGE ( 'NONE', *, *, #7290, .T. ) ;
#9027 = EDGE_CURVE ( 'NONE', #1498, #4334, #7626, .T. ) ;
#9028 = LINE ( 'NONE', #4328, #1062 ) ;
#9029 = VECTOR ( 'NONE', #8713, 1000.000000000000000 ) ;
#9030 = CARTESIAN_POINT ( 'NONE',  ( -0.4050000000000000266, -3.200000000000000178, 4.900000000000000355 ) ) ;
#9031 = LINE ( 'NONE', #752, #3761 ) ;
#9032 = EDGE_LOOP ( 'NONE', ( #2429, #1850, #3986, #6626 ) ) ;
#9033 = VECTOR ( 'NONE', #423, 1000.000000000000000 ) ;
#9034 = LINE ( 'NONE', #867, #8171 ) ;
#9035 = VERTEX_POINT ( 'NONE', #1454 ) ;
#9036 = VERTEX_POINT ( 'NONE', #9429 ) ;
#9037 = CARTESIAN_POINT ( 'NONE',  ( -2.944999999999999840, 0.4050000000000000266, 4.900000000000000355 ) ) ;
#9038 = VECTOR ( 'NONE', #1976, 1000.000000000000000 ) ;
#9039 = ADVANCED_FACE ( 'NONE', ( #6917 ), #429, .F. ) ;
#9040 = VECTOR ( 'NONE', #2497, 1000.000000000000000 ) ;
#9041 = DIRECTION ( 'NONE',  ( -0.0000000000000000000, 1.000000000000000000, 0.0000000000000000000 ) ) ;
#9042 = CARTESIAN_POINT ( 'NONE',  ( 2.612972599797700035E-15, 2.500000000000000000, 0.2999999999999999889 ) ) ;
#9043 = CARTESIAN_POINT ( 'NONE',  ( -3.174999999999999822, 0.7650000000000000133, 4.900000000000000355 ) ) ;
#9044 = ORIENTED_EDGE ( 'NONE', *, *, #4542, .F. ) ;
#9045 = EDGE_CURVE ( 'NONE', #1102, #1669, #2346, .T. ) ;
#9046 = DIRECTION ( 'NONE',  ( 0.0000000000000000000, 0.0000000000000000000, 1.000000000000000000 ) ) ;
#9047 = VECTOR ( 'NONE', #1418, 1000.000000000000000 ) ;
#9048 = STYLED_ITEM ( 'NONE', ( #11774 ), #8755 ) ;
#9049 = ORIENTED_EDGE ( 'NONE', *, *, #234, .T. ) ;
#9050 = PLANE ( 'NONE',  #10874 ) ;
#9051 = ORIENTED_EDGE ( 'NONE', *, *, #1149, .T. ) ;
#9052 = CARTESIAN_POINT ( 'NONE',  ( -2.134999999999999787, 0.8650000000000005462, 4.799999999999999822 ) ) ;
#9053 = DIRECTION ( 'NONE',  ( -1.000000000000000000, 0.0000000000000000000, 2.099659365964729900E-16 ) ) ;
#9054 = LINE ( 'NONE', #4401, #9271 ) ;
#9055 = EDGE_CURVE ( 'NONE', #5608, #3080, #5080, .T. ) ;
#9056 = ORIENTED_EDGE ( 'NONE', *, *, #11213, .T. ) ;
#9057 = AXIS2_PLACEMENT_3D ( 'NONE', #6093, #6149, #8859 ) ;
#9058 = FACE_OUTER_BOUND ( 'NONE', #1766, .T. ) ;
#9059 = EDGE_LOOP ( 'NONE', ( #9809, #5056, #6518, #8408, #9135, #2547, #10752, #6545 ) ) ;
#9060 = EDGE_CURVE ( 'NONE', #5314, #545, #5225, .T. ) ;
#9061 = ORIENTED_EDGE ( 'NONE', *, *, #10046, .T. ) ;
#9062 = CARTESIAN_POINT ( 'NONE',  ( 2.944999999999999840, 0.4050000000000000266, 4.900000000000000355 ) ) ;
#9063 = CARTESIAN_POINT ( 'NONE',  ( -0.7650000000000000133, 3.299999999999999378, 0.1000000000000009076 ) ) ;
#9064 = ORIENTED_EDGE ( 'NONE', *, *, #7271, .F. ) ;
#9065 = DIRECTION ( 'NONE',  ( -1.000000000000000000, 0.0000000000000000000, -0.0000000000000000000 ) ) ;
#9066 = ORIENTED_EDGE ( 'NONE', *, *, #2582, .F. ) ;
#9067 = VECTOR ( 'NONE', #4957, 1000.000000000000000 ) ;
#9068 =( LENGTH_UNIT ( ) NAMED_UNIT ( * ) SI_UNIT ( .MILLI., .METRE. ) );
#9069 = ORIENTED_EDGE ( 'NONE', *, *, #1518, .F. ) ;
#9070 = VERTEX_POINT ( 'NONE', #7687 ) ;
#9071 = VECTOR ( 'NONE', #5284, 1000.000000000000000 ) ;
#9072 = DIRECTION ( 'NONE',  ( 1.000000000000000000, 0.0000000000000000000, -0.0000000000000000000 ) ) ;
#9073 = PLANE ( 'NONE',  #4286 ) ;
#9074 = DIRECTION ( 'NONE',  ( 1.000000000000000000, -2.082970027439319880E-16, -1.156280642033610094E-31 ) ) ;
#9075 = SURFACE_STYLE_USAGE ( .BOTH. , #8957 ) ;
#9076 = ORIENTED_EDGE ( 'NONE', *, *, #5431, .F. ) ;
#9077 = CARTESIAN_POINT ( 'NONE',  ( -0.8650000000000005462, -0.4050000000000000266, 4.799999999999999822 ) ) ;
#9078 = DIRECTION ( 'NONE',  ( 1.000000000000000000, 0.0000000000000000000, -2.099659365964729900E-16 ) ) ;
#9079 = CARTESIAN_POINT ( 'NONE',  ( 2.134999999999999787, 0.8850000000000000089, 7.632783294297950229E-16 ) ) ;
#9080 = LINE ( 'NONE', #1641, #4406 ) ;
#9081 = EDGE_LOOP ( 'NONE', ( #9466, #1662, #4870, #9766 ) ) ;
#9082 = AXIS2_PLACEMENT_3D ( 'NONE', #10501, #9543, #10439 ) ;
#9083 = ADVANCED_FACE ( 'NONE', ( #10435 ), #4061, .F. ) ;
#9084 = ADVANCED_FACE ( 'NONE', ( #5968 ), #550, .F. ) ;
#9085 = EDGE_CURVE ( 'NONE', #10538, #1687, #5852, .T. ) ;
#9086 = ORIENTED_EDGE ( 'NONE', *, *, #5715, .T. ) ;
#9087 = FACE_OUTER_BOUND ( 'NONE', #11555, .T. ) ;
#9088 = DIRECTION ( 'NONE',  ( 0.5773502691896282846, -0.5773502691896207351, 0.5773502691896282846 ) ) ;
#9089 = ORIENTED_EDGE ( 'NONE', *, *, #130, .F. ) ;
#9090 = DIRECTION ( 'NONE',  ( -1.000000000000000000, -0.0000000000000000000, -0.0000000000000000000 ) ) ;
#9091 = DIRECTION ( 'NONE',  ( 0.0000000000000000000, -8.915067114227699459E-17, -1.000000000000000000 ) ) ;
#9092 = CARTESIAN_POINT ( 'NONE',  ( -5.485000000000000320, 0.8850000000000000089, 0.4800000000000009814 ) ) ;
#9093 = ORIENTED_EDGE ( 'NONE', *, *, #8151, .F. ) ;
#9094 = CARTESIAN_POINT ( 'NONE',  ( -2.134999999999999787, -0.4049999999999999711, 4.799999999999999822 ) ) ;
#9095 = EDGE_CURVE ( 'NONE', #8818, #11559, #5600, .T. ) ;
#9096 = VERTEX_POINT ( 'NONE', #6856 ) ;
#9097 = CARTESIAN_POINT ( 'NONE',  ( 1.675000000000000044, 0.8649999999999995470, 0.4800000000000011480 ) ) ;
#9098 = LINE ( 'NONE', #1891, #1194 ) ;
#9099 = EDGE_CURVE ( 'NONE', #5995, #9955, #9601, .T. ) ;
#9100 = LINE ( 'NONE', #931, #7302 ) ;
#9101 = DIRECTION ( 'NONE',  ( -1.000000000000000000, -0.0000000000000000000, 0.0000000000000000000 ) ) ;
#9102 = FACE_OUTER_BOUND ( 'NONE', #9122, .T. ) ;
#9103 = FACE_OUTER_BOUND ( 'NONE', #4200, .T. ) ;
#9104 = AXIS2_PLACEMENT_3D ( 'NONE', #2744, #1904, #1732 ) ;
#9105 = ORIENTED_EDGE ( 'NONE', *, *, #448, .T. ) ;
#9106 = LINE ( 'NONE', #1065, #3650 ) ;
#9107 = ORIENTED_EDGE ( 'NONE', *, *, #9409, .F. ) ;
#9108 = CARTESIAN_POINT ( 'NONE',  ( 1.675000000000000044, -0.8850000000000000089, 0.4600000000000010192 ) ) ;
#9109 = ADVANCED_FACE ( 'NONE', ( #9661 ), #5015, .F. ) ;
#9110 = CARTESIAN_POINT ( 'NONE',  ( -5.945000000000000284, -3.200000000000000178, 0.4600000000000010192 ) ) ;
#9111 = ORIENTED_EDGE ( 'NONE', *, *, #6101, .T. ) ;
#9112 = PLANE ( 'NONE',  #3957 ) ;
#9113 = ORIENTED_EDGE ( 'NONE', *, *, #2194, .T. ) ;
#9114 = DIRECTION ( 'NONE',  ( 1.000000000000000000, -0.0000000000000000000, 0.0000000000000000000 ) ) ;
#9115 = DIRECTION ( 'NONE',  ( -1.000000000000000000, 2.082970027439319880E-16, 1.156280642033610094E-31 ) ) ;
#9116 = VERTEX_POINT ( 'NONE', #3951 ) ;
#9117 = EDGE_CURVE ( 'NONE', #4834, #7321, #11393, .T. ) ;
#9118 = CARTESIAN_POINT ( 'NONE',  ( -2.205000000000000071, 5.806605777328229749E-16, 0.2999999999999999889 ) ) ;
#9119 = LINE ( 'NONE', #8157, #8990 ) ;
#9120 = EDGE_CURVE ( 'NONE', #5445, #9886, #8717, .T. ) ;
#9121 = ORIENTED_EDGE ( 'NONE', *, *, #405, .T. ) ;
#9122 = EDGE_LOOP ( 'NONE', ( #5443, #862, #6382, #2817 ) ) ;
#9123 = DIRECTION ( 'NONE',  ( 1.000000000000000000, 2.082970027439319880E-16, -1.156280642033610094E-31 ) ) ;
#9124 = CARTESIAN_POINT ( 'NONE',  ( 5.945000000000000284, -0.8850000000000000089, 0.4800000000000009814 ) ) ;
#9125 =( LENGTH_UNIT ( ) NAMED_UNIT ( * ) SI_UNIT ( .MILLI., .METRE. ) );
#9126 = VERTEX_POINT ( 'NONE', #2166 ) ;
#9127 = CARTESIAN_POINT ( 'NONE',  ( -0.7650000000000003464, -3.299999999999999378, 0.3600000000000009304 ) ) ;
#9128 = VECTOR ( 'NONE', #7363, 1000.000000000000000 ) ;
#9129 = CARTESIAN_POINT ( 'NONE',  ( 5.945000000000000284, -0.8649999999999999911, 4.900000000000000355 ) ) ;
#9130 = PLANE ( 'NONE',  #2018 ) ;
#9131 = ORIENTED_EDGE ( 'NONE', *, *, #9395, .F. ) ;
#9132 = VECTOR ( 'NONE', #9851, 1000.000000000000000 ) ;
#9133 = CIRCLE ( 'NONE', #2098, 0.4800000000000000933 ) ;
#9134 = CYLINDRICAL_SURFACE ( 'NONE', #1145, 0.02000000000000005246 ) ;
#9135 = ORIENTED_EDGE ( 'NONE', *, *, #2430, .F. ) ;
#9136 = DIRECTION ( 'NONE',  ( 0.0000000000000000000, -1.000000000000000000, -0.0000000000000000000 ) ) ;
#9137 = DIRECTION ( 'NONE',  ( -1.000000000000000000, 2.082970027439319880E-16, 1.156280642033610094E-31 ) ) ;
#9138 = DIRECTION ( 'NONE',  ( -1.000000000000000000, 0.0000000000000000000, 2.099659365964729900E-16 ) ) ;
#9139 = EDGE_LOOP ( 'NONE', ( #9051, #6348, #8206, #11713, #8170, #5986, #4919, #5537 ) ) ;
#9140 = ADVANCED_FACE ( 'NONE', ( #8049 ), #5267, .F. ) ;
#9141 = DIRECTION ( 'NONE',  ( -2.957565607266179811E-16, 0.7071067811865490160, -0.7071067811865461294 ) ) ;
#9142 = EDGE_CURVE ( 'NONE', #1339, #4901, #10619, .T. ) ;
#9143 = LINE ( 'NONE', #1208, #7982 ) ;
#9144 = VECTOR ( 'NONE', #8292, 1000.000000000000000 ) ;
#9145 = ORIENTED_EDGE ( 'NONE', *, *, #8282, .F. ) ;
#9146 = CARTESIAN_POINT ( 'NONE',  ( 1.774999999999999911, 0.7649999999999996803, 4.900000000000000355 ) ) ;
#9147 = CARTESIAN_POINT ( 'NONE',  ( 2.134999999999999787, 0.8649999999999999911, 4.799999999999999822 ) ) ;
#9148 = CARTESIAN_POINT ( 'NONE',  ( 0.3349999999999990208, 2.500000000000000000, 0.2999999999999999889 ) ) ;
#9149 = CIRCLE ( 'NONE', #5158, 0.02000000000000005246 ) ;
#9150 = DIRECTION ( 'NONE',  ( -0.0000000000000000000, -1.000000000000000000, -0.0000000000000000000 ) ) ;
#9151 = LINE ( 'NONE', #9043, #11602 ) ;
#9152 = ORIENTED_EDGE ( 'NONE', *, *, #5940, .T. ) ;
#9153 = CARTESIAN_POINT ( 'NONE',  ( 1.675000000000000044, -0.8649999999999999911, 4.900000000000000355 ) ) ;
#9154 = PLANE ( 'NONE',  #4175 ) ;
#9155 = EDGE_CURVE ( 'NONE', #347, #10002, #614, .T. ) ;
#9156 = CARTESIAN_POINT ( 'NONE',  ( -0.8649999999999999911, -0.8850000000000000089, 0.4800000000000009814 ) ) ;
#9157 = ORIENTED_EDGE ( 'NONE', *, *, #8271, .T. ) ;
#9158 = ORIENTED_EDGE ( 'NONE', *, *, #11503, .T. ) ;
#9159 = DIRECTION ( 'NONE',  ( 0.0000000000000000000, 0.7071067811865460184, 0.7071067811865489050 ) ) ;
#9160 = VECTOR ( 'NONE', #3339, 1000.000000000000000 ) ;
#9161 = PLANE ( 'NONE',  #2727 ) ;
#9162 = ORIENTED_EDGE ( 'NONE', *, *, #8511, .F. ) ;
#9163 = ADVANCED_FACE ( 'NONE', ( #6983 ), #1808, .F. ) ;
#9164 = CARTESIAN_POINT ( 'NONE',  ( -0.9350000000000009415, 2.499999999999999556, 0.2999999999999999889 ) ) ;
#9165 = LINE ( 'NONE', #10831, #7192 ) ;
#9166 = ORIENTED_EDGE ( 'NONE', *, *, #5480, .F. ) ;
#9167 = AXIS2_PLACEMENT_3D ( 'NONE', #2474, #2657, #7215 ) ;
#9168 = ORIENTED_EDGE ( 'NONE', *, *, #4859, .T. ) ;
#9169 = ADVANCED_FACE ( 'NONE', ( #9015 ), #1637, .F. ) ;
#9170 = ORIENTED_EDGE ( 'NONE', *, *, #6193, .T. ) ;
#9171 = FACE_OUTER_BOUND ( 'NONE', #1986, .T. ) ;
#9172 = VERTEX_POINT ( 'NONE', #7158 ) ;
#9173 = DIRECTION ( 'NONE',  ( 0.0000000000000000000, -1.000000000000000000, 0.0000000000000000000 ) ) ;
#9174 = ORIENTED_EDGE ( 'NONE', *, *, #10148, .T. ) ;
#9175 = MECHANICAL_DESIGN_GEOMETRIC_PRESENTATION_REPRESENTATION (  '', ( #2532 ), #4412 ) ;
#9176 = ORIENTED_EDGE ( 'NONE', *, *, #7050, .F. ) ;
#9177 = EDGE_CURVE ( 'NONE', #8553, #8487, #4480, .T. ) ;
#9178 = LINE ( 'NONE', #3048, #1596 ) ;
#9179 = CARTESIAN_POINT ( 'NONE',  ( 2.134999999999999787, 3.200000000000000178, 7.632783294297948257E-16 ) ) ;
#9180 = EDGE_CURVE ( 'NONE', #8113, #10587, #6255, .T. ) ;
#9181 = ADVANCED_FACE ( 'NONE', ( #2531 ), #9716, .F. ) ;
#9182 = CARTESIAN_POINT ( 'NONE',  ( -5.485000000000000320, -3.200000000000000178, 7.632783294297948257E-16 ) ) ;
#9183 = ORIENTED_EDGE ( 'NONE', *, *, #8315, .F. ) ;
#9184 = DIRECTION ( 'NONE',  ( 2.099659365964729900E-16, -9.303908184768099600E-32, 1.000000000000000000 ) ) ;
#9185 = VECTOR ( 'NONE', #391, 1000.000000000000114 ) ;
#9186 = LINE ( 'NONE', #11085, #8187 ) ;
#9187 = FACE_OUTER_BOUND ( 'NONE', #2510, .T. ) ;
#9188 = LINE ( 'NONE', #246, #11059 ) ;
#9189 = ORIENTED_EDGE ( 'NONE', *, *, #2768, .F. ) ;
#9190 = EDGE_CURVE ( 'NONE', #8555, #723, #7930, .T. ) ;
#9191 = VECTOR ( 'NONE', #10260, 999.9999999999998863 ) ;
#9192 = DIRECTION ( 'NONE',  ( 1.000000000000000000, 0.0000000000000000000, -2.099659365964729900E-16 ) ) ;
#9193 = FACE_OUTER_BOUND ( 'NONE', #10825, .T. ) ;
#9194 = ORIENTED_EDGE ( 'NONE', *, *, #5820, .T. ) ;
#9195 = DIRECTION ( 'NONE',  ( 2.082970027439319880E-16, -1.000000000000000000, 6.123233995736769734E-17 ) ) ;
#9196 = ADVANCED_FACE ( 'NONE', ( #11733 ), #680, .T. ) ;
#9197 = CARTESIAN_POINT ( 'NONE',  ( 0.8649999999999999911, -3.200000000000000178, 7.441692661397381059E-16 ) ) ;
#9198 = CARTESIAN_POINT ( 'NONE',  ( -0.3350000000000000755, -2.499999999999999556, 0.5999999999999999778 ) ) ;
#9199 = VERTEX_POINT ( 'NONE', #792 ) ;
#9200 = CARTESIAN_POINT ( 'NONE',  ( -4.675000000000000711, 3.200000000000000178, 4.900000000000000355 ) ) ;
#9201 = LINE ( 'NONE', #7349, #10654 ) ;
#9202 = VECTOR ( 'NONE', #8731, 1000.000000000000000 ) ;
#9203 = VERTEX_POINT ( 'NONE', #4315 ) ;
#9204 = VECTOR ( 'NONE', #5719, 1000.000000000000000 ) ;
#9205 = FACE_OUTER_BOUND ( 'NONE', #8145, .T. ) ;
#9206 = ORIENTED_EDGE ( 'NONE', *, *, #8888, .F. ) ;
#9207 = DIRECTION ( 'NONE',  ( 2.099659365964729900E-16, 9.303908184768099600E-32, 1.000000000000000000 ) ) ;
#9208 = DIRECTION ( 'NONE',  ( 0.0000000000000000000, 0.0000000000000000000, -1.000000000000000000 ) ) ;
#9209 = EDGE_CURVE ( 'NONE', #693, #8165, #10853, .T. ) ;
#9210 = CARTESIAN_POINT ( 'NONE',  ( -4.675000000000000711, -0.8850000000000000089, 0.4800000000000009814 ) ) ;
#9211 = UNCERTAINTY_MEASURE_WITH_UNIT (LENGTH_MEASURE( 1.000000000000000082E-05 ), #4348, 'distance_accuracy_value', 'NONE');
#9212 = AXIS2_PLACEMENT_3D ( 'NONE', #11093, #5794, #142 ) ;
#9213 = AXIS2_PLACEMENT_3D ( 'NONE', #295, #235, #7554 ) ;
#9214 = CARTESIAN_POINT ( 'NONE',  ( 0.7500000000000000000, 3.250000000000000444, 0.05000000000000080075 ) ) ;
#9215 = ORIENTED_EDGE ( 'NONE', *, *, #5958, .T. ) ;
#9216 = DIRECTION ( 'NONE',  ( 0.0000000000000000000, -0.7071067811865460184, 0.7071067811865489050 ) ) ;
#9217 = VERTEX_POINT ( 'NONE', #8960 ) ;
#9218 = DIRECTION ( 'NONE',  ( 0.5773502691896267303, 0.5773502691896242878, 0.5773502691896262862 ) ) ;
#9219 = ORIENTED_EDGE ( 'NONE', *, *, #2124, .T. ) ;
#9220 = VECTOR ( 'NONE', #5499, 1000.000000000000000 ) ;
#9221 = VECTOR ( 'NONE', #1508, 1000.000000000000000 ) ;
#9222 = VECTOR ( 'NONE', #7513, 1000.000000000000000 ) ;
#9223 = CARTESIAN_POINT ( 'NONE',  ( -0.8649999999999999911, 0.8649999999999999911, 4.900000000000000355 ) ) ;
#9224 = EDGE_CURVE ( 'NONE', #4231, #2585, #4418, .T. ) ;
#9225 = EDGE_CURVE ( 'NONE', #5921, #8314, #11569, .T. ) ;
#9226 = DIRECTION ( 'NONE',  ( -1.000000000000000000, -1.665334536937729880E-16, 0.0000000000000000000 ) ) ;
#9227 = EDGE_LOOP ( 'NONE', ( #8873, #7854, #3219, #11748 ) ) ;
#9228 = AXIS2_PLACEMENT_3D ( 'NONE', #10149, #3736, #3024 ) ;
#9229 = VECTOR ( 'NONE', #7792, 1000.000000000000000 ) ;
#9230 = VECTOR ( 'NONE', #8901, 999.9999999999998863 ) ;
#9231 = ORIENTED_EDGE ( 'NONE', *, *, #10244, .T. ) ;
#9232 =( LENGTH_UNIT ( ) NAMED_UNIT ( * ) SI_UNIT ( .MILLI., .METRE. ) );
#9233 = LINE ( 'NONE', #952, #159 ) ;
#9234 = ORIENTED_EDGE ( 'NONE', *, *, #11250, .T. ) ;
#9235 = DIRECTION ( 'NONE',  ( 3.061616997868384251E-17, 3.061616997868414449E-17, 1.000000000000000000 ) ) ;
#9236 = CARTESIAN_POINT ( 'NONE',  ( 3.405000000000000693, 0.8649999999999999911, 4.799999999999999822 ) ) ;
#9237 = VECTOR ( 'NONE', #10073, 1000.000000000000000 ) ;
#9238 = AXIS2_PLACEMENT_3D ( 'NONE', #1047, #2839, #144 ) ;
#9239 = ORIENTED_EDGE ( 'NONE', *, *, #11518, .T. ) ;
#9240 = EDGE_CURVE ( 'NONE', #1102, #5834, #11622, .T. ) ;
#9241 = ORIENTED_EDGE ( 'NONE', *, *, #1483, .F. ) ;
#9242 = CARTESIAN_POINT ( 'NONE',  ( -0.4050000000000000266, 0.8649999999999999911, 4.799999999999999822 ) ) ;
#9243 = PLANE ( 'NONE',  #4051 ) ;
#9244 = PLANE ( 'NONE',  #3336 ) ;
#9245 = AXIS2_PLACEMENT_3D ( 'NONE', #11214, #1940, #6680 ) ;
#9246 = DIRECTION ( 'NONE',  ( 2.099659365964729900E-16, -9.303908184768099600E-32, 1.000000000000000000 ) ) ;
#9247 = LINE ( 'NONE', #2036, #2950 ) ;
#9248 = LINE ( 'NONE', #10065, #8569 ) ;
#9249 = EDGE_CURVE ( 'NONE', #6081, #1274, #7122, .T. ) ;
#9250 = LINE ( 'NONE', #5501, #3727 ) ;
#9251 = LINE ( 'NONE', #4775, #4963 ) ;
#9252 = VERTEX_POINT ( 'NONE', #2654 ) ;
#9253 = CARTESIAN_POINT ( 'NONE',  ( 2.875000000000000000, 8.862878461408690260E-16, 0.5999999999999999778 ) ) ;
#9254 = DIRECTION ( 'NONE',  ( 6.454785026888259984E-17, -1.000000000000000000, 0.0000000000000000000 ) ) ;
#9255 = VERTEX_POINT ( 'NONE', #6205 ) ;
#9256 = CARTESIAN_POINT ( 'NONE',  ( -5.485000000000000320, 0.8850000000000000089, 0.4800000000000009814 ) ) ;
#9257 = CARTESIAN_POINT ( 'NONE',  ( -1.604999999999999982, -2.499999999999999556, 0.5999999999999999778 ) ) ;
#9258 = DIRECTION ( 'NONE',  ( -0.7071067811865510144, 0.7071067811865441310, 0.0000000000000000000 ) ) ;
#9259 = ORIENTED_EDGE ( 'NONE', *, *, #1198, .T. ) ;
#9260 = CARTESIAN_POINT ( 'NONE',  ( -2.944999999999999840, 0.8850000000000000089, 0.4600000000000010747 ) ) ;
#9261 = CARTESIAN_POINT ( 'NONE',  ( -1.675000000000000044, 0.4050000000000000266, 4.900000000000000355 ) ) ;
#9262 = VECTOR ( 'NONE', #834, 1000.000000000000000 ) ;
#9263 = ADVANCED_FACE ( 'NONE', ( #9837 ), #2704, .F. ) ;
#9264 = DIRECTION ( 'NONE',  ( -1.000000000000000000, 2.082970027439319880E-16, 1.156280642033610094E-31 ) ) ;
#9265 = ORIENTED_EDGE ( 'NONE', *, *, #5803, .T. ) ;
#9266 = FACE_OUTER_BOUND ( 'NONE', #3988, .T. ) ;
#9267 = DIRECTION ( 'NONE',  ( -1.000000000000000000, -0.0000000000000000000, -0.0000000000000000000 ) ) ;
#9268 = EDGE_CURVE ( 'NONE', #2075, #11361, #8284, .T. ) ;
#9269 = DIRECTION ( 'NONE',  ( 0.0000000000000000000, 0.0000000000000000000, -1.000000000000000000 ) ) ;
#9270 = ORIENTED_EDGE ( 'NONE', *, *, #2990, .F. ) ;
#9271 = VECTOR ( 'NONE', #8936, 1000.000000000000000 ) ;
#9272 = PLANE ( 'NONE',  #6645 ) ;
#9273 = ORIENTED_EDGE ( 'NONE', *, *, #2147, .T. ) ;
#9274 = FACE_OUTER_BOUND ( 'NONE', #5252, .T. ) ;
#9275 = DIRECTION ( 'NONE',  ( -0.7071067811865489050, 0.7071067811865460184, 0.0000000000000000000 ) ) ;
#9276 = DIRECTION ( 'NONE',  ( -0.0000000000000000000, 1.000000000000000000, 0.0000000000000000000 ) ) ;
#9277 = DIRECTION ( 'NONE',  ( -1.000000000000000000, 0.0000000000000000000, -0.0000000000000000000 ) ) ;
#9278 = VERTEX_POINT ( 'NONE', #11024 ) ;
#9279 = EDGE_CURVE ( 'NONE', #8246, #9752, #6383, .T. ) ;
#9280 = DIRECTION ( 'NONE',  ( 0.0000000000000000000, -0.0000000000000000000, -1.000000000000000000 ) ) ;
#9281 = VERTEX_POINT ( 'NONE', #133 ) ;
#9282 = VECTOR ( 'NONE', #10375, 1000.000000000000000 ) ;
#9283 = LINE ( 'NONE', #4917, #8289 ) ;
#9284 = CARTESIAN_POINT ( 'NONE',  ( -3.305000000000000160, 3.299999999999999822, 0.2300000000000010092 ) ) ;
#9285 = LINE ( 'NONE', #10221, #6341 ) ;
#9286 = ORIENTED_EDGE ( 'NONE', *, *, #5147, .F. ) ;
#9287 = ORIENTED_EDGE ( 'NONE', *, *, #8420, .F. ) ;
#9288 = CARTESIAN_POINT ( 'NONE',  ( -0.4050000000000000266, -3.200000000000000178, 7.632783294297948257E-16 ) ) ;
#9289 = VERTEX_POINT ( 'NONE', #9127 ) ;
#9290 = EDGE_CURVE ( 'NONE', #1901, #467, #9247, .T. ) ;
#9291 = EDGE_CURVE ( 'NONE', #6003, #7243, #3770, .T. ) ;
#9292 = CARTESIAN_POINT ( 'NONE',  ( -0.5050000000000002265, 3.299999999999999378, 0.3600000000000011524 ) ) ;
#9293 = VERTEX_POINT ( 'NONE', #7446 ) ;
#9294 = DIRECTION ( 'NONE',  ( 0.0000000000000000000, -8.915067114227699459E-17, -1.000000000000000000 ) ) ;
#9295 = AXIS2_PLACEMENT_3D ( 'NONE', #2081, #1346, #4970 ) ;
#9296 = ORIENTED_EDGE ( 'NONE', *, *, #419, .F. ) ;
#9297 = DIRECTION ( 'NONE',  ( 1.000000000000000000, 1.174839179497520083E-16, 0.0000000000000000000 ) ) ;
#9298 = CARTESIAN_POINT ( 'NONE',  ( 4.214999999999999858, 0.8649999999999999911, 4.900000000000000355 ) ) ;
#9299 = CARTESIAN_POINT ( 'NONE',  ( -0.7500000000000009992, 3.299999999999999822, 0.3600000000000010414 ) ) ;
#9300 = EDGE_CURVE ( 'NONE', #10397, #7142, #3820, .T. ) ;
#9301 = LINE ( 'NONE', #5778, #4343 ) ;
#9302 = EDGE_LOOP ( 'NONE', ( #3467, #11769, #1290, #2962 ) ) ;
#9303 = LINE ( 'NONE', #9077, #4463 ) ;
#9304 = EDGE_CURVE ( 'NONE', #10892, #11236, #4543, .T. ) ;
#9305 = FACE_OUTER_BOUND ( 'NONE', #541, .T. ) ;
#9306 = FILL_AREA_STYLE_COLOUR ( '', #4974 ) ;
#9307 = ORIENTED_EDGE ( 'NONE', *, *, #1250, .T. ) ;
#9308 = EDGE_CURVE ( 'NONE', #6654, #10170, #9303, .T. ) ;
#9309 = VECTOR ( 'NONE', #7890, 1000.000000000000000 ) ;
#9310 = CYLINDRICAL_SURFACE ( 'NONE', #1543, 0.02000000000000005246 ) ;
#9311 = EDGE_LOOP ( 'NONE', ( #725, #4186, #296, #6037 ) ) ;
#9312 = CARTESIAN_POINT ( 'NONE',  ( 4.675000000000000711, -0.4050000000000000266, 4.900000000000000355 ) ) ;
#9313 = LINE ( 'NONE', #1204, #7481 ) ;
#9314 = DIRECTION ( 'NONE',  ( 0.0000000000000000000, -1.000000000000000000, 8.915067114227699459E-17 ) ) ;
#9315 = EDGE_LOOP ( 'NONE', ( #5004, #2816, #10193, #10883 ) ) ;
#9316 = DIRECTION ( 'NONE',  ( 1.000000000000000000, 2.082970027439319880E-16, -1.156280642033610094E-31 ) ) ;
#9317 = EDGE_CURVE ( 'NONE', #9636, #2980, #10009, .T. ) ;
#9318 = CARTESIAN_POINT ( 'NONE',  ( 0.8649999999999999911, 0.8649999999999999911, 4.799999999999999822 ) ) ;
#9319 = CARTESIAN_POINT ( 'NONE',  ( 1.675000000000000266, -0.4049999999999998601, 0.4800000000000011480 ) ) ;
#9320 = ORIENTED_EDGE ( 'NONE', *, *, #2396, .F. ) ;
#9321 = CARTESIAN_POINT ( 'NONE',  ( 2.134999999999999787, -0.8649999999999999911, 4.900000000000000355 ) ) ;
#9322 = CARTESIAN_POINT ( 'NONE',  ( -2.944999999999999840, 0.8649999999999999911, 4.799999999999999822 ) ) ;
#9323 = AXIS2_PLACEMENT_3D ( 'NONE', #1049, #10985, #3897 ) ;
#9324 = VECTOR ( 'NONE', #5930, 1000.000000000000000 ) ;
#9325 = LINE ( 'NONE', #11712, #4506 ) ;
#9326 = EDGE_CURVE ( 'NONE', #6197, #6596, #971, .T. ) ;
#9327 = CARTESIAN_POINT ( 'NONE',  ( -0.8149999999999999467, -0.5200000000000000178, 4.850000000000000533 ) ) ;
#9328 = ORIENTED_EDGE ( 'NONE', *, *, #1853, .T. ) ;
#9329 = DIRECTION ( 'NONE',  ( 0.0000000000000000000, 0.7071067811865461294, -0.7071067811865490160 ) ) ;
#9330 = DIRECTION ( 'NONE',  ( 0.0000000000000000000, -0.7071067811865461294, -0.7071067811865490160 ) ) ;
#9331 = CARTESIAN_POINT ( 'NONE',  ( -0.5050000000000005596, 0.5050000000000001155, 4.900000000000000355 ) ) ;
#9332 = EDGE_CURVE ( 'NONE', #8654, #6120, #7268, .T. ) ;
#9333 = VECTOR ( 'NONE', #748, 1000.000000000000000 ) ;
#9334 = CARTESIAN_POINT ( 'NONE',  ( 0.8649999999999999911, 0.4050000000000000266, 4.900000000000000355 ) ) ;
#9335 = ORIENTED_EDGE ( 'NONE', *, *, #11479, .T. ) ;
#9336 = PLANE ( 'NONE',  #8012 ) ;
#9337 = ORIENTED_EDGE ( 'NONE', *, *, #11313, .T. ) ;
#9338 = PLANE ( 'NONE',  #3168 ) ;
#9339 = VECTOR ( 'NONE', #10677, 999.9999999999998863 ) ;
#9340 = ORIENTED_EDGE ( 'NONE', *, *, #11044, .F. ) ;
#9341 = ADVANCED_FACE ( 'NONE', ( #7334 ), #5554, .F. ) ;
#9342 = CARTESIAN_POINT ( 'NONE',  ( 1.605000000000000426, -2.499999999999999556, 0.5999999999999999778 ) ) ;
#9343 = DIRECTION ( 'NONE',  ( 0.0000000000000000000, -1.000000000000000000, -0.0000000000000000000 ) ) ;
#9344 = ORIENTED_EDGE ( 'NONE', *, *, #9916, .T. ) ;
#9345 = ORIENTED_EDGE ( 'NONE', *, *, #1213, .F. ) ;
#9346 = EDGE_LOOP ( 'NONE', ( #9876, #1682, #9131, #2280 ) ) ;
#9347 = VECTOR ( 'NONE', #10546, 1000.000000000000000 ) ;
#9348 = DIRECTION ( 'NONE',  ( -1.000000000000000000, -2.082970027439319880E-16, 1.156280642033610094E-31 ) ) ;
#9349 = ORIENTED_EDGE ( 'NONE', *, *, #5489, .T. ) ;
#9350 = CARTESIAN_POINT ( 'NONE',  ( -3.044999999999999929, -3.299999999999999822, 0.2300000000000010092 ) ) ;
#9351 = ORIENTED_EDGE ( 'NONE', *, *, #2637, .T. ) ;
#9352 = VECTOR ( 'NONE', #10124, 1000.000000000000000 ) ;
#9353 = ADVANCED_FACE ( 'NONE', ( #10972 ), #10063, .F. ) ;
#9354 = ORIENTED_EDGE ( 'NONE', *, *, #2673, .F. ) ;
#9355 = DIRECTION ( 'NONE',  ( 1.000000000000000000, 0.0000000000000000000, -0.0000000000000000000 ) ) ;
#9356 = CARTESIAN_POINT ( 'NONE',  ( 4.315000000000000391, 3.299999999999999378, 0.3600000000000010969 ) ) ;
#9357 = LINE ( 'NONE', #5720, #11374 ) ;
#9358 = ORIENTED_EDGE ( 'NONE', *, *, #8402, .T. ) ;
#9359 = LINE ( 'NONE', #11319, #6211 ) ;
#9360 = DIRECTION ( 'NONE',  ( -2.099659365964729900E-16, 9.303908184768099600E-32, -1.000000000000000000 ) ) ;
#9361 = STYLED_ITEM ( 'NONE', ( #3941 ), #4585 ) ;
#9362 = CARTESIAN_POINT ( 'NONE',  ( -1.675000000000000044, -3.200000000000000178, 0.4600000000000011857 ) ) ;
#9363 = ORIENTED_EDGE ( 'NONE', *, *, #3199, .T. ) ;
#9364 = ADVANCED_FACE ( 'NONE', ( #8340 ), #2937, .F. ) ;
#9365 = CARTESIAN_POINT ( 'NONE',  ( -4.445000000000000284, -1.072411553440040056E-16, 0.5999999999999999778 ) ) ;
#9366 = PRESENTATION_LAYER_ASSIGNMENT (  '', '', ( #2917 ) ) ;
#9367 = DIRECTION ( 'NONE',  ( -0.7071067811865461294, 0.0000000000000000000, 0.7071067811865490160 ) ) ;
#9368 = DIRECTION ( 'NONE',  ( -1.000000000000000000, 2.082970027439319880E-16, 1.156280642033610094E-31 ) ) ;
#9369 = ORIENTED_EDGE ( 'NONE', *, *, #9142, .F. ) ;
#9370 = LINE ( 'NONE', #11207, #9964 ) ;
#9371 = PLANE ( 'NONE',  #3872 ) ;
#9372 = PLANE ( 'NONE',  #1484 ) ;
#9373 = CARTESIAN_POINT ( 'NONE',  ( 3.405000000000000249, 0.8850000000000000089, 0.4800000000000009814 ) ) ;
#9374 = CARTESIAN_POINT ( 'NONE',  ( 0.3349999999999997424, -2.499999999999999556, 0.5999999999999999778 ) ) ;
#9375 = CARTESIAN_POINT ( 'NONE',  ( -0.7650000000000000133, 0.6350000000000000089, 4.900000000000000355 ) ) ;
#9376 = ORIENTED_EDGE ( 'NONE', *, *, #11642, .F. ) ;
#9377 = EDGE_CURVE ( 'NONE', #3309, #4143, #7389, .T. ) ;
#9378 = PLANE ( 'NONE',  #4426 ) ;
#9379 = VERTEX_POINT ( 'NONE', #4773 ) ;
#9380 = EDGE_CURVE ( 'NONE', #11425, #2549, #242, .T. ) ;
#9381 = CARTESIAN_POINT ( 'NONE',  ( -0.4050000000000000266, -0.8649999999999999911, 4.799999999999999822 ) ) ;
#9382 = DIRECTION ( 'NONE',  ( -0.7071067811865489050, 0.0000000000000000000, -0.7071067811865460184 ) ) ;
#9383 = PLANE ( 'NONE',  #7324 ) ;
#9384 = FACE_OUTER_BOUND ( 'NONE', #5193, .T. ) ;
#9385 = FACE_OUTER_BOUND ( 'NONE', #11439, .T. ) ;
#9386 = VECTOR ( 'NONE', #8456, 1000.000000000000000 ) ;
#9387 = ORIENTED_EDGE ( 'NONE', *, *, #2134, .F. ) ;
#9388 = VERTEX_POINT ( 'NONE', #2996 ) ;
#9389 = CARTESIAN_POINT ( 'NONE',  ( 0.8649999999999999911, -0.4049999999999996381, 0.4800000000000011480 ) ) ;
#9390 = EDGE_CURVE ( 'NONE', #2668, #6883, #10240, .T. ) ;
#9391 = FACE_OUTER_BOUND ( 'NONE', #9678, .T. ) ;
#9392 = ORIENTED_EDGE ( 'NONE', *, *, #9642, .T. ) ;
#9393 = VECTOR ( 'NONE', #8119, 1000.000000000000000 ) ;
#9394 = VECTOR ( 'NONE', #9297, 1000.000000000000000 ) ;
#9395 = EDGE_CURVE ( 'NONE', #8314, #2891, #3648, .T. ) ;
#9396 = CARTESIAN_POINT ( 'NONE',  ( -0.6349999999999998979, 0.4050000000000000266, 0.4800000000000010369 ) ) ;
#9397 = ORIENTED_EDGE ( 'NONE', *, *, #8947, .T. ) ;
#9398 = CARTESIAN_POINT ( 'NONE',  ( 2.875000000000000000, 2.499999999999999112, 0.5999999999999999778 ) ) ;
#9399 = EDGE_LOOP ( 'NONE', ( #11442, #5772, #11012, #1502 ) ) ;
#9400 = VECTOR ( 'NONE', #6026, 1000.000000000000000 ) ;
#9401 = AXIS2_PLACEMENT_3D ( 'NONE', #1479, #11419, #10519 ) ;
#9402 = VERTEX_POINT ( 'NONE', #6720 ) ;
#9403 = VECTOR ( 'NONE', #2795, 1000.000000000000000 ) ;
#9404 = CARTESIAN_POINT ( 'NONE',  ( -3.405000000000000249, 0.8650000000000005462, 4.799999999999999822 ) ) ;
#9405 = EDGE_CURVE ( 'NONE', #9252, #9737, #11197, .T. ) ;
#9406 =( NAMED_UNIT ( * ) PLANE_ANGLE_UNIT ( ) SI_UNIT ( $, .RADIAN. ) );
#9407 = DIRECTION ( 'NONE',  ( -0.0000000000000000000, 0.0000000000000000000, 1.000000000000000000 ) ) ;
#9408 = ORIENTED_EDGE ( 'NONE', *, *, #4703, .F. ) ;
#9409 = EDGE_CURVE ( 'NONE', #7655, #9278, #1376, .T. ) ;
#9410 = VECTOR ( 'NONE', #2646, 1000.000000000000114 ) ;
#9411 = VECTOR ( 'NONE', #8216, 1000.000000000000000 ) ;
#9412 = CARTESIAN_POINT ( 'NONE',  ( 4.214999999999999858, -0.8649999999999999911, 4.799999999999999822 ) ) ;
#9413 = PLANE ( 'NONE',  #8624 ) ;
#9414 = FILL_AREA_STYLE ('',( #4771 ) ) ;
#9415 = ORIENTED_EDGE ( 'NONE', *, *, #701, .F. ) ;
#9416 = DIRECTION ( 'NONE',  ( 0.0000000000000000000, -1.000000000000000000, -0.0000000000000000000 ) ) ;
#9417 = VERTEX_POINT ( 'NONE', #10362 ) ;
#9418 = AXIS2_PLACEMENT_3D ( 'NONE', #6868, #10508, #10447 ) ;
#9419 = VECTOR ( 'NONE', #7520, 1000.000000000000000 ) ;
#9420 = EDGE_LOOP ( 'NONE', ( #1487, #5471, #1724, #3607 ) ) ;
#9421 = VECTOR ( 'NONE', #3184, 1000.000000000000000 ) ;
#9422 = DIRECTION ( 'NONE',  ( 0.0000000000000000000, 0.0000000000000000000, 1.000000000000000000 ) ) ;
#9423 = LINE ( 'NONE', #8583, #7044 ) ;
#9424 = ORIENTED_EDGE ( 'NONE', *, *, #10295, .T. ) ;
#9425 = PLANE ( 'NONE',  #1413 ) ;
#9426 = PLANE ( 'NONE',  #9212 ) ;
#9427 = PLANE ( 'NONE',  #11551 ) ;
#9428 = ORIENTED_EDGE ( 'NONE', *, *, #3676, .T. ) ;
#9429 = CARTESIAN_POINT ( 'NONE',  ( -0.4050000000000000266, -0.4049999999999996381, 0.4800000000000011480 ) ) ;
#9430 = LINE ( 'NONE', #4899, #2113 ) ;
#9431 = ADVANCED_FACE ( 'NONE', ( #6900 ), #9470, .F. ) ;
#9432 = CARTESIAN_POINT ( 'NONE',  ( 5.714999999999999858, -0.8850000000000000089, 0.4800000000000009814 ) ) ;
#9433 = ADVANCED_FACE ( 'NONE', ( #8637 ), #4883, .F. ) ;
#9434 = ORIENTED_EDGE ( 'NONE', *, *, #9045, .F. ) ;
#9435 = AXIS2_PLACEMENT_3D ( 'NONE', #9633, #3402, #1488 ) ;
#9436 = LINE ( 'NONE', #1998, #9632 ) ;
#9437 = PLANE ( 'NONE',  #5942 ) ;
#9438 = ORIENTED_EDGE ( 'NONE', *, *, #9224, .F. ) ;
#9439 = CARTESIAN_POINT ( 'NONE',  ( 5.485000000000000320, 0.8850000000000000089, 8.636121991262881741E-16 ) ) ;
#9440 = FACE_OUTER_BOUND ( 'NONE', #1813, .T. ) ;
#9441 = ORIENTED_EDGE ( 'NONE', *, *, #6467, .T. ) ;
#9442 = FACE_OUTER_BOUND ( 'NONE', #528, .T. ) ;
#9443 = VECTOR ( 'NONE', #1831, 1000.000000000000000 ) ;
#9444 = FACE_OUTER_BOUND ( 'NONE', #469, .T. ) ;
#9445 = FACE_OUTER_BOUND ( 'NONE', #3798, .T. ) ;
#9446 = DIRECTION ( 'NONE',  ( 1.000000000000000000, 2.082970027439319880E-16, -1.156280642033610094E-31 ) ) ;
#9447 = VERTEX_POINT ( 'NONE', #5780 ) ;
#9448 = VERTEX_POINT ( 'NONE', #2215 ) ;
#9449 = DIRECTION ( 'NONE',  ( 0.0000000000000000000, -1.000000000000000000, -0.0000000000000000000 ) ) ;
#9450 = DIRECTION ( 'NONE',  ( 0.0000000000000000000, 0.0000000000000000000, 1.000000000000000000 ) ) ;
#9451 = ORIENTED_EDGE ( 'NONE', *, *, #448, .F. ) ;
#9452 = VECTOR ( 'NONE', #3955, 1000.000000000000000 ) ;
#9453 = CARTESIAN_POINT ( 'NONE',  ( 2.220446049250309925E-15, -1.650000000040749981, 2.100000000000000089 ) ) ;
#9454 = DIRECTION ( 'NONE',  ( 1.000000000000000000, -0.0000000000000000000, -2.099659365964729900E-16 ) ) ;
#9455 = ORIENTED_EDGE ( 'NONE', *, *, #10612, .F. ) ;
#9456 = EDGE_CURVE ( 'NONE', #3086, #8568, #5068, .T. ) ;
#9457 = ORIENTED_EDGE ( 'NONE', *, *, #11228, .T. ) ;
#9458 = VECTOR ( 'NONE', #9659, 1000.000000000000000 ) ;
#9459 = EDGE_LOOP ( 'NONE', ( #11418, #791, #286, #10462 ) ) ;
#9460 = ADVANCED_FACE ( 'NONE', ( #8703 ), #1193, .F. ) ;
#9461 = DIRECTION ( 'NONE',  ( -0.0000000000000000000, 0.7071067811865461294, 0.7071067811865490160 ) ) ;
#9462 = ORIENTED_EDGE ( 'NONE', *, *, #9571, .T. ) ;
#9463 = FACE_OUTER_BOUND ( 'NONE', #7561, .T. ) ;
#9464 = ORIENTED_EDGE ( 'NONE', *, *, #11128, .T. ) ;
#9465 = PRODUCT_DEFINITION_SHAPE ( 'NONE', 'NONE',  #11749 ) ;
#9466 = ORIENTED_EDGE ( 'NONE', *, *, #4395, .T. ) ;
#9467 = EDGE_CURVE ( 'NONE', #593, #2868, #1313, .T. ) ;
#9468 = CARTESIAN_POINT ( 'NONE',  ( -5.714999999999999858, -3.299999999999999822, 0.2300000000000010092 ) ) ;
#9469 = ORIENTED_EDGE ( 'NONE', *, *, #1455, .F. ) ;
#9470 = CYLINDRICAL_SURFACE ( 'NONE', #8452, 0.02000000000000005246 ) ;
#9471 = EDGE_CURVE ( 'NONE', #2630, #1646, #7874, .T. ) ;
#9472 = CARTESIAN_POINT ( 'NONE',  ( -3.405000000000000249, -0.4050000000000000266, 4.799999999999999822 ) ) ;
#9473 = ORIENTED_EDGE ( 'NONE', *, *, #5093, .T. ) ;
#9474 = VECTOR ( 'NONE', #8384, 1000.000000000000000 ) ;
#9475 = DIRECTION ( 'NONE',  ( 0.0000000000000000000, 8.915067114227699459E-17, -1.000000000000000000 ) ) ;
#9476 = ORIENTED_EDGE ( 'NONE', *, *, #7000, .T. ) ;
#9477 = EDGE_CURVE ( 'NONE', #6441, #7550, #7797, .T. ) ;
#9478 = CARTESIAN_POINT ( 'NONE',  ( -5.945000000000000284, 0.8850000000000000089, 0.4600000000000010192 ) ) ;
#9479 = CARTESIAN_POINT ( 'NONE',  ( -1.905000000000000027, 0.4050000000000000266, 0.4800000000000010369 ) ) ;
#9480 = EDGE_LOOP ( 'NONE', ( #4746, #10864, #1493, #6770 ) ) ;
#9481 = DIRECTION ( 'NONE',  ( -0.7071067811865461294, 0.0000000000000000000, -0.7071067811865490160 ) ) ;
#9482 = DIRECTION ( 'NONE',  ( 2.957565607266179811E-16, 0.7071067811865490160, 0.7071067811865461294 ) ) ;
#9483 = ORIENTED_EDGE ( 'NONE', *, *, #6141, .T. ) ;
#9484 = DIRECTION ( 'NONE',  ( -0.7071067811865489050, 0.7071067811865460184, 0.0000000000000000000 ) ) ;
#9485 = CARTESIAN_POINT ( 'NONE',  ( -5.485000000000000320, -0.8649999999999999911, 4.900000000000000355 ) ) ;
#9486 = CARTESIAN_POINT ( 'NONE',  ( 5.485000000000000320, 0.4050000000000000266, 4.799999999999999822 ) ) ;
#9487 = ORIENTED_EDGE ( 'NONE', *, *, #7287, .T. ) ;
#9488 = CARTESIAN_POINT ( 'NONE',  ( -0.4050000000000001932, 3.200000000000000178, 9.347027395905591834E-16 ) ) ;
#9489 = ORIENTED_EDGE ( 'NONE', *, *, #1765, .F. ) ;
#9490 = DIRECTION ( 'NONE',  ( 1.000000000000000000, 0.0000000000000000000, -2.099659365964729900E-16 ) ) ;
#9491 = DIRECTION ( 'NONE',  ( -0.0000000000000000000, 0.7071067811865461294, 0.7071067811865490160 ) ) ;
#9492 = ORIENTED_EDGE ( 'NONE', *, *, #1768, .T. ) ;
#9493 = EDGE_CURVE ( 'NONE', #6423, #8268, #11440, .T. ) ;
#9494 = DIRECTION ( 'NONE',  ( 0.0000000000000000000, -1.000000000000000000, 0.0000000000000000000 ) ) ;
#9495 = DIRECTION ( 'NONE',  ( 1.953503796022424979E-47, -1.000000000000000000, 9.303908184768099600E-32 ) ) ;
#9496 = CARTESIAN_POINT ( 'NONE',  ( -5.945000000000000284, 0.4049999999999998046, 0.4800000000000010369 ) ) ;
#9497 = CARTESIAN_POINT ( 'NONE',  ( 1.675000000000000044, 3.200000000000000178, 8.104990208159816818E-16 ) ) ;
#9498 = CARTESIAN_POINT ( 'NONE',  ( -3.405000000000000249, 0.8850000000000000089, 0.4800000000000009814 ) ) ;
#9499 = ORIENTED_EDGE ( 'NONE', *, *, #7739, .T. ) ;
#9500 = AXIS2_PLACEMENT_3D ( 'NONE', #11751, #4333, #754 ) ;
#9501 = ORIENTED_EDGE ( 'NONE', *, *, #6329, .T. ) ;
#9502 = CARTESIAN_POINT ( 'NONE',  ( 1.675000000000000044, 0.8850000000000000089, 0.4600000000000010192 ) ) ;
#9503 = CYLINDRICAL_SURFACE ( 'NONE', #5195, 0.4800000000000000933 ) ;
#9504 = ORIENTED_EDGE ( 'NONE', *, *, #5864, .F. ) ;
#9505 = EDGE_CURVE ( 'NONE', #7344, #7834, #10298, .T. ) ;
#9506 = DIRECTION ( 'NONE',  ( 0.5773502691896207351, -0.5773502691896282846, -0.5773502691896282846 ) ) ;
#9507 = PLANE ( 'NONE',  #1721 ) ;
#9508 = VERTEX_POINT ( 'NONE', #9877 ) ;
#9509 = ADVANCED_FACE ( 'NONE', ( #1560 ), #7025, .F. ) ;
#9510 = VECTOR ( 'NONE', #208, 1000.000000000000000 ) ;
#9511 = ORIENTED_EDGE ( 'NONE', *, *, #8899, .T. ) ;
#9512 = LINE ( 'NONE', #7656, #1353 ) ;
#9513 = VECTOR ( 'NONE', #849, 1000.000000000000000 ) ;
#9514 = CARTESIAN_POINT ( 'NONE',  ( -4.300000000001450218, -1.850000000040749937, 5.000000000000000000 ) ) ;
#9515 = VECTOR ( 'NONE', #4612, 1000.000000000000000 ) ;
#9516 = EDGE_CURVE ( 'NONE', #3337, #4095, #5129, .T. ) ;
#9517 = LINE ( 'NONE', #1367, #4515 ) ;
#9518 = DIRECTION ( 'NONE',  ( -1.000000000000000000, -0.0000000000000000000, -0.0000000000000000000 ) ) ;
#9519 = ADVANCED_FACE ( 'NONE', ( #10126 ), #4721, .T. ) ;
#9520 = AXIS2_PLACEMENT_3D ( 'NONE', #8446, #290, #10465 ) ;
#9521 = DIRECTION ( 'NONE',  ( 0.0000000000000000000, 0.0000000000000000000, 1.000000000000000000 ) ) ;
#9522 = DIRECTION ( 'NONE',  ( 1.665334536937729880E-16, 1.000000000000000000, 0.0000000000000000000 ) ) ;
#9523 = DIRECTION ( 'NONE',  ( -2.099659365964729900E-16, -9.303908184768099600E-32, -1.000000000000000000 ) ) ;
#9524 = ORIENTED_EDGE ( 'NONE', *, *, #4859, .F. ) ;
#9525 = LINE ( 'NONE', #10786, #2715 ) ;
#9526 = ADVANCED_FACE ( 'NONE', ( #5505 ), #4611, .F. ) ;
#9527 = CIRCLE ( 'NONE', #2522, 0.02000000000000005246 ) ;
#9528 = ORIENTED_EDGE ( 'NONE', *, *, #3151, .T. ) ;
#9529 = EDGE_CURVE ( 'NONE', #6844, #5204, #11089, .T. ) ;
#9530 = EDGE_CURVE ( 'NONE', #1610, #11382, #2714, .T. ) ;
#9531 = LINE ( 'NONE', #8581, #5039 ) ;
#9532 = CARTESIAN_POINT ( 'NONE',  ( -2.134999999999999787, -3.200000000000000178, 0.4600000000000011302 ) ) ;
#9533 = ORIENTED_EDGE ( 'NONE', *, *, #5669, .F. ) ;
#9534 = LINE ( 'NONE', #1385, #7673 ) ;
#9535 = CARTESIAN_POINT ( 'NONE',  ( 4.214999999999999858, 0.8850000000000000089, 0.4600000000000009637 ) ) ;
#9536 = DIRECTION ( 'NONE',  ( 0.0000000000000000000, -0.7071067811865461294, -0.7071067811865490160 ) ) ;
#9537 = LINE ( 'NONE', #6739, #482 ) ;
#9538 = STYLED_ITEM ( 'NONE', ( #7800 ), #4642 ) ;
#9539 = DIRECTION ( 'NONE',  ( 0.0000000000000000000, 0.0000000000000000000, 1.000000000000000000 ) ) ;
#9540 = CARTESIAN_POINT ( 'NONE',  ( 4.214999999999999858, -3.200000000000000622, 0.4600000000000011857 ) ) ;
#9541 = LINE ( 'NONE', #11515, #6864 ) ;
#9542 = VERTEX_POINT ( 'NONE', #8291 ) ;
#9543 = DIRECTION ( 'NONE',  ( -1.000000000000000000, 0.0000000000000000000, 0.0000000000000000000 ) ) ;
#9544 = EDGE_CURVE ( 'NONE', #11399, #9281, #7508, .T. ) ;
#9545 = LINE ( 'NONE', #1395, #9761 ) ;
#9546 = ORIENTED_EDGE ( 'NONE', *, *, #4779, .T. ) ;
#9547 = VECTOR ( 'NONE', #10652, 1000.000000000000000 ) ;
#9548 = ADVANCED_FACE ( 'NONE', ( #3713 ), #1094, .F. ) ;
#9549 = CARTESIAN_POINT ( 'NONE',  ( -4.214999999999999858, 0.4050000000000000266, 4.900000000000000355 ) ) ;
#9550 = UNCERTAINTY_MEASURE_WITH_UNIT (LENGTH_MEASURE( 1.000000000000000082E-05 ), #7917, 'distance_accuracy_value', 'NONE');
#9551 = LINE ( 'NONE', #1466, #4945 ) ;
#9552 = ORIENTED_EDGE ( 'NONE', *, *, #9695, .F. ) ;
#9553 = DIRECTION ( 'NONE',  ( 0.0000000000000000000, 0.0000000000000000000, 1.000000000000000000 ) ) ;
#9554 = DIRECTION ( 'NONE',  ( -1.000000000000000000, -1.665334536937729880E-16, 0.0000000000000000000 ) ) ;
#9555 = CARTESIAN_POINT ( 'NONE',  ( 0.7649999999999996803, 3.299999999999999378, 0.3600000000000012079 ) ) ;
#9556 = PLANE ( 'NONE',  #3054 ) ;
#9557 = EDGE_LOOP ( 'NONE', ( #1531, #7071, #1419, #6890 ) ) ;
#9558 = VERTEX_POINT ( 'NONE', #4670 ) ;
#9559 = DIRECTION ( 'NONE',  ( 0.0000000000000000000, -1.000000000000000000, -0.0000000000000000000 ) ) ;
#9560 = ORIENTED_EDGE ( 'NONE', *, *, #2104, .T. ) ;
#9561 = CARTESIAN_POINT ( 'NONE',  ( -4.214999999999999858, 0.8850000000000000089, 0.4600000000000010747 ) ) ;
#9562 = VECTOR ( 'NONE', #4735, 1000.000000000000227 ) ;
#9563 = DIRECTION ( 'NONE',  ( 0.5773502691896224004, -0.5773502691896273964, -0.5773502691896273964 ) ) ;
#9564 = CARTESIAN_POINT ( 'NONE',  ( 1.110223024625160090E-15, 1.650000000040749981, 2.100000000000000089 ) ) ;
#9565 = ORIENTED_EDGE ( 'NONE', *, *, #6463, .T. ) ;
#9566 = CARTESIAN_POINT ( 'NONE',  ( 8.600000000002909317, 5.551115123125779744E-16, 2.100000000000000089 ) ) ;
#9567 = ORIENTED_EDGE ( 'NONE', *, *, #2382, .T. ) ;
#9568 = EDGE_LOOP ( 'NONE', ( #4638, #3295, #8392, #10434 ) ) ;
#9569 = FACE_OUTER_BOUND ( 'NONE', #5504, .T. ) ;
#9570 = AXIS2_PLACEMENT_3D ( 'NONE', #3281, #3344, #4106 ) ;
#9571 = EDGE_CURVE ( 'NONE', #9752, #6220, #10191, .T. ) ;
#9572 = DIRECTION ( 'NONE',  ( 0.7071067811865461294, -0.0000000000000000000, 0.7071067811865490160 ) ) ;
#9573 = EDGE_CURVE ( 'NONE', #9899, #3128, #2777, .T. ) ;
#9574 = VECTOR ( 'NONE', #2905, 1000.000000000000000 ) ;
#9575 = FILL_AREA_STYLE ('',( #7723 ) ) ;
#9576 = ADVANCED_FACE ( 'NONE', ( #1817 ), #7395, .T. ) ;
#9577 = ORIENTED_EDGE ( 'NONE', *, *, #8946, .T. ) ;
#9578 = DIRECTION ( 'NONE',  ( -1.000000000000000000, 0.0000000000000000000, 2.099659365964729900E-16 ) ) ;
#9579 = ORIENTED_EDGE ( 'NONE', *, *, #6714, .T. ) ;
#9580 = VECTOR ( 'NONE', #9832, 1000.000000000000000 ) ;
#9581 = VECTOR ( 'NONE', #114, 1000.000000000000000 ) ;
#9582 = EDGE_LOOP ( 'NONE', ( #5808, #5165, #5418, #7829, #350, #11597, #10201, #7403 ) ) ;
#9583 = FACE_OUTER_BOUND ( 'NONE', #4086, .T. ) ;
#9584 = CARTESIAN_POINT ( 'NONE',  ( -5.844999999999999751, -0.5200000000000000178, 4.900000000000000355 ) ) ;
#9585 = ORIENTED_EDGE ( 'NONE', *, *, #9326, .F. ) ;
#9586 = DIRECTION ( 'NONE',  ( -1.000000000000000000, 0.0000000000000000000, 2.099659365964729900E-16 ) ) ;
#9587 = LINE ( 'NONE', #7672, #1572 ) ;
#9588 = EDGE_CURVE ( 'NONE', #4229, #2127, #11032, .T. ) ;
#9589 = VECTOR ( 'NONE', #2285, 1000.000000000000000 ) ;
#9590 = VECTOR ( 'NONE', #6020, 1000.000000000000000 ) ;
#9591 = ORIENTED_EDGE ( 'NONE', *, *, #5109, .F. ) ;
#9592 = DIRECTION ( 'NONE',  ( 1.000000000000000000, -2.082970027439319880E-16, -1.156280642033610094E-31 ) ) ;
#9593 = DIRECTION ( 'NONE',  ( -1.000000000000000000, 2.082970027439319880E-16, 1.156280642033610094E-31 ) ) ;
#9594 = ORIENTED_EDGE ( 'NONE', *, *, #580, .F. ) ;
#9595 = DIRECTION ( 'NONE',  ( 1.000000000000000000, -2.091314696702029574E-16, -2.091314696702020699E-16 ) ) ;
#9596 = VECTOR ( 'NONE', #2518, 1000.000000000000000 ) ;
#9597 = CARTESIAN_POINT ( 'NONE',  ( -1.790000000000000036, -3.250000000000000444, 0.05000000000000080075 ) ) ;
#9598 = DIRECTION ( 'NONE',  ( -0.0000000000000000000, -1.000000000000000000, -0.0000000000000000000 ) ) ;
#9599 = EDGE_CURVE ( 'NONE', #3270, #3740, #2044, .T. ) ;
#9600 = ORIENTED_EDGE ( 'NONE', *, *, #10005, .T. ) ;
#9601 = LINE ( 'NONE', #8528, #9589 ) ;
#9602 = CARTESIAN_POINT ( 'NONE',  ( 3.405000000000000249, -0.4049999999999999156, 4.799999999999999822 ) ) ;
#9603 = CARTESIAN_POINT ( 'NONE',  ( 4.575000000000000178, -0.5050000000000001155, 4.900000000000000355 ) ) ;
#9604 = DIRECTION ( 'NONE',  ( 0.0000000000000000000, -1.000000000000000000, 0.0000000000000000000 ) ) ;
#9605 = EDGE_CURVE ( 'NONE', #8034, #1865, #9531, .T. ) ;
#9606 = VERTEX_POINT ( 'NONE', #6730 ) ;
#9607 = CARTESIAN_POINT ( 'NONE',  ( 4.315000000000000391, -3.300000000000000266, 0.1000000000000011297 ) ) ;
#9608 = LINE ( 'NONE', #301, #9204 ) ;
#9609 = AXIS2_PLACEMENT_3D ( 'NONE', #3601, #7224, #10865 ) ;
#9610 = VERTEX_POINT ( 'NONE', #8645 ) ;
#9611 = CARTESIAN_POINT ( 'NONE',  ( -5.485000000000000320, 0.8649999999999999911, 4.900000000000000355 ) ) ;
#9612 = DIRECTION ( 'NONE',  ( 0.5773502691896235106, 0.5773502691896258421, 0.5773502691896280625 ) ) ;
#9613 = ORIENTED_EDGE ( 'NONE', *, *, #10407, .T. ) ;
#9614 = DIRECTION ( 'NONE',  ( 2.099659365964729900E-16, -9.303908184768099600E-32, 1.000000000000000000 ) ) ;
#9615 = CARTESIAN_POINT ( 'NONE',  ( 6.014999999999999680, -2.499999999999999556, 0.5999999999999999778 ) ) ;
#9616 = DIRECTION ( 'NONE',  ( 1.665334536937729880E-16, 1.000000000000000000, 0.0000000000000000000 ) ) ;
#9617 = LINE ( 'NONE', #8542, #5329 ) ;
#9618 = AXIS2_PLACEMENT_3D ( 'NONE', #5202, #4007, #373 ) ;
#9619 = ORIENTED_EDGE ( 'NONE', *, *, #7512, .F. ) ;
#9620 = ADVANCED_FACE ( 'NONE', ( #8520 ), #8464, .F. ) ;
#9621 = EDGE_LOOP ( 'NONE', ( #4332, #3597, #10393, #6212 ) ) ;
#9622 = LINE ( 'NONE', #1476, #6399 ) ;
#9623 = CARTESIAN_POINT ( 'NONE',  ( 3.044999999999999929, 0.5050000000000005596, 4.900000000000000355 ) ) ;
#9624 = ORIENTED_EDGE ( 'NONE', *, *, #6157, .T. ) ;
#9625 = PLANE ( 'NONE',  #6161 ) ;
#9626 = AXIS2_PLACEMENT_3D ( 'NONE', #1349, #390, #1120 ) ;
#9627 = FACE_OUTER_BOUND ( 'NONE', #4350, .T. ) ;
#9628 = ORIENTED_EDGE ( 'NONE', *, *, #6417, .F. ) ;
#9629 = EDGE_CURVE ( 'NONE', #3112, #2127, #486, .T. ) ;
#9630 = ORIENTED_EDGE ( 'NONE', *, *, #3283, .F. ) ;
#9631 = CARTESIAN_POINT ( 'NONE',  ( -5.415000000000000924, -2.500000000000000000, 0.2999999999999999889 ) ) ;
#9632 = VECTOR ( 'NONE', #8358, 1000.000000000000000 ) ;
#9633 = CARTESIAN_POINT ( 'NONE',  ( 0.8649999999999999911, -0.8649999999999999911, 4.900000000000000355 ) ) ;
#9634 = DIRECTION ( 'NONE',  ( -0.7071067811865489050, 0.0000000000000000000, 0.7071067811865460184 ) ) ;
#9635 = DIRECTION ( 'NONE',  ( 0.0000000000000000000, -1.000000000000000000, -8.915067114227699459E-17 ) ) ;
#9636 = VERTEX_POINT ( 'NONE', #11386 ) ;
#9637 = LINE ( 'NONE', #10534, #7123 ) ;
#9638 = EDGE_LOOP ( 'NONE', ( #9628, #4166, #414, #4983 ) ) ;
#9639 = CARTESIAN_POINT ( 'NONE',  ( -4.575000000000000178, 3.299999999999999822, 0.2300000000000010092 ) ) ;
#9640 = ORIENTED_EDGE ( 'NONE', *, *, #1503, .F. ) ;
#9641 = CLOSED_SHELL ( 'NONE', ( #10463, #587, #5177, #2649, #403, #1726, #6073, #6889, #11628, #1136, #8910, #153, #7644, #3910, #3502, #7424, #1947, #4425 ) ) ;
#9642 = EDGE_CURVE ( 'NONE', #4342, #11752, #3236, .T. ) ;
#9643 = EDGE_LOOP ( 'NONE', ( #10372, #4646, #11296, #8842 ) ) ;
#9644 = ADVANCED_FACE ( 'NONE', ( #7568 ), #5962, .F. ) ;
#9645 = DIRECTION ( 'NONE',  ( 0.0000000000000000000, -0.7071067811865460184, 0.7071067811865489050 ) ) ;
#9646 = PLANE ( 'NONE',  #6443 ) ;
#9647 = FILL_AREA_STYLE ('',( #7794 ) ) ;
#9648 = ORIENTED_EDGE ( 'NONE', *, *, #10450, .F. ) ;
#9649 = DIRECTION ( 'NONE',  ( -0.0000000000000000000, 1.000000000000000000, 0.0000000000000000000 ) ) ;
#9650 = FACE_OUTER_BOUND ( 'NONE', #3312, .T. ) ;
#9651 = VECTOR ( 'NONE', #3603, 1000.000000000000000 ) ;
#9652 = VERTEX_POINT ( 'NONE', #421 ) ;
#9653 = ADVANCED_FACE ( 'NONE', ( #3004 ), #8405, .F. ) ;
#9654 = CARTESIAN_POINT ( 'NONE',  ( -3.174999999999999822, -0.8649999999999999911, 0.4800000000000009814 ) ) ;
#9655 = VERTEX_POINT ( 'NONE', #2221 ) ;
#9656 = EDGE_CURVE ( 'NONE', #3240, #6120, #6669, .T. ) ;
#9657 = VECTOR ( 'NONE', #6253, 1000.000000000000000 ) ;
#9658 = DIRECTION ( 'NONE',  ( -0.0000000000000000000, 1.000000000000000000, 8.915067114227699459E-17 ) ) ;
#9659 = DIRECTION ( 'NONE',  ( 0.5773502691896258421, -0.5773502691896208461, 0.5773502691896308381 ) ) ;
#9660 = ORIENTED_EDGE ( 'NONE', *, *, #3154, .F. ) ;
#9661 = FACE_OUTER_BOUND ( 'NONE', #3033, .T. ) ;
#9662 = DIRECTION ( 'NONE',  ( 3.061616997868384251E-17, 3.061616997868414449E-17, 1.000000000000000000 ) ) ;
#9663 = CARTESIAN_POINT ( 'NONE',  ( 0.6350000000000000089, -0.8850000000000000089, 0.4800000000000009814 ) ) ;
#9664 = ORIENTED_EDGE ( 'NONE', *, *, #2645, .F. ) ;
#9665 = DIRECTION ( 'NONE',  ( 0.0000000000000000000, 0.7071067811865489050, 0.7071067811865460184 ) ) ;
#9666 =( GEOMETRIC_REPRESENTATION_CONTEXT ( 3 ) GLOBAL_UNCERTAINTY_ASSIGNED_CONTEXT ( ( #8242 ) ) GLOBAL_UNIT_ASSIGNED_CONTEXT ( ( #8697, #2451, #6182 ) ) REPRESENTATION_CONTEXT ( 'NONE', 'WORKASPACE' ) );
#9667 = ORIENTED_EDGE ( 'NONE', *, *, #1615, .F. ) ;
#9668 = EDGE_CURVE ( 'NONE', #7439, #3574, #4053, .T. ) ;
#9669 = CARTESIAN_POINT ( 'NONE',  ( 2.134999999999999787, -0.4049999999999996381, 0.4800000000000011480 ) ) ;
#9670 = UNCERTAINTY_MEASURE_WITH_UNIT (LENGTH_MEASURE( 1.000000000000000082E-05 ), #5369, 'distance_accuracy_value', 'NONE');
#9671 = DIRECTION ( 'NONE',  ( 0.0000000000000000000, -0.7071067811865489050, 0.7071067811865460184 ) ) ;
#9672 = ORIENTED_EDGE ( 'NONE', *, *, #739, .T. ) ;
#9673 = EDGE_CURVE ( 'NONE', #7834, #7957, #7804, .T. ) ;
#9674 = DIRECTION ( 'NONE',  ( 1.000000000000000000, 0.0000000000000000000, -0.0000000000000000000 ) ) ;
#9675 = DIRECTION ( 'NONE',  ( -0.7071067811865489050, -0.7071067811865460184, 0.0000000000000000000 ) ) ;
#9676 = DIRECTION ( 'NONE',  ( 1.000000000000000000, 0.0000000000000000000, -0.0000000000000000000 ) ) ;
#9677 = LINE ( 'NONE', #3197, #8544 ) ;
#9678 = EDGE_LOOP ( 'NONE', ( #10076, #3345, #7203, #136 ) ) ;
#9679 = ORIENTED_EDGE ( 'NONE', *, *, #10121, .F. ) ;
#9680 = LINE ( 'NONE', #7771, #2416 ) ;
#9681 = DIRECTION ( 'NONE',  ( 0.0000000000000000000, -0.7071067811865460184, 0.7071067811865489050 ) ) ;
#9682 = ORIENTED_EDGE ( 'NONE', *, *, #10398, .T. ) ;
#9683 = EDGE_CURVE ( 'NONE', #6400, #8553, #10672, .T. ) ;
#9684 = LINE ( 'NONE', #10521, #8643 ) ;
#9685 = CARTESIAN_POINT ( 'NONE',  ( -5.714999999999999858, -0.5050000000000000044, 4.900000000000000355 ) ) ;
#9686 = ORIENTED_EDGE ( 'NONE', *, *, #5820, .F. ) ;
#9687 = EDGE_CURVE ( 'NONE', #11289, #4682, #7311, .T. ) ;
#9688 = CARTESIAN_POINT ( 'NONE',  ( 0.6350000000000000089, 2.500000000000000000, 0.5999999999999999778 ) ) ;
#9689 = EDGE_CURVE ( 'NONE', #9172, #1563, #8952, .T. ) ;
#9690 = VECTOR ( 'NONE', #9114, 1000.000000000000000 ) ;
#9691 = ORIENTED_EDGE ( 'NONE', *, *, #11341, .T. ) ;
#9692 = DIRECTION ( 'NONE',  ( -0.7071067811865489050, 0.0000000000000000000, 0.7071067811865460184 ) ) ;
#9693 = ORIENTED_EDGE ( 'NONE', *, *, #3084, .T. ) ;
#9694 = ORIENTED_EDGE ( 'NONE', *, *, #630, .T. ) ;
#9695 = EDGE_CURVE ( 'NONE', #2201, #1179, #607, .T. ) ;
#9696 = VECTOR ( 'NONE', #4497, 1000.000000000000000 ) ;
#9697 = VECTOR ( 'NONE', #9454, 1000.000000000000000 ) ;
#9698 = CARTESIAN_POINT ( 'NONE',  ( -8.600000000002911094, 1.650000000040749537, 4.799999999999998934 ) ) ;
#9699 = ORIENTED_EDGE ( 'NONE', *, *, #11139, .T. ) ;
#9700 = CARTESIAN_POINT ( 'NONE',  ( -0.4050000000000001377, -0.8849999999999998979, 8.673617379884035472E-16 ) ) ;
#9701 = FACE_OUTER_BOUND ( 'NONE', #8348, .T. ) ;
#9702 = ORIENTED_EDGE ( 'NONE', *, *, #5928, .F. ) ;
#9703 = ORIENTED_EDGE ( 'NONE', *, *, #7070, .F. ) ;
#9704 = CARTESIAN_POINT ( 'NONE',  ( -5.584999999999999964, -3.299999999999999378, 0.3600000000000009859 ) ) ;
#9705 = CARTESIAN_POINT ( 'NONE',  ( -4.675000000000000711, -0.8649999999999999911, 4.799999999999999822 ) ) ;
#9706 = ORIENTED_EDGE ( 'NONE', *, *, #10885, .T. ) ;
#9707 = AXIS2_PLACEMENT_3D ( 'NONE', #3255, #9491, #9671 ) ;
#9708 = DIRECTION ( 'NONE',  ( -1.000000000000000000, -2.082970027439319880E-16, 1.156280642033610094E-31 ) ) ;
#9709 = ADVANCED_FACE ( 'NONE', ( #542 ), #4178, .T. ) ;
#9710 = ORIENTED_EDGE ( 'NONE', *, *, #11201, .T. ) ;
#9711 = CARTESIAN_POINT ( 'NONE',  ( 3.045000000000000373, 3.299999999999999378, 0.1000000000000008937 ) ) ;
#9712 = DIRECTION ( 'NONE',  ( -1.000000000000000000, 8.344669262702679687E-19, 8.344669262702645020E-19 ) ) ;
#9713 = LINE ( 'NONE', #2283, #8834 ) ;
#9714 = DIRECTION ( 'NONE',  ( 0.0000000000000000000, 8.915067114227699459E-17, 1.000000000000000000 ) ) ;
#9715 = ORIENTED_EDGE ( 'NONE', *, *, #9279, .T. ) ;
#9716 = PLANE ( 'NONE',  #1421 ) ;
#9717 = VECTOR ( 'NONE', #10288, 1000.000000000000000 ) ;
#9718 = CARTESIAN_POINT ( 'NONE',  ( -3.405000000000000249, 3.200000000000000178, 8.104990208159816818E-16 ) ) ;
#9719 = DIRECTION ( 'NONE',  ( -0.7071067811865489050, 0.7071067811865460184, 0.0000000000000000000 ) ) ;
#9720 = EDGE_CURVE ( 'NONE', #9817, #1112, #11445, .T. ) ;
#9721 = EDGE_CURVE ( 'NONE', #6916, #11101, #6249, .T. ) ;
#9722 = DIRECTION ( 'NONE',  ( 0.0000000000000000000, 1.000000000000000000, -0.0000000000000000000 ) ) ;
#9723 = EDGE_CURVE ( 'NONE', #3552, #9817, #8900, .T. ) ;
#9724 = EDGE_LOOP ( 'NONE', ( #5190, #4702, #6584, #4707 ) ) ;
#9725 = VECTOR ( 'NONE', #5270, 1000.000000000000000 ) ;
#9726 = DIRECTION ( 'NONE',  ( 1.000000000000000000, -0.0000000000000000000, -2.099659365964729900E-16 ) ) ;
#9727 = ORIENTED_EDGE ( 'NONE', *, *, #10957, .F. ) ;
#9728 = LINE ( 'NONE', #8062, #6179 ) ;
#9729 = CARTESIAN_POINT ( 'NONE',  ( 8.800000000002912159, -0.8250000000203719930, 5.000000000000000000 ) ) ;
#9730 = CARTESIAN_POINT ( 'NONE',  ( -3.475000000000000089, 2.500000000000000000, 0.2999999999999999889 ) ) ;
#9731 = ORIENTED_EDGE ( 'NONE', *, *, #1269, .T. ) ;
#9732 = EDGE_CURVE ( 'NONE', #6819, #9036, #9769, .T. ) ;
#9733 = EDGE_LOOP ( 'NONE', ( #8531, #266, #7652, #8959, #5133, #11651, #6629, #7300 ) ) ;
#9734 = FACE_OUTER_BOUND ( 'NONE', #474, .T. ) ;
#9735 = AXIS2_PLACEMENT_3D ( 'NONE', #2642, #727, #8832 ) ;
#9736 = DIRECTION ( 'NONE',  ( 0.0000000000000000000, 1.000000000000000000, 0.0000000000000000000 ) ) ;
#9737 = VERTEX_POINT ( 'NONE', #7985 ) ;
#9738 = EDGE_CURVE ( 'NONE', #9448, #6158, #11615, .T. ) ;
#9739 = CARTESIAN_POINT ( 'NONE',  ( 2.944999999999999840, -0.4050000000000000266, 4.799999999999999822 ) ) ;
#9740 = VERTEX_POINT ( 'NONE', #10846 ) ;
#9741 = DIRECTION ( 'NONE',  ( 0.0000000000000000000, 1.000000000000000000, 0.0000000000000000000 ) ) ;
#9742 = VECTOR ( 'NONE', #5476, 1000.000000000000227 ) ;
#9743 = VERTEX_POINT ( 'NONE', #8277 ) ;
#9744 = EDGE_CURVE ( 'NONE', #2868, #883, #3976, .T. ) ;
#9745 = DIRECTION ( 'NONE',  ( 0.5773502691896279515, -0.5773502691896238437, 0.5773502691896255090 ) ) ;
#9746 = PLANE ( 'NONE',  #233 ) ;
#9747 = EDGE_CURVE ( 'NONE', #9417, #1687, #4535, .T. ) ;
#9748 = CARTESIAN_POINT ( 'NONE',  ( 3.290000000000000036, 3.299999999999999822, 0.1000000000000008105 ) ) ;
#9749 = EDGE_LOOP ( 'NONE', ( #4561, #6947, #5125, #10872 ) ) ;
#9750 = VECTOR ( 'NONE', #2367, 1000.000000000000000 ) ;
#9751 = DIRECTION ( 'NONE',  ( -1.000000000000000000, 2.082970027439319880E-16, -0.0000000000000000000 ) ) ;
#9752 = VERTEX_POINT ( 'NONE', #9398 ) ;
#9753 = ORIENTED_EDGE ( 'NONE', *, *, #92, .F. ) ;
#9754 = ORIENTED_EDGE ( 'NONE', *, *, #6759, .T. ) ;
#9755 = CARTESIAN_POINT ( 'NONE',  ( 3.290000000000000036, -3.250000000000000444, 0.05000000000000080075 ) ) ;
#9756 = AXIS2_PLACEMENT_3D ( 'NONE', #11468, #10448, #6935 ) ;
#9757 = LINE ( 'NONE', #4409, #11564 ) ;
#9758 = ORIENTED_EDGE ( 'NONE', *, *, #8748, .F. ) ;
#9759 = EDGE_CURVE ( 'NONE', #10624, #6852, #6168, .T. ) ;
#9760 = DIRECTION ( 'NONE',  ( -1.000000000000000000, 0.0000000000000000000, 0.0000000000000000000 ) ) ;
#9761 = VECTOR ( 'NONE', #2352, 1000.000000000000000 ) ;
#9762 = LINE ( 'NONE', #2395, #4204 ) ;
#9763 = EDGE_LOOP ( 'NONE', ( #4338, #11067, #6533, #4541 ) ) ;
#9764 = PLANE ( 'NONE',  #9735 ) ;
#9765 = ADVANCED_FACE ( 'NONE', ( #11727 ), #10965, .T. ) ;
#9766 = ORIENTED_EDGE ( 'NONE', *, *, #4600, .F. ) ;
#9767 = VECTOR ( 'NONE', #3424, 1000.000000000000000 ) ;
#9768 = CIRCLE ( 'NONE', #2943, 0.02000000000000005246 ) ;
#9769 = LINE ( 'NONE', #5260, #859 ) ;
#9770 = CARTESIAN_POINT ( 'NONE',  ( 4.745000000000000995, 2.500000000000000000, 0.2999999999999999889 ) ) ;
#9771 = DIRECTION ( 'NONE',  ( -0.0000000000000000000, -8.915067114227699459E-17, 1.000000000000000000 ) ) ;
#9772 = LINE ( 'NONE', #3476, #11483 ) ;
#9773 = ORIENTED_EDGE ( 'NONE', *, *, #11267, .F. ) ;
#9774 = DIRECTION ( 'NONE',  ( 0.0000000000000000000, 0.0000000000000000000, -1.000000000000000000 ) ) ;
#9775 = CARTESIAN_POINT ( 'NONE',  ( 0.7650000000000000133, -3.299999999999999822, 0.1000000000000007827 ) ) ;
#9776 = VECTOR ( 'NONE', #11453, 1000.000000000000000 ) ;
#9777 = AXIS2_PLACEMENT_3D ( 'NONE', #7968, #3463, #7078 ) ;
#9778 = VECTOR ( 'NONE', #9592, 1000.000000000000000 ) ;
#9779 = CARTESIAN_POINT ( 'NONE',  ( 2.134999999999999787, -0.8649999999999999911, 4.900000000000000355 ) ) ;
#9780 = CARTESIAN_POINT ( 'NONE',  ( -2.874999999999999112, 2.499999999999998668, 0.2999999999999999889 ) ) ;
#9781 = EDGE_LOOP ( 'NONE', ( #2889, #9694, #11731, #241 ) ) ;
#9782 = ORIENTED_EDGE ( 'NONE', *, *, #5998, .F. ) ;
#9783 = CARTESIAN_POINT ( 'NONE',  ( 1.774999999999999911, -3.299999999999999378, 0.1000000000000010048 ) ) ;
#9784 = AXIS2_PLACEMENT_3D ( 'NONE', #5619, #7220, #1037 ) ;
#9785 =( GEOMETRIC_REPRESENTATION_CONTEXT ( 3 ) GLOBAL_UNCERTAINTY_ASSIGNED_CONTEXT ( ( #7528 ) ) GLOBAL_UNIT_ASSIGNED_CONTEXT ( ( #8954, #3531, #1746 ) ) REPRESENTATION_CONTEXT ( 'NONE', 'WORKASPACE' ) );
#9786 = AXIS2_PLACEMENT_3D ( 'NONE', #4145, #1525, #3259 ) ;
#9787 = CARTESIAN_POINT ( 'NONE',  ( 9.449999999999999289, 2.500000000000000000, 5.200000000000001066 ) ) ;
#9788 = ORIENTED_EDGE ( 'NONE', *, *, #11149, .F. ) ;
#9789 = LINE ( 'NONE', #5333, #3911 ) ;
#9790 = FACE_OUTER_BOUND ( 'NONE', #8412, .T. ) ;
#9791 = LINE ( 'NONE', #29, #8128 ) ;
#9792 = EDGE_LOOP ( 'NONE', ( #8201, #8695, #2643, #132 ) ) ;
#9793 = EDGE_CURVE ( 'NONE', #7280, #3351, #1867, .T. ) ;
#9794 = EDGE_CURVE ( 'NONE', #1289, #1528, #4029, .T. ) ;
#9795 = ORIENTED_EDGE ( 'NONE', *, *, #7032, .F. ) ;
#9796 = ORIENTED_EDGE ( 'NONE', *, *, #6440, .T. ) ;
#9797 = VECTOR ( 'NONE', #1585, 1000.000000000000000 ) ;
#9798 = VECTOR ( 'NONE', #8179, 1000.000000000000000 ) ;
#9799 = PLANE ( 'NONE',  #887 ) ;
#9800 = DIRECTION ( 'NONE',  ( 0.0000000000000000000, -1.000000000000000000, 0.0000000000000000000 ) ) ;
#9801 = ORIENTED_EDGE ( 'NONE', *, *, #5132, .T. ) ;
#9802 = DIRECTION ( 'NONE',  ( 1.000000000000000000, -0.0000000000000000000, -2.099659365964729900E-16 ) ) ;
#9803 = LINE ( 'NONE', #9978, #9403 ) ;
#9804 = CARTESIAN_POINT ( 'NONE',  ( 2.944999999999999840, -0.8850000000000000089, 0.4800000000000009814 ) ) ;
#9805 = ORIENTED_EDGE ( 'NONE', *, *, #8135, .F. ) ;
#9806 = EDGE_CURVE ( 'NONE', #312, #7284, #3334, .T. ) ;
#9807 = VECTOR ( 'NONE', #4790, 1000.000000000000000 ) ;
#9808 = EDGE_CURVE ( 'NONE', #2530, #10040, #5110, .T. ) ;
#9809 = ORIENTED_EDGE ( 'NONE', *, *, #2946, .T. ) ;
#9810 = DIRECTION ( 'NONE',  ( -2.349678358995040167E-16, 1.000000000000000000, 0.0000000000000000000 ) ) ;
#9811 = EDGE_LOOP ( 'NONE', ( #8090, #3947, #327, #2514 ) ) ;
#9812 = DIRECTION ( 'NONE',  ( 0.5773502691896224004, -0.5773502691896273964, 0.5773502691896273964 ) ) ;
#9813 = CARTESIAN_POINT ( 'NONE',  ( 0.4050000000000000266, 0.4049999999999998046, 0.4800000000000010369 ) ) ;
#9814 = CIRCLE ( 'NONE', #7918, 0.02000000000000005246 ) ;
#9815 = DIRECTION ( 'NONE',  ( 0.0000000000000000000, 0.7071067811865460184, 0.7071067811865489050 ) ) ;
#9816 = DIRECTION ( 'NONE',  ( 1.000000000000000000, -0.0000000000000000000, 0.0000000000000000000 ) ) ;
#9817 = VERTEX_POINT ( 'NONE', #1542 ) ;
#9818 = EDGE_CURVE ( 'NONE', #6304, #7858, #1359, .T. ) ;
#9819 = FACE_OUTER_BOUND ( 'NONE', #4149, .T. ) ;
#9820 = FILL_AREA_STYLE ('',( #1553 ) ) ;
#9821 = VERTEX_POINT ( 'NONE', #8616 ) ;
#9822 = CYLINDRICAL_SURFACE ( 'NONE', #4464, 0.02000000000000005246 ) ;
#9823 = EDGE_CURVE ( 'NONE', #7893, #10814, #8687, .T. ) ;
#9824 = VECTOR ( 'NONE', #555, 999.9999999999998863 ) ;
#9825 = ORIENTED_EDGE ( 'NONE', *, *, #1802, .F. ) ;
#9826 = LINE ( 'NONE', #954, #9262 ) ;
#9827 = DIRECTION ( 'NONE',  ( -1.000000000000000000, -1.665334536937729880E-16, 0.0000000000000000000 ) ) ;
#9828 = PRESENTATION_STYLE_ASSIGNMENT (( #1624 ) ) ;
#9829 = AXIS2_PLACEMENT_3D ( 'NONE', #10471, #6567, #7076 ) ;
#9830 = EDGE_CURVE ( 'NONE', #9281, #10892, #4284, .T. ) ;
#9831 = CARTESIAN_POINT ( 'NONE',  ( 4.445000000000000284, -3.299999999999999822, 0.2300000000000010092 ) ) ;
#9832 = DIRECTION ( 'NONE',  ( 0.0000000000000000000, -1.000000000000000000, -0.0000000000000000000 ) ) ;
#9833 = EDGE_CURVE ( 'NONE', #6814, #5128, #10746, .T. ) ;
#9834 = CARTESIAN_POINT ( 'NONE',  ( 0.4550000000000000155, 3.250000000000000444, 2.564999999999999947 ) ) ;
#9835 = FILL_AREA_STYLE_COLOUR ( '', #8714 ) ;
#9836 = VERTEX_POINT ( 'NONE', #10645 ) ;
#9837 = FACE_OUTER_BOUND ( 'NONE', #2662, .T. ) ;
#9838 = DIRECTION ( 'NONE',  ( -1.000000000000000000, 2.082970027439319880E-16, 1.156280642033610094E-31 ) ) ;
#9839 = VECTOR ( 'NONE', #6560, 1000.000000000000000 ) ;
#9840 = DIRECTION ( 'NONE',  ( -0.0000000000000000000, -1.000000000000000000, -0.0000000000000000000 ) ) ;
#9841 = LINE ( 'NONE', #4318, #2708 ) ;
#9842 = EDGE_LOOP ( 'NONE', ( #9152, #11520, #2725, #4491 ) ) ;
#9843 = ORIENTED_EDGE ( 'NONE', *, *, #4152, .T. ) ;
#9844 = MECHANICAL_DESIGN_GEOMETRIC_PRESENTATION_REPRESENTATION (  '', ( #5483 ), #2249 ) ;
#9845 = LINE ( 'NONE', #861, #6843 ) ;
#9846 = ORIENTED_EDGE ( 'NONE', *, *, #10164, .F. ) ;
#9847 = LINE ( 'NONE', #7946, #8091 ) ;
#9848 = CARTESIAN_POINT ( 'NONE',  ( -4.675000000000000711, -0.8850000000000000089, 0.4600000000000010747 ) ) ;
#9849 = CARTESIAN_POINT ( 'NONE',  ( 0.8149999999999999467, 3.250000000000000444, 2.564999999999999947 ) ) ;
#9850 = EDGE_LOOP ( 'NONE', ( #10963, #3622, #10774, #4586 ) ) ;
#9851 = DIRECTION ( 'NONE',  ( -1.953503796022424979E-47, 1.000000000000000000, -9.303908184768099600E-32 ) ) ;
#9852 = EDGE_LOOP ( 'NONE', ( #9376, #3681, #10918, #6726 ) ) ;
#9853 = CARTESIAN_POINT ( 'NONE',  ( 3.405000000000000249, 0.8850000000000000089, 0.4800000000000009814 ) ) ;
#9854 = CARTESIAN_POINT ( 'NONE',  ( 2.205000000000000071, 5.806605777328229749E-16, 0.2999999999999999889 ) ) ;
#9855 = EDGE_CURVE ( 'NONE', #8810, #11715, #7069, .T. ) ;
#9856 = CARTESIAN_POINT ( 'NONE',  ( 5.485000000000000320, 0.8850000000000000089, 0.4600000000000009637 ) ) ;
#9857 = LINE ( 'NONE', #6407, #3446 ) ;
#9858 = ORIENTED_EDGE ( 'NONE', *, *, #9493, .F. ) ;
#9859 = CARTESIAN_POINT ( 'NONE',  ( -4.745000000000000107, 2.500000000000000000, 0.5999999999999999778 ) ) ;
#9860 = VERTEX_POINT ( 'NONE', #5231 ) ;
#9861 = LINE ( 'NONE', #707, #4956 ) ;
#9862 = ORIENTED_EDGE ( 'NONE', *, *, #11213, .F. ) ;
#9863 = PLANE ( 'NONE',  #7533 ) ;
#9864 = FACE_OUTER_BOUND ( 'NONE', #7002, .T. ) ;
#9865 = ADVANCED_FACE ( 'NONE', ( #4448 ), #2733, .F. ) ;
#9866 = DIRECTION ( 'NONE',  ( 1.000000000000000000, 2.091314696702029574E-16, -2.091314696702020699E-16 ) ) ;
#9867 = EDGE_CURVE ( 'NONE', #148, #7957, #1776, .T. ) ;
#9868 = LINE ( 'NONE', #5413, #2424 ) ;
#9869 = EDGE_CURVE ( 'NONE', #4708, #2755, #1718, .T. ) ;
#9870 = EDGE_LOOP ( 'NONE', ( #6129, #333, #4754, #8857 ) ) ;
#9871 = VECTOR ( 'NONE', #8605, 1000.000000000000000 ) ;
#9872 = DIRECTION ( 'NONE',  ( 0.0000000000000000000, -0.7071067811865461294, -0.7071067811865490160 ) ) ;
#9873 = EDGE_LOOP ( 'NONE', ( #6109, #11666, #713, #5038 ) ) ;
#9874 = ORIENTED_EDGE ( 'NONE', *, *, #8349, .F. ) ;
#9875 = DIRECTION ( 'NONE',  ( 0.0000000000000000000, 1.000000000000000000, 0.0000000000000000000 ) ) ;
#9876 = ORIENTED_EDGE ( 'NONE', *, *, #7697, .T. ) ;
#9877 = CARTESIAN_POINT ( 'NONE',  ( -1.675000000000000044, 0.8850000000000000089, 0.4600000000000010747 ) ) ;
#9878 = DIRECTION ( 'NONE',  ( 1.000000000000000000, 0.0000000000000000000, -0.0000000000000000000 ) ) ;
#9879 = ORIENTED_EDGE ( 'NONE', *, *, #2706, .F. ) ;
#9880 = ADVANCED_FACE ( 'NONE', ( #2620 ), #8133, .T. ) ;
#9881 = VECTOR ( 'NONE', #198, 1000.000000000000000 ) ;
#9882 = LINE ( 'NONE', #1912, #1760 ) ;
#9883 = VECTOR ( 'NONE', #340, 1000.000000000000000 ) ;
#9884 = ORIENTED_EDGE ( 'NONE', *, *, #5887, .T. ) ;
#9885 = EDGE_CURVE ( 'NONE', #9252, #46, #11702, .T. ) ;
#9886 = VERTEX_POINT ( 'NONE', #934 ) ;
#9887 = CARTESIAN_POINT ( 'NONE',  ( -4.675000000000000711, 0.8850000000000000089, 0.4800000000000009814 ) ) ;
#9888 = DIRECTION ( 'NONE',  ( 1.180114444483200076E-18, 0.7071067811865490160, 0.7071067811865461294 ) ) ;
#9889 = CARTESIAN_POINT ( 'NONE',  ( -8.600000000002909317, -1.650000000040749981, 4.799999999999998934 ) ) ;
#9890 = AXIS2_PLACEMENT_3D ( 'NONE', #11151, #3006, #7570 ) ;
#9891 = CARTESIAN_POINT ( 'NONE',  ( 3.405000000000000249, -0.8649999999999999911, 4.799999999999999822 ) ) ;
#9892 = CARTESIAN_POINT ( 'NONE',  ( 3.405000000000000249, -0.8649999999999997691, 0.4800000000000009814 ) ) ;
#9893 = ORIENTED_EDGE ( 'NONE', *, *, #2260, .T. ) ;
#9894 = DIRECTION ( 'NONE',  ( 2.082970027439319880E-16, -1.000000000000000000, 6.123233995736769734E-17 ) ) ;
#9895 = DIRECTION ( 'NONE',  ( -1.000000000000000000, 2.082970027439319880E-16, 1.156280642033610094E-31 ) ) ;
#9896 = ADVANCED_FACE ( 'NONE', ( #8875 ), #7961, .T. ) ;
#9897 = DIRECTION ( 'NONE',  ( 0.0000000000000000000, -1.000000000000000000, -8.915067114227699459E-17 ) ) ;
#9898 = CARTESIAN_POINT ( 'NONE',  ( -2.084999999999999964, -3.250000000000000444, 2.564999999999999947 ) ) ;
#9899 = VERTEX_POINT ( 'NONE', #10210 ) ;
#9900 = VECTOR ( 'NONE', #1683, 1000.000000000000114 ) ;
#9901 = EDGE_CURVE ( 'NONE', #7637, #4383, #6410, .T. ) ;
#9902 = VECTOR ( 'NONE', #2622, 1000.000000000000000 ) ;
#9903 = CARTESIAN_POINT ( 'NONE',  ( -4.315000000000000391, -0.5050000000000001155, 4.900000000000000355 ) ) ;
#9904 = DIRECTION ( 'NONE',  ( -1.000000000000000000, -0.0000000000000000000, -0.0000000000000000000 ) ) ;
#9905 = DIRECTION ( 'NONE',  ( 1.000000000000000000, -0.0000000000000000000, 0.0000000000000000000 ) ) ;
#9906 = ORIENTED_EDGE ( 'NONE', *, *, #190, .F. ) ;
#9907 = DIRECTION ( 'NONE',  ( 1.000000000000000000, -2.082970027439319880E-16, -1.156280642033610094E-31 ) ) ;
#9908 = CARTESIAN_POINT ( 'NONE',  ( 3.044999999999999929, 0.6350000000000000089, 4.900000000000000355 ) ) ;
#9909 = DIRECTION ( 'NONE',  ( 0.0000000000000000000, 0.7071067811865460184, 0.7071067811865489050 ) ) ;
#9910 = VERTEX_POINT ( 'NONE', #7362 ) ;
#9911 = VECTOR ( 'NONE', #6426, 1000.000000000000000 ) ;
#9912 = LINE ( 'NONE', #5282, #5701 ) ;
#9913 = ORIENTED_EDGE ( 'NONE', *, *, #627, .F. ) ;
#9914 = ORIENTED_EDGE ( 'NONE', *, *, #4189, .F. ) ;
#9915 = CARTESIAN_POINT ( 'NONE',  ( 4.214999999999999858, -3.200000000000000178, 4.900000000000000355 ) ) ;
#9916 = EDGE_CURVE ( 'NONE', #2585, #2252, #209, .T. ) ;
#9917 = VECTOR ( 'NONE', #7337, 1000.000000000000000 ) ;
#9918 = PLANE ( 'NONE',  #7489 ) ;
#9919 = LINE ( 'NONE', #9042, #1800 ) ;
#9920 = DIRECTION ( 'NONE',  ( 1.000000000000000000, 0.0000000000000000000, -0.0000000000000000000 ) ) ;
#9921 = ORIENTED_EDGE ( 'NONE', *, *, #3354, .F. ) ;
#9922 = DIRECTION ( 'NONE',  ( 1.000000000000000000, -2.082970027439319880E-16, -1.156280642033610094E-31 ) ) ;
#9923 = EDGE_LOOP ( 'NONE', ( #5364, #7260, #2078, #9337 ) ) ;
#9924 = PRESENTATION_LAYER_ASSIGNMENT (  '', '', ( #9538 ) ) ;
#9925 = DIRECTION ( 'NONE',  ( -0.5773502691896224004, -0.5773502691896273964, 0.5773502691896273964 ) ) ;
#9926 = DIRECTION ( 'NONE',  ( 0.0000000000000000000, 0.7071067811865460184, 0.7071067811865489050 ) ) ;
#9927 = DIRECTION ( 'NONE',  ( 0.0000000000000000000, 1.000000000000000000, 0.0000000000000000000 ) ) ;
#9928 = DIRECTION ( 'NONE',  ( 1.000000000000000000, 0.0000000000000000000, -2.099659365964729900E-16 ) ) ;
#9929 = ORIENTED_EDGE ( 'NONE', *, *, #9720, .T. ) ;
#9930 = VECTOR ( 'NONE', #7908, 1000.000000000000000 ) ;
#9931 = DIRECTION ( 'NONE',  ( -0.5773502691896212902, -0.5773502691896280625, -0.5773502691896280625 ) ) ;
#9932 = EDGE_LOOP ( 'NONE', ( #1217, #396, #3965, #7929 ) ) ;
#9933 = EDGE_LOOP ( 'NONE', ( #3870, #7256, #8804, #829 ) ) ;
#9934 = DIRECTION ( 'NONE',  ( 1.953503796022424979E-47, -1.000000000000000000, 9.303908184768099600E-32 ) ) ;
#9935 = EDGE_CURVE ( 'NONE', #5360, #39, #6513, .T. ) ;
#9936 =( NAMED_UNIT ( * ) PLANE_ANGLE_UNIT ( ) SI_UNIT ( $, .RADIAN. ) );
#9937 = VERTEX_POINT ( 'NONE', #6459 ) ;
#9938 = EDGE_CURVE ( 'NONE', #1669, #2750, #10996, .T. ) ;
#9939 = SURFACE_STYLE_FILL_AREA ( #4592 ) ;
#9940 = EDGE_CURVE ( 'NONE', #8941, #6003, #2586, .T. ) ;
#9941 = CARTESIAN_POINT ( 'NONE',  ( 4.575000000000000178, -0.7649999999999994582, 4.900000000000000355 ) ) ;
#9942 = VECTOR ( 'NONE', #7833, 1000.000000000000000 ) ;
#9943 = FACE_OUTER_BOUND ( 'NONE', #3327, .T. ) ;
#9944 = ORIENTED_EDGE ( 'NONE', *, *, #11073, .F. ) ;
#9945 = ORIENTED_EDGE ( 'NONE', *, *, #11324, .T. ) ;
#9946 = CARTESIAN_POINT ( 'NONE',  ( 4.445000000000000284, -2.500000000000000000, 0.5999999999999999778 ) ) ;
#9947 = LINE ( 'NONE', #6433, #6361 ) ;
#9948 = DIRECTION ( 'NONE',  ( -1.953503796022424979E-47, -1.000000000000000000, -9.303908184768099600E-32 ) ) ;
#9949 = CARTESIAN_POINT ( 'NONE',  ( 4.445000000000000284, -0.5050000000000000044, 4.900000000000000355 ) ) ;
#9950 = ORIENTED_EDGE ( 'NONE', *, *, #5462, .F. ) ;
#9951 = CARTESIAN_POINT ( 'NONE',  ( -4.144999999999999574, -2.500000000000000000, 0.2999999999999999889 ) ) ;
#9952 = DIRECTION ( 'NONE',  ( 0.5773502691896252870, 0.5773502691896247319, -0.5773502691896271743 ) ) ;
#9953 = DIRECTION ( 'NONE',  ( 0.0000000000000000000, -1.000000000000000000, -8.915067114227699459E-17 ) ) ;
#9954 = DIRECTION ( 'NONE',  ( 0.0000000000000000000, 1.000000000000000000, -0.0000000000000000000 ) ) ;
#9955 = VERTEX_POINT ( 'NONE', #2064 ) ;
#9956 = AXIS2_PLACEMENT_3D ( 'NONE', #3361, #2406, #8840 ) ;
#9957 = VECTOR ( 'NONE', #3152, 1000.000000000000000 ) ;
#9958 = ORIENTED_EDGE ( 'NONE', *, *, #10942, .T. ) ;
#9959 = DIRECTION ( 'NONE',  ( 0.7071067811865461294, -0.0000000000000000000, 0.7071067811865490160 ) ) ;
#9960 = CARTESIAN_POINT ( 'NONE',  ( -3.045000000000000373, 3.299999999999999378, 0.1000000000000009770 ) ) ;
#9961 = ORIENTED_EDGE ( 'NONE', *, *, #527, .T. ) ;
#9962 = CARTESIAN_POINT ( 'NONE',  ( -1.905000000000000027, -2.500000000000000000, 0.5999999999999999778 ) ) ;
#9963 = VECTOR ( 'NONE', #5838, 1000.000000000000000 ) ;
#9964 = VECTOR ( 'NONE', #11449, 1000.000000000000000 ) ;
#9965 = CARTESIAN_POINT ( 'NONE',  ( -1.905000000000000027, -0.8850000000000000089, 0.4800000000000009814 ) ) ;
#9966 = VERTEX_POINT ( 'NONE', #10037 ) ;
#9968 = VECTOR ( 'NONE', #1506, 1000.000000000000000 ) ;
#9967 = DIRECTION ( 'NONE',  ( 0.7071067811865489050, 0.0000000000000000000, 0.7071067811865460184 ) ) ;
#9969 = ADVANCED_FACE ( 'NONE', ( #5690 ), #10090, .T. ) ;
#9970 = DIRECTION ( 'NONE',  ( 0.0000000000000000000, 0.0000000000000000000, -1.000000000000000000 ) ) ;
#9971 = DIRECTION ( 'NONE',  ( 0.0000000000000000000, 0.0000000000000000000, 1.000000000000000000 ) ) ;
#9972 = DIRECTION ( 'NONE',  ( 0.0000000000000000000, 0.0000000000000000000, -1.000000000000000000 ) ) ;
#9973 = VECTOR ( 'NONE', #1088, 1000.000000000000000 ) ;
#9974 =( GEOMETRIC_REPRESENTATION_CONTEXT ( 3 ) GLOBAL_UNCERTAINTY_ASSIGNED_CONTEXT ( ( #6806 ) ) GLOBAL_UNIT_ASSIGNED_CONTEXT ( ( #2090, #8510, #7557 ) ) REPRESENTATION_CONTEXT ( 'NONE', 'WORKASPACE' ) );
#9975 = VECTOR ( 'NONE', #9495, 1000.000000000000000 ) ;
#9976 = DIRECTION ( 'NONE',  ( 0.0000000000000000000, -1.000000000000000000, -0.0000000000000000000 ) ) ;
#9977 = EDGE_CURVE ( 'NONE', #197, #2882, #1946, .T. ) ;
#9978 = CARTESIAN_POINT ( 'NONE',  ( 3.475000000000000089, -2.500000000000000000, 0.2999999999999999889 ) ) ;
#9979 = ORIENTED_EDGE ( 'NONE', *, *, #9456, .F. ) ;
#9980 = ADVANCED_FACE ( 'NONE', ( #9274 ), #40, .F. ) ;
#9981 = CARTESIAN_POINT ( 'NONE',  ( 5.945000000000000284, -3.200000000000000178, 7.632783294297948257E-16 ) ) ;
#9982 = AXIS2_PLACEMENT_3D ( 'NONE', #4568, #2798, #9216 ) ;
#9983 = VECTOR ( 'NONE', #8236, 1000.000000000000000 ) ;
#9984 = ORIENTED_EDGE ( 'NONE', *, *, #376, .T. ) ;
#9985 = DIRECTION ( 'NONE',  ( 0.0000000000000000000, -1.000000000000000000, 0.0000000000000000000 ) ) ;
#9986 = ORIENTED_EDGE ( 'NONE', *, *, #1699, .T. ) ;
#9987 = LINE ( 'NONE', #4454, #3370 ) ;
#9988 = DIRECTION ( 'NONE',  ( -0.7071067811865441310, 0.7071067811865510144, 4.329780281177489848E-17 ) ) ;
#9989 = DIRECTION ( 'NONE',  ( 0.0000000000000000000, -0.7071067811865489050, -0.7071067811865460184 ) ) ;
#9990 = EDGE_LOOP ( 'NONE', ( #8735, #463, #8916, #6873 ) ) ;
#9991 = AXIS2_PLACEMENT_3D ( 'NONE', #7516, #3780, #1150 ) ;
#9992 = EDGE_CURVE ( 'NONE', #10062, #20, #8311, .T. ) ;
#9993 = CARTESIAN_POINT ( 'NONE',  ( 5.584999999999999964, 0.6350000000000000089, 4.900000000000000355 ) ) ;
#9994 = DIRECTION ( 'NONE',  ( 0.0000000000000000000, 0.0000000000000000000, 1.000000000000000000 ) ) ;
#9995 = ORIENTED_EDGE ( 'NONE', *, *, #1876, .F. ) ;
#9996 = ORIENTED_EDGE ( 'NONE', *, *, #11135, .F. ) ;
#9997 = DIRECTION ( 'NONE',  ( 1.665334536937729880E-16, -1.000000000000000000, 0.0000000000000000000 ) ) ;
#9998 = VERTEX_POINT ( 'NONE', #156 ) ;
#9999 = LINE ( 'NONE', #2696, #594 ) ;
#10000 = ORIENTED_EDGE ( 'NONE', *, *, #1246, .F. ) ;
#10001 = PLANE ( 'NONE',  #999 ) ;
#10002 = VERTEX_POINT ( 'NONE', #3793 ) ;
#10003 = VERTEX_POINT ( 'NONE', #7416 ) ;
#10004 = ADVANCED_FACE ( 'NONE', ( #5749 ), #9383, .T. ) ;
#10005 = EDGE_CURVE ( 'NONE', #10500, #2326, #7638, .T. ) ;
#10006 = AXIS2_PLACEMENT_3D ( 'NONE', #7303, #8319, #1898 ) ;
#10007 = CARTESIAN_POINT ( 'NONE',  ( -1.675000000000000044, -0.4049999999999994160, 4.799999999999999822 ) ) ;
#10008 = ORIENTED_EDGE ( 'NONE', *, *, #4557, .F. ) ;
#10009 = LINE ( 'NONE', #6490, #10738 ) ;
#10010 = CARTESIAN_POINT ( 'NONE',  ( -5.584999999999999964, 3.299999999999999378, 0.3600000000000012079 ) ) ;
#10011 = PLANE ( 'NONE',  #2206 ) ;
#10012 =( NAMED_UNIT ( * ) SI_UNIT ( $, .STERADIAN. ) SOLID_ANGLE_UNIT ( ) );
#10013 = ORIENTED_EDGE ( 'NONE', *, *, #6289, .T. ) ;
#10014 = CLOSED_SHELL ( 'NONE', ( #5815, #7318, #2276, #1949, #4820, #10991, #1536, #4321, #10017, #3985, #8689, #8508, #10931, #10426, #2621, #3356, #926, #3971 ) ) ;
#10015 = EDGE_CURVE ( 'NONE', #2902, #7893, #3257, .T. ) ;
#10016 = EDGE_LOOP ( 'NONE', ( #5119, #8759, #3830, #2910 ) ) ;
#10017 = ADVANCED_FACE ( 'NONE', ( #9442 ), #1402, .F. ) ;
#10018 = ADVANCED_FACE ( 'NONE', ( #2298 ), #2241, .T. ) ;
#10019 = DIRECTION ( 'NONE',  ( -1.000000000000000000, 0.0000000000000000000, -0.0000000000000000000 ) ) ;
#10020 = DIRECTION ( 'NONE',  ( 2.099659365964729900E-16, 9.303908184768099600E-32, 1.000000000000000000 ) ) ;
#10021 = VERTEX_POINT ( 'NONE', #5809 ) ;
#10022 = CARTESIAN_POINT ( 'NONE',  ( 3.354999999999999982, 0.7500000000000000000, 4.850000000000000533 ) ) ;
#10023 = VECTOR ( 'NONE', #5677, 1000.000000000000000 ) ;
#10024 = DIRECTION ( 'NONE',  ( -1.000000000000000000, -0.0000000000000000000, 0.0000000000000000000 ) ) ;
#10025 = DIRECTION ( 'NONE',  ( -1.000000000000000000, -2.082970027439319880E-16, 1.156280642033610094E-31 ) ) ;
#10026 = ORIENTED_EDGE ( 'NONE', *, *, #444, .T. ) ;
#10027 = DIRECTION ( 'NONE',  ( -0.5773502691896279515, 0.5773502691896221783, 0.5773502691896271743 ) ) ;
#10028 = ORIENTED_EDGE ( 'NONE', *, *, #6773, .T. ) ;
#10029 = ORIENTED_EDGE ( 'NONE', *, *, #8811, .F. ) ;
#10030 = ADVANCED_FACE ( 'NONE', ( #329 ), #2423, .T. ) ;
#10031 = LINE ( 'NONE', #10935, #9006 ) ;
#10032 = VECTOR ( 'NONE', #6011, 1000.000000000000000 ) ;
#10033 = EDGE_CURVE ( 'NONE', #5694, #7439, #2776, .T. ) ;
#10034 = CARTESIAN_POINT ( 'NONE',  ( 4.315000000000000391, 3.299999999999999822, 0.3600000000000010414 ) ) ;
#10035 = CARTESIAN_POINT ( 'NONE',  ( 2.944999999999999840, -0.4050000000000000266, 0.4600000000000011857 ) ) ;
#10036 = ORIENTED_EDGE ( 'NONE', *, *, #10628, .T. ) ;
#10037 = CARTESIAN_POINT ( 'NONE',  ( -0.8649999999999999911, -0.8850000000000000089, 0.4600000000000010747 ) ) ;
#10038 = CARTESIAN_POINT ( 'NONE',  ( 6.014999999999999680, 5.806605777328229749E-16, 0.2999999999999999889 ) ) ;
#10039 = VECTOR ( 'NONE', #10775, 1000.000000000000000 ) ;
#10040 = VERTEX_POINT ( 'NONE', #2358 ) ;
#10041 = CARTESIAN_POINT ( 'NONE',  ( -1.675000000000000044, -0.4050000000000000266, 4.900000000000000355 ) ) ;
#10042 = VERTEX_POINT ( 'NONE', #1282 ) ;
#10043 = DIRECTION ( 'NONE',  ( 0.0000000000000000000, 1.000000000000000000, 0.0000000000000000000 ) ) ;
#10044 = ADVANCED_FACE ( 'NONE', ( #383 ), #4016, .T. ) ;
#10045 = CARTESIAN_POINT ( 'NONE',  ( 0.8149999999999999467, 0.7500000000000000000, 4.850000000000000533 ) ) ;
#10046 = EDGE_CURVE ( 'NONE', #10215, #7916, #8730, .T. ) ;
#10047 = ORIENTED_EDGE ( 'NONE', *, *, #8979, .T. ) ;
#10048 = EDGE_CURVE ( 'NONE', #3037, #4314, #7702, .T. ) ;
#10049 = DIRECTION ( 'NONE',  ( 0.0000000000000000000, 1.000000000000000000, 0.0000000000000000000 ) ) ;
#10050 = ORIENTED_EDGE ( 'NONE', *, *, #6504, .T. ) ;
#10051 = ORIENTED_EDGE ( 'NONE', *, *, #1623, .F. ) ;
#10052 = CARTESIAN_POINT ( 'NONE',  ( -2.134999999999999787, 0.8649999999999999911, 4.900000000000000355 ) ) ;
#10053 = PLANE ( 'NONE',  #10231 ) ;
#10054 = ORIENTED_EDGE ( 'NONE', *, *, #4164, .T. ) ;
#10055 = DIRECTION ( 'NONE',  ( 0.0000000000000000000, 0.0000000000000000000, -1.000000000000000000 ) ) ;
#10056 = ADVANCED_FACE ( 'NONE', ( #6689 ), #6934, .T. ) ;
#10057 = PLANE ( 'NONE',  #2145 ) ;
#10058 = ORIENTED_EDGE ( 'NONE', *, *, #10493, .F. ) ;
#10059 = ORIENTED_EDGE ( 'NONE', *, *, #5327, .F. ) ;
#10060 = SURFACE_SIDE_STYLE ('',( #3644 ) ) ;
#10061 =( NAMED_UNIT ( * ) SI_UNIT ( $, .STERADIAN. ) SOLID_ANGLE_UNIT ( ) );
#10062 = VERTEX_POINT ( 'NONE', #3140 ) ;
#10063 = PLANE ( 'NONE',  #7498 ) ;
#10064 = VECTOR ( 'NONE', #10328, 1000.000000000000000 ) ;
#10065 = CARTESIAN_POINT ( 'NONE',  ( 0.8649999999999999911, 3.200000000000000178, 4.900000000000000355 ) ) ;
#10066 = CARTESIAN_POINT ( 'NONE',  ( 4.214999999999999858, 0.8650000000000001021, 4.799999999999999822 ) ) ;
#10067 = EDGE_CURVE ( 'NONE', #3529, #6949, #6752, .T. ) ;
#10068 = ORIENTED_EDGE ( 'NONE', *, *, #8382, .T. ) ;
#10069 = VECTOR ( 'NONE', #8552, 1000.000000000000114 ) ;
#10070 = DIRECTION ( 'NONE',  ( 0.0000000000000000000, 0.0000000000000000000, 1.000000000000000000 ) ) ;
#10071 = LINE ( 'NONE', #5727, #7607 ) ;
#10072 = VERTEX_POINT ( 'NONE', #3194 ) ;
#10073 = DIRECTION ( 'NONE',  ( -0.5773502691896282846, 0.5773502691896207351, 0.5773502691896282846 ) ) ;
#10074 = LINE ( 'NONE', #6216, #9393 ) ;
#10075 = CARTESIAN_POINT ( 'NONE',  ( -5.599999999999999645, 3.299999999999999822, 0.1000000000000008105 ) ) ;
#10076 = ORIENTED_EDGE ( 'NONE', *, *, #7991, .F. ) ;
#10077 = CARTESIAN_POINT ( 'NONE',  ( -5.599999999999999645, 3.250000000000000444, 0.05000000000000080075 ) ) ;
#10078 = FACE_OUTER_BOUND ( 'NONE', #7450, .T. ) ;
#10079 = EDGE_CURVE ( 'NONE', #5858, #5404, #4201, .T. ) ;
#10080 = AXIS2_PLACEMENT_3D ( 'NONE', #305, #9523, #9586 ) ;
#10081 = CARTESIAN_POINT ( 'NONE',  ( -3.174999999999999822, -0.6350000000000000089, 4.900000000000000355 ) ) ;
#10082 = EDGE_CURVE ( 'NONE', #9860, #2644, #4144, .T. ) ;
#10083 = CIRCLE ( 'NONE', #4394, 0.02000000000000005246 ) ;
#10084 = ORIENTED_EDGE ( 'NONE', *, *, #557, .T. ) ;
#10085 = DIRECTION ( 'NONE',  ( -1.000000000000000000, -2.082970027439319880E-16, 1.156280642033610094E-31 ) ) ;
#10086 = PLANE ( 'NONE',  #10898 ) ;
#10087 = LINE ( 'NONE', #1943, #7473 ) ;
#10088 = CARTESIAN_POINT ( 'NONE',  ( -1.790000000000000036, -0.4550000000000000155, 4.850000000000000533 ) ) ;
#10089 = EDGE_LOOP ( 'NONE', ( #10013, #9801, #2520, #8602 ) ) ;
#10090 = PLANE ( 'NONE',  #8650 ) ;
#10091 = CARTESIAN_POINT ( 'NONE',  ( -1.675000000000000044, 0.8850000000000000089, 0.4800000000000009814 ) ) ;
#10092 = CARTESIAN_POINT ( 'NONE',  ( 5.485000000000000320, -0.8850000000000000089, 0.4800000000000009814 ) ) ;
#10093 = ORIENTED_EDGE ( 'NONE', *, *, #9117, .F. ) ;
#10094 = EDGE_CURVE ( 'NONE', #4107, #2639, #11408, .T. ) ;
#10095 = DIRECTION ( 'NONE',  ( 0.0000000000000000000, 8.915067114227699459E-17, 1.000000000000000000 ) ) ;
#10096 = ORIENTED_EDGE ( 'NONE', *, *, #7062, .F. ) ;
#10097 = FACE_OUTER_BOUND ( 'NONE', #1911, .T. ) ;
#10098 = AXIS2_PLACEMENT_3D ( 'NONE', #1604, #8933, #3507 ) ;
#10099 = DIRECTION ( 'NONE',  ( 1.275451288411719683E-32, -6.123233995736769734E-17, -1.000000000000000000 ) ) ;
#10100 = DIRECTION ( 'NONE',  ( 0.0000000000000000000, -0.7071067811865489050, -0.7071067811865460184 ) ) ;
#10101 = ORIENTED_EDGE ( 'NONE', *, *, #3119, .F. ) ;
#10102 = ADVANCED_FACE ( 'NONE', ( #8482 ), #7586, .F. ) ;
#10103 =( GEOMETRIC_REPRESENTATION_CONTEXT ( 3 ) GLOBAL_UNCERTAINTY_ASSIGNED_CONTEXT ( ( #11343 ) ) GLOBAL_UNIT_ASSIGNED_CONTEXT ( ( #7449, #1979, #10012 ) ) REPRESENTATION_CONTEXT ( 'NONE', 'WORKASPACE' ) );
#10104 = VERTEX_POINT ( 'NONE', #2718 ) ;
#10105 = FILL_AREA_STYLE ('',( #5591 ) ) ;
#10106 = ORIENTED_EDGE ( 'NONE', *, *, #36, .F. ) ;
#10107 = EDGE_CURVE ( 'NONE', #921, #7892, #9847, .T. ) ;
#10108 = DIRECTION ( 'NONE',  ( 0.5773502691896280625, -0.5773502691896212902, 0.5773502691896280625 ) ) ;
#10109 = ORIENTED_EDGE ( 'NONE', *, *, #1983, .T. ) ;
#10110 = LINE ( 'NONE', #6369, #7088 ) ;
#10111 = ORIENTED_EDGE ( 'NONE', *, *, #8494, .F. ) ;
#10112 = AXIS2_PLACEMENT_3D ( 'NONE', #7495, #174, #6534 ) ;
#10113 = ORIENTED_EDGE ( 'NONE', *, *, #8334, .T. ) ;
#10114 = DIRECTION ( 'NONE',  ( 0.0000000000000000000, 1.000000000000000000, -0.0000000000000000000 ) ) ;
#10115 = EDGE_CURVE ( 'NONE', #700, #10500, #9028, .T. ) ;
#10116 = CARTESIAN_POINT ( 'NONE',  ( 0.7500000000000000000, 0.4550000000000000155, 4.850000000000000533 ) ) ;
#10117 = SURFACE_SIDE_STYLE ('',( #3877 ) ) ;
#10118 = ORIENTED_EDGE ( 'NONE', *, *, #1938, .F. ) ;
#10119 = DIRECTION ( 'NONE',  ( 0.5773502691896267303, 0.5773502691896242878, 0.5773502691896262862 ) ) ;
#10120 = VECTOR ( 'NONE', #3744, 1000.000000000000000 ) ;
#10121 = EDGE_CURVE ( 'NONE', #9203, #3086, #8917, .T. ) ;
#10122 = CARTESIAN_POINT ( 'NONE',  ( 1.675000000000000044, -0.4050000000000000266, 0.4600000000000011857 ) ) ;
#10123 = CARTESIAN_POINT ( 'NONE',  ( -1.774999999999999911, 0.7650000000000000133, 4.899999999999999467 ) ) ;
#10124 = DIRECTION ( 'NONE',  ( -1.000000000000000000, 0.0000000000000000000, 2.099659365964729900E-16 ) ) ;
#10125 = AXIS2_PLACEMENT_3D ( 'NONE', #2973, #11355, #6818 ) ;
#10126 = FACE_OUTER_BOUND ( 'NONE', #613, .T. ) ;
#10127 = LINE ( 'NONE', #1984, #4654 ) ;
#10128 = DIRECTION ( 'NONE',  ( -0.7071067811865461294, 0.0000000000000000000, 0.7071067811865490160 ) ) ;
#10129 = CARTESIAN_POINT ( 'NONE',  ( -2.134999999999999787, -3.200000000000000178, 0.4600000000000010192 ) ) ;
#10130 = LINE ( 'NONE', #4840, #5213 ) ;
#10131 = CARTESIAN_POINT ( 'NONE',  ( -3.045000000000000373, -0.7649999999999995692, 4.900000000000000355 ) ) ;
#10132 = VERTEX_POINT ( 'NONE', #10631 ) ;
#10133 = DIRECTION ( 'NONE',  ( -0.0000000000000000000, -0.0000000000000000000, 1.000000000000000000 ) ) ;
#10134 = DIRECTION ( 'NONE',  ( 0.5773502691896279515, -0.5773502691896238437, -0.5773502691896255090 ) ) ;
#10135 = VECTOR ( 'NONE', #9091, 1000.000000000000000 ) ;
#10136 = AXIS2_PLACEMENT_3D ( 'NONE', #1311, #5951, #11316 ) ;
#10137 = CARTESIAN_POINT ( 'NONE',  ( 4.675000000000000711, 0.8850000000000000089, 7.632783294297950229E-16 ) ) ;
#10138 = ORIENTED_EDGE ( 'NONE', *, *, #5373, .F. ) ;
#10139 = LINE ( 'NONE', #3074, #2219 ) ;
#10140 = CARTESIAN_POINT ( 'NONE',  ( -0.8649999999999999911, 3.200000000000000178, 0.4600000000000010192 ) ) ;
#10141 = LINE ( 'NONE', #2061, #7288 ) ;
#10142 = UNCERTAINTY_MEASURE_WITH_UNIT (LENGTH_MEASURE( 1.000000000000000082E-05 ), #2458, 'distance_accuracy_value', 'NONE');
#10143 = COLOUR_RGB ( '',0.6980392156862744724, 0.5490196078431373028, 0.003921568627450980338 ) ;
#10144 = ADVANCED_FACE ( 'NONE', ( #6269 ), #5212, .F. ) ;
#10145 = VECTOR ( 'NONE', #6357, 1000.000000000000000 ) ;
#10146 = PLANE ( 'NONE',  #5892 ) ;
#10147 = ORIENTED_EDGE ( 'NONE', *, *, #5801, .T. ) ;
#10148 = EDGE_CURVE ( 'NONE', #4508, #3552, #10691, .T. ) ;
#10149 = CARTESIAN_POINT ( 'NONE',  ( -2.944999999999999840, 0.8850000000000000089, 0.4800000000000009814 ) ) ;
#10150 = DIRECTION ( 'NONE',  ( 0.7071067811865461294, 0.7071067811865490160, 4.329780281177481220E-17 ) ) ;
#10151 = FACE_OUTER_BOUND ( 'NONE', #8698, .T. ) ;
#10152 = VERTEX_POINT ( 'NONE', #10808 ) ;
#10153 = LINE ( 'NONE', #5472, #6484 ) ;
#10154 = ORIENTED_EDGE ( 'NONE', *, *, #11398, .T. ) ;
#10155 = AXIS2_PLACEMENT_3D ( 'NONE', #6082, #8905, #848 ) ;
#10156 = AXIS2_PLACEMENT_3D ( 'NONE', #5063, #3875, #7855 ) ;
#10157 = DIRECTION ( 'NONE',  ( -1.000000000000000000, 0.0000000000000000000, -0.0000000000000000000 ) ) ;
#10158 = VECTOR ( 'NONE', #7761, 1000.000000000000000 ) ;
#10159 = LINE ( 'NONE', #9284, #7269 ) ;
#10160 = ADVANCED_FACE ( 'NONE', ( #6325 ), #5389, .T. ) ;
#10161 = CARTESIAN_POINT ( 'NONE',  ( 2.134999999999999787, -3.200000000000000178, 0.4600000000000010192 ) ) ;
#10162 = CARTESIAN_POINT ( 'NONE',  ( 0.7500000000000000000, -3.299999999999999822, 0.1000000000000008105 ) ) ;
#10163 = ORIENTED_EDGE ( 'NONE', *, *, #10411, .F. ) ;
#10164 = EDGE_CURVE ( 'NONE', #5360, #11262, #9789, .T. ) ;
#10165 = AXIS2_PLACEMENT_3D ( 'NONE', #11108, #9329, #3906 ) ;
#10166 = AXIS2_PLACEMENT_3D ( 'NONE', #11211, #5141, #8778 ) ;
#10167 = ORIENTED_EDGE ( 'NONE', *, *, #1249, .F. ) ;
#10168 =( NAMED_UNIT ( * ) SI_UNIT ( $, .STERADIAN. ) SOLID_ANGLE_UNIT ( ) );
#10169 = LINE ( 'NONE', #5652, #11754 ) ;
#10170 = VERTEX_POINT ( 'NONE', #804 ) ;
#10171 = CARTESIAN_POINT ( 'NONE',  ( 3.174999999999999822, 0.6350000000000000089, 4.900000000000000355 ) ) ;
#10172 = ORIENTED_EDGE ( 'NONE', *, *, #2082, .T. ) ;
#10173 = LINE ( 'NONE', #4649, #10300 ) ;
#10174 = AXIS2_PLACEMENT_3D ( 'NONE', #440, #11346, #9674 ) ;
#10175 = PRESENTATION_LAYER_ASSIGNMENT (  '', '', ( #9048 ) ) ;
#10176 = EDGE_CURVE ( 'NONE', #4641, #3783, #106, .T. ) ;
#10177 = EDGE_LOOP ( 'NONE', ( #11585, #11323, #4294, #8462 ) ) ;
#10178 = EDGE_CURVE ( 'NONE', #5414, #7599, #5278, .T. ) ;
#10179 = CARTESIAN_POINT ( 'NONE',  ( 4.745000000000000107, -2.500000000000000000, 0.2999999999999999889 ) ) ;
#10180 = SURFACE_STYLE_USAGE ( .BOTH. , #10060 ) ;
#10181 = DIRECTION ( 'NONE',  ( 1.000000000000000000, -0.0000000000000000000, 0.0000000000000000000 ) ) ;
#10182 = ORIENTED_EDGE ( 'NONE', *, *, #6650, .T. ) ;
#10183 = DIRECTION ( 'NONE',  ( 1.953503796022424979E-47, -1.000000000000000000, 9.303908184768099600E-32 ) ) ;
#10184 = DIRECTION ( 'NONE',  ( -1.000000000000000000, -0.0000000000000000000, -0.0000000000000000000 ) ) ;
#10185 = LINE ( 'NONE', #6550, #6755 ) ;
#10186 = FILL_AREA_STYLE ('',( #8461 ) ) ;
#10187 = EDGE_CURVE ( 'NONE', #9737, #7655, #9728, .T. ) ;
#10188 = AXIS2_PLACEMENT_3D ( 'NONE', #3202, #5222, #6817 ) ;
#10189 = EDGE_LOOP ( 'NONE', ( #6482, #742, #3711, #5714 ) ) ;
#10190 = EDGE_CURVE ( 'NONE', #39, #10601, #4431, .T. ) ;
#10191 = LINE ( 'NONE', #9253, #7882 ) ;
#10192 = DIRECTION ( 'NONE',  ( -1.129587379705449996E-16, 1.000000000000000000, 0.0000000000000000000 ) ) ;
#10193 = ORIENTED_EDGE ( 'NONE', *, *, #9794, .T. ) ;
#10194 = DIRECTION ( 'NONE',  ( 0.0000000000000000000, 1.000000000000000000, 0.0000000000000000000 ) ) ;
#10195 = FACE_OUTER_BOUND ( 'NONE', #3059, .T. ) ;
#10196 = PLANE ( 'NONE',  #1098 ) ;
#10197 = ORIENTED_EDGE ( 'NONE', *, *, #9060, .F. ) ;
#10198 = LINE ( 'NONE', #2053, #4296 ) ;
#10199 = CARTESIAN_POINT ( 'NONE',  ( -5.945000000000000284, 3.200000000000000178, 4.900000000000000355 ) ) ;
#10200 = FACE_OUTER_BOUND ( 'NONE', #1731, .T. ) ;
#10201 = ORIENTED_EDGE ( 'NONE', *, *, #3992, .T. ) ;
#10202 = LINE ( 'NONE', #5685, #3737 ) ;
#10203 = EDGE_CURVE ( 'NONE', #1017, #10897, #2968, .T. ) ;
#10204 = CARTESIAN_POINT ( 'NONE',  ( 1.905000000000000027, -0.8850000000000000089, 0.4800000000000009814 ) ) ;
#10205 = DIRECTION ( 'NONE',  ( 1.000000000000000000, 0.0000000000000000000, -0.0000000000000000000 ) ) ;
#10206 = DIRECTION ( 'NONE',  ( 1.000000000000000000, 0.0000000000000000000, 0.0000000000000000000 ) ) ;
#10207 = CLOSED_SHELL ( 'NONE', ( #6895, #10144, #9865, #10474, #11616, #4449, #1368, #10634, #1380, #11097, #8403, #1621, #7564, #726, #2859, #4946, #8550, #1591 ) ) ;
#10208 = LINE ( 'NONE', #2906, #5339 ) ;
#10209 = ORIENTED_EDGE ( 'NONE', *, *, #2898, .F. ) ;
#10210 = CARTESIAN_POINT ( 'NONE',  ( -1.604999999999999982, 2.499999999999998668, 0.2999999999999999889 ) ) ;
#10211 = DIRECTION ( 'NONE',  ( 1.000000000000000000, 2.082970027439319880E-16, -1.156280642033610094E-31 ) ) ;
#10212 = CARTESIAN_POINT ( 'NONE',  ( 0.3349999999999998535, -2.500000000000000000, 0.2999999999999999889 ) ) ;
#10213 = ORIENTED_EDGE ( 'NONE', *, *, #4571, .T. ) ;
#10214 = PLANE ( 'NONE',  #605 ) ;
#10215 = VERTEX_POINT ( 'NONE', #8793 ) ;
#10216 = AXIS2_PLACEMENT_3D ( 'NONE', #11451, #10561, #2407 ) ;
#10217 = FACE_OUTER_BOUND ( 'NONE', #1602, .T. ) ;
#10218 = CARTESIAN_POINT ( 'NONE',  ( 5.844999999999999751, 0.7650000000000000133, 4.900000000000000355 ) ) ;
#10219 = EDGE_CURVE ( 'NONE', #1758, #4772, #4379, .T. ) ;
#10220 = ORIENTED_EDGE ( 'NONE', *, *, #11154, .T. ) ;
#10221 = CARTESIAN_POINT ( 'NONE',  ( 2.612972599797700035E-15, -2.500000000000000000, 0.2999999999999999889 ) ) ;
#10222 = DIRECTION ( 'NONE',  ( 1.665334536937729880E-16, -1.000000000000000000, 0.0000000000000000000 ) ) ;
#10223 = ORIENTED_EDGE ( 'NONE', *, *, #2645, .T. ) ;
#10224 = PRESENTATION_LAYER_ASSIGNMENT (  '', '', ( #5483 ) ) ;
#10225 = ORIENTED_EDGE ( 'NONE', *, *, #6687, .F. ) ;
#10226 = DIRECTION ( 'NONE',  ( 1.000000000000000000, 0.0000000000000000000, -2.099659365964729900E-16 ) ) ;
#10227 = PLANE ( 'NONE',  #9295 ) ;
#10228 = EDGE_LOOP ( 'NONE', ( #8432, #6705, #10026, #5747, #2922, #5136, #3095, #1519 ) ) ;
#10229 = CARTESIAN_POINT ( 'NONE',  ( 1.774999999999999911, 0.5050000000000003375, 4.900000000000000355 ) ) ;
#10230 = EDGE_CURVE ( 'NONE', #584, #46, #8003, .T. ) ;
#10231 = AXIS2_PLACEMENT_3D ( 'NONE', #5539, #4083, #7490 ) ;
#10232 = ORIENTED_EDGE ( 'NONE', *, *, #7952, .T. ) ;
#10233 = EDGE_LOOP ( 'NONE', ( #5482, #3669, #11489, #599, #10453, #6268, #332, #2035 ) ) ;
#10234 = CARTESIAN_POINT ( 'NONE',  ( -2.944999999999999840, -3.200000000000000178, 7.632783294297948257E-16 ) ) ;
#10235 =( NAMED_UNIT ( * ) PLANE_ANGLE_UNIT ( ) SI_UNIT ( $, .RADIAN. ) );
#10236 = CARTESIAN_POINT ( 'NONE',  ( 2.612972599797700035E-15, 5.806605777328229749E-16, 0.2999999999999999889 ) ) ;
#10237 = LINE ( 'NONE', #240, #7376 ) ;
#10238 = EDGE_CURVE ( 'NONE', #1905, #312, #3491, .T. ) ;
#10239 = ORIENTED_EDGE ( 'NONE', *, *, #3275, .F. ) ;
#10240 = LINE ( 'NONE', #2095, #1219 ) ;
#10241 = CARTESIAN_POINT ( 'NONE',  ( -5.844999999999999751, 0.5050000000000003375, 4.900000000000000355 ) ) ;
#10242 = CARTESIAN_POINT ( 'NONE',  ( 0.4050000000000000266, -0.8850000000000000089, 0.4600000000000010747 ) ) ;
#10243 = DIRECTION ( 'NONE',  ( -0.5773502691896224004, -0.5773502691896273964, 0.5773502691896273964 ) ) ;
#10244 = EDGE_CURVE ( 'NONE', #2750, #10611, #7169, .T. ) ;
#10245 = ORIENTED_EDGE ( 'NONE', *, *, #7034, .F. ) ;
#10246 = DIRECTION ( 'NONE',  ( 0.0000000000000000000, 0.0000000000000000000, 1.000000000000000000 ) ) ;
#10247 = CIRCLE ( 'NONE', #6823, 0.4800000000000000933 ) ;
#10248 = CARTESIAN_POINT ( 'NONE',  ( 9.000000000002911449, 2.050000000040750781, 5.200000000000000178 ) ) ;
#10249 = DIRECTION ( 'NONE',  ( 0.0000000000000000000, -8.915067114227699459E-17, -1.000000000000000000 ) ) ;
#10250 = ORIENTED_EDGE ( 'NONE', *, *, #8807, .F. ) ;
#10251 = DIRECTION ( 'NONE',  ( -2.099659365964729900E-16, 9.303908184768099600E-32, -1.000000000000000000 ) ) ;
#10252 = DIRECTION ( 'NONE',  ( -0.7071067811865461294, 0.7071067811865490160, -4.329780281177481220E-17 ) ) ;
#10253 = CARTESIAN_POINT ( 'NONE',  ( 5.945000000000000284, -0.4050000000000000266, 4.900000000000000355 ) ) ;
#10254 = EDGE_CURVE ( 'NONE', #2874, #2240, #4492, .T. ) ;
#10255 = DIRECTION ( 'NONE',  ( 0.0000000000000000000, 0.7071067811865460184, 0.7071067811865489050 ) ) ;
#10256 = DIRECTION ( 'NONE',  ( 0.0000000000000000000, -1.000000000000000000, 0.0000000000000000000 ) ) ;
#10257 = EDGE_CURVE ( 'NONE', #1854, #9417, #7511, .T. ) ;
#10258 = EDGE_LOOP ( 'NONE', ( #9906, #11541, #10821, #3939 ) ) ;
#10259 = DIRECTION ( 'NONE',  ( -0.5773502691896280625, -0.5773502691896210681, -0.5773502691896280625 ) ) ;
#10260 = DIRECTION ( 'NONE',  ( -0.5773502691896300609, -0.5773502691896227335, 0.5773502691896246208 ) ) ;
#10261 = VECTOR ( 'NONE', #3306, 1000.000000000000000 ) ;
#10262 = VECTOR ( 'NONE', #10876, 1000.000000000000000 ) ;
#10263 = ORIENTED_EDGE ( 'NONE', *, *, #6172, .T. ) ;
#10264 = LINE ( 'NONE', #2176, #10903 ) ;
#10265 = UNCERTAINTY_MEASURE_WITH_UNIT (LENGTH_MEASURE( 1.000000000000000082E-05 ), #8164, 'distance_accuracy_value', 'NONE');
#10266 = DIRECTION ( 'NONE',  ( 1.000000000000000000, 0.0000000000000000000, -2.099659365964729900E-16 ) ) ;
#10267 = VERTEX_POINT ( 'NONE', #3890 ) ;
#10268 = DIRECTION ( 'NONE',  ( -2.099659365964729900E-16, -9.303908184768099600E-32, -1.000000000000000000 ) ) ;
#10269 = CARTESIAN_POINT ( 'NONE',  ( 2.220446049250309925E-15, 2.500000000000000000, 5.200000000000001066 ) ) ;
#10270 = CARTESIAN_POINT ( 'NONE',  ( 5.945000000000000284, 0.8649999999999999911, 8.673617379884035472E-16 ) ) ;
#10271 = ADVANCED_FACE ( 'NONE', ( #140 ), #11153, .T. ) ;
#10272 = VECTOR ( 'NONE', #5387, 1000.000000000000000 ) ;
#10273 = ORIENTED_EDGE ( 'NONE', *, *, #2260, .F. ) ;
#10274 = ADVANCED_FACE ( 'NONE', ( #3717 ), #8350, .T. ) ;
#10275 = CARTESIAN_POINT ( 'NONE',  ( 1.549551830515630224E-15, 1.650000000020374724, 4.799999999979624121 ) ) ;
#10276 = ORIENTED_EDGE ( 'NONE', *, *, #9683, .F. ) ;
#10277 = CARTESIAN_POINT ( 'NONE',  ( -0.8650000000000001021, -0.8649999999999999911, 4.799999999999999822 ) ) ;
#10278 = LINE ( 'NONE', #4808, #6508 ) ;
#10279 = VERTEX_POINT ( 'NONE', #6499 ) ;
#10280 = AXIS2_PLACEMENT_3D ( 'NONE', #135, #7390, #2884 ) ;
#10281 = LINE ( 'NONE', #7430, #7876 ) ;
#10282 = LINE ( 'NONE', #6642, #9883 ) ;
#10283 = VERTEX_POINT ( 'NONE', #3831 ) ;
#10284 = ORIENTED_EDGE ( 'NONE', *, *, #11154, .F. ) ;
#10285 = DIRECTION ( 'NONE',  ( -0.7071067811865510144, -0.7071067811865441310, 0.0000000000000000000 ) ) ;
#10286 = ORIENTED_EDGE ( 'NONE', *, *, #4138, .F. ) ;
#10287 = VECTOR ( 'NONE', #9235, 1000.000000000000000 ) ;
#10288 = DIRECTION ( 'NONE',  ( 0.0000000000000000000, 8.915067114227699459E-17, 1.000000000000000000 ) ) ;
#10289 = ORIENTED_EDGE ( 'NONE', *, *, #8139, .T. ) ;
#10290 = VECTOR ( 'NONE', #940, 1000.000000000000000 ) ;
#10291 = DIRECTION ( 'NONE',  ( 0.0000000000000000000, 0.7071067811865460184, 0.7071067811865489050 ) ) ;
#10292 = EDGE_LOOP ( 'NONE', ( #1600, #10111, #2236, #1185 ) ) ;
#10293 = EDGE_CURVE ( 'NONE', #9447, #7295, #5435, .T. ) ;
#10294 = DIRECTION ( 'NONE',  ( -0.0000000000000000000, -1.000000000000000000, -0.0000000000000000000 ) ) ;
#10295 = EDGE_CURVE ( 'NONE', #11187, #6949, #194, .T. ) ;
#10296 = FACE_OUTER_BOUND ( 'NONE', #93, .T. ) ;
#10297 = LINE ( 'NONE', #3876, #9386 ) ;
#10298 = LINE ( 'NONE', #1259, #2178 ) ;
#10299 = DIRECTION ( 'NONE',  ( -1.000000000000000000, 0.0000000000000000000, 2.099659365964729900E-16 ) ) ;
#10300 = VECTOR ( 'NONE', #6480, 1000.000000000000000 ) ;
#10301 = PLANE ( 'NONE',  #7080 ) ;
#10302 = EDGE_CURVE ( 'NONE', #4525, #10697, #6394, .T. ) ;
#10303 = AXIS2_PLACEMENT_3D ( 'NONE', #8935, #2444, #6233 ) ;
#10304 = DIRECTION ( 'NONE',  ( 1.000000000000000000, 6.454785026888259984E-17, 0.0000000000000000000 ) ) ;
#10305 = ORIENTED_EDGE ( 'NONE', *, *, #10115, .F. ) ;
#10306 = EDGE_CURVE ( 'NONE', #3647, #6420, #10981, .T. ) ;
#10307 = CARTESIAN_POINT ( 'NONE',  ( 4.675000000000000711, -0.8649999999999999911, 4.900000000000000355 ) ) ;
#10308 = CARTESIAN_POINT ( 'NONE',  ( 1.675000000000000044, -0.4050000000000000266, 8.673617379884035472E-16 ) ) ;
#10309 = FACE_OUTER_BOUND ( 'NONE', #1906, .T. ) ;
#10310 = ORIENTED_EDGE ( 'NONE', *, *, #7183, .T. ) ;
#10311 = DIRECTION ( 'NONE',  ( 0.0000000000000000000, -1.000000000000000000, 0.0000000000000000000 ) ) ;
#10312 = CARTESIAN_POINT ( 'NONE',  ( 6.014999999999999680, 2.499999999999999112, 0.2999999999999999889 ) ) ;
#10313 = FACE_OUTER_BOUND ( 'NONE', #2551, .T. ) ;
#10314 = ORIENTED_EDGE ( 'NONE', *, *, #8186, .F. ) ;
#10315 = CARTESIAN_POINT ( 'NONE',  ( -5.844999999999999751, -0.7650000000000000133, 4.900000000000000355 ) ) ;
#10316 = AXIS2_PLACEMENT_3D ( 'NONE', #7581, #2116, #5740 ) ;
#10317 = FACE_OUTER_BOUND ( 'NONE', #10403, .T. ) ;
#10318 = ORIENTED_EDGE ( 'NONE', *, *, #5683, .T. ) ;
#10319 = EDGE_CURVE ( 'NONE', #9966, #1202, #5624, .T. ) ;
#10320 = PLANE ( 'NONE',  #6334 ) ;
#10321 = DIRECTION ( 'NONE',  ( 1.000000000000000000, 2.091314696702029574E-16, -2.091314696702020699E-16 ) ) ;
#10322 = EDGE_LOOP ( 'NONE', ( #8929, #2094, #11772, #8677 ) ) ;
#10323 = EDGE_CURVE ( 'NONE', #5368, #5479, #7455, .T. ) ;
#10324 = DIRECTION ( 'NONE',  ( -1.000000000000000000, 0.0000000000000000000, -0.0000000000000000000 ) ) ;
#10325 = VECTOR ( 'NONE', #2033, 1000.000000000000114 ) ;
#10326 = LINE ( 'NONE', #8604, #1627 ) ;
#10327 = CARTESIAN_POINT ( 'NONE',  ( -1.605000000000000204, -2.499999999999999556, 0.2999999999999999889 ) ) ;
#10328 = DIRECTION ( 'NONE',  ( -1.000000000000000000, 0.0000000000000000000, -0.0000000000000000000 ) ) ;
#10329 = ORIENTED_EDGE ( 'NONE', *, *, #5514, .T. ) ;
#10330 = ORIENTED_EDGE ( 'NONE', *, *, #5549, .T. ) ;
#10331 = LINE ( 'NONE', #8373, #1657 ) ;
#10332 = EDGE_LOOP ( 'NONE', ( #8031, #5162, #6643, #6531 ) ) ;
#10333 = AXIS2_PLACEMENT_3D ( 'NONE', #5563, #751, #4380 ) ;
#10334 = ADVANCED_FACE ( 'NONE', ( #4674 ), #5562, .T. ) ;
#10335 = VECTOR ( 'NONE', #7851, 1000.000000000000000 ) ;
#10336 = ORIENTED_EDGE ( 'NONE', *, *, #3366, .T. ) ;
#10337 = LINE ( 'NONE', #2076, #9957 ) ;
#10338 = CARTESIAN_POINT ( 'NONE',  ( -1.604999999999999982, -2.500000000000000000, 0.2999999999999999889 ) ) ;
#10339 = ORIENTED_EDGE ( 'NONE', *, *, #5146, .F. ) ;
#10340 = EDGE_CURVE ( 'NONE', #11289, #11274, #10921, .T. ) ;
#10341 = DIRECTION ( 'NONE',  ( 1.000000000000000000, -0.0000000000000000000, 0.0000000000000000000 ) ) ;
#10342 = EDGE_LOOP ( 'NONE', ( #5352, #5631, #6498, #7531 ) ) ;
#10343 = DIRECTION ( 'NONE',  ( -0.7071067811865441310, 0.7071067811865510144, 4.329780281177489848E-17 ) ) ;
#10344 = AXIS2_PLACEMENT_3D ( 'NONE', #1268, #10563, #7748 ) ;
#10345 = VECTOR ( 'NONE', #9712, 1000.000000000000000 ) ;
#10346 = VERTEX_POINT ( 'NONE', #27 ) ;
#10347 = AXIS2_PLACEMENT_3D ( 'NONE', #608, #5074, #5135 ) ;
#10348 = DIRECTION ( 'NONE',  ( -0.7071067811865461294, 0.0000000000000000000, -0.7071067811865490160 ) ) ;
#10349 = VERTEX_POINT ( 'NONE', #1882 ) ;
#10350 = FILL_AREA_STYLE ('',( #5053 ) ) ;
#10351 = FACE_OUTER_BOUND ( 'NONE', #3695, .T. ) ;
#10352 = ORIENTED_EDGE ( 'NONE', *, *, #1665, .T. ) ;
#10353 = VECTOR ( 'NONE', #6199, 1000.000000000000000 ) ;
#10354 = VECTOR ( 'NONE', #1025, 1000.000000000000000 ) ;
#10355 = CIRCLE ( 'NONE', #8454, 0.4800000000000000933 ) ;
#10356 = ORIENTED_EDGE ( 'NONE', *, *, #1325, .T. ) ;
#10357 = LINE ( 'NONE', #8247, #8238 ) ;
#10358 = LINE ( 'NONE', #6657, #10937 ) ;
#10359 = FACE_OUTER_BOUND ( 'NONE', #10446, .T. ) ;
#10360 = LINE ( 'NONE', #3227, #8914 ) ;
#10361 = ORIENTED_EDGE ( 'NONE', *, *, #8831, .F. ) ;
#10362 = CARTESIAN_POINT ( 'NONE',  ( -2.944999999999999840, 0.8850000000000000089, 8.131516293641283255E-16 ) ) ;
#10363 = DIRECTION ( 'NONE',  ( 1.000000000000000000, 2.082970027439319880E-16, 0.0000000000000000000 ) ) ;
#10364 = AXIS2_PLACEMENT_3D ( 'NONE', #318, #3071, #2900 ) ;
#10365 = MECHANICAL_DESIGN_GEOMETRIC_PRESENTATION_REPRESENTATION (  '', ( #9048 ), #1063 ) ;
#10366 = ADVANCED_FACE ( 'NONE', ( #3660 ), #252, .F. ) ;
#10367 = ORIENTED_EDGE ( 'NONE', *, *, #8212, .T. ) ;
#10368 = VECTOR ( 'NONE', #3247, 1000.000000000000000 ) ;
#10369 = CARTESIAN_POINT ( 'NONE',  ( -5.584999999999999964, -0.6350000000000000089, 4.900000000000000355 ) ) ;
#10370 = DIRECTION ( 'NONE',  ( 1.000000000000000000, 2.091314696702029574E-16, -2.091314696702020699E-16 ) ) ;
#10371 = CARTESIAN_POINT ( 'NONE',  ( -2.020000000000000018, -0.7649999999999994582, 4.900000000000000355 ) ) ;
#10372 = ORIENTED_EDGE ( 'NONE', *, *, #8125, .F. ) ;
#10373 = DIRECTION ( 'NONE',  ( -1.000000000000000000, 0.0000000000000000000, 2.099659365964729900E-16 ) ) ;
#10374 = DIRECTION ( 'NONE',  ( -1.000000000000000000, 2.082970027439319880E-16, 1.156280642033610094E-31 ) ) ;
#10375 = DIRECTION ( 'NONE',  ( -0.0000000000000000000, -0.0000000000000000000, 1.000000000000000000 ) ) ;
#10376 = ORIENTED_EDGE ( 'NONE', *, *, #9225, .T. ) ;
#10377 = DIRECTION ( 'NONE',  ( -0.0000000000000000000, 1.000000000000000000, 0.0000000000000000000 ) ) ;
#10378 = LINE ( 'NONE', #4955, #3070 ) ;
#10379 = CARTESIAN_POINT ( 'NONE',  ( 1.774999999999999911, 3.299999999999999378, 0.1000000000000009076 ) ) ;
#10380 = ORIENTED_EDGE ( 'NONE', *, *, #10612, .T. ) ;
#10381 = AXIS2_PLACEMENT_3D ( 'NONE', #10770, #10826, #9159 ) ;
#10382 = ADVANCED_FACE ( 'NONE', ( #5508 ), #922, .T. ) ;
#10383 = LINE ( 'NONE', #8478, #4437 ) ;
#10384 = EDGE_CURVE ( 'NONE', #8568, #10002, #4784, .T. ) ;
#10385 = ORIENTED_EDGE ( 'NONE', *, *, #4485, .F. ) ;
#10386 = CARTESIAN_POINT ( 'NONE',  ( -4.214999999999999858, -0.8850000000000000089, 7.632783294297950229E-16 ) ) ;
#10387 = FACE_OUTER_BOUND ( 'NONE', #3860, .T. ) ;
#10388 = ORIENTED_EDGE ( 'NONE', *, *, #11433, .F. ) ;
#10389 = AXIS2_PLACEMENT_3D ( 'NONE', #8305, #149, #5633 ) ;
#10390 = CARTESIAN_POINT ( 'NONE',  ( -0.8650000000000001021, 0.8850000000000000089, 0.4800000000000009814 ) ) ;
#10391 = DIRECTION ( 'NONE',  ( 0.0000000000000000000, -0.0000000000000000000, -1.000000000000000000 ) ) ;
#10392 = PLANE ( 'NONE',  #6640 ) ;
#10393 = ORIENTED_EDGE ( 'NONE', *, *, #4099, .F. ) ;
#10394 = EDGE_CURVE ( 'NONE', #2148, #5194, #8232, .T. ) ;
#10395 = ORIENTED_EDGE ( 'NONE', *, *, #2706, .T. ) ;
#10396 = LINE ( 'NONE', #1292, #6572 ) ;
#10397 = VERTEX_POINT ( 'NONE', #7400 ) ;
#10398 = EDGE_CURVE ( 'NONE', #2464, #2755, #5450, .T. ) ;
#10399 = CLOSED_SHELL ( 'NONE', ( #5853, #4441, #5172, #8768, #11492, #2860, #4174, #7461, #714, #7826, #4208, #6701, #9509, #9980, #10102, #1629, #1686, #473 ) ) ;
#10400 = LINE ( 'NONE', #9396, #11105 ) ;
#10401 = PLANE ( 'NONE',  #5705 ) ;
#10402 = EDGE_LOOP ( 'NONE', ( #4407, #9995, #10385, #11206 ) ) ;
#10403 = EDGE_LOOP ( 'NONE', ( #8597, #9613, #6363, #1966 ) ) ;
#10404 = CARTESIAN_POINT ( 'NONE',  ( -0.4050000000000000266, -0.4049999999999994160, 4.799999999999999822 ) ) ;
#10405 = VECTOR ( 'NONE', #2957, 1000.000000000000000 ) ;
#10406 = ORIENTED_EDGE ( 'NONE', *, *, #6184, .F. ) ;
#10407 = EDGE_CURVE ( 'NONE', #8968, #3552, #7281, .T. ) ;
#10408 = CARTESIAN_POINT ( 'NONE',  ( 0.8149999999999999467, -0.7500000000000000000, 4.850000000000000533 ) ) ;
#10409 = VERTEX_POINT ( 'NONE', #6621 ) ;
#10410 = DIRECTION ( 'NONE',  ( -0.0000000000000000000, 1.000000000000000000, 8.915067114227699459E-17 ) ) ;
#10411 = EDGE_CURVE ( 'NONE', #1528, #2988, #10987, .T. ) ;
#10412 = EDGE_CURVE ( 'NONE', #11115, #7454, #147, .T. ) ;
#10413 = ORIENTED_EDGE ( 'NONE', *, *, #5742, .F. ) ;
#10414 = MECHANICAL_DESIGN_GEOMETRIC_PRESENTATION_REPRESENTATION (  '', ( #5090 ), #7184 ) ;
#10415 = EDGE_LOOP ( 'NONE', ( #3316, #7903, #8440, #1124 ) ) ;
#10416 = DIRECTION ( 'NONE',  ( 0.7071067811865489050, 0.0000000000000000000, 0.7071067811865460184 ) ) ;
#10417 = LINE ( 'NONE', #11251, #69 ) ;
#10418 =( LENGTH_UNIT ( ) NAMED_UNIT ( * ) SI_UNIT ( .MILLI., .METRE. ) );
#10419 = EDGE_LOOP ( 'NONE', ( #9328, #11143, #4556, #7079 ) ) ;
#10420 = ADVANCED_FACE ( 'NONE', ( #1273 ), #7406, .F. ) ;
#10421 = CARTESIAN_POINT ( 'NONE',  ( -2.875000000000000000, -2.499999999999999556, 0.5999999999999999778 ) ) ;
#10422 = FACE_OUTER_BOUND ( 'NONE', #382, .T. ) ;
#10423 = ORIENTED_EDGE ( 'NONE', *, *, #6390, .T. ) ;
#10424 =( GEOMETRIC_REPRESENTATION_CONTEXT ( 3 ) GLOBAL_UNCERTAINTY_ASSIGNED_CONTEXT ( ( #4071 ) ) GLOBAL_UNIT_ASSIGNED_CONTEXT ( ( #10780, #9936, #3413 ) ) REPRESENTATION_CONTEXT ( 'NONE', 'WORKASPACE' ) );
#10425 = DIRECTION ( 'NONE',  ( 0.0000000000000000000, 0.0000000000000000000, -1.000000000000000000 ) ) ;
#10426 = ADVANCED_FACE ( 'NONE', ( #9205 ), #1156, .F. ) ;
#10427 = ORIENTED_EDGE ( 'NONE', *, *, #2427, .T. ) ;
#10428 = PLANE ( 'NONE',  #6725 ) ;
#10429 = FACE_OUTER_BOUND ( 'NONE', #5670, .T. ) ;
#10430 = ORIENTED_EDGE ( 'NONE', *, *, #3879, .T. ) ;
#10431 = PLANE ( 'NONE',  #6529 ) ;
#10432 = PLANE ( 'NONE',  #3125 ) ;
#10433 = PLANE ( 'NONE',  #7549 ) ;
#10434 = ORIENTED_EDGE ( 'NONE', *, *, #4750, .F. ) ;
#10435 = FACE_OUTER_BOUND ( 'NONE', #2803, .T. ) ;
#10436 = ADVANCED_FACE ( 'NONE', ( #1211 ), #4732, .F. ) ;
#10437 = CARTESIAN_POINT ( 'NONE',  ( -3.174999999999999822, -0.8849999999999998979, 9.757819552369539906E-16 ) ) ;
#10438 = FACE_OUTER_BOUND ( 'NONE', #5912, .T. ) ;
#10439 = DIRECTION ( 'NONE',  ( 0.0000000000000000000, 0.0000000000000000000, 1.000000000000000000 ) ) ;
#10440 = LINE ( 'NONE', #1158, #7650 ) ;
#10441 = ORIENTED_EDGE ( 'NONE', *, *, #5885, .F. ) ;
#10442 = VECTOR ( 'NONE', #42, 1000.000000000000000 ) ;
#10443 = CARTESIAN_POINT ( 'NONE',  ( -5.714999999999999858, 0.8850000000000000089, 0.4800000000000009814 ) ) ;
#10444 = CARTESIAN_POINT ( 'NONE',  ( 5.844999999999999751, 0.5050000000000001155, 4.900000000000000355 ) ) ;
#10445 = CARTESIAN_POINT ( 'NONE',  ( -1.675000000000000044, 0.8649999999999999911, 4.900000000000000355 ) ) ;
#10446 = EDGE_LOOP ( 'NONE', ( #10690, #4101, #7115, #6435 ) ) ;
#10447 = DIRECTION ( 'NONE',  ( 0.0000000000000000000, 8.915067114227699459E-17, 1.000000000000000000 ) ) ;
#10448 = DIRECTION ( 'NONE',  ( 2.082970027439319880E-16, -1.000000000000000000, 6.123233995736769734E-17 ) ) ;
#10449 = LINE ( 'NONE', #10633, #201 ) ;
#10450 = EDGE_CURVE ( 'NONE', #2980, #10215, #4847, .T. ) ;
#10451 = ADVANCED_FACE ( 'NONE', ( #5799 ), #8476, .T. ) ;
#10452 = CARTESIAN_POINT ( 'NONE',  ( -3.405000000000000249, 0.4049999999999998601, 4.799999999999999822 ) ) ;
#10453 = ORIENTED_EDGE ( 'NONE', *, *, #4084, .F. ) ;
#10454 = VECTOR ( 'NONE', #11693, 1000.000000000000000 ) ;
#10455 = VECTOR ( 'NONE', #3153, 1000.000000000000000 ) ;
#10456 = ORIENTED_EDGE ( 'NONE', *, *, #936, .T. ) ;
#10457 = CARTESIAN_POINT ( 'NONE',  ( -5.485000000000000320, -0.4049999999999999156, 4.799999999999999822 ) ) ;
#10458 = DIRECTION ( 'NONE',  ( 0.0000000000000000000, -1.000000000000000000, -0.0000000000000000000 ) ) ;
#10459 = DIRECTION ( 'NONE',  ( 0.0000000000000000000, -0.7071067811865489050, 0.7071067811865460184 ) ) ;
#10460 = EDGE_LOOP ( 'NONE', ( #2659, #9672, #7378, #11129 ) ) ;
#10461 = VECTOR ( 'NONE', #6865, 1000.000000000000000 ) ;
#10462 = ORIENTED_EDGE ( 'NONE', *, *, #9377, .T. ) ;
#10463 = ADVANCED_FACE ( 'NONE', ( #7577 ), #7522, .T. ) ;
#10464 = ORIENTED_EDGE ( 'NONE', *, *, #9747, .T. ) ;
#10465 = DIRECTION ( 'NONE',  ( 0.0000000000000000000, -0.7071067811865460184, 0.7071067811865489050 ) ) ;
#10466 = ORIENTED_EDGE ( 'NONE', *, *, #4416, .F. ) ;
#10467 = AXIS2_PLACEMENT_3D ( 'NONE', #7980, #7145, #9878 ) ;
#10468 = SURFACE_SIDE_STYLE ('',( #11369 ) ) ;
#10469 = AXIS2_PLACEMENT_3D ( 'NONE', #2007, #3909, #2066 ) ;
#10470 = DIRECTION ( 'NONE',  ( -1.000000000000000000, 0.0000000000000000000, 2.099659365964729900E-16 ) ) ;
#10471 = CARTESIAN_POINT ( 'NONE',  ( -2.944999999999999840, -0.8850000000000000089, 0.4800000000000009814 ) ) ;
#10472 = DIRECTION ( 'NONE',  ( -0.0000000000000000000, 1.000000000000000000, 8.915067114227699459E-17 ) ) ;
#10473 = VERTEX_POINT ( 'NONE', #9319 ) ;
#10474 = ADVANCED_FACE ( 'NONE', ( #10313 ), #2170, .F. ) ;
#10475 = CARTESIAN_POINT ( 'NONE',  ( -5.585000000000000853, 0.5050000000000000044, 4.899999999999999467 ) ) ;
#10476 = VERTEX_POINT ( 'NONE', #2842 ) ;
#10477 = VECTOR ( 'NONE', #956, 1000.000000000000000 ) ;
#10478 = ORIENTED_EDGE ( 'NONE', *, *, #11586, .T. ) ;
#10479 = FACE_OUTER_BOUND ( 'NONE', #4942, .T. ) ;
#10480 = EDGE_CURVE ( 'NONE', #11559, #9035, #261, .T. ) ;
#10481 = FACE_OUTER_BOUND ( 'NONE', #11599, .T. ) ;
#10482 = LINE ( 'NONE', #5889, #10032 ) ;
#10483 = CARTESIAN_POINT ( 'NONE',  ( 4.144999999999999574, -2.499999999999999556, 0.5999999999999999778 ) ) ;
#10484 = DIRECTION ( 'NONE',  ( 0.0000000000000000000, -1.000000000000000000, 0.0000000000000000000 ) ) ;
#10485 = CARTESIAN_POINT ( 'NONE',  ( -5.485000000000000320, -0.4050000000000000266, 4.799999999999999822 ) ) ;
#10486 = EDGE_LOOP ( 'NONE', ( #3819, #4297, #10657, #10807 ) ) ;
#10487 = EDGE_CURVE ( 'NONE', #4632, #2368, #3724, .T. ) ;
#10488 = CARTESIAN_POINT ( 'NONE',  ( 4.144999999999999574, 1.051876013055009967E-15, 0.5999999999999999778 ) ) ;
#10489 = DIRECTION ( 'NONE',  ( -1.000000000000000000, 0.0000000000000000000, 2.099659365964729900E-16 ) ) ;
#10490 = CARTESIAN_POINT ( 'NONE',  ( -0.6350000000000000089, -0.8849999999999998979, 9.757819552369539906E-16 ) ) ;
#10491 = ORIENTED_EDGE ( 'NONE', *, *, #10966, .F. ) ;
#10492 = DIRECTION ( 'NONE',  ( 0.0000000000000000000, 0.0000000000000000000, 1.000000000000000000 ) ) ;
#10493 = EDGE_CURVE ( 'NONE', #7136, #2668, #6506, .T. ) ;
#10494 = FACE_OUTER_BOUND ( 'NONE', #2463, .T. ) ;
#10495 = FACE_OUTER_BOUND ( 'NONE', #3584, .T. ) ;
#10496 = DIRECTION ( 'NONE',  ( 1.000000000000000000, -2.082970027439319880E-16, -1.156280642033610094E-31 ) ) ;
#10497 = VECTOR ( 'NONE', #11500, 1000.000000000000114 ) ;
#10498 = CARTESIAN_POINT ( 'NONE',  ( 1.905000000000000027, -0.8849999999999998979, 9.757819552369539906E-16 ) ) ;
#10499 = LINE ( 'NONE', #2412, #9421 ) ;
#10500 = VERTEX_POINT ( 'NONE', #6450 ) ;
#10501 = CARTESIAN_POINT ( 'NONE',  ( -0.8649999999999999911, 0.4050000000000000266, 4.900000000000000355 ) ) ;
#10502 = VERTEX_POINT ( 'NONE', #200 ) ;
#10503 = EDGE_CURVE ( 'NONE', #10584, #5350, #5569, .T. ) ;
#10504 = AXIS2_PLACEMENT_3D ( 'NONE', #6760, #3203, #7593 ) ;
#10505 = CARTESIAN_POINT ( 'NONE',  ( 2.875000000000000000, 2.500000000000000000, 0.2999999999999999889 ) ) ;
#10506 = CARTESIAN_POINT ( 'NONE',  ( 5.945000000000000284, 0.8850000000000000089, 0.4800000000000009814 ) ) ;
#10507 = ORIENTED_EDGE ( 'NONE', *, *, #4048, .F. ) ;
#10508 = DIRECTION ( 'NONE',  ( 0.0000000000000000000, 1.000000000000000000, -8.915067114227699459E-17 ) ) ;
#10509 = CARTESIAN_POINT ( 'NONE',  ( 2.612972599797700035E-15, 5.806605777328229749E-16, 0.2999999999999999889 ) ) ;
#10510 = DIRECTION ( 'NONE',  ( -2.082970027439319880E-16, -1.000000000000000000, -6.123233995736769734E-17 ) ) ;
#10511 = DIRECTION ( 'NONE',  ( 1.000000000000000000, 0.0000000000000000000, -0.0000000000000000000 ) ) ;
#10512 = ORIENTED_EDGE ( 'NONE', *, *, #4924, .T. ) ;
#10513 = VERTEX_POINT ( 'NONE', #6563 ) ;
#10514 = CARTESIAN_POINT ( 'NONE',  ( 2.944999999999999840, -0.8850000000000000089, 0.4600000000000010192 ) ) ;
#10515 = FACE_OUTER_BOUND ( 'NONE', #9781, .T. ) ;
#10516 = ORIENTED_EDGE ( 'NONE', *, *, #3132, .F. ) ;
#10517 = EDGE_CURVE ( 'NONE', #7383, #4231, #3837, .T. ) ;
#10518 = ADVANCED_FACE ( 'NONE', ( #10200 ), #2056, .F. ) ;
#10519 = DIRECTION ( 'NONE',  ( -1.000000000000000000, 0.0000000000000000000, 2.099659365964729900E-16 ) ) ;
#10520 = AXIS2_PLACEMENT_3D ( 'NONE', #9210, #3904, #4796 ) ;
#10521 = CARTESIAN_POINT ( 'NONE',  ( -3.405000000000000249, 3.200000000000000178, 0.4600000000000010192 ) ) ;
#10522 = CARTESIAN_POINT ( 'NONE',  ( 3.045000000000000373, 0.5050000000000003375, 4.900000000000000355 ) ) ;
#10523 = ORIENTED_EDGE ( 'NONE', *, *, #10187, .T. ) ;
#10524 = CARTESIAN_POINT ( 'NONE',  ( -1.790000000000000036, -3.299999999999999822, 0.1000000000000008105 ) ) ;
#10525 = LINE ( 'NONE', #8809, #9798 ) ;
#10526 = ORIENTED_EDGE ( 'NONE', *, *, #8160, .T. ) ;
#10527 = DIRECTION ( 'NONE',  ( 0.0000000000000000000, 8.915067114227699459E-17, 1.000000000000000000 ) ) ;
#10528 = VECTOR ( 'NONE', #2606, 1000.000000000000000 ) ;
#10529 = VECTOR ( 'NONE', #6835, 1000.000000000000000 ) ;
#10530 =( LENGTH_UNIT ( ) NAMED_UNIT ( * ) SI_UNIT ( .MILLI., .METRE. ) );
#10531 = CARTESIAN_POINT ( 'NONE',  ( 1.250000000000000000, 1.649999999999999911, 2.100000000000000089 ) ) ;
#10532 = ORIENTED_EDGE ( 'NONE', *, *, #4934, .T. ) ;
#10533 = EDGE_CURVE ( 'NONE', #8893, #1556, #10566, .T. ) ;
#10534 = CARTESIAN_POINT ( 'NONE',  ( 0.4050000000000000266, 0.8649999999999995470, 0.4800000000000012590 ) ) ;
#10535 = ORIENTED_EDGE ( 'NONE', *, *, #96, .F. ) ;
#10536 = FACE_OUTER_BOUND ( 'NONE', #3088, .T. ) ;
#10537 = FACE_OUTER_BOUND ( 'NONE', #4008, .T. ) ;
#10538 = VERTEX_POINT ( 'NONE', #9718 ) ;
#10539 = AXIS2_PLACEMENT_3D ( 'NONE', #4504, #2616, #7179 ) ;
#10540 = VECTOR ( 'NONE', #10642, 1000.000000000000000 ) ;
#10541 = ORIENTED_EDGE ( 'NONE', *, *, #6517, .T. ) ;
#10542 = LINE ( 'NONE', #5126, #9229 ) ;
#10543 = LINE ( 'NONE', #6897, #3818 ) ;
#10544 = VERTEX_POINT ( 'NONE', #8782 ) ;
#10545 = CARTESIAN_POINT ( 'NONE',  ( 1.675000000000000044, -0.8850000000000000089, 0.4600000000000010192 ) ) ;
#10546 = DIRECTION ( 'NONE',  ( -1.000000000000000000, -0.0000000000000000000, 0.0000000000000000000 ) ) ;
#10547 = VERTEX_POINT ( 'NONE', #9603 ) ;
#10548 = EDGE_CURVE ( 'NONE', #351, #7907, #7629, .T. ) ;
#10549 = FACE_OUTER_BOUND ( 'NONE', #232, .T. ) ;
#10550 = VECTOR ( 'NONE', #4187, 1000.000000000000000 ) ;
#10551 = VECTOR ( 'NONE', #10, 1000.000000000000000 ) ;
#10552 = CIRCLE ( 'NONE', #10938, 0.4800000000000000933 ) ;
#10553 = ADVANCED_FACE ( 'NONE', ( #10438 ), #8658, .T. ) ;
#10554 = EDGE_LOOP ( 'NONE', ( #6603, #7969, #5325, #7084 ) ) ;
#10555 = CARTESIAN_POINT ( 'NONE',  ( 3.174999999999999822, 0.8850000000000000089, 0.4800000000000009814 ) ) ;
#10556 = DIRECTION ( 'NONE',  ( 0.0000000000000000000, 1.000000000000000000, 0.0000000000000000000 ) ) ;
#10557 = ORIENTED_EDGE ( 'NONE', *, *, #4862, .F. ) ;
#10558 = VECTOR ( 'NONE', #10341, 1000.000000000000000 ) ;
#10559 = VECTOR ( 'NONE', #5423, 1000.000000000000000 ) ;
#10560 = PLANE ( 'NONE',  #5773 ) ;
#10561 = DIRECTION ( 'NONE',  ( -2.099659365964729900E-16, -9.303908184768099600E-32, -1.000000000000000000 ) ) ;
#10562 = ORIENTED_EDGE ( 'NONE', *, *, #8748, .T. ) ;
#10563 = DIRECTION ( 'NONE',  ( 1.000000000000000000, -2.082970027439319880E-16, -1.156280642033610094E-31 ) ) ;
#10564 = DIRECTION ( 'NONE',  ( 1.000000000000000000, 0.0000000000000000000, -0.0000000000000000000 ) ) ;
#10565 = ADVANCED_FACE ( 'NONE', ( #3307 ), #6029, .F. ) ;
#10566 = LINE ( 'NONE', #2287, #1445 ) ;
#10567 = CARTESIAN_POINT ( 'NONE',  ( -1.675000000000000044, 0.8850000000000000089, 7.632783294297950229E-16 ) ) ;
#10568 = ORIENTED_EDGE ( 'NONE', *, *, #5787, .F. ) ;
#10569 = CARTESIAN_POINT ( 'NONE',  ( -1.675000000000000266, -0.8849999999999998979, 8.142358315366138299E-16 ) ) ;
#10570 = DIRECTION ( 'NONE',  ( 0.0000000000000000000, 0.7071067811865461294, -0.7071067811865490160 ) ) ;
#10571 = EDGE_CURVE ( 'NONE', #7995, #5921, #10499, .T. ) ;
#10572 = EDGE_CURVE ( 'NONE', #2599, #11385, #8592, .T. ) ;
#10573 = VECTOR ( 'NONE', #3547, 1000.000000000000000 ) ;
#10574 = EDGE_LOOP ( 'NONE', ( #3889, #11701, #588, #9026 ) ) ;
#10575 = CARTESIAN_POINT ( 'NONE',  ( -2.134999999999999787, -0.4050000000000000266, 8.673617379884035472E-16 ) ) ;
#10576 = DIRECTION ( 'NONE',  ( -0.0000000000000000000, -0.0000000000000000000, 1.000000000000000000 ) ) ;
#10577 = ORIENTED_EDGE ( 'NONE', *, *, #7783, .T. ) ;
#10578 = CARTESIAN_POINT ( 'NONE',  ( -5.945000000000000284, -3.200000000000000178, 0.4600000000000011857 ) ) ;
#10579 = CARTESIAN_POINT ( 'NONE',  ( -0.7649999999999994582, -0.5200000000000000178, 4.900000000000000355 ) ) ;
#10580 = CARTESIAN_POINT ( 'NONE',  ( -5.945000000000000284, -3.200000000000000178, 4.900000000000000355 ) ) ;
#10581 = DIRECTION ( 'NONE',  ( 0.0000000000000000000, 0.0000000000000000000, -1.000000000000000000 ) ) ;
#10582 = VECTOR ( 'NONE', #1640, 1000.000000000000000 ) ;
#10583 = ORIENTED_EDGE ( 'NONE', *, *, #3907, .T. ) ;
#10584 = VERTEX_POINT ( 'NONE', #5143 ) ;
#10585 = LINE ( 'NONE', #7896, #9071 ) ;
#10586 = CARTESIAN_POINT ( 'NONE',  ( -0.8649999999999999911, 0.8650000000000001021, 4.799999999999999822 ) ) ;
#10587 = VERTEX_POINT ( 'NONE', #7690 ) ;
#10588 = VECTOR ( 'NONE', #9559, 1000.000000000000000 ) ;
#10589 = LINE ( 'NONE', #6878, #10929 ) ;
#10590 = ORIENTED_EDGE ( 'NONE', *, *, #259, .T. ) ;
#10591 = EDGE_CURVE ( 'NONE', #2127, #10636, #1331, .T. ) ;
#10592 = PLANE ( 'NONE',  #11434 ) ;
#10593 = ORIENTED_EDGE ( 'NONE', *, *, #9467, .T. ) ;
#10594 = CIRCLE ( 'NONE', #9829, 0.02000000000000005246 ) ;
#10595 = FACE_OUTER_BOUND ( 'NONE', #877, .T. ) ;
#10596 = FACE_OUTER_BOUND ( 'NONE', #4821, .T. ) ;
#10597 = CARTESIAN_POINT ( 'NONE',  ( -0.8649999999999999911, 0.8850000000000000089, 0.4800000000000009814 ) ) ;
#10598 = LINE ( 'NONE', #10475, #3776 ) ;
#10599 = VERTEX_POINT ( 'NONE', #7814 ) ;
#10600 = VECTOR ( 'NONE', #1848, 1000.000000000000000 ) ;
#10601 = VERTEX_POINT ( 'NONE', #5972 ) ;
#10602 = FACE_OUTER_BOUND ( 'NONE', #595, .T. ) ;
#10603 = CARTESIAN_POINT ( 'NONE',  ( -2.205000000000000071, 2.500000000000000000, 0.2999999999999999889 ) ) ;
#10604 =( NAMED_UNIT ( * ) PLANE_ANGLE_UNIT ( ) SI_UNIT ( $, .RADIAN. ) );
#10605 = ORIENTED_EDGE ( 'NONE', *, *, #5864, .T. ) ;
#10606 = EDGE_CURVE ( 'NONE', #2543, #7893, #8719, .T. ) ;
#10607 = CARTESIAN_POINT ( 'NONE',  ( 3.174999999999999822, 0.4050000000000000266, 0.4800000000000010369 ) ) ;
#10608 = CARTESIAN_POINT ( 'NONE',  ( 4.675000000000000711, -0.8849999999999998979, 8.673617379884035472E-16 ) ) ;
#10609 = ORIENTED_EDGE ( 'NONE', *, *, #2857, .F. ) ;
#10610 = AXIS2_PLACEMENT_3D ( 'NONE', #2995, #6602, #6544 ) ;
#10611 = VERTEX_POINT ( 'NONE', #10379 ) ;
#10612 = EDGE_CURVE ( 'NONE', #10021, #10694, #1390, .T. ) ;
#10613 = DIRECTION ( 'NONE',  ( 0.0000000000000000000, 8.915067114227699459E-17, 1.000000000000000000 ) ) ;
#10614 = DIRECTION ( 'NONE',  ( 0.0000000000000000000, 0.0000000000000000000, 1.000000000000000000 ) ) ;
#10615 = LINE ( 'NONE', #4365, #10345 ) ;
#10616 = AXIS2_PLACEMENT_3D ( 'NONE', #10663, #1681, #10722 ) ;
#10617 = CARTESIAN_POINT ( 'NONE',  ( 4.675000000000000711, 3.200000000000000178, 8.673617379884035472E-16 ) ) ;
#10618 = CARTESIAN_POINT ( 'NONE',  ( -2.204999999999999183, -2.500000000000000000, 0.2999999999999999889 ) ) ;
#10619 = LINE ( 'NONE', #9951, #3335 ) ;
#10620 = EDGE_CURVE ( 'NONE', #8584, #6814, #496, .T. ) ;
#10621 = DIRECTION ( 'NONE',  ( 0.0000000000000000000, -1.000000000000000000, 0.0000000000000000000 ) ) ;
#10622 = FACE_OUTER_BOUND ( 'NONE', #5271, .T. ) ;
#10623 = CARTESIAN_POINT ( 'NONE',  ( 5.830000000000000071, 0.5050000000000005596, 4.900000000000000355 ) ) ;
#10624 = VERTEX_POINT ( 'NONE', #7877 ) ;
#10625 = DIRECTION ( 'NONE',  ( 1.000000000000000000, 0.0000000000000000000, 0.0000000000000000000 ) ) ;
#10626 = ORIENTED_EDGE ( 'NONE', *, *, #9668, .T. ) ;
#10627 = DIRECTION ( 'NONE',  ( 1.665334536937729880E-16, -1.000000000000000000, 0.0000000000000000000 ) ) ;
#10628 = EDGE_CURVE ( 'NONE', #3101, #4632, #3367, .T. ) ;
#10629 = DIRECTION ( 'NONE',  ( 1.000000000000000000, 0.0000000000000000000, -0.0000000000000000000 ) ) ;
#10630 = ORIENTED_EDGE ( 'NONE', *, *, #3510, .F. ) ;
#10631 = CARTESIAN_POINT ( 'NONE',  ( 1.774999999999999911, -0.5050000000000000044, 4.899999999999999467 ) ) ;
#10632 = DIRECTION ( 'NONE',  ( -0.0000000000000000000, -0.0000000000000000000, -1.000000000000000000 ) ) ;
#10633 = CARTESIAN_POINT ( 'NONE',  ( 1.905000000000000027, -3.299999999999999822, 0.3600000000000009859 ) ) ;
#10634 = ADVANCED_FACE ( 'NONE', ( #552 ), #6858, .T. ) ;
#10635 = CARTESIAN_POINT ( 'NONE',  ( -5.945000000000000284, -0.4050000000000000266, 0.4600000000000011857 ) ) ;
#10636 = VERTEX_POINT ( 'NONE', #11456 ) ;
#10637 = ORIENTED_EDGE ( 'NONE', *, *, #3936, .T. ) ;
#10638 = CARTESIAN_POINT ( 'NONE',  ( 5.485000000000000320, 0.8649999999999999911, 4.900000000000000355 ) ) ;
#10639 = DIRECTION ( 'NONE',  ( 2.957565607266179811E-16, 0.7071067811865490160, 0.7071067811865461294 ) ) ;
#10640 = EDGE_LOOP ( 'NONE', ( #2969, #5024, #5987, #5816 ) ) ;
#10641 = ADVANCED_FACE ( 'NONE', ( #10622 ), #2473, .T. ) ;
#10642 = DIRECTION ( 'NONE',  ( 0.5773502691896279515, -0.5773502691896238437, 0.5773502691896255090 ) ) ;
#10643 = DIRECTION ( 'NONE',  ( 0.0000000000000000000, 1.000000000000000000, 0.0000000000000000000 ) ) ;
#10644 = VERTEX_POINT ( 'NONE', #11736 ) ;
#10645 = CARTESIAN_POINT ( 'NONE',  ( -1.249999999999999778, 1.650000000030562353, 4.799999999999999822 ) ) ;
#10646 = VECTOR ( 'NONE', #10133, 1000.000000000000000 ) ;
#10647 = EDGE_CURVE ( 'NONE', #5336, #9860, #10799, .T. ) ;
#10648 = ORIENTED_EDGE ( 'NONE', *, *, #9588, .T. ) ;
#10649 = CARTESIAN_POINT ( 'NONE',  ( 4.744999999999999218, -2.499999999999999556, 0.5999999999999999778 ) ) ;
#10650 = ORIENTED_EDGE ( 'NONE', *, *, #3032, .T. ) ;
#10651 = FACE_OUTER_BOUND ( 'NONE', #7752, .T. ) ;
#10652 = DIRECTION ( 'NONE',  ( -1.665334536937729880E-16, 1.000000000000000000, -0.0000000000000000000 ) ) ;
#10653 = ORIENTED_EDGE ( 'NONE', *, *, #8349, .T. ) ;
#10654 = VECTOR ( 'NONE', #7404, 1000.000000000000000 ) ;
#10655 = VECTOR ( 'NONE', #10643, 1000.000000000000000 ) ;
#10656 = CARTESIAN_POINT ( 'NONE',  ( 5.714999999999999858, -3.299999999999999822, 0.3600000000000009859 ) ) ;
#10657 = ORIENTED_EDGE ( 'NONE', *, *, #10238, .F. ) ;
#10658 = DIRECTION ( 'NONE',  ( 0.5773502691896207351, -0.5773502691896282846, 0.5773502691896282846 ) ) ;
#10659 = CARTESIAN_POINT ( 'NONE',  ( 3.174999999999999822, 0.7650000000000000133, 4.900000000000000355 ) ) ;
#10660 = ORIENTED_EDGE ( 'NONE', *, *, #527, .F. ) ;
#10661 = VERTEX_POINT ( 'NONE', #853 ) ;
#10662 = CARTESIAN_POINT ( 'NONE',  ( -2.035000000000000142, -3.299999999999999378, 0.3600000000000009304 ) ) ;
#10663 = CARTESIAN_POINT ( 'NONE',  ( -2.944999999999999840, 0.8649999999999999911, 4.900000000000000355 ) ) ;
#10664 = ORIENTED_EDGE ( 'NONE', *, *, #5188, .T. ) ;
#10665 = DIRECTION ( 'NONE',  ( 0.0000000000000000000, 0.0000000000000000000, 1.000000000000000000 ) ) ;
#10666 = DIRECTION ( 'NONE',  ( 1.665334536937729880E-16, -1.000000000000000000, 0.0000000000000000000 ) ) ;
#10667 = ORIENTED_EDGE ( 'NONE', *, *, #11293, .T. ) ;
#10668 = FILL_AREA_STYLE_COLOUR ( '', #11255 ) ;
#10669 = ORIENTED_EDGE ( 'NONE', *, *, #9806, .F. ) ;
#10670 = CIRCLE ( 'NONE', #7803, 0.02000000000000005246 ) ;
#10671 = EDGE_CURVE ( 'NONE', #4620, #11621, #2597, .T. ) ;
#10672 = LINE ( 'NONE', #2402, #1625 ) ;
#10673 = DIRECTION ( 'NONE',  ( 1.665334536937729880E-16, -1.000000000000000000, 0.0000000000000000000 ) ) ;
#10674 = DIRECTION ( 'NONE',  ( 0.0000000000000000000, 1.000000000000000000, 0.0000000000000000000 ) ) ;
#10675 = EDGE_LOOP ( 'NONE', ( #4961, #389, #4791, #2063 ) ) ;
#10676 = DIRECTION ( 'NONE',  ( 0.0000000000000000000, -1.000000000000000000, -0.0000000000000000000 ) ) ;
#10677 = DIRECTION ( 'NONE',  ( 0.5773502691896235106, 0.5773502691896258421, 0.5773502691896280625 ) ) ;
#10678 = VECTOR ( 'NONE', #11499, 1000.000000000000000 ) ;
#10679 = FACE_OUTER_BOUND ( 'NONE', #8543, .T. ) ;
#10680 = DIRECTION ( 'NONE',  ( -0.0000000000000000000, 8.915067114227699459E-17, -1.000000000000000000 ) ) ;
#10681 = ORIENTED_EDGE ( 'NONE', *, *, #2523, .F. ) ;
#10682 = DIRECTION ( 'NONE',  ( 1.000000000000000000, 2.082970027439319880E-16, -1.156280642033610094E-31 ) ) ;
#10683 = LINE ( 'NONE', #2537, #2558 ) ;
#10684 = EDGE_CURVE ( 'NONE', #7454, #11759, #7160, .T. ) ;
#10685 = EDGE_LOOP ( 'NONE', ( #7326, #9340, #4916, #689 ) ) ;
#10686 = ADVANCED_FACE ( 'NONE', ( #9017 ), #2656, .F. ) ;
#10687 = CARTESIAN_POINT ( 'NONE',  ( -0.9350000000000010525, 2.500000000000000000, 0.2999999999999999889 ) ) ;
#10688 = AXIS2_PLACEMENT_3D ( 'NONE', #3431, #8849, #6318 ) ;
#10689 = CARTESIAN_POINT ( 'NONE',  ( 4.625000000000000000, 0.7500000000000000000, 4.850000000000000533 ) ) ;
#10690 = ORIENTED_EDGE ( 'NONE', *, *, #10606, .T. ) ;
#10691 = LINE ( 'NONE', #626, #9797 ) ;
#10692 = LINE ( 'NONE', #2425, #3113 ) ;
#10693 = CARTESIAN_POINT ( 'NONE',  ( -4.675000000000000711, 0.8649999999999999911, 4.799999999999999822 ) ) ;
#10694 = VERTEX_POINT ( 'NONE', #1811 ) ;
#10695 = DIRECTION ( 'NONE',  ( 1.000000000000000000, -2.082970027439319880E-16, -1.156280642033610094E-31 ) ) ;
#10696 = ORIENTED_EDGE ( 'NONE', *, *, #6261, .F. ) ;
#10697 = VERTEX_POINT ( 'NONE', #3651 ) ;
#10698 = CARTESIAN_POINT ( 'NONE',  ( 5.945000000000000284, -0.8850000000000000089, 0.4600000000000009082 ) ) ;
#10699 = EDGE_CURVE ( 'NONE', #3073, #3164, #6208, .T. ) ;
#10700 = COLOUR_RGB ( '',0.6980392156862744724, 0.5490196078431373028, 0.003921568627450980338 ) ;
#10701 = FACE_OUTER_BOUND ( 'NONE', #11157, .T. ) ;
#10702 = ORIENTED_EDGE ( 'NONE', *, *, #2396, .T. ) ;
#10703 = ADVANCED_FACE ( 'NONE', ( #8962 ), #740, .F. ) ;
#10704 = LINE ( 'NONE', #1835, #5226 ) ;
#10705 = LINE ( 'NONE', #2559, #6162 ) ;
#10706 = DIRECTION ( 'NONE',  ( 0.0000000000000000000, -0.7071067811865461294, 0.7071067811865490160 ) ) ;
#10707 = EDGE_LOOP ( 'NONE', ( #9533, #11215, #9158, #10318 ) ) ;
#10708 = CIRCLE ( 'NONE', #11650, 0.02000000000000005246 ) ;
#10709 = ORIENTED_EDGE ( 'NONE', *, *, #6377, .F. ) ;
#10710 = DIRECTION ( 'NONE',  ( -0.5773502691896240657, 0.5773502691896240657, -0.5773502691896290617 ) ) ;
#10711 = EDGE_CURVE ( 'NONE', #11262, #10601, #4482, .T. ) ;
#10712 = DIRECTION ( 'NONE',  ( -1.000000000000000000, -0.0000000000000000000, -0.0000000000000000000 ) ) ;
#10713 = VECTOR ( 'NONE', #7060, 1000.000000000000114 ) ;
#10714 = EDGE_CURVE ( 'NONE', #3653, #2217, #6385, .T. ) ;
#10715 = DIRECTION ( 'NONE',  ( 1.953503796022424979E-47, -1.000000000000000000, 9.303908184768099600E-32 ) ) ;
#10716 = ORIENTED_EDGE ( 'NONE', *, *, #5405, .T. ) ;
#10717 = LINE ( 'NONE', #6005, #3689 ) ;
#10718 = ORIENTED_EDGE ( 'NONE', *, *, #10503, .T. ) ;
#10719 = EDGE_LOOP ( 'NONE', ( #5700, #5145, #6313, #2437 ) ) ;
#10720 = SURFACE_SIDE_STYLE ('',( #778 ) ) ;
#10721 = VECTOR ( 'NONE', #2934, 1000.000000000000000 ) ;
#10722 = DIRECTION ( 'NONE',  ( 0.0000000000000000000, 0.0000000000000000000, -1.000000000000000000 ) ) ;
#10723 = ORIENTED_EDGE ( 'NONE', *, *, #8155, .T. ) ;
#10724 = AXIS2_PLACEMENT_3D ( 'NONE', #6838, #1256, #4881 ) ;
#10725 = FACE_OUTER_BOUND ( 'NONE', #9643, .T. ) ;
#10726 = ADVANCED_FACE ( 'NONE', ( #4421 ), #10011, .F. ) ;
#10727 = CARTESIAN_POINT ( 'NONE',  ( 5.945000000000000284, -0.8850000000000000089, 0.4800000000000009814 ) ) ;
#10728 = ORIENTED_EDGE ( 'NONE', *, *, #6346, .F. ) ;
#10729 = AXIS2_PLACEMENT_3D ( 'NONE', #11330, #6914, #1326 ) ;
#10730 = VECTOR ( 'NONE', #4108, 1000.000000000000000 ) ;
#10731 = CARTESIAN_POINT ( 'NONE',  ( -6.014999999999999680, 2.500000000000000000, 0.2999999999999999889 ) ) ;
#10732 = DIRECTION ( 'NONE',  ( 1.000000000000000000, -2.082970027439319880E-16, 0.0000000000000000000 ) ) ;
#10733 = LINE ( 'NONE', #3645, #1792 ) ;
#10734 = SURFACE_STYLE_FILL_AREA ( #8841 ) ;
#10735 = EDGE_LOOP ( 'NONE', ( #7642, #7837, #3324, #10059 ) ) ;
#10736 = DIRECTION ( 'NONE',  ( 0.0000000000000000000, -1.000000000000000000, 0.0000000000000000000 ) ) ;
#10737 = DIRECTION ( 'NONE',  ( 1.000000000000000000, -2.091314696702029574E-16, -2.091314696702020699E-16 ) ) ;
#10738 = VECTOR ( 'NONE', #7505, 1000.000000000000000 ) ;
#10739 = VECTOR ( 'NONE', #5010, 1000.000000000000114 ) ;
#10740 = AXIS2_PLACEMENT_3D ( 'NONE', #4781, #7342, #3714 ) ;
#10741 = DIRECTION ( 'NONE',  ( 1.000000000000000000, 0.0000000000000000000, -0.0000000000000000000 ) ) ;
#10742 = DIRECTION ( 'NONE',  ( 0.7071067811865461294, 0.7071067811865490160, 4.329780281177481220E-17 ) ) ;
#10743 = EDGE_CURVE ( 'NONE', #11360, #9910, #11678, .T. ) ;
#10744 = ORIENTED_EDGE ( 'NONE', *, *, #8304, .F. ) ;
#10745 = LINE ( 'NONE', #10803, #11291 ) ;
#10746 = CIRCLE ( 'NONE', #1230, 0.4800000000000000933 ) ;
#10747 = VECTOR ( 'NONE', #1618, 1000.000000000000000 ) ;
#10748 = VECTOR ( 'NONE', #8367, 1000.000000000000000 ) ;
#10749 = EDGE_LOOP ( 'NONE', ( #2384, #3224, #6275, #1650 ) ) ;
#10750 = CARTESIAN_POINT ( 'NONE',  ( -1.675000000000000044, -0.8850000000000000089, 0.4800000000000009814 ) ) ;
#10751 = LINE ( 'NONE', #1707, #10982 ) ;
#10752 = ORIENTED_EDGE ( 'NONE', *, *, #4447, .T. ) ;
#10753 = DIRECTION ( 'NONE',  ( 1.000000000000000000, -0.0000000000000000000, 0.0000000000000000000 ) ) ;
#10754 = EDGE_CURVE ( 'NONE', #1298, #5479, #2709, .T. ) ;
#10755 = EDGE_LOOP ( 'NONE', ( #3323, #6370, #10491, #9286 ) ) ;
#10756 = AXIS2_PLACEMENT_3D ( 'NONE', #10081, #8356, #3953 ) ;
#10757 = VECTOR ( 'NONE', #8473, 1000.000000000000000 ) ;
#10758 = PLANE ( 'NONE',  #2806 ) ;
#10759 = CARTESIAN_POINT ( 'NONE',  ( 4.214999999999999858, -0.8849999999999998979, 9.215718466126787689E-16 ) ) ;
#10760 = DIRECTION ( 'NONE',  ( 3.061616997868386716E-17, 3.061616997868399658E-17, -1.000000000000000000 ) ) ;
#10761 = CARTESIAN_POINT ( 'NONE',  ( 4.575000000000000178, -0.6350000000000000089, 4.900000000000000355 ) ) ;
#10762 = DIRECTION ( 'NONE',  ( -0.0000000000000000000, -0.0000000000000000000, 1.000000000000000000 ) ) ;
#10763 = ORIENTED_EDGE ( 'NONE', *, *, #2354, .T. ) ;
#10764 = VECTOR ( 'NONE', #5019, 1000.000000000000000 ) ;
#10765 = CARTESIAN_POINT ( 'NONE',  ( 2.134999999999999787, -3.200000000000000178, 7.632783294297948257E-16 ) ) ;
#10766 = ORIENTED_EDGE ( 'NONE', *, *, #6633, .F. ) ;
#10767 = EDGE_CURVE ( 'NONE', #3073, #6939, #914, .T. ) ;
#10768 = DIRECTION ( 'NONE',  ( 1.000000000000000000, 2.082970027439319880E-16, -1.156280642033610094E-31 ) ) ;
#10769 = ORIENTED_EDGE ( 'NONE', *, *, #11313, .F. ) ;
#10770 = CARTESIAN_POINT ( 'NONE',  ( 4.559999999999999609, 3.250000000000000444, 0.05000000000000080075 ) ) ;
#10771 = CARTESIAN_POINT ( 'NONE',  ( -3.475000000000000089, 2.500000000000000000, 0.5999999999999999778 ) ) ;
#10772 = AXIS2_PLACEMENT_3D ( 'NONE', #335, #3915, #6521 ) ;
#10773 = LINE ( 'NONE', #1729, #4701 ) ;
#10774 = ORIENTED_EDGE ( 'NONE', *, *, #11300, .T. ) ;
#10775 = DIRECTION ( 'NONE',  ( 1.000000000000000000, -0.0000000000000000000, 0.0000000000000000000 ) ) ;
#10776 = ORIENTED_EDGE ( 'NONE', *, *, #7617, .T. ) ;
#10777 = EDGE_CURVE ( 'NONE', #11583, #367, #7272, .T. ) ;
#10778 =( NAMED_UNIT ( * ) SI_UNIT ( $, .STERADIAN. ) SOLID_ANGLE_UNIT ( ) );
#10779 = MECHANICAL_DESIGN_GEOMETRIC_PRESENTATION_REPRESENTATION (  '', ( #1271 ), #2032 ) ;
#10780 =( LENGTH_UNIT ( ) NAMED_UNIT ( * ) SI_UNIT ( .MILLI., .METRE. ) );
#10781 = ORIENTED_EDGE ( 'NONE', *, *, #7975, .F. ) ;
#10782 = EDGE_CURVE ( 'NONE', #2874, #2644, #2773, .T. ) ;
#10783 = CARTESIAN_POINT ( 'NONE',  ( 9.000000000002909673, 2.050000000040750781, 5.200000000000000178 ) ) ;
#10784 = ORIENTED_EDGE ( 'NONE', *, *, #9605, .F. ) ;
#10785 = EDGE_CURVE ( 'NONE', #8996, #8066, #3430, .T. ) ;
#10786 = CARTESIAN_POINT ( 'NONE',  ( -5.945000000000000284, 3.200000000000000178, 0.4600000000000010192 ) ) ;
#10787 = ORIENTED_EDGE ( 'NONE', *, *, #9240, .T. ) ;
#10788 = ORIENTED_EDGE ( 'NONE', *, *, #6678, .F. ) ;
#10789 = VECTOR ( 'NONE', #4457, 1000.000000000000000 ) ;
#10790 = ADVANCED_FACE ( 'NONE', ( #10679 ), #6139, .T. ) ;
#10791 = DIRECTION ( 'NONE',  ( 1.000000000000000000, 2.091314696702029574E-16, -2.091314696702020699E-16 ) ) ;
#10792 = CARTESIAN_POINT ( 'NONE',  ( 0.6350000000000000089, 0.8850000000000000089, 0.4600000000000009637 ) ) ;
#10793 = DIRECTION ( 'NONE',  ( 1.000000000000000000, 0.0000000000000000000, 0.0000000000000000000 ) ) ;
#10794 =( NAMED_UNIT ( * ) SI_UNIT ( $, .STERADIAN. ) SOLID_ANGLE_UNIT ( ) );
#10795 = ORIENTED_EDGE ( 'NONE', *, *, #5536, .F. ) ;
#10796 = CARTESIAN_POINT ( 'NONE',  ( 2.134999999999999787, 0.8649999999999999911, 0.4600000000000011857 ) ) ;
#10797 = ADVANCED_FACE ( 'NONE', ( #5723 ), #2998, .F. ) ;
#10798 = VECTOR ( 'NONE', #8527, 1000.000000000000000 ) ;
#10799 = LINE ( 'NONE', #10855, #11529 ) ;
#10800 = DIRECTION ( 'NONE',  ( -1.000000000000000000, -0.0000000000000000000, 0.0000000000000000000 ) ) ;
#10801 = ORIENTED_EDGE ( 'NONE', *, *, #1465, .F. ) ;
#10802 = ORIENTED_EDGE ( 'NONE', *, *, #9190, .T. ) ;
#10803 = CARTESIAN_POINT ( 'NONE',  ( 5.945000000000000284, -0.8649999999999999911, 4.799999999999999822 ) ) ;
#10804 = AXIS2_PLACEMENT_3D ( 'NONE', #131, #3768, #9522 ) ;
#10805 = LINE ( 'NONE', #4489, #8847 ) ;
#10806 = DIRECTION ( 'NONE',  ( 0.0000000000000000000, 0.7071067811865460184, 0.7071067811865489050 ) ) ;
#10807 = ORIENTED_EDGE ( 'NONE', *, *, #220, .T. ) ;
#10808 = CARTESIAN_POINT ( 'NONE',  ( 4.315000000000000391, 0.7649999999999996803, 4.900000000000000355 ) ) ;
#10809 = CARTESIAN_POINT ( 'NONE',  ( 0.6350000000000001199, 0.4050000000000000266, 0.4800000000000010369 ) ) ;
#10810 = CARTESIAN_POINT ( 'NONE',  ( 0.4050000000000001377, -0.4049999999999998601, 0.4800000000000011480 ) ) ;
#10811 = ORIENTED_EDGE ( 'NONE', *, *, #3970, .T. ) ;
#10812 = DIRECTION ( 'NONE',  ( -1.000000000000000000, 0.0000000000000000000, -0.0000000000000000000 ) ) ;
#10813 = EDGE_LOOP ( 'NONE', ( #11604, #10314, #7365, #3943, #2952 ) ) ;
#10814 = VERTEX_POINT ( 'NONE', #8286 ) ;
#10815 = CARTESIAN_POINT ( 'NONE',  ( 5.945000000000000284, -0.4049999999999999156, 4.799999999999999822 ) ) ;
#10816 = CARTESIAN_POINT ( 'NONE',  ( 5.415000000000000924, 2.500000000000000000, 0.2999999999999999889 ) ) ;
#10817 = DIRECTION ( 'NONE',  ( 0.0000000000000000000, 0.0000000000000000000, 1.000000000000000000 ) ) ;
#10818 = EDGE_CURVE ( 'NONE', #3466, #3333, #10185, .T. ) ;
#10819 = ADVANCED_FACE ( 'NONE', ( #9305 ), #5614, .F. ) ;
#10820 = DIRECTION ( 'NONE',  ( 0.5773502691896279515, -0.5773502691896263972, 0.5773502691896229555 ) ) ;
#10821 = ORIENTED_EDGE ( 'NONE', *, *, #5093, .F. ) ;
#10822 = EDGE_CURVE ( 'NONE', #2308, #5350, #8623, .T. ) ;
#10823 = ORIENTED_EDGE ( 'NONE', *, *, #3613, .T. ) ;
#10824 = DIRECTION ( 'NONE',  ( 1.000000000000000000, -2.082970027439319880E-16, 0.0000000000000000000 ) ) ;
#10825 = EDGE_LOOP ( 'NONE', ( #3526, #11475, #5837, #11152 ) ) ;
#10826 = DIRECTION ( 'NONE',  ( -2.957565607266179811E-16, 0.7071067811865490160, -0.7071067811865461294 ) ) ;
#10827 = DIRECTION ( 'NONE',  ( -0.7071067811865461294, 0.0000000000000000000, -0.7071067811865490160 ) ) ;
#10828 = CARTESIAN_POINT ( 'NONE',  ( 0.4049999999999999156, -0.4050000000000000822, 4.799999999999999822 ) ) ;
#10829 = VERTEX_POINT ( 'NONE', #10123 ) ;
#10830 = VECTOR ( 'NONE', #2123, 1000.000000000000000 ) ;
#10831 = CARTESIAN_POINT ( 'NONE',  ( 4.145000000000000462, -2.500000000000000000, 0.2999999999999999889 ) ) ;
#10832 = ORIENTED_EDGE ( 'NONE', *, *, #10176, .F. ) ;
#10833 = EDGE_CURVE ( 'NONE', #8862, #8889, #7509, .T. ) ;
#10834 = ORIENTED_EDGE ( 'NONE', *, *, #3788, .F. ) ;
#10835 = DIRECTION ( 'NONE',  ( 3.061616997868384251E-17, 3.061616997868414449E-17, 1.000000000000000000 ) ) ;
#10836 = ORIENTED_EDGE ( 'NONE', *, *, #1876, .T. ) ;
#10837 = CARTESIAN_POINT ( 'NONE',  ( 0.0000000000000000000, 0.0000000000000000000, 0.0000000000000000000 ) ) ;
#10838 = DIRECTION ( 'NONE',  ( 0.0000000000000000000, -0.7071067811865460184, 0.7071067811865489050 ) ) ;
#10839 = ORIENTED_EDGE ( 'NONE', *, *, #4730, .F. ) ;
#10840 = VECTOR ( 'NONE', #2723, 1000.000000000000000 ) ;
#10841 = VECTOR ( 'NONE', #2618, 1000.000000000000000 ) ;
#10842 = VERTEX_POINT ( 'NONE', #465 ) ;
#10843 = ADVANCED_FACE ( 'NONE', ( #1143 ), #2827, .T. ) ;
#10844 = ORIENTED_EDGE ( 'NONE', *, *, #7429, .T. ) ;
#10845 = EDGE_CURVE ( 'NONE', #8564, #5404, #9250, .T. ) ;
#10846 = CARTESIAN_POINT ( 'NONE',  ( 4.214999999999999858, 0.8649999999999995470, 0.4800000000000011480 ) ) ;
#10847 = DIRECTION ( 'NONE',  ( -0.0000000000000000000, 0.0000000000000000000, 1.000000000000000000 ) ) ;
#10848 = CARTESIAN_POINT ( 'NONE',  ( 2.944999999999999840, 3.200000000000000178, 4.900000000000000355 ) ) ;
#10849 = AXIS2_PLACEMENT_3D ( 'NONE', #6267, #688, #4326 ) ;
#10850 = FACE_OUTER_BOUND ( 'NONE', #1035, .T. ) ;
#10851 = CARTESIAN_POINT ( 'NONE',  ( -4.315000000000000391, -0.7649999999999995692, 4.900000000000000355 ) ) ;
#10852 = ORIENTED_EDGE ( 'NONE', *, *, #5446, .F. ) ;
#10853 = LINE ( 'NONE', #4252, #3134 ) ;
#10854 = CARTESIAN_POINT ( 'NONE',  ( 4.745000000000000995, 2.499999999999999556, 0.5999999999999999778 ) ) ;
#10855 = CARTESIAN_POINT ( 'NONE',  ( -5.945000000000000284, -0.8850000000000000089, 0.4600000000000010192 ) ) ;
#10856 = CARTESIAN_POINT ( 'NONE',  ( -5.895000000000000462, 3.250000000000000444, 2.564999999999999947 ) ) ;
#10857 = EDGE_CURVE ( 'NONE', #8020, #8070, #1978, .T. ) ;
#10858 = VECTOR ( 'NONE', #9649, 1000.000000000000000 ) ;
#10859 = VERTEX_POINT ( 'NONE', #4666 ) ;
#10860 = ADVANCED_FACE ( 'NONE', ( #4719 ), #9130, .T. ) ;
#10861 = DIRECTION ( 'NONE',  ( 0.0000000000000000000, 0.7071067811865489050, -0.7071067811865460184 ) ) ;
#10862 = LINE ( 'NONE', #1819, #11677 ) ;
#10863 = LINE ( 'NONE', #5331, #5148 ) ;
#10864 = ORIENTED_EDGE ( 'NONE', *, *, #11276, .F. ) ;
#10865 = DIRECTION ( 'NONE',  ( 0.0000000000000000000, 1.000000000000000000, 0.0000000000000000000 ) ) ;
#10866 = LINE ( 'NONE', #7113, #5005 ) ;
#10867 = LINE ( 'NONE', #5452, #11363 ) ;
#10868 = ORIENTED_EDGE ( 'NONE', *, *, #2623, .F. ) ;
#10869 = DIRECTION ( 'NONE',  ( 0.0000000000000000000, -1.000000000000000000, -0.0000000000000000000 ) ) ;
#10870 = AXIS2_PLACEMENT_3D ( 'NONE', #60, #1, #1861 ) ;
#10871 = LINE ( 'NONE', #10635, #10840 ) ;
#10872 = ORIENTED_EDGE ( 'NONE', *, *, #10412, .F. ) ;
#10873 = DIRECTION ( 'NONE',  ( -0.0000000000000000000, -1.000000000000000000, -0.0000000000000000000 ) ) ;
#10874 = AXIS2_PLACEMENT_3D ( 'NONE', #109, #10882, #10824 ) ;
#10875 = CARTESIAN_POINT ( 'NONE',  ( -0.9350000000000010525, 2.500000000000000000, 0.2999999999999999889 ) ) ;
#10876 = DIRECTION ( 'NONE',  ( -1.665334536937729880E-16, -1.000000000000000000, -0.0000000000000000000 ) ) ;
#10877 = ORIENTED_EDGE ( 'NONE', *, *, #9120, .F. ) ;
#10878 = DIRECTION ( 'NONE',  ( 0.0000000000000000000, 0.0000000000000000000, -1.000000000000000000 ) ) ;
#10879 = CARTESIAN_POINT ( 'NONE',  ( -2.134999999999999787, 0.4049999999999998601, 4.799999999999999822 ) ) ;
#10880 = ORIENTED_EDGE ( 'NONE', *, *, #7881, .T. ) ;
#10881 = COLOUR_RGB ( '',0.6980392156862744724, 0.5490196078431373028, 0.003921568627450980338 ) ;
#10882 = DIRECTION ( 'NONE',  ( -2.082970027439319880E-16, -1.000000000000000000, -6.123233995736769734E-17 ) ) ;
#10883 = ORIENTED_EDGE ( 'NONE', *, *, #10411, .T. ) ;
#10884 = LINE ( 'NONE', #11003, #2985 ) ;
#10885 = EDGE_CURVE ( 'NONE', #11187, #2988, #186, .T. ) ;
#10886 = PLANE ( 'NONE',  #1187 ) ;
#10887 = ADVANCED_FACE ( 'NONE', ( #9187 ), #245, .T. ) ;
#10888 = LINE ( 'NONE', #8026, #5465 ) ;
#10889 = ORIENTED_EDGE ( 'NONE', *, *, #3139, .T. ) ;
#10890 = DIRECTION ( 'NONE',  ( 0.0000000000000000000, -8.915067114227699459E-17, -1.000000000000000000 ) ) ;
#10891 = VERTEX_POINT ( 'NONE', #10066 ) ;
#10892 = VERTEX_POINT ( 'NONE', #1196 ) ;
#10893 = CARTESIAN_POINT ( 'NONE',  ( 4.214999999999999858, 0.8850000000000000089, 0.4600000000000010192 ) ) ;
#10894 = CARTESIAN_POINT ( 'NONE',  ( 5.485000000000000320, -3.200000000000000178, 0.4600000000000011857 ) ) ;
#10895 = ORIENTED_EDGE ( 'NONE', *, *, #7841, .F. ) ;
#10896 = PLANE ( 'NONE',  #5725 ) ;
#10897 = VERTEX_POINT ( 'NONE', #10242 ) ;
#10898 = AXIS2_PLACEMENT_3D ( 'NONE', #2728, #5635, #5573 ) ;
#10899 = CARTESIAN_POINT ( 'NONE',  ( -0.5200000000000000178, 3.250000000000000444, 0.05000000000000080075 ) ) ;
#10900 = EDGE_CURVE ( 'NONE', #9402, #5922, #2885, .T. ) ;
#10901 = EDGE_LOOP ( 'NONE', ( #3855, #7008, #7415, #9157 ) ) ;
#10902 = VERTEX_POINT ( 'NONE', #2100 ) ;
#10903 = VECTOR ( 'NONE', #5636, 1000.000000000000000 ) ;
#10904 = DIRECTION ( 'NONE',  ( 1.275451288411719683E-32, -6.123233995736769734E-17, -1.000000000000000000 ) ) ;
#10905 = CARTESIAN_POINT ( 'NONE',  ( 0.5200000000000000178, -3.250000000000000444, 0.4100000000000009748 ) ) ;
#10906 = DIRECTION ( 'NONE',  ( -2.258754526011467242E-16, -1.000000000000000000, 0.0000000000000000000 ) ) ;
#10907 = CARTESIAN_POINT ( 'NONE',  ( -1.675000000000000044, 3.200000000000000178, 4.900000000000000355 ) ) ;
#10908 = EDGE_CURVE ( 'NONE', #2689, #4834, #11367, .T. ) ;
#10909 = ORIENTED_EDGE ( 'NONE', *, *, #11567, .T. ) ;
#10910 = CARTESIAN_POINT ( 'NONE',  ( 3.405000000000000249, 0.8649999999999999911, 4.799999999999999822 ) ) ;
#10911 = CARTESIAN_POINT ( 'NONE',  ( 4.214999999999999858, 0.4050000000000000266, 4.799999999999999822 ) ) ;
#10912 = CARTESIAN_POINT ( 'NONE',  ( -0.6350000000000000089, -2.500000000000000000, 0.5999999999999999778 ) ) ;
#10913 =( LENGTH_UNIT ( ) NAMED_UNIT ( * ) SI_UNIT ( .MILLI., .METRE. ) );
#10914 = ADVANCED_FACE ( 'NONE', ( #8813 ), #524, .T. ) ;
#10915 = ORIENTED_EDGE ( 'NONE', *, *, #1447, .F. ) ;
#10916 = AXIS2_PLACEMENT_3D ( 'NONE', #1568, #7037, #10674 ) ;
#10917 = AXIS2_PLACEMENT_3D ( 'NONE', #10386, #2237, #9490 ) ;
#10918 = ORIENTED_EDGE ( 'NONE', *, *, #5338, .T. ) ;
#10919 = PLANE ( 'NONE',  #10849 ) ;
#10920 = ORIENTED_EDGE ( 'NONE', *, *, #419, .T. ) ;
#10921 = LINE ( 'NONE', #9312, #3532 ) ;
#10922 = VECTOR ( 'NONE', #5721, 1000.000000000000000 ) ;
#10923 = VECTOR ( 'NONE', #6223, 1000.000000000000000 ) ;
#10924 = CARTESIAN_POINT ( 'NONE',  ( 2.944999999999999840, 0.4050000000000000266, 4.900000000000000355 ) ) ;
#10925 = CARTESIAN_POINT ( 'NONE',  ( -1.790000000000000036, 3.250000000000000444, 0.05000000000000080075 ) ) ;
#10926 = ADVANCED_FACE ( 'NONE', ( #10651 ), #7073, .T. ) ;
#10927 = VERTEX_POINT ( 'NONE', #2505 ) ;
#10929 = VECTOR ( 'NONE', #9563, 1000.000000000000114 ) ;
#10928 = LINE ( 'NONE', #9200, #860 ) ;
#10930 = DIRECTION ( 'NONE',  ( 0.0000000000000000000, -1.000000000000000000, -0.0000000000000000000 ) ) ;
#10931 = ADVANCED_FACE ( 'NONE', ( #6886 ), #6000, .F. ) ;
#10932 = ORIENTED_EDGE ( 'NONE', *, *, #10230, .T. ) ;
#10933 = ADVANCED_FACE ( 'NONE', ( #5116 ), #710, .T. ) ;
#10934 = CARTESIAN_POINT ( 'NONE',  ( -0.4049999999999994160, 0.8649999999999999911, 4.799999999999999822 ) ) ;
#10935 = CARTESIAN_POINT ( 'NONE',  ( -4.559999999999999609, -0.7649999999999994582, 4.900000000000000355 ) ) ;
#10936 = VECTOR ( 'NONE', #3887, 1000.000000000000000 ) ;
#10937 = VECTOR ( 'NONE', #476, 1000.000000000000227 ) ;
#10938 = AXIS2_PLACEMENT_3D ( 'NONE', #1113, #4741, #2299 ) ;
#10939 = CARTESIAN_POINT ( 'NONE',  ( 4.214999999999999858, 3.200000000000000178, 6.684615519032470738E-16 ) ) ;
#10940 = CARTESIAN_POINT ( 'NONE',  ( -3.475000000000000089, -2.499999999999999556, 0.2999999999999999889 ) ) ;
#10941 = ORIENTED_EDGE ( 'NONE', *, *, #7663, .T. ) ;
#10942 = EDGE_CURVE ( 'NONE', #5921, #10349, #6174, .T. ) ;
#10943 = DIRECTION ( 'NONE',  ( 1.000000000000000000, 1.174839179497520083E-16, 0.0000000000000000000 ) ) ;
#10944 = VECTOR ( 'NONE', #1763, 999.9999999999998863 ) ;
#10945 = CIRCLE ( 'NONE', #4097, 0.4800000000000000933 ) ;
#10946 = ORIENTED_EDGE ( 'NONE', *, *, #2147, .F. ) ;
#10947 = CARTESIAN_POINT ( 'NONE',  ( -3.174999999999999822, -0.8850000000000000089, 0.4800000000000009814 ) ) ;
#10948 = ORIENTED_EDGE ( 'NONE', *, *, #2960, .T. ) ;
#10949 = DIRECTION ( 'NONE',  ( 3.061616997868384251E-17, 3.061616997868414449E-17, 1.000000000000000000 ) ) ;
#10950 = FACE_OUTER_BOUND ( 'NONE', #11695, .T. ) ;
#10951 = DIRECTION ( 'NONE',  ( -0.0000000000000000000, 1.000000000000000000, 0.0000000000000000000 ) ) ;
#10952 = ORIENTED_EDGE ( 'NONE', *, *, #7248, .F. ) ;
#10953 = AXIS2_PLACEMENT_3D ( 'NONE', #4346, #7966, #11653 ) ;
#10954 = DIRECTION ( 'NONE',  ( 0.0000000000000000000, -0.7071067811865460184, 0.7071067811865489050 ) ) ;
#10955 = ORIENTED_EDGE ( 'NONE', *, *, #5617, .T. ) ;
#10956 = ORIENTED_EDGE ( 'NONE', *, *, #11252, .T. ) ;
#10957 = EDGE_CURVE ( 'NONE', #10042, #6445, #113, .T. ) ;
#10958 = LINE ( 'NONE', #9062, #8274 ) ;
#10959 = ORIENTED_EDGE ( 'NONE', *, *, #840, .T. ) ;
#10960 = FACE_OUTER_BOUND ( 'NONE', #4405, .T. ) ;
#10961 = VECTOR ( 'NONE', #10873, 1000.000000000000000 ) ;
#10962 = CARTESIAN_POINT ( 'NONE',  ( 5.844999999999999751, 3.299999999999999822, 2.564999999999999947 ) ) ;
#10963 = ORIENTED_EDGE ( 'NONE', *, *, #9209, .F. ) ;
#10964 = VECTOR ( 'NONE', #3609, 1000.000000000000000 ) ;
#10965 = PLANE ( 'NONE',  #2387 ) ;
#10966 = EDGE_CURVE ( 'NONE', #6420, #6844, #163, .T. ) ;
#10967 = DIRECTION ( 'NONE',  ( -1.000000000000000000, 0.0000000000000000000, -0.0000000000000000000 ) ) ;
#10968 = EDGE_CURVE ( 'NONE', #2891, #7995, #9987, .T. ) ;
#10969 = DIRECTION ( 'NONE',  ( -0.0000000000000000000, -0.0000000000000000000, -1.000000000000000000 ) ) ;
#10970 = CARTESIAN_POINT ( 'NONE',  ( -1.675000000000000044, -0.8850000000000000089, 7.632783294297950229E-16 ) ) ;
#10971 = ORIENTED_EDGE ( 'NONE', *, *, #10818, .F. ) ;
#10972 = FACE_OUTER_BOUND ( 'NONE', #4218, .T. ) ;
#10973 = CARTESIAN_POINT ( 'NONE',  ( -9.449999999999999289, -2.500000000000000000, 0.2999999999999999889 ) ) ;
#10974 = DIRECTION ( 'NONE',  ( 0.0000000000000000000, 0.7071067811865461294, -0.7071067811865490160 ) ) ;
#10975 = SURFACE_STYLE_USAGE ( .BOTH. , #5502 ) ;
#10976 = ORIENTED_EDGE ( 'NONE', *, *, #4048, .T. ) ;
#10977 = ADVANCED_FACE ( 'NONE', ( #2627 ), #9863, .F. ) ;
#10978 = CARTESIAN_POINT ( 'NONE',  ( 0.7650000000000000133, -0.5050000000000001155, 4.900000000000000355 ) ) ;
#10979 = ORIENTED_EDGE ( 'NONE', *, *, #7555, .F. ) ;
#10980 = EDGE_CURVE ( 'NONE', #643, #5901, #3743, .T. ) ;
#10981 = LINE ( 'NONE', #1987, #9237 ) ;
#10982 = VECTOR ( 'NONE', #8234, 1000.000000000000000 ) ;
#10983 = DIRECTION ( 'NONE',  ( -1.000000000000000000, 0.0000000000000000000, 0.0000000000000000000 ) ) ;
#10984 = LINE ( 'NONE', #7171, #6598 ) ;
#10985 = DIRECTION ( 'NONE',  ( 1.000000000000000000, 2.082970027439319880E-16, -1.156280642033610094E-31 ) ) ;
#10986 = ORIENTED_EDGE ( 'NONE', *, *, #7348, .T. ) ;
#10987 = LINE ( 'NONE', #3785, #2199 ) ;
#10988 = ORIENTED_EDGE ( 'NONE', *, *, #9747, .F. ) ;
#10989 = CARTESIAN_POINT ( 'NONE',  ( 2.612972599797700035E-15, 2.500000000000000000, 0.2999999999999999889 ) ) ;
#10990 = DIRECTION ( 'NONE',  ( 1.000000000000000000, 0.0000000000000000000, -0.0000000000000000000 ) ) ;
#10991 = ADVANCED_FACE ( 'NONE', ( #2804 ), #5474, .F. ) ;
#10992 = CARTESIAN_POINT ( 'NONE',  ( 9.449999999999999289, -2.500000000000000000, 0.2999999999999999889 ) ) ;
#10993 = PLANE ( 'NONE',  #4278 ) ;
#10994 = CARTESIAN_POINT ( 'NONE',  ( 5.895000000000000462, -0.7500000000000000000, 4.850000000000000533 ) ) ;
#10995 = ORIENTED_EDGE ( 'NONE', *, *, #1325, .F. ) ;
#10996 = LINE ( 'NONE', #994, #5234 ) ;
#10997 = FACE_OUTER_BOUND ( 'NONE', #9621, .T. ) ;
#10998 = CARTESIAN_POINT ( 'NONE',  ( 5.585000000000000853, -0.5050000000000000044, 4.899999999999999467 ) ) ;
#10999 = VECTOR ( 'NONE', #4228, 1000.000000000000000 ) ;
#11000 = ORIENTED_EDGE ( 'NONE', *, *, #8076, .T. ) ;
#11001 = CARTESIAN_POINT ( 'NONE',  ( -5.844999999999999751, -0.7649999999999996803, 4.900000000000000355 ) ) ;
#11002 = ORIENTED_EDGE ( 'NONE', *, *, #10340, .F. ) ;
#11003 = CARTESIAN_POINT ( 'NONE',  ( -0.5050000000000002265, 3.299999999999999822, 0.3600000000000009304 ) ) ;
#11004 = DIRECTION ( 'NONE',  ( 0.0000000000000000000, 0.7071067811865461294, -0.7071067811865490160 ) ) ;
#11005 = ADVANCED_FACE ( 'NONE', ( #4693 ), #3799, .T. ) ;
#11006 = ORIENTED_EDGE ( 'NONE', *, *, #11433, .T. ) ;
#11007 = LINE ( 'NONE', #3572, #4455 ) ;
#11008 = PLANE ( 'NONE',  #5492 ) ;
#11009 = ORIENTED_EDGE ( 'NONE', *, *, #5478, .F. ) ;
#11010 = ORIENTED_EDGE ( 'NONE', *, *, #2960, .F. ) ;
#11011 = PLANE ( 'NONE',  #4853 ) ;
#11012 = ORIENTED_EDGE ( 'NONE', *, *, #6264, .T. ) ;
#11013 = LINE ( 'NONE', #3636, #10477 ) ;
#11014 = ORIENTED_EDGE ( 'NONE', *, *, #2768, .T. ) ;
#11015 = LINE ( 'NONE', #10962, #6492 ) ;
#11016 = ORIENTED_EDGE ( 'NONE', *, *, #9668, .F. ) ;
#11017 = AXIS2_PLACEMENT_3D ( 'NONE', #10603, #2457, #6064 ) ;
#11018 = VERTEX_POINT ( 'NONE', #2681 ) ;
#11019 = PLANE ( 'NONE',  #8631 ) ;
#11020 = FACE_OUTER_BOUND ( 'NONE', #3490, .T. ) ;
#11021 = CARTESIAN_POINT ( 'NONE',  ( 5.895000000000000462, -3.250000000000000444, 2.564999999999999947 ) ) ;
#11022 = PLANE ( 'NONE',  #5848 ) ;
#11023 = ORIENTED_EDGE ( 'NONE', *, *, #11395, .F. ) ;
#11024 = CARTESIAN_POINT ( 'NONE',  ( 0.8649999999999998801, -3.200000000000000178, 0.4600000000000010192 ) ) ;
#11025 = VECTOR ( 'NONE', #7420, 1000.000000000000000 ) ;
#11026 = DIRECTION ( 'NONE',  ( -0.0000000000000000000, 8.915067114227699459E-17, -1.000000000000000000 ) ) ;
#11027 = DIRECTION ( 'NONE',  ( -1.000000000000000000, 0.0000000000000000000, 0.0000000000000000000 ) ) ;
#11028 = ADVANCED_FACE ( 'NONE', ( #6415 ), #1845, .T. ) ;
#11029 = EDGE_CURVE ( 'NONE', #5779, #5858, #11337, .T. ) ;
#11030 = ORIENTED_EDGE ( 'NONE', *, *, #3104, .F. ) ;
#11031 = VECTOR ( 'NONE', #10762, 1000.000000000000000 ) ;
#11032 = LINE ( 'NONE', #6391, #11509 ) ;
#11033 = DIRECTION ( 'NONE',  ( 0.7071067811865461294, 0.7071067811865490160, 4.329780281177481220E-17 ) ) ;
#11034 = EDGE_LOOP ( 'NONE', ( #2422, #3536, #618, #3394 ) ) ;
#11035 = DIRECTION ( 'NONE',  ( 1.000000000000000000, 2.082970027439319880E-16, -1.156280642033610094E-31 ) ) ;
#11036 = CARTESIAN_POINT ( 'NONE',  ( -0.4050000000000000266, -0.8649999999999997691, 0.4800000000000009814 ) ) ;
#11037 = LINE ( 'NONE', #10075, #3390 ) ;
#11038 = ORIENTED_EDGE ( 'NONE', *, *, #6981, .T. ) ;
#11039 = LINE ( 'NONE', #1995, #7218 ) ;
#11040 = VECTOR ( 'NONE', #10737, 1000.000000000000000 ) ;
#11041 = DIRECTION ( 'NONE',  ( 0.0000000000000000000, 0.0000000000000000000, 1.000000000000000000 ) ) ;
#11042 = VECTOR ( 'NONE', #10576, 1000.000000000000000 ) ;
#11043 = ORIENTED_EDGE ( 'NONE', *, *, #1483, .T. ) ;
#11044 = EDGE_CURVE ( 'NONE', #2308, #4856, #821, .T. ) ;
#11045 = CARTESIAN_POINT ( 'NONE',  ( 5.585000000000000853, -0.7650000000000000133, 4.899999999999999467 ) ) ;
#11046 = DIRECTION ( 'NONE',  ( 0.0000000000000000000, 0.0000000000000000000, -1.000000000000000000 ) ) ;
#11047 = EDGE_CURVE ( 'NONE', #3740, #718, #10884, .T. ) ;
#11048 = CARTESIAN_POINT ( 'NONE',  ( -9.449999999999999289, 2.499999999999997780, 0.2999999999999999889 ) ) ;
#11049 = AXIS2_PLACEMENT_3D ( 'NONE', #8329, #3756, #10838 ) ;
#11050 = FACE_OUTER_BOUND ( 'NONE', #10640, .T. ) ;
#11051 = ORIENTED_EDGE ( 'NONE', *, *, #8449, .F. ) ;
#11052 = DIRECTION ( 'NONE',  ( 0.0000000000000000000, -0.7071067811865461294, -0.7071067811865490160 ) ) ;
#11053 = CARTESIAN_POINT ( 'NONE',  ( -3.405000000000000249, 0.8850000000000000089, 0.4800000000000009814 ) ) ;
#11054 = ORIENTED_EDGE ( 'NONE', *, *, #3354, .T. ) ;
#11055 = ADVANCED_FACE ( 'NONE', ( #3568 ), #6288, .F. ) ;
#11056 = DIRECTION ( 'NONE',  ( -1.000000000000000000, 0.0000000000000000000, 2.099659365964729900E-16 ) ) ;
#11057 = ORIENTED_EDGE ( 'NONE', *, *, #4485, .T. ) ;
#11058 = DIRECTION ( 'NONE',  ( 0.0000000000000000000, -1.000000000000000000, -0.0000000000000000000 ) ) ;
#11059 = VECTOR ( 'NONE', #5615, 1000.000000000000000 ) ;
#11060 = CARTESIAN_POINT ( 'NONE',  ( 0.5050000000000000044, 0.6350000000000000089, 4.900000000000000355 ) ) ;
#11061 = EDGE_CURVE ( 'NONE', #4241, #1073, #1782, .T. ) ;
#11062 = EDGE_LOOP ( 'NONE', ( #3030, #2841, #11452, #961 ) ) ;
#11063 = DIRECTION ( 'NONE',  ( 1.000000000000000000, -0.0000000000000000000, 0.0000000000000000000 ) ) ;
#11064 = LINE ( 'NONE', #6526, #7600 ) ;
#11065 = ORIENTED_EDGE ( 'NONE', *, *, #7922, .T. ) ;
#11066 = AXIS2_PLACEMENT_3D ( 'NONE', #10727, #3417, #6970 ) ;
#11067 = ORIENTED_EDGE ( 'NONE', *, *, #8215, .F. ) ;
#11068 = CARTESIAN_POINT ( 'NONE',  ( 2.205000000000000071, -2.500000000000000000, 0.5999999999999999778 ) ) ;
#11069 = EDGE_LOOP ( 'NONE', ( #11351, #2613, #9234, #9168 ) ) ;
#11070 = EDGE_CURVE ( 'NONE', #2252, #11707, #11766, .T. ) ;
#11071 = LINE ( 'NONE', #9118, #3271 ) ;
#11072 = LINE ( 'NONE', #5710, #8598 ) ;
#11073 = EDGE_CURVE ( 'NONE', #10814, #5931, #8142, .T. ) ;
#11074 = CARTESIAN_POINT ( 'NONE',  ( 3.305000000000000160, -3.299999999999999378, 0.1000000000000008105 ) ) ;
#11075 = ORIENTED_EDGE ( 'NONE', *, *, #9240, .F. ) ;
#11076 = VECTOR ( 'NONE', #8693, 1000.000000000000000 ) ;
#11077 = DIRECTION ( 'NONE',  ( 0.0000000000000000000, 1.000000000000000000, -0.0000000000000000000 ) ) ;
#11078 = DIRECTION ( 'NONE',  ( -1.000000000000000000, 2.082970027439319880E-16, 1.156280642033610094E-31 ) ) ;
#11079 = FACE_OUTER_BOUND ( 'NONE', #1896, .T. ) ;
#11080 = LINE ( 'NONE', #11196, #728 ) ;
#11081 = ORIENTED_EDGE ( 'NONE', *, *, #3656, .F. ) ;
#11082 = ADVANCED_FACE ( 'NONE', ( #10097 ), #7244, .T. ) ;
#11083 = DIRECTION ( 'NONE',  ( -0.7071067811865489050, 0.0000000000000000000, -0.7071067811865460184 ) ) ;
#11084 = AXIS2_PLACEMENT_3D ( 'NONE', #7354, #3666, #6452 ) ;
#11085 = CARTESIAN_POINT ( 'NONE',  ( 3.174999999999999822, -0.8849999999999998979, 9.757819552369539906E-16 ) ) ;
#11086 = DIRECTION ( 'NONE',  ( -1.000000000000000000, -0.0000000000000000000, -0.0000000000000000000 ) ) ;
#11087 = DIRECTION ( 'NONE',  ( 0.0000000000000000000, -1.000000000000000000, 0.0000000000000000000 ) ) ;
#11088 = ORIENTED_EDGE ( 'NONE', *, *, #10015, .T. ) ;
#11089 = LINE ( 'NONE', #82, #3901 ) ;
#11090 = DIRECTION ( 'NONE',  ( -0.0000000000000000000, 1.000000000000000000, 0.0000000000000000000 ) ) ;
#11091 = VERTEX_POINT ( 'NONE', #7538 ) ;
#11092 = CARTESIAN_POINT ( 'NONE',  ( -0.5050000000000000044, -0.6350000000000000089, 4.900000000000000355 ) ) ;
#11093 = CARTESIAN_POINT ( 'NONE',  ( -5.714999999999999858, 0.6350000000000000089, 4.900000000000000355 ) ) ;
#11094 = DIRECTION ( 'NONE',  ( -0.7071067811865489050, -0.7071067811865460184, 0.0000000000000000000 ) ) ;
#11095 = ORIENTED_EDGE ( 'NONE', *, *, #9390, .T. ) ;
#11096 = CARTESIAN_POINT ( 'NONE',  ( -2.134999999999999787, 0.8850000000000000089, 8.636121991262880755E-16 ) ) ;
#11097 = ADVANCED_FACE ( 'NONE', ( #2915 ), #9338, .F. ) ;
#11098 = DIRECTION ( 'NONE',  ( -0.7071067811865510144, -0.7071067811865441310, 0.0000000000000000000 ) ) ;
#11099 = AXIS2_PLACEMENT_3D ( 'NONE', #10924, #2783, #6395 ) ;
#11100 = DIRECTION ( 'NONE',  ( -1.000000000000000000, -0.0000000000000000000, -0.0000000000000000000 ) ) ;
#11101 = VERTEX_POINT ( 'NONE', #8489 ) ;
#11102 = CYLINDRICAL_SURFACE ( 'NONE', #6891, 0.4800000000000000933 ) ;
#11103 = PLANE ( 'NONE',  #2351 ) ;
#11104 = VECTOR ( 'NONE', #2729, 1000.000000000000000 ) ;
#11105 = VECTOR ( 'NONE', #4811, 1000.000000000000000 ) ;
#11106 = CARTESIAN_POINT ( 'NONE',  ( -2.875000000000000000, 5.834701157014200095E-17, 0.5999999999999999778 ) ) ;
#11107 = VERTEX_POINT ( 'NONE', #2073 ) ;
#11108 = CARTESIAN_POINT ( 'NONE',  ( -2.020000000000000018, -0.8149999999999999467, 4.850000000000000533 ) ) ;
#11109 = EDGE_CURVE ( 'NONE', #2766, #4576, #10396, .T. ) ;
#11110 = CARTESIAN_POINT ( 'NONE',  ( -3.045000000000000373, -0.5050000000000001155, 4.900000000000000355 ) ) ;
#11111 = EDGE_CURVE ( 'NONE', #5565, #718, #4864, .T. ) ;
#11112 = CARTESIAN_POINT ( 'NONE',  ( -5.485000000000000320, -3.200000000000000178, 0.4600000000000010192 ) ) ;
#11113 = ORIENTED_EDGE ( 'NONE', *, *, #2479, .T. ) ;
#11114 = CYLINDRICAL_SURFACE ( 'NONE', #2131, 0.4800000000000000933 ) ;
#11115 = VERTEX_POINT ( 'NONE', #2130 ) ;
#11116 = VECTOR ( 'NONE', #73, 1000.000000000000000 ) ;
#11117 =( GEOMETRIC_REPRESENTATION_CONTEXT ( 3 ) GLOBAL_UNCERTAINTY_ASSIGNED_CONTEXT ( ( #9550 ) ) GLOBAL_UNIT_ASSIGNED_CONTEXT ( ( #7917, #3411, #10778 ) ) REPRESENTATION_CONTEXT ( 'NONE', 'WORKASPACE' ) );
#11118 = DIRECTION ( 'NONE',  ( 1.953503796022424979E-47, -1.000000000000000000, 9.303908184768099600E-32 ) ) ;
#11119 = VECTOR ( 'NONE', #9072, 1000.000000000000000 ) ;
#11120 = CYLINDRICAL_SURFACE ( 'NONE', #63, 0.4800000000000000933 ) ;
#11121 = ADVANCED_FACE ( 'NONE', ( #10217 ), #4973, .F. ) ;
#11122 = LINE ( 'NONE', #11234, #260 ) ;
#11123 = DIRECTION ( 'NONE',  ( 1.000000000000000000, -2.091314696702029574E-16, -2.091314696702020699E-16 ) ) ;
#11124 = VERTEX_POINT ( 'NONE', #9389 ) ;
#11125 = VECTOR ( 'NONE', #1319, 1000.000000000000000 ) ;
#11126 = ORIENTED_EDGE ( 'NONE', *, *, #6867, .T. ) ;
#11127 = DIRECTION ( 'NONE',  ( -1.000000000000000000, 2.082970027439319880E-16, -0.0000000000000000000 ) ) ;
#11128 = EDGE_CURVE ( 'NONE', #11210, #3221, #3966, .T. ) ;
#11129 = ORIENTED_EDGE ( 'NONE', *, *, #6421, .F. ) ;
#11130 = LINE ( 'NONE', #6651, #9717 ) ;
#11131 = ORIENTED_EDGE ( 'NONE', *, *, #7476, .F. ) ;
#11132 = DIRECTION ( 'NONE',  ( -1.953503796022424979E-47, 1.000000000000000000, -9.303908184768099600E-32 ) ) ;
#11133 = VECTOR ( 'NONE', #11745, 1000.000000000000000 ) ;
#11134 = EDGE_LOOP ( 'NONE', ( #9113, #83, #10788, #9415 ) ) ;
#11135 = EDGE_CURVE ( 'NONE', #20, #4508, #5756, .T. ) ;
#11136 = LINE ( 'NONE', #2989, #1606 ) ;
#11137 = ORIENTED_EDGE ( 'NONE', *, *, #3084, .F. ) ;
#11138 = CARTESIAN_POINT ( 'NONE',  ( -5.714999999999999858, -0.8649999999999999911, 0.4800000000000009814 ) ) ;
#11139 = EDGE_CURVE ( 'NONE', #11274, #6287, #9283, .T. ) ;
#11140 = VECTOR ( 'NONE', #4371, 1000.000000000000114 ) ;
#11141 = CARTESIAN_POINT ( 'NONE',  ( -0.5200000000000000178, -3.299999999999999822, 0.1000000000000008105 ) ) ;
#11142 = CARTESIAN_POINT ( 'NONE',  ( -0.4050000000000000822, 3.200000000000000178, 0.4600000000000011302 ) ) ;
#11143 = ORIENTED_EDGE ( 'NONE', *, *, #6167, .T. ) ;
#11144 = DIRECTION ( 'NONE',  ( -1.000000000000000000, 0.0000000000000000000, -0.0000000000000000000 ) ) ;
#11145 = DIRECTION ( 'NONE',  ( 0.0000000000000000000, 1.000000000000000000, -0.0000000000000000000 ) ) ;
#11146 = DIRECTION ( 'NONE',  ( 0.0000000000000000000, 0.0000000000000000000, 1.000000000000000000 ) ) ;
#11147 = VECTOR ( 'NONE', #3325, 1000.000000000000227 ) ;
#11148 = ORIENTED_EDGE ( 'NONE', *, *, #9855, .F. ) ;
#11149 = EDGE_CURVE ( 'NONE', #6445, #6778, #450, .T. ) ;
#11150 = DIRECTION ( 'NONE',  ( -0.7071067811865489050, 0.7071067811865460184, 0.0000000000000000000 ) ) ;
#11151 = CARTESIAN_POINT ( 'NONE',  ( 2.134999999999999787, -0.4050000000000000266, 4.900000000000000355 ) ) ;
#11152 = ORIENTED_EDGE ( 'NONE', *, *, #672, .F. ) ;
#11153 = PLANE ( 'NONE',  #1443 ) ;
#11154 = EDGE_CURVE ( 'NONE', #5128, #6852, #11230, .T. ) ;
#11155 = CARTESIAN_POINT ( 'NONE',  ( 5.945000000000000284, 3.200000000000000178, 7.632783294297948257E-16 ) ) ;
#11156 = CARTESIAN_POINT ( 'NONE',  ( 4.445000000000000284, 0.8850000000000000089, 0.4600000000000009637 ) ) ;
#11157 = EDGE_LOOP ( 'NONE', ( #10512, #9585, #10051, #2855 ) ) ;
#11158 = CARTESIAN_POINT ( 'NONE',  ( -4.675000000000000711, -0.4050000000000000266, 4.900000000000000355 ) ) ;
#11159 = VECTOR ( 'NONE', #10259, 1000.000000000000227 ) ;
#11160 = ORIENTED_EDGE ( 'NONE', *, *, #4779, .F. ) ;
#11161 = PLANE ( 'NONE',  #10389 ) ;
#11162 = DIRECTION ( 'NONE',  ( 1.000000000000000000, -0.0000000000000000000, -2.099659365964729900E-16 ) ) ;
#11163 = ORIENTED_EDGE ( 'NONE', *, *, #8591, .T. ) ;
#11164 = CARTESIAN_POINT ( 'NONE',  ( 0.4050000000000000266, -0.8649999999999999911, 4.799999999999999822 ) ) ;
#11165 = VECTOR ( 'NONE', #11601, 1000.000000000000000 ) ;
#11166 = LINE ( 'NONE', #4686, #5 ) ;
#11167 = ORIENTED_EDGE ( 'NONE', *, *, #9390, .F. ) ;
#11168 = DIRECTION ( 'NONE',  ( 1.000000000000000000, 0.0000000000000000000, 0.0000000000000000000 ) ) ;
#11169 = CARTESIAN_POINT ( 'NONE',  ( 4.315000000000000391, -0.5050000000000000044, 4.900000000000000355 ) ) ;
#11170 = DIRECTION ( 'NONE',  ( 0.0000000000000000000, 1.000000000000000000, 0.0000000000000000000 ) ) ;
#11171 = EDGE_LOOP ( 'NONE', ( #4067, #6880, #4766, #3419 ) ) ;
#11172 = LINE ( 'NONE', #553, #1362 ) ;
#11173 = ORIENTED_EDGE ( 'NONE', *, *, #4291, .F. ) ;
#11174 = VECTOR ( 'NONE', #9598, 1000.000000000000000 ) ;
#11175 = DIRECTION ( 'NONE',  ( 2.957565607266179811E-16, 0.7071067811865490160, 0.7071067811865461294 ) ) ;
#11176 = CARTESIAN_POINT ( 'NONE',  ( -4.214999999999999858, 0.8850000000000000089, 8.131516293641283255E-16 ) ) ;
#11177 = ADVANCED_FACE ( 'NONE', ( #6698 ), #1172, .F. ) ;
#11178 = EDGE_CURVE ( 'NONE', #4438, #7770, #10331, .T. ) ;
#11179 = EDGE_CURVE ( 'NONE', #2633, #4708, #2250, .T. ) ;
#11180 = ORIENTED_EDGE ( 'NONE', *, *, #4531, .T. ) ;
#11181 = CARTESIAN_POINT ( 'NONE',  ( -5.945000000000000284, 0.8649999999999999911, 4.799999999999999822 ) ) ;
#11182 = DIRECTION ( 'NONE',  ( 1.665334536937729880E-16, -1.000000000000000000, 0.0000000000000000000 ) ) ;
#11183 = VERTEX_POINT ( 'NONE', #4806 ) ;
#11184 = MECHANICAL_DESIGN_GEOMETRIC_PRESENTATION_REPRESENTATION (  '', ( #1492 ), #1291 ) ;
#11185 = ORIENTED_EDGE ( 'NONE', *, *, #5678, .T. ) ;
#11186 = FILL_AREA_STYLE_COLOUR ( '', #5620 ) ;
#11187 = VERTEX_POINT ( 'NONE', #3147 ) ;
#11188 = DIRECTION ( 'NONE',  ( 0.5773502691896207351, -0.5773502691896282846, 0.5773502691896282846 ) ) ;
#11189 = CARTESIAN_POINT ( 'NONE',  ( 2.220446049250309925E-15, -2.050000000040750336, 5.200000000000001066 ) ) ;
#11190 = VECTOR ( 'NONE', #2688, 1000.000000000000000 ) ;
#11191 = ORIENTED_EDGE ( 'NONE', *, *, #2158, .T. ) ;
#11192 = EDGE_CURVE ( 'NONE', #11534, #7280, #5817, .T. ) ;
#11193 = DIRECTION ( 'NONE',  ( 0.0000000000000000000, -1.000000000000000000, -0.0000000000000000000 ) ) ;
#11194 = ORIENTED_EDGE ( 'NONE', *, *, #9155, .T. ) ;
#11195 = DIRECTION ( 'NONE',  ( -1.000000000000000000, 0.0000000000000000000, 2.099659365964729900E-16 ) ) ;
#11196 = CARTESIAN_POINT ( 'NONE',  ( 1.790000000000000036, -0.7649999999999994582, 4.900000000000000355 ) ) ;
#11197 = LINE ( 'NONE', #7670, #3891 ) ;
#11198 = DIRECTION ( 'NONE',  ( -0.0000000000000000000, 1.000000000000000000, 8.915067114227699459E-17 ) ) ;
#11199 = ADVANCED_FACE ( 'NONE', ( #8433 ), #5869, .F. ) ;
#11200 = DIRECTION ( 'NONE',  ( 1.000000000000000000, 2.082970027439319880E-16, -1.156280642033610094E-31 ) ) ;
#11201 = EDGE_CURVE ( 'NONE', #1669, #5577, #7479, .T. ) ;
#11202 = ORIENTED_EDGE ( 'NONE', *, *, #2119, .T. ) ;
#11203 = VECTOR ( 'NONE', #9276, 1000.000000000000000 ) ;
#11204 = CARTESIAN_POINT ( 'NONE',  ( -0.8149999999999999467, -3.250000000000000444, 2.564999999999999947 ) ) ;
#11205 = CARTESIAN_POINT ( 'NONE',  ( -3.354999999999999982, -3.250000000000000444, 2.564999999999999947 ) ) ;
#11206 = ORIENTED_EDGE ( 'NONE', *, *, #6157, .F. ) ;
#11207 = CARTESIAN_POINT ( 'NONE',  ( -2.944999999999999840, 0.8649999999999999911, 4.900000000000000355 ) ) ;
#11208 = FACE_OUTER_BOUND ( 'NONE', #4609, .T. ) ;
#11209 = DIRECTION ( 'NONE',  ( 3.061616997868384251E-17, 3.061616997868414449E-17, 1.000000000000000000 ) ) ;
#11210 = VERTEX_POINT ( 'NONE', #10277 ) ;
#11211 = CARTESIAN_POINT ( 'NONE',  ( 1.905000000000000027, -0.6350000000000000089, 4.900000000000000355 ) ) ;
#11212 = LINE ( 'NONE', #3246, #1155 ) ;
#11213 = EDGE_CURVE ( 'NONE', #4473, #10694, #2972, .T. ) ;
#11214 = CARTESIAN_POINT ( 'NONE',  ( -5.485000000000000320, 0.8649999999999999911, 4.900000000000000355 ) ) ;
#11215 = ORIENTED_EDGE ( 'NONE', *, *, #4010, .F. ) ;
#11216 = CARTESIAN_POINT ( 'NONE',  ( 0.7650000000000000133, -0.7649999999999994582, 4.900000000000000355 ) ) ;
#11217 = VECTOR ( 'NONE', #10581, 1000.000000000000000 ) ;
#11218 = EDGE_CURVE ( 'NONE', #3871, #6400, #698, .T. ) ;
#11219 = VECTOR ( 'NONE', #8685, 1000.000000000000000 ) ;
#11220 = VERTEX_POINT ( 'NONE', #1410 ) ;
#11221 = LINE ( 'NONE', #4854, #4444 ) ;
#11222 = ORIENTED_EDGE ( 'NONE', *, *, #3205, .F. ) ;
#11223 = CARTESIAN_POINT ( 'NONE',  ( -1.905000000000000027, -0.6350000000000000089, 4.900000000000000355 ) ) ;
#11224 = FACE_OUTER_BOUND ( 'NONE', #9932, .T. ) ;
#11225 = CARTESIAN_POINT ( 'NONE',  ( 3.304999999999999716, 3.299999999999999378, 0.3600000000000009304 ) ) ;
#11226 = VECTOR ( 'NONE', #9726, 1000.000000000000000 ) ;
#11227 = ORIENTED_EDGE ( 'NONE', *, *, #5146, .T. ) ;
#11228 = EDGE_CURVE ( 'NONE', #10267, #11680, #1532, .T. ) ;
#11229 = ORIENTED_EDGE ( 'NONE', *, *, #7463, .F. ) ;
#11230 = LINE ( 'NONE', #2190, #499 ) ;
#11231 = DIRECTION ( 'NONE',  ( 0.0000000000000000000, 1.000000000000000000, 0.0000000000000000000 ) ) ;
#11232 = ORIENTED_EDGE ( 'NONE', *, *, #9142, .T. ) ;
#11233 = VECTOR ( 'NONE', #6384, 1000.000000000000000 ) ;
#11234 = CARTESIAN_POINT ( 'NONE',  ( 4.675000000000000711, -3.200000000000000178, 0.4600000000000011857 ) ) ;
#11235 = DIRECTION ( 'NONE',  ( -2.258754526011467242E-16, -1.000000000000000000, 0.0000000000000000000 ) ) ;
#11236 = VERTEX_POINT ( 'NONE', #10457 ) ;
#11237 = ORIENTED_EDGE ( 'NONE', *, *, #1307, .T. ) ;
#11238 = LINE ( 'NONE', #2981, #5429 ) ;
#11239 = ADVANCED_FACE ( 'NONE', ( #8867 ), #2552, .T. ) ;
#11240 = VECTOR ( 'NONE', #3099, 1000.000000000000000 ) ;
#11241 = ADVANCED_FACE ( 'NONE', ( #9734 ), #6045, .T. ) ;
#11242 = CARTESIAN_POINT ( 'NONE',  ( -3.045000000000000373, 3.299999999999999378, 0.3600000000000009304 ) ) ;
#11243 = ORIENTED_EDGE ( 'NONE', *, *, #1651, .F. ) ;
#11244 = PLANE ( 'NONE',  #811 ) ;
#11245 = DIRECTION ( 'NONE',  ( 0.0000000000000000000, 8.915067114227699459E-17, 1.000000000000000000 ) ) ;
#11246 = ORIENTED_EDGE ( 'NONE', *, *, #3217, .F. ) ;
#11247 = VECTOR ( 'NONE', #2679, 1000.000000000000000 ) ;
#11248 = CARTESIAN_POINT ( 'NONE',  ( 2.875000000000000000, -2.499999999999999556, 0.5999999999999999778 ) ) ;
#11249 = VERTEX_POINT ( 'NONE', #1660 ) ;
#11250 = EDGE_CURVE ( 'NONE', #1298, #11210, #636, .T. ) ;
#11251 = CARTESIAN_POINT ( 'NONE',  ( -8.600000000002909317, 1.650000000040750425, 4.799999999999998046 ) ) ;
#11252 = EDGE_CURVE ( 'NONE', #1498, #10003, #2432, .T. ) ;
#11253 = PLANE ( 'NONE',  #7996 ) ;
#11254 = VERTEX_POINT ( 'NONE', #10698 ) ;
#11255 = COLOUR_RGB ( '',0.01960784313725490169, 0.01960784313725490169, 0.01960784313725490169 ) ;
#11256 = DIRECTION ( 'NONE',  ( 0.0000000000000000000, 0.0000000000000000000, 1.000000000000000000 ) ) ;
#11257 = ORIENTED_EDGE ( 'NONE', *, *, #11357, .T. ) ;
#11258 = ADVANCED_FACE ( 'NONE', ( #6159 ), #9799, .F. ) ;
#11259 = VECTOR ( 'NONE', #4929, 1000.000000000000000 ) ;
#11260 = DIRECTION ( 'NONE',  ( 0.0000000000000000000, 0.0000000000000000000, -1.000000000000000000 ) ) ;
#11261 = CARTESIAN_POINT ( 'NONE',  ( -4.744999999999999218, 2.499999999999999112, 0.2999999999999999889 ) ) ;
#11262 = VERTEX_POINT ( 'NONE', #1593 ) ;
#11263 = LINE ( 'NONE', #1450, #9029 ) ;
#11264 = DIRECTION ( 'NONE',  ( 1.000000000000000000, -0.0000000000000000000, -2.099659365964729900E-16 ) ) ;
#11265 = DIRECTION ( 'NONE',  ( 0.0000000000000000000, -1.000000000000000000, -0.0000000000000000000 ) ) ;
#11266 = CARTESIAN_POINT ( 'NONE',  ( 2.035000000000000142, -3.299999999999999822, 0.1000000000000007827 ) ) ;
#11267 = EDGE_CURVE ( 'NONE', #2266, #10829, #2493, .T. ) ;
#11268 = DIRECTION ( 'NONE',  ( 0.0000000000000000000, 0.0000000000000000000, 1.000000000000000000 ) ) ;
#11269 = CARTESIAN_POINT ( 'NONE',  ( 2.612972599797700035E-15, 5.806605777328229749E-16, 0.2999999999999999889 ) ) ;
#11270 = ORIENTED_EDGE ( 'NONE', *, *, #11760, .F. ) ;
#11271 = DIRECTION ( 'NONE',  ( 0.0000000000000000000, 0.0000000000000000000, 1.000000000000000000 ) ) ;
#11272 = VECTOR ( 'NONE', #11046, 1000.000000000000000 ) ;
#11273 = FACE_OUTER_BOUND ( 'NONE', #10675, .T. ) ;
#11274 = VERTEX_POINT ( 'NONE', #571 ) ;
#11275 = PLANE ( 'NONE',  #10917 ) ;
#11276 = EDGE_CURVE ( 'NONE', #7004, #10409, #9680, .T. ) ;
#11277 = CARTESIAN_POINT ( 'NONE',  ( 0.4049999999999997491, 3.200000000000000178, 8.052285935886216675E-16 ) ) ;
#11278 = ORIENTED_EDGE ( 'NONE', *, *, #10067, .T. ) ;
#11279 = DIRECTION ( 'NONE',  ( -1.000000000000000000, 0.0000000000000000000, 0.0000000000000000000 ) ) ;
#11280 = VECTOR ( 'NONE', #10904, 1000.000000000000000 ) ;
#11281 = CARTESIAN_POINT ( 'NONE',  ( 0.4050000000000000266, -0.8850000000000000089, 0.4600000000000010192 ) ) ;
#11282 = EDGE_CURVE ( 'NONE', #5291, #679, #9622, .T. ) ;
#11283 = LINE ( 'NONE', #1288, #8948 ) ;
#11284 = EDGE_CURVE ( 'NONE', #9740, #10891, #10585, .T. ) ;
#11285 = ORIENTED_EDGE ( 'NONE', *, *, #428, .T. ) ;
#11286 = ORIENTED_EDGE ( 'NONE', *, *, #6172, .F. ) ;
#11287 = CARTESIAN_POINT ( 'NONE',  ( -2.134999999999999787, 3.200000000000000178, 0.4600000000000010192 ) ) ;
#11288 = LINE ( 'NONE', #4090, #9185 ) ;
#11289 = VERTEX_POINT ( 'NONE', #11416 ) ;
#11290 = VECTOR ( 'NONE', #7266, 1000.000000000000000 ) ;
#11291 = VECTOR ( 'NONE', #11077, 1000.000000000000000 ) ;
#11292 = ORIENTED_EDGE ( 'NONE', *, *, #3639, .T. ) ;
#11293 = EDGE_CURVE ( 'NONE', #4630, #6989, #513, .T. ) ;
#11294 = DIRECTION ( 'NONE',  ( 1.665334536937729880E-16, 1.000000000000000000, 0.0000000000000000000 ) ) ;
#11295 = DIRECTION ( 'NONE',  ( -0.0000000000000000000, 0.7071067811865461294, 0.7071067811865490160 ) ) ;
#11296 = ORIENTED_EDGE ( 'NONE', *, *, #2297, .F. ) ;
#11297 = DIRECTION ( 'NONE',  ( 1.000000000000000000, -2.091314696702029574E-16, -2.091314696702020699E-16 ) ) ;
#11298 = ORIENTED_EDGE ( 'NONE', *, *, #520, .F. ) ;
#11299 = CARTESIAN_POINT ( 'NONE',  ( 4.625000000000000000, -3.250000000000000444, 2.564999999999999947 ) ) ;
#11300 = EDGE_CURVE ( 'NONE', #7510, #883, #4336, .T. ) ;
#11301 = VECTOR ( 'NONE', #7040, 1000.000000000000000 ) ;
#11302 = VECTOR ( 'NONE', #9976, 1000.000000000000000 ) ;
#11303 = ORIENTED_EDGE ( 'NONE', *, *, #1160, .F. ) ;
#11304 = AXIS2_PLACEMENT_3D ( 'NONE', #10731, #2762, #6309 ) ;
#11305 = DIRECTION ( 'NONE',  ( 0.0000000000000000000, -0.7071067811865470176, -0.7071067811865480168 ) ) ;
#11306 = FACE_OUTER_BOUND ( 'NONE', #10415, .T. ) ;
#11307 = CARTESIAN_POINT ( 'NONE',  ( -5.415000000000000036, 2.499999999999998224, 0.2999999999999999889 ) ) ;
#11308 = CARTESIAN_POINT ( 'NONE',  ( 4.675000000000000711, 0.8649999999999999911, 8.673617379884035472E-16 ) ) ;
#11309 = VECTOR ( 'NONE', #11297, 1000.000000000000000 ) ;
#11310 = COLOUR_RGB ( '',0.6980392156862744724, 0.5490196078431373028, 0.003921568627450980338 ) ;
#11311 = AXIS2_PLACEMENT_3D ( 'NONE', #11580, #3440, #11526 ) ;
#11312 = LINE ( 'NONE', #3166, #4647 ) ;
#11313 = EDGE_CURVE ( 'NONE', #6639, #5122, #6100, .T. ) ;
#11314 = DIRECTION ( 'NONE',  ( 0.0000000000000000000, -1.000000000000000000, -0.0000000000000000000 ) ) ;
#11315 = SURFACE_SIDE_STYLE ('',( #5886 ) ) ;
#11316 = DIRECTION ( 'NONE',  ( 0.0000000000000000000, 0.7071067811865489050, 0.7071067811865460184 ) ) ;
#11317 = PRESENTATION_STYLE_ASSIGNMENT (( #6966 ) ) ;
#11318 = DIRECTION ( 'NONE',  ( -1.000000000000000000, 2.082970027439319880E-16, 1.156280642033610094E-31 ) ) ;
#11319 = CARTESIAN_POINT ( 'NONE',  ( 5.484999999999999432, -0.4050000000000000266, 4.800000000000000711 ) ) ;
#11320 = DIRECTION ( 'NONE',  ( -1.000000000000000000, 0.0000000000000000000, 2.099659365964729900E-16 ) ) ;
#11321 = COLOUR_RGB ( '',0.6980392156862744724, 0.5490196078431373028, 0.003921568627450980338 ) ;
#11322 =( NAMED_UNIT ( * ) SI_UNIT ( $, .STERADIAN. ) SOLID_ANGLE_UNIT ( ) );
#11323 = ORIENTED_EDGE ( 'NONE', *, *, #1008, .T. ) ;
#11324 = EDGE_CURVE ( 'NONE', #5273, #397, #8924, .T. ) ;
#11325 = CARTESIAN_POINT ( 'NONE',  ( -0.5050000000000001155, 3.299999999999999822, 2.564999999999999947 ) ) ;
#11326 = DIRECTION ( 'NONE',  ( -2.099659365964729900E-16, -9.303908184768099600E-32, -1.000000000000000000 ) ) ;
#11327 = LINE ( 'NONE', #544, #4763 ) ;
#11328 = EDGE_LOOP ( 'NONE', ( #1253, #3517, #7118, #10709 ) ) ;
#11329 = CARTESIAN_POINT ( 'NONE',  ( 1.675000000000000044, -3.200000000000000178, 0.4600000000000011302 ) ) ;
#11330 = CARTESIAN_POINT ( 'NONE',  ( 4.264999999999999680, -3.250000000000000444, 2.564999999999999947 ) ) ;
#11331 = CARTESIAN_POINT ( 'NONE',  ( -1.725000000000000089, -0.7500000000000000000, 4.850000000000000533 ) ) ;
#11332 = ORIENTED_EDGE ( 'NONE', *, *, #3296, .F. ) ;
#11333 = CARTESIAN_POINT ( 'NONE',  ( -1.675000000000000266, -0.8850000000000000089, 0.4800000000000009814 ) ) ;
#11334 = CARTESIAN_POINT ( 'NONE',  ( 0.3350000000000000755, -2.499999999999999556, 0.2999999999999999889 ) ) ;
#11335 = DIRECTION ( 'NONE',  ( 0.5773502691896189587, -0.5773502691896290617, -0.5773502691896290617 ) ) ;
#11336 = ORIENTED_EDGE ( 'NONE', *, *, #9869, .T. ) ;
#11337 = CIRCLE ( 'NONE', #1460, 0.4800000000000000933 ) ;
#11338 = DIRECTION ( 'NONE',  ( 1.000000000000000000, 0.0000000000000000000, 0.0000000000000000000 ) ) ;
#11339 = CARTESIAN_POINT ( 'NONE',  ( -1.675000000000000044, 0.8850000000000000089, 8.131516293641283255E-16 ) ) ;
#11340 = ORIENTED_EDGE ( 'NONE', *, *, #7507, .F. ) ;
#11341 = EDGE_CURVE ( 'NONE', #2678, #4632, #7006, .T. ) ;
#11342 = FACE_OUTER_BOUND ( 'NONE', #10342, .T. ) ;
#11343 = UNCERTAINTY_MEASURE_WITH_UNIT (LENGTH_MEASURE( 1.000000000000000082E-05 ), #7449, 'distance_accuracy_value', 'NONE');
#11344 = DIRECTION ( 'NONE',  ( 1.000000000000000000, 2.082970027439319880E-16, 0.0000000000000000000 ) ) ;
#11345 = ORIENTED_EDGE ( 'NONE', *, *, #11047, .F. ) ;
#11346 = DIRECTION ( 'NONE',  ( 0.0000000000000000000, 0.0000000000000000000, 1.000000000000000000 ) ) ;
#11347 = VECTOR ( 'NONE', #6623, 1000.000000000000000 ) ;
#11348 = PLANE ( 'NONE',  #6362 ) ;
#11349 = DIRECTION ( 'NONE',  ( -0.7071067811865461294, 0.0000000000000000000, -0.7071067811865490160 ) ) ;
#11350 = FACE_OUTER_BOUND ( 'NONE', #2492, .T. ) ;
#11351 = ORIENTED_EDGE ( 'NONE', *, *, #7083, .F. ) ;
#11352 = ORIENTED_EDGE ( 'NONE', *, *, #6126, .F. ) ;
#11353 = CARTESIAN_POINT ( 'NONE',  ( 3.305000000000000160, -0.6350000000000000089, 4.900000000000000355 ) ) ;
#11354 = EDGE_CURVE ( 'NONE', #1237, #3520, #1712, .T. ) ;
#11355 = DIRECTION ( 'NONE',  ( -0.0000000000000000000, 0.7071067811865461294, 0.7071067811865490160 ) ) ;
#11356 = ORIENTED_EDGE ( 'NONE', *, *, #2158, .F. ) ;
#11357 = EDGE_CURVE ( 'NONE', #2882, #11107, #9814, .T. ) ;
#11358 = CARTESIAN_POINT ( 'NONE',  ( -5.485000000000000320, 0.8850000000000000089, 0.4600000000000010747 ) ) ;
#11359 = DIRECTION ( 'NONE',  ( 1.000000000000000000, 0.0000000000000000000, 0.0000000000000000000 ) ) ;
#11360 = VERTEX_POINT ( 'NONE', #4502 ) ;
#11361 = VERTEX_POINT ( 'NONE', #1770 ) ;
#11362 = CARTESIAN_POINT ( 'NONE',  ( -5.535000000000000142, -3.250000000000000444, 2.564999999999999947 ) ) ;
#11363 = VECTOR ( 'NONE', #11635, 1000.000000000000114 ) ;
#11364 = ORIENTED_EDGE ( 'NONE', *, *, #4601, .F. ) ;
#11365 = DIRECTION ( 'NONE',  ( -1.000000000000000000, 0.0000000000000000000, 2.099659365964729900E-16 ) ) ;
#11366 = EDGE_LOOP ( 'NONE', ( #3212, #815, #856, #5945 ) ) ;
#11367 = LINE ( 'NONE', #3215, #2401 ) ;
#11368 = ADVANCED_FACE ( 'NONE', ( #7119 ), #10758, .T. ) ;
#11369 = SURFACE_STYLE_FILL_AREA ( #9575 ) ;
#11370 = LINE ( 'NONE', #6888, #2812 ) ;
#11371 = CARTESIAN_POINT ( 'NONE',  ( 0.5049999999999996714, -3.299999999999999378, 0.3600000000000009304 ) ) ;
#11372 = EDGE_CURVE ( 'NONE', #10927, #2580, #4562, .T. ) ;
#11373 = DIRECTION ( 'NONE',  ( 0.0000000000000000000, -1.000000000000000000, 0.0000000000000000000 ) ) ;
#11374 = VECTOR ( 'NONE', #6487, 1000.000000000000000 ) ;
#11375 = CARTESIAN_POINT ( 'NONE',  ( 0.4050000000000000266, -0.8649999999999999911, 0.4800000000000010369 ) ) ;
#11376 = VERTEX_POINT ( 'NONE', #6276 ) ;
#11377 = CARTESIAN_POINT ( 'NONE',  ( 0.8649999999999999911, -0.4049999999999994160, 4.799999999999999822 ) ) ;
#11378 = DIRECTION ( 'NONE',  ( 0.0000000000000000000, 0.0000000000000000000, 1.000000000000000000 ) ) ;
#11379 = CARTESIAN_POINT ( 'NONE',  ( -5.485000000000000320, 0.4050000000000000266, 4.799999999999999822 ) ) ;
#11380 = DIRECTION ( 'NONE',  ( 1.000000000000000000, 0.0000000000000000000, -2.099659365964729900E-16 ) ) ;
#11381 = LINE ( 'NONE', #7735, #6655 ) ;
#11382 = VERTEX_POINT ( 'NONE', #2670 ) ;
#11383 = EDGE_CURVE ( 'NONE', #11683, #8810, #5459, .T. ) ;
#11384 = DIRECTION ( 'NONE',  ( 1.000000000000000000, 0.0000000000000000000, 0.0000000000000000000 ) ) ;
#11385 = VERTEX_POINT ( 'NONE', #9097 ) ;
#11386 = CARTESIAN_POINT ( 'NONE',  ( -6.014999999999999680, -2.499999999999999556, 0.5999999999999999778 ) ) ;
#11387 = DIRECTION ( 'NONE',  ( 1.000000000000000000, 2.082970027439319880E-16, -1.156280642033610094E-31 ) ) ;
#11388 = DIRECTION ( 'NONE',  ( -0.7071067811865510144, 0.7071067811865441310, 0.0000000000000000000 ) ) ;
#11389 = ORIENTED_EDGE ( 'NONE', *, *, #739, .F. ) ;
#11390 = LINE ( 'NONE', #7572, #1990 ) ;
#11391 = CARTESIAN_POINT ( 'NONE',  ( -1.675000000000000044, 0.8649999999999997691, 0.4800000000000011480 ) ) ;
#11392 = DIRECTION ( 'NONE',  ( 1.000000000000000000, 2.082970027439319880E-16, -1.156280642033610094E-31 ) ) ;
#11393 = LINE ( 'NONE', #3245, #5783 ) ;
#11394 = LINE ( 'NONE', #9485, #5345 ) ;
#11395 = EDGE_CURVE ( 'NONE', #1183, #1704, #8011, .T. ) ;
#11396 = DIRECTION ( 'NONE',  ( 1.000000000000000000, 0.0000000000000000000, -0.0000000000000000000 ) ) ;
#11397 = DIRECTION ( 'NONE',  ( 0.0000000000000000000, 0.0000000000000000000, 1.000000000000000000 ) ) ;
#11398 = EDGE_CURVE ( 'NONE', #2644, #2543, #2791, .T. ) ;
#11399 = VERTEX_POINT ( 'NONE', #6221 ) ;
#11400 = FACE_OUTER_BOUND ( 'NONE', #309, .T. ) ;
#11401 = LINE ( 'NONE', #7937, #1597 ) ;
#11402 = EDGE_LOOP ( 'NONE', ( #4020, #4574, #5049, #9958 ) ) ;
#11403 = AXIS2_PLACEMENT_3D ( 'NONE', #509, #3196, #692 ) ;
#11404 = CARTESIAN_POINT ( 'NONE',  ( -2.944999999999999840, 0.8649999999999997691, 0.4800000000000011480 ) ) ;
#11405 = LINE ( 'NONE', #7166, #3330 ) ;
#11406 = DIRECTION ( 'NONE',  ( 0.0000000000000000000, 1.000000000000000000, 0.0000000000000000000 ) ) ;
#11407 = VERTEX_POINT ( 'NONE', #9146 ) ;
#11408 = LINE ( 'NONE', #5094, #2592 ) ;
#11409 = CARTESIAN_POINT ( 'NONE',  ( -2.944999999999999840, -0.8649999999999999911, 4.799999999999999822 ) ) ;
#11410 = LINE ( 'NONE', #1342, #8967 ) ;
#11411 = PLANE ( 'NONE',  #2277 ) ;
#11412 = EDGE_CURVE ( 'NONE', #2029, #10644, #8071, .T. ) ;
#11413 = ORIENTED_EDGE ( 'NONE', *, *, #8609, .F. ) ;
#11414 = AXIS2_PLACEMENT_3D ( 'NONE', #154, #3790, #7414 ) ;
#11415 = ORIENTED_EDGE ( 'NONE', *, *, #6440, .F. ) ;
#11416 = CARTESIAN_POINT ( 'NONE',  ( 4.675000000000000711, -0.4049999999999996381, 0.4800000000000011480 ) ) ;
#11417 = LINE ( 'NONE', #9623, #10713 ) ;
#11418 = ORIENTED_EDGE ( 'NONE', *, *, #7012, .T. ) ;
#11419 = DIRECTION ( 'NONE',  ( -2.099659365964729900E-16, -9.303908184768099600E-32, -1.000000000000000000 ) ) ;
#11420 = CARTESIAN_POINT ( 'NONE',  ( -5.485000000000000320, -0.8850000000000000089, 0.4800000000000009814 ) ) ;
#11421 = EDGE_LOOP ( 'NONE', ( #8998, #3827, #10305, #8944 ) ) ;
#11423 = AXIS2_PLACEMENT_3D ( 'NONE', #10506, #438, #2295 ) ;
#11422 = DIRECTION ( 'NONE',  ( -1.000000000000000000, -0.0000000000000000000, 0.0000000000000000000 ) ) ;
#11424 = EDGE_CURVE ( 'NONE', #7637, #197, #3555, .T. ) ;
#11425 = VERTEX_POINT ( 'NONE', #10815 ) ;
#11426 = EDGE_CURVE ( 'NONE', #306, #9199, #7353, .T. ) ;
#11427 = CARTESIAN_POINT ( 'NONE',  ( -0.8649999999999999911, 0.8850000000000000089, 0.4600000000000009637 ) ) ;
#11428 = ORIENTED_EDGE ( 'NONE', *, *, #2921, .T. ) ;
#11429 = VECTOR ( 'NONE', #973, 1000.000000000000000 ) ;
#11430 = ORIENTED_EDGE ( 'NONE', *, *, #1577, .F. ) ;
#11431 = CYLINDRICAL_SURFACE ( 'NONE', #929, 0.02000000000000005246 ) ;
#11432 = ORIENTED_EDGE ( 'NONE', *, *, #11357, .F. ) ;
#11433 = EDGE_CURVE ( 'NONE', #6247, #4949, #10202, .T. ) ;
#11434 = AXIS2_PLACEMENT_3D ( 'NONE', #7964, #4397, #1545 ) ;
#11435 = EDGE_LOOP ( 'NONE', ( #3852, #5733, #7585, #10430 ) ) ;
#11436 = CARTESIAN_POINT ( 'NONE',  ( -5.485000000000000320, 0.8649999999999999911, 4.799999999999999822 ) ) ;
#11437 = CARTESIAN_POINT ( 'NONE',  ( 6.014999999999999680, -2.499999999999999556, 0.2999999999999999889 ) ) ;
#11438 = CARTESIAN_POINT ( 'NONE',  ( 3.060000000000000053, -0.7649999999999994582, 4.900000000000000355 ) ) ;
#11439 = EDGE_LOOP ( 'NONE', ( #8439, #6031, #5851, #6085 ) ) ;
#11440 = LINE ( 'NONE', #303, #7301 ) ;
#11441 = CARTESIAN_POINT ( 'NONE',  ( -5.895000000000000462, -3.250000000000000444, 2.564999999999999947 ) ) ;
#11442 = ORIENTED_EDGE ( 'NONE', *, *, #1601, .F. ) ;
#11443 = AXIS2_PLACEMENT_3D ( 'NONE', #9898, #10742, #9719 ) ;
#11444 = ORIENTED_EDGE ( 'NONE', *, *, #3841, .F. ) ;
#11445 = LINE ( 'NONE', #673, #9410 ) ;
#11446 = LINE ( 'NONE', #3298, #9590 ) ;
#11447 = DIRECTION ( 'NONE',  ( -1.000000000000000000, 0.0000000000000000000, -0.0000000000000000000 ) ) ;
#11448 = ORIENTED_EDGE ( 'NONE', *, *, #9793, .T. ) ;
#11449 = DIRECTION ( 'NONE',  ( -0.0000000000000000000, -0.0000000000000000000, 1.000000000000000000 ) ) ;
#11450 = DIRECTION ( 'NONE',  ( 0.0000000000000000000, 0.0000000000000000000, 1.000000000000000000 ) ) ;
#11451 = CARTESIAN_POINT ( 'NONE',  ( -5.485000000000000320, 0.8850000000000000089, 7.632783294297950229E-16 ) ) ;
#11452 = ORIENTED_EDGE ( 'NONE', *, *, #8041, .F. ) ;
#11453 = DIRECTION ( 'NONE',  ( 0.5773502691896232886, 0.5773502691896257311, -0.5773502691896282846 ) ) ;
#11454 = MECHANICAL_DESIGN_GEOMETRIC_PRESENTATION_REPRESENTATION (  '', ( #9538 ), #4227 ) ;
#11455 = DIRECTION ( 'NONE',  ( 0.7071067811865489050, 0.0000000000000000000, -0.7071067811865460184 ) ) ;
#11456 = CARTESIAN_POINT ( 'NONE',  ( -5.485000000000000320, -0.8649999999999999911, 4.799999999999999822 ) ) ;
#11457 = DIRECTION ( 'NONE',  ( -1.000000000000000000, 2.082970027439319880E-16, 1.156280642033610094E-31 ) ) ;
#11458 = ORIENTED_EDGE ( 'NONE', *, *, #2244, .T. ) ;
#11459 = DIRECTION ( 'NONE',  ( -0.5773502691896265082, 0.5773502691896241767, -0.5773502691896265082 ) ) ;
#11460 = LINE ( 'NONE', #3372, #3297 ) ;
#11461 = ORIENTED_EDGE ( 'NONE', *, *, #582, .F. ) ;
#11462 = CIRCLE ( 'NONE', #10303, 0.02000000000000005246 ) ;
#11463 = UNCERTAINTY_MEASURE_WITH_UNIT (LENGTH_MEASURE( 1.000000000000000082E-05 ), #9068, 'distance_accuracy_value', 'NONE');
#11464 = CARTESIAN_POINT ( 'NONE',  ( 4.445000000000000284, -0.6350000000000000089, 4.900000000000000355 ) ) ;
#11465 = ORIENTED_EDGE ( 'NONE', *, *, #7952, .F. ) ;
#11466 = ADVANCED_FACE ( 'NONE', ( #7579 ), #2115, .F. ) ;
#11467 = CARTESIAN_POINT ( 'NONE',  ( 1.675000000000000044, 0.4050000000000000266, 4.900000000000000355 ) ) ;
#11468 = CARTESIAN_POINT ( 'NONE',  ( -5.714999999999999858, 3.299999999999999822, 0.2300000000000010092 ) ) ;
#11469 = PLANE ( 'NONE',  #8377 ) ;
#11470 = DIRECTION ( 'NONE',  ( 0.0000000000000000000, -8.915067114227699459E-17, 1.000000000000000000 ) ) ;
#11471 = VERTEX_POINT ( 'NONE', #3129 ) ;
#11472 = ORIENTED_EDGE ( 'NONE', *, *, #7, .F. ) ;
#11473 = DIRECTION ( 'NONE',  ( 0.0000000000000000000, 1.000000000000000000, 0.0000000000000000000 ) ) ;
#11474 = LINE ( 'NONE', #11533, #2153 ) ;
#11475 = ORIENTED_EDGE ( 'NONE', *, *, #6489, .F. ) ;
#11476 = ADVANCED_FACE ( 'NONE', ( #375 ), #8417, .T. ) ;
#11477 = DIRECTION ( 'NONE',  ( 0.7071067811865461294, 0.0000000000000000000, -0.7071067811865490160 ) ) ;
#11478 = ORIENTED_EDGE ( 'NONE', *, *, #2408, .T. ) ;
#11479 = EDGE_CURVE ( 'NONE', #4229, #8746, #264, .T. ) ;
#11480 = EDGE_LOOP ( 'NONE', ( #10093, #2745, #11662, #6012 ) ) ;
#11481 = FACE_OUTER_BOUND ( 'NONE', #4813, .T. ) ;
#11482 = ORIENTED_EDGE ( 'NONE', *, *, #2623, .T. ) ;
#11483 = VECTOR ( 'NONE', #2764, 1000.000000000000114 ) ;
#11484 = VECTOR ( 'NONE', #3093, 1000.000000000000000 ) ;
#11485 = DIRECTION ( 'NONE',  ( 1.000000000000000000, -2.082970027439319880E-16, 0.0000000000000000000 ) ) ;
#11486 = EDGE_CURVE ( 'NONE', #1563, #8654, #10139, .T. ) ;
#11487 = ORIENTED_EDGE ( 'NONE', *, *, #96, .T. ) ;
#11488 = CARTESIAN_POINT ( 'NONE',  ( 6.014999999999999680, -2.500000000000000000, 0.2999999999999999889 ) ) ;
#11489 = ORIENTED_EDGE ( 'NONE', *, *, #8500, .T. ) ;
#11490 = DIRECTION ( 'NONE',  ( -1.000000000000000000, -0.0000000000000000000, 0.0000000000000000000 ) ) ;
#11491 = DIRECTION ( 'NONE',  ( 0.5773502691896312822, -0.5773502691896247319, -0.5773502691896212902 ) ) ;
#11492 = ADVANCED_FACE ( 'NONE', ( #7524 ), #11161, .F. ) ;
#11493 = VECTOR ( 'NONE', #415, 1000.000000000000000 ) ;
#11494 = VECTOR ( 'NONE', #4092, 1000.000000000000000 ) ;
#11495 = AXIS2_PLACEMENT_3D ( 'NONE', #11742, #137, #3777 ) ;
#11496 = EDGE_LOOP ( 'NONE', ( #5060, #1485, #10478, #2829 ) ) ;
#11497 = DIRECTION ( 'NONE',  ( 1.174839179497520083E-16, -1.000000000000000000, 0.0000000000000000000 ) ) ;
#11498 = ORIENTED_EDGE ( 'NONE', *, *, #1186, .T. ) ;
#11499 = DIRECTION ( 'NONE',  ( 3.061616997868384251E-17, 3.061616997868414449E-17, 1.000000000000000000 ) ) ;
#11500 = DIRECTION ( 'NONE',  ( 0.5773502691896224004, -0.5773502691896273964, 0.5773502691896273964 ) ) ;
#11501 = VECTOR ( 'NONE', #1166, 1000.000000000000000 ) ;
#11502 = COLOUR_RGB ( '',0.6980392156862744724, 0.5490196078431373028, 0.003921568627450980338 ) ;
#11503 = EDGE_CURVE ( 'NONE', #5124, #10279, #3015, .T. ) ;
#11504 = CIRCLE ( 'NONE', #11311, 0.4800000000000000933 ) ;
#11505 = ORIENTED_EDGE ( 'NONE', *, *, #11506, .T. ) ;
#11506 = EDGE_CURVE ( 'NONE', #3520, #2308, #1214, .T. ) ;
#11507 = FACE_OUTER_BOUND ( 'NONE', #4282, .T. ) ;
#11508 = FACE_OUTER_BOUND ( 'NONE', #4173, .T. ) ;
#11509 = VECTOR ( 'NONE', #3657, 1000.000000000000000 ) ;
#11510 = DIRECTION ( 'NONE',  ( 0.0000000000000000000, 0.7071067811865460184, 0.7071067811865489050 ) ) ;
#11511 = ORIENTED_EDGE ( 'NONE', *, *, #7501, .T. ) ;
#11512 = DIRECTION ( 'NONE',  ( 1.000000000000000000, 0.0000000000000000000, 0.0000000000000000000 ) ) ;
#11513 = DIRECTION ( 'NONE',  ( 2.099659365964729900E-16, -9.303908184768099600E-32, 1.000000000000000000 ) ) ;
#11514 = DIRECTION ( 'NONE',  ( 0.0000000000000000000, -1.000000000000000000, -0.0000000000000000000 ) ) ;
#11515 = CARTESIAN_POINT ( 'NONE',  ( 3.305000000000000160, -0.7649999999999994582, 4.900000000000000355 ) ) ;
#11516 = ORIENTED_EDGE ( 'NONE', *, *, #8821, .F. ) ;
#11517 = DIRECTION ( 'NONE',  ( 0.0000000000000000000, 0.0000000000000000000, -1.000000000000000000 ) ) ;
#11518 = EDGE_CURVE ( 'NONE', #9752, #8862, #9436, .T. ) ;
#11519 = DIRECTION ( 'NONE',  ( 0.0000000000000000000, 8.915067114227699459E-17, -1.000000000000000000 ) ) ;
#11520 = ORIENTED_EDGE ( 'NONE', *, *, #9544, .T. ) ;
#11521 = DIRECTION ( 'NONE',  ( -0.0000000000000000000, -0.0000000000000000000, 1.000000000000000000 ) ) ;
#11522 = CARTESIAN_POINT ( 'NONE',  ( -2.020000000000000018, 3.250000000000000444, 0.4100000000000009748 ) ) ;
#11523 = LINE ( 'NONE', #10445, #7230 ) ;
#11524 = ORIENTED_EDGE ( 'NONE', *, *, #7247, .F. ) ;
#11525 = CARTESIAN_POINT ( 'NONE',  ( -2.035000000000000142, 3.299999999999999822, 0.2300000000000010092 ) ) ;
#11526 = DIRECTION ( 'NONE',  ( 0.0000000000000000000, -1.000000000000000000, 0.0000000000000000000 ) ) ;
#11527 = LINE ( 'NONE', #564, #9871 ) ;
#11528 = DIRECTION ( 'NONE',  ( 1.665334536937729880E-16, -1.000000000000000000, 0.0000000000000000000 ) ) ;
#11529 = VECTOR ( 'NONE', #3539, 1000.000000000000000 ) ;
#11530 = ORIENTED_EDGE ( 'NONE', *, *, #5365, .T. ) ;
#11531 = ORIENTED_EDGE ( 'NONE', *, *, #9155, .F. ) ;
#11532 = CARTESIAN_POINT ( 'NONE',  ( -4.574999999999999289, -0.7650000000000000133, 4.899999999999999467 ) ) ;
#11533 = CARTESIAN_POINT ( 'NONE',  ( 5.714999999999999858, 0.4050000000000000266, 0.4800000000000010369 ) ) ;
#11534 = VERTEX_POINT ( 'NONE', #4734 ) ;
#11535 = VECTOR ( 'NONE', #6758, 1000.000000000000000 ) ;
#11536 = LINE ( 'NONE', #3392, #9040 ) ;
#11537 = DIRECTION ( 'NONE',  ( -0.7071067811865461294, 0.0000000000000000000, -0.7071067811865490160 ) ) ;
#11538 = ORIENTED_EDGE ( 'NONE', *, *, #7408, .T. ) ;
#11539 = CARTESIAN_POINT ( 'NONE',  ( -5.485000000000000320, -0.4049999999999996381, 0.4800000000000012590 ) ) ;
#11540 = DIRECTION ( 'NONE',  ( 0.0000000000000000000, 0.0000000000000000000, 1.000000000000000000 ) ) ;
#11541 = ORIENTED_EDGE ( 'NONE', *, *, #1623, .T. ) ;
#11542 = DIRECTION ( 'NONE',  ( 1.000000000000000000, -0.0000000000000000000, 0.0000000000000000000 ) ) ;
#11543 = PRESENTATION_LAYER_ASSIGNMENT (  '', '', ( #1271 ) ) ;
#11544 = EDGE_CURVE ( 'NONE', #10891, #6639, #1275, .T. ) ;
#11545 = ADVANCED_FACE ( 'NONE', ( #9266 ), #8532, .F. ) ;
#11546 = EDGE_CURVE ( 'NONE', #6535, #7925, #8786, .T. ) ;
#11547 = EDGE_LOOP ( 'NONE', ( #11340, #10868, #10716, #8272 ) ) ;
#11548 = CARTESIAN_POINT ( 'NONE',  ( -5.485000000000000320, 0.8850000000000000089, 7.632783294297950229E-16 ) ) ;
#11549 = EDGE_LOOP ( 'NONE', ( #720, #9691, #5616, #3779 ) ) ;
#11550 = VERTEX_POINT ( 'NONE', #8661 ) ;
#11551 = AXIS2_PLACEMENT_3D ( 'NONE', #1267, #8296, #4841 ) ;
#11552 = ORIENTED_EDGE ( 'NONE', *, *, #2209, .F. ) ;
#11553 = LINE ( 'NONE', #10038, #759 ) ;
#11554 = CARTESIAN_POINT ( 'NONE',  ( 0.8149999999999999467, -3.250000000000000444, 2.564999999999999947 ) ) ;
#11555 = EDGE_LOOP ( 'NONE', ( #8725, #1923, #4387, #5655 ) ) ;
#11556 = CARTESIAN_POINT ( 'NONE',  ( -0.6350000000000000089, -0.8649999999999999911, 0.4800000000000009814 ) ) ;
#11557 = ADVANCED_FACE ( 'NONE', ( #3371 ), #1516, .T. ) ;
#11558 = ADVANCED_FACE ( 'NONE', ( #1461 ), #6801, .T. ) ;
#11559 = VERTEX_POINT ( 'NONE', #10569 ) ;
#11560 = COLOUR_RGB ( '',0.6980392156862744724, 0.5490196078431373028, 0.003921568627450980338 ) ;
#11561 = ORIENTED_EDGE ( 'NONE', *, *, #11201, .F. ) ;
#11562 = CARTESIAN_POINT ( 'NONE',  ( 5.485000000000000320, -0.4050000000000000266, 8.673617379884035472E-16 ) ) ;
#11563 = DIRECTION ( 'NONE',  ( 0.0000000000000000000, -1.000000000000000000, 0.0000000000000000000 ) ) ;
#11564 = VECTOR ( 'NONE', #5251, 1000.000000000000000 ) ;
#11565 = CARTESIAN_POINT ( 'NONE',  ( 0.8649999999999999911, -3.200000000000000178, 0.4600000000000011857 ) ) ;
#11566 = SURFACE_SIDE_STYLE ('',( #10734 ) ) ;
#11567 = EDGE_CURVE ( 'NONE', #10661, #9542, #11717, .T. ) ;
#11568 = VERTEX_POINT ( 'NONE', #4194 ) ;
#11569 = LINE ( 'NONE', #4368, #6160 ) ;
#11570 = LINE ( 'NONE', #6316, #1929 ) ;
#11571 = CARTESIAN_POINT ( 'NONE',  ( 3.290000000000000036, -3.299999999999999822, 0.1000000000000008105 ) ) ;
#11572 = CARTESIAN_POINT ( 'NONE',  ( 9.449999999999999289, -2.499999999999999556, 5.200000000000001066 ) ) ;
#11573 = EDGE_CURVE ( 'NONE', #3638, #1610, #6990, .T. ) ;
#11574 = ORIENTED_EDGE ( 'NONE', *, *, #9177, .F. ) ;
#11575 = LINE ( 'NONE', #7817, #9824 ) ;
#11576 = CARTESIAN_POINT ( 'NONE',  ( 0.8649999999999999911, -0.8649999999999999911, 4.799999999999999822 ) ) ;
#11577 = ORIENTED_EDGE ( 'NONE', *, *, #9022, .T. ) ;
#11578 = CARTESIAN_POINT ( 'NONE',  ( 0.4050000000000000266, 0.8850000000000000089, 0.4600000000000010192 ) ) ;
#11579 = ORIENTED_EDGE ( 'NONE', *, *, #2414, .T. ) ;
#11580 = CARTESIAN_POINT ( 'NONE',  ( 1.675000000000000044, -0.8850000000000000089, 0.4800000000000009814 ) ) ;
#11581 = DIRECTION ( 'NONE',  ( 0.0000000000000000000, 0.0000000000000000000, -1.000000000000000000 ) ) ;
#11582 = EDGE_CURVE ( 'NONE', #6192, #7317, #11575, .T. ) ;
#11583 = VERTEX_POINT ( 'NONE', #2476 ) ;
#11584 = LINE ( 'NONE', #3444, #9696 ) ;
#11585 = ORIENTED_EDGE ( 'NONE', *, *, #9380, .F. ) ;
#11586 = EDGE_CURVE ( 'NONE', #4834, #2259, #7692, .T. ) ;
#11587 = VERTEX_POINT ( 'NONE', #6924 ) ;
#11588 = DIRECTION ( 'NONE',  ( 0.0000000000000000000, 8.915067114227699459E-17, 1.000000000000000000 ) ) ;
#11589 = AXIS2_PLACEMENT_3D ( 'NONE', #7704, #11349, #4232 ) ;
#11590 = ORIENTED_EDGE ( 'NONE', *, *, #10857, .T. ) ;
#11591 = CARTESIAN_POINT ( 'NONE',  ( -3.475000000000000533, 2.499999999999999556, 0.5999999999999999778 ) ) ;
#11592 = DIRECTION ( 'NONE',  ( -1.000000000000000000, 2.082970027439319880E-16, 1.156280642033610094E-31 ) ) ;
#11593 = ORIENTED_EDGE ( 'NONE', *, *, #3165, .F. ) ;
#11594 = FACE_OUTER_BOUND ( 'NONE', #8926, .T. ) ;
#11595 = EDGE_CURVE ( 'NONE', #9036, #6343, #4505, .T. ) ;
#11596 = VECTOR ( 'NONE', #510, 1000.000000000000000 ) ;
#11597 = ORIENTED_EDGE ( 'NONE', *, *, #4243, .F. ) ;
#11598 = LINE ( 'NONE', #1486, #8579 ) ;
#11599 = EDGE_LOOP ( 'NONE', ( #11448, #6502, #3747, #11753 ) ) ;
#11600 =( NAMED_UNIT ( * ) PLANE_ANGLE_UNIT ( ) SI_UNIT ( $, .RADIAN. ) );
#11601 = DIRECTION ( 'NONE',  ( -1.000000000000000000, 0.0000000000000000000, 2.099659365964729900E-16 ) ) ;
#11602 = VECTOR ( 'NONE', #9101, 1000.000000000000000 ) ;
#11603 = LINE ( 'NONE', #7848, #1032 ) ;
#11604 = ORIENTED_EDGE ( 'NONE', *, *, #4531, .F. ) ;
#11605 = DIRECTION ( 'NONE',  ( -0.7071067811865461294, 0.0000000000000000000, -0.7071067811865490160 ) ) ;
#11606 = ORIENTED_EDGE ( 'NONE', *, *, #10548, .F. ) ;
#11607 = PRESENTATION_STYLE_ASSIGNMENT (( #1559 ) ) ;
#11608 = ORIENTED_EDGE ( 'NONE', *, *, #134, .T. ) ;
#11609 = AXIS2_PLACEMENT_3D ( 'NONE', #11612, #2584, #2640 ) ;
#11610 = LINE ( 'NONE', #2583, #8891 ) ;
#11611 = AXIS2_PLACEMENT_3D ( 'NONE', #2890, #9254, #10304 ) ;
#11612 = CARTESIAN_POINT ( 'NONE',  ( 3.174999999999999822, -3.299999999999999822, 0.2300000000000010092 ) ) ;
#11613 = ORIENTED_EDGE ( 'NONE', *, *, #8000, .F. ) ;
#11614 = VERTEX_POINT ( 'NONE', #8722 ) ;
#11615 = LINE ( 'NONE', #3473, #3145 ) ;
#11616 = ADVANCED_FACE ( 'NONE', ( #2289 ), #8594, .F. ) ;
#11617 = LINE ( 'NONE', #6250, #3885 ) ;
#11618 = ADVANCED_FACE ( 'NONE', ( #11400 ), #3250, .T. ) ;
#11619 = DIRECTION ( 'NONE',  ( 1.665334536937729880E-16, 1.000000000000000000, 0.0000000000000000000 ) ) ;
#11620 = DIRECTION ( 'NONE',  ( 0.0000000000000000000, 1.000000000000000000, -0.0000000000000000000 ) ) ;
#11621 = VERTEX_POINT ( 'NONE', #11074 ) ;
#11622 = LINE ( 'NONE', #10796, #8641 ) ;
#11623 = CARTESIAN_POINT ( 'NONE',  ( 5.485000000000000320, 0.8850000000000000089, 0.4600000000000010192 ) ) ;
#11624 = VECTOR ( 'NONE', #497, 1000.000000000000000 ) ;
#11625 = CARTESIAN_POINT ( 'NONE',  ( -0.7500000000000000000, -0.7649999999999994582, 4.900000000000000355 ) ) ;
#11626 = CARTESIAN_POINT ( 'NONE',  ( -5.945000000000000284, 0.4050000000000000266, 4.799999999999999822 ) ) ;
#11627 = ORIENTED_EDGE ( 'NONE', *, *, #10671, .F. ) ;
#11628 = ADVANCED_FACE ( 'NONE', ( #962 ), #7784, .T. ) ;
#11629 = VECTOR ( 'NONE', #307, 1000.000000000000000 ) ;
#11630 = CARTESIAN_POINT ( 'NONE',  ( 0.6350000000000000089, -0.5050000000000000044, 4.900000000000000355 ) ) ;
#11631 = EDGE_LOOP ( 'NONE', ( #6238, #2197, #8822, #4410, #1589, #1281, #10880, #6043 ) ) ;
#11632 = EDGE_CURVE ( 'NONE', #4856, #10661, #5833, .T. ) ;
#11633 = DIRECTION ( 'NONE',  ( -1.000000000000000000, 2.082970027439319880E-16, -0.0000000000000000000 ) ) ;
#11634 = CARTESIAN_POINT ( 'NONE',  ( -4.675000000000000711, -0.8649999999999999911, 4.900000000000000355 ) ) ;
#11635 = DIRECTION ( 'NONE',  ( -0.5773502691896265082, 0.5773502691896241767, -0.5773502691896265082 ) ) ;
#11636 = VERTEX_POINT ( 'NONE', #8750 ) ;
#11637 = FACE_OUTER_BOUND ( 'NONE', #3674, .T. ) ;
#11638 = ORIENTED_EDGE ( 'NONE', *, *, #9723, .F. ) ;
#11639 = ORIENTED_EDGE ( 'NONE', *, *, #6909, .T. ) ;
#11640 = VECTOR ( 'NONE', #11132, 1000.000000000000000 ) ;
#11641 = CARTESIAN_POINT ( 'NONE',  ( 0.8649999999999999911, 0.8850000000000000089, 0.4800000000000009814 ) ) ;
#11642 = EDGE_CURVE ( 'NONE', #7475, #5858, #11370, .T. ) ;
#11643 = CARTESIAN_POINT ( 'NONE',  ( -3.060000000000000053, 0.4550000000000000155, 4.850000000000000533 ) ) ;
#11644 = DIRECTION ( 'NONE',  ( -1.180114444483200076E-18, 0.7071067811865490160, -0.7071067811865461294 ) ) ;
#11645 = LINE ( 'NONE', #2796, #7219 ) ;
#11646 = ORIENTED_EDGE ( 'NONE', *, *, #3213, .T. ) ;
#11647 = ADVANCED_FACE ( 'NONE', ( #9463 ), #3982, .T. ) ;
#11648 = ADVANCED_FACE ( 'NONE', ( #8563 ), #4036, .T. ) ;
#11649 = DIRECTION ( 'NONE',  ( 0.0000000000000000000, 1.000000000000000000, 0.0000000000000000000 ) ) ;
#11650 = AXIS2_PLACEMENT_3D ( 'NONE', #2074, #3149, #7647 ) ;
#11651 = ORIENTED_EDGE ( 'NONE', *, *, #7613, .T. ) ;
#11652 = LINE ( 'NONE', #6884, #400 ) ;
#11653 = DIRECTION ( 'NONE',  ( 0.0000000000000000000, 0.0000000000000000000, 1.000000000000000000 ) ) ;
#11654 = DIRECTION ( 'NONE',  ( 2.082970027439319880E-16, -1.000000000000000000, 6.123233995736769734E-17 ) ) ;
#11655 = LINE ( 'NONE', #6270, #324 ) ;
#11656 = EDGE_CURVE ( 'NONE', #9558, #3240, #6712, .T. ) ;
#11657 = ORIENTED_EDGE ( 'NONE', *, *, #10900, .F. ) ;
#11658 = DIRECTION ( 'NONE',  ( 0.0000000000000000000, 0.0000000000000000000, -1.000000000000000000 ) ) ;
#11659 = LINE ( 'NONE', #115, #8516 ) ;
#11660 = VERTEX_POINT ( 'NONE', #11307 ) ;
#11661 = ADVANCED_FACE ( 'NONE', ( #5055 ), #1252, .T. ) ;
#11662 = ORIENTED_EDGE ( 'NONE', *, *, #2899, .F. ) ;
#11663 = AXIS2_PLACEMENT_3D ( 'NONE', #4127, #4249, #3243 ) ;
#11664 = ORIENTED_EDGE ( 'NONE', *, *, #6762, .T. ) ;
#11665 = CARTESIAN_POINT ( 'NONE',  ( -5.945000000000000284, 3.200000000000000178, 8.104990208159817804E-16 ) ) ;
#11666 = ORIENTED_EDGE ( 'NONE', *, *, #8883, .F. ) ;
#11667 = CIRCLE ( 'NONE', #2179, 0.4800000000000000933 ) ;
#11668 = DIRECTION ( 'NONE',  ( -1.000000000000000000, 2.082970027439319880E-16, 1.156280642033610094E-31 ) ) ;
#11669 = CARTESIAN_POINT ( 'NONE',  ( -1.790000000000000036, 3.299999999999999822, 0.1000000000000008105 ) ) ;
#11670 = DIRECTION ( 'NONE',  ( -1.953503796022424979E-47, 1.000000000000000000, -9.303908184768099600E-32 ) ) ;
#11671 = DIRECTION ( 'NONE',  ( 0.5773502691896265082, 0.5773502691896241767, -0.5773502691896265082 ) ) ;
#11672 = DIRECTION ( 'NONE',  ( 1.000000000000000000, 0.0000000000000000000, 0.0000000000000000000 ) ) ;
#11673 = CARTESIAN_POINT ( 'NONE',  ( 5.415000000000000924, 1.217464179969160176E-15, 0.5999999999999999778 ) ) ;
#11674 = LINE ( 'NONE', #9775, #782 ) ;
#11675 = AXIS2_PLACEMENT_3D ( 'NONE', #3427, #2472, #3592 ) ;
#11676 = STYLED_ITEM ( 'NONE', ( #8890 ), #8678 ) ;
#11677 = VECTOR ( 'NONE', #5447, 1000.000000000000000 ) ;
#11678 = LINE ( 'NONE', #9079, #6001 ) ;
#11679 = LINE ( 'NONE', #683, #7072 ) ;
#11680 = VERTEX_POINT ( 'NONE', #348 ) ;
#11681 = ADVANCED_FACE ( 'NONE', ( #10351 ), #5881, .F. ) ;
#11682 = EDGE_CURVE ( 'NONE', #8889, #6170, #5118, .T. ) ;
#11683 = VERTEX_POINT ( 'NONE', #2207 ) ;
#11684 = DIRECTION ( 'NONE',  ( -1.000000000000000000, 0.0000000000000000000, 2.099659365964729900E-16 ) ) ;
#11685 = AXIS2_PLACEMENT_3D ( 'NONE', #5843, #4780, #4835 ) ;
#11686 = VECTOR ( 'NONE', #9934, 1000.000000000000000 ) ;
#11687 = LINE ( 'NONE', #3545, #7428 ) ;
#11688 = ORIENTED_EDGE ( 'NONE', *, *, #7665, .T. ) ;
#11689 = CARTESIAN_POINT ( 'NONE',  ( 0.4050000000000000266, -0.8850000000000000089, 0.4800000000000009814 ) ) ;
#11690 = LINE ( 'NONE', #4432, #670 ) ;
#11691 = CARTESIAN_POINT ( 'NONE',  ( 6.014999999999999680, -2.500000000000000000, 0.5999999999999999778 ) ) ;
#11692 = ORIENTED_EDGE ( 'NONE', *, *, #13, .F. ) ;
#11693 = DIRECTION ( 'NONE',  ( -0.0000000000000000000, -0.0000000000000000000, -1.000000000000000000 ) ) ;
#11694 = ORIENTED_EDGE ( 'NONE', *, *, #8511, .T. ) ;
#11695 = EDGE_LOOP ( 'NONE', ( #6067, #3769, #11194, #1478 ) ) ;
#11696 = VECTOR ( 'NONE', #5155, 1000.000000000000000 ) ;
#11697 = FACE_OUTER_BOUND ( 'NONE', #5075, .T. ) ;
#11698 = CARTESIAN_POINT ( 'NONE',  ( 5.945000000000000284, 0.8850000000000000089, 0.4800000000000009814 ) ) ;
#11699 = PLANE ( 'NONE',  #5028 ) ;
#11700 = DIRECTION ( 'NONE',  ( 0.0000000000000000000, -1.000000000000000000, -0.0000000000000000000 ) ) ;
#11701 = ORIENTED_EDGE ( 'NONE', *, *, #9977, .F. ) ;
#11702 = LINE ( 'NONE', #6344, #3346 ) ;
#11703 = VECTOR ( 'NONE', #8301, 1000.000000000000000 ) ;
#11704 = EDGE_LOOP ( 'NONE', ( #10330, #8325, #3172, #10795 ) ) ;
#11705 = ADVANCED_FACE ( 'NONE', ( #3787 ), #7411, .F. ) ;
#11706 = LINE ( 'NONE', #7242, #10290 ) ;
#11707 = VERTEX_POINT ( 'NONE', #6234 ) ;
#11708 = CARTESIAN_POINT ( 'NONE',  ( -0.6350000000000000089, -0.6350000000000000089, 4.900000000000000355 ) ) ;
#11709 = DIRECTION ( 'NONE',  ( 0.0000000000000000000, -8.915067114227699459E-17, 1.000000000000000000 ) ) ;
#11710 = EDGE_CURVE ( 'NONE', #6862, #4383, #2572, .T. ) ;
#11711 = VECTOR ( 'NONE', #4516, 999.9999999999998863 ) ;
#11712 = CARTESIAN_POINT ( 'NONE',  ( 4.559999999999999609, 0.5050000000000005596, 4.900000000000000355 ) ) ;
#11713 = ORIENTED_EDGE ( 'NONE', *, *, #5803, .F. ) ;
#11714 = LINE ( 'NONE', #4583, #10039 ) ;
#11715 = VERTEX_POINT ( 'NONE', #5239 ) ;
#11716 = VERTEX_POINT ( 'NONE', #8882 ) ;
#11717 = CIRCLE ( 'NONE', #4879, 0.4800000000000000933 ) ;
#11718 = CARTESIAN_POINT ( 'NONE',  ( 0.5049999999999990052, 3.299999999999999378, 0.3600000000000010969 ) ) ;
#11719 = EDGE_LOOP ( 'NONE', ( #3983, #5030, #9005, #7434 ) ) ;
#11720 = ADVANCED_FACE ( 'NONE', ( #5356 ), #97, .F. ) ;
#11721 = DIRECTION ( 'NONE',  ( 0.0000000000000000000, -1.000000000000000000, -0.0000000000000000000 ) ) ;
#11722 = ORIENTED_EDGE ( 'NONE', *, *, #1550, .T. ) ;
#11723 = ADVANCED_FACE ( 'NONE', ( #4830 ), #7559, .T. ) ;
#11724 = ORIENTED_EDGE ( 'NONE', *, *, #5785, .F. ) ;
#11725 = ORIENTED_EDGE ( 'NONE', *, *, #6595, .T. ) ;
#11726 = VECTOR ( 'NONE', #5882, 1000.000000000000000 ) ;
#11727 = FACE_OUTER_BOUND ( 'NONE', #3442, .T. ) ;
#11728 = LINE ( 'NONE', #9770, #1233 ) ;
#11729 = CARTESIAN_POINT ( 'NONE',  ( -4.214999999999999858, -0.8850000000000000089, 0.4600000000000009082 ) ) ;
#11730 =( NAMED_UNIT ( * ) SI_UNIT ( $, .STERADIAN. ) SOLID_ANGLE_UNIT ( ) );
#11731 = ORIENTED_EDGE ( 'NONE', *, *, #49, .F. ) ;
#11732 = EDGE_CURVE ( 'NONE', #1704, #2669, #9359, .T. ) ;
#11733 = FACE_OUTER_BOUND ( 'NONE', #5328, .T. ) ;
#11734 = LINE ( 'NONE', #738, #21 ) ;
#11735 = CIRCLE ( 'NONE', #719, 0.02000000000000005246 ) ;
#11736 = CARTESIAN_POINT ( 'NONE',  ( 0.7650000000000000133, -0.7649999999999995692, 4.900000000000000355 ) ) ;
#11737 = DIRECTION ( 'NONE',  ( -0.5773502691896257311, 0.5773502691896232886, -0.5773502691896282846 ) ) ;
#11738 = VERTEX_POINT ( 'NONE', #10421 ) ;
#11739 = ORIENTED_EDGE ( 'NONE', *, *, #7077, .F. ) ;
#11741 = STYLED_ITEM ( 'NONE', ( #6434 ), #746 ) ;
#11740 = DIRECTION ( 'NONE',  ( -1.000000000000000000, 8.344669262702679687E-19, 8.344669262702645020E-19 ) ) ;
#11742 = CARTESIAN_POINT ( 'NONE',  ( 2.084999999999999964, -3.250000000000000444, 2.564999999999999947 ) ) ;
#11743 = LINE ( 'NONE', #1880, #4196 ) ;
#11744 = EDGE_LOOP ( 'NONE', ( #10681, #5706, #8548, #8404 ) ) ;
#11745 = DIRECTION ( 'NONE',  ( 1.953503796022424979E-47, 1.000000000000000000, 9.303908184768099600E-32 ) ) ;
#11746 = FACE_OUTER_BOUND ( 'NONE', #10233, .T. ) ;
#11747 = DIRECTION ( 'NONE',  ( -0.7071067811865510144, 0.7071067811865441310, 0.0000000000000000000 ) ) ;
#11748 = ORIENTED_EDGE ( 'NONE', *, *, #3115, .F. ) ;
#11749 = PRODUCT_DEFINITION ( 'UNKNOWN', '', #5464, #2177 ) ;
#11750 = EDGE_CURVE ( 'NONE', #5565, #3270, #5253, .T. ) ;
#11751 = CARTESIAN_POINT ( 'NONE',  ( -2.084999999999999964, -0.5200000000000000178, 4.850000000000000533 ) ) ;
#11752 = VERTEX_POINT ( 'NONE', #10483 ) ;
#11753 = ORIENTED_EDGE ( 'NONE', *, *, #8912, .T. ) ;
#11754 = VECTOR ( 'NONE', #228, 1000.000000000000000 ) ;
#11755 = LINE ( 'NONE', #10816, #3856 ) ;
#11756 = LINE ( 'NONE', #6339, #3328 ) ;
#11757 = DIRECTION ( 'NONE',  ( 1.000000000000000000, 0.0000000000000000000, -0.0000000000000000000 ) ) ;
#11758 = CARTESIAN_POINT ( 'NONE',  ( -1.774999999999999911, -3.299999999999999378, 0.1000000000000008105 ) ) ;
#11759 = VERTEX_POINT ( 'NONE', #4302 ) ;
#11760 = EDGE_CURVE ( 'NONE', #4107, #6247, #11610, .T. ) ;
#11761 = PLANE ( 'NONE',  #2086 ) ;
#11762 = EDGE_CURVE ( 'NONE', #11568, #1694, #9826, .T. ) ;
#11763 = CARTESIAN_POINT ( 'NONE',  ( -5.585000000000000853, 0.7650000000000000133, 4.899999999999999467 ) ) ;
#11764 = ORIENTED_EDGE ( 'NONE', *, *, #10067, .F. ) ;
#11765 = ORIENTED_EDGE ( 'NONE', *, *, #5120, .F. ) ;
#11766 = LINE ( 'NONE', #9052, #5064 ) ;
#11767 = DIRECTION ( 'NONE',  ( 0.0000000000000000000, 0.7071067811865489050, 0.7071067811865460184 ) ) ;
#11768 = PLANE ( 'NONE',  #1279 ) ;
#11769 = ORIENTED_EDGE ( 'NONE', *, *, #10079, .T. ) ;
#11770 = VECTOR ( 'NONE', #5096, 1000.000000000000000 ) ;
#11771 = CARTESIAN_POINT ( 'NONE',  ( 2.035000000000000142, -0.7649999999999995692, 4.900000000000000355 ) ) ;
#11772 = ORIENTED_EDGE ( 'NONE', *, *, #842, .T. ) ;
#11773 = ORIENTED_EDGE ( 'NONE', *, *, #9000, .T. ) ;
#11774 = PRESENTATION_STYLE_ASSIGNMENT (( #6365 ) ) ;
#11775 = EDGE_CURVE ( 'NONE', #5726, #3871, #3524, .T. ) ;
ENDSEC;
END-ISO-10303-21;
