ISO-10303-21;
HEADER;
FILE_DESCRIPTION (( 'STEP AP214' ),
    '1' );
FILE_NAME ('IC-GE100 DFN8-3X3.STEP',
    '2023-11-23T22:06:01',
    ( '' ),
    ( '' ),
    'SwSTEP 2.0',
    'SolidWorks 2021',
    '' );
FILE_SCHEMA (( 'AUTOMOTIVE_DESIGN' ));
ENDSEC;

DATA;
#1 = ORIENTED_EDGE ( 'NONE', *, *, #1428, .T. ) ;
#2 = FACE_OUTER_BOUND ( 'NONE', #3765, .T. ) ;
#3 = DIRECTION ( 'NONE',  ( 0.000000000000000000, 0.000000000000000000, 1.000000000000000000 ) ) ;
#4 = CYLINDRICAL_SURFACE ( 'NONE', #2623, 0.1500000000000003830 ) ;
#5 = EDGE_CURVE ( 'NONE', #838, #851, #863, .T. ) ;
#6 = EDGE_CURVE ( 'NONE', #5107, #2999, #2440, .T. ) ;
#7 = CARTESIAN_POINT ( 'NONE',  ( 1.459999999999999520, 0.000000000000000000, -0.8500000000000001998 ) ) ;
#8 = DIRECTION ( 'NONE',  ( 1.000000000000000000, 0.000000000000000000, 2.710505431213753985E-15 ) ) ;
#9 = ORIENTED_EDGE ( 'NONE', *, *, #1406, .T. ) ;
#10 = VERTEX_POINT ( 'NONE', #3670 ) ;
#11 = AXIS2_PLACEMENT_3D ( 'NONE', #3195, #3600, #1614 ) ;
#12 = LINE ( 'NONE', #3122, #145 ) ;
#13 = FACE_OUTER_BOUND ( 'NONE', #3938, .T. ) ;
#14 = ORIENTED_EDGE ( 'NONE', *, *, #4798, .T. ) ;
#15 = CARTESIAN_POINT ( 'NONE',  ( -1.434999999999987175, 0.2030000000000000138, 0.1750000000000000167 ) ) ;
#16 = ORIENTED_EDGE ( 'NONE', *, *, #2760, .F. ) ;
#17 = EDGE_CURVE ( 'NONE', #3355, #1576, #358, .T. ) ;
#18 = EDGE_CURVE ( 'NONE', #4960, #3258, #4090, .T. ) ;
#19 = CARTESIAN_POINT ( 'NONE',  ( -1.500000000000000000, 6.042640687119284593, -1.499999999999999778 ) ) ;
#20 = FILL_AREA_STYLE ('',( #4758 ) ) ;
#21 = CARTESIAN_POINT ( 'NONE',  ( 1.499999999999986677, 0.2030000000000000138, 0.4499999999999996780 ) ) ;
#22 = CARTESIAN_POINT ( 'NONE',  ( -0.6750000000000002665, 0.05000000000000000278, 1.040000000000000036 ) ) ;
#23 = ORIENTED_EDGE ( 'NONE', *, *, #3225, .F. ) ;
#24 = ORIENTED_EDGE ( 'NONE', *, *, #4403, .T. ) ;
#25 = DIRECTION ( 'NONE',  ( 0.000000000000000000, -1.000000000000000000, 0.000000000000000000 ) ) ;
#26 = DIRECTION ( 'NONE',  ( 0.000000000000000000, 0.000000000000000000, -1.000000000000000000 ) ) ;
#27 = LINE ( 'NONE', #2489, #4895 ) ;
#28 = CARTESIAN_POINT ( 'NONE',  ( 1.434999999999993614, 0.2030000000000000138, -0.1750000000000004607 ) ) ;
#29 = VERTEX_POINT ( 'NONE', #1603 ) ;
#30 = PLANE ( 'NONE',  #571 ) ;
#31 = CARTESIAN_POINT ( 'NONE',  ( 0.8249999999999997335, 0.05000000000000000278, 1.039999999999999147 ) ) ;
#32 = DIRECTION ( 'NONE',  ( 1.000000000000000000, -0.000000000000000000, -2.637248527667439551E-15 ) ) ;
#33 = CYLINDRICAL_SURFACE ( 'NONE', #1343, 0.1500000000000003830 ) ;
#34 = CARTESIAN_POINT ( 'NONE',  ( 1.499999999999993339, 0.2030000000000000138, -0.2000000000000003164 ) ) ;
#35 = VERTEX_POINT ( 'NONE', #4945 ) ;
#36 = ORIENTED_EDGE ( 'NONE', *, *, #414, .F. ) ;
#37 = EDGE_CURVE ( 'NONE', #350, #4842, #3244, .T. ) ;
#38 = CARTESIAN_POINT ( 'NONE',  ( -1.434999999999980069, 0.000000000000000000, 0.8249999999999999556 ) ) ;
#39 = CARTESIAN_POINT ( 'NONE',  ( 1.249999999999999556, 0.2030000000000000138, -1.125000000000000888 ) ) ;
#40 = VERTEX_POINT ( 'NONE', #778 ) ;
#41 = CARTESIAN_POINT ( 'NONE',  ( -1.500000000000000000, 0.2030000000000000138, -1.100000000000000089 ) ) ;
#42 = ORIENTED_EDGE ( 'NONE', *, *, #4623, .F. ) ;
#43 = EDGE_CURVE ( 'NONE', #3973, #1504, #1287, .T. ) ;
#44 = VECTOR ( 'NONE', #3609, 1000.000000000000114 ) ;
#45 = CIRCLE ( 'NONE', #645, 0.1500000000000003830 ) ;
#46 = SURFACE_SIDE_STYLE ('',( #4498 ) ) ;
#47 = CIRCLE ( 'NONE', #4048, 0.1500000000000003830 ) ;
#48 = VECTOR ( 'NONE', #5004, 1000.000000000000000 ) ;
#49 = DIRECTION ( 'NONE',  ( 0.000000000000000000, -1.000000000000000000, 0.000000000000000000 ) ) ;
#50 = ADVANCED_FACE ( 'NONE', ( #2029 ), #1628, .F. ) ;
#51 = ORIENTED_EDGE ( 'NONE', *, *, #4916, .F. ) ;
#52 = ORIENTED_EDGE ( 'NONE', *, *, #831, .F. ) ;
#53 = VECTOR ( 'NONE', #4126, 1000.000000000000000 ) ;
#54 = VECTOR ( 'NONE', #5050, 1000.000000000000000 ) ;
#55 = CARTESIAN_POINT ( 'NONE',  ( -0.8250000000000002887, 0.05000000000000000278, -0.9297597264065379230 ) ) ;
#56 = PLANE ( 'NONE',  #1828 ) ;
#57 = DIRECTION ( 'NONE',  ( -0.000000000000000000, -1.000000000000000000, -0.000000000000000000 ) ) ;
#58 = ADVANCED_FACE ( 'NONE', ( #3266 ), #33, .F. ) ;
#59 = AXIS2_PLACEMENT_3D ( 'NONE', #3261, #89, #4165 ) ;
#60 = ORIENTED_EDGE ( 'NONE', *, *, #1387, .F. ) ;
#61 = EDGE_CURVE ( 'NONE', #1889, #4900, #2924, .T. ) ;
#62 = CARTESIAN_POINT ( 'NONE',  ( -1.434999999999987175, 0.2030000000000000138, 0.1750000000000000167 ) ) ;
#63 = CARTESIAN_POINT ( 'NONE',  ( -1.249999999999979572, 0.2030000000000000138, 1.125000000000000444 ) ) ;
#64 = COLOUR_RGB ( '',0.7921568627450980005, 0.8196078431372548767, 0.9333333333333333481 ) ;
#65 = LINE ( 'NONE', #2559, #3970 ) ;
#66 = ORIENTED_EDGE ( 'NONE', *, *, #2209, .T. ) ;
#67 = DIRECTION ( 'NONE',  ( -1.000000000000000000, 0.000000000000000000, -2.344220913482168007E-15 ) ) ;
#68 = CLOSED_SHELL ( 'NONE', ( #2670, #2139, #3913, #3489, #631, #372, #4332, #50, #3644, #5044, #2091, #3423, #4147, #1154, #769, #720, #2634, #4342, #3873, #124, #3176, #3253, #2107, #2381, #4389, #2281, #3151, #4815, #1669, #3281, #955, #3581, #2685, #3875, #519, #1176, #3842, #4536, #2404, #2157, #3389, #58, #2792, #2991, #220, #2920, #2437, #1561, #4751, #2424, #4847, #75, #4503, #194, #873, #101, #4780, #958, #309, #1597, #4814, #4363, #3452, #1536, #2308, #4637, #582, #2367, #4100, #4801, #4326, #2694, #448 ) ) ;
#69 = EDGE_LOOP ( 'NONE', ( #1120, #1490, #4968, #2017 ) ) ;
#70 = DIRECTION ( 'NONE',  ( -0.000000000000000000, -1.000000000000000000, -0.000000000000000000 ) ) ;
#71 = CIRCLE ( 'NONE', #2462, 0.1500000000000003830 ) ;
#72 = ORIENTED_EDGE ( 'NONE', *, *, #5193, .T. ) ;
#73 = CARTESIAN_POINT ( 'NONE',  ( 1.499999999999980016, 0.2030000000000000138, 0.8499999999999994227 ) ) ;
#74 = ORIENTED_EDGE ( 'NONE', *, *, #1977, .F. ) ;
#75 = ADVANCED_FACE ( 'NONE', ( #2060 ), #4035, .T. ) ;
#76 = VECTOR ( 'NONE', #1612, 1000.000000000000000 ) ;
#77 = DIRECTION ( 'NONE',  ( -0.000000000000000000, -1.000000000000000000, -0.000000000000000000 ) ) ;
#78 = DIRECTION ( 'NONE',  ( 0.000000000000000000, 0.000000000000000000, -1.000000000000000000 ) ) ;
#79 = DIRECTION ( 'NONE',  ( 0.000000000000000000, 1.000000000000000000, 0.000000000000000000 ) ) ;
#80 = EDGE_CURVE ( 'NONE', #4086, #5219, #3695, .T. ) ;
#81 = PLANE ( 'NONE',  #5096 ) ;
#82 = DIRECTION ( 'NONE',  ( -0.000000000000000000, -1.000000000000000000, -0.000000000000000000 ) ) ;
#83 = ADVANCED_FACE ( 'NONE', ( #4884 ), #2897, .F. ) ;
#84 = ORIENTED_EDGE ( 'NONE', *, *, #3275, .T. ) ;
#85 = ORIENTED_EDGE ( 'NONE', *, *, #1935, .T. ) ;
#86 = DIRECTION ( 'NONE',  ( -1.000000000000000000, 0.000000000000000000, -2.344220913482168007E-15 ) ) ;
#87 = ORIENTED_EDGE ( 'NONE', *, *, #4782, .F. ) ;
#88 = LINE ( 'NONE', #560, #343 ) ;
#89 = DIRECTION ( 'NONE',  ( -1.758165685111624132E-15, 0.000000000000000000, 1.000000000000000000 ) ) ;
#90 = CARTESIAN_POINT ( 'NONE',  ( -0.000000000000000000, 0.05000000000000000278, -0.4500000000000005107 ) ) ;
#91 = VECTOR ( 'NONE', #459, 1000.000000000000000 ) ;
#92 = ORIENTED_EDGE ( 'NONE', *, *, #4943, .T. ) ;
#93 = CARTESIAN_POINT ( 'NONE',  ( -1.249999999999986677, 0.2030000000000000138, 0.1749999999999996003 ) ) ;
#94 = DIRECTION ( 'NONE',  ( -2.344220913482168007E-15, 0.000000000000000000, -1.000000000000000000 ) ) ;
#95 = EDGE_CURVE ( 'NONE', #3636, #4118, #2002, .T. ) ;
#96 = EDGE_CURVE ( 'NONE', #3343, #3525, #4486, .T. ) ;
#97 = DIRECTION ( 'NONE',  ( 0.000000000000000000, 0.000000000000000000, -1.000000000000000000 ) ) ;
#98 = ORIENTED_EDGE ( 'NONE', *, *, #2729, .T. ) ;
#99 = ORIENTED_EDGE ( 'NONE', *, *, #3144, .F. ) ;
#100 = DIRECTION ( 'NONE',  ( -0.7071067811865474617, 0.000000000000000000, 0.7071067811865474617 ) ) ;
#101 = ADVANCED_FACE ( 'NONE', ( #1771 ), #4174, .T. ) ;
#102 = VERTEX_POINT ( 'NONE', #5028 ) ;
#103 = DIRECTION ( 'NONE',  ( 0.000000000000000000, -1.000000000000000000, 0.000000000000000000 ) ) ;
#104 = EDGE_LOOP ( 'NONE', ( #4832, #780, #982, #3360 ) ) ;
#105 = CARTESIAN_POINT ( 'NONE',  ( -1.500000000000000000, 0.05000000000000000278, 0.1999999999999998723 ) ) ;
#106 = FACE_OUTER_BOUND ( 'NONE', #1955, .T. ) ;
#107 = DIRECTION ( 'NONE',  ( -0.7071067811865491270, 0.000000000000000000, -0.7071067811865459074 ) ) ;
#108 = DIRECTION ( 'NONE',  ( 0.000000000000000000, 0.000000000000000000, -1.000000000000000000 ) ) ;
#109 = ORIENTED_EDGE ( 'NONE', *, *, #2531, .T. ) ;
#110 = ORIENTED_EDGE ( 'NONE', *, *, #1096, .F. ) ;
#111 = CARTESIAN_POINT ( 'NONE',  ( 1.459999999999986420, 0.2030000000000000138, 0.1999999999999994282 ) ) ;
#112 = EDGE_CURVE ( 'NONE', #4727, #4350, #496, .T. ) ;
#113 = VERTEX_POINT ( 'NONE', #1313 ) ;
#114 = CARTESIAN_POINT ( 'NONE',  ( 1.434999999999980513, 0.2030000000000000138, 0.8249999999999995115 ) ) ;
#115 = LINE ( 'NONE', #1650, #1673 ) ;
#116 = CARTESIAN_POINT ( 'NONE',  ( 1.459999999999999520, 0.2030000000000000138, -1.100000000000000533 ) ) ;
#117 = VERTEX_POINT ( 'NONE', #945 ) ;
#118 = CARTESIAN_POINT ( 'NONE',  ( 0.6749999999999987121, 0.000000000000000000, -1.189999999999999725 ) ) ;
#119 = LINE ( 'NONE', #1625, #3717 ) ;
#120 = DIRECTION ( 'NONE',  ( -1.000000000000000000, -0.000000000000000000, 2.344220913482165641E-15 ) ) ;
#121 = CARTESIAN_POINT ( 'NONE',  ( -1.459999999999986420, 0.2030000000000000138, 0.4500000000000001776 ) ) ;
#122 = ORIENTED_EDGE ( 'NONE', *, *, #2223, .F. ) ;
#123 = VERTEX_POINT ( 'NONE', #2949 ) ;
#124 = ADVANCED_FACE ( 'NONE', ( #3755 ), #179, .T. ) ;
#125 = EDGE_CURVE ( 'NONE', #5030, #774, #740, .T. ) ;
#126 = AXIS2_PLACEMENT_3D ( 'NONE', #4309, #239, #3039 ) ;
#127 = CARTESIAN_POINT ( 'NONE',  ( -1.459999999999999964, 0.04999999999999999584, -1.100000000000000089 ) ) ;
#128 = VERTEX_POINT ( 'NONE', #3454 ) ;
#129 = DIRECTION ( 'NONE',  ( -1.000000000000000000, 0.000000000000000000, 0.000000000000000000 ) ) ;
#130 = ORIENTED_EDGE ( 'NONE', *, *, #1102, .T. ) ;
#131 = LINE ( 'NONE', #5009, #4746 ) ;
#132 = PRESENTATION_STYLE_ASSIGNMENT (( #3786 ) ) ;
#133 = CARTESIAN_POINT ( 'NONE',  ( 1.499999999999999556, 0.05000000000000000278, -1.499999999999999778 ) ) ;
#134 = LINE ( 'NONE', #2483, #5170 ) ;
#135 = EDGE_LOOP ( 'NONE', ( #641, #602, #879, #471 ) ) ;
#136 = ORIENTED_EDGE ( 'NONE', *, *, #2459, .T. ) ;
#137 = CARTESIAN_POINT ( 'NONE',  ( -1.459999999999979536, 0.2030000000000000138, 0.8499999999999998668 ) ) ;
#138 = CARTESIAN_POINT ( 'NONE',  ( -1.499999999999979572, 0.000000000000000000, 0.8499999999999998668 ) ) ;
#139 = CARTESIAN_POINT ( 'NONE',  ( 0.6299999999999997824, 0.05000000000000000278, 0.6299999999999970068 ) ) ;
#140 = VECTOR ( 'NONE', #3166, 1000.000000000000000 ) ;
#141 = DIRECTION ( 'NONE',  ( 0.000000000000000000, 1.000000000000000000, 0.000000000000000000 ) ) ;
#142 = ORIENTED_EDGE ( 'NONE', *, *, #1395, .T. ) ;
#143 = EDGE_CURVE ( 'NONE', #40, #3105, #666, .T. ) ;
#144 = AXIS2_PLACEMENT_3D ( 'NONE', #4792, #2739, #709 ) ;
#145 = VECTOR ( 'NONE', #1234, 1000.000000000000000 ) ;
#146 = CARTESIAN_POINT ( 'NONE',  ( -0.000000000000000000, 0.05000000000000000278, -1.100000000000000533 ) ) ;
#147 = CARTESIAN_POINT ( 'NONE',  ( -1.459999999999986420, 0.000000000000000000, 0.1999999999999998723 ) ) ;
#148 = CARTESIAN_POINT ( 'NONE',  ( 1.499999999999999556, 0.2030000000000000138, -0.8500000000000003109 ) ) ;
#149 = CIRCLE ( 'NONE', #817, 0.1500000000000003830 ) ;
#150 = VECTOR ( 'NONE', #4222, 1000.000000000000000 ) ;
#151 = PLANE ( 'NONE',  #4489 ) ;
#152 = VERTEX_POINT ( 'NONE', #4653 ) ;
#153 = ORIENTED_EDGE ( 'NONE', *, *, #2070, .F. ) ;
#154 = VECTOR ( 'NONE', #3785, 1000.000000000000000 ) ;
#155 = DIRECTION ( 'NONE',  ( -0.7071067811865475727, 0.000000000000000000, -0.7071067811865475727 ) ) ;
#156 = DIRECTION ( 'NONE',  ( 0.000000000000000000, -1.000000000000000000, 0.000000000000000000 ) ) ;
#157 = ORIENTED_EDGE ( 'NONE', *, *, #2209, .F. ) ;
#158 = CLOSED_SHELL ( 'NONE', ( #2962, #3571, #2740, #4876, #4591, #1936, #5196, #1027, #2546, #2203 ) ) ;
#159 = PLANE ( 'NONE',  #3914 ) ;
#160 = EDGE_LOOP ( 'NONE', ( #1920, #4948, #2784, #1799 ) ) ;
#161 = DIRECTION ( 'NONE',  ( -0.000000000000000000, -1.000000000000000000, -0.000000000000000000 ) ) ;
#162 = VECTOR ( 'NONE', #1400, 1000.000000000000000 ) ;
#163 = SURFACE_STYLE_USAGE ( .BOTH. , #4717 ) ;
#164 = LINE ( 'NONE', #508, #2361 ) ;
#165 = ADVANCED_FACE ( 'NONE', ( #3433 ), #5001, .F. ) ;
#166 = VECTOR ( 'NONE', #2688, 1000.000000000000000 ) ;
#167 = ORIENTED_EDGE ( 'NONE', *, *, #1850, .T. ) ;
#168 = ORIENTED_EDGE ( 'NONE', *, *, #3014, .T. ) ;
#169 = DIRECTION ( 'NONE',  ( -0.7071067811865536790, 0.000000000000000000, 0.7071067811865414665 ) ) ;
#170 = CARTESIAN_POINT ( 'NONE',  ( -1.434999999999993614, 0.2030000000000000138, -0.1750000000000000167 ) ) ;
#171 = AXIS2_PLACEMENT_3D ( 'NONE', #3794, #141, #617 ) ;
#172 = EDGE_CURVE ( 'NONE', #3268, #3229, #919, .T. ) ;
#173 = DIRECTION ( 'NONE',  ( 0.000000000000000000, 0.000000000000000000, 1.000000000000000000 ) ) ;
#174 = ORIENTED_EDGE ( 'NONE', *, *, #1001, .T. ) ;
#175 = CARTESIAN_POINT ( 'NONE',  ( -1.100000000000000089, 0.9000000000000000222, -1.274999999999999911 ) ) ;
#176 = CARTESIAN_POINT ( 'NONE',  ( 0.6749999999999998224, 0.05000000000000000278, -1.039999999999999591 ) ) ;
#177 = VERTEX_POINT ( 'NONE', #121 ) ;
#178 = CARTESIAN_POINT ( 'NONE',  ( -0.000000000000000000, 0.05000000000000000278, -1.100000000000000089 ) ) ;
#179 = PLANE ( 'NONE',  #2296 ) ;
#180 = ORIENTED_EDGE ( 'NONE', *, *, #4227, .F. ) ;
#181 = EDGE_LOOP ( 'NONE', ( #3462, #3901, #4335, #1820 ) ) ;
#182 = VECTOR ( 'NONE', #3473, 1000.000000000000000 ) ;
#183 = ADVANCED_FACE ( 'NONE', ( #526 ), #151, .T. ) ;
#184 = CARTESIAN_POINT ( 'NONE',  ( -1.459999999999999964, 0.000000000000000000, -1.100000000000000089 ) ) ;
#185 = EDGE_CURVE ( 'NONE', #2823, #574, #3311, .T. ) ;
#186 = VERTEX_POINT ( 'NONE', #5051 ) ;
#187 = FACE_OUTER_BOUND ( 'NONE', #1442, .T. ) ;
#188 = VERTEX_POINT ( 'NONE', #3059 ) ;
#189 =( LENGTH_UNIT ( ) NAMED_UNIT ( * ) SI_UNIT ( .MILLI., .METRE. ) );
#190 =( NAMED_UNIT ( * ) SI_UNIT ( $, .STERADIAN. ) SOLID_ANGLE_UNIT ( ) );
#191 = DIRECTION ( 'NONE',  ( 0.000000000000000000, -0.000000000000000000, -1.000000000000000000 ) ) ;
#192 = ORIENTED_EDGE ( 'NONE', *, *, #2720, .T. ) ;
#193 = ORIENTED_EDGE ( 'NONE', *, *, #690, .T. ) ;
#194 = ADVANCED_FACE ( 'NONE', ( #3776 ), #2123, .T. ) ;
#195 = EDGE_CURVE ( 'NONE', #2837, #4257, #3354, .T. ) ;
#196 = DIRECTION ( 'NONE',  ( -2.344220913482165641E-15, 0.000000000000000000, 1.000000000000000000 ) ) ;
#197 = PLANE ( 'NONE',  #4514 ) ;
#198 = CARTESIAN_POINT ( 'NONE',  ( -1.434999999999986953, 0.04999999999999999584, 0.4749999999999999223 ) ) ;
#199 = ORIENTED_EDGE ( 'NONE', *, *, #1456, .F. ) ;
#200 = CARTESIAN_POINT ( 'NONE',  ( -0.7750000000000002442, 0.000000000000000000, -0.9297597264065379230 ) ) ;
#201 = SURFACE_STYLE_USAGE ( .BOTH. , #2606 ) ;
#202 = ORIENTED_EDGE ( 'NONE', *, *, #1722, .T. ) ;
#203 = FACE_OUTER_BOUND ( 'NONE', #4490, .T. ) ;
#204 = CARTESIAN_POINT ( 'NONE',  ( 4.102386598593711281E-16, 0.05000000000000000278, 0.1749999999999966582 ) ) ;
#205 = DIRECTION ( 'NONE',  ( 1.000000000000000000, 0.000000000000000000, 2.710505431213753985E-15 ) ) ;
#206 = ORIENTED_EDGE ( 'NONE', *, *, #4846, .F. ) ;
#207 = EDGE_LOOP ( 'NONE', ( #4010, #2432, #4002, #2295, #4955, #3777, #5232, #3380 ) ) ;
#208 = DIRECTION ( 'NONE',  ( 0.000000000000000000, 0.000000000000000000, -1.000000000000000000 ) ) ;
#209 = CARTESIAN_POINT ( 'NONE',  ( -1.459999999999999964, 0.2030000000000000138, -1.100000000000000089 ) ) ;
#210 = ORIENTED_EDGE ( 'NONE', *, *, #3000, .T. ) ;
#211 = CARTESIAN_POINT ( 'NONE',  ( 1.459999999999986420, 0.000000000000000000, 0.4499999999999997891 ) ) ;
#212 = VERTEX_POINT ( 'NONE', #4628 ) ;
#213 = EDGE_CURVE ( 'NONE', #3198, #2554, #972, .T. ) ;
#214 = CARTESIAN_POINT ( 'NONE',  ( -1.249999999999993339, 0.2030000000000000138, -0.1749999999999996003 ) ) ;
#215 = CARTESIAN_POINT ( 'NONE',  ( -1.100000000000000089, 0.8499999999999999778, -1.274999999999999911 ) ) ;
#216 = EDGE_CURVE ( 'NONE', #337, #1930, #4223, .T. ) ;
#217 = SURFACE_STYLE_USAGE ( .BOTH. , #4638 ) ;
#218 = DIRECTION ( 'NONE',  ( 0.7071067811865414665, 0.000000000000000000, 0.7071067811865536790 ) ) ;
#219 = CARTESIAN_POINT ( 'NONE',  ( -1.499999999999993339, 0.2030000000000000138, -0.4500000000000001221 ) ) ;
#220 = ADVANCED_FACE ( 'NONE', ( #2210 ), #1845, .T. ) ;
#221 = CARTESIAN_POINT ( 'NONE',  ( 1.434999999999980291, 0.2030000000000000138, 1.124999999999999556 ) ) ;
#222 = VERTEX_POINT ( 'NONE', #3280 ) ;
#223 = DIRECTION ( 'NONE',  ( -0.7071067811865536790, 0.000000000000000000, 0.7071067811865414665 ) ) ;
#224 = VECTOR ( 'NONE', #1893, 1000.000000000000114 ) ;
#225 = DIRECTION ( 'NONE',  ( -1.000000000000000000, 0.000000000000000000, -2.710505431213753985E-15 ) ) ;
#226 = ORIENTED_EDGE ( 'NONE', *, *, #2347, .F. ) ;
#227 = DIRECTION ( 'NONE',  ( -1.000000000000000000, 0.000000000000000000, 0.000000000000000000 ) ) ;
#228 = STYLED_ITEM ( 'NONE', ( #4293 ), #3936 ) ;
#229 = VECTOR ( 'NONE', #961, 1000.000000000000000 ) ;
#230 = VERTEX_POINT ( 'NONE', #1245 ) ;
#231 = ORIENTED_EDGE ( 'NONE', *, *, #3779, .F. ) ;
#232 = AXIS2_PLACEMENT_3D ( 'NONE', #1436, #3787, #1010 ) ;
#233 = DIRECTION ( 'NONE',  ( -0.000000000000000000, -1.000000000000000000, -0.000000000000000000 ) ) ;
#234 = VECTOR ( 'NONE', #3836, 1000.000000000000000 ) ;
#235 = DIRECTION ( 'NONE',  ( 1.000000000000000000, 0.000000000000000000, -2.344220913482168007E-15 ) ) ;
#236 = ORIENTED_EDGE ( 'NONE', *, *, #3908, .T. ) ;
#237 = CARTESIAN_POINT ( 'NONE',  ( 0.6749999999999998224, 0.05000000000000000278, -1.039999999999999591 ) ) ;
#238 = ORIENTED_EDGE ( 'NONE', *, *, #248, .T. ) ;
#239 = DIRECTION ( 'NONE',  ( 0.000000000000000000, 0.000000000000000000, 1.000000000000000000 ) ) ;
#240 = SURFACE_STYLE_FILL_AREA ( #875 ) ;
#241 = CARTESIAN_POINT ( 'NONE',  ( -1.249999999999986677, 0.04999999999999999584, 0.4750000000000003664 ) ) ;
#242 = CIRCLE ( 'NONE', #4150, 0.1500000000000003830 ) ;
#243 = CARTESIAN_POINT ( 'NONE',  ( 1.434999999999980291, 0.2030000000000000138, 1.124999999999999556 ) ) ;
#244 = VECTOR ( 'NONE', #82, 1000.000000000000000 ) ;
#245 = ADVANCED_FACE ( 'NONE', ( #511 ), #1704, .T. ) ;
#246 = CARTESIAN_POINT ( 'NONE',  ( -0.6749999999999991562, 0.05000000000000000278, 1.190000000000000169 ) ) ;
#247 = DIRECTION ( 'NONE',  ( 0.000000000000000000, 1.000000000000000000, -0.000000000000000000 ) ) ;
#248 = EDGE_CURVE ( 'NONE', #4122, #2333, #2106, .T. ) ;
#249 = AXIS2_PLACEMENT_3D ( 'NONE', #3119, #736, #1960 ) ;
#250 = DIRECTION ( 'NONE',  ( -1.000000000000000000, 0.000000000000000000, 2.710505431213753985E-15 ) ) ;
#251 = EDGE_LOOP ( 'NONE', ( #2172, #3728, #3323, #756 ) ) ;
#252 = VECTOR ( 'NONE', #3427, 1000.000000000000000 ) ;
#253 = EDGE_CURVE ( 'NONE', #4624, #4975, #3482, .T. ) ;
#254 = DIRECTION ( 'NONE',  ( 0.000000000000000000, 0.000000000000000000, -1.000000000000000000 ) ) ;
#255 = ORIENTED_EDGE ( 'NONE', *, *, #2696, .F. ) ;
#256 = CARTESIAN_POINT ( 'NONE',  ( -1.499999999999979572, 0.000000000000000000, 0.8499999999999998668 ) ) ;
#257 = SURFACE_STYLE_FILL_AREA ( #996 ) ;
#258 = AXIS2_PLACEMENT_3D ( 'NONE', #503, #1476, #1880 ) ;
#259 = VERTEX_POINT ( 'NONE', #2542 ) ;
#260 = DIRECTION ( 'NONE',  ( -1.000000000000000000, 0.000000000000000000, 0.000000000000000000 ) ) ;
#261 = EDGE_CURVE ( 'NONE', #4597, #2817, #2911, .T. ) ;
#262 = ADVANCED_FACE ( 'NONE', ( #3342 ), #4586, .T. ) ;
#263 = DIRECTION ( 'NONE',  ( 1.000000000000000000, 0.000000000000000000, -0.000000000000000000 ) ) ;
#264 = CARTESIAN_POINT ( 'NONE',  ( -1.250000000000000000, 0.2030000000000000138, -0.8249999999999995115 ) ) ;
#265 = ORIENTED_EDGE ( 'NONE', *, *, #2568, .F. ) ;
#266 = LINE ( 'NONE', #4663, #4499 ) ;
#267 = VERTEX_POINT ( 'NONE', #2774 ) ;
#268 = CARTESIAN_POINT ( 'NONE',  ( 1.249999999999993339, 0.2030000000000000138, -0.3250000000000002887 ) ) ;
#269 = DIRECTION ( 'NONE',  ( 0.000000000000000000, -1.000000000000000000, 0.000000000000000000 ) ) ;
#270 = SURFACE_STYLE_FILL_AREA ( #3921 ) ;
#271 = CYLINDRICAL_SURFACE ( 'NONE', #2768, 0.1750000000000000167 ) ;
#272 = DIRECTION ( 'NONE',  ( 0.000000000000000000, 1.000000000000000000, 0.000000000000000000 ) ) ;
#273 = DIRECTION ( 'NONE',  ( 0.7071067811865474617, 0.000000000000000000, 0.7071067811865474617 ) ) ;
#274 = ORIENTED_EDGE ( 'NONE', *, *, #327, .F. ) ;
#275 = UNCERTAINTY_MEASURE_WITH_UNIT (LENGTH_MEASURE( 1.000000000000000082E-05 ), #816, 'distance_accuracy_value', 'NONE');
#276 = ADVANCED_FACE ( 'NONE', ( #877 ), #4185, .F. ) ;
#277 = DIRECTION ( 'NONE',  ( -0.000000000000000000, -1.000000000000000000, -0.000000000000000000 ) ) ;
#278 = LINE ( 'NONE', #1517, #4733 ) ;
#279 = ORIENTED_EDGE ( 'NONE', *, *, #970, .T. ) ;
#280 = PLANE ( 'NONE',  #482 ) ;
#281 = LINE ( 'NONE', #622, #4565 ) ;
#282 = ORIENTED_EDGE ( 'NONE', *, *, #2666, .F. ) ;
#283 = CARTESIAN_POINT ( 'NONE',  ( 1.434999999999980513, 0.2030000000000000138, 0.8249999999999995115 ) ) ;
#284 = CARTESIAN_POINT ( 'NONE',  ( -1.499999999999986677, 0.2030000000000000138, 0.1999999999999998723 ) ) ;
#285 = CARTESIAN_POINT ( 'NONE',  ( 1.459999999999986420, 0.04999999999999999584, 0.4499999999999997891 ) ) ;
#286 = ORIENTED_EDGE ( 'NONE', *, *, #4030, .T. ) ;
#287 = DIRECTION ( 'NONE',  ( -0.000000000000000000, -1.000000000000000000, -0.000000000000000000 ) ) ;
#288 = EDGE_CURVE ( 'NONE', #3703, #2037, #134, .T. ) ;
#289 = EDGE_LOOP ( 'NONE', ( #353, #936, #4385, #4693 ) ) ;
#290 = EDGE_CURVE ( 'NONE', #212, #3902, #4920, .T. ) ;
#291 = ORIENTED_EDGE ( 'NONE', *, *, #1800, .F. ) ;
#292 = DIRECTION ( 'NONE',  ( 0.000000000000000000, -1.000000000000000000, 0.000000000000000000 ) ) ;
#293 = DIRECTION ( 'NONE',  ( -0.000000000000000000, 1.000000000000000000, -0.000000000000000000 ) ) ;
#295 = PLANE ( 'NONE',  #11 ) ;
#294 = STYLED_ITEM ( 'NONE', ( #2538 ), #4620 ) ;
#296 = DIRECTION ( 'NONE',  ( 0.000000000000000000, -1.000000000000000000, 0.000000000000000000 ) ) ;
#297 = VERTEX_POINT ( 'NONE', #4899 ) ;
#298 = DIRECTION ( 'NONE',  ( 0.000000000000000000, 0.000000000000000000, 1.000000000000000000 ) ) ;
#299 = CARTESIAN_POINT ( 'NONE',  ( -1.435000000000000275, 0.04999999999999999584, -0.8249999999999999556 ) ) ;
#300 = ORIENTED_EDGE ( 'NONE', *, *, #5063, .T. ) ;
#301 = FACE_OUTER_BOUND ( 'NONE', #3918, .T. ) ;
#302 = CARTESIAN_POINT ( 'NONE',  ( 1.434999999999993836, 0.2030000000000000138, -0.4750000000000003664 ) ) ;
#303 = ORIENTED_EDGE ( 'NONE', *, *, #2249, .T. ) ;
#304 = VECTOR ( 'NONE', #1520, 1000.000000000000000 ) ;
#305 = AXIS2_PLACEMENT_3D ( 'NONE', #2188, #1857, #4208 ) ;
#306 = CARTESIAN_POINT ( 'NONE',  ( 1.434999999999986953, 0.000000000000000000, 0.4749999999999995337 ) ) ;
#307 = CARTESIAN_POINT ( 'NONE',  ( -1.500000000000000000, 0.2030000000000000138, -0.8499999999999998668 ) ) ;
#308 = DIRECTION ( 'NONE',  ( -0.000000000000000000, -0.000000000000000000, 1.000000000000000000 ) ) ;
#309 = ADVANCED_FACE ( 'NONE', ( #4404 ), #748, .T. ) ;
#310 = VECTOR ( 'NONE', #3481, 1000.000000000000000 ) ;
#311 = AXIS2_PLACEMENT_3D ( 'NONE', #1012, #2250, #2167 ) ;
#312 = ORIENTED_EDGE ( 'NONE', *, *, #4115, .T. ) ;
#313 = DIRECTION ( 'NONE',  ( 1.000000000000000000, 0.000000000000000000, 2.344220913482165641E-15 ) ) ;
#314 = ORIENTED_EDGE ( 'NONE', *, *, #4115, .F. ) ;
#315 = ORIENTED_EDGE ( 'NONE', *, *, #2099, .F. ) ;
#316 = VECTOR ( 'NONE', #3194, 1000.000000000000000 ) ;
#317 = VECTOR ( 'NONE', #3065, 1000.000000000000000 ) ;
#318 = FACE_OUTER_BOUND ( 'NONE', #2066, .T. ) ;
#319 = AXIS2_PLACEMENT_3D ( 'NONE', #4845, #784, #4441 ) ;
#320 = VECTOR ( 'NONE', #1687, 1000.000000000000000 ) ;
#321 = AXIS2_PLACEMENT_3D ( 'NONE', #1966, #4321, #673 ) ;
#322 = EDGE_CURVE ( 'NONE', #2999, #4727, #2044, .T. ) ;
#323 = DIRECTION ( 'NONE',  ( 0.7071067811865474617, 0.000000000000000000, 0.7071067811865474617 ) ) ;
#324 = AXIS2_PLACEMENT_3D ( 'NONE', #2073, #3708, #425 ) ;
#325 = ORIENTED_EDGE ( 'NONE', *, *, #4621, .F. ) ;
#326 = CARTESIAN_POINT ( 'NONE',  ( -1.434999999999980069, 0.2030000000000000138, 0.8249999999999999556 ) ) ;
#327 = EDGE_CURVE ( 'NONE', #3055, #851, #1674, .T. ) ;
#328 = LINE ( 'NONE', #3587, #2133 ) ;
#329 = AXIS2_PLACEMENT_3D ( 'NONE', #957, #5062, #5117 ) ;
#330 = CARTESIAN_POINT ( 'NONE',  ( 1.459999999999993303, 0.04999999999999999584, -0.2000000000000002054 ) ) ;
#331 = ORIENTED_EDGE ( 'NONE', *, *, #2810, .T. ) ;
#332 = VECTOR ( 'NONE', #5120, 1000.000000000000000 ) ;
#333 = CARTESIAN_POINT ( 'NONE',  ( -1.459999999999999964, 0.2030000000000000138, -1.100000000000000089 ) ) ;
#334 = LINE ( 'NONE', #1898, #5234 ) ;
#335 = LINE ( 'NONE', #5229, #2536 ) ;
#336 = SURFACE_STYLE_FILL_AREA ( #5152 ) ;
#337 = VERTEX_POINT ( 'NONE', #4528 ) ;
#338 = CARTESIAN_POINT ( 'NONE',  ( -1.249999999999993339, 0.04999999999999999584, -0.4750000000000003664 ) ) ;
#339 = ORIENTED_EDGE ( 'NONE', *, *, #852, .F. ) ;
#340 = VERTEX_POINT ( 'NONE', #476 ) ;
#341 = EDGE_CURVE ( 'NONE', #1028, #1270, #4958, .T. ) ;
#342 = FACE_OUTER_BOUND ( 'NONE', #69, .T. ) ;
#343 = VECTOR ( 'NONE', #4964, 1000.000000000000000 ) ;
#344 = DIRECTION ( 'NONE',  ( -0.000000000000000000, -1.000000000000000000, -0.000000000000000000 ) ) ;
#345 =( NAMED_UNIT ( * ) PLANE_ANGLE_UNIT ( ) SI_UNIT ( $, .RADIAN. ) );
#346 = CARTESIAN_POINT ( 'NONE',  ( 1.249999999999986677, 0.04999999999999999584, 0.4750000000000000333 ) ) ;
#347 = EDGE_CURVE ( 'NONE', #3258, #3781, #2937, .T. ) ;
#348 = ORIENTED_EDGE ( 'NONE', *, *, #4003, .T. ) ;
#349 = LINE ( 'NONE', #3948, #2186 ) ;
#350 = VERTEX_POINT ( 'NONE', #2650 ) ;
#351 = DIRECTION ( 'NONE',  ( 0.000000000000000000, 0.000000000000000000, -1.000000000000000000 ) ) ;
#352 = CARTESIAN_POINT ( 'NONE',  ( 1.499999999999980016, 0.000000000000000000, 1.099999999999999645 ) ) ;
#353 = ORIENTED_EDGE ( 'NONE', *, *, #5137, .T. ) ;
#354 = CARTESIAN_POINT ( 'NONE',  ( -1.459999999999986420, 0.2030000000000000138, 0.4500000000000001776 ) ) ;
#355 = MANIFOLD_SOLID_BREP ( 'Boss-Extrude4[1]', #406 ) ;
#356 = DIRECTION ( 'NONE',  ( 0.7071067811865474617, -0.000000000000000000, -0.7071067811865474617 ) ) ;
#357 = DIRECTION ( 'NONE',  ( 0.000000000000000000, 1.000000000000000000, 0.000000000000000000 ) ) ;
#358 = LINE ( 'NONE', #2471, #1587 ) ;
#359 = CARTESIAN_POINT ( 'NONE',  ( -1.434999999999979847, 0.2030000000000000138, 1.125000000000000000 ) ) ;
#360 = ORIENTED_EDGE ( 'NONE', *, *, #5075, .F. ) ;
#361 = ORIENTED_EDGE ( 'NONE', *, *, #1218, .F. ) ;
#362 = DIRECTION ( 'NONE',  ( 0.000000000000000000, -1.000000000000000000, 0.000000000000000000 ) ) ;
#363 = EDGE_CURVE ( 'NONE', #3310, #3672, #586, .T. ) ;
#364 = DIRECTION ( 'NONE',  ( 0.000000000000000000, 0.000000000000000000, -1.000000000000000000 ) ) ;
#365 = ORIENTED_EDGE ( 'NONE', *, *, #3217, .F. ) ;
#366 = ORIENTED_EDGE ( 'NONE', *, *, #1513, .F. ) ;
#367 = VECTOR ( 'NONE', #4465, 1000.000000000000114 ) ;
#368 = DIRECTION ( 'NONE',  ( -1.000000000000000000, 0.000000000000000000, 2.344220913482165641E-15 ) ) ;
#369 = ORIENTED_EDGE ( 'NONE', *, *, #690, .F. ) ;
#370 = LINE ( 'NONE', #4052, #1787 ) ;
#371 = DIRECTION ( 'NONE',  ( -0.7071067811865414665, 0.000000000000000000, 0.7071067811865536790 ) ) ;
#372 = ADVANCED_FACE ( 'NONE', ( #634 ), #4239, .F. ) ;
#373 = LINE ( 'NONE', #1252, #3405 ) ;
#374 = EDGE_LOOP ( 'NONE', ( #2239, #4542, #2419, #3020 ) ) ;
#375 = DIRECTION ( 'NONE',  ( 0.000000000000000000, -1.000000000000000000, 0.000000000000000000 ) ) ;
#376 = STYLED_ITEM ( 'NONE', ( #2539 ), #2230 ) ;
#377 = CARTESIAN_POINT ( 'NONE',  ( -1.249999999999993339, 0.2030000000000000138, -0.3250000000000000111 ) ) ;
#378 = CARTESIAN_POINT ( 'NONE',  ( -1.459999999999993303, 0.04999999999999999584, -0.1999999999999997613 ) ) ;
#379 = DIRECTION ( 'NONE',  ( 1.000000000000000000, -0.000000000000000000, -5.421010862427507971E-15 ) ) ;
#380 = CARTESIAN_POINT ( 'NONE',  ( -1.499999999999986677, 0.2030000000000000138, 0.1999999999999998723 ) ) ;
#381 = EDGE_LOOP ( 'NONE', ( #5058, #3177, #1644, #1792 ) ) ;
#382 = ORIENTED_EDGE ( 'NONE', *, *, #4554, .F. ) ;
#383 = FACE_OUTER_BOUND ( 'NONE', #4284, .T. ) ;
#384 = VECTOR ( 'NONE', #2826, 1000.000000000000000 ) ;
#385 = CARTESIAN_POINT ( 'NONE',  ( -0.8250000000000001776, 0.05000000000000000278, 1.039999999999999147 ) ) ;
#386 = ORIENTED_EDGE ( 'NONE', *, *, #768, .F. ) ;
#387 = LINE ( 'NONE', #692, #4164 ) ;
#388 = ORIENTED_EDGE ( 'NONE', *, *, #1387, .T. ) ;
#389 = AXIS2_PLACEMENT_3D ( 'NONE', #1130, #1507, #2271 ) ;
#390 = AXIS2_PLACEMENT_3D ( 'NONE', #111, #559, #1761 ) ;
#391 = DIRECTION ( 'NONE',  ( -0.000000000000000000, -1.000000000000000000, -0.000000000000000000 ) ) ;
#392 = AXIS2_PLACEMENT_3D ( 'NONE', #699, #260, #2364 ) ;
#393 = AXIS2_PLACEMENT_3D ( 'NONE', #148, #1769, #4484 ) ;
#394 = CARTESIAN_POINT ( 'NONE',  ( -1.434999999999980069, 0.2030000000000000138, 0.8249999999999999556 ) ) ;
#395 = ORIENTED_EDGE ( 'NONE', *, *, #1258, .T. ) ;
#396 = ORIENTED_EDGE ( 'NONE', *, *, #1471, .F. ) ;
#397 = EDGE_CURVE ( 'NONE', #2752, #4963, #4719, .T. ) ;
#398 = LINE ( 'NONE', #853, #811 ) ;
#399 = EDGE_CURVE ( 'NONE', #1301, #152, #3895, .T. ) ;
#400 = DIRECTION ( 'NONE',  ( 0.000000000000000000, -1.000000000000000000, 0.000000000000000000 ) ) ;
#401 = CARTESIAN_POINT ( 'NONE',  ( -1.459999999999986420, 0.2030000000000000138, 0.4500000000000001776 ) ) ;
#402 = AXIS2_PLACEMENT_3D ( 'NONE', #1727, #4526, #3416 ) ;
#403 = CARTESIAN_POINT ( 'NONE',  ( 1.249999999999993339, 0.2030000000000000138, -0.3250000000000002887 ) ) ;
#404 = ORIENTED_EDGE ( 'NONE', *, *, #3242, .T. ) ;
#405 = CARTESIAN_POINT ( 'NONE',  ( -1.249999999999979572, 0.2030000000000000138, 1.125000000000000444 ) ) ;
#406 = CLOSED_SHELL ( 'NONE', ( #165, #3940, #4930, #4307, #4422, #4169, #5115, #678, #1376, #183 ) ) ;
#407 = FACE_OUTER_BOUND ( 'NONE', #2074, .T. ) ;
#408 = DIRECTION ( 'NONE',  ( 0.000000000000000000, 0.000000000000000000, 1.000000000000000000 ) ) ;
#409 = DIRECTION ( 'NONE',  ( 0.7071067811865460184, -0.000000000000000000, -0.7071067811865490160 ) ) ;
#410 = PRESENTATION_LAYER_ASSIGNMENT (  '', '', ( #3823 ) ) ;
#411 = CARTESIAN_POINT ( 'NONE',  ( 1.499999999999986677, 0.2030000000000000138, 0.1999999999999994282 ) ) ;
#412 = ORIENTED_EDGE ( 'NONE', *, *, #4545, .T. ) ;
#413 = ORIENTED_EDGE ( 'NONE', *, *, #1483, .T. ) ;
#414 = EDGE_CURVE ( 'NONE', #2999, #933, #2990, .T. ) ;
#415 = EDGE_CURVE ( 'NONE', #419, #1416, #1435, .T. ) ;
#416 = AXIS2_PLACEMENT_3D ( 'NONE', #2450, #420, #2038 ) ;
#417 = LINE ( 'NONE', #2035, #4139 ) ;
#418 = CARTESIAN_POINT ( 'NONE',  ( -0.6749999999999991562, 0.05000000000000000278, 1.190000000000000169 ) ) ;
#419 = VERTEX_POINT ( 'NONE', #2225 ) ;
#420 = DIRECTION ( 'NONE',  ( 0.000000000000000000, -1.000000000000000000, 0.000000000000000000 ) ) ;
#421 = DIRECTION ( 'NONE',  ( 0.000000000000000000, 1.000000000000000000, -0.000000000000000000 ) ) ;
#422 = VECTOR ( 'NONE', #4133, 1000.000000000000000 ) ;
#423 = CARTESIAN_POINT ( 'NONE',  ( -1.434999999999993614, 0.2030000000000000138, -0.1750000000000000167 ) ) ;
#424 = DIRECTION ( 'NONE',  ( -0.7071067811865459074, 0.000000000000000000, -0.7071067811865491270 ) ) ;
#425 = DIRECTION ( 'NONE',  ( -0.7071067811865459074, 0.000000000000000000, -0.7071067811865491270 ) ) ;
#426 = ORIENTED_EDGE ( 'NONE', *, *, #971, .T. ) ;
#427 = VECTOR ( 'NONE', #26, 1000.000000000000000 ) ;
#428 = ORIENTED_EDGE ( 'NONE', *, *, #754, .T. ) ;
#429 = FACE_OUTER_BOUND ( 'NONE', #1165, .T. ) ;
#430 = CYLINDRICAL_SURFACE ( 'NONE', #760, 0.1500000000000003830 ) ;
#431 = DIRECTION ( 'NONE',  ( -1.000000000000000000, 0.000000000000000000, -2.344220913482168007E-15 ) ) ;
#432 = DIRECTION ( 'NONE',  ( -1.000000000000000000, 0.000000000000000000, 0.000000000000000000 ) ) ;
#433 = EDGE_LOOP ( 'NONE', ( #2532, #4858, #4096, #5121, #2755, #236, #85, #781 ) ) ;
#434 = EDGE_CURVE ( 'NONE', #3516, #1889, #1380, .T. ) ;
#435 = CARTESIAN_POINT ( 'NONE',  ( 1.499999999999993339, 0.2030000000000000138, -0.4500000000000005107 ) ) ;
#436 = MANIFOLD_SOLID_BREP ( 'Cut-Extrude2', #68 ) ;
#437 = CARTESIAN_POINT ( 'NONE',  ( -1.459999999999986420, 0.2030000000000000138, 0.4500000000000001776 ) ) ;
#438 = DIRECTION ( 'NONE',  ( 1.000000000000000000, -0.000000000000000000, -2.710505431213753985E-15 ) ) ;
#439 = CARTESIAN_POINT ( 'NONE',  ( -1.459999999999979536, 0.2030000000000000138, 0.8499999999999998668 ) ) ;
#440 = EDGE_CURVE ( 'NONE', #3219, #4086, #1534, .T. ) ;
#441 = DIRECTION ( 'NONE',  ( 0.000000000000000000, 0.000000000000000000, -1.000000000000000000 ) ) ;
#442 = DIRECTION ( 'NONE',  ( -0.7071067811865414665, -0.000000000000000000, 0.7071067811865536790 ) ) ;
#443 = ORIENTED_EDGE ( 'NONE', *, *, #2759, .F. ) ;
#444 = EDGE_LOOP ( 'NONE', ( #2008, #4501, #1062, #3658 ) ) ;
#445 = CARTESIAN_POINT ( 'NONE',  ( 1.499999999999993339, 0.2030000000000000138, -0.2000000000000003164 ) ) ;
#446 = CARTESIAN_POINT ( 'NONE',  ( -1.500000000000000000, 0.2030000000000000138, -1.100000000000000089 ) ) ;
#447 = EDGE_CURVE ( 'NONE', #3229, #4050, #71, .T. ) ;
#448 = ADVANCED_FACE ( 'NONE', ( #3994 ), #3173, .T. ) ;
#449 = ORIENTED_EDGE ( 'NONE', *, *, #2716, .T. ) ;
#450 = DIRECTION ( 'NONE',  ( -0.7071067811865414665, 0.000000000000000000, -0.7071067811865536790 ) ) ;
#451 = SURFACE_STYLE_USAGE ( .BOTH. , #902 ) ;
#452 = LINE ( 'NONE', #1273, #53 ) ;
#453 = EDGE_CURVE ( 'NONE', #3672, #845, #3575, .T. ) ;
#454 = ADVANCED_FACE ( 'NONE', ( #5138 ), #5164, .F. ) ;
#455 = FACE_OUTER_BOUND ( 'NONE', #813, .T. ) ;
#456 = DIRECTION ( 'NONE',  ( 0.000000000000000000, 1.000000000000000000, 0.000000000000000000 ) ) ;
#457 = ORIENTED_EDGE ( 'NONE', *, *, #564, .F. ) ;
#458 = ORIENTED_EDGE ( 'NONE', *, *, #3313, .F. ) ;
#459 = DIRECTION ( 'NONE',  ( 0.7071067811865459074, 0.000000000000000000, 0.7071067811865491270 ) ) ;
#460 = CARTESIAN_POINT ( 'NONE',  ( -1.459999999999986420, 0.000000000000000000, 0.4500000000000001776 ) ) ;
#461 = DIRECTION ( 'NONE',  ( 0.000000000000000000, 1.000000000000000000, 0.000000000000000000 ) ) ;
#462 = EDGE_LOOP ( 'NONE', ( #2953, #920, #3009, #2265, #1315, #1834, #1871, #2684 ) ) ;
#463 = DIRECTION ( 'NONE',  ( 0.000000000000000000, -0.000000000000000000, -1.000000000000000000 ) ) ;
#464 = PLANE ( 'NONE',  #2528 ) ;
#465 = DIRECTION ( 'NONE',  ( 0.000000000000000000, 0.000000000000000000, -1.000000000000000000 ) ) ;
#466 = DIRECTION ( 'NONE',  ( -0.000000000000000000, -1.000000000000000000, -0.000000000000000000 ) ) ;
#467 = ORIENTED_EDGE ( 'NONE', *, *, #195, .F. ) ;
#468 = ORIENTED_EDGE ( 'NONE', *, *, #213, .F. ) ;
#469 = ADVANCED_FACE ( 'NONE', ( #1480 ), #2762, .F. ) ;
#470 = CARTESIAN_POINT ( 'NONE',  ( 0.6749999999999987121, 0.05000000000000000278, 1.190000000000000169 ) ) ;
#471 = ORIENTED_EDGE ( 'NONE', *, *, #4028, .T. ) ;
#472 = FACE_OUTER_BOUND ( 'NONE', #1638, .T. ) ;
#473 = AXIS2_PLACEMENT_3D ( 'NONE', #4883, #4482, #4942 ) ;
#474 = PRESENTATION_LAYER_ASSIGNMENT (  '', '', ( #228 ) ) ;
#475 = VECTOR ( 'NONE', #1399, 1000.000000000000114 ) ;
#476 = CARTESIAN_POINT ( 'NONE',  ( 1.434999999999999831, 0.04999999999999999584, -0.8250000000000003997 ) ) ;
#477 = ORIENTED_EDGE ( 'NONE', *, *, #3096, .F. ) ;
#478 = EDGE_LOOP ( 'NONE', ( #2068, #2023, #388, #1421 ) ) ;
#479 = ADVANCED_FACE ( 'NONE', ( #3619 ), #3598, .F. ) ;
#480 = ADVANCED_FACE ( 'NONE', ( #2715 ), #4340, .F. ) ;
#481 = VECTOR ( 'NONE', #2847, 1000.000000000000000 ) ;
#482 = AXIS2_PLACEMENT_3D ( 'NONE', #1068, #3879, #1392 ) ;
#483 = DIRECTION ( 'NONE',  ( -1.000000000000000000, 0.000000000000000000, -2.344220913482165641E-15 ) ) ;
#484 = ORIENTED_EDGE ( 'NONE', *, *, #3086, .T. ) ;
#485 = PLANE ( 'NONE',  #5274 ) ;
#486 = DIRECTION ( 'NONE',  ( -1.000000000000000000, 0.000000000000000000, 2.344220913482168007E-15 ) ) ;
#487 = FACE_OUTER_BOUND ( 'NONE', #4428, .T. ) ;
#488 = AXIS2_PLACEMENT_3D ( 'NONE', #1568, #4329, #1473 ) ;
#489 = VECTOR ( 'NONE', #1172, 1000.000000000000000 ) ;
#490 = ORIENTED_EDGE ( 'NONE', *, *, #1683, .F. ) ;
#491 = UNCERTAINTY_MEASURE_WITH_UNIT (LENGTH_MEASURE( 1.000000000000000082E-05 ), #718, 'distance_accuracy_value', 'NONE');
#492 = CARTESIAN_POINT ( 'NONE',  ( -1.434999999999993836, 0.2030000000000000138, -0.4749999999999999223 ) ) ;
#493 = FACE_OUTER_BOUND ( 'NONE', #3344, .T. ) ;
#494 = VECTOR ( 'NONE', #375, 1000.000000000000000 ) ;
#495 = CARTESIAN_POINT ( 'NONE',  ( 1.434999999999993614, 0.000000000000000000, -0.1750000000000004607 ) ) ;
#496 = LINE ( 'NONE', #4604, #3136 ) ;
#497 = CARTESIAN_POINT ( 'NONE',  ( -0.5647597264065384870, 0.05000000000000000278, -1.189999999999999725 ) ) ;
#498 = ORIENTED_EDGE ( 'NONE', *, *, #1862, .F. ) ;
#499 = VECTOR ( 'NONE', #890, 1000.000000000000000 ) ;
#500 = VERTEX_POINT ( 'NONE', #1192 ) ;
#501 = CARTESIAN_POINT ( 'NONE',  ( -1.249999999999993339, 0.000000000000000000, -0.1749999999999996003 ) ) ;
#502 = EDGE_LOOP ( 'NONE', ( #1457, #51, #3114, #3502 ) ) ;
#503 = CARTESIAN_POINT ( 'NONE',  ( 0.6749999999999998224, 0.000000000000000000, 1.040000000000000036 ) ) ;
#504 = EDGE_CURVE ( 'NONE', #2298, #2748, #2426, .T. ) ;
#505 = AXIS2_PLACEMENT_3D ( 'NONE', #870, #2533, #3808 ) ;
#506 = LINE ( 'NONE', #2934, #663 ) ;
#507 = DIRECTION ( 'NONE',  ( 5.504235658546187749E-17, -0.000000000000000000, 1.000000000000000000 ) ) ;
#508 = CARTESIAN_POINT ( 'NONE',  ( -1.250000000000000000, 0.2030000000000000138, -0.8249999999999995115 ) ) ;
#509 = FACE_OUTER_BOUND ( 'NONE', #1138, .T. ) ;
#510 = VECTOR ( 'NONE', #2812, 1000.000000000000000 ) ;
#511 = FACE_OUTER_BOUND ( 'NONE', #807, .T. ) ;
#512 = ORIENTED_EDGE ( 'NONE', *, *, #708, .T. ) ;
#513 = ORIENTED_EDGE ( 'NONE', *, *, #1081, .T. ) ;
#514 = VECTOR ( 'NONE', #4190, 1000.000000000000000 ) ;
#515 = DIRECTION ( 'NONE',  ( 0.7071067811865460184, -0.000000000000000000, -0.7071067811865490160 ) ) ;
#516 = ORIENTED_EDGE ( 'NONE', *, *, #1925, .F. ) ;
#517 = LINE ( 'NONE', #1762, #91 ) ;
#518 = DIRECTION ( 'NONE',  ( 0.000000000000000000, -0.000000000000000000, -1.000000000000000000 ) ) ;
#519 = ADVANCED_FACE ( 'NONE', ( #765 ), #5216, .T. ) ;
#520 = CARTESIAN_POINT ( 'NONE',  ( 1.459999999999993303, 0.2030000000000000138, -0.4500000000000005107 ) ) ;
#521 = AXIS2_PLACEMENT_3D ( 'NONE', #3500, #1439, #3923 ) ;
#522 = EDGE_LOOP ( 'NONE', ( #4158, #2370, #3929, #5038 ) ) ;
#523 = LINE ( 'NONE', #4219, #5166 ) ;
#524 = DIRECTION ( 'NONE',  ( 0.7071067811865491270, 0.000000000000000000, -0.7071067811865459074 ) ) ;
#525 = LINE ( 'NONE', #2085, #5082 ) ;
#526 = FACE_OUTER_BOUND ( 'NONE', #4629, .T. ) ;
#527 = ORIENTED_EDGE ( 'NONE', *, *, #3712, .T. ) ;
#528 = ORIENTED_EDGE ( 'NONE', *, *, #2179, .F. ) ;
#529 = PLANE ( 'NONE',  #4390 ) ;
#530 = VERTEX_POINT ( 'NONE', #21 ) ;
#531 = DIRECTION ( 'NONE',  ( -1.000000000000000000, -0.000000000000000000, 2.344220913482165641E-15 ) ) ;
#532 = ORIENTED_EDGE ( 'NONE', *, *, #2696, .T. ) ;
#533 = STYLED_ITEM ( 'NONE', ( #1191 ), #2199 ) ;
#534 =( NAMED_UNIT ( * ) SI_UNIT ( $, .STERADIAN. ) SOLID_ANGLE_UNIT ( ) );
#535 = DIRECTION ( 'NONE',  ( -0.000000000000000000, -1.000000000000000000, -0.000000000000000000 ) ) ;
#536 = CARTESIAN_POINT ( 'NONE',  ( 1.499999999999999556, 0.2030000000000000138, -1.100000000000000533 ) ) ;
#537 = EDGE_LOOP ( 'NONE', ( #3051, #180, #893, #2474, #1464, #2193, #5131, #805 ) ) ;
#538 = ORIENTED_EDGE ( 'NONE', *, *, #1135, .F. ) ;
#539 = DIRECTION ( 'NONE',  ( 2.344220913482165641E-15, -0.000000000000000000, 1.000000000000000000 ) ) ;
#540 = CARTESIAN_POINT ( 'NONE',  ( -1.249999999999993339, 0.000000000000000000, -0.4750000000000003664 ) ) ;
#541 = DIRECTION ( 'NONE',  ( 0.000000000000000000, -1.000000000000000000, 0.000000000000000000 ) ) ;
#542 = DIRECTION ( 'NONE',  ( -1.000000000000000000, 0.000000000000000000, 0.000000000000000000 ) ) ;
#543 = ORIENTED_EDGE ( 'NONE', *, *, #2720, .F. ) ;
#544 = LINE ( 'NONE', #2233, #3476 ) ;
#545 = DIRECTION ( 'NONE',  ( 2.710505431213753985E-15, 0.000000000000000000, -1.000000000000000000 ) ) ;
#546 = PLANE ( 'NONE',  #908 ) ;
#547 = DIRECTION ( 'NONE',  ( -0.000000000000000000, 1.000000000000000000, -0.000000000000000000 ) ) ;
#548 = ORIENTED_EDGE ( 'NONE', *, *, #17, .T. ) ;
#549 = EDGE_CURVE ( 'NONE', #5067, #630, #3972, .T. ) ;
#550 = CARTESIAN_POINT ( 'NONE',  ( -1.434999999999987175, 0.2030000000000000138, 0.1750000000000000167 ) ) ;
#551 = LINE ( 'NONE', #2182, #3140 ) ;
#552 = ORIENTED_EDGE ( 'NONE', *, *, #1505, .F. ) ;
#553 = LINE ( 'NONE', #3309, #2797 ) ;
#554 = ORIENTED_EDGE ( 'NONE', *, *, #4833, .T. ) ;
#555 = DIRECTION ( 'NONE',  ( 0.000000000000000000, 0.000000000000000000, -1.000000000000000000 ) ) ;
#556 = CARTESIAN_POINT ( 'NONE',  ( 1.249999999999980016, 0.2030000000000000138, 1.125000000000000000 ) ) ;
#557 = VERTEX_POINT ( 'NONE', #3578 ) ;
#558 = VERTEX_POINT ( 'NONE', #2848 ) ;
#559 = DIRECTION ( 'NONE',  ( -0.7071067811865536790, 0.000000000000000000, 0.7071067811865414665 ) ) ;
#560 = CARTESIAN_POINT ( 'NONE',  ( 1.499999999999993339, 0.2030000000000000138, -0.4500000000000005107 ) ) ;
#561 = VECTOR ( 'NONE', #1873, 1000.000000000000000 ) ;
#562 = VECTOR ( 'NONE', #810, 1000.000000000000000 ) ;
#563 = PLANE ( 'NONE',  #836 ) ;
#564 = EDGE_CURVE ( 'NONE', #1450, #4597, #1556, .T. ) ;
#565 = ORIENTED_EDGE ( 'NONE', *, *, #2842, .F. ) ;
#566 = VECTOR ( 'NONE', #4466, 1000.000000000000000 ) ;
#567 = AXIS2_PLACEMENT_3D ( 'NONE', #3297, #4515, #862 ) ;
#568 = EDGE_CURVE ( 'NONE', #687, #2831, #2742, .T. ) ;
#569 = DIRECTION ( 'NONE',  ( 0.000000000000000000, 1.000000000000000000, -0.000000000000000000 ) ) ;
#570 = LINE ( 'NONE', #2315, #3635 ) ;
#571 = AXIS2_PLACEMENT_3D ( 'NONE', #1624, #2413, #829 ) ;
#572 = VECTOR ( 'NONE', #1527, 1000.000000000000000 ) ;
#573 = CARTESIAN_POINT ( 'NONE',  ( -1.500000000000000000, 0.05000000000000000278, 1.499999999999999778 ) ) ;
#574 = VERTEX_POINT ( 'NONE', #346 ) ;
#575 = VERTEX_POINT ( 'NONE', #4823 ) ;
#576 = AXIS2_PLACEMENT_3D ( 'NONE', #4537, #886, #1254 ) ;
#577 = FACE_OUTER_BOUND ( 'NONE', #4518, .T. ) ;
#578 = ORIENTED_EDGE ( 'NONE', *, *, #4255, .T. ) ;
#579 = LINE ( 'NONE', #2322, #3324 ) ;
#580 = EDGE_CURVE ( 'NONE', #4132, #2704, #3150, .T. ) ;
#581 = ORIENTED_EDGE ( 'NONE', *, *, #2894, .F. ) ;
#582 = ADVANCED_FACE ( 'NONE', ( #3196 ), #2403, .T. ) ;
#583 = LINE ( 'NONE', #3385, #154 ) ;
#584 = VECTOR ( 'NONE', #4477, 1000.000000000000000 ) ;
#585 = CARTESIAN_POINT ( 'NONE',  ( -1.500000000000000000, 0.05000000000000000278, 0.8499999999999998668 ) ) ;
#586 = LINE ( 'NONE', #3469, #3315 ) ;
#587 = EDGE_CURVE ( 'NONE', #1719, #1623, #4365, .T. ) ;
#588 = VECTOR ( 'NONE', #432, 1000.000000000000000 ) ;
#589 = EDGE_LOOP ( 'NONE', ( #5149, #2108, #4774, #4488, #2534, #1565, #4813, #192 ) ) ;
#590 = ORIENTED_EDGE ( 'NONE', *, *, #3313, .T. ) ;
#591 = DIRECTION ( 'NONE',  ( 1.000000000000000000, 0.000000000000000000, 2.710505431213753985E-15 ) ) ;
#592 = LINE ( 'NONE', #219, #182 ) ;
#593 = VECTOR ( 'NONE', #2756, 1000.000000000000000 ) ;
#594 = DIRECTION ( 'NONE',  ( 1.000000000000000000, -0.000000000000000000, -2.710505431213753985E-15 ) ) ;
#595 = EDGE_LOOP ( 'NONE', ( #314, #274, #2599, #315, #4887, #791, #3180, #5039 ) ) ;
#596 = AXIS2_PLACEMENT_3D ( 'NONE', #1117, #716, #772 ) ;
#597 = CARTESIAN_POINT ( 'NONE',  ( -1.499999999999979572, 0.2030000000000000138, 0.8499999999999998668 ) ) ;
#598 = FILL_AREA_STYLE_COLOUR ( '', #3968 ) ;
#599 = ORIENTED_EDGE ( 'NONE', *, *, #3676, .F. ) ;
#600 = CARTESIAN_POINT ( 'NONE',  ( -1.249999999999986677, 0.2030000000000000138, 0.3250000000000000111 ) ) ;
#601 = DIRECTION ( 'NONE',  ( -0.7071067811865459074, 0.000000000000000000, 0.7071067811865491270 ) ) ;
#602 = ORIENTED_EDGE ( 'NONE', *, *, #609, .F. ) ;
#603 = VERTEX_POINT ( 'NONE', #5195 ) ;
#604 = CARTESIAN_POINT ( 'NONE',  ( -0.8250000000000002887, 0.05000000000000000278, -0.9297597264065379230 ) ) ;
#605 = CARTESIAN_POINT ( 'NONE',  ( 1.499999999999993339, 0.2030000000000000138, -0.2000000000000003164 ) ) ;
#606 = EDGE_LOOP ( 'NONE', ( #2260, #4120, #3333, #3709, #792, #484, #72, #3570 ) ) ;
#607 = LINE ( 'NONE', #1824, #2386 ) ;
#608 = ORIENTED_EDGE ( 'NONE', *, *, #3243, .T. ) ;
#609 = EDGE_CURVE ( 'NONE', #3781, #186, #1537, .T. ) ;
#610 = FACE_OUTER_BOUND ( 'NONE', #4868, .T. ) ;
#611 = FACE_OUTER_BOUND ( 'NONE', #1973, .T. ) ;
#612 = ADVANCED_FACE ( 'NONE', ( #2482 ), #2572, .F. ) ;
#613 = CARTESIAN_POINT ( 'NONE',  ( 1.459999999999993303, 0.2030000000000000138, -0.2000000000000002054 ) ) ;
#614 = ADVANCED_FACE ( 'NONE', ( #509 ), #81, .F. ) ;
#615 = CARTESIAN_POINT ( 'NONE',  ( -1.435000000000000497, 0.000000000000000000, -1.125000000000000000 ) ) ;
#616 = VECTOR ( 'NONE', #507, 1000.000000000000000 ) ;
#617 = DIRECTION ( 'NONE',  ( 0.000000000000000000, 0.000000000000000000, 1.000000000000000000 ) ) ;
#618 = ORIENTED_EDGE ( 'NONE', *, *, #2998, .T. ) ;
#619 = DIRECTION ( 'NONE',  ( 1.000000000000000000, 0.000000000000000000, 0.000000000000000000 ) ) ;
#620 = ORIENTED_EDGE ( 'NONE', *, *, #763, .F. ) ;
#621 = CARTESIAN_POINT ( 'NONE',  ( -0.7750000000000002442, 0.05000000000000000278, -0.9297597264065379230 ) ) ;
#622 = CARTESIAN_POINT ( 'NONE',  ( 0.3050000000000030465, 0.05000000000000000278, 0.3050000000000016032 ) ) ;
#623 = ORIENTED_EDGE ( 'NONE', *, *, #4979, .T. ) ;
#624 = ORIENTED_EDGE ( 'NONE', *, *, #2646, .F. ) ;
#625 = EDGE_CURVE ( 'NONE', #2831, #3406, #2713, .T. ) ;
#626 = CARTESIAN_POINT ( 'NONE',  ( 1.249999999999999556, 0.000000000000000000, -1.125000000000000888 ) ) ;
#627 = LINE ( 'NONE', #5055, #3226 ) ;
#628 = ORIENTED_EDGE ( 'NONE', *, *, #3735, .T. ) ;
#629 = DIRECTION ( 'NONE',  ( 0.000000000000000000, 1.000000000000000000, 0.000000000000000000 ) ) ;
#630 = VERTEX_POINT ( 'NONE', #3279 ) ;
#631 = ADVANCED_FACE ( 'NONE', ( #455 ), #3707, .F. ) ;
#632 = EDGE_CURVE ( 'NONE', #5154, #2125, #1003, .T. ) ;
#633 = CARTESIAN_POINT ( 'NONE',  ( 1.499999999999993339, 0.000000000000000000, -0.2000000000000003164 ) ) ;
#634 = FACE_OUTER_BOUND ( 'NONE', #706, .T. ) ;
#635 = EDGE_CURVE ( 'NONE', #3347, #4788, #3411, .T. ) ;
#636 = VECTOR ( 'NONE', #4929, 1000.000000000000000 ) ;
#637 = CARTESIAN_POINT ( 'NONE',  ( -1.434999999999980069, 0.04999999999999999584, 0.8249999999999999556 ) ) ;
#638 = CARTESIAN_POINT ( 'NONE',  ( -1.459999999999993303, 0.04999999999999999584, -0.4500000000000001221 ) ) ;
#639 = CARTESIAN_POINT ( 'NONE',  ( 1.459999999999979980, 0.000000000000000000, 0.8499999999999994227 ) ) ;
#640 = EDGE_CURVE ( 'NONE', #1381, #3355, #2557, .T. ) ;
#641 = ORIENTED_EDGE ( 'NONE', *, *, #1862, .T. ) ;
#642 = EDGE_CURVE ( 'NONE', #230, #2473, #3915, .T. ) ;
#643 = DIRECTION ( 'NONE',  ( 0.7071067811865536790, -0.000000000000000000, 0.7071067811865414665 ) ) ;
#644 = VECTOR ( 'NONE', #1095, 1000.000000000000000 ) ;
#645 = AXIS2_PLACEMENT_3D ( 'NONE', #4505, #3767, #3259 ) ;
#646 = DIRECTION ( 'NONE',  ( -0.000000000000000000, -0.000000000000000000, -1.000000000000000000 ) ) ;
#647 = ORIENTED_EDGE ( 'NONE', *, *, #4355, .T. ) ;
#648 = LINE ( 'NONE', #1422, #4572 ) ;
#649 = FILL_AREA_STYLE_COLOUR ( '', #4897 ) ;
#650 = VECTOR ( 'NONE', #5074, 1000.000000000000000 ) ;
#651 = VECTOR ( 'NONE', #1907, 1000.000000000000000 ) ;
#652 = VERTEX_POINT ( 'NONE', #1878 ) ;
#653 = LINE ( 'NONE', #3911, #5242 ) ;
#654 = VECTOR ( 'NONE', #1904, 1000.000000000000000 ) ;
#655 = DIRECTION ( 'NONE',  ( 1.000000000000000000, 0.000000000000000000, 2.344220913482168007E-15 ) ) ;
#656 = VECTOR ( 'NONE', #4089, 1000.000000000000000 ) ;
#657 = DIRECTION ( 'NONE',  ( 1.000000000000000000, 0.000000000000000000, -0.000000000000000000 ) ) ;
#658 = ORIENTED_EDGE ( 'NONE', *, *, #5228, .T. ) ;
#659 = DIRECTION ( 'NONE',  ( 0.7071067811865460184, 0.000000000000000000, 0.7071067811865490160 ) ) ;
#660 = ORIENTED_EDGE ( 'NONE', *, *, #3711, .T. ) ;
#661 = SHAPE_DEFINITION_REPRESENTATION ( #1224, #4620 ) ;
#662 = CARTESIAN_POINT ( 'NONE',  ( -0.7844339622641511856, 0.05000000000000000278, -0.9788616648203987136 ) ) ;
#663 = VECTOR ( 'NONE', #77, 1000.000000000000000 ) ;
#664 = DIRECTION ( 'NONE',  ( -1.000000000000000000, 0.000000000000000000, 0.000000000000000000 ) ) ;
#665 = EDGE_CURVE ( 'NONE', #1552, #3407, #5130, .T. ) ;
#666 = CIRCLE ( 'NONE', #4407, 0.1500000000000003830 ) ;
#667 = LINE ( 'NONE', #2326, #4898 ) ;
#668 = DIRECTION ( 'NONE',  ( 0.000000000000000000, 0.000000000000000000, 1.000000000000000000 ) ) ;
#669 = MECHANICAL_DESIGN_GEOMETRIC_PRESENTATION_REPRESENTATION (  '', ( #2378 ), #1686 ) ;
#670 = CARTESIAN_POINT ( 'NONE',  ( 0.8249999999999997335, 0.000000000000000000, 1.039999999999999147 ) ) ;
#671 = ORIENTED_EDGE ( 'NONE', *, *, #2716, .F. ) ;
#672 = VERTEX_POINT ( 'NONE', #3512 ) ;
#673 = DIRECTION ( 'NONE',  ( 0.000000000000000000, 0.000000000000000000, 1.000000000000000000 ) ) ;
#674 = AXIS2_PLACEMENT_3D ( 'NONE', #520, #939, #964 ) ;
#675 = LINE ( 'NONE', #1093, #3120 ) ;
#676 = EDGE_LOOP ( 'NONE', ( #2160, #4640, #4176, #4129 ) ) ;
#677 = DIRECTION ( 'NONE',  ( 0.000000000000000000, -1.000000000000000000, 0.000000000000000000 ) ) ;
#678 = ADVANCED_FACE ( 'NONE', ( #1851 ), #3437, .F. ) ;
#679 = VECTOR ( 'NONE', #659, 1000.000000000000114 ) ;
#680 = ORIENTED_EDGE ( 'NONE', *, *, #1291, .T. ) ;
#681 = CYLINDRICAL_SURFACE ( 'NONE', #3212, 0.1500000000000003830 ) ;
#682 = AXIS2_PLACEMENT_3D ( 'NONE', #34, #1659, #3300 ) ;
#683 = LINE ( 'NONE', #604, #5240 ) ;
#684 = ORIENTED_EDGE ( 'NONE', *, *, #1827, .F. ) ;
#685 = DIRECTION ( 'NONE',  ( 0.000000000000000000, -0.000000000000000000, -1.000000000000000000 ) ) ;
#686 = EDGE_LOOP ( 'NONE', ( #2736, #3664, #628, #1309, #1541, #1917, #4759, #1233 ) ) ;
#687 = VERTEX_POINT ( 'NONE', #5111 ) ;
#688 = PLANE ( 'NONE',  #389 ) ;
#689 = LINE ( 'NONE', #3248, #562 ) ;
#690 = EDGE_CURVE ( 'NONE', #530, #4900, #551, .T. ) ;
#691 = CARTESIAN_POINT ( 'NONE',  ( 1.459999999999999520, 0.2030000000000000138, -0.8500000000000001998 ) ) ;
#692 = CARTESIAN_POINT ( 'NONE',  ( 1.459999999999993303, 0.2030000000000000138, -0.4500000000000005107 ) ) ;
#693 = ORIENTED_EDGE ( 'NONE', *, *, #1505, .T. ) ;
#694 = LINE ( 'NONE', #1869, #4483 ) ;
#695 = DIRECTION ( 'NONE',  ( 0.000000000000000000, 1.000000000000000000, 0.000000000000000000 ) ) ;
#696 = ORIENTED_EDGE ( 'NONE', *, *, #3811, .T. ) ;
#697 = CARTESIAN_POINT ( 'NONE',  ( -1.100000000000000089, 0.8499999999999999778, -1.274999999999999911 ) ) ;
#698 = VERTEX_POINT ( 'NONE', #1776 ) ;
#699 = CARTESIAN_POINT ( 'NONE',  ( 0.8249999999999997335, 0.05000000000000000278, 1.039999999999999147 ) ) ;
#700 = DIRECTION ( 'NONE',  ( 0.000000000000000000, 1.000000000000000000, 0.000000000000000000 ) ) ;
#701 = CARTESIAN_POINT ( 'NONE',  ( 1.499999999999993339, 0.2030000000000000138, -0.2000000000000003164 ) ) ;
#702 = PRESENTATION_STYLE_ASSIGNMENT (( #2369 ) ) ;
#703 = ORIENTED_EDGE ( 'NONE', *, *, #3530, .T. ) ;
#704 = CARTESIAN_POINT ( 'NONE',  ( 1.434999999999986953, 0.04999999999999999584, 0.4749999999999995337 ) ) ;
#705 = VERTEX_POINT ( 'NONE', #4230 ) ;
#706 = EDGE_LOOP ( 'NONE', ( #4292, #513, #2730, #1319 ) ) ;
#707 = EDGE_CURVE ( 'NONE', #3034, #2245, #1453, .T. ) ;
#708 = EDGE_CURVE ( 'NONE', #705, #4963, #627, .T. ) ;
#709 = DIRECTION ( 'NONE',  ( 0.000000000000000000, 0.000000000000000000, -1.000000000000000000 ) ) ;
#710 = DIRECTION ( 'NONE',  ( 0.7071067811865460184, -0.000000000000000000, -0.7071067811865490160 ) ) ;
#711 = CARTESIAN_POINT ( 'NONE',  ( 1.249999999999993339, 0.000000000000000000, -0.1749999999999999611 ) ) ;
#712 = VERTEX_POINT ( 'NONE', #209 ) ;
#713 = CARTESIAN_POINT ( 'NONE',  ( 0.8249999999999997335, 0.05000000000000000278, -1.039999999999998703 ) ) ;
#714 = DIRECTION ( 'NONE',  ( 0.000000000000000000, 0.000000000000000000, -1.000000000000000000 ) ) ;
#715 = ORIENTED_EDGE ( 'NONE', *, *, #580, .T. ) ;
#716 = DIRECTION ( 'NONE',  ( 0.000000000000000000, 0.000000000000000000, 1.000000000000000000 ) ) ;
#717 = CARTESIAN_POINT ( 'NONE',  ( 1.249999999999999556, 0.2030000000000000138, -0.9750000000000004219 ) ) ;
#718 =( LENGTH_UNIT ( ) NAMED_UNIT ( * ) SI_UNIT ( .MILLI., .METRE. ) );
#719 = ORIENTED_EDGE ( 'NONE', *, *, #1184, .F. ) ;
#720 = ADVANCED_FACE ( 'NONE', ( #4661 ), #1822, .T. ) ;
#721 = AXIS2_PLACEMENT_3D ( 'NONE', #3353, #3667, #3 ) ;
#722 = DIRECTION ( 'NONE',  ( 0.000000000000000000, 0.000000000000000000, -1.000000000000000000 ) ) ;
#723 = DIRECTION ( 'NONE',  ( 1.000000000000000000, -0.000000000000000000, -2.930276141852710700E-15 ) ) ;
#724 = LINE ( 'NONE', #2366, #2698 ) ;
#725 = VECTOR ( 'NONE', #591, 1000.000000000000000 ) ;
#726 = ORIENTED_EDGE ( 'NONE', *, *, #4741, .T. ) ;
#727 = DIRECTION ( 'NONE',  ( -0.000000000000000000, 0.000000000000000000, 1.000000000000000000 ) ) ;
#728 = ORIENTED_EDGE ( 'NONE', *, *, #1001, .F. ) ;
#729 = ORIENTED_EDGE ( 'NONE', *, *, #1985, .T. ) ;
#730 = COLOUR_RGB ( '',0.7921568627450980005, 0.8196078431372548767, 0.9333333333333333481 ) ;
#731 = VECTOR ( 'NONE', #2293, 1000.000000000000000 ) ;
#732 = FACE_OUTER_BOUND ( 'NONE', #2004, .T. ) ;
#733 = EDGE_CURVE ( 'NONE', #4050, #340, #2662, .T. ) ;
#734 = EDGE_CURVE ( 'NONE', #3840, #4462, #1141, .T. ) ;
#735 = AXIS2_PLACEMENT_3D ( 'NONE', #4971, #4568, #4141 ) ;
#736 = DIRECTION ( 'NONE',  ( 0.000000000000000000, 1.000000000000000000, 0.000000000000000000 ) ) ;
#737 = LINE ( 'NONE', #2379, #4831 ) ;
#738 = AXIS2_PLACEMENT_3D ( 'NONE', #3239, #1201, #3666 ) ;
#739 = DIRECTION ( 'NONE',  ( 0.7071067811865414665, 0.000000000000000000, -0.7071067811865536790 ) ) ;
#740 = CIRCLE ( 'NONE', #1432, 0.04999999999999991257 ) ;
#741 = EDGE_LOOP ( 'NONE', ( #142, #2678, #4616, #828, #3216, #4424, #2316, #2232, #84, #66 ) ) ;
#742 = CARTESIAN_POINT ( 'NONE',  ( 1.499999999999986677, 0.2030000000000000138, 0.4499999999999996780 ) ) ;
#743 = CARTESIAN_POINT ( 'NONE',  ( 1.249999999999980016, 0.000000000000000000, 0.9749999999999995337 ) ) ;
#744 = ORIENTED_EDGE ( 'NONE', *, *, #1632, .F. ) ;
#745 = DIRECTION ( 'NONE',  ( -0.000000000000000000, -1.000000000000000000, -0.000000000000000000 ) ) ;
#746 = VECTOR ( 'NONE', #2796, 1000.000000000000000 ) ;
#747 = DIRECTION ( 'NONE',  ( 0.000000000000000000, -0.000000000000000000, 1.000000000000000000 ) ) ;
#748 = PLANE ( 'NONE',  #324 ) ;
#749 = ORIENTED_EDGE ( 'NONE', *, *, #1524, .F. ) ;
#750 = VECTOR ( 'NONE', #4938, 1000.000000000000000 ) ;
#751 = CARTESIAN_POINT ( 'NONE',  ( -1.434999999999979847, 0.2030000000000000138, 1.125000000000000000 ) ) ;
#752 = LINE ( 'NONE', #4356, #5069 ) ;
#753 = LINE ( 'NONE', #2396, #4056 ) ;
#754 = EDGE_CURVE ( 'NONE', #3742, #2968, #1682, .T. ) ;
#755 = CIRCLE ( 'NONE', #932, 0.1499999999999999667 ) ;
#756 = ORIENTED_EDGE ( 'NONE', *, *, #1843, .F. ) ;
#757 = CARTESIAN_POINT ( 'NONE',  ( 1.219727444046199391E-15, 0.05000000000000000278, 0.4500000000000037303 ) ) ;
#758 = ORIENTED_EDGE ( 'NONE', *, *, #3185, .F. ) ;
#759 = ORIENTED_EDGE ( 'NONE', *, *, #833, .T. ) ;
#760 = AXIS2_PLACEMENT_3D ( 'NONE', #1519, #5222, #3157 ) ;
#761 = LINE ( 'NONE', #2402, #2104 ) ;
#762 = VECTOR ( 'NONE', #3898, 1000.000000000000000 ) ;
#763 = EDGE_CURVE ( 'NONE', #5067, #4086, #883, .T. ) ;
#764 = EDGE_CURVE ( 'NONE', #4977, #4783, #2464, .T. ) ;
#765 = FACE_OUTER_BOUND ( 'NONE', #2478, .T. ) ;
#766 = ORIENTED_EDGE ( 'NONE', *, *, #4345, .F. ) ;
#767 = ORIENTED_EDGE ( 'NONE', *, *, #2810, .F. ) ;
#768 = EDGE_CURVE ( 'NONE', #2647, #3583, #2117, .T. ) ;
#769 = ADVANCED_FACE ( 'NONE', ( #4029 ), #799, .T. ) ;
#770 = CARTESIAN_POINT ( 'NONE',  ( 1.499999999999986677, 0.2030000000000000138, 0.1999999999999994282 ) ) ;
#771 = ORIENTED_EDGE ( 'NONE', *, *, #3784, .T. ) ;
#772 = DIRECTION ( 'NONE',  ( 1.000000000000000000, 0.000000000000000000, -0.000000000000000000 ) ) ;
#773 = CARTESIAN_POINT ( 'NONE',  ( -0.3050000000000023803, 0.05000000000000000278, -0.3049999999999971068 ) ) ;
#774 = VERTEX_POINT ( 'NONE', #3350 ) ;
#775 = DIRECTION ( 'NONE',  ( 1.000000000000000000, 0.000000000000000000, -5.504235658546187749E-17 ) ) ;
#776 = DIRECTION ( 'NONE',  ( 1.000000000000000000, 0.000000000000000000, 2.710505431213753985E-15 ) ) ;
#777 = LINE ( 'NONE', #3610, #572 ) ;
#778 = CARTESIAN_POINT ( 'NONE',  ( -1.249999999999986677, 0.2030000000000000138, 0.4750000000000003664 ) ) ;
#779 = CARTESIAN_POINT ( 'NONE',  ( -1.499999999999993339, 0.2030000000000000138, -0.4500000000000001221 ) ) ;
#780 = ORIENTED_EDGE ( 'NONE', *, *, #5, .F. ) ;
#781 = ORIENTED_EDGE ( 'NONE', *, *, #3611, .T. ) ;
#782 = EDGE_CURVE ( 'NONE', #3492, #3198, #373, .T. ) ;
#783 = DIRECTION ( 'NONE',  ( -0.000000000000000000, -0.000000000000000000, -1.000000000000000000 ) ) ;
#784 = DIRECTION ( 'NONE',  ( -0.000000000000000000, -1.000000000000000000, -0.000000000000000000 ) ) ;
#785 = ORIENTED_EDGE ( 'NONE', *, *, #1905, .F. ) ;
#786 = EDGE_CURVE ( 'NONE', #1463, #575, #2890, .T. ) ;
#787 = DIRECTION ( 'NONE',  ( -1.000000000000000000, 0.000000000000000000, 2.710505431213753985E-15 ) ) ;
#788 = EDGE_CURVE ( 'NONE', #4960, #4022, #4136, .T. ) ;
#789 = DIRECTION ( 'NONE',  ( 0.000000000000000000, 0.000000000000000000, -1.000000000000000000 ) ) ;
#790 = DIRECTION ( 'NONE',  ( 0.7071067811865460184, -0.000000000000000000, -0.7071067811865490160 ) ) ;
#791 = ORIENTED_EDGE ( 'NONE', *, *, #1961, .F. ) ;
#792 = ORIENTED_EDGE ( 'NONE', *, *, #1971, .T. ) ;
#793 = CARTESIAN_POINT ( 'NONE',  ( 1.435000000000000053, 0.2030000000000000138, -1.125000000000000444 ) ) ;
#794 = EDGE_LOOP ( 'NONE', ( #2814, #977, #174, #2884 ) ) ;
#795 = DIRECTION ( 'NONE',  ( 0.000000000000000000, -1.000000000000000000, 0.000000000000000000 ) ) ;
#796 = DIRECTION ( 'NONE',  ( 0.7071067811865414665, 0.000000000000000000, -0.7071067811865536790 ) ) ;
#797 = EDGE_CURVE ( 'NONE', #2748, #2427, #3633, .T. ) ;
#798 = COLOUR_RGB ( '',0.7921568627450980005, 0.8196078431372548767, 0.9333333333333333481 ) ;
#799 = PLANE ( 'NONE',  #1255 ) ;
#800 = ORIENTED_EDGE ( 'NONE', *, *, #4276, .F. ) ;
#801 = DIRECTION ( 'NONE',  ( -0.000000000000000000, -1.000000000000000000, -0.000000000000000000 ) ) ;
#802 = CARTESIAN_POINT ( 'NONE',  ( -1.100000000000000089, 0.9000000000000000222, -1.099999999999999867 ) ) ;
#803 = DIRECTION ( 'NONE',  ( 0.000000000000000000, 0.000000000000000000, -1.000000000000000000 ) ) ;
#804 = EDGE_CURVE ( 'NONE', #1968, #4362, #3236, .T. ) ;
#805 = ORIENTED_EDGE ( 'NONE', *, *, #4694, .F. ) ;
#806 = DIRECTION ( 'NONE',  ( -1.000000000000000000, -0.000000000000000000, 2.344220913482165641E-15 ) ) ;
#807 = EDGE_LOOP ( 'NONE', ( #660, #4690, #3750, #2428 ) ) ;
#808 = VERTEX_POINT ( 'NONE', #4054 ) ;
#809 = AXIS2_PLACEMENT_3D ( 'NONE', #3857, #3508, #3026 ) ;
#810 = DIRECTION ( 'NONE',  ( 0.7071067811865459074, 0.000000000000000000, 0.7071067811865491270 ) ) ;
#811 = VECTOR ( 'NONE', #2486, 1000.000000000000114 ) ;
#812 = DIRECTION ( 'NONE',  ( 0.000000000000000000, -1.000000000000000000, 0.000000000000000000 ) ) ;
#813 = EDGE_LOOP ( 'NONE', ( #4737, #1248, #1042, #5003 ) ) ;
#814 = CARTESIAN_POINT ( 'NONE',  ( 1.499999999999993339, 0.2030000000000000138, -0.4500000000000005107 ) ) ;
#815 = AXIS2_PLACEMENT_3D ( 'NONE', #2529, #2612, #1049 ) ;
#816 =( LENGTH_UNIT ( ) NAMED_UNIT ( * ) SI_UNIT ( .MILLI., .METRE. ) );
#817 = AXIS2_PLACEMENT_3D ( 'NONE', #3692, #4481, #4032 ) ;
#818 = VECTOR ( 'NONE', #408, 1000.000000000000000 ) ;
#819 = ORIENTED_EDGE ( 'NONE', *, *, #4280, .F. ) ;
#820 = EDGE_LOOP ( 'NONE', ( #2708, #3789, #339, #4367, #4188, #1613, #2214, #3978 ) ) ;
#821 = EDGE_CURVE ( 'NONE', #4480, #4122, #4843, .T. ) ;
#822 = PLANE ( 'NONE',  #1996 ) ;
#823 = ORIENTED_EDGE ( 'NONE', *, *, #991, .T. ) ;
#824 = LINE ( 'NONE', #3631, #1271 ) ;
#825 = LINE ( 'NONE', #4083, #4386 ) ;
#826 = CLOSED_SHELL ( 'NONE', ( #2795, #4184, #612, #3503, #245, #2457, #3357, #2778, #1058, #4382 ) ) ;
#827 = DIRECTION ( 'NONE',  ( 1.000000000000000000, 0.000000000000000000, 2.344220913482168402E-15 ) ) ;
#828 = ORIENTED_EDGE ( 'NONE', *, *, #2152, .T. ) ;
#829 = DIRECTION ( 'NONE',  ( 1.000000000000000000, 0.000000000000000000, -2.344220913482165641E-15 ) ) ;
#830 = VECTOR ( 'NONE', #5249, 1000.000000000000000 ) ;
#831 = EDGE_CURVE ( 'NONE', #4777, #3219, #1223, .T. ) ;
#832 = PLANE ( 'NONE',  #4991 ) ;
#833 = EDGE_CURVE ( 'NONE', #4796, #687, #3663, .T. ) ;
#834 = LINE ( 'NONE', #1257, #4393 ) ;
#835 = CARTESIAN_POINT ( 'NONE',  ( 1.499999999999980016, 0.2030000000000000138, 1.099999999999999645 ) ) ;
#836 = AXIS2_PLACEMENT_3D ( 'NONE', #5097, #2200, #3824 ) ;
#837 = FACE_OUTER_BOUND ( 'NONE', #374, .T. ) ;
#838 = VERTEX_POINT ( 'NONE', #4880 ) ;
#839 = ORIENTED_EDGE ( 'NONE', *, *, #4891, .F. ) ;
#840 = VECTOR ( 'NONE', #296, 1000.000000000000000 ) ;
#841 = FACE_OUTER_BOUND ( 'NONE', #5045, .T. ) ;
#842 = DIRECTION ( 'NONE',  ( -0.000000000000000000, -0.000000000000000000, -1.000000000000000000 ) ) ;
#843 = VERTEX_POINT ( 'NONE', #2856 ) ;
#844 = FACE_OUTER_BOUND ( 'NONE', #3925, .T. ) ;
#845 = VERTEX_POINT ( 'NONE', #2022 ) ;
#846 = LINE ( 'NONE', #3738, #616 ) ;
#847 = VECTOR ( 'NONE', #2887, 1000.000000000000000 ) ;
#848 =( NAMED_UNIT ( * ) SI_UNIT ( $, .STERADIAN. ) SOLID_ANGLE_UNIT ( ) );
#849 = VERTEX_POINT ( 'NONE', #1307 ) ;
#850 = VECTOR ( 'NONE', #5119, 1000.000000000000000 ) ;
#851 = VERTEX_POINT ( 'NONE', #3690 ) ;
#852 = EDGE_CURVE ( 'NONE', #1356, #4685, #3290, .T. ) ;
#853 = CARTESIAN_POINT ( 'NONE',  ( -1.459999999999993303, 0.2030000000000000138, -0.1999999999999997613 ) ) ;
#854 = ORIENTED_EDGE ( 'NONE', *, *, #415, .T. ) ;
#855 = CARTESIAN_POINT ( 'NONE',  ( 1.459999999999979980, 0.2030000000000000138, 0.8499999999999994227 ) ) ;
#856 = CARTESIAN_POINT ( 'NONE',  ( 1.499999999999980016, 0.2030000000000000138, 0.8499999999999994227 ) ) ;
#857 = CARTESIAN_POINT ( 'NONE',  ( 1.459999999999999520, 0.2030000000000000138, -0.8500000000000001998 ) ) ;
#858 = EDGE_CURVE ( 'NONE', #10, #1504, #4509, .T. ) ;
#859 = ORIENTED_EDGE ( 'NONE', *, *, #1559, .F. ) ;
#860 = CARTESIAN_POINT ( 'NONE',  ( -1.249999999999979572, 0.2030000000000000138, 0.9749999999999999778 ) ) ;
#861 = CARTESIAN_POINT ( 'NONE',  ( 1.434999999999986953, 0.000000000000000000, 0.4749999999999995337 ) ) ;
#862 = DIRECTION ( 'NONE',  ( 0.000000000000000000, 0.000000000000000000, 1.000000000000000000 ) ) ;
#863 = LINE ( 'NONE', #2811, #3056 ) ;
#864 = FACE_OUTER_BOUND ( 'NONE', #2660, .T. ) ;
#865 = ADVANCED_FACE ( 'NONE', ( #487 ), #2490, .T. ) ;
#866 = ORIENTED_EDGE ( 'NONE', *, *, #3372, .F. ) ;
#867 = EDGE_LOOP ( 'NONE', ( #1591, #3580, #1805, #1777 ) ) ;
#868 = CARTESIAN_POINT ( 'NONE',  ( -1.500000000000000000, 0.2030000000000000138, -1.100000000000000089 ) ) ;
#869 = ORIENTED_EDGE ( 'NONE', *, *, #1347, .F. ) ;
#870 = CARTESIAN_POINT ( 'NONE',  ( 1.434999999999993614, 0.2030000000000000138, -0.1750000000000004607 ) ) ;
#871 = EDGE_CURVE ( 'NONE', #843, #188, #3322, .T. ) ;
#872 = VERTEX_POINT ( 'NONE', #2917 ) ;
#873 = ADVANCED_FACE ( 'NONE', ( #3446 ), #2553, .T. ) ;
#874 = CARTESIAN_POINT ( 'NONE',  ( 1.434999999999980513, 0.2030000000000000138, 0.8249999999999995115 ) ) ;
#875 = FILL_AREA_STYLE ('',( #4182 ) ) ;
#876 = CARTESIAN_POINT ( 'NONE',  ( -0.6749999999999991562, 0.000000000000000000, 1.190000000000000169 ) ) ;
#877 = FACE_OUTER_BOUND ( 'NONE', #5005, .T. ) ;
#878 = ORIENTED_EDGE ( 'NONE', *, *, #1124, .T. ) ;
#879 = ORIENTED_EDGE ( 'NONE', *, *, #347, .F. ) ;
#880 = CARTESIAN_POINT ( 'NONE',  ( -1.249999999999986677, 0.2030000000000000138, 0.3250000000000000111 ) ) ;
#881 = CARTESIAN_POINT ( 'NONE',  ( -1.499999999999993339, 0.2030000000000000138, -0.4500000000000001221 ) ) ;
#882 = FACE_OUTER_BOUND ( 'NONE', #5084, .T. ) ;
#883 = LINE ( 'NONE', #1199, #2976 ) ;
#884 = EDGE_CURVE ( 'NONE', #774, #4442, #1092, .T. ) ;
#885 = ORIENTED_EDGE ( 'NONE', *, *, #1506, .F. ) ;
#886 = DIRECTION ( 'NONE',  ( 0.000000000000000000, -1.000000000000000000, 0.000000000000000000 ) ) ;
#887 = PLANE ( 'NONE',  #3458 ) ;
#888 = DIRECTION ( 'NONE',  ( -1.000000000000000000, 0.000000000000000000, 2.637248527667439551E-15 ) ) ;
#889 = EDGE_CURVE ( 'NONE', #3250, #1816, #3852, .T. ) ;
#890 = DIRECTION ( 'NONE',  ( -0.000000000000000000, -0.000000000000000000, -1.000000000000000000 ) ) ;
#891 = LINE ( 'NONE', #2524, #1014 ) ;
#892 = ORIENTED_EDGE ( 'NONE', *, *, #2145, .T. ) ;
#893 = ORIENTED_EDGE ( 'NONE', *, *, #871, .F. ) ;
#894 = VECTOR ( 'NONE', #1728, 1000.000000000000000 ) ;
#895 = FACE_OUTER_BOUND ( 'NONE', #1454, .T. ) ;
#896 = ORIENTED_EDGE ( 'NONE', *, *, #4794, .F. ) ;
#897 = CARTESIAN_POINT ( 'NONE',  ( 1.434999999999980513, 0.04999999999999999584, 0.8249999999999995115 ) ) ;
#898 = AXIS2_PLACEMENT_3D ( 'NONE', #1600, #2807, #1998 ) ;
#899 = FILL_AREA_STYLE_COLOUR ( '', #64 ) ;
#900 = ADVANCED_FACE ( 'NONE', ( #1335 ), #3019, .F. ) ;
#901 = EDGE_CURVE ( 'NONE', #2220, #4767, #4644, .T. ) ;
#902 = SURFACE_SIDE_STYLE ('',( #1297 ) ) ;
#903 = VECTOR ( 'NONE', #2769, 1000.000000000000000 ) ;
#904 = AXIS2_PLACEMENT_3D ( 'NONE', #3335, #3780, #1746 ) ;
#905 = DIRECTION ( 'NONE',  ( -0.000000000000000000, -1.000000000000000000, -0.000000000000000000 ) ) ;
#906 = ORIENTED_EDGE ( 'NONE', *, *, #4916, .T. ) ;
#907 = VERTEX_POINT ( 'NONE', #4699 ) ;
#908 = AXIS2_PLACEMENT_3D ( 'NONE', #2175, #3694, #888 ) ;
#909 = CARTESIAN_POINT ( 'NONE',  ( 1.434999999999993614, 0.2030000000000000138, -0.1750000000000004607 ) ) ;
#910 = ORIENTED_EDGE ( 'NONE', *, *, #2241, .T. ) ;
#911 = CARTESIAN_POINT ( 'NONE',  ( 0.000000000000000000, 0.05000000000000000278, 0.1999999999999994282 ) ) ;
#912 = CARTESIAN_POINT ( 'NONE',  ( -1.434999999999993614, 0.2030000000000000138, -0.1750000000000000167 ) ) ;
#913 = DIRECTION ( 'NONE',  ( -1.000000000000000000, 0.000000000000000000, 0.000000000000000000 ) ) ;
#914 = ORIENTED_EDGE ( 'NONE', *, *, #5011, .T. ) ;
#915 = PRODUCT_DEFINITION_CONTEXT ( 'detailed design', #2096, 'design' ) ;
#916 = CARTESIAN_POINT ( 'NONE',  ( 1.434999999999980291, 0.2030000000000000138, 1.124999999999999556 ) ) ;
#917 = DIRECTION ( 'NONE',  ( 0.7071067811865459074, 0.000000000000000000, 0.7071067811865491270 ) ) ;
#918 = CIRCLE ( 'NONE', #321, 0.1750000000000000167 ) ;
#919 = LINE ( 'NONE', #1718, #5010 ) ;
#920 = ORIENTED_EDGE ( 'NONE', *, *, #549, .F. ) ;
#921 = VECTOR ( 'NONE', #4267, 1000.000000000000000 ) ;
#922 = ORIENTED_EDGE ( 'NONE', *, *, #3071, .F. ) ;
#923 = EDGE_CURVE ( 'NONE', #3853, #2927, #4596, .T. ) ;
#924 = LINE ( 'NONE', #948, #2439 ) ;
#925 = AXIS2_PLACEMENT_3D ( 'NONE', #5083, #3067, #1030 ) ;
#926 = ORIENTED_EDGE ( 'NONE', *, *, #3907, .F. ) ;
#927 = CARTESIAN_POINT ( 'NONE',  ( 1.249999999999999556, 0.2030000000000000138, -0.8249999999999999556 ) ) ;
#928 = AXIS2_PLACEMENT_3D ( 'NONE', #1911, #2010, #1211 ) ;
#929 = LINE ( 'NONE', #4583, #3392 ) ;
#930 = FILL_AREA_STYLE_COLOUR ( '', #1738 ) ;
#931 = PLANE ( 'NONE',  #5158 ) ;
#932 = AXIS2_PLACEMENT_3D ( 'NONE', #5033, #629, #1032 ) ;
#933 = VERTEX_POINT ( 'NONE', #116 ) ;
#934 = ORIENTED_EDGE ( 'NONE', *, *, #399, .T. ) ;
#935 = FACE_OUTER_BOUND ( 'NONE', #686, .T. ) ;
#936 = ORIENTED_EDGE ( 'NONE', *, *, #1379, .F. ) ;
#937 = LINE ( 'NONE', #138, #3415 ) ;
#938 = CARTESIAN_POINT ( 'NONE',  ( -1.250000000000000000, 0.2030000000000000138, -0.8249999999999995115 ) ) ;
#939 = DIRECTION ( 'NONE',  ( -0.7071067811865536790, 0.000000000000000000, 0.7071067811865414665 ) ) ;
#940 = EDGE_CURVE ( 'NONE', #1357, #1071, #1415, .T. ) ;
#941 = ORIENTED_EDGE ( 'NONE', *, *, #143, .T. ) ;
#942 = CARTESIAN_POINT ( 'NONE',  ( -1.100000000000000089, 0.8499999999999999778, -1.274999999999999911 ) ) ;
#943 = DIRECTION ( 'NONE',  ( 1.000000000000000000, 0.000000000000000000, -2.344220913482168007E-15 ) ) ;
#944 = CARTESIAN_POINT ( 'NONE',  ( 1.434999999999980513, 0.2030000000000000138, 0.8249999999999995115 ) ) ;
#945 = CARTESIAN_POINT ( 'NONE',  ( -1.459999999999993303, 0.2030000000000000138, -0.1999999999999997613 ) ) ;
#946 = VERTEX_POINT ( 'NONE', #4166 ) ;
#947 = VERTEX_POINT ( 'NONE', #198 ) ;
#948 = CARTESIAN_POINT ( 'NONE',  ( -1.500000000000000000, 0.2030000000000000138, -0.8499999999999998668 ) ) ;
#949 = VERTEX_POINT ( 'NONE', #1441 ) ;
#950 = CARTESIAN_POINT ( 'NONE',  ( 1.459999999999986420, 0.2030000000000000138, 0.4499999999999997891 ) ) ;
#951 = ORIENTED_EDGE ( 'NONE', *, *, #2217, .F. ) ;
#952 = DIRECTION ( 'NONE',  ( -0.7071067811865414665, -0.000000000000000000, 0.7071067811865536790 ) ) ;
#953 =( NAMED_UNIT ( * ) SI_UNIT ( $, .STERADIAN. ) SOLID_ANGLE_UNIT ( ) );
#954 = LINE ( 'NONE', #1405, #316 ) ;
#955 = ADVANCED_FACE ( 'NONE', ( #2231 ), #1791, .T. ) ;
#956 = CARTESIAN_POINT ( 'NONE',  ( -1.459999999999993303, 0.2030000000000000138, -0.1999999999999997613 ) ) ;
#957 = CARTESIAN_POINT ( 'NONE',  ( -1.500000000000000000, 6.042640687119284593, 1.499999999999999778 ) ) ;
#958 = ADVANCED_FACE ( 'NONE', ( #3049 ), #2146, .T. ) ;
#959 = EDGE_LOOP ( 'NONE', ( #14, #396, #3714, #2090 ) ) ;
#960 = ORIENTED_EDGE ( 'NONE', *, *, #2319, .T. ) ;
#961 = DIRECTION ( 'NONE',  ( 0.000000000000000000, -1.000000000000000000, 0.000000000000000000 ) ) ;
#962 = DIRECTION ( 'NONE',  ( 1.000000000000000000, 0.000000000000000000, -0.000000000000000000 ) ) ;
#963 = CARTESIAN_POINT ( 'NONE',  ( -1.459999999999979536, 0.04999999999999999584, 1.100000000000000311 ) ) ;
#964 = DIRECTION ( 'NONE',  ( 0.7071067811865414665, 0.000000000000000000, 0.7071067811865536790 ) ) ;
#965 = ORIENTED_EDGE ( 'NONE', *, *, #5108, .F. ) ;
#966 = UNCERTAINTY_MEASURE_WITH_UNIT (LENGTH_MEASURE( 1.000000000000000082E-05 ), #4153, 'distance_accuracy_value', 'NONE');
#967 = PLANE ( 'NONE',  #2110 ) ;
#968 = LINE ( 'NONE', #3104, #3802 ) ;
#969 = DIRECTION ( 'NONE',  ( -1.000000000000000000, 0.000000000000000000, 0.000000000000000000 ) ) ;
#970 = EDGE_CURVE ( 'NONE', #4380, #872, #3771, .T. ) ;
#971 = EDGE_CURVE ( 'NONE', #3034, #3250, #4675, .T. ) ;
#972 = LINE ( 'NONE', #3028, #4070 ) ;
#973 = ORIENTED_EDGE ( 'NONE', *, *, #4285, .T. ) ;
#974 = ORIENTED_EDGE ( 'NONE', *, *, #3517, .T. ) ;
#975 = CARTESIAN_POINT ( 'NONE',  ( -0.7844339622641511856, 0.000000000000000000, -0.9788616648203987136 ) ) ;
#976 = EDGE_CURVE ( 'NONE', #2262, #1169, #4928, .T. ) ;
#977 = ORIENTED_EDGE ( 'NONE', *, *, #5099, .T. ) ;
#978 = CARTESIAN_POINT ( 'NONE',  ( -1.500000000000000000, 0.05000000000000000278, -1.499999999999999778 ) ) ;
#979 = ORIENTED_EDGE ( 'NONE', *, *, #2527, .F. ) ;
#980 = LINE ( 'NONE', #5036, #3042 ) ;
#981 = AXIS2_PLACEMENT_3D ( 'NONE', #4965, #3369, #4561 ) ;
#982 = ORIENTED_EDGE ( 'NONE', *, *, #4186, .F. ) ;
#983 = ORIENTED_EDGE ( 'NONE', *, *, #2406, .F. ) ;
#984 = PLANE ( 'NONE',  #4996 ) ;
#985 = CARTESIAN_POINT ( 'NONE',  ( -1.499999999999979572, 0.2030000000000000138, 0.8499999999999998668 ) ) ;
#986 = VECTOR ( 'NONE', #4649, 1000.000000000000000 ) ;
#987 = AXIS2_PLACEMENT_3D ( 'NONE', #5081, #2263, #263 ) ;
#988 = DIRECTION ( 'NONE',  ( 0.000000000000000000, 0.000000000000000000, 1.000000000000000000 ) ) ;
#989 = ORIENTED_EDGE ( 'NONE', *, *, #2857, .T. ) ;
#990 = VECTOR ( 'NONE', #79, 1000.000000000000000 ) ;
#991 = EDGE_CURVE ( 'NONE', #1557, #5273, #1833, .T. ) ;
#992 = VECTOR ( 'NONE', #4809, 1000.000000000000000 ) ;
#993 = CARTESIAN_POINT ( 'NONE',  ( 1.499999999999993339, 0.04999999999999999584, -0.4500000000000005107 ) ) ;
#994 = ORIENTED_EDGE ( 'NONE', *, *, #3097, .F. ) ;
#995 = CARTESIAN_POINT ( 'NONE',  ( 1.249999999999980016, 0.2030000000000000138, 1.125000000000000000 ) ) ;
#996 = FILL_AREA_STYLE ('',( #649 ) ) ;
#997 = CIRCLE ( 'NONE', #3974, 0.1500000000000003830 ) ;
#998 = VECTOR ( 'NONE', #1306, 1000.000000000000000 ) ;
#999 = DIRECTION ( 'NONE',  ( -0.000000000000000000, -0.000000000000000000, 1.000000000000000000 ) ) ;
#1000 = ORIENTED_EDGE ( 'NONE', *, *, #4047, .F. ) ;
#1001 = EDGE_CURVE ( 'NONE', #1879, #340, #3475, .T. ) ;
#1002 = DIRECTION ( 'NONE',  ( 0.000000000000000000, 0.000000000000000000, 1.000000000000000000 ) ) ;
#1003 = LINE ( 'NONE', #2615, #4328 ) ;
#1004 = ORIENTED_EDGE ( 'NONE', *, *, #1884, .T. ) ;
#1005 = VECTOR ( 'NONE', #999, 1000.000000000000000 ) ;
#1006 = CARTESIAN_POINT ( 'NONE',  ( 1.249999999999986677, 0.000000000000000000, 0.4750000000000000333 ) ) ;
#1007 = VERTEX_POINT ( 'NONE', #4215 ) ;
#1008 = ADVANCED_FACE ( 'NONE', ( #3078 ), #563, .F. ) ;
#1009 = DIRECTION ( 'NONE',  ( -0.000000000000000000, -1.000000000000000000, -0.000000000000000000 ) ) ;
#1010 = DIRECTION ( 'NONE',  ( 0.7071067811865414665, 0.000000000000000000, -0.7071067811865536790 ) ) ;
#1011 = VECTOR ( 'NONE', #594, 1000.000000000000000 ) ;
#1012 = CARTESIAN_POINT ( 'NONE',  ( 1.249999999999980016, 0.2030000000000000138, 0.9749999999999995337 ) ) ;
#1013 = CARTESIAN_POINT ( 'NONE',  ( -1.434999999999986953, 0.2030000000000000138, 0.4749999999999999223 ) ) ;
#1014 = VECTOR ( 'NONE', #2496, 1000.000000000000000 ) ;
#1015 = CARTESIAN_POINT ( 'NONE',  ( -1.459999999999993303, 0.2030000000000000138, -0.4500000000000001221 ) ) ;
#1016 = ORIENTED_EDGE ( 'NONE', *, *, #2507, .T. ) ;
#1017 = EDGE_CURVE ( 'NONE', #2817, #1152, #1437, .T. ) ;
#1018 = UNCERTAINTY_MEASURE_WITH_UNIT (LENGTH_MEASURE( 1.000000000000000082E-05 ), #1035, 'distance_accuracy_value', 'NONE');
#1019 = LINE ( 'NONE', #3429, #1929 ) ;
#1020 =( LENGTH_UNIT ( ) NAMED_UNIT ( * ) SI_UNIT ( .MILLI., .METRE. ) );
#1021 = ORIENTED_EDGE ( 'NONE', *, *, #1681, .T. ) ;
#1022 = DIRECTION ( 'NONE',  ( 0.000000000000000000, 1.000000000000000000, -0.000000000000000000 ) ) ;
#1023 = DIRECTION ( 'NONE',  ( 0.7071067811865459074, 0.000000000000000000, -0.7071067811865491270 ) ) ;
#1024 = VECTOR ( 'NONE', #1087, 1000.000000000000000 ) ;
#1025 = EDGE_CURVE ( 'NONE', #1007, #4353, #3656, .T. ) ;
#1026 = VERTEX_POINT ( 'NONE', #1041 ) ;
#1027 = ADVANCED_FACE ( 'NONE', ( #5264 ), #1061, .F. ) ;
#1028 = VERTEX_POINT ( 'NONE', #814 ) ;
#1029 = LINE ( 'NONE', #1474, #4143 ) ;
#1030 = DIRECTION ( 'NONE',  ( 1.000000000000000000, 0.000000000000000000, 0.000000000000000000 ) ) ;
#1031 = ORIENTED_EDGE ( 'NONE', *, *, #5063, .F. ) ;
#1032 = DIRECTION ( 'NONE',  ( 0.000000000000000000, 0.000000000000000000, 1.000000000000000000 ) ) ;
#1033 = EDGE_LOOP ( 'NONE', ( #728, #4853, #892, #3431 ) ) ;
#1034 =( NAMED_UNIT ( * ) SI_UNIT ( $, .STERADIAN. ) SOLID_ANGLE_UNIT ( ) );
#1035 =( LENGTH_UNIT ( ) NAMED_UNIT ( * ) SI_UNIT ( .MILLI., .METRE. ) );
#1036 = CARTESIAN_POINT ( 'NONE',  ( -1.459999999999979536, 0.2030000000000000138, 0.8499999999999998668 ) ) ;
#1037 = EDGE_CURVE ( 'NONE', #4875, #1719, #3152, .T. ) ;
#1038 = ADVANCED_FACE ( 'NONE', ( #4043 ), #3899, .F. ) ;
#1039 = DIRECTION ( 'NONE',  ( 5.421010862427507971E-15, 0.000000000000000000, -1.000000000000000000 ) ) ;
#1040 = PLANE ( 'NONE',  #1272 ) ;
#1041 = CARTESIAN_POINT ( 'NONE',  ( 1.434999999999999831, 0.2030000000000000138, -0.8250000000000003997 ) ) ;
#1042 = ORIENTED_EDGE ( 'NONE', *, *, #4738, .T. ) ;
#1043 = DIRECTION ( 'NONE',  ( -0.000000000000000000, -1.000000000000000000, -0.000000000000000000 ) ) ;
#1044 = ORIENTED_EDGE ( 'NONE', *, *, #213, .T. ) ;
#1045 = DIRECTION ( 'NONE',  ( 1.000000000000000000, 0.000000000000000000, 2.710505431213753985E-15 ) ) ;
#1046 = FACE_OUTER_BOUND ( 'NONE', #676, .T. ) ;
#1047 = VERTEX_POINT ( 'NONE', #670 ) ;
#1048 = ORIENTED_EDGE ( 'NONE', *, *, #2070, .T. ) ;
#1049 = DIRECTION ( 'NONE',  ( 0.000000000000000000, 0.000000000000000000, -1.000000000000000000 ) ) ;
#1050 = EDGE_CURVE ( 'NONE', #3536, #1895, #5141, .T. ) ;
#1051 = ORIENTED_EDGE ( 'NONE', *, *, #3837, .F. ) ;
#1052 = LINE ( 'NONE', #2683, #5023 ) ;
#1053 = EDGE_LOOP ( 'NONE', ( #4494, #2498, #1021, #4137 ) ) ;
#1054 = FILL_AREA_STYLE ('',( #4527 ) ) ;
#1055 = CARTESIAN_POINT ( 'NONE',  ( -1.459999999999986420, 0.04999999999999999584, 0.4500000000000001776 ) ) ;
#1056 = FILL_AREA_STYLE ('',( #5013 ) ) ;
#1057 = ADVANCED_FACE ( 'NONE', ( #4869 ), #2843, .F. ) ;
#1058 = ADVANCED_FACE ( 'NONE', ( #2423 ), #3273, .F. ) ;
#1059 = CARTESIAN_POINT ( 'NONE',  ( -1.500000000000000000, 0.2030000000000000138, -1.100000000000000089 ) ) ;
#1060 = CARTESIAN_POINT ( 'NONE',  ( -1.100000000000000089, 0.8499999999999999778, -1.099999999999999867 ) ) ;
#1061 = PLANE ( 'NONE',  #3228 ) ;
#1062 = ORIENTED_EDGE ( 'NONE', *, *, #1800, .T. ) ;
#1063 = UNCERTAINTY_MEASURE_WITH_UNIT (LENGTH_MEASURE( 1.000000000000000082E-05 ), #1020, 'distance_accuracy_value', 'NONE');
#1064 = CARTESIAN_POINT ( 'NONE',  ( -1.459999999999999964, 0.000000000000000000, -0.8499999999999997558 ) ) ;
#1065 = VECTOR ( 'NONE', #646, 1000.000000000000000 ) ;
#1066 = CARTESIAN_POINT ( 'NONE',  ( -0.8250000000000001776, 0.000000000000000000, 1.039999999999999147 ) ) ;
#1067 = ORIENTED_EDGE ( 'NONE', *, *, #4578, .T. ) ;
#1068 = CARTESIAN_POINT ( 'NONE',  ( 1.499999999999999556, 0.2030000000000000138, -1.100000000000000533 ) ) ;
#1069 = VECTOR ( 'NONE', #4045, 1000.000000000000000 ) ;
#1070 = AXIS2_PLACEMENT_3D ( 'NONE', #1316, #1775, #3409 ) ;
#1071 = VERTEX_POINT ( 'NONE', #4366 ) ;
#1072 = CARTESIAN_POINT ( 'NONE',  ( 1.499999999999999556, 0.04999999999999999584, -1.100000000000000533 ) ) ;
#1073 = AXIS2_PLACEMENT_3D ( 'NONE', #2816, #5262, #4492 ) ;
#1074 = DIRECTION ( 'NONE',  ( 1.000000000000000000, 0.000000000000000000, 2.344220913482168402E-15 ) ) ;
#1075 = VECTOR ( 'NONE', #308, 1000.000000000000000 ) ;
#1076 = ORIENTED_EDGE ( 'NONE', *, *, #1610, .T. ) ;
#1077 = DIRECTION ( 'NONE',  ( -0.000000000000000000, -1.000000000000000000, -0.000000000000000000 ) ) ;
#1078 = ORIENTED_EDGE ( 'NONE', *, *, #782, .T. ) ;
#1079 = CIRCLE ( 'NONE', #4402, 0.1500000000000003830 ) ;
#1080 = ORIENTED_EDGE ( 'NONE', *, *, #1143, .F. ) ;
#1081 = EDGE_CURVE ( 'NONE', #1928, #1930, #3551, .T. ) ;
#1082 = DIRECTION ( 'NONE',  ( 0.000000000000000000, 0.000000000000000000, 1.000000000000000000 ) ) ;
#1083 = VECTOR ( 'NONE', #3339, 1000.000000000000000 ) ;
#1084 = DIRECTION ( 'NONE',  ( 0.000000000000000000, 1.000000000000000000, 0.000000000000000000 ) ) ;
#1085 = VECTOR ( 'NONE', #2979, 1000.000000000000000 ) ;
#1086 = CARTESIAN_POINT ( 'NONE',  ( 1.459999999999979980, 0.2030000000000000138, 0.8499999999999994227 ) ) ;
#1087 = DIRECTION ( 'NONE',  ( 1.000000000000000000, -0.000000000000000000, -5.421010862427507971E-15 ) ) ;
#1088 = COLOUR_RGB ( '',0.2509803921568627416, 0.2509803921568627416, 0.2509803921568627416 ) ;
#1089 = LINE ( 'NONE', #2721, #1780 ) ;
#1090 = ORIENTED_EDGE ( 'NONE', *, *, #3328, .F. ) ;
#1091 = CARTESIAN_POINT ( 'NONE',  ( -1.500000000000000000, 0.2030000000000000138, -0.8499999999999998668 ) ) ;
#1092 = CIRCLE ( 'NONE', #1690, 0.2149999999999996914 ) ;
#1093 = CARTESIAN_POINT ( 'NONE',  ( -0.8250000000000001776, 0.000000000000000000, 1.039999999999999147 ) ) ;
#1094 = ORIENTED_EDGE ( 'NONE', *, *, #4159, .T. ) ;
#1095 = DIRECTION ( 'NONE',  ( 1.000000000000000000, 0.000000000000000000, 2.344220913482168402E-15 ) ) ;
#1096 = EDGE_CURVE ( 'NONE', #603, #1720, #4072, .T. ) ;
#1097 = EDGE_LOOP ( 'NONE', ( #3274, #1264, #5156, #458 ) ) ;
#1098 = FACE_OUTER_BOUND ( 'NONE', #2577, .T. ) ;
#1099 = FACE_OUTER_BOUND ( 'NONE', #1953, .T. ) ;
#1100 = VECTOR ( 'NONE', #4373, 1000.000000000000000 ) ;
#1101 = FACE_OUTER_BOUND ( 'NONE', #4412, .T. ) ;
#1102 = EDGE_CURVE ( 'NONE', #4399, #4240, #387, .T. ) ;
#1103 = VERTEX_POINT ( 'NONE', #4291 ) ;
#1104 = CARTESIAN_POINT ( 'NONE',  ( -1.435000000000000497, 0.2030000000000000138, -1.125000000000000000 ) ) ;
#1105 = ORIENTED_EDGE ( 'NONE', *, *, #3466, .T. ) ;
#1106 = AXIS2_PLACEMENT_3D ( 'NONE', #4643, #3871, #2198 ) ;
#1107 = ORIENTED_EDGE ( 'NONE', *, *, #2998, .F. ) ;
#1108 = CARTESIAN_POINT ( 'NONE',  ( -1.499999999999986677, 0.2030000000000000138, 0.1999999999999998723 ) ) ;
#1109 = EDGE_CURVE ( 'NONE', #2226, #1994, #1112, .T. ) ;
#1110 = DIRECTION ( 'NONE',  ( 0.7071067811865414665, 0.000000000000000000, 0.7071067811865536790 ) ) ;
#1111 = ADVANCED_FACE ( 'NONE', ( #3945 ), #3678, .F. ) ;
#1112 = LINE ( 'NONE', #1512, #76 ) ;
#1113 = ORIENTED_EDGE ( 'NONE', *, *, #2099, .T. ) ;
#1114 = CARTESIAN_POINT ( 'NONE',  ( 1.249999999999980016, 0.2030000000000000138, 0.9749999999999995337 ) ) ;
#1115 = DIRECTION ( 'NONE',  ( 0.000000000000000000, -1.000000000000000000, 0.000000000000000000 ) ) ;
#1116 = ORIENTED_EDGE ( 'NONE', *, *, #4553, .T. ) ;
#1117 = CARTESIAN_POINT ( 'NONE',  ( -1.499999999999986677, 0.2030000000000000138, 0.1999999999999998723 ) ) ;
#1118 = PLANE ( 'NONE',  #5088 ) ;
#1119 = CARTESIAN_POINT ( 'NONE',  ( 1.499999999999980016, 0.2030000000000000138, 1.099999999999999645 ) ) ;
#1120 = ORIENTED_EDGE ( 'NONE', *, *, #4694, .T. ) ;
#1121 = CARTESIAN_POINT ( 'NONE',  ( -0.5647597264065384870, 0.05000000000000000278, -1.139999999999999680 ) ) ;
#1122 = EDGE_CURVE ( 'NONE', #1739, #3268, #4317, .T. ) ;
#1123 = DIRECTION ( 'NONE',  ( 0.000000000000000000, 0.000000000000000000, -1.000000000000000000 ) ) ;
#1124 = EDGE_CURVE ( 'NONE', #2817, #1502, #3524, .T. ) ;
#1125 = DIRECTION ( 'NONE',  ( 0.000000000000000000, -1.000000000000000000, 0.000000000000000000 ) ) ;
#1126 = VERTEX_POINT ( 'NONE', #711 ) ;
#1127 = LINE ( 'NONE', #1104, #1864 ) ;
#1128 = ORIENTED_EDGE ( 'NONE', *, *, #4131, .T. ) ;
#1129 = VERTEX_POINT ( 'NONE', #639 ) ;
#1130 = CARTESIAN_POINT ( 'NONE',  ( 1.434999999999986953, 0.2030000000000000138, 0.4749999999999995337 ) ) ;
#1131 = DIRECTION ( 'NONE',  ( -2.710505431213753985E-15, 0.000000000000000000, -1.000000000000000000 ) ) ;
#1132 =( LENGTH_UNIT ( ) NAMED_UNIT ( * ) SI_UNIT ( .MILLI., .METRE. ) );
#1133 = STYLED_ITEM ( 'NONE', ( #4668 ), #2252 ) ;
#1134 = ORIENTED_EDGE ( 'NONE', *, *, #185, .F. ) ;
#1135 = EDGE_CURVE ( 'NONE', #3672, #4323, #3126, .T. ) ;
#1136 = DIRECTION ( 'NONE',  ( 0.000000000000000000, 0.000000000000000000, 1.000000000000000000 ) ) ;
#1137 = DIRECTION ( 'NONE',  ( 0.000000000000000000, 0.000000000000000000, 1.000000000000000000 ) ) ;
#1138 = EDGE_LOOP ( 'NONE', ( #2591, #1217, #4145, #2722 ) ) ;
#1139 = CARTESIAN_POINT ( 'NONE',  ( 1.499999999999999556, 6.042640687119284593, -1.499999999999999778 ) ) ;
#1140 = CARTESIAN_POINT ( 'NONE',  ( -1.459999999999993303, 0.2030000000000000138, -0.4500000000000001221 ) ) ;
#1141 = LINE ( 'NONE', #2773, #584 ) ;
#1142 = DIRECTION ( 'NONE',  ( 0.000000000000000000, 0.000000000000000000, 1.000000000000000000 ) ) ;
#1143 = EDGE_CURVE ( 'NONE', #123, #1349, #1089, .T. ) ;
#1144 = ORIENTED_EDGE ( 'NONE', *, *, #733, .T. ) ;
#1145 = AXIS2_PLACEMENT_3D ( 'NONE', #377, #4808, #4433 ) ;
#1146 = PLANE ( 'NONE',  #488 ) ;
#1147 = LINE ( 'NONE', #3985, #44 ) ;
#1148 = CARTESIAN_POINT ( 'NONE',  ( -1.499999999999986677, 0.2030000000000000138, 0.4500000000000001221 ) ) ;
#1149 = LINE ( 'NONE', #4682, #561 ) ;
#1150 = VECTOR ( 'NONE', #4398, 1000.000000000000000 ) ;
#1151 = CIRCLE ( 'NONE', #3464, 0.1500000000000003830 ) ;
#1152 = VERTEX_POINT ( 'NONE', #1269 ) ;
#1153 = DIRECTION ( 'NONE',  ( -0.7071067811865414665, 0.000000000000000000, -0.7071067811865536790 ) ) ;
#1154 = ADVANCED_FACE ( 'NONE', ( #5007 ), #2502, .T. ) ;
#1155 = ORIENTED_EDGE ( 'NONE', *, *, #5265, .F. ) ;
#1156 = ORIENTED_EDGE ( 'NONE', *, *, #3064, .F. ) ;
#1157 =( GEOMETRIC_REPRESENTATION_CONTEXT ( 3 ) GLOBAL_UNCERTAINTY_ASSIGNED_CONTEXT ( ( #491 ) ) GLOBAL_UNIT_ASSIGNED_CONTEXT ( ( #718, #1671, #3159 ) ) REPRESENTATION_CONTEXT ( 'NONE', 'WORKASPACE' ) );
#1158 = AXIS2_PLACEMENT_3D ( 'NONE', #621, #1022, #2702 ) ;
#1159 = LINE ( 'NONE', #2789, #1844 ) ;
#1160 = AXIS2_PLACEMENT_3D ( 'NONE', #200, #569, #4678 ) ;
#1161 =( NAMED_UNIT ( * ) SI_UNIT ( $, .STERADIAN. ) SOLID_ANGLE_UNIT ( ) );
#1162 = EDGE_LOOP ( 'NONE', ( #4205, #4925, #2640, #36, #4919, #2986, #2202, #3317 ) ) ;
#1163 = VERTEX_POINT ( 'NONE', #2907 ) ;
#1164 = CARTESIAN_POINT ( 'NONE',  ( -1.434999999999980069, 0.2030000000000000138, 0.8249999999999999556 ) ) ;
#1165 = EDGE_LOOP ( 'NONE', ( #2941, #5049, #516, #98 ) ) ;
#1166 = DIRECTION ( 'NONE',  ( 1.000000000000000000, 0.000000000000000000, 2.344220913482168402E-15 ) ) ;
#1167 = FACE_OUTER_BOUND ( 'NONE', #3412, .T. ) ;
#1168 = EDGE_CURVE ( 'NONE', #872, #1994, #3734, .T. ) ;
#1169 = VERTEX_POINT ( 'NONE', #927 ) ;
#1170 = VECTOR ( 'NONE', #129, 1000.000000000000000 ) ;
#1171 = LINE ( 'NONE', #2393, #2009 ) ;
#1172 = DIRECTION ( 'NONE',  ( -0.000000000000000000, -1.000000000000000000, -0.000000000000000000 ) ) ;
#1173 = CARTESIAN_POINT ( 'NONE',  ( -0.5647597264065384870, 0.000000000000000000, -1.189999999999999725 ) ) ;
#1174 = EDGE_CURVE ( 'NONE', #1538, #4257, #1778, .T. ) ;
#1175 = VECTOR ( 'NONE', #1954, 1000.000000000000000 ) ;
#1176 = ADVANCED_FACE ( 'NONE', ( #2067 ), #4926, .T. ) ;
#1177 = EDGE_LOOP ( 'NONE', ( #3334, #3506, #2238, #1468 ) ) ;
#1178 = CARTESIAN_POINT ( 'NONE',  ( -1.249999999999993339, 0.2030000000000000138, -0.4750000000000003664 ) ) ;
#1179 = ORIENTED_EDGE ( 'NONE', *, *, #3242, .F. ) ;
#1180 = ORIENTED_EDGE ( 'NONE', *, *, #4570, .T. ) ;
#1181 = VECTOR ( 'NONE', #795, 1000.000000000000000 ) ;
#1182 = PRODUCT ( 'IC-GE100 DFN8-3X3', 'IC-GE100 DFN8-3X3', '', ( #3072 ) ) ;
#1183 = FACE_OUTER_BOUND ( 'NONE', #2770, .T. ) ;
#1184 = EDGE_CURVE ( 'NONE', #2443, #2952, #4524, .T. ) ;
#1185 = CARTESIAN_POINT ( 'NONE',  ( 1.249999999999980016, 0.2030000000000000138, 1.125000000000000000 ) ) ;
#1186 = VERTEX_POINT ( 'NONE', #897 ) ;
#1187 = VECTOR ( 'NONE', #364, 1000.000000000000000 ) ;
#1188 = DIRECTION ( 'NONE',  ( -0.000000000000000000, -1.000000000000000000, -0.000000000000000000 ) ) ;
#1189 = EDGE_CURVE ( 'NONE', #672, #2823, #553, .T. ) ;
#1190 = ADVANCED_FACE ( 'NONE', ( #2566 ), #3381, .F. ) ;
#1191 = PRESENTATION_STYLE_ASSIGNMENT (( #1555 ) ) ;
#1192 = CARTESIAN_POINT ( 'NONE',  ( 1.249999999999993339, 0.05000000000000000278, -0.4750000000000006994 ) ) ;
#1193 = ORIENTED_EDGE ( 'NONE', *, *, #3797, .T. ) ;
#1194 = VERTEX_POINT ( 'NONE', #2875 ) ;
#1195 = DIRECTION ( 'NONE',  ( -1.000000000000000000, 0.000000000000000000, -5.421010862427507971E-15 ) ) ;
#1196 = ORIENTED_EDGE ( 'NONE', *, *, #1632, .T. ) ;
#1197 = PLANE ( 'NONE',  #596 ) ;
#1198 = LINE ( 'NONE', #5247, #2870 ) ;
#1199 = CARTESIAN_POINT ( 'NONE',  ( -1.459999999999986420, 0.2030000000000000138, 0.1999999999999998723 ) ) ;
#1200 = VERTEX_POINT ( 'NONE', #2184 ) ;
#1201 = DIRECTION ( 'NONE',  ( 0.7071067811865475727, 0.000000000000000000, -0.7071067811865475727 ) ) ;
#1202 = DIRECTION ( 'NONE',  ( 0.000000000000000000, 1.000000000000000000, -0.000000000000000000 ) ) ;
#1203 = CARTESIAN_POINT ( 'NONE',  ( 1.459999999999979980, 0.2030000000000000138, 1.099999999999999867 ) ) ;
#1204 = DIRECTION ( 'NONE',  ( -1.000000000000000000, 0.000000000000000000, 0.000000000000000000 ) ) ;
#1205 = DIRECTION ( 'NONE',  ( -1.000000000000000000, 0.000000000000000000, 2.344220913482165641E-15 ) ) ;
#1206 = VERTEX_POINT ( 'NONE', #4179 ) ;
#1207 = ORIENTED_EDGE ( 'NONE', *, *, #1740, .T. ) ;
#1208 = CARTESIAN_POINT ( 'NONE',  ( 1.434999999999993836, 0.04999999999999999584, -0.4750000000000003664 ) ) ;
#1209 = DIRECTION ( 'NONE',  ( -1.000000000000000000, 0.000000000000000000, 0.000000000000000000 ) ) ;
#1210 = ORIENTED_EDGE ( 'NONE', *, *, #2069, .T. ) ;
#1211 = DIRECTION ( 'NONE',  ( 0.000000000000000000, -0.000000000000000000, -1.000000000000000000 ) ) ;
#1212 = ORIENTED_EDGE ( 'NONE', *, *, #4355, .F. ) ;
#1213 = DIRECTION ( 'NONE',  ( 0.000000000000000000, 1.000000000000000000, 0.000000000000000000 ) ) ;
#1214 = LINE ( 'NONE', #2071, #481 ) ;
#1215 = DIRECTION ( 'NONE',  ( -1.000000000000000000, 0.000000000000000000, -2.344220913482165641E-15 ) ) ;
#1216 = ADVANCED_FACE ( 'NONE', ( #472 ), #1725, .F. ) ;
#1217 = ORIENTED_EDGE ( 'NONE', *, *, #858, .F. ) ;
#1218 = EDGE_CURVE ( 'NONE', #907, #4582, #2479, .T. ) ;
#1219 = VERTEX_POINT ( 'NONE', #2097 ) ;
#1220 = CARTESIAN_POINT ( 'NONE',  ( 1.499999999999999556, 0.2030000000000000138, -1.100000000000000533 ) ) ;
#1221 = DIRECTION ( 'NONE',  ( 0.000000000000000000, -1.000000000000000000, 0.000000000000000000 ) ) ;
#1222 = CARTESIAN_POINT ( 'NONE',  ( 1.499999999999999556, 0.05000000000000000278, 1.499999999999999778 ) ) ;
#1223 = LINE ( 'NONE', #1281, #2466 ) ;
#1224 = PRODUCT_DEFINITION_SHAPE ( 'NONE', 'NONE',  #3889 ) ;
#1225 = ORIENTED_EDGE ( 'NONE', *, *, #347, .T. ) ;
#1226 = DIRECTION ( 'NONE',  ( 0.000000000000000000, -0.000000000000000000, 1.000000000000000000 ) ) ;
#1227 = FACE_OUTER_BOUND ( 'NONE', #2932, .T. ) ;
#1228 = CARTESIAN_POINT ( 'NONE',  ( 1.499999999999986677, 0.2030000000000000138, 0.4499999999999996780 ) ) ;
#1229 = DIRECTION ( 'NONE',  ( -0.000000000000000000, -0.000000000000000000, -1.000000000000000000 ) ) ;
#1230 = CIRCLE ( 'NONE', #721, 0.1750000000000000167 ) ;
#1231 = DIRECTION ( 'NONE',  ( -0.000000000000000000, -1.000000000000000000, -0.000000000000000000 ) ) ;
#1232 = ORIENTED_EDGE ( 'NONE', *, *, #1189, .F. ) ;
#1233 = ORIENTED_EDGE ( 'NONE', *, *, #4186, .T. ) ;
#1234 = DIRECTION ( 'NONE',  ( -0.000000000000000000, -1.000000000000000000, -0.000000000000000000 ) ) ;
#1235 = DIRECTION ( 'NONE',  ( -0.000000000000000000, -0.000000000000000000, -1.000000000000000000 ) ) ;
#1236 = VERTEX_POINT ( 'NONE', #4581 ) ;
#1237 = DIRECTION ( 'NONE',  ( -1.000000000000000000, 0.000000000000000000, -2.344220913482168007E-15 ) ) ;
#1238 = ORIENTED_EDGE ( 'NONE', *, *, #453, .T. ) ;
#1239 = ADVANCED_FACE ( 'NONE', ( #844 ), #159, .F. ) ;
#1240 = AXIS2_PLACEMENT_3D ( 'NONE', #1729, #3869, #191 ) ;
#1241 = AXIS2_PLACEMENT_3D ( 'NONE', #4660, #1002, #2240 ) ;
#1242 = VECTOR ( 'NONE', #2036, 1000.000000000000000 ) ;
#1243 = EDGE_CURVE ( 'NONE', #2443, #4394, #2159, .T. ) ;
#1244 = VECTOR ( 'NONE', #2079, 1000.000000000000114 ) ;
#1245 = CARTESIAN_POINT ( 'NONE',  ( -1.250000000000000000, 0.2030000000000000138, -0.8249999999999995115 ) ) ;
#1246 = ORIENTED_EDGE ( 'NONE', *, *, #3908, .F. ) ;
#1247 = VECTOR ( 'NONE', #801, 1000.000000000000000 ) ;
#1248 = ORIENTED_EDGE ( 'NONE', *, *, #1683, .T. ) ;
#1249 = DIRECTION ( 'NONE',  ( 1.000000000000000000, 0.000000000000000000, 2.344220913482165641E-15 ) ) ;
#1250 = CARTESIAN_POINT ( 'NONE',  ( 1.434999999999999831, 0.2030000000000000138, -0.8250000000000003997 ) ) ;
#1251 = CARTESIAN_POINT ( 'NONE',  ( 1.459999999999986420, 0.04999999999999999584, 0.1999999999999994282 ) ) ;
#1252 = CARTESIAN_POINT ( 'NONE',  ( 1.459999999999993303, 0.2030000000000000138, -0.4500000000000005107 ) ) ;
#1253 = EDGE_LOOP ( 'NONE', ( #4588, #1317, #5209, #3365 ) ) ;
#1254 = DIRECTION ( 'NONE',  ( 0.000000000000000000, 0.000000000000000000, -1.000000000000000000 ) ) ;
#1255 = AXIS2_PLACEMENT_3D ( 'NONE', #4451, #2944, #1993 ) ;
#1256 = DIRECTION ( 'NONE',  ( -0.7071067811865491270, 0.000000000000000000, -0.7071067811865459074 ) ) ;
#1257 = CARTESIAN_POINT ( 'NONE',  ( -0.5647597264065384870, 0.05000000000000000278, -1.189999999999999725 ) ) ;
#1258 = EDGE_CURVE ( 'NONE', #3204, #2554, #4495, .T. ) ;
#1259 = EDGE_CURVE ( 'NONE', #1930, #5034, #3704, .T. ) ;
#1260 = CARTESIAN_POINT ( 'NONE',  ( -1.434999999999979847, 0.2030000000000000138, 1.125000000000000000 ) ) ;
#1261 = AXIS2_PLACEMENT_3D ( 'NONE', #3872, #1811, #4192 ) ;
#1262 = CARTESIAN_POINT ( 'NONE',  ( 1.499999999999980016, 0.2030000000000000138, 1.099999999999999645 ) ) ;
#1263 = ORIENTED_EDGE ( 'NONE', *, *, #4255, .F. ) ;
#1264 = ORIENTED_EDGE ( 'NONE', *, *, #1096, .T. ) ;
#1265 = VECTOR ( 'NONE', #3493, 1000.000000000000000 ) ;
#1266 = PLANE ( 'NONE',  #4225 ) ;
#1267 = DIRECTION ( 'NONE',  ( 0.000000000000000000, 0.000000000000000000, 1.000000000000000000 ) ) ;
#1268 = ORIENTED_EDGE ( 'NONE', *, *, #4894, .T. ) ;
#1269 = CARTESIAN_POINT ( 'NONE',  ( 1.249999999999986677, 0.2030000000000000138, 0.4750000000000000333 ) ) ;
#1270 = VERTEX_POINT ( 'NONE', #4953 ) ;
#1271 = VECTOR ( 'NONE', #745, 1000.000000000000000 ) ;
#1272 = AXIS2_PLACEMENT_3D ( 'NONE', #4021, #2741, #1110 ) ;
#1273 = CARTESIAN_POINT ( 'NONE',  ( 1.499999999999986677, 0.2030000000000000138, 0.1999999999999994282 ) ) ;
#1274 = DIRECTION ( 'NONE',  ( -1.000000000000000000, 0.000000000000000000, -2.344220913482165641E-15 ) ) ;
#1275 = EDGE_LOOP ( 'NONE', ( #1113, #1514, #2679, #2543 ) ) ;
#1276 = EDGE_LOOP ( 'NONE', ( #3302, #300, #3617, #1611, #3988, #1337, #538, #1238, #303, #4657, #2089, #2701, #4547, #1, #282, #1370, #2758, #3428, #2243, #2974 ) ) ;
#1277 = CARTESIAN_POINT ( 'NONE',  ( 1.459999999999999520, 0.2030000000000000138, -0.8500000000000001998 ) ) ;
#1278 = EDGE_CURVE ( 'NONE', #2876, #574, #2930, .T. ) ;
#1279 = CARTESIAN_POINT ( 'NONE',  ( -1.500000000000000000, 0.8999999999999998002, 1.499999999999999778 ) ) ;
#1280 = CARTESIAN_POINT ( 'NONE',  ( 1.459999999999993303, 0.2030000000000000138, -0.4500000000000005107 ) ) ;
#1281 = CARTESIAN_POINT ( 'NONE',  ( -1.434999999999987175, 0.2030000000000000138, 0.1750000000000000167 ) ) ;
#1282 = ORIENTED_EDGE ( 'NONE', *, *, #2666, .T. ) ;
#1283 = CARTESIAN_POINT ( 'NONE',  ( 1.435000000000000053, 0.2030000000000000138, -1.125000000000000444 ) ) ;
#1284 = LINE ( 'NONE', #4088, #1909 ) ;
#1285 = DIRECTION ( 'NONE',  ( -0.000000000000000000, -1.000000000000000000, -0.000000000000000000 ) ) ;
#1286 = DIRECTION ( 'NONE',  ( 0.7071067811865536790, -0.000000000000000000, 0.7071067811865414665 ) ) ;
#1287 = LINE ( 'NONE', #7, #1853 ) ;
#1288 = PLANE ( 'NONE',  #1942 ) ;
#1289 = ORIENTED_EDGE ( 'NONE', *, *, #3795, .F. ) ;
#1290 = ORIENTED_EDGE ( 'NONE', *, *, #2507, .F. ) ;
#1291 = EDGE_CURVE ( 'NONE', #3759, #1047, #1860, .T. ) ;
#1292 = EDGE_CURVE ( 'NONE', #949, #1486, #4769, .T. ) ;
#1293 = DIRECTION ( 'NONE',  ( 0.000000000000000000, 1.000000000000000000, 0.000000000000000000 ) ) ;
#1294 = EDGE_LOOP ( 'NONE', ( #1048, #443, #2726, #4752 ) ) ;
#1295 = CARTESIAN_POINT ( 'NONE',  ( -1.435000000000000497, 0.2030000000000000138, -1.125000000000000000 ) ) ;
#1296 = EDGE_CURVE ( 'NONE', #5080, #949, #1455, .T. ) ;
#1297 = SURFACE_STYLE_FILL_AREA ( #3340 ) ;
#1298 = DIRECTION ( 'NONE',  ( -1.000000000000000000, 0.000000000000000000, -2.344220913482168007E-15 ) ) ;
#1299 = CARTESIAN_POINT ( 'NONE',  ( -1.500000000000000000, 6.042640687119284593, -1.499999999999999778 ) ) ;
#1300 = CARTESIAN_POINT ( 'NONE',  ( 1.499999999999999556, 0.2030000000000000138, -1.100000000000000533 ) ) ;
#1301 = VERTEX_POINT ( 'NONE', #2219 ) ;
#1302 = ORIENTED_EDGE ( 'NONE', *, *, #640, .T. ) ;
#1303 = LINE ( 'NONE', #2458, #3803 ) ;
#1304 = ORIENTED_EDGE ( 'NONE', *, *, #341, .T. ) ;
#1305 = CARTESIAN_POINT ( 'NONE',  ( -1.459999999999999964, 0.2030000000000000138, -1.100000000000000089 ) ) ;
#1306 = DIRECTION ( 'NONE',  ( 1.000000000000000000, 0.000000000000000000, 5.421010862427507971E-15 ) ) ;
#1307 = CARTESIAN_POINT ( 'NONE',  ( -1.499999999999993339, 0.000000000000000000, -0.4500000000000001221 ) ) ;
#1308 = VECTOR ( 'NONE', #1640, 1000.000000000000000 ) ;
#1309 = ORIENTED_EDGE ( 'NONE', *, *, #37, .T. ) ;
#1310 = FACE_OUTER_BOUND ( 'NONE', #1874, .T. ) ;
#1311 = PLANE ( 'NONE',  #473 ) ;
#1312 = PLANE ( 'NONE',  #393 ) ;
#1313 = CARTESIAN_POINT ( 'NONE',  ( -1.459999999999993303, 0.2030000000000000138, -0.4500000000000001221 ) ) ;
#1314 = ORIENTED_EDGE ( 'NONE', *, *, #172, .T. ) ;
#1315 = ORIENTED_EDGE ( 'NONE', *, *, #143, .F. ) ;
#1316 = CARTESIAN_POINT ( 'NONE',  ( -1.499999999999993339, 0.2030000000000000138, -0.4500000000000001221 ) ) ;
#1317 = ORIENTED_EDGE ( 'NONE', *, *, #2224, .T. ) ;
#1318 = CARTESIAN_POINT ( 'NONE',  ( -1.434999999999987175, 0.000000000000000000, 0.1750000000000000167 ) ) ;
#1319 = ORIENTED_EDGE ( 'NONE', *, *, #3193, .F. ) ;
#1320 = AXIS2_PLACEMENT_3D ( 'NONE', #1362, #541, #2170 ) ;
#1321 = STYLED_ITEM ( 'NONE', ( #702 ), #2290 ) ;
#1322 = SURFACE_SIDE_STYLE ('',( #2570 ) ) ;
#1323 = CARTESIAN_POINT ( 'NONE',  ( -1.500000000000000000, 0.05000000000000000278, -0.4500000000000001221 ) ) ;
#1324 = EDGE_CURVE ( 'NONE', #1720, #4067, #607, .T. ) ;
#1325 = VECTOR ( 'NONE', #3880, 1000.000000000000000 ) ;
#1326 = VECTOR ( 'NONE', #515, 1000.000000000000114 ) ;
#1327 = DIRECTION ( 'NONE',  ( 0.000000000000000000, 0.000000000000000000, -1.000000000000000000 ) ) ;
#1328 = ORIENTED_EDGE ( 'NONE', *, *, #1358, .F. ) ;
#1329 = VERTEX_POINT ( 'NONE', #978 ) ;
#1330 = VECTOR ( 'NONE', #292, 1000.000000000000000 ) ;
#1331 = VECTOR ( 'NONE', #4253, 1000.000000000000114 ) ;
#1332 = LINE ( 'NONE', #4592, #229 ) ;
#1333 = CARTESIAN_POINT ( 'NONE',  ( -0.9550000000000092859, 0.05000000000000000278, -0.9549999999999928546 ) ) ;
#1334 = DIRECTION ( 'NONE',  ( -1.000000000000000000, 0.000000000000000000, -2.051193299296894886E-15 ) ) ;
#1335 = FACE_OUTER_BOUND ( 'NONE', #5204, .T. ) ;
#1336 = AXIS2_PLACEMENT_3D ( 'NONE', #3095, #1082, #4718 ) ;
#1337 = ORIENTED_EDGE ( 'NONE', *, *, #1894, .T. ) ;
#1338 = CARTESIAN_POINT ( 'NONE',  ( 1.434999999999980291, 0.000000000000000000, 1.124999999999999556 ) ) ;
#1339 = DIRECTION ( 'NONE',  ( -0.000000000000000000, -1.000000000000000000, -0.000000000000000000 ) ) ;
#1340 = VECTOR ( 'NONE', #3526, 1000.000000000000000 ) ;
#1341 = CARTESIAN_POINT ( 'NONE',  ( 1.249999999999986677, 0.04999999999999999584, 0.3249999999999996780 ) ) ;
#1342 = ORIENTED_EDGE ( 'NONE', *, *, #1345, .F. ) ;
#1343 = AXIS2_PLACEMENT_3D ( 'NONE', #4456, #4917, #465 ) ;
#1344 = ORIENTED_EDGE ( 'NONE', *, *, #1716, .F. ) ;
#1345 = EDGE_CURVE ( 'NONE', #2245, #4826, #266, .T. ) ;
#1346 = CARTESIAN_POINT ( 'NONE',  ( -1.499999999999979572, 0.2030000000000000138, 1.100000000000000089 ) ) ;
#1347 = EDGE_CURVE ( 'NONE', #113, #1968, #3069, .T. ) ;
#1348 = VECTOR ( 'NONE', #4281, 1000.000000000000000 ) ;
#1349 = VERTEX_POINT ( 'NONE', #3413 ) ;
#1350 = CARTESIAN_POINT ( 'NONE',  ( 1.499999999999980016, 0.2030000000000000138, 0.8499999999999994227 ) ) ;
#1351 = ORIENTED_EDGE ( 'NONE', *, *, #1957, .T. ) ;
#1352 = VECTOR ( 'NONE', #2081, 1000.000000000000000 ) ;
#1353 =( NAMED_UNIT ( * ) PLANE_ANGLE_UNIT ( ) SI_UNIT ( $, .RADIAN. ) );
#1354 = FILL_AREA_STYLE ('',( #2480 ) ) ;
#1355 = CARTESIAN_POINT ( 'NONE',  ( 1.249999999999999556, 0.2030000000000000138, -0.9750000000000004219 ) ) ;
#1356 = VERTEX_POINT ( 'NONE', #4305 ) ;
#1357 = VERTEX_POINT ( 'NONE', #211 ) ;
#1358 = EDGE_CURVE ( 'NONE', #4705, #4529, #3751, .T. ) ;
#1359 = EDGE_CURVE ( 'NONE', #3083, #4911, #3010, .T. ) ;
#1360 = CARTESIAN_POINT ( 'NONE',  ( 1.434999999999993836, 0.000000000000000000, -0.4750000000000003664 ) ) ;
#1361 = DIRECTION ( 'NONE',  ( 0.000000000000000000, 0.000000000000000000, 1.000000000000000000 ) ) ;
#1362 = CARTESIAN_POINT ( 'NONE',  ( -1.249999999999986677, 0.000000000000000000, 0.3250000000000000111 ) ) ;
#1363 = DIRECTION ( 'NONE',  ( -1.000000000000000000, 0.000000000000000000, 2.344220913482165641E-15 ) ) ;
#1364 = ORIENTED_EDGE ( 'NONE', *, *, #3283, .T. ) ;
#1365 = DIRECTION ( 'NONE',  ( 0.000000000000000000, 0.000000000000000000, -1.000000000000000000 ) ) ;
#1366 = PLANE ( 'NONE',  #4224 ) ;
#1367 = CARTESIAN_POINT ( 'NONE',  ( -1.500000000000000000, 0.000000000000000000, -0.8499999999999998668 ) ) ;
#1368 = DIRECTION ( 'NONE',  ( 0.000000000000000000, 0.000000000000000000, -1.000000000000000000 ) ) ;
#1369 = ORIENTED_EDGE ( 'NONE', *, *, #1906, .F. ) ;
#1370 = ORIENTED_EDGE ( 'NONE', *, *, #4576, .T. ) ;
#1371 = CARTESIAN_POINT ( 'NONE',  ( 1.249999999999993339, 0.2030000000000000138, -0.1749999999999999611 ) ) ;
#1372 = CARTESIAN_POINT ( 'NONE',  ( -1.434999999999993836, 0.2030000000000000138, -0.4749999999999999223 ) ) ;
#1373 = ORIENTED_EDGE ( 'NONE', *, *, #1259, .F. ) ;
#1374 = CARTESIAN_POINT ( 'NONE',  ( -1.249999999999993339, 0.2030000000000000138, -0.1749999999999996003 ) ) ;
#1375 = ORIENTED_EDGE ( 'NONE', *, *, #797, .T. ) ;
#1376 = ADVANCED_FACE ( 'NONE', ( #3514 ), #2244, .F. ) ;
#1377 = CARTESIAN_POINT ( 'NONE',  ( -1.435000000000000497, 0.04999999999999999584, -1.125000000000000000 ) ) ;
#1378 = DIRECTION ( 'NONE',  ( 1.000000000000000000, 0.000000000000000000, -2.344220913482165641E-15 ) ) ;
#1379 = EDGE_CURVE ( 'NONE', #2598, #3703, #5132, .T. ) ;
#1380 = LINE ( 'NONE', #1859, #5256 ) ;
#1381 = VERTEX_POINT ( 'NONE', #2664 ) ;
#1382 = ORIENTED_EDGE ( 'NONE', *, *, #195, .T. ) ;
#1383 = PLANE ( 'NONE',  #2692 ) ;
#1384 = PLANE ( 'NONE',  #521 ) ;
#1385 = EDGE_CURVE ( 'NONE', #774, #2235, #4715, .T. ) ;
#1386 = CARTESIAN_POINT ( 'NONE',  ( -0.8250000000000001776, 0.05000000000000000278, -1.189999999999999725 ) ) ;
#1387 = EDGE_CURVE ( 'NONE', #1356, #3552, #579, .T. ) ;
#1388 = VERTEX_POINT ( 'NONE', #1006 ) ;
#1389 = DIRECTION ( 'NONE',  ( 1.000000000000000000, -0.000000000000000000, -5.421010862427507971E-15 ) ) ;
#1390 = LINE ( 'NONE', #2675, #1065 ) ;
#1391 = ORIENTED_EDGE ( 'NONE', *, *, #3599, .F. ) ;
#1392 = DIRECTION ( 'NONE',  ( 1.000000000000000000, 0.000000000000000000, -0.000000000000000000 ) ) ;
#1393 = DIRECTION ( 'NONE',  ( -1.000000000000000000, 0.000000000000000000, 2.344220913482165641E-15 ) ) ;
#1394 = EDGE_CURVE ( 'NONE', #267, #5080, #5085, .T. ) ;
#1395 = EDGE_CURVE ( 'NONE', #4574, #102, #755, .T. ) ;
#1396 = DIRECTION ( 'NONE',  ( 0.000000000000000000, 0.000000000000000000, -1.000000000000000000 ) ) ;
#1397 = PRESENTATION_LAYER_ASSIGNMENT (  '', '', ( #294 ) ) ;
#1398 = EDGE_LOOP ( 'NONE', ( #2372, #122, #3230, #24 ) ) ;
#1399 = DIRECTION ( 'NONE',  ( 0.7071067811865460184, -0.000000000000000000, -0.7071067811865490160 ) ) ;
#1400 = DIRECTION ( 'NONE',  ( 0.000000000000000000, -1.000000000000000000, 0.000000000000000000 ) ) ;
#1401 = ORIENTED_EDGE ( 'NONE', *, *, #3408, .T. ) ;
#1402 = CARTESIAN_POINT ( 'NONE',  ( -1.499999999999993339, 0.2030000000000000138, -0.4500000000000001221 ) ) ;
#1403 = ORIENTED_EDGE ( 'NONE', *, *, #1359, .F. ) ;
#1404 = LINE ( 'NONE', #3040, #1567 ) ;
#1405 = CARTESIAN_POINT ( 'NONE',  ( -1.459999999999986420, 0.2030000000000000138, 0.1999999999999998723 ) ) ;
#1406 = EDGE_CURVE ( 'NONE', #113, #1689, #3864, .T. ) ;
#1407 = DIRECTION ( 'NONE',  ( -1.000000000000000000, -0.000000000000000000, -0.000000000000000000 ) ) ;
#1408 = AXIS2_PLACEMENT_3D ( 'NONE', #3533, #4785, #1123 ) ;
#1409 = PRESENTATION_LAYER_ASSIGNMENT (  '', '', ( #1321 ) ) ;
#1410 = ADVANCED_FACE ( 'NONE', ( #187 ), #1804, .F. ) ;
#1411 = LINE ( 'NONE', #613, #3891 ) ;
#1412 = CARTESIAN_POINT ( 'NONE',  ( 1.459999999999979980, 0.2030000000000000138, 0.8499999999999994227 ) ) ;
#1413 =( GEOMETRIC_REPRESENTATION_CONTEXT ( 3 ) GLOBAL_UNCERTAINTY_ASSIGNED_CONTEXT ( ( #1063 ) ) GLOBAL_UNIT_ASSIGNED_CONTEXT ( ( #1020, #1466, #3082 ) ) REPRESENTATION_CONTEXT ( 'NONE', 'WORKASPACE' ) );
#1414 = VECTOR ( 'NONE', #4544, 1000.000000000000000 ) ;
#1415 = LINE ( 'NONE', #1764, #1011 ) ;
#1416 = VERTEX_POINT ( 'NONE', #3439 ) ;
#1417 = VECTOR ( 'NONE', #3558, 1000.000000000000000 ) ;
#1418 = AXIS2_PLACEMENT_3D ( 'NONE', #600, #4728, #2258 ) ;
#1419 = LINE ( 'NONE', #942, #2706 ) ;
#1420 = DIRECTION ( 'NONE',  ( 0.000000000000000000, 0.000000000000000000, -1.000000000000000000 ) ) ;
#1421 = ORIENTED_EDGE ( 'NONE', *, *, #1883, .F. ) ;
#1422 = CARTESIAN_POINT ( 'NONE',  ( -1.459999999999979536, 0.2030000000000000138, 1.100000000000000311 ) ) ;
#1423 = LINE ( 'NONE', #2259, #1325 ) ;
#1424 = CIRCLE ( 'NONE', #1408, 0.1500000000000003830 ) ;
#1425 = CARTESIAN_POINT ( 'NONE',  ( -1.250000000000000000, 0.000000000000000000, -0.9749999999999999778 ) ) ;
#1426 = ORIENTED_EDGE ( 'NONE', *, *, #253, .F. ) ;
#1427 = VECTOR ( 'NONE', #3021, 1000.000000000000000 ) ;
#1428 = EDGE_CURVE ( 'NONE', #1329, #557, #1433, .T. ) ;
#1429 = EDGE_CURVE ( 'NONE', #3079, #4788, #1052, .T. ) ;
#1430 = LINE ( 'NONE', #4763, #4472 ) ;
#1431 = ORIENTED_EDGE ( 'NONE', *, *, #4125, .F. ) ;
#1432 = AXIS2_PLACEMENT_3D ( 'NONE', #3801, #4573, #4199 ) ;
#1433 = LINE ( 'NONE', #4691, #1265 ) ;
#1434 = ORIENTED_EDGE ( 'NONE', *, *, #2347, .T. ) ;
#1435 = CIRCLE ( 'NONE', #2299, 0.1500000000000003830 ) ;
#1436 = CARTESIAN_POINT ( 'NONE',  ( -1.459999999999993303, 0.2030000000000000138, -0.4500000000000001221 ) ) ;
#1437 = CIRCLE ( 'NONE', #1598, 0.1500000000000003830 ) ;
#1438 = PLANE ( 'NONE',  #2619 ) ;
#1439 = DIRECTION ( 'NONE',  ( 0.000000000000000000, 1.000000000000000000, 0.000000000000000000 ) ) ;
#1440 = VECTOR ( 'NONE', #3035, 1000.000000000000000 ) ;
#1441 = CARTESIAN_POINT ( 'NONE',  ( -1.249999999999993339, 0.04999999999999999584, -0.1749999999999996003 ) ) ;
#1442 = EDGE_LOOP ( 'NONE', ( #2442, #4523, #2405, #2883 ) ) ;
#1443 = UNCERTAINTY_MEASURE_WITH_UNIT (LENGTH_MEASURE( 1.000000000000000082E-05 ), #3167, 'distance_accuracy_value', 'NONE');
#1444 = EDGE_CURVE ( 'NONE', #4118, #1450, #3641, .T. ) ;
#1445 = CARTESIAN_POINT ( 'NONE',  ( 1.459999999999979980, 0.000000000000000000, 1.099999999999999867 ) ) ;
#1446 = VERTEX_POINT ( 'NONE', #704 ) ;
#1447 = CARTESIAN_POINT ( 'NONE',  ( 1.434999999999993836, 0.2030000000000000138, -0.4750000000000003664 ) ) ;
#1448 = DIRECTION ( 'NONE',  ( 0.000000000000000000, -1.000000000000000000, 0.000000000000000000 ) ) ;
#1449 = CIRCLE ( 'NONE', #3075, 0.1500000000000003553 ) ;
#1450 = VERTEX_POINT ( 'NONE', #4036 ) ;
#1451 = ORIENTED_EDGE ( 'NONE', *, *, #852, .T. ) ;
#1452 = CARTESIAN_POINT ( 'NONE',  ( 0.6749999999999998224, 0.000000000000000000, -1.039999999999999591 ) ) ;
#1453 = LINE ( 'NONE', #1372, #2882 ) ;
#1454 = EDGE_LOOP ( 'NONE', ( #3624, #1155, #199, #4701 ) ) ;
#1455 = LINE ( 'NONE', #1374, #3231 ) ;
#1456 = EDGE_CURVE ( 'NONE', #1816, #2867, #4381, .T. ) ;
#1457 = ORIENTED_EDGE ( 'NONE', *, *, #3200, .T. ) ;
#1458 = PLANE ( 'NONE',  #1336 ) ;
#1459 =( LENGTH_UNIT ( ) NAMED_UNIT ( * ) SI_UNIT ( .MILLI., .METRE. ) );
#1460 = DIRECTION ( 'NONE',  ( 2.344220913482168007E-15, 0.000000000000000000, -1.000000000000000000 ) ) ;
#1461 = CARTESIAN_POINT ( 'NONE',  ( -1.500000000000000000, 0.000000000000000000, -1.100000000000000089 ) ) ;
#1462 = CARTESIAN_POINT ( 'NONE',  ( 1.499999999999986677, 0.2030000000000000138, 0.4499999999999996780 ) ) ;
#1463 = VERTEX_POINT ( 'NONE', #5210 ) ;
#1464 = ORIENTED_EDGE ( 'NONE', *, *, #2522, .F. ) ;
#1465 = CARTESIAN_POINT ( 'NONE',  ( 1.499999999999999556, 0.05000000000000000278, 1.499999999999999778 ) ) ;
#1466 =( NAMED_UNIT ( * ) PLANE_ANGLE_UNIT ( ) SI_UNIT ( $, .RADIAN. ) );
#1467 = STYLED_ITEM ( 'NONE', ( #132 ), #2212 ) ;
#1468 = ORIENTED_EDGE ( 'NONE', *, *, #447, .F. ) ;
#1469 = LINE ( 'NONE', #256, #1499 ) ;
#1470 = FACE_OUTER_BOUND ( 'NONE', #3011, .T. ) ;
#1471 = EDGE_CURVE ( 'NONE', #808, #1194, #3989, .T. ) ;
#1472 = ORIENTED_EDGE ( 'NONE', *, *, #1584, .F. ) ;
#1473 = DIRECTION ( 'NONE',  ( 0.000000000000000000, 0.000000000000000000, 1.000000000000000000 ) ) ;
#1474 = CARTESIAN_POINT ( 'NONE',  ( -1.434999999999993614, 0.2030000000000000138, -0.1750000000000000167 ) ) ;
#1475 = ORIENTED_EDGE ( 'NONE', *, *, #3063, .F. ) ;
#1476 = DIRECTION ( 'NONE',  ( 0.000000000000000000, 1.000000000000000000, 0.000000000000000000 ) ) ;
#1477 = ORIENTED_EDGE ( 'NONE', *, *, #2508, .T. ) ;
#1478 = VERTEX_POINT ( 'NONE', #4840 ) ;
#1479 = LINE ( 'NONE', #2325, #4995 ) ;
#1480 = FACE_OUTER_BOUND ( 'NONE', #537, .T. ) ;
#1481 = ADVANCED_FACE ( 'NONE', ( #1501 ), #3615, .F. ) ;
#1482 = LINE ( 'NONE', #4039, #2094 ) ;
#1483 = EDGE_CURVE ( 'NONE', #2298, #1766, #1979, .T. ) ;
#1484 = LINE ( 'NONE', #4748, #2901 ) ;
#1485 = CARTESIAN_POINT ( 'NONE',  ( 1.249999999999986677, 0.2030000000000000138, 0.1749999999999992117 ) ) ;
#1486 = VERTEX_POINT ( 'NONE', #338 ) ;
#1487 = PLANE ( 'NONE',  #4914 ) ;
#1488 = AXIS2_PLACEMENT_3D ( 'NONE', #4254, #4274, #2677 ) ;
#1489 = DIRECTION ( 'NONE',  ( 0.000000000000000000, -1.000000000000000000, 0.000000000000000000 ) ) ;
#1490 = ORIENTED_EDGE ( 'NONE', *, *, #2668, .F. ) ;
#1491 = DIRECTION ( 'NONE',  ( 0.000000000000000000, -0.000000000000000000, 1.000000000000000000 ) ) ;
#1492 = CARTESIAN_POINT ( 'NONE',  ( -1.250000000000000000, 0.2030000000000000138, -0.9749999999999999778 ) ) ;
#1493 = AXIS2_PLACEMENT_3D ( 'NONE', #4311, #3597, #3893 ) ;
#1494 = ORIENTED_EDGE ( 'NONE', *, *, #2406, .T. ) ;
#1495 = FACE_OUTER_BOUND ( 'NONE', #381, .T. ) ;
#1496 = CARTESIAN_POINT ( 'NONE',  ( -1.250000000000000000, 0.000000000000000000, -1.125000000000000444 ) ) ;
#1497 = VECTOR ( 'NONE', #3510, 1000.000000000000000 ) ;
#1498 = CARTESIAN_POINT ( 'NONE',  ( -1.434999999999986953, 0.2030000000000000138, 0.4749999999999999223 ) ) ;
#1499 = VECTOR ( 'NONE', #3106, 1000.000000000000000 ) ;
#1500 = ORIENTED_EDGE ( 'NONE', *, *, #1647, .T. ) ;
#1501 = FACE_OUTER_BOUND ( 'NONE', #1892, .T. ) ;
#1502 = VERTEX_POINT ( 'NONE', #3190 ) ;
#1503 = VECTOR ( 'NONE', #2584, 1000.000000000000000 ) ;
#1504 = VERTEX_POINT ( 'NONE', #4811 ) ;
#1505 = EDGE_CURVE ( 'NONE', #2220, #1486, #1927, .T. ) ;
#1506 = EDGE_CURVE ( 'NONE', #4211, #4073, #4015, .T. ) ;
#1507 = DIRECTION ( 'NONE',  ( -2.930276141852710700E-15, 0.000000000000000000, -1.000000000000000000 ) ) ;
#1508 = VECTOR ( 'NONE', #1229, 1000.000000000000000 ) ;
#1509 = AXIS2_PLACEMENT_3D ( 'NONE', #4632, #2242, #3862 ) ;
#1510 = DIRECTION ( 'NONE',  ( 0.000000000000000000, -1.000000000000000000, 0.000000000000000000 ) ) ;
#1511 = VECTOR ( 'NONE', #531, 1000.000000000000000 ) ;
#1512 = CARTESIAN_POINT ( 'NONE',  ( 1.459999999999979980, 0.2030000000000000138, 1.099999999999999867 ) ) ;
#1513 = EDGE_CURVE ( 'NONE', #4734, #4765, #2836, .T. ) ;
#1514 = ORIENTED_EDGE ( 'NONE', *, *, #2611, .F. ) ;
#1515 = EDGE_CURVE ( 'NONE', #712, #2711, #4414, .T. ) ;
#1516 = CARTESIAN_POINT ( 'NONE',  ( -1.249999999999986677, 0.2030000000000000138, 0.4750000000000003664 ) ) ;
#1517 = CARTESIAN_POINT ( 'NONE',  ( 1.459999999999993303, 0.2030000000000000138, -0.4500000000000005107 ) ) ;
#1518 = ORIENTED_EDGE ( 'NONE', *, *, #5046, .F. ) ;
#1519 = CARTESIAN_POINT ( 'NONE',  ( 1.249999999999999556, 0.2030000000000000138, -0.9750000000000004219 ) ) ;
#1520 = DIRECTION ( 'NONE',  ( -0.000000000000000000, -1.000000000000000000, -0.000000000000000000 ) ) ;
#1521 = CARTESIAN_POINT ( 'NONE',  ( -1.250000000000000000, 0.2030000000000000138, -1.125000000000000444 ) ) ;
#1522 = VECTOR ( 'NONE', #466, 1000.000000000000000 ) ;
#1523 = EDGE_LOOP ( 'NONE', ( #1004, #5032, #3743, #1785 ) ) ;
#1524 = EDGE_CURVE ( 'NONE', #4783, #2644, #2417, .T. ) ;
#1525 = CARTESIAN_POINT ( 'NONE',  ( 0.8249999999999997335, 0.05000000000000000278, -1.039999999999998703 ) ) ;
#1526 = PLANE ( 'NONE',  #2613 ) ;
#1527 = DIRECTION ( 'NONE',  ( -0.7071067811865414665, 0.000000000000000000, -0.7071067811865536790 ) ) ;
#1528 = EDGE_LOOP ( 'NONE', ( #4231, #3460, #4294, #361, #4038, #3642, #4252, #1080 ) ) ;
#1529 = CARTESIAN_POINT ( 'NONE',  ( -1.100000000000000089, 0.9000000000000000222, -1.274999999999999911 ) ) ;
#1530 = ORIENTED_EDGE ( 'NONE', *, *, #4713, .F. ) ;
#1531 = VECTOR ( 'NONE', #4722, 1000.000000000000000 ) ;
#1532 = EDGE_LOOP ( 'NONE', ( #4805, #658, #1730, #2865 ) ) ;
#1533 = CARTESIAN_POINT ( 'NONE',  ( -1.435000000000000497, 0.2030000000000000138, -1.125000000000000000 ) ) ;
#1534 = LINE ( 'NONE', #4419, #4760 ) ;
#1535 = CARTESIAN_POINT ( 'NONE',  ( 1.499999999999999556, 6.042640687119284593, 1.499999999999999778 ) ) ;
#1536 = ADVANCED_FACE ( 'NONE', ( #2371 ), #1574, .T. ) ;
#1537 = LINE ( 'NONE', #3175, #4413 ) ;
#1538 = VERTEX_POINT ( 'NONE', #2003 ) ;
#1539 = DIRECTION ( 'NONE',  ( 0.000000000000000000, 1.000000000000000000, 0.000000000000000000 ) ) ;
#1540 = DIRECTION ( 'NONE',  ( -0.000000000000000000, 1.000000000000000000, -0.000000000000000000 ) ) ;
#1541 = ORIENTED_EDGE ( 'NONE', *, *, #4554, .T. ) ;
#1542 = DIRECTION ( 'NONE',  ( -0.000000000000000000, 1.000000000000000000, -0.000000000000000000 ) ) ;
#1543 = FACE_OUTER_BOUND ( 'NONE', #4016, .T. ) ;
#1544 = EDGE_CURVE ( 'NONE', #2908, #4900, #1604, .T. ) ;
#1545 = ORIENTED_EDGE ( 'NONE', *, *, #2318, .T. ) ;
#1546 = PLANE ( 'NONE',  #2781 ) ;
#1547 = FACE_OUTER_BOUND ( 'NONE', #3247, .T. ) ;
#1548 = CARTESIAN_POINT ( 'NONE',  ( 1.499999999999980016, 0.000000000000000000, 0.8499999999999994227 ) ) ;
#1549 = EDGE_CURVE ( 'NONE', #1486, #1163, #4863, .T. ) ;
#1550 = EDGE_LOOP ( 'NONE', ( #4099, #2082, #1981, #2912 ) ) ;
#1551 = CARTESIAN_POINT ( 'NONE',  ( 1.499999999999986677, 0.2030000000000000138, 0.1999999999999994282 ) ) ;
#1552 = VERTEX_POINT ( 'NONE', #1901 ) ;
#1553 = ORIENTED_EDGE ( 'NONE', *, *, #2610, .T. ) ;
#1554 = FACE_OUTER_BOUND ( 'NONE', #289, .T. ) ;
#1555 = SURFACE_STYLE_USAGE ( .BOTH. , #4871 ) ;
#1556 = LINE ( 'NONE', #2383, #5014 ) ;
#1557 = VERTEX_POINT ( 'NONE', #2785 ) ;
#1558 = VERTEX_POINT ( 'NONE', #4457 ) ;
#1559 = EDGE_CURVE ( 'NONE', #2598, #4435, #1127, .T. ) ;
#1560 = CARTESIAN_POINT ( 'NONE',  ( 1.249999999999999556, 0.04999999999999999584, -0.8249999999999999556 ) ) ;
#1561 = ADVANCED_FACE ( 'NONE', ( #2441 ), #5155, .T. ) ;
#1562 = ORIENTED_EDGE ( 'NONE', *, *, #5046, .T. ) ;
#1563 = CARTESIAN_POINT ( 'NONE',  ( 1.249999999999999556, 0.2030000000000000138, -1.125000000000000888 ) ) ;
#1564 = CARTESIAN_POINT ( 'NONE',  ( 1.499999999999993339, 0.2030000000000000138, -0.2000000000000003164 ) ) ;
#1565 = ORIENTED_EDGE ( 'NONE', *, *, #1559, .T. ) ;
#1566 = VECTOR ( 'NONE', #3793, 1000.000000000000000 ) ;
#1567 = VECTOR ( 'NONE', #1009, 1000.000000000000000 ) ;
#1568 = CARTESIAN_POINT ( 'NONE',  ( 1.499999999999993339, 0.2030000000000000138, -0.4500000000000005107 ) ) ;
#1569 = LINE ( 'NONE', #2732, #4220 ) ;
#1570 = DIRECTION ( 'NONE',  ( -0.7071067811865475727, 0.000000000000000000, -0.7071067811865475727 ) ) ;
#1571 = VECTOR ( 'NONE', #1393, 1000.000000000000000 ) ;
#1572 = VECTOR ( 'NONE', #4460, 1000.000000000000000 ) ;
#1573 = EDGE_LOOP ( 'NONE', ( #1939, #428, #1207, #994 ) ) ;
#1574 = PLANE ( 'NONE',  #1784 ) ;
#1575 = ORIENTED_EDGE ( 'NONE', *, *, #1524, .T. ) ;
#1576 = VERTEX_POINT ( 'NONE', #1529 ) ;
#1577 = EDGE_CURVE ( 'NONE', #4842, #3477, #2898, .T. ) ;
#1578 = EDGE_CURVE ( 'NONE', #2659, #177, #3727, .T. ) ;
#1579 = VECTOR ( 'NONE', #2506, 1000.000000000000000 ) ;
#1580 = AXIS2_PLACEMENT_3D ( 'NONE', #1452, #3090, #2320 ) ;
#1581 = CARTESIAN_POINT ( 'NONE',  ( -1.435000000000000275, 0.2030000000000000138, -0.8249999999999999556 ) ) ;
#1582 = PLANE ( 'NONE',  #3388 ) ;
#1583 = VECTOR ( 'NONE', #812, 1000.000000000000000 ) ;
#1584 = EDGE_CURVE ( 'NONE', #2734, #1186, #1691, .T. ) ;
#1585 = VECTOR ( 'NONE', #2353, 1000.000000000000000 ) ;
#1586 = CARTESIAN_POINT ( 'NONE',  ( -1.499999999999979572, 0.2030000000000000138, 1.100000000000000089 ) ) ;
#1587 = VECTOR ( 'NONE', #4862, 1000.000000000000000 ) ;
#1588 = ORIENTED_EDGE ( 'NONE', *, *, #3097, .T. ) ;
#1589 = ORIENTED_EDGE ( 'NONE', *, *, #3971, .T. ) ;
#1590 = PLANE ( 'NONE',  #2954 ) ;
#1591 = ORIENTED_EDGE ( 'NONE', *, *, #1964, .T. ) ;
#1592 = LINE ( 'NONE', #2389, #3330 ) ;
#1593 = VECTOR ( 'NONE', #1215, 1000.000000000000000 ) ;
#1594 = CARTESIAN_POINT ( 'NONE',  ( -1.459999999999999964, 0.2030000000000000138, -1.100000000000000089 ) ) ;
#1595 = CARTESIAN_POINT ( 'NONE',  ( -1.434999999999980069, 0.2030000000000000138, 0.8249999999999999556 ) ) ;
#1596 = ORIENTED_EDGE ( 'NONE', *, *, #2864, .F. ) ;
#1597 = ADVANCED_FACE ( 'NONE', ( #864 ), #1288, .T. ) ;
#1598 = AXIS2_PLACEMENT_3D ( 'NONE', #1736, #3370, #173 ) ;
#1599 = DIRECTION ( 'NONE',  ( -0.7071067811865491270, 0.000000000000000000, -0.7071067811865459074 ) ) ;
#1600 = CARTESIAN_POINT ( 'NONE',  ( -1.100000000000000089, 0.8499999999999999778, -1.099999999999999867 ) ) ;
#1601 = LINE ( 'NONE', #701, #3894 ) ;
#1602 = VECTOR ( 'NONE', #3568, 1000.000000000000000 ) ;
#1603 = CARTESIAN_POINT ( 'NONE',  ( 1.435000000000000053, 0.2030000000000000138, -1.125000000000000444 ) ) ;
#1604 = LINE ( 'NONE', #757, #2470 ) ;
#1605 = ORIENTED_EDGE ( 'NONE', *, *, #3572, .T. ) ;
#1606 = ORIENTED_EDGE ( 'NONE', *, *, #3542, .T. ) ;
#1607 = VECTOR ( 'NONE', #1231, 1000.000000000000000 ) ;
#1608 = DIRECTION ( 'NONE',  ( 0.000000000000000000, -1.000000000000000000, 0.000000000000000000 ) ) ;
#1609 = DIRECTION ( 'NONE',  ( 0.000000000000000000, -0.000000000000000000, 1.000000000000000000 ) ) ;
#1610 = EDGE_CURVE ( 'NONE', #2374, #5107, #891, .T. ) ;
#1611 = ORIENTED_EDGE ( 'NONE', *, *, #2926, .T. ) ;
#1612 = DIRECTION ( 'NONE',  ( 0.000000000000000000, -1.000000000000000000, 0.000000000000000000 ) ) ;
#1613 = ORIENTED_EDGE ( 'NONE', *, *, #3112, .F. ) ;
#1614 = DIRECTION ( 'NONE',  ( 1.000000000000000000, 0.000000000000000000, 2.051193299296894886E-15 ) ) ;
#1615 = DIRECTION ( 'NONE',  ( -0.7071067811865414665, 0.000000000000000000, -0.7071067811865536790 ) ) ;
#1616 = ORIENTED_EDGE ( 'NONE', *, *, #2791, .T. ) ;
#1617 = ORIENTED_EDGE ( 'NONE', *, *, #3047, .F. ) ;
#1618 = LINE ( 'NONE', #1220, #2001 ) ;
#1619 = ORIENTED_EDGE ( 'NONE', *, *, #4388, .T. ) ;
#1620 = CARTESIAN_POINT ( 'NONE',  ( -1.435000000000000275, 0.000000000000000000, -0.8249999999999999556 ) ) ;
#1621 = PLANE ( 'NONE',  #59 ) ;
#1622 = CARTESIAN_POINT ( 'NONE',  ( -0.000000000000000000, 0.05000000000000000278, -0.4500000000000001221 ) ) ;
#1623 = VERTEX_POINT ( 'NONE', #1629 ) ;
#1624 = CARTESIAN_POINT ( 'NONE',  ( -1.434999999999993836, 0.2030000000000000138, -0.4749999999999999223 ) ) ;
#1625 = CARTESIAN_POINT ( 'NONE',  ( -1.459999999999999964, 0.2030000000000000138, -0.8499999999999997558 ) ) ;
#1626 = DIRECTION ( 'NONE',  ( -0.7071067811865474617, 0.000000000000000000, 0.7071067811865474617 ) ) ;
#1627 = EDGE_CURVE ( 'NONE', #4435, #4633, #3267, .T. ) ;
#1628 = CYLINDRICAL_SURFACE ( 'NONE', #4835, 0.1750000000000000167 ) ;
#1629 = CARTESIAN_POINT ( 'NONE',  ( -1.434999999999979847, 0.000000000000000000, 1.125000000000000000 ) ) ;
#1630 = ORIENTED_EDGE ( 'NONE', *, *, #112, .T. ) ;
#1631 = ORIENTED_EDGE ( 'NONE', *, *, #971, .F. ) ;
#1632 = EDGE_CURVE ( 'NONE', #574, #1446, #4946, .T. ) ;
#1633 = DIRECTION ( 'NONE',  ( 0.000000000000000000, -1.000000000000000000, 0.000000000000000000 ) ) ;
#1634 = COLOUR_RGB ( '',0.7921568627450980005, 0.8196078431372548767, 0.9333333333333333481 ) ;
#1635 = LINE ( 'NONE', #446, #5162 ) ;
#1636 = ORIENTED_EDGE ( 'NONE', *, *, #1770, .F. ) ;
#1637 = DIRECTION ( 'NONE',  ( -0.000000000000000000, -1.000000000000000000, -0.000000000000000000 ) ) ;
#1638 = EDGE_LOOP ( 'NONE', ( #3005, #1803, #4841, #1616 ) ) ;
#1639 = LINE ( 'NONE', #3276, #1765 ) ;
#1640 = DIRECTION ( 'NONE',  ( -0.000000000000000000, -1.000000000000000000, -0.000000000000000000 ) ) ;
#1641 = DIRECTION ( 'NONE',  ( -0.7071067811865414665, 0.000000000000000000, -0.7071067811865536790 ) ) ;
#1642 = CARTESIAN_POINT ( 'NONE',  ( 1.249999999999999556, 0.000000000000000000, -0.9750000000000004219 ) ) ;
#1643 = DIRECTION ( 'NONE',  ( -1.000000000000000000, -0.000000000000000000, 2.344220913482165641E-15 ) ) ;
#1644 = ORIENTED_EDGE ( 'NONE', *, *, #2304, .F. ) ;
#1645 = ORIENTED_EDGE ( 'NONE', *, *, #1935, .F. ) ;
#1646 = ADVANCED_FACE ( 'NONE', ( #4487 ), #4117, .F. ) ;
#1647 = EDGE_CURVE ( 'NONE', #530, #3860, #2925, .T. ) ;
#1648 = LINE ( 'NONE', #4105, #384 ) ;
#1649 = DIRECTION ( 'NONE',  ( 0.000000000000000000, 1.000000000000000000, 0.000000000000000000 ) ) ;
#1650 = CARTESIAN_POINT ( 'NONE',  ( 1.434999999999999831, 0.000000000000000000, -0.8250000000000003997 ) ) ;
#1651 = DIRECTION ( 'NONE',  ( 0.000000000000000000, 1.000000000000000000, 0.000000000000000000 ) ) ;
#1652 = ORIENTED_EDGE ( 'NONE', *, *, #5217, .T. ) ;
#1653 = EDGE_CURVE ( 'NONE', #1882, #3055, #3696, .T. ) ;
#1654 = LINE ( 'NONE', #2055, #2869 ) ;
#1655 = CARTESIAN_POINT ( 'NONE',  ( -0.9549999999999965183, 0.05000000000000000278, 0.9549999999999921885 ) ) ;
#1656 = CARTESIAN_POINT ( 'NONE',  ( -1.434999999999987175, 0.2030000000000000138, 0.1750000000000000167 ) ) ;
#1657 = ORIENTED_EDGE ( 'NONE', *, *, #3564, .T. ) ;
#1658 = CIRCLE ( 'NONE', #3045, 0.1750000000000000167 ) ;
#1659 = DIRECTION ( 'NONE',  ( -2.710505431213753985E-15, 0.000000000000000000, -1.000000000000000000 ) ) ;
#1660 = PRESENTATION_LAYER_ASSIGNMENT (  '', '', ( #2614 ) ) ;
#1661 = ORIENTED_EDGE ( 'NONE', *, *, #4357, .T. ) ;
#1662 = VECTOR ( 'NONE', #2174, 1000.000000000000000 ) ;
#1663 = PLANE ( 'NONE',  #1070 ) ;
#1664 = CARTESIAN_POINT ( 'NONE',  ( 1.249999999999999556, 0.2030000000000000138, -0.9750000000000004219 ) ) ;
#1665 = ORIENTED_EDGE ( 'NONE', *, *, #3014, .F. ) ;
#1666 = CARTESIAN_POINT ( 'NONE',  ( -1.249999999999979572, 0.2030000000000000138, 0.9749999999999999778 ) ) ;
#1667 = EDGE_LOOP ( 'NONE', ( #2111, #4025, #4405, #4193 ) ) ;
#1668 = AXIS2_PLACEMENT_3D ( 'NONE', #1688, #3724, #4196 ) ;
#1669 = ADVANCED_FACE ( 'NONE', ( #837 ), #2472, .T. ) ;
#1670 = LINE ( 'NONE', #3277, #2080 ) ;
#1671 =( NAMED_UNIT ( * ) PLANE_ANGLE_UNIT ( ) SI_UNIT ( $, .RADIAN. ) );
#1672 = AXIS2_PLACEMENT_3D ( 'NONE', #1121, #4761, #722 ) ;
#1673 = VECTOR ( 'NONE', #4108, 1000.000000000000000 ) ;
#1674 = LINE ( 'NONE', #3314, #2116 ) ;
#1675 = ORIENTED_EDGE ( 'NONE', *, *, #2527, .T. ) ;
#1676 = EDGE_LOOP ( 'NONE', ( #3687, #1619, #4874, #4445 ) ) ;
#1677 = PLANE ( 'NONE',  #2181 ) ;
#1678 = CARTESIAN_POINT ( 'NONE',  ( -1.459999999999979536, 0.000000000000000000, 0.8499999999999998668 ) ) ;
#1679 = DIRECTION ( 'NONE',  ( -2.344220913482168007E-15, 0.000000000000000000, -1.000000000000000000 ) ) ;
#1680 = AXIS2_PLACEMENT_3D ( 'NONE', #1260, #3614, #3726 ) ;
#1681 = EDGE_CURVE ( 'NONE', #4605, #3229, #5246, .T. ) ;
#1682 = LINE ( 'NONE', #28, #830 ) ;
#1683 = EDGE_CURVE ( 'NONE', #152, #4350, #4082, .T. ) ;
#1684 = ORIENTED_EDGE ( 'NONE', *, *, #399, .F. ) ;
#1685 = FACE_OUTER_BOUND ( 'NONE', #4416, .T. ) ;
#1686 =( GEOMETRIC_REPRESENTATION_CONTEXT ( 3 ) GLOBAL_UNCERTAINTY_ASSIGNED_CONTEXT ( ( #3478 ) ) GLOBAL_UNIT_ASSIGNED_CONTEXT ( ( #1459, #3420, #3442 ) ) REPRESENTATION_CONTEXT ( 'NONE', 'WORKASPACE' ) );
#1687 = DIRECTION ( 'NONE',  ( -0.7071067811865414665, 0.000000000000000000, -0.7071067811865536790 ) ) ;
#1688 = CARTESIAN_POINT ( 'NONE',  ( 1.459999999999999520, 0.2030000000000000138, -1.100000000000000533 ) ) ;
#1689 = VERTEX_POINT ( 'NONE', #2803 ) ;
#1690 = AXIS2_PLACEMENT_3D ( 'NONE', #1386, #4622, #4992 ) ;
#1691 = LINE ( 'NONE', #3332, #2892 ) ;
#1692 = ORIENTED_EDGE ( 'NONE', *, *, #4993, .T. ) ;
#1693 = ORIENTED_EDGE ( 'NONE', *, *, #5094, .T. ) ;
#1694 = PLANE ( 'NONE',  #815 ) ;
#1695 = ORIENTED_EDGE ( 'NONE', *, *, #4375, .F. ) ;
#1696 = CARTESIAN_POINT ( 'NONE',  ( -1.500000000000000000, 0.05000000000000000278, 1.499999999999999778 ) ) ;
#1697 = ORIENTED_EDGE ( 'NONE', *, *, #2459, .F. ) ;
#1698 = CIRCLE ( 'NONE', #4339, 0.1500000000000003830 ) ;
#1699 = DIRECTION ( 'NONE',  ( -0.000000000000000000, 1.000000000000000000, -0.000000000000000000 ) ) ;
#1700 = CARTESIAN_POINT ( 'NONE',  ( -1.499999999999986677, 0.2030000000000000138, 0.1999999999999998723 ) ) ;
#1701 = VECTOR ( 'NONE', #4290, 1000.000000000000000 ) ;
#1702 = LINE ( 'NONE', #423, #5239 ) ;
#1703 = EDGE_CURVE ( 'NONE', #2473, #1557, #4085, .T. ) ;
#1704 = CYLINDRICAL_SURFACE ( 'NONE', #2207, 0.1500000000000003830 ) ;
#1705 = EDGE_LOOP ( 'NONE', ( #2257, #238, #2385, #4635, #527, #2873, #1078, #4187 ) ) ;
#1706 = ORIENTED_EDGE ( 'NONE', *, *, #4782, .T. ) ;
#1707 = PLANE ( 'NONE',  #5237 ) ;
#1708 = DIRECTION ( 'NONE',  ( -0.7071067811865414665, -0.000000000000000000, 0.7071067811865536790 ) ) ;
#1709 = LINE ( 'NONE', #3349, #998 ) ;
#1710 = DIRECTION ( 'NONE',  ( 0.000000000000000000, -1.000000000000000000, 0.000000000000000000 ) ) ;
#1711 = ORIENTED_EDGE ( 'NONE', *, *, #4909, .F. ) ;
#1712 = UNCERTAINTY_MEASURE_WITH_UNIT (LENGTH_MEASURE( 1.000000000000000082E-05 ), #2192, 'distance_accuracy_value', 'NONE');
#1713 = CARTESIAN_POINT ( 'NONE',  ( 1.249999999999986677, 0.2030000000000000138, 0.4750000000000000333 ) ) ;
#1714 = EDGE_CURVE ( 'NONE', #2289, #2704, #824, .T. ) ;
#1715 = LINE ( 'NONE', #4913, #4396 ) ;
#1716 = EDGE_CURVE ( 'NONE', #1623, #4152, #5175, .T. ) ;
#1717 = CARTESIAN_POINT ( 'NONE',  ( -1.249999999999986677, 0.2030000000000000138, 0.1749999999999996003 ) ) ;
#1718 = CARTESIAN_POINT ( 'NONE',  ( 2.637248527667445467E-15, 0.05000000000000000278, -1.125000000000003775 ) ) ;
#1719 = VERTEX_POINT ( 'NONE', #3181 ) ;
#1720 = VERTEX_POINT ( 'NONE', #4429 ) ;
#1721 = EDGE_CURVE ( 'NONE', #3083, #1236, #1592, .T. ) ;
#1722 = EDGE_CURVE ( 'NONE', #5056, #698, #370, .T. ) ;
#1723 = CARTESIAN_POINT ( 'NONE',  ( -1.249999999999986677, 0.000000000000000000, 0.3250000000000000111 ) ) ;
#1724 = ORIENTED_EDGE ( 'NONE', *, *, #2855, .F. ) ;
#1725 = PLANE ( 'NONE',  #505 ) ;
#1726 = ORIENTED_EDGE ( 'NONE', *, *, #4098, .T. ) ;
#1727 = CARTESIAN_POINT ( 'NONE',  ( 1.459999999999979980, 0.2030000000000000138, 0.8499999999999994227 ) ) ;
#1728 = DIRECTION ( 'NONE',  ( -0.000000000000000000, -1.000000000000000000, -0.000000000000000000 ) ) ;
#1729 = CARTESIAN_POINT ( 'NONE',  ( -1.249999999999993339, 0.000000000000000000, -0.3250000000000000111 ) ) ;
#1730 = ORIENTED_EDGE ( 'NONE', *, *, #2537, .T. ) ;
#1731 = ORIENTED_EDGE ( 'NONE', *, *, #2401, .T. ) ;
#1732 = FACE_OUTER_BOUND ( 'NONE', #4260, .T. ) ;
#1733 = ORIENTED_EDGE ( 'NONE', *, *, #833, .F. ) ;
#1734 = CARTESIAN_POINT ( 'NONE',  ( -1.500000000000000000, 0.05000000000000000278, 1.499999999999999778 ) ) ;
#1735 = FACE_OUTER_BOUND ( 'NONE', #3595, .T. ) ;
#1736 = CARTESIAN_POINT ( 'NONE',  ( 1.249999999999986677, 0.2030000000000000138, 0.3249999999999996780 ) ) ;
#1737 = ADVANCED_FACE ( 'NONE', ( #2853 ), #1197, .F. ) ;
#1738 = COLOUR_RGB ( '',0.7921568627450980005, 0.8196078431372548767, 0.9333333333333333481 ) ;
#1739 = VERTEX_POINT ( 'NONE', #3234 ) ;
#1740 = EDGE_CURVE ( 'NONE', #2968, #4664, #2050, .T. ) ;
#1741 = CARTESIAN_POINT ( 'NONE',  ( -1.435000000000000275, 0.2030000000000000138, -0.8249999999999999556 ) ) ;
#1742 = DIRECTION ( 'NONE',  ( 0.000000000000000000, -1.000000000000000000, 0.000000000000000000 ) ) ;
#1743 = CARTESIAN_POINT ( 'NONE',  ( -4.615184923417931847E-16, 0.05000000000000000278, -0.1749999999999966582 ) ) ;
#1744 = CARTESIAN_POINT ( 'NONE',  ( -1.434999999999980069, 0.2030000000000000138, 0.8249999999999999556 ) ) ;
#1745 = ORIENTED_EDGE ( 'NONE', *, *, #1814, .F. ) ;
#1746 = DIRECTION ( 'NONE',  ( 1.000000000000000000, 0.000000000000000000, 0.000000000000000000 ) ) ;
#1747 = EDGE_LOOP ( 'NONE', ( #3252, #785, #4987, #5174 ) ) ;
#1748 = DIRECTION ( 'NONE',  ( 2.344220913482165641E-15, 0.000000000000000000, 1.000000000000000000 ) ) ;
#1749 = EDGE_CURVE ( 'NONE', #3492, #3204, #4878, .T. ) ;
#1750 = ORIENTED_EDGE ( 'NONE', *, *, #625, .F. ) ;
#1751 = EDGE_CURVE ( 'NONE', #177, #2822, #4855, .T. ) ;
#1752 = AXIS2_PLACEMENT_3D ( 'NONE', #1989, #1540, #1943 ) ;
#1753 =( GEOMETRIC_REPRESENTATION_CONTEXT ( 3 ) GLOBAL_UNCERTAINTY_ASSIGNED_CONTEXT ( ( #4218 ) ) GLOBAL_UNIT_ASSIGNED_CONTEXT ( ( #2620, #3892, #190 ) ) REPRESENTATION_CONTEXT ( 'NONE', 'WORKASPACE' ) );
#1754 = DIRECTION ( 'NONE',  ( 0.000000000000000000, 0.000000000000000000, 1.000000000000000000 ) ) ;
#1755 = AXIS2_PLACEMENT_3D ( 'NONE', #246, #5118, #4747 ) ;
#1756 = CARTESIAN_POINT ( 'NONE',  ( 0.6749999999999998224, 0.05000000000000000278, 1.040000000000000036 ) ) ;
#1757 = ORIENTED_EDGE ( 'NONE', *, *, #261, .F. ) ;
#1758 = VERTEX_POINT ( 'NONE', #3661 ) ;
#1759 = VECTOR ( 'NONE', #5150, 1000.000000000000000 ) ;
#1760 = VECTOR ( 'NONE', #4173, 1000.000000000000000 ) ;
#1761 = DIRECTION ( 'NONE',  ( 0.7071067811865414665, 0.000000000000000000, 0.7071067811865536790 ) ) ;
#1762 = CARTESIAN_POINT ( 'NONE',  ( -0.6300000000000000044, 0.05000000000000000278, 0.6299999999999971179 ) ) ;
#1763 = PLANE ( 'NONE',  #1320 ) ;
#1764 = CARTESIAN_POINT ( 'NONE',  ( 1.499999999999986677, 0.000000000000000000, 0.4499999999999996780 ) ) ;
#1765 = VECTOR ( 'NONE', #5268, 1000.000000000000000 ) ;
#1766 = VERTEX_POINT ( 'NONE', #4026 ) ;
#1767 = LINE ( 'NONE', #3854, #4238 ) ;
#1768 = CARTESIAN_POINT ( 'NONE',  ( 1.499999999999986677, 0.2030000000000000138, 0.1999999999999994282 ) ) ;
#1769 = DIRECTION ( 'NONE',  ( -2.710505431213753985E-15, 0.000000000000000000, -1.000000000000000000 ) ) ;
#1770 = EDGE_CURVE ( 'NONE', #4911, #230, #4007, .T. ) ;
#1771 = FACE_OUTER_BOUND ( 'NONE', #1667, .T. ) ;
#1772 = ORIENTED_EDGE ( 'NONE', *, *, #5128, .T. ) ;
#1773 = AXIS2_PLACEMENT_3D ( 'NONE', #2336, #4709, #4156 ) ;
#1774 = EDGE_LOOP ( 'NONE', ( #4656, #1289, #99, #1553 ) ) ;
#1775 = DIRECTION ( 'NONE',  ( 0.000000000000000000, 0.000000000000000000, 1.000000000000000000 ) ) ;
#1776 = CARTESIAN_POINT ( 'NONE',  ( -1.435000000000000275, 0.000000000000000000, -0.8249999999999999556 ) ) ;
#1777 = ORIENTED_EDGE ( 'NONE', *, *, #3795, .T. ) ;
#1778 = LINE ( 'NONE', #41, #3147 ) ;
#1779 = ORIENTED_EDGE ( 'NONE', *, *, #3665, .F. ) ;
#1780 = VECTOR ( 'NONE', #2985, 1000.000000000000000 ) ;
#1781 = DIRECTION ( 'NONE',  ( 0.000000000000000000, 0.000000000000000000, -1.000000000000000000 ) ) ;
#1782 = EDGE_CURVE ( 'NONE', #4152, #4022, #1698, .T. ) ;
#1783 = FACE_OUTER_BOUND ( 'NONE', #2178, .T. ) ;
#1784 = AXIS2_PLACEMENT_3D ( 'NONE', #380, #727, #2735 ) ;
#1785 = ORIENTED_EDGE ( 'NONE', *, *, #2568, .T. ) ;
#1786 = ORIENTED_EDGE ( 'NONE', *, *, #2223, .T. ) ;
#1787 = VECTOR ( 'NONE', #2771, 1000.000000000000114 ) ;
#1788 = DIRECTION ( 'NONE',  ( -1.000000000000000000, -0.000000000000000000, 2.344220913482165641E-15 ) ) ;
#1789 = EDGE_CURVE ( 'NONE', #698, #1219, #5278, .T. ) ;
#1790 = CARTESIAN_POINT ( 'NONE',  ( -1.499999999999979572, 0.000000000000000000, 0.8499999999999998668 ) ) ;
#1791 = PLANE ( 'NONE',  #674 ) ;
#1792 = ORIENTED_EDGE ( 'NONE', *, *, #3071, .T. ) ;
#1793 = CARTESIAN_POINT ( 'NONE',  ( 1.499999999999980016, 0.2030000000000000138, 1.099999999999999645 ) ) ;
#1794 = DIRECTION ( 'NONE',  ( 0.7071067811865474617, -0.000000000000000000, -0.7071067811865474617 ) ) ;
#1795 = ORIENTED_EDGE ( 'NONE', *, *, #61, .F. ) ;
#1796 = LINE ( 'NONE', #2657, #3812 ) ;
#1797 = CYLINDRICAL_SURFACE ( 'NONE', #4818, 0.1500000000000003830 ) ;
#1798 = CARTESIAN_POINT ( 'NONE',  ( -1.249999999999986677, 0.2030000000000000138, 0.3250000000000000111 ) ) ;
#1799 = ORIENTED_EDGE ( 'NONE', *, *, #3907, .T. ) ;
#1800 = EDGE_CURVE ( 'NONE', #4975, #4624, #3577, .T. ) ;
#1801 = CARTESIAN_POINT ( 'NONE',  ( 1.249999999999986677, 0.2030000000000000138, 0.4750000000000000333 ) ) ;
#1802 = CARTESIAN_POINT ( 'NONE',  ( -1.100000000000000089, 0.8499999999999999778, -1.099999999999999867 ) ) ;
#1803 = ORIENTED_EDGE ( 'NONE', *, *, #5217, .F. ) ;
#1804 = PLANE ( 'NONE',  #5105 ) ;
#1805 = ORIENTED_EDGE ( 'NONE', *, *, #125, .F. ) ;
#1806 = ADVANCED_FACE ( 'NONE', ( #3979 ), #430, .T. ) ;
#1807 = DIRECTION ( 'NONE',  ( -0.7071067811865414665, 0.000000000000000000, -0.7071067811865536790 ) ) ;
#1808 =( NAMED_UNIT ( * ) PLANE_ANGLE_UNIT ( ) SI_UNIT ( $, .RADIAN. ) );
#1809 = LINE ( 'NONE', #3425, #2187 ) ;
#1810 = CARTESIAN_POINT ( 'NONE',  ( -1.459999999999999964, 0.2030000000000000138, -0.8499999999999997558 ) ) ;
#1811 = DIRECTION ( 'NONE',  ( 2.710505431213753985E-15, 0.000000000000000000, -1.000000000000000000 ) ) ;
#1812 = EDGE_CURVE ( 'NONE', #4767, #113, #4778, .T. ) ;
#1813 = ORIENTED_EDGE ( 'NONE', *, *, #4979, .F. ) ;
#1814 = EDGE_CURVE ( 'NONE', #4470, #2659, #328, .T. ) ;
#1815 = DIRECTION ( 'NONE',  ( 0.000000000000000000, -1.000000000000000000, 0.000000000000000000 ) ) ;
#1816 = VERTEX_POINT ( 'NONE', #881 ) ;
#1817 = DIRECTION ( 'NONE',  ( 1.000000000000000000, 0.000000000000000000, -0.000000000000000000 ) ) ;
#1818 = DIRECTION ( 'NONE',  ( -0.000000000000000000, 0.000000000000000000, 1.000000000000000000 ) ) ;
#1819 = VERTEX_POINT ( 'NONE', #55 ) ;
#1820 = ORIENTED_EDGE ( 'NONE', *, *, #1905, .T. ) ;
#1821 = CARTESIAN_POINT ( 'NONE',  ( -0.7844339622641511856, 0.05000000000000000278, -0.9788616648203987136 ) ) ;
#1822 = PLANE ( 'NONE',  #925 ) ;
#1823 = ORIENTED_EDGE ( 'NONE', *, *, #2933, .F. ) ;
#1824 = CARTESIAN_POINT ( 'NONE',  ( -1.434999999999979847, 0.2030000000000000138, 1.125000000000000000 ) ) ;
#1825 = VERTEX_POINT ( 'NONE', #855 ) ;
#1826 = DIRECTION ( 'NONE',  ( 0.000000000000000000, -0.000000000000000000, 1.000000000000000000 ) ) ;
#1827 = EDGE_CURVE ( 'NONE', #3006, #2142, #4507, .T. ) ;
#1828 = AXIS2_PLACEMENT_3D ( 'NONE', #912, #4508, #431 ) ;
#1829 = CARTESIAN_POINT ( 'NONE',  ( 1.435000000000000053, 0.2030000000000000138, -1.125000000000000444 ) ) ;
#1830 = LINE ( 'NONE', #2671, #5192 ) ;
#1831 = VECTOR ( 'NONE', #1794, 1000.000000000000114 ) ;
#1832 = VECTOR ( 'NONE', #3367, 1000.000000000000000 ) ;
#1833 = LINE ( 'NONE', #3398, #4679 ) ;
#1834 = ORIENTED_EDGE ( 'NONE', *, *, #1985, .F. ) ;
#1835 = VECTOR ( 'NONE', #2013, 1000.000000000000000 ) ;
#1836 = VECTOR ( 'NONE', #1285, 1000.000000000000000 ) ;
#1837 = DIRECTION ( 'NONE',  ( 0.7071067811865414665, 0.000000000000000000, 0.7071067811865536790 ) ) ;
#1838 = LINE ( 'NONE', #5102, #3626 ) ;
#1839 = ORIENTED_EDGE ( 'NONE', *, *, #4894, .F. ) ;
#1840 = CARTESIAN_POINT ( 'NONE',  ( -1.434999999999987175, 0.04999999999999999584, 0.1750000000000000167 ) ) ;
#1841 = EDGE_CURVE ( 'NONE', #1478, #1126, #4423, .T. ) ;
#1842 = CARTESIAN_POINT ( 'NONE',  ( -0.6749999999999991562, 0.05000000000000000278, 1.190000000000000169 ) ) ;
#1843 = EDGE_CURVE ( 'NONE', #1163, #1968, #3715, .T. ) ;
#1844 = VECTOR ( 'NONE', #4418, 1000.000000000000114 ) ;
#1845 = PLANE ( 'NONE',  #1773 ) ;
#1846 = ORIENTED_EDGE ( 'NONE', *, *, #2842, .T. ) ;
#1847 = ORIENTED_EDGE ( 'NONE', *, *, #1394, .F. ) ;
#1848 = VECTOR ( 'NONE', #3826, 1000.000000000000000 ) ;
#1849 = LINE ( 'NONE', #3511, #475 ) ;
#1850 = EDGE_CURVE ( 'NONE', #4073, #712, #2515, .T. ) ;
#1851 = FACE_OUTER_BOUND ( 'NONE', #2227, .T. ) ;
#1852 = ORIENTED_EDGE ( 'NONE', *, *, #2380, .F. ) ;
#1853 = VECTOR ( 'NONE', #409, 1000.000000000000114 ) ;
#1854 = DIRECTION ( 'NONE',  ( -0.7071067811865414665, -0.000000000000000000, 0.7071067811865536790 ) ) ;
#1855 = ORIENTED_EDGE ( 'NONE', *, *, #1894, .F. ) ;
#1856 = VECTOR ( 'NONE', #5236, 1000.000000000000000 ) ;
#1857 = DIRECTION ( 'NONE',  ( 0.000000000000000000, 1.000000000000000000, 0.000000000000000000 ) ) ;
#1858 = FACE_OUTER_BOUND ( 'NONE', #478, .T. ) ;
#1859 = CARTESIAN_POINT ( 'NONE',  ( 1.499999999999980016, 0.2030000000000000138, 0.8499999999999994227 ) ) ;
#1860 = CIRCLE ( 'NONE', #258, 0.1499999999999999667 ) ;
#1861 = LINE ( 'NONE', #3943, #651 ) ;
#1862 = EDGE_CURVE ( 'NONE', #2786, #186, #4107, .T. ) ;
#1863 = PLANE ( 'NONE',  #4341 ) ;
#1864 = VECTOR ( 'NONE', #806, 1000.000000000000000 ) ;
#1865 = DIRECTION ( 'NONE',  ( -0.7071067811865414665, 0.000000000000000000, -0.7071067811865536790 ) ) ;
#1866 = EDGE_LOOP ( 'NONE', ( #1302, #548, #1779, #819 ) ) ;
#1867 = VECTOR ( 'NONE', #4144, 1000.000000000000000 ) ;
#1868 = EDGE_LOOP ( 'NONE', ( #2891, #2412, #4579, #1434 ) ) ;
#1869 = CARTESIAN_POINT ( 'NONE',  ( -1.499999999999986677, 0.2030000000000000138, 0.4500000000000001221 ) ) ;
#1870 = CARTESIAN_POINT ( 'NONE',  ( -1.500000000000000000, 6.042640687119284593, 1.499999999999999778 ) ) ;
#1871 = ORIENTED_EDGE ( 'NONE', *, *, #3088, .F. ) ;
#1872 = LINE ( 'NONE', #3483, #54 ) ;
#1873 = DIRECTION ( 'NONE',  ( 1.000000000000000000, 0.000000000000000000, 2.710505431213753985E-15 ) ) ;
#1874 = EDGE_LOOP ( 'NONE', ( #202, #3649, #3946, #906 ) ) ;
#1875 = DIRECTION ( 'NONE',  ( 1.000000000000000000, -0.000000000000000000, -2.930276141852710700E-15 ) ) ;
#1876 = FACE_OUTER_BOUND ( 'NONE', #4262, .T. ) ;
#1877 = SURFACE_SIDE_STYLE ('',( #336 ) ) ;
#1878 = CARTESIAN_POINT ( 'NONE',  ( -1.434999999999986953, 0.2030000000000000138, 0.4749999999999999223 ) ) ;
#1879 = VERTEX_POINT ( 'NONE', #1250 ) ;
#1880 = DIRECTION ( 'NONE',  ( 0.000000000000000000, 0.000000000000000000, 1.000000000000000000 ) ) ;
#1881 = ORIENTED_EDGE ( 'NONE', *, *, #764, .F. ) ;
#1882 = VERTEX_POINT ( 'NONE', #114 ) ;
#1883 = EDGE_CURVE ( 'NONE', #3079, #3552, #4593, .T. ) ;
#1884 = EDGE_CURVE ( 'NONE', #2040, #4875, #937, .T. ) ;
#1885 = DIRECTION ( 'NONE',  ( 1.000000000000000000, 0.000000000000000000, 2.710505431213753985E-15 ) ) ;
#1886 = CARTESIAN_POINT ( 'NONE',  ( 0.8249999999999997335, 0.000000000000000000, -1.039999999999998703 ) ) ;
#1887 = DIRECTION ( 'NONE',  ( -0.7071067811865459074, 0.000000000000000000, -0.7071067811865491270 ) ) ;
#1888 = DIRECTION ( 'NONE',  ( -0.7071067811865414665, 0.000000000000000000, -0.7071067811865536790 ) ) ;
#1889 = VERTEX_POINT ( 'NONE', #2550 ) ;
#1890 = DIRECTION ( 'NONE',  ( 0.000000000000000000, 1.000000000000000000, 0.000000000000000000 ) ) ;
#1891 = CARTESIAN_POINT ( 'NONE',  ( 1.933982253622778538E-15, 0.05000000000000000278, 0.8249999999999966249 ) ) ;
#1892 = EDGE_LOOP ( 'NONE', ( #1731, #979, #3697, #1652 ) ) ;
#1893 = DIRECTION ( 'NONE',  ( 0.7071067811865460184, -0.000000000000000000, -0.7071067811865490160 ) ) ;
#1894 = EDGE_CURVE ( 'NONE', #4589, #4323, #4163, .T. ) ;
#1895 = VERTEX_POINT ( 'NONE', #2915 ) ;
#1896 = EDGE_CURVE ( 'NONE', #1538, #5250, #4618, .T. ) ;
#1897 = DIRECTION ( 'NONE',  ( -0.000000000000000000, -1.000000000000000000, -0.000000000000000000 ) ) ;
#1898 = CARTESIAN_POINT ( 'NONE',  ( 1.499999999999999556, 0.2030000000000000138, -0.8500000000000003109 ) ) ;
#1899 = CARTESIAN_POINT ( 'NONE',  ( -1.499999999999986677, 0.000000000000000000, 0.1999999999999998723 ) ) ;
#1900 = VERTEX_POINT ( 'NONE', #2143 ) ;
#1901 = CARTESIAN_POINT ( 'NONE',  ( 1.459999999999993303, 0.2030000000000000138, -0.2000000000000002054 ) ) ;
#1902 = EDGE_LOOP ( 'NONE', ( #973, #4502, #4092, #1044 ) ) ;
#1903 = VERTEX_POINT ( 'NONE', #540 ) ;
#1904 = DIRECTION ( 'NONE',  ( -0.000000000000000000, -1.000000000000000000, -0.000000000000000000 ) ) ;
#1905 = EDGE_CURVE ( 'NONE', #350, #3657, #2169, .T. ) ;
#1906 = EDGE_CURVE ( 'NONE', #3015, #2341, #517, .T. ) ;
#1907 = DIRECTION ( 'NONE',  ( -1.000000000000000000, 0.000000000000000000, 0.000000000000000000 ) ) ;
#1908 = DIRECTION ( 'NONE',  ( 0.000000000000000000, -0.000000000000000000, 1.000000000000000000 ) ) ;
#1909 = VECTOR ( 'NONE', #4060, 1000.000000000000114 ) ;
#1910 = AXIS2_PLACEMENT_3D ( 'NONE', #268, #3519, #555 ) ;
#1911 = CARTESIAN_POINT ( 'NONE',  ( -1.249999999999986677, 0.2030000000000000138, 0.3250000000000000111 ) ) ;
#1912 = EDGE_LOOP ( 'NONE', ( #869, #9, #2788, #2636 ) ) ;
#1913 = CARTESIAN_POINT ( 'NONE',  ( -0.5647597264065384870, 0.05000000000000000278, -1.189999999999999725 ) ) ;
#1914 = STYLED_ITEM ( 'NONE', ( #3107 ), #4200 ) ;
#1915 = VECTOR ( 'NONE', #1633, 1000.000000000000000 ) ;
#1916 = FACE_OUTER_BOUND ( 'NONE', #4299, .T. ) ;
#1917 = ORIENTED_EDGE ( 'NONE', *, *, #1243, .T. ) ;
#1918 = DIRECTION ( 'NONE',  ( -1.000000000000000000, 0.000000000000000000, -2.344220913482168007E-15 ) ) ;
#1919 = VECTOR ( 'NONE', #3934, 1000.000000000000000 ) ;
#1920 = ORIENTED_EDGE ( 'NONE', *, *, #3187, .T. ) ;
#1921 = PLANE ( 'NONE',  #4743 ) ;
#1922 = CARTESIAN_POINT ( 'NONE',  ( -1.500000000000000000, 0.8999999999999998002, -1.499999999999999778 ) ) ;
#1923 = CARTESIAN_POINT ( 'NONE',  ( 1.434999999999980513, 0.000000000000000000, 0.8249999999999995115 ) ) ;
#1924 = AXIS2_PLACEMENT_3D ( 'NONE', #4860, #1202, #3563 ) ;
#1925 = EDGE_CURVE ( 'NONE', #2125, #4278, #3792, .T. ) ;
#1926 = ORIENTED_EDGE ( 'NONE', *, *, #587, .F. ) ;
#1927 = LINE ( 'NONE', #1178, #1175 ) ;
#1928 = VERTEX_POINT ( 'NONE', #1279 ) ;
#1929 = VECTOR ( 'NONE', #1389, 1000.000000000000000 ) ;
#1930 = VERTEX_POINT ( 'NONE', #1734 ) ;
#1931 = CYLINDRICAL_SURFACE ( 'NONE', #144, 0.1500000000000003830 ) ;
#1932 = AXIS2_PLACEMENT_3D ( 'NONE', #1341, #547, #2237 ) ;
#1933 = DIRECTION ( 'NONE',  ( 0.000000000000000000, 0.000000000000000000, -1.000000000000000000 ) ) ;
#1934 = VECTOR ( 'NONE', #4873, 1000.000000000000000 ) ;
#1935 = EDGE_CURVE ( 'NONE', #946, #4796, #2078, .T. ) ;
#1936 = ADVANCED_FACE ( 'NONE', ( #2970 ), #485, .F. ) ;
#1937 = DIRECTION ( 'NONE',  ( -1.000000000000000000, 0.000000000000000000, 0.000000000000000000 ) ) ;
#1938 = VECTOR ( 'NONE', #2053, 1000.000000000000000 ) ;
#1939 = ORIENTED_EDGE ( 'NONE', *, *, #4357, .F. ) ;
#1940 = EDGE_CURVE ( 'NONE', #1028, #3492, #88, .T. ) ;
#1941 = DIRECTION ( 'NONE',  ( -0.000000000000000000, -0.000000000000000000, 1.000000000000000000 ) ) ;
#1942 = AXIS2_PLACEMENT_3D ( 'NONE', #2088, #2061, #67 ) ;
#1943 = DIRECTION ( 'NONE',  ( 0.000000000000000000, 0.000000000000000000, -1.000000000000000000 ) ) ;
#1944 = ORIENTED_EDGE ( 'NONE', *, *, #1025, .F. ) ;
#1945 = DIRECTION ( 'NONE',  ( 0.000000000000000000, 0.000000000000000000, 1.000000000000000000 ) ) ;
#1946 = CARTESIAN_POINT ( 'NONE',  ( 4.102386598593715719E-16, 0.05000000000000000278, -0.1749999999999966582 ) ) ;
#1947 = AXIS2_PLACEMENT_3D ( 'NONE', #497, #2866, #4091 ) ;
#1948 = ORIENTED_EDGE ( 'NONE', *, *, #4941, .F. ) ;
#1949 = LINE ( 'NONE', #306, #4055 ) ;
#1950 = CARTESIAN_POINT ( 'NONE',  ( -1.499999999999986677, 0.2030000000000000138, 0.4500000000000001221 ) ) ;
#1951 = AXIS2_PLACEMENT_3D ( 'NONE', #1535, #1937, #2327 ) ;
#1952 = DIRECTION ( 'NONE',  ( -1.000000000000000000, -0.000000000000000000, -0.000000000000000000 ) ) ;
#1953 = EDGE_LOOP ( 'NONE', ( #2618, #5079, #457, #989 ) ) ;
#1954 = DIRECTION ( 'NONE',  ( 0.000000000000000000, -1.000000000000000000, 0.000000000000000000 ) ) ;
#1955 = EDGE_LOOP ( 'NONE', ( #3886, #2206, #1342, #365, #3286, #2129, #2574, #2766 ) ) ;
#1956 = EDGE_LOOP ( 'NONE', ( #800, #136, #5143, #4376, #369, #1500, #3630, #3087, #3596, #412, #5275, #4686, #599, #3256, #3566, #1630, #490, #1684, #3366, #4464 ) ) ;
#1957 = EDGE_CURVE ( 'NONE', #1047, #2633, #3368, .T. ) ;
#1958 = PLANE ( 'NONE',  #1493 ) ;
#1959 = EDGE_CURVE ( 'NONE', #35, #3742, #1449, .T. ) ;
#1960 = DIRECTION ( 'NONE',  ( 0.000000000000000000, -0.000000000000000000, 1.000000000000000000 ) ) ;
#1961 = EDGE_CURVE ( 'NONE', #3657, #3477, #4244, .T. ) ;
#1962 = SURFACE_STYLE_FILL_AREA ( #3549 ) ;
#1963 = CARTESIAN_POINT ( 'NONE',  ( -1.434999999999993614, 0.000000000000000000, -0.1750000000000000167 ) ) ;
#1964 = EDGE_CURVE ( 'NONE', #4146, #2235, #4425, .T. ) ;
#1965 = ORIENTED_EDGE ( 'NONE', *, *, #80, .F. ) ;
#1966 = CARTESIAN_POINT ( 'NONE',  ( -1.100000000000000089, 0.8499999999999999778, -1.099999999999999867 ) ) ;
#1967 = LINE ( 'NONE', #3602, #140 ) ;
#1968 = VERTEX_POINT ( 'NONE', #638 ) ;
#1969 = CARTESIAN_POINT ( 'NONE',  ( -1.100000000000000089, 0.9000000000000000222, -1.099999999999999867 ) ) ;
#1970 = LINE ( 'NONE', #773, #3975 ) ;
#1971 = EDGE_CURVE ( 'NONE', #2858, #3153, #4852, .T. ) ;
#1972 = ADVANCED_FACE ( 'NONE', ( #3822 ), #5140, .T. ) ;
#1973 = EDGE_LOOP ( 'NONE', ( #4383, #934, #771, #1726 ) ) ;
#1974 = CARTESIAN_POINT ( 'NONE',  ( 1.434999999999980291, 0.2030000000000000138, 1.124999999999999556 ) ) ;
#1975 = DIRECTION ( 'NONE',  ( 0.000000000000000000, 0.000000000000000000, 1.000000000000000000 ) ) ;
#1976 = FACE_OUTER_BOUND ( 'NONE', #4336, .T. ) ;
#1977 = EDGE_CURVE ( 'NONE', #4394, #1882, #3100, .T. ) ;
#1978 = DIRECTION ( 'NONE',  ( -0.000000000000000000, 1.000000000000000000, -0.000000000000000000 ) ) ;
#1979 = LINE ( 'NONE', #3594, #510 ) ;
#1980 = EDGE_LOOP ( 'NONE', ( #2919, #3939, #5052, #1304 ) ) ;
#1981 = ORIENTED_EDGE ( 'NONE', *, *, #1627, .F. ) ;
#1982 = LINE ( 'NONE', #1185, #1583 ) ;
#1983 = CARTESIAN_POINT ( 'NONE',  ( 1.499999999999993339, 0.2030000000000000138, -0.2000000000000003164 ) ) ;
#1984 = LINE ( 'NONE', #691, #2808 ) ;
#1985 = EDGE_CURVE ( 'NONE', #652, #40, #1830, .T. ) ;
#1986 = PRESENTATION_LAYER_ASSIGNMENT (  '', '', ( #1133 ) ) ;
#1987 = VERTEX_POINT ( 'NONE', #170 ) ;
#1988 = VERTEX_POINT ( 'NONE', #3123 ) ;
#1989 = CARTESIAN_POINT ( 'NONE',  ( 1.249999999999993339, 0.04999999999999999584, -0.3250000000000002887 ) ) ;
#1990 = ORIENTED_EDGE ( 'NONE', *, *, #1124, .F. ) ;
#1991 = CARTESIAN_POINT ( 'NONE',  ( -1.250000000000000000, 0.04999999999999999584, -0.9749999999999999778 ) ) ;
#1992 = DIRECTION ( 'NONE',  ( 0.7071067811865414665, 0.000000000000000000, -0.7071067811865536790 ) ) ;
#1993 = DIRECTION ( 'NONE',  ( 0.7071067811865414665, 0.000000000000000000, -0.7071067811865536790 ) ) ;
#1994 = VERTEX_POINT ( 'NONE', #4269 ) ;
#1995 = VECTOR ( 'NONE', #368, 1000.000000000000000 ) ;
#1996 = AXIS2_PLACEMENT_3D ( 'NONE', #2548, #2048, #1195 ) ;
#1997 = FACE_OUTER_BOUND ( 'NONE', #4559, .T. ) ;
#1998 = DIRECTION ( 'NONE',  ( 0.000000000000000000, -0.000000000000000000, 1.000000000000000000 ) ) ;
#1999 = EDGE_CURVE ( 'NONE', #652, #947, #2691, .T. ) ;
#2000 = DIRECTION ( 'NONE',  ( -0.000000000000000000, -1.000000000000000000, -0.000000000000000000 ) ) ;
#2001 = VECTOR ( 'NONE', #4161, 1000.000000000000000 ) ;
#2002 = LINE ( 'NONE', #5255, #1508 ) ;
#2003 = CARTESIAN_POINT ( 'NONE',  ( -1.500000000000000000, 0.2030000000000000138, -1.100000000000000089 ) ) ;
#2004 = EDGE_LOOP ( 'NONE', ( #4320, #360 ) ) ;
#2005 = ORIENTED_EDGE ( 'NONE', *, *, #4846, .T. ) ;
#2006 = LINE ( 'NONE', #1086, #1915 ) ;
#2007 = CARTESIAN_POINT ( 'NONE',  ( 1.499999999999999556, 0.2030000000000000138, -1.100000000000000533 ) ) ;
#2008 = ORIENTED_EDGE ( 'NONE', *, *, #3797, .F. ) ;
#2009 = VECTOR ( 'NONE', #3608, 1000.000000000000000 ) ;
#2010 = DIRECTION ( 'NONE',  ( 0.000000000000000000, -1.000000000000000000, 0.000000000000000000 ) ) ;
#2011 = CARTESIAN_POINT ( 'NONE',  ( 1.249999999999993339, 0.2030000000000000138, -0.4750000000000006994 ) ) ;
#2012 = CARTESIAN_POINT ( 'NONE',  ( 1.499999999999999556, 0.000000000000000000, -1.100000000000000533 ) ) ;
#2013 = DIRECTION ( 'NONE',  ( 1.000000000000000000, 0.000000000000000000, 0.000000000000000000 ) ) ;
#2014 = DIRECTION ( 'NONE',  ( -1.000000000000000000, 0.000000000000000000, 2.930276141852710700E-15 ) ) ;
#2015 = CLOSED_SHELL ( 'NONE', ( #262, #2658, #4546, #4641, #3966, #1646, #4677, #83, #2824, #4787, #4059, #479 ) ) ;
#2016 = EDGE_LOOP ( 'NONE', ( #1750, #3685, #5233, #5053, #3874, #3560, #2282, #4711 ) ) ;
#2017 = ORIENTED_EDGE ( 'NONE', *, *, #4753, .T. ) ;
#2018 = ORIENTED_EDGE ( 'NONE', *, *, #4444, .F. ) ;
#2019 = DIRECTION ( 'NONE',  ( 0.7071067811865460184, 0.000000000000000000, 0.7071067811865490160 ) ) ;
#2020 = AXIS2_PLACEMENT_3D ( 'NONE', #4467, #4077, #424 ) ;
#2021 = LINE ( 'NONE', #460, #1244 ) ;
#2022 = CARTESIAN_POINT ( 'NONE',  ( -1.499999999999979572, 0.2030000000000000138, 1.100000000000000089 ) ) ;
#2023 = ORIENTED_EDGE ( 'NONE', *, *, #4266, .T. ) ;
#2024 = VECTOR ( 'NONE', #2997, 1000.000000000000000 ) ;
#2025 = DIRECTION ( 'NONE',  ( 0.000000000000000000, -1.000000000000000000, 0.000000000000000000 ) ) ;
#2026 = CARTESIAN_POINT ( 'NONE',  ( 1.459999999999986420, 0.2030000000000000138, 0.4499999999999997891 ) ) ;
#2027 = LINE ( 'NONE', #1173, #4902 ) ;
#2028 = VECTOR ( 'NONE', #1077, 1000.000000000000000 ) ;
#2029 = FACE_OUTER_BOUND ( 'NONE', #3116, .T. ) ;
#2030 = DIRECTION ( 'NONE',  ( -0.000000000000000000, -0.000000000000000000, -1.000000000000000000 ) ) ;
#2031 = EDGE_CURVE ( 'NONE', #1816, #849, #592, .T. ) ;
#2032 = EDGE_LOOP ( 'NONE', ( #3931, #4079, #1116, #3291 ) ) ;
#2033 = ORIENTED_EDGE ( 'NONE', *, *, #3424, .F. ) ;
#2034 = AXIS2_PLACEMENT_3D ( 'NONE', #2488, #4989, #3287 ) ;
#2035 = CARTESIAN_POINT ( 'NONE',  ( -1.499999999999979572, 0.2030000000000000138, 0.8499999999999998668 ) ) ;
#2036 = DIRECTION ( 'NONE',  ( 1.000000000000000000, 0.000000000000000000, 0.000000000000000000 ) ) ;
#2037 = VERTEX_POINT ( 'NONE', #615 ) ;
#2038 = DIRECTION ( 'NONE',  ( 0.000000000000000000, -0.000000000000000000, -1.000000000000000000 ) ) ;
#2039 = ADVANCED_FACE ( 'NONE', ( #4315 ), #1863, .F. ) ;
#2040 = VERTEX_POINT ( 'NONE', #1790 ) ;
#2041 = CARTESIAN_POINT ( 'NONE',  ( -1.434999999999993836, 0.000000000000000000, -0.4749999999999999223 ) ) ;
#2042 = DIRECTION ( 'NONE',  ( 2.344220913482168007E-15, 0.000000000000000000, -1.000000000000000000 ) ) ;
#2043 = CARTESIAN_POINT ( 'NONE',  ( -1.499999999999986677, 0.2030000000000000138, 0.1999999999999998723 ) ) ;
#2044 = LINE ( 'NONE', #1300, #4671 ) ;
#2045 = EDGE_CURVE ( 'NONE', #4767, #1163, #2251, .T. ) ;
#2046 = ORIENTED_EDGE ( 'NONE', *, *, #4369, .T. ) ;
#2047 = ORIENTED_EDGE ( 'NONE', *, *, #4967, .T. ) ;
#2048 = DIRECTION ( 'NONE',  ( 5.421010862427507971E-15, 0.000000000000000000, -1.000000000000000000 ) ) ;
#2049 = ORIENTED_EDGE ( 'NONE', *, *, #185, .T. ) ;
#2050 = LINE ( 'NONE', #2410, #3237 ) ;
#2051 = DIRECTION ( 'NONE',  ( 0.000000000000000000, -1.000000000000000000, 0.000000000000000000 ) ) ;
#2052 = VECTOR ( 'NONE', #790, 1000.000000000000114 ) ;
#2053 = DIRECTION ( 'NONE',  ( -0.000000000000000000, -1.000000000000000000, -0.000000000000000000 ) ) ;
#2054 = ORIENTED_EDGE ( 'NONE', *, *, #1385, .T. ) ;
#2055 = CARTESIAN_POINT ( 'NONE',  ( 1.499999999999999556, 0.000000000000000000, -0.8500000000000003109 ) ) ;
#2056 = DIRECTION ( 'NONE',  ( -1.000000000000000000, 0.000000000000000000, 2.344220913482168007E-15 ) ) ;
#2057 = DIRECTION ( 'NONE',  ( 0.7071067811865460184, 0.000000000000000000, 0.7071067811865490160 ) ) ;
#2058 = EDGE_CURVE ( 'NONE', #2037, #2837, #2277, .T. ) ;
#2059 = ADVANCED_FACE ( 'NONE', ( #3523 ), #1384, .T. ) ;
#2060 = FACE_OUTER_BOUND ( 'NONE', #4496, .T. ) ;
#2061 = DIRECTION ( 'NONE',  ( 2.344220913482168007E-15, 0.000000000000000000, -1.000000000000000000 ) ) ;
#2062 = ORIENTED_EDGE ( 'NONE', *, *, #414, .T. ) ;
#2063 = ORIENTED_EDGE ( 'NONE', *, *, #3952, .T. ) ;
#2064 = CARTESIAN_POINT ( 'NONE',  ( -1.250000000000000000, 0.2030000000000000138, -0.9749999999999999778 ) ) ;
#2065 = PLANE ( 'NONE',  #2541 ) ;
#2066 = EDGE_LOOP ( 'NONE', ( #2674, #4368, #413, #4372 ) ) ;
#2067 = FACE_OUTER_BOUND ( 'NONE', #1253, .T. ) ;
#2068 = ORIENTED_EDGE ( 'NONE', *, *, #3926, .F. ) ;
#2069 = EDGE_CURVE ( 'NONE', #3781, #5154, #4673, .T. ) ;
#2070 = EDGE_CURVE ( 'NONE', #4257, #2314, #3851, .T. ) ;
#2071 = CARTESIAN_POINT ( 'NONE',  ( 1.434999999999987175, 0.000000000000000000, 0.1749999999999996003 ) ) ;
#2072 = DIRECTION ( 'NONE',  ( 0.000000000000000000, 1.000000000000000000, 0.000000000000000000 ) ) ;
#2073 = CARTESIAN_POINT ( 'NONE',  ( -1.459999999999986420, 0.2030000000000000138, 0.4500000000000001776 ) ) ;
#2074 = EDGE_LOOP ( 'NONE', ( #1105, #3393, #325, #3531 ) ) ;
#2075 = ORIENTED_EDGE ( 'NONE', *, *, #4265, .T. ) ;
#2076 = CARTESIAN_POINT ( 'NONE',  ( 1.459999999999986420, 0.2030000000000000138, 0.4499999999999997891 ) ) ;
#2077 = ORIENTED_EDGE ( 'NONE', *, *, #1714, .F. ) ;
#2078 = LINE ( 'NONE', #4532, #3582 ) ;
#2079 = DIRECTION ( 'NONE',  ( 0.7071067811865460184, 0.000000000000000000, 0.7071067811865490160 ) ) ;
#2080 = VECTOR ( 'NONE', #4075, 1000.000000000000000 ) ;
#2081 = DIRECTION ( 'NONE',  ( -0.7071067811865414665, 0.000000000000000000, -0.7071067811865536790 ) ) ;
#2082 = ORIENTED_EDGE ( 'NONE', *, *, #3410, .F. ) ;
#2083 = CARTESIAN_POINT ( 'NONE',  ( -1.459999999999993303, 0.000000000000000000, -0.4500000000000001221 ) ) ;
#2084 = CARTESIAN_POINT ( 'NONE',  ( 1.459999999999993303, 0.000000000000000000, -0.2000000000000002054 ) ) ;
#2085 = CARTESIAN_POINT ( 'NONE',  ( -1.249999999999979572, 0.2030000000000000138, 1.125000000000000444 ) ) ;
#2086 = ORIENTED_EDGE ( 'NONE', *, *, #764, .T. ) ;
#2087 = VECTOR ( 'NONE', #917, 1000.000000000000000 ) ;
#2088 = CARTESIAN_POINT ( 'NONE',  ( -1.434999999999986953, 0.2030000000000000138, 0.4749999999999999223 ) ) ;
#2089 = ORIENTED_EDGE ( 'NONE', *, *, #1081, .F. ) ;
#2090 = ORIENTED_EDGE ( 'NONE', *, *, #858, .T. ) ;
#2091 = ADVANCED_FACE ( 'NONE', ( #2306 ), #197, .T. ) ;
#2092 = AXIS2_PLACEMENT_3D ( 'NONE', #4827, #1489, #2746 ) ;
#2093 = DIRECTION ( 'NONE',  ( -0.000000000000000000, -1.000000000000000000, -0.000000000000000000 ) ) ;
#2094 = VECTOR ( 'NONE', #4068, 1000.000000000000000 ) ;
#2095 = ORIENTED_EDGE ( 'NONE', *, *, #4384, .T. ) ;
#2096 = APPLICATION_CONTEXT ( 'automotive_design' ) ;
#2097 = CARTESIAN_POINT ( 'NONE',  ( -1.250000000000000000, 0.000000000000000000, -0.8249999999999995115 ) ) ;
#2098 = ORIENTED_EDGE ( 'NONE', *, *, #2611, .T. ) ;
#2099 = EDGE_CURVE ( 'NONE', #2952, #1129, #1484, .T. ) ;
#2100 = VECTOR ( 'NONE', #1045, 1000.000000000000000 ) ;
#2101 = LINE ( 'NONE', #874, #2449 ) ;
#2102 = LINE ( 'NONE', #4101, #367 ) ;
#2103 = CARTESIAN_POINT ( 'NONE',  ( -1.459999999999986420, 0.2030000000000000138, 0.4500000000000001776 ) ) ;
#2104 = VECTOR ( 'NONE', #362, 1000.000000000000000 ) ;
#2105 = AXIS2_PLACEMENT_3D ( 'NONE', #2804, #4008, #1918 ) ;
#2106 = LINE ( 'NONE', #4985, #3222 ) ;
#2107 = ADVANCED_FACE ( 'NONE', ( #4698 ), #1040, .T. ) ;
#2108 = ORIENTED_EDGE ( 'NONE', *, *, #4520, .T. ) ;
#2109 = EDGE_CURVE ( 'NONE', #1152, #2497, #3944, .T. ) ;
#2110 = AXIS2_PLACEMENT_3D ( 'NONE', #3373, #2946, #2655 ) ;
#2111 = ORIENTED_EDGE ( 'NONE', *, *, #4411, .F. ) ;
#2112 = CARTESIAN_POINT ( 'NONE',  ( -1.500000000000000000, 0.000000000000000000, -0.8499999999999998668 ) ) ;
#2113 = ORIENTED_EDGE ( 'NONE', *, *, #5073, .F. ) ;
#2114 = CARTESIAN_POINT ( 'NONE',  ( 1.249999999999993339, 0.2030000000000000138, -0.3250000000000002887 ) ) ;
#2115 = FACE_OUTER_BOUND ( 'NONE', #4610, .T. ) ;
#2116 = VECTOR ( 'NONE', #1274, 1000.000000000000000 ) ;
#2117 = LINE ( 'NONE', #2517, #5176 ) ;
#2118 = EDGE_LOOP ( 'NONE', ( #5133, #3916, #1631, #2177 ) ) ;
#2119 = CARTESIAN_POINT ( 'NONE',  ( 1.499999999999980016, 0.2030000000000000138, 1.099999999999999645 ) ) ;
#2120 = AXIS2_PLACEMENT_3D ( 'NONE', #956, #2880, #4102 ) ;
#2121 = FACE_OUTER_BOUND ( 'NONE', #3414, .T. ) ;
#2122 = FACE_OUTER_BOUND ( 'NONE', #3846, .T. ) ;
#2123 = PLANE ( 'NONE',  #2637 ) ;
#2124 = AXIS2_PLACEMENT_3D ( 'NONE', #1295, #1748, #3361 ) ;
#2125 = VERTEX_POINT ( 'NONE', #1586 ) ;
#2126 = ORIENTED_EDGE ( 'NONE', *, *, #2152, .F. ) ;
#2127 = VECTOR ( 'NONE', #3937, 1000.000000000000000 ) ;
#2128 = DIRECTION ( 'NONE',  ( 0.000000000000000000, 0.000000000000000000, -1.000000000000000000 ) ) ;
#2129 = ORIENTED_EDGE ( 'NONE', *, *, #580, .F. ) ;
#2130 = DIRECTION ( 'NONE',  ( -1.000000000000000000, 0.000000000000000000, -2.051193299296894886E-15 ) ) ;
#2131 = ORIENTED_EDGE ( 'NONE', *, *, #1884, .F. ) ;
#2132 = EDGE_CURVE ( 'NONE', #4777, #5067, #5194, .T. ) ;
#2133 = VECTOR ( 'NONE', #5200, 1000.000000000000000 ) ;
#2134 =( LENGTH_UNIT ( ) NAMED_UNIT ( * ) SI_UNIT ( .MILLI., .METRE. ) );
#2135 = VECTOR ( 'NONE', #710, 1000.000000000000114 ) ;
#2136 = DIRECTION ( 'NONE',  ( -0.7071067811865414665, 0.000000000000000000, 0.7071067811865536790 ) ) ;
#2137 = EDGE_CURVE ( 'NONE', #1026, #10, #3227, .T. ) ;
#2138 = CARTESIAN_POINT ( 'NONE',  ( 1.434999999999987175, 0.2030000000000000138, 0.1749999999999996003 ) ) ;
#2139 = ADVANCED_FACE ( 'NONE', ( #3653 ), #2348, .F. ) ;
#2140 = VERTEX_POINT ( 'NONE', #2012 ) ;
#2141 = ORIENTED_EDGE ( 'NONE', *, *, #1109, .F. ) ;
#2142 = VERTEX_POINT ( 'NONE', #5269 ) ;
#2143 = CARTESIAN_POINT ( 'NONE',  ( -1.499999999999993339, 0.000000000000000000, -0.1999999999999998723 ) ) ;
#2144 = PLANE ( 'NONE',  #3197 ) ;
#2145 = EDGE_CURVE ( 'NONE', #2374, #2194, #1984, .T. ) ;
#2146 = PLANE ( 'NONE',  #1261 ) ;
#2147 = ORIENTED_EDGE ( 'NONE', *, *, #2401, .F. ) ;
#2148 = DIRECTION ( 'NONE',  ( 0.000000000000000000, 1.000000000000000000, 0.000000000000000000 ) ) ;
#2149 = CARTESIAN_POINT ( 'NONE',  ( 1.249999999999986677, 0.2030000000000000138, 0.3249999999999996780 ) ) ;
#2150 = CARTESIAN_POINT ( 'NONE',  ( -1.459999999999999964, 0.2030000000000000138, -0.8499999999999997558 ) ) ;
#2151 = EDGE_CURVE ( 'NONE', #2563, #3790, #3148, .T. ) ;
#2152 = EDGE_CURVE ( 'NONE', #3902, #4705, #3174, .T. ) ;
#2153 = DIRECTION ( 'NONE',  ( 1.000000000000000000, 0.000000000000000000, 0.000000000000000000 ) ) ;
#2154 = ORIENTED_EDGE ( 'NONE', *, *, #1850, .F. ) ;
#2155 = ORIENTED_EDGE ( 'NONE', *, *, #4280, .T. ) ;
#2156 = CARTESIAN_POINT ( 'NONE',  ( 1.434999999999980291, 0.2030000000000000138, 1.124999999999999556 ) ) ;
#2157 = ADVANCED_FACE ( 'NONE', ( #2382 ), #295, .T. ) ;
#2158 = ORIENTED_EDGE ( 'NONE', *, *, #1841, .T. ) ;
#2159 = LINE ( 'NONE', #73, #1170 ) ;
#2160 = ORIENTED_EDGE ( 'NONE', *, *, #4667, .T. ) ;
#2161 = FACE_OUTER_BOUND ( 'NONE', #4298, .T. ) ;
#2162 = CARTESIAN_POINT ( 'NONE',  ( -1.250000000000000000, 0.2030000000000000138, -0.9749999999999999778 ) ) ;
#2163 = DIRECTION ( 'NONE',  ( 0.000000000000000000, 1.000000000000000000, 0.000000000000000000 ) ) ;
#2164 = DIRECTION ( 'NONE',  ( -1.000000000000000000, 0.000000000000000000, 0.000000000000000000 ) ) ;
#2165 = ORIENTED_EDGE ( 'NONE', *, *, #3000, .F. ) ;
#2166 = EDGE_LOOP ( 'NONE', ( #1823, #3729, #2913, #3272 ) ) ;
#2167 = DIRECTION ( 'NONE',  ( 0.000000000000000000, -0.000000000000000000, 1.000000000000000000 ) ) ;
#2168 = EDGE_CURVE ( 'NONE', #2333, #1552, #5215, .T. ) ;
#2169 = LINE ( 'NONE', #3769, #2395 ) ;
#2170 = DIRECTION ( 'NONE',  ( 0.000000000000000000, -0.000000000000000000, -1.000000000000000000 ) ) ;
#2171 = CARTESIAN_POINT ( 'NONE',  ( -1.459999999999979536, 0.2030000000000000138, 0.8499999999999998668 ) ) ;
#2172 = ORIENTED_EDGE ( 'NONE', *, *, #2045, .F. ) ;
#2173 = CARTESIAN_POINT ( 'NONE',  ( 1.249999999999980016, 0.2030000000000000138, 0.9749999999999995337 ) ) ;
#2174 = DIRECTION ( 'NONE',  ( -1.000000000000000000, 0.000000000000000000, 0.000000000000000000 ) ) ;
#2175 = CARTESIAN_POINT ( 'NONE',  ( 1.434999999999993614, 0.2030000000000000138, -0.1750000000000004607 ) ) ;
#2176 = CARTESIAN_POINT ( 'NONE',  ( -1.500000000000000000, 0.2030000000000000138, -1.100000000000000089 ) ) ;
#2177 = ORIENTED_EDGE ( 'NONE', *, *, #707, .T. ) ;
#2178 = EDGE_LOOP ( 'NONE', ( #206, #3376, #2805, #4556 ) ) ;
#2179 = EDGE_CURVE ( 'NONE', #1994, #3810, #5168, .T. ) ;
#2180 = CARTESIAN_POINT ( 'NONE',  ( 1.459999999999979980, 0.2030000000000000138, 1.099999999999999867 ) ) ;
#2181 = AXIS2_PLACEMENT_3D ( 'NONE', #5276, #4447, #86 ) ;
#2182 = CARTESIAN_POINT ( 'NONE',  ( 1.499999999999986677, 0.2030000000000000138, 0.4499999999999996780 ) ) ;
#2183 = ORIENTED_EDGE ( 'NONE', *, *, #4576, .F. ) ;
#2184 = CARTESIAN_POINT ( 'NONE',  ( -1.499999999999986677, 0.000000000000000000, 0.1999999999999998723 ) ) ;
#2185 = ORIENTED_EDGE ( 'NONE', *, *, #1577, .T. ) ;
#2186 = VECTOR ( 'NONE', #1137, 1000.000000000000000 ) ;
#2187 = VECTOR ( 'NONE', #1788, 1000.000000000000000 ) ;
#2188 = CARTESIAN_POINT ( 'NONE',  ( 1.249999999999986677, 0.000000000000000000, 0.3249999999999996780 ) ) ;
#2189 = CYLINDRICAL_SURFACE ( 'NONE', #2622, 0.1500000000000003830 ) ;
#2190 = VECTOR ( 'NONE', #2571, 1000.000000000000000 ) ;
#2191 = AXIS2_PLACEMENT_3D ( 'NONE', #4732, #4688, #208 ) ;
#2192 =( LENGTH_UNIT ( ) NAMED_UNIT ( * ) SI_UNIT ( .MILLI., .METRE. ) );
#2193 = ORIENTED_EDGE ( 'NONE', *, *, #940, .F. ) ;
#2194 = VERTEX_POINT ( 'NONE', #4820 ) ;
#2195 = VECTOR ( 'NONE', #4087, 1000.000000000000000 ) ;
#2196 = VECTOR ( 'NONE', #4351, 1000.000000000000000 ) ;
#2197 = CARTESIAN_POINT ( 'NONE',  ( -1.250000000000000000, 0.04999999999999999584, -0.8249999999999995115 ) ) ;
#2198 = DIRECTION ( 'NONE',  ( 0.000000000000000000, 0.000000000000000000, -1.000000000000000000 ) ) ;
#2199 = MANIFOLD_SOLID_BREP ( 'Boss-Extrude4[3]', #5252 ) ;
#2200 = DIRECTION ( 'NONE',  ( 0.000000000000000000, -0.000000000000000000, 1.000000000000000000 ) ) ;
#2201 = VECTOR ( 'NONE', #277, 1000.000000000000000 ) ;
#2202 = ORIENTED_EDGE ( 'NONE', *, *, #3778, .F. ) ;
#2203 = ADVANCED_FACE ( 'NONE', ( #2425 ), #3620, .F. ) ;
#2204 = DIRECTION ( 'NONE',  ( 1.000000000000000000, 0.000000000000000000, 2.344220913482168007E-15 ) ) ;
#2205 = CARTESIAN_POINT ( 'NONE',  ( 1.249999999999980016, 0.2030000000000000138, 0.8249999999999991784 ) ) ;
#2206 = ORIENTED_EDGE ( 'NONE', *, *, #2596, .F. ) ;
#2207 = AXIS2_PLACEMENT_3D ( 'NONE', #4009, #4804, #108 ) ;
#2208 = CARTESIAN_POINT ( 'NONE',  ( -1.500000000000000000, 0.2030000000000000138, -1.100000000000000089 ) ) ;
#2209 = EDGE_CURVE ( 'NONE', #1819, #4574, #846, .T. ) ;
#2210 = FACE_OUTER_BOUND ( 'NONE', #2397, .T. ) ;
#2211 = ORIENTED_EDGE ( 'NONE', *, *, #3488, .T. ) ;
#2212 = MANIFOLD_SOLID_BREP ( 'Boss-Extrude3', #2015 ) ;
#2213 = VECTOR ( 'NONE', #323, 1000.000000000000114 ) ;
#2214 = ORIENTED_EDGE ( 'NONE', *, *, #2224, .F. ) ;
#2215 = CYLINDRICAL_SURFACE ( 'NONE', #2191, 0.05000000000000002359 ) ;
#2216 = VECTOR ( 'NONE', #1888, 1000.000000000000000 ) ;
#2217 = EDGE_CURVE ( 'NONE', #230, #4211, #3612, .T. ) ;
#2218 = ORIENTED_EDGE ( 'NONE', *, *, #734, .T. ) ;
#2219 = CARTESIAN_POINT ( 'NONE',  ( 1.499999999999999556, 0.8999999999999998002, 1.499999999999999778 ) ) ;
#2220 = VERTEX_POINT ( 'NONE', #4584 ) ;
#2221 = VECTOR ( 'NONE', #4436, 1000.000000000000000 ) ;
#2222 = PLANE ( 'NONE',  #1240 ) ;
#2223 = EDGE_CURVE ( 'NONE', #4470, #1200, #4551, .T. ) ;
#2224 = EDGE_CURVE ( 'NONE', #259, #2388, #2102, .T. ) ;
#2225 = CARTESIAN_POINT ( 'NONE',  ( 1.249999999999980016, 0.05000000000000000278, 0.8249999999999991784 ) ) ;
#2226 = VERTEX_POINT ( 'NONE', #3763 ) ;
#2227 = EDGE_LOOP ( 'NONE', ( #1382, #4980, #543, #5146 ) ) ;
#2228 = DIRECTION ( 'NONE',  ( 0.000000000000000000, -1.000000000000000000, 0.000000000000000000 ) ) ;
#2229 = CARTESIAN_POINT ( 'NONE',  ( 1.499999999999999556, 0.2030000000000000138, -0.8500000000000003109 ) ) ;
#2230 = MANIFOLD_SOLID_BREP ( 'Boss-Extrude4[5]', #158 ) ;
#2231 = FACE_OUTER_BOUND ( 'NONE', #3509, .T. ) ;
#2232 = ORIENTED_EDGE ( 'NONE', *, *, #884, .T. ) ;
#2233 = CARTESIAN_POINT ( 'NONE',  ( 1.434999999999993836, 0.2030000000000000138, -0.4750000000000003664 ) ) ;
#2234 = DIRECTION ( 'NONE',  ( -0.000000000000000000, -1.000000000000000000, -0.000000000000000000 ) ) ;
#2235 = VERTEX_POINT ( 'NONE', #3705 ) ;
#2236 = DIRECTION ( 'NONE',  ( 0.000000000000000000, 0.000000000000000000, 1.000000000000000000 ) ) ;
#2237 = DIRECTION ( 'NONE',  ( 0.000000000000000000, 0.000000000000000000, -1.000000000000000000 ) ) ;
#2238 = ORIENTED_EDGE ( 'NONE', *, *, #4004, .T. ) ;
#2239 = ORIENTED_EDGE ( 'NONE', *, *, #3572, .F. ) ;
#2240 = DIRECTION ( 'NONE',  ( 1.000000000000000000, 0.000000000000000000, -0.000000000000000000 ) ) ;
#2241 = EDGE_CURVE ( 'NONE', #2647, #698, #1670, .T. ) ;
#2242 = DIRECTION ( 'NONE',  ( 0.000000000000000000, 0.000000000000000000, 1.000000000000000000 ) ) ;
#2243 = ORIENTED_EDGE ( 'NONE', *, *, #2360, .F. ) ;
#2244 = PLANE ( 'NONE',  #4337 ) ;
#2245 = VERTEX_POINT ( 'NONE', #2041 ) ;
#2246 = CARTESIAN_POINT ( 'NONE',  ( -1.499999999999986677, 0.000000000000000000, 0.1999999999999998723 ) ) ;
#2247 = LINE ( 'NONE', #2621, #2190 ) ;
#2248 = EDGE_CURVE ( 'NONE', #2491, #1329, #3680, .T. ) ;
#2249 = EDGE_CURVE ( 'NONE', #845, #337, #3363, .T. ) ;
#2250 = DIRECTION ( 'NONE',  ( 0.000000000000000000, 1.000000000000000000, 0.000000000000000000 ) ) ;
#2251 = LINE ( 'NONE', #5042, #3160 ) ;
#2252 = MANIFOLD_SOLID_BREP ( 'Boss-Extrude4[2]', #826 ) ;
#2253 = DIRECTION ( 'NONE',  ( 0.7071067811865414665, 0.000000000000000000, -0.7071067811865536790 ) ) ;
#2254 = ORIENTED_EDGE ( 'NONE', *, *, #3480, .T. ) ;
#2255 = FACE_OUTER_BOUND ( 'NONE', #4974, .T. ) ;
#2256 = FACE_OUTER_BOUND ( 'NONE', #502, .T. ) ;
#2257 = ORIENTED_EDGE ( 'NONE', *, *, #821, .T. ) ;
#2258 = DIRECTION ( 'NONE',  ( 0.000000000000000000, 0.000000000000000000, -1.000000000000000000 ) ) ;
#2259 = CARTESIAN_POINT ( 'NONE',  ( -1.249999999999993339, 0.2030000000000000138, -0.4750000000000003664 ) ) ;
#2260 = ORIENTED_EDGE ( 'NONE', *, *, #1814, .T. ) ;
#2261 = MANIFOLD_SOLID_BREP ( 'Boss-Extrude4[4]', #4154 ) ;
#2262 = VERTEX_POINT ( 'NONE', #3495 ) ;
#2263 = DIRECTION ( 'NONE',  ( 0.000000000000000000, 0.000000000000000000, 1.000000000000000000 ) ) ;
#2264 = CARTESIAN_POINT ( 'NONE',  ( -1.933982253622781694E-15, 0.05000000000000000278, -0.8249999999999970690 ) ) ;
#2265 = ORIENTED_EDGE ( 'NONE', *, *, #3161, .F. ) ;
#2266 = DIRECTION ( 'NONE',  ( 0.000000000000000000, -1.000000000000000000, 0.000000000000000000 ) ) ;
#2267 =( GEOMETRIC_REPRESENTATION_CONTEXT ( 3 ) GLOBAL_UNCERTAINTY_ASSIGNED_CONTEXT ( ( #1018 ) ) GLOBAL_UNIT_ASSIGNED_CONTEXT ( ( #1035, #2270, #953 ) ) REPRESENTATION_CONTEXT ( 'NONE', 'WORKASPACE' ) );
#2268 = ORIENTED_EDGE ( 'NONE', *, *, #2272, .F. ) ;
#2269 = EDGE_CURVE ( 'NONE', #1502, #1388, #3885, .T. ) ;
#2270 =( NAMED_UNIT ( * ) PLANE_ANGLE_UNIT ( ) SI_UNIT ( $, .RADIAN. ) );
#2271 = DIRECTION ( 'NONE',  ( -1.000000000000000000, 0.000000000000000000, 2.930276141852710700E-15 ) ) ;
#2272 = EDGE_CURVE ( 'NONE', #4435, #2037, #1404, .T. ) ;
#2273 = DIRECTION ( 'NONE',  ( 0.000000000000000000, 0.000000000000000000, -1.000000000000000000 ) ) ;
#2274 = AXIS2_PLACEMENT_3D ( 'NONE', #5253, #2780, #3164 ) ;
#2275 = MECHANICAL_DESIGN_GEOMETRIC_PRESENTATION_REPRESENTATION (  '', ( #1321 ), #2951 ) ;
#2276 = DIRECTION ( 'NONE',  ( 1.000000000000000000, 0.000000000000000000, 2.344220913482165641E-15 ) ) ;
#2277 = LINE ( 'NONE', #3048, #3418 ) ;
#2278 = AXIS2_PLACEMENT_3D ( 'NONE', #743, #2331, #2387 ) ;
#2279 = CIRCLE ( 'NONE', #3627, 0.1500000000000003830 ) ;
#2280 = CARTESIAN_POINT ( 'NONE',  ( -1.459999999999979536, 0.2030000000000000138, 1.100000000000000311 ) ) ;
#2281 = ADVANCED_FACE ( 'NONE', ( #610 ), #3919, .F. ) ;
#2282 = ORIENTED_EDGE ( 'NONE', *, *, #43, .F. ) ;
#2283 = VECTOR ( 'NONE', #4585, 1000.000000000000000 ) ;
#2284 = ORIENTED_EDGE ( 'NONE', *, *, #1578, .F. ) ;
#2285 = DIRECTION ( 'NONE',  ( -0.000000000000000000, -1.000000000000000000, -0.000000000000000000 ) ) ;
#2286 = EDGE_LOOP ( 'NONE', ( #1426, #291 ) ) ;
#2287 = LINE ( 'NONE', #3588, #2196 ) ;
#2288 = EDGE_CURVE ( 'NONE', #1200, #123, #3814, .T. ) ;
#2289 = VERTEX_POINT ( 'NONE', #214 ) ;
#2290 = MANIFOLD_SOLID_BREP ( 'Boss-Extrude4[7]', #3648 ) ;
#2291 = CARTESIAN_POINT ( 'NONE',  ( 1.434999999999987175, 0.2030000000000000138, 0.1749999999999996003 ) ) ;
#2292 = VECTOR ( 'NONE', #4600, 1000.000000000000000 ) ;
#2293 = DIRECTION ( 'NONE',  ( -0.000000000000000000, -1.000000000000000000, -0.000000000000000000 ) ) ;
#2294 = DIRECTION ( 'NONE',  ( 0.000000000000000000, 0.000000000000000000, 1.000000000000000000 ) ) ;
#2295 = ORIENTED_EDGE ( 'NONE', *, *, #5109, .T. ) ;
#2296 = AXIS2_PLACEMENT_3D ( 'NONE', #2586, #4256, #601 ) ;
#2297 = DIRECTION ( 'NONE',  ( 0.7071067811865475727, 0.000000000000000000, -0.7071067811865475727 ) ) ;
#2298 = VERTEX_POINT ( 'NONE', #4130 ) ;
#2299 = AXIS2_PLACEMENT_3D ( 'NONE', #4287, #2302, #2273 ) ;
#2300 = CARTESIAN_POINT ( 'NONE',  ( -1.434999999999987175, 0.2030000000000000138, 0.1750000000000000167 ) ) ;
#2301 = EDGE_CURVE ( 'NONE', #1186, #419, #3686, .T. ) ;
#2302 = DIRECTION ( 'NONE',  ( -0.000000000000000000, 1.000000000000000000, -0.000000000000000000 ) ) ;
#2303 = VECTOR ( 'NONE', #450, 1000.000000000000000 ) ;
#2304 = EDGE_CURVE ( 'NONE', #4765, #4960, #45, .T. ) ;
#2305 = CARTESIAN_POINT ( 'NONE',  ( -1.250000000000000000, 0.2030000000000000138, -0.9749999999999999778 ) ) ;
#2306 = FACE_OUTER_BOUND ( 'NONE', #4615, .T. ) ;
#2307 = VECTOR ( 'NONE', #1153, 1000.000000000000000 ) ;
#2308 = ADVANCED_FACE ( 'NONE', ( #4558 ), #4854, .T. ) ;
#2309 = DIRECTION ( 'NONE',  ( -2.710505431213753985E-15, 0.000000000000000000, -1.000000000000000000 ) ) ;
#2310 = ORIENTED_EDGE ( 'NONE', *, *, #4125, .T. ) ;
#2311 = VECTOR ( 'NONE', #2019, 1000.000000000000114 ) ;
#2312 = FACE_OUTER_BOUND ( 'NONE', #2565, .T. ) ;
#2313 = CYLINDRICAL_SURFACE ( 'NONE', #2092, 0.1500000000000003830 ) ;
#2314 = VERTEX_POINT ( 'NONE', #2112 ) ;
#2315 = CARTESIAN_POINT ( 'NONE',  ( -1.435000000000000497, 0.2030000000000000138, -1.125000000000000000 ) ) ;
#2316 = ORIENTED_EDGE ( 'NONE', *, *, #125, .T. ) ;
#2317 = CARTESIAN_POINT ( 'NONE',  ( 1.459999999999999520, 0.000000000000000000, -1.100000000000000533 ) ) ;
#2318 = EDGE_CURVE ( 'NONE', #2563, #1987, #398, .T. ) ;
#2319 = EDGE_CURVE ( 'NONE', #603, #3616, #2940, .T. ) ;
#2320 = DIRECTION ( 'NONE',  ( 0.000000000000000000, 0.000000000000000000, -1.000000000000000000 ) ) ;
#2321 = ORIENTED_EDGE ( 'NONE', *, *, #1483, .F. ) ;
#2322 = CARTESIAN_POINT ( 'NONE',  ( 1.459999999999986420, 0.2030000000000000138, 0.1999999999999994282 ) ) ;
#2323 = ORIENTED_EDGE ( 'NONE', *, *, #453, .F. ) ;
#2324 = ORIENTED_EDGE ( 'NONE', *, *, #3275, .F. ) ;
#2325 = CARTESIAN_POINT ( 'NONE',  ( 1.499999999999999556, 0.000000000000000000, -1.100000000000000533 ) ) ;
#2326 = CARTESIAN_POINT ( 'NONE',  ( 1.434999999999986953, 0.2030000000000000138, 0.4749999999999995337 ) ) ;
#2327 = DIRECTION ( 'NONE',  ( 0.000000000000000000, 0.000000000000000000, 1.000000000000000000 ) ) ;
#2328 = CARTESIAN_POINT ( 'NONE',  ( 1.499999999999993339, 0.2030000000000000138, -0.2000000000000003164 ) ) ;
#2329 = EDGE_LOOP ( 'NONE', ( #2456, #647, #578, #1369 ) ) ;
#2330 = CARTESIAN_POINT ( 'NONE',  ( -1.459999999999999964, 0.2030000000000000138, -1.100000000000000089 ) ) ;
#2331 = DIRECTION ( 'NONE',  ( 0.000000000000000000, 1.000000000000000000, 0.000000000000000000 ) ) ;
#2332 = PRESENTATION_LAYER_ASSIGNMENT (  '', '', ( #1467 ) ) ;
#2333 = VERTEX_POINT ( 'NONE', #909 ) ;
#2334 = DIRECTION ( 'NONE',  ( 0.000000000000000000, 0.000000000000000000, 1.000000000000000000 ) ) ;
#2335 = PLANE ( 'NONE',  #809 ) ;
#2336 = CARTESIAN_POINT ( 'NONE',  ( 1.499999999999980016, 0.2030000000000000138, 1.099999999999999645 ) ) ;
#2337 = VERTEX_POINT ( 'NONE', #2513 ) ;
#2338 = FACE_OUTER_BOUND ( 'NONE', #3171, .T. ) ;
#2339 = LINE ( 'NONE', #1922, #4910 ) ;
#2340 = FACE_OUTER_BOUND ( 'NONE', #1866, .T. ) ;
#2341 = VERTEX_POINT ( 'NONE', #4877 ) ;
#2342 = DIRECTION ( 'NONE',  ( -2.344220913482165641E-15, 0.000000000000000000, 1.000000000000000000 ) ) ;
#2343 = ADVANCED_FACE ( 'NONE', ( #429 ), #822, .F. ) ;
#2344 = ORIENTED_EDGE ( 'NONE', *, *, #80, .T. ) ;
#2345 = ORIENTED_EDGE ( 'NONE', *, *, #3712, .F. ) ;
#2346 = CARTESIAN_POINT ( 'NONE',  ( -1.434999999999986953, 0.2030000000000000138, 0.4749999999999999223 ) ) ;
#2347 = EDGE_CURVE ( 'NONE', #2262, #2831, #1648, .T. ) ;
#2348 = PLANE ( 'NONE',  #1951 ) ;
#2349 = CARTESIAN_POINT ( 'NONE',  ( -1.459999999999979536, 0.000000000000000000, 1.100000000000000311 ) ) ;
#2350 = CIRCLE ( 'NONE', #1145, 0.1500000000000003830 ) ;
#2351 = VECTOR ( 'NONE', #483, 1000.000000000000000 ) ;
#2352 = ORIENTED_EDGE ( 'NONE', *, *, #4110, .F. ) ;
#2353 = DIRECTION ( 'NONE',  ( 1.000000000000000000, -0.000000000000000000, -2.344220913482168402E-15 ) ) ;
#2354 = VECTOR ( 'NONE', #1115, 1000.000000000000000 ) ;
#2355 = VECTOR ( 'NONE', #4314, 1000.000000000000000 ) ;
#2356 = LINE ( 'NONE', #2700, #2354 ) ;
#2357 = ORIENTED_EDGE ( 'NONE', *, *, #3987, .F. ) ;
#2358 = CARTESIAN_POINT ( 'NONE',  ( -1.249999999999979572, 0.000000000000000000, 0.9749999999999999778 ) ) ;
#2359 = FACE_OUTER_BOUND ( 'NONE', #1705, .T. ) ;
#2360 = EDGE_CURVE ( 'NONE', #1689, #4362, #1303, .T. ) ;
#2361 = VECTOR ( 'NONE', #4209, 1000.000000000000000 ) ;
#2362 = VECTOR ( 'NONE', #3800, 1000.000000000000000 ) ;
#2363 = ORIENTED_EDGE ( 'NONE', *, *, #3866, .T. ) ;
#2364 = DIRECTION ( 'NONE',  ( 0.000000000000000000, 0.000000000000000000, 1.000000000000000000 ) ) ;
#2365 = DIRECTION ( 'NONE',  ( -1.000000000000000000, 0.000000000000000000, 0.000000000000000000 ) ) ;
#2366 = CARTESIAN_POINT ( 'NONE',  ( 1.249999999999986677, 0.2030000000000000138, 0.1749999999999992117 ) ) ;
#2367 = ADVANCED_FACE ( 'NONE', ( #3285 ), #1677, .T. ) ;
#2368 = VECTOR ( 'NONE', #4595, 1000.000000000000000 ) ;
#2369 = SURFACE_STYLE_USAGE ( .BOTH. , #1877 ) ;
#2370 = ORIENTED_EDGE ( 'NONE', *, *, #2857, .F. ) ;
#2371 = FACE_OUTER_BOUND ( 'NONE', #3377, .T. ) ;
#2372 = ORIENTED_EDGE ( 'NONE', *, *, #2918, .T. ) ;
#2373 = VECTOR ( 'NONE', #1815, 1000.000000000000000 ) ;
#2374 = VERTEX_POINT ( 'NONE', #1277 ) ;
#2375 = LINE ( 'NONE', #1036, #1330 ) ;
#2376 = AXIS2_PLACEMENT_3D ( 'NONE', #1756, #4500, #1142 ) ;
#2377 = DIRECTION ( 'NONE',  ( -0.7071067811865414665, 0.000000000000000000, 0.7071067811865536790 ) ) ;
#2378 = STYLED_ITEM ( 'NONE', ( #3817 ), #355 ) ;
#2379 = CARTESIAN_POINT ( 'NONE',  ( 1.434999999999999831, 0.2030000000000000138, -0.8250000000000003997 ) ) ;
#2380 = EDGE_CURVE ( 'NONE', #808, #1988, #1618, .T. ) ;
#2381 = ADVANCED_FACE ( 'NONE', ( #2851 ), #1707, .T. ) ;
#2382 = FACE_OUTER_BOUND ( 'NONE', #3593, .T. ) ;
#2383 = CARTESIAN_POINT ( 'NONE',  ( 1.459999999999986420, 0.2030000000000000138, 0.1999999999999994282 ) ) ;
#2384 = AXIS2_PLACEMENT_3D ( 'NONE', #3251, #2743, #4773 ) ;
#2385 = ORIENTED_EDGE ( 'NONE', *, *, #2168, .T. ) ;
#2386 = VECTOR ( 'NONE', #2266, 1000.000000000000000 ) ;
#2387 = DIRECTION ( 'NONE',  ( 0.000000000000000000, 0.000000000000000000, 1.000000000000000000 ) ) ;
#2388 = VERTEX_POINT ( 'NONE', #2076 ) ;
#2389 = CARTESIAN_POINT ( 'NONE',  ( -1.459999999999999964, 0.2030000000000000138, -0.8499999999999997558 ) ) ;
#2390 = CARTESIAN_POINT ( 'NONE',  ( 1.434999999999999831, 0.2030000000000000138, -0.8250000000000003997 ) ) ;
#2391 = VECTOR ( 'NONE', #4829, 1000.000000000000000 ) ;
#2392 = ORIENTED_EDGE ( 'NONE', *, *, #1379, .T. ) ;
#2393 = CARTESIAN_POINT ( 'NONE',  ( -1.499999999999993339, 0.000000000000000000, -0.1999999999999998723 ) ) ;
#2394 = DIRECTION ( 'NONE',  ( -1.000000000000000000, 0.000000000000000000, -2.710505431213753985E-15 ) ) ;
#2395 = VECTOR ( 'NONE', #3319, 1000.000000000000000 ) ;
#2396 = CARTESIAN_POINT ( 'NONE',  ( -1.219727444046200574E-15, 0.05000000000000000278, 0.4500000000000041744 ) ) ;
#2397 = EDGE_LOOP ( 'NONE', ( #2141, #623, #4282, #528 ) ) ;
#2398 = DIRECTION ( 'NONE',  ( -0.7071067811865459074, 0.000000000000000000, 0.7071067811865491270 ) ) ;
#2399 = ORIENTED_EDGE ( 'NONE', *, *, #290, .F. ) ;
#2400 = VERTEX_POINT ( 'NONE', #2885 ) ;
#2401 = EDGE_CURVE ( 'NONE', #1758, #3840, #3713, .T. ) ;
#2402 = CARTESIAN_POINT ( 'NONE',  ( 1.459999999999986420, 0.2030000000000000138, 0.4499999999999997891 ) ) ;
#2403 = PLANE ( 'NONE',  #2020 ) ;
#2404 = ADVANCED_FACE ( 'NONE', ( #2914 ), #4935, .T. ) ;
#2405 = ORIENTED_EDGE ( 'NONE', *, *, #3254, .F. ) ;
#2406 = EDGE_CURVE ( 'NONE', #4211, #1557, #4642, .T. ) ;
#2407 = ORIENTED_EDGE ( 'NONE', *, *, #2894, .T. ) ;
#2408 = LINE ( 'NONE', #3977, #3201 ) ;
#2409 = EDGE_LOOP ( 'NONE', ( #4361, #3761, #3847, #878 ) ) ;
#2410 = CARTESIAN_POINT ( 'NONE',  ( 1.434999999999993614, 0.2030000000000000138, -0.1750000000000004607 ) ) ;
#2411 = PLANE ( 'NONE',  #4135 ) ;
#2412 = ORIENTED_EDGE ( 'NONE', *, *, #4570, .F. ) ;
#2413 = DIRECTION ( 'NONE',  ( 2.344220913482165641E-15, 0.000000000000000000, 1.000000000000000000 ) ) ;
#2414 = DIRECTION ( 'NONE',  ( 2.710505431213753985E-15, 0.000000000000000000, -1.000000000000000000 ) ) ;
#2415 = DIRECTION ( 'NONE',  ( 0.000000000000000000, 0.000000000000000000, 1.000000000000000000 ) ) ;
#2416 = DIRECTION ( 'NONE',  ( 0.000000000000000000, 0.000000000000000000, 1.000000000000000000 ) ) ;
#2417 = LINE ( 'NONE', #5186, #2307 ) ;
#2418 = EDGE_LOOP ( 'NONE', ( #1657, #4247, #3299, #2981 ) ) ;
#2419 = ORIENTED_EDGE ( 'NONE', *, *, #3025, .T. ) ;
#2420 = LINE ( 'NONE', #5261, #3202 ) ;
#2421 = LINE ( 'NONE', #3249, #4395 ) ;
#2422 = ORIENTED_EDGE ( 'NONE', *, *, #1959, .T. ) ;
#2423 = FACE_OUTER_BOUND ( 'NONE', #3183, .T. ) ;
#2424 = ADVANCED_FACE ( 'NONE', ( #3046 ), #3897, .T. ) ;
#2425 = FACE_OUTER_BOUND ( 'NONE', #595, .T. ) ;
#2426 = LINE ( 'NONE', #394, #1934 ) ;
#2427 = VERTEX_POINT ( 'NONE', #637 ) ;
#2428 = ORIENTED_EDGE ( 'NONE', *, *, #1714, .T. ) ;
#2429 = CARTESIAN_POINT ( 'NONE',  ( -1.434999999999979847, 0.000000000000000000, 1.125000000000000000 ) ) ;
#2430 = CARTESIAN_POINT ( 'NONE',  ( 1.459999999999986420, 0.000000000000000000, 0.4499999999999997891 ) ) ;
#2431 = DIRECTION ( 'NONE',  ( -0.7071067811865414665, 0.000000000000000000, -0.7071067811865536790 ) ) ;
#2432 = ORIENTED_EDGE ( 'NONE', *, *, #2109, .T. ) ;
#2433 = CIRCLE ( 'NONE', #2278, 0.1500000000000003830 ) ;
#2434 = LINE ( 'NONE', #2519, #1247 ) ;
#2435 = DIRECTION ( 'NONE',  ( 0.000000000000000000, -1.000000000000000000, 0.000000000000000000 ) ) ;
#2436 = CARTESIAN_POINT ( 'NONE',  ( 1.434999999999993614, 0.2030000000000000138, -0.1750000000000004607 ) ) ;
#2437 = ADVANCED_FACE ( 'NONE', ( #3472 ), #1438, .T. ) ;
#2438 = AXIS2_PLACEMENT_3D ( 'NONE', #5213, #3118, #4364 ) ;
#2439 = VECTOR ( 'NONE', #70, 1000.000000000000000 ) ;
#2440 = LINE ( 'NONE', #3331, #499 ) ;
#2441 = FACE_OUTER_BOUND ( 'NONE', #1532, .T. ) ;
#2442 = ORIENTED_EDGE ( 'NONE', *, *, #587, .T. ) ;
#2443 = VERTEX_POINT ( 'NONE', #3849 ) ;
#2444 = AXIS2_PLACEMENT_3D ( 'NONE', #860, #2025, #463 ) ;
#2445 = AXIS2_PLACEMENT_3D ( 'NONE', #3188, #4861, #803 ) ;
#2446 = CARTESIAN_POINT ( 'NONE',  ( -1.250000000000000000, 0.2030000000000000138, -1.125000000000000444 ) ) ;
#2447 = FACE_OUTER_BOUND ( 'NONE', #3117, .T. ) ;
#2448 = ORIENTED_EDGE ( 'NONE', *, *, #1957, .F. ) ;
#2449 = VECTOR ( 'NONE', #2504, 1000.000000000000000 ) ;
#2450 = CARTESIAN_POINT ( 'NONE',  ( -1.249999999999993339, 0.2030000000000000138, -0.3250000000000000111 ) ) ;
#2451 = ORIENTED_EDGE ( 'NONE', *, *, #2179, .T. ) ;
#2452 = VECTOR ( 'NONE', #205, 1000.000000000000000 ) ;
#2453 = LINE ( 'NONE', #3341, #1417 ) ;
#2454 = AXIS2_PLACEMENT_3D ( 'NONE', #1802, #3113, #3459 ) ;
#2455 = ORIENTED_EDGE ( 'NONE', *, *, #1770, .T. ) ;
#2456 = ORIENTED_EDGE ( 'NONE', *, *, #4888, .F. ) ;
#2457 = ADVANCED_FACE ( 'NONE', ( #5064 ), #984, .F. ) ;
#2458 = CARTESIAN_POINT ( 'NONE',  ( -1.499999999999993339, 0.2030000000000000138, -0.4500000000000001221 ) ) ;
#2459 = EDGE_CURVE ( 'NONE', #1206, #3516, #2994, .T. ) ;
#2460 = ORIENTED_EDGE ( 'NONE', *, *, #1515, .F. ) ;
#2461 = DIRECTION ( 'NONE',  ( 0.000000000000000000, 1.000000000000000000, 0.000000000000000000 ) ) ;
#2462 = AXIS2_PLACEMENT_3D ( 'NONE', #3044, #2818, #1933 ) ;
#2463 = LINE ( 'NONE', #2579, #2368 ) ;
#2464 = LINE ( 'NONE', #90, #4493 ) ;
#2465 = ORIENTED_EDGE ( 'NONE', *, *, #2058, .F. ) ;
#2466 = VECTOR ( 'NONE', #4966, 1000.000000000000000 ) ;
#2467 = FACE_OUTER_BOUND ( 'NONE', #1097, .T. ) ;
#2468 = LINE ( 'NONE', #4538, #3304 ) ;
#2469 = CARTESIAN_POINT ( 'NONE',  ( 1.499999999999986677, 0.2030000000000000138, 0.4499999999999996780 ) ) ;
#2470 = VECTOR ( 'NONE', #4766, 1000.000000000000000 ) ;
#2471 = CARTESIAN_POINT ( 'NONE',  ( -1.100000000000000089, 0.8499999999999999778, -1.274999999999999911 ) ) ;
#2472 = PLANE ( 'NONE',  #682 ) ;
#2473 = VERTEX_POINT ( 'NONE', #2197 ) ;
#2474 = ORIENTED_EDGE ( 'NONE', *, *, #3329, .F. ) ;
#2475 = EDGE_CURVE ( 'NONE', #2822, #5022, #5041, .T. ) ;
#2476 = PLANE ( 'NONE',  #3293 ) ;
#2477 = CARTESIAN_POINT ( 'NONE',  ( 2.303929616531679567E-15, 0.05000000000000000278, -0.8499999999999958700 ) ) ;
#2478 = EDGE_LOOP ( 'NONE', ( #5243, #4160, #703, #744 ) ) ;
#2479 = LINE ( 'NONE', #1318, #1511 ) ;
#2480 = FILL_AREA_STYLE_COLOUR ( '', #1634 ) ;
#2481 = LINE ( 'NONE', #4872, #4142 ) ;
#2482 = FACE_OUTER_BOUND ( 'NONE', #3487, .T. ) ;
#2483 = CARTESIAN_POINT ( 'NONE',  ( -1.435000000000000497, 0.000000000000000000, -1.125000000000000000 ) ) ;
#2484 = ORIENTED_EDGE ( 'NONE', *, *, #1394, .T. ) ;
#2485 = ORIENTED_EDGE ( 'NONE', *, *, #821, .F. ) ;
#2486 = DIRECTION ( 'NONE',  ( 0.7071067811865460184, 0.000000000000000000, 0.7071067811865490160 ) ) ;
#2487 = ORIENTED_EDGE ( 'NONE', *, *, #1999, .F. ) ;
#2488 = CARTESIAN_POINT ( 'NONE',  ( 1.249999999999993339, 0.000000000000000000, -0.3250000000000002887 ) ) ;
#2489 = CARTESIAN_POINT ( 'NONE',  ( 1.434999999999987175, 0.2030000000000000138, 0.1749999999999996003 ) ) ;
#2490 = PLANE ( 'NONE',  #5101 ) ;
#2491 = VERTEX_POINT ( 'NONE', #4189 ) ;
#2492 = DIRECTION ( 'NONE',  ( 1.000000000000000000, -0.000000000000000000, -2.710505431213753985E-15 ) ) ;
#2493 = LINE ( 'NONE', #4113, #310 ) ;
#2494 = LINE ( 'NONE', #4915, #3208 ) ;
#2495 = ORIENTED_EDGE ( 'NONE', *, *, #1721, .T. ) ;
#2496 = DIRECTION ( 'NONE',  ( 1.000000000000000000, -0.000000000000000000, -2.710505431213753985E-15 ) ) ;
#2497 = VERTEX_POINT ( 'NONE', #3017 ) ;
#2498 = ORIENTED_EDGE ( 'NONE', *, *, #3346, .T. ) ;
#2499 = DIRECTION ( 'NONE',  ( 0.000000000000000000, 1.000000000000000000, -0.000000000000000000 ) ) ;
#2500 = ADVANCED_FACE ( 'NONE', ( #1732 ), #1383, .F. ) ;
#2501 = ORIENTED_EDGE ( 'NONE', *, *, #3809, .F. ) ;
#2502 = PLANE ( 'NONE',  #2124 ) ;
#2503 = ORIENTED_EDGE ( 'NONE', *, *, #5011, .F. ) ;
#2504 = DIRECTION ( 'NONE',  ( -1.000000000000000000, 0.000000000000000000, -2.344220913482165641E-15 ) ) ;
#2505 =( NAMED_UNIT ( * ) PLANE_ANGLE_UNIT ( ) SI_UNIT ( $, .RADIAN. ) );
#2506 = DIRECTION ( 'NONE',  ( 0.000000000000000000, -1.000000000000000000, 0.000000000000000000 ) ) ;
#2507 = EDGE_CURVE ( 'NONE', #2400, #3034, #1809, .T. ) ;
#2508 = EDGE_CURVE ( 'NONE', #575, #3015, #2628, .T. ) ;
#2509 = CARTESIAN_POINT ( 'NONE',  ( 1.459999999999999520, 0.2030000000000000138, -0.8500000000000001998 ) ) ;
#2510 = DIRECTION ( 'NONE',  ( 0.000000000000000000, 0.000000000000000000, 1.000000000000000000 ) ) ;
#2511 = EDGE_LOOP ( 'NONE', ( #2218, #671, #3904, #1675 ) ) ;
#2512 = EDGE_LOOP ( 'NONE', ( #3142, #1193 ) ) ;
#2513 = CARTESIAN_POINT ( 'NONE',  ( 1.459999999999999520, 0.000000000000000000, -1.100000000000000533 ) ) ;
#2514 = EDGE_LOOP ( 'NONE', ( #1031, #1477, #5114, #3623, #3060, #4557, #3447, #4812, #1617, #1067, #3935, #3391, #5211, #823, #3838, #3371, #4824, #5106, #3691, #92, #3710, #1314, #5221, #1144, #3029, #2063, #1695, #2086, #1575, #2211, #4149, #1588, #2813, #4103, #2838, #4724, #2799, #4700, #2049, #1196, #4426, #2526, #1795, #1846, #5188, #2654, #854, #2984, #2905, #2451, #4458, #1373, #3720, #1692, #590, #3209, #2673, #286, #2254, #3888, #1855, #3960, #696, #109, #1706, #1094, #3062, #2344 ) ) ;
#2515 = LINE ( 'NONE', #1305, #2723 ) ;
#2516 = PLANE ( 'NONE',  #4647 ) ;
#2517 = CARTESIAN_POINT ( 'NONE',  ( -1.435000000000000275, 0.2030000000000000138, -0.8249999999999999556 ) ) ;
#2518 = ORIENTED_EDGE ( 'NONE', *, *, #4485, .T. ) ;
#2519 = CARTESIAN_POINT ( 'NONE',  ( -1.249999999999986677, 0.2030000000000000138, 0.1749999999999996003 ) ) ;
#2520 = CARTESIAN_POINT ( 'NONE',  ( 1.434999999999999831, 0.2030000000000000138, -0.8250000000000003997 ) ) ;
#2521 = LINE ( 'NONE', #2862, #1836 ) ;
#2522 = EDGE_CURVE ( 'NONE', #1071, #4756, #5093, .T. ) ;
#2523 = CIRCLE ( 'NONE', #981, 0.1500000000000003830 ) ;
#2524 = CARTESIAN_POINT ( 'NONE',  ( 1.499999999999999556, 0.2030000000000000138, -0.8500000000000003109 ) ) ;
#2525 = MECHANICAL_DESIGN_GEOMETRIC_PRESENTATION_REPRESENTATION (  '', ( #2614 ), #1753 ) ;
#2526 = ORIENTED_EDGE ( 'NONE', *, *, #1544, .T. ) ;
#2527 = EDGE_CURVE ( 'NONE', #1552, #3840, #1411, .T. ) ;
#2528 = AXIS2_PLACEMENT_3D ( 'NONE', #2026, #1256, #3693 ) ;
#2529 = CARTESIAN_POINT ( 'NONE',  ( -1.499999999999993339, 0.2030000000000000138, -0.4500000000000001221 ) ) ;
#2530 = VECTOR ( 'NONE', #2228, 1000.000000000000000 ) ;
#2531 = EDGE_CURVE ( 'NONE', #947, #4530, #4268, .T. ) ;
#2532 = ORIENTED_EDGE ( 'NONE', *, *, #976, .T. ) ;
#2533 = DIRECTION ( 'NONE',  ( -2.637248527667439551E-15, 0.000000000000000000, -1.000000000000000000 ) ) ;
#2534 = ORIENTED_EDGE ( 'NONE', *, *, #2728, .T. ) ;
#2535 = AXIS2_PLACEMENT_3D ( 'NONE', #4264, #535, #1754 ) ;
#2536 = VECTOR ( 'NONE', #3241, 1000.000000000000000 ) ;
#2537 = EDGE_CURVE ( 'NONE', #3961, #419, #1332, .T. ) ;
#2538 = PRESENTATION_STYLE_ASSIGNMENT (( #4207 ) ) ;
#2539 = PRESENTATION_STYLE_ASSIGNMENT (( #451 ) ) ;
#2540 = DIRECTION ( 'NONE',  ( 0.000000000000000000, 0.000000000000000000, -1.000000000000000000 ) ) ;
#2541 = AXIS2_PLACEMENT_3D ( 'NONE', #2007, #1609, #4867 ) ;
#2542 = CARTESIAN_POINT ( 'NONE',  ( 1.434999999999986953, 0.2030000000000000138, 0.4749999999999995337 ) ) ;
#2543 = ORIENTED_EDGE ( 'NONE', *, *, #1184, .T. ) ;
#2544 = AXIS2_PLACEMENT_3D ( 'NONE', #4611, #161, #1781 ) ;
#2545 = ORIENTED_EDGE ( 'NONE', *, *, #632, .T. ) ;
#2546 = ADVANCED_FACE ( 'NONE', ( #935 ), #2576, .T. ) ;
#2547 = EDGE_CURVE ( 'NONE', #2748, #3310, #3791, .T. ) ;
#2548 = CARTESIAN_POINT ( 'NONE',  ( -1.499999999999979572, 0.2030000000000000138, 1.100000000000000089 ) ) ;
#2549 = ORIENTED_EDGE ( 'NONE', *, *, #2864, .T. ) ;
#2550 = CARTESIAN_POINT ( 'NONE',  ( 1.499999999999980016, 0.04999999999999999584, 0.8499999999999994227 ) ) ;
#2551 = LINE ( 'NONE', #1222, #3541 ) ;
#2552 = VECTOR ( 'NONE', #1204, 1000.000000000000000 ) ;
#2553 = PLANE ( 'NONE',  #3745 ) ;
#2554 = VERTEX_POINT ( 'NONE', #1360 ) ;
#2555 = ADVANCED_FACE ( 'NONE', ( #4617 ), #3220, .F. ) ;
#2556 = CARTESIAN_POINT ( 'NONE',  ( 1.434999999999993836, 0.2030000000000000138, -0.4750000000000003664 ) ) ;
#2557 = CIRCLE ( 'NONE', #2454, 0.1750000000000000167 ) ;
#2558 = FACE_OUTER_BOUND ( 'NONE', #4469, .T. ) ;
#2559 = CARTESIAN_POINT ( 'NONE',  ( -1.434999999999987175, 0.2030000000000000138, 0.1750000000000000167 ) ) ;
#2560 = DIRECTION ( 'NONE',  ( 0.000000000000000000, -1.000000000000000000, 0.000000000000000000 ) ) ;
#2561 = VECTOR ( 'NONE', #5169, 1000.000000000000000 ) ;
#2562 = ORIENTED_EDGE ( 'NONE', *, *, #341, .F. ) ;
#2563 = VERTEX_POINT ( 'NONE', #2690 ) ;
#2564 = DIRECTION ( 'NONE',  ( 0.000000000000000000, 1.000000000000000000, -0.000000000000000000 ) ) ;
#2565 = EDGE_LOOP ( 'NONE', ( #684, #4128, #2495, #2665 ) ) ;
#2566 = FACE_OUTER_BOUND ( 'NONE', #2744, .T. ) ;
#2567 = AXIS2_PLACEMENT_3D ( 'NONE', #1991, #1542, #3260 ) ;
#2568 = EDGE_CURVE ( 'NONE', #5154, #2040, #417, .T. ) ;
#2569 = DIRECTION ( 'NONE',  ( 0.000000000000000000, -1.000000000000000000, 0.000000000000000000 ) ) ;
#2570 = SURFACE_STYLE_FILL_AREA ( #1354 ) ;
#2571 = DIRECTION ( 'NONE',  ( 0.000000000000000000, 0.000000000000000000, -1.000000000000000000 ) ) ;
#2572 = PLANE ( 'NONE',  #2120 ) ;
#2573 = DIRECTION ( 'NONE',  ( -1.000000000000000000, 0.000000000000000000, -2.051193299296894886E-15 ) ) ;
#2574 = ORIENTED_EDGE ( 'NONE', *, *, #2686, .F. ) ;
#2575 = ORIENTED_EDGE ( 'NONE', *, *, #1513, .T. ) ;
#2576 = PLANE ( 'NONE',  #311 ) ;
#2577 = EDGE_LOOP ( 'NONE', ( #839, #3859, #2165, #1431, #1697, #1813, #4790, #1530 ) ) ;
#2578 = CARTESIAN_POINT ( 'NONE',  ( -1.500000000000000000, 0.05000000000000000278, 1.499999999999999778 ) ) ;
#2579 = CARTESIAN_POINT ( 'NONE',  ( 8.351287004280265213E-16, 0.05000000000000000278, -0.4750000000000029199 ) ) ;
#2580 = EDGE_CURVE ( 'NONE', #3189, #4323, #1861, .T. ) ;
#2581 = CARTESIAN_POINT ( 'NONE',  ( -1.249999999999979572, 0.2030000000000000138, 1.125000000000000444 ) ) ;
#2582 = ORIENTED_EDGE ( 'NONE', *, *, #1721, .F. ) ;
#2583 = UNCERTAINTY_MEASURE_WITH_UNIT (LENGTH_MEASURE( 1.000000000000000082E-05 ), #1132, 'distance_accuracy_value', 'NONE');
#2584 = DIRECTION ( 'NONE',  ( 1.000000000000000000, -0.000000000000000000, -2.344220913482168402E-15 ) ) ;
#2585 = DIRECTION ( 'NONE',  ( -0.000000000000000000, -1.000000000000000000, -0.000000000000000000 ) ) ;
#2586 = CARTESIAN_POINT ( 'NONE',  ( 1.459999999999999520, 0.2030000000000000138, -0.8500000000000001998 ) ) ;
#2587 = VERTEX_POINT ( 'NONE', #2718 ) ;
#2588 = PRESENTATION_LAYER_ASSIGNMENT (  '', '', ( #533 ) ) ;
#2589 = FACE_OUTER_BOUND ( 'NONE', #5198, .T. ) ;
#2590 = DIRECTION ( 'NONE',  ( 1.000000000000000000, 0.000000000000000000, -2.710505431213753985E-15 ) ) ;
#2591 = ORIENTED_EDGE ( 'NONE', *, *, #43, .T. ) ;
#2592 = CARTESIAN_POINT ( 'NONE',  ( 1.279999999999989813, 0.05000000000000000278, 1.279999999999989813 ) ) ;
#2593 = ORIENTED_EDGE ( 'NONE', *, *, #2903, .T. ) ;
#2594 = DIRECTION ( 'NONE',  ( -0.000000000000000000, -1.000000000000000000, -0.000000000000000000 ) ) ;
#2595 = DIRECTION ( 'NONE',  ( 0.000000000000000000, -0.000000000000000000, 1.000000000000000000 ) ) ;
#2596 = EDGE_CURVE ( 'NONE', #4826, #849, #4866, .T. ) ;
#2597 = PRESENTATION_STYLE_ASSIGNMENT (( #4614 ) ) ;
#2598 = VERTEX_POINT ( 'NONE', #2446 ) ;
#2599 = ORIENTED_EDGE ( 'NONE', *, *, #4217, .F. ) ;
#2600 = EDGE_CURVE ( 'NONE', #1825, #2734, #2006, .T. ) ;
#2601 = CARTESIAN_POINT ( 'NONE',  ( 1.499999999999980016, 0.2030000000000000138, 0.8499999999999994227 ) ) ;
#2602 = CARTESIAN_POINT ( 'NONE',  ( -1.500000000000000000, 0.2030000000000000138, -0.8499999999999998668 ) ) ;
#2603 = CARTESIAN_POINT ( 'NONE',  ( 1.434999999999999831, 0.2030000000000000138, -0.8250000000000003997 ) ) ;
#2604 = ORIENTED_EDGE ( 'NONE', *, *, #3480, .F. ) ;
#2605 = DIRECTION ( 'NONE',  ( -0.000000000000000000, -1.000000000000000000, -0.000000000000000000 ) ) ;
#2606 = SURFACE_SIDE_STYLE ('',( #2656 ) ) ;
#2607 = LINE ( 'NONE', #2208, #3128 ) ;
#2608 = MECHANICAL_DESIGN_GEOMETRIC_PRESENTATION_REPRESENTATION (  '', ( #376 ), #4212 ) ;
#2609 = DIRECTION ( 'NONE',  ( -0.000000000000000000, -1.000000000000000000, -0.000000000000000000 ) ) ;
#2610 = EDGE_CURVE ( 'NONE', #4529, #4893, #12, .T. ) ;
#2611 = EDGE_CURVE ( 'NONE', #4394, #1129, #4491, .T. ) ;
#2612 = DIRECTION ( 'NONE',  ( 1.000000000000000000, 0.000000000000000000, 0.000000000000000000 ) ) ;
#2613 = AXIS2_PLACEMENT_3D ( 'NONE', #1950, #2414, #2394 ) ;
#2614 = STYLED_ITEM ( 'NONE', ( #3417 ), #2261 ) ;
#2615 = CARTESIAN_POINT ( 'NONE',  ( -1.499999999999979572, 0.2030000000000000138, 0.8499999999999998668 ) ) ;
#2616 = ORIENTED_EDGE ( 'NONE', *, *, #1515, .T. ) ;
#2617 = CARTESIAN_POINT ( 'NONE',  ( -1.250000000000000000, 0.2030000000000000138, -0.9749999999999999778 ) ) ;
#2618 = ORIENTED_EDGE ( 'NONE', *, *, #871, .T. ) ;
#2619 = AXIS2_PLACEMENT_3D ( 'NONE', #4213, #169, #218 ) ;
#2620 =( LENGTH_UNIT ( ) NAMED_UNIT ( * ) SI_UNIT ( .MILLI., .METRE. ) );
#2621 = CARTESIAN_POINT ( 'NONE',  ( 1.499999999999999556, 0.05000000000000000278, 1.499999999999999778 ) ) ;
#2622 = AXIS2_PLACEMENT_3D ( 'NONE', #3041, #3419, #2540 ) ;
#2623 = AXIS2_PLACEMENT_3D ( 'NONE', #4379, #3592, #4034 ) ;
#2624 = ORIENTED_EDGE ( 'NONE', *, *, #1324, .F. ) ;
#2625 = ORIENTED_EDGE ( 'NONE', *, *, #2045, .T. ) ;
#2626 = VECTOR ( 'NONE', #1235, 1000.000000000000000 ) ;
#2627 = AXIS2_PLACEMENT_3D ( 'NONE', #3689, #3321, #2916 ) ;
#2628 = LINE ( 'NONE', #4243, #725 ) ;
#2629 = DIRECTION ( 'NONE',  ( -2.710505431213753985E-15, 0.000000000000000000, -1.000000000000000000 ) ) ;
#2630 = CARTESIAN_POINT ( 'NONE',  ( 1.499999999999986677, 0.2030000000000000138, 0.1999999999999994282 ) ) ;
#2631 = VECTOR ( 'NONE', #4725, 1000.000000000000000 ) ;
#2632 = EDGE_CURVE ( 'NONE', #2140, #2337, #2420, .T. ) ;
#2633 = VERTEX_POINT ( 'NONE', #1886 ) ;
#2634 = ADVANCED_FACE ( 'NONE', ( #841 ), #2476, .T. ) ;
#2635 = PLANE ( 'NONE',  #3218 ) ;
#2636 = ORIENTED_EDGE ( 'NONE', *, *, #804, .F. ) ;
#2637 = AXIS2_PLACEMENT_3D ( 'NONE', #1744, #3404, #4683 ) ;
#2638 = CARTESIAN_POINT ( 'NONE',  ( 1.434999999999980513, 0.2030000000000000138, 0.8249999999999995115 ) ) ;
#2639 = CARTESIAN_POINT ( 'NONE',  ( -1.499999999999979572, 0.2030000000000000138, 0.8499999999999998668 ) ) ;
#2640 = ORIENTED_EDGE ( 'NONE', *, *, #4388, .F. ) ;
#2641 = AXIS2_PLACEMENT_3D ( 'NONE', #4046, #5272, #2014 ) ;
#2642 = CARTESIAN_POINT ( 'NONE',  ( -1.500000000000000000, 0.8999999999999998002, 1.499999999999999778 ) ) ;
#2643 = VECTOR ( 'NONE', #5066, 1000.000000000000000 ) ;
#2644 = VERTEX_POINT ( 'NONE', #1208 ) ;
#2645 = DIRECTION ( 'NONE',  ( -0.7071067811865474617, 0.000000000000000000, -0.7071067811865474617 ) ) ;
#2646 = EDGE_CURVE ( 'NONE', #1236, #4042, #689, .T. ) ;
#2647 = VERTEX_POINT ( 'NONE', #1581 ) ;
#2648 = EDGE_CURVE ( 'NONE', #4022, #2786, #1482, .T. ) ;
#2649 = DIRECTION ( 'NONE',  ( 0.000000000000000000, 1.000000000000000000, 0.000000000000000000 ) ) ;
#2650 = CARTESIAN_POINT ( 'NONE',  ( 1.459999999999979980, 0.2030000000000000138, 1.099999999999999867 ) ) ;
#2651 = CARTESIAN_POINT ( 'NONE',  ( -1.434999999999986953, 0.2030000000000000138, 0.4749999999999999223 ) ) ;
#2652 = DIRECTION ( 'NONE',  ( -1.000000000000000000, 0.000000000000000000, 0.000000000000000000 ) ) ;
#2653 = CARTESIAN_POINT ( 'NONE',  ( -1.499999999999993339, 0.2030000000000000138, -0.4500000000000001221 ) ) ;
#2654 = ORIENTED_EDGE ( 'NONE', *, *, #2301, .T. ) ;
#2655 = DIRECTION ( 'NONE',  ( -0.7071067811865459074, 0.000000000000000000, -0.7071067811865491270 ) ) ;
#2656 = SURFACE_STYLE_FILL_AREA ( #3054 ) ;
#2657 = CARTESIAN_POINT ( 'NONE',  ( 1.499999999999986677, 0.000000000000000000, 0.1999999999999994282 ) ) ;
#2658 = ADVANCED_FACE ( 'NONE', ( #1183 ), #3522, .F. ) ;
#2659 = VERTEX_POINT ( 'NONE', #3099 ) ;
#2660 = EDGE_LOOP ( 'NONE', ( #2487, #729, #3382, #4168 ) ) ;
#2661 = LINE ( 'NONE', #5110, #234 ) ;
#2662 = LINE ( 'NONE', #2264, #4587 ) ;
#2663 = ORIENTED_EDGE ( 'NONE', *, *, #2249, .F. ) ;
#2664 = CARTESIAN_POINT ( 'NONE',  ( -1.100000000000000089, 0.8499999999999999778, -0.9249999999999998224 ) ) ;
#2665 = ORIENTED_EDGE ( 'NONE', *, *, #4578, .F. ) ;
#2666 = EDGE_CURVE ( 'NONE', #3307, #557, #4721, .T. ) ;
#2667 = DIRECTION ( 'NONE',  ( -0.000000000000000000, -0.000000000000000000, -1.000000000000000000 ) ) ;
#2668 = EDGE_CURVE ( 'NONE', #2497, #3834, #667, .T. ) ;
#2669 = DIRECTION ( 'NONE',  ( -1.000000000000000000, 0.000000000000000000, -5.421010862427507971E-15 ) ) ;
#2670 = ADVANCED_FACE ( 'NONE', ( #3922 ), #271, .F. ) ;
#2671 = CARTESIAN_POINT ( 'NONE',  ( -1.434999999999986953, 0.2030000000000000138, 0.4749999999999999223 ) ) ;
#2672 = DIRECTION ( 'NONE',  ( 1.000000000000000000, 0.000000000000000000, 2.344220913482165641E-15 ) ) ;
#2673 = ORIENTED_EDGE ( 'NONE', *, *, #4019, .T. ) ;
#2674 = ORIENTED_EDGE ( 'NONE', *, *, #923, .F. ) ;
#2675 = CARTESIAN_POINT ( 'NONE',  ( 1.499999999999993339, 0.000000000000000000, -0.4500000000000005107 ) ) ;
#2676 = CYLINDRICAL_SURFACE ( 'NONE', #1418, 0.1500000000000003830 ) ;
#2677 = DIRECTION ( 'NONE',  ( -1.000000000000000000, 0.000000000000000000, -2.710505431213753985E-15 ) ) ;
#2678 = ORIENTED_EDGE ( 'NONE', *, *, #4599, .T. ) ;
#2679 = ORIENTED_EDGE ( 'NONE', *, *, #1243, .F. ) ;
#2680 = EDGE_CURVE ( 'NONE', #3477, #2952, #5167, .T. ) ;
#2681 = FACE_OUTER_BOUND ( 'NONE', #3586, .T. ) ;
#2682 = ORIENTED_EDGE ( 'NONE', *, *, #4197, .T. ) ;
#2683 = CARTESIAN_POINT ( 'NONE',  ( 1.499999999999999556, 0.05000000000000000278, 1.499999999999999778 ) ) ;
#2684 = ORIENTED_EDGE ( 'NONE', *, *, #96, .F. ) ;
#2685 = ADVANCED_FACE ( 'NONE', ( #383 ), #1266, .F. ) ;
#2686 = EDGE_CURVE ( 'NONE', #3790, #4132, #4607, .T. ) ;
#2687 = DIRECTION ( 'NONE',  ( 1.000000000000000000, 0.000000000000000000, 2.344220913482168402E-15 ) ) ;
#2688 = DIRECTION ( 'NONE',  ( -0.000000000000000000, -1.000000000000000000, -0.000000000000000000 ) ) ;
#2689 = AXIS2_PLACEMENT_3D ( 'NONE', #2149, #1742, #2977 ) ;
#2690 = CARTESIAN_POINT ( 'NONE',  ( -1.459999999999993303, 0.2030000000000000138, -0.1999999999999997613 ) ) ;
#2691 = LINE ( 'NONE', #1013, #1701 ) ;
#2692 = AXIS2_PLACEMENT_3D ( 'NONE', #1829, #196, #2276 ) ;
#2693 = DIRECTION ( 'NONE',  ( 2.344220913482165641E-15, -0.000000000000000000, 1.000000000000000000 ) ) ;
#2694 = ADVANCED_FACE ( 'NONE', ( #3806 ), #2955, .T. ) ;
#2695 = ORIENTED_EDGE ( 'NONE', *, *, #2304, .T. ) ;
#2696 = EDGE_CURVE ( 'NONE', #4519, #4582, #4202, .T. ) ;
#2697 = VECTOR ( 'NONE', #2687, 1000.000000000000000 ) ;
#2698 = VECTOR ( 'NONE', #5207, 1000.000000000000000 ) ;
#2699 = CARTESIAN_POINT ( 'NONE',  ( -5.963111948670302786E-15, 0.05000000000000000278, 1.100000000000008082 ) ) ;
#2700 = CARTESIAN_POINT ( 'NONE',  ( 1.249999999999999556, 0.2030000000000000138, -0.8249999999999999556 ) ) ;
#2701 = ORIENTED_EDGE ( 'NONE', *, *, #4098, .F. ) ;
#2702 = DIRECTION ( 'NONE',  ( 0.000000000000000000, 0.000000000000000000, -1.000000000000000000 ) ) ;
#2703 = CARTESIAN_POINT ( 'NONE',  ( -1.249999999999979572, 0.000000000000000000, 1.125000000000000444 ) ) ;
#2704 = VERTEX_POINT ( 'NONE', #501 ) ;
#2705 = DIRECTION ( 'NONE',  ( -1.000000000000000000, -0.000000000000000000, -0.000000000000000000 ) ) ;
#2706 = VECTOR ( 'NONE', #3479, 1000.000000000000000 ) ;
#2707 = LINE ( 'NONE', #1821, #731 ) ;
#2708 = ORIENTED_EDGE ( 'NONE', *, *, #3515, .F. ) ;
#2709 = CLOSED_SHELL ( 'NONE', ( #3013, #1972, #4410, #865 ) ) ;
#2710 = CARTESIAN_POINT ( 'NONE',  ( -1.434999999999993614, 0.2030000000000000138, -0.1750000000000000167 ) ) ;
#2711 = VERTEX_POINT ( 'NONE', #127 ) ;
#2712 = ORIENTED_EDGE ( 'NONE', *, *, #2069, .F. ) ;
#2713 = CIRCLE ( 'NONE', #2793, 0.1500000000000003830 ) ;
#2714 = PLANE ( 'NONE',  #1073 ) ;
#2715 = FACE_OUTER_BOUND ( 'NONE', #135, .T. ) ;
#2716 = EDGE_CURVE ( 'NONE', #3407, #4462, #4094, .T. ) ;
#2717 = VECTOR ( 'NONE', #4204, 1000.000000000000000 ) ;
#2718 = CARTESIAN_POINT ( 'NONE',  ( 1.499999999999993339, 0.2030000000000000138, -0.4500000000000005107 ) ) ;
#2719 = DIRECTION ( 'NONE',  ( -1.000000000000000000, 0.000000000000000000, 2.710505431213753985E-15 ) ) ;
#2720 = EDGE_CURVE ( 'NONE', #4633, #1538, #4522, .T. ) ;
#2721 = CARTESIAN_POINT ( 'NONE',  ( -1.499999999999986677, 0.000000000000000000, 0.4500000000000001221 ) ) ;
#2722 = ORIENTED_EDGE ( 'NONE', *, *, #5136, .T. ) ;
#2723 = VECTOR ( 'NONE', #1708, 1000.000000000000000 ) ;
#2724 = CARTESIAN_POINT ( 'NONE',  ( -1.100000000000000089, 0.9000000000000000222, -1.099999999999999867 ) ) ;
#2725 = DIRECTION ( 'NONE',  ( 5.504235658546187749E-17, -0.000000000000000000, 1.000000000000000000 ) ) ;
#2726 = ORIENTED_EDGE ( 'NONE', *, *, #1896, .F. ) ;
#2727 = DIRECTION ( 'NONE',  ( 0.000000000000000000, -0.000000000000000000, 1.000000000000000000 ) ) ;
#2728 = EDGE_CURVE ( 'NONE', #3583, #2598, #2279, .T. ) ;
#2729 = EDGE_CURVE ( 'NONE', #2125, #4875, #3358, .T. ) ;
#2730 = ORIENTED_EDGE ( 'NONE', *, *, #1259, .T. ) ;
#2731 = CARTESIAN_POINT ( 'NONE',  ( 1.249999999999980016, 0.2030000000000000138, 0.9749999999999995337 ) ) ;
#2732 = CARTESIAN_POINT ( 'NONE',  ( 1.249999999999993339, 0.2030000000000000138, -0.4750000000000006994 ) ) ;
#2733 = CARTESIAN_POINT ( 'NONE',  ( 1.459999999999999520, 0.2030000000000000138, -1.100000000000000533 ) ) ;
#2734 = VERTEX_POINT ( 'NONE', #3701 ) ;
#2735 = DIRECTION ( 'NONE',  ( 1.000000000000000000, 0.000000000000000000, 0.000000000000000000 ) ) ;
#2736 = ORIENTED_EDGE ( 'NONE', *, *, #5108, .T. ) ;
#2737 = ORIENTED_EDGE ( 'NONE', *, *, #991, .F. ) ;
#2738 = APPLICATION_PROTOCOL_DEFINITION ( 'draft international standard', 'automotive_design', 1998, #2096 ) ;
#2739 = DIRECTION ( 'NONE',  ( 0.000000000000000000, -1.000000000000000000, 0.000000000000000000 ) ) ;
#2740 = ADVANCED_FACE ( 'NONE', ( #4577 ), #4148, .F. ) ;
#2741 = DIRECTION ( 'NONE',  ( -0.7071067811865536790, 0.000000000000000000, 0.7071067811865414665 ) ) ;
#2742 = LINE ( 'NONE', #3999, #1593 ) ;
#2743 = DIRECTION ( 'NONE',  ( 0.000000000000000000, 1.000000000000000000, 0.000000000000000000 ) ) ;
#2744 = EDGE_LOOP ( 'NONE', ( #2545, #5258, #3958, #2575, #2695, #3089, #1225, #1210 ) ) ;
#2745 = EDGE_CURVE ( 'NONE', #4448, #907, #1151, .T. ) ;
#2746 = DIRECTION ( 'NONE',  ( 0.000000000000000000, 0.000000000000000000, -1.000000000000000000 ) ) ;
#2747 = MECHANICAL_DESIGN_GEOMETRIC_PRESENTATION_REPRESENTATION (  '', ( #1467 ), #3359 ) ;
#2748 = VERTEX_POINT ( 'NONE', #2983 ) ;
#2749 = CARTESIAN_POINT ( 'NONE',  ( 1.459999999999993303, 0.2030000000000000138, -0.4500000000000005107 ) ) ;
#2750 = LINE ( 'NONE', #2430, #224 ) ;
#2751 = DIRECTION ( 'NONE',  ( 0.000000000000000000, -1.000000000000000000, 0.000000000000000000 ) ) ;
#2752 = VERTEX_POINT ( 'NONE', #3378 ) ;
#2753 = LINE ( 'NONE', #3955, #1497 ) ;
#2754 = CARTESIAN_POINT ( 'NONE',  ( 1.499999999999986677, 0.2030000000000000138, 0.4499999999999996780 ) ) ;
#2755 = ORIENTED_EDGE ( 'NONE', *, *, #2380, .T. ) ;
#2756 = DIRECTION ( 'NONE',  ( 1.000000000000000000, 0.000000000000000000, 2.344220913482168402E-15 ) ) ;
#2757 = VERTEX_POINT ( 'NONE', #975 ) ;
#2758 = ORIENTED_EDGE ( 'NONE', *, *, #1827, .T. ) ;
#2759 = EDGE_CURVE ( 'NONE', #5250, #2314, #924, .T. ) ;
#2760 = EDGE_CURVE ( 'NONE', #212, #3759, #4976, .T. ) ;
#2761 = CARTESIAN_POINT ( 'NONE',  ( -1.500000000000000000, 0.2030000000000000138, -0.8499999999999998668 ) ) ;
#2762 = PLANE ( 'NONE',  #249 ) ;
#2763 = DIRECTION ( 'NONE',  ( 1.000000000000000000, -0.000000000000000000, -2.930276141852710700E-15 ) ) ;
#2764 = DIRECTION ( 'NONE',  ( -0.000000000000000000, -1.000000000000000000, -0.000000000000000000 ) ) ;
#2765 = AXIS2_PLACEMENT_3D ( 'NONE', #2943, #2051, #518 ) ;
#2766 = ORIENTED_EDGE ( 'NONE', *, *, #4667, .F. ) ;
#2767 = CARTESIAN_POINT ( 'NONE',  ( -1.500000000000000000, 0.05000000000000000278, 1.499999999999999778 ) ) ;
#2768 = AXIS2_PLACEMENT_3D ( 'NONE', #4343, #293, #3548 ) ;
#2769 = DIRECTION ( 'NONE',  ( -0.000000000000000000, -1.000000000000000000, -0.000000000000000000 ) ) ;
#2770 = EDGE_LOOP ( 'NONE', ( #2075, #16, #2938, #2682 ) ) ;
#2771 = DIRECTION ( 'NONE',  ( 0.7071067811865460184, 0.000000000000000000, 0.7071067811865490160 ) ) ;
#2772 = DIRECTION ( 'NONE',  ( 0.000000000000000000, 1.000000000000000000, 0.000000000000000000 ) ) ;
#2773 = CARTESIAN_POINT ( 'NONE',  ( 1.499999999999993339, 0.000000000000000000, -0.2000000000000003164 ) ) ;
#2774 = CARTESIAN_POINT ( 'NONE',  ( -1.434999999999993614, 0.2030000000000000138, -0.1750000000000000167 ) ) ;
#2775 = STYLED_ITEM ( 'NONE', ( #5178 ), #4206 ) ;
#2776 = VECTOR ( 'NONE', #969, 1000.000000000000000 ) ;
#2777 = EDGE_LOOP ( 'NONE', ( #4233, #1107, #1246, #4848 ) ) ;
#2778 = ADVANCED_FACE ( 'NONE', ( #2589 ), #1663, .F. ) ;
#2779 = FACE_OUTER_BOUND ( 'NONE', #1902, .T. ) ;
#2780 = DIRECTION ( 'NONE',  ( -0.7071067811865536790, 0.000000000000000000, 0.7071067811865414665 ) ) ;
#2781 = AXIS2_PLACEMENT_3D ( 'NONE', #3184, #3561, #3590 ) ;
#2782 = CARTESIAN_POINT ( 'NONE',  ( -1.249999999999979572, 0.04999999999999999584, 1.125000000000000444 ) ) ;
#2783 = VECTOR ( 'NONE', #776, 1000.000000000000000 ) ;
#2784 = ORIENTED_EDGE ( 'NONE', *, *, #1395, .F. ) ;
#2785 = CARTESIAN_POINT ( 'NONE',  ( -1.250000000000000000, 0.04999999999999999584, -1.125000000000000444 ) ) ;
#2786 = VERTEX_POINT ( 'NONE', #38 ) ;
#2787 = CIRCLE ( 'NONE', #5248, 0.1750000000000000167 ) ;
#2788 = ORIENTED_EDGE ( 'NONE', *, *, #2360, .T. ) ;
#2789 = CARTESIAN_POINT ( 'NONE',  ( 1.459999999999986420, 0.2030000000000000138, 0.4499999999999997891 ) ) ;
#2790 = CLOSED_SHELL ( 'NONE', ( #5165, #4506, #3896, #1057, #900, #1008, #3669, #3850, #2059, #469 ) ) ;
#2791 = EDGE_CURVE ( 'NONE', #4122, #1126, #5031, .T. ) ;
#2792 = ADVANCED_FACE ( 'NONE', ( #3305 ), #529, .T. ) ;
#2793 = AXIS2_PLACEMENT_3D ( 'NONE', #1642, #2072, #4957 ) ;
#2794 = CARTESIAN_POINT ( 'NONE',  ( 1.459999999999999520, 0.2030000000000000138, -0.8500000000000001998 ) ) ;
#2795 = ADVANCED_FACE ( 'NONE', ( #895 ), #1694, .F. ) ;
#2796 = DIRECTION ( 'NONE',  ( 1.000000000000000000, 0.000000000000000000, 2.344220913482168402E-15 ) ) ;
#2797 = VECTOR ( 'NONE', #2130, 1000.000000000000000 ) ;
#2798 = ORIENTED_EDGE ( 'NONE', *, *, #4030, .F. ) ;
#2799 = ORIENTED_EDGE ( 'NONE', *, *, #3809, .T. ) ;
#2800 = AXIS2_PLACEMENT_3D ( 'NONE', #4064, #3245, #2398 ) ;
#2801 = CARTESIAN_POINT ( 'NONE',  ( -1.249999999999979572, 0.000000000000000000, 0.8249999999999995115 ) ) ;
#2802 = VERTEX_POINT ( 'NONE', #3912 ) ;
#2803 = CARTESIAN_POINT ( 'NONE',  ( -1.499999999999993339, 0.2030000000000000138, -0.4500000000000001221 ) ) ;
#2804 = CARTESIAN_POINT ( 'NONE',  ( -1.435000000000000275, 0.2030000000000000138, -0.8249999999999999556 ) ) ;
#2805 = ORIENTED_EDGE ( 'NONE', *, *, #831, .T. ) ;
#2806 = LINE ( 'NONE', #3722, #2195 ) ;
#2807 = DIRECTION ( 'NONE',  ( 0.000000000000000000, 1.000000000000000000, 0.000000000000000000 ) ) ;
#2808 = VECTOR ( 'NONE', #1510, 1000.000000000000000 ) ;
#2809 = CARTESIAN_POINT ( 'NONE',  ( 1.249999999999993339, 0.04999999999999999584, -0.1749999999999999611 ) ) ;
#2810 = EDGE_CURVE ( 'NONE', #2968, #3536, #1849, .T. ) ;
#2811 = CARTESIAN_POINT ( 'NONE',  ( 1.249999999999980016, 0.2030000000000000138, 0.8249999999999991784 ) ) ;
#2812 = DIRECTION ( 'NONE',  ( 0.000000000000000000, -1.000000000000000000, 0.000000000000000000 ) ) ;
#2813 = ORIENTED_EDGE ( 'NONE', *, *, #3606, .T. ) ;
#2814 = ORIENTED_EDGE ( 'NONE', *, *, #4004, .F. ) ;
#2815 = DIRECTION ( 'NONE',  ( -0.000000000000000000, -1.000000000000000000, -0.000000000000000000 ) ) ;
#2816 = CARTESIAN_POINT ( 'NONE',  ( 1.499999999999993339, 0.2030000000000000138, -0.4500000000000005107 ) ) ;
#2817 = VERTEX_POINT ( 'NONE', #4301 ) ;
#2818 = DIRECTION ( 'NONE',  ( -0.000000000000000000, 1.000000000000000000, -0.000000000000000000 ) ) ;
#2819 = ADVANCED_FACE ( 'NONE', ( #2681 ), #3457, .F. ) ;
#2820 = CARTESIAN_POINT ( 'NONE',  ( -1.250000000000000000, 0.000000000000000000, -0.9749999999999999778 ) ) ;
#2821 = DIRECTION ( 'NONE',  ( -0.7071067811865414665, -0.000000000000000000, 0.7071067811865536790 ) ) ;
#2822 = VERTEX_POINT ( 'NONE', #1498 ) ;
#2823 = VERTEX_POINT ( 'NONE', #3111 ) ;
#2824 = ADVANCED_FACE ( 'NONE', ( #1876 ), #2215, .T. ) ;
#2825 = EDGE_CURVE ( 'NONE', #4042, #2473, #1430, .T. ) ;
#2826 = DIRECTION ( 'NONE',  ( -0.000000000000000000, -1.000000000000000000, -0.000000000000000000 ) ) ;
#2827 = ORIENTED_EDGE ( 'NONE', *, *, #782, .F. ) ;
#2828 = CARTESIAN_POINT ( 'NONE',  ( -1.435000000000000275, 0.2030000000000000138, -0.8249999999999999556 ) ) ;
#2829 = LINE ( 'NONE', #1946, #4816 ) ;
#2830 = CARTESIAN_POINT ( 'NONE',  ( -1.499999999999993339, 0.2030000000000000138, -0.1999999999999998723 ) ) ;
#2831 = VERTEX_POINT ( 'NONE', #626 ) ;
#2832 = CARTESIAN_POINT ( 'NONE',  ( -1.499999999999979572, 0.000000000000000000, 1.100000000000000089 ) ) ;
#2833 = FACE_OUTER_BOUND ( 'NONE', #2512, .T. ) ;
#2834 = CYLINDRICAL_SURFACE ( 'NONE', #4744, 0.1750000000000000167 ) ;
#2835 = CARTESIAN_POINT ( 'NONE',  ( -1.100000000000000089, 0.8499999999999999778, -1.099999999999999867 ) ) ;
#2836 = LINE ( 'NONE', #359, #593 ) ;
#2837 = VERTEX_POINT ( 'NONE', #184 ) ;
#2838 = ORIENTED_EDGE ( 'NONE', *, *, #1429, .F. ) ;
#2839 = DIRECTION ( 'NONE',  ( -0.000000000000000000, -1.000000000000000000, -0.000000000000000000 ) ) ;
#2840 = LINE ( 'NONE', #2477, #5087 ) ;
#2841 = EDGE_LOOP ( 'NONE', ( #4525, #3091, #279, #2357 ) ) ;
#2842 = EDGE_CURVE ( 'NONE', #1889, #2734, #3883, .T. ) ;
#2843 = PLANE ( 'NONE',  #5019 ) ;
#2844 = ORIENTED_EDGE ( 'NONE', *, *, #5137, .F. ) ;
#2845 = EDGE_CURVE ( 'NONE', #1928, #1301, #3031, .T. ) ;
#2846 = CARTESIAN_POINT ( 'NONE',  ( 0.8249999999999997335, 0.05000000000000000278, 1.039999999999999147 ) ) ;
#2847 = DIRECTION ( 'NONE',  ( -1.000000000000000000, 0.000000000000000000, -2.051193299296894886E-15 ) ) ;
#2848 = CARTESIAN_POINT ( 'NONE',  ( -1.459999999999986420, 0.2030000000000000138, 0.1999999999999998723 ) ) ;
#2849 = ORIENTED_EDGE ( 'NONE', *, *, #4439, .T. ) ;
#2850 = ORIENTED_EDGE ( 'NONE', *, *, #3080, .F. ) ;
#2851 = FACE_OUTER_BOUND ( 'NONE', #1053, .T. ) ;
#2852 = ORIENTED_EDGE ( 'NONE', *, *, #3027, .F. ) ;
#2853 = FACE_OUTER_BOUND ( 'NONE', #1398, .T. ) ;
#2854 = CARTESIAN_POINT ( 'NONE',  ( 1.459999999999993303, 0.2030000000000000138, -0.2000000000000002054 ) ) ;
#2855 = EDGE_CURVE ( 'NONE', #1987, #2289, #1029, .T. ) ;
#2856 = CARTESIAN_POINT ( 'NONE',  ( 1.459999999999986420, 0.000000000000000000, 0.1999999999999994282 ) ) ;
#2857 = EDGE_CURVE ( 'NONE', #1450, #843, #2661, .T. ) ;
#2858 = VERTEX_POINT ( 'NONE', #4330 ) ;
#2859 = VECTOR ( 'NONE', #4251, 1000.000000000000000 ) ;
#2860 = PLANE ( 'NONE',  #3733 ) ;
#2861 = DIRECTION ( 'NONE',  ( -0.000000000000000000, -1.000000000000000000, -0.000000000000000000 ) ) ;
#2862 = CARTESIAN_POINT ( 'NONE',  ( -1.434999999999993614, 0.2030000000000000138, -0.1750000000000000167 ) ) ;
#2863 = VECTOR ( 'NONE', #32, 1000.000000000000000 ) ;
#2864 = EDGE_CURVE ( 'NONE', #4442, #2757, #2707, .T. ) ;
#2865 = ORIENTED_EDGE ( 'NONE', *, *, #2301, .F. ) ;
#2866 = DIRECTION ( 'NONE',  ( 0.000000000000000000, 0.000000000000000000, 1.000000000000000000 ) ) ;
#2867 = VERTEX_POINT ( 'NONE', #4228 ) ;
#2868 = EDGE_LOOP ( 'NONE', ( #1606, #3455, #2033, #1180 ) ) ;
#2869 = VECTOR ( 'NONE', #2492, 1000.000000000000000 ) ;
#2870 = VECTOR ( 'NONE', #2334, 1000.000000000000000 ) ;
#2871 = DIRECTION ( 'NONE',  ( -1.000000000000000000, 0.000000000000000000, 0.000000000000000000 ) ) ;
#2872 = DIRECTION ( 'NONE',  ( 0.000000000000000000, 0.000000000000000000, 1.000000000000000000 ) ) ;
#2873 = ORIENTED_EDGE ( 'NONE', *, *, #1940, .T. ) ;
#2874 = AXIS2_PLACEMENT_3D ( 'NONE', #4512, #1599, #4112 ) ;
#2875 = CARTESIAN_POINT ( 'NONE',  ( 1.499999999999999556, 0.000000000000000000, -0.8500000000000003109 ) ) ;
#2876 = VERTEX_POINT ( 'NONE', #1801 ) ;
#2877 = FACE_OUTER_BOUND ( 'NONE', #2409, .T. ) ;
#2878 = CLOSED_SHELL ( 'NONE', ( #1806, #3547, #614, #2039, #276, #4590, #3121, #2500, #3471, #4521 ) ) ;
#2879 = LINE ( 'NONE', #876, #1835 ) ;
#2880 = DIRECTION ( 'NONE',  ( 0.7071067811865491270, 0.000000000000000000, -0.7071067811865459074 ) ) ;
#2881 = DIRECTION ( 'NONE',  ( 1.000000000000000000, -0.000000000000000000, -2.637248527667439551E-15 ) ) ;
#2882 = VECTOR ( 'NONE', #3008, 1000.000000000000000 ) ;
#2883 = ORIENTED_EDGE ( 'NONE', *, *, #4961, .T. ) ;
#2884 = ORIENTED_EDGE ( 'NONE', *, *, #733, .F. ) ;
#2885 = CARTESIAN_POINT ( 'NONE',  ( -1.249999999999993339, 0.2030000000000000138, -0.4750000000000003664 ) ) ;
#2886 = ORIENTED_EDGE ( 'NONE', *, *, #2902, .T. ) ;
#2887 = DIRECTION ( 'NONE',  ( -1.000000000000000000, 0.000000000000000000, 0.000000000000000000 ) ) ;
#2888 = VECTOR ( 'NONE', #4563, 1000.000000000000000 ) ;
#2889 = PLANE ( 'NONE',  #2765 ) ;
#2890 = LINE ( 'NONE', #2830, #4497 ) ;
#2891 = ORIENTED_EDGE ( 'NONE', *, *, #625, .T. ) ;
#2892 = VECTOR ( 'NONE', #4918, 1000.000000000000000 ) ;
#2893 = PLANE ( 'NONE',  #2874 ) ;
#2894 = EDGE_CURVE ( 'NONE', #1819, #4071, #683, .T. ) ;
#2895 = PLANE ( 'NONE',  #735 ) ;
#2896 = FACE_OUTER_BOUND ( 'NONE', #5241, .T. ) ;
#2897 = CYLINDRICAL_SURFACE ( 'NONE', #4750, 0.2149999999999996914 ) ;
#2898 = LINE ( 'NONE', #1262, #1522 ) ;
#2899 = ORIENTED_EDGE ( 'NONE', *, *, #1471, .T. ) ;
#2900 = VERTEX_POINT ( 'NONE', #3490 ) ;
#2901 = VECTOR ( 'NONE', #2652, 1000.000000000000000 ) ;
#2902 = EDGE_CURVE ( 'NONE', #2633, #4893, #4229, .T. ) ;
#2903 = EDGE_CURVE ( 'NONE', #2858, #4448, #4712, .T. ) ;
#2904 = DIRECTION ( 'NONE',  ( -0.000000000000000000, -1.000000000000000000, -0.000000000000000000 ) ) ;
#2905 = ORIENTED_EDGE ( 'NONE', *, *, #1168, .T. ) ;
#2906 = AXIS2_PLACEMENT_3D ( 'NONE', #3018, #247, #5065 ) ;
#2907 = CARTESIAN_POINT ( 'NONE',  ( -1.434999999999993836, 0.04999999999999999584, -0.4749999999999999223 ) ) ;
#2908 = VERTEX_POINT ( 'NONE', #285 ) ;
#2909 = LINE ( 'NONE', #5060, #4061 ) ;
#2910 = CARTESIAN_POINT ( 'NONE',  ( 1.499999999999999556, 0.2030000000000000138, -0.8500000000000003109 ) ) ;
#2911 = LINE ( 'NONE', #2138, #3819 ) ;
#2912 = ORIENTED_EDGE ( 'NONE', *, *, #2272, .T. ) ;
#2913 = ORIENTED_EDGE ( 'NONE', *, *, #4248, .T. ) ;
#2914 = FACE_OUTER_BOUND ( 'NONE', #4271, .T. ) ;
#2915 = CARTESIAN_POINT ( 'NONE',  ( 1.499999999999993339, 0.2030000000000000138, -0.2000000000000003164 ) ) ;
#2916 = DIRECTION ( 'NONE',  ( -1.000000000000000000, 0.000000000000000000, 2.344220913482168007E-15 ) ) ;
#2917 = CARTESIAN_POINT ( 'NONE',  ( 1.434999999999980291, 0.04999999999999999584, 1.124999999999999556 ) ) ;
#2918 = EDGE_CURVE ( 'NONE', #3991, #1200, #3534, .T. ) ;
#2919 = ORIENTED_EDGE ( 'NONE', *, *, #4731, .T. ) ;
#2920 = ADVANCED_FACE ( 'NONE', ( #577 ), #4259, .T. ) ;
#2921 = FACE_OUTER_BOUND ( 'NONE', #5112, .T. ) ;
#2922 = FACE_OUTER_BOUND ( 'NONE', #2418, .T. ) ;
#2923 = CARTESIAN_POINT ( 'NONE',  ( -1.459999999999979536, 0.04999999999999999584, 0.8499999999999998668 ) ) ;
#2924 = LINE ( 'NONE', #4540, #3397 ) ;
#2925 = LINE ( 'NONE', #411, #4934 ) ;
#2926 = EDGE_CURVE ( 'NONE', #630, #3343, #3861, .T. ) ;
#2927 = VERTEX_POINT ( 'NONE', #2782 ) ;
#2928 = DIRECTION ( 'NONE',  ( -0.000000000000000000, -1.000000000000000000, -0.000000000000000000 ) ) ;
#2929 = ORIENTED_EDGE ( 'NONE', *, *, #3971, .F. ) ;
#2930 = LINE ( 'NONE', #4548, #5180 ) ;
#2931 = EDGE_CURVE ( 'NONE', #29, #3268, #3639, .T. ) ;
#2932 = EDGE_LOOP ( 'NONE', ( #2131, #1179, #498, #4959, #2966, #1344, #1926, #4549 ) ) ;
#2933 = EDGE_CURVE ( 'NONE', #3343, #4589, #4409, .T. ) ;
#2934 = CARTESIAN_POINT ( 'NONE',  ( -1.434999999999979847, 0.2030000000000000138, 1.125000000000000000 ) ) ;
#2935 = LINE ( 'NONE', #2103, #1579 ) ;
#2936 = DIRECTION ( 'NONE',  ( 0.000000000000000000, 0.000000000000000000, 1.000000000000000000 ) ) ;
#2937 = LINE ( 'NONE', #4555, #921 ) ;
#2938 = ORIENTED_EDGE ( 'NONE', *, *, #4599, .F. ) ;
#2939 = ORIENTED_EDGE ( 'NONE', *, *, #288, .T. ) ;
#2940 = LINE ( 'NONE', #4473, #4303 ) ;
#2941 = ORIENTED_EDGE ( 'NONE', *, *, #1037, .T. ) ;
#2942 = DIRECTION ( 'NONE',  ( -0.7071067811865414665, 0.000000000000000000, -0.7071067811865536790 ) ) ;
#2943 = CARTESIAN_POINT ( 'NONE',  ( 0.000000000000000000, 0.05000000000000000278, 0.000000000000000000 ) ) ;
#2944 = DIRECTION ( 'NONE',  ( 0.7071067811865536790, 0.000000000000000000, 0.7071067811865414665 ) ) ;
#2945 = ORIENTED_EDGE ( 'NONE', *, *, #4421, .T. ) ;
#2946 = DIRECTION ( 'NONE',  ( 0.7071067811865491270, 0.000000000000000000, -0.7071067811865459074 ) ) ;
#2947 = FACE_OUTER_BOUND ( 'NONE', #794, .T. ) ;
#2948 = EDGE_CURVE ( 'NONE', #4893, #4146, #2027, .T. ) ;
#2949 = CARTESIAN_POINT ( 'NONE',  ( -1.499999999999986677, 0.000000000000000000, 0.4500000000000001221 ) ) ;
#2950 = CIRCLE ( 'NONE', #1924, 0.1500000000000003830 ) ;
#2951 =( GEOMETRIC_REPRESENTATION_CONTEXT ( 3 ) GLOBAL_UNCERTAINTY_ASSIGNED_CONTEXT ( ( #1443 ) ) GLOBAL_UNIT_ASSIGNED_CONTEXT ( ( #3167, #5208, #3232 ) ) REPRESENTATION_CONTEXT ( 'NONE', 'WORKASPACE' ) );
#2952 = VERTEX_POINT ( 'NONE', #1548 ) ;
#2953 = ORIENTED_EDGE ( 'NONE', *, *, #2926, .F. ) ;
#2954 = AXIS2_PLACEMENT_3D ( 'NONE', #4427, #695, #3203 ) ;
#2955 = PLANE ( 'NONE',  #904 ) ;
#2956 = VECTOR ( 'NONE', #2928, 1000.000000000000000 ) ;
#2957 = EDGE_LOOP ( 'NONE', ( #5157, #167, #2616, #766 ) ) ;
#2958 = DIRECTION ( 'NONE',  ( -0.000000000000000000, -1.000000000000000000, -0.000000000000000000 ) ) ;
#2959 = VECTOR ( 'NONE', #1807, 1000.000000000000000 ) ;
#2960 = VECTOR ( 'NONE', #438, 1000.000000000000000 ) ;
#2961 = FILL_AREA_STYLE ('',( #899 ) ) ;
#2962 = ADVANCED_FACE ( 'NONE', ( #1976 ), #4, .T. ) ;
#2963 = CARTESIAN_POINT ( 'NONE',  ( -1.499999999999979572, 0.2030000000000000138, 1.100000000000000089 ) ) ;
#2964 = CARTESIAN_POINT ( 'NONE',  ( -1.434999999999987175, 0.2030000000000000138, 0.1750000000000000167 ) ) ;
#2965 = AXIS2_PLACEMENT_3D ( 'NONE', #4730, #3163, #4784 ) ;
#2966 = ORIENTED_EDGE ( 'NONE', *, *, #1782, .F. ) ;
#2967 = AXIS2_PLACEMENT_3D ( 'NONE', #2820, #3997, #789 ) ;
#2968 = VERTEX_POINT ( 'NONE', #2436 ) ;
#2969 = CARTESIAN_POINT ( 'NONE',  ( -1.250000000000000000, 0.2030000000000000138, -1.125000000000000444 ) ) ;
#2970 = FACE_OUTER_BOUND ( 'NONE', #1275, .T. ) ;
#2971 = DIRECTION ( 'NONE',  ( 0.000000000000000000, -0.000000000000000000, 1.000000000000000000 ) ) ;
#2972 = AXIS2_PLACEMENT_3D ( 'NONE', #2176, #3832, #97 ) ;
#2973 = CARTESIAN_POINT ( 'NONE',  ( -1.434999999999993836, 0.2030000000000000138, -0.4749999999999999223 ) ) ;
#2974 = ORIENTED_EDGE ( 'NONE', *, *, #3372, .T. ) ;
#2975 = LINE ( 'NONE', #2556, #1848 ) ;
#2976 = VECTOR ( 'NONE', #4534, 1000.000000000000000 ) ;
#2977 = DIRECTION ( 'NONE',  ( 0.000000000000000000, 0.000000000000000000, -1.000000000000000000 ) ) ;
#2978 = LINE ( 'NONE', #1228, #2960 ) ;
#2979 = DIRECTION ( 'NONE',  ( -1.000000000000000000, -0.000000000000000000, -0.000000000000000000 ) ) ;
#2980 = VECTOR ( 'NONE', #3262, 1000.000000000000000 ) ;
#2981 = ORIENTED_EDGE ( 'NONE', *, *, #4692, .T. ) ;
#2982 = EDGE_CURVE ( 'NONE', #4589, #4437, #753, .T. ) ;
#2983 = CARTESIAN_POINT ( 'NONE',  ( -1.434999999999980069, 0.2030000000000000138, 0.8249999999999999556 ) ) ;
#2984 = ORIENTED_EDGE ( 'NONE', *, *, #3987, .T. ) ;
#2985 = DIRECTION ( 'NONE',  ( 1.000000000000000000, 0.000000000000000000, 2.710505431213753985E-15 ) ) ;
#2986 = ORIENTED_EDGE ( 'NONE', *, *, #1610, .F. ) ;
#2987 = AXIS2_PLACEMENT_3D ( 'NONE', #1969, #2461, #1945 ) ;
#2988 = SURFACE_STYLE_FILL_AREA ( #2961 ) ;
#2989 = CARTESIAN_POINT ( 'NONE',  ( 1.459999999999993303, 0.2030000000000000138, -0.4500000000000005107 ) ) ;
#2990 = LINE ( 'NONE', #4696, #3401 ) ;
#2991 = ADVANCED_FACE ( 'NONE', ( #1101 ), #4013, .T. ) ;
#2992 = VERTEX_POINT ( 'NONE', #2809 ) ;
#2993 = ORIENTED_EDGE ( 'NONE', *, *, #3185, .T. ) ;
#2994 = LINE ( 'NONE', #2601, #4819 ) ;
#2995 = DIRECTION ( 'NONE',  ( 0.000000000000000000, -0.000000000000000000, 1.000000000000000000 ) ) ;
#2996 = LINE ( 'NONE', #284, #4562 ) ;
#2997 = DIRECTION ( 'NONE',  ( 0.000000000000000000, -1.000000000000000000, 0.000000000000000000 ) ) ;
#2998 = EDGE_CURVE ( 'NONE', #946, #2337, #4434, .T. ) ;
#2999 = VERTEX_POINT ( 'NONE', #5254 ) ;
#3000 = EDGE_CURVE ( 'NONE', #1825, #3102, #777, .T. ) ;
#3001 = DIRECTION ( 'NONE',  ( -5.421010862427507971E-15, 0.000000000000000000, -1.000000000000000000 ) ) ;
#3002 = DIRECTION ( 'NONE',  ( -1.000000000000000000, 0.000000000000000000, 0.000000000000000000 ) ) ;
#3003 = CARTESIAN_POINT ( 'NONE',  ( 1.499999999999999556, 6.042640687119284593, 1.499999999999999778 ) ) ;
#3004 = CARTESIAN_POINT ( 'NONE',  ( -1.500000000000000000, 0.000000000000000000, -1.100000000000000089 ) ) ;
#3005 = ORIENTED_EDGE ( 'NONE', *, *, #3080, .T. ) ;
#3006 = VERTEX_POINT ( 'NONE', #4358 ) ;
#3007 = DIRECTION ( 'NONE',  ( 0.000000000000000000, 0.000000000000000000, -1.000000000000000000 ) ) ;
#3008 = DIRECTION ( 'NONE',  ( -0.000000000000000000, -1.000000000000000000, -0.000000000000000000 ) ) ;
#3009 = ORIENTED_EDGE ( 'NONE', *, *, #2132, .F. ) ;
#3010 = LINE ( 'NONE', #4261, #679 ) ;
#3011 = EDGE_LOOP ( 'NONE', ( #3741, #4676, #1494, #3698 ) ) ;
#3012 = PLANE ( 'NONE',  #232 ) ;
#3013 = ADVANCED_FACE ( 'NONE', ( #2340 ), #2834, .T. ) ;
#3014 = EDGE_CURVE ( 'NONE', #1720, #3853, #335, .T. ) ;
#3015 = VERTEX_POINT ( 'NONE', #378 ) ;
#3016 = ORIENTED_EDGE ( 'NONE', *, *, #1168, .F. ) ;
#3017 = CARTESIAN_POINT ( 'NONE',  ( 1.434999999999986953, 0.2030000000000000138, 0.4749999999999995337 ) ) ;
#3018 = CARTESIAN_POINT ( 'NONE',  ( -0.5647597264065384870, 0.000000000000000000, -1.139999999999999680 ) ) ;
#3019 = PLANE ( 'NONE',  #4331 ) ;
#3020 = ORIENTED_EDGE ( 'NONE', *, *, #635, .F. ) ;
#3021 = DIRECTION ( 'NONE',  ( -1.000000000000000000, 0.000000000000000000, 0.000000000000000000 ) ) ;
#3022 = LINE ( 'NONE', #3449, #1662 ) ;
#3023 = ORIENTED_EDGE ( 'NONE', *, *, #2948, .F. ) ;
#3024 = CARTESIAN_POINT ( 'NONE',  ( 1.435000000000000053, 0.04999999999999999584, -1.125000000000000444 ) ) ;
#3025 = EDGE_CURVE ( 'NONE', #1895, #4788, #1601, .T. ) ;
#3026 = DIRECTION ( 'NONE',  ( 1.000000000000000000, 0.000000000000000000, -2.344220913482165641E-15 ) ) ;
#3027 = EDGE_CURVE ( 'NONE', #3853, #2298, #4313, .T. ) ;
#3028 = CARTESIAN_POINT ( 'NONE',  ( 1.434999999999993836, 0.2030000000000000138, -0.4750000000000003664 ) ) ;
#3029 = ORIENTED_EDGE ( 'NONE', *, *, #4167, .T. ) ;
#3030 = ORIENTED_EDGE ( 'NONE', *, *, #3599, .T. ) ;
#3031 = LINE ( 'NONE', #2642, #317 ) ;
#3032 = AXIS2_PLACEMENT_3D ( 'NONE', #3950, #3206, #1491 ) ;
#3033 = DIRECTION ( 'NONE',  ( 1.000000000000000000, -0.000000000000000000, -2.344220913482168402E-15 ) ) ;
#3034 = VERTEX_POINT ( 'NONE', #4062 ) ;
#3035 = DIRECTION ( 'NONE',  ( 1.000000000000000000, 0.000000000000000000, 2.344220913482168402E-15 ) ) ;
#3036 = ORIENTED_EDGE ( 'NONE', *, *, #3606, .F. ) ;
#3037 = CIRCLE ( 'NONE', #1752, 0.1500000000000003830 ) ;
#3038 = VECTOR ( 'NONE', #2904, 1000.000000000000000 ) ;
#3039 = DIRECTION ( 'NONE',  ( 1.000000000000000000, 0.000000000000000000, 0.000000000000000000 ) ) ;
#3040 = CARTESIAN_POINT ( 'NONE',  ( -1.435000000000000497, 0.2030000000000000138, -1.125000000000000000 ) ) ;
#3041 = CARTESIAN_POINT ( 'NONE',  ( 1.249999999999999556, 0.2030000000000000138, -0.9750000000000004219 ) ) ;
#3042 = VECTOR ( 'NONE', #4183, 1000.000000000000000 ) ;
#3043 = VECTOR ( 'NONE', #5026, 1000.000000000000000 ) ;
#3044 = CARTESIAN_POINT ( 'NONE',  ( 1.249999999999999556, 0.04999999999999999584, -0.9750000000000004219 ) ) ;
#3045 = AXIS2_PLACEMENT_3D ( 'NONE', #802, #700, #1975 ) ;
#3046 = FACE_OUTER_BOUND ( 'NONE', #4901, .T. ) ;
#3047 = EDGE_CURVE ( 'NONE', #2142, #4362, #3957, .T. ) ;
#3048 = CARTESIAN_POINT ( 'NONE',  ( -1.459999999999999964, 0.000000000000000000, -1.100000000000000089 ) ) ;
#3049 = FACE_OUTER_BOUND ( 'NONE', #2166, .T. ) ;
#3050 = AXIS2_PLACEMENT_3D ( 'NONE', #597, #619, #1365 ) ;
#3051 = ORIENTED_EDGE ( 'NONE', *, *, #2269, .F. ) ;
#3052 = UNCERTAINTY_MEASURE_WITH_UNIT (LENGTH_MEASURE( 1.000000000000000082E-05 ), #2134, 'distance_accuracy_value', 'NONE');
#3053 = CARTESIAN_POINT ( 'NONE',  ( -1.249999999999979572, 0.2030000000000000138, 0.8249999999999995115 ) ) ;
#3054 = FILL_AREA_STYLE ('',( #598 ) ) ;
#3055 = VERTEX_POINT ( 'NONE', #1923 ) ;
#3056 = VECTOR ( 'NONE', #4516, 1000.000000000000000 ) ;
#3057 = FACE_OUTER_BOUND ( 'NONE', #5171, .T. ) ;
#3058 = SURFACE_STYLE_USAGE ( .BOTH. , #5125 ) ;
#3059 = CARTESIAN_POINT ( 'NONE',  ( 1.434999999999987175, 0.000000000000000000, 0.1749999999999996003 ) ) ;
#3060 = ORIENTED_EDGE ( 'NONE', *, *, #1292, .T. ) ;
#3061 = VECTOR ( 'NONE', #3655, 1000.000000000000000 ) ;
#3062 = ORIENTED_EDGE ( 'NONE', *, *, #440, .T. ) ;
#3063 = EDGE_CURVE ( 'NONE', #1463, #117, #3165, .T. ) ;
#3064 = EDGE_CURVE ( 'NONE', #128, #2823, #724, .T. ) ;
#3065 = DIRECTION ( 'NONE',  ( 1.000000000000000000, -0.000000000000000000, 0.000000000000000000 ) ) ;
#3066 = VECTOR ( 'NONE', #57, 1000.000000000000000 ) ;
#3067 = DIRECTION ( 'NONE',  ( -0.000000000000000000, 0.000000000000000000, 1.000000000000000000 ) ) ;
#3068 = ORIENTED_EDGE ( 'NONE', *, *, #3243, .F. ) ;
#3069 = LINE ( 'NONE', #3887, #3833 ) ;
#3070 = EDGE_LOOP ( 'NONE', ( #866, #4306, #4791, #4258, #231, #1847, #1212, #1475 ) ) ;
#3071 = EDGE_CURVE ( 'NONE', #4765, #4152, #525, .T. ) ;
#3072 = PRODUCT_CONTEXT ( 'NONE', #3296, 'mechanical' ) ;
#3073 = FILL_AREA_STYLE_COLOUR ( '', #3963 ) ;
#3074 = CARTESIAN_POINT ( 'NONE',  ( 1.459999999999979980, 0.2030000000000000138, 0.8499999999999994227 ) ) ;
#3075 = AXIS2_PLACEMENT_3D ( 'NONE', #2114, #1649, #4905 ) ;
#3076 = DIRECTION ( 'NONE',  ( -0.000000000000000000, -1.000000000000000000, -0.000000000000000000 ) ) ;
#3077 = DIRECTION ( 'NONE',  ( 0.7071067811865491270, 0.000000000000000000, -0.7071067811865459074 ) ) ;
#3078 = FACE_OUTER_BOUND ( 'NONE', #522, .T. ) ;
#3079 = VERTEX_POINT ( 'NONE', #3775 ) ;
#3080 = EDGE_CURVE ( 'NONE', #1126, #1758, #4569, .T. ) ;
#3081 = CARTESIAN_POINT ( 'NONE',  ( -1.249999999999993339, 0.2030000000000000138, -0.1749999999999996003 ) ) ;
#3082 =( NAMED_UNIT ( * ) SI_UNIT ( $, .STERADIAN. ) SOLID_ANGLE_UNIT ( ) );
#3083 = VERTEX_POINT ( 'NONE', #2150 ) ;
#3084 = CARTESIAN_POINT ( 'NONE',  ( -1.499999999999986677, 0.2030000000000000138, 0.4500000000000001221 ) ) ;
#3085 = LINE ( 'NONE', #204, #1571 ) ;
#3086 = EDGE_CURVE ( 'NONE', #3153, #4519, #65, .T. ) ;
#3087 = ORIENTED_EDGE ( 'NONE', *, *, #1429, .T. ) ;
#3088 = EDGE_CURVE ( 'NONE', #3525, #652, #2494, .T. ) ;
#3089 = ORIENTED_EDGE ( 'NONE', *, *, #18, .T. ) ;
#3090 = DIRECTION ( 'NONE',  ( 0.000000000000000000, 1.000000000000000000, -0.000000000000000000 ) ) ;
#3091 = ORIENTED_EDGE ( 'NONE', *, *, #4713, .T. ) ;
#3092 = CARTESIAN_POINT ( 'NONE',  ( -1.250000000000000000, 0.2030000000000000138, -1.125000000000000444 ) ) ;
#3093 = ORIENTED_EDGE ( 'NONE', *, *, #3088, .T. ) ;
#3094 = SURFACE_SIDE_STYLE ('',( #4236 ) ) ;
#3095 = CARTESIAN_POINT ( 'NONE',  ( 1.499999999999986677, 0.2030000000000000138, 0.1999999999999994282 ) ) ;
#3096 = EDGE_CURVE ( 'NONE', #1987, #4132, #2521, .T. ) ;
#3097 = EDGE_CURVE ( 'NONE', #2992, #4664, #4114, .T. ) ;
#3098 = SURFACE_STYLE_FILL_AREA ( #1056 ) ;
#3099 = CARTESIAN_POINT ( 'NONE',  ( -1.499999999999986677, 0.2030000000000000138, 0.4500000000000001221 ) ) ;
#3100 = LINE ( 'NONE', #1412, #762 ) ;
#3101 = DIRECTION ( 'NONE',  ( -2.344220913482165641E-15, 0.000000000000000000, 1.000000000000000000 ) ) ;
#3102 = VERTEX_POINT ( 'NONE', #944 ) ;
#3103 = DIRECTION ( 'NONE',  ( 0.000000000000000000, -1.000000000000000000, 0.000000000000000000 ) ) ;
#3104 = CARTESIAN_POINT ( 'NONE',  ( 2.637248527667445862E-15, 0.05000000000000000278, 1.125000000000002887 ) ) ;
#3105 = VERTEX_POINT ( 'NONE', #4999 ) ;
#3106 = DIRECTION ( 'NONE',  ( -1.000000000000000000, -0.000000000000000000, -0.000000000000000000 ) ) ;
#3107 = PRESENTATION_STYLE_ASSIGNMENT (( #3058 ) ) ;
#3108 =( GEOMETRIC_REPRESENTATION_CONTEXT ( 3 ) GLOBAL_UNCERTAINTY_ASSIGNED_CONTEXT ( ( #4702 ) ) GLOBAL_UNIT_ASSIGNED_CONTEXT ( ( #189, #3540, #1034 ) ) REPRESENTATION_CONTEXT ( 'NONE', 'WORKASPACE' ) );
#3109 = ORIENTED_EDGE ( 'NONE', *, *, #1549, .F. ) ;
#3110 = DIRECTION ( 'NONE',  ( -0.7071067811865414665, 0.000000000000000000, -0.7071067811865536790 ) ) ;
#3111 = CARTESIAN_POINT ( 'NONE',  ( 1.249999999999986677, 0.05000000000000000278, 0.1749999999999992117 ) ) ;
#3112 = EDGE_CURVE ( 'NONE', #2388, #530, #2978, .T. ) ;
#3113 = DIRECTION ( 'NONE',  ( 0.000000000000000000, 1.000000000000000000, 0.000000000000000000 ) ) ;
#3114 = ORIENTED_EDGE ( 'NONE', *, *, #4520, .F. ) ;
#3115 = DIRECTION ( 'NONE',  ( 0.000000000000000000, 0.000000000000000000, -1.000000000000000000 ) ) ;
#3116 = EDGE_LOOP ( 'NONE', ( #1711, #1944, #4359, #4797 ) ) ;
#3117 = EDGE_LOOP ( 'NONE', ( #680, #3068, #2399, #4049 ) ) ;
#3118 = DIRECTION ( 'NONE',  ( 0.000000000000000000, 1.000000000000000000, 0.000000000000000000 ) ) ;
#3119 = CARTESIAN_POINT ( 'NONE',  ( 1.249999999999986677, 0.000000000000000000, 0.3249999999999996780 ) ) ;
#3120 = VECTOR ( 'NONE', #2725, 1000.000000000000000 ) ;
#3121 = ADVANCED_FACE ( 'NONE', ( #2122 ), #4602, .F. ) ;
#3122 = CARTESIAN_POINT ( 'NONE',  ( 0.6749999999999987121, 0.05000000000000000278, -1.189999999999999725 ) ) ;
#3123 = CARTESIAN_POINT ( 'NONE',  ( 1.499999999999999556, 0.2030000000000000138, -1.100000000000000533 ) ) ;
#3124 = VECTOR ( 'NONE', #5116, 1000.000000000000000 ) ;
#3125 = VECTOR ( 'NONE', #2093, 1000.000000000000000 ) ;
#3126 = LINE ( 'NONE', #4749, #840 ) ;
#3127 = EDGE_LOOP ( 'NONE', ( #4933, #3093, #4031, #3783 ) ) ;
#3128 = VECTOR ( 'NONE', #3450, 1000.000000000000000 ) ;
#3129 = LINE ( 'NONE', #3178, #2201 ) ;
#3130 = CARTESIAN_POINT ( 'NONE',  ( 1.249999999999993339, 0.2030000000000000138, -0.1749999999999999611 ) ) ;
#3131 = ORIENTED_EDGE ( 'NONE', *, *, #3848, .T. ) ;
#3132 = FACE_OUTER_BOUND ( 'NONE', #2118, .T. ) ;
#3133 = FACE_OUTER_BOUND ( 'NONE', #4327, .T. ) ;
#3134 = ORIENTED_EDGE ( 'NONE', *, *, #1740, .F. ) ;
#3135 = CARTESIAN_POINT ( 'NONE',  ( 1.434999999999993614, 0.04999999999999999584, -0.1750000000000004607 ) ) ;
#3136 = VECTOR ( 'NONE', #1368, 1000.000000000000000 ) ;
#3137 = CARTESIAN_POINT ( 'NONE',  ( 1.434999999999986953, 0.2030000000000000138, 0.4749999999999995337 ) ) ;
#3138 = DIRECTION ( 'NONE',  ( -1.000000000000000000, -0.000000000000000000, -0.000000000000000000 ) ) ;
#3139 = ORIENTED_EDGE ( 'NONE', *, *, #397, .F. ) ;
#3140 = VECTOR ( 'NONE', #156, 1000.000000000000000 ) ;
#3141 = CARTESIAN_POINT ( 'NONE',  ( 1.434999999999980513, 0.2030000000000000138, 0.8249999999999995115 ) ) ;
#3142 = ORIENTED_EDGE ( 'NONE', *, *, #1025, .T. ) ;
#3143 = ORIENTED_EDGE ( 'NONE', *, *, #3488, .F. ) ;
#3144 = EDGE_CURVE ( 'NONE', #4529, #5030, #834, .T. ) ;
#3145 = VECTOR ( 'NONE', #3650, 1000.000000000000000 ) ;
#3146 = LINE ( 'NONE', #3574, #3124 ) ;
#3147 = VECTOR ( 'NONE', #2958, 1000.000000000000000 ) ;
#3148 = LINE ( 'NONE', #4391, #3498 ) ;
#3149 = VECTOR ( 'NONE', #1205, 1000.000000000000000 ) ;
#3150 = LINE ( 'NONE', #1963, #746 ) ;
#3151 = ADVANCED_FACE ( 'NONE', ( #3754 ), #546, .T. ) ;
#3152 = LINE ( 'NONE', #4463, #332 ) ;
#3153 = VERTEX_POINT ( 'NONE', #1717 ) ;
#3154 = CARTESIAN_POINT ( 'NONE',  ( 1.434999999999999831, 0.2030000000000000138, -0.8250000000000003997 ) ) ;
#3155 = DIRECTION ( 'NONE',  ( 0.000000000000000000, -1.000000000000000000, 0.000000000000000000 ) ) ;
#3156 = EDGE_LOOP ( 'NONE', ( #4716, #4650, #5197, #3825 ) ) ;
#3157 = DIRECTION ( 'NONE',  ( 0.000000000000000000, 0.000000000000000000, -1.000000000000000000 ) ) ;
#3158 = PLANE ( 'NONE',  #3032 ) ;
#3159 =( NAMED_UNIT ( * ) SI_UNIT ( $, .STERADIAN. ) SOLID_ANGLE_UNIT ( ) );
#3160 = VECTOR ( 'NONE', #3444, 1000.000000000000000 ) ;
#3161 = EDGE_CURVE ( 'NONE', #3105, #4777, #4972, .T. ) ;
#3162 = ORIENTED_EDGE ( 'NONE', *, *, #4198, .T. ) ;
#3163 = DIRECTION ( 'NONE',  ( -1.758165685111624132E-15, 0.000000000000000000, 1.000000000000000000 ) ) ;
#3164 = DIRECTION ( 'NONE',  ( 0.7071067811865414665, 0.000000000000000000, 0.7071067811865536790 ) ) ;
#3165 = LINE ( 'NONE', #4786, #992 ) ;
#3166 = DIRECTION ( 'NONE',  ( -1.000000000000000000, 0.000000000000000000, 0.000000000000000000 ) ) ;
#3167 =( LENGTH_UNIT ( ) NAMED_UNIT ( * ) SI_UNIT ( .MILLI., .METRE. ) );
#3168 = ORIENTED_EDGE ( 'NONE', *, *, #1544, .F. ) ;
#3169 = DIRECTION ( 'NONE',  ( -0.000000000000000000, -1.000000000000000000, -0.000000000000000000 ) ) ;
#3170 = ORIENTED_EDGE ( 'NONE', *, *, #2547, .F. ) ;
#3171 = EDGE_LOOP ( 'NONE', ( #3539, #4890, #5187, #5008 ) ) ;
#3172 = LINE ( 'NONE', #2346, #2697 ) ;
#3173 = PLANE ( 'NONE',  #3486 ) ;
#3174 = LINE ( 'NONE', #2846, #1187 ) ;
#3175 = CARTESIAN_POINT ( 'NONE',  ( -1.459999999999979536, 0.2030000000000000138, 0.8499999999999998668 ) ) ;
#3176 = ADVANCED_FACE ( 'NONE', ( #2896 ), #1312, .T. ) ;
#3177 = ORIENTED_EDGE ( 'NONE', *, *, #788, .F. ) ;
#3178 = CARTESIAN_POINT ( 'NONE',  ( -1.459999999999993303, 0.2030000000000000138, -0.4500000000000001221 ) ) ;
#3179 = LINE ( 'NONE', #5145, #1150 ) ;
#3180 = ORIENTED_EDGE ( 'NONE', *, *, #3965, .F. ) ;
#3181 = CARTESIAN_POINT ( 'NONE',  ( -1.459999999999979536, 0.000000000000000000, 1.100000000000000311 ) ) ;
#3182 = CARTESIAN_POINT ( 'NONE',  ( -1.434999999999986953, 0.000000000000000000, 0.4749999999999999223 ) ) ;
#3183 = EDGE_LOOP ( 'NONE', ( #4828, #1128, #1545, #4870, #4093, #1016, #426, #3282 ) ) ;
#3184 = CARTESIAN_POINT ( 'NONE',  ( -1.499999999999993339, 0.2030000000000000138, -0.1999999999999998723 ) ) ;
#3185 = EDGE_CURVE ( 'NONE', #3636, #1071, #4944, .T. ) ;
#3186 = DIRECTION ( 'NONE',  ( 0.000000000000000000, -1.000000000000000000, 0.000000000000000000 ) ) ;
#3187 = EDGE_CURVE ( 'NONE', #4006, #3421, #3384, .T. ) ;
#3188 = CARTESIAN_POINT ( 'NONE',  ( -1.249999999999979572, 0.2030000000000000138, 0.9749999999999999778 ) ) ;
#3189 = VERTEX_POINT ( 'NONE', #2923 ) ;
#3190 = CARTESIAN_POINT ( 'NONE',  ( 1.249999999999986677, 0.000000000000000000, 0.1749999999999992117 ) ) ;
#3191 = VERTEX_POINT ( 'NONE', #995 ) ;
#3192 = EDGE_LOOP ( 'NONE', ( #2321, #4415, #1375, #2798 ) ) ;
#3193 = EDGE_CURVE ( 'NONE', #1301, #5034, #5103, .T. ) ;
#3194 = DIRECTION ( 'NONE',  ( -0.000000000000000000, -1.000000000000000000, -0.000000000000000000 ) ) ;
#3195 = CARTESIAN_POINT ( 'NONE',  ( 1.434999999999987175, 0.2030000000000000138, 0.1749999999999996003 ) ) ;
#3196 = FACE_OUTER_BOUND ( 'NONE', #2329, .T. ) ;
#3197 = AXIS2_PLACEMENT_3D ( 'NONE', #3770, #1679, #486 ) ;
#3198 = VERTEX_POINT ( 'NONE', #1447 ) ;
#3199 = ORIENTED_EDGE ( 'NONE', *, *, #2132, .T. ) ;
#3200 = EDGE_CURVE ( 'NONE', #2314, #5056, #3432, .T. ) ;
#3201 = VECTOR ( 'NONE', #4371, 1000.000000000000000 ) ;
#3202 = VECTOR ( 'NONE', #2871, 1000.000000000000000 ) ;
#3203 = DIRECTION ( 'NONE',  ( 0.000000000000000000, -0.000000000000000000, 1.000000000000000000 ) ) ;
#3204 = VERTEX_POINT ( 'NONE', #3507 ) ;
#3205 = CARTESIAN_POINT ( 'NONE',  ( -1.459999999999986420, 0.2030000000000000138, 0.4500000000000001776 ) ) ;
#3206 = DIRECTION ( 'NONE',  ( 0.000000000000000000, 1.000000000000000000, 0.000000000000000000 ) ) ;
#3207 = MECHANICAL_DESIGN_GEOMETRIC_PRESENTATION_REPRESENTATION (  '', ( #2775 ), #1157 ) ;
#3208 = VECTOR ( 'NONE', #2057, 1000.000000000000114 ) ;
#3209 = ORIENTED_EDGE ( 'NONE', *, *, #4969, .T. ) ;
#3210 = FACE_OUTER_BOUND ( 'NONE', #867, .T. ) ;
#3211 = PLANE ( 'NONE',  #898 ) ;
#3212 = AXIS2_PLACEMENT_3D ( 'NONE', #4300, #4834, #3532 ) ;
#3213 = CARTESIAN_POINT ( 'NONE',  ( 1.435000000000000053, 0.2030000000000000138, -1.125000000000000444 ) ) ;
#3214 = DIRECTION ( 'NONE',  ( -0.000000000000000000, -1.000000000000000000, -0.000000000000000000 ) ) ;
#3215 = DIRECTION ( 'NONE',  ( 0.000000000000000000, 0.000000000000000000, 1.000000000000000000 ) ) ;
#3216 = ORIENTED_EDGE ( 'NONE', *, *, #1358, .T. ) ;
#3217 = EDGE_CURVE ( 'NONE', #1903, #2245, #3906, .T. ) ;
#3218 = AXIS2_PLACEMENT_3D ( 'NONE', #4249, #223, #1837 ) ;
#3219 = VERTEX_POINT ( 'NONE', #1840 ) ;
#3220 = PLANE ( 'NONE',  #3969 ) ;
#3221 = CARTESIAN_POINT ( 'NONE',  ( 1.499999999999980016, 0.2030000000000000138, 0.8499999999999994227 ) ) ;
#3222 = VECTOR ( 'NONE', #2881, 1000.000000000000000 ) ;
#3223 = ORIENTED_EDGE ( 'NONE', *, *, #1102, .F. ) ;
#3224 = ADVANCED_FACE ( 'NONE', ( #203 ), #2676, .T. ) ;
#3225 = EDGE_CURVE ( 'NONE', #2711, #557, #3830, .T. ) ;
#3226 = VECTOR ( 'NONE', #3033, 1000.000000000000000 ) ;
#3227 = LINE ( 'NONE', #2794, #2135 ) ;
#3228 = AXIS2_PLACEMENT_3D ( 'NONE', #4346, #3101, #2672 ) ;
#3229 = VERTEX_POINT ( 'NONE', #4295 ) ;
#3230 = ORIENTED_EDGE ( 'NONE', *, *, #3629, .F. ) ;
#3231 = VECTOR ( 'NONE', #3917, 1000.000000000000000 ) ;
#3232 =( NAMED_UNIT ( * ) SI_UNIT ( $, .STERADIAN. ) SOLID_ANGLE_UNIT ( ) );
#3233 = EDGE_LOOP ( 'NONE', ( #3538, #4226, #4104, #5263, #5277, #3023, #4865, #2448, #3435, #5123 ) ) ;
#3234 = CARTESIAN_POINT ( 'NONE',  ( 1.459999999999999520, 0.04999999999999999584, -1.100000000000000533 ) ) ;
#3235 = DIRECTION ( 'NONE',  ( 1.000000000000000000, -0.000000000000000000, -2.344220913482168402E-15 ) ) ;
#3236 = LINE ( 'NONE', #1622, #588 ) ;
#3237 = VECTOR ( 'NONE', #400, 1000.000000000000000 ) ;
#3238 = ORIENTED_EDGE ( 'NONE', *, *, #3328, .T. ) ;
#3239 = CARTESIAN_POINT ( 'NONE',  ( -1.459999999999979536, 0.2030000000000000138, 1.100000000000000311 ) ) ;
#3240 = DIRECTION ( 'NONE',  ( 0.000000000000000000, -1.000000000000000000, 0.000000000000000000 ) ) ;
#3241 = DIRECTION ( 'NONE',  ( 1.000000000000000000, 0.000000000000000000, 2.344220913482168402E-15 ) ) ;
#3242 = EDGE_CURVE ( 'NONE', #186, #2040, #1469, .T. ) ;
#3243 = EDGE_CURVE ( 'NONE', #3902, #1047, #1872, .T. ) ;
#3244 = LINE ( 'NONE', #835, #5092 ) ;
#3245 = DIRECTION ( 'NONE',  ( -0.7071067811865491270, 0.000000000000000000, -0.7071067811865459074 ) ) ;
#3246 = ORIENTED_EDGE ( 'NONE', *, *, #3954, .T. ) ;
#3247 = EDGE_LOOP ( 'NONE', ( #3494, #3766, #2284, #914 ) ) ;
#3248 = CARTESIAN_POINT ( 'NONE',  ( -0.3050000000000033795, 0.05000000000000000278, 0.3050000000000019917 ) ) ;
#3249 = CARTESIAN_POINT ( 'NONE',  ( 1.499999999999980016, 0.2030000000000000138, 0.8499999999999994227 ) ) ;
#3250 = VERTEX_POINT ( 'NONE', #4706 ) ;
#3251 = CARTESIAN_POINT ( 'NONE',  ( -1.100000000000000089, 0.8499999999999999778, -1.099999999999999867 ) ) ;
#3252 = ORIENTED_EDGE ( 'NONE', *, *, #3965, .T. ) ;
#3253 = ADVANCED_FACE ( 'NONE', ( #5124 ), #280, .T. ) ;
#3254 = EDGE_CURVE ( 'NONE', #4278, #4734, #648, .T. ) ;
#3255 = FILL_AREA_STYLE_COLOUR ( '', #4954 ) ;
#3256 = ORIENTED_EDGE ( 'NONE', *, *, #6, .T. ) ;
#3257 = AXIS2_PLACEMENT_3D ( 'NONE', #5238, #1213, #1908 ) ;
#3258 = VERTEX_POINT ( 'NONE', #5072 ) ;
#3259 = DIRECTION ( 'NONE',  ( 0.000000000000000000, 0.000000000000000000, -1.000000000000000000 ) ) ;
#3260 = DIRECTION ( 'NONE',  ( 0.000000000000000000, 0.000000000000000000, -1.000000000000000000 ) ) ;
#3261 = CARTESIAN_POINT ( 'NONE',  ( 1.434999999999993836, 0.2030000000000000138, -0.4750000000000003664 ) ) ;
#3262 = DIRECTION ( 'NONE',  ( -0.000000000000000000, -1.000000000000000000, -0.000000000000000000 ) ) ;
#3263 = ORIENTED_EDGE ( 'NONE', *, *, #5226, .F. ) ;
#3264 = LINE ( 'NONE', #435, #494 ) ;
#3265 = PLANE ( 'NONE',  #3730 ) ;
#3266 = FACE_OUTER_BOUND ( 'NONE', #2032, .T. ) ;
#3267 = LINE ( 'NONE', #4885, #4504 ) ;
#3268 = VERTEX_POINT ( 'NONE', #3024 ) ;
#3269 = EDGE_LOOP ( 'NONE', ( #348, #926, #157, #2407 ) ) ;
#3270 = CARTESIAN_POINT ( 'NONE',  ( -1.434999999999979847, 0.2030000000000000138, 1.125000000000000000 ) ) ;
#3271 = CARTESIAN_POINT ( 'NONE',  ( -1.434999999999987175, 0.000000000000000000, 0.1750000000000000167 ) ) ;
#3272 = ORIENTED_EDGE ( 'NONE', *, *, #2982, .F. ) ;
#3273 = PLANE ( 'NONE',  #416 ) ;
#3274 = ORIENTED_EDGE ( 'NONE', *, *, #2319, .F. ) ;
#3275 = EDGE_CURVE ( 'NONE', #4442, #1819, #3468, .T. ) ;
#3276 = CARTESIAN_POINT ( 'NONE',  ( 1.499999999999999556, 0.2030000000000000138, -1.100000000000000533 ) ) ;
#3277 = CARTESIAN_POINT ( 'NONE',  ( -1.435000000000000275, 0.2030000000000000138, -0.8249999999999999556 ) ) ;
#3278 = LINE ( 'NONE', #1119, #1069 ) ;
#3279 = CARTESIAN_POINT ( 'NONE',  ( -1.499999999999986677, 0.2030000000000000138, 0.1999999999999998723 ) ) ;
#3280 = CARTESIAN_POINT ( 'NONE',  ( 1.459999999999986420, 0.2030000000000000138, 0.4499999999999997891 ) ) ;
#3281 = ADVANCED_FACE ( 'NONE', ( #3057 ), #4681, .T. ) ;
#3282 = ORIENTED_EDGE ( 'NONE', *, *, #889, .T. ) ;
#3283 = EDGE_CURVE ( 'NONE', #4073, #5273, #570, .T. ) ;
#3284 = ORIENTED_EDGE ( 'NONE', *, *, #4217, .T. ) ;
#3285 = FACE_OUTER_BOUND ( 'NONE', #4947, .T. ) ;
#3286 = ORIENTED_EDGE ( 'NONE', *, *, #3711, .F. ) ;
#3287 = DIRECTION ( 'NONE',  ( 0.000000000000000000, 0.000000000000000000, 1.000000000000000000 ) ) ;
#3288 = DIRECTION ( 'NONE',  ( 0.000000000000000000, 0.000000000000000000, -1.000000000000000000 ) ) ;
#3289 = AXIS2_PLACEMENT_3D ( 'NONE', #4450, #4430, #4779 ) ;
#3290 = LINE ( 'NONE', #4908, #1352 ) ;
#3291 = ORIENTED_EDGE ( 'NONE', *, *, #415, .F. ) ;
#3292 = AXIS2_PLACEMENT_3D ( 'NONE', #1870, #5025, #254 ) ;
#3293 = AXIS2_PLACEMENT_3D ( 'NONE', #2305, #1608, #3499 ) ;
#3294 = DIRECTION ( 'NONE',  ( -5.504235658546187749E-17, 0.000000000000000000, -1.000000000000000000 ) ) ;
#3295 = CARTESIAN_POINT ( 'NONE',  ( 1.499999999999980016, 0.04999999999999999584, 1.099999999999999645 ) ) ;
#3296 = APPLICATION_CONTEXT ( 'automotive_design' ) ;
#3297 = CARTESIAN_POINT ( 'NONE',  ( -0.6750000000000002665, 0.000000000000000000, 1.040000000000000036 ) ) ;
#3298 = VECTOR ( 'NONE', #1125, 1000.000000000000000 ) ;
#3299 = ORIENTED_EDGE ( 'NONE', *, *, #1751, .F. ) ;
#3300 = DIRECTION ( 'NONE',  ( -1.000000000000000000, 0.000000000000000000, 2.710505431213753985E-15 ) ) ;
#3301 = ORIENTED_EDGE ( 'NONE', *, *, #1296, .T. ) ;
#3302 = ORIENTED_EDGE ( 'NONE', *, *, #786, .T. ) ;
#3303 = VECTOR ( 'NONE', #4069, 1000.000000000000000 ) ;
#3304 = VECTOR ( 'NONE', #1339, 1000.000000000000000 ) ;
#3305 = FACE_OUTER_BOUND ( 'NONE', #2841, .T. ) ;
#3306 = DIRECTION ( 'NONE',  ( 0.000000000000000000, 1.000000000000000000, 0.000000000000000000 ) ) ;
#3307 = VERTEX_POINT ( 'NONE', #3930 ) ;
#3308 = AXIS2_PLACEMENT_3D ( 'NONE', #1091, #5172, #5100 ) ;
#3309 = CARTESIAN_POINT ( 'NONE',  ( -3.589588273769497125E-16, 0.05000000000000000278, 0.1749999999999966305 ) ) ;
#3310 = VERTEX_POINT ( 'NONE', #3856 ) ;
#3311 = CIRCLE ( 'NONE', #1932, 0.1500000000000004108 ) ;
#3312 = PLANE ( 'NONE',  #4659 ) ;
#3313 = EDGE_CURVE ( 'NONE', #3616, #4067, #4273, .T. ) ;
#3314 = CARTESIAN_POINT ( 'NONE',  ( 1.434999999999980513, 0.000000000000000000, 0.8249999999999995115 ) ) ;
#3315 = VECTOR ( 'NONE', #1407, 1000.000000000000000 ) ;
#3316 = ORIENTED_EDGE ( 'NONE', *, *, #3611, .F. ) ;
#3317 = ORIENTED_EDGE ( 'NONE', *, *, #5099, .F. ) ;
#3318 = CARTESIAN_POINT ( 'NONE',  ( 1.459999999999993303, 0.000000000000000000, -0.2000000000000002054 ) ) ;
#3319 = DIRECTION ( 'NONE',  ( -0.000000000000000000, -1.000000000000000000, -0.000000000000000000 ) ) ;
#3320 = VECTOR ( 'NONE', #4270, 1000.000000000000000 ) ;
#3321 = DIRECTION ( 'NONE',  ( -2.344220913482168007E-15, 0.000000000000000000, -1.000000000000000000 ) ) ;
#3322 = LINE ( 'NONE', #3748, #750 ) ;
#3323 = ORIENTED_EDGE ( 'NONE', *, *, #1347, .T. ) ;
#3324 = VECTOR ( 'NONE', #4232, 1000.000000000000000 ) ;
#3325 = DIRECTION ( 'NONE',  ( -0.000000000000000000, -1.000000000000000000, -0.000000000000000000 ) ) ;
#3326 = LINE ( 'NONE', #1655, #2087 ) ;
#3327 = DIRECTION ( 'NONE',  ( -1.000000000000000000, -0.000000000000000000, -0.000000000000000000 ) ) ;
#3328 = EDGE_CURVE ( 'NONE', #712, #3307, #2607, .T. ) ;
#3329 = EDGE_CURVE ( 'NONE', #4756, #843, #1796, .T. ) ;
#3330 = VECTOR ( 'NONE', #1221, 1000.000000000000000 ) ;
#3331 = CARTESIAN_POINT ( 'NONE',  ( 1.499999999999999556, 0.2030000000000000138, -1.100000000000000533 ) ) ;
#3332 = CARTESIAN_POINT ( 'NONE',  ( 0.3050000000000029354, 0.05000000000000000278, -0.3049999999999976619 ) ) ;
#3333 = ORIENTED_EDGE ( 'NONE', *, *, #1751, .T. ) ;
#3334 = ORIENTED_EDGE ( 'NONE', *, *, #1681, .F. ) ;
#3335 = CARTESIAN_POINT ( 'NONE',  ( -1.499999999999993339, 0.2030000000000000138, -0.4500000000000001221 ) ) ;
#3336 = ORIENTED_EDGE ( 'NONE', *, *, #1359, .T. ) ;
#3337 = DIRECTION ( 'NONE',  ( 1.000000000000000000, 0.000000000000000000, 0.000000000000000000 ) ) ;
#3338 = ORIENTED_EDGE ( 'NONE', *, *, #940, .T. ) ;
#3339 = DIRECTION ( 'NONE',  ( 0.7071067811865459074, 0.000000000000000000, -0.7071067811865491270 ) ) ;
#3340 = FILL_AREA_STYLE ('',( #930 ) ) ;
#3341 = CARTESIAN_POINT ( 'NONE',  ( 1.434999999999993836, 0.000000000000000000, -0.4750000000000003664 ) ) ;
#3342 = FACE_OUTER_BOUND ( 'NONE', #160, .T. ) ;
#3343 = VERTEX_POINT ( 'NONE', #3084 ) ;
#3344 = EDGE_LOOP ( 'NONE', ( #5179, #1990, #1757, #2945 ) ) ;
#3345 = DIRECTION ( 'NONE',  ( -2.344220913482165641E-15, 0.000000000000000000, 1.000000000000000000 ) ) ;
#3346 = EDGE_CURVE ( 'NONE', #29, #4605, #2287, .T. ) ;
#3347 = VERTEX_POINT ( 'NONE', #330 ) ;
#3348 = DIRECTION ( 'NONE',  ( 0.000000000000000000, 0.000000000000000000, 1.000000000000000000 ) ) ;
#3349 = CARTESIAN_POINT ( 'NONE',  ( -1.499999999999979572, 0.2030000000000000138, 1.100000000000000089 ) ) ;
#3350 = CARTESIAN_POINT ( 'NONE',  ( -0.6138616648203991666, 0.05000000000000000278, -1.149433962264150511 ) ) ;
#3351 = ORIENTED_EDGE ( 'NONE', *, *, #642, .T. ) ;
#3352 = DIRECTION ( 'NONE',  ( 0.000000000000000000, -1.000000000000000000, 0.000000000000000000 ) ) ;
#3353 = CARTESIAN_POINT ( 'NONE',  ( -1.100000000000000089, 0.8499999999999999778, -1.099999999999999867 ) ) ;
#3354 = LINE ( 'NONE', #3004, #1085 ) ;
#3355 = VERTEX_POINT ( 'NONE', #697 ) ;
#3356 = EDGE_LOOP ( 'NONE', ( #983, #4438, #1364, #2737 ) ) ;
#3357 = ADVANCED_FACE ( 'NONE', ( #3132 ), #3605, .F. ) ;
#3358 = LINE ( 'NONE', #1346, #3038 ) ;
#3359 =( GEOMETRIC_REPRESENTATION_CONTEXT ( 3 ) GLOBAL_UNCERTAINTY_ASSIGNED_CONTEXT ( ( #3052 ) ) GLOBAL_UNIT_ASSIGNED_CONTEXT ( ( #2134, #4983, #3386 ) ) REPRESENTATION_CONTEXT ( 'NONE', 'WORKASPACE' ) );
#3360 = ORIENTED_EDGE ( 'NONE', *, *, #1653, .T. ) ;
#3361 = DIRECTION ( 'NONE',  ( 1.000000000000000000, 0.000000000000000000, -2.344220913482165641E-15 ) ) ;
#3362 = CYLINDRICAL_SURFACE ( 'NONE', #2544, 0.1500000000000004108 ) ;
#3363 = LINE ( 'NONE', #2963, #636 ) ;
#3364 = FACE_OUTER_BOUND ( 'NONE', #1177, .T. ) ;
#3365 = ORIENTED_EDGE ( 'NONE', *, *, #5203, .F. ) ;
#3366 = ORIENTED_EDGE ( 'NONE', *, *, #3193, .T. ) ;
#3367 = DIRECTION ( 'NONE',  ( 1.000000000000000000, 0.000000000000000000, 2.344220913482168007E-15 ) ) ;
#3368 = LINE ( 'NONE', #3688, #427 ) ;
#3369 = DIRECTION ( 'NONE',  ( 0.000000000000000000, 1.000000000000000000, 0.000000000000000000 ) ) ;
#3370 = DIRECTION ( 'NONE',  ( 0.000000000000000000, 1.000000000000000000, 0.000000000000000000 ) ) ;
#3371 = ORIENTED_EDGE ( 'NONE', *, *, #3225, .T. ) ;
#3372 = EDGE_CURVE ( 'NONE', #1689, #1463, #1198, .T. ) ;
#3373 = CARTESIAN_POINT ( 'NONE',  ( -1.459999999999999964, 0.2030000000000000138, -0.8499999999999997558 ) ) ;
#3374 = DIRECTION ( 'NONE',  ( 0.000000000000000000, -0.000000000000000000, -1.000000000000000000 ) ) ;
#3375 = DIRECTION ( 'NONE',  ( 0.000000000000000000, -0.000000000000000000, -1.000000000000000000 ) ) ;
#3376 = ORIENTED_EDGE ( 'NONE', *, *, #3161, .T. ) ;
#3377 = EDGE_LOOP ( 'NONE', ( #620, #4939, #3804, #1965 ) ) ;
#3378 = CARTESIAN_POINT ( 'NONE',  ( 1.434999999999980291, 0.2030000000000000138, 1.124999999999999556 ) ) ;
#3379 = VECTOR ( 'NONE', #2839, 1000.000000000000000 ) ;
#3380 = ORIENTED_EDGE ( 'NONE', *, *, #261, .T. ) ;
#3381 = PLANE ( 'NONE',  #4250 ) ;
#3382 = ORIENTED_EDGE ( 'NONE', *, *, #5073, .T. ) ;
#3383 = VECTOR ( 'NONE', #3110, 1000.000000000000000 ) ;
#3384 = CIRCLE ( 'NONE', #567, 0.1499999999999999667 ) ;
#3385 = CARTESIAN_POINT ( 'NONE',  ( -1.499999999999993339, 0.2030000000000000138, -0.1999999999999998723 ) ) ;
#3386 =( NAMED_UNIT ( * ) SI_UNIT ( $, .STERADIAN. ) SOLID_ANGLE_UNIT ( ) );
#3387 = LINE ( 'NONE', #556, #2283 ) ;
#3388 = AXIS2_PLACEMENT_3D ( 'NONE', #3221, #1209, #3675 ) ;
#3389 = ADVANCED_FACE ( 'NONE', ( #4401 ), #3158, .F. ) ;
#3390 = SURFACE_SIDE_STYLE ('',( #270 ) ) ;
#3391 = ORIENTED_EDGE ( 'NONE', *, *, #2825, .T. ) ;
#3392 = VECTOR ( 'NONE', #1699, 1000.000000000000000 ) ;
#3393 = ORIENTED_EDGE ( 'NONE', *, *, #3848, .F. ) ;
#3394 = DIRECTION ( 'NONE',  ( -0.000000000000000000, -0.000000000000000000, -1.000000000000000000 ) ) ;
#3395 = CARTESIAN_POINT ( 'NONE',  ( -1.500000000000000000, 0.2030000000000000138, -1.100000000000000089 ) ) ;
#3396 = LINE ( 'NONE', #5020, #3962 ) ;
#3397 = VECTOR ( 'NONE', #441, 1000.000000000000000 ) ;
#3398 = CARTESIAN_POINT ( 'NONE',  ( -2.637248527667444284E-15, 0.05000000000000000278, -1.125000000000003331 ) ) ;
#3399 = EDGE_LOOP ( 'NONE', ( #2158, #3438, #2485, #1772 ) ) ;
#3400 = DIRECTION ( 'NONE',  ( 0.000000000000000000, -1.000000000000000000, 0.000000000000000000 ) ) ;
#3401 = VECTOR ( 'NONE', #664, 1000.000000000000000 ) ;
#3402 = FACE_OUTER_BOUND ( 'NONE', #4178, .T. ) ;
#3403 = CARTESIAN_POINT ( 'NONE',  ( -1.434999999999993836, 0.000000000000000000, -0.4749999999999999223 ) ) ;
#3404 = DIRECTION ( 'NONE',  ( 2.344220913482165641E-15, 0.000000000000000000, 1.000000000000000000 ) ) ;
#3405 = VECTOR ( 'NONE', #2431, 1000.000000000000000 ) ;
#3406 = VERTEX_POINT ( 'NONE', #4757 ) ;
#3407 = VERTEX_POINT ( 'NONE', #1564 ) ;
#3408 = EDGE_CURVE ( 'NONE', #5022, #4448, #4830, .T. ) ;
#3409 = DIRECTION ( 'NONE',  ( 1.000000000000000000, 0.000000000000000000, -0.000000000000000000 ) ) ;
#3410 = EDGE_CURVE ( 'NONE', #4633, #2837, #3632, .T. ) ;
#3411 = LINE ( 'NONE', #4689, #3651 ) ;
#3412 = EDGE_LOOP ( 'NONE', ( #4535, #3456, #5224, #532 ) ) ;
#3413 = CARTESIAN_POINT ( 'NONE',  ( -1.459999999999986420, 0.000000000000000000, 0.4500000000000001776 ) ) ;
#3414 = EDGE_LOOP ( 'NONE', ( #1156, #3440, #3513, #1134 ) ) ;
#3415 = VECTOR ( 'NONE', #3348, 1000.000000000000000 ) ;
#3416 = DIRECTION ( 'NONE',  ( 0.7071067811865414665, 0.000000000000000000, 0.7071067811865536790 ) ) ;
#3417 = PRESENTATION_STYLE_ASSIGNMENT (( #4310 ) ) ;
#3418 = VECTOR ( 'NONE', #5095, 1000.000000000000000 ) ;
#3419 = DIRECTION ( 'NONE',  ( 0.000000000000000000, -1.000000000000000000, 0.000000000000000000 ) ) ;
#3420 =( NAMED_UNIT ( * ) PLANE_ANGLE_UNIT ( ) SI_UNIT ( $, .RADIAN. ) );
#3421 = VERTEX_POINT ( 'NONE', #5201 ) ;
#3422 = ORIENTED_EDGE ( 'NONE', *, *, #2288, .T. ) ;
#3423 = ADVANCED_FACE ( 'NONE', ( #301 ), #5223, .T. ) ;
#3424 = EDGE_CURVE ( 'NONE', #1169, #1026, #4856, .T. ) ;
#3425 = CARTESIAN_POINT ( 'NONE',  ( -1.434999999999993836, 0.2030000000000000138, -0.4749999999999999223 ) ) ;
#3426 = DIRECTION ( 'NONE',  ( 1.000000000000000000, 0.000000000000000000, 2.344220913482168402E-15 ) ) ;
#3427 = DIRECTION ( 'NONE',  ( 0.000000000000000000, -1.000000000000000000, 0.000000000000000000 ) ) ;
#3428 = ORIENTED_EDGE ( 'NONE', *, *, #3047, .T. ) ;
#3429 = CARTESIAN_POINT ( 'NONE',  ( 1.499999999999980016, 0.2030000000000000138, 1.099999999999999645 ) ) ;
#3430 = LINE ( 'NONE', #3855, #2859 ) ;
#3431 = ORIENTED_EDGE ( 'NONE', *, *, #4167, .F. ) ;
#3432 = LINE ( 'NONE', #1367, #2100 ) ;
#3433 = FACE_OUTER_BOUND ( 'NONE', #1294, .T. ) ;
#3434 = EDGE_LOOP ( 'NONE', ( #715, #2077, #1724, #4210 ) ) ;
#3435 = ORIENTED_EDGE ( 'NONE', *, *, #1291, .F. ) ;
#3436 = CARTESIAN_POINT ( 'NONE',  ( -1.249999999999986677, 0.2030000000000000138, 0.4750000000000003664 ) ) ;
#3437 = PLANE ( 'NONE',  #1509 ) ;
#3438 = ORIENTED_EDGE ( 'NONE', *, *, #2791, .F. ) ;
#3439 = CARTESIAN_POINT ( 'NONE',  ( 1.249999999999980016, 0.04999999999999999584, 1.125000000000000000 ) ) ;
#3440 = ORIENTED_EDGE ( 'NONE', *, *, #3515, .T. ) ;
#3441 = FACE_OUTER_BOUND ( 'NONE', #251, .T. ) ;
#3442 =( NAMED_UNIT ( * ) SI_UNIT ( $, .STERADIAN. ) SOLID_ANGLE_UNIT ( ) );
#3443 = DIRECTION ( 'NONE',  ( -0.000000000000000000, -0.000000000000000000, -1.000000000000000000 ) ) ;
#3444 = DIRECTION ( 'NONE',  ( 0.000000000000000000, -1.000000000000000000, 0.000000000000000000 ) ) ;
#3445 = EDGE_CURVE ( 'NONE', #2341, #949, #2829, .T. ) ;
#3446 = FACE_OUTER_BOUND ( 'NONE', #3949, .T. ) ;
#3447 = ORIENTED_EDGE ( 'NONE', *, *, #1843, .T. ) ;
#3448 = LINE ( 'NONE', #1741, #2373 ) ;
#3449 = CARTESIAN_POINT ( 'NONE',  ( 1.499999999999999556, 0.2030000000000000138, -1.100000000000000533 ) ) ;
#3450 = DIRECTION ( 'NONE',  ( -1.000000000000000000, -0.000000000000000000, -0.000000000000000000 ) ) ;
#3451 = DIRECTION ( 'NONE',  ( -1.000000000000000000, 0.000000000000000000, -2.344220913482165641E-15 ) ) ;
#3452 = ADVANCED_FACE ( 'NONE', ( #1543 ), #4053, .T. ) ;
#3453 = ADVANCED_FACE ( 'NONE', ( #1167 ), #1118, .F. ) ;
#3454 = CARTESIAN_POINT ( 'NONE',  ( 1.249999999999986677, 0.2030000000000000138, 0.1749999999999992117 ) ) ;
#3455 = ORIENTED_EDGE ( 'NONE', *, *, #5136, .F. ) ;
#3456 = ORIENTED_EDGE ( 'NONE', *, *, #4403, .F. ) ;
#3457 = PLANE ( 'NONE',  #987 ) ;
#3458 = AXIS2_PLACEMENT_3D ( 'NONE', #437, #524, #3753 ) ;
#3459 = DIRECTION ( 'NONE',  ( 0.000000000000000000, 0.000000000000000000, 1.000000000000000000 ) ) ;
#3460 = ORIENTED_EDGE ( 'NONE', *, *, #2918, .F. ) ;
#3461 = CARTESIAN_POINT ( 'NONE',  ( -1.459999999999979536, 0.2030000000000000138, 1.100000000000000311 ) ) ;
#3462 = ORIENTED_EDGE ( 'NONE', *, *, #1961, .T. ) ;
#3463 = AXIS2_PLACEMENT_3D ( 'NONE', #176, #1043, #1420 ) ;
#3464 = AXIS2_PLACEMENT_3D ( 'NONE', #1723, #2499, #2128 ) ;
#3465 = CARTESIAN_POINT ( 'NONE',  ( -1.280000000000012683, 0.05000000000000000278, -1.279999999999990479 ) ) ;
#3466 = EDGE_CURVE ( 'NONE', #3834, #1357, #2750, .T. ) ;
#3467 = VECTOR ( 'NONE', #4636, 1000.000000000000114 ) ;
#3468 = CIRCLE ( 'NONE', #1158, 0.05000000000000002359 ) ;
#3469 = CARTESIAN_POINT ( 'NONE',  ( -1.499999999999979572, 0.2030000000000000138, 0.8499999999999998668 ) ) ;
#3470 = VECTOR ( 'NONE', #1897, 1000.000000000000000 ) ;
#3471 = ADVANCED_FACE ( 'NONE', ( #3529 ), #2411, .T. ) ;
#3472 = FACE_OUTER_BOUND ( 'NONE', #3528, .T. ) ;
#3473 = DIRECTION ( 'NONE',  ( -0.000000000000000000, -1.000000000000000000, -0.000000000000000000 ) ) ;
#3474 = ADVANCED_FACE ( 'NONE', ( #2359 ), #3980, .T. ) ;
#3475 = LINE ( 'NONE', #2603, #2024 ) ;
#3476 = VECTOR ( 'NONE', #3876, 1000.000000000000000 ) ;
#3477 = VERTEX_POINT ( 'NONE', #352 ) ;
#3478 = UNCERTAINTY_MEASURE_WITH_UNIT (LENGTH_MEASURE( 1.000000000000000082E-05 ), #1459, 'distance_accuracy_value', 'NONE');
#3479 = DIRECTION ( 'NONE',  ( -0.000000000000000000, 1.000000000000000000, -0.000000000000000000 ) ) ;
#3480 = EDGE_CURVE ( 'NONE', #2427, #3189, #1970, .T. ) ;
#3481 = DIRECTION ( 'NONE',  ( -0.000000000000000000, -1.000000000000000000, -0.000000000000000000 ) ) ;
#3482 = CIRCLE ( 'NONE', #4241, 0.1750000000000000167 ) ;
#3483 = CARTESIAN_POINT ( 'NONE',  ( 0.8249999999999997335, 0.05000000000000000278, 1.039999999999999147 ) ) ;
#3484 = LINE ( 'NONE', #1842, #650 ) ;
#3485 = ORIENTED_EDGE ( 'NONE', *, *, #2686, .T. ) ;
#3486 = AXIS2_PLACEMENT_3D ( 'NONE', #3544, #3521, #4443 ) ;
#3487 = EDGE_LOOP ( 'NONE', ( #3485, #477, #3679, #5218 ) ) ;
#3488 = EDGE_CURVE ( 'NONE', #2644, #500, #2463, .T. ) ;
#3489 = ADVANCED_FACE ( 'NONE', ( #4937 ), #2889, .T. ) ;
#3490 = CARTESIAN_POINT ( 'NONE',  ( -1.249999999999986677, 0.04999999999999999584, 0.1749999999999996003 ) ) ;
#3491 = VECTOR ( 'NONE', #273, 1000.000000000000114 ) ;
#3492 = VERTEX_POINT ( 'NONE', #1280 ) ;
#3493 = DIRECTION ( 'NONE',  ( -0.000000000000000000, -0.000000000000000000, 1.000000000000000000 ) ) ;
#3494 = ORIENTED_EDGE ( 'NONE', *, *, #1143, .T. ) ;
#3495 = CARTESIAN_POINT ( 'NONE',  ( 1.249999999999999556, 0.2030000000000000138, -1.125000000000000888 ) ) ;
#3496 = LINE ( 'NONE', #5135, #3634 ) ;
#3497 = FILL_AREA_STYLE_COLOUR ( '', #1088 ) ;
#3498 = VECTOR ( 'NONE', #391, 1000.000000000000000 ) ;
#3499 = DIRECTION ( 'NONE',  ( 0.000000000000000000, -0.000000000000000000, -1.000000000000000000 ) ) ;
#3500 = CARTESIAN_POINT ( 'NONE',  ( 1.249999999999986677, 0.2030000000000000138, 0.3249999999999996780 ) ) ;
#3501 = DIRECTION ( 'NONE',  ( 1.000000000000000000, 0.000000000000000000, -2.344220913482165641E-15 ) ) ;
#3502 = ORIENTED_EDGE ( 'NONE', *, *, #2759, .T. ) ;
#3503 = ADVANCED_FACE ( 'NONE', ( #3746 ), #56, .F. ) ;
#3504 = DIRECTION ( 'NONE',  ( -0.000000000000000000, -1.000000000000000000, -0.000000000000000000 ) ) ;
#3505 = CARTESIAN_POINT ( 'NONE',  ( 1.434999999999999831, 0.000000000000000000, -0.8250000000000003997 ) ) ;
#3506 = ORIENTED_EDGE ( 'NONE', *, *, #4613, .T. ) ;
#3507 = CARTESIAN_POINT ( 'NONE',  ( 1.459999999999993303, 0.000000000000000000, -0.4500000000000005107 ) ) ;
#3508 = DIRECTION ( 'NONE',  ( 2.344220913482165641E-15, -0.000000000000000000, 1.000000000000000000 ) ) ;
#3509 = EDGE_LOOP ( 'NONE', ( #2352, #130, #1268, #749 ) ) ;
#3510 = DIRECTION ( 'NONE',  ( -1.000000000000000000, 0.000000000000000000, 0.000000000000000000 ) ) ;
#3511 = CARTESIAN_POINT ( 'NONE',  ( 1.459999999999993303, 0.2030000000000000138, -0.2000000000000002054 ) ) ;
#3512 = CARTESIAN_POINT ( 'NONE',  ( 1.434999999999987175, 0.04999999999999999584, 0.1749999999999996003 ) ) ;
#3513 = ORIENTED_EDGE ( 'NONE', *, *, #1278, .T. ) ;
#3514 = FACE_OUTER_BOUND ( 'NONE', #589, .T. ) ;
#3515 = EDGE_CURVE ( 'NONE', #128, #2876, #2523, .T. ) ;
#3516 = VERTEX_POINT ( 'NONE', #856 ) ;
#3517 = EDGE_CURVE ( 'NONE', #4685, #128, #27, .T. ) ;
#3518 = ORIENTED_EDGE ( 'NONE', *, *, #434, .F. ) ;
#3519 = DIRECTION ( 'NONE',  ( 0.000000000000000000, -1.000000000000000000, 0.000000000000000000 ) ) ;
#3520 = CARTESIAN_POINT ( 'NONE',  ( -1.250000000000000000, 0.2030000000000000138, -0.9749999999999999778 ) ) ;
#3521 = DIRECTION ( 'NONE',  ( 0.000000000000000000, -1.000000000000000000, 0.000000000000000000 ) ) ;
#3522 = PLANE ( 'NONE',  #1755 ) ;
#3523 = FACE_OUTER_BOUND ( 'NONE', #207, .T. ) ;
#3524 = LINE ( 'NONE', #1485, #4417 ) ;
#3525 = VERTEX_POINT ( 'NONE', #401 ) ;
#3526 = DIRECTION ( 'NONE',  ( 1.000000000000000000, -0.000000000000000000, -2.710505431213753985E-15 ) ) ;
#3527 = LINE ( 'NONE', #1891, #1995 ) ;
#3528 = EDGE_LOOP ( 'NONE', ( #5142, #210, #726, #1472 ) ) ;
#3529 = FACE_OUTER_BOUND ( 'NONE', #433, .T. ) ;
#3530 = EDGE_CURVE ( 'NONE', #259, #1446, #825, .T. ) ;
#3531 = ORIENTED_EDGE ( 'NONE', *, *, #2668, .T. ) ;
#3532 = DIRECTION ( 'NONE',  ( 0.000000000000000000, 0.000000000000000000, -1.000000000000000000 ) ) ;
#3533 = CARTESIAN_POINT ( 'NONE',  ( -1.249999999999993339, 0.000000000000000000, -0.3250000000000000111 ) ) ;
#3534 = LINE ( 'NONE', #1899, #3550 ) ;
#3535 = EDGE_CURVE ( 'NONE', #5034, #3810, #2551, .T. ) ;
#3536 = VERTEX_POINT ( 'NONE', #2854 ) ;
#3537 = CARTESIAN_POINT ( 'NONE',  ( 1.499999999999999556, 0.2030000000000000138, -0.8500000000000003109 ) ) ;
#3538 = ORIENTED_EDGE ( 'NONE', *, *, #3187, .F. ) ;
#3539 = ORIENTED_EDGE ( 'NONE', *, *, #786, .F. ) ;
#3540 =( NAMED_UNIT ( * ) PLANE_ANGLE_UNIT ( ) SI_UNIT ( $, .RADIAN. ) );
#3541 = VECTOR ( 'NONE', #3288, 1000.000000000000000 ) ;
#3542 = EDGE_CURVE ( 'NONE', #3406, #3973, #115, .T. ) ;
#3543 = CYLINDRICAL_SURFACE ( 'NONE', #4312, 0.1500000000000003830 ) ;
#3544 = CARTESIAN_POINT ( 'NONE',  ( -1.249999999999993339, 0.2030000000000000138, -0.3250000000000000111 ) ) ;
#3545 = AXIS2_PLACEMENT_3D ( 'NONE', #5070, #2234, #5048 ) ;
#3546 = VECTOR ( 'NONE', #3076, 1000.000000000000000 ) ;
#3547 = ADVANCED_FACE ( 'NONE', ( #4906 ), #2144, .F. ) ;
#3548 = DIRECTION ( 'NONE',  ( 0.000000000000000000, 0.000000000000000000, 1.000000000000000000 ) ) ;
#3549 = FILL_AREA_STYLE ('',( #3255 ) ) ;
#3550 = VECTOR ( 'NONE', #3138, 1000.000000000000000 ) ;
#3551 = LINE ( 'NONE', #4723, #3145 ) ;
#3552 = VERTEX_POINT ( 'NONE', #1251 ) ;
#3553 = VECTOR ( 'NONE', #3591, 1000.000000000000000 ) ;
#3554 = LINE ( 'NONE', #2699, #2631 ) ;
#3555 = PLANE ( 'NONE',  #4654 ) ;
#3556 = ORIENTED_EDGE ( 'NONE', *, *, #3954, .F. ) ;
#3557 = DIRECTION ( 'NONE',  ( 1.000000000000000000, 0.000000000000000000, 2.344220913482168007E-15 ) ) ;
#3558 = DIRECTION ( 'NONE',  ( -1.000000000000000000, 0.000000000000000000, -1.758165685111624132E-15 ) ) ;
#3559 = VECTOR ( 'NONE', #3103, 1000.000000000000000 ) ;
#3560 = ORIENTED_EDGE ( 'NONE', *, *, #4798, .F. ) ;
#3561 = DIRECTION ( 'NONE',  ( 2.710505431213753985E-15, 0.000000000000000000, -1.000000000000000000 ) ) ;
#3562 = AXIS2_PLACEMENT_3D ( 'NONE', #22, #905, #1327 ) ;
#3563 = DIRECTION ( 'NONE',  ( 0.000000000000000000, 0.000000000000000000, -1.000000000000000000 ) ) ;
#3564 = EDGE_CURVE ( 'NONE', #1349, #5022, #2021, .T. ) ;
#3565 = DIRECTION ( 'NONE',  ( 1.000000000000000000, 0.000000000000000000, 2.710505431213753985E-15 ) ) ;
#3566 = ORIENTED_EDGE ( 'NONE', *, *, #322, .T. ) ;
#3567 = AXIS2_PLACEMENT_3D ( 'NONE', #4745, #1084, #5214 ) ;
#3568 = DIRECTION ( 'NONE',  ( -1.000000000000000000, 0.000000000000000000, 0.000000000000000000 ) ) ;
#3569 = ORIENTED_EDGE ( 'NONE', *, *, #884, .F. ) ;
#3570 = ORIENTED_EDGE ( 'NONE', *, *, #3629, .T. ) ;
#3571 = ADVANCED_FACE ( 'NONE', ( #1735 ), #3716, .F. ) ;
#3572 = EDGE_CURVE ( 'NONE', #3536, #3347, #4990, .T. ) ;
#3573 = VECTOR ( 'NONE', #5021, 1000.000000000000000 ) ;
#3574 = CARTESIAN_POINT ( 'NONE',  ( -1.459999999999986420, 0.000000000000000000, 0.1999999999999998723 ) ) ;
#3575 = LINE ( 'NONE', #4793, #1856 ) ;
#3576 = CARTESIAN_POINT ( 'NONE',  ( 1.434999999999986953, 0.2030000000000000138, 0.4749999999999995337 ) ) ;
#3577 = CIRCLE ( 'NONE', #2987, 0.1750000000000000167 ) ;
#3578 = CARTESIAN_POINT ( 'NONE',  ( -1.500000000000000000, 0.05000000000000000278, -1.100000000000000089 ) ) ;
#3579 = ADVANCED_FACE ( 'NONE', ( #882 ), #2516, .F. ) ;
#3580 = ORIENTED_EDGE ( 'NONE', *, *, #1385, .F. ) ;
#3581 = ADVANCED_FACE ( 'NONE', ( #2115 ), #1621, .T. ) ;
#3582 = VECTOR ( 'NONE', #2942, 1000.000000000000000 ) ;
#3583 = VERTEX_POINT ( 'NONE', #938 ) ;
#3584 = LINE ( 'NONE', #1516, #3559 ) ;
#3585 = CARTESIAN_POINT ( 'NONE',  ( -1.434999999999979847, 0.04999999999999999584, 1.125000000000000000 ) ) ;
#3586 = EDGE_LOOP ( 'NONE', ( #404, #265, #2712, #3603 ) ) ;
#3587 = CARTESIAN_POINT ( 'NONE',  ( -1.499999999999986677, 0.2030000000000000138, 0.1999999999999998723 ) ) ;
#3588 = CARTESIAN_POINT ( 'NONE',  ( 1.435000000000000053, 0.2030000000000000138, -1.125000000000000444 ) ) ;
#3589 = ORIENTED_EDGE ( 'NONE', *, *, #5, .T. ) ;
#3590 = DIRECTION ( 'NONE',  ( -1.000000000000000000, 0.000000000000000000, -2.710505431213753985E-15 ) ) ;
#3591 = DIRECTION ( 'NONE',  ( -0.000000000000000000, -0.000000000000000000, -1.000000000000000000 ) ) ;
#3592 = DIRECTION ( 'NONE',  ( -0.000000000000000000, -1.000000000000000000, -0.000000000000000000 ) ) ;
#3593 = EDGE_LOOP ( 'NONE', ( #3263, #974, #4017, #1232 ) ) ;
#3594 = CARTESIAN_POINT ( 'NONE',  ( -1.249999999999979572, 0.2030000000000000138, 0.8249999999999995115 ) ) ;
#3595 = EDGE_LOOP ( 'NONE', ( #512, #3139, #1948, #2095 ) ) ;
#3596 = ORIENTED_EDGE ( 'NONE', *, *, #3025, .F. ) ;
#3597 = DIRECTION ( 'NONE',  ( 0.000000000000000000, 1.000000000000000000, 0.000000000000000000 ) ) ;
#3598 = PLANE ( 'NONE',  #3567 ) ;
#3599 = EDGE_CURVE ( 'NONE', #845, #603, #1709, .T. ) ;
#3600 = DIRECTION ( 'NONE',  ( -2.051193299296894886E-15, 0.000000000000000000, 1.000000000000000000 ) ) ;
#3601 = ORIENTED_EDGE ( 'NONE', *, *, #4794, .T. ) ;
#3602 = CARTESIAN_POINT ( 'NONE',  ( 1.499999999999980016, 0.2030000000000000138, 0.8499999999999994227 ) ) ;
#3603 = ORIENTED_EDGE ( 'NONE', *, *, #609, .T. ) ;
#3604 = DIRECTION ( 'NONE',  ( 0.000000000000000000, 1.000000000000000000, -0.000000000000000000 ) ) ;
#3605 = PLANE ( 'NONE',  #5163 ) ;
#3606 = EDGE_CURVE ( 'NONE', #4664, #3347, #4879, .T. ) ;
#3607 = ORIENTED_EDGE ( 'NONE', *, *, #3112, .T. ) ;
#3608 = DIRECTION ( 'NONE',  ( 1.000000000000000000, 0.000000000000000000, 2.710505431213753985E-15 ) ) ;
#3609 = DIRECTION ( 'NONE',  ( 0.7071067811865460184, -0.000000000000000000, -0.7071067811865490160 ) ) ;
#3610 = CARTESIAN_POINT ( 'NONE',  ( 1.459999999999979980, 0.2030000000000000138, 0.8499999999999994227 ) ) ;
#3611 = EDGE_CURVE ( 'NONE', #4796, #2262, #3396, .T. ) ;
#3612 = CIRCLE ( 'NONE', #3700, 0.1500000000000003830 ) ;
#3613 = MECHANICAL_DESIGN_GEOMETRIC_PRESENTATION_REPRESENTATION (  '', ( #294 ), #3108 ) ;
#3614 = DIRECTION ( 'NONE',  ( 2.344220913482168007E-15, 0.000000000000000000, -1.000000000000000000 ) ) ;
#3615 = PLANE ( 'NONE',  #2800 ) ;
#3616 = VERTEX_POINT ( 'NONE', #963 ) ;
#3617 = ORIENTED_EDGE ( 'NONE', *, *, #3996, .F. ) ;
#3618 = DIRECTION ( 'NONE',  ( 1.000000000000000000, 0.000000000000000000, 2.710505431213753985E-15 ) ) ;
#3619 = FACE_OUTER_BOUND ( 'NONE', #3233, .T. ) ;
#3620 = PLANE ( 'NONE',  #3257 ) ;
#3621 = VECTOR ( 'NONE', #3235, 1000.000000000000000 ) ;
#3622 = AXIS2_PLACEMENT_3D ( 'NONE', #880, #4903, #4962 ) ;
#3623 = ORIENTED_EDGE ( 'NONE', *, *, #3445, .T. ) ;
#3624 = ORIENTED_EDGE ( 'NONE', *, *, #4020, .T. ) ;
#3625 = ADVANCED_FACE ( 'NONE', ( #4191 ), #1763, .T. ) ;
#3626 = VECTOR ( 'NONE', #3002, 1000.000000000000000 ) ;
#3627 = AXIS2_PLACEMENT_3D ( 'NONE', #2064, #2564, #3007 ) ;
#3628 = DIRECTION ( 'NONE',  ( 0.000000000000000000, 0.000000000000000000, -1.000000000000000000 ) ) ;
#3629 = EDGE_CURVE ( 'NONE', #558, #4470, #2996, .T. ) ;
#3630 = ORIENTED_EDGE ( 'NONE', *, *, #3926, .T. ) ;
#3631 = CARTESIAN_POINT ( 'NONE',  ( -1.249999999999993339, 0.2030000000000000138, -0.1749999999999996003 ) ) ;
#3632 = LINE ( 'NONE', #1594, #304 ) ;
#3633 = LINE ( 'NONE', #1595, #2888 ) ;
#3634 = VECTOR ( 'NONE', #269, 1000.000000000000000 ) ;
#3635 = VECTOR ( 'NONE', #677, 1000.000000000000000 ) ;
#3636 = VERTEX_POINT ( 'NONE', #2754 ) ;
#3637 = LINE ( 'NONE', #1713, #4825 ) ;
#3638 = CARTESIAN_POINT ( 'NONE',  ( 1.459999999999979980, 0.000000000000000000, 1.099999999999999867 ) ) ;
#3639 = LINE ( 'NONE', #3213, #3298 ) ;
#3640 = DIRECTION ( 'NONE',  ( 0.000000000000000000, 0.000000000000000000, -1.000000000000000000 ) ) ;
#3641 = LINE ( 'NONE', #1551, #1602 ) ;
#3642 = ORIENTED_EDGE ( 'NONE', *, *, #3408, .F. ) ;
#3643 = ORIENTED_EDGE ( 'NONE', *, *, #440, .F. ) ;
#3644 = ADVANCED_FACE ( 'NONE', ( #2833 ), #3211, .T. ) ;
#3645 = EDGE_CURVE ( 'NONE', #3006, #3083, #4378, .T. ) ;
#3646 = CARTESIAN_POINT ( 'NONE',  ( 1.459999999999979980, 0.2030000000000000138, 0.8499999999999994227 ) ) ;
#3647 = CARTESIAN_POINT ( 'NONE',  ( 1.249999999999999556, 0.2030000000000000138, -0.8249999999999999556 ) ) ;
#3648 = CLOSED_SHELL ( 'NONE', ( #3942, #1216, #1481, #454, #4648, #4539, #4981, #4720, #3474, #3579 ) ) ;
#3649 = ORIENTED_EDGE ( 'NONE', *, *, #2241, .F. ) ;
#3650 = DIRECTION ( 'NONE',  ( -0.000000000000000000, -1.000000000000000000, -0.000000000000000000 ) ) ;
#3651 = VECTOR ( 'NONE', #2590, 1000.000000000000000 ) ;
#3652 = CARTESIAN_POINT ( 'NONE',  ( -1.499999999999979572, 0.2030000000000000138, 0.8499999999999998668 ) ) ;
#3653 = FACE_OUTER_BOUND ( 'NONE', #1956, .T. ) ;
#3654 = CARTESIAN_POINT ( 'NONE',  ( -1.100000000000000089, 0.8499999999999999778, -0.9249999999999998224 ) ) ;
#3655 = DIRECTION ( 'NONE',  ( -1.000000000000000000, -0.000000000000000000, -0.000000000000000000 ) ) ;
#3656 = CIRCLE ( 'NONE', #2384, 0.1750000000000000167 ) ;
#3657 = VERTEX_POINT ( 'NONE', #3638 ) ;
#3658 = ORIENTED_EDGE ( 'NONE', *, *, #5202, .F. ) ;
#3659 = DIRECTION ( 'NONE',  ( 0.000000000000000000, -1.000000000000000000, 0.000000000000000000 ) ) ;
#3660 = ORIENTED_EDGE ( 'NONE', *, *, #3676, .T. ) ;
#3661 = CARTESIAN_POINT ( 'NONE',  ( 1.434999999999993614, 0.000000000000000000, -0.1750000000000004607 ) ) ;
#3662 = DIRECTION ( 'NONE',  ( 0.000000000000000000, -1.000000000000000000, 0.000000000000000000 ) ) ;
#3663 = LINE ( 'NONE', #5280, #1938 ) ;
#3664 = ORIENTED_EDGE ( 'NONE', *, *, #4941, .T. ) ;
#3665 = EDGE_CURVE ( 'NONE', #1103, #1576, #1658, .T. ) ;
#3666 = DIRECTION ( 'NONE',  ( -0.7071067811865474617, 0.000000000000000000, -0.7071067811865474617 ) ) ;
#3667 = DIRECTION ( 'NONE',  ( 0.000000000000000000, 1.000000000000000000, 0.000000000000000000 ) ) ;
#3668 = CARTESIAN_POINT ( 'NONE',  ( -1.500000000000000000, 0.05000000000000000278, 1.499999999999999778 ) ) ;
#3669 = ADVANCED_FACE ( 'NONE', ( #1099 ), #3956, .F. ) ;
#3670 = CARTESIAN_POINT ( 'NONE',  ( 1.459999999999999520, 0.2030000000000000138, -0.8500000000000001998 ) ) ;
#3671 = CARTESIAN_POINT ( 'NONE',  ( 1.434999999999980513, 0.2030000000000000138, 0.8249999999999995115 ) ) ;
#3672 = VERTEX_POINT ( 'NONE', #5206 ) ;
#3673 = ORIENTED_EDGE ( 'NONE', *, *, #4993, .F. ) ;
#3674 = CARTESIAN_POINT ( 'NONE',  ( -1.499999999999993339, 0.000000000000000000, -0.4500000000000001221 ) ) ;
#3675 = DIRECTION ( 'NONE',  ( 0.000000000000000000, 0.000000000000000000, 1.000000000000000000 ) ) ;
#3676 = EDGE_CURVE ( 'NONE', #5107, #1558, #334, .T. ) ;
#3677 = ORIENTED_EDGE ( 'NONE', *, *, #3445, .F. ) ;
#3678 = PLANE ( 'NONE',  #4078 ) ;
#3679 = ORIENTED_EDGE ( 'NONE', *, *, #2318, .F. ) ;
#3680 = LINE ( 'NONE', #19, #894 ) ;
#3681 = ADVANCED_FACE ( 'NONE', ( #1547 ), #1526, .F. ) ;
#3682 = CARTESIAN_POINT ( 'NONE',  ( -1.100000000000000089, 0.9000000000000000222, -1.099999999999999867 ) ) ;
#3683 = ORIENTED_EDGE ( 'NONE', *, *, #4316, .F. ) ;
#3684 =( GEOMETRIC_REPRESENTATION_CONTEXT ( 3 ) GLOBAL_UNCERTAINTY_ASSIGNED_CONTEXT ( ( #2583 ) ) GLOBAL_UNIT_ASSIGNED_CONTEXT ( ( #1132, #345, #1161 ) ) REPRESENTATION_CONTEXT ( 'NONE', 'WORKASPACE' ) );
#3685 = ORIENTED_EDGE ( 'NONE', *, *, #568, .F. ) ;
#3686 = LINE ( 'NONE', #4531, #2351 ) ;
#3687 = ORIENTED_EDGE ( 'NONE', *, *, #4439, .F. ) ;
#3688 = CARTESIAN_POINT ( 'NONE',  ( 0.8249999999999997335, 0.000000000000000000, 1.039999999999999147 ) ) ;
#3689 = CARTESIAN_POINT ( 'NONE',  ( 1.434999999999980291, 0.2030000000000000138, 1.124999999999999556 ) ) ;
#3690 = CARTESIAN_POINT ( 'NONE',  ( 1.249999999999980016, 0.000000000000000000, 0.8249999999999991784 ) ) ;
#3691 = ORIENTED_EDGE ( 'NONE', *, *, #112, .F. ) ;
#3692 = CARTESIAN_POINT ( 'NONE',  ( -1.249999999999986677, 0.04999999999999999584, 0.3250000000000000111 ) ) ;
#3693 = DIRECTION ( 'NONE',  ( -0.7071067811865459074, 0.000000000000000000, 0.7071067811865491270 ) ) ;
#3694 = DIRECTION ( 'NONE',  ( -2.637248527667439551E-15, 0.000000000000000000, -1.000000000000000000 ) ) ;
#3695 = LINE ( 'NONE', #4014, #2552 ) ;
#3696 = LINE ( 'NONE', #3671, #1607 ) ;
#3697 = ORIENTED_EDGE ( 'NONE', *, *, #2168, .F. ) ;
#3698 = ORIENTED_EDGE ( 'NONE', *, *, #1703, .F. ) ;
#3699 = EDGE_CURVE ( 'NONE', #35, #500, #1569, .T. ) ;
#3700 = AXIS2_PLACEMENT_3D ( 'NONE', #2162, #421, #78 ) ;
#3701 = CARTESIAN_POINT ( 'NONE',  ( 1.459999999999979980, 0.04999999999999999584, 0.8499999999999994227 ) ) ;
#3702 = CARTESIAN_POINT ( 'NONE',  ( 1.434999999999987175, 0.2030000000000000138, 0.1749999999999996003 ) ) ;
#3703 = VERTEX_POINT ( 'NONE', #1496 ) ;
#3704 = LINE ( 'NONE', #1696, #5260 ) ;
#3705 = CARTESIAN_POINT ( 'NONE',  ( -0.6138616648203991666, 0.000000000000000000, -1.149433962264150511 ) ) ;
#3706 = FACE_OUTER_BOUND ( 'NONE', #4319, .T. ) ;
#3707 = PLANE ( 'NONE',  #4157 ) ;
#3708 = DIRECTION ( 'NONE',  ( 0.7071067811865491270, 0.000000000000000000, -0.7071067811865459074 ) ) ;
#3709 = ORIENTED_EDGE ( 'NONE', *, *, #4444, .T. ) ;
#3710 = ORIENTED_EDGE ( 'NONE', *, *, #1122, .T. ) ;
#3711 = EDGE_CURVE ( 'NONE', #2704, #1903, #1424, .T. ) ;
#3712 = EDGE_CURVE ( 'NONE', #3407, #1028, #5151, .T. ) ;
#3713 = LINE ( 'NONE', #3318, #1326 ) ;
#3714 = ORIENTED_EDGE ( 'NONE', *, *, #4288, .F. ) ;
#3715 = LINE ( 'NONE', #1333, #5027 ) ;
#3716 = PLANE ( 'NONE',  #2627 ) ;
#3717 = VECTOR ( 'NONE', #4998, 1000.000000000000114 ) ;
#3718 = VECTOR ( 'NONE', #3868, 1000.000000000000000 ) ;
#3719 = DIRECTION ( 'NONE',  ( 0.000000000000000000, -0.000000000000000000, 1.000000000000000000 ) ) ;
#3720 = ORIENTED_EDGE ( 'NONE', *, *, #216, .F. ) ;
#3721 = AXIS2_PLACEMENT_3D ( 'NONE', #2180, #155, #100 ) ;
#3722 = CARTESIAN_POINT ( 'NONE',  ( 1.434999999999993836, 0.2030000000000000138, -0.4750000000000003664 ) ) ;
#3723 = CARTESIAN_POINT ( 'NONE',  ( -1.249999999999979572, 0.000000000000000000, 0.9749999999999999778 ) ) ;
#3724 = DIRECTION ( 'NONE',  ( -0.7071067811865536790, 0.000000000000000000, 0.7071067811865414665 ) ) ;
#3725 = VECTOR ( 'NONE', #2000, 1000.000000000000000 ) ;
#3726 = DIRECTION ( 'NONE',  ( -1.000000000000000000, 0.000000000000000000, -2.344220913482168007E-15 ) ) ;
#3727 = LINE ( 'NONE', #4517, #5184 ) ;
#3728 = ORIENTED_EDGE ( 'NONE', *, *, #1812, .T. ) ;
#3729 = ORIENTED_EDGE ( 'NONE', *, *, #96, .T. ) ;
#3730 = AXIS2_PLACEMENT_3D ( 'NONE', #3723, #2435, #3374 ) ;
#3731 = DIRECTION ( 'NONE',  ( -0.000000000000000000, -1.000000000000000000, -0.000000000000000000 ) ) ;
#3732 = ORIENTED_EDGE ( 'NONE', *, *, #288, .F. ) ;
#3733 = AXIS2_PLACEMENT_3D ( 'NONE', #1793, #3001, #4625 ) ;
#3734 = LINE ( 'NONE', #2592, #4764 ) ;
#3735 = EDGE_CURVE ( 'NONE', #2752, #350, #752, .T. ) ;
#3736 =( NAMED_UNIT ( * ) SI_UNIT ( $, .STERADIAN. ) SOLID_ANGLE_UNIT ( ) );
#3737 = VECTOR ( 'NONE', #4063, 1000.000000000000000 ) ;
#3738 = CARTESIAN_POINT ( 'NONE',  ( -0.8250000000000001776, 0.05000000000000000278, 1.039999999999999147 ) ) ;
#3739 = LINE ( 'NONE', #3654, #990 ) ;
#3740 = CARTESIAN_POINT ( 'NONE',  ( 1.499999999999993339, 0.2030000000000000138, -0.4500000000000005107 ) ) ;
#3741 = ORIENTED_EDGE ( 'NONE', *, *, #642, .F. ) ;
#3742 = VERTEX_POINT ( 'NONE', #4033 ) ;
#3743 = ORIENTED_EDGE ( 'NONE', *, *, #632, .F. ) ;
#3744 = CARTESIAN_POINT ( 'NONE',  ( -1.499999999999979572, 0.2030000000000000138, 1.100000000000000089 ) ) ;
#3745 = AXIS2_PLACEMENT_3D ( 'NONE', #2171, #5043, #2253 ) ;
#3746 = FACE_OUTER_BOUND ( 'NONE', #3434, .T. ) ;
#3747 = EDGE_CURVE ( 'NONE', #2876, #259, #4454, .T. ) ;
#3748 = CARTESIAN_POINT ( 'NONE',  ( 1.459999999999986420, 0.000000000000000000, 0.1999999999999994282 ) ) ;
#3749 = EDGE_CURVE ( 'NONE', #2289, #2400, #2350, .T. ) ;
#3750 = ORIENTED_EDGE ( 'NONE', *, *, #3749, .F. ) ;
#3751 = CIRCLE ( 'NONE', #4684, 0.1499999999999999667 ) ;
#3752 = LINE ( 'NONE', #93, #4066 ) ;
#3753 = DIRECTION ( 'NONE',  ( -0.7071067811865459074, 0.000000000000000000, -0.7071067811865491270 ) ) ;
#3754 = FACE_OUTER_BOUND ( 'NONE', #1573, .T. ) ;
#3755 = FACE_OUTER_BOUND ( 'NONE', #1033, .T. ) ;
#3756 = ORIENTED_EDGE ( 'NONE', *, *, #3952, .F. ) ;
#3757 = ORIENTED_EDGE ( 'NONE', *, *, #2522, .T. ) ;
#3758 = DIRECTION ( 'NONE',  ( 0.000000000000000000, -0.000000000000000000, 1.000000000000000000 ) ) ;
#3759 = VERTEX_POINT ( 'NONE', #4762 ) ;
#3760 = DIRECTION ( 'NONE',  ( -0.7071067811865491270, 0.000000000000000000, -0.7071067811865459074 ) ) ;
#3761 = ORIENTED_EDGE ( 'NONE', *, *, #4753, .F. ) ;
#3762 = CARTESIAN_POINT ( 'NONE',  ( -1.459999999999986420, 0.2030000000000000138, 0.1999999999999998723 ) ) ;
#3763 = CARTESIAN_POINT ( 'NONE',  ( 1.459999999999979980, 0.2030000000000000138, 1.099999999999999867 ) ) ;
#3764 = DIRECTION ( 'NONE',  ( 2.344220913482165641E-15, 0.000000000000000000, 1.000000000000000000 ) ) ;
#3765 = EDGE_LOOP ( 'NONE', ( #552, #4714, #2625, #3109 ) ) ;
#3766 = ORIENTED_EDGE ( 'NONE', *, *, #4692, .F. ) ;
#3767 = DIRECTION ( 'NONE',  ( 0.000000000000000000, 1.000000000000000000, -0.000000000000000000 ) ) ;
#3768 = ORIENTED_EDGE ( 'NONE', *, *, #2610, .F. ) ;
#3769 = CARTESIAN_POINT ( 'NONE',  ( 1.459999999999979980, 0.2030000000000000138, 1.099999999999999867 ) ) ;
#3770 = CARTESIAN_POINT ( 'NONE',  ( 1.434999999999999831, 0.2030000000000000138, -0.8250000000000003997 ) ) ;
#3771 = LINE ( 'NONE', #221, #252 ) ;
#3772 = ORIENTED_EDGE ( 'NONE', *, *, #4285, .F. ) ;
#3773 = CARTESIAN_POINT ( 'NONE',  ( 1.499999999999986677, 0.04999999999999999584, 0.4499999999999996780 ) ) ;
#3774 = LINE ( 'NONE', #4601, #320 ) ;
#3775 = CARTESIAN_POINT ( 'NONE',  ( 1.499999999999986677, 0.04999999999999999584, 0.1999999999999994282 ) ) ;
#3776 = FACE_OUTER_BOUND ( 'NONE', #3192, .T. ) ;
#3777 = ORIENTED_EDGE ( 'NONE', *, *, #1444, .T. ) ;
#3778 = EDGE_CURVE ( 'NONE', #1879, #2374, #1147, .T. ) ;
#3779 = EDGE_CURVE ( 'NONE', #5080, #2220, #2950, .T. ) ;
#3780 = DIRECTION ( 'NONE',  ( -0.000000000000000000, 0.000000000000000000, 1.000000000000000000 ) ) ;
#3781 = VERTEX_POINT ( 'NONE', #3933 ) ;
#3782 = CARTESIAN_POINT ( 'NONE',  ( -1.434999999999986953, 0.2030000000000000138, 0.4749999999999999223 ) ) ;
#3783 = ORIENTED_EDGE ( 'NONE', *, *, #3811, .F. ) ;
#3784 = EDGE_CURVE ( 'NONE', #152, #2491, #2339, .T. ) ;
#3785 = DIRECTION ( 'NONE',  ( -0.000000000000000000, -1.000000000000000000, -0.000000000000000000 ) ) ;
#3786 = SURFACE_STYLE_USAGE ( .BOTH. , #1322 ) ;
#3787 = DIRECTION ( 'NONE',  ( 0.7071067811865536790, 0.000000000000000000, 0.7071067811865414665 ) ) ;
#3788 = DIRECTION ( 'NONE',  ( 0.000000000000000000, 0.000000000000000000, 1.000000000000000000 ) ) ;
#3789 = ORIENTED_EDGE ( 'NONE', *, *, #3517, .F. ) ;
#3790 = VERTEX_POINT ( 'NONE', #4836 ) ;
#3791 = LINE ( 'NONE', #137, #5078 ) ;
#3792 = LINE ( 'NONE', #3744, #4772 ) ;
#3793 = DIRECTION ( 'NONE',  ( 0.7071067811865459074, 0.000000000000000000, -0.7071067811865491270 ) ) ;
#3794 = CARTESIAN_POINT ( 'NONE',  ( 1.249999999999999556, 0.2030000000000000138, -0.9750000000000004219 ) ) ;
#3795 = EDGE_CURVE ( 'NONE', #5030, #4146, #4408, .T. ) ;
#3796 = EDGE_LOOP ( 'NONE', ( #2460, #3238, #1282, #23 ) ) ;
#3797 = EDGE_CURVE ( 'NONE', #4353, #1007, #1230, .T. ) ;
#3798 = LINE ( 'NONE', #916, #1503 ) ;
#3799 = LINE ( 'NONE', #1445, #1831 ) ;
#3800 = DIRECTION ( 'NONE',  ( -1.000000000000000000, -0.000000000000000000, 2.344220913482165641E-15 ) ) ;
#3801 = CARTESIAN_POINT ( 'NONE',  ( -0.5647597264065384870, 0.05000000000000000278, -1.139999999999999680 ) ) ;
#3802 = VECTOR ( 'NONE', #943, 1000.000000000000000 ) ;
#3803 = VECTOR ( 'NONE', #3659, 1000.000000000000000 ) ;
#3804 = ORIENTED_EDGE ( 'NONE', *, *, #3996, .T. ) ;
#3805 = VECTOR ( 'NONE', #1885, 1000.000000000000000 ) ;
#3806 = FACE_OUTER_BOUND ( 'NONE', #1912, .T. ) ;
#3807 = EDGE_LOOP ( 'NONE', ( #4111, #3882, #1290, #3162 ) ) ;
#3808 = DIRECTION ( 'NONE',  ( -1.000000000000000000, 0.000000000000000000, 2.637248527667439551E-15 ) ) ;
#3809 = EDGE_CURVE ( 'NONE', #3552, #672, #3774, .T. ) ;
#3810 = VERTEX_POINT ( 'NONE', #3295 ) ;
#3811 = EDGE_CURVE ( 'NONE', #4437, #947, #3326, .T. ) ;
#3812 = VECTOR ( 'NONE', #227, 1000.000000000000000 ) ;
#3813 = LINE ( 'NONE', #5035, #1083 ) ;
#3814 = LINE ( 'NONE', #2246, #3718 ) ;
#3815 = LINE ( 'NONE', #3465, #4821 ) ;
#3816 = VECTOR ( 'NONE', #3400, 1000.000000000000000 ) ;
#3817 = PRESENTATION_STYLE_ASSIGNMENT (( #217 ) ) ;
#3818 = ORIENTED_EDGE ( 'NONE', *, *, #504, .F. ) ;
#3819 = VECTOR ( 'NONE', #2573, 1000.000000000000000 ) ;
#3820 = ORIENTED_EDGE ( 'NONE', *, *, #3665, .T. ) ;
#3821 = DIRECTION ( 'NONE',  ( 1.000000000000000000, 0.000000000000000000, -2.344220913482165641E-15 ) ) ;
#3822 = FACE_OUTER_BOUND ( 'NONE', #4630, .T. ) ;
#3823 = STYLED_ITEM ( 'NONE', ( #2597 ), #436 ) ;
#3824 = DIRECTION ( 'NONE',  ( 1.000000000000000000, 0.000000000000000000, -0.000000000000000000 ) ) ;
#3825 = ORIENTED_EDGE ( 'NONE', *, *, #788, .T. ) ;
#3826 = DIRECTION ( 'NONE',  ( 0.000000000000000000, -1.000000000000000000, 0.000000000000000000 ) ) ;
#3827 = AXIS2_PLACEMENT_3D ( 'NONE', #950, #3760, #4121 ) ;
#3828 = FACE_OUTER_BOUND ( 'NONE', #5016, .T. ) ;
#3829 = EDGE_LOOP ( 'NONE', ( #2046, #1596, #3569, #2054 ) ) ;
#3830 = LINE ( 'NONE', #178, #2776 ) ;
#3831 = EDGE_CURVE ( 'NONE', #297, #2647, #119, .T. ) ;
#3832 = DIRECTION ( 'NONE',  ( 1.000000000000000000, 0.000000000000000000, 0.000000000000000000 ) ) ;
#3833 = VECTOR ( 'NONE', #4634, 1000.000000000000000 ) ;
#3834 = VERTEX_POINT ( 'NONE', #861 ) ;
#3835 = ORIENTED_EDGE ( 'NONE', *, *, #5226, .T. ) ;
#3836 = DIRECTION ( 'NONE',  ( -0.000000000000000000, -1.000000000000000000, -0.000000000000000000 ) ) ;
#3837 = EDGE_CURVE ( 'NONE', #4118, #4756, #2468, .T. ) ;
#3838 = ORIENTED_EDGE ( 'NONE', *, *, #4345, .T. ) ;
#3839 = DIRECTION ( 'NONE',  ( 0.000000000000000000, 0.000000000000000000, -1.000000000000000000 ) ) ;
#3840 = VERTEX_POINT ( 'NONE', #2084 ) ;
#3841 = VECTOR ( 'NONE', #1361, 1000.000000000000000 ) ;
#3842 = ADVANCED_FACE ( 'NONE', ( #2558 ), #2895, .T. ) ;
#3843 = ADVANCED_FACE ( 'NONE', ( #1227 ), #3265, .T. ) ;
#3844 = CARTESIAN_POINT ( 'NONE',  ( 1.434999999999980291, 0.2030000000000000138, 1.124999999999999556 ) ) ;
#3845 = DIRECTION ( 'NONE',  ( 0.000000000000000000, -1.000000000000000000, 0.000000000000000000 ) ) ;
#3846 = EDGE_LOOP ( 'NONE', ( #4023, #1733, #1645, #618 ) ) ;
#3847 = ORIENTED_EDGE ( 'NONE', *, *, #1017, .F. ) ;
#3848 = EDGE_CURVE ( 'NONE', #222, #1357, #1715, .T. ) ;
#3849 = CARTESIAN_POINT ( 'NONE',  ( 1.499999999999980016, 0.2030000000000000138, 0.8499999999999994227 ) ) ;
#3850 = ADVANCED_FACE ( 'NONE', ( #493 ), #1311, .F. ) ;
#3851 = LINE ( 'NONE', #1461, #1531 ) ;
#3852 = LINE ( 'NONE', #2653, #2643 ) ;
#3853 = VERTEX_POINT ( 'NONE', #63 ) ;
#3854 = CARTESIAN_POINT ( 'NONE',  ( -1.459999999999979536, 0.2030000000000000138, 1.100000000000000311 ) ) ;
#3855 = CARTESIAN_POINT ( 'NONE',  ( -2.303929616531680751E-15, 0.05000000000000000278, -0.8499999999999963141 ) ) ;
#3856 = CARTESIAN_POINT ( 'NONE',  ( -1.459999999999979536, 0.2030000000000000138, 0.8499999999999998668 ) ) ;
#3857 = CARTESIAN_POINT ( 'NONE',  ( -1.435000000000000497, 0.2030000000000000138, -1.125000000000000000 ) ) ;
#3858 = DIRECTION ( 'NONE',  ( -1.000000000000000000, 0.000000000000000000, -2.344220913482165641E-15 ) ) ;
#3859 = ORIENTED_EDGE ( 'NONE', *, *, #5228, .F. ) ;
#3860 = VERTEX_POINT ( 'NONE', #4513 ) ;
#3861 = LINE ( 'NONE', #3986, #818 ) ;
#3862 = DIRECTION ( 'NONE',  ( 1.000000000000000000, 0.000000000000000000, -0.000000000000000000 ) ) ;
#3863 = ORIENTED_EDGE ( 'NONE', *, *, #970, .F. ) ;
#3864 = LINE ( 'NONE', #1402, #2127 ) ;
#3865 = ORIENTED_EDGE ( 'NONE', *, *, #3645, .F. ) ;
#3866 = EDGE_CURVE ( 'NONE', #4380, #2226, #1284, .T. ) ;
#3867 = ADVANCED_FACE ( 'NONE', ( #2922 ), #887, .F. ) ;
#3868 = DIRECTION ( 'NONE',  ( 0.000000000000000000, 0.000000000000000000, 1.000000000000000000 ) ) ;
#3869 = DIRECTION ( 'NONE',  ( 0.000000000000000000, -1.000000000000000000, 0.000000000000000000 ) ) ;
#3870 = CARTESIAN_POINT ( 'NONE',  ( -1.499999999999979572, 0.2030000000000000138, 1.100000000000000089 ) ) ;
#3871 = DIRECTION ( 'NONE',  ( 0.000000000000000000, 1.000000000000000000, -0.000000000000000000 ) ) ;
#3872 = CARTESIAN_POINT ( 'NONE',  ( -1.499999999999986677, 0.2030000000000000138, 0.4500000000000001221 ) ) ;
#3873 = ADVANCED_FACE ( 'NONE', ( #2947 ), #832, .T. ) ;
#3874 = ORIENTED_EDGE ( 'NONE', *, *, #4485, .F. ) ;
#3875 = ADVANCED_FACE ( 'NONE', ( #2121 ), #4172, .F. ) ;
#3876 = DIRECTION ( 'NONE',  ( -1.000000000000000000, 0.000000000000000000, -1.758165685111624132E-15 ) ) ;
#3877 = CARTESIAN_POINT ( 'NONE',  ( -1.500000000000000000, 0.2030000000000000138, -0.8499999999999998668 ) ) ;
#3878 = ORIENTED_EDGE ( 'NONE', *, *, #5159, .F. ) ;
#3879 = DIRECTION ( 'NONE',  ( 0.000000000000000000, 0.000000000000000000, 1.000000000000000000 ) ) ;
#3880 = DIRECTION ( 'NONE',  ( -0.000000000000000000, -1.000000000000000000, -0.000000000000000000 ) ) ;
#3881 = MECHANICAL_DESIGN_GEOMETRIC_PRESENTATION_REPRESENTATION (  '', ( #1133 ), #2267 ) ;
#3882 = ORIENTED_EDGE ( 'NONE', *, *, #707, .F. ) ;
#3883 = LINE ( 'NONE', #4279, #5160 ) ;
#3884 = VECTOR ( 'NONE', #4476, 1000.000000000000000 ) ;
#3885 = CIRCLE ( 'NONE', #305, 0.1500000000000003830 ) ;
#3886 = ORIENTED_EDGE ( 'NONE', *, *, #4020, .F. ) ;
#3887 = CARTESIAN_POINT ( 'NONE',  ( -1.459999999999993303, 0.2030000000000000138, -0.4500000000000001221 ) ) ;
#3888 = ORIENTED_EDGE ( 'NONE', *, *, #2580, .T. ) ;
#3889 = PRODUCT_DEFINITION ( 'UNKNOWN', '', #4799, #915 ) ;
#3890 = AXIS2_PLACEMENT_3D ( 'NONE', #1164, #5173, #4776 ) ;
#3891 = VECTOR ( 'NONE', #4672, 1000.000000000000000 ) ;
#3892 =( NAMED_UNIT ( * ) PLANE_ANGLE_UNIT ( ) SI_UNIT ( $, .RADIAN. ) );
#3893 = DIRECTION ( 'NONE',  ( 0.000000000000000000, -0.000000000000000000, 1.000000000000000000 ) ) ;
#3894 = VECTOR ( 'NONE', #5183, 1000.000000000000000 ) ;
#3895 = LINE ( 'NONE', #5091, #4924 ) ;
#3896 = ADVANCED_FACE ( 'NONE', ( #407 ), #464, .F. ) ;
#3897 = PLANE ( 'NONE',  #4740 ) ;
#3898 = DIRECTION ( 'NONE',  ( -0.7071067811865414665, 0.000000000000000000, -0.7071067811865536790 ) ) ;
#3899 = PLANE ( 'NONE',  #928 ) ;
#3900 = CIRCLE ( 'NONE', #1160, 0.05000000000000002359 ) ;
#3901 = ORIENTED_EDGE ( 'NONE', *, *, #1577, .F. ) ;
#3902 = VERTEX_POINT ( 'NONE', #31 ) ;
#3903 = PLANE ( 'NONE',  #3292 ) ;
#3904 = ORIENTED_EDGE ( 'NONE', *, *, #665, .F. ) ;
#3905 = COLOUR_RGB ( '',0.7921568627450980005, 0.8196078431372548767, 0.9333333333333333481 ) ;
#3906 = LINE ( 'NONE', #3403, #3043 ) ;
#3907 = EDGE_CURVE ( 'NONE', #4574, #4006, #2493, .T. ) ;
#3908 = EDGE_CURVE ( 'NONE', #1988, #946, #3022, .T. ) ;
#3909 = EDGE_LOOP ( 'NONE', ( #1589, #2562, #2345, #449 ) ) ;
#3910 = PRESENTATION_LAYER_ASSIGNMENT (  '', '', ( #2378 ) ) ;
#3911 = CARTESIAN_POINT ( 'NONE',  ( -1.500000000000000000, 0.05000000000000000278, -1.499999999999999778 ) ) ;
#3912 = CARTESIAN_POINT ( 'NONE',  ( 1.249999999999980016, 0.2030000000000000138, 1.125000000000000000 ) ) ;
#3913 = ADVANCED_FACE ( 'NONE', ( #4626 ), #3903, .F. ) ;
#3914 = AXIS2_PLACEMENT_3D ( 'NONE', #3782, #4892, #1237 ) ;
#3915 = LINE ( 'NONE', #264, #162 ) ;
#3916 = ORIENTED_EDGE ( 'NONE', *, *, #5094, .F. ) ;
#3917 = DIRECTION ( 'NONE',  ( 0.000000000000000000, -1.000000000000000000, 0.000000000000000000 ) ) ;
#3918 = EDGE_LOOP ( 'NONE', ( #4710, #2455, #3351, #4986 ) ) ;
#3919 = CYLINDRICAL_SURFACE ( 'NONE', #1910, 0.1500000000000003830 ) ;
#3920 = CARTESIAN_POINT ( 'NONE',  ( 0.6749999999999987121, 0.05000000000000000278, -1.189999999999999725 ) ) ;
#3921 = FILL_AREA_STYLE ('',( #3497 ) ) ;
#3922 = FACE_OUTER_BOUND ( 'NONE', #444, .T. ) ;
#3923 = DIRECTION ( 'NONE',  ( 0.000000000000000000, -0.000000000000000000, 1.000000000000000000 ) ) ;
#3924 = CARTESIAN_POINT ( 'NONE',  ( 1.280000000000012683, 0.05000000000000000278, -1.279999999999990479 ) ) ;
#3925 = EDGE_LOOP ( 'NONE', ( #1401, #4736, #2018, #4452 ) ) ;
#3926 = EDGE_CURVE ( 'NONE', #3860, #3079, #4680, .T. ) ;
#3927 = LINE ( 'NONE', #2767, #4318 ) ;
#3928 = CARTESIAN_POINT ( 'NONE',  ( -1.459999999999986420, 0.04999999999999999584, 0.1999999999999998723 ) ) ;
#3929 = ORIENTED_EDGE ( 'NONE', *, *, #1444, .F. ) ;
#3930 = CARTESIAN_POINT ( 'NONE',  ( -1.500000000000000000, 0.2030000000000000138, -1.100000000000000089 ) ) ;
#3931 = ORIENTED_EDGE ( 'NONE', *, *, #2537, .F. ) ;
#3932 = LINE ( 'NONE', #2317, #3383 ) ;
#3933 = CARTESIAN_POINT ( 'NONE',  ( -1.459999999999979536, 0.2030000000000000138, 0.8499999999999998668 ) ) ;
#3934 = DIRECTION ( 'NONE',  ( -0.000000000000000000, -1.000000000000000000, -0.000000000000000000 ) ) ;
#3935 = ORIENTED_EDGE ( 'NONE', *, *, #2646, .T. ) ;
#3936 = MANIFOLD_SOLID_BREP ( 'Boss-Extrude4[8]', #2878 ) ;
#3937 = DIRECTION ( 'NONE',  ( -1.000000000000000000, -0.000000000000000000, -0.000000000000000000 ) ) ;
#3938 = EDGE_LOOP ( 'NONE', ( #5127, #719, #382, #2185 ) ) ;
#3939 = ORIENTED_EDGE ( 'NONE', *, *, #1749, .F. ) ;
#3940 = ADVANCED_FACE ( 'NONE', ( #2256 ), #1366, .F. ) ;
#3941 = FACE_OUTER_BOUND ( 'NONE', #1980, .T. ) ;
#3942 = ADVANCED_FACE ( 'NONE', ( #4195 ), #4221, .T. ) ;
#3943 = CARTESIAN_POINT ( 'NONE',  ( 0.000000000000000000, 0.05000000000000000278, 0.8499999999999998668 ) ) ;
#3944 = LINE ( 'NONE', #3576, #4001 ) ;
#3945 = FACE_OUTER_BOUND ( 'NONE', #5266, .T. ) ;
#3946 = ORIENTED_EDGE ( 'NONE', *, *, #3831, .F. ) ;
#3947 = DIRECTION ( 'NONE',  ( 0.7071067811865414665, 0.000000000000000000, -0.7071067811865536790 ) ) ;
#3948 = CARTESIAN_POINT ( 'NONE',  ( -1.499999999999993339, 0.000000000000000000, -0.4500000000000001221 ) ) ;
#3949 = EDGE_LOOP ( 'NONE', ( #5002, #4242, #4927, #2604 ) ) ;
#3950 = CARTESIAN_POINT ( 'NONE',  ( 1.249999999999986677, 0.2030000000000000138, 0.3249999999999996780 ) ) ;
#3951 = SURFACE_STYLE_USAGE ( .BOTH. , #46 ) ;
#3952 = EDGE_CURVE ( 'NONE', #2194, #1558, #3430, .T. ) ;
#3953 = ORIENTED_EDGE ( 'NONE', *, *, #3699, .T. ) ;
#3954 = EDGE_CURVE ( 'NONE', #2587, #4399, #1838, .T. ) ;
#3955 = CARTESIAN_POINT ( 'NONE',  ( 1.499999999999993339, 0.000000000000000000, -0.4500000000000005107 ) ) ;
#3956 = PLANE ( 'NONE',  #2274 ) ;
#3957 = LINE ( 'NONE', #3668, #1075 ) ;
#3958 = ORIENTED_EDGE ( 'NONE', *, *, #3254, .T. ) ;
#3959 = CARTESIAN_POINT ( 'NONE',  ( -1.459999999999999964, 0.2030000000000000138, -1.100000000000000089 ) ) ;
#3960 = ORIENTED_EDGE ( 'NONE', *, *, #2982, .T. ) ;
#3961 = VERTEX_POINT ( 'NONE', #2205 ) ;
#3962 = VECTOR ( 'NONE', #4619, 1000.000000000000000 ) ;
#3963 = COLOUR_RGB ( '',0.7921568627450980005, 0.8196078431372548767, 0.9333333333333333481 ) ;
#3964 = LINE ( 'NONE', #2761, #3805 ) ;
#3965 = EDGE_CURVE ( 'NONE', #4963, #3657, #3799, .T. ) ;
#3966 = ADVANCED_FACE ( 'NONE', ( #3828 ), #4704, .T. ) ;
#3967 =( NAMED_UNIT ( * ) SI_UNIT ( $, .STERADIAN. ) SOLID_ANGLE_UNIT ( ) );
#3968 = COLOUR_RGB ( '',0.7921568627450980005, 0.8196078431372548767, 0.9333333333333333481 ) ;
#3969 = AXIS2_PLACEMENT_3D ( 'NONE', #3270, #1460, #4844 ) ;
#3970 = VECTOR ( 'NONE', #120, 1000.000000000000000 ) ;
#3971 = EDGE_CURVE ( 'NONE', #4462, #1270, #1390, .T. ) ;
#3972 = LINE ( 'NONE', #2043, #3061 ) ;
#3973 = VERTEX_POINT ( 'NONE', #3505 ) ;
#3974 = AXIS2_PLACEMENT_3D ( 'NONE', #1664, #3306, #1267 ) ;
#3975 = VECTOR ( 'NONE', #371, 1000.000000000000000 ) ;
#3976 = PLANE ( 'NONE',  #3308 ) ;
#3977 = CARTESIAN_POINT ( 'NONE',  ( -1.499999999999986677, 0.2030000000000000138, 0.1999999999999998723 ) ) ;
#3978 = ORIENTED_EDGE ( 'NONE', *, *, #3747, .F. ) ;
#3979 = FACE_OUTER_BOUND ( 'NONE', #1868, .T. ) ;
#3980 = PLANE ( 'NONE',  #4666 ) ;
#3981 =( GEOMETRIC_REPRESENTATION_CONTEXT ( 3 ) GLOBAL_UNCERTAINTY_ASSIGNED_CONTEXT ( ( #966 ) ) GLOBAL_UNIT_ASSIGNED_CONTEXT ( ( #4153, #1353, #3736 ) ) REPRESENTATION_CONTEXT ( 'NONE', 'WORKASPACE' ) );
#3982 = ORIENTED_EDGE ( 'NONE', *, *, #4833, .F. ) ;
#3983 = DIRECTION ( 'NONE',  ( 0.000000000000000000, 1.000000000000000000, 0.000000000000000000 ) ) ;
#3984 = AXIS2_PLACEMENT_3D ( 'NONE', #536, #2164, #3788 ) ;
#3985 = CARTESIAN_POINT ( 'NONE',  ( 1.459999999999999520, 0.2030000000000000138, -0.8500000000000001998 ) ) ;
#3986 = CARTESIAN_POINT ( 'NONE',  ( -1.499999999999986677, 0.2030000000000000138, 0.1999999999999998723 ) ) ;
#3987 = EDGE_CURVE ( 'NONE', #1416, #872, #968, .T. ) ;
#3988 = ORIENTED_EDGE ( 'NONE', *, *, #2933, .T. ) ;
#3989 = LINE ( 'NONE', #3537, #4081 ) ;
#3990 = ORIENTED_EDGE ( 'NONE', *, *, #1722, .F. ) ;
#3991 = VERTEX_POINT ( 'NONE', #147 ) ;
#3992 = AXIS2_PLACEMENT_3D ( 'NONE', #403, #1651, #4857 ) ;
#3993 = LINE ( 'NONE', #4387, #654 ) ;
#3994 = FACE_OUTER_BOUND ( 'NONE', #3070, .T. ) ;
#3995 = ADVANCED_FACE ( 'NONE', ( #3402 ), #3555, .F. ) ;
#3996 = EDGE_CURVE ( 'NONE', #630, #5219, #2408, .T. ) ;
#3997 = DIRECTION ( 'NONE',  ( 0.000000000000000000, 1.000000000000000000, -0.000000000000000000 ) ) ;
#3998 = CARTESIAN_POINT ( 'NONE',  ( -1.459999999999986420, 0.2030000000000000138, 0.1999999999999998723 ) ) ;
#3999 = CARTESIAN_POINT ( 'NONE',  ( 1.435000000000000053, 0.000000000000000000, -1.125000000000000444 ) ) ;
#4000 = ORIENTED_EDGE ( 'NONE', *, *, #95, .F. ) ;
#4001 = VECTOR ( 'NONE', #2763, 1000.000000000000000 ) ;
#4002 = ORIENTED_EDGE ( 'NONE', *, *, #4621, .T. ) ;
#4003 = EDGE_CURVE ( 'NONE', #4071, #4006, #675, .T. ) ;
#4004 = EDGE_CURVE ( 'NONE', #4304, #4050, #2356, .T. ) ;
#4005 = FACE_OUTER_BOUND ( 'NONE', #3156, .T. ) ;
#4006 = VERTEX_POINT ( 'NONE', #1066 ) ;
#4007 = LINE ( 'NONE', #2828, #5270 ) ;
#4008 = DIRECTION ( 'NONE',  ( 2.344220913482168007E-15, 0.000000000000000000, -1.000000000000000000 ) ) ;
#4009 = CARTESIAN_POINT ( 'NONE',  ( -1.249999999999993339, 0.2030000000000000138, -0.3250000000000000111 ) ) ;
#4010 = ORIENTED_EDGE ( 'NONE', *, *, #1017, .T. ) ;
#4011 = CYLINDRICAL_SURFACE ( 'NONE', #1672, 0.04999999999999991257 ) ;
#4012 = CARTESIAN_POINT ( 'NONE',  ( 1.499999999999993339, 0.2030000000000000138, -0.4500000000000005107 ) ) ;
#4013 = PLANE ( 'NONE',  #5000 ) ;
#4014 = CARTESIAN_POINT ( 'NONE',  ( 0.000000000000000000, 0.05000000000000000278, 0.1999999999999998723 ) ) ;
#4015 = LINE ( 'NONE', #5231, #4170 ) ;
#4016 = EDGE_LOOP ( 'NONE', ( #52, #3199, #4106, #3643 ) ) ;
#4017 = ORIENTED_EDGE ( 'NONE', *, *, #3064, .T. ) ;
#4018 = CARTESIAN_POINT ( 'NONE',  ( -1.499999999999986677, 0.04999999999999999584, 0.4500000000000001221 ) ) ;
#4019 = EDGE_CURVE ( 'NONE', #2927, #1766, #47, .T. ) ;
#4020 = EDGE_CURVE ( 'NONE', #849, #1900, #349, .T. ) ;
#4021 = CARTESIAN_POINT ( 'NONE',  ( 1.459999999999999520, 0.2030000000000000138, -1.100000000000000533 ) ) ;
#4022 = VERTEX_POINT ( 'NONE', #2801 ) ;
#4023 = ORIENTED_EDGE ( 'NONE', *, *, #4658, .T. ) ;
#4024 = CARTESIAN_POINT ( 'NONE',  ( -1.249999999999979572, 0.04999999999999999584, 0.9749999999999999778 ) ) ;
#4025 = ORIENTED_EDGE ( 'NONE', *, *, #363, .T. ) ;
#4026 = CARTESIAN_POINT ( 'NONE',  ( -1.249999999999979572, 0.04999999999999999584, 0.8249999999999995115 ) ) ;
#4027 = DIRECTION ( 'NONE',  ( 0.7071067811865536790, -0.000000000000000000, 0.7071067811865414665 ) ) ;
#4028 = EDGE_CURVE ( 'NONE', #3258, #2786, #5244, .T. ) ;
#4029 = FACE_OUTER_BOUND ( 'NONE', #2957, .T. ) ;
#4030 = EDGE_CURVE ( 'NONE', #1766, #2427, #3527, .T. ) ;
#4031 = ORIENTED_EDGE ( 'NONE', *, *, #1999, .T. ) ;
#4032 = DIRECTION ( 'NONE',  ( 0.000000000000000000, 0.000000000000000000, -1.000000000000000000 ) ) ;
#4033 = CARTESIAN_POINT ( 'NONE',  ( 1.249999999999993339, 0.2030000000000000138, -0.1749999999999999611 ) ) ;
#4034 = DIRECTION ( 'NONE',  ( 0.000000000000000000, 0.000000000000000000, -1.000000000000000000 ) ) ;
#4035 = PLANE ( 'NONE',  #1680 ) ;
#4036 = CARTESIAN_POINT ( 'NONE',  ( 1.459999999999986420, 0.2030000000000000138, 0.1999999999999994282 ) ) ;
#4037 = ORIENTED_EDGE ( 'NONE', *, *, #5075, .T. ) ;
#4038 = ORIENTED_EDGE ( 'NONE', *, *, #2745, .F. ) ;
#4039 = CARTESIAN_POINT ( 'NONE',  ( -1.434999999999980069, 0.000000000000000000, 0.8249999999999999556 ) ) ;
#4040 = LINE ( 'NONE', #3647, #3303 ) ;
#4041 = COLOUR_RGB ( '',0.7921568627450980005, 0.8196078431372548767, 0.9333333333333333481 ) ;
#4042 = VERTEX_POINT ( 'NONE', #299 ) ;
#4043 = FACE_OUTER_BOUND ( 'NONE', #606, .T. ) ;
#4044 = CARTESIAN_POINT ( 'NONE',  ( 1.459999999999993303, 0.2030000000000000138, -0.2000000000000002054 ) ) ;
#4045 = DIRECTION ( 'NONE',  ( 0.000000000000000000, -1.000000000000000000, 0.000000000000000000 ) ) ;
#4046 = CARTESIAN_POINT ( 'NONE',  ( 1.434999999999986953, 0.2030000000000000138, 0.4749999999999995337 ) ) ;
#4047 = EDGE_CURVE ( 'NONE', #500, #2992, #3037, .T. ) ;
#4048 = AXIS2_PLACEMENT_3D ( 'NONE', #4024, #5199, #714 ) ;
#4049 = ORIENTED_EDGE ( 'NONE', *, *, #2760, .T. ) ;
#4050 = VERTEX_POINT ( 'NONE', #1560 ) ;
#4051 = VECTOR ( 'NONE', #3443, 1000.000000000000000 ) ;
#4052 = CARTESIAN_POINT ( 'NONE',  ( -1.459999999999999964, 0.000000000000000000, -0.8499999999999997558 ) ) ;
#4053 = PLANE ( 'NONE',  #3289 ) ;
#4054 = CARTESIAN_POINT ( 'NONE',  ( 1.499999999999999556, 0.2030000000000000138, -0.8500000000000003109 ) ) ;
#4055 = VECTOR ( 'NONE', #1875, 1000.000000000000000 ) ;
#4056 = VECTOR ( 'NONE', #3565, 1000.000000000000000 ) ;
#4057 = ORIENTED_EDGE ( 'NONE', *, *, #1296, .F. ) ;
#4058 = CARTESIAN_POINT ( 'NONE',  ( 1.459999999999993303, 0.04999999999999999584, -0.4500000000000005107 ) ) ;
#4059 = ADVANCED_FACE ( 'NONE', ( #4349 ), #1590, .T. ) ;
#4060 = DIRECTION ( 'NONE',  ( 0.7071067811865474617, -0.000000000000000000, -0.7071067811865474617 ) ) ;
#4061 = VECTOR ( 'NONE', #2594, 1000.000000000000000 ) ;
#4062 = CARTESIAN_POINT ( 'NONE',  ( -1.434999999999993836, 0.2030000000000000138, -0.4749999999999999223 ) ) ;
#4063 = DIRECTION ( 'NONE',  ( -1.000000000000000000, -0.000000000000000000, 2.344220913482165641E-15 ) ) ;
#4064 = CARTESIAN_POINT ( 'NONE',  ( 1.459999999999993303, 0.2030000000000000138, -0.2000000000000002054 ) ) ;
#4065 = ORIENTED_EDGE ( 'NONE', *, *, #4110, .T. ) ;
#4066 = VECTOR ( 'NONE', #3352, 1000.000000000000000 ) ;
#4067 = VERTEX_POINT ( 'NONE', #3585 ) ;
#4068 = DIRECTION ( 'NONE',  ( -1.000000000000000000, -0.000000000000000000, 2.344220913482165641E-15 ) ) ;
#4069 = DIRECTION ( 'NONE',  ( -0.000000000000000000, -1.000000000000000000, -0.000000000000000000 ) ) ;
#4070 = VECTOR ( 'NONE', #2609, 1000.000000000000000 ) ;
#4071 = VERTEX_POINT ( 'NONE', #4322 ) ;
#4072 = LINE ( 'NONE', #2280, #3491 ) ;
#4073 = VERTEX_POINT ( 'NONE', #5220 ) ;
#4074 = MECHANICAL_DESIGN_GEOMETRIC_PRESENTATION_REPRESENTATION (  '', ( #3823 ), #4674 ) ;
#4075 = DIRECTION ( 'NONE',  ( -0.000000000000000000, -1.000000000000000000, -0.000000000000000000 ) ) ;
#4076 = CARTESIAN_POINT ( 'NONE',  ( 1.249999999999999556, 0.2030000000000000138, -0.8249999999999999556 ) ) ;
#4077 = DIRECTION ( 'NONE',  ( 0.7071067811865491270, 0.000000000000000000, -0.7071067811865459074 ) ) ;
#4078 = AXIS2_PLACEMENT_3D ( 'NONE', #15, #2693, #3501 ) ;
#4079 = ORIENTED_EDGE ( 'NONE', *, *, #4891, .T. ) ;
#4080 = ORIENTED_EDGE ( 'NONE', *, *, #1789, .T. ) ;
#4081 = VECTOR ( 'NONE', #3169, 1000.000000000000000 ) ;
#4082 = LINE ( 'NONE', #1139, #2391 ) ;
#4083 = CARTESIAN_POINT ( 'NONE',  ( 1.434999999999986953, 0.2030000000000000138, 0.4749999999999995337 ) ) ;
#4084 = CARTESIAN_POINT ( 'NONE',  ( -1.249999999999979572, 0.2030000000000000138, 0.8249999999999995115 ) ) ;
#4085 = CIRCLE ( 'NONE', #2567, 0.1500000000000003830 ) ;
#4086 = VERTEX_POINT ( 'NONE', #3928 ) ;
#4087 = DIRECTION ( 'NONE',  ( -1.000000000000000000, 0.000000000000000000, -1.758165685111624132E-15 ) ) ;
#4088 = CARTESIAN_POINT ( 'NONE',  ( 1.459999999999979980, 0.2030000000000000138, 1.099999999999999867 ) ) ;
#4089 = DIRECTION ( 'NONE',  ( -0.000000000000000000, -1.000000000000000000, -0.000000000000000000 ) ) ;
#4090 = LINE ( 'NONE', #4838, #3737 ) ;
#4091 = DIRECTION ( 'NONE',  ( 1.000000000000000000, 0.000000000000000000, -0.000000000000000000 ) ) ;
#4092 = ORIENTED_EDGE ( 'NONE', *, *, #4907, .F. ) ;
#4093 = ORIENTED_EDGE ( 'NONE', *, *, #3749, .T. ) ;
#4094 = LINE ( 'NONE', #445, #2956 ) ;
#4095 = CYLINDRICAL_SURFACE ( 'NONE', #319, 0.1499999999999999667 ) ;
#4096 = ORIENTED_EDGE ( 'NONE', *, *, #2137, .T. ) ;
#4097 = CARTESIAN_POINT ( 'NONE',  ( 1.459999999999993303, 0.000000000000000000, -0.4500000000000005107 ) ) ;
#4098 = EDGE_CURVE ( 'NONE', #2491, #1928, #3179, .T. ) ;
#4099 = ORIENTED_EDGE ( 'NONE', *, *, #2058, .T. ) ;
#4100 = ADVANCED_FACE ( 'NONE', ( #1916 ), #2313, .F. ) ;
#4101 = CARTESIAN_POINT ( 'NONE',  ( 1.459999999999986420, 0.2030000000000000138, 0.4499999999999997891 ) ) ;
#4102 = DIRECTION ( 'NONE',  ( -0.7071067811865459074, 0.000000000000000000, -0.7071067811865491270 ) ) ;
#4103 = ORIENTED_EDGE ( 'NONE', *, *, #635, .T. ) ;
#4104 = ORIENTED_EDGE ( 'NONE', *, *, #4967, .F. ) ;
#4105 = CARTESIAN_POINT ( 'NONE',  ( 1.249999999999999556, 0.2030000000000000138, -1.125000000000000888 ) ) ;
#4106 = ORIENTED_EDGE ( 'NONE', *, *, #763, .T. ) ;
#4107 = LINE ( 'NONE', #1678, #422 ) ;
#4108 = DIRECTION ( 'NONE',  ( 1.000000000000000000, -0.000000000000000000, -2.344220913482168402E-15 ) ) ;
#4109 = CARTESIAN_POINT ( 'NONE',  ( -1.100000000000000089, 0.9000000000000000222, -1.099999999999999867 ) ) ;
#4110 = EDGE_CURVE ( 'NONE', #4399, #4783, #278, .T. ) ;
#4111 = ORIENTED_EDGE ( 'NONE', *, *, #3217, .T. ) ;
#4112 = DIRECTION ( 'NONE',  ( -0.7071067811865459074, 0.000000000000000000, 0.7071067811865491270 ) ) ;
#4113 = CARTESIAN_POINT ( 'NONE',  ( -0.8250000000000001776, 0.05000000000000000278, 1.039999999999999147 ) ) ;
#4114 = LINE ( 'NONE', #1743, #1760 ) ;
#4115 = EDGE_CURVE ( 'NONE', #851, #705, #2433, .T. ) ;
#4116 = ORIENTED_EDGE ( 'NONE', *, *, #5126, .T. ) ;
#4117 = PLANE ( 'NONE',  #1947 ) ;
#4118 = VERTEX_POINT ( 'NONE', #770 ) ;
#4119 = DIRECTION ( 'NONE',  ( 0.7071067811865460184, 0.000000000000000000, 0.7071067811865490160 ) ) ;
#4120 = ORIENTED_EDGE ( 'NONE', *, *, #1578, .T. ) ;
#4121 = DIRECTION ( 'NONE',  ( -0.7071067811865459074, 0.000000000000000000, 0.7071067811865491270 ) ) ;
#4122 = VERTEX_POINT ( 'NONE', #3130 ) ;
#4123 = LINE ( 'NONE', #3762, #5006 ) ;
#4124 = ADVANCED_FACE ( 'NONE', ( #4005 ), #4800, .F. ) ;
#4125 = EDGE_CURVE ( 'NONE', #3516, #1825, #1967, .T. ) ;
#4126 = DIRECTION ( 'NONE',  ( -1.000000000000000000, 0.000000000000000000, 0.000000000000000000 ) ) ;
#4127 = DIRECTION ( 'NONE',  ( -0.7071067811865459074, 0.000000000000000000, 0.7071067811865491270 ) ) ;
#4128 = ORIENTED_EDGE ( 'NONE', *, *, #3645, .T. ) ;
#4129 = ORIENTED_EDGE ( 'NONE', *, *, #5265, .T. ) ;
#4130 = CARTESIAN_POINT ( 'NONE',  ( -1.249999999999979572, 0.2030000000000000138, 0.8249999999999995115 ) ) ;
#4131 = EDGE_CURVE ( 'NONE', #2867, #2563, #1149, .T. ) ;
#4132 = VERTEX_POINT ( 'NONE', #5148 ) ;
#4133 = DIRECTION ( 'NONE',  ( -0.7071067811865414665, -0.000000000000000000, 0.7071067811865536790 ) ) ;
#4134 = CARTESIAN_POINT ( 'NONE',  ( 1.249999999999993339, 0.000000000000000000, -0.3250000000000002887 ) ) ;
#4135 = AXIS2_PLACEMENT_3D ( 'NONE', #717, #4374, #2727 ) ;
#4136 = LINE ( 'NONE', #4084, #2980 ) ;
#4137 = ORIENTED_EDGE ( 'NONE', *, *, #172, .F. ) ;
#4138 = MECHANICAL_DESIGN_GEOMETRIC_PRESENTATION_REPRESENTATION (  '', ( #228 ), #1413 ) ;
#4139 = VECTOR ( 'NONE', #5139, 1000.000000000000000 ) ;
#4140 = CARTESIAN_POINT ( 'NONE',  ( 1.499999999999986677, 0.000000000000000000, 0.1999999999999994282 ) ) ;
#4141 = DIRECTION ( 'NONE',  ( -1.000000000000000000, 0.000000000000000000, 2.710505431213753985E-15 ) ) ;
#4142 = VECTOR ( 'NONE', #1641, 1000.000000000000000 ) ;
#4143 = VECTOR ( 'NONE', #1074, 1000.000000000000000 ) ;
#4144 = DIRECTION ( 'NONE',  ( 1.000000000000000000, 0.000000000000000000, -2.930276141852710700E-15 ) ) ;
#4145 = ORIENTED_EDGE ( 'NONE', *, *, #2137, .F. ) ;
#4146 = VERTEX_POINT ( 'NONE', #5104 ) ;
#4147 = ADVANCED_FACE ( 'NONE', ( #1470 ), #1797, .F. ) ;
#4148 = PLANE ( 'NONE',  #3721 ) ;
#4149 = ORIENTED_EDGE ( 'NONE', *, *, #4047, .T. ) ;
#4150 = AXIS2_PLACEMENT_3D ( 'NONE', #2173, #2148, #4646 ) ;
#4151 = DIRECTION ( 'NONE',  ( 0.000000000000000000, -1.000000000000000000, 0.000000000000000000 ) ) ;
#4152 = VERTEX_POINT ( 'NONE', #2703 ) ;
#4153 =( LENGTH_UNIT ( ) NAMED_UNIT ( * ) SI_UNIT ( .MILLI., .METRE. ) );
#4154 = CLOSED_SHELL ( 'NONE', ( #4950, #2343, #1410, #2555, #4708, #4124, #480, #2819, #1190, #3843 ) ) ;
#4155 = LINE ( 'NONE', #4984, #3467 ) ;
#4156 = DIRECTION ( 'NONE',  ( -1.000000000000000000, 0.000000000000000000, 5.421010862427507971E-15 ) ) ;
#4157 = AXIS2_PLACEMENT_3D ( 'NONE', #1299, #2936, #657 ) ;
#4158 = ORIENTED_EDGE ( 'NONE', *, *, #3329, .T. ) ;
#4159 = EDGE_CURVE ( 'NONE', #2900, #3219, #3085, .T. ) ;
#4160 = ORIENTED_EDGE ( 'NONE', *, *, #3747, .T. ) ;
#4161 = DIRECTION ( 'NONE',  ( -0.000000000000000000, -0.000000000000000000, -1.000000000000000000 ) ) ;
#4162 = ORIENTED_EDGE ( 'NONE', *, *, #4806, .F. ) ;
#4163 = LINE ( 'NONE', #2578, #4771 ) ;
#4164 = VECTOR ( 'NONE', #1865, 1000.000000000000000 ) ;
#4165 = DIRECTION ( 'NONE',  ( 1.000000000000000000, 0.000000000000000000, 1.758165685111624132E-15 ) ) ;
#4166 = CARTESIAN_POINT ( 'NONE',  ( 1.459999999999999520, 0.2030000000000000138, -1.100000000000000533 ) ) ;
#4167 = EDGE_CURVE ( 'NONE', #340, #2194, #281, .T. ) ;
#4168 = ORIENTED_EDGE ( 'NONE', *, *, #2531, .F. ) ;
#4169 = ADVANCED_FACE ( 'NONE', ( #3133 ), #2335, .F. ) ;
#4170 = VECTOR ( 'NONE', #5257, 1000.000000000000000 ) ;
#4171 = FACE_OUTER_BOUND ( 'NONE', #1523, .T. ) ;
#4172 = CYLINDRICAL_SURFACE ( 'NONE', #2689, 0.1500000000000004108 ) ;
#4173 = DIRECTION ( 'NONE',  ( 1.000000000000000000, 0.000000000000000000, -2.637248527667439551E-15 ) ) ;
#4174 = PLANE ( 'NONE',  #4324 ) ;
#4175 = EDGE_LOOP ( 'NONE', ( #1351, #4201, #2126, #608 ) ) ;
#4176 = ORIENTED_EDGE ( 'NONE', *, *, #4131, .F. ) ;
#4177 = CARTESIAN_POINT ( 'NONE',  ( -1.459999999999993303, 0.000000000000000000, -0.1999999999999997613 ) ) ;
#4178 = EDGE_LOOP ( 'NONE', ( #3422, #2503, #1745, #1786 ) ) ;
#4179 = CARTESIAN_POINT ( 'NONE',  ( 1.499999999999980016, 0.2030000000000000138, 1.099999999999999645 ) ) ;
#4180 = ORIENTED_EDGE ( 'NONE', *, *, #363, .F. ) ;
#4181 = PLANE ( 'NONE',  #402 ) ;
#4182 = FILL_AREA_STYLE_COLOUR ( '', #798 ) ;
#4183 = DIRECTION ( 'NONE',  ( 0.000000000000000000, -1.000000000000000000, 0.000000000000000000 ) ) ;
#4184 = ADVANCED_FACE ( 'NONE', ( #1046 ), #4652, .F. ) ;
#4185 = PLANE ( 'NONE',  #3984 ) ;
#4186 = EDGE_CURVE ( 'NONE', #1882, #838, #4296, .T. ) ;
#4187 = ORIENTED_EDGE ( 'NONE', *, *, #4907, .T. ) ;
#4188 = ORIENTED_EDGE ( 'NONE', *, *, #1647, .F. ) ;
#4189 = CARTESIAN_POINT ( 'NONE',  ( -1.500000000000000000, 0.8999999999999998002, -1.499999999999999778 ) ) ;
#4190 = DIRECTION ( 'NONE',  ( 0.000000000000000000, -1.000000000000000000, 0.000000000000000000 ) ) ;
#4191 = FACE_OUTER_BOUND ( 'NONE', #1528, .T. ) ;
#4192 = DIRECTION ( 'NONE',  ( -1.000000000000000000, 0.000000000000000000, -2.710505431213753985E-15 ) ) ;
#4193 = ORIENTED_EDGE ( 'NONE', *, *, #2580, .F. ) ;
#4194 = CARTESIAN_POINT ( 'NONE',  ( -1.459999999999993303, 0.2030000000000000138, -0.1999999999999997613 ) ) ;
#4195 = FACE_OUTER_BOUND ( 'NONE', #3399, .T. ) ;
#4196 = DIRECTION ( 'NONE',  ( 0.7071067811865414665, 0.000000000000000000, 0.7071067811865536790 ) ) ;
#4197 = EDGE_CURVE ( 'NONE', #102, #3421, #3484, .T. ) ;
#4198 = EDGE_CURVE ( 'NONE', #2400, #1903, #1423, .T. ) ;
#4199 = DIRECTION ( 'NONE',  ( 0.000000000000000000, 0.000000000000000000, -1.000000000000000000 ) ) ;
#4200 = MANIFOLD_SOLID_BREP ( 'Boss-Extrude2', #2709 ) ;
#4201 = ORIENTED_EDGE ( 'NONE', *, *, #5126, .F. ) ;
#4202 = LINE ( 'NONE', #550, #4566 ) ;
#4203 = ORIENTED_EDGE ( 'NONE', *, *, #1789, .F. ) ;
#4204 = DIRECTION ( 'NONE',  ( -0.000000000000000000, -1.000000000000000000, -0.000000000000000000 ) ) ;
#4205 = ORIENTED_EDGE ( 'NONE', *, *, #4613, .F. ) ;
#4206 = MANIFOLD_SOLID_BREP ( 'Boss-Extrude4[6]', #2790 ) ;
#4207 = SURFACE_STYLE_USAGE ( .BOTH. , #4235 ) ;
#4208 = DIRECTION ( 'NONE',  ( 0.000000000000000000, 0.000000000000000000, 1.000000000000000000 ) ) ;
#4209 = DIRECTION ( 'NONE',  ( -0.000000000000000000, -1.000000000000000000, -0.000000000000000000 ) ) ;
#4210 = ORIENTED_EDGE ( 'NONE', *, *, #3096, .T. ) ;
#4211 = VERTEX_POINT ( 'NONE', #1521 ) ;
#4212 =( GEOMETRIC_REPRESENTATION_CONTEXT ( 3 ) GLOBAL_UNCERTAINTY_ASSIGNED_CONTEXT ( ( #275 ) ) GLOBAL_UNIT_ASSIGNED_CONTEXT ( ( #816, #2505, #534 ) ) REPRESENTATION_CONTEXT ( 'NONE', 'WORKASPACE' ) );
#4213 = CARTESIAN_POINT ( 'NONE',  ( 1.459999999999979980, 0.2030000000000000138, 0.8499999999999994227 ) ) ;
#4214 = DIRECTION ( 'NONE',  ( -0.7071067811865414665, 0.000000000000000000, 0.7071067811865536790 ) ) ;
#4215 = CARTESIAN_POINT ( 'NONE',  ( -1.100000000000000089, 0.8499999999999999778, -0.9249999999999998224 ) ) ;
#4216 = ORIENTED_EDGE ( 'NONE', *, *, #923, .T. ) ;
#4217 = EDGE_CURVE ( 'NONE', #1129, #3055, #2481, .T. ) ;
#4218 = UNCERTAINTY_MEASURE_WITH_UNIT (LENGTH_MEASURE( 1.000000000000000082E-05 ), #2620, 'distance_accuracy_value', 'NONE');
#4219 = CARTESIAN_POINT ( 'NONE',  ( -2.637248527667447045E-15, 0.05000000000000000278, 1.125000000000003331 ) ) ;
#4220 = VECTOR ( 'NONE', #3240, 1000.000000000000000 ) ;
#4221 = CYLINDRICAL_SURFACE ( 'NONE', #3545, 0.1500000000000003830 ) ;
#4222 = DIRECTION ( 'NONE',  ( -0.000000000000000000, -1.000000000000000000, -0.000000000000000000 ) ) ;
#4223 = LINE ( 'NONE', #573, #1005 ) ;
#4224 = AXIS2_PLACEMENT_3D ( 'NONE', #3877, #545, #225 ) ;
#4225 = AXIS2_PLACEMENT_3D ( 'NONE', #4951, #1293, #3758 ) ;
#4226 = ORIENTED_EDGE ( 'NONE', *, *, #4003, .F. ) ;
#4227 = EDGE_CURVE ( 'NONE', #188, #1502, #1214, .T. ) ;
#4228 = CARTESIAN_POINT ( 'NONE',  ( -1.499999999999993339, 0.2030000000000000138, -0.1999999999999998723 ) ) ;
#4229 = CIRCLE ( 'NONE', #1580, 0.1499999999999999667 ) ;
#4230 = CARTESIAN_POINT ( 'NONE',  ( 1.249999999999980016, 0.000000000000000000, 1.125000000000000000 ) ) ;
#4231 = ORIENTED_EDGE ( 'NONE', *, *, #2288, .F. ) ;
#4232 = DIRECTION ( 'NONE',  ( 0.000000000000000000, -1.000000000000000000, 0.000000000000000000 ) ) ;
#4233 = ORIENTED_EDGE ( 'NONE', *, *, #2632, .T. ) ;
#4234 = VECTOR ( 'NONE', #723, 1000.000000000000000 ) ;
#4235 = SURFACE_SIDE_STYLE ('',( #2988 ) ) ;
#4236 = SURFACE_STYLE_FILL_AREA ( #1054 ) ;
#4237 = FACE_BOUND ( 'NONE', #2286, .T. ) ;
#4238 = VECTOR ( 'NONE', #2605, 1000.000000000000000 ) ;
#4239 = PLANE ( 'NONE',  #329 ) ;
#4240 = VERTEX_POINT ( 'NONE', #302 ) ;
#4241 = AXIS2_PLACEMENT_3D ( 'NONE', #3682, #456, #2510 ) ;
#4242 = ORIENTED_EDGE ( 'NONE', *, *, #2547, .T. ) ;
#4243 = CARTESIAN_POINT ( 'NONE',  ( 5.421010862427393980E-16, 0.05000000000000000278, -0.1999999999999958200 ) ) ;
#4244 = LINE ( 'NONE', #4344, #1024 ) ;
#4245 = AXIS2_PLACEMENT_3D ( 'NONE', #1983, #1131, #787 ) ;
#4246 = DIRECTION ( 'NONE',  ( -1.000000000000000000, -0.000000000000000000, 2.344220913482165641E-15 ) ) ;
#4247 = ORIENTED_EDGE ( 'NONE', *, *, #2475, .F. ) ;
#4248 = EDGE_CURVE ( 'NONE', #3525, #4437, #2935, .T. ) ;
#4249 = CARTESIAN_POINT ( 'NONE',  ( 1.459999999999993303, 0.2030000000000000138, -0.4500000000000005107 ) ) ;
#4250 = AXIS2_PLACEMENT_3D ( 'NONE', #1666, #103, #4978 ) ;
#4251 = DIRECTION ( 'NONE',  ( 1.000000000000000000, 0.000000000000000000, -2.710505431213753985E-15 ) ) ;
#4252 = ORIENTED_EDGE ( 'NONE', *, *, #3564, .F. ) ;
#4253 = DIRECTION ( 'NONE',  ( 0.7071067811865474617, 0.000000000000000000, 0.7071067811865474617 ) ) ;
#4254 = CARTESIAN_POINT ( 'NONE',  ( -1.499999999999993339, 0.2030000000000000138, -0.1999999999999998723 ) ) ;
#4255 = EDGE_CURVE ( 'NONE', #267, #2341, #1702, .T. ) ;
#4256 = DIRECTION ( 'NONE',  ( -0.7071067811865491270, 0.000000000000000000, -0.7071067811865459074 ) ) ;
#4257 = VERTEX_POINT ( 'NONE', #4552 ) ;
#4258 = ORIENTED_EDGE ( 'NONE', *, *, #901, .F. ) ;
#4259 = PLANE ( 'NONE',  #1241 ) ;
#4260 = EDGE_LOOP ( 'NONE', ( #4886, #226, #3316, #759 ) ) ;
#4261 = CARTESIAN_POINT ( 'NONE',  ( -1.459999999999999964, 0.2030000000000000138, -0.8499999999999997558 ) ) ;
#4262 = EDGE_LOOP ( 'NONE', ( #2047, #581, #2324, #2549 ) ) ;
#4263 = VECTOR ( 'NONE', #2821, 1000.000000000000000 ) ;
#4264 = CARTESIAN_POINT ( 'NONE',  ( -0.8250000000000001776, 0.000000000000000000, -1.189999999999999725 ) ) ;
#4265 = EDGE_CURVE ( 'NONE', #3421, #3759, #2879, .T. ) ;
#4266 = EDGE_CURVE ( 'NONE', #3860, #1356, #452, .T. ) ;
#4267 = DIRECTION ( 'NONE',  ( -0.7071067811865414665, -0.000000000000000000, 0.7071067811865536790 ) ) ;
#4268 = LINE ( 'NONE', #4289, #1832 ) ;
#4269 = CARTESIAN_POINT ( 'NONE',  ( 1.459999999999979980, 0.04999999999999999584, 1.099999999999999867 ) ) ;
#4270 = DIRECTION ( 'NONE',  ( -0.7071067811865414665, -0.000000000000000000, 0.7071067811865536790 ) ) ;
#4271 = EDGE_LOOP ( 'NONE', ( #60, #1451, #3835, #2501 ) ) ;
#4272 = LINE ( 'NONE', #5024, #2292 ) ;
#4273 = LINE ( 'NONE', #4651, #1331 ) ;
#4274 = DIRECTION ( 'NONE',  ( 2.710505431213753985E-15, 0.000000000000000000, -1.000000000000000000 ) ) ;
#4275 = MECHANICAL_DESIGN_GEOMETRIC_PRESENTATION_REPRESENTATION (  '', ( #533 ), #3684 ) ;
#4276 = EDGE_CURVE ( 'NONE', #1206, #3810, #3278, .T. ) ;
#4277 = EDGE_LOOP ( 'NONE', ( #4446, #2062, #2849, #4474 ) ) ;
#4278 = VERTEX_POINT ( 'NONE', #4781 ) ;
#4279 = CARTESIAN_POINT ( 'NONE',  ( 0.000000000000000000, 0.05000000000000000278, 0.8499999999999994227 ) ) ;
#4280 = EDGE_CURVE ( 'NONE', #1381, #1103, #3739, .T. ) ;
#4281 = DIRECTION ( 'NONE',  ( 1.000000000000000000, -0.000000000000000000, -2.710505431213753985E-15 ) ) ;
#4282 = ORIENTED_EDGE ( 'NONE', *, *, #4276, .T. ) ;
#4283 = DIRECTION ( 'NONE',  ( 0.000000000000000000, 1.000000000000000000, -0.000000000000000000 ) ) ;
#4284 = EDGE_LOOP ( 'NONE', ( #4347, #896, #3223, #3556, #5212, #5098, #767, #4729 ) ) ;
#4285 = EDGE_CURVE ( 'NONE', #2554, #1478, #2453, .T. ) ;
#4286 = DIRECTION ( 'NONE',  ( -0.000000000000000000, -1.000000000000000000, -0.000000000000000000 ) ) ;
#4287 = CARTESIAN_POINT ( 'NONE',  ( 1.249999999999980016, 0.04999999999999999584, 0.9749999999999995337 ) ) ;
#4288 = EDGE_CURVE ( 'NONE', #10, #808, #4896, .T. ) ;
#4289 = CARTESIAN_POINT ( 'NONE',  ( -1.113504933904037465E-15, 0.05000000000000000278, 0.4750000000000033085 ) ) ;
#4290 = DIRECTION ( 'NONE',  ( 0.000000000000000000, -1.000000000000000000, 0.000000000000000000 ) ) ;
#4291 = CARTESIAN_POINT ( 'NONE',  ( -1.100000000000000089, 0.9000000000000000222, -0.9249999999999998224 ) ) ;
#4292 = ORIENTED_EDGE ( 'NONE', *, *, #2845, .F. ) ;
#4293 = PRESENTATION_STYLE_ASSIGNMENT (( #201 ) ) ;
#4294 = ORIENTED_EDGE ( 'NONE', *, *, #4511, .F. ) ;
#4295 = CARTESIAN_POINT ( 'NONE',  ( 1.249999999999999556, 0.05000000000000000278, -1.125000000000000888 ) ) ;
#4296 = LINE ( 'NONE', #2638, #4468 ) ;
#4297 = PRESENTATION_LAYER_ASSIGNMENT (  '', '', ( #376 ) ) ;
#4298 = EDGE_LOOP ( 'NONE', ( #3284, #4768, #74, #2098 ) ) ;
#4299 = EDGE_LOOP ( 'NONE', ( #4057, #4932, #693, #4881 ) ) ;
#4300 = CARTESIAN_POINT ( 'NONE',  ( -1.249999999999979572, 0.2030000000000000138, 0.9749999999999999778 ) ) ;
#4301 = CARTESIAN_POINT ( 'NONE',  ( 1.249999999999986677, 0.2030000000000000138, 0.1749999999999992117 ) ) ;
#4302 =( GEOMETRIC_REPRESENTATION_CONTEXT ( 3 ) GLOBAL_UNCERTAINTY_ASSIGNED_CONTEXT ( ( #4754 ) ) GLOBAL_UNIT_ASSIGNED_CONTEXT ( ( #4352, #5271, #848 ) ) REPRESENTATION_CONTEXT ( 'NONE', 'WORKASPACE' ) );
#4303 = VECTOR ( 'NONE', #25, 1000.000000000000000 ) ;
#4304 = VERTEX_POINT ( 'NONE', #4076 ) ;
#4305 = CARTESIAN_POINT ( 'NONE',  ( 1.459999999999986420, 0.2030000000000000138, 0.1999999999999994282 ) ) ;
#4306 = ORIENTED_EDGE ( 'NONE', *, *, #1406, .F. ) ;
#4307 = ADVANCED_FACE ( 'NONE', ( #3706 ), #3312, .F. ) ;
#4308 = PRESENTATION_LAYER_ASSIGNMENT (  '', '', ( #1914 ) ) ;
#4309 = CARTESIAN_POINT ( 'NONE',  ( 0.000000000000000000, 0.000000000000000000, 0.000000000000000000 ) ) ;
#4310 = SURFACE_STYLE_USAGE ( .BOTH. , #3094 ) ;
#4311 = CARTESIAN_POINT ( 'NONE',  ( 1.249999999999999556, 0.000000000000000000, -0.9750000000000004219 ) ) ;
#4312 = AXIS2_PLACEMENT_3D ( 'NONE', #3520, #4286, #4338 ) ;
#4313 = CIRCLE ( 'NONE', #2445, 0.1500000000000003830 ) ;
#4314 = DIRECTION ( 'NONE',  ( 0.000000000000000000, -1.000000000000000000, 0.000000000000000000 ) ) ;
#4315 = FACE_OUTER_BOUND ( 'NONE', #959, .T. ) ;
#4316 = EDGE_CURVE ( 'NONE', #3583, #1219, #164, .T. ) ;
#4317 = LINE ( 'NONE', #3924, #2216 ) ;
#4318 = VECTOR ( 'NONE', #1941, 1000.000000000000000 ) ;
#4319 = EDGE_LOOP ( 'NONE', ( #4080, #3683, #386, #910 ) ) ;
#4320 = ORIENTED_EDGE ( 'NONE', *, *, #640, .F. ) ;
#4321 = DIRECTION ( 'NONE',  ( 0.000000000000000000, 1.000000000000000000, 0.000000000000000000 ) ) ;
#4322 = CARTESIAN_POINT ( 'NONE',  ( -0.8250000000000002887, 0.000000000000000000, -0.9297597264065379230 ) ) ;
#4323 = VERTEX_POINT ( 'NONE', #585 ) ;
#4324 = AXIS2_PLACEMENT_3D ( 'NONE', #2639, #1818, #2153 ) ;
#4325 = CARTESIAN_POINT ( 'NONE',  ( 1.499999999999993339, 0.2030000000000000138, -0.4500000000000005107 ) ) ;
#4326 = ADVANCED_FACE ( 'NONE', ( #3441 ), #3012, .T. ) ;
#4327 = EDGE_LOOP ( 'NONE', ( #2939, #2268, #859, #2392 ) ) ;
#4328 = VECTOR ( 'NONE', #2294, 1000.000000000000000 ) ;
#4329 = DIRECTION ( 'NONE',  ( -1.000000000000000000, 0.000000000000000000, 0.000000000000000000 ) ) ;
#4330 = CARTESIAN_POINT ( 'NONE',  ( -1.249999999999986677, 0.2030000000000000138, 0.4750000000000003664 ) ) ;
#4331 = AXIS2_PLACEMENT_3D ( 'NONE', #2630, #542, #988 ) ;
#4332 = ADVANCED_FACE ( 'NONE', ( #4237, #611 ), #4669, .T. ) ;
#4333 = ORIENTED_EDGE ( 'NONE', *, *, #5189, .T. ) ;
#4334 = DIRECTION ( 'NONE',  ( 0.000000000000000000, -1.000000000000000000, 0.000000000000000000 ) ) ;
#4335 = ORIENTED_EDGE ( 'NONE', *, *, #37, .F. ) ;
#4336 = EDGE_LOOP ( 'NONE', ( #312, #4864, #965, #3589 ) ) ;
#4337 = AXIS2_PLACEMENT_3D ( 'NONE', #2617, #4334, #685 ) ;
#4338 = DIRECTION ( 'NONE',  ( 0.000000000000000000, 0.000000000000000000, -1.000000000000000000 ) ) ;
#4339 = AXIS2_PLACEMENT_3D ( 'NONE', #2358, #3604, #351 ) ;
#4340 = PLANE ( 'NONE',  #4839 ) ;
#4341 = AXIS2_PLACEMENT_3D ( 'NONE', #2229, #2629, #2719 ) ;
#4342 = ADVANCED_FACE ( 'NONE', ( #3364 ), #2189, .F. ) ;
#4343 = CARTESIAN_POINT ( 'NONE',  ( -1.100000000000000089, 0.8499999999999999778, -1.099999999999999867 ) ) ;
#4344 = CARTESIAN_POINT ( 'NONE',  ( 1.499999999999980016, 0.000000000000000000, 1.099999999999999645 ) ) ;
#4345 = EDGE_CURVE ( 'NONE', #5273, #2711, #3815, .T. ) ;
#4346 = CARTESIAN_POINT ( 'NONE',  ( 1.434999999999980513, 0.2030000000000000138, 0.8249999999999995115 ) ) ;
#4347 = ORIENTED_EDGE ( 'NONE', *, *, #1959, .F. ) ;
#4348 = CARTESIAN_POINT ( 'NONE',  ( -1.459999999999986420, 0.2030000000000000138, 0.1999999999999998723 ) ) ;
#4349 = FACE_OUTER_BOUND ( 'NONE', #741, .T. ) ;
#4350 = VERTEX_POINT ( 'NONE', #133 ) ;
#4351 = DIRECTION ( 'NONE',  ( -1.000000000000000000, 0.000000000000000000, -2.344220913482165641E-15 ) ) ;
#4352 =( LENGTH_UNIT ( ) NAMED_UNIT ( * ) SI_UNIT ( .MILLI., .METRE. ) );
#4353 = VERTEX_POINT ( 'NONE', #215 ) ;
#4354 = FACE_OUTER_BOUND ( 'NONE', #4175, .T. ) ;
#4355 = EDGE_CURVE ( 'NONE', #117, #267, #4155, .T. ) ;
#4356 = CARTESIAN_POINT ( 'NONE',  ( 1.459999999999979980, 0.2030000000000000138, 1.099999999999999867 ) ) ;
#4357 = EDGE_CURVE ( 'NONE', #3742, #2992, #980, .T. ) ;
#4358 = CARTESIAN_POINT ( 'NONE',  ( -1.500000000000000000, 0.2030000000000000138, -0.8499999999999998668 ) ) ;
#4359 = ORIENTED_EDGE ( 'NONE', *, *, #5202, .T. ) ;
#4360 = DIRECTION ( 'NONE',  ( 0.000000000000000000, 0.000000000000000000, -1.000000000000000000 ) ) ;
#4361 = ORIENTED_EDGE ( 'NONE', *, *, #2269, .T. ) ;
#4362 = VERTEX_POINT ( 'NONE', #1323 ) ;
#4363 = ADVANCED_FACE ( 'NONE', ( #1783 ), #4612, .T. ) ;
#4364 = DIRECTION ( 'NONE',  ( 0.000000000000000000, -0.000000000000000000, 1.000000000000000000 ) ) ;
#4365 = LINE ( 'NONE', #2349, #2213 ) ;
#4366 = CARTESIAN_POINT ( 'NONE',  ( 1.499999999999986677, 0.000000000000000000, 0.4499999999999996780 ) ) ;
#4367 = ORIENTED_EDGE ( 'NONE', *, *, #4266, .F. ) ;
#4368 = ORIENTED_EDGE ( 'NONE', *, *, #3027, .T. ) ;
#4369 = EDGE_CURVE ( 'NONE', #2235, #2757, #4571, .T. ) ;
#4370 = LINE ( 'NONE', #713, #4670 ) ;
#4371 = DIRECTION ( 'NONE',  ( 0.000000000000000000, -1.000000000000000000, 0.000000000000000000 ) ) ;
#4372 = ORIENTED_EDGE ( 'NONE', *, *, #4019, .F. ) ;
#4373 = DIRECTION ( 'NONE',  ( -0.7071067811865414665, -0.000000000000000000, 0.7071067811865536790 ) ) ;
#4374 = DIRECTION ( 'NONE',  ( 0.000000000000000000, 1.000000000000000000, 0.000000000000000000 ) ) ;
#4375 = EDGE_CURVE ( 'NONE', #4977, #1558, #2247, .T. ) ;
#4376 = ORIENTED_EDGE ( 'NONE', *, *, #61, .T. ) ;
#4377 = LINE ( 'NONE', #283, #1759 ) ;
#4378 = LINE ( 'NONE', #307, #2783 ) ;
#4379 = CARTESIAN_POINT ( 'NONE',  ( 1.249999999999980016, 0.2030000000000000138, 0.9749999999999995337 ) ) ;
#4380 = VERTEX_POINT ( 'NONE', #3844 ) ;
#4381 = LINE ( 'NONE', #779, #4598 ) ;
#4382 = ADVANCED_FACE ( 'NONE', ( #106 ), #2222, .T. ) ;
#4383 = ORIENTED_EDGE ( 'NONE', *, *, #2845, .T. ) ;
#4384 = EDGE_CURVE ( 'NONE', #2802, #705, #3387, .T. ) ;
#4385 = ORIENTED_EDGE ( 'NONE', *, *, #2728, .F. ) ;
#4386 = VECTOR ( 'NONE', #3662, 1000.000000000000000 ) ;
#4387 = CARTESIAN_POINT ( 'NONE',  ( 1.434999999999987175, 0.2030000000000000138, 0.1749999999999996003 ) ) ;
#4388 = EDGE_CURVE ( 'NONE', #933, #29, #5061, .T. ) ;
#4389 = ADVANCED_FACE ( 'NONE', ( #5012 ), #931, .F. ) ;
#4390 = AXIS2_PLACEMENT_3D ( 'NONE', #2156, #4631, #4922 ) ;
#4391 = CARTESIAN_POINT ( 'NONE',  ( -1.459999999999993303, 0.2030000000000000138, -0.1999999999999997613 ) ) ;
#4392 = AXIS2_PLACEMENT_3D ( 'NONE', #2964, #3764, #1378 ) ;
#4393 = VECTOR ( 'NONE', #3327, 1000.000000000000000 ) ;
#4394 = VERTEX_POINT ( 'NONE', #3074 ) ;
#4395 = VECTOR ( 'NONE', #842, 1000.000000000000000 ) ;
#4396 = VECTOR ( 'NONE', #2861, 1000.000000000000000 ) ;
#4397 = LINE ( 'NONE', #742, #1340 ) ;
#4398 = DIRECTION ( 'NONE',  ( -0.000000000000000000, 0.000000000000000000, 1.000000000000000000 ) ) ;
#4399 = VERTEX_POINT ( 'NONE', #2989 ) ;
#4400 = DIRECTION ( 'NONE',  ( -0.000000000000000000, -1.000000000000000000, -0.000000000000000000 ) ) ;
#4401 = FACE_OUTER_BOUND ( 'NONE', #820, .T. ) ;
#4402 = AXIS2_PLACEMENT_3D ( 'NONE', #1114, #1890, #1136 ) ;
#4403 = EDGE_CURVE ( 'NONE', #558, #3991, #954, .T. ) ;
#4404 = FACE_OUTER_BOUND ( 'NONE', #3127, .T. ) ;
#4405 = ORIENTED_EDGE ( 'NONE', *, *, #1135, .T. ) ;
#4406 = LINE ( 'NONE', #1974, #4665 ) ;
#4407 = AXIS2_PLACEMENT_3D ( 'NONE', #1798, #5076, #1396 ) ;
#4408 = LINE ( 'NONE', #5227, #489 ) ;
#4409 = LINE ( 'NONE', #1148, #4822 ) ;
#4410 = ADVANCED_FACE ( 'NONE', ( #732 ), #4770, .F. ) ;
#4411 = EDGE_CURVE ( 'NONE', #3310, #3189, #2375, .T. ) ;
#4412 = EDGE_LOOP ( 'NONE', ( #3863, #2363, #5029, #3016 ) ) ;
#4413 = VECTOR ( 'NONE', #2764, 1000.000000000000000 ) ;
#4414 = LINE ( 'NONE', #3959, #2221 ) ;
#4415 = ORIENTED_EDGE ( 'NONE', *, *, #504, .T. ) ;
#4416 = EDGE_LOOP ( 'NONE', ( #2323, #4180, #3170, #3818, #2852, #1665, #110, #1391 ) ) ;
#4417 = VECTOR ( 'NONE', #1637, 1000.000000000000000 ) ;
#4418 = DIRECTION ( 'NONE',  ( 0.7071067811865460184, -0.000000000000000000, -0.7071067811865490160 ) ) ;
#4419 = CARTESIAN_POINT ( 'NONE',  ( -0.6300000000000058886, 0.05000000000000000278, -0.6299999999999950084 ) ) ;
#4420 = AXIS2_PLACEMENT_3D ( 'NONE', #4735, #5057, #3115 ) ;
#4421 = EDGE_CURVE ( 'NONE', #4597, #188, #3993, .T. ) ;
#4422 = ADVANCED_FACE ( 'NONE', ( #1554 ), #3543, .T. ) ;
#4423 = CIRCLE ( 'NONE', #2034, 0.1500000000000003553 ) ;
#4424 = ORIENTED_EDGE ( 'NONE', *, *, #3144, .T. ) ;
#4425 = CIRCLE ( 'NONE', #2906, 0.04999999999999991257 ) ;
#4426 = ORIENTED_EDGE ( 'NONE', *, *, #5203, .T. ) ;
#4427 = CARTESIAN_POINT ( 'NONE',  ( -0.6750000000000002665, 0.05000000000000000278, 1.040000000000000036 ) ) ;
#4428 = EDGE_LOOP ( 'NONE', ( #3820, #1562 ) ) ;
#4429 = CARTESIAN_POINT ( 'NONE',  ( -1.434999999999979847, 0.2030000000000000138, 1.125000000000000000 ) ) ;
#4430 = DIRECTION ( 'NONE',  ( 0.7071067811865536790, 0.000000000000000000, 0.7071067811865414665 ) ) ;
#4431 = ORIENTED_EDGE ( 'NONE', *, *, #2745, .T. ) ;
#4432 = FACE_OUTER_BOUND ( 'NONE', #3269, .T. ) ;
#4433 = DIRECTION ( 'NONE',  ( 0.000000000000000000, 0.000000000000000000, -1.000000000000000000 ) ) ;
#4434 = LINE ( 'NONE', #2733, #3725 ) ;
#4435 = VERTEX_POINT ( 'NONE', #1533 ) ;
#4436 = DIRECTION ( 'NONE',  ( 0.000000000000000000, -1.000000000000000000, 0.000000000000000000 ) ) ;
#4437 = VERTEX_POINT ( 'NONE', #1055 ) ;
#4438 = ORIENTED_EDGE ( 'NONE', *, *, #1506, .T. ) ;
#4439 = EDGE_CURVE ( 'NONE', #933, #1739, #3496, .T. ) ;
#4440 = CARTESIAN_POINT ( 'NONE',  ( 1.499999999999980016, 0.000000000000000000, 0.8499999999999994227 ) ) ;
#4441 = DIRECTION ( 'NONE',  ( 0.000000000000000000, 0.000000000000000000, -1.000000000000000000 ) ) ;
#4442 = VERTEX_POINT ( 'NONE', #662 ) ;
#4443 = DIRECTION ( 'NONE',  ( 0.000000000000000000, -0.000000000000000000, -1.000000000000000000 ) ) ;
#4444 = EDGE_CURVE ( 'NONE', #2822, #2858, #3172, .T. ) ;
#4445 = ORIENTED_EDGE ( 'NONE', *, *, #1122, .F. ) ;
#4446 = ORIENTED_EDGE ( 'NONE', *, *, #322, .F. ) ;
#4447 = DIRECTION ( 'NONE',  ( 2.344220913482168007E-15, 0.000000000000000000, -1.000000000000000000 ) ) ;
#4448 = VERTEX_POINT ( 'NONE', #5161 ) ;
#4449 = DIRECTION ( 'NONE',  ( 1.000000000000000000, 0.000000000000000000, 2.344220913482168402E-15 ) ) ;
#4450 = CARTESIAN_POINT ( 'NONE',  ( -1.459999999999986420, 0.2030000000000000138, 0.1999999999999998723 ) ) ;
#4451 = CARTESIAN_POINT ( 'NONE',  ( -1.459999999999999964, 0.2030000000000000138, -1.100000000000000089 ) ) ;
#4452 = ORIENTED_EDGE ( 'NONE', *, *, #2475, .T. ) ;
#4453 = FACE_OUTER_BOUND ( 'NONE', #181, .T. ) ;
#4454 = LINE ( 'NONE', #3137, #4234 ) ;
#4455 = CARTESIAN_POINT ( 'NONE',  ( -1.100000000000000089, 0.8499999999999999778, -1.099999999999999867 ) ) ;
#4456 = CARTESIAN_POINT ( 'NONE',  ( 1.249999999999980016, 0.2030000000000000138, 0.9749999999999995337 ) ) ;
#4457 = CARTESIAN_POINT ( 'NONE',  ( 1.499999999999999556, 0.04999999999999999584, -0.8500000000000003109 ) ) ;
#4458 = ORIENTED_EDGE ( 'NONE', *, *, #3535, .F. ) ;
#4459 = ORIENTED_EDGE ( 'NONE', *, *, #1218, .T. ) ;
#4460 = DIRECTION ( 'NONE',  ( -1.000000000000000000, -0.000000000000000000, -0.000000000000000000 ) ) ;
#4461 = LINE ( 'NONE', #418, #1242 ) ;
#4462 = VERTEX_POINT ( 'NONE', #633 ) ;
#4463 = CARTESIAN_POINT ( 'NONE',  ( -1.499999999999979572, 0.000000000000000000, 1.100000000000000089 ) ) ;
#4464 = ORIENTED_EDGE ( 'NONE', *, *, #3535, .T. ) ;
#4465 = DIRECTION ( 'NONE',  ( 0.7071067811865460184, -0.000000000000000000, -0.7071067811865490160 ) ) ;
#4466 = DIRECTION ( 'NONE',  ( 1.000000000000000000, -0.000000000000000000, -2.710505431213753985E-15 ) ) ;
#4467 = CARTESIAN_POINT ( 'NONE',  ( -1.459999999999993303, 0.2030000000000000138, -0.1999999999999997613 ) ) ;
#4468 = VECTOR ( 'NONE', #3451, 1000.000000000000000 ) ;
#4469 = EDGE_LOOP ( 'NONE', ( #42, #3607, #193, #3168 ) ) ;
#4470 = VERTEX_POINT ( 'NONE', #1108 ) ;
#4471 = AXIS2_PLACEMENT_3D ( 'NONE', #4695, #2649, #1826 ) ;
#4472 = VECTOR ( 'NONE', #655, 1000.000000000000000 ) ;
#4473 = CARTESIAN_POINT ( 'NONE',  ( -1.459999999999979536, 0.2030000000000000138, 1.100000000000000311 ) ) ;
#4474 = ORIENTED_EDGE ( 'NONE', *, *, #4943, .F. ) ;
#4475 = DIRECTION ( 'NONE',  ( 1.000000000000000000, 0.000000000000000000, 2.344220913482168402E-15 ) ) ;
#4476 = DIRECTION ( 'NONE',  ( 0.000000000000000000, -1.000000000000000000, 0.000000000000000000 ) ) ;
#4477 = DIRECTION ( 'NONE',  ( 1.000000000000000000, -0.000000000000000000, -2.710505431213753985E-15 ) ) ;
#4478 = AXIS2_PLACEMENT_3D ( 'NONE', #4912, #775, #3294 ) ;
#4479 = AXIS2_PLACEMENT_3D ( 'NONE', #4325, #2236, #1817 ) ;
#4480 = VERTEX_POINT ( 'NONE', #4742 ) ;
#4481 = DIRECTION ( 'NONE',  ( -0.000000000000000000, 1.000000000000000000, -0.000000000000000000 ) ) ;
#4482 = DIRECTION ( 'NONE',  ( -2.051193299296894886E-15, 0.000000000000000000, 1.000000000000000000 ) ) ;
#4483 = VECTOR ( 'NONE', #3504, 1000.000000000000000 ) ;
#4484 = DIRECTION ( 'NONE',  ( -1.000000000000000000, 0.000000000000000000, 2.710505431213753985E-15 ) ) ;
#4485 = EDGE_CURVE ( 'NONE', #1194, #2140, #1479, .T. ) ;
#4486 = LINE ( 'NONE', #4973, #2452 ) ;
#4487 = FACE_OUTER_BOUND ( 'NONE', #1774, .T. ) ;
#4488 = ORIENTED_EDGE ( 'NONE', *, *, #768, .T. ) ;
#4489 = AXIS2_PLACEMENT_3D ( 'NONE', #1425, #2560, #3375 ) ;
#4490 = EDGE_LOOP ( 'NONE', ( #4431, #3982, #5259, #2593 ) ) ;
#4491 = LINE ( 'NONE', #3646, #3379 ) ;
#4492 = DIRECTION ( 'NONE',  ( 1.000000000000000000, 0.000000000000000000, -0.000000000000000000 ) ) ;
#4493 = VECTOR ( 'NONE', #913, 1000.000000000000000 ) ;
#4494 = ORIENTED_EDGE ( 'NONE', *, *, #2931, .F. ) ;
#4495 = LINE ( 'NONE', #4097, #2303 ) ;
#4496 = EDGE_LOOP ( 'NONE', ( #2624, #168, #4216, #4851 ) ) ;
#4497 = VECTOR ( 'NONE', #1710, 1000.000000000000000 ) ;
#4498 = SURFACE_STYLE_FILL_AREA ( #20 ) ;
#4499 = VECTOR ( 'NONE', #1854, 1000.000000000000000 ) ;
#4500 = DIRECTION ( 'NONE',  ( 0.000000000000000000, 1.000000000000000000, 0.000000000000000000 ) ) ;
#4501 = ORIENTED_EDGE ( 'NONE', *, *, #4909, .T. ) ;
#4502 = ORIENTED_EDGE ( 'NONE', *, *, #5128, .F. ) ;
#4503 = ADVANCED_FACE ( 'NONE', ( #318 ), #1931, .F. ) ;
#4504 = VECTOR ( 'NONE', #442, 1000.000000000000000 ) ;
#4505 = CARTESIAN_POINT ( 'NONE',  ( -1.249999999999979572, 0.2030000000000000138, 0.9749999999999999778 ) ) ;
#4506 = ADVANCED_FACE ( 'NONE', ( #342 ), #688, .F. ) ;
#4507 = LINE ( 'NONE', #2602, #514 ) ;
#4508 = DIRECTION ( 'NONE',  ( 2.344220913482168007E-15, 0.000000000000000000, -1.000000000000000000 ) ) ;
#4509 = LINE ( 'NONE', #857, #3066 ) ;
#4510 = ORIENTED_EDGE ( 'NONE', *, *, #3699, .F. ) ;
#4511 = EDGE_CURVE ( 'NONE', #4582, #3991, #3146, .T. ) ;
#4512 = CARTESIAN_POINT ( 'NONE',  ( 1.459999999999993303, 0.2030000000000000138, -0.2000000000000002054 ) ) ;
#4513 = CARTESIAN_POINT ( 'NONE',  ( 1.499999999999986677, 0.2030000000000000138, 0.1999999999999994282 ) ) ;
#4514 = AXIS2_PLACEMENT_3D ( 'NONE', #1810, #3077, #1887 ) ;
#4515 = DIRECTION ( 'NONE',  ( 0.000000000000000000, 1.000000000000000000, 0.000000000000000000 ) ) ;
#4516 = DIRECTION ( 'NONE',  ( -0.000000000000000000, -1.000000000000000000, -0.000000000000000000 ) ) ;
#4517 = CARTESIAN_POINT ( 'NONE',  ( -1.499999999999986677, 0.2030000000000000138, 0.4500000000000001221 ) ) ;
#4518 = EDGE_LOOP ( 'NONE', ( #3518, #2310, #4639, #565 ) ) ;
#4519 = VERTEX_POINT ( 'NONE', #2300 ) ;
#4520 = EDGE_CURVE ( 'NONE', #5250, #297, #3964, .T. ) ;
#4521 = ADVANCED_FACE ( 'NONE', ( #5191 ), #1958, .F. ) ;
#4522 = LINE ( 'NONE', #868, #48 ) ;
#4523 = ORIENTED_EDGE ( 'NONE', *, *, #5189, .F. ) ;
#4524 = LINE ( 'NONE', #1350, #2717 ) ;
#4525 = ORIENTED_EDGE ( 'NONE', *, *, #4553, .F. ) ;
#4526 = DIRECTION ( 'NONE',  ( -0.7071067811865536790, 0.000000000000000000, 0.7071067811865414665 ) ) ;
#4527 = FILL_AREA_STYLE_COLOUR ( '', #4041 ) ;
#4528 = CARTESIAN_POINT ( 'NONE',  ( -1.499999999999979572, 0.04999999999999999584, 1.100000000000000089 ) ) ;
#4529 = VERTEX_POINT ( 'NONE', #3920 ) ;
#4530 = VERTEX_POINT ( 'NONE', #241 ) ;
#4531 = CARTESIAN_POINT ( 'NONE',  ( -1.933982253622777749E-15, 0.05000000000000000278, 0.8249999999999961808 ) ) ;
#4532 = CARTESIAN_POINT ( 'NONE',  ( 1.459999999999999520, 0.2030000000000000138, -1.100000000000000533 ) ) ;
#4533 = CARTESIAN_POINT ( 'NONE',  ( 1.459999999999993303, 0.2030000000000000138, -0.2000000000000002054 ) ) ;
#4534 = DIRECTION ( 'NONE',  ( 0.000000000000000000, -1.000000000000000000, 0.000000000000000000 ) ) ;
#4535 = ORIENTED_EDGE ( 'NONE', *, *, #4511, .T. ) ;
#4536 = ADVANCED_FACE ( 'NONE', ( #1858 ), #1458, .T. ) ;
#4537 = CARTESIAN_POINT ( 'NONE',  ( -1.249999999999986677, 0.2030000000000000138, 0.3250000000000000111 ) ) ;
#4538 = CARTESIAN_POINT ( 'NONE',  ( 1.499999999999986677, 0.2030000000000000138, 0.1999999999999994282 ) ) ;
#4539 = ADVANCED_FACE ( 'NONE', ( #3941 ), #2714, .F. ) ;
#4540 = CARTESIAN_POINT ( 'NONE',  ( 1.499999999999999556, 0.05000000000000000278, 1.499999999999999778 ) ) ;
#4541 = CARTESIAN_POINT ( 'NONE',  ( 1.391881167380048607E-15, 0.05000000000000000278, 0.4750000000000037526 ) ) ;
#4542 = ORIENTED_EDGE ( 'NONE', *, *, #1050, .T. ) ;
#4543 = ORIENTED_EDGE ( 'NONE', *, *, #3086, .F. ) ;
#4544 = DIRECTION ( 'NONE',  ( -0.000000000000000000, -1.000000000000000000, -0.000000000000000000 ) ) ;
#4545 = EDGE_CURVE ( 'NONE', #1895, #2587, #4817, .T. ) ;
#4546 = ADVANCED_FACE ( 'NONE', ( #2447 ), #4095, .T. ) ;
#4547 = ORIENTED_EDGE ( 'NONE', *, *, #2248, .T. ) ;
#4548 = CARTESIAN_POINT ( 'NONE',  ( 1.249999999999986677, 0.2030000000000000138, 0.4750000000000000333 ) ) ;
#4549 = ORIENTED_EDGE ( 'NONE', *, *, #1037, .F. ) ;
#4550 = APPLICATION_PROTOCOL_DEFINITION ( 'draft international standard', 'automotive_design', 1998, #3296 ) ;
#4551 = LINE ( 'NONE', #1700, #1308 ) ;
#4552 = CARTESIAN_POINT ( 'NONE',  ( -1.500000000000000000, 0.000000000000000000, -1.100000000000000089 ) ) ;
#4553 = EDGE_CURVE ( 'NONE', #3191, #1416, #1982, .T. ) ;
#4554 = EDGE_CURVE ( 'NONE', #4842, #2443, #2421, .T. ) ;
#4555 = CARTESIAN_POINT ( 'NONE',  ( -1.459999999999979536, 0.2030000000000000138, 0.8499999999999998668 ) ) ;
#4556 = ORIENTED_EDGE ( 'NONE', *, *, #4159, .F. ) ;
#4557 = ORIENTED_EDGE ( 'NONE', *, *, #1549, .T. ) ;
#4558 = FACE_OUTER_BOUND ( 'NONE', #462, .T. ) ;
#4559 = EDGE_LOOP ( 'NONE', ( #3134, #331, #1605, #3036 ) ) ;
#4560 = CARTESIAN_POINT ( 'NONE',  ( 1.499999999999980016, 0.2030000000000000138, 0.8499999999999994227 ) ) ;
#4561 = DIRECTION ( 'NONE',  ( 0.000000000000000000, 0.000000000000000000, 1.000000000000000000 ) ) ;
#4562 = VECTOR ( 'NONE', #5182, 1000.000000000000000 ) ;
#4563 = DIRECTION ( 'NONE',  ( 0.000000000000000000, -1.000000000000000000, 0.000000000000000000 ) ) ;
#4564 = ORIENTED_EDGE ( 'NONE', *, *, #3200, .F. ) ;
#4565 = VECTOR ( 'NONE', #1023, 1000.000000000000000 ) ;
#4566 = VECTOR ( 'NONE', #3731, 1000.000000000000000 ) ;
#4567 = LINE ( 'NONE', #4194, #3816 ) ;
#4568 = DIRECTION ( 'NONE',  ( -2.710505431213753985E-15, 0.000000000000000000, -1.000000000000000000 ) ) ;
#4569 = LINE ( 'NONE', #495, #2863 ) ;
#4570 = EDGE_CURVE ( 'NONE', #1169, #3406, #4040, .T. ) ;
#4571 = CIRCLE ( 'NONE', #2535, 0.2149999999999996914 ) ;
#4572 = VECTOR ( 'NONE', #4627, 1000.000000000000114 ) ;
#4573 = DIRECTION ( 'NONE',  ( 0.000000000000000000, 1.000000000000000000, -0.000000000000000000 ) ) ;
#4574 = VERTEX_POINT ( 'NONE', #385 ) ;
#4575 = ORIENTED_EDGE ( 'NONE', *, *, #1749, .T. ) ;
#4576 = EDGE_CURVE ( 'NONE', #3307, #3006, #1635, .T. ) ;
#4577 = FACE_OUTER_BOUND ( 'NONE', #1747, .T. ) ;
#4578 = EDGE_CURVE ( 'NONE', #2142, #1236, #2840, .T. ) ;
#4579 = ORIENTED_EDGE ( 'NONE', *, *, #976, .F. ) ;
#4580 = CIRCLE ( 'NONE', #2967, 0.1500000000000003830 ) ;
#4581 = CARTESIAN_POINT ( 'NONE',  ( -1.459999999999999964, 0.04999999999999999584, -0.8499999999999997558 ) ) ;
#4582 = VERTEX_POINT ( 'NONE', #3271 ) ;
#4583 = CARTESIAN_POINT ( 'NONE',  ( -1.100000000000000089, 0.8499999999999999778, -0.9249999999999998224 ) ) ;
#4584 = CARTESIAN_POINT ( 'NONE',  ( -1.249999999999993339, 0.2030000000000000138, -0.4750000000000003664 ) ) ;
#4585 = DIRECTION ( 'NONE',  ( -0.000000000000000000, -1.000000000000000000, -0.000000000000000000 ) ) ;
#4586 = CYLINDRICAL_SURFACE ( 'NONE', #3562, 0.1499999999999999667 ) ;
#4587 = VECTOR ( 'NONE', #235, 1000.000000000000000 ) ;
#4588 = ORIENTED_EDGE ( 'NONE', *, *, #3530, .F. ) ;
#4589 = VERTEX_POINT ( 'NONE', #4018 ) ;
#4590 = ADVANCED_FACE ( 'NONE', ( #4889 ), #2065, .F. ) ;
#4591 = ADVANCED_FACE ( 'NONE', ( #13 ), #1582, .F. ) ;
#4592 = CARTESIAN_POINT ( 'NONE',  ( 1.249999999999980016, 0.2030000000000000138, 0.8249999999999991784 ) ) ;
#4593 = LINE ( 'NONE', #911, #847 ) ;
#4594 = VECTOR ( 'NONE', #4246, 1000.000000000000000 ) ;
#4595 = DIRECTION ( 'NONE',  ( -1.000000000000000000, 0.000000000000000000, -1.758165685111624132E-15 ) ) ;
#4596 = LINE ( 'NONE', #2581, #3573 ) ;
#4597 = VERTEX_POINT ( 'NONE', #3702 ) ;
#4598 = VECTOR ( 'NONE', #3215, 1000.000000000000000 ) ;
#4599 = EDGE_CURVE ( 'NONE', #102, #212, #4461, .T. ) ;
#4600 = DIRECTION ( 'NONE',  ( -0.000000000000000000, -1.000000000000000000, -0.000000000000000000 ) ) ;
#4601 = CARTESIAN_POINT ( 'NONE',  ( 0.6300000000000061107, 0.05000000000000000278, -0.6299999999999952305 ) ) ;
#4602 = PLANE ( 'NONE',  #1668 ) ;
#4603 = VECTOR ( 'NONE', #4400, 1000.000000000000000 ) ;
#4604 = CARTESIAN_POINT ( 'NONE',  ( 1.499999999999999556, 0.05000000000000000278, 1.499999999999999778 ) ) ;
#4605 = VERTEX_POINT ( 'NONE', #39 ) ;
#4606 = AXIS2_PLACEMENT_3D ( 'NONE', #1060, #272, #668 ) ;
#4607 = LINE ( 'NONE', #4177, #4655 ) ;
#4608 = ORIENTED_EDGE ( 'NONE', *, *, #1258, .F. ) ;
#4609 = DIRECTION ( 'NONE',  ( 0.7071067811865474617, 0.000000000000000000, -0.7071067811865474617 ) ) ;
#4610 = EDGE_LOOP ( 'NONE', ( #1839, #3601, #3953, #3143 ) ) ;
#4611 = CARTESIAN_POINT ( 'NONE',  ( 1.249999999999986677, 0.2030000000000000138, 0.3249999999999996780 ) ) ;
#4612 = PLANE ( 'NONE',  #4392 ) ;
#4613 = EDGE_CURVE ( 'NONE', #4605, #4304, #997, .T. ) ;
#4614 = SURFACE_STYLE_USAGE ( .BOTH. , #3390 ) ;
#4615 = EDGE_LOOP ( 'NONE', ( #2582, #3336, #4645, #624 ) ) ;
#4616 = ORIENTED_EDGE ( 'NONE', *, *, #290, .T. ) ;
#4617 = FACE_OUTER_BOUND ( 'NONE', #5185, .T. ) ;
#4618 = LINE ( 'NONE', #3395, #3841 ) ;
#4619 = DIRECTION ( 'NONE',  ( -1.000000000000000000, 0.000000000000000000, -2.344220913482165641E-15 ) ) ;
#4620 = ADVANCED_BREP_SHAPE_REPRESENTATION ( 'IC-GE100 DFN8-3X3', ( #4200, #2212, #436, #355, #2252, #2199, #2261, #2230, #4206, #2290, #3936, #126 ), #3981 ) ;
#4621 = EDGE_CURVE ( 'NONE', #2497, #222, #1159, .T. ) ;
#4622 = DIRECTION ( 'NONE',  ( -0.000000000000000000, -1.000000000000000000, -0.000000000000000000 ) ) ;
#4623 = EDGE_CURVE ( 'NONE', #2388, #2908, #761, .T. ) ;
#4624 = VERTEX_POINT ( 'NONE', #5235 ) ;
#4625 = DIRECTION ( 'NONE',  ( -1.000000000000000000, 0.000000000000000000, 5.421010862427507971E-15 ) ) ;
#4626 = FACE_OUTER_BOUND ( 'NONE', #1276, .T. ) ;
#4627 = DIRECTION ( 'NONE',  ( 0.7071067811865474617, 0.000000000000000000, 0.7071067811865474617 ) ) ;
#4628 = CARTESIAN_POINT ( 'NONE',  ( 0.6749999999999987121, 0.05000000000000000278, 1.190000000000000169 ) ) ;
#4629 = EDGE_LOOP ( 'NONE', ( #153, #467, #2465, #3732, #2844, #4203, #3990, #4564 ) ) ;
#4630 = EDGE_LOOP ( 'NONE', ( #4994, #4037, #2155, #1518 ) ) ;
#4631 = DIRECTION ( 'NONE',  ( -2.344220913482168007E-15, 0.000000000000000000, -1.000000000000000000 ) ) ;
#4632 = CARTESIAN_POINT ( 'NONE',  ( -1.500000000000000000, 0.2030000000000000138, -1.100000000000000089 ) ) ;
#4633 = VERTEX_POINT ( 'NONE', #333 ) ;
#4634 = DIRECTION ( 'NONE',  ( 0.000000000000000000, -1.000000000000000000, 0.000000000000000000 ) ) ;
#4635 = ORIENTED_EDGE ( 'NONE', *, *, #665, .T. ) ;
#4636 = DIRECTION ( 'NONE',  ( 0.7071067811865460184, 0.000000000000000000, 0.7071067811865490160 ) ) ;
#4637 = ADVANCED_FACE ( 'NONE', ( #2338 ), #1546, .T. ) ;
#4638 = SURFACE_SIDE_STYLE ('',( #3098 ) ) ;
#4639 = ORIENTED_EDGE ( 'NONE', *, *, #2600, .T. ) ;
#4640 = ORIENTED_EDGE ( 'NONE', *, *, #2151, .F. ) ;
#4641 = ADVANCED_FACE ( 'NONE', ( #4354 ), #5181, .F. ) ;
#4642 = LINE ( 'NONE', #2969, #2530 ) ;
#4643 = CARTESIAN_POINT ( 'NONE',  ( -1.249999999999986677, 0.2030000000000000138, 0.3250000000000000111 ) ) ;
#4644 = LINE ( 'NONE', #2973, #4594 ) ;
#4645 = ORIENTED_EDGE ( 'NONE', *, *, #4949, .T. ) ;
#4646 = DIRECTION ( 'NONE',  ( 0.000000000000000000, 0.000000000000000000, 1.000000000000000000 ) ) ;
#4647 = AXIS2_PLACEMENT_3D ( 'NONE', #4134, #5279, #2971 ) ;
#4648 = ADVANCED_FACE ( 'NONE', ( #4807 ), #1146, .F. ) ;
#4649 = DIRECTION ( 'NONE',  ( 0.000000000000000000, -1.000000000000000000, 0.000000000000000000 ) ) ;
#4650 = ORIENTED_EDGE ( 'NONE', *, *, #4028, .F. ) ;
#4651 = CARTESIAN_POINT ( 'NONE',  ( -1.279999999999989813, 0.05000000000000000278, 1.279999999999989813 ) ) ;
#4652 = PLANE ( 'NONE',  #1488 ) ;
#4653 = CARTESIAN_POINT ( 'NONE',  ( 1.499999999999999556, 0.8999999999999998002, -1.499999999999999778 ) ) ;
#4654 = AXIS2_PLACEMENT_3D ( 'NONE', #4755, #4726, #3628 ) ;
#4655 = VECTOR ( 'NONE', #4119, 1000.000000000000114 ) ;
#4656 = ORIENTED_EDGE ( 'NONE', *, *, #2948, .T. ) ;
#4657 = ORIENTED_EDGE ( 'NONE', *, *, #216, .T. ) ;
#4658 = EDGE_CURVE ( 'NONE', #2337, #687, #3932, .T. ) ;
#4659 = AXIS2_PLACEMENT_3D ( 'NONE', #4956, #2042, #1298 ) ;
#4660 = CARTESIAN_POINT ( 'NONE',  ( 1.499999999999980016, 0.2030000000000000138, 0.8499999999999994227 ) ) ;
#4661 = FACE_OUTER_BOUND ( 'NONE', #3796, .T. ) ;
#4662 = ORIENTED_EDGE ( 'NONE', *, *, #2145, .F. ) ;
#4663 = CARTESIAN_POINT ( 'NONE',  ( -1.459999999999993303, 0.000000000000000000, -0.4500000000000001221 ) ) ;
#4664 = VERTEX_POINT ( 'NONE', #3135 ) ;
#4665 = VECTOR ( 'NONE', #5205, 1000.000000000000000 ) ;
#4666 = AXIS2_PLACEMENT_3D ( 'NONE', #4803, #2772, #747 ) ;
#4667 = EDGE_CURVE ( 'NONE', #1900, #3790, #1171, .T. ) ;
#4668 = PRESENTATION_STYLE_ASSIGNMENT (( #163 ) ) ;
#4669 = PLANE ( 'NONE',  #4471 ) ;
#4670 = VECTOR ( 'NONE', #2285, 1000.000000000000000 ) ;
#4671 = VECTOR ( 'NONE', #49, 1000.000000000000000 ) ;
#4672 = DIRECTION ( 'NONE',  ( -0.000000000000000000, -1.000000000000000000, -0.000000000000000000 ) ) ;
#4673 = LINE ( 'NONE', #985, #850 ) ;
#4674 =( GEOMETRIC_REPRESENTATION_CONTEXT ( 3 ) GLOBAL_UNCERTAINTY_ASSIGNED_CONTEXT ( ( #1712 ) ) GLOBAL_UNIT_ASSIGNED_CONTEXT ( ( #2192, #1808, #3967 ) ) REPRESENTATION_CONTEXT ( 'NONE', 'WORKASPACE' ) );
#4675 = LINE ( 'NONE', #1015, #3320 ) ;
#4676 = ORIENTED_EDGE ( 'NONE', *, *, #2217, .T. ) ;
#4677 = ADVANCED_FACE ( 'NONE', ( #3210 ), #4011, .T. ) ;
#4678 = DIRECTION ( 'NONE',  ( 0.000000000000000000, 0.000000000000000000, -1.000000000000000000 ) ) ;
#4679 = VECTOR ( 'NONE', #1363, 1000.000000000000000 ) ;
#4680 = LINE ( 'NONE', #1768, #986 ) ;
#4681 = PLANE ( 'NONE',  #4479 ) ;
#4682 = CARTESIAN_POINT ( 'NONE',  ( -1.499999999999993339, 0.2030000000000000138, -0.1999999999999998723 ) ) ;
#4683 = DIRECTION ( 'NONE',  ( 1.000000000000000000, 0.000000000000000000, -2.344220913482165641E-15 ) ) ;
#4684 = AXIS2_PLACEMENT_3D ( 'NONE', #237, #4283, #3839 ) ;
#4685 = VERTEX_POINT ( 'NONE', #2291 ) ;
#4686 = ORIENTED_EDGE ( 'NONE', *, *, #4375, .T. ) ;
#4687 = VECTOR ( 'NONE', #4475, 1000.000000000000000 ) ;
#4688 = DIRECTION ( 'NONE',  ( -0.000000000000000000, -1.000000000000000000, -0.000000000000000000 ) ) ;
#4689 = CARTESIAN_POINT ( 'NONE',  ( -5.421010862427405813E-16, 0.05000000000000000278, -0.1999999999999962363 ) ) ;
#4690 = ORIENTED_EDGE ( 'NONE', *, *, #4198, .F. ) ;
#4691 = CARTESIAN_POINT ( 'NONE',  ( -1.500000000000000000, 0.05000000000000000278, 1.499999999999999778 ) ) ;
#4692 = EDGE_CURVE ( 'NONE', #177, #1349, #5129, .T. ) ;
#4693 = ORIENTED_EDGE ( 'NONE', *, *, #4316, .T. ) ;
#4694 = EDGE_CURVE ( 'NONE', #1388, #3834, #1949, .T. ) ;
#4695 = CARTESIAN_POINT ( 'NONE',  ( 0.000000000000000000, 0.9000000000000000222, 0.000000000000000000 ) ) ;
#4696 = CARTESIAN_POINT ( 'NONE',  ( 1.499999999999999556, 0.2030000000000000138, -1.100000000000000533 ) ) ;
#4697 = CARTESIAN_POINT ( 'NONE',  ( 1.499999999999986677, 0.000000000000000000, 0.1999999999999994282 ) ) ;
#4698 = FACE_OUTER_BOUND ( 'NONE', #1676, .T. ) ;
#4699 = CARTESIAN_POINT ( 'NONE',  ( -1.249999999999986677, 0.000000000000000000, 0.1749999999999996003 ) ) ;
#4700 = ORIENTED_EDGE ( 'NONE', *, *, #1189, .T. ) ;
#4701 = ORIENTED_EDGE ( 'NONE', *, *, #2031, .T. ) ;
#4702 = UNCERTAINTY_MEASURE_WITH_UNIT (LENGTH_MEASURE( 1.000000000000000082E-05 ), #189, 'distance_accuracy_value', 'NONE');
#4703 = LINE ( 'NONE', #3154, #1585 ) ;
#4704 = CYLINDRICAL_SURFACE ( 'NONE', #3463, 0.1499999999999999667 ) ;
#4705 = VERTEX_POINT ( 'NONE', #1525 ) ;
#4706 = CARTESIAN_POINT ( 'NONE',  ( -1.459999999999993303, 0.2030000000000000138, -0.4500000000000001221 ) ) ;
#4707 = DIRECTION ( 'NONE',  ( 0.000000000000000000, 0.000000000000000000, -1.000000000000000000 ) ) ;
#4708 = ADVANCED_FACE ( 'NONE', ( #1495 ), #681, .T. ) ;
#4709 = DIRECTION ( 'NONE',  ( -5.421010862427507971E-15, 0.000000000000000000, -1.000000000000000000 ) ) ;
#4710 = ORIENTED_EDGE ( 'NONE', *, *, #4949, .F. ) ;
#4711 = ORIENTED_EDGE ( 'NONE', *, *, #3542, .F. ) ;
#4712 = LINE ( 'NONE', #3436, #1919 ) ;
#4713 = EDGE_CURVE ( 'NONE', #3191, #4380, #4406, .T. ) ;
#4714 = ORIENTED_EDGE ( 'NONE', *, *, #901, .T. ) ;
#4715 = LINE ( 'NONE', #5113, #2028 ) ;
#4716 = ORIENTED_EDGE ( 'NONE', *, *, #2648, .T. ) ;
#4717 = SURFACE_SIDE_STYLE ('',( #240 ) ) ;
#4718 = DIRECTION ( 'NONE',  ( 1.000000000000000000, 0.000000000000000000, -0.000000000000000000 ) ) ;
#4719 = LINE ( 'NONE', #243, #166 ) ;
#4720 = ADVANCED_FACE ( 'NONE', ( #2779 ), #5225, .F. ) ;
#4721 = LINE ( 'NONE', #1059, #2355 ) ;
#4722 = DIRECTION ( 'NONE',  ( 0.000000000000000000, 0.000000000000000000, 1.000000000000000000 ) ) ;
#4723 = CARTESIAN_POINT ( 'NONE',  ( -1.500000000000000000, 6.042640687119284593, 1.499999999999999778 ) ) ;
#4724 = ORIENTED_EDGE ( 'NONE', *, *, #1883, .T. ) ;
#4725 = DIRECTION ( 'NONE',  ( 1.000000000000000000, 0.000000000000000000, 5.421010862427507971E-15 ) ) ;
#4726 = DIRECTION ( 'NONE',  ( 1.000000000000000000, 0.000000000000000000, 0.000000000000000000 ) ) ;
#4727 = VERTEX_POINT ( 'NONE', #1072 ) ;
#4728 = DIRECTION ( 'NONE',  ( -0.000000000000000000, -1.000000000000000000, -0.000000000000000000 ) ) ;
#4729 = ORIENTED_EDGE ( 'NONE', *, *, #754, .F. ) ;
#4730 = CARTESIAN_POINT ( 'NONE',  ( 1.434999999999993836, 0.2030000000000000138, -0.4750000000000003664 ) ) ;
#4731 = EDGE_CURVE ( 'NONE', #1270, #3204, #2753, .T. ) ;
#4732 = CARTESIAN_POINT ( 'NONE',  ( -0.7750000000000002442, 0.05000000000000000278, -0.9297597264065379230 ) ) ;
#4733 = VECTOR ( 'NONE', #3155, 1000.000000000000000 ) ;
#4734 = VERTEX_POINT ( 'NONE', #751 ) ;
#4735 = CARTESIAN_POINT ( 'NONE',  ( -1.249999999999993339, 0.04999999999999999584, -0.3250000000000000111 ) ) ;
#4736 = ORIENTED_EDGE ( 'NONE', *, *, #2903, .F. ) ;
#4737 = ORIENTED_EDGE ( 'NONE', *, *, #3784, .F. ) ;
#4738 = EDGE_CURVE ( 'NONE', #4350, #1329, #653, .T. ) ;
#4739 = PRESENTATION_LAYER_ASSIGNMENT (  '', '', ( #2775 ) ) ;
#4740 = AXIS2_PLACEMENT_3D ( 'NONE', #3870, #1039, #2669 ) ;
#4741 = EDGE_CURVE ( 'NONE', #3102, #1186, #4377, .T. ) ;
#4742 = CARTESIAN_POINT ( 'NONE',  ( 1.249999999999993339, 0.2030000000000000138, -0.4750000000000006994 ) ) ;
#4743 = AXIS2_PLACEMENT_3D ( 'NONE', #2731, #3983, #1226 ) ;
#4744 = AXIS2_PLACEMENT_3D ( 'NONE', #4455, #357, #2415 ) ;
#4745 = CARTESIAN_POINT ( 'NONE',  ( -0.6750000000000002665, 0.000000000000000000, 1.040000000000000036 ) ) ;
#4746 = VECTOR ( 'NONE', #2569, 1000.000000000000000 ) ;
#4747 = DIRECTION ( 'NONE',  ( -1.000000000000000000, 0.000000000000000000, -0.000000000000000000 ) ) ;
#4748 = CARTESIAN_POINT ( 'NONE',  ( 1.499999999999980016, 0.000000000000000000, 0.8499999999999994227 ) ) ;
#4749 = CARTESIAN_POINT ( 'NONE',  ( -1.499999999999979572, 0.2030000000000000138, 0.8499999999999998668 ) ) ;
#4750 = AXIS2_PLACEMENT_3D ( 'NONE', #5230, #3214, #3640 ) ;
#4751 = ADVANCED_FACE ( 'NONE', ( #1098 ), #1921, .F. ) ;
#4752 = ORIENTED_EDGE ( 'NONE', *, *, #1174, .T. ) ;
#4753 = EDGE_CURVE ( 'NONE', #1152, #1388, #3637, .T. ) ;
#4754 = UNCERTAINTY_MEASURE_WITH_UNIT (LENGTH_MEASURE( 1.000000000000000082E-05 ), #4352, 'distance_accuracy_value', 'NONE');
#4755 = CARTESIAN_POINT ( 'NONE',  ( -1.499999999999986677, 0.2030000000000000138, 0.1999999999999998723 ) ) ;
#4756 = VERTEX_POINT ( 'NONE', #4140 ) ;
#4757 = CARTESIAN_POINT ( 'NONE',  ( 1.249999999999999556, 0.000000000000000000, -0.8249999999999999556 ) ) ;
#4758 = FILL_AREA_STYLE_COLOUR ( '', #730 ) ;
#4759 = ORIENTED_EDGE ( 'NONE', *, *, #1977, .T. ) ;
#4760 = VECTOR ( 'NONE', #2377, 1000.000000000000000 ) ;
#4761 = DIRECTION ( 'NONE',  ( -0.000000000000000000, -1.000000000000000000, -0.000000000000000000 ) ) ;
#4762 = CARTESIAN_POINT ( 'NONE',  ( 0.6749999999999987121, 0.000000000000000000, 1.190000000000000169 ) ) ;
#4763 = CARTESIAN_POINT ( 'NONE',  ( 1.933982253622780510E-15, 0.05000000000000000278, -0.8249999999999966249 ) ) ;
#4764 = VECTOR ( 'NONE', #4609, 1000.000000000000114 ) ;
#4765 = VERTEX_POINT ( 'NONE', #405 ) ;
#4766 = DIRECTION ( 'NONE',  ( 1.000000000000000000, 0.000000000000000000, -2.710505431213753985E-15 ) ) ;
#4767 = VERTEX_POINT ( 'NONE', #492 ) ;
#4768 = ORIENTED_EDGE ( 'NONE', *, *, #1653, .F. ) ;
#4769 = CIRCLE ( 'NONE', #4420, 0.1500000000000003830 ) ;
#4770 = PLANE ( 'NONE',  #2438 ) ;
#4771 = VECTOR ( 'NONE', #4936, 1000.000000000000000 ) ;
#4772 = VECTOR ( 'NONE', #5018, 1000.000000000000000 ) ;
#4773 = DIRECTION ( 'NONE',  ( 0.000000000000000000, 0.000000000000000000, 1.000000000000000000 ) ) ;
#4774 = ORIENTED_EDGE ( 'NONE', *, *, #3831, .T. ) ;
#4775 = CARTESIAN_POINT ( 'NONE',  ( 1.499999999999999556, 0.2030000000000000138, -0.8500000000000003109 ) ) ;
#4776 = DIRECTION ( 'NONE',  ( 1.000000000000000000, 0.000000000000000000, -2.344220913482165641E-15 ) ) ;
#4777 = VERTEX_POINT ( 'NONE', #62 ) ;
#4778 = LINE ( 'NONE', #4802, #1100 ) ;
#4779 = DIRECTION ( 'NONE',  ( 0.7071067811865414665, 0.000000000000000000, -0.7071067811865536790 ) ) ;
#4780 = ADVANCED_FACE ( 'NONE', ( #1685 ), #5251, .T. ) ;
#4781 = CARTESIAN_POINT ( 'NONE',  ( -1.459999999999979536, 0.2030000000000000138, 1.100000000000000311 ) ) ;
#4782 = EDGE_CURVE ( 'NONE', #4530, #2900, #149, .T. ) ;
#4783 = VERTEX_POINT ( 'NONE', #4058 ) ;
#4784 = DIRECTION ( 'NONE',  ( 1.000000000000000000, 0.000000000000000000, 1.758165685111624132E-15 ) ) ;
#4785 = DIRECTION ( 'NONE',  ( 0.000000000000000000, 1.000000000000000000, -0.000000000000000000 ) ) ;
#4786 = CARTESIAN_POINT ( 'NONE',  ( -1.499999999999993339, 0.2030000000000000138, -0.1999999999999998723 ) ) ;
#4787 = ADVANCED_FACE ( 'NONE', ( #4432 ), #4940, .F. ) ;
#4788 = VERTEX_POINT ( 'NONE', #4859 ) ;
#4789 = CARTESIAN_POINT ( 'NONE',  ( -1.113504933904036479E-15, 0.05000000000000000278, -0.4750000000000033085 ) ) ;
#4790 = ORIENTED_EDGE ( 'NONE', *, *, #3866, .F. ) ;
#4791 = ORIENTED_EDGE ( 'NONE', *, *, #1812, .F. ) ;
#4792 = CARTESIAN_POINT ( 'NONE',  ( -1.249999999999979572, 0.2030000000000000138, 0.9749999999999999778 ) ) ;
#4793 = CARTESIAN_POINT ( 'NONE',  ( -1.499999999999979572, 0.2030000000000000138, 0.8499999999999998668 ) ) ;
#4794 = EDGE_CURVE ( 'NONE', #4240, #35, #2806, .T. ) ;
#4795 = CARTESIAN_POINT ( 'NONE',  ( 5.963111948670300419E-15, 0.05000000000000000278, 1.100000000000007638 ) ) ;
#4796 = VERTEX_POINT ( 'NONE', #1283 ) ;
#4797 = ORIENTED_EDGE ( 'NONE', *, *, #253, .T. ) ;
#4798 = EDGE_CURVE ( 'NONE', #1504, #1194, #1654, .T. ) ;
#4799 = PRODUCT_DEFINITION_FORMATION_WITH_SPECIFIED_SOURCE ( 'ANY', '', #1182, .NOT_KNOWN. ) ;
#4800 = PLANE ( 'NONE',  #3890 ) ;
#4801 = ADVANCED_FACE ( 'NONE', ( #2 ), #30, .T. ) ;
#4802 = CARTESIAN_POINT ( 'NONE',  ( -1.459999999999993303, 0.2030000000000000138, -0.4500000000000001221 ) ) ;
#4803 = CARTESIAN_POINT ( 'NONE',  ( 1.249999999999993339, 0.2030000000000000138, -0.3250000000000002887 ) ) ;
#4804 = DIRECTION ( 'NONE',  ( -0.000000000000000000, -1.000000000000000000, -0.000000000000000000 ) ) ;
#4805 = ORIENTED_EDGE ( 'NONE', *, *, #4741, .F. ) ;
#4806 = EDGE_CURVE ( 'NONE', #2587, #4977, #3264, .T. ) ;
#4807 = FACE_OUTER_BOUND ( 'NONE', #3909, .T. ) ;
#4808 = DIRECTION ( 'NONE',  ( 0.000000000000000000, 1.000000000000000000, -0.000000000000000000 ) ) ;
#4809 = DIRECTION ( 'NONE',  ( 1.000000000000000000, 0.000000000000000000, 2.710505431213753985E-15 ) ) ;
#4810 = ORIENTED_EDGE ( 'NONE', *, *, #2596, .T. ) ;
#4811 = CARTESIAN_POINT ( 'NONE',  ( 1.459999999999999520, 0.000000000000000000, -0.8500000000000001998 ) ) ;
#4812 = ORIENTED_EDGE ( 'NONE', *, *, #804, .T. ) ;
#4813 = ORIENTED_EDGE ( 'NONE', *, *, #1627, .T. ) ;
#4814 = ADVANCED_FACE ( 'NONE', ( #2921 ), #4882, .F. ) ;
#4815 = ADVANCED_FACE ( 'NONE', ( #1997 ), #2893, .T. ) ;
#4816 = VECTOR ( 'NONE', #3557, 1000.000000000000000 ) ;
#4817 = LINE ( 'NONE', #4923, #2626 ) ;
#4818 = AXIS2_PLACEMENT_3D ( 'NONE', #1492, #1448, #4707 ) ;
#4819 = VECTOR ( 'NONE', #3394, 1000.000000000000000 ) ;
#4820 = CARTESIAN_POINT ( 'NONE',  ( 1.459999999999999520, 0.04999999999999999584, -0.8500000000000001998 ) ) ;
#4821 = VECTOR ( 'NONE', #2136, 1000.000000000000000 ) ;
#4822 = VECTOR ( 'NONE', #4837, 1000.000000000000000 ) ;
#4823 = CARTESIAN_POINT ( 'NONE',  ( -1.499999999999993339, 0.04999999999999999584, -0.1999999999999998723 ) ) ;
#4824 = ORIENTED_EDGE ( 'NONE', *, *, #1428, .F. ) ;
#4825 = VECTOR ( 'NONE', #3325, 1000.000000000000000 ) ;
#4826 = VERTEX_POINT ( 'NONE', #2083 ) ;
#4827 = CARTESIAN_POINT ( 'NONE',  ( -1.249999999999993339, 0.2030000000000000138, -0.3250000000000000111 ) ) ;
#4828 = ORIENTED_EDGE ( 'NONE', *, *, #1456, .T. ) ;
#4829 = DIRECTION ( 'NONE',  ( -0.000000000000000000, -1.000000000000000000, -0.000000000000000000 ) ) ;
#4830 = LINE ( 'NONE', #3182, #644 ) ;
#4831 = VECTOR ( 'NONE', #1188, 1000.000000000000000 ) ;
#4832 = ORIENTED_EDGE ( 'NONE', *, *, #327, .T. ) ;
#4833 = EDGE_CURVE ( 'NONE', #3153, #907, #2434, .T. ) ;
#4834 = DIRECTION ( 'NONE',  ( -0.000000000000000000, -1.000000000000000000, -0.000000000000000000 ) ) ;
#4835 = AXIS2_PLACEMENT_3D ( 'NONE', #2835, #1978, #2416 ) ;
#4836 = CARTESIAN_POINT ( 'NONE',  ( -1.459999999999993303, 0.000000000000000000, -0.1999999999999997613 ) ) ;
#4837 = DIRECTION ( 'NONE',  ( 0.000000000000000000, -1.000000000000000000, 0.000000000000000000 ) ) ;
#4838 = CARTESIAN_POINT ( 'NONE',  ( -1.434999999999980069, 0.2030000000000000138, 0.8249999999999999556 ) ) ;
#4839 = AXIS2_PLACEMENT_3D ( 'NONE', #439, #1286, #739 ) ;
#4840 = CARTESIAN_POINT ( 'NONE',  ( 1.249999999999993339, 0.000000000000000000, -0.4750000000000006994 ) ) ;
#4841 = ORIENTED_EDGE ( 'NONE', *, *, #248, .F. ) ;
#4842 = VERTEX_POINT ( 'NONE', #2119 ) ;
#4843 = CIRCLE ( 'NONE', #3992, 0.1500000000000003553 ) ;
#4844 = DIRECTION ( 'NONE',  ( -1.000000000000000000, 0.000000000000000000, -2.344220913482168007E-15 ) ) ;
#4845 = CARTESIAN_POINT ( 'NONE',  ( 0.6749999999999998224, 0.05000000000000000278, 1.040000000000000036 ) ) ;
#4846 = EDGE_CURVE ( 'NONE', #3105, #2900, #3752, .T. ) ;
#4847 = ADVANCED_FACE ( 'NONE', ( #2467 ), #4970, .T. ) ;
#4848 = ORIENTED_EDGE ( 'NONE', *, *, #5159, .T. ) ;
#4849 = LINE ( 'NONE', #2011, #5090 ) ;
#4850 = DIRECTION ( 'NONE',  ( 1.000000000000000000, 0.000000000000000000, -5.421010862427507971E-15 ) ) ;
#4851 = ORIENTED_EDGE ( 'NONE', *, *, #4969, .F. ) ;
#4852 = CIRCLE ( 'NONE', #1106, 0.1500000000000003830 ) ;
#4853 = ORIENTED_EDGE ( 'NONE', *, *, #3778, .T. ) ;
#4854 = PLANE ( 'NONE',  #3622 ) ;
#4855 = LINE ( 'NONE', #3205, #2311 ) ;
#4856 = LINE ( 'NONE', #2390, #3621 ) ;
#4857 = DIRECTION ( 'NONE',  ( 0.000000000000000000, 0.000000000000000000, 1.000000000000000000 ) ) ;
#4858 = ORIENTED_EDGE ( 'NONE', *, *, #3424, .T. ) ;
#4859 = CARTESIAN_POINT ( 'NONE',  ( 1.499999999999993339, 0.04999999999999999584, -0.2000000000000003164 ) ) ;
#4860 = CARTESIAN_POINT ( 'NONE',  ( -1.249999999999993339, 0.2030000000000000138, -0.3250000000000000111 ) ) ;
#4861 = DIRECTION ( 'NONE',  ( 0.000000000000000000, 1.000000000000000000, -0.000000000000000000 ) ) ;
#4862 = DIRECTION ( 'NONE',  ( 0.000000000000000000, 1.000000000000000000, 0.000000000000000000 ) ) ;
#4863 = LINE ( 'NONE', #4789, #3149 ) ;
#4864 = ORIENTED_EDGE ( 'NONE', *, *, #4384, .F. ) ;
#4865 = ORIENTED_EDGE ( 'NONE', *, *, #2902, .F. ) ;
#4866 = LINE ( 'NONE', #3674, #1572 ) ;
#4867 = DIRECTION ( 'NONE',  ( 1.000000000000000000, 0.000000000000000000, -0.000000000000000000 ) ) ;
#4868 = EDGE_LOOP ( 'NONE', ( #4510, #2422, #1661, #1000 ) ) ;
#4869 = FACE_OUTER_BOUND ( 'NONE', #5134, .T. ) ;
#4870 = ORIENTED_EDGE ( 'NONE', *, *, #2855, .T. ) ;
#4871 = SURFACE_SIDE_STYLE ('',( #1962 ) ) ;
#4872 = CARTESIAN_POINT ( 'NONE',  ( 1.459999999999979980, 0.000000000000000000, 0.8499999999999994227 ) ) ;
#4873 = DIRECTION ( 'NONE',  ( -1.000000000000000000, -0.000000000000000000, 2.344220913482165641E-15 ) ) ;
#4874 = ORIENTED_EDGE ( 'NONE', *, *, #2931, .T. ) ;
#4875 = VERTEX_POINT ( 'NONE', #2832 ) ;
#4876 = ADVANCED_FACE ( 'NONE', ( #4453 ), #2860, .F. ) ;
#4877 = CARTESIAN_POINT ( 'NONE',  ( -1.434999999999993614, 0.04999999999999999584, -0.1750000000000000167 ) ) ;
#4878 = LINE ( 'NONE', #2749, #4603 ) ;
#4879 = LINE ( 'NONE', #139, #1566 ) ;
#4880 = CARTESIAN_POINT ( 'NONE',  ( 1.249999999999980016, 0.2030000000000000138, 0.8249999999999991784 ) ) ;
#4881 = ORIENTED_EDGE ( 'NONE', *, *, #1292, .F. ) ;
#4882 = CYLINDRICAL_SURFACE ( 'NONE', #576, 0.1500000000000003830 ) ;
#4883 = CARTESIAN_POINT ( 'NONE',  ( 1.434999999999987175, 0.2030000000000000138, 0.1749999999999996003 ) ) ;
#4884 = FACE_OUTER_BOUND ( 'NONE', #3829, .T. ) ;
#4885 = CARTESIAN_POINT ( 'NONE',  ( -1.459999999999999964, 0.2030000000000000138, -1.100000000000000089 ) ) ;
#4886 = ORIENTED_EDGE ( 'NONE', *, *, #568, .T. ) ;
#4887 = ORIENTED_EDGE ( 'NONE', *, *, #2680, .F. ) ;
#4888 = EDGE_CURVE ( 'NONE', #117, #3015, #4567, .T. ) ;
#4889 = FACE_OUTER_BOUND ( 'NONE', #2777, .T. ) ;
#4890 = ORIENTED_EDGE ( 'NONE', *, *, #3063, .T. ) ;
#4891 = EDGE_CURVE ( 'NONE', #3961, #3191, #242, .T. ) ;
#4892 = DIRECTION ( 'NONE',  ( 2.344220913482168007E-15, 0.000000000000000000, -1.000000000000000000 ) ) ;
#4893 = VERTEX_POINT ( 'NONE', #118 ) ;
#4894 = EDGE_CURVE ( 'NONE', #4240, #2644, #2975, .T. ) ;
#4895 = VECTOR ( 'NONE', #1334, 1000.000000000000000 ) ;
#4896 = LINE ( 'NONE', #2910, #566 ) ;
#4897 = COLOUR_RGB ( '',1.000000000000000000, 1.000000000000000000, 1.000000000000000000 ) ;
#4898 = VECTOR ( 'NONE', #2815, 1000.000000000000000 ) ;
#4899 = CARTESIAN_POINT ( 'NONE',  ( -1.459999999999999964, 0.2030000000000000138, -0.8499999999999997558 ) ) ;
#4900 = VERTEX_POINT ( 'NONE', #3773 ) ;
#4901 = EDGE_LOOP ( 'NONE', ( #2663, #3030, #960, #3673 ) ) ;
#4902 = VECTOR ( 'NONE', #1952, 1000.000000000000000 ) ;
#4903 = DIRECTION ( 'NONE',  ( 0.000000000000000000, -1.000000000000000000, 0.000000000000000000 ) ) ;
#4904 = ORIENTED_EDGE ( 'NONE', *, *, #4731, .F. ) ;
#4905 = DIRECTION ( 'NONE',  ( 0.000000000000000000, 0.000000000000000000, 1.000000000000000000 ) ) ;
#4906 = FACE_OUTER_BOUND ( 'NONE', #2868, .T. ) ;
#4907 = EDGE_CURVE ( 'NONE', #3198, #4480, #544, .T. ) ;
#4908 = CARTESIAN_POINT ( 'NONE',  ( 1.459999999999986420, 0.2030000000000000138, 0.1999999999999994282 ) ) ;
#4909 = EDGE_CURVE ( 'NONE', #4353, #4975, #1419, .T. ) ;
#4910 = VECTOR ( 'NONE', #2365, 1000.000000000000000 ) ;
#4911 = VERTEX_POINT ( 'NONE', #5047 ) ;
#4912 = CARTESIAN_POINT ( 'NONE',  ( -0.8250000000000001776, 0.05000000000000000278, 1.039999999999999147 ) ) ;
#4913 = CARTESIAN_POINT ( 'NONE',  ( 1.459999999999986420, 0.2030000000000000138, 0.4499999999999997891 ) ) ;
#4914 = AXIS2_PLACEMENT_3D ( 'NONE', #2330, #643, #3947 ) ;
#4915 = CARTESIAN_POINT ( 'NONE',  ( -1.459999999999986420, 0.2030000000000000138, 0.4500000000000001776 ) ) ;
#4916 = EDGE_CURVE ( 'NONE', #297, #5056, #4272, .T. ) ;
#4917 = DIRECTION ( 'NONE',  ( 0.000000000000000000, -1.000000000000000000, 0.000000000000000000 ) ) ;
#4918 = DIRECTION ( 'NONE',  ( -0.7071067811865414665, 0.000000000000000000, -0.7071067811865536790 ) ) ;
#4919 = ORIENTED_EDGE ( 'NONE', *, *, #6, .F. ) ;
#4920 = CIRCLE ( 'NONE', #2376, 0.1499999999999999667 ) ;
#4921 = ORIENTED_EDGE ( 'NONE', *, *, #5109, .F. ) ;
#4922 = DIRECTION ( 'NONE',  ( -1.000000000000000000, 0.000000000000000000, 2.344220913482168007E-15 ) ) ;
#4923 = CARTESIAN_POINT ( 'NONE',  ( 1.499999999999993339, 0.2030000000000000138, -0.4500000000000005107 ) ) ;
#4924 = VECTOR ( 'NONE', #5037, 1000.000000000000000 ) ;
#4925 = ORIENTED_EDGE ( 'NONE', *, *, #3346, .F. ) ;
#4926 = PLANE ( 'NONE',  #3827 ) ;
#4927 = ORIENTED_EDGE ( 'NONE', *, *, #4411, .T. ) ;
#4928 = CIRCLE ( 'NONE', #171, 0.1500000000000003830 ) ;
#4929 = DIRECTION ( 'NONE',  ( 0.000000000000000000, -1.000000000000000000, 0.000000000000000000 ) ) ;
#4930 = ADVANCED_FACE ( 'NONE', ( #1310 ), #967, .F. ) ;
#4931 = VECTOR ( 'NONE', #287, 1000.000000000000000 ) ;
#4932 = ORIENTED_EDGE ( 'NONE', *, *, #3779, .T. ) ;
#4933 = ORIENTED_EDGE ( 'NONE', *, *, #4248, .F. ) ;
#4934 = VECTOR ( 'NONE', #2030, 1000.000000000000000 ) ;
#4935 = PLANE ( 'NONE',  #390 ) ;
#4936 = DIRECTION ( 'NONE',  ( -0.000000000000000000, -0.000000000000000000, 1.000000000000000000 ) ) ;
#4937 = FACE_OUTER_BOUND ( 'NONE', #2514, .T. ) ;
#4938 = DIRECTION ( 'NONE',  ( -0.7071067811865414665, 0.000000000000000000, -0.7071067811865536790 ) ) ;
#4939 = ORIENTED_EDGE ( 'NONE', *, *, #549, .T. ) ;
#4940 = PLANE ( 'NONE',  #4478 ) ;
#4941 = EDGE_CURVE ( 'NONE', #2802, #2752, #3798, .T. ) ;
#4942 = DIRECTION ( 'NONE',  ( 1.000000000000000000, 0.000000000000000000, 2.051193299296894886E-15 ) ) ;
#4943 = EDGE_CURVE ( 'NONE', #4727, #1739, #4997, .T. ) ;
#4944 = LINE ( 'NONE', #2469, #656 ) ;
#4945 = CARTESIAN_POINT ( 'NONE',  ( 1.249999999999993339, 0.2030000000000000138, -0.4750000000000006994 ) ) ;
#4946 = LINE ( 'NONE', #4541, #1867 ) ;
#4947 = EDGE_LOOP ( 'NONE', ( #1263, #2484, #3301, #3677 ) ) ;
#4948 = ORIENTED_EDGE ( 'NONE', *, *, #4197, .F. ) ;
#4949 = EDGE_CURVE ( 'NONE', #4911, #4042, #3448, .T. ) ;
#4950 = ADVANCED_FACE ( 'NONE', ( #4171 ), #5068, .F. ) ;
#4951 = CARTESIAN_POINT ( 'NONE',  ( 1.249999999999993339, 0.2030000000000000138, -0.3250000000000002887 ) ) ;
#4952 = ORIENTED_EDGE ( 'NONE', *, *, #1716, .T. ) ;
#4953 = CARTESIAN_POINT ( 'NONE',  ( 1.499999999999993339, 0.000000000000000000, -0.4500000000000005107 ) ) ;
#4954 = COLOUR_RGB ( '',0.7921568627450980005, 0.8196078431372548767, 0.9333333333333333481 ) ;
#4955 = ORIENTED_EDGE ( 'NONE', *, *, #95, .T. ) ;
#4956 = CARTESIAN_POINT ( 'NONE',  ( -1.435000000000000275, 0.2030000000000000138, -0.8249999999999999556 ) ) ;
#4957 = DIRECTION ( 'NONE',  ( 0.000000000000000000, 0.000000000000000000, 1.000000000000000000 ) ) ;
#4958 = LINE ( 'NONE', #3740, #244 ) ;
#4959 = ORIENTED_EDGE ( 'NONE', *, *, #2648, .F. ) ;
#4960 = VERTEX_POINT ( 'NONE', #3053 ) ;
#4961 = EDGE_CURVE ( 'NONE', #4278, #1719, #1767, .T. ) ;
#4962 = DIRECTION ( 'NONE',  ( 0.000000000000000000, -0.000000000000000000, -1.000000000000000000 ) ) ;
#4963 = VERTEX_POINT ( 'NONE', #1338 ) ;
#4964 = DIRECTION ( 'NONE',  ( -1.000000000000000000, 0.000000000000000000, 0.000000000000000000 ) ) ;
#4965 = CARTESIAN_POINT ( 'NONE',  ( 1.249999999999986677, 0.2030000000000000138, 0.3249999999999996780 ) ) ;
#4966 = DIRECTION ( 'NONE',  ( 0.000000000000000000, -1.000000000000000000, 0.000000000000000000 ) ) ;
#4967 = EDGE_CURVE ( 'NONE', #2757, #4071, #3900, .T. ) ;
#4968 = ORIENTED_EDGE ( 'NONE', *, *, #2109, .F. ) ;
#4969 = EDGE_CURVE ( 'NONE', #4067, #2927, #523, .T. ) ;
#4970 = PLANE ( 'NONE',  #738 ) ;
#4971 = CARTESIAN_POINT ( 'NONE',  ( 1.499999999999986677, 0.2030000000000000138, 0.4499999999999996780 ) ) ;
#4972 = LINE ( 'NONE', #1656, #2362 ) ;
#4973 = CARTESIAN_POINT ( 'NONE',  ( -1.499999999999986677, 0.2030000000000000138, 0.4500000000000001221 ) ) ;
#4974 = EDGE_LOOP ( 'NONE', ( #395, #468, #2827, #4575 ) ) ;
#4975 = VERTEX_POINT ( 'NONE', #175 ) ;
#4976 = LINE ( 'NONE', #470, #1414 ) ;
#4977 = VERTEX_POINT ( 'NONE', #993 ) ;
#4978 = DIRECTION ( 'NONE',  ( 0.000000000000000000, -0.000000000000000000, -1.000000000000000000 ) ) ;
#4979 = EDGE_CURVE ( 'NONE', #2226, #1206, #1019, .T. ) ;
#4980 = ORIENTED_EDGE ( 'NONE', *, *, #1174, .F. ) ;
#4981 = ADVANCED_FACE ( 'NONE', ( #2255 ), #2635, .F. ) ;
#4982 = CARTESIAN_POINT ( 'NONE',  ( -1.500000000000000000, 0.2030000000000000138, -0.8499999999999998668 ) ) ;
#4983 =( NAMED_UNIT ( * ) PLANE_ANGLE_UNIT ( ) SI_UNIT ( $, .RADIAN. ) );
#4984 = CARTESIAN_POINT ( 'NONE',  ( -1.459999999999993303, 0.2030000000000000138, -0.1999999999999997613 ) ) ;
#4985 = CARTESIAN_POINT ( 'NONE',  ( 1.434999999999993614, 0.2030000000000000138, -0.1750000000000004607 ) ) ;
#4986 = ORIENTED_EDGE ( 'NONE', *, *, #2825, .F. ) ;
#4987 = ORIENTED_EDGE ( 'NONE', *, *, #3735, .F. ) ;
#4988 = CARTESIAN_POINT ( 'NONE',  ( -1.434999999999993836, 0.2030000000000000138, -0.4749999999999999223 ) ) ;
#4989 = DIRECTION ( 'NONE',  ( 0.000000000000000000, 1.000000000000000000, 0.000000000000000000 ) ) ;
#4990 = LINE ( 'NONE', #4533, #3884 ) ;
#4991 = AXIS2_PLACEMENT_3D ( 'NONE', #2520, #94, #2056 ) ;
#4992 = DIRECTION ( 'NONE',  ( 0.000000000000000000, 0.000000000000000000, 1.000000000000000000 ) ) ;
#4993 = EDGE_CURVE ( 'NONE', #337, #3616, #3554, .T. ) ;
#4994 = ORIENTED_EDGE ( 'NONE', *, *, #17, .F. ) ;
#4995 = VECTOR ( 'NONE', #2667, 1000.000000000000000 ) ;
#4996 = AXIS2_PLACEMENT_3D ( 'NONE', #4988, #539, #3821 ) ;
#4997 = LINE ( 'NONE', #146, #1427 ) ;
#4998 = DIRECTION ( 'NONE',  ( 0.7071067811865460184, 0.000000000000000000, 0.7071067811865490160 ) ) ;
#4999 = CARTESIAN_POINT ( 'NONE',  ( -1.249999999999986677, 0.2030000000000000138, 0.1749999999999996003 ) ) ;
#5000 = AXIS2_PLACEMENT_3D ( 'NONE', #1203, #1570, #1626 ) ;
#5001 = PLANE ( 'NONE',  #2972 ) ;
#5002 = ORIENTED_EDGE ( 'NONE', *, *, #797, .F. ) ;
#5003 = ORIENTED_EDGE ( 'NONE', *, *, #2248, .F. ) ;
#5004 = DIRECTION ( 'NONE',  ( -1.000000000000000000, -0.000000000000000000, -0.000000000000000000 ) ) ;
#5005 = EDGE_LOOP ( 'NONE', ( #2518, #3878, #1852, #2899 ) ) ;
#5006 = VECTOR ( 'NONE', #952, 1000.000000000000000 ) ;
#5007 = FACE_OUTER_BOUND ( 'NONE', #3356, .T. ) ;
#5008 = ORIENTED_EDGE ( 'NONE', *, *, #2508, .F. ) ;
#5009 = CARTESIAN_POINT ( 'NONE',  ( 1.434999999999987175, 0.2030000000000000138, 0.1749999999999996003 ) ) ;
#5010 = VECTOR ( 'NONE', #3858, 1000.000000000000000 ) ;
#5011 = EDGE_CURVE ( 'NONE', #2659, #123, #694, .T. ) ;
#5012 = FACE_OUTER_BOUND ( 'NONE', #1162, .T. ) ;
#5013 = FILL_AREA_STYLE_COLOUR ( '', #3905 ) ;
#5014 = VECTOR ( 'NONE', #1615, 1000.000000000000000 ) ;
#5015 = ORIENTED_EDGE ( 'NONE', *, *, #889, .F. ) ;
#5016 = EDGE_LOOP ( 'NONE', ( #2886, #3768, #1328, #4116 ) ) ;
#5017 = DIRECTION ( 'NONE',  ( -0.7071067811865414665, -0.000000000000000000, 0.7071067811865536790 ) ) ;
#5018 = DIRECTION ( 'NONE',  ( 1.000000000000000000, 0.000000000000000000, 5.421010862427507971E-15 ) ) ;
#5019 = AXIS2_PLACEMENT_3D ( 'NONE', #1462, #2309, #250 ) ;
#5020 = CARTESIAN_POINT ( 'NONE',  ( 1.435000000000000053, 0.2030000000000000138, -1.125000000000000444 ) ) ;
#5021 = DIRECTION ( 'NONE',  ( 0.000000000000000000, -1.000000000000000000, 0.000000000000000000 ) ) ;
#5022 = VERTEX_POINT ( 'NONE', #5122 ) ;
#5023 = VECTOR ( 'NONE', #4360, 1000.000000000000000 ) ;
#5024 = CARTESIAN_POINT ( 'NONE',  ( -1.459999999999999964, 0.2030000000000000138, -0.8499999999999997558 ) ) ;
#5025 = DIRECTION ( 'NONE',  ( 1.000000000000000000, -0.000000000000000000, 0.000000000000000000 ) ) ;
#5026 = DIRECTION ( 'NONE',  ( -1.000000000000000000, -0.000000000000000000, 2.344220913482165641E-15 ) ) ;
#5027 = VECTOR ( 'NONE', #4214, 1000.000000000000000 ) ;
#5028 = CARTESIAN_POINT ( 'NONE',  ( -0.6749999999999991562, 0.05000000000000000278, 1.190000000000000169 ) ) ;
#5029 = ORIENTED_EDGE ( 'NONE', *, *, #1109, .T. ) ;
#5030 = VERTEX_POINT ( 'NONE', #1913 ) ;
#5031 = LINE ( 'NONE', #1371, #3125 ) ;
#5032 = ORIENTED_EDGE ( 'NONE', *, *, #2729, .F. ) ;
#5033 = CARTESIAN_POINT ( 'NONE',  ( -0.6750000000000002665, 0.05000000000000000278, 1.040000000000000036 ) ) ;
#5034 = VERTEX_POINT ( 'NONE', #1465 ) ;
#5035 = CARTESIAN_POINT ( 'NONE',  ( 0.9549999999999964073, 0.05000000000000000278, 0.9549999999999920774 ) ) ;
#5036 = CARTESIAN_POINT ( 'NONE',  ( 1.249999999999993339, 0.2030000000000000138, -0.1749999999999999611 ) ) ;
#5037 = DIRECTION ( 'NONE',  ( 0.000000000000000000, 0.000000000000000000, -1.000000000000000000 ) ) ;
#5038 = ORIENTED_EDGE ( 'NONE', *, *, #3837, .T. ) ;
#5039 = ORIENTED_EDGE ( 'NONE', *, *, #708, .F. ) ;
#5040 = VECTOR ( 'NONE', #4850, 1000.000000000000000 ) ;
#5041 = LINE ( 'NONE', #2651, #3546 ) ;
#5042 = CARTESIAN_POINT ( 'NONE',  ( -1.434999999999993836, 0.2030000000000000138, -0.4749999999999999223 ) ) ;
#5043 = DIRECTION ( 'NONE',  ( 0.7071067811865536790, 0.000000000000000000, 0.7071067811865414665 ) ) ;
#5044 = ADVANCED_FACE ( 'NONE', ( #2312 ), #3976, .T. ) ;
#5045 = EDGE_LOOP ( 'NONE', ( #2183, #1090, #2154, #885, #951, #1636, #1403, #3865 ) ) ;
#5046 = EDGE_CURVE ( 'NONE', #1576, #1103, #2787, .T. ) ;
#5047 = CARTESIAN_POINT ( 'NONE',  ( -1.435000000000000275, 0.2030000000000000138, -0.8249999999999999556 ) ) ;
#5048 = DIRECTION ( 'NONE',  ( 0.000000000000000000, 0.000000000000000000, -1.000000000000000000 ) ) ;
#5049 = ORIENTED_EDGE ( 'NONE', *, *, #4961, .F. ) ;
#5050 = DIRECTION ( 'NONE',  ( -0.000000000000000000, -1.000000000000000000, -0.000000000000000000 ) ) ;
#5051 = CARTESIAN_POINT ( 'NONE',  ( -1.459999999999979536, 0.000000000000000000, 0.8499999999999998668 ) ) ;
#5052 = ORIENTED_EDGE ( 'NONE', *, *, #1940, .F. ) ;
#5053 = ORIENTED_EDGE ( 'NONE', *, *, #2632, .F. ) ;
#5054 = DIRECTION ( 'NONE',  ( -1.000000000000000000, 0.000000000000000000, 0.000000000000000000 ) ) ;
#5055 = CARTESIAN_POINT ( 'NONE',  ( 1.434999999999980291, 0.000000000000000000, 1.124999999999999556 ) ) ;
#5056 = VERTEX_POINT ( 'NONE', #1064 ) ;
#5057 = DIRECTION ( 'NONE',  ( -0.000000000000000000, 1.000000000000000000, -0.000000000000000000 ) ) ;
#5058 = ORIENTED_EDGE ( 'NONE', *, *, #1782, .T. ) ;
#5059 = PRODUCT_RELATED_PRODUCT_CATEGORY ( 'part', '', ( #1182 ) ) ;
#5060 = CARTESIAN_POINT ( 'NONE',  ( 1.434999999999993614, 0.2030000000000000138, -0.1750000000000004607 ) ) ;
#5061 = LINE ( 'NONE', #5089, #2959 ) ;
#5062 = DIRECTION ( 'NONE',  ( 0.000000000000000000, 0.000000000000000000, -1.000000000000000000 ) ) ;
#5063 = EDGE_CURVE ( 'NONE', #575, #5219, #3927, .T. ) ;
#5064 = FACE_OUTER_BOUND ( 'NONE', #3807, .T. ) ;
#5065 = DIRECTION ( 'NONE',  ( 0.000000000000000000, 0.000000000000000000, -1.000000000000000000 ) ) ;
#5066 = DIRECTION ( 'NONE',  ( -1.000000000000000000, -0.000000000000000000, -0.000000000000000000 ) ) ;
#5067 = VERTEX_POINT ( 'NONE', #4348 ) ;
#5068 = PLANE ( 'NONE',  #3050 ) ;
#5069 = VECTOR ( 'NONE', #356, 1000.000000000000114 ) ;
#5070 = CARTESIAN_POINT ( 'NONE',  ( 1.249999999999993339, 0.2030000000000000138, -0.3250000000000002887 ) ) ;
#5071 = ORIENTED_EDGE ( 'NONE', *, *, #1841, .F. ) ;
#5072 = CARTESIAN_POINT ( 'NONE',  ( -1.434999999999980069, 0.2030000000000000138, 0.8249999999999999556 ) ) ;
#5073 = EDGE_CURVE ( 'NONE', #40, #4530, #3584, .T. ) ;
#5074 = DIRECTION ( 'NONE',  ( -0.000000000000000000, -1.000000000000000000, -0.000000000000000000 ) ) ;
#5075 = EDGE_CURVE ( 'NONE', #3355, #1381, #918, .T. ) ;
#5076 = DIRECTION ( 'NONE',  ( 0.000000000000000000, 1.000000000000000000, -0.000000000000000000 ) ) ;
#5077 = MECHANICAL_DESIGN_GEOMETRIC_PRESENTATION_REPRESENTATION (  '', ( #1914 ), #4302 ) ;
#5078 = VECTOR ( 'NONE', #5017, 1000.000000000000000 ) ;
#5079 = ORIENTED_EDGE ( 'NONE', *, *, #4421, .F. ) ;
#5080 = VERTEX_POINT ( 'NONE', #3081 ) ;
#5081 = CARTESIAN_POINT ( 'NONE',  ( -1.499999999999979572, 0.2030000000000000138, 0.8499999999999998668 ) ) ;
#5082 = VECTOR ( 'NONE', #2585, 1000.000000000000000 ) ;
#5083 = CARTESIAN_POINT ( 'NONE',  ( -1.500000000000000000, 0.2030000000000000138, -1.100000000000000089 ) ) ;
#5084 = EDGE_LOOP ( 'NONE', ( #5071, #3772, #4608, #4904, #2929, #5086, #2147, #2850 ) ) ;
#5085 = LINE ( 'NONE', #2710, #1440 ) ;
#5086 = ORIENTED_EDGE ( 'NONE', *, *, #734, .F. ) ;
#5087 = VECTOR ( 'NONE', #3618, 1000.000000000000000 ) ;
#5088 = AXIS2_PLACEMENT_3D ( 'NONE', #5147, #5177, #796 ) ;
#5089 = CARTESIAN_POINT ( 'NONE',  ( 1.459999999999999520, 0.2030000000000000138, -1.100000000000000533 ) ) ;
#5090 = VECTOR ( 'NONE', #344, 1000.000000000000000 ) ;
#5091 = CARTESIAN_POINT ( 'NONE',  ( 1.499999999999999556, 0.8999999999999998002, 1.499999999999999778 ) ) ;
#5092 = VECTOR ( 'NONE', #379, 1000.000000000000000 ) ;
#5093 = LINE ( 'NONE', #4697, #4051 ) ;
#5094 = EDGE_CURVE ( 'NONE', #3250, #4826, #3129, .T. ) ;
#5095 = DIRECTION ( 'NONE',  ( -0.7071067811865414665, -0.000000000000000000, 0.7071067811865536790 ) ) ;
#5096 = AXIS2_PLACEMENT_3D ( 'NONE', #2509, #107, #4127 ) ;
#5097 = CARTESIAN_POINT ( 'NONE',  ( 1.499999999999986677, 0.2030000000000000138, 0.1999999999999994282 ) ) ;
#5098 = ORIENTED_EDGE ( 'NONE', *, *, #1050, .F. ) ;
#5099 = EDGE_CURVE ( 'NONE', #4304, #1879, #4703, .T. ) ;
#5100 = DIRECTION ( 'NONE',  ( -1.000000000000000000, 0.000000000000000000, -2.710505431213753985E-15 ) ) ;
#5101 = AXIS2_PLACEMENT_3D ( 'NONE', #4109, #461, #3719 ) ;
#5102 = CARTESIAN_POINT ( 'NONE',  ( 1.499999999999993339, 0.2030000000000000138, -0.4500000000000005107 ) ) ;
#5103 = LINE ( 'NONE', #3003, #150 ) ;
#5104 = CARTESIAN_POINT ( 'NONE',  ( -0.5647597264065384870, 0.000000000000000000, -1.189999999999999725 ) ) ;
#5105 = AXIS2_PLACEMENT_3D ( 'NONE', #3461, #2297, #2645 ) ;
#5106 = ORIENTED_EDGE ( 'NONE', *, *, #4738, .F. ) ;
#5107 = VERTEX_POINT ( 'NONE', #4775 ) ;
#5108 = EDGE_CURVE ( 'NONE', #838, #2802, #1079, .T. ) ;
#5109 = EDGE_CURVE ( 'NONE', #222, #3636, #4397, .T. ) ;
#5110 = CARTESIAN_POINT ( 'NONE',  ( 1.459999999999986420, 0.2030000000000000138, 0.1999999999999994282 ) ) ;
#5111 = CARTESIAN_POINT ( 'NONE',  ( 1.435000000000000053, 0.000000000000000000, -1.125000000000000444 ) ) ;
#5112 = EDGE_LOOP ( 'NONE', ( #2113, #941, #2005, #87 ) ) ;
#5113 = CARTESIAN_POINT ( 'NONE',  ( -0.6138616648203991666, 0.05000000000000000278, -1.149433962264150511 ) ) ;
#5114 = ORIENTED_EDGE ( 'NONE', *, *, #1906, .T. ) ;
#5115 = ADVANCED_FACE ( 'NONE', ( #5144 ), #1487, .F. ) ;
#5116 = DIRECTION ( 'NONE',  ( -0.7071067811865414665, -0.000000000000000000, 0.7071067811865536790 ) ) ;
#5117 = DIRECTION ( 'NONE',  ( -1.000000000000000000, 0.000000000000000000, -0.000000000000000000 ) ) ;
#5118 = DIRECTION ( 'NONE',  ( 0.000000000000000000, 0.000000000000000000, -1.000000000000000000 ) ) ;
#5119 = DIRECTION ( 'NONE',  ( -1.000000000000000000, -0.000000000000000000, -0.000000000000000000 ) ) ;
#5120 = DIRECTION ( 'NONE',  ( 1.000000000000000000, 0.000000000000000000, 5.421010862427507971E-15 ) ) ;
#5121 = ORIENTED_EDGE ( 'NONE', *, *, #4288, .T. ) ;
#5122 = CARTESIAN_POINT ( 'NONE',  ( -1.434999999999986953, 0.000000000000000000, 0.4749999999999999223 ) ) ;
#5123 = ORIENTED_EDGE ( 'NONE', *, *, #4265, .F. ) ;
#5124 = FACE_OUTER_BOUND ( 'NONE', #4277, .T. ) ;
#5125 = SURFACE_SIDE_STYLE ('',( #257 ) ) ;
#5126 = EDGE_CURVE ( 'NONE', #4705, #2633, #4370, .T. ) ;
#5127 = ORIENTED_EDGE ( 'NONE', *, *, #2680, .T. ) ;
#5128 = EDGE_CURVE ( 'NONE', #4480, #1478, #4849, .T. ) ;
#5129 = LINE ( 'NONE', #354, #3470 ) ;
#5130 = LINE ( 'NONE', #605, #1348 ) ;
#5131 = ORIENTED_EDGE ( 'NONE', *, *, #3466, .F. ) ;
#5132 = LINE ( 'NONE', #3092, #4931 ) ;
#5133 = ORIENTED_EDGE ( 'NONE', *, *, #1345, .T. ) ;
#5134 = EDGE_LOOP ( 'NONE', ( #3338, #758, #4921, #3131 ) ) ;
#5135 = CARTESIAN_POINT ( 'NONE',  ( 1.459999999999999520, 0.2030000000000000138, -1.100000000000000533 ) ) ;
#5136 = EDGE_CURVE ( 'NONE', #1026, #3973, #737, .T. ) ;
#5137 = EDGE_CURVE ( 'NONE', #1219, #3703, #4580, .T. ) ;
#5138 = FACE_OUTER_BOUND ( 'NONE', #2511, .T. ) ;
#5139 = DIRECTION ( 'NONE',  ( -0.000000000000000000, -1.000000000000000000, -0.000000000000000000 ) ) ;
#5140 = CYLINDRICAL_SURFACE ( 'NONE', #4606, 0.1750000000000000167 ) ;
#5141 = LINE ( 'NONE', #2328, #2561 ) ;
#5142 = ORIENTED_EDGE ( 'NONE', *, *, #2600, .F. ) ;
#5143 = ORIENTED_EDGE ( 'NONE', *, *, #434, .T. ) ;
#5144 = FACE_OUTER_BOUND ( 'NONE', #1550, .T. ) ;
#5145 = CARTESIAN_POINT ( 'NONE',  ( -1.500000000000000000, 0.8999999999999998002, 1.499999999999999778 ) ) ;
#5146 = ORIENTED_EDGE ( 'NONE', *, *, #3410, .T. ) ;
#5147 = CARTESIAN_POINT ( 'NONE',  ( -1.459999999999986420, 0.2030000000000000138, 0.1999999999999998723 ) ) ;
#5148 = CARTESIAN_POINT ( 'NONE',  ( -1.434999999999993614, 0.000000000000000000, -0.1750000000000000167 ) ) ;
#5149 = ORIENTED_EDGE ( 'NONE', *, *, #1896, .T. ) ;
#5150 = DIRECTION ( 'NONE',  ( 0.000000000000000000, -1.000000000000000000, 0.000000000000000000 ) ) ;
#5151 = LINE ( 'NONE', #4012, #3553 ) ;
#5152 = FILL_AREA_STYLE ('',( #3073 ) ) ;
#5153 = VECTOR ( 'NONE', #783, 1000.000000000000000 ) ;
#5154 = VERTEX_POINT ( 'NONE', #3652 ) ;
#5155 = PLANE ( 'NONE',  #5267 ) ;
#5156 = ORIENTED_EDGE ( 'NONE', *, *, #1324, .T. ) ;
#5157 = ORIENTED_EDGE ( 'NONE', *, *, #3283, .F. ) ;
#5158 = AXIS2_PLACEMENT_3D ( 'NONE', #1355, #2163, #2595 ) ;
#5159 = EDGE_CURVE ( 'NONE', #1988, #2140, #1639, .T. ) ;
#5160 = VECTOR ( 'NONE', #5054, 1000.000000000000000 ) ;
#5161 = CARTESIAN_POINT ( 'NONE',  ( -1.249999999999986677, 0.000000000000000000, 0.4750000000000003664 ) ) ;
#5162 = VECTOR ( 'NONE', #2872, 1000.000000000000000 ) ;
#5163 = AXIS2_PLACEMENT_3D ( 'NONE', #1140, #4027, #1992 ) ;
#5164 = PLANE ( 'NONE',  #4245 ) ;
#5165 = ADVANCED_FACE ( 'NONE', ( #2877 ), #3362, .T. ) ;
#5166 = VECTOR ( 'NONE', #2204, 1000.000000000000000 ) ;
#5167 = LINE ( 'NONE', #4440, #5153 ) ;
#5168 = LINE ( 'NONE', #4795, #5040 ) ;
#5169 = DIRECTION ( 'NONE',  ( 1.000000000000000000, -0.000000000000000000, -2.710505431213753985E-15 ) ) ;
#5170 = VECTOR ( 'NONE', #1643, 1000.000000000000000 ) ;
#5171 = EDGE_LOOP ( 'NONE', ( #4162, #3246, #4065, #1881 ) ) ;
#5172 = DIRECTION ( 'NONE',  ( 2.710505431213753985E-15, 0.000000000000000000, -1.000000000000000000 ) ) ;
#5173 = DIRECTION ( 'NONE',  ( 2.344220913482165641E-15, -0.000000000000000000, 1.000000000000000000 ) ) ;
#5174 = ORIENTED_EDGE ( 'NONE', *, *, #397, .T. ) ;
#5175 = LINE ( 'NONE', #2429, #5190 ) ;
#5176 = VECTOR ( 'NONE', #827, 1000.000000000000000 ) ;
#5177 = DIRECTION ( 'NONE',  ( 0.7071067811865536790, -0.000000000000000000, 0.7071067811865414665 ) ) ;
#5178 = PRESENTATION_STYLE_ASSIGNMENT (( #3951 ) ) ;
#5179 = ORIENTED_EDGE ( 'NONE', *, *, #4227, .T. ) ;
#5180 = VECTOR ( 'NONE', #4151, 1000.000000000000000 ) ;
#5181 = PLANE ( 'NONE',  #392 ) ;
#5182 = DIRECTION ( 'NONE',  ( -1.000000000000000000, -0.000000000000000000, -0.000000000000000000 ) ) ;
#5183 = DIRECTION ( 'NONE',  ( 0.000000000000000000, -1.000000000000000000, 0.000000000000000000 ) ) ;
#5184 = VECTOR ( 'NONE', #8, 1000.000000000000000 ) ;
#5185 = EDGE_LOOP ( 'NONE', ( #4952, #922, #366, #4333 ) ) ;
#5186 = CARTESIAN_POINT ( 'NONE',  ( 0.9550000000000093969, 0.05000000000000000278, -0.9549999999999929656 ) ) ;
#5187 = ORIENTED_EDGE ( 'NONE', *, *, #4888, .T. ) ;
#5188 = ORIENTED_EDGE ( 'NONE', *, *, #1584, .T. ) ;
#5189 = EDGE_CURVE ( 'NONE', #4734, #1623, #506, .T. ) ;
#5190 = VECTOR ( 'NONE', #1166, 1000.000000000000000 ) ;
#5191 = FACE_OUTER_BOUND ( 'NONE', #2016, .T. ) ;
#5192 = VECTOR ( 'NONE', #3426, 1000.000000000000000 ) ;
#5193 = EDGE_CURVE ( 'NONE', #4519, #558, #4123, .T. ) ;
#5194 = LINE ( 'NONE', #3998, #4263 ) ;
#5195 = CARTESIAN_POINT ( 'NONE',  ( -1.459999999999979536, 0.2030000000000000138, 1.100000000000000311 ) ) ;
#5196 = ADVANCED_FACE ( 'NONE', ( #2161 ), #4181, .F. ) ;
#5197 = ORIENTED_EDGE ( 'NONE', *, *, #18, .F. ) ;
#5198 = EDGE_LOOP ( 'NONE', ( #4810, #5245, #5015, #1693 ) ) ;
#5199 = DIRECTION ( 'NONE',  ( -0.000000000000000000, 1.000000000000000000, -0.000000000000000000 ) ) ;
#5200 = DIRECTION ( 'NONE',  ( 0.000000000000000000, 0.000000000000000000, 1.000000000000000000 ) ) ;
#5201 = CARTESIAN_POINT ( 'NONE',  ( -0.6749999999999991562, 0.000000000000000000, 1.190000000000000169 ) ) ;
#5202 = EDGE_CURVE ( 'NONE', #1007, #4624, #929, .T. ) ;
#5203 = EDGE_CURVE ( 'NONE', #1446, #2908, #3813, .T. ) ;
#5204 = EDGE_LOOP ( 'NONE', ( #3757, #1051, #4000, #2993 ) ) ;
#5205 = DIRECTION ( 'NONE',  ( 1.000000000000000000, -0.000000000000000000, -2.344220913482168402E-15 ) ) ;
#5206 = CARTESIAN_POINT ( 'NONE',  ( -1.499999999999979572, 0.2030000000000000138, 0.8499999999999998668 ) ) ;
#5207 = DIRECTION ( 'NONE',  ( 0.000000000000000000, -1.000000000000000000, 0.000000000000000000 ) ) ;
#5208 =( NAMED_UNIT ( * ) PLANE_ANGLE_UNIT ( ) SI_UNIT ( $, .RADIAN. ) );
#5209 = ORIENTED_EDGE ( 'NONE', *, *, #4623, .T. ) ;
#5210 = CARTESIAN_POINT ( 'NONE',  ( -1.499999999999993339, 0.2030000000000000138, -0.1999999999999998723 ) ) ;
#5211 = ORIENTED_EDGE ( 'NONE', *, *, #1703, .T. ) ;
#5212 = ORIENTED_EDGE ( 'NONE', *, *, #4545, .F. ) ;
#5213 = CARTESIAN_POINT ( 'NONE',  ( -1.100000000000000089, 0.8499999999999999778, -1.099999999999999867 ) ) ;
#5214 = DIRECTION ( 'NONE',  ( 0.000000000000000000, -0.000000000000000000, 1.000000000000000000 ) ) ;
#5215 = LINE ( 'NONE', #4044, #2052 ) ;
#5216 = PLANE ( 'NONE',  #2641 ) ;
#5217 = EDGE_CURVE ( 'NONE', #2333, #1758, #2909, .T. ) ;
#5218 = ORIENTED_EDGE ( 'NONE', *, *, #2151, .T. ) ;
#5219 = VERTEX_POINT ( 'NONE', #105 ) ;
#5220 = CARTESIAN_POINT ( 'NONE',  ( -1.435000000000000497, 0.2030000000000000138, -1.125000000000000000 ) ) ;
#5221 = ORIENTED_EDGE ( 'NONE', *, *, #447, .T. ) ;
#5222 = DIRECTION ( 'NONE',  ( -0.000000000000000000, -1.000000000000000000, -0.000000000000000000 ) ) ;
#5223 = PLANE ( 'NONE',  #2105 ) ;
#5224 = ORIENTED_EDGE ( 'NONE', *, *, #5193, .F. ) ;
#5225 = PLANE ( 'NONE',  #2965 ) ;
#5226 = EDGE_CURVE ( 'NONE', #4685, #672, #131, .T. ) ;
#5227 = CARTESIAN_POINT ( 'NONE',  ( -0.5647597264065384870, 0.05000000000000000278, -1.189999999999999725 ) ) ;
#5228 = EDGE_CURVE ( 'NONE', #3102, #3961, #2101, .T. ) ;
#5229 = CARTESIAN_POINT ( 'NONE',  ( -1.434999999999979847, 0.2030000000000000138, 1.125000000000000000 ) ) ;
#5230 = CARTESIAN_POINT ( 'NONE',  ( -0.8250000000000001776, 0.05000000000000000278, -1.189999999999999725 ) ) ;
#5231 = CARTESIAN_POINT ( 'NONE',  ( -1.435000000000000497, 0.2030000000000000138, -1.125000000000000000 ) ) ;
#5232 = ORIENTED_EDGE ( 'NONE', *, *, #564, .T. ) ;
#5233 = ORIENTED_EDGE ( 'NONE', *, *, #4658, .F. ) ;
#5234 = VECTOR ( 'NONE', #3186, 1000.000000000000000 ) ;
#5235 = CARTESIAN_POINT ( 'NONE',  ( -1.100000000000000089, 0.9000000000000000222, -0.9249999999999998224 ) ) ;
#5236 = DIRECTION ( 'NONE',  ( 0.000000000000000000, 0.000000000000000000, 1.000000000000000000 ) ) ;
#5237 = AXIS2_PLACEMENT_3D ( 'NONE', #793, #3345, #1249 ) ;
#5238 = CARTESIAN_POINT ( 'NONE',  ( 1.249999999999980016, 0.000000000000000000, 0.9749999999999995337 ) ) ;
#5239 = VECTOR ( 'NONE', #2751, 1000.000000000000000 ) ;
#5240 = VECTOR ( 'NONE', #233, 1000.000000000000000 ) ;
#5241 = EDGE_LOOP ( 'NONE', ( #4662, #1076, #3660, #3756 ) ) ;
#5242 = VECTOR ( 'NONE', #2705, 1000.000000000000000 ) ;
#5243 = ORIENTED_EDGE ( 'NONE', *, *, #1278, .F. ) ;
#5244 = LINE ( 'NONE', #326, #903 ) ;
#5245 = ORIENTED_EDGE ( 'NONE', *, *, #2031, .F. ) ;
#5246 = LINE ( 'NONE', #1563, #1181 ) ;
#5247 = CARTESIAN_POINT ( 'NONE',  ( -1.499999999999993339, 0.2030000000000000138, -0.4500000000000001221 ) ) ;
#5248 = AXIS2_PLACEMENT_3D ( 'NONE', #2724, #1539, #298 ) ;
#5249 = DIRECTION ( 'NONE',  ( 1.000000000000000000, -0.000000000000000000, -2.637248527667439551E-15 ) ) ;
#5250 = VERTEX_POINT ( 'NONE', #4982 ) ;
#5251 = PLANE ( 'NONE',  #2444 ) ;
#5252 = CLOSED_SHELL ( 'NONE', ( #3995, #3681, #3867, #1239, #3224, #1111, #3453, #1737, #1038, #3625 ) ) ;
#5253 = CARTESIAN_POINT ( 'NONE',  ( 1.459999999999986420, 0.2030000000000000138, 0.1999999999999994282 ) ) ;
#5254 = CARTESIAN_POINT ( 'NONE',  ( 1.499999999999999556, 0.2030000000000000138, -1.100000000000000533 ) ) ;
#5255 = CARTESIAN_POINT ( 'NONE',  ( 1.499999999999986677, 0.2030000000000000138, 0.1999999999999994282 ) ) ;
#5256 = VECTOR ( 'NONE', #3845, 1000.000000000000000 ) ;
#5257 = DIRECTION ( 'NONE',  ( -1.000000000000000000, -0.000000000000000000, 2.344220913482165641E-15 ) ) ;
#5258 = ORIENTED_EDGE ( 'NONE', *, *, #1925, .T. ) ;
#5259 = ORIENTED_EDGE ( 'NONE', *, *, #1971, .F. ) ;
#5260 = VECTOR ( 'NONE', #3337, 1000.000000000000000 ) ;
#5261 = CARTESIAN_POINT ( 'NONE',  ( 1.499999999999999556, 0.000000000000000000, -1.100000000000000533 ) ) ;
#5262 = DIRECTION ( 'NONE',  ( 0.000000000000000000, -0.000000000000000000, 1.000000000000000000 ) ) ;
#5263 = ORIENTED_EDGE ( 'NONE', *, *, #4369, .F. ) ;
#5264 = FACE_OUTER_BOUND ( 'NONE', #104, .T. ) ;
#5265 = EDGE_CURVE ( 'NONE', #2867, #1900, #583, .T. ) ;
#5266 = EDGE_LOOP ( 'NONE', ( #4459, #255, #4543, #554 ) ) ;
#5267 = AXIS2_PLACEMENT_3D ( 'NONE', #3141, #2342, #313 ) ;
#5268 = DIRECTION ( 'NONE',  ( -0.000000000000000000, -1.000000000000000000, -0.000000000000000000 ) ) ;
#5269 = CARTESIAN_POINT ( 'NONE',  ( -1.500000000000000000, 0.04999999999999999584, -0.8499999999999998668 ) ) ;
#5270 = VECTOR ( 'NONE', #4449, 1000.000000000000000 ) ;
#5271 =( NAMED_UNIT ( * ) PLANE_ANGLE_UNIT ( ) SI_UNIT ( $, .RADIAN. ) );
#5272 = DIRECTION ( 'NONE',  ( -2.930276141852710700E-15, 0.000000000000000000, -1.000000000000000000 ) ) ;
#5273 = VERTEX_POINT ( 'NONE', #1377 ) ;
#5274 = AXIS2_PLACEMENT_3D ( 'NONE', #4560, #2995, #962 ) ;
#5275 = ORIENTED_EDGE ( 'NONE', *, *, #4806, .T. ) ;
#5276 = CARTESIAN_POINT ( 'NONE',  ( -1.434999999999993614, 0.2030000000000000138, -0.1750000000000000167 ) ) ;
#5277 = ORIENTED_EDGE ( 'NONE', *, *, #1964, .F. ) ;
#5278 = LINE ( 'NONE', #1620, #4687 ) ;
#5279 = DIRECTION ( 'NONE',  ( 0.000000000000000000, 1.000000000000000000, 0.000000000000000000 ) ) ;
#5280 = CARTESIAN_POINT ( 'NONE',  ( 1.435000000000000053, 0.2030000000000000138, -1.125000000000000444 ) ) ;
ENDSEC;
END-ISO-10303-21;
