ISO-10303-21;
HEADER;
FILE_DESCRIPTION((''),'2;1');
FILE_NAME('YF0023AA_20230309_ASM','2023-03-28T15:07:34',('Q'),(''),
'CREO PARAMETRIC BY PTC INC, 2019010','CREO PARAMETRIC BY PTC INC, 2019010','');
FILE_SCHEMA(('AUTOMOTIVE_DESIGN { 1 0 10303 214 1 1 1 1 }'));
ENDSEC;
DATA;
#320=DIRECTION('',(0.E0,-1.E0,0.E0));
#321=VECTOR('',#320,1.17E1);
#322=CARTESIAN_POINT('',(0.E0,5.85E0,-1.145E1));
#323=LINE('',#322,#321);
#324=DIRECTION('',(0.E0,0.E0,1.E0));
#325=VECTOR('',#324,2.29E1);
#326=CARTESIAN_POINT('',(0.E0,-5.85E0,-1.145E1));
#327=LINE('',#326,#325);
#328=DIRECTION('',(0.E0,1.E0,0.E0));
#329=VECTOR('',#328,1.17E1);
#330=CARTESIAN_POINT('',(0.E0,-5.85E0,1.145E1));
#331=LINE('',#330,#329);
#332=DIRECTION('',(0.E0,0.E0,-1.E0));
#333=VECTOR('',#332,2.29E1);
#334=CARTESIAN_POINT('',(0.E0,5.85E0,1.145E1));
#335=LINE('',#334,#333);
#336=DIRECTION('',(0.E0,-1.E0,0.E0));
#337=VECTOR('',#336,1.17E1);
#338=CARTESIAN_POINT('',(-1.E-1,5.85E0,-1.145E1));
#339=LINE('',#338,#337);
#340=DIRECTION('',(1.E0,0.E0,0.E0));
#341=VECTOR('',#340,1.E-1);
#342=CARTESIAN_POINT('',(-1.E-1,-5.85E0,-1.145E1));
#343=LINE('',#342,#341);
#344=DIRECTION('',(0.E0,0.E0,-1.E0));
#345=VECTOR('',#344,2.29E1);
#346=CARTESIAN_POINT('',(-1.E-1,5.85E0,1.145E1));
#347=LINE('',#346,#345);
#348=DIRECTION('',(1.E0,0.E0,0.E0));
#349=VECTOR('',#348,1.E-1);
#350=CARTESIAN_POINT('',(-1.E-1,5.85E0,-1.145E1));
#351=LINE('',#350,#349);
#352=DIRECTION('',(0.E0,1.E0,0.E0));
#353=VECTOR('',#352,1.17E1);
#354=CARTESIAN_POINT('',(-1.E-1,-5.85E0,1.145E1));
#355=LINE('',#354,#353);
#356=DIRECTION('',(1.E0,0.E0,0.E0));
#357=VECTOR('',#356,1.E-1);
#358=CARTESIAN_POINT('',(-1.E-1,5.85E0,1.145E1));
#359=LINE('',#358,#357);
#360=DIRECTION('',(0.E0,0.E0,1.E0));
#361=VECTOR('',#360,2.29E1);
#362=CARTESIAN_POINT('',(-1.E-1,-5.85E0,-1.145E1));
#363=LINE('',#362,#361);
#364=DIRECTION('',(1.E0,0.E0,0.E0));
#365=VECTOR('',#364,1.E-1);
#366=CARTESIAN_POINT('',(-1.E-1,-5.85E0,1.145E1));
#367=LINE('',#366,#365);
#368=DIRECTION('',(0.E0,0.E0,-1.E0));
#369=VECTOR('',#368,3.E0);
#370=CARTESIAN_POINT('',(0.E0,-1.03E0,-5.5E0));
#371=LINE('',#370,#369);
#372=DIRECTION('',(-1.E0,0.E0,0.E0));
#373=VECTOR('',#372,2.E0);
#374=CARTESIAN_POINT('',(2.E0,-1.03E0,-5.5E0));
#375=LINE('',#374,#373);
#376=DIRECTION('',(0.E0,-1.E0,0.E0));
#377=VECTOR('',#376,2.24E0);
#378=CARTESIAN_POINT('',(0.E0,-1.03E0,-8.5E0));
#379=LINE('',#378,#377);
#380=DIRECTION('',(-1.E0,0.E0,0.E0));
#381=VECTOR('',#380,2.E0);
#382=CARTESIAN_POINT('',(2.E0,-1.03E0,-8.5E0));
#383=LINE('',#382,#381);
#384=DIRECTION('',(0.E0,0.E0,1.E0));
#385=VECTOR('',#384,3.E0);
#386=CARTESIAN_POINT('',(0.E0,-3.27E0,-8.5E0));
#387=LINE('',#386,#385);
#388=DIRECTION('',(-1.E0,0.E0,0.E0));
#389=VECTOR('',#388,2.E0);
#390=CARTESIAN_POINT('',(2.E0,-3.27E0,-8.5E0));
#391=LINE('',#390,#389);
#392=DIRECTION('',(0.E0,1.E0,0.E0));
#393=VECTOR('',#392,2.24E0);
#394=CARTESIAN_POINT('',(0.E0,-3.27E0,-5.5E0));
#395=LINE('',#394,#393);
#396=DIRECTION('',(-1.E0,0.E0,0.E0));
#397=VECTOR('',#396,2.E0);
#398=CARTESIAN_POINT('',(2.E0,-3.27E0,-5.5E0));
#399=LINE('',#398,#397);
#400=DIRECTION('',(0.E0,0.E0,-1.E0));
#401=VECTOR('',#400,3.E0);
#402=CARTESIAN_POINT('',(2.E0,-1.03E0,-5.5E0));
#403=LINE('',#402,#401);
#404=DIRECTION('',(0.E0,-1.E0,0.E0));
#405=VECTOR('',#404,2.24E0);
#406=CARTESIAN_POINT('',(2.E0,-1.03E0,-8.5E0));
#407=LINE('',#406,#405);
#408=DIRECTION('',(0.E0,0.E0,1.E0));
#409=VECTOR('',#408,3.E0);
#410=CARTESIAN_POINT('',(2.E0,-3.27E0,-8.5E0));
#411=LINE('',#410,#409);
#412=DIRECTION('',(0.E0,1.E0,0.E0));
#413=VECTOR('',#412,2.24E0);
#414=CARTESIAN_POINT('',(2.E0,-3.27E0,-5.5E0));
#415=LINE('',#414,#413);
#416=DIRECTION('',(-1.E0,0.E0,0.E0));
#417=VECTOR('',#416,1.5E0);
#418=CARTESIAN_POINT('',(1.5E0,-1.4E0,-5.E0));
#419=LINE('',#418,#417);
#420=DIRECTION('',(0.E0,-1.E0,0.E0));
#421=VECTOR('',#420,1.5E0);
#422=CARTESIAN_POINT('',(0.E0,-1.4E0,-5.E0));
#423=LINE('',#422,#421);
#424=DIRECTION('',(0.E0,-1.E0,0.E0));
#425=VECTOR('',#424,1.5E0);
#426=CARTESIAN_POINT('',(1.5E0,-1.4E0,-5.E0));
#427=LINE('',#426,#425);
#428=DIRECTION('',(0.E0,0.E0,1.E0));
#429=VECTOR('',#428,1.5E0);
#430=CARTESIAN_POINT('',(1.5E0,-2.9E0,-5.E0));
#431=LINE('',#430,#429);
#432=DIRECTION('',(0.E0,1.E0,0.E0));
#433=VECTOR('',#432,1.5E0);
#434=CARTESIAN_POINT('',(1.5E0,-2.9E0,-3.5E0));
#435=LINE('',#434,#433);
#436=DIRECTION('',(0.E0,0.E0,-1.E0));
#437=VECTOR('',#436,1.5E0);
#438=CARTESIAN_POINT('',(1.5E0,-1.4E0,-3.5E0));
#439=LINE('',#438,#437);
#440=DIRECTION('',(-1.E0,0.E0,0.E0));
#441=VECTOR('',#440,1.5E0);
#442=CARTESIAN_POINT('',(1.5E0,-2.9E0,-5.E0));
#443=LINE('',#442,#441);
#444=DIRECTION('',(0.E0,0.E0,1.E0));
#445=VECTOR('',#444,1.5E0);
#446=CARTESIAN_POINT('',(0.E0,-2.9E0,-5.E0));
#447=LINE('',#446,#445);
#448=DIRECTION('',(-1.E0,0.E0,0.E0));
#449=VECTOR('',#448,1.5E0);
#450=CARTESIAN_POINT('',(1.5E0,-2.9E0,-3.5E0));
#451=LINE('',#450,#449);
#452=DIRECTION('',(0.E0,1.E0,0.E0));
#453=VECTOR('',#452,1.5E0);
#454=CARTESIAN_POINT('',(0.E0,-2.9E0,-3.5E0));
#455=LINE('',#454,#453);
#456=DIRECTION('',(-1.E0,0.E0,0.E0));
#457=VECTOR('',#456,1.5E0);
#458=CARTESIAN_POINT('',(1.5E0,-1.4E0,-3.5E0));
#459=LINE('',#458,#457);
#460=DIRECTION('',(0.E0,0.E0,-1.E0));
#461=VECTOR('',#460,1.5E0);
#462=CARTESIAN_POINT('',(0.E0,-1.4E0,-3.5E0));
#463=LINE('',#462,#461);
#464=CARTESIAN_POINT('',(0.E0,5.85E0,-1.145E1));
#465=CARTESIAN_POINT('',(0.E0,-5.85E0,-1.145E1));
#466=VERTEX_POINT('',#464);
#467=VERTEX_POINT('',#465);
#468=CARTESIAN_POINT('',(0.E0,-5.85E0,1.145E1));
#469=VERTEX_POINT('',#468);
#470=CARTESIAN_POINT('',(0.E0,5.85E0,1.145E1));
#471=VERTEX_POINT('',#470);
#472=CARTESIAN_POINT('',(0.E0,-1.03E0,-5.5E0));
#473=CARTESIAN_POINT('',(0.E0,-1.03E0,-8.5E0));
#474=VERTEX_POINT('',#472);
#475=VERTEX_POINT('',#473);
#476=CARTESIAN_POINT('',(0.E0,-3.27E0,-5.5E0));
#477=VERTEX_POINT('',#476);
#478=CARTESIAN_POINT('',(0.E0,-3.27E0,-8.5E0));
#479=VERTEX_POINT('',#478);
#480=CARTESIAN_POINT('',(0.E0,-1.4E0,-5.E0));
#481=CARTESIAN_POINT('',(0.E0,-2.9E0,-5.E0));
#482=VERTEX_POINT('',#480);
#483=VERTEX_POINT('',#481);
#484=CARTESIAN_POINT('',(0.E0,-1.4E0,-3.5E0));
#485=VERTEX_POINT('',#484);
#486=CARTESIAN_POINT('',(0.E0,-2.9E0,-3.5E0));
#487=VERTEX_POINT('',#486);
#488=CARTESIAN_POINT('',(-1.E-1,5.85E0,-1.145E1));
#489=VERTEX_POINT('',#488);
#490=CARTESIAN_POINT('',(-1.E-1,-5.85E0,-1.145E1));
#491=VERTEX_POINT('',#490);
#492=CARTESIAN_POINT('',(-1.E-1,5.85E0,1.145E1));
#493=VERTEX_POINT('',#492);
#494=CARTESIAN_POINT('',(-1.E-1,-5.85E0,1.145E1));
#495=VERTEX_POINT('',#494);
#496=CARTESIAN_POINT('',(2.E0,-1.03E0,-8.5E0));
#497=VERTEX_POINT('',#496);
#498=CARTESIAN_POINT('',(2.E0,-1.03E0,-5.5E0));
#499=VERTEX_POINT('',#498);
#500=CARTESIAN_POINT('',(2.E0,-3.27E0,-8.5E0));
#501=VERTEX_POINT('',#500);
#502=CARTESIAN_POINT('',(2.E0,-3.27E0,-5.5E0));
#503=VERTEX_POINT('',#502);
#504=CARTESIAN_POINT('',(1.5E0,-1.4E0,-5.E0));
#505=CARTESIAN_POINT('',(1.5E0,-2.9E0,-5.E0));
#506=VERTEX_POINT('',#504);
#507=VERTEX_POINT('',#505);
#508=CARTESIAN_POINT('',(1.5E0,-2.9E0,-3.5E0));
#509=VERTEX_POINT('',#508);
#510=CARTESIAN_POINT('',(1.5E0,-1.4E0,-3.5E0));
#511=VERTEX_POINT('',#510);
#512=CARTESIAN_POINT('',(0.E0,0.E0,0.E0));
#513=DIRECTION('',(1.E0,0.E0,0.E0));
#514=DIRECTION('',(0.E0,-1.E0,0.E0));
#515=AXIS2_PLACEMENT_3D('',#512,#513,#514);
#516=PLANE('',#515);
#518=ORIENTED_EDGE('',*,*,#517,.T.);
#520=ORIENTED_EDGE('',*,*,#519,.T.);
#522=ORIENTED_EDGE('',*,*,#521,.T.);
#524=ORIENTED_EDGE('',*,*,#523,.T.);
#525=EDGE_LOOP('',(#518,#520,#522,#524));
#526=FACE_OUTER_BOUND('',#525,.F.);
#528=ORIENTED_EDGE('',*,*,#527,.F.);
#530=ORIENTED_EDGE('',*,*,#529,.F.);
#532=ORIENTED_EDGE('',*,*,#531,.F.);
#534=ORIENTED_EDGE('',*,*,#533,.F.);
#535=EDGE_LOOP('',(#528,#530,#532,#534));
#536=FACE_BOUND('',#535,.F.);
#538=ORIENTED_EDGE('',*,*,#537,.F.);
#540=ORIENTED_EDGE('',*,*,#539,.F.);
#542=ORIENTED_EDGE('',*,*,#541,.F.);
#544=ORIENTED_EDGE('',*,*,#543,.F.);
#545=EDGE_LOOP('',(#538,#540,#542,#544));
#546=FACE_BOUND('',#545,.F.);
#548=FILL_AREA_STYLE_COLOUR('',#1);
#549=FILL_AREA_STYLE('',(#548));
#550=SURFACE_STYLE_FILL_AREA(#549);
#551=SURFACE_SIDE_STYLE('',(#550));
#552=SURFACE_STYLE_USAGE(.POSITIVE.,#551);
#553=PRESENTATION_STYLE_ASSIGNMENT((#552));
#554=STYLED_ITEM('',(#553),#547);
#555=CARTESIAN_POINT('',(0.E0,-5.85E0,-1.145E1));
#556=DIRECTION('',(0.E0,0.E0,-1.E0));
#557=DIRECTION('',(0.E0,1.E0,0.E0));
#558=AXIS2_PLACEMENT_3D('',#555,#556,#557);
#559=PLANE('',#558);
#560=ORIENTED_EDGE('',*,*,#517,.F.);
#562=ORIENTED_EDGE('',*,*,#561,.F.);
#564=ORIENTED_EDGE('',*,*,#563,.T.);
#566=ORIENTED_EDGE('',*,*,#565,.T.);
#567=EDGE_LOOP('',(#560,#562,#564,#566));
#568=FACE_OUTER_BOUND('',#567,.F.);
#570=CARTESIAN_POINT('',(0.E0,5.85E0,-1.145E1));
#571=DIRECTION('',(0.E0,1.E0,0.E0));
#572=DIRECTION('',(0.E0,0.E0,1.E0));
#573=AXIS2_PLACEMENT_3D('',#570,#571,#572);
#574=PLANE('',#573);
#575=ORIENTED_EDGE('',*,*,#523,.F.);
#577=ORIENTED_EDGE('',*,*,#576,.F.);
#579=ORIENTED_EDGE('',*,*,#578,.T.);
#580=ORIENTED_EDGE('',*,*,#561,.T.);
#581=EDGE_LOOP('',(#575,#577,#579,#580));
#582=FACE_OUTER_BOUND('',#581,.F.);
#584=CARTESIAN_POINT('',(0.E0,5.85E0,1.145E1));
#585=DIRECTION('',(0.E0,0.E0,1.E0));
#586=DIRECTION('',(0.E0,-1.E0,0.E0));
#587=AXIS2_PLACEMENT_3D('',#584,#585,#586);
#588=PLANE('',#587);
#589=ORIENTED_EDGE('',*,*,#521,.F.);
#591=ORIENTED_EDGE('',*,*,#590,.F.);
#593=ORIENTED_EDGE('',*,*,#592,.T.);
#594=ORIENTED_EDGE('',*,*,#576,.T.);
#595=EDGE_LOOP('',(#589,#591,#593,#594));
#596=FACE_OUTER_BOUND('',#595,.F.);
#598=CARTESIAN_POINT('',(0.E0,-5.85E0,1.145E1));
#599=DIRECTION('',(0.E0,-1.E0,0.E0));
#600=DIRECTION('',(0.E0,0.E0,-1.E0));
#601=AXIS2_PLACEMENT_3D('',#598,#599,#600);
#602=PLANE('',#601);
#603=ORIENTED_EDGE('',*,*,#519,.F.);
#604=ORIENTED_EDGE('',*,*,#565,.F.);
#606=ORIENTED_EDGE('',*,*,#605,.T.);
#607=ORIENTED_EDGE('',*,*,#590,.T.);
#608=EDGE_LOOP('',(#603,#604,#606,#607));
#609=FACE_OUTER_BOUND('',#608,.F.);
#611=CARTESIAN_POINT('',(-1.E-1,0.E0,0.E0));
#612=DIRECTION('',(1.E0,0.E0,0.E0));
#613=DIRECTION('',(0.E0,-1.E0,0.E0));
#614=AXIS2_PLACEMENT_3D('',#611,#612,#613);
#615=PLANE('',#614);
#616=ORIENTED_EDGE('',*,*,#563,.F.);
#617=ORIENTED_EDGE('',*,*,#578,.F.);
#618=ORIENTED_EDGE('',*,*,#592,.F.);
#619=ORIENTED_EDGE('',*,*,#605,.F.);
#620=EDGE_LOOP('',(#616,#617,#618,#619));
#621=FACE_OUTER_BOUND('',#620,.F.);
#623=CARTESIAN_POINT('',(0.E0,-1.03E0,-8.5E0));
#624=DIRECTION('',(0.E0,1.E0,0.E0));
#625=DIRECTION('',(0.E0,0.E0,1.E0));
#626=AXIS2_PLACEMENT_3D('',#623,#624,#625);
#627=PLANE('',#626);
#628=ORIENTED_EDGE('',*,*,#527,.T.);
#630=ORIENTED_EDGE('',*,*,#629,.F.);
#632=ORIENTED_EDGE('',*,*,#631,.F.);
#634=ORIENTED_EDGE('',*,*,#633,.T.);
#635=EDGE_LOOP('',(#628,#630,#632,#634));
#636=FACE_OUTER_BOUND('',#635,.F.);
#638=CARTESIAN_POINT('',(0.E0,-3.27E0,-8.5E0));
#639=DIRECTION('',(0.E0,0.E0,-1.E0));
#640=DIRECTION('',(0.E0,1.E0,0.E0));
#641=AXIS2_PLACEMENT_3D('',#638,#639,#640);
#642=PLANE('',#641);
#643=ORIENTED_EDGE('',*,*,#533,.T.);
#645=ORIENTED_EDGE('',*,*,#644,.F.);
#647=ORIENTED_EDGE('',*,*,#646,.F.);
#648=ORIENTED_EDGE('',*,*,#629,.T.);
#649=EDGE_LOOP('',(#643,#645,#647,#648));
#650=FACE_OUTER_BOUND('',#649,.F.);
#652=CARTESIAN_POINT('',(0.E0,-3.27E0,-5.5E0));
#653=DIRECTION('',(0.E0,-1.E0,0.E0));
#654=DIRECTION('',(0.E0,0.E0,-1.E0));
#655=AXIS2_PLACEMENT_3D('',#652,#653,#654);
#656=PLANE('',#655);
#657=ORIENTED_EDGE('',*,*,#531,.T.);
#659=ORIENTED_EDGE('',*,*,#658,.F.);
#661=ORIENTED_EDGE('',*,*,#660,.F.);
#662=ORIENTED_EDGE('',*,*,#644,.T.);
#663=EDGE_LOOP('',(#657,#659,#661,#662));
#664=FACE_OUTER_BOUND('',#663,.F.);
#666=CARTESIAN_POINT('',(0.E0,-1.03E0,-5.5E0));
#667=DIRECTION('',(0.E0,0.E0,1.E0));
#668=DIRECTION('',(0.E0,-1.E0,0.E0));
#669=AXIS2_PLACEMENT_3D('',#666,#667,#668);
#670=PLANE('',#669);
#671=ORIENTED_EDGE('',*,*,#529,.T.);
#672=ORIENTED_EDGE('',*,*,#633,.F.);
#674=ORIENTED_EDGE('',*,*,#673,.F.);
#675=ORIENTED_EDGE('',*,*,#658,.T.);
#676=EDGE_LOOP('',(#671,#672,#674,#675));
#677=FACE_OUTER_BOUND('',#676,.F.);
#679=CARTESIAN_POINT('',(2.E0,0.E0,0.E0));
#680=DIRECTION('',(1.E0,0.E0,0.E0));
#681=DIRECTION('',(0.E0,-1.E0,0.E0));
#682=AXIS2_PLACEMENT_3D('',#679,#680,#681);
#683=PLANE('',#682);
#684=ORIENTED_EDGE('',*,*,#631,.T.);
#685=ORIENTED_EDGE('',*,*,#646,.T.);
#686=ORIENTED_EDGE('',*,*,#660,.T.);
#687=ORIENTED_EDGE('',*,*,#673,.T.);
#688=EDGE_LOOP('',(#684,#685,#686,#687));
#689=FACE_OUTER_BOUND('',#688,.F.);
#691=CARTESIAN_POINT('',(0.E0,-2.9E0,-5.E0));
#692=DIRECTION('',(0.E0,0.E0,-1.E0));
#693=DIRECTION('',(0.E0,1.E0,0.E0));
#694=AXIS2_PLACEMENT_3D('',#691,#692,#693);
#695=PLANE('',#694);
#697=ORIENTED_EDGE('',*,*,#696,.F.);
#699=ORIENTED_EDGE('',*,*,#698,.T.);
#700=ORIENTED_EDGE('',*,*,#537,.T.);
#702=ORIENTED_EDGE('',*,*,#701,.F.);
#703=EDGE_LOOP('',(#697,#699,#700,#702));
#704=FACE_OUTER_BOUND('',#703,.F.);
#706=CARTESIAN_POINT('',(1.5E0,0.E0,0.E0));
#707=DIRECTION('',(1.E0,0.E0,0.E0));
#708=DIRECTION('',(0.E0,-1.E0,0.E0));
#709=AXIS2_PLACEMENT_3D('',#706,#707,#708);
#710=PLANE('',#709);
#711=ORIENTED_EDGE('',*,*,#696,.T.);
#713=ORIENTED_EDGE('',*,*,#712,.T.);
#715=ORIENTED_EDGE('',*,*,#714,.T.);
#717=ORIENTED_EDGE('',*,*,#716,.T.);
#718=EDGE_LOOP('',(#711,#713,#715,#717));
#719=FACE_OUTER_BOUND('',#718,.F.);
#721=CARTESIAN_POINT('',(0.E0,-2.9E0,-3.5E0));
#722=DIRECTION('',(0.E0,-1.E0,0.E0));
#723=DIRECTION('',(0.E0,0.E0,-1.E0));
#724=AXIS2_PLACEMENT_3D('',#721,#722,#723);
#725=PLANE('',#724);
#726=ORIENTED_EDGE('',*,*,#712,.F.);
#727=ORIENTED_EDGE('',*,*,#701,.T.);
#728=ORIENTED_EDGE('',*,*,#543,.T.);
#730=ORIENTED_EDGE('',*,*,#729,.F.);
#731=EDGE_LOOP('',(#726,#727,#728,#730));
#732=FACE_OUTER_BOUND('',#731,.F.);
#734=CARTESIAN_POINT('',(0.E0,-1.4E0,-3.5E0));
#735=DIRECTION('',(0.E0,0.E0,1.E0));
#736=DIRECTION('',(0.E0,-1.E0,0.E0));
#737=AXIS2_PLACEMENT_3D('',#734,#735,#736);
#738=PLANE('',#737);
#739=ORIENTED_EDGE('',*,*,#714,.F.);
#740=ORIENTED_EDGE('',*,*,#729,.T.);
#741=ORIENTED_EDGE('',*,*,#541,.T.);
#743=ORIENTED_EDGE('',*,*,#742,.F.);
#744=EDGE_LOOP('',(#739,#740,#741,#743));
#745=FACE_OUTER_BOUND('',#744,.F.);
#747=CARTESIAN_POINT('',(0.E0,-1.4E0,-5.E0));
#748=DIRECTION('',(0.E0,1.E0,0.E0));
#749=DIRECTION('',(0.E0,0.E0,1.E0));
#750=AXIS2_PLACEMENT_3D('',#747,#748,#749);
#751=PLANE('',#750);
#752=ORIENTED_EDGE('',*,*,#716,.F.);
#753=ORIENTED_EDGE('',*,*,#742,.T.);
#754=ORIENTED_EDGE('',*,*,#539,.T.);
#755=ORIENTED_EDGE('',*,*,#698,.F.);
#756=EDGE_LOOP('',(#752,#753,#754,#755));
#757=FACE_OUTER_BOUND('',#756,.F.);
#759=CLOSED_SHELL('',(#547,#569,#583,#597,#610,#622,#637,#651,#665,#678,#690,
#705,#720,#733,#746,#758));
#760=MANIFOLD_SOLID_BREP('',#759);
#763=PLANE_ANGLE_MEASURE_WITH_UNIT(PLANE_ANGLE_MEASURE(1.745329251994E-2),#762);
#764=(CONVERSION_BASED_UNIT('DEGREE',#763)NAMED_UNIT(*)PLANE_ANGLE_UNIT());
#766=UNCERTAINTY_MEASURE_WITH_UNIT(LENGTH_MEASURE(2.580032449922E-3),#761,
'distance_accuracy_value',
'Maximum model space distance between geometric entities at asserted connectivities');
#768=CARTESIAN_POINT('',(0.E0,0.E0,0.E0));
#769=DIRECTION('',(0.E0,0.E0,1.E0));
#770=DIRECTION('',(1.E0,0.E0,0.E0));
#773=APPLICATION_CONTEXT('automotive_design');
#774=APPLICATION_PROTOCOL_DEFINITION('international standard',
'automotive_design',2001,#773);
#775=PRODUCT_DEFINITION_CONTEXT('part definition',#773,'design');
#776=PRODUCT_CONTEXT('',#773,'mechanical');
#777=PRODUCT('YF0023AA_1','YF0023AA_1','NOT SPECIFIED',(#776));
#778=PRODUCT_DEFINITION_FORMATION('1','LAST_VERSION',#777);
#786=DERIVED_UNIT_ELEMENT(#785,2.E0);
#787=DERIVED_UNIT((#786));
#788=MEASURE_REPRESENTATION_ITEM('surface area measure',AREA_MEASURE(5.7274E2),
#787);
#793=DERIVED_UNIT_ELEMENT(#792,3.E0);
#794=DERIVED_UNIT((#793));
#795=MEASURE_REPRESENTATION_ITEM('volume measure',VOLUME_MEASURE(4.3608E1),
#794);
#799=CARTESIAN_POINT('centre point',(3.355255916346E-1,-8.290279306549E-1,
-2.486327050083E0));
#804=DERIVED_UNIT_ELEMENT(#803,2.E0);
#805=DERIVED_UNIT((#804));
#806=MEASURE_REPRESENTATION_ITEM('surface area measure',AREA_MEASURE(5.7274E2),
#805);
#811=DERIVED_UNIT_ELEMENT(#810,3.E0);
#812=DERIVED_UNIT((#811));
#813=MEASURE_REPRESENTATION_ITEM('volume measure',VOLUME_MEASURE(4.3608E1),
#812);
#817=CARTESIAN_POINT('centre point',(3.355255916346E-1,-8.290279306549E-1,
-2.486327050083E0));
#827=CARTESIAN_POINT('centre point',(3.355255916346E-1,-8.290279306549E-1,
-2.486327050083E0));
#831=CARTESIAN_POINT('',(0.E0,0.E0,0.E0));
#832=DIRECTION('',(0.E0,0.E0,1.E0));
#833=DIRECTION('',(1.E0,0.E0,0.E0));
#834=AXIS2_PLACEMENT_3D('',#831,#832,#833);
#835=ITEM_DEFINED_TRANSFORMATION('','',#771,#834);
#836=CARTESIAN_POINT('',(0.E0,0.E0,0.E0));
#837=DIRECTION('',(0.E0,0.E0,1.E0));
#838=DIRECTION('',(1.E0,0.E0,0.E0));
#840=(REPRESENTATION_RELATIONSHIP('','',#772,#824)REPRESENTATION_RELATIONSHIP_WITH_TRANSFORMATION(#835)SHAPE_REPRESENTATION_RELATIONSHIP());
#841=CONTEXT_DEPENDENT_SHAPE_REPRESENTATION(#840,#826);
#842=CARTESIAN_POINT('',(5.65E-1,-4.825E1,1.163974002449E0));
#843=DIRECTION('',(0.E0,-1.E0,0.E0));
#844=DIRECTION('',(1.E0,0.E0,0.E0));
#845=AXIS2_PLACEMENT_3D('',#842,#843,#844);
#847=CARTESIAN_POINT('',(5.65E-1,-4.825E1,1.163974002449E0));
#848=DIRECTION('',(0.E0,-1.E0,0.E0));
#849=DIRECTION('',(-1.E0,0.E0,0.E0));
#850=AXIS2_PLACEMENT_3D('',#847,#848,#849);
#852=CARTESIAN_POINT('',(5.65E-1,-4.825E1,1.163974002449E0));
#853=DIRECTION('',(0.E0,1.E0,0.E0));
#854=DIRECTION('',(-1.E0,0.E0,0.E0));
#855=AXIS2_PLACEMENT_3D('',#852,#853,#854);
#857=CARTESIAN_POINT('',(5.65E-1,-4.825E1,1.163974002449E0));
#858=DIRECTION('',(0.E0,1.E0,0.E0));
#859=DIRECTION('',(1.E0,0.E0,0.E0));
#860=AXIS2_PLACEMENT_3D('',#857,#858,#859);
#862=DIRECTION('',(0.E0,1.E0,0.E0));
#863=VECTOR('',#862,8.885E1);
#864=CARTESIAN_POINT('',(0.E0,-1.371E2,1.163974002449E0));
#865=LINE('',#864,#863);
#866=CARTESIAN_POINT('',(5.65E-1,-1.371E2,1.163974002449E0));
#867=DIRECTION('',(0.E0,1.E0,0.E0));
#868=DIRECTION('',(-1.E0,0.E0,0.E0));
#869=AXIS2_PLACEMENT_3D('',#866,#867,#868);
#871=CARTESIAN_POINT('',(5.65E-1,-1.371E2,1.163974002449E0));
#872=DIRECTION('',(0.E0,1.E0,0.E0));
#873=DIRECTION('',(1.E0,0.E0,0.E0));
#874=AXIS2_PLACEMENT_3D('',#871,#872,#873);
#876=DIRECTION('',(0.E0,1.E0,0.E0));
#877=VECTOR('',#876,8.885E1);
#878=CARTESIAN_POINT('',(1.13E0,-1.371E2,1.163974002449E0));
#879=LINE('',#878,#877);
#880=DIRECTION('',(0.E0,-1.E0,0.E0));
#881=VECTOR('',#880,3.E0);
#882=CARTESIAN_POINT('',(1.025E0,-4.525E1,1.163974002449E0));
#883=LINE('',#882,#881);
#884=DIRECTION('',(0.E0,-1.E0,0.E0));
#885=VECTOR('',#884,3.E0);
#886=CARTESIAN_POINT('',(1.05E-1,-4.525E1,1.163974002449E0));
#887=LINE('',#886,#885);
#888=CARTESIAN_POINT('',(5.65E-1,-4.525E1,1.163974002449E0));
#889=DIRECTION('',(0.E0,-1.E0,0.E0));
#890=DIRECTION('',(1.E0,0.E0,0.E0));
#891=AXIS2_PLACEMENT_3D('',#888,#889,#890);
#893=CARTESIAN_POINT('',(5.65E-1,-4.525E1,1.163974002449E0));
#894=DIRECTION('',(0.E0,-1.E0,0.E0));
#895=DIRECTION('',(-1.E0,0.E0,0.E0));
#896=AXIS2_PLACEMENT_3D('',#893,#894,#895);
#898=CARTESIAN_POINT('',(5.65E-1,-4.525E1,1.163974002449E0));
#899=DIRECTION('',(0.E0,1.E0,0.E0));
#900=DIRECTION('',(-1.E0,0.E0,0.E0));
#901=AXIS2_PLACEMENT_3D('',#898,#899,#900);
#903=CARTESIAN_POINT('',(5.65E-1,-4.525E1,1.163974002449E0));
#904=DIRECTION('',(0.E0,1.E0,0.E0));
#905=DIRECTION('',(1.E0,0.E0,0.E0));
#906=AXIS2_PLACEMENT_3D('',#903,#904,#905);
#908=DIRECTION('',(0.E0,-1.E0,0.E0));
#909=VECTOR('',#908,5.E-1);
#910=CARTESIAN_POINT('',(9.15E-1,-4.475E1,1.163974002449E0));
#911=LINE('',#910,#909);
#912=DIRECTION('',(0.E0,-1.E0,0.E0));
#913=VECTOR('',#912,5.E-1);
#914=CARTESIAN_POINT('',(2.15E-1,-4.475E1,1.163974002449E0));
#915=LINE('',#914,#913);
#916=CARTESIAN_POINT('',(5.65E-1,-4.475E1,1.163974002449E0));
#917=DIRECTION('',(0.E0,-1.E0,0.E0));
#918=DIRECTION('',(1.E0,0.E0,0.E0));
#919=AXIS2_PLACEMENT_3D('',#916,#917,#918);
#921=CARTESIAN_POINT('',(5.65E-1,-4.475E1,1.163974002449E0));
#922=DIRECTION('',(0.E0,-1.E0,0.E0));
#923=DIRECTION('',(-1.E0,0.E0,0.E0));
#924=AXIS2_PLACEMENT_3D('',#921,#922,#923);
#926=CARTESIAN_POINT('',(5.65E-1,-4.475E1,1.163974002449E0));
#927=DIRECTION('',(0.E0,1.E0,0.E0));
#928=DIRECTION('',(-1.E0,0.E0,0.E0));
#929=AXIS2_PLACEMENT_3D('',#926,#927,#928);
#931=CARTESIAN_POINT('',(5.65E-1,-4.475E1,1.163974002449E0));
#932=DIRECTION('',(0.E0,1.E0,0.E0));
#933=DIRECTION('',(1.E0,0.E0,0.E0));
#934=AXIS2_PLACEMENT_3D('',#931,#932,#933);
#936=DIRECTION('',(0.E0,-1.E0,0.E0));
#937=VECTOR('',#936,1.E0);
#938=CARTESIAN_POINT('',(6.85E-1,-4.375E1,1.163974002449E0));
#939=LINE('',#938,#937);
#940=DIRECTION('',(0.E0,-1.E0,0.E0));
#941=VECTOR('',#940,1.E0);
#942=CARTESIAN_POINT('',(4.45E-1,-4.375E1,1.163974002449E0));
#943=LINE('',#942,#941);
#944=CARTESIAN_POINT('',(5.65E-1,-4.375E1,1.163974002449E0));
#945=DIRECTION('',(0.E0,-1.E0,0.E0));
#946=DIRECTION('',(1.E0,0.E0,0.E0));
#947=AXIS2_PLACEMENT_3D('',#944,#945,#946);
#949=CARTESIAN_POINT('',(5.65E-1,-4.375E1,1.163974002449E0));
#950=DIRECTION('',(0.E0,-1.E0,0.E0));
#951=DIRECTION('',(-1.E0,0.E0,0.E0));
#952=AXIS2_PLACEMENT_3D('',#949,#950,#951);
#954=CARTESIAN_POINT('',(1.13E0,-4.825E1,1.163974002449E0));
#955=CARTESIAN_POINT('',(0.E0,-4.825E1,1.163974002449E0));
#956=VERTEX_POINT('',#954);
#957=VERTEX_POINT('',#955);
#958=CARTESIAN_POINT('',(1.05E-1,-4.825E1,1.163974002449E0));
#959=CARTESIAN_POINT('',(1.025E0,-4.825E1,1.163974002449E0));
#960=VERTEX_POINT('',#958);
#961=VERTEX_POINT('',#959);
#962=CARTESIAN_POINT('',(0.E0,-1.371E2,1.163974002449E0));
#963=CARTESIAN_POINT('',(1.13E0,-1.371E2,1.163974002449E0));
#964=VERTEX_POINT('',#962);
#965=VERTEX_POINT('',#963);
#966=CARTESIAN_POINT('',(1.05E-1,-4.525E1,1.163974002449E0));
#967=VERTEX_POINT('',#966);
#968=CARTESIAN_POINT('',(1.025E0,-4.525E1,1.163974002449E0));
#969=VERTEX_POINT('',#968);
#970=CARTESIAN_POINT('',(2.15E-1,-4.525E1,1.163974002449E0));
#971=CARTESIAN_POINT('',(9.15E-1,-4.525E1,1.163974002449E0));
#972=VERTEX_POINT('',#970);
#973=VERTEX_POINT('',#971);
#974=CARTESIAN_POINT('',(2.15E-1,-4.475E1,1.163974002449E0));
#975=VERTEX_POINT('',#974);
#976=CARTESIAN_POINT('',(9.15E-1,-4.475E1,1.163974002449E0));
#977=VERTEX_POINT('',#976);
#978=CARTESIAN_POINT('',(4.45E-1,-4.475E1,1.163974002449E0));
#979=CARTESIAN_POINT('',(6.85E-1,-4.475E1,1.163974002449E0));
#980=VERTEX_POINT('',#978);
#981=VERTEX_POINT('',#979);
#982=CARTESIAN_POINT('',(4.45E-1,-4.375E1,1.163974002449E0));
#983=VERTEX_POINT('',#982);
#984=CARTESIAN_POINT('',(6.85E-1,-4.375E1,1.163974002449E0));
#985=VERTEX_POINT('',#984);
#986=CARTESIAN_POINT('',(2.E0,-4.825E1,0.E0));
#987=DIRECTION('',(0.E0,-1.E0,0.E0));
#988=DIRECTION('',(1.E0,0.E0,0.E0));
#989=AXIS2_PLACEMENT_3D('',#986,#987,#988);
#990=PLANE('',#989);
#992=ORIENTED_EDGE('',*,*,#991,.T.);
#994=ORIENTED_EDGE('',*,*,#993,.T.);
#995=EDGE_LOOP('',(#992,#994));
#996=FACE_OUTER_BOUND('',#995,.F.);
#998=ORIENTED_EDGE('',*,*,#997,.T.);
#1000=ORIENTED_EDGE('',*,*,#999,.T.);
#1001=EDGE_LOOP('',(#998,#1000));
#1002=FACE_BOUND('',#1001,.F.);
#1004=CARTESIAN_POINT('',(5.65E-1,-4.825E1,1.163974002449E0));
#1005=DIRECTION('',(0.E0,-1.E0,0.E0));
#1006=DIRECTION('',(1.E0,0.E0,0.E0));
#1007=AXIS2_PLACEMENT_3D('',#1004,#1005,#1006);
#1008=CYLINDRICAL_SURFACE('',#1007,5.65E-1);
#1010=ORIENTED_EDGE('',*,*,#1009,.F.);
#1012=ORIENTED_EDGE('',*,*,#1011,.T.);
#1013=ORIENTED_EDGE('',*,*,#991,.F.);
#1015=ORIENTED_EDGE('',*,*,#1014,.F.);
#1016=EDGE_LOOP('',(#1010,#1012,#1013,#1015));
#1017=FACE_OUTER_BOUND('',#1016,.F.);
#1019=FILL_AREA_STYLE_COLOUR('',#1);
#1020=FILL_AREA_STYLE('',(#1019));
#1021=SURFACE_STYLE_FILL_AREA(#1020);
#1022=SURFACE_SIDE_STYLE('',(#1021));
#1023=SURFACE_STYLE_USAGE(.BOTH.,#1022);
#1024=PRESENTATION_STYLE_ASSIGNMENT((#1023));
#1025=STYLED_ITEM('',(#1024),#1018);
#1026=CARTESIAN_POINT('',(0.E0,-1.371E2,0.E0));
#1027=DIRECTION('',(0.E0,-1.E0,0.E0));
#1028=DIRECTION('',(1.E0,0.E0,0.E0));
#1029=AXIS2_PLACEMENT_3D('',#1026,#1027,#1028);
#1030=PLANE('',#1029);
#1031=ORIENTED_EDGE('',*,*,#1009,.T.);
#1033=ORIENTED_EDGE('',*,*,#1032,.T.);
#1034=EDGE_LOOP('',(#1031,#1033));
#1035=FACE_OUTER_BOUND('',#1034,.F.);
#1037=CARTESIAN_POINT('',(5.65E-1,-4.825E1,1.163974002449E0));
#1038=DIRECTION('',(0.E0,-1.E0,0.E0));
#1039=DIRECTION('',(1.E0,0.E0,0.E0));
#1040=AXIS2_PLACEMENT_3D('',#1037,#1038,#1039);
#1041=CYLINDRICAL_SURFACE('',#1040,5.65E-1);
#1042=ORIENTED_EDGE('',*,*,#1032,.F.);
#1043=ORIENTED_EDGE('',*,*,#1014,.T.);
#1044=ORIENTED_EDGE('',*,*,#993,.F.);
#1045=ORIENTED_EDGE('',*,*,#1011,.F.);
#1046=EDGE_LOOP('',(#1042,#1043,#1044,#1045));
#1047=FACE_OUTER_BOUND('',#1046,.F.);
#1049=FILL_AREA_STYLE_COLOUR('',#1);
#1050=FILL_AREA_STYLE('',(#1049));
#1051=SURFACE_STYLE_FILL_AREA(#1050);
#1052=SURFACE_SIDE_STYLE('',(#1051));
#1053=SURFACE_STYLE_USAGE(.BOTH.,#1052);
#1054=PRESENTATION_STYLE_ASSIGNMENT((#1053));
#1055=STYLED_ITEM('',(#1054),#1048);
#1056=CARTESIAN_POINT('',(5.65E-1,-4.825E1,1.163974002449E0));
#1057=DIRECTION('',(0.E0,1.E0,0.E0));
#1058=DIRECTION('',(-1.E0,0.E0,0.E0));
#1059=AXIS2_PLACEMENT_3D('',#1056,#1057,#1058);
#1060=CYLINDRICAL_SURFACE('',#1059,4.6E-1);
#1061=ORIENTED_EDGE('',*,*,#997,.F.);
#1063=ORIENTED_EDGE('',*,*,#1062,.F.);
#1065=ORIENTED_EDGE('',*,*,#1064,.F.);
#1067=ORIENTED_EDGE('',*,*,#1066,.T.);
#1068=EDGE_LOOP('',(#1061,#1063,#1065,#1067));
#1069=FACE_OUTER_BOUND('',#1068,.F.);
#1071=CARTESIAN_POINT('',(5.65E-1,-4.825E1,1.163974002449E0));
#1072=DIRECTION('',(0.E0,1.E0,0.E0));
#1073=DIRECTION('',(-1.E0,0.E0,0.E0));
#1074=AXIS2_PLACEMENT_3D('',#1071,#1072,#1073);
#1075=CYLINDRICAL_SURFACE('',#1074,4.6E-1);
#1076=ORIENTED_EDGE('',*,*,#999,.F.);
#1077=ORIENTED_EDGE('',*,*,#1066,.F.);
#1079=ORIENTED_EDGE('',*,*,#1078,.F.);
#1080=ORIENTED_EDGE('',*,*,#1062,.T.);
#1081=EDGE_LOOP('',(#1076,#1077,#1079,#1080));
#1082=FACE_OUTER_BOUND('',#1081,.F.);
#1084=CARTESIAN_POINT('',(0.E0,-4.525E1,0.E0));
#1085=DIRECTION('',(0.E0,1.E0,0.E0));
#1086=DIRECTION('',(-1.E0,0.E0,0.E0));
#1087=AXIS2_PLACEMENT_3D('',#1084,#1085,#1086);
#1088=PLANE('',#1087);
#1089=ORIENTED_EDGE('',*,*,#1064,.T.);
#1090=ORIENTED_EDGE('',*,*,#1078,.T.);
#1091=EDGE_LOOP('',(#1089,#1090));
#1092=FACE_OUTER_BOUND('',#1091,.F.);
#1094=ORIENTED_EDGE('',*,*,#1093,.T.);
#1096=ORIENTED_EDGE('',*,*,#1095,.T.);
#1097=EDGE_LOOP('',(#1094,#1096));
#1098=FACE_BOUND('',#1097,.F.);
#1100=CARTESIAN_POINT('',(5.65E-1,-4.525E1,1.163974002449E0));
#1101=DIRECTION('',(0.E0,1.E0,0.E0));
#1102=DIRECTION('',(-1.E0,0.E0,0.E0));
#1103=AXIS2_PLACEMENT_3D('',#1100,#1101,#1102);
#1104=CYLINDRICAL_SURFACE('',#1103,3.5E-1);
#1106=ORIENTED_EDGE('',*,*,#1105,.F.);
#1108=ORIENTED_EDGE('',*,*,#1107,.F.);
#1110=ORIENTED_EDGE('',*,*,#1109,.T.);
#1111=ORIENTED_EDGE('',*,*,#1093,.F.);
#1112=EDGE_LOOP('',(#1106,#1108,#1110,#1111));
#1113=FACE_OUTER_BOUND('',#1112,.F.);
#1115=CARTESIAN_POINT('',(5.65E-1,-4.525E1,1.163974002449E0));
#1116=DIRECTION('',(0.E0,1.E0,0.E0));
#1117=DIRECTION('',(-1.E0,0.E0,0.E0));
#1118=AXIS2_PLACEMENT_3D('',#1115,#1116,#1117);
#1119=CYLINDRICAL_SURFACE('',#1118,3.5E-1);
#1120=ORIENTED_EDGE('',*,*,#1105,.T.);
#1121=ORIENTED_EDGE('',*,*,#1095,.F.);
#1122=ORIENTED_EDGE('',*,*,#1109,.F.);
#1124=ORIENTED_EDGE('',*,*,#1123,.F.);
#1125=EDGE_LOOP('',(#1120,#1121,#1122,#1124));
#1126=FACE_OUTER_BOUND('',#1125,.F.);
#1128=CARTESIAN_POINT('',(0.E0,-4.475E1,0.E0));
#1129=DIRECTION('',(0.E0,1.E0,0.E0));
#1130=DIRECTION('',(-1.E0,0.E0,0.E0));
#1131=AXIS2_PLACEMENT_3D('',#1128,#1129,#1130);
#1132=PLANE('',#1131);
#1133=ORIENTED_EDGE('',*,*,#1107,.T.);
#1134=ORIENTED_EDGE('',*,*,#1123,.T.);
#1135=EDGE_LOOP('',(#1133,#1134));
#1136=FACE_OUTER_BOUND('',#1135,.F.);
#1138=ORIENTED_EDGE('',*,*,#1137,.T.);
#1140=ORIENTED_EDGE('',*,*,#1139,.T.);
#1141=EDGE_LOOP('',(#1138,#1140));
#1142=FACE_BOUND('',#1141,.F.);
#1144=CARTESIAN_POINT('',(5.65E-1,-4.475E1,1.163974002449E0));
#1145=DIRECTION('',(0.E0,1.E0,0.E0));
#1146=DIRECTION('',(-1.E0,0.E0,0.E0));
#1147=AXIS2_PLACEMENT_3D('',#1144,#1145,#1146);
#1148=CYLINDRICAL_SURFACE('',#1147,1.2E-1);
#1150=ORIENTED_EDGE('',*,*,#1149,.F.);
#1152=ORIENTED_EDGE('',*,*,#1151,.F.);
#1154=ORIENTED_EDGE('',*,*,#1153,.T.);
#1155=ORIENTED_EDGE('',*,*,#1137,.F.);
#1156=EDGE_LOOP('',(#1150,#1152,#1154,#1155));
#1157=FACE_OUTER_BOUND('',#1156,.F.);
#1159=CARTESIAN_POINT('',(5.65E-1,-4.475E1,1.163974002449E0));
#1160=DIRECTION('',(0.E0,1.E0,0.E0));
#1161=DIRECTION('',(-1.E0,0.E0,0.E0));
#1162=AXIS2_PLACEMENT_3D('',#1159,#1160,#1161);
#1163=CYLINDRICAL_SURFACE('',#1162,1.2E-1);
#1164=ORIENTED_EDGE('',*,*,#1149,.T.);
#1165=ORIENTED_EDGE('',*,*,#1139,.F.);
#1166=ORIENTED_EDGE('',*,*,#1153,.F.);
#1168=ORIENTED_EDGE('',*,*,#1167,.F.);
#1169=EDGE_LOOP('',(#1164,#1165,#1166,#1168));
#1170=FACE_OUTER_BOUND('',#1169,.F.);
#1172=CARTESIAN_POINT('',(0.E0,-4.375E1,3.5E-1));
#1173=DIRECTION('',(0.E0,1.E0,0.E0));
#1174=DIRECTION('',(0.E0,0.E0,1.E0));
#1175=AXIS2_PLACEMENT_3D('',#1172,#1173,#1174);
#1176=PLANE('',#1175);
#1177=ORIENTED_EDGE('',*,*,#1151,.T.);
#1178=ORIENTED_EDGE('',*,*,#1167,.T.);
#1179=EDGE_LOOP('',(#1177,#1178));
#1180=FACE_OUTER_BOUND('',#1179,.F.);
#1182=CLOSED_SHELL('',(#1003,#1018,#1036,#1048,#1070,#1083,#1099,#1114,#1127,
#1143,#1158,#1171,#1181));
#1183=MANIFOLD_SOLID_BREP('',#1182);
#1186=PLANE_ANGLE_MEASURE_WITH_UNIT(PLANE_ANGLE_MEASURE(1.745329251994E-2),
#1185);
#1187=(CONVERSION_BASED_UNIT('DEGREE',#1186)NAMED_UNIT(*)PLANE_ANGLE_UNIT());
#1189=UNCERTAINTY_MEASURE_WITH_UNIT(LENGTH_MEASURE(9.335999584196E-3),#1184,
'distance_accuracy_value',
'Maximum model space distance between geometric entities at asserted connectivities');
#1191=CARTESIAN_POINT('',(0.E0,0.E0,0.E0));
#1192=DIRECTION('',(0.E0,0.E0,1.E0));
#1193=DIRECTION('',(1.E0,0.E0,0.E0));
#1196=PRODUCT_CONTEXT('',#773,'mechanical');
#1197=PRODUCT('CABLE_2_1','CABLE_2_1','NOT SPECIFIED',(#1196));
#1198=PRODUCT_DEFINITION_FORMATION('1','LAST_VERSION',#1197);
#1206=DERIVED_UNIT_ELEMENT(#1205,2.E0);
#1207=DERIVED_UNIT((#1206));
#1208=MEASURE_REPRESENTATION_ITEM('surface area measure',AREA_MEASURE(
3.279475584187E2),#1207);
#1213=DERIVED_UNIT_ELEMENT(#1212,3.E0);
#1214=DERIVED_UNIT((#1213));
#1215=MEASURE_REPRESENTATION_ITEM('volume measure',VOLUME_MEASURE(
9.133738043375E1),#1214);
#1219=CARTESIAN_POINT('centre point',(5.649999999958E-1,-9.154783954124E1,
1.163974002566E0));
#1224=DERIVED_UNIT_ELEMENT(#1223,2.E0);
#1225=DERIVED_UNIT((#1224));
#1226=MEASURE_REPRESENTATION_ITEM('surface area measure',AREA_MEASURE(
3.279475584187E2),#1225);
#1231=DERIVED_UNIT_ELEMENT(#1230,3.E0);
#1232=DERIVED_UNIT((#1231));
#1233=MEASURE_REPRESENTATION_ITEM('volume measure',VOLUME_MEASURE(
9.133738043375E1),#1232);
#1237=CARTESIAN_POINT('centre point',(5.649999999958E-1,-9.154783954124E1,
1.163974002566E0));
#1244=CARTESIAN_POINT('centre point',(5.649999999908E-1,-2.176571046543E0,
-5.179783954124E1));
#1248=CARTESIAN_POINT('',(5.058377872903E-2,-9.893741673581E-1,3.975E1));
#1249=DIRECTION('',(-4.300867836397E-2,-9.990746987014E-1,0.E0));
#1250=DIRECTION('',(9.990746987014E-1,-4.300867836397E-2,0.E0));
#1251=AXIS2_PLACEMENT_3D('',#1248,#1249,#1250);
#1252=ITEM_DEFINED_TRANSFORMATION('','',#1194,#1251);
#1253=CARTESIAN_POINT('',(0.E0,0.E0,0.E0));
#1254=DIRECTION('',(0.E0,0.E0,1.E0));
#1255=DIRECTION('',(1.E0,0.E0,0.E0));
#1257=(REPRESENTATION_RELATIONSHIP('','',#1195,#824)REPRESENTATION_RELATIONSHIP_WITH_TRANSFORMATION(#1252)SHAPE_REPRESENTATION_RELATIONSHIP());
#1258=CONTEXT_DEPENDENT_SHAPE_REPRESENTATION(#1257,#1243);
#1260=CARTESIAN_POINT('',(-1.074101786319E0,8.899156107581E-3,2.E-1));
#1261=CARTESIAN_POINT('',(-1.072675445396E0,7.671551713118E-3,2.E-1));
#1262=CARTESIAN_POINT('',(-1.069822645746E0,5.216415117868E-3,2.E-1));
#1263=CARTESIAN_POINT('',(-1.065543111425E0,1.533905169793E-3,2.E-1));
#1264=CARTESIAN_POINT('',(-1.062689863697E0,-9.209694861269E-4,2.E-1));
#1265=CARTESIAN_POINT('',(-1.061263179409E0,-2.148368933952E-3,2.E-1));
#1267=DRAUGHTING_PRE_DEFINED_CURVE_FONT('continuous');
#1268=CURVE_STYLE('',#1267,POSITIVE_LENGTH_MEASURE(2.E-2),#232);
#1269=PRESENTATION_STYLE_ASSIGNMENT((#1268));
#1270=STYLED_ITEM('',(#1269),#1266);
#1271=CARTESIAN_POINT('',(0.E0,8.899156107289E-3,0.E0));
#1272=DIRECTION('',(0.E0,-1.E0,0.E0));
#1273=DIRECTION('',(2.923717047226E-1,0.E0,9.563047559631E-1));
#1274=AXIS2_PLACEMENT_3D('',#1271,#1272,#1273);
#1276=CURVE_STYLE('',#1267,POSITIVE_LENGTH_MEASURE(2.E-2),#232);
#1277=PRESENTATION_STYLE_ASSIGNMENT((#1276));
#1278=STYLED_ITEM('',(#1277),#1275);
#1279=CARTESIAN_POINT('',(-1.085576497240E0,-3.876923076923E-1,
2.000000000001E-1));
#1280=CARTESIAN_POINT('',(-1.085576497240E0,-3.823106625505E-1,
2.000000000001E-1));
#1281=CARTESIAN_POINT('',(-1.084022284491E0,-3.720543439854E-1,
2.000000000003E-1));
#1282=CARTESIAN_POINT('',(-1.077130984443E0,-3.575545935975E-1,
1.999999999987E-1));
#1283=CARTESIAN_POINT('',(-1.070060710575E0,-3.497479963923E-1,
2.000000000028E-1));
#1284=CARTESIAN_POINT('',(-1.065803295242E0,-3.462721893559E-1,
2.000000000028E-1));
#1286=CURVE_STYLE('',#1267,POSITIVE_LENGTH_MEASURE(2.E-2),#232);
#1287=PRESENTATION_STYLE_ASSIGNMENT((#1286));
#1288=STYLED_ITEM('',(#1287),#1285);
#1289=CARTESIAN_POINT('',(-1.205553384341E0,-1.805917159615E-1,
2.000000000001E-1));
#1290=CARTESIAN_POINT('',(-1.221366748601E0,-1.935501690370E-1,
2.000000000001E-1));
#1291=CARTESIAN_POINT('',(-1.249110325888E0,-2.221651321169E-1,2.E-1));
#1292=CARTESIAN_POINT('',(-1.280226863092E0,-2.724762735379E-1,2.E-1));
#1293=CARTESIAN_POINT('',(-1.299757672808E0,-3.294213536901E-1,2.E-1));
#1294=CARTESIAN_POINT('',(-1.303982293777E0,-3.679591334221E-1,2.E-1));
#1295=CARTESIAN_POINT('',(-1.303982293777E0,-3.876923076937E-1,2.E-1));
#1297=CURVE_STYLE('',#1267,POSITIVE_LENGTH_MEASURE(2.E-2),#232);
#1298=PRESENTATION_STYLE_ASSIGNMENT((#1297));
#1299=STYLED_ITEM('',(#1298),#1296);
#1300=DIRECTION('',(4.835469861797E-6,-9.999999999883E-1,9.752557903048E-13));
#1301=VECTOR('',#1300,1.352067733876E0);
#1302=CARTESIAN_POINT('',(-1.303982253340E0,-3.876923076924E-1,
-2.000002259814E-1));
#1303=LINE('',#1302,#1301);
#1304=CURVE_STYLE('',#1267,POSITIVE_LENGTH_MEASURE(2.E-2),#232);
#1305=PRESENTATION_STYLE_ASSIGNMENT((#1304));
#1306=STYLED_ITEM('',(#1305),#1303);
#1307=CARTESIAN_POINT('',(-3.193271167857E-1,-1.739760041553E0,
-1.280000005974E0));
#1308=CARTESIAN_POINT('',(-2.998947066209E-1,-1.739760041553E0,
-1.284847892873E0));
#1309=CARTESIAN_POINT('',(-2.588328860393E-1,-1.738359821660E0,
-1.294166986366E0));
#1310=CARTESIAN_POINT('',(-1.895514264516E-1,-1.732928964252E0,
-1.306218806509E0));
#1311=CARTESIAN_POINT('',(-1.156917278660E-1,-1.725991752487E0,
-1.314873515523E0));
#1312=CARTESIAN_POINT('',(-3.943027298512E-2,-1.720602869533E0,
-1.319386843435E0));
#1313=CARTESIAN_POINT('',(3.753641477127E-2,-1.720516217254E0,
-1.319448417731E0));
#1314=CARTESIAN_POINT('',(1.144388878846E-1,-1.725870564422E0,
-1.315001179857E0));
#1315=CARTESIAN_POINT('',(1.893876129716E-1,-1.732920766641E0,
-1.306263538141E0));
#1316=CARTESIAN_POINT('',(2.594543896502E-1,-1.738402579447E0,
-1.294046319750E0));
#1317=CARTESIAN_POINT('',(3.002015422333E-1,-1.739760041553E0,
-1.284771345017E0));
#1318=CARTESIAN_POINT('',(3.193271000407E-1,-1.739760041553E0,
-1.280000010330E0));
#1320=CURVE_STYLE('',#1267,POSITIVE_LENGTH_MEASURE(2.E-2),#232);
#1321=PRESENTATION_STYLE_ASSIGNMENT((#1320));
#1322=STYLED_ITEM('',(#1321),#1319);
#1323=CARTESIAN_POINT('',(3.193271104749E-1,-1.739760041553E0,
1.280000007256E0));
#1324=CARTESIAN_POINT('',(3.001504434578E-1,-1.739760041553E0,
1.284784092687E0));
#1325=CARTESIAN_POINT('',(2.593521588665E-1,-1.738395449098E0,
1.294066066783E0));
#1326=CARTESIAN_POINT('',(1.894259735802E-1,-1.732923099935E0,
1.306254268901E0));
#1327=CARTESIAN_POINT('',(1.146646189321E-1,-1.725892306711E0,
1.314978507212E0));
#1328=CARTESIAN_POINT('',(3.786263631860E-2,-1.720530639027E0,
1.319438223321E0));
#1329=CARTESIAN_POINT('',(-3.911410377642E-2,-1.720587913625E0,
1.319397524639E0));
#1330=CARTESIAN_POINT('',(-1.154921970789E-1,-1.725972365121E0,
1.314894160382E0));
#1331=CARTESIAN_POINT('',(-1.895339857598E-1,-1.732928494463E0,
1.306224749358E0));
#1332=CARTESIAN_POINT('',(-2.589414908364E-1,-1.738367200178E0,
1.294145802917E0));
#1333=CARTESIAN_POINT('',(-2.999477051539E-1,-1.739760041553E0,
1.284834671218E0));
#1334=CARTESIAN_POINT('',(-3.193271126926E-1,-1.739760041553E0,
1.280000007238E0));
#1336=CURVE_STYLE('',#1267,POSITIVE_LENGTH_MEASURE(2.E-2),#232);
#1337=PRESENTATION_STYLE_ASSIGNMENT((#1336));
#1338=STYLED_ITEM('',(#1337),#1335);
#1339=DIRECTION('',(-2.581631897581E-13,1.E0,1.995345264352E-14));
#1340=VECTOR('',#1339,1.352067733859E0);
#1341=CARTESIAN_POINT('',(-1.303982293777E0,-1.739760041553E0,2.E-1));
#1342=LINE('',#1341,#1340);
#1343=CURVE_STYLE('',#1267,POSITIVE_LENGTH_MEASURE(2.E-2),#232);
#1344=PRESENTATION_STYLE_ASSIGNMENT((#1343));
#1345=STYLED_ITEM('',(#1344),#1342);
#1346=DIRECTION('',(1.077852277735E-12,-1.E0,-5.286468937122E-13));
#1347=VECTOR('',#1346,1.323076923052E-1);
#1348=CARTESIAN_POINT('',(3.857057489226E-1,-3.876923076935E-1,
1.261586658828E0));
#1349=LINE('',#1348,#1347);
#1350=CURVE_STYLE('',#1267,POSITIVE_LENGTH_MEASURE(2.E-2),#232);
#1351=PRESENTATION_STYLE_ASSIGNMENT((#1350));
#1352=STYLED_ITEM('',(#1351),#1349);
#1353=DIRECTION('',(2.293320572202E-12,1.E0,8.559044945650E-13));
#1354=VECTOR('',#1353,1.323076923078E-1);
#1355=CARTESIAN_POINT('',(8.654932574753E-1,-5.199999999987E-1,
9.956361000628E-1));
#1356=LINE('',#1355,#1354);
#1357=CURVE_STYLE('',#1267,POSITIVE_LENGTH_MEASURE(2.E-2),#232);
#1358=PRESENTATION_STYLE_ASSIGNMENT((#1357));
#1359=STYLED_ITEM('',(#1358),#1356);
#1360=DIRECTION('',(-3.994220974498E-13,-1.E0,1.179805607173E-12));
#1361=VECTOR('',#1360,1.323076923124E-1);
#1362=CARTESIAN_POINT('',(8.597444815143E-1,-3.876923076874E-1,
-1.000604441820E0));
#1363=LINE('',#1362,#1361);
#1364=CURVE_STYLE('',#1267,POSITIVE_LENGTH_MEASURE(2.E-2),#232);
#1365=PRESENTATION_STYLE_ASSIGNMENT((#1364));
#1366=STYLED_ITEM('',(#1365),#1363);
#1367=DIRECTION('',(1.569158240035E-13,1.E0,6.259850519069E-13));
#1368=VECTOR('',#1367,1.323076923079E-1);
#1369=CARTESIAN_POINT('',(4.294995268414E-1,-5.200000000005E-1,
-1.247357197810E0));
#1370=LINE('',#1369,#1368);
#1371=CURVE_STYLE('',#1267,POSITIVE_LENGTH_MEASURE(2.E-2),#232);
#1372=PRESENTATION_STYLE_ASSIGNMENT((#1371));
#1373=STYLED_ITEM('',(#1372),#1370);
#1374=DIRECTION('',(-9.999999999995E-1,0.E0,-1.034710745856E-6));
#1375=VECTOR('',#1374,2.183992182173E-1);
#1376=CARTESIAN_POINT('',(-1.085576497240E0,-1.739760041553E0,-2.E-1));
#1377=LINE('',#1376,#1375);
#1378=CURVE_STYLE('',#1267,POSITIVE_LENGTH_MEASURE(2.E-2),#232);
#1379=PRESENTATION_STYLE_ASSIGNMENT((#1378));
#1380=STYLED_ITEM('',(#1379),#1377);
#1381=CARTESIAN_POINT('',(-1.303982253340E0,-3.876923076924E-1,
-2.000002259814E-1));
#1382=CARTESIAN_POINT('',(-1.303982253340E0,-3.679560299619E-1,
-2.000002259814E-1));
#1383=CARTESIAN_POINT('',(-1.299755691272E0,-3.294136553510E-1,
-1.999998950801E-1));
#1384=CARTESIAN_POINT('',(-1.280226592486E0,-2.724754139435E-1,
-2.000000282477E-1));
#1385=CARTESIAN_POINT('',(-1.249105083080E0,-2.221581558586E-1,
-1.999999919292E-1));
#1386=CARTESIAN_POINT('',(-1.221364069848E0,-1.935479739005E-1,
-2.000000000001E-1));
#1387=CARTESIAN_POINT('',(-1.205553384341E0,-1.805917159615E-1,
-2.000000000001E-1));
#1389=CURVE_STYLE('',#1267,POSITIVE_LENGTH_MEASURE(2.E-2),#232);
#1390=PRESENTATION_STYLE_ASSIGNMENT((#1389));
#1391=STYLED_ITEM('',(#1390),#1388);
#1392=CARTESIAN_POINT('',(-1.065803295243E0,-3.462721893558E-1,
-2.000000000029E-1));
#1393=CARTESIAN_POINT('',(-1.070060911186E0,-3.497481601733E-1,
-2.000000000029E-1));
#1394=CARTESIAN_POINT('',(-1.077131317278E0,-3.575551303492E-1,
-1.999999999986E-1));
#1395=CARTESIAN_POINT('',(-1.084022243738E0,-3.720543460969E-1,
-2.000000000004E-1));
#1396=CARTESIAN_POINT('',(-1.085576497240E0,-3.823106640902E-1,
-2.000000000001E-1));
#1397=CARTESIAN_POINT('',(-1.085576497240E0,-3.876923076924E-1,
-2.000000000001E-1));
#1399=CURVE_STYLE('',#1267,POSITIVE_LENGTH_MEASURE(2.E-2),#232);
#1400=PRESENTATION_STYLE_ASSIGNMENT((#1399));
#1401=STYLED_ITEM('',(#1400),#1398);
#1402=DIRECTION('',(-4.220606855456E-14,1.E0,-3.274254831932E-14));
#1403=VECTOR('',#1402,1.352067733861E0);
#1404=CARTESIAN_POINT('',(-1.085576497240E0,-1.739760041553E0,-2.E-1));
#1405=LINE('',#1404,#1403);
#1406=CURVE_STYLE('',#1267,POSITIVE_LENGTH_MEASURE(2.E-2),#232);
#1407=PRESENTATION_STYLE_ASSIGNMENT((#1406));
#1408=STYLED_ITEM('',(#1407),#1405);
#1409=DIRECTION('',(-8.139483918554E-13,-1.E0,1.312386891610E-12));
#1410=VECTOR('',#1409,1.323076923135E-1);
#1411=CARTESIAN_POINT('',(3.593771551123E-1,-3.876923076874E-1,
-1.043707043065E0));
#1412=LINE('',#1411,#1410);
#1413=CURVE_STYLE('',#1267,POSITIVE_LENGTH_MEASURE(2.E-2),#232);
#1414=PRESENTATION_STYLE_ASSIGNMENT((#1413));
#1415=STYLED_ITEM('',(#1414),#1412);
#1416=DIRECTION('',(1.502028475750E-13,1.E0,-8.894693767014E-13));
#1417=VECTOR('',#1416,1.323076923083E-1);
#1418=CARTESIAN_POINT('',(7.193780355529E-1,-5.200000000002E-1,
-8.372404513188E-1));
#1419=LINE('',#1418,#1417);
#1420=CURVE_STYLE('',#1267,POSITIVE_LENGTH_MEASURE(2.E-2),#232);
#1421=PRESENTATION_STYLE_ASSIGNMENT((#1420));
#1422=STYLED_ITEM('',(#1421),#1419);
#1423=DIRECTION('',(-1.263717812571E-12,-1.E0,3.239011126511E-13));
#1424=VECTOR('',#1423,1.323076923070E-1);
#1425=CARTESIAN_POINT('',(7.241882358471E-1,-3.876923076913E-1,
8.330832673997E-1));
#1426=LINE('',#1425,#1424);
#1427=CURVE_STYLE('',#1267,POSITIVE_LENGTH_MEASURE(2.E-2),#232);
#1428=PRESENTATION_STYLE_ASSIGNMENT((#1427));
#1429=STYLED_ITEM('',(#1428),#1426);
#1430=DIRECTION('',(-6.469631032493E-13,1.E0,2.122978795358E-12));
#1431=VECTOR('',#1430,1.323076923069E-1);
#1432=CARTESIAN_POINT('',(3.227333817518E-1,-5.199999999988E-1,
1.055613326774E0));
#1433=LINE('',#1432,#1431);
#1434=CURVE_STYLE('',#1267,POSITIVE_LENGTH_MEASURE(2.E-2),#232);
#1435=PRESENTATION_STYLE_ASSIGNMENT((#1434));
#1436=STYLED_ITEM('',(#1435),#1433);
#1437=DIRECTION('',(3.941422744395E-14,-1.E0,-2.541396540396E-14));
#1438=VECTOR('',#1437,1.352067733861E0);
#1439=CARTESIAN_POINT('',(-1.085576497240E0,-3.876923076923E-1,
2.000000000001E-1));
#1440=LINE('',#1439,#1438);
#1441=CURVE_STYLE('',#1267,POSITIVE_LENGTH_MEASURE(2.E-2),#232);
#1442=PRESENTATION_STYLE_ASSIGNMENT((#1441));
#1443=STYLED_ITEM('',(#1442),#1440);
#1444=CARTESIAN_POINT('',(0.E0,-3.876923076923E-1,0.E0));
#1445=DIRECTION('',(0.E0,1.E0,0.E0));
#1446=DIRECTION('',(3.255681544572E-1,0.E0,-9.455185755993E-1));
#1447=AXIS2_PLACEMENT_3D('',#1444,#1445,#1446);
#1449=CURVE_STYLE('',#1267,POSITIVE_LENGTH_MEASURE(2.E-2),#232);
#1450=PRESENTATION_STYLE_ASSIGNMENT((#1449));
#1451=STYLED_ITEM('',(#1450),#1448);
#1452=CARTESIAN_POINT('',(-1.065803295243E0,-3.462721893558E-1,
-2.000000000029E-1));
#1453=CARTESIAN_POINT('',(-1.052548286247E0,-3.354506345060E-1,
-2.000000000029E-1));
#1454=CARTESIAN_POINT('',(-1.029242533777E0,-3.115287307402E-1,
-2.000000001082E-1));
#1455=CARTESIAN_POINT('',(-1.003051408931E0,-2.697655004003E-1,
-1.999999996171E-1));
#1456=CARTESIAN_POINT('',(-9.862367931795E-1,-2.216022008442E-1,
-2.000000014236E-1));
#1457=CARTESIAN_POINT('',(-9.826106676461E-1,-1.890279518621E-1,
-1.999999969335E-1));
#1458=CARTESIAN_POINT('',(-9.826106676461E-1,-1.723076923079E-1,
-1.999999969335E-1));
#1460=CURVE_STYLE('',#1267,POSITIVE_LENGTH_MEASURE(2.E-2),#232);
#1461=PRESENTATION_STYLE_ASSIGNMENT((#1460));
#1462=STYLED_ITEM('',(#1461),#1459);
#1463=CARTESIAN_POINT('',(-9.826106676461E-1,-1.723076923079E-1,
-1.999999969335E-1));
#1464=CARTESIAN_POINT('',(-9.826106676461E-1,-1.560894924812E-1,
-1.999999969335E-1));
#1465=CARTESIAN_POINT('',(-9.860278940194E-1,-1.244479818114E-1,
-2.000000014237E-1));
#1466=CARTESIAN_POINT('',(-1.001877067742E0,-7.758689044264E-2,
-1.999999996167E-1));
#1467=CARTESIAN_POINT('',(-1.026603463531E0,-3.667729153014E-2,
-2.000000001095E-1));
#1468=CARTESIAN_POINT('',(-1.048691259183E0,-1.296419417803E-2,-2.E-1));
#1469=CARTESIAN_POINT('',(-1.061263179409E0,-2.148368933935E-3,-2.E-1));
#1471=CURVE_STYLE('',#1267,POSITIVE_LENGTH_MEASURE(2.E-2),#232);
#1472=PRESENTATION_STYLE_ASSIGNMENT((#1471));
#1473=STYLED_ITEM('',(#1472),#1470);
#1474=CARTESIAN_POINT('',(0.E0,-2.148368950388E-3,0.E0));
#1475=DIRECTION('',(0.E0,-1.E0,0.E0));
#1476=DIRECTION('',(-9.827018393367E-1,0.E0,-1.851947487492E-1));
#1477=AXIS2_PLACEMENT_3D('',#1474,#1475,#1476);
#1479=CURVE_STYLE('',#1267,POSITIVE_LENGTH_MEASURE(2.E-2),#232);
#1480=PRESENTATION_STYLE_ASSIGNMENT((#1479));
#1481=STYLED_ITEM('',(#1480),#1478);
#1482=CARTESIAN_POINT('',(0.E0,-3.462721893738E-1,0.E0));
#1483=DIRECTION('',(0.E0,1.E0,0.E0));
#1484=DIRECTION('',(3.255681544578E-1,0.E0,-9.455185755991E-1));
#1485=AXIS2_PLACEMENT_3D('',#1482,#1483,#1484);
#1487=CURVE_STYLE('',#1267,POSITIVE_LENGTH_MEASURE(2.E-2),#232);
#1488=PRESENTATION_STYLE_ASSIGNMENT((#1487));
#1489=STYLED_ITEM('',(#1488),#1486);
#1490=CARTESIAN_POINT('',(-1.061263179409E0,-2.148368933935E-3,-2.E-1));
#1491=CARTESIAN_POINT('',(-1.062689863697E0,-9.209694861092E-4,-2.E-1));
#1492=CARTESIAN_POINT('',(-1.065543111425E0,1.533905169900E-3,-2.E-1));
#1493=CARTESIAN_POINT('',(-1.069822645746E0,5.216415117858E-3,-2.E-1));
#1494=CARTESIAN_POINT('',(-1.072675445396E0,7.671551713428E-3,-2.E-1));
#1495=CARTESIAN_POINT('',(-1.074101786319E0,8.899156107905E-3,-2.E-1));
#1497=CURVE_STYLE('',#1267,POSITIVE_LENGTH_MEASURE(2.E-2),#232);
#1498=PRESENTATION_STYLE_ASSIGNMENT((#1497));
#1499=STYLED_ITEM('',(#1498),#1496);
#1500=CARTESIAN_POINT('',(-1.074101786319E0,8.899156107905E-3,-2.E-1));
#1501=CARTESIAN_POINT('',(-1.096383682400E0,2.013992725531E-2,-2.E-1));
#1502=CARTESIAN_POINT('',(-1.140932078639E0,4.263755639150E-2,-2.E-1));
#1503=CARTESIAN_POINT('',(-1.207714051826E0,7.642134359306E-2,-2.E-1));
#1504=CARTESIAN_POINT('',(-1.252210495822E0,9.896415168171E-2,-2.E-1));
#1505=CARTESIAN_POINT('',(-1.274452898067E0,1.102398624616E-1,-2.E-1));
#1507=CURVE_STYLE('',#1267,POSITIVE_LENGTH_MEASURE(2.E-2),#232);
#1508=PRESENTATION_STYLE_ASSIGNMENT((#1507));
#1509=STYLED_ITEM('',(#1508),#1506);
#1510=CARTESIAN_POINT('',(0.E0,8.899156108333E-3,0.E0));
#1511=DIRECTION('',(0.E0,1.E0,0.E0));
#1512=DIRECTION('',(3.255681544571E-1,0.E0,-9.455185755993E-1));
#1513=AXIS2_PLACEMENT_3D('',#1510,#1511,#1512);
#1515=CURVE_STYLE('',#1267,POSITIVE_LENGTH_MEASURE(2.E-2),#232);
#1516=PRESENTATION_STYLE_ASSIGNMENT((#1515));
#1517=STYLED_ITEM('',(#1516),#1514);
#1518=CARTESIAN_POINT('',(-1.274452898067E0,1.102398624616E-1,-2.E-1));
#1519=CARTESIAN_POINT('',(-1.286417809153E0,9.673761596091E-2,-2.E-1));
#1520=CARTESIAN_POINT('',(-1.310341695100E0,6.973025267894E-2,-2.E-1));
#1521=CARTESIAN_POINT('',(-1.346211803341E0,2.921243619078E-2,-2.E-1));
#1522=CARTESIAN_POINT('',(-1.370115295508E0,2.196568616603E-3,-2.E-1));
#1523=CARTESIAN_POINT('',(-1.382064573726E0,-1.131235529151E-2,-2.E-1));
#1525=CURVE_STYLE('',#1267,POSITIVE_LENGTH_MEASURE(2.E-2),#232);
#1526=PRESENTATION_STYLE_ASSIGNMENT((#1525));
#1527=STYLED_ITEM('',(#1526),#1524);
#1528=CARTESIAN_POINT('',(0.E0,1.102398624616E-1,0.E0));
#1529=DIRECTION('',(0.E0,1.E0,0.E0));
#1530=DIRECTION('',(3.255681544571E-1,0.E0,-9.455185755993E-1));
#1531=AXIS2_PLACEMENT_3D('',#1528,#1529,#1530);
#1533=CURVE_STYLE('',#1267,POSITIVE_LENGTH_MEASURE(2.E-2),#232);
#1534=PRESENTATION_STYLE_ASSIGNMENT((#1533));
#1535=STYLED_ITEM('',(#1534),#1532);
#1536=CARTESIAN_POINT('',(-1.382064573726E0,-1.131235529151E-2,-2.E-1));
#1537=CARTESIAN_POINT('',(-1.362446049187E0,-2.831052793960E-2,-2.E-1));
#1538=CARTESIAN_POINT('',(-1.323197918695E0,-6.230100640530E-2,-2.E-1));
#1539=CARTESIAN_POINT('',(-1.264290762903E0,-1.132672031156E-1,-2.E-1));
#1540=CARTESIAN_POINT('',(-1.224993869351E0,-1.472290530074E-1,-2.E-1));
#1541=CARTESIAN_POINT('',(-1.205338008044E0,-1.642048673751E-1,-2.E-1));
#1543=CURVE_STYLE('',#1267,POSITIVE_LENGTH_MEASURE(2.E-2),#232);
#1544=PRESENTATION_STYLE_ASSIGNMENT((#1543));
#1545=STYLED_ITEM('',(#1544),#1542);
#1546=CARTESIAN_POINT('',(0.E0,-1.131235529151E-2,0.E0));
#1547=DIRECTION('',(0.E0,1.E0,0.E0));
#1548=DIRECTION('',(3.255681544573E-1,0.E0,-9.455185755993E-1));
#1549=AXIS2_PLACEMENT_3D('',#1546,#1547,#1548);
#1551=CURVE_STYLE('',#1267,POSITIVE_LENGTH_MEASURE(2.E-2),#232);
#1552=PRESENTATION_STYLE_ASSIGNMENT((#1551));
#1553=STYLED_ITEM('',(#1552),#1550);
#1554=CARTESIAN_POINT('',(-1.205338008044E0,-1.642048673751E-1,-2.E-1));
#1555=CARTESIAN_POINT('',(-1.204524504228E0,-1.649074511763E-1,-2.E-1));
#1556=CARTESIAN_POINT('',(-1.203185458717E0,-1.664720261228E-1,
-1.999999997401E-1));
#1557=CARTESIAN_POINT('',(-1.201919428649E0,-1.692320952910E-1,
-2.000000009098E-1));
#1558=CARTESIAN_POINT('',(-1.201612071390E0,-1.712476098374E-1,
-1.999999980505E-1));
#1559=CARTESIAN_POINT('',(-1.201612071390E0,-1.723076923098E-1,
-1.999999980505E-1));
#1561=CURVE_STYLE('',#1267,POSITIVE_LENGTH_MEASURE(2.E-2),#232);
#1562=PRESENTATION_STYLE_ASSIGNMENT((#1561));
#1563=STYLED_ITEM('',(#1562),#1560);
#1564=CARTESIAN_POINT('',(-1.201612071390E0,-1.723076923098E-1,
-1.999999980505E-1));
#1565=CARTESIAN_POINT('',(-1.201612071390E0,-1.734006738234E-1,
-1.999999980505E-1));
#1566=CARTESIAN_POINT('',(-1.201937515650E0,-1.754737421348E-1,
-2.000000009098E-1));
#1567=CARTESIAN_POINT('',(-1.203282404600E0,-1.783078287731E-1,
-1.999999997400E-1));
#1568=CARTESIAN_POINT('',(-1.204695667723E0,-1.798888496792E-1,
-2.000000000001E-1));
#1569=CARTESIAN_POINT('',(-1.205553384341E0,-1.805917159615E-1,
-2.000000000001E-1));
#1571=CURVE_STYLE('',#1267,POSITIVE_LENGTH_MEASURE(2.E-2),#232);
#1572=PRESENTATION_STYLE_ASSIGNMENT((#1571));
#1573=STYLED_ITEM('',(#1572),#1570);
#1574=CARTESIAN_POINT('',(0.E0,-1.642048673935E-1,0.E0));
#1575=DIRECTION('',(0.E0,1.E0,0.E0));
#1576=DIRECTION('',(3.255681544573E-1,0.E0,-9.455185755993E-1));
#1577=AXIS2_PLACEMENT_3D('',#1574,#1575,#1576);
#1579=CURVE_STYLE('',#1267,POSITIVE_LENGTH_MEASURE(2.E-2),#232);
#1580=PRESENTATION_STYLE_ASSIGNMENT((#1579));
#1581=STYLED_ITEM('',(#1580),#1578);
#1582=CARTESIAN_POINT('',(0.E0,-3.876923076923E-1,0.E0));
#1583=DIRECTION('',(0.E0,-1.E0,0.E0));
#1584=DIRECTION('',(-9.884413231865E-1,0.E0,-1.516039267870E-1));
#1585=AXIS2_PLACEMENT_3D('',#1582,#1583,#1584);
#1587=CURVE_STYLE('',#1267,POSITIVE_LENGTH_MEASURE(2.E-2),#232);
#1588=PRESENTATION_STYLE_ASSIGNMENT((#1587));
#1589=STYLED_ITEM('',(#1588),#1586);
#1590=CARTESIAN_POINT('',(0.E0,-1.805917159461E-1,0.E0));
#1591=DIRECTION('',(0.E0,1.E0,0.E0));
#1592=DIRECTION('',(3.255681544572E-1,0.E0,-9.455185755993E-1));
#1593=AXIS2_PLACEMENT_3D('',#1590,#1591,#1592);
#1595=CURVE_STYLE('',#1267,POSITIVE_LENGTH_MEASURE(2.E-2),#232);
#1596=PRESENTATION_STYLE_ASSIGNMENT((#1595));
#1597=STYLED_ITEM('',(#1596),#1594);
#1598=CARTESIAN_POINT('',(3.418465621800E-1,-3.876923076923E-1,
-9.927945043793E-1));
#1599=DIRECTION('',(9.455185755993E-1,0.E0,3.255681544571E-1));
#1600=DIRECTION('',(3.255681544571E-1,2.718292257953E-10,-9.455185755993E-1));
#1601=AXIS2_PLACEMENT_3D('',#1598,#1599,#1600);
#1603=CURVE_STYLE('',#1267,POSITIVE_LENGTH_MEASURE(2.E-2),#232);
#1604=PRESENTATION_STYLE_ASSIGNMENT((#1603));
#1605=STYLED_ITEM('',(#1604),#1602);
#1606=CARTESIAN_POINT('',(4.000945787934E-1,-1.723076923077E-1,
-1.161959027828E0));
#1607=DIRECTION('',(-9.455185755991E-1,0.E0,-3.255681544578E-1));
#1608=DIRECTION('',(-2.080286623751E-1,-7.692306887528E-1,6.041591041368E-1));
#1609=AXIS2_PLACEMENT_3D('',#1606,#1607,#1608);
#1611=CURVE_STYLE('',#1267,POSITIVE_LENGTH_MEASURE(2.E-2),#232);
#1612=PRESENTATION_STYLE_ASSIGNMENT((#1611));
#1613=STYLED_ITEM('',(#1612),#1610);
#1614=CARTESIAN_POINT('',(4.000945787934E-1,-1.723076923077E-1,
-1.161959027828E0));
#1615=DIRECTION('',(-9.455185755991E-1,0.E0,-3.255681544578E-1));
#1616=DIRECTION('',(-3.255681544578E-1,0.E0,9.455185755991E-1));
#1617=AXIS2_PLACEMENT_3D('',#1614,#1615,#1616);
#1619=CURVE_STYLE('',#1267,POSITIVE_LENGTH_MEASURE(2.E-2),#232);
#1620=PRESENTATION_STYLE_ASSIGNMENT((#1619));
#1621=STYLED_ITEM('',(#1620),#1618);
#1622=DIRECTION('',(2.449591627315E-1,6.587005840939E-1,-7.114130650391E-1));
#1623=VECTOR('',#1622,1.677169455362E-2);
#1624=CARTESIAN_POINT('',(3.515954493E-1,-2.148368890666E-3,-1.021107328397E0));
#1625=LINE('',#1624,#1623);
#1626=CURVE_STYLE('',#1267,POSITIVE_LENGTH_MEASURE(2.E-2),#232);
#1627=PRESENTATION_STYLE_ASSIGNMENT((#1626));
#1628=STYLED_ITEM('',(#1627),#1625);
#1629=DIRECTION('',(2.896573546523E-1,4.565494126793E-1,-8.412260401807E-1));
#1630=VECTOR('',#1629,2.219709489031E-1);
#1631=CARTESIAN_POINT('',(3.557038295555E-1,8.899156108046E-3,
-1.033038931026E0));
#1632=LINE('',#1631,#1630);
#1633=CURVE_STYLE('',#1267,POSITIVE_LENGTH_MEASURE(2.E-2),#232);
#1634=PRESENTATION_STYLE_ASSIGNMENT((#1633));
#1635=STYLED_ITEM('',(#1634),#1632);
#1636=DIRECTION('',(2.144475327176E-1,-7.524170040427E-1,-6.228008572077E-1));
#1637=VECTOR('',#1636,1.615490042090E-1);
#1638=CARTESIAN_POINT('',(4.199993474244E-1,1.102398624616E-1,
-1.219766673407E0));
#1639=LINE('',#1638,#1637);
#1640=CURVE_STYLE('',#1267,POSITIVE_LENGTH_MEASURE(2.E-2),#232);
#1641=PRESENTATION_STYLE_ASSIGNMENT((#1640));
#1642=STYLED_ITEM('',(#1641),#1639);
#1643=DIRECTION('',(-2.449591627804E-1,-6.587005839709E-1,7.114130651361E-1));
#1644=VECTOR('',#1643,2.321123064339E-1);
#1645=CARTESIAN_POINT('',(4.546431327900E-1,-1.131235529139E-2,
-1.320379531709E0));
#1646=LINE('',#1645,#1644);
#1647=CURVE_STYLE('',#1267,POSITIVE_LENGTH_MEASURE(2.E-2),#232);
#1648=PRESENTATION_STYLE_ASSIGNMENT((#1647));
#1649=STYLED_ITEM('',(#1648),#1646);
#1650=CARTESIAN_POINT('',(4.000945787932E-1,-1.723076923077E-1,
-1.161959027828E0));
#1651=DIRECTION('',(9.455185755991E-1,0.E0,3.255681544577E-1));
#1652=DIRECTION('',(-2.144519035070E-1,7.524052511079E-1,6.228135509023E-1));
#1653=AXIS2_PLACEMENT_3D('',#1650,#1651,#1652);
#1655=CURVE_STYLE('',#1267,POSITIVE_LENGTH_MEASURE(2.E-2),#232);
#1656=PRESENTATION_STYLE_ASSIGNMENT((#1655));
#1657=STYLED_ITEM('',(#1656),#1654);
#1658=CARTESIAN_POINT('',(4.000945787932E-1,-1.723076923077E-1,
-1.161959027828E0));
#1659=DIRECTION('',(9.455185755991E-1,0.E0,3.255681544577E-1));
#1660=DIRECTION('',(-3.255681544577E-1,1.288651725011E-13,9.455185755991E-1));
#1661=AXIS2_PLACEMENT_3D('',#1658,#1659,#1660);
#1663=CURVE_STYLE('',#1267,POSITIVE_LENGTH_MEASURE(2.E-2),#232);
#1664=PRESENTATION_STYLE_ASSIGNMENT((#1663));
#1665=STYLED_ITEM('',(#1664),#1662);
#1666=CARTESIAN_POINT('',(3.418465621800E-1,-3.876923076923E-1,
-9.927945043793E-1));
#1667=DIRECTION('',(-9.455185755993E-1,0.E0,-3.255681544572E-1));
#1668=DIRECTION('',(2.080285948195E-1,7.692308611146E-1,-6.041589079425E-1));
#1669=AXIS2_PLACEMENT_3D('',#1666,#1667,#1668);
#1671=CURVE_STYLE('',#1267,POSITIVE_LENGTH_MEASURE(2.E-2),#232);
#1672=PRESENTATION_STYLE_ASSIGNMENT((#1671));
#1673=STYLED_ITEM('',(#1672),#1670);
#1674=DIRECTION('',(3.255681544568E-1,1.719061401164E-12,-9.455185755994E-1));
#1675=VECTOR('',#1674,2.153846153848E-1);
#1676=CARTESIAN_POINT('',(3.593771551122E-1,-5.200000000009E-1,
-1.043707043065E0));
#1677=LINE('',#1676,#1675);
#1678=CURVE_STYLE('',#1267,POSITIVE_LENGTH_MEASURE(2.E-2),#232);
#1679=PRESENTATION_STYLE_ASSIGNMENT((#1678));
#1680=STYLED_ITEM('',(#1679),#1677);
#1681=CARTESIAN_POINT('',(4.294995268414E-1,-5.200000000005E-1,
-1.247357197810E0));
#1682=CARTESIAN_POINT('',(4.294995268415E-1,-5.379530389666E-1,
-1.247357197810E0));
#1683=CARTESIAN_POINT('',(4.333045119188E-1,-5.739111014568E-1,
-1.246057466638E0));
#1684=CARTESIAN_POINT('',(4.504556018009E-1,-6.255725001156E-1,
-1.240015009522E0));
#1685=CARTESIAN_POINT('',(4.775465710476E-1,-6.713680434309E-1,
-1.229921696083E0));
#1686=CARTESIAN_POINT('',(5.139165254200E-1,-7.101935198031E-1,
-1.215268740291E0));
#1687=CARTESIAN_POINT('',(5.559980631721E-1,-7.385316905382E-1,
-1.196672379165E0));
#1688=CARTESIAN_POINT('',(6.018109169058E-1,-7.560320886067E-1,
-1.174362048362E0));
#1689=CARTESIAN_POINT('',(6.335258954207E-1,-7.6E-1,-1.157299147219E0));
#1690=CARTESIAN_POINT('',(6.492567364042E-1,-7.6E-1,-1.148405639449E0));
#1692=CURVE_STYLE('',#1267,POSITIVE_LENGTH_MEASURE(2.E-2),#232);
#1693=PRESENTATION_STYLE_ASSIGNMENT((#1692));
#1694=STYLED_ITEM('',(#1693),#1691);
#1695=CARTESIAN_POINT('',(6.351745438011E-1,-7.6E-1,-1.107507970035E0));
#1696=CARTESIAN_POINT('',(6.255603954892E-1,-7.6E-1,-1.090744474170E0));
#1697=CARTESIAN_POINT('',(6.063698505912E-1,-7.598351243112E-1,
-1.057283614640E0));
#1698=CARTESIAN_POINT('',(5.776997776013E-1,-7.590975443209E-1,
-1.007293961662E0));
#1699=CARTESIAN_POINT('',(5.586652225091E-1,-7.582800746975E-1,
-9.741042401898E-1));
#1700=CARTESIAN_POINT('',(5.491678096446E-1,-7.577896412518E-1,
-9.575442823625E-1));
#1702=CURVE_STYLE('',#1267,POSITIVE_LENGTH_MEASURE(2.E-2),#232);
#1703=PRESENTATION_STYLE_ASSIGNMENT((#1702));
#1704=STYLED_ITEM('',(#1703),#1701);
#1705=CARTESIAN_POINT('',(5.491678096446E-1,-7.577896412518E-1,
-9.575442823625E-1));
#1706=CARTESIAN_POINT('',(5.349803888363E-1,-7.555943216938E-1,
-9.656810076821E-1));
#1707=CARTESIAN_POINT('',(5.066824381445E-1,-7.479186049629E-1,
-9.810666078673E-1));
#1708=CARTESIAN_POINT('',(4.664242366520E-1,-7.269671608991E-1,
-1.000756357310E0));
#1709=CARTESIAN_POINT('',(4.300219765154E-1,-6.971232517829E-1,
-1.016862373145E0));
#1710=CARTESIAN_POINT('',(3.995492285932E-1,-6.596888530394E-1,
-1.029128557948E0));
#1711=CARTESIAN_POINT('',(3.766641539052E-1,-6.162483944416E-1,
-1.037654377406E0));
#1712=CARTESIAN_POINT('',(3.626626496881E-1,-5.695883563955E-1,
-1.042583793290E0));
#1713=CARTESIAN_POINT('',(3.593771551122E-1,-5.365638882371E-1,
-1.043707043065E0));
#1714=CARTESIAN_POINT('',(3.593771551122E-1,-5.200000000009E-1,
-1.043707043065E0));
#1716=CURVE_STYLE('',#1267,POSITIVE_LENGTH_MEASURE(2.E-2),#232);
#1717=PRESENTATION_STYLE_ASSIGNMENT((#1716));
#1718=STYLED_ITEM('',(#1717),#1715);
#1719=DIRECTION('',(3.255680656768E-1,0.E0,-9.455186061688E-1));
#1720=VECTOR('',#1719,4.325421958627E-2);
#1721=CARTESIAN_POINT('',(6.351745438011E-1,-7.6E-1,-1.107507970035E0));
#1722=LINE('',#1721,#1720);
#1723=CURVE_STYLE('',#1267,POSITIVE_LENGTH_MEASURE(2.E-2),#232);
#1724=PRESENTATION_STYLE_ASSIGNMENT((#1723));
#1725=STYLED_ITEM('',(#1724),#1722);
#1726=CARTESIAN_POINT('',(0.E0,-7.6E-1,0.E0));
#1727=DIRECTION('',(0.E0,-1.E0,0.E0));
#1728=DIRECTION('',(4.921479634553E-1,0.E0,-8.705115634309E-1));
#1729=AXIS2_PLACEMENT_3D('',#1726,#1727,#1728);
#1731=CURVE_STYLE('',#1267,POSITIVE_LENGTH_MEASURE(2.E-2),#232);
#1732=PRESENTATION_STYLE_ASSIGNMENT((#1731));
#1733=STYLED_ITEM('',(#1732),#1730);
#1734=DIRECTION('',(-6.517015024158E-1,0.E0,7.584755445952E-1));
#1735=VECTOR('',#1734,4.325422040424E-2);
#1736=CARTESIAN_POINT('',(6.633633842244E-1,-7.6E-1,-1.140315238412E0));
#1737=LINE('',#1736,#1735);
#1738=CURVE_STYLE('',#1267,POSITIVE_LENGTH_MEASURE(2.E-2),#232);
#1739=PRESENTATION_STYLE_ASSIGNMENT((#1738));
#1740=STYLED_ITEM('',(#1739),#1737);
#1741=CARTESIAN_POINT('',(7.193780355529E-1,-5.200000000002E-1,
-8.372404513188E-1));
#1742=CARTESIAN_POINT('',(7.193780355529E-1,-5.392188228260E-1,
-8.372404513188E-1));
#1743=CARTESIAN_POINT('',(7.158329827207E-1,-5.776426435986E-1,
-8.403046150856E-1));
#1744=CARTESIAN_POINT('',(7.004607639465E-1,-6.313861962168E-1,
-8.532671624967E-1));
#1745=CARTESIAN_POINT('',(6.745897638106E-1,-6.799758737947E-1,
-8.740122675099E-1));
#1746=CARTESIAN_POINT('',(6.398114981971E-1,-7.186099732673E-1,
-8.999313737369E-1));
#1747=CARTESIAN_POINT('',(5.973428617141E-1,-7.458086132071E-1,
-9.287801454358E-1));
#1748=CARTESIAN_POINT('',(5.655488288693E-1,-7.552548943196E-1,
-9.481494913229E-1));
#1749=CARTESIAN_POINT('',(5.491678096446E-1,-7.577896412518E-1,
-9.575442823625E-1));
#1751=CURVE_STYLE('',#1267,POSITIVE_LENGTH_MEASURE(2.E-2),#232);
#1752=PRESENTATION_STYLE_ASSIGNMENT((#1751));
#1753=STYLED_ITEM('',(#1752),#1750);
#1754=CARTESIAN_POINT('',(6.633633842244E-1,-7.6E-1,-1.140315238412E0));
#1755=CARTESIAN_POINT('',(6.790947906190E-1,-7.6E-1,-1.131163699755E0));
#1756=CARTESIAN_POINT('',(7.100192052546E-1,-7.559852179597E-1,
-1.112289022672E0));
#1757=CARTESIAN_POINT('',(7.526463215131E-1,-7.382378925789E-1,
-1.083829079319E0));
#1758=CARTESIAN_POINT('',(7.897862353391E-1,-7.098132711594E-1,
-1.056984991978E0));
#1759=CARTESIAN_POINT('',(8.207340594750E-1,-6.709186188881E-1,
-1.033031355369E0));
#1760=CARTESIAN_POINT('',(8.430859818542E-1,-6.248269960592E-1,
-1.014765363274E0));
#1761=CARTESIAN_POINT('',(8.567027189611E-1,-5.737131922244E-1,
-1.003230242367E0));
#1762=CARTESIAN_POINT('',(8.597444815143E-1,-5.378903499731E-1,
-1.000604441820E0));
#1763=CARTESIAN_POINT('',(8.597444815143E-1,-5.199999999998E-1,
-1.000604441820E0));
#1765=CURVE_STYLE('',#1267,POSITIVE_LENGTH_MEASURE(2.E-2),#232);
#1766=PRESENTATION_STYLE_ASSIGNMENT((#1765));
#1767=STYLED_ITEM('',(#1766),#1764);
#1768=DIRECTION('',(-6.517013562501E-1,-2.081945726932E-12,7.584756701845E-1));
#1769=VECTOR('',#1768,2.153846153843E-1);
#1770=CARTESIAN_POINT('',(8.597444815143E-1,-5.199999999998E-1,
-1.000604441820E0));
#1771=LINE('',#1770,#1769);
#1772=CURVE_STYLE('',#1267,POSITIVE_LENGTH_MEASURE(2.E-2),#232);
#1773=PRESENTATION_STYLE_ASSIGNMENT((#1772));
#1774=STYLED_ITEM('',(#1773),#1771);
#1775=CARTESIAN_POINT('',(6.842864240626E-1,-3.876923076923E-1,
-7.963994536937E-1));
#1776=DIRECTION('',(7.584756701845E-1,0.E0,6.517013562501E-1));
#1777=DIRECTION('',(6.517013562501E-1,5.454893679616E-11,-7.584756701845E-1));
#1778=AXIS2_PLACEMENT_3D('',#1775,#1776,#1777);
#1780=CURVE_STYLE('',#1267,POSITIVE_LENGTH_MEASURE(2.E-2),#232);
#1781=PRESENTATION_STYLE_ASSIGNMENT((#1780));
#1782=STYLED_ITEM('',(#1781),#1779);
#1783=CARTESIAN_POINT('',(8.008835509794E-1,-1.723076923077E-1,
-9.320997758299E-1));
#1784=DIRECTION('',(-7.584756701844E-1,0.E0,-6.517013562501E-1));
#1785=DIRECTION('',(-4.164234490062E-1,-7.692242196730E-1,4.846499881216E-1));
#1786=AXIS2_PLACEMENT_3D('',#1783,#1784,#1785);
#1788=CURVE_STYLE('',#1267,POSITIVE_LENGTH_MEASURE(2.E-2),#232);
#1789=PRESENTATION_STYLE_ASSIGNMENT((#1788));
#1790=STYLED_ITEM('',(#1789),#1787);
#1791=CARTESIAN_POINT('',(8.008835509794E-1,-1.723076923077E-1,
-9.320997758299E-1));
#1792=DIRECTION('',(-7.584756701844E-1,0.E0,-6.517013562501E-1));
#1793=DIRECTION('',(-6.517013562501E-1,7.731910350069E-14,7.584756701844E-1));
#1794=AXIS2_PLACEMENT_3D('',#1791,#1792,#1793);
#1796=CURVE_STYLE('',#1267,POSITIVE_LENGTH_MEASURE(2.E-2),#232);
#1797=PRESENTATION_STYLE_ASSIGNMENT((#1796));
#1798=STYLED_ITEM('',(#1797),#1795);
#1799=DIRECTION('',(4.903434700995E-1,6.587005839709E-1,-5.706810159863E-1));
#1800=VECTOR('',#1799,2.321123067007E-1);
#1801=CARTESIAN_POINT('',(7.962605780573E-1,-1.642048672621E-1,
-9.267193781190E-1));
#1802=LINE('',#1801,#1800);
#1803=CURVE_STYLE('',#1267,POSITIVE_LENGTH_MEASURE(2.E-2),#232);
#1804=PRESENTATION_STYLE_ASSIGNMENT((#1803));
#1805=STYLED_ITEM('',(#1804),#1802);
#1806=DIRECTION('',(-4.292672548067E-1,7.524170040426E-1,4.995981144663E-1));
#1807=VECTOR('',#1806,1.615490042090E-1);
#1808=CARTESIAN_POINT('',(9.100753319777E-1,-1.131235529149E-2,
-1.059181465130E0));
#1809=LINE('',#1808,#1807);
#1810=CURVE_STYLE('',#1267,POSITIVE_LENGTH_MEASURE(2.E-2),#232);
#1811=PRESENTATION_STYLE_ASSIGNMENT((#1810));
#1812=STYLED_ITEM('',(#1811),#1809);
#1813=DIRECTION('',(-5.798174308219E-1,-4.565494126795E-1,6.748143305362E-1));
#1814=VECTOR('',#1813,2.219709489039E-1);
#1815=CARTESIAN_POINT('',(8.407276344242E-1,1.102398624615E-1,
-9.784718872332E-1));
#1816=LINE('',#1815,#1814);
#1817=CURVE_STYLE('',#1267,POSITIVE_LENGTH_MEASURE(2.E-2),#232);
#1818=PRESENTATION_STYLE_ASSIGNMENT((#1817));
#1819=STYLED_ITEM('',(#1818),#1816);
#1820=DIRECTION('',(-4.903434700289E-1,-6.587005840946E-1,5.706810159042E-1));
#1821=VECTOR('',#1820,1.677169404135E-2);
#1822=CARTESIAN_POINT('',(7.120250091136E-1,8.899156107519E-3,
-8.286827099501E-1));
#1823=LINE('',#1822,#1821);
#1824=CURVE_STYLE('',#1267,POSITIVE_LENGTH_MEASURE(2.E-2),#232);
#1825=PRESENTATION_STYLE_ASSIGNMENT((#1824));
#1826=STYLED_ITEM('',(#1825),#1823);
#1827=CARTESIAN_POINT('',(8.008835509794E-1,-1.723076923077E-1,
-9.320997758299E-1));
#1828=DIRECTION('',(7.584756701844E-1,0.E0,6.517013562501E-1));
#1829=DIRECTION('',(-4.292760596196E-1,7.524051763532E-1,4.996083618539E-1));
#1830=AXIS2_PLACEMENT_3D('',#1827,#1828,#1829);
#1832=CURVE_STYLE('',#1267,POSITIVE_LENGTH_MEASURE(2.E-2),#232);
#1833=PRESENTATION_STYLE_ASSIGNMENT((#1832));
#1834=STYLED_ITEM('',(#1833),#1831);
#1835=CARTESIAN_POINT('',(8.008835509794E-1,-1.723076923077E-1,
-9.320997758299E-1));
#1836=DIRECTION('',(7.584756701844E-1,0.E0,6.517013562501E-1));
#1837=DIRECTION('',(-6.517013562501E-1,0.E0,7.584756701844E-1));
#1838=AXIS2_PLACEMENT_3D('',#1835,#1836,#1837);
#1840=CURVE_STYLE('',#1267,POSITIVE_LENGTH_MEASURE(2.E-2),#232);
#1841=PRESENTATION_STYLE_ASSIGNMENT((#1840));
#1842=STYLED_ITEM('',(#1841),#1839);
#1843=CARTESIAN_POINT('',(6.842864240626E-1,-3.876923076923E-1,
-7.963994536937E-1));
#1844=DIRECTION('',(-7.584756701845E-1,0.E0,-6.517013562501E-1));
#1845=DIRECTION('',(4.164197608268E-1,7.692289207110E-1,-4.846456956734E-1));
#1846=AXIS2_PLACEMENT_3D('',#1843,#1844,#1845);
#1848=CURVE_STYLE('',#1267,POSITIVE_LENGTH_MEASURE(2.E-2),#232);
#1849=PRESENTATION_STYLE_ASSIGNMENT((#1848));
#1850=STYLED_ITEM('',(#1849),#1847);
#1851=CARTESIAN_POINT('',(0.E0,-3.876923076923E-1,0.E0));
#1852=DIRECTION('',(0.E0,-1.E0,0.E0));
#1853=DIRECTION('',(6.517013562501E-1,0.E0,-7.584756701845E-1));
#1854=AXIS2_PLACEMENT_3D('',#1851,#1852,#1853);
#1856=CURVE_STYLE('',#1267,POSITIVE_LENGTH_MEASURE(2.E-2),#232);
#1857=PRESENTATION_STYLE_ASSIGNMENT((#1856));
#1858=STYLED_ITEM('',(#1857),#1855);
#1859=CARTESIAN_POINT('',(0.E0,-3.876923076923E-1,0.E0));
#1860=DIRECTION('',(0.E0,-1.E0,0.E0));
#1861=DIRECTION('',(1.E0,0.E0,0.E0));
#1862=AXIS2_PLACEMENT_3D('',#1859,#1860,#1861);
#1864=CURVE_STYLE('',#1267,POSITIVE_LENGTH_MEASURE(2.E-2),#232);
#1865=PRESENTATION_STYLE_ASSIGNMENT((#1864));
#1866=STYLED_ITEM('',(#1865),#1863);
#1867=CARTESIAN_POINT('',(6.888619804400E-1,-3.876923076923E-1,
7.924450592339E-1));
#1868=DIRECTION('',(-7.547095802228E-1,0.E0,6.560590289905E-1));
#1869=DIRECTION('',(6.560590289905E-1,5.735634189820E-11,7.547095802228E-1));
#1870=AXIS2_PLACEMENT_3D('',#1867,#1868,#1869);
#1872=CURVE_STYLE('',#1267,POSITIVE_LENGTH_MEASURE(2.E-2),#232);
#1873=PRESENTATION_STYLE_ASSIGNMENT((#1872));
#1874=STYLED_ITEM('',(#1873),#1871);
#1875=CARTESIAN_POINT('',(8.062387468599E-1,-1.723076923077E-1,
9.274715830651E-1));
#1876=DIRECTION('',(7.547095802228E-1,0.E0,-6.560590289905E-1));
#1877=DIRECTION('',(-4.192026746908E-1,-7.692308485803E-1,-4.822375131868E-1));
#1878=AXIS2_PLACEMENT_3D('',#1875,#1876,#1877);
#1880=CURVE_STYLE('',#1267,POSITIVE_LENGTH_MEASURE(2.E-2),#232);
#1881=PRESENTATION_STYLE_ASSIGNMENT((#1880));
#1882=STYLED_ITEM('',(#1881),#1879);
#1883=CARTESIAN_POINT('',(8.062387468599E-1,-1.723076923077E-1,
9.274715830651E-1));
#1884=DIRECTION('',(7.547095802228E-1,0.E0,-6.560590289905E-1));
#1885=DIRECTION('',(-6.560590289905E-1,0.E0,-7.547095802228E-1));
#1886=AXIS2_PLACEMENT_3D('',#1883,#1884,#1885);
#1888=CURVE_STYLE('',#1267,POSITIVE_LENGTH_MEASURE(2.E-2),#232);
#1889=PRESENTATION_STYLE_ASSIGNMENT((#1888));
#1890=STYLED_ITEM('',(#1889),#1887);
#1891=DIRECTION('',(4.936222055277E-1,6.587005840946E-1,5.678473903466E-1));
#1892=VECTOR('',#1891,1.677169441451E-2);
#1893=CARTESIAN_POINT('',(7.085071618010E-1,-2.148368799543E-3,
8.150442552258E-1));
#1894=LINE('',#1893,#1892);
#1895=CURVE_STYLE('',#1267,POSITIVE_LENGTH_MEASURE(2.E-2),#232);
#1896=PRESENTATION_STYLE_ASSIGNMENT((#1895));
#1897=STYLED_ITEM('',(#1896),#1894);
#1898=DIRECTION('',(5.836944437949E-1,4.565494126795E-1,6.714636476124E-1));
#1899=VECTOR('',#1898,2.219709489038E-1);
#1900=CARTESIAN_POINT('',(7.167860425884E-1,8.899156107554E-3,
8.245680181308E-1));
#1901=LINE('',#1900,#1899);
#1902=CURVE_STYLE('',#1267,POSITIVE_LENGTH_MEASURE(2.E-2),#232);
#1903=PRESENTATION_STYLE_ASSIGNMENT((#1902));
#1904=STYLED_ITEM('',(#1903),#1901);
#1905=DIRECTION('',(4.321375974821E-1,-7.524170040426E-1,4.971174397162E-1));
#1906=VECTOR('',#1905,1.615490042090E-1);
#1907=CARTESIAN_POINT('',(8.463492521474E-1,1.102398624615E-1,
9.736134411457E-1));
#1908=LINE('',#1907,#1906);
#1909=CURVE_STYLE('',#1267,POSITIVE_LENGTH_MEASURE(2.E-2),#232);
#1910=PRESENTATION_STYLE_ASSIGNMENT((#1909));
#1911=STYLED_ITEM('',(#1910),#1908);
#1912=DIRECTION('',(-4.936222056009E-1,-6.587005839709E-1,-5.678473904265E-1));
#1913=VECTOR('',#1912,2.321123064316E-1);
#1914=CARTESIAN_POINT('',(9.161606507019E-1,-1.131235529155E-2,
1.053922268507E0));
#1915=LINE('',#1914,#1913);
#1916=CURVE_STYLE('',#1267,POSITIVE_LENGTH_MEASURE(2.E-2),#232);
#1917=PRESENTATION_STYLE_ASSIGNMENT((#1916));
#1918=STYLED_ITEM('',(#1917),#1915);
#1919=CARTESIAN_POINT('',(8.062387468599E-1,-1.723076923077E-1,
9.274715830651E-1));
#1920=DIRECTION('',(-7.547095802228E-1,0.E0,6.560590289905E-1));
#1921=DIRECTION('',(-4.321464048646E-1,7.524052514878E-1,-4.971275714504E-1));
#1922=AXIS2_PLACEMENT_3D('',#1919,#1920,#1921);
#1924=CURVE_STYLE('',#1267,POSITIVE_LENGTH_MEASURE(2.E-2),#232);
#1925=PRESENTATION_STYLE_ASSIGNMENT((#1924));
#1926=STYLED_ITEM('',(#1925),#1923);
#1927=CARTESIAN_POINT('',(8.062387468599E-1,-1.723076923077E-1,
9.274715830651E-1));
#1928=DIRECTION('',(-7.547095802228E-1,0.E0,6.560590289905E-1));
#1929=DIRECTION('',(-6.560590289905E-1,-8.762831730078E-14,-7.547095802228E-1));
#1930=AXIS2_PLACEMENT_3D('',#1927,#1928,#1929);
#1932=CURVE_STYLE('',#1267,POSITIVE_LENGTH_MEASURE(2.E-2),#232);
#1933=PRESENTATION_STYLE_ASSIGNMENT((#1932));
#1934=STYLED_ITEM('',(#1933),#1931);
#1935=CARTESIAN_POINT('',(6.888619804400E-1,-3.876923076923E-1,
7.924450592339E-1));
#1936=DIRECTION('',(7.547095802228E-1,0.E0,-6.560590289905E-1));
#1937=DIRECTION('',(4.192026967055E-1,7.692308207066E-1,4.822375385118E-1));
#1938=AXIS2_PLACEMENT_3D('',#1935,#1936,#1937);
#1940=CURVE_STYLE('',#1267,POSITIVE_LENGTH_MEASURE(2.E-2),#232);
#1941=PRESENTATION_STYLE_ASSIGNMENT((#1940));
#1942=STYLED_ITEM('',(#1941),#1939);
#1943=CARTESIAN_POINT('',(5.596333154690E-1,-7.6E-1,1.009605226571E0));
#1944=CARTESIAN_POINT('',(5.569118027542E-1,-7.6E-1,1.004695487666E0));
#1945=CARTESIAN_POINT('',(5.514699036413E-1,-7.599829735228E-1,
9.948780400504E-1));
#1946=CARTESIAN_POINT('',(5.433105038116E-1,-7.599064025323E-1,
9.801580978861E-1));
#1947=CARTESIAN_POINT('',(5.378732575388E-1,-7.598213457732E-1,
9.703490437465E-1));
#1948=CARTESIAN_POINT('',(5.351552343301E-1,-7.597703128468E-1,
9.654455999918E-1));
#1950=CURVE_STYLE('',#1267,POSITIVE_LENGTH_MEASURE(2.E-2),#232);
#1951=PRESENTATION_STYLE_ASSIGNMENT((#1950));
#1952=STYLED_ITEM('',(#1951),#1949);
#1953=CARTESIAN_POINT('',(5.351552343301E-1,-7.597703128468E-1,
9.654455999918E-1));
#1954=CARTESIAN_POINT('',(5.506312137485E-1,-7.590125507325E-1,
9.568671245270E-1));
#1955=CARTESIAN_POINT('',(5.808818646425E-1,-7.537166033466E-1,
9.391087055381E-1));
#1956=CARTESIAN_POINT('',(6.220423017443E-1,-7.349524339748E-1,
9.122906507918E-1));
#1957=CARTESIAN_POINT('',(6.580698285170E-1,-7.057571370031E-1,
8.865539448782E-1));
#1958=CARTESIAN_POINT('',(6.872735467867E-1,-6.674039589879E-1,
8.639881353030E-1));
#1959=CARTESIAN_POINT('',(7.084759240843E-1,-6.221053725173E-1,
8.465783330529E-1));
#1960=CARTESIAN_POINT('',(7.212356824657E-1,-5.727144029947E-1,
8.356620223428E-1));
#1961=CARTESIAN_POINT('',(7.241882358470E-1,-5.376071649621E-1,
8.330832673997E-1));
#1962=CARTESIAN_POINT('',(7.241882358469E-1,-5.199999999982E-1,
8.330832673998E-1));
#1964=CURVE_STYLE('',#1267,POSITIVE_LENGTH_MEASURE(2.E-2),#232);
#1965=PRESENTATION_STYLE_ASSIGNMENT((#1964));
#1966=STYLED_ITEM('',(#1965),#1963);
#1967=DIRECTION('',(6.560590289904E-1,-2.126790806964E-12,7.547095802228E-1));
#1968=VECTOR('',#1967,2.153846153841E-1);
#1969=CARTESIAN_POINT('',(7.241882358469E-1,-5.199999999982E-1,
8.330832673998E-1));
#1970=LINE('',#1969,#1968);
#1971=CURVE_STYLE('',#1267,POSITIVE_LENGTH_MEASURE(2.E-2),#232);
#1972=PRESENTATION_STYLE_ASSIGNMENT((#1971));
#1973=STYLED_ITEM('',(#1972),#1970);
#1974=CARTESIAN_POINT('',(8.654932574753E-1,-5.199999999987E-1,
9.956361000628E-1));
#1975=CARTESIAN_POINT('',(8.654932574753E-1,-5.379176157984E-1,
9.956361000627E-1));
#1976=CARTESIAN_POINT('',(8.624768868563E-1,-5.738383929651E-1,
9.982711415682E-1));
#1977=CARTESIAN_POINT('',(8.486731580034E-1,-6.255483564781E-1,
1.010100059353E0));
#1978=CARTESIAN_POINT('',(8.263214008912E-1,-6.714598726330E-1,
1.028568360402E0));
#1979=CARTESIAN_POINT('',(7.954172387667E-1,-7.102592547279E-1,
1.052757495150E0));
#1980=CARTESIAN_POINT('',(7.583820332008E-1,-7.385012091335E-1,
1.079819936054E0));
#1981=CARTESIAN_POINT('',(7.162011180866E-1,-7.560128479623E-1,
1.108313655781E0));
#1982=CARTESIAN_POINT('',(6.855261709731E-1,-7.6E-1,1.127276305552E0));
#1983=CARTESIAN_POINT('',(6.699200894088E-1,-7.6E-1,1.136475647029E0));
#1985=CURVE_STYLE('',#1267,POSITIVE_LENGTH_MEASURE(2.E-2),#232);
#1986=PRESENTATION_STYLE_ASSIGNMENT((#1985));
#1987=STYLED_ITEM('',(#1986),#1984);
#1988=CARTESIAN_POINT('',(3.227333817518E-1,-5.199999999988E-1,
1.055613326774E0));
#1989=CARTESIAN_POINT('',(3.227333817517E-1,-5.375704780894E-1,
1.055613326774E0));
#1990=CARTESIAN_POINT('',(3.264621110950E-1,-5.726587859574E-1,
1.054483027970E0));
#1991=CARTESIAN_POINT('',(3.425721878950E-1,-6.223001926742E-1,
1.049418600258E0));
#1992=CARTESIAN_POINT('',(3.686950297214E-1,-6.676733425007E-1,
1.040618556344E0));
#1993=CARTESIAN_POINT('',(4.033767505862E-1,-7.059895870560E-1,
1.027776103128E0));
#1994=CARTESIAN_POINT('',(4.443429225105E-1,-7.351287957249E-1,
1.010827694556E0));
#1995=CARTESIAN_POINT('',(4.889277941146E-1,-7.538052640900E-1,
9.900984173296E-1));
#1996=CARTESIAN_POINT('',(5.198147652117E-1,-7.590191857731E-1,
9.739489608708E-1));
#1997=CARTESIAN_POINT('',(5.351552343301E-1,-7.597703128468E-1,
9.654455999918E-1));
#1999=CURVE_STYLE('',#1267,POSITIVE_LENGTH_MEASURE(2.E-2),#232);
#2000=PRESENTATION_STYLE_ASSIGNMENT((#1999));
#2001=STYLED_ITEM('',(#2000),#1998);
#2002=CARTESIAN_POINT('',(6.087824479162E-1,-7.6E-1,1.170364795093E0));
#2003=CARTESIAN_POINT('',(5.926757269005E-1,-7.6E-1,1.178742942734E0));
#2004=CARTESIAN_POINT('',(5.602349307513E-1,-7.560047906772E-1,
1.194759516179E0));
#2005=CARTESIAN_POINT('',(5.133492448949E-1,-7.382693636808E-1,
1.215581399836E0));
#2006=CARTESIAN_POINT('',(4.706867701239E-1,-7.097666896843E-1,
1.232653837829E0));
#2007=CARTESIAN_POINT('',(4.338875516408E-1,-6.707961273266E-1,
1.245992777144E0));
#2008=CARTESIAN_POINT('',(4.066253673869E-1,-6.248969821809E-1,
1.255068620300E0));
#2009=CARTESIAN_POINT('',(3.895678564129E-1,-5.738089149459E-1,
1.260415851167E0));
#2010=CARTESIAN_POINT('',(3.857057489227E-1,-5.379366088127E-1,
1.261586658828E0));
#2011=CARTESIAN_POINT('',(3.857057489228E-1,-5.199999999987E-1,
1.261586658828E0));
#2013=CURVE_STYLE('',#1267,POSITIVE_LENGTH_MEASURE(2.E-2),#232);
#2014=PRESENTATION_STYLE_ASSIGNMENT((#2013));
#2015=STYLED_ITEM('',(#2014),#2012);
#2016=DIRECTION('',(-2.923717047224E-1,-6.865936390860E-13,-9.563047559631E-1));
#2017=VECTOR('',#2016,2.153846153846E-1);
#2018=CARTESIAN_POINT('',(3.857057489228E-1,-5.199999999987E-1,
1.261586658828E0));
#2019=LINE('',#2018,#2017);
#2020=CURVE_STYLE('',#1267,POSITIVE_LENGTH_MEASURE(2.E-2),#232);
#2021=PRESENTATION_STYLE_ASSIGNMENT((#2020));
#2022=STYLED_ITEM('',(#2021),#2019);
#2023=DIRECTION('',(-2.923717047873E-1,0.E0,-9.563047559433E-1));
#2024=VECTOR('',#2023,1.681049555836E-1);
#2025=CARTESIAN_POINT('',(6.087824479162E-1,-7.6E-1,1.170364795093E0));
#2026=LINE('',#2025,#2024);
#2027=CURVE_STYLE('',#1267,POSITIVE_LENGTH_MEASURE(2.E-2),#232);
#2028=PRESENTATION_STYLE_ASSIGNMENT((#2027));
#2029=STYLED_ITEM('',(#2028),#2026);
#2030=DIRECTION('',(6.560590290383E-1,0.E0,7.547095801812E-1));
#2031=VECTOR('',#2030,1.681049555883E-1);
#2032=CARTESIAN_POINT('',(5.596333154690E-1,-7.6E-1,1.009605226571E0));
#2033=LINE('',#2032,#2031);
#2034=CURVE_STYLE('',#1267,POSITIVE_LENGTH_MEASURE(2.E-2),#232);
#2035=PRESENTATION_STYLE_ASSIGNMENT((#2034));
#2036=STYLED_ITEM('',(#2035),#2033);
#2037=CARTESIAN_POINT('',(0.E0,-7.6E-1,0.E0));
#2038=DIRECTION('',(0.E0,-1.E0,0.E0));
#2039=DIRECTION('',(5.078111464908E-1,0.E0,8.614684204890E-1));
#2040=AXIS2_PLACEMENT_3D('',#2037,#2038,#2039);
#2042=CURVE_STYLE('',#1267,POSITIVE_LENGTH_MEASURE(2.E-2),#232);
#2043=PRESENTATION_STYLE_ASSIGNMENT((#2042));
#2044=STYLED_ITEM('',(#2043),#2041);
#2045=CARTESIAN_POINT('',(3.069902899589E-1,-3.876923076923E-1,
1.004119993761E0));
#2046=DIRECTION('',(-9.563047559630E-1,0.E0,2.923717047228E-1));
#2047=DIRECTION('',(2.923717047228E-1,-1.282631144152E-11,9.563047559630E-1));
#2048=AXIS2_PLACEMENT_3D('',#2045,#2046,#2047);
#2050=CURVE_STYLE('',#1267,POSITIVE_LENGTH_MEASURE(2.E-2),#232);
#2051=PRESENTATION_STYLE_ASSIGNMENT((#2050));
#2052=STYLED_ITEM('',(#2051),#2049);
#2053=CARTESIAN_POINT('',(3.592990667251E-1,-1.723076923077E-1,
1.175214293217E0));
#2054=DIRECTION('',(9.563047559631E-1,0.E0,-2.923717047227E-1));
#2055=DIRECTION('',(-1.868172870912E-1,-7.692301238824E-1,-6.110518126605E-1));
#2056=AXIS2_PLACEMENT_3D('',#2053,#2054,#2055);
#2058=CURVE_STYLE('',#1267,POSITIVE_LENGTH_MEASURE(2.E-2),#232);
#2059=PRESENTATION_STYLE_ASSIGNMENT((#2058));
#2060=STYLED_ITEM('',(#2059),#2057);
#2061=CARTESIAN_POINT('',(3.592990667251E-1,-1.723076923077E-1,
1.175214293217E0));
#2062=DIRECTION('',(9.563047559631E-1,0.E0,-2.923717047227E-1));
#2063=DIRECTION('',(-2.923717047227E-1,1.082467449010E-13,-9.563047559631E-1));
#2064=AXIS2_PLACEMENT_3D('',#2061,#2062,#2063);
#2066=CURVE_STYLE('',#1267,POSITIVE_LENGTH_MEASURE(2.E-2),#232);
#2067=PRESENTATION_STYLE_ASSIGNMENT((#2066));
#2068=STYLED_ITEM('',(#2067),#2065);
#2069=DIRECTION('',(2.199819823573E-1,6.587005839709E-1,7.195286430119E-1));
#2070=VECTOR('',#2069,2.321123065795E-1);
#2071=CARTESIAN_POINT('',(3.572250700336E-1,-1.642048671823E-1,
1.168430555708E0));
#2072=LINE('',#2071,#2070);
#2073=CURVE_STYLE('',#1267,POSITIVE_LENGTH_MEASURE(2.E-2),#232);
#2074=PRESENTATION_STYLE_ASSIGNMENT((#2073));
#2075=STYLED_ITEM('',(#2074),#2072);
#2076=DIRECTION('',(-1.925814606127E-1,7.524170040426E-1,-6.299055747141E-1));
#2077=VECTOR('',#2076,1.615490042088E-1);
#2078=CARTESIAN_POINT('',(4.082855953645E-1,-1.131235529150E-2,
1.335442008687E0));
#2079=LINE('',#2078,#2077);
#2080=CURVE_STYLE('',#1267,POSITIVE_LENGTH_MEASURE(2.E-2),#232);
#2081=PRESENTATION_STYLE_ASSIGNMENT((#2080));
#2082=STYLED_ITEM('',(#2081),#2079);
#2083=DIRECTION('',(-2.601225378033E-1,-4.565494126794E-1,-8.508224838995E-1));
#2084=VECTOR('',#2083,2.219709489036E-1);
#2085=CARTESIAN_POINT('',(3.771742521735E-1,1.102398624614E-1,
1.233681390347E0));
#2086=LINE('',#2085,#2084);
#2087=CURVE_STYLE('',#1267,POSITIVE_LENGTH_MEASURE(2.E-2),#232);
#2088=PRESENTATION_STYLE_ASSIGNMENT((#2087));
#2089=STYLED_ITEM('',(#2088),#2086);
#2090=DIRECTION('',(-2.199819823240E-1,-6.587005840937E-1,-7.195286429097E-1));
#2091=VECTOR('',#2090,1.677169404746E-2);
#2092=CARTESIAN_POINT('',(3.194346056261E-1,8.899156107521E-3,
1.044823516247E0));
#2093=LINE('',#2092,#2091);
#2094=CURVE_STYLE('',#1267,POSITIVE_LENGTH_MEASURE(2.E-2),#232);
#2095=PRESENTATION_STYLE_ASSIGNMENT((#2094));
#2096=STYLED_ITEM('',(#2095),#2093);
#2097=CARTESIAN_POINT('',(3.592990667251E-1,-1.723076923077E-1,
1.175214293217E0));
#2098=DIRECTION('',(-9.563047559631E-1,0.E0,2.923717047227E-1));
#2099=DIRECTION('',(-1.925854107180E-1,7.524051763012E-1,-6.299184949291E-1));
#2100=AXIS2_PLACEMENT_3D('',#2097,#2098,#2099);
#2102=CURVE_STYLE('',#1267,POSITIVE_LENGTH_MEASURE(2.E-2),#232);
#2103=PRESENTATION_STYLE_ASSIGNMENT((#2102));
#2104=STYLED_ITEM('',(#2103),#2101);
#2105=CARTESIAN_POINT('',(3.592990667251E-1,-1.723076923077E-1,
1.175214293217E0));
#2106=DIRECTION('',(-9.563047559631E-1,0.E0,2.923717047227E-1));
#2107=DIRECTION('',(-2.923717047227E-1,0.E0,-9.563047559631E-1));
#2108=AXIS2_PLACEMENT_3D('',#2105,#2106,#2107);
#2110=CURVE_STYLE('',#1267,POSITIVE_LENGTH_MEASURE(2.E-2),#232);
#2111=PRESENTATION_STYLE_ASSIGNMENT((#2110));
#2112=STYLED_ITEM('',(#2111),#2109);
#2113=CARTESIAN_POINT('',(3.069902899589E-1,-3.876923076923E-1,
1.004119993761E0));
#2114=DIRECTION('',(9.563047559630E-1,0.E0,-2.923717047228E-1));
#2115=DIRECTION('',(1.868170912599E-1,7.692306802630E-1,6.110511721250E-1));
#2116=AXIS2_PLACEMENT_3D('',#2113,#2114,#2115);
#2118=CURVE_STYLE('',#1267,POSITIVE_LENGTH_MEASURE(2.E-2),#232);
#2119=PRESENTATION_STYLE_ASSIGNMENT((#2118));
#2120=STYLED_ITEM('',(#2119),#2117);
#2121=CARTESIAN_POINT('',(0.E0,-3.876923076923E-1,0.E0));
#2122=DIRECTION('',(0.E0,-1.E0,0.E0));
#2123=DIRECTION('',(2.923717047228E-1,0.E0,9.563047559630E-1));
#2124=AXIS2_PLACEMENT_3D('',#2121,#2122,#2123);
#2126=CURVE_STYLE('',#1267,POSITIVE_LENGTH_MEASURE(2.E-2),#232);
#2127=PRESENTATION_STYLE_ASSIGNMENT((#2126));
#2128=STYLED_ITEM('',(#2127),#2125);
#2129=CARTESIAN_POINT('',(-1.205553384341E0,-1.805917159615E-1,
2.000000000001E-1));
#2130=CARTESIAN_POINT('',(-1.204695657944E0,-1.798888416652E-1,
2.000000000001E-1));
#2131=CARTESIAN_POINT('',(-1.203282387314E0,-1.783078039674E-1,
1.999999997400E-1));
#2132=CARTESIAN_POINT('',(-1.201937510616E0,-1.754737207722E-1,
2.000000009098E-1));
#2133=CARTESIAN_POINT('',(-1.201612071391E0,-1.734006645321E-1,
1.999999980504E-1));
#2134=CARTESIAN_POINT('',(-1.201612071391E0,-1.723076923098E-1,
1.999999980504E-1));
#2136=CURVE_STYLE('',#1267,POSITIVE_LENGTH_MEASURE(2.E-2),#232);
#2137=PRESENTATION_STYLE_ASSIGNMENT((#2136));
#2138=STYLED_ITEM('',(#2137),#2135);
#2139=CARTESIAN_POINT('',(-1.201612071391E0,-1.723076923098E-1,
1.999999980504E-1));
#2140=CARTESIAN_POINT('',(-1.201612071391E0,-1.712476010419E-1,
1.999999980504E-1));
#2141=CARTESIAN_POINT('',(-1.201919433244E0,-1.692320750482E-1,
2.000000009098E-1));
#2142=CARTESIAN_POINT('',(-1.203185474875E0,-1.664720019793E-1,
1.999999997401E-1));
#2143=CARTESIAN_POINT('',(-1.204524513435E0,-1.649074432248E-1,2.E-1));
#2144=CARTESIAN_POINT('',(-1.205338008044E0,-1.642048673751E-1,2.E-1));
#2146=CURVE_STYLE('',#1267,POSITIVE_LENGTH_MEASURE(2.E-2),#232);
#2147=PRESENTATION_STYLE_ASSIGNMENT((#2146));
#2148=STYLED_ITEM('',(#2147),#2145);
#2149=CARTESIAN_POINT('',(0.E0,-1.642048673935E-1,0.E0));
#2150=DIRECTION('',(0.E0,1.E0,0.E0));
#2151=DIRECTION('',(-9.865117479271E-1,0.E0,1.636904737665E-1));
#2152=AXIS2_PLACEMENT_3D('',#2149,#2150,#2151);
#2154=CURVE_STYLE('',#1267,POSITIVE_LENGTH_MEASURE(2.E-2),#232);
#2155=PRESENTATION_STYLE_ASSIGNMENT((#2154));
#2156=STYLED_ITEM('',(#2155),#2153);
#2157=CARTESIAN_POINT('',(0.E0,-1.805917159771E-1,0.E0));
#2158=DIRECTION('',(0.E0,-1.E0,0.E0));
#2159=DIRECTION('',(2.923717047227E-1,0.E0,9.563047559631E-1));
#2160=AXIS2_PLACEMENT_3D('',#2157,#2158,#2159);
#2162=CURVE_STYLE('',#1267,POSITIVE_LENGTH_MEASURE(2.E-2),#232);
#2163=PRESENTATION_STYLE_ASSIGNMENT((#2162));
#2164=STYLED_ITEM('',(#2163),#2161);
#2165=CARTESIAN_POINT('',(-1.205338008044E0,-1.642048673751E-1,2.E-1));
#2166=CARTESIAN_POINT('',(-1.224993869352E0,-1.472290530064E-1,2.E-1));
#2167=CARTESIAN_POINT('',(-1.264290762906E0,-1.132672031133E-1,2.E-1));
#2168=CARTESIAN_POINT('',(-1.323197918698E0,-6.230100640299E-2,2.E-1));
#2169=CARTESIAN_POINT('',(-1.362446049188E0,-2.831052793861E-2,2.E-1));
#2170=CARTESIAN_POINT('',(-1.382064573726E0,-1.131235529151E-2,2.E-1));
#2172=CURVE_STYLE('',#1267,POSITIVE_LENGTH_MEASURE(2.E-2),#232);
#2173=PRESENTATION_STYLE_ASSIGNMENT((#2172));
#2174=STYLED_ITEM('',(#2173),#2171);
#2175=CARTESIAN_POINT('',(-1.382064573726E0,-1.131235529151E-2,2.E-1));
#2176=CARTESIAN_POINT('',(-1.370115295508E0,2.196568616643E-3,2.E-1));
#2177=CARTESIAN_POINT('',(-1.346211803341E0,2.921243619087E-2,2.E-1));
#2178=CARTESIAN_POINT('',(-1.310341695100E0,6.973025267904E-2,2.E-1));
#2179=CARTESIAN_POINT('',(-1.286417809153E0,9.673761596086E-2,2.E-1));
#2180=CARTESIAN_POINT('',(-1.274452898067E0,1.102398624615E-1,2.E-1));
#2182=CURVE_STYLE('',#1267,POSITIVE_LENGTH_MEASURE(2.E-2),#232);
#2183=PRESENTATION_STYLE_ASSIGNMENT((#2182));
#2184=STYLED_ITEM('',(#2183),#2181);
#2185=CARTESIAN_POINT('',(0.E0,-1.131235529152E-2,0.E0));
#2186=DIRECTION('',(0.E0,-1.E0,0.E0));
#2187=DIRECTION('',(2.923717047228E-1,0.E0,9.563047559630E-1));
#2188=AXIS2_PLACEMENT_3D('',#2185,#2186,#2187);
#2190=CURVE_STYLE('',#1267,POSITIVE_LENGTH_MEASURE(2.E-2),#232);
#2191=PRESENTATION_STYLE_ASSIGNMENT((#2190));
#2192=STYLED_ITEM('',(#2191),#2189);
#2193=CARTESIAN_POINT('',(-1.274452898067E0,1.102398624615E-1,2.E-1));
#2194=CARTESIAN_POINT('',(-1.252210495816E0,9.896415167852E-2,2.E-1));
#2195=CARTESIAN_POINT('',(-1.207714051812E0,7.642134358566E-2,2.E-1));
#2196=CARTESIAN_POINT('',(-1.140932078624E0,4.263755638423E-2,2.E-1));
#2197=CARTESIAN_POINT('',(-1.096383682394E0,2.013992725191E-2,2.E-1));
#2198=CARTESIAN_POINT('',(-1.074101786319E0,8.899156107581E-3,2.E-1));
#2200=CURVE_STYLE('',#1267,POSITIVE_LENGTH_MEASURE(2.E-2),#232);
#2201=PRESENTATION_STYLE_ASSIGNMENT((#2200));
#2202=STYLED_ITEM('',(#2201),#2199);
#2203=CARTESIAN_POINT('',(0.E0,1.102398624614E-1,0.E0));
#2204=DIRECTION('',(0.E0,-1.E0,0.E0));
#2205=DIRECTION('',(2.923717047226E-1,0.E0,9.563047559631E-1));
#2206=AXIS2_PLACEMENT_3D('',#2203,#2204,#2205);
#2208=CURVE_STYLE('',#1267,POSITIVE_LENGTH_MEASURE(2.E-2),#232);
#2209=PRESENTATION_STYLE_ASSIGNMENT((#2208));
#2210=STYLED_ITEM('',(#2209),#2207);
#2211=CARTESIAN_POINT('',(-1.061263179409E0,-2.148368933952E-3,2.E-1));
#2212=CARTESIAN_POINT('',(-1.048691307567E0,-1.296415255246E-2,2.E-1));
#2213=CARTESIAN_POINT('',(-1.026603581172E0,-3.667714620706E-2,
2.000000001182E-1));
#2214=CARTESIAN_POINT('',(-1.001877212451E0,-7.758662908612E-2,
1.999999995864E-1));
#2215=CARTESIAN_POINT('',(-9.860280210390E-1,-1.244473980755E-1,
2.000000015362E-1));
#2216=CARTESIAN_POINT('',(-9.826106681520E-1,-1.560892443357E-1,
1.999999966912E-1));
#2217=CARTESIAN_POINT('',(-9.826106681520E-1,-1.723076923079E-1,
1.999999966912E-1));
#2219=CURVE_STYLE('',#1267,POSITIVE_LENGTH_MEASURE(2.E-2),#232);
#2220=PRESENTATION_STYLE_ASSIGNMENT((#2219));
#2221=STYLED_ITEM('',(#2220),#2218);
#2222=CARTESIAN_POINT('',(-9.826106681520E-1,-1.723076923079E-1,
1.999999966912E-1));
#2223=CARTESIAN_POINT('',(-9.826106681520E-1,-1.890277340426E-1,
1.999999966912E-1));
#2224=CARTESIAN_POINT('',(-9.862366705469E-1,-2.216016940887E-1,
2.000000015361E-1));
#2225=CARTESIAN_POINT('',(-1.003051339778E0,-2.697654111350E-1,
1.999999995867E-1));
#2226=CARTESIAN_POINT('',(-1.029242492344E0,-3.115286761867E-1,
2.000000001169E-1));
#2227=CARTESIAN_POINT('',(-1.052548274634E0,-3.354506250254E-1,
2.000000000028E-1));
#2228=CARTESIAN_POINT('',(-1.065803295242E0,-3.462721893559E-1,
2.000000000028E-1));
#2230=CURVE_STYLE('',#1267,POSITIVE_LENGTH_MEASURE(2.E-2),#232);
#2231=PRESENTATION_STYLE_ASSIGNMENT((#2230));
#2232=STYLED_ITEM('',(#2231),#2229);
#2233=CARTESIAN_POINT('',(0.E0,-2.148368950388E-3,0.E0));
#2234=DIRECTION('',(0.E0,-1.E0,0.E0));
#2235=DIRECTION('',(2.923717047226E-1,0.E0,9.563047559631E-1));
#2236=AXIS2_PLACEMENT_3D('',#2233,#2234,#2235);
#2238=CURVE_STYLE('',#1267,POSITIVE_LENGTH_MEASURE(2.E-2),#232);
#2239=PRESENTATION_STYLE_ASSIGNMENT((#2238));
#2240=STYLED_ITEM('',(#2239),#2237);
#2241=CARTESIAN_POINT('',(0.E0,-3.876923076923E-1,0.E0));
#2242=DIRECTION('',(0.E0,1.E0,0.E0));
#2243=DIRECTION('',(-9.834490915767E-1,0.E0,1.811846689897E-1));
#2244=AXIS2_PLACEMENT_3D('',#2241,#2242,#2243);
#2246=CURVE_STYLE('',#1267,POSITIVE_LENGTH_MEASURE(2.E-2),#232);
#2247=PRESENTATION_STYLE_ASSIGNMENT((#2246));
#2248=STYLED_ITEM('',(#2247),#2245);
#2249=CARTESIAN_POINT('',(0.E0,-3.462721893428E-1,0.E0));
#2250=DIRECTION('',(0.E0,-1.E0,0.E0));
#2251=DIRECTION('',(2.923717047228E-1,0.E0,9.563047559630E-1));
#2252=AXIS2_PLACEMENT_3D('',#2249,#2250,#2251);
#2254=CURVE_STYLE('',#1267,POSITIVE_LENGTH_MEASURE(2.E-2),#232);
#2255=PRESENTATION_STYLE_ASSIGNMENT((#2254));
#2256=STYLED_ITEM('',(#2255),#2253);
#2257=CARTESIAN_POINT('',(0.E0,-3.462721893428E-1,0.E0));
#2258=DIRECTION('',(0.E0,-1.E0,0.E0));
#2259=DIRECTION('',(6.517013562501E-1,0.E0,-7.584756701845E-1));
#2260=AXIS2_PLACEMENT_3D('',#2257,#2258,#2259);
#2262=CURVE_STYLE('',#1267,POSITIVE_LENGTH_MEASURE(2.E-2),#232);
#2263=PRESENTATION_STYLE_ASSIGNMENT((#2262));
#2264=STYLED_ITEM('',(#2263),#2261);
#2265=CARTESIAN_POINT('',(0.E0,-3.462721893428E-1,0.E0));
#2266=DIRECTION('',(0.E0,-1.E0,0.E0));
#2267=DIRECTION('',(1.E0,0.E0,0.E0));
#2268=AXIS2_PLACEMENT_3D('',#2265,#2266,#2267);
#2270=CURVE_STYLE('',#1267,POSITIVE_LENGTH_MEASURE(2.E-2),#232);
#2271=PRESENTATION_STYLE_ASSIGNMENT((#2270));
#2272=STYLED_ITEM('',(#2271),#2269);
#2273=CARTESIAN_POINT('',(0.E0,-3.876923076923E-1,0.E0));
#2274=DIRECTION('',(0.E0,1.E0,0.E0));
#2275=DIRECTION('',(6.560590289904E-1,0.E0,7.547095802228E-1));
#2276=AXIS2_PLACEMENT_3D('',#2273,#2274,#2275);
#2278=CURVE_STYLE('',#1267,POSITIVE_LENGTH_MEASURE(2.E-2),#232);
#2279=PRESENTATION_STYLE_ASSIGNMENT((#2278));
#2280=STYLED_ITEM('',(#2279),#2277);
#2281=CARTESIAN_POINT('',(0.E0,-3.876923076923E-1,0.E0));
#2282=DIRECTION('',(0.E0,1.E0,0.E0));
#2283=DIRECTION('',(1.E0,0.E0,0.E0));
#2284=AXIS2_PLACEMENT_3D('',#2281,#2282,#2283);
#2286=CURVE_STYLE('',#1267,POSITIVE_LENGTH_MEASURE(2.E-2),#232);
#2287=PRESENTATION_STYLE_ASSIGNMENT((#2286));
#2288=STYLED_ITEM('',(#2287),#2285);
#2289=CARTESIAN_POINT('',(0.E0,-2.148368950388E-3,0.E0));
#2290=DIRECTION('',(0.E0,-1.E0,0.E0));
#2291=DIRECTION('',(6.517013562501E-1,0.E0,-7.584756701844E-1));
#2292=AXIS2_PLACEMENT_3D('',#2289,#2290,#2291);
#2294=CURVE_STYLE('',#1267,POSITIVE_LENGTH_MEASURE(2.E-2),#232);
#2295=PRESENTATION_STYLE_ASSIGNMENT((#2294));
#2296=STYLED_ITEM('',(#2295),#2293);
#2297=CARTESIAN_POINT('',(0.E0,-2.148368950388E-3,0.E0));
#2298=DIRECTION('',(0.E0,-1.E0,0.E0));
#2299=DIRECTION('',(1.E0,0.E0,0.E0));
#2300=AXIS2_PLACEMENT_3D('',#2297,#2298,#2299);
#2302=CURVE_STYLE('',#1267,POSITIVE_LENGTH_MEASURE(2.E-2),#232);
#2303=PRESENTATION_STYLE_ASSIGNMENT((#2302));
#2304=STYLED_ITEM('',(#2303),#2301);
#2305=CARTESIAN_POINT('',(0.E0,1.102398624615E-1,0.E0));
#2306=DIRECTION('',(0.E0,-1.E0,0.E0));
#2307=DIRECTION('',(6.517013562501E-1,0.E0,-7.584756701844E-1));
#2308=AXIS2_PLACEMENT_3D('',#2305,#2306,#2307);
#2310=CURVE_STYLE('',#1267,POSITIVE_LENGTH_MEASURE(2.E-2),#232);
#2311=PRESENTATION_STYLE_ASSIGNMENT((#2310));
#2312=STYLED_ITEM('',(#2311),#2309);
#2313=CARTESIAN_POINT('',(0.E0,1.102398624615E-1,0.E0));
#2314=DIRECTION('',(0.E0,-1.E0,0.E0));
#2315=DIRECTION('',(1.E0,0.E0,0.E0));
#2316=AXIS2_PLACEMENT_3D('',#2313,#2314,#2315);
#2318=CURVE_STYLE('',#1267,POSITIVE_LENGTH_MEASURE(2.E-2),#232);
#2319=PRESENTATION_STYLE_ASSIGNMENT((#2318));
#2320=STYLED_ITEM('',(#2319),#2317);
#2321=CARTESIAN_POINT('',(0.E0,8.899156107812E-3,0.E0));
#2322=DIRECTION('',(0.E0,1.E0,0.E0));
#2323=DIRECTION('',(6.560590289904E-1,0.E0,7.547095802229E-1));
#2324=AXIS2_PLACEMENT_3D('',#2321,#2322,#2323);
#2326=CURVE_STYLE('',#1267,POSITIVE_LENGTH_MEASURE(2.E-2),#232);
#2327=PRESENTATION_STYLE_ASSIGNMENT((#2326));
#2328=STYLED_ITEM('',(#2327),#2325);
#2329=CARTESIAN_POINT('',(0.E0,8.899156107812E-3,0.E0));
#2330=DIRECTION('',(0.E0,1.E0,0.E0));
#2331=DIRECTION('',(1.E0,0.E0,0.E0));
#2332=AXIS2_PLACEMENT_3D('',#2329,#2330,#2331);
#2334=CURVE_STYLE('',#1267,POSITIVE_LENGTH_MEASURE(2.E-2),#232);
#2335=PRESENTATION_STYLE_ASSIGNMENT((#2334));
#2336=STYLED_ITEM('',(#2335),#2333);
#2337=CARTESIAN_POINT('',(0.E0,-1.131235529152E-2,0.E0));
#2338=DIRECTION('',(0.E0,-1.E0,0.E0));
#2339=DIRECTION('',(6.517013562501E-1,0.E0,-7.584756701845E-1));
#2340=AXIS2_PLACEMENT_3D('',#2337,#2338,#2339);
#2342=CURVE_STYLE('',#1267,POSITIVE_LENGTH_MEASURE(2.E-2),#232);
#2343=PRESENTATION_STYLE_ASSIGNMENT((#2342));
#2344=STYLED_ITEM('',(#2343),#2341);
#2345=CARTESIAN_POINT('',(0.E0,-1.131235529152E-2,0.E0));
#2346=DIRECTION('',(0.E0,-1.E0,0.E0));
#2347=DIRECTION('',(1.E0,0.E0,0.E0));
#2348=AXIS2_PLACEMENT_3D('',#2345,#2346,#2347);
#2350=CURVE_STYLE('',#1267,POSITIVE_LENGTH_MEASURE(2.E-2),#232);
#2351=PRESENTATION_STYLE_ASSIGNMENT((#2350));
#2352=STYLED_ITEM('',(#2351),#2349);
#2353=CARTESIAN_POINT('',(0.E0,-1.805917159771E-1,0.E0));
#2354=DIRECTION('',(0.E0,-1.E0,0.E0));
#2355=DIRECTION('',(6.517013562501E-1,0.E0,-7.584756701844E-1));
#2356=AXIS2_PLACEMENT_3D('',#2353,#2354,#2355);
#2358=CURVE_STYLE('',#1267,POSITIVE_LENGTH_MEASURE(2.E-2),#232);
#2359=PRESENTATION_STYLE_ASSIGNMENT((#2358));
#2360=STYLED_ITEM('',(#2359),#2357);
#2361=CARTESIAN_POINT('',(0.E0,-1.805917159771E-1,0.E0));
#2362=DIRECTION('',(0.E0,-1.E0,0.E0));
#2363=DIRECTION('',(1.E0,0.E0,0.E0));
#2364=AXIS2_PLACEMENT_3D('',#2361,#2362,#2363);
#2366=CURVE_STYLE('',#1267,POSITIVE_LENGTH_MEASURE(2.E-2),#232);
#2367=PRESENTATION_STYLE_ASSIGNMENT((#2366));
#2368=STYLED_ITEM('',(#2367),#2365);
#2369=CARTESIAN_POINT('',(0.E0,-1.642048673935E-1,0.E0));
#2370=DIRECTION('',(0.E0,1.E0,0.E0));
#2371=DIRECTION('',(6.560590289903E-1,0.E0,7.547095802229E-1));
#2372=AXIS2_PLACEMENT_3D('',#2369,#2370,#2371);
#2374=CURVE_STYLE('',#1267,POSITIVE_LENGTH_MEASURE(2.E-2),#232);
#2375=PRESENTATION_STYLE_ASSIGNMENT((#2374));
#2376=STYLED_ITEM('',(#2375),#2373);
#2377=CARTESIAN_POINT('',(0.E0,-1.642048673935E-1,0.E0));
#2378=DIRECTION('',(0.E0,1.E0,0.E0));
#2379=DIRECTION('',(1.E0,0.E0,0.E0));
#2380=AXIS2_PLACEMENT_3D('',#2377,#2378,#2379);
#2382=CURVE_STYLE('',#1267,POSITIVE_LENGTH_MEASURE(2.E-2),#232);
#2383=PRESENTATION_STYLE_ASSIGNMENT((#2382));
#2384=STYLED_ITEM('',(#2383),#2381);
#2385=CARTESIAN_POINT('',(0.E0,-1.739760041553E0,0.E0));
#2386=DIRECTION('',(0.E0,1.E0,0.E0));
#2387=DIRECTION('',(-5.918367346945E-1,0.E0,-8.060578635967E-1));
#2388=AXIS2_PLACEMENT_3D('',#2385,#2386,#2387);
#2390=CURVE_STYLE('',#1267,POSITIVE_LENGTH_MEASURE(2.E-2),#232);
#2391=PRESENTATION_STYLE_ASSIGNMENT((#2390));
#2392=STYLED_ITEM('',(#2391),#2389);
#2393=CARTESIAN_POINT('',(0.E0,-1.739760041553E0,0.E0));
#2394=DIRECTION('',(0.E0,-1.E0,0.E0));
#2395=DIRECTION('',(-9.834490915767E-1,0.E0,-1.811846689896E-1));
#2396=AXIS2_PLACEMENT_3D('',#2393,#2394,#2395);
#2398=CURVE_STYLE('',#1267,POSITIVE_LENGTH_MEASURE(2.E-2),#232);
#2399=PRESENTATION_STYLE_ASSIGNMENT((#2398));
#2400=STYLED_ITEM('',(#2399),#2397);
#2401=DIRECTION('',(1.893189495292E-14,0.E0,1.E0));
#2402=VECTOR('',#2401,4.398224639106E-1);
#2403=CARTESIAN_POINT('',(8.192307692304E-1,-1.739760041553E0,
-7.398224639106E-1));
#2404=LINE('',#2403,#2402);
#2405=CURVE_STYLE('',#1267,POSITIVE_LENGTH_MEASURE(2.E-2),#232);
#2406=PRESENTATION_STYLE_ASSIGNMENT((#2405));
#2407=STYLED_ITEM('',(#2406),#2404);
#2408=DIRECTION('',(1.E0,0.E0,7.308098562238E-14));
#2409=VECTOR('',#2408,2.430668968504E-1);
#2410=CARTESIAN_POINT('',(8.192307692304E-1,-1.739760041553E0,-3.E-1));
#2411=LINE('',#2410,#2409);
#2412=CURVE_STYLE('',#1267,POSITIVE_LENGTH_MEASURE(2.E-2),#232);
#2413=PRESENTATION_STYLE_ASSIGNMENT((#2412));
#2414=STYLED_ITEM('',(#2413),#2411);
#2415=CARTESIAN_POINT('',(0.E0,-1.739760041553E0,0.E0));
#2416=DIRECTION('',(0.E0,-1.E0,0.E0));
#2417=DIRECTION('',(9.623602549862E-1,0.E0,-2.717770034844E-1));
#2418=AXIS2_PLACEMENT_3D('',#2415,#2416,#2417);
#2420=CURVE_STYLE('',#1267,POSITIVE_LENGTH_MEASURE(2.E-2),#232);
#2421=PRESENTATION_STYLE_ASSIGNMENT((#2420));
#2422=STYLED_ITEM('',(#2421),#2419);
#2423=CARTESIAN_POINT('',(0.E0,-1.739760041553E0,0.E0));
#2424=DIRECTION('',(0.E0,-1.E0,0.E0));
#2425=DIRECTION('',(1.E0,0.E0,0.E0));
#2426=AXIS2_PLACEMENT_3D('',#2423,#2424,#2425);
#2428=CURVE_STYLE('',#1267,POSITIVE_LENGTH_MEASURE(2.E-2),#232);
#2429=PRESENTATION_STYLE_ASSIGNMENT((#2428));
#2430=STYLED_ITEM('',(#2429),#2427);
#2431=DIRECTION('',(-1.E0,0.E0,5.960667889826E-14));
#2432=VECTOR('',#2431,2.430668968504E-1);
#2433=CARTESIAN_POINT('',(1.062297666081E0,-1.739760041553E0,3.E-1));
#2434=LINE('',#2433,#2432);
#2435=CURVE_STYLE('',#1267,POSITIVE_LENGTH_MEASURE(2.E-2),#232);
#2436=PRESENTATION_STYLE_ASSIGNMENT((#2435));
#2437=STYLED_ITEM('',(#2436),#2434);
#2438=DIRECTION('',(0.E0,0.E0,1.E0));
#2439=VECTOR('',#2438,4.398224639106E-1);
#2440=CARTESIAN_POINT('',(8.192307692304E-1,-1.739760041553E0,3.E-1));
#2441=LINE('',#2440,#2439);
#2442=CURVE_STYLE('',#1267,POSITIVE_LENGTH_MEASURE(2.E-2),#232);
#2443=PRESENTATION_STYLE_ASSIGNMENT((#2442));
#2444=STYLED_ITEM('',(#2443),#2441);
#2445=CARTESIAN_POINT('',(0.E0,-1.739760041553E0,0.E0));
#2446=DIRECTION('',(0.E0,-1.E0,0.E0));
#2447=DIRECTION('',(7.421602787454E-1,0.E0,6.702224411735E-1));
#2448=AXIS2_PLACEMENT_3D('',#2445,#2446,#2447);
#2450=CURVE_STYLE('',#1267,POSITIVE_LENGTH_MEASURE(2.E-2),#232);
#2451=PRESENTATION_STYLE_ASSIGNMENT((#2450));
#2452=STYLED_ITEM('',(#2451),#2449);
#2453=DIRECTION('',(-1.E0,0.E0,-4.020893338933E-13));
#2454=VECTOR('',#2453,2.184057965366E-1);
#2455=CARTESIAN_POINT('',(-1.085576497240E0,-1.739760041553E0,
2.000000000001E-1));
#2456=LINE('',#2455,#2454);
#2457=CURVE_STYLE('',#1267,POSITIVE_LENGTH_MEASURE(2.E-2),#232);
#2458=PRESENTATION_STYLE_ASSIGNMENT((#2457));
#2459=STYLED_ITEM('',(#2458),#2456);
#2460=CARTESIAN_POINT('',(0.E0,-1.739760041553E0,0.E0));
#2461=DIRECTION('',(0.E0,1.E0,0.E0));
#2462=DIRECTION('',(-9.884413888692E-1,0.E0,1.516034985424E-1));
#2463=AXIS2_PLACEMENT_3D('',#2460,#2461,#2462);
#2465=CURVE_STYLE('',#1267,POSITIVE_LENGTH_MEASURE(2.E-2),#232);
#2466=PRESENTATION_STYLE_ASSIGNMENT((#2465));
#2467=STYLED_ITEM('',(#2466),#2464);
#2468=DIRECTION('',(0.E0,0.E0,-1.E0));
#2469=VECTOR('',#2468,8.E-1);
#2470=CARTESIAN_POINT('',(-4.000769230770E0,-1.739760041553E0,4.E-1));
#2471=LINE('',#2470,#2469);
#2472=CURVE_STYLE('',#1267,POSITIVE_LENGTH_MEASURE(2.E-2),#232);
#2473=PRESENTATION_STYLE_ASSIGNMENT((#2472));
#2474=STYLED_ITEM('',(#2473),#2471);
#2475=DIRECTION('',(9.536898279690E-12,1.879490442914E-13,1.E0));
#2476=VECTOR('',#2475,3.662366456093E-2);
#2477=CARTESIAN_POINT('',(-7.807692307699E-1,-1.739760041553E0,
-1.099999999998E0));
#2478=LINE('',#2477,#2476);
#2479=CURVE_STYLE('',#1267,POSITIVE_LENGTH_MEASURE(2.E-2),#232);
#2480=PRESENTATION_STYLE_ASSIGNMENT((#2479));
#2481=STYLED_ITEM('',(#2480),#2478);
#2482=CARTESIAN_POINT('',(8.192307692304E-1,-1.689760041553E0,-1.28E0));
#2483=DIRECTION('',(-1.E0,0.E0,0.E0));
#2484=DIRECTION('',(0.E0,0.E0,-1.E0));
#2485=AXIS2_PLACEMENT_3D('',#2482,#2483,#2484);
#2487=CURVE_STYLE('',#1267,POSITIVE_LENGTH_MEASURE(2.E-2),#232);
#2488=PRESENTATION_STYLE_ASSIGNMENT((#2487));
#2489=STYLED_ITEM('',(#2488),#2486);
#2490=DIRECTION('',(0.E0,0.E0,1.E0));
#2491=VECTOR('',#2490,9.8E-1);
#2492=CARTESIAN_POINT('',(8.192307692304E-1,-1.939760041553E0,-1.28E0));
#2493=LINE('',#2492,#2491);
#2494=CURVE_STYLE('',#1267,POSITIVE_LENGTH_MEASURE(2.E-2),#232);
#2495=PRESENTATION_STYLE_ASSIGNMENT((#2494));
#2496=STYLED_ITEM('',(#2495),#2493);
#2497=DIRECTION('',(8.264022035806E-14,0.E0,-1.E0));
#2498=VECTOR('',#2497,2.942136907906E-1);
#2499=CARTESIAN_POINT('',(8.192307692304E-1,-1.739760041553E0,
-7.398224639106E-1));
#2500=LINE('',#2499,#2498);
#2501=CURVE_STYLE('',#1267,POSITIVE_LENGTH_MEASURE(2.E-2),#232);
#2502=PRESENTATION_STYLE_ASSIGNMENT((#2501));
#2503=STYLED_ITEM('',(#2502),#2500);
#2504=CARTESIAN_POINT('',(8.192307692304E-1,-1.689760041553E0,-1.28E0));
#2505=DIRECTION('',(1.E0,0.E0,0.E0));
#2506=DIRECTION('',(0.E0,-1.E0,-1.598721155460E-13));
#2507=AXIS2_PLACEMENT_3D('',#2504,#2505,#2506);
#2509=CURVE_STYLE('',#1267,POSITIVE_LENGTH_MEASURE(2.E-2),#232);
#2510=PRESENTATION_STYLE_ASSIGNMENT((#2509));
#2511=STYLED_ITEM('',(#2510),#2508);
#2512=DIRECTION('',(0.E0,1.E0,0.E0));
#2513=VECTOR('',#2512,3.9E-1);
#2514=CARTESIAN_POINT('',(8.192307692304E-1,-1.689760041553E0,-1.33E0));
#2515=LINE('',#2514,#2513);
#2516=CURVE_STYLE('',#1267,POSITIVE_LENGTH_MEASURE(2.E-2),#232);
#2517=PRESENTATION_STYLE_ASSIGNMENT((#2516));
#2518=STYLED_ITEM('',(#2517),#2515);
#2519=DIRECTION('',(-1.E0,0.E0,0.E0));
#2520=VECTOR('',#2519,1.4E0);
#2521=CARTESIAN_POINT('',(8.192307692304E-1,-1.689760041553E0,-1.53E0));
#2522=LINE('',#2521,#2520);
#2523=CURVE_STYLE('',#1267,POSITIVE_LENGTH_MEASURE(2.E-2),#232);
#2524=PRESENTATION_STYLE_ASSIGNMENT((#2523));
#2525=STYLED_ITEM('',(#2524),#2522);
#2526=DIRECTION('',(1.E0,0.E0,0.E0));
#2527=VECTOR('',#2526,1.4E0);
#2528=CARTESIAN_POINT('',(-5.807692307696E-1,-1.939760041553E0,-1.28E0));
#2529=LINE('',#2528,#2527);
#2530=CURVE_STYLE('',#1267,POSITIVE_LENGTH_MEASURE(2.E-2),#232);
#2531=PRESENTATION_STYLE_ASSIGNMENT((#2530));
#2532=STYLED_ITEM('',(#2531),#2529);
#2533=DIRECTION('',(0.E0,1.E0,0.E0));
#2534=VECTOR('',#2533,3.9E-1);
#2535=CARTESIAN_POINT('',(8.192307692304E-1,-1.689760041553E0,-1.53E0));
#2536=LINE('',#2535,#2534);
#2537=CURVE_STYLE('',#1267,POSITIVE_LENGTH_MEASURE(2.E-2),#232);
#2538=PRESENTATION_STYLE_ASSIGNMENT((#2537));
#2539=STYLED_ITEM('',(#2538),#2536);
#2540=DIRECTION('',(0.E0,0.E0,1.E0));
#2541=VECTOR('',#2540,2.E-1);
#2542=CARTESIAN_POINT('',(8.192307692304E-1,-1.299760041553E0,-1.53E0));
#2543=LINE('',#2542,#2541);
#2544=CURVE_STYLE('',#1267,POSITIVE_LENGTH_MEASURE(2.E-2),#232);
#2545=PRESENTATION_STYLE_ASSIGNMENT((#2544));
#2546=STYLED_ITEM('',(#2545),#2543);
#2547=DIRECTION('',(-1.E0,0.E0,0.E0));
#2548=VECTOR('',#2547,1.4E0);
#2549=CARTESIAN_POINT('',(8.192307692304E-1,-1.299760041553E0,-1.33E0));
#2550=LINE('',#2549,#2548);
#2551=CURVE_STYLE('',#1267,POSITIVE_LENGTH_MEASURE(2.E-2),#232);
#2552=PRESENTATION_STYLE_ASSIGNMENT((#2551));
#2553=STYLED_ITEM('',(#2552),#2550);
#2554=DIRECTION('',(0.E0,0.E0,-1.E0));
#2555=VECTOR('',#2554,2.E-1);
#2556=CARTESIAN_POINT('',(-5.807692307696E-1,-1.299760041553E0,-1.33E0));
#2557=LINE('',#2556,#2555);
#2558=CURVE_STYLE('',#1267,POSITIVE_LENGTH_MEASURE(2.E-2),#232);
#2559=PRESENTATION_STYLE_ASSIGNMENT((#2558));
#2560=STYLED_ITEM('',(#2559),#2557);
#2561=DIRECTION('',(1.E0,0.E0,0.E0));
#2562=VECTOR('',#2561,1.4E0);
#2563=CARTESIAN_POINT('',(-5.807692307696E-1,-1.299760041553E0,-1.53E0));
#2564=LINE('',#2563,#2562);
#2565=CURVE_STYLE('',#1267,POSITIVE_LENGTH_MEASURE(2.E-2),#232);
#2566=PRESENTATION_STYLE_ASSIGNMENT((#2565));
#2567=STYLED_ITEM('',(#2566),#2564);
#2568=DIRECTION('',(0.E0,1.E0,0.E0));
#2569=VECTOR('',#2568,3.9E-1);
#2570=CARTESIAN_POINT('',(-5.807692307696E-1,-1.689760041553E0,-1.33E0));
#2571=LINE('',#2570,#2569);
#2572=CURVE_STYLE('',#1267,POSITIVE_LENGTH_MEASURE(2.E-2),#232);
#2573=PRESENTATION_STYLE_ASSIGNMENT((#2572));
#2574=STYLED_ITEM('',(#2573),#2571);
#2575=DIRECTION('',(1.E0,0.E0,0.E0));
#2576=VECTOR('',#2575,1.4E0);
#2577=CARTESIAN_POINT('',(-5.807692307696E-1,-1.689760041553E0,-1.33E0));
#2578=LINE('',#2577,#2576);
#2579=CURVE_STYLE('',#1267,POSITIVE_LENGTH_MEASURE(2.E-2),#232);
#2580=PRESENTATION_STYLE_ASSIGNMENT((#2579));
#2581=STYLED_ITEM('',(#2580),#2578);
#2582=DIRECTION('',(1.E0,0.E0,2.009421632749E-8));
#2583=VECTOR('',#2582,4.999036691897E-1);
#2584=CARTESIAN_POINT('',(3.193271000407E-1,-1.739760041553E0,
-1.280000010330E0));
#2585=LINE('',#2584,#2583);
#2586=CURVE_STYLE('',#1267,POSITIVE_LENGTH_MEASURE(2.E-2),#232);
#2587=PRESENTATION_STYLE_ASSIGNMENT((#2586));
#2588=STYLED_ITEM('',(#2587),#2585);
#2589=DIRECTION('',(1.002055854517E-13,0.E0,1.E0));
#2590=VECTOR('',#2589,2.459638455838E-1);
#2591=CARTESIAN_POINT('',(8.192307692304E-1,-1.739760041553E0,
-1.280000000285E0));
#2592=LINE('',#2591,#2590);
#2593=CURVE_STYLE('',#1267,POSITIVE_LENGTH_MEASURE(2.E-2),#232);
#2594=PRESENTATION_STYLE_ASSIGNMENT((#2593));
#2595=STYLED_ITEM('',(#2594),#2592);
#2596=CARTESIAN_POINT('',(0.E0,-1.739760041553E0,0.E0));
#2597=DIRECTION('',(0.E0,1.E0,0.E0));
#2598=DIRECTION('',(6.209912536444E-1,0.E0,-7.838174933600E-1));
#2599=AXIS2_PLACEMENT_3D('',#2596,#2597,#2598);
#2601=CURVE_STYLE('',#1267,POSITIVE_LENGTH_MEASURE(2.E-2),#232);
#2602=PRESENTATION_STYLE_ASSIGNMENT((#2601));
#2603=STYLED_ITEM('',(#2602),#2600);
#2604=DIRECTION('',(1.E0,0.E0,-1.615595847859E-8));
#2605=VECTOR('',#2604,2.614421139839E-1);
#2606=CARTESIAN_POINT('',(-5.807692307696E-1,-1.739760041553E0,
-1.280000001750E0));
#2607=LINE('',#2606,#2605);
#2608=CURVE_STYLE('',#1267,POSITIVE_LENGTH_MEASURE(2.E-2),#232);
#2609=PRESENTATION_STYLE_ASSIGNMENT((#2608));
#2610=STYLED_ITEM('',(#2609),#2607);
#2611=CARTESIAN_POINT('',(0.E0,-1.739760041553E0,0.E0));
#2612=DIRECTION('',(0.E0,1.E0,0.E0));
#2613=DIRECTION('',(-2.420555287976E-1,0.E0,-9.702623980030E-1));
#2614=AXIS2_PLACEMENT_3D('',#2611,#2612,#2613);
#2616=CURVE_STYLE('',#1267,POSITIVE_LENGTH_MEASURE(2.E-2),#232);
#2617=PRESENTATION_STYLE_ASSIGNMENT((#2616));
#2618=STYLED_ITEM('',(#2617),#2615);
#2619=CARTESIAN_POINT('',(-5.807692307696E-1,-1.689760041553E0,-1.28E0));
#2620=DIRECTION('',(1.E0,0.E0,0.E0));
#2621=DIRECTION('',(0.E0,-1.E0,0.E0));
#2622=AXIS2_PLACEMENT_3D('',#2619,#2620,#2621);
#2624=CURVE_STYLE('',#1267,POSITIVE_LENGTH_MEASURE(2.E-2),#232);
#2625=PRESENTATION_STYLE_ASSIGNMENT((#2624));
#2626=STYLED_ITEM('',(#2625),#2623);
#2627=DIRECTION('',(0.E0,1.E0,0.E0));
#2628=VECTOR('',#2627,3.9E-1);
#2629=CARTESIAN_POINT('',(-5.807692307696E-1,-1.689760041553E0,-1.53E0));
#2630=LINE('',#2629,#2628);
#2631=CURVE_STYLE('',#1267,POSITIVE_LENGTH_MEASURE(2.E-2),#232);
#2632=PRESENTATION_STYLE_ASSIGNMENT((#2631));
#2633=STYLED_ITEM('',(#2632),#2630);
#2634=CARTESIAN_POINT('',(-5.807692307696E-1,-1.689760041553E0,-1.28E0));
#2635=DIRECTION('',(-1.E0,0.E0,0.E0));
#2636=DIRECTION('',(0.E0,0.E0,-1.E0));
#2637=AXIS2_PLACEMENT_3D('',#2634,#2635,#2636);
#2639=CURVE_STYLE('',#1267,POSITIVE_LENGTH_MEASURE(2.E-2),#232);
#2640=PRESENTATION_STYLE_ASSIGNMENT((#2639));
#2641=STYLED_ITEM('',(#2640),#2638);
#2642=DIRECTION('',(4.232321373497E-13,0.E0,1.E0));
#2643=VECTOR('',#2642,9.548452144825E-2);
#2644=CARTESIAN_POINT('',(-5.807692307696E-1,-1.739760041553E0,
-1.280000001750E0));
#2645=LINE('',#2644,#2643);
#2646=CURVE_STYLE('',#1267,POSITIVE_LENGTH_MEASURE(2.E-2),#232);
#2647=PRESENTATION_STYLE_ASSIGNMENT((#2646));
#2648=STYLED_ITEM('',(#2647),#2645);
#2649=DIRECTION('',(-1.983112334104E-13,0.E0,1.E0));
#2650=VECTOR('',#2649,1.545154803018E-1);
#2651=CARTESIAN_POINT('',(-5.807692307696E-1,-1.739760041553E0,
-1.184515480302E0));
#2652=LINE('',#2651,#2650);
#2653=CURVE_STYLE('',#1267,POSITIVE_LENGTH_MEASURE(2.E-2),#232);
#2654=PRESENTATION_STYLE_ASSIGNMENT((#2653));
#2655=STYLED_ITEM('',(#2654),#2652);
#2656=CARTESIAN_POINT('',(0.E0,-1.739760041553E0,0.E0));
#2657=DIRECTION('',(0.E0,1.E0,0.E0));
#2658=DIRECTION('',(-4.402332361521E-1,0.E0,-8.978834544567E-1));
#2659=AXIS2_PLACEMENT_3D('',#2656,#2657,#2658);
#2661=CURVE_STYLE('',#1267,POSITIVE_LENGTH_MEASURE(2.E-2),#232);
#2662=PRESENTATION_STYLE_ASSIGNMENT((#2661));
#2663=STYLED_ITEM('',(#2662),#2660);
#2664=CARTESIAN_POINT('',(-7.807692307696E-1,-1.689760041553E0,-1.1E0));
#2665=DIRECTION('',(-1.E0,0.E0,0.E0));
#2666=DIRECTION('',(0.E0,-2.000000000057E-1,-9.797958971121E-1));
#2667=AXIS2_PLACEMENT_3D('',#2664,#2665,#2666);
#2669=CURVE_STYLE('',#1267,POSITIVE_LENGTH_MEASURE(2.E-2),#232);
#2670=PRESENTATION_STYLE_ASSIGNMENT((#2669));
#2671=STYLED_ITEM('',(#2670),#2668);
#2672=DIRECTION('',(0.E0,0.E0,1.E0));
#2673=VECTOR('',#2672,7.E-2);
#2674=CARTESIAN_POINT('',(-7.807692307696E-1,-1.939760041553E0,-1.1E0));
#2675=LINE('',#2674,#2673);
#2676=CURVE_STYLE('',#1267,POSITIVE_LENGTH_MEASURE(2.E-2),#232);
#2677=PRESENTATION_STYLE_ASSIGNMENT((#2676));
#2678=STYLED_ITEM('',(#2677),#2675);
#2679=DIRECTION('',(-3.885780586188E-14,1.E0,0.E0));
#2680=VECTOR('',#2679,2.E-1);
#2681=CARTESIAN_POINT('',(-7.807692307696E-1,-1.939760041553E0,-1.03E0));
#2682=LINE('',#2681,#2680);
#2683=CURVE_STYLE('',#1267,POSITIVE_LENGTH_MEASURE(2.E-2),#232);
#2684=PRESENTATION_STYLE_ASSIGNMENT((#2683));
#2685=STYLED_ITEM('',(#2684),#2682);
#2686=DIRECTION('',(8.049834364487E-13,5.987480105817E-14,-1.E0));
#2687=VECTOR('',#2686,3.337633543674E-2);
#2688=CARTESIAN_POINT('',(-7.807692307696E-1,-1.739760041553E0,-1.03E0));
#2689=LINE('',#2688,#2687);
#2690=CURVE_STYLE('',#1267,POSITIVE_LENGTH_MEASURE(2.E-2),#232);
#2691=PRESENTATION_STYLE_ASSIGNMENT((#2690));
#2692=STYLED_ITEM('',(#2691),#2689);
#2693=CARTESIAN_POINT('',(-7.807692307697E-1,-1.739760041554E0,
-1.344948974278E0));
#2694=CARTESIAN_POINT('',(-7.852714195187E-1,-1.723252016142E0,
-1.348318660855E0));
#2695=CARTESIAN_POINT('',(-7.898169340123E-1,-1.706585129665E0,-1.35E0));
#2696=CARTESIAN_POINT('',(-7.944055944064E-1,-1.689760041553E0,-1.35E0));
#2698=CURVE_STYLE('',#1267,POSITIVE_LENGTH_MEASURE(2.E-2),#232);
#2699=PRESENTATION_STYLE_ASSIGNMENT((#2698));
#2700=STYLED_ITEM('',(#2699),#2697);
#2701=DIRECTION('',(-1.E0,0.E0,0.E0));
#2702=VECTOR('',#2701,1.386363636364E0);
#2703=CARTESIAN_POINT('',(-7.944055944064E-1,-1.689760041553E0,-1.35E0));
#2704=LINE('',#2703,#2702);
#2705=CURVE_STYLE('',#1267,POSITIVE_LENGTH_MEASURE(2.E-2),#232);
#2706=PRESENTATION_STYLE_ASSIGNMENT((#2705));
#2707=STYLED_ITEM('',(#2706),#2704);
#2708=DIRECTION('',(1.E0,0.E0,0.E0));
#2709=VECTOR('',#2708,1.4E0);
#2710=CARTESIAN_POINT('',(-2.180769230770E0,-1.939760041553E0,-1.1E0));
#2711=LINE('',#2710,#2709);
#2712=CURVE_STYLE('',#1267,POSITIVE_LENGTH_MEASURE(2.E-2),#232);
#2713=PRESENTATION_STYLE_ASSIGNMENT((#2712));
#2714=STYLED_ITEM('',(#2713),#2711);
#2715=DIRECTION('',(-1.226485439861E-12,6.259336261816E-12,1.E0));
#2716=VECTOR('',#2715,2.449489742803E-1);
#2717=CARTESIAN_POINT('',(-7.807692307696E-1,-1.739760041555E0,
-1.344948974278E0));
#2718=LINE('',#2717,#2716);
#2719=CURVE_STYLE('',#1267,POSITIVE_LENGTH_MEASURE(2.E-2),#232);
#2720=PRESENTATION_STYLE_ASSIGNMENT((#2719));
#2721=STYLED_ITEM('',(#2720),#2718);
#2722=CARTESIAN_POINT('',(-1.012587412588E0,-8.897600415533E-1,-1.35E0));
#2723=CARTESIAN_POINT('',(-1.021708968818E0,-8.563143353783E-1,-1.35E0));
#2724=CARTESIAN_POINT('',(-1.037311235400E0,-7.991060245762E-1,
-1.337617477602E0));
#2725=CARTESIAN_POINT('',(-1.056150568188E0,-7.300284710218E-1,
-1.297643481513E0));
#2726=CARTESIAN_POINT('',(-1.070836043166E0,-6.761817294357E-1,
-1.238192681489E0));
#2727=CARTESIAN_POINT('',(-1.077503544236E0,-6.517342255119E-1,
-1.183916410178E0));
#2728=CARTESIAN_POINT('',(-1.079391678300E0,-6.448110672750E-1,-1.15E0));
#2730=CURVE_STYLE('',#1267,POSITIVE_LENGTH_MEASURE(2.E-2),#232);
#2731=PRESENTATION_STYLE_ASSIGNMENT((#2730));
#2732=STYLED_ITEM('',(#2731),#2729);
#2733=DIRECTION('',(-1.E0,4.053872310471E-11,-7.092261696251E-12));
#2734=VECTOR('',#2733,1.377552469879E-3);
#2735=CARTESIAN_POINT('',(-1.079391678300E0,-6.448110672750E-1,-1.15E0));
#2736=LINE('',#2735,#2734);
#2737=CURVE_STYLE('',#1267,POSITIVE_LENGTH_MEASURE(2.E-2),#232);
#2738=PRESENTATION_STYLE_ASSIGNMENT((#2737));
#2739=STYLED_ITEM('',(#2738),#2736);
#2740=CARTESIAN_POINT('',(-1.080769230770E0,-6.448110672750E-1,-1.15E0));
#2741=CARTESIAN_POINT('',(-1.090219225196E0,-6.414353662145E-1,
-1.133462509755E0));
#2742=CARTESIAN_POINT('',(-1.099743399016E0,-6.397600415533E-1,
-1.116795205570E0));
#2743=CARTESIAN_POINT('',(-1.109340659341E0,-6.397600415533E-1,-1.1E0));
#2745=CURVE_STYLE('',#1267,POSITIVE_LENGTH_MEASURE(2.E-2),#232);
#2746=PRESENTATION_STYLE_ASSIGNMENT((#2745));
#2747=STYLED_ITEM('',(#2746),#2744);
#2748=DIRECTION('',(-1.E0,0.E0,9.802529158754E-14));
#2749=VECTOR('',#2748,1.071428571429E0);
#2750=CARTESIAN_POINT('',(-1.109340659341E0,-6.397600415533E-1,-1.1E0));
#2751=LINE('',#2750,#2749);
#2752=CURVE_STYLE('',#1267,POSITIVE_LENGTH_MEASURE(2.E-2),#232);
#2753=PRESENTATION_STYLE_ASSIGNMENT((#2752));
#2754=STYLED_ITEM('',(#2753),#2751);
#2755=DIRECTION('',(1.E0,-1.957794065214E-14,0.E0));
#2756=VECTOR('',#2755,1.168181818182E0);
#2757=CARTESIAN_POINT('',(-2.180769230770E0,-8.897600415533E-1,-1.35E0));
#2758=LINE('',#2757,#2756);
#2759=CURVE_STYLE('',#1267,POSITIVE_LENGTH_MEASURE(2.E-2),#232);
#2760=PRESENTATION_STYLE_ASSIGNMENT((#2759));
#2761=STYLED_ITEM('',(#2760),#2758);
#2762=DIRECTION('',(2.631174057920E-1,-9.647638212378E-1,0.E0));
#2763=VECTOR('',#2762,1.083113764504E0);
#2764=CARTESIAN_POINT('',(-1.079391678300E0,-6.448110672750E-1,-1.15E0));
#2765=LINE('',#2764,#2763);
#2766=CURVE_STYLE('',#1267,POSITIVE_LENGTH_MEASURE(2.E-2),#232);
#2767=PRESENTATION_STYLE_ASSIGNMENT((#2766));
#2768=STYLED_ITEM('',(#2767),#2765);
#2769=DIRECTION('',(0.E0,1.E0,0.E0));
#2770=VECTOR('',#2769,7.999999999997E-1);
#2771=CARTESIAN_POINT('',(-2.180769230770E0,-1.689760041553E0,-1.15E0));
#2772=LINE('',#2771,#2770);
#2773=CURVE_STYLE('',#1267,POSITIVE_LENGTH_MEASURE(2.E-2),#232);
#2774=PRESENTATION_STYLE_ASSIGNMENT((#2773));
#2775=STYLED_ITEM('',(#2774),#2772);
#2776=DIRECTION('',(-1.E0,0.E0,-1.753517965751E-12));
#2777=VECTOR('',#2776,1.4E0);
#2778=CARTESIAN_POINT('',(-7.807692307699E-1,-1.739760041553E0,
-1.099999999998E0));
#2779=LINE('',#2778,#2777);
#2780=CURVE_STYLE('',#1267,POSITIVE_LENGTH_MEASURE(2.E-2),#232);
#2781=PRESENTATION_STYLE_ASSIGNMENT((#2780));
#2782=STYLED_ITEM('',(#2781),#2779);
#2783=DIRECTION('',(1.E0,0.E0,0.E0));
#2784=VECTOR('',#2783,1.386363636364E0);
#2785=CARTESIAN_POINT('',(-2.180769230770E0,-1.689760041553E0,-1.15E0));
#2786=LINE('',#2785,#2784);
#2787=CURVE_STYLE('',#1267,POSITIVE_LENGTH_MEASURE(2.E-2),#232);
#2788=PRESENTATION_STYLE_ASSIGNMENT((#2787));
#2789=STYLED_ITEM('',(#2788),#2786);
#2790=CARTESIAN_POINT('',(-7.944055944064E-1,-1.689760041553E0,-1.15E0));
#2791=CARTESIAN_POINT('',(-7.921729082457E-1,-1.697946557476E0,-1.15E0));
#2792=CARTESIAN_POINT('',(-7.886340232708E-1,-1.710922469050E0,
-1.146478806320E0));
#2793=CARTESIAN_POINT('',(-7.846168171440E-1,-1.725652224849E0,
-1.136289999741E0));
#2794=CARTESIAN_POINT('',(-7.817827614897E-1,-1.736043762248E0,
-1.121604529519E0));
#2795=CARTESIAN_POINT('',(-7.807692307698E-1,-1.739760041554E0,
-1.108485512969E0));
#2796=CARTESIAN_POINT('',(-7.807692307701E-1,-1.739760041553E0,
-1.099999999995E0));
#2798=CURVE_STYLE('',#1267,POSITIVE_LENGTH_MEASURE(2.E-2),#232);
#2799=PRESENTATION_STYLE_ASSIGNMENT((#2798));
#2800=STYLED_ITEM('',(#2799),#2797);
#2801=CARTESIAN_POINT('',(-2.180769230770E0,-1.264760041553E0,0.E0));
#2802=DIRECTION('',(-1.E0,0.E0,0.E0));
#2803=DIRECTION('',(0.E0,9.070362073481E-1,-4.210526315789E-1));
#2804=AXIS2_PLACEMENT_3D('',#2801,#2802,#2803);
#2806=CURVE_STYLE('',#1267,POSITIVE_LENGTH_MEASURE(2.E-2),#232);
#2807=PRESENTATION_STYLE_ASSIGNMENT((#2806));
#2808=STYLED_ITEM('',(#2807),#2805);
#2809=CARTESIAN_POINT('',(-2.180769230770E0,-8.897600415533E-1,-1.1E0));
#2810=DIRECTION('',(-1.E0,0.E0,0.E0));
#2811=DIRECTION('',(0.E0,1.E0,1.195044063707E-11));
#2812=AXIS2_PLACEMENT_3D('',#2809,#2810,#2811);
#2814=CURVE_STYLE('',#1267,POSITIVE_LENGTH_MEASURE(2.E-2),#232);
#2815=PRESENTATION_STYLE_ASSIGNMENT((#2814));
#2816=STYLED_ITEM('',(#2815),#2813);
#2817=CARTESIAN_POINT('',(-2.180769230770E0,-1.689760041553E0,-1.1E0));
#2818=DIRECTION('',(-1.E0,0.E0,0.E0));
#2819=DIRECTION('',(0.E0,-3.463895836830E-13,-1.E0));
#2820=AXIS2_PLACEMENT_3D('',#2817,#2818,#2819);
#2822=CURVE_STYLE('',#1267,POSITIVE_LENGTH_MEASURE(2.E-2),#232);
#2823=PRESENTATION_STYLE_ASSIGNMENT((#2822));
#2824=STYLED_ITEM('',(#2823),#2821);
#2825=DIRECTION('',(0.E0,0.E0,1.E0));
#2826=VECTOR('',#2825,1.343145750509E-1);
#2827=CARTESIAN_POINT('',(-2.180769230770E0,-1.739760041553E0,-1.1E0));
#2828=LINE('',#2827,#2826);
#2829=CURVE_STYLE('',#1267,POSITIVE_LENGTH_MEASURE(2.E-2),#232);
#2830=PRESENTATION_STYLE_ASSIGNMENT((#2829));
#2831=STYLED_ITEM('',(#2830),#2828);
#2832=CARTESIAN_POINT('',(-2.180769230770E0,-1.539760041553E0,-4.E-1));
#2833=DIRECTION('',(-1.E0,0.E0,0.E0));
#2834=DIRECTION('',(0.E0,-3.333333333333E-1,-9.428090415821E-1));
#2835=AXIS2_PLACEMENT_3D('',#2832,#2833,#2834);
#2837=CURVE_STYLE('',#1267,POSITIVE_LENGTH_MEASURE(2.E-2),#232);
#2838=PRESENTATION_STYLE_ASSIGNMENT((#2837));
#2839=STYLED_ITEM('',(#2838),#2836);
#2840=DIRECTION('',(0.E0,0.E0,-1.E0));
#2841=VECTOR('',#2840,2.527864045001E-1);
#2842=CARTESIAN_POINT('',(-2.180769230770E0,-1.939760041553E0,
-8.472135954999E-1));
#2843=LINE('',#2842,#2841);
#2844=CURVE_STYLE('',#1267,POSITIVE_LENGTH_MEASURE(2.E-2),#232);
#2845=PRESENTATION_STYLE_ASSIGNMENT((#2844));
#2846=STYLED_ITEM('',(#2845),#2843);
#2847=CARTESIAN_POINT('',(-2.180769230770E0,-1.689760041553E0,-1.1E0));
#2848=DIRECTION('',(1.E0,0.E0,0.E0));
#2849=DIRECTION('',(0.E0,-1.E0,-1.199040866595E-13));
#2850=AXIS2_PLACEMENT_3D('',#2847,#2848,#2849);
#2852=CURVE_STYLE('',#1267,POSITIVE_LENGTH_MEASURE(2.E-2),#232);
#2853=PRESENTATION_STYLE_ASSIGNMENT((#2852));
#2854=STYLED_ITEM('',(#2853),#2851);
#2855=DIRECTION('',(0.E0,1.E0,0.E0));
#2856=VECTOR('',#2855,7.999999999997E-1);
#2857=CARTESIAN_POINT('',(-2.180769230770E0,-1.689760041553E0,-1.35E0));
#2858=LINE('',#2857,#2856);
#2859=CURVE_STYLE('',#1267,POSITIVE_LENGTH_MEASURE(2.E-2),#232);
#2860=PRESENTATION_STYLE_ASSIGNMENT((#2859));
#2861=STYLED_ITEM('',(#2860),#2858);
#2862=CARTESIAN_POINT('',(-2.180769230770E0,-8.897600415533E-1,-1.1E0));
#2863=DIRECTION('',(1.E0,0.E0,0.E0));
#2864=DIRECTION('',(0.E0,0.E0,-1.E0));
#2865=AXIS2_PLACEMENT_3D('',#2862,#2863,#2864);
#2867=CURVE_STYLE('',#1267,POSITIVE_LENGTH_MEASURE(2.E-2),#232);
#2868=PRESENTATION_STYLE_ASSIGNMENT((#2867));
#2869=STYLED_ITEM('',(#2868),#2866);
#2870=DIRECTION('',(0.E0,0.E0,1.E0));
#2871=VECTOR('',#2870,8.999999999999E-1);
#2872=CARTESIAN_POINT('',(-2.180769230770E0,-6.397600415533E-1,-1.1E0));
#2873=LINE('',#2872,#2871);
#2874=CURVE_STYLE('',#1267,POSITIVE_LENGTH_MEASURE(2.E-2),#232);
#2875=PRESENTATION_STYLE_ASSIGNMENT((#2874));
#2876=STYLED_ITEM('',(#2875),#2873);
#2877=DIRECTION('',(0.E0,1.E0,-1.472423083794E-14));
#2878=VECTOR('',#2877,1.941578015093E-1);
#2879=CARTESIAN_POINT('',(-2.180769230770E0,-8.339178430626E-1,-2.E-1));
#2880=LINE('',#2879,#2878);
#2881=CURVE_STYLE('',#1267,POSITIVE_LENGTH_MEASURE(2.E-2),#232);
#2882=PRESENTATION_STYLE_ASSIGNMENT((#2881));
#2883=STYLED_ITEM('',(#2882),#2880);
#2884=DIRECTION('',(-5.329313841148E-13,-1.E0,9.592193099277E-14));
#2885=VECTOR('',#2884,1.941578015093E-1);
#2886=CARTESIAN_POINT('',(-1.623626373627E0,-6.397600415533E-1,-2.E-1));
#2887=LINE('',#2886,#2885);
#2888=CURVE_STYLE('',#1267,POSITIVE_LENGTH_MEASURE(2.E-2),#232);
#2889=PRESENTATION_STYLE_ASSIGNMENT((#2888));
#2890=STYLED_ITEM('',(#2889),#2887);
#2891=DIRECTION('',(-1.E0,0.E0,6.680553546252E-14));
#2892=VECTOR('',#2891,5.571428571430E-1);
#2893=CARTESIAN_POINT('',(-1.623626373627E0,-6.397600415533E-1,-2.E-1));
#2894=LINE('',#2893,#2892);
#2895=CURVE_STYLE('',#1267,POSITIVE_LENGTH_MEASURE(2.E-2),#232);
#2896=PRESENTATION_STYLE_ASSIGNMENT((#2895));
#2897=STYLED_ITEM('',(#2896),#2894);
#2898=DIRECTION('',(-4.961389383569E-1,0.E0,8.682431421244E-1));
#2899=VECTOR('',#2898,1.036575996210E0);
#2900=CARTESIAN_POINT('',(-1.109340659341E0,-6.397600415533E-1,-1.1E0));
#2901=LINE('',#2900,#2899);
#2902=CURVE_STYLE('',#1267,POSITIVE_LENGTH_MEASURE(2.E-2),#232);
#2903=PRESENTATION_STYLE_ASSIGNMENT((#2902));
#2904=STYLED_ITEM('',(#2903),#2901);
#2905=DIRECTION('',(0.E0,-1.E0,0.E0));
#2906=VECTOR('',#2905,2.449489742783E-1);
#2907=CARTESIAN_POINT('',(-1.080769230770E0,-6.448110672750E-1,-1.15E0));
#2908=LINE('',#2907,#2906);
#2909=CURVE_STYLE('',#1267,POSITIVE_LENGTH_MEASURE(2.E-2),#232);
#2910=PRESENTATION_STYLE_ASSIGNMENT((#2909));
#2911=STYLED_ITEM('',(#2910),#2908);
#2912=DIRECTION('',(-1.E0,0.E0,0.E0));
#2913=VECTOR('',#2912,1.1E0);
#2914=CARTESIAN_POINT('',(-1.080769230770E0,-8.897600415533E-1,-1.15E0));
#2915=LINE('',#2914,#2913);
#2916=CURVE_STYLE('',#1267,POSITIVE_LENGTH_MEASURE(2.E-2),#232);
#2917=PRESENTATION_STYLE_ASSIGNMENT((#2916));
#2918=STYLED_ITEM('',(#2917),#2915);
#2919=DIRECTION('',(1.E0,0.E0,8.662700186811E-14));
#2920=VECTOR('',#2919,1.071428571428E0);
#2921=CARTESIAN_POINT('',(-2.180769230770E0,-8.397600415533E-1,-1.1E0));
#2922=LINE('',#2921,#2920);
#2923=CURVE_STYLE('',#1267,POSITIVE_LENGTH_MEASURE(2.E-2),#232);
#2924=PRESENTATION_STYLE_ASSIGNMENT((#2923));
#2925=STYLED_ITEM('',(#2924),#2922);
#2926=CARTESIAN_POINT('',(-1.109340659342E0,-8.397600415533E-1,
-1.099999999999E0));
#2927=CARTESIAN_POINT('',(-1.104892461385E0,-8.397600415531E-1,
-1.107784346425E0));
#2928=CARTESIAN_POINT('',(-1.097611745436E0,-8.430165486351E-1,
-1.120525599335E0));
#2929=CARTESIAN_POINT('',(-1.089168169438E0,-8.528948659686E-1,
-1.135301857331E0));
#2930=CARTESIAN_POINT('',(-1.083069133972E0,-8.674987558190E-1,
-1.145975169397E0));
#2931=CARTESIAN_POINT('',(-1.080769230770E0,-8.807944119410E-1,-1.15E0));
#2932=CARTESIAN_POINT('',(-1.080769230770E0,-8.897600415533E-1,-1.15E0));
#2934=CURVE_STYLE('',#1267,POSITIVE_LENGTH_MEASURE(2.E-2),#232);
#2935=PRESENTATION_STYLE_ASSIGNMENT((#2934));
#2936=STYLED_ITEM('',(#2935),#2933);
#2937=DIRECTION('',(4.961389383567E-1,6.589012661722E-13,-8.682431421245E-1));
#2938=VECTOR('',#2937,1.022602912208E0);
#2939=CARTESIAN_POINT('',(-1.616693782565E0,-8.397600415540E-1,
-2.121320343589E-1));
#2940=LINE('',#2939,#2938);
#2941=CURVE_STYLE('',#1267,POSITIVE_LENGTH_MEASURE(2.E-2),#232);
#2942=PRESENTATION_STYLE_ASSIGNMENT((#2941));
#2943=STYLED_ITEM('',(#2942),#2940);
#2944=DIRECTION('',(0.E0,-7.588902626513E-13,1.E0));
#2945=VECTOR('',#2944,8.878679656410E-1);
#2946=CARTESIAN_POINT('',(-2.180769230770E0,-8.397600415533E-1,-1.1E0));
#2947=LINE('',#2946,#2945);
#2948=CURVE_STYLE('',#1267,POSITIVE_LENGTH_MEASURE(2.E-2),#232);
#2949=PRESENTATION_STYLE_ASSIGNMENT((#2948));
#2950=STYLED_ITEM('',(#2949),#2947);
#2951=DIRECTION('',(1.E0,-1.653947634121E-14,-3.850908196311E-14));
#2952=VECTOR('',#2951,5.571428571429E-1);
#2953=CARTESIAN_POINT('',(-2.180769230770E0,-8.339178430626E-1,-2.E-1));
#2954=LINE('',#2953,#2952);
#2955=CURVE_STYLE('',#1267,POSITIVE_LENGTH_MEASURE(2.E-2),#232);
#2956=PRESENTATION_STYLE_ASSIGNMENT((#2955));
#2957=STYLED_ITEM('',(#2956),#2954);
#2958=CARTESIAN_POINT('',(-1.623626373627E0,-8.339178430627E-1,
-2.000000000001E-1));
#2959=CARTESIAN_POINT('',(-1.621303057832E0,-8.358052174451E-1,
-2.040658026415E-1));
#2960=CARTESIAN_POINT('',(-1.618992158480E0,-8.377524450194E-1,
-2.081098765081E-1));
#2961=CARTESIAN_POINT('',(-1.616693782565E0,-8.397600415541E-1,
-2.121320343583E-1));
#2963=CURVE_STYLE('',#1267,POSITIVE_LENGTH_MEASURE(2.E-2),#232);
#2964=PRESENTATION_STYLE_ASSIGNMENT((#2963));
#2965=STYLED_ITEM('',(#2964),#2962);
#2966=DIRECTION('',(-1.E0,0.E0,1.665603843562E-13));
#2967=VECTOR('',#2966,5.640754482050E-1);
#2968=CARTESIAN_POINT('',(-1.616693782565E0,-8.397600415540E-1,
-2.121320343589E-1));
#2969=LINE('',#2968,#2967);
#2970=CURVE_STYLE('',#1267,POSITIVE_LENGTH_MEASURE(2.E-2),#232);
#2971=PRESENTATION_STYLE_ASSIGNMENT((#2970));
#2972=STYLED_ITEM('',(#2971),#2969);
#2973=CARTESIAN_POINT('',(-2.380769230770E0,-1.539760041553E0,-4.E-1));
#2974=DIRECTION('',(-1.E0,0.E0,0.E0));
#2975=DIRECTION('',(0.E0,-5.E-1,-8.660254037844E-1));
#2976=AXIS2_PLACEMENT_3D('',#2973,#2974,#2975);
#2978=CURVE_STYLE('',#1267,POSITIVE_LENGTH_MEASURE(2.E-2),#232);
#2979=PRESENTATION_STYLE_ASSIGNMENT((#2978));
#2980=STYLED_ITEM('',(#2979),#2977);
#2981=CARTESIAN_POINT('',(-2.380769230770E0,-1.539760041553E0,-4.E-1));
#2982=DIRECTION('',(-1.E0,0.E0,0.E0));
#2983=DIRECTION('',(0.E0,-7.064465069698E-1,-7.077664394348E-1));
#2984=AXIS2_PLACEMENT_3D('',#2981,#2982,#2983);
#2986=CURVE_STYLE('',#1267,POSITIVE_LENGTH_MEASURE(2.E-2),#232);
#2987=PRESENTATION_STYLE_ASSIGNMENT((#2986));
#2988=STYLED_ITEM('',(#2987),#2985);
#2989=CARTESIAN_POINT('',(-2.183643625814E0,-1.939760031875E0,
-8.007472669689E-1));
#2990=CARTESIAN_POINT('',(-2.182993023896E0,-1.939760031875E0,
-8.061105708734E-1));
#2991=CARTESIAN_POINT('',(-2.181920767153E0,-1.939760046069E0,
-8.167043460313E-1));
#2992=CARTESIAN_POINT('',(-2.180975082261E0,-1.939760040263E0,
-8.321782525044E-1));
#2993=CARTESIAN_POINT('',(-2.180769230770E0,-1.939760041553E0,
-8.422449432869E-1));
#2994=CARTESIAN_POINT('',(-2.180769230770E0,-1.939760041553E0,
-8.472135954999E-1));
#2996=CURVE_STYLE('',#1267,POSITIVE_LENGTH_MEASURE(2.E-2),#232);
#2997=PRESENTATION_STYLE_ASSIGNMENT((#2996));
#2998=STYLED_ITEM('',(#2997),#2995);
#2999=CARTESIAN_POINT('',(-2.180769230770E0,-1.739760041553E0,
-9.656854249492E-1));
#3000=CARTESIAN_POINT('',(-2.180769230770E0,-1.739760041553E0,
-9.495709384275E-1));
#3001=CARTESIAN_POINT('',(-2.184149761182E0,-1.739760041553E0,
-9.178145542998E-1));
#3002=CARTESIAN_POINT('',(-2.199469935185E0,-1.739760041553E0,
-8.706622287366E-1));
#3003=CARTESIAN_POINT('',(-2.225289747692E0,-1.739760041553E0,
-8.267984185611E-1));
#3004=CARTESIAN_POINT('',(-2.259097793983E0,-1.739760041553E0,
-7.911157295799E-1));
#3005=CARTESIAN_POINT('',(-2.296693533893E0,-1.739760041553E0,
-7.655388609832E-1));
#3006=CARTESIAN_POINT('',(-2.340957811162E0,-1.739760041553E0,
-7.491475459407E-1));
#3007=CARTESIAN_POINT('',(-2.367570412739E0,-1.739760041553E0,
-7.464101615138E-1));
#3008=CARTESIAN_POINT('',(-2.380769230770E0,-1.739760041553E0,
-7.464101615138E-1));
#3010=CURVE_STYLE('',#1267,POSITIVE_LENGTH_MEASURE(2.E-2),#232);
#3011=PRESENTATION_STYLE_ASSIGNMENT((#3010));
#3012=STYLED_ITEM('',(#3011),#3009);
#3013=DIRECTION('',(-1.E0,0.E0,0.E0));
#3014=VECTOR('',#3013,6.E-1);
#3015=CARTESIAN_POINT('',(-2.380769230770E0,-1.539760041553E0,-8.E-1));
#3016=LINE('',#3015,#3014);
#3017=CURVE_STYLE('',#1267,POSITIVE_LENGTH_MEASURE(2.E-2),#232);
#3018=PRESENTATION_STYLE_ASSIGNMENT((#3017));
#3019=STYLED_ITEM('',(#3018),#3016);
#3020=DIRECTION('',(-1.E0,0.E0,0.E0));
#3021=VECTOR('',#3020,4.5E-1);
#3022=CARTESIAN_POINT('',(-2.980769230770E0,-1.539760041553E0,-8.E-1));
#3023=LINE('',#3022,#3021);
#3024=CURVE_STYLE('',#1267,POSITIVE_LENGTH_MEASURE(2.E-2),#232);
#3025=PRESENTATION_STYLE_ASSIGNMENT((#3024));
#3026=STYLED_ITEM('',(#3025),#3023);
#3027=DIRECTION('',(-1.E0,0.E0,0.E0));
#3028=VECTOR('',#3027,5.7E-1);
#3029=CARTESIAN_POINT('',(-3.430769230770E0,-1.539760041553E0,-8.E-1));
#3030=LINE('',#3029,#3028);
#3031=CURVE_STYLE('',#1267,POSITIVE_LENGTH_MEASURE(2.E-2),#232);
#3032=PRESENTATION_STYLE_ASSIGNMENT((#3031));
#3033=STYLED_ITEM('',(#3032),#3030);
#3034=DIRECTION('',(1.E0,0.E0,0.E0));
#3035=VECTOR('',#3034,1.62E0);
#3036=CARTESIAN_POINT('',(-4.000769230770E0,-1.939760041553E0,-4.E-1));
#3037=LINE('',#3036,#3035);
#3038=CURVE_STYLE('',#1267,POSITIVE_LENGTH_MEASURE(2.E-2),#232);
#3039=PRESENTATION_STYLE_ASSIGNMENT((#3038));
#3040=STYLED_ITEM('',(#3039),#3037);
#3041=CARTESIAN_POINT('',(-2.380769230770E0,-1.264760041553E0,0.E0));
#3042=DIRECTION('',(1.E0,0.E0,0.E0));
#3043=DIRECTION('',(0.E0,-6.690209743884E-2,-9.977595448595E-1));
#3044=AXIS2_PLACEMENT_3D('',#3041,#3042,#3043);
#3046=CURVE_STYLE('',#1267,POSITIVE_LENGTH_MEASURE(2.E-2),#232);
#3047=PRESENTATION_STYLE_ASSIGNMENT((#3046));
#3048=STYLED_ITEM('',(#3047),#3045);
#3049=CARTESIAN_POINT('',(-2.380769230770E0,-1.264760041553E0,0.E0));
#3050=DIRECTION('',(1.E0,0.E0,0.E0));
#3051=DIRECTION('',(0.E0,1.E0,0.E0));
#3052=AXIS2_PLACEMENT_3D('',#3049,#3050,#3051);
#3054=CURVE_STYLE('',#1267,POSITIVE_LENGTH_MEASURE(2.E-2),#232);
#3055=PRESENTATION_STYLE_ASSIGNMENT((#3054));
#3056=STYLED_ITEM('',(#3055),#3053);
#3057=DIRECTION('',(0.E0,-7.071067811886E-1,7.071067811845E-1));
#3058=VECTOR('',#3057,9.543901178072E-2);
#3059=CARTESIAN_POINT('',(-2.380769230770E0,-1.296538537836E0,
4.739357838082E-1));
#3060=LINE('',#3059,#3058);
#3061=CURVE_STYLE('',#1267,POSITIVE_LENGTH_MEASURE(2.E-2),#232);
#3062=PRESENTATION_STYLE_ASSIGNMENT((#3061));
#3063=STYLED_ITEM('',(#3062),#3060);
#3064=CARTESIAN_POINT('',(-2.380769230770E0,-1.505445466503E0,4.E-1));
#3065=DIRECTION('',(1.E0,0.E0,0.E0));
#3066=DIRECTION('',(0.E0,7.071067812559E-1,7.071067811172E-1));
#3067=AXIS2_PLACEMENT_3D('',#3064,#3065,#3066);
#3069=CURVE_STYLE('',#1267,POSITIVE_LENGTH_MEASURE(2.E-2),#232);
#3070=PRESENTATION_STYLE_ASSIGNMENT((#3069));
#3071=STYLED_ITEM('',(#3070),#3068);
#3072=CARTESIAN_POINT('',(-2.380769230770E0,-1.539760041553E0,4.E-1));
#3073=DIRECTION('',(1.E0,0.E0,0.E0));
#3074=DIRECTION('',(0.E0,0.E0,1.E0));
#3075=AXIS2_PLACEMENT_3D('',#3072,#3073,#3074);
#3077=CURVE_STYLE('',#1267,POSITIVE_LENGTH_MEASURE(2.E-2),#232);
#3078=PRESENTATION_STYLE_ASSIGNMENT((#3077));
#3079=STYLED_ITEM('',(#3078),#3076);
#3080=DIRECTION('',(0.E0,0.E0,1.E0));
#3081=VECTOR('',#3080,3.464101615138E-1);
#3082=CARTESIAN_POINT('',(-2.380769230770E0,-1.739760041553E0,4.E-1));
#3083=LINE('',#3082,#3081);
#3084=CURVE_STYLE('',#1267,POSITIVE_LENGTH_MEASURE(2.E-2),#232);
#3085=PRESENTATION_STYLE_ASSIGNMENT((#3084));
#3086=STYLED_ITEM('',(#3085),#3083);
#3087=CARTESIAN_POINT('',(-2.380769230770E0,-1.539760041553E0,4.E-1));
#3088=DIRECTION('',(-1.E0,0.E0,0.E0));
#3089=DIRECTION('',(0.E0,-5.E-1,8.660254037844E-1));
#3090=AXIS2_PLACEMENT_3D('',#3087,#3088,#3089);
#3092=CURVE_STYLE('',#1267,POSITIVE_LENGTH_MEASURE(2.E-2),#232);
#3093=PRESENTATION_STYLE_ASSIGNMENT((#3092));
#3094=STYLED_ITEM('',(#3093),#3091);
#3095=DIRECTION('',(2.588341596555E-14,1.E0,0.E0));
#3096=VECTOR('',#3095,3.431457505E-2);
#3097=CARTESIAN_POINT('',(-2.380769230770E0,-1.539760041553E0,8.E-1));
#3098=LINE('',#3097,#3096);
#3099=CURVE_STYLE('',#1267,POSITIVE_LENGTH_MEASURE(2.E-2),#232);
#3100=PRESENTATION_STYLE_ASSIGNMENT((#3099));
#3101=STYLED_ITEM('',(#3100),#3098);
#3102=CARTESIAN_POINT('',(-2.380769230770E0,-1.505445466503E0,4.E-1));
#3103=DIRECTION('',(-1.E0,0.E0,0.E0));
#3104=DIRECTION('',(0.E0,0.E0,1.E0));
#3105=AXIS2_PLACEMENT_3D('',#3102,#3103,#3104);
#3107=CURVE_STYLE('',#1267,POSITIVE_LENGTH_MEASURE(2.E-2),#232);
#3108=PRESENTATION_STYLE_ASSIGNMENT((#3107));
#3109=STYLED_ITEM('',(#3108),#3106);
#3110=DIRECTION('',(0.E0,7.071067811868E-1,-7.071067811863E-1));
#3111=VECTOR('',#3110,8.242640686966E-1);
#3112=CARTESIAN_POINT('',(-2.380769230770E0,-1.222602754017E0,
6.828427124637E-1));
#3113=LINE('',#3112,#3111);
#3114=CURVE_STYLE('',#1267,POSITIVE_LENGTH_MEASURE(2.E-2),#232);
#3115=PRESENTATION_STYLE_ASSIGNMENT((#3114));
#3116=STYLED_ITEM('',(#3115),#3113);
#3117=DIRECTION('',(0.E0,-7.071067811865E-1,-7.071067811865E-1));
#3118=VECTOR('',#3117,1.414213562375E-1);
#3119=CARTESIAN_POINT('',(-2.380769230770E0,-6.397600415531E-1,
1.000000000002E-1));
#3120=LINE('',#3119,#3118);
#3121=CURVE_STYLE('',#1267,POSITIVE_LENGTH_MEASURE(2.E-2),#232);
#3122=PRESENTATION_STYLE_ASSIGNMENT((#3121));
#3123=STYLED_ITEM('',(#3122),#3120);
#3124=DIRECTION('',(0.E0,7.071067811865E-1,-7.071067811865E-1));
#3125=VECTOR('',#3124,1.414213562375E-1);
#3126=CARTESIAN_POINT('',(-2.380769230770E0,-7.397600415533E-1,0.E0));
#3127=LINE('',#3126,#3125);
#3128=CURVE_STYLE('',#1267,POSITIVE_LENGTH_MEASURE(2.E-2),#232);
#3129=PRESENTATION_STYLE_ASSIGNMENT((#3128));
#3130=STYLED_ITEM('',(#3129),#3127);
#3131=DIRECTION('',(0.E0,-7.071067811867E-1,-7.071067811863E-1));
#3132=VECTOR('',#3131,8.242640687012E-1);
#3133=CARTESIAN_POINT('',(-2.380769230770E0,-6.397600415532E-1,
-1.000000000001E-1));
#3134=LINE('',#3133,#3132);
#3135=CURVE_STYLE('',#1267,POSITIVE_LENGTH_MEASURE(2.E-2),#232);
#3136=PRESENTATION_STYLE_ASSIGNMENT((#3135));
#3137=STYLED_ITEM('',(#3136),#3134);
#3138=CARTESIAN_POINT('',(-2.380769230770E0,-1.505445466503E0,-4.E-1));
#3139=DIRECTION('',(-1.E0,0.E0,0.E0));
#3140=DIRECTION('',(0.E0,7.071067812152E-1,-7.071067811579E-1));
#3141=AXIS2_PLACEMENT_3D('',#3138,#3139,#3140);
#3143=CURVE_STYLE('',#1267,POSITIVE_LENGTH_MEASURE(2.E-2),#232);
#3144=PRESENTATION_STYLE_ASSIGNMENT((#3143));
#3145=STYLED_ITEM('',(#3144),#3142);
#3146=CARTESIAN_POINT('',(-2.380769230770E0,-1.539760041553E0,-4.E-1));
#3147=DIRECTION('',(-1.E0,0.E0,0.E0));
#3148=DIRECTION('',(0.E0,0.E0,-1.E0));
#3149=AXIS2_PLACEMENT_3D('',#3146,#3147,#3148);
#3151=CURVE_STYLE('',#1267,POSITIVE_LENGTH_MEASURE(2.E-2),#232);
#3152=PRESENTATION_STYLE_ASSIGNMENT((#3151));
#3153=STYLED_ITEM('',(#3152),#3150);
#3154=DIRECTION('',(0.E0,0.E0,1.E0));
#3155=VECTOR('',#3154,3.464101615138E-1);
#3156=CARTESIAN_POINT('',(-2.380769230770E0,-1.739760041553E0,
-7.464101615138E-1));
#3157=LINE('',#3156,#3155);
#3158=CURVE_STYLE('',#1267,POSITIVE_LENGTH_MEASURE(2.E-2),#232);
#3159=PRESENTATION_STYLE_ASSIGNMENT((#3158));
#3160=STYLED_ITEM('',(#3159),#3157);
#3161=CARTESIAN_POINT('',(-2.380769230770E0,-1.539760041553E0,-4.E-1));
#3162=DIRECTION('',(1.E0,0.E0,0.E0));
#3163=DIRECTION('',(0.E0,-1.E0,0.E0));
#3164=AXIS2_PLACEMENT_3D('',#3161,#3162,#3163);
#3166=CURVE_STYLE('',#1267,POSITIVE_LENGTH_MEASURE(2.E-2),#232);
#3167=PRESENTATION_STYLE_ASSIGNMENT((#3166));
#3168=STYLED_ITEM('',(#3167),#3165);
#3169=DIRECTION('',(2.588341596554E-14,1.E0,0.E0));
#3170=VECTOR('',#3169,3.431457505001E-2);
#3171=CARTESIAN_POINT('',(-2.380769230770E0,-1.539760041553E0,-6.E-1));
#3172=LINE('',#3171,#3170);
#3173=CURVE_STYLE('',#1267,POSITIVE_LENGTH_MEASURE(2.E-2),#232);
#3174=PRESENTATION_STYLE_ASSIGNMENT((#3173));
#3175=STYLED_ITEM('',(#3174),#3172);
#3176=CARTESIAN_POINT('',(-2.380769230770E0,-1.505445466503E0,-4.E-1));
#3177=DIRECTION('',(1.E0,0.E0,0.E0));
#3178=DIRECTION('',(0.E0,6.661338147751E-14,-1.E0));
#3179=AXIS2_PLACEMENT_3D('',#3176,#3177,#3178);
#3181=CURVE_STYLE('',#1267,POSITIVE_LENGTH_MEASURE(2.E-2),#232);
#3182=PRESENTATION_STYLE_ASSIGNMENT((#3181));
#3183=STYLED_ITEM('',(#3182),#3180);
#3184=DIRECTION('',(0.E0,7.071067811884E-1,7.071067811847E-1));
#3185=VECTOR('',#3184,9.543901178488E-2);
#3186=CARTESIAN_POINT('',(-2.380769230770E0,-1.364024110259E0,
-5.414213562309E-1));
#3187=LINE('',#3186,#3185);
#3188=CURVE_STYLE('',#1267,POSITIVE_LENGTH_MEASURE(2.E-2),#232);
#3189=PRESENTATION_STYLE_ASSIGNMENT((#3188));
#3190=STYLED_ITEM('',(#3189),#3187);
#3191=DIRECTION('',(-1.E0,2.042810365310E-13,1.137978600241E-14));
#3192=VECTOR('',#3191,6.E-1);
#3193=CARTESIAN_POINT('',(-2.380769230770E0,-1.296538537836E0,
-4.739357838083E-1));
#3194=LINE('',#3193,#3192);
#3195=CURVE_STYLE('',#1267,POSITIVE_LENGTH_MEASURE(2.E-2),#232);
#3196=PRESENTATION_STYLE_ASSIGNMENT((#3195));
#3197=STYLED_ITEM('',(#3196),#3194);
#3198=DIRECTION('',(1.E0,2.856973916702E-13,-3.719247132494E-14));
#3199=VECTOR('',#3198,6.E-1);
#3200=CARTESIAN_POINT('',(-2.980769230770E0,-1.296538537836E0,
4.739357838083E-1));
#3201=LINE('',#3200,#3199);
#3202=CURVE_STYLE('',#1267,POSITIVE_LENGTH_MEASURE(2.E-2),#232);
#3203=PRESENTATION_STYLE_ASSIGNMENT((#3202));
#3204=STYLED_ITEM('',(#3203),#3201);
#3205=DIRECTION('',(-1.E0,0.E0,0.E0));
#3206=VECTOR('',#3205,6.E-1);
#3207=CARTESIAN_POINT('',(-2.380769230770E0,-1.505445466503E0,-6.E-1));
#3208=LINE('',#3207,#3206);
#3209=CURVE_STYLE('',#1267,POSITIVE_LENGTH_MEASURE(2.E-2),#232);
#3210=PRESENTATION_STYLE_ASSIGNMENT((#3209));
#3211=STYLED_ITEM('',(#3210),#3208);
#3212=DIRECTION('',(1.E0,-4.713266813875E-12,-4.521198230615E-12));
#3213=VECTOR('',#3212,6.E-1);
#3214=CARTESIAN_POINT('',(-2.980769230770E0,-1.364024110256E0,
-5.414213562282E-1));
#3215=LINE('',#3214,#3213);
#3216=CURVE_STYLE('',#1267,POSITIVE_LENGTH_MEASURE(2.E-2),#232);
#3217=PRESENTATION_STYLE_ASSIGNMENT((#3216));
#3218=STYLED_ITEM('',(#3217),#3215);
#3219=DIRECTION('',(1.E0,0.E0,0.E0));
#3220=VECTOR('',#3219,5.7E-1);
#3221=CARTESIAN_POINT('',(-4.000769230770E0,-1.539760041553E0,-6.E-1));
#3222=LINE('',#3221,#3220);
#3223=CURVE_STYLE('',#1267,POSITIVE_LENGTH_MEASURE(2.E-2),#232);
#3224=PRESENTATION_STYLE_ASSIGNMENT((#3223));
#3225=STYLED_ITEM('',(#3224),#3222);
#3226=DIRECTION('',(1.E0,0.E0,0.E0));
#3227=VECTOR('',#3226,4.5E-1);
#3228=CARTESIAN_POINT('',(-3.430769230770E0,-1.539760041553E0,-6.E-1));
#3229=LINE('',#3228,#3227);
#3230=CURVE_STYLE('',#1267,POSITIVE_LENGTH_MEASURE(2.E-2),#232);
#3231=PRESENTATION_STYLE_ASSIGNMENT((#3230));
#3232=STYLED_ITEM('',(#3231),#3229);
#3233=DIRECTION('',(1.E0,0.E0,0.E0));
#3234=VECTOR('',#3233,6.E-1);
#3235=CARTESIAN_POINT('',(-2.980769230770E0,-1.539760041553E0,-6.E-1));
#3236=LINE('',#3235,#3234);
#3237=CURVE_STYLE('',#1267,POSITIVE_LENGTH_MEASURE(2.E-2),#232);
#3238=PRESENTATION_STYLE_ASSIGNMENT((#3237));
#3239=STYLED_ITEM('',(#3238),#3236);
#3240=DIRECTION('',(-1.E0,0.E0,0.E0));
#3241=VECTOR('',#3240,1.62E0);
#3242=CARTESIAN_POINT('',(-2.380769230770E0,-1.739760041553E0,-4.E-1));
#3243=LINE('',#3242,#3241);
#3244=CURVE_STYLE('',#1267,POSITIVE_LENGTH_MEASURE(2.E-2),#232);
#3245=PRESENTATION_STYLE_ASSIGNMENT((#3244));
#3246=STYLED_ITEM('',(#3245),#3243);
#3247=DIRECTION('',(-1.E0,0.E0,0.E0));
#3248=VECTOR('',#3247,5.7E-1);
#3249=CARTESIAN_POINT('',(-3.430769230770E0,-1.505445466503E0,-6.E-1));
#3250=LINE('',#3249,#3248);
#3251=CURVE_STYLE('',#1267,POSITIVE_LENGTH_MEASURE(2.E-2),#232);
#3252=PRESENTATION_STYLE_ASSIGNMENT((#3251));
#3253=STYLED_ITEM('',(#3252),#3250);
#3254=DIRECTION('',(1.E0,-8.858800632632E-12,-8.539368043091E-12));
#3255=VECTOR('',#3254,5.7E-1);
#3256=CARTESIAN_POINT('',(-4.000769230770E0,-1.364024110257E0,
-5.414213562285E-1));
#3257=LINE('',#3256,#3255);
#3258=CURVE_STYLE('',#1267,POSITIVE_LENGTH_MEASURE(2.E-2),#232);
#3259=PRESENTATION_STYLE_ASSIGNMENT((#3258));
#3260=STYLED_ITEM('',(#3259),#3257);
#3261=CARTESIAN_POINT('',(-4.000769230770E0,-1.539760041553E0,-4.E-1));
#3262=DIRECTION('',(1.E0,0.E0,0.E0));
#3263=DIRECTION('',(0.E0,-1.E0,0.E0));
#3264=AXIS2_PLACEMENT_3D('',#3261,#3262,#3263);
#3266=CURVE_STYLE('',#1267,POSITIVE_LENGTH_MEASURE(2.E-2),#232);
#3267=PRESENTATION_STYLE_ASSIGNMENT((#3266));
#3268=STYLED_ITEM('',(#3267),#3265);
#3269=DIRECTION('',(0.E0,1.E0,0.E0));
#3270=VECTOR('',#3269,3.431457505E-2);
#3271=CARTESIAN_POINT('',(-4.000769230770E0,-1.539760041553E0,-8.E-1));
#3272=LINE('',#3271,#3270);
#3273=CURVE_STYLE('',#1267,POSITIVE_LENGTH_MEASURE(2.E-2),#232);
#3274=PRESENTATION_STYLE_ASSIGNMENT((#3273));
#3275=STYLED_ITEM('',(#3274),#3272);
#3276=CARTESIAN_POINT('',(-4.000769230770E0,-1.505445466503E0,-4.E-1));
#3277=DIRECTION('',(1.E0,0.E0,0.E0));
#3278=DIRECTION('',(0.E0,0.E0,-1.E0));
#3279=AXIS2_PLACEMENT_3D('',#3276,#3277,#3278);
#3281=CURVE_STYLE('',#1267,POSITIVE_LENGTH_MEASURE(2.E-2),#232);
#3282=PRESENTATION_STYLE_ASSIGNMENT((#3281));
#3283=STYLED_ITEM('',(#3282),#3280);
#3284=DIRECTION('',(0.E0,7.071067811868E-1,7.071067811863E-1));
#3285=VECTOR('',#3284,8.242640686966E-1);
#3286=CARTESIAN_POINT('',(-4.000769230770E0,-1.222602754017E0,
-6.828427124638E-1));
#3287=LINE('',#3286,#3285);
#3288=CURVE_STYLE('',#1267,POSITIVE_LENGTH_MEASURE(2.E-2),#232);
#3289=PRESENTATION_STYLE_ASSIGNMENT((#3288));
#3290=STYLED_ITEM('',(#3289),#3287);
#3291=DIRECTION('',(0.E0,-7.071067811865E-1,7.071067811865E-1));
#3292=VECTOR('',#3291,1.414213562375E-1);
#3293=CARTESIAN_POINT('',(-4.000769230770E0,-6.397600415531E-1,
-1.000000000002E-1));
#3294=LINE('',#3293,#3292);
#3295=CURVE_STYLE('',#1267,POSITIVE_LENGTH_MEASURE(2.E-2),#232);
#3296=PRESENTATION_STYLE_ASSIGNMENT((#3295));
#3297=STYLED_ITEM('',(#3296),#3294);
#3298=DIRECTION('',(0.E0,7.071067811865E-1,7.071067811866E-1));
#3299=VECTOR('',#3298,1.414213562375E-1);
#3300=CARTESIAN_POINT('',(-4.000769230770E0,-7.397600415533E-1,0.E0));
#3301=LINE('',#3300,#3299);
#3302=CURVE_STYLE('',#1267,POSITIVE_LENGTH_MEASURE(2.E-2),#232);
#3303=PRESENTATION_STYLE_ASSIGNMENT((#3302));
#3304=STYLED_ITEM('',(#3303),#3301);
#3305=DIRECTION('',(0.E0,-7.071067811867E-1,7.071067811864E-1));
#3306=VECTOR('',#3305,8.242640686997E-1);
#3307=CARTESIAN_POINT('',(-4.000769230770E0,-6.397600415532E-1,
1.000000000001E-1));
#3308=LINE('',#3307,#3306);
#3309=CURVE_STYLE('',#1267,POSITIVE_LENGTH_MEASURE(2.E-2),#232);
#3310=PRESENTATION_STYLE_ASSIGNMENT((#3309));
#3311=STYLED_ITEM('',(#3310),#3308);
#3312=CARTESIAN_POINT('',(-4.000769230770E0,-1.505445466503E0,4.E-1));
#3313=DIRECTION('',(1.E0,0.E0,0.E0));
#3314=DIRECTION('',(0.E0,7.071067812163E-1,7.071067811568E-1));
#3315=AXIS2_PLACEMENT_3D('',#3312,#3313,#3314);
#3317=CURVE_STYLE('',#1267,POSITIVE_LENGTH_MEASURE(2.E-2),#232);
#3318=PRESENTATION_STYLE_ASSIGNMENT((#3317));
#3319=STYLED_ITEM('',(#3318),#3316);
#3320=DIRECTION('',(-5.176683193109E-14,-1.E0,0.E0));
#3321=VECTOR('',#3320,3.431457505E-2);
#3322=CARTESIAN_POINT('',(-4.000769230770E0,-1.505445466503E0,8.E-1));
#3323=LINE('',#3322,#3321);
#3324=CURVE_STYLE('',#1267,POSITIVE_LENGTH_MEASURE(2.E-2),#232);
#3325=PRESENTATION_STYLE_ASSIGNMENT((#3324));
#3326=STYLED_ITEM('',(#3325),#3323);
#3327=CARTESIAN_POINT('',(-4.000769230770E0,-1.539760041553E0,4.E-1));
#3328=DIRECTION('',(1.E0,0.E0,0.E0));
#3329=DIRECTION('',(0.E0,0.E0,1.E0));
#3330=AXIS2_PLACEMENT_3D('',#3327,#3328,#3329);
#3332=CURVE_STYLE('',#1267,POSITIVE_LENGTH_MEASURE(2.E-2),#232);
#3333=PRESENTATION_STYLE_ASSIGNMENT((#3332));
#3334=STYLED_ITEM('',(#3333),#3331);
#3335=DIRECTION('',(0.E0,0.E0,-1.E0));
#3336=VECTOR('',#3335,8.E-1);
#3337=CARTESIAN_POINT('',(-4.000769230770E0,-1.939760041553E0,4.E-1));
#3338=LINE('',#3337,#3336);
#3339=CURVE_STYLE('',#1267,POSITIVE_LENGTH_MEASURE(2.E-2),#232);
#3340=PRESENTATION_STYLE_ASSIGNMENT((#3339));
#3341=STYLED_ITEM('',(#3340),#3338);
#3342=CARTESIAN_POINT('',(-4.000769230770E0,-1.264760041553E0,0.E0));
#3343=DIRECTION('',(-1.E0,0.E0,0.E0));
#3344=DIRECTION('',(0.E0,-6.690209743810E-2,9.977595448596E-1));
#3345=AXIS2_PLACEMENT_3D('',#3342,#3343,#3344);
#3347=CURVE_STYLE('',#1267,POSITIVE_LENGTH_MEASURE(2.E-2),#232);
#3348=PRESENTATION_STYLE_ASSIGNMENT((#3347));
#3349=STYLED_ITEM('',(#3348),#3346);
#3350=CARTESIAN_POINT('',(-4.000769230770E0,-1.264760041553E0,0.E0));
#3351=DIRECTION('',(-1.E0,0.E0,0.E0));
#3352=DIRECTION('',(0.E0,1.E0,0.E0));
#3353=AXIS2_PLACEMENT_3D('',#3350,#3351,#3352);
#3355=CURVE_STYLE('',#1267,POSITIVE_LENGTH_MEASURE(2.E-2),#232);
#3356=PRESENTATION_STYLE_ASSIGNMENT((#3355));
#3357=STYLED_ITEM('',(#3356),#3354);
#3358=DIRECTION('',(0.E0,-7.071067811885E-1,-7.071067811846E-1));
#3359=VECTOR('',#3358,9.543901178155E-2);
#3360=CARTESIAN_POINT('',(-4.000769230770E0,-1.296538537836E0,
-4.739357838082E-1));
#3361=LINE('',#3360,#3359);
#3362=CURVE_STYLE('',#1267,POSITIVE_LENGTH_MEASURE(2.E-2),#232);
#3363=PRESENTATION_STYLE_ASSIGNMENT((#3362));
#3364=STYLED_ITEM('',(#3363),#3361);
#3365=CARTESIAN_POINT('',(-4.000769230770E0,-1.505445466503E0,-4.E-1));
#3366=DIRECTION('',(-1.E0,0.E0,0.E0));
#3367=DIRECTION('',(0.E0,7.071067812524E-1,-7.071067811207E-1));
#3368=AXIS2_PLACEMENT_3D('',#3365,#3366,#3367);
#3370=CURVE_STYLE('',#1267,POSITIVE_LENGTH_MEASURE(2.E-2),#232);
#3371=PRESENTATION_STYLE_ASSIGNMENT((#3370));
#3372=STYLED_ITEM('',(#3371),#3369);
#3373=DIRECTION('',(-5.176683193109E-14,-1.E0,0.E0));
#3374=VECTOR('',#3373,3.431457505E-2);
#3375=CARTESIAN_POINT('',(-4.000769230770E0,-1.505445466503E0,-6.E-1));
#3376=LINE('',#3375,#3374);
#3377=CURVE_STYLE('',#1267,POSITIVE_LENGTH_MEASURE(2.E-2),#232);
#3378=PRESENTATION_STYLE_ASSIGNMENT((#3377));
#3379=STYLED_ITEM('',(#3378),#3376);
#3380=CARTESIAN_POINT('',(-4.000769230770E0,-1.539760041553E0,-4.E-1));
#3381=DIRECTION('',(-1.E0,0.E0,0.E0));
#3382=DIRECTION('',(0.E0,0.E0,-1.E0));
#3383=AXIS2_PLACEMENT_3D('',#3380,#3381,#3382);
#3385=CURVE_STYLE('',#1267,POSITIVE_LENGTH_MEASURE(2.E-2),#232);
#3386=PRESENTATION_STYLE_ASSIGNMENT((#3385));
#3387=STYLED_ITEM('',(#3386),#3384);
#3388=CARTESIAN_POINT('',(-4.000769230770E0,-1.539760041553E0,4.E-1));
#3389=DIRECTION('',(-1.E0,0.E0,0.E0));
#3390=DIRECTION('',(0.E0,-1.E0,0.E0));
#3391=AXIS2_PLACEMENT_3D('',#3388,#3389,#3390);
#3393=CURVE_STYLE('',#1267,POSITIVE_LENGTH_MEASURE(2.E-2),#232);
#3394=PRESENTATION_STYLE_ASSIGNMENT((#3393));
#3395=STYLED_ITEM('',(#3394),#3392);
#3396=CARTESIAN_POINT('',(-4.000769230770E0,-1.505445466503E0,4.E-1));
#3397=DIRECTION('',(-1.E0,0.E0,0.E0));
#3398=DIRECTION('',(0.E0,0.E0,1.E0));
#3399=AXIS2_PLACEMENT_3D('',#3396,#3397,#3398);
#3401=CURVE_STYLE('',#1267,POSITIVE_LENGTH_MEASURE(2.E-2),#232);
#3402=PRESENTATION_STYLE_ASSIGNMENT((#3401));
#3403=STYLED_ITEM('',(#3402),#3400);
#3404=DIRECTION('',(0.E0,7.071067811886E-1,-7.071067811845E-1));
#3405=VECTOR('',#3404,9.543901178498E-2);
#3406=CARTESIAN_POINT('',(-4.000769230770E0,-1.364024110259E0,
5.414213562310E-1));
#3407=LINE('',#3406,#3405);
#3408=CURVE_STYLE('',#1267,POSITIVE_LENGTH_MEASURE(2.E-2),#232);
#3409=PRESENTATION_STYLE_ASSIGNMENT((#3408));
#3410=STYLED_ITEM('',(#3409),#3407);
#3411=DIRECTION('',(0.E0,1.E0,0.E0));
#3412=VECTOR('',#3411,3.431457505E-2);
#3413=CARTESIAN_POINT('',(-3.430769230770E0,-1.539760041553E0,-8.E-1));
#3414=LINE('',#3413,#3412);
#3415=CURVE_STYLE('',#1267,POSITIVE_LENGTH_MEASURE(2.E-2),#232);
#3416=PRESENTATION_STYLE_ASSIGNMENT((#3415));
#3417=STYLED_ITEM('',(#3416),#3414);
#3418=CARTESIAN_POINT('',(-3.430769230770E0,-1.264760041553E0,0.E0));
#3419=DIRECTION('',(1.E0,0.E0,0.E0));
#3420=DIRECTION('',(0.E0,-6.690209743919E-2,-9.977595448595E-1));
#3421=AXIS2_PLACEMENT_3D('',#3418,#3419,#3420);
#3423=CURVE_STYLE('',#1267,POSITIVE_LENGTH_MEASURE(2.E-2),#232);
#3424=PRESENTATION_STYLE_ASSIGNMENT((#3423));
#3425=STYLED_ITEM('',(#3424),#3422);
#3426=CARTESIAN_POINT('',(-3.430769230770E0,-1.264760041553E0,0.E0));
#3427=DIRECTION('',(1.E0,0.E0,0.E0));
#3428=DIRECTION('',(0.E0,1.E0,0.E0));
#3429=AXIS2_PLACEMENT_3D('',#3426,#3427,#3428);
#3431=CURVE_STYLE('',#1267,POSITIVE_LENGTH_MEASURE(2.E-2),#232);
#3432=PRESENTATION_STYLE_ASSIGNMENT((#3431));
#3433=STYLED_ITEM('',(#3432),#3430);
#3434=DIRECTION('',(0.E0,-7.071067811886E-1,7.071067811845E-1));
#3435=VECTOR('',#3434,9.543901178030E-2);
#3436=CARTESIAN_POINT('',(-3.430769230770E0,-1.296538537836E0,
4.739357838082E-1));
#3437=LINE('',#3436,#3435);
#3438=CURVE_STYLE('',#1267,POSITIVE_LENGTH_MEASURE(2.E-2),#232);
#3439=PRESENTATION_STYLE_ASSIGNMENT((#3438));
#3440=STYLED_ITEM('',(#3439),#3437);
#3441=CARTESIAN_POINT('',(-3.430769230770E0,-1.505445466503E0,4.E-1));
#3442=DIRECTION('',(1.E0,0.E0,0.E0));
#3443=DIRECTION('',(0.E0,7.071067812559E-1,7.071067811172E-1));
#3444=AXIS2_PLACEMENT_3D('',#3441,#3442,#3443);
#3446=CURVE_STYLE('',#1267,POSITIVE_LENGTH_MEASURE(2.E-2),#232);
#3447=PRESENTATION_STYLE_ASSIGNMENT((#3446));
#3448=STYLED_ITEM('',(#3447),#3445);
#3449=DIRECTION('',(0.E0,0.E0,1.E0));
#3450=VECTOR('',#3449,2.E-1);
#3451=CARTESIAN_POINT('',(-3.430769230770E0,-1.539760041553E0,6.E-1));
#3452=LINE('',#3451,#3450);
#3453=CURVE_STYLE('',#1267,POSITIVE_LENGTH_MEASURE(2.E-2),#232);
#3454=PRESENTATION_STYLE_ASSIGNMENT((#3453));
#3455=STYLED_ITEM('',(#3454),#3452);
#3456=DIRECTION('',(5.176683193109E-14,1.E0,0.E0));
#3457=VECTOR('',#3456,3.431457505E-2);
#3458=CARTESIAN_POINT('',(-3.430769230770E0,-1.539760041553E0,8.E-1));
#3459=LINE('',#3458,#3457);
#3460=CURVE_STYLE('',#1267,POSITIVE_LENGTH_MEASURE(2.E-2),#232);
#3461=PRESENTATION_STYLE_ASSIGNMENT((#3460));
#3462=STYLED_ITEM('',(#3461),#3459);
#3463=CARTESIAN_POINT('',(-3.430769230770E0,-1.505445466503E0,4.E-1));
#3464=DIRECTION('',(-1.E0,0.E0,0.E0));
#3465=DIRECTION('',(0.E0,0.E0,1.E0));
#3466=AXIS2_PLACEMENT_3D('',#3463,#3464,#3465);
#3468=CURVE_STYLE('',#1267,POSITIVE_LENGTH_MEASURE(2.E-2),#232);
#3469=PRESENTATION_STYLE_ASSIGNMENT((#3468));
#3470=STYLED_ITEM('',(#3469),#3467);
#3471=DIRECTION('',(0.E0,7.071067811868E-1,-7.071067811863E-1));
#3472=VECTOR('',#3471,8.242640686976E-1);
#3473=CARTESIAN_POINT('',(-3.430769230770E0,-1.222602754018E0,
6.828427124644E-1));
#3474=LINE('',#3473,#3472);
#3475=CURVE_STYLE('',#1267,POSITIVE_LENGTH_MEASURE(2.E-2),#232);
#3476=PRESENTATION_STYLE_ASSIGNMENT((#3475));
#3477=STYLED_ITEM('',(#3476),#3474);
#3478=DIRECTION('',(0.E0,-7.071067811865E-1,-7.071067811865E-1));
#3479=VECTOR('',#3478,1.414213562375E-1);
#3480=CARTESIAN_POINT('',(-3.430769230770E0,-6.397600415531E-1,
1.000000000002E-1));
#3481=LINE('',#3480,#3479);
#3482=CURVE_STYLE('',#1267,POSITIVE_LENGTH_MEASURE(2.E-2),#232);
#3483=PRESENTATION_STYLE_ASSIGNMENT((#3482));
#3484=STYLED_ITEM('',(#3483),#3481);
#3485=DIRECTION('',(0.E0,7.071067811865E-1,-7.071067811865E-1));
#3486=VECTOR('',#3485,1.414213562375E-1);
#3487=CARTESIAN_POINT('',(-3.430769230770E0,-7.397600415533E-1,0.E0));
#3488=LINE('',#3487,#3486);
#3489=CURVE_STYLE('',#1267,POSITIVE_LENGTH_MEASURE(2.E-2),#232);
#3490=PRESENTATION_STYLE_ASSIGNMENT((#3489));
#3491=STYLED_ITEM('',(#3490),#3488);
#3492=DIRECTION('',(0.E0,-7.071067811867E-1,-7.071067811864E-1));
#3493=VECTOR('',#3492,8.242640686995E-1);
#3494=CARTESIAN_POINT('',(-3.430769230770E0,-6.397600415532E-1,
-1.000000000001E-1));
#3495=LINE('',#3494,#3493);
#3496=CURVE_STYLE('',#1267,POSITIVE_LENGTH_MEASURE(2.E-2),#232);
#3497=PRESENTATION_STYLE_ASSIGNMENT((#3496));
#3498=STYLED_ITEM('',(#3497),#3495);
#3499=CARTESIAN_POINT('',(-3.430769230770E0,-1.505445466503E0,-4.E-1));
#3500=DIRECTION('',(-1.E0,0.E0,0.E0));
#3501=DIRECTION('',(0.E0,7.071067812163E-1,-7.071067811568E-1));
#3502=AXIS2_PLACEMENT_3D('',#3499,#3500,#3501);
#3504=CURVE_STYLE('',#1267,POSITIVE_LENGTH_MEASURE(2.E-2),#232);
#3505=PRESENTATION_STYLE_ASSIGNMENT((#3504));
#3506=STYLED_ITEM('',(#3505),#3503);
#3507=DIRECTION('',(0.E0,1.E0,0.E0));
#3508=VECTOR('',#3507,3.431457505E-2);
#3509=CARTESIAN_POINT('',(-3.430769230770E0,-1.539760041553E0,-6.E-1));
#3510=LINE('',#3509,#3508);
#3511=CURVE_STYLE('',#1267,POSITIVE_LENGTH_MEASURE(2.E-2),#232);
#3512=PRESENTATION_STYLE_ASSIGNMENT((#3511));
#3513=STYLED_ITEM('',(#3512),#3510);
#3514=CARTESIAN_POINT('',(-3.430769230770E0,-1.505445466503E0,-4.E-1));
#3515=DIRECTION('',(1.E0,0.E0,0.E0));
#3516=DIRECTION('',(0.E0,6.661338147751E-14,-1.E0));
#3517=AXIS2_PLACEMENT_3D('',#3514,#3515,#3516);
#3519=CURVE_STYLE('',#1267,POSITIVE_LENGTH_MEASURE(2.E-2),#232);
#3520=PRESENTATION_STYLE_ASSIGNMENT((#3519));
#3521=STYLED_ITEM('',(#3520),#3518);
#3522=DIRECTION('',(0.E0,7.071067811885E-1,7.071067811846E-1));
#3523=VECTOR('',#3522,9.543901178841E-2);
#3524=CARTESIAN_POINT('',(-3.430769230770E0,-1.364024110262E0,
-5.414213562334E-1));
#3525=LINE('',#3524,#3523);
#3526=CURVE_STYLE('',#1267,POSITIVE_LENGTH_MEASURE(2.E-2),#232);
#3527=PRESENTATION_STYLE_ASSIGNMENT((#3526));
#3528=STYLED_ITEM('',(#3527),#3525);
#3529=DIRECTION('',(-1.E0,3.517654004339E-13,3.194325895413E-14));
#3530=VECTOR('',#3529,5.7E-1);
#3531=CARTESIAN_POINT('',(-3.430769230770E0,-1.296538537836E0,
-4.739357838083E-1));
#3532=LINE('',#3531,#3530);
#3533=CURVE_STYLE('',#1267,POSITIVE_LENGTH_MEASURE(2.E-2),#232);
#3534=PRESENTATION_STYLE_ASSIGNMENT((#3533));
#3535=STYLED_ITEM('',(#3534),#3532);
#3536=DIRECTION('',(1.E0,5.765368689282E-14,-3.038505120027E-14));
#3537=VECTOR('',#3536,5.7E-1);
#3538=CARTESIAN_POINT('',(-4.000769230770E0,-1.296538537836E0,
4.739357838083E-1));
#3539=LINE('',#3538,#3537);
#3540=CURVE_STYLE('',#1267,POSITIVE_LENGTH_MEASURE(2.E-2),#232);
#3541=PRESENTATION_STYLE_ASSIGNMENT((#3540));
#3542=STYLED_ITEM('',(#3541),#3539);
#3543=DIRECTION('',(1.E0,0.E0,0.E0));
#3544=VECTOR('',#3543,5.7E-1);
#3545=CARTESIAN_POINT('',(-4.000769230770E0,-1.505445466503E0,6.E-1));
#3546=LINE('',#3545,#3544);
#3547=CURVE_STYLE('',#1267,POSITIVE_LENGTH_MEASURE(2.E-2),#232);
#3548=PRESENTATION_STYLE_ASSIGNMENT((#3547));
#3549=STYLED_ITEM('',(#3548),#3546);
#3550=DIRECTION('',(-1.E0,-5.858861154513E-12,5.831202966882E-12));
#3551=VECTOR('',#3550,5.7E-1);
#3552=CARTESIAN_POINT('',(-3.430769230770E0,-1.364024110256E0,
5.414213562276E-1));
#3553=LINE('',#3552,#3551);
#3554=CURVE_STYLE('',#1267,POSITIVE_LENGTH_MEASURE(2.E-2),#232);
#3555=PRESENTATION_STYLE_ASSIGNMENT((#3554));
#3556=STYLED_ITEM('',(#3555),#3553);
#3557=DIRECTION('',(0.E0,-1.E0,0.E0));
#3558=VECTOR('',#3557,3.431457505E-2);
#3559=CARTESIAN_POINT('',(-4.000769230770E0,-1.505445466503E0,6.E-1));
#3560=LINE('',#3559,#3558);
#3561=CURVE_STYLE('',#1267,POSITIVE_LENGTH_MEASURE(2.E-2),#232);
#3562=PRESENTATION_STYLE_ASSIGNMENT((#3561));
#3563=STYLED_ITEM('',(#3562),#3560);
#3564=DIRECTION('',(0.E0,1.E0,0.E0));
#3565=VECTOR('',#3564,3.431457505E-2);
#3566=CARTESIAN_POINT('',(-3.430769230770E0,-1.539760041553E0,6.E-1));
#3567=LINE('',#3566,#3565);
#3568=CURVE_STYLE('',#1267,POSITIVE_LENGTH_MEASURE(2.E-2),#232);
#3569=PRESENTATION_STYLE_ASSIGNMENT((#3568));
#3570=STYLED_ITEM('',(#3569),#3567);
#3571=DIRECTION('',(-1.E0,0.E0,0.E0));
#3572=VECTOR('',#3571,6.E-1);
#3573=CARTESIAN_POINT('',(-2.380769230770E0,-1.539760041553E0,6.E-1));
#3574=LINE('',#3573,#3572);
#3575=CURVE_STYLE('',#1267,POSITIVE_LENGTH_MEASURE(2.E-2),#232);
#3576=PRESENTATION_STYLE_ASSIGNMENT((#3575));
#3577=STYLED_ITEM('',(#3576),#3574);
#3578=DIRECTION('',(-1.E0,0.E0,0.E0));
#3579=VECTOR('',#3578,4.5E-1);
#3580=CARTESIAN_POINT('',(-2.980769230770E0,-1.539760041553E0,6.E-1));
#3581=LINE('',#3580,#3579);
#3582=CURVE_STYLE('',#1267,POSITIVE_LENGTH_MEASURE(2.E-2),#232);
#3583=PRESENTATION_STYLE_ASSIGNMENT((#3582));
#3584=STYLED_ITEM('',(#3583),#3581);
#3585=DIRECTION('',(-1.E0,0.E0,0.E0));
#3586=VECTOR('',#3585,5.7E-1);
#3587=CARTESIAN_POINT('',(-3.430769230770E0,-1.539760041553E0,6.E-1));
#3588=LINE('',#3587,#3586);
#3589=CURVE_STYLE('',#1267,POSITIVE_LENGTH_MEASURE(2.E-2),#232);
#3590=PRESENTATION_STYLE_ASSIGNMENT((#3589));
#3591=STYLED_ITEM('',(#3590),#3588);
#3592=DIRECTION('',(1.E0,0.E0,0.E0));
#3593=VECTOR('',#3592,1.62E0);
#3594=CARTESIAN_POINT('',(-4.000769230770E0,-1.739760041553E0,4.E-1));
#3595=LINE('',#3594,#3593);
#3596=CURVE_STYLE('',#1267,POSITIVE_LENGTH_MEASURE(2.E-2),#232);
#3597=PRESENTATION_STYLE_ASSIGNMENT((#3596));
#3598=STYLED_ITEM('',(#3597),#3595);
#3599=DIRECTION('',(-2.588341596555E-14,-1.E0,0.E0));
#3600=VECTOR('',#3599,3.431457505E-2);
#3601=CARTESIAN_POINT('',(-2.980769230770E0,-1.505445466503E0,6.E-1));
#3602=LINE('',#3601,#3600);
#3603=CURVE_STYLE('',#1267,POSITIVE_LENGTH_MEASURE(2.E-2),#232);
#3604=PRESENTATION_STYLE_ASSIGNMENT((#3603));
#3605=STYLED_ITEM('',(#3604),#3602);
#3606=DIRECTION('',(-2.588341596555E-14,1.E0,0.E0));
#3607=VECTOR('',#3606,3.431457505E-2);
#3608=CARTESIAN_POINT('',(-2.380769230770E0,-1.539760041553E0,6.E-1));
#3609=LINE('',#3608,#3607);
#3610=CURVE_STYLE('',#1267,POSITIVE_LENGTH_MEASURE(2.E-2),#232);
#3611=PRESENTATION_STYLE_ASSIGNMENT((#3610));
#3612=STYLED_ITEM('',(#3611),#3609);
#3613=DIRECTION('',(1.E0,0.E0,0.E0));
#3614=VECTOR('',#3613,6.E-1);
#3615=CARTESIAN_POINT('',(-2.980769230770E0,-1.505445466503E0,6.E-1));
#3616=LINE('',#3615,#3614);
#3617=CURVE_STYLE('',#1267,POSITIVE_LENGTH_MEASURE(2.E-2),#232);
#3618=PRESENTATION_STYLE_ASSIGNMENT((#3617));
#3619=STYLED_ITEM('',(#3618),#3616);
#3620=DIRECTION('',(-1.E0,-8.651968030904E-12,8.403093036217E-12));
#3621=VECTOR('',#3620,6.E-1);
#3622=CARTESIAN_POINT('',(-2.380769230770E0,-1.364024110256E0,
5.414213562279E-1));
#3623=LINE('',#3622,#3621);
#3624=CURVE_STYLE('',#1267,POSITIVE_LENGTH_MEASURE(2.E-2),#232);
#3625=PRESENTATION_STYLE_ASSIGNMENT((#3624));
#3626=STYLED_ITEM('',(#3625),#3623);
#3627=CARTESIAN_POINT('',(-2.980769230770E0,-1.264760041553E0,0.E0));
#3628=DIRECTION('',(-1.E0,0.E0,0.E0));
#3629=DIRECTION('',(0.E0,-6.690209743897E-2,9.977595448595E-1));
#3630=AXIS2_PLACEMENT_3D('',#3627,#3628,#3629);
#3632=CURVE_STYLE('',#1267,POSITIVE_LENGTH_MEASURE(2.E-2),#232);
#3633=PRESENTATION_STYLE_ASSIGNMENT((#3632));
#3634=STYLED_ITEM('',(#3633),#3631);
#3635=CARTESIAN_POINT('',(-2.980769230770E0,-1.264760041553E0,0.E0));
#3636=DIRECTION('',(-1.E0,0.E0,0.E0));
#3637=DIRECTION('',(0.E0,1.E0,0.E0));
#3638=AXIS2_PLACEMENT_3D('',#3635,#3636,#3637);
#3640=CURVE_STYLE('',#1267,POSITIVE_LENGTH_MEASURE(2.E-2),#232);
#3641=PRESENTATION_STYLE_ASSIGNMENT((#3640));
#3642=STYLED_ITEM('',(#3641),#3639);
#3643=DIRECTION('',(0.E0,-7.071067811884E-1,-7.071067811847E-1));
#3644=VECTOR('',#3643,9.543901178105E-2);
#3645=CARTESIAN_POINT('',(-2.980769230770E0,-1.296538537836E0,
-4.739357838082E-1));
#3646=LINE('',#3645,#3644);
#3647=CURVE_STYLE('',#1267,POSITIVE_LENGTH_MEASURE(2.E-2),#232);
#3648=PRESENTATION_STYLE_ASSIGNMENT((#3647));
#3649=STYLED_ITEM('',(#3648),#3646);
#3650=CARTESIAN_POINT('',(-2.980769230770E0,-1.505445466503E0,-4.E-1));
#3651=DIRECTION('',(-1.E0,0.E0,0.E0));
#3652=DIRECTION('',(0.E0,7.071067812524E-1,-7.071067811207E-1));
#3653=AXIS2_PLACEMENT_3D('',#3650,#3651,#3652);
#3655=CURVE_STYLE('',#1267,POSITIVE_LENGTH_MEASURE(2.E-2),#232);
#3656=PRESENTATION_STYLE_ASSIGNMENT((#3655));
#3657=STYLED_ITEM('',(#3656),#3654);
#3658=DIRECTION('',(-1.294170798277E-14,-1.E0,0.E0));
#3659=VECTOR('',#3658,3.431457505E-2);
#3660=CARTESIAN_POINT('',(-2.980769230770E0,-1.505445466503E0,-6.E-1));
#3661=LINE('',#3660,#3659);
#3662=CURVE_STYLE('',#1267,POSITIVE_LENGTH_MEASURE(2.E-2),#232);
#3663=PRESENTATION_STYLE_ASSIGNMENT((#3662));
#3664=STYLED_ITEM('',(#3663),#3661);
#3665=CARTESIAN_POINT('',(-2.980769230770E0,-1.505445466503E0,-4.E-1));
#3666=DIRECTION('',(1.E0,0.E0,0.E0));
#3667=DIRECTION('',(0.E0,0.E0,-1.E0));
#3668=AXIS2_PLACEMENT_3D('',#3665,#3666,#3667);
#3670=CURVE_STYLE('',#1267,POSITIVE_LENGTH_MEASURE(2.E-2),#232);
#3671=PRESENTATION_STYLE_ASSIGNMENT((#3670));
#3672=STYLED_ITEM('',(#3671),#3669);
#3673=DIRECTION('',(0.E0,7.071067811868E-1,7.071067811863E-1));
#3674=VECTOR('',#3673,8.242640687031E-1);
#3675=CARTESIAN_POINT('',(-2.980769230770E0,-1.222602754022E0,
-6.828427124682E-1));
#3676=LINE('',#3675,#3674);
#3677=CURVE_STYLE('',#1267,POSITIVE_LENGTH_MEASURE(2.E-2),#232);
#3678=PRESENTATION_STYLE_ASSIGNMENT((#3677));
#3679=STYLED_ITEM('',(#3678),#3676);
#3680=DIRECTION('',(0.E0,-7.071067811865E-1,7.071067811865E-1));
#3681=VECTOR('',#3680,1.414213562374E-1);
#3682=CARTESIAN_POINT('',(-2.980769230770E0,-6.397600415533E-1,-1.E-1));
#3683=LINE('',#3682,#3681);
#3684=CURVE_STYLE('',#1267,POSITIVE_LENGTH_MEASURE(2.E-2),#232);
#3685=PRESENTATION_STYLE_ASSIGNMENT((#3684));
#3686=STYLED_ITEM('',(#3685),#3683);
#3687=DIRECTION('',(0.E0,7.071067811865E-1,7.071067811866E-1));
#3688=VECTOR('',#3687,1.414213562375E-1);
#3689=CARTESIAN_POINT('',(-2.980769230770E0,-7.397600415533E-1,0.E0));
#3690=LINE('',#3689,#3688);
#3691=CURVE_STYLE('',#1267,POSITIVE_LENGTH_MEASURE(2.E-2),#232);
#3692=PRESENTATION_STYLE_ASSIGNMENT((#3691));
#3693=STYLED_ITEM('',(#3692),#3690);
#3694=DIRECTION('',(0.E0,-7.071067811867E-1,7.071067811864E-1));
#3695=VECTOR('',#3694,8.242640686996E-1);
#3696=CARTESIAN_POINT('',(-2.980769230770E0,-6.397600415532E-1,
1.000000000001E-1));
#3697=LINE('',#3696,#3695);
#3698=CURVE_STYLE('',#1267,POSITIVE_LENGTH_MEASURE(2.E-2),#232);
#3699=PRESENTATION_STYLE_ASSIGNMENT((#3698));
#3700=STYLED_ITEM('',(#3699),#3697);
#3701=CARTESIAN_POINT('',(-2.980769230770E0,-1.505445466503E0,4.E-1));
#3702=DIRECTION('',(1.E0,0.E0,0.E0));
#3703=DIRECTION('',(0.E0,7.071067812158E-1,7.071067811573E-1));
#3704=AXIS2_PLACEMENT_3D('',#3701,#3702,#3703);
#3706=CURVE_STYLE('',#1267,POSITIVE_LENGTH_MEASURE(2.E-2),#232);
#3707=PRESENTATION_STYLE_ASSIGNMENT((#3706));
#3708=STYLED_ITEM('',(#3707),#3705);
#3709=DIRECTION('',(-6.470853991387E-14,-1.E0,0.E0));
#3710=VECTOR('',#3709,3.431457505E-2);
#3711=CARTESIAN_POINT('',(-2.980769230770E0,-1.505445466503E0,8.E-1));
#3712=LINE('',#3711,#3710);
#3713=CURVE_STYLE('',#1267,POSITIVE_LENGTH_MEASURE(2.E-2),#232);
#3714=PRESENTATION_STYLE_ASSIGNMENT((#3713));
#3715=STYLED_ITEM('',(#3714),#3712);
#3716=DIRECTION('',(0.E0,0.E0,-1.E0));
#3717=VECTOR('',#3716,2.E-1);
#3718=CARTESIAN_POINT('',(-2.980769230770E0,-1.539760041553E0,8.E-1));
#3719=LINE('',#3718,#3717);
#3720=CURVE_STYLE('',#1267,POSITIVE_LENGTH_MEASURE(2.E-2),#232);
#3721=PRESENTATION_STYLE_ASSIGNMENT((#3720));
#3722=STYLED_ITEM('',(#3721),#3719);
#3723=CARTESIAN_POINT('',(-2.980769230770E0,-1.505445466503E0,4.E-1));
#3724=DIRECTION('',(-1.E0,0.E0,0.E0));
#3725=DIRECTION('',(0.E0,0.E0,1.E0));
#3726=AXIS2_PLACEMENT_3D('',#3723,#3724,#3725);
#3728=CURVE_STYLE('',#1267,POSITIVE_LENGTH_MEASURE(2.E-2),#232);
#3729=PRESENTATION_STYLE_ASSIGNMENT((#3728));
#3730=STYLED_ITEM('',(#3729),#3727);
#3731=DIRECTION('',(0.E0,7.071067811886E-1,-7.071067811845E-1));
#3732=VECTOR('',#3731,9.543901178782E-2);
#3733=CARTESIAN_POINT('',(-2.980769230770E0,-1.364024110261E0,
5.414213562330E-1));
#3734=LINE('',#3733,#3732);
#3735=CURVE_STYLE('',#1267,POSITIVE_LENGTH_MEASURE(2.E-2),#232);
#3736=PRESENTATION_STYLE_ASSIGNMENT((#3735));
#3737=STYLED_ITEM('',(#3736),#3734);
#3738=DIRECTION('',(0.E0,0.E0,1.E0));
#3739=VECTOR('',#3738,2.E-1);
#3740=CARTESIAN_POINT('',(-2.980769230770E0,-1.539760041553E0,-8.E-1));
#3741=LINE('',#3740,#3739);
#3742=CURVE_STYLE('',#1267,POSITIVE_LENGTH_MEASURE(2.E-2),#232);
#3743=PRESENTATION_STYLE_ASSIGNMENT((#3742));
#3744=STYLED_ITEM('',(#3743),#3741);
#3745=DIRECTION('',(0.E0,0.E0,-1.E0));
#3746=VECTOR('',#3745,2.E-1);
#3747=CARTESIAN_POINT('',(-3.430769230770E0,-1.539760041553E0,-6.E-1));
#3748=LINE('',#3747,#3746);
#3749=CURVE_STYLE('',#1267,POSITIVE_LENGTH_MEASURE(2.E-2),#232);
#3750=PRESENTATION_STYLE_ASSIGNMENT((#3749));
#3751=STYLED_ITEM('',(#3750),#3748);
#3752=DIRECTION('',(0.E0,1.E0,0.E0));
#3753=VECTOR('',#3752,3.431457505E-2);
#3754=CARTESIAN_POINT('',(-2.380769230770E0,-1.539760041553E0,-8.E-1));
#3755=LINE('',#3754,#3753);
#3756=CURVE_STYLE('',#1267,POSITIVE_LENGTH_MEASURE(2.E-2),#232);
#3757=PRESENTATION_STYLE_ASSIGNMENT((#3756));
#3758=STYLED_ITEM('',(#3757),#3755);
#3759=DIRECTION('',(-1.294170798277E-14,-1.E0,0.E0));
#3760=VECTOR('',#3759,3.431457505E-2);
#3761=CARTESIAN_POINT('',(-2.980769230770E0,-1.505445466503E0,-8.E-1));
#3762=LINE('',#3761,#3760);
#3763=CURVE_STYLE('',#1267,POSITIVE_LENGTH_MEASURE(2.E-2),#232);
#3764=PRESENTATION_STYLE_ASSIGNMENT((#3763));
#3765=STYLED_ITEM('',(#3764),#3762);
#3766=DIRECTION('',(-1.E0,-2.398821881873E-12,-2.137919471087E-12));
#3767=VECTOR('',#3766,6.E-1);
#3768=CARTESIAN_POINT('',(-2.380769230770E0,-1.222602754020E0,
-6.828427124670E-1));
#3769=LINE('',#3768,#3767);
#3770=CURVE_STYLE('',#1267,POSITIVE_LENGTH_MEASURE(2.E-2),#232);
#3771=PRESENTATION_STYLE_ASSIGNMENT((#3770));
#3772=STYLED_ITEM('',(#3771),#3769);
#3773=DIRECTION('',(1.E0,0.E0,0.E0));
#3774=VECTOR('',#3773,6.E-1);
#3775=CARTESIAN_POINT('',(-2.980769230770E0,-1.505445466503E0,-8.E-1));
#3776=LINE('',#3775,#3774);
#3777=CURVE_STYLE('',#1267,POSITIVE_LENGTH_MEASURE(2.E-2),#232);
#3778=PRESENTATION_STYLE_ASSIGNMENT((#3777));
#3779=STYLED_ITEM('',(#3778),#3776);
#3780=DIRECTION('',(-1.E0,0.E0,0.E0));
#3781=VECTOR('',#3780,6.E-1);
#3782=CARTESIAN_POINT('',(-2.380769230770E0,-7.397600415533E-1,0.E0));
#3783=LINE('',#3782,#3781);
#3784=CURVE_STYLE('',#1267,POSITIVE_LENGTH_MEASURE(2.E-2),#232);
#3785=PRESENTATION_STYLE_ASSIGNMENT((#3784));
#3786=STYLED_ITEM('',(#3785),#3783);
#3787=DIRECTION('',(1.E0,1.113923768041E-13,-1.116468029139E-13));
#3788=VECTOR('',#3787,6.E-1);
#3789=CARTESIAN_POINT('',(-2.980769230770E0,-6.397600415533E-1,-1.E-1));
#3790=LINE('',#3789,#3788);
#3791=CURVE_STYLE('',#1267,POSITIVE_LENGTH_MEASURE(2.E-2),#232);
#3792=PRESENTATION_STYLE_ASSIGNMENT((#3791));
#3793=STYLED_ITEM('',(#3792),#3790);
#3794=DIRECTION('',(1.E0,8.104628079764E-14,7.588836966240E-14));
#3795=VECTOR('',#3794,6.E-1);
#3796=CARTESIAN_POINT('',(-2.980769230770E0,-6.397600415532E-1,
1.000000000001E-1));
#3797=LINE('',#3796,#3795);
#3798=CURVE_STYLE('',#1267,POSITIVE_LENGTH_MEASURE(2.E-2),#232);
#3799=PRESENTATION_STYLE_ASSIGNMENT((#3798));
#3800=STYLED_ITEM('',(#3799),#3797);
#3801=DIRECTION('',(-1.E0,0.E0,0.E0));
#3802=VECTOR('',#3801,6.E-1);
#3803=CARTESIAN_POINT('',(-2.380769230770E0,-1.505445466503E0,8.E-1));
#3804=LINE('',#3803,#3802);
#3805=CURVE_STYLE('',#1267,POSITIVE_LENGTH_MEASURE(2.E-2),#232);
#3806=PRESENTATION_STYLE_ASSIGNMENT((#3805));
#3807=STYLED_ITEM('',(#3806),#3804);
#3808=DIRECTION('',(1.E0,3.619697134620E-12,-3.537910705139E-12));
#3809=VECTOR('',#3808,6.E-1);
#3810=CARTESIAN_POINT('',(-2.980769230770E0,-1.222602754019E0,
6.828427124659E-1));
#3811=LINE('',#3810,#3809);
#3812=CURVE_STYLE('',#1267,POSITIVE_LENGTH_MEASURE(2.E-2),#232);
#3813=PRESENTATION_STYLE_ASSIGNMENT((#3812));
#3814=STYLED_ITEM('',(#3813),#3811);
#3815=DIRECTION('',(-1.E0,0.E0,0.E0));
#3816=VECTOR('',#3815,1.62E0);
#3817=CARTESIAN_POINT('',(-2.380769230770E0,-1.939760041553E0,4.E-1));
#3818=LINE('',#3817,#3816);
#3819=CURVE_STYLE('',#1267,POSITIVE_LENGTH_MEASURE(2.E-2),#232);
#3820=PRESENTATION_STYLE_ASSIGNMENT((#3819));
#3821=STYLED_ITEM('',(#3820),#3818);
#3822=DIRECTION('',(1.E0,0.E0,0.E0));
#3823=VECTOR('',#3822,5.7E-1);
#3824=CARTESIAN_POINT('',(-4.000769230770E0,-1.539760041553E0,8.E-1));
#3825=LINE('',#3824,#3823);
#3826=CURVE_STYLE('',#1267,POSITIVE_LENGTH_MEASURE(2.E-2),#232);
#3827=PRESENTATION_STYLE_ASSIGNMENT((#3826));
#3828=STYLED_ITEM('',(#3827),#3825);
#3829=DIRECTION('',(1.E0,0.E0,0.E0));
#3830=VECTOR('',#3829,4.5E-1);
#3831=CARTESIAN_POINT('',(-3.430769230770E0,-1.539760041553E0,8.E-1));
#3832=LINE('',#3831,#3830);
#3833=CURVE_STYLE('',#1267,POSITIVE_LENGTH_MEASURE(2.E-2),#232);
#3834=PRESENTATION_STYLE_ASSIGNMENT((#3833));
#3835=STYLED_ITEM('',(#3834),#3832);
#3836=DIRECTION('',(1.E0,0.E0,0.E0));
#3837=VECTOR('',#3836,6.E-1);
#3838=CARTESIAN_POINT('',(-2.980769230770E0,-1.539760041553E0,8.E-1));
#3839=LINE('',#3838,#3837);
#3840=CURVE_STYLE('',#1267,POSITIVE_LENGTH_MEASURE(2.E-2),#232);
#3841=PRESENTATION_STYLE_ASSIGNMENT((#3840));
#3842=STYLED_ITEM('',(#3841),#3839);
#3843=CARTESIAN_POINT('',(-2.183643625814E0,-1.939760031875E0,
-8.007472669689E-1));
#3844=CARTESIAN_POINT('',(-2.185322487184E0,-1.939760031875E0,
-7.869074004021E-1));
#3845=CARTESIAN_POINT('',(-2.190274509241E0,-1.939760046045E0,
-7.578409787503E-1));
#3846=CARTESIAN_POINT('',(-2.203180666270E0,-1.939760040350E0,
-7.105355991019E-1));
#3847=CARTESIAN_POINT('',(-2.222697717412E0,-1.939760041875E0,
-6.585413931571E-1));
#3848=CARTESIAN_POINT('',(-2.249933379034E0,-1.939760041467E0,
-6.015446904726E-1));
#3849=CARTESIAN_POINT('',(-2.285587757482E0,-1.939760041576E0,
-5.395159353111E-1));
#3850=CARTESIAN_POINT('',(-2.329399229068E0,-1.939760041546E0,
-4.727253288975E-1));
#3851=CARTESIAN_POINT('',(-2.363113131537E0,-1.939760041553E0,
-4.249694949946E-1));
#3852=CARTESIAN_POINT('',(-2.380769230770E0,-1.939760041553E0,-4.E-1));
#3854=CURVE_STYLE('',#1267,POSITIVE_LENGTH_MEASURE(2.E-2),#232);
#3855=PRESENTATION_STYLE_ASSIGNMENT((#3854));
#3856=STYLED_ITEM('',(#3855),#3853);
#3857=DIRECTION('',(-7.454354593912E-14,0.E0,-1.E0));
#3858=VECTOR('',#3857,7.E-2);
#3859=CARTESIAN_POINT('',(-7.807692307696E-1,-1.939760041553E0,1.1E0));
#3860=LINE('',#3859,#3858);
#3861=CURVE_STYLE('',#1267,POSITIVE_LENGTH_MEASURE(2.E-2),#232);
#3862=PRESENTATION_STYLE_ASSIGNMENT((#3861));
#3863=STYLED_ITEM('',(#3862),#3860);
#3864=DIRECTION('',(1.E0,0.E0,0.E0));
#3865=VECTOR('',#3864,2.E-1);
#3866=CARTESIAN_POINT('',(-7.807692307696E-1,-1.939760041553E0,1.03E0));
#3867=LINE('',#3866,#3865);
#3868=CURVE_STYLE('',#1267,POSITIVE_LENGTH_MEASURE(2.E-2),#232);
#3869=PRESENTATION_STYLE_ASSIGNMENT((#3868));
#3870=STYLED_ITEM('',(#3869),#3867);
#3871=CARTESIAN_POINT('',(0.E0,-1.939760041553E0,0.E0));
#3872=DIRECTION('',(0.E0,1.E0,0.E0));
#3873=DIRECTION('',(9.634074398751E-1,0.E0,2.680412371136E-1));
#3874=AXIS2_PLACEMENT_3D('',#3871,#3872,#3873);
#3876=CURVE_STYLE('',#1267,POSITIVE_LENGTH_MEASURE(2.E-2),#232);
#3877=PRESENTATION_STYLE_ASSIGNMENT((#3876));
#3878=STYLED_ITEM('',(#3877),#3875);
#3879=DIRECTION('',(1.065814103640E-14,0.E0,1.E0));
#3880=VECTOR('',#3879,2.5E-1);
#3881=CARTESIAN_POINT('',(-5.807692307696E-1,-1.939760041553E0,-1.28E0));
#3882=LINE('',#3881,#3880);
#3883=CURVE_STYLE('',#1267,POSITIVE_LENGTH_MEASURE(2.E-2),#232);
#3884=PRESENTATION_STYLE_ASSIGNMENT((#3883));
#3885=STYLED_ITEM('',(#3884),#3882);
#3886=DIRECTION('',(-1.E0,0.E0,0.E0));
#3887=VECTOR('',#3886,2.E-1);
#3888=CARTESIAN_POINT('',(-5.807692307696E-1,-1.939760041553E0,-1.03E0));
#3889=LINE('',#3888,#3887);
#3890=CURVE_STYLE('',#1267,POSITIVE_LENGTH_MEASURE(2.E-2),#232);
#3891=PRESENTATION_STYLE_ASSIGNMENT((#3890));
#3892=STYLED_ITEM('',(#3891),#3889);
#3893=CARTESIAN_POINT('',(-2.380769230770E0,-1.739760041553E0,
7.464101615138E-1));
#3894=CARTESIAN_POINT('',(-2.366973039227E0,-1.739760041553E0,
7.464101615138E-1));
#3895=CARTESIAN_POINT('',(-2.339682961656E0,-1.739760041553E0,
7.494660382632E-1));
#3896=CARTESIAN_POINT('',(-2.296581263794E0,-1.739760041553E0,
7.657423404364E-1));
#3897=CARTESIAN_POINT('',(-2.260517326349E0,-1.739760041553E0,
7.901420766945E-1));
#3898=CARTESIAN_POINT('',(-2.227971019370E0,-1.739760041553E0,
8.235141016578E-1));
#3899=CARTESIAN_POINT('',(-2.201663544391E0,-1.739760041553E0,
8.659728049562E-1));
#3900=CARTESIAN_POINT('',(-2.184983723319E0,-1.739760041553E0,
9.133922370353E-1));
#3901=CARTESIAN_POINT('',(-2.180769230770E0,-1.739760041553E0,
9.477626008354E-1));
#3902=CARTESIAN_POINT('',(-2.180769230770E0,-1.739760041553E0,
9.656854249492E-1));
#3904=CURVE_STYLE('',#1267,POSITIVE_LENGTH_MEASURE(2.E-2),#232);
#3905=PRESENTATION_STYLE_ASSIGNMENT((#3904));
#3906=STYLED_ITEM('',(#3905),#3903);
#3907=CARTESIAN_POINT('',(-2.180769230770E0,-1.939760041553E0,
8.472135954999E-1));
#3908=CARTESIAN_POINT('',(-2.180769230770E0,-1.939760041553E0,
8.420396139637E-1));
#3909=CARTESIAN_POINT('',(-2.180992332266E0,-1.939760051960E0,
8.315793987629E-1));
#3910=CARTESIAN_POINT('',(-2.182008800914E0,-1.939760005129E0,
8.155600136958E-1));
#3911=CARTESIAN_POINT('',(-2.183151871350E0,-1.939760119605E0,
8.046456553794E-1));
#3912=CARTESIAN_POINT('',(-2.183842683808E0,-1.939760119605E0,
7.991315457702E-1));
#3914=CURVE_STYLE('',#1267,POSITIVE_LENGTH_MEASURE(2.E-2),#232);
#3915=PRESENTATION_STYLE_ASSIGNMENT((#3914));
#3916=STYLED_ITEM('',(#3915),#3913);
#3917=CARTESIAN_POINT('',(-2.183842683808E0,-1.939760119605E0,
7.991315457702E-1));
#3918=CARTESIAN_POINT('',(-2.185573733546E0,-1.939760119605E0,
7.853141950878E-1));
#3919=CARTESIAN_POINT('',(-2.190623972312E0,-1.939760005329E0,
7.563062323971E-1));
#3920=CARTESIAN_POINT('',(-2.203653276507E0,-1.939760051259E0,
7.091086208183E-1));
#3921=CARTESIAN_POINT('',(-2.223236281398E0,-1.939760038952E0,
6.573096972637E-1));
#3922=CARTESIAN_POINT('',(-2.250451268048E0,-1.939760042250E0,
6.005863051656E-1));
#3923=CARTESIAN_POINT('',(-2.286012832007E0,-1.939760041365E0,
5.388442821782E-1));
#3924=CARTESIAN_POINT('',(-2.329657182252E0,-1.939760041607E0,
4.723588250305E-1));
#3925=CARTESIAN_POINT('',(-2.363204459985E0,-1.939760041553E0,
4.248403370647E-1));
#3926=CARTESIAN_POINT('',(-2.380769230770E0,-1.939760041553E0,4.E-1));
#3928=CURVE_STYLE('',#1267,POSITIVE_LENGTH_MEASURE(2.E-2),#232);
#3929=PRESENTATION_STYLE_ASSIGNMENT((#3928));
#3930=STYLED_ITEM('',(#3929),#3927);
#3931=CARTESIAN_POINT('',(-2.380769230770E0,-1.539760041553E0,4.E-1));
#3932=DIRECTION('',(-1.E0,0.E0,0.E0));
#3933=DIRECTION('',(0.E0,-1.E0,0.E0));
#3934=AXIS2_PLACEMENT_3D('',#3931,#3932,#3933);
#3936=CURVE_STYLE('',#1267,POSITIVE_LENGTH_MEASURE(2.E-2),#232);
#3937=PRESENTATION_STYLE_ASSIGNMENT((#3936));
#3938=STYLED_ITEM('',(#3937),#3935);
#3939=CARTESIAN_POINT('',(-2.380769230770E0,-1.539760041553E0,4.E-1));
#3940=DIRECTION('',(-1.E0,0.E0,0.E0));
#3941=DIRECTION('',(0.E0,-7.078755045448E-1,7.063372212091E-1));
#3942=AXIS2_PLACEMENT_3D('',#3939,#3940,#3941);
#3944=CURVE_STYLE('',#1267,POSITIVE_LENGTH_MEASURE(2.E-2),#232);
#3945=PRESENTATION_STYLE_ASSIGNMENT((#3944));
#3946=STYLED_ITEM('',(#3945),#3943);
#3947=DIRECTION('',(0.E0,1.E0,5.375059024335E-14));
#3948=VECTOR('',#3947,1.941578015093E-1);
#3949=CARTESIAN_POINT('',(-2.180769230770E0,-8.339178430626E-1,2.E-1));
#3950=LINE('',#3949,#3948);
#3951=CURVE_STYLE('',#1267,POSITIVE_LENGTH_MEASURE(2.E-2),#232);
#3952=PRESENTATION_STYLE_ASSIGNMENT((#3951));
#3953=STYLED_ITEM('',(#3952),#3950);
#3954=DIRECTION('',(0.E0,0.E0,1.E0));
#3955=VECTOR('',#3954,9.E-1);
#3956=CARTESIAN_POINT('',(-2.180769230770E0,-6.397600415533E-1,2.E-1));
#3957=LINE('',#3956,#3955);
#3958=CURVE_STYLE('',#1267,POSITIVE_LENGTH_MEASURE(2.E-2),#232);
#3959=PRESENTATION_STYLE_ASSIGNMENT((#3958));
#3960=STYLED_ITEM('',(#3959),#3957);
#3961=CARTESIAN_POINT('',(-2.180769230770E0,-8.897600415533E-1,1.1E0));
#3962=DIRECTION('',(1.E0,0.E0,0.E0));
#3963=DIRECTION('',(0.E0,1.E0,0.E0));
#3964=AXIS2_PLACEMENT_3D('',#3961,#3962,#3963);
#3966=CURVE_STYLE('',#1267,POSITIVE_LENGTH_MEASURE(2.E-2),#232);
#3967=PRESENTATION_STYLE_ASSIGNMENT((#3966));
#3968=STYLED_ITEM('',(#3967),#3965);
#3969=DIRECTION('',(0.E0,-1.E0,0.E0));
#3970=VECTOR('',#3969,7.999999999997E-1);
#3971=CARTESIAN_POINT('',(-2.180769230770E0,-8.897600415533E-1,1.35E0));
#3972=LINE('',#3971,#3970);
#3973=CURVE_STYLE('',#1267,POSITIVE_LENGTH_MEASURE(2.E-2),#232);
#3974=PRESENTATION_STYLE_ASSIGNMENT((#3973));
#3975=STYLED_ITEM('',(#3974),#3972);
#3976=CARTESIAN_POINT('',(-2.180769230770E0,-1.689760041553E0,1.1E0));
#3977=DIRECTION('',(1.E0,0.E0,0.E0));
#3978=DIRECTION('',(0.E0,0.E0,1.E0));
#3979=AXIS2_PLACEMENT_3D('',#3976,#3977,#3978);
#3981=CURVE_STYLE('',#1267,POSITIVE_LENGTH_MEASURE(2.E-2),#232);
#3982=PRESENTATION_STYLE_ASSIGNMENT((#3981));
#3983=STYLED_ITEM('',(#3982),#3980);
#3984=DIRECTION('',(0.E0,0.E0,-1.E0));
#3985=VECTOR('',#3984,2.527864045001E-1);
#3986=CARTESIAN_POINT('',(-2.180769230770E0,-1.939760041553E0,1.1E0));
#3987=LINE('',#3986,#3985);
#3988=CURVE_STYLE('',#1267,POSITIVE_LENGTH_MEASURE(2.E-2),#232);
#3989=PRESENTATION_STYLE_ASSIGNMENT((#3988));
#3990=STYLED_ITEM('',(#3989),#3987);
#3991=CARTESIAN_POINT('',(-2.180769230770E0,-1.539760041553E0,4.E-1));
#3992=DIRECTION('',(-1.E0,0.E0,0.E0));
#3993=DIRECTION('',(0.E0,-6.666666666667E-1,7.453559924999E-1));
#3994=AXIS2_PLACEMENT_3D('',#3991,#3992,#3993);
#3996=CURVE_STYLE('',#1267,POSITIVE_LENGTH_MEASURE(2.E-2),#232);
#3997=PRESENTATION_STYLE_ASSIGNMENT((#3996));
#3998=STYLED_ITEM('',(#3997),#3995);
#3999=DIRECTION('',(0.E0,0.E0,1.E0));
#4000=VECTOR('',#3999,1.343145750508E-1);
#4001=CARTESIAN_POINT('',(-2.180769230770E0,-1.739760041553E0,
9.656854249492E-1));
#4002=LINE('',#4001,#4000);
#4003=CURVE_STYLE('',#1267,POSITIVE_LENGTH_MEASURE(2.E-2),#232);
#4004=PRESENTATION_STYLE_ASSIGNMENT((#4003));
#4005=STYLED_ITEM('',(#4004),#4002);
#4006=CARTESIAN_POINT('',(-2.180769230770E0,-1.689760041553E0,1.1E0));
#4007=DIRECTION('',(-1.E0,0.E0,0.E0));
#4008=DIRECTION('',(0.E0,-1.E0,1.687538997430E-13));
#4009=AXIS2_PLACEMENT_3D('',#4006,#4007,#4008);
#4011=CURVE_STYLE('',#1267,POSITIVE_LENGTH_MEASURE(2.E-2),#232);
#4012=PRESENTATION_STYLE_ASSIGNMENT((#4011));
#4013=STYLED_ITEM('',(#4012),#4010);
#4014=DIRECTION('',(0.E0,1.E0,0.E0));
#4015=VECTOR('',#4014,7.999999999997E-1);
#4016=CARTESIAN_POINT('',(-2.180769230770E0,-1.689760041553E0,1.15E0));
#4017=LINE('',#4016,#4015);
#4018=CURVE_STYLE('',#1267,POSITIVE_LENGTH_MEASURE(2.E-2),#232);
#4019=PRESENTATION_STYLE_ASSIGNMENT((#4018));
#4020=STYLED_ITEM('',(#4019),#4017);
#4021=CARTESIAN_POINT('',(-2.180769230770E0,-8.897600415533E-1,1.1E0));
#4022=DIRECTION('',(-1.E0,0.E0,0.E0));
#4023=DIRECTION('',(0.E0,1.598721155460E-13,1.E0));
#4024=AXIS2_PLACEMENT_3D('',#4021,#4022,#4023);
#4026=CURVE_STYLE('',#1267,POSITIVE_LENGTH_MEASURE(2.E-2),#232);
#4027=PRESENTATION_STYLE_ASSIGNMENT((#4026));
#4028=STYLED_ITEM('',(#4027),#4025);
#4029=DIRECTION('',(0.E0,-7.732702890485E-13,-1.E0));
#4030=VECTOR('',#4029,8.878679656411E-1);
#4031=CARTESIAN_POINT('',(-2.180769230770E0,-8.397600415533E-1,1.1E0));
#4032=LINE('',#4031,#4030);
#4033=CURVE_STYLE('',#1267,POSITIVE_LENGTH_MEASURE(2.E-2),#232);
#4034=PRESENTATION_STYLE_ASSIGNMENT((#4033));
#4035=STYLED_ITEM('',(#4034),#4032);
#4036=CARTESIAN_POINT('',(-2.180769230770E0,-1.264760041553E0,0.E0));
#4037=DIRECTION('',(-1.E0,0.E0,0.E0));
#4038=DIRECTION('',(0.E0,8.947368421030E-1,4.465937565435E-1));
#4039=AXIS2_PLACEMENT_3D('',#4036,#4037,#4038);
#4041=CURVE_STYLE('',#1267,POSITIVE_LENGTH_MEASURE(2.E-2),#232);
#4042=PRESENTATION_STYLE_ASSIGNMENT((#4041));
#4043=STYLED_ITEM('',(#4042),#4040);
#4044=DIRECTION('',(-1.E0,0.E0,-6.107649998289E-14));
#4045=VECTOR('',#4044,5.571428571430E-1);
#4046=CARTESIAN_POINT('',(-1.623626373627E0,-6.397600415533E-1,2.E-1));
#4047=LINE('',#4046,#4045);
#4048=CURVE_STYLE('',#1267,POSITIVE_LENGTH_MEASURE(2.E-2),#232);
#4049=PRESENTATION_STYLE_ASSIGNMENT((#4048));
#4050=STYLED_ITEM('',(#4049),#4047);
#4051=DIRECTION('',(-1.E0,1.793437193625E-14,-4.015306605727E-14));
#4052=VECTOR('',#4051,5.571428571429E-1);
#4053=CARTESIAN_POINT('',(-1.623626373627E0,-8.339178430626E-1,2.E-1));
#4054=LINE('',#4053,#4052);
#4055=CURVE_STYLE('',#1267,POSITIVE_LENGTH_MEASURE(2.E-2),#232);
#4056=PRESENTATION_STYLE_ASSIGNMENT((#4055));
#4057=STYLED_ITEM('',(#4056),#4054);
#4058=DIRECTION('',(1.E0,-1.043155139837E-14,1.821585060225E-13));
#4059=VECTOR('',#4058,5.640754482053E-1);
#4060=CARTESIAN_POINT('',(-2.180769230770E0,-8.397600415540E-1,
2.121320343588E-1));
#4061=LINE('',#4060,#4059);
#4062=CURVE_STYLE('',#1267,POSITIVE_LENGTH_MEASURE(2.E-2),#232);
#4063=PRESENTATION_STYLE_ASSIGNMENT((#4062));
#4064=STYLED_ITEM('',(#4063),#4061);
#4065=CARTESIAN_POINT('',(-1.616693782565E0,-8.397600415542E-1,
2.121320343583E-1));
#4066=CARTESIAN_POINT('',(-1.618992158480E0,-8.377524450194E-1,
2.081098765081E-1));
#4067=CARTESIAN_POINT('',(-1.621303057832E0,-8.358052174451E-1,
2.040658026415E-1));
#4068=CARTESIAN_POINT('',(-1.623626373627E0,-8.339178430627E-1,
2.000000000001E-1));
#4070=CURVE_STYLE('',#1267,POSITIVE_LENGTH_MEASURE(2.E-2),#232);
#4071=PRESENTATION_STYLE_ASSIGNMENT((#4070));
#4072=STYLED_ITEM('',(#4071),#4069);
#4073=DIRECTION('',(-4.961389383569E-1,-6.717123305002E-13,-8.682431421244E-1));
#4074=VECTOR('',#4073,1.022602912208E0);
#4075=CARTESIAN_POINT('',(-1.109340659341E0,-8.397600415533E-1,1.1E0));
#4076=LINE('',#4075,#4074);
#4077=CURVE_STYLE('',#1267,POSITIVE_LENGTH_MEASURE(2.E-2),#232);
#4078=PRESENTATION_STYLE_ASSIGNMENT((#4077));
#4079=STYLED_ITEM('',(#4078),#4076);
#4080=DIRECTION('',(1.E0,0.E0,0.E0));
#4081=VECTOR('',#4080,1.1E0);
#4082=CARTESIAN_POINT('',(-2.180769230770E0,-8.897600415533E-1,1.15E0));
#4083=LINE('',#4082,#4081);
#4084=CURVE_STYLE('',#1267,POSITIVE_LENGTH_MEASURE(2.E-2),#232);
#4085=PRESENTATION_STYLE_ASSIGNMENT((#4084));
#4086=STYLED_ITEM('',(#4085),#4083);
#4087=CARTESIAN_POINT('',(-1.080769230770E0,-8.897600415533E-1,1.15E0));
#4088=CARTESIAN_POINT('',(-1.080769230770E0,-8.807944119413E-1,1.15E0));
#4089=CARTESIAN_POINT('',(-1.083069133972E0,-8.674987558194E-1,
1.145975169397E0));
#4090=CARTESIAN_POINT('',(-1.089168169438E0,-8.528948659690E-1,
1.135301857331E0));
#4091=CARTESIAN_POINT('',(-1.097611745436E0,-8.430165486355E-1,
1.120525599335E0));
#4092=CARTESIAN_POINT('',(-1.104892461384E0,-8.397600415533E-1,
1.107784346426E0));
#4093=CARTESIAN_POINT('',(-1.109340659341E0,-8.397600415533E-1,1.1E0));
#4095=CURVE_STYLE('',#1267,POSITIVE_LENGTH_MEASURE(2.E-2),#232);
#4096=PRESENTATION_STYLE_ASSIGNMENT((#4095));
#4097=STYLED_ITEM('',(#4096),#4094);
#4098=DIRECTION('',(-1.E0,0.E0,-1.413387925216E-13));
#4099=VECTOR('',#4098,1.071428571429E0);
#4100=CARTESIAN_POINT('',(-1.109340659341E0,-8.397600415533E-1,1.1E0));
#4101=LINE('',#4100,#4099);
#4102=CURVE_STYLE('',#1267,POSITIVE_LENGTH_MEASURE(2.E-2),#232);
#4103=PRESENTATION_STYLE_ASSIGNMENT((#4102));
#4104=STYLED_ITEM('',(#4103),#4101);
#4105=DIRECTION('',(-2.631174057920E-1,9.647638212378E-1,0.E0));
#4106=VECTOR('',#4105,1.083113764504E0);
#4107=CARTESIAN_POINT('',(-7.944055944064E-1,-1.689760041553E0,1.15E0));
#4108=LINE('',#4107,#4106);
#4109=CURVE_STYLE('',#1267,POSITIVE_LENGTH_MEASURE(2.E-2),#232);
#4110=PRESENTATION_STYLE_ASSIGNMENT((#4109));
#4111=STYLED_ITEM('',(#4110),#4108);
#4112=DIRECTION('',(1.E0,0.E0,9.719632506249E-14));
#4113=VECTOR('',#4112,1.071428571429E0);
#4114=CARTESIAN_POINT('',(-2.180769230770E0,-6.397600415533E-1,1.1E0));
#4115=LINE('',#4114,#4113);
#4116=CURVE_STYLE('',#1267,POSITIVE_LENGTH_MEASURE(2.E-2),#232);
#4117=PRESENTATION_STYLE_ASSIGNMENT((#4116));
#4118=STYLED_ITEM('',(#4117),#4115);
#4119=CARTESIAN_POINT('',(-1.109340659341E0,-6.397600415533E-1,1.1E0));
#4120=CARTESIAN_POINT('',(-1.099743399016E0,-6.397600415533E-1,
1.116795205570E0));
#4121=CARTESIAN_POINT('',(-1.090219225196E0,-6.414353662145E-1,
1.133462509755E0));
#4122=CARTESIAN_POINT('',(-1.080769230770E0,-6.448110672750E-1,1.15E0));
#4124=CURVE_STYLE('',#1267,POSITIVE_LENGTH_MEASURE(2.E-2),#232);
#4125=PRESENTATION_STYLE_ASSIGNMENT((#4124));
#4126=STYLED_ITEM('',(#4125),#4123);
#4127=DIRECTION('',(1.E0,-4.053872310713E-11,-6.931073930842E-12));
#4128=VECTOR('',#4127,1.377552469797E-3);
#4129=CARTESIAN_POINT('',(-1.080769230770E0,-6.448110672750E-1,1.15E0));
#4130=LINE('',#4129,#4128);
#4131=CURVE_STYLE('',#1267,POSITIVE_LENGTH_MEASURE(2.E-2),#232);
#4132=PRESENTATION_STYLE_ASSIGNMENT((#4131));
#4133=STYLED_ITEM('',(#4132),#4130);
#4134=CARTESIAN_POINT('',(-1.079391678300E0,-6.448110672750E-1,1.15E0));
#4135=CARTESIAN_POINT('',(-1.077503544236E0,-6.517342255119E-1,
1.183916410178E0));
#4136=CARTESIAN_POINT('',(-1.070836043166E0,-6.761817294357E-1,
1.238192681489E0));
#4137=CARTESIAN_POINT('',(-1.056150568188E0,-7.300284710218E-1,
1.297643481513E0));
#4138=CARTESIAN_POINT('',(-1.037311235400E0,-7.991060245762E-1,
1.337617477602E0));
#4139=CARTESIAN_POINT('',(-1.021708968818E0,-8.563143353783E-1,1.35E0));
#4140=CARTESIAN_POINT('',(-1.012587412588E0,-8.897600415533E-1,1.35E0));
#4142=CURVE_STYLE('',#1267,POSITIVE_LENGTH_MEASURE(2.E-2),#232);
#4143=PRESENTATION_STYLE_ASSIGNMENT((#4142));
#4144=STYLED_ITEM('',(#4143),#4141);
#4145=DIRECTION('',(-1.E0,1.948290210529E-14,0.E0));
#4146=VECTOR('',#4145,1.168181818182E0);
#4147=CARTESIAN_POINT('',(-1.012587412588E0,-8.897600415533E-1,1.35E0));
#4148=LINE('',#4147,#4146);
#4149=CURVE_STYLE('',#1267,POSITIVE_LENGTH_MEASURE(2.E-2),#232);
#4150=PRESENTATION_STYLE_ASSIGNMENT((#4149));
#4151=STYLED_ITEM('',(#4150),#4148);
#4152=DIRECTION('',(4.961389383569E-1,0.E0,8.682431421244E-1));
#4153=VECTOR('',#4152,1.036575996210E0);
#4154=CARTESIAN_POINT('',(-1.623626373627E0,-6.397600415533E-1,2.E-1));
#4155=LINE('',#4154,#4153);
#4156=CURVE_STYLE('',#1267,POSITIVE_LENGTH_MEASURE(2.E-2),#232);
#4157=PRESENTATION_STYLE_ASSIGNMENT((#4156));
#4158=STYLED_ITEM('',(#4157),#4155);
#4159=DIRECTION('',(-1.806934735840E-13,-1.E0,-1.140770505696E-13));
#4160=VECTOR('',#4159,1.941578015093E-1);
#4161=CARTESIAN_POINT('',(-1.623626373627E0,-6.397600415533E-1,2.E-1));
#4162=LINE('',#4161,#4160);
#4163=CURVE_STYLE('',#1267,POSITIVE_LENGTH_MEASURE(2.E-2),#232);
#4164=PRESENTATION_STYLE_ASSIGNMENT((#4163));
#4165=STYLED_ITEM('',(#4164),#4162);
#4166=DIRECTION('',(0.E0,1.E0,0.E0));
#4167=VECTOR('',#4166,2.449489742783E-1);
#4168=CARTESIAN_POINT('',(-1.080769230770E0,-8.897600415533E-1,1.15E0));
#4169=LINE('',#4168,#4167);
#4170=CURVE_STYLE('',#1267,POSITIVE_LENGTH_MEASURE(2.E-2),#232);
#4171=PRESENTATION_STYLE_ASSIGNMENT((#4170));
#4172=STYLED_ITEM('',(#4171),#4169);
#4173=DIRECTION('',(1.131756889626E-12,-5.456183194762E-12,1.E0));
#4174=VECTOR('',#4173,2.449489742806E-1);
#4175=CARTESIAN_POINT('',(-7.807692307699E-1,-1.739760041553E0,
1.099999999997E0));
#4176=LINE('',#4175,#4174);
#4177=CURVE_STYLE('',#1267,POSITIVE_LENGTH_MEASURE(2.E-2),#232);
#4178=PRESENTATION_STYLE_ASSIGNMENT((#4177));
#4179=STYLED_ITEM('',(#4178),#4176);
#4180=DIRECTION('',(1.E0,5.503534136356E-14,-1.808236100536E-12));
#4181=VECTOR('',#4180,1.4E0);
#4182=CARTESIAN_POINT('',(-2.180769230770E0,-1.739760041553E0,1.1E0));
#4183=LINE('',#4182,#4181);
#4184=CURVE_STYLE('',#1267,POSITIVE_LENGTH_MEASURE(2.E-2),#232);
#4185=PRESENTATION_STYLE_ASSIGNMENT((#4184));
#4186=STYLED_ITEM('',(#4185),#4183);
#4187=CARTESIAN_POINT('',(-7.807692307701E-1,-1.739760041553E0,
1.099999999995E0));
#4188=CARTESIAN_POINT('',(-7.807692307699E-1,-1.739760041554E0,
1.108485512970E0));
#4189=CARTESIAN_POINT('',(-7.817827614898E-1,-1.736043762247E0,
1.121604529520E0));
#4190=CARTESIAN_POINT('',(-7.846168171440E-1,-1.725652224849E0,
1.136289999741E0));
#4191=CARTESIAN_POINT('',(-7.886340232708E-1,-1.710922469050E0,
1.146478806320E0));
#4192=CARTESIAN_POINT('',(-7.921729082457E-1,-1.697946557476E0,1.15E0));
#4193=CARTESIAN_POINT('',(-7.944055944064E-1,-1.689760041553E0,1.15E0));
#4195=CURVE_STYLE('',#1267,POSITIVE_LENGTH_MEASURE(2.E-2),#232);
#4196=PRESENTATION_STYLE_ASSIGNMENT((#4195));
#4197=STYLED_ITEM('',(#4196),#4194);
#4198=DIRECTION('',(-1.E0,0.E0,0.E0));
#4199=VECTOR('',#4198,1.386363636364E0);
#4200=CARTESIAN_POINT('',(-7.944055944064E-1,-1.689760041553E0,1.15E0));
#4201=LINE('',#4200,#4199);
#4202=CURVE_STYLE('',#1267,POSITIVE_LENGTH_MEASURE(2.E-2),#232);
#4203=PRESENTATION_STYLE_ASSIGNMENT((#4202));
#4204=STYLED_ITEM('',(#4203),#4201);
#4205=CARTESIAN_POINT('',(-7.807692307696E-1,-1.689760041553E0,1.1E0));
#4206=DIRECTION('',(-1.E0,0.E0,0.E0));
#4207=DIRECTION('',(0.E0,-1.E0,0.E0));
#4208=AXIS2_PLACEMENT_3D('',#4205,#4206,#4207);
#4210=CURVE_STYLE('',#1267,POSITIVE_LENGTH_MEASURE(2.E-2),#232);
#4211=PRESENTATION_STYLE_ASSIGNMENT((#4210));
#4212=STYLED_ITEM('',(#4211),#4209);
#4213=DIRECTION('',(8.688841561671E-4,-2.020253357232E-12,-9.999996225201E-1));
#4214=VECTOR('',#4213,3.659979238513E-2);
#4215=CARTESIAN_POINT('',(-7.807692307699E-1,-1.739760041553E0,
1.099999999997E0));
#4216=LINE('',#4215,#4214);
#4217=CURVE_STYLE('',#1267,POSITIVE_LENGTH_MEASURE(2.E-2),#232);
#4218=PRESENTATION_STYLE_ASSIGNMENT((#4217));
#4219=STYLED_ITEM('',(#4218),#4216);
#4220=DIRECTION('',(-9.521183873612E-4,-8.642393469936E-14,-9.999995467352E-1));
#4221=VECTOR('',#4220,3.340023656718E-2);
#4222=CARTESIAN_POINT('',(-7.807374297902E-1,-1.739760041553E0,
1.063400221428E0));
#4223=LINE('',#4222,#4221);
#4224=CURVE_STYLE('',#1267,POSITIVE_LENGTH_MEASURE(2.E-2),#232);
#4225=PRESENTATION_STYLE_ASSIGNMENT((#4224));
#4226=STYLED_ITEM('',(#4225),#4223);
#4227=DIRECTION('',(1.E0,0.E0,0.E0));
#4228=VECTOR('',#4227,1.386363636364E0);
#4229=CARTESIAN_POINT('',(-2.180769230770E0,-1.689760041553E0,1.35E0));
#4230=LINE('',#4229,#4228);
#4231=CURVE_STYLE('',#1267,POSITIVE_LENGTH_MEASURE(2.E-2),#232);
#4232=PRESENTATION_STYLE_ASSIGNMENT((#4231));
#4233=STYLED_ITEM('',(#4232),#4230);
#4234=CARTESIAN_POINT('',(-7.944055944064E-1,-1.689760041553E0,1.35E0));
#4235=CARTESIAN_POINT('',(-7.898169340123E-1,-1.706585129665E0,1.35E0));
#4236=CARTESIAN_POINT('',(-7.852714195187E-1,-1.723252016141E0,
1.348318660855E0));
#4237=CARTESIAN_POINT('',(-7.807692307698E-1,-1.739760041554E0,
1.344948974278E0));
#4239=CURVE_STYLE('',#1267,POSITIVE_LENGTH_MEASURE(2.E-2),#232);
#4240=PRESENTATION_STYLE_ASSIGNMENT((#4239));
#4241=STYLED_ITEM('',(#4240),#4238);
#4242=DIRECTION('',(-1.E0,0.E0,0.E0));
#4243=VECTOR('',#4242,1.4E0);
#4244=CARTESIAN_POINT('',(-7.807692307696E-1,-1.939760041553E0,1.1E0));
#4245=LINE('',#4244,#4243);
#4246=CURVE_STYLE('',#1267,POSITIVE_LENGTH_MEASURE(2.E-2),#232);
#4247=PRESENTATION_STYLE_ASSIGNMENT((#4246));
#4248=STYLED_ITEM('',(#4247),#4245);
#4249=DIRECTION('',(2.631174057921E-1,-9.647638212377E-1,0.E0));
#4250=VECTOR('',#4249,8.292184909809E-1);
#4251=CARTESIAN_POINT('',(-1.012587412588E0,-8.897600415533E-1,1.35E0));
#4252=LINE('',#4251,#4250);
#4253=CURVE_STYLE('',#1267,POSITIVE_LENGTH_MEASURE(2.E-2),#232);
#4254=PRESENTATION_STYLE_ASSIGNMENT((#4253));
#4255=STYLED_ITEM('',(#4254),#4252);
#4256=CARTESIAN_POINT('',(0.E0,-1.739760041553E0,0.E0));
#4257=DIRECTION('',(0.E0,1.E0,0.E0));
#4258=DIRECTION('',(-5.918175653899E-1,0.E0,8.060719380403E-1));
#4259=AXIS2_PLACEMENT_3D('',#4256,#4257,#4258);
#4261=CURVE_STYLE('',#1267,POSITIVE_LENGTH_MEASURE(2.E-2),#232);
#4262=PRESENTATION_STYLE_ASSIGNMENT((#4261));
#4263=STYLED_ITEM('',(#4262),#4260);
#4264=CARTESIAN_POINT('',(-5.807692307696E-1,-1.689760041553E0,1.28E0));
#4265=DIRECTION('',(1.E0,0.E0,0.E0));
#4266=DIRECTION('',(0.E0,0.E0,1.E0));
#4267=AXIS2_PLACEMENT_3D('',#4264,#4265,#4266);
#4269=CURVE_STYLE('',#1267,POSITIVE_LENGTH_MEASURE(2.E-2),#232);
#4270=PRESENTATION_STYLE_ASSIGNMENT((#4269));
#4271=STYLED_ITEM('',(#4270),#4268);
#4272=DIRECTION('',(0.E0,0.E0,-1.E0));
#4273=VECTOR('',#4272,2.5E-1);
#4274=CARTESIAN_POINT('',(-5.807692307696E-1,-1.939760041553E0,1.28E0));
#4275=LINE('',#4274,#4273);
#4276=CURVE_STYLE('',#1267,POSITIVE_LENGTH_MEASURE(2.E-2),#232);
#4277=PRESENTATION_STYLE_ASSIGNMENT((#4276));
#4278=STYLED_ITEM('',(#4277),#4275);
#4279=DIRECTION('',(-5.329070518201E-14,1.E0,0.E0));
#4280=VECTOR('',#4279,2.E-1);
#4281=CARTESIAN_POINT('',(-5.807692307696E-1,-1.939760041553E0,1.03E0));
#4282=LINE('',#4281,#4280);
#4283=CURVE_STYLE('',#1267,POSITIVE_LENGTH_MEASURE(2.E-2),#232);
#4284=PRESENTATION_STYLE_ASSIGNMENT((#4283));
#4285=STYLED_ITEM('',(#4284),#4282);
#4286=DIRECTION('',(2.054964230267E-13,0.E0,1.E0));
#4287=VECTOR('',#4286,1.545154803018E-1);
#4288=CARTESIAN_POINT('',(-5.807692307696E-1,-1.739760041553E0,1.03E0));
#4289=LINE('',#4288,#4287);
#4290=CURVE_STYLE('',#1267,POSITIVE_LENGTH_MEASURE(2.E-2),#232);
#4291=PRESENTATION_STYLE_ASSIGNMENT((#4290));
#4292=STYLED_ITEM('',(#4291),#4289);
#4293=CARTESIAN_POINT('',(-5.807692307696E-1,-1.689760041553E0,1.28E0));
#4294=DIRECTION('',(-1.E0,0.E0,0.E0));
#4295=DIRECTION('',(0.E0,-1.E0,1.598721155460E-13));
#4296=AXIS2_PLACEMENT_3D('',#4293,#4294,#4295);
#4298=CURVE_STYLE('',#1267,POSITIVE_LENGTH_MEASURE(2.E-2),#232);
#4299=PRESENTATION_STYLE_ASSIGNMENT((#4298));
#4300=STYLED_ITEM('',(#4299),#4297);
#4301=DIRECTION('',(0.E0,1.E0,0.E0));
#4302=VECTOR('',#4301,3.9E-1);
#4303=CARTESIAN_POINT('',(-5.807692307696E-1,-1.689760041553E0,1.33E0));
#4304=LINE('',#4303,#4302);
#4305=CURVE_STYLE('',#1267,POSITIVE_LENGTH_MEASURE(2.E-2),#232);
#4306=PRESENTATION_STYLE_ASSIGNMENT((#4305));
#4307=STYLED_ITEM('',(#4306),#4304);
#4308=DIRECTION('',(0.E0,-1.E0,0.E0));
#4309=VECTOR('',#4308,3.9E-1);
#4310=CARTESIAN_POINT('',(-5.807692307696E-1,-1.299760041553E0,1.53E0));
#4311=LINE('',#4310,#4309);
#4312=CURVE_STYLE('',#1267,POSITIVE_LENGTH_MEASURE(2.E-2),#232);
#4313=PRESENTATION_STYLE_ASSIGNMENT((#4312));
#4314=STYLED_ITEM('',(#4313),#4311);
#4315=DIRECTION('',(1.E0,0.E0,0.E0));
#4316=VECTOR('',#4315,1.4E0);
#4317=CARTESIAN_POINT('',(-5.807692307696E-1,-1.689760041553E0,1.53E0));
#4318=LINE('',#4317,#4316);
#4319=CURVE_STYLE('',#1267,POSITIVE_LENGTH_MEASURE(2.E-2),#232);
#4320=PRESENTATION_STYLE_ASSIGNMENT((#4319));
#4321=STYLED_ITEM('',(#4320),#4318);
#4322=DIRECTION('',(-1.E0,0.E0,0.E0));
#4323=VECTOR('',#4322,1.4E0);
#4324=CARTESIAN_POINT('',(8.192307692304E-1,-1.939760041553E0,1.28E0));
#4325=LINE('',#4324,#4323);
#4326=CURVE_STYLE('',#1267,POSITIVE_LENGTH_MEASURE(2.E-2),#232);
#4327=PRESENTATION_STYLE_ASSIGNMENT((#4326));
#4328=STYLED_ITEM('',(#4327),#4325);
#4329=DIRECTION('',(0.E0,-1.E0,0.E0));
#4330=VECTOR('',#4329,3.9E-1);
#4331=CARTESIAN_POINT('',(8.192307692304E-1,-1.299760041553E0,1.53E0));
#4332=LINE('',#4331,#4330);
#4333=CURVE_STYLE('',#1267,POSITIVE_LENGTH_MEASURE(2.E-2),#232);
#4334=PRESENTATION_STYLE_ASSIGNMENT((#4333));
#4335=STYLED_ITEM('',(#4334),#4332);
#4336=DIRECTION('',(-1.E0,0.E0,0.E0));
#4337=VECTOR('',#4336,1.4E0);
#4338=CARTESIAN_POINT('',(8.192307692304E-1,-1.299760041553E0,1.53E0));
#4339=LINE('',#4338,#4337);
#4340=CURVE_STYLE('',#1267,POSITIVE_LENGTH_MEASURE(2.E-2),#232);
#4341=PRESENTATION_STYLE_ASSIGNMENT((#4340));
#4342=STYLED_ITEM('',(#4341),#4339);
#4343=DIRECTION('',(0.E0,0.E0,-1.E0));
#4344=VECTOR('',#4343,2.E-1);
#4345=CARTESIAN_POINT('',(-5.807692307696E-1,-1.299760041553E0,1.53E0));
#4346=LINE('',#4345,#4344);
#4347=CURVE_STYLE('',#1267,POSITIVE_LENGTH_MEASURE(2.E-2),#232);
#4348=PRESENTATION_STYLE_ASSIGNMENT((#4347));
#4349=STYLED_ITEM('',(#4348),#4346);
#4350=DIRECTION('',(1.E0,0.E0,0.E0));
#4351=VECTOR('',#4350,1.4E0);
#4352=CARTESIAN_POINT('',(-5.807692307696E-1,-1.299760041553E0,1.33E0));
#4353=LINE('',#4352,#4351);
#4354=CURVE_STYLE('',#1267,POSITIVE_LENGTH_MEASURE(2.E-2),#232);
#4355=PRESENTATION_STYLE_ASSIGNMENT((#4354));
#4356=STYLED_ITEM('',(#4355),#4353);
#4357=DIRECTION('',(0.E0,0.E0,1.E0));
#4358=VECTOR('',#4357,2.E-1);
#4359=CARTESIAN_POINT('',(8.192307692304E-1,-1.299760041553E0,1.33E0));
#4360=LINE('',#4359,#4358);
#4361=CURVE_STYLE('',#1267,POSITIVE_LENGTH_MEASURE(2.E-2),#232);
#4362=PRESENTATION_STYLE_ASSIGNMENT((#4361));
#4363=STYLED_ITEM('',(#4362),#4360);
#4364=DIRECTION('',(0.E0,1.E0,0.E0));
#4365=VECTOR('',#4364,3.9E-1);
#4366=CARTESIAN_POINT('',(8.192307692304E-1,-1.689760041553E0,1.33E0));
#4367=LINE('',#4366,#4365);
#4368=CURVE_STYLE('',#1267,POSITIVE_LENGTH_MEASURE(2.E-2),#232);
#4369=PRESENTATION_STYLE_ASSIGNMENT((#4368));
#4370=STYLED_ITEM('',(#4369),#4367);
#4371=DIRECTION('',(-1.E0,0.E0,0.E0));
#4372=VECTOR('',#4371,1.4E0);
#4373=CARTESIAN_POINT('',(8.192307692304E-1,-1.689760041553E0,1.33E0));
#4374=LINE('',#4373,#4372);
#4375=CURVE_STYLE('',#1267,POSITIVE_LENGTH_MEASURE(2.E-2),#232);
#4376=PRESENTATION_STYLE_ASSIGNMENT((#4375));
#4377=STYLED_ITEM('',(#4376),#4374);
#4378=DIRECTION('',(-1.E0,0.E0,-2.682355827565E-8));
#4379=VECTOR('',#4378,2.614421180771E-1);
#4380=CARTESIAN_POINT('',(-3.193271126926E-1,-1.739760041553E0,
1.280000007238E0));
#4381=LINE('',#4380,#4379);
#4382=CURVE_STYLE('',#1267,POSITIVE_LENGTH_MEASURE(2.E-2),#232);
#4383=PRESENTATION_STYLE_ASSIGNMENT((#4382));
#4384=STYLED_ITEM('',(#4383),#4381);
#4385=DIRECTION('',(3.325395418003E-13,0.E0,-1.E0));
#4386=VECTOR('',#4385,9.548451992319E-2);
#4387=CARTESIAN_POINT('',(-5.807692307696E-1,-1.739760041553E0,
1.280000000225E0));
#4388=LINE('',#4387,#4386);
#4389=CURVE_STYLE('',#1267,POSITIVE_LENGTH_MEASURE(2.E-2),#232);
#4390=PRESENTATION_STYLE_ASSIGNMENT((#4389));
#4391=STYLED_ITEM('',(#4390),#4388);
#4392=CARTESIAN_POINT('',(0.E0,-1.739760041553E0,0.E0));
#4393=DIRECTION('',(0.E0,1.E0,0.E0));
#4394=DIRECTION('',(-4.402332361521E-1,0.E0,8.978834544567E-1));
#4395=AXIS2_PLACEMENT_3D('',#4392,#4393,#4394);
#4397=CURVE_STYLE('',#1267,POSITIVE_LENGTH_MEASURE(2.E-2),#232);
#4398=PRESENTATION_STYLE_ASSIGNMENT((#4397));
#4399=STYLED_ITEM('',(#4398),#4396);
#4400=DIRECTION('',(-1.E0,0.E0,8.721809603261E-9));
#4401=VECTOR('',#4400,4.999036587555E-1);
#4402=CARTESIAN_POINT('',(8.192307692304E-1,-1.739760041553E0,
1.280000002896E0));
#4403=LINE('',#4402,#4401);
#4404=CURVE_STYLE('',#1267,POSITIVE_LENGTH_MEASURE(2.E-2),#232);
#4405=PRESENTATION_STYLE_ASSIGNMENT((#4404));
#4406=STYLED_ITEM('',(#4405),#4403);
#4407=CARTESIAN_POINT('',(0.E0,-1.739760041553E0,0.E0));
#4408=DIRECTION('',(0.E0,1.E0,0.E0));
#4409=DIRECTION('',(2.420555203438E-1,0.E0,9.702624001120E-1));
#4410=AXIS2_PLACEMENT_3D('',#4407,#4408,#4409);
#4412=CURVE_STYLE('',#1267,POSITIVE_LENGTH_MEASURE(2.E-2),#232);
#4413=PRESENTATION_STYLE_ASSIGNMENT((#4412));
#4414=STYLED_ITEM('',(#4413),#4411);
#4415=DIRECTION('',(-1.074276084881E-13,0.E0,1.E0));
#4416=VECTOR('',#4415,2.459638481946E-1);
#4417=CARTESIAN_POINT('',(8.192307692304E-1,-1.739760041553E0,
1.034036154701E0));
#4418=LINE('',#4417,#4416);
#4419=CURVE_STYLE('',#1267,POSITIVE_LENGTH_MEASURE(2.E-2),#232);
#4420=PRESENTATION_STYLE_ASSIGNMENT((#4419));
#4421=STYLED_ITEM('',(#4420),#4418);
#4422=CARTESIAN_POINT('',(8.192307692304E-1,-1.689760041553E0,1.28E0));
#4423=DIRECTION('',(-1.E0,0.E0,0.E0));
#4424=DIRECTION('',(0.E0,-1.E0,0.E0));
#4425=AXIS2_PLACEMENT_3D('',#4422,#4423,#4424);
#4427=CURVE_STYLE('',#1267,POSITIVE_LENGTH_MEASURE(2.E-2),#232);
#4428=PRESENTATION_STYLE_ASSIGNMENT((#4427));
#4429=STYLED_ITEM('',(#4428),#4426);
#4430=CARTESIAN_POINT('',(8.192307692304E-1,-1.689760041553E0,1.28E0));
#4431=DIRECTION('',(1.E0,0.E0,0.E0));
#4432=DIRECTION('',(0.E0,0.E0,1.E0));
#4433=AXIS2_PLACEMENT_3D('',#4430,#4431,#4432);
#4435=CURVE_STYLE('',#1267,POSITIVE_LENGTH_MEASURE(2.E-2),#232);
#4436=PRESENTATION_STYLE_ASSIGNMENT((#4435));
#4437=STYLED_ITEM('',(#4436),#4434);
#4438=DIRECTION('',(-9.697961932429E-14,0.E0,-1.E0));
#4439=VECTOR('',#4438,2.942136907906E-1);
#4440=CARTESIAN_POINT('',(8.192307692304E-1,-1.739760041553E0,
1.034036154701E0));
#4441=LINE('',#4440,#4439);
#4442=CURVE_STYLE('',#1267,POSITIVE_LENGTH_MEASURE(2.E-2),#232);
#4443=PRESENTATION_STYLE_ASSIGNMENT((#4442));
#4444=STYLED_ITEM('',(#4443),#4441);
#4445=DIRECTION('',(-1.221245327088E-14,-1.E0,0.E0));
#4446=VECTOR('',#4445,2.E-1);
#4447=CARTESIAN_POINT('',(8.192307692304E-1,-1.739760041553E0,3.E-1));
#4448=LINE('',#4447,#4446);
#4449=CURVE_STYLE('',#1267,POSITIVE_LENGTH_MEASURE(2.E-2),#232);
#4450=PRESENTATION_STYLE_ASSIGNMENT((#4449));
#4451=STYLED_ITEM('',(#4450),#4448);
#4452=DIRECTION('',(0.E0,0.E0,1.E0));
#4453=VECTOR('',#4452,9.8E-1);
#4454=CARTESIAN_POINT('',(8.192307692304E-1,-1.939760041553E0,3.E-1));
#4455=LINE('',#4454,#4453);
#4456=CURVE_STYLE('',#1267,POSITIVE_LENGTH_MEASURE(2.E-2),#232);
#4457=PRESENTATION_STYLE_ASSIGNMENT((#4456));
#4458=STYLED_ITEM('',(#4457),#4455);
#4459=CARTESIAN_POINT('',(0.E0,-1.739760041553E0,0.E0));
#4460=DIRECTION('',(0.E0,-1.E0,0.E0));
#4461=DIRECTION('',(9.623602549862E-1,0.E0,2.717770034844E-1));
#4462=AXIS2_PLACEMENT_3D('',#4459,#4460,#4461);
#4464=CURVE_STYLE('',#1267,POSITIVE_LENGTH_MEASURE(2.E-2),#232);
#4465=PRESENTATION_STYLE_ASSIGNMENT((#4464));
#4466=STYLED_ITEM('',(#4465),#4463);
#4467=CARTESIAN_POINT('',(0.E0,-1.739760041553E0,0.E0));
#4468=DIRECTION('',(0.E0,1.E0,0.E0));
#4469=DIRECTION('',(6.209912536444E-1,0.E0,7.838174933600E-1));
#4470=AXIS2_PLACEMENT_3D('',#4467,#4468,#4469);
#4472=CURVE_STYLE('',#1267,POSITIVE_LENGTH_MEASURE(2.E-2),#232);
#4473=PRESENTATION_STYLE_ASSIGNMENT((#4472));
#4474=STYLED_ITEM('',(#4473),#4471);
#4475=DIRECTION('',(-1.E0,0.E0,3.792967809323E-14));
#4476=VECTOR('',#4475,2.590444807831E-1);
#4477=CARTESIAN_POINT('',(1.078275250014E0,-1.939760041553E0,3.E-1));
#4478=LINE('',#4477,#4476);
#4479=CURVE_STYLE('',#1267,POSITIVE_LENGTH_MEASURE(2.E-2),#232);
#4480=PRESENTATION_STYLE_ASSIGNMENT((#4479));
#4481=STYLED_ITEM('',(#4480),#4478);
#4482=DIRECTION('',(1.E0,0.E0,-5.813992015467E-13));
#4483=VECTOR('',#4482,2.223695369269E-1);
#4484=CARTESIAN_POINT('',(1.062297666081E0,-1.739760041553E0,3.E-1));
#4485=LINE('',#4484,#4483);
#4486=CURVE_STYLE('',#1267,POSITIVE_LENGTH_MEASURE(2.E-2),#232);
#4487=PRESENTATION_STYLE_ASSIGNMENT((#4486));
#4488=STYLED_ITEM('',(#4487),#4485);
#4489=CARTESIAN_POINT('',(0.E0,-1.739760041553E0,0.E0));
#4490=DIRECTION('',(0.E0,1.E0,0.E0));
#4491=DIRECTION('',(9.738002121929E-1,0.E0,2.274052478134E-1));
#4492=AXIS2_PLACEMENT_3D('',#4489,#4490,#4491);
#4494=CURVE_STYLE('',#1267,POSITIVE_LENGTH_MEASURE(2.E-2),#232);
#4495=PRESENTATION_STYLE_ASSIGNMENT((#4494));
#4496=STYLED_ITEM('',(#4495),#4493);
#4497=CARTESIAN_POINT('',(0.E0,-1.739760041553E0,0.E0));
#4498=DIRECTION('',(0.E0,1.E0,0.E0));
#4499=DIRECTION('',(1.E0,0.E0,0.E0));
#4500=AXIS2_PLACEMENT_3D('',#4497,#4498,#4499);
#4502=CURVE_STYLE('',#1267,POSITIVE_LENGTH_MEASURE(2.E-2),#232);
#4503=PRESENTATION_STYLE_ASSIGNMENT((#4502));
#4504=STYLED_ITEM('',(#4503),#4501);
#4505=CARTESIAN_POINT('',(1.284667203008E0,-1.739760041553E0,
-2.999999999999E-1));
#4506=CARTESIAN_POINT('',(1.284667203008E0,-1.754714319744E0,
-2.999999999999E-1));
#4507=CARTESIAN_POINT('',(1.281468811958E0,-1.784011468537E0,-3.E-1));
#4508=CARTESIAN_POINT('',(1.265016754380E0,-1.829238997865E0,-3.E-1));
#4509=CARTESIAN_POINT('',(1.240304645039E0,-1.866407442430E0,-3.E-1));
#4510=CARTESIAN_POINT('',(1.207439083872E0,-1.898215364632E0,-3.E-1));
#4511=CARTESIAN_POINT('',(1.167236191657E0,-1.922076911699E0,-3.E-1));
#4512=CARTESIAN_POINT('',(1.126516347460E0,-1.935837174671E0,-3.E-1));
#4513=CARTESIAN_POINT('',(1.094876756328E0,-1.939760041553E0,-3.E-1));
#4514=CARTESIAN_POINT('',(1.078275250014E0,-1.939760041553E0,-3.E-1));
#4516=CURVE_STYLE('',#1267,POSITIVE_LENGTH_MEASURE(2.E-2),#232);
#4517=PRESENTATION_STYLE_ASSIGNMENT((#4516));
#4518=STYLED_ITEM('',(#4517),#4515);
#4519=CARTESIAN_POINT('',(1.078275250014E0,-1.939760041553E0,3.E-1));
#4520=CARTESIAN_POINT('',(1.094496959027E0,-1.939760041553E0,3.E-1));
#4521=CARTESIAN_POINT('',(1.125582563930E0,-1.936017715842E0,3.E-1));
#4522=CARTESIAN_POINT('',(1.166187428602E0,-1.922537268076E0,3.E-1));
#4523=CARTESIAN_POINT('',(1.206670892606E0,-1.898890248773E0,3.E-1));
#4524=CARTESIAN_POINT('',(1.240649157746E0,-1.866121853478E0,3.E-1));
#4525=CARTESIAN_POINT('',(1.265492148945E0,-1.828400226039E0,3.E-1));
#4526=CARTESIAN_POINT('',(1.281792030331E0,-1.782532847432E0,
3.000000000001E-1));
#4527=CARTESIAN_POINT('',(1.284667203008E0,-1.754084289092E0,
2.999999999999E-1));
#4528=CARTESIAN_POINT('',(1.284667203008E0,-1.739760041553E0,
2.999999999999E-1));
#4530=CURVE_STYLE('',#1267,POSITIVE_LENGTH_MEASURE(2.E-2),#232);
#4531=PRESENTATION_STYLE_ASSIGNMENT((#4530));
#4532=STYLED_ITEM('',(#4531),#4529);
#4533=DIRECTION('',(0.E0,-1.E0,1.276756478319E-14));
#4534=VECTOR('',#4533,2.E-1);
#4535=CARTESIAN_POINT('',(8.192307692304E-1,-1.739760041553E0,-3.E-1));
#4536=LINE('',#4535,#4534);
#4537=CURVE_STYLE('',#1267,POSITIVE_LENGTH_MEASURE(2.E-2),#232);
#4538=PRESENTATION_STYLE_ASSIGNMENT((#4537));
#4539=STYLED_ITEM('',(#4538),#4536);
#4540=DIRECTION('',(1.E0,0.E0,1.178605816456E-14));
#4541=VECTOR('',#4540,2.590444807831E-1);
#4542=CARTESIAN_POINT('',(8.192307692304E-1,-1.939760041553E0,-3.E-1));
#4543=LINE('',#4542,#4541);
#4544=CURVE_STYLE('',#1267,POSITIVE_LENGTH_MEASURE(2.E-2),#232);
#4545=PRESENTATION_STYLE_ASSIGNMENT((#4544));
#4546=STYLED_ITEM('',(#4545),#4543);
#4547=DIRECTION('',(1.E0,0.E0,3.652155568325E-13));
#4548=VECTOR('',#4547,2.223695369268E-1);
#4549=CARTESIAN_POINT('',(1.062297666081E0,-1.739760041553E0,-3.E-1));
#4550=LINE('',#4549,#4548);
#4551=CURVE_STYLE('',#1267,POSITIVE_LENGTH_MEASURE(2.E-2),#232);
#4552=PRESENTATION_STYLE_ASSIGNMENT((#4551));
#4553=STYLED_ITEM('',(#4552),#4550);
#4554=CARTESIAN_POINT('',(0.E0,-1.739760041553E0,0.E0));
#4555=DIRECTION('',(0.E0,1.E0,0.E0));
#4556=DIRECTION('',(9.738002121929E-1,0.E0,-2.274052478135E-1));
#4557=AXIS2_PLACEMENT_3D('',#4554,#4555,#4556);
#4559=CURVE_STYLE('',#1267,POSITIVE_LENGTH_MEASURE(2.E-2),#232);
#4560=PRESENTATION_STYLE_ASSIGNMENT((#4559));
#4561=STYLED_ITEM('',(#4560),#4558);
#4562=CARTESIAN_POINT('',(0.E0,-1.739760041553E0,0.E0));
#4563=DIRECTION('',(0.E0,-1.E0,0.E0));
#4564=DIRECTION('',(7.421602787454E-1,0.E0,-6.702224411735E-1));
#4565=AXIS2_PLACEMENT_3D('',#4562,#4563,#4564);
#4567=CURVE_STYLE('',#1267,POSITIVE_LENGTH_MEASURE(2.E-2),#232);
#4568=PRESENTATION_STYLE_ASSIGNMENT((#4567));
#4569=STYLED_ITEM('',(#4568),#4566);
#4570=DIRECTION('',(2.609024107869E-14,1.E0,0.E0));
#4571=VECTOR('',#4570,2.E-1);
#4572=CARTESIAN_POINT('',(-7.807692307696E-1,-1.939760041553E0,1.03E0));
#4573=LINE('',#4572,#4571);
#4574=CURVE_STYLE('',#1267,POSITIVE_LENGTH_MEASURE(2.E-2),#232);
#4575=PRESENTATION_STYLE_ASSIGNMENT((#4574));
#4576=STYLED_ITEM('',(#4575),#4573);
#4577=DIRECTION('',(1.E0,0.E0,0.E0));
#4578=VECTOR('',#4577,2.E-1);
#4579=CARTESIAN_POINT('',(-7.807692307696E-1,-1.739760041553E0,1.03E0));
#4580=LINE('',#4579,#4578);
#4581=CURVE_STYLE('',#1267,POSITIVE_LENGTH_MEASURE(2.E-2),#232);
#4582=PRESENTATION_STYLE_ASSIGNMENT((#4581));
#4583=STYLED_ITEM('',(#4582),#4580);
#4584=DIRECTION('',(-1.498801083244E-14,1.E0,0.E0));
#4585=VECTOR('',#4584,2.E-1);
#4586=CARTESIAN_POINT('',(-5.807692307696E-1,-1.939760041553E0,-1.03E0));
#4587=LINE('',#4586,#4585);
#4588=CURVE_STYLE('',#1267,POSITIVE_LENGTH_MEASURE(2.E-2),#232);
#4589=PRESENTATION_STYLE_ASSIGNMENT((#4588));
#4590=STYLED_ITEM('',(#4589),#4587);
#4591=DIRECTION('',(-1.E0,0.E0,0.E0));
#4592=VECTOR('',#4591,2.E-1);
#4593=CARTESIAN_POINT('',(-5.807692307696E-1,-1.739760041553E0,-1.03E0));
#4594=LINE('',#4593,#4592);
#4595=CURVE_STYLE('',#1267,POSITIVE_LENGTH_MEASURE(2.E-2),#232);
#4596=PRESENTATION_STYLE_ASSIGNMENT((#4595));
#4597=STYLED_ITEM('',(#4596),#4594);
#4598=DIRECTION('',(1.E0,2.576496521007E-12,-2.665898690885E-12));
#4599=VECTOR('',#4598,5.7E-1);
#4600=CARTESIAN_POINT('',(-4.000769230770E0,-1.222602754019E0,
6.828427124659E-1));
#4601=LINE('',#4600,#4599);
#4602=CURVE_STYLE('',#1267,POSITIVE_LENGTH_MEASURE(2.E-2),#232);
#4603=PRESENTATION_STYLE_ASSIGNMENT((#4602));
#4604=STYLED_ITEM('',(#4603),#4601);
#4605=DIRECTION('',(-1.E0,0.E0,0.E0));
#4606=VECTOR('',#4605,5.7E-1);
#4607=CARTESIAN_POINT('',(-3.430769230770E0,-1.505445466503E0,8.E-1));
#4608=LINE('',#4607,#4606);
#4609=CURVE_STYLE('',#1267,POSITIVE_LENGTH_MEASURE(2.E-2),#232);
#4610=PRESENTATION_STYLE_ASSIGNMENT((#4609));
#4611=STYLED_ITEM('',(#4610),#4608);
#4612=DIRECTION('',(1.E0,5.492682332356E-14,4.952179017736E-14));
#4613=VECTOR('',#4612,5.7E-1);
#4614=CARTESIAN_POINT('',(-4.000769230770E0,-6.397600415532E-1,
1.000000000001E-1));
#4615=LINE('',#4614,#4613);
#4616=CURVE_STYLE('',#1267,POSITIVE_LENGTH_MEASURE(2.E-2),#232);
#4617=PRESENTATION_STYLE_ASSIGNMENT((#4616));
#4618=STYLED_ITEM('',(#4617),#4615);
#4619=DIRECTION('',(-1.E0,0.E0,0.E0));
#4620=VECTOR('',#4619,5.7E-1);
#4621=CARTESIAN_POINT('',(-3.430769230770E0,-7.397600415533E-1,0.E0));
#4622=LINE('',#4621,#4620);
#4623=CURVE_STYLE('',#1267,POSITIVE_LENGTH_MEASURE(2.E-2),#232);
#4624=PRESENTATION_STYLE_ASSIGNMENT((#4623));
#4625=STYLED_ITEM('',(#4624),#4622);
#4626=DIRECTION('',(1.E0,-8.297456289304E-14,8.270674593534E-14));
#4627=VECTOR('',#4626,5.7E-1);
#4628=CARTESIAN_POINT('',(-4.000769230770E0,-6.397600415531E-1,
-1.000000000002E-1));
#4629=LINE('',#4628,#4627);
#4630=CURVE_STYLE('',#1267,POSITIVE_LENGTH_MEASURE(2.E-2),#232);
#4631=PRESENTATION_STYLE_ASSIGNMENT((#4630));
#4632=STYLED_ITEM('',(#4631),#4629);
#4633=DIRECTION('',(1.E0,0.E0,0.E0));
#4634=VECTOR('',#4633,5.7E-1);
#4635=CARTESIAN_POINT('',(-4.000769230770E0,-1.505445466503E0,-8.E-1));
#4636=LINE('',#4635,#4634);
#4637=CURVE_STYLE('',#1267,POSITIVE_LENGTH_MEASURE(2.E-2),#232);
#4638=PRESENTATION_STYLE_ASSIGNMENT((#4637));
#4639=STYLED_ITEM('',(#4638),#4636);
#4640=DIRECTION('',(-1.E0,3.636467345570E-12,3.550181591200E-12));
#4641=VECTOR('',#4640,5.7E-1);
#4642=CARTESIAN_POINT('',(-3.430769230770E0,-1.222602754019E0,
-6.828427124658E-1));
#4643=LINE('',#4642,#4641);
#4644=CURVE_STYLE('',#1267,POSITIVE_LENGTH_MEASURE(2.E-2),#232);
#4645=PRESENTATION_STYLE_ASSIGNMENT((#4644));
#4646=STYLED_ITEM('',(#4645),#4643);
#4647=DIRECTION('',(-2.631174057921E-1,9.647638212377E-1,0.E0));
#4648=VECTOR('',#4647,8.292184909808E-1);
#4649=CARTESIAN_POINT('',(-7.944055944064E-1,-1.689760041553E0,-1.35E0));
#4650=LINE('',#4649,#4648);
#4651=CURVE_STYLE('',#1267,POSITIVE_LENGTH_MEASURE(2.E-2),#232);
#4652=PRESENTATION_STYLE_ASSIGNMENT((#4651));
#4653=STYLED_ITEM('',(#4652),#4650);
#4654=VERTEX_POINT('',#1260);
#4655=VERTEX_POINT('',#1265);
#4656=CARTESIAN_POINT('',(3.157451350009E-1,-2.148368950388E-3,
1.032755801592E0));
#4657=VERTEX_POINT('',#4656);
#4658=CARTESIAN_POINT('',(3.194346056261E-1,8.899156107521E-3,
1.044823516247E0));
#4659=VERTEX_POINT('',#4658);
#4660=CARTESIAN_POINT('',(-1.303982293777E0,-1.739760041553E0,2.E-1));
#4661=CARTESIAN_POINT('',(-1.303982293777E0,-3.876923076937E-1,2.E-1));
#4662=VERTEX_POINT('',#4660);
#4663=VERTEX_POINT('',#4661);
#4664=CARTESIAN_POINT('',(-1.085576497240E0,-1.739760041553E0,
2.000000000001E-1));
#4665=VERTEX_POINT('',#4664);
#4666=CARTESIAN_POINT('',(-1.085576497240E0,-3.876923076923E-1,
2.000000000001E-1));
#4667=VERTEX_POINT('',#4666);
#4668=VERTEX_POINT('',#1284);
#4669=VERTEX_POINT('',#2222);
#4670=VERTEX_POINT('',#2193);
#4671=VERTEX_POINT('',#2175);
#4672=VERTEX_POINT('',#2165);
#4673=VERTEX_POINT('',#2139);
#4674=VERTEX_POINT('',#2129);
#4675=CARTESIAN_POINT('',(-1.303982253340E0,-3.876923076924E-1,
-2.000002259814E-1));
#4676=CARTESIAN_POINT('',(-1.303975715457E0,-1.739760041553E0,
-2.000002259801E-1));
#4677=VERTEX_POINT('',#4675);
#4678=VERTEX_POINT('',#4676);
#4679=CARTESIAN_POINT('',(-7.807692307696E-1,-1.739760041553E0,
-1.063376335437E0));
#4680=VERTEX_POINT('',#4679);
#4681=CARTESIAN_POINT('',(-5.807692307696E-1,-1.739760041553E0,
-1.184515480302E0));
#4682=VERTEX_POINT('',#4681);
#4683=CARTESIAN_POINT('',(-3.193271014520E-1,-1.739760041553E0,
-1.280000009672E0));
#4684=VERTEX_POINT('',#4683);
#4685=VERTEX_POINT('',#1318);
#4686=CARTESIAN_POINT('',(8.192307692304E-1,-1.739760041553E0,
-1.034036154701E0));
#4687=VERTEX_POINT('',#4686);
#4688=CARTESIAN_POINT('',(1.284667203008E0,-1.739760041553E0,
-2.999999999999E-1));
#4689=VERTEX_POINT('',#4688);
#4690=CARTESIAN_POINT('',(1.319230769230E0,-1.739760041553E0,0.E0));
#4691=VERTEX_POINT('',#4690);
#4692=CARTESIAN_POINT('',(1.284667203008E0,-1.739760041553E0,
2.999999999998E-1));
#4693=VERTEX_POINT('',#4692);
#4694=CARTESIAN_POINT('',(8.192307692304E-1,-1.739760041553E0,
1.034036154701E0));
#4695=VERTEX_POINT('',#4694);
#4696=CARTESIAN_POINT('',(3.193270902995E-1,-1.739760041553E0,
1.280000012455E0));
#4697=VERTEX_POINT('',#4696);
#4698=VERTEX_POINT('',#1334);
#4699=CARTESIAN_POINT('',(-5.807692307696E-1,-1.739760041553E0,
1.184515480302E0));
#4700=VERTEX_POINT('',#4699);
#4701=CARTESIAN_POINT('',(-7.807439420331E-1,-1.739760041553E0,
1.063394902876E0));
#4702=VERTEX_POINT('',#4701);
#4703=CARTESIAN_POINT('',(3.857057489227E-1,-3.876923076923E-1,
1.261586658828E0));
#4704=VERTEX_POINT('',#4703);
#4705=CARTESIAN_POINT('',(3.857057489228E-1,-5.199999999987E-1,
1.261586658828E0));
#4706=VERTEX_POINT('',#4705);
#4707=VERTEX_POINT('',#2002);
#4708=CARTESIAN_POINT('',(6.699200894086E-1,-7.6E-1,1.136475647029E0));
#4709=VERTEX_POINT('',#4708);
#4710=VERTEX_POINT('',#1974);
#4711=CARTESIAN_POINT('',(8.654932574756E-1,-3.876923076909E-1,
9.956361000629E-1));
#4712=VERTEX_POINT('',#4711);
#4713=CARTESIAN_POINT('',(1.319230769231E0,-3.876923076923E-1,0.E0));
#4714=VERTEX_POINT('',#4713);
#4715=CARTESIAN_POINT('',(8.597444815145E-1,-3.876923076923E-1,
-1.000604441820E0));
#4716=VERTEX_POINT('',#4715);
#4717=CARTESIAN_POINT('',(8.597444815143E-1,-5.199999999998E-1,
-1.000604441820E0));
#4718=VERTEX_POINT('',#4717);
#4719=VERTEX_POINT('',#1754);
#4720=CARTESIAN_POINT('',(6.492567364041E-1,-7.6E-1,-1.148405639449E0));
#4721=VERTEX_POINT('',#4720);
#4722=VERTEX_POINT('',#1681);
#4723=CARTESIAN_POINT('',(4.294995268415E-1,-3.876923076926E-1,
-1.247357197810E0));
#4724=VERTEX_POINT('',#4723);
#4725=CARTESIAN_POINT('',(-1.085576497240E0,-1.739760041553E0,-2.E-1));
#4726=CARTESIAN_POINT('',(-1.085576497240E0,-3.876923076924E-1,
-2.000000000001E-1));
#4727=VERTEX_POINT('',#4725);
#4728=VERTEX_POINT('',#4726);
#4729=VERTEX_POINT('',#1387);
#4730=VERTEX_POINT('',#1564);
#4731=VERTEX_POINT('',#1554);
#4732=VERTEX_POINT('',#1536);
#4733=VERTEX_POINT('',#1518);
#4734=VERTEX_POINT('',#1500);
#4735=VERTEX_POINT('',#1490);
#4736=VERTEX_POINT('',#1463);
#4737=VERTEX_POINT('',#1452);
#4738=CARTESIAN_POINT('',(3.593771551124E-1,-3.876923076923E-1,
-1.043707043065E0));
#4739=VERTEX_POINT('',#4738);
#4740=CARTESIAN_POINT('',(3.593771551122E-1,-5.200000000009E-1,
-1.043707043065E0));
#4741=VERTEX_POINT('',#4740);
#4742=VERTEX_POINT('',#1705);
#4743=VERTEX_POINT('',#1741);
#4744=CARTESIAN_POINT('',(7.193780355530E-1,-3.876923076919E-1,
-8.372404513189E-1));
#4745=VERTEX_POINT('',#4744);
#4746=CARTESIAN_POINT('',(1.103846153846E0,-3.876923076923E-1,0.E0));
#4747=VERTEX_POINT('',#4746);
#4748=CARTESIAN_POINT('',(7.241882358471E-1,-3.876923076923E-1,
8.330832673998E-1));
#4749=VERTEX_POINT('',#4748);
#4750=CARTESIAN_POINT('',(7.241882358469E-1,-5.199999999982E-1,
8.330832673998E-1));
#4751=VERTEX_POINT('',#4750);
#4752=VERTEX_POINT('',#1953);
#4753=VERTEX_POINT('',#1988);
#4754=CARTESIAN_POINT('',(3.227333817517E-1,-3.876923076920E-1,
1.055613326774E0));
#4755=VERTEX_POINT('',#4754);
#4756=CARTESIAN_POINT('',(8.192307692304E-1,-1.739760041553E0,
7.398224639106E-1));
#4757=VERTEX_POINT('',#4756);
#4758=CARTESIAN_POINT('',(1.062297666081E0,-1.739760041553E0,3.E-1));
#4759=VERTEX_POINT('',#4758);
#4760=CARTESIAN_POINT('',(1.103846153846E0,-1.739760041553E0,0.E0));
#4761=VERTEX_POINT('',#4760);
#4762=CARTESIAN_POINT('',(1.062297666081E0,-1.739760041553E0,-3.E-1));
#4763=VERTEX_POINT('',#4762);
#4764=CARTESIAN_POINT('',(8.192307692304E-1,-1.739760041553E0,
-7.398224639106E-1));
#4765=VERTEX_POINT('',#4764);
#4766=CARTESIAN_POINT('',(3.530481038302E-1,-3.462721893738E-1,
-1.025326143484E0));
#4767=VERTEX_POINT('',#4766);
#4768=CARTESIAN_POINT('',(3.515954492883E-1,-2.148368950388E-3,
-1.021107328364E0));
#4769=VERTEX_POINT('',#4768);
#4770=CARTESIAN_POINT('',(3.264660884776E-1,-1.723076923077E-1,
-9.481263653466E-1));
#4771=VERTEX_POINT('',#4770);
#4772=CARTESIAN_POINT('',(3.557038295553E-1,8.899156108333E-3,
-1.033038931025E0));
#4773=VERTEX_POINT('',#4772);
#4774=CARTESIAN_POINT('',(4.199993474243E-1,1.102398624616E-1,
-1.219766673406E0));
#4775=VERTEX_POINT('',#4774);
#4776=CARTESIAN_POINT('',(4.546431327901E-1,-1.131235529151E-2,
-1.320379531709E0));
#4777=VERTEX_POINT('',#4776);
#4778=CARTESIAN_POINT('',(3.977850964326E-1,-1.642048673935E-1,
-1.155251804036E0));
#4779=VERTEX_POINT('',#4778);
#4780=CARTESIAN_POINT('',(3.978542704691E-1,-1.805917159461E-1,
-1.155452700026E0));
#4781=VERTEX_POINT('',#4780);
#4782=CARTESIAN_POINT('',(3.965884602067E-1,-1.723076923077E-1,
-1.151776520091E0));
#4783=VERTEX_POINT('',#4782);
#4784=CARTESIAN_POINT('',(6.351745438011E-1,-7.6E-1,-1.107507970035E0));
#4785=VERTEX_POINT('',#4784);
#4786=CARTESIAN_POINT('',(7.963989907757E-1,-1.805916454122E-1,
-9.268804682847E-1));
#4787=VERTEX_POINT('',#4786);
#4788=CARTESIAN_POINT('',(7.938652286813E-1,-1.723076923077E-1,
-9.239315763048E-1));
#4789=VERTEX_POINT('',#4788);
#4790=CARTESIAN_POINT('',(7.962605782361E-1,-1.642048670542E-1,
-9.267193783271E-1));
#4791=VERTEX_POINT('',#4790);
#4792=CARTESIAN_POINT('',(9.100753319777E-1,-1.131235529149E-2,
-1.059181465130E0));
#4793=VERTEX_POINT('',#4792);
#4794=CARTESIAN_POINT('',(8.407276344242E-1,1.102398624615E-1,
-9.784718872332E-1));
#4795=VERTEX_POINT('',#4794);
#4796=CARTESIAN_POINT('',(7.120250091136E-1,8.899156107519E-3,
-8.286827099501E-1));
#4797=VERTEX_POINT('',#4796);
#4798=CARTESIAN_POINT('',(7.038011184591E-1,-2.148368553777E-3,
-8.191114225562E-1));
#4799=VERTEX_POINT('',#4798);
#4800=CARTESIAN_POINT('',(6.534987827198E-1,-1.723076923077E-1,
-7.605675858036E-1));
#4801=VERTEX_POINT('',#4800);
#4802=CARTESIAN_POINT('',(7.067090265521E-1,-3.462722889155E-1,
-8.224957603644E-1));
#4803=VERTEX_POINT('',#4802);
#4804=CARTESIAN_POINT('',(8.017242449376E-1,-1.805917021175E-1,
9.222782426794E-1));
#4805=VERTEX_POINT('',#4804);
#4806=CARTESIAN_POINT('',(1.222030671655E0,-1.805917159771E-1,0.E0));
#4807=VERTEX_POINT('',#4806);
#4808=CARTESIAN_POINT('',(7.114344496774E-1,-3.462722072634E-1,
8.184117147176E-1));
#4809=VERTEX_POINT('',#4808);
#4810=CARTESIAN_POINT('',(6.578684741497E-1,-1.723076923077E-1,
7.567911087686E-1));
#4811=VERTEX_POINT('',#4810);
#4812=CARTESIAN_POINT('',(7.085071620121E-1,-2.148368546656E-3,
8.150442554686E-1));
#4813=VERTEX_POINT('',#4812);
#4814=CARTESIAN_POINT('',(7.167860425884E-1,8.899156107554E-3,
8.245680181308E-1));
#4815=VERTEX_POINT('',#4814);
#4816=CARTESIAN_POINT('',(8.463492521474E-1,1.102398624615E-1,
9.736134411457E-1));
#4817=VERTEX_POINT('',#4816);
#4818=CARTESIAN_POINT('',(9.161606507019E-1,-1.131235529155E-2,
1.053922268507E0));
#4819=VERTEX_POINT('',#4818);
#4820=CARTESIAN_POINT('',(8.015848620540E-1,-1.642048670849E-1,
9.221179010138E-1));
#4821=VERTEX_POINT('',#4820);
#4822=CARTESIAN_POINT('',(7.991734957784E-1,-1.723076923077E-1,
9.193439414319E-1));
#4823=VERTEX_POINT('',#4822);
#4824=VERTEX_POINT('',#1943);
#4825=CARTESIAN_POINT('',(3.572871882564E-1,-1.805917089956E-1,
1.168633735259E0));
#4826=VERTEX_POINT('',#4825);
#4827=CARTESIAN_POINT('',(3.561504483666E-1,-1.723076923077E-1,
1.164915626614E0));
#4828=VERTEX_POINT('',#4827);
#4829=CARTESIAN_POINT('',(3.572250701671E-1,-1.642048668149E-1,
1.168430556144E0));
#4830=VERTEX_POINT('',#4829);
#4831=CARTESIAN_POINT('',(4.082855953645E-1,-1.131235529150E-2,
1.335442008687E0));
#4832=VERTEX_POINT('',#4831);
#4833=CARTESIAN_POINT('',(3.771742521735E-1,1.102398624614E-1,
1.233681390347E0));
#4834=VERTEX_POINT('',#4833);
#4835=CARTESIAN_POINT('',(2.931780811956E-1,-1.723076923077E-1,
9.589422945609E-1));
#4836=VERTEX_POINT('',#4835);
#4837=CARTESIAN_POINT('',(3.170496717884E-1,-3.462721941706E-1,
1.037022749159E0));
#4838=VERTEX_POINT('',#4837);
#4839=CARTESIAN_POINT('',(1.084406134336E0,-3.462721893428E-1,0.E0));
#4840=VERTEX_POINT('',#4839);
#4841=CARTESIAN_POINT('',(1.079944228189E0,-2.148368950388E-3,0.E0));
#4842=VERTEX_POINT('',#4841);
#4843=CARTESIAN_POINT('',(1.092563337923E0,8.899156107812E-3,0.E0));
#4844=VERTEX_POINT('',#4843);
#4845=CARTESIAN_POINT('',(1.290050460017E0,1.102398624615E-1,0.E0));
#4846=VERTEX_POINT('',#4845);
#4847=CARTESIAN_POINT('',(1.396460699751E0,-1.131235529152E-2,0.E0));
#4848=VERTEX_POINT('',#4847);
#4849=CARTESIAN_POINT('',(1.221818199927E0,-1.642048673935E-1,0.E0));
#4850=VERTEX_POINT('',#4849);
#4851=CARTESIAN_POINT('',(8.192307692304E-1,-1.739760041553E0,-3.E-1));
#4852=VERTEX_POINT('',#4851);
#4853=CARTESIAN_POINT('',(8.192307692304E-1,-1.739760041553E0,3.E-1));
#4854=VERTEX_POINT('',#4853);
#4855=CARTESIAN_POINT('',(-7.807692307699E-1,-1.739760041553E0,
1.099999999997E0));
#4856=VERTEX_POINT('',#4855);
#4857=CARTESIAN_POINT('',(-2.180769230770E0,-1.739760041553E0,1.1E0));
#4858=VERTEX_POINT('',#4857);
#4859=CARTESIAN_POINT('',(-2.180769230770E0,-1.739760041553E0,
9.656854249492E-1));
#4860=VERTEX_POINT('',#4859);
#4861=VERTEX_POINT('',#3893);
#4862=CARTESIAN_POINT('',(-2.380769230770E0,-1.739760041553E0,4.E-1));
#4863=VERTEX_POINT('',#4862);
#4864=CARTESIAN_POINT('',(-4.000769230770E0,-1.739760041553E0,4.E-1));
#4865=VERTEX_POINT('',#4864);
#4866=CARTESIAN_POINT('',(-4.000769230770E0,-1.739760041553E0,-4.E-1));
#4867=VERTEX_POINT('',#4866);
#4868=CARTESIAN_POINT('',(-2.380769230770E0,-1.739760041553E0,-4.E-1));
#4869=VERTEX_POINT('',#4868);
#4870=CARTESIAN_POINT('',(-2.380769230770E0,-1.739760041553E0,
-7.464101615138E-1));
#4871=VERTEX_POINT('',#4870);
#4872=VERTEX_POINT('',#2999);
#4873=CARTESIAN_POINT('',(-2.180769230770E0,-1.739760041553E0,-1.1E0));
#4874=VERTEX_POINT('',#4873);
#4875=CARTESIAN_POINT('',(-7.807692307699E-1,-1.739760041553E0,
-1.099999999998E0));
#4876=VERTEX_POINT('',#4875);
#4877=CARTESIAN_POINT('',(8.192307692304E-1,-1.689760041553E0,-1.53E0));
#4878=CARTESIAN_POINT('',(8.192307692304E-1,-1.939760041553E0,-1.28E0));
#4879=VERTEX_POINT('',#4877);
#4880=VERTEX_POINT('',#4878);
#4881=CARTESIAN_POINT('',(8.192307692304E-1,-1.939760041553E0,-3.E-1));
#4882=VERTEX_POINT('',#4881);
#4883=CARTESIAN_POINT('',(8.192307692304E-1,-1.739760041553E0,
-1.280000000285E0));
#4884=VERTEX_POINT('',#4883);
#4885=CARTESIAN_POINT('',(8.192307692304E-1,-1.689760041553E0,-1.33E0));
#4886=VERTEX_POINT('',#4885);
#4887=CARTESIAN_POINT('',(8.192307692304E-1,-1.299760041553E0,-1.33E0));
#4888=VERTEX_POINT('',#4887);
#4889=CARTESIAN_POINT('',(8.192307692304E-1,-1.299760041553E0,-1.53E0));
#4890=VERTEX_POINT('',#4889);
#4891=CARTESIAN_POINT('',(-5.807692307696E-1,-1.689760041553E0,-1.53E0));
#4892=VERTEX_POINT('',#4891);
#4893=CARTESIAN_POINT('',(-5.807692307696E-1,-1.939760041553E0,-1.28E0));
#4894=VERTEX_POINT('',#4893);
#4895=CARTESIAN_POINT('',(-5.807692307696E-1,-1.299760041553E0,-1.53E0));
#4896=VERTEX_POINT('',#4895);
#4897=CARTESIAN_POINT('',(-5.807692307696E-1,-1.299760041553E0,-1.33E0));
#4898=VERTEX_POINT('',#4897);
#4899=CARTESIAN_POINT('',(-5.807692307696E-1,-1.689760041553E0,-1.33E0));
#4900=VERTEX_POINT('',#4899);
#4901=CARTESIAN_POINT('',(-5.807692307696E-1,-1.739760041553E0,
-1.280000001750E0));
#4902=VERTEX_POINT('',#4901);
#4903=CARTESIAN_POINT('',(-5.807692307696E-1,-1.739760041553E0,-1.03E0));
#4904=VERTEX_POINT('',#4903);
#4905=CARTESIAN_POINT('',(-5.807692307696E-1,-1.939760041553E0,-1.03E0));
#4906=VERTEX_POINT('',#4905);
#4907=CARTESIAN_POINT('',(-7.807692307696E-1,-1.739760041553E0,-1.03E0));
#4908=VERTEX_POINT('',#4907);
#4909=CARTESIAN_POINT('',(-7.807692307696E-1,-1.739760041554E0,
-1.344948974278E0));
#4910=CARTESIAN_POINT('',(-7.807692307696E-1,-1.939760041553E0,-1.1E0));
#4911=VERTEX_POINT('',#4909);
#4912=VERTEX_POINT('',#4910);
#4913=CARTESIAN_POINT('',(-7.807692307696E-1,-1.939760041553E0,-1.03E0));
#4914=VERTEX_POINT('',#4913);
#4915=VERTEX_POINT('',#2696);
#4916=CARTESIAN_POINT('',(-2.180769230770E0,-1.689760041553E0,-1.35E0));
#4917=VERTEX_POINT('',#4916);
#4918=CARTESIAN_POINT('',(-2.180769230770E0,-1.939760041553E0,-1.1E0));
#4919=VERTEX_POINT('',#4918);
#4920=VERTEX_POINT('',#2722);
#4921=VERTEX_POINT('',#2728);
#4922=VERTEX_POINT('',#2790);
#4923=CARTESIAN_POINT('',(-1.080769230770E0,-6.448110672750E-1,-1.15E0));
#4924=VERTEX_POINT('',#4923);
#4925=VERTEX_POINT('',#2743);
#4926=CARTESIAN_POINT('',(-2.180769230770E0,-6.397600415533E-1,-1.1E0));
#4927=VERTEX_POINT('',#4926);
#4928=CARTESIAN_POINT('',(-2.180769230770E0,-8.897600415533E-1,-1.35E0));
#4929=VERTEX_POINT('',#4928);
#4930=CARTESIAN_POINT('',(-2.180769230770E0,-1.689760041553E0,-1.15E0));
#4931=VERTEX_POINT('',#4930);
#4932=CARTESIAN_POINT('',(-2.180769230770E0,-8.897600415533E-1,-1.15E0));
#4933=VERTEX_POINT('',#4932);
#4934=CARTESIAN_POINT('',(-1.080769230770E0,-8.897600415533E-1,-1.15E0));
#4935=VERTEX_POINT('',#4934);
#4936=CARTESIAN_POINT('',(-2.180769230770E0,-8.339178430626E-1,-2.E-1));
#4937=CARTESIAN_POINT('',(-2.180769230770E0,-6.397600415533E-1,-2.E-1));
#4938=VERTEX_POINT('',#4936);
#4939=VERTEX_POINT('',#4937);
#4940=CARTESIAN_POINT('',(-2.180769230770E0,-8.397600415541E-1,
-2.121320343582E-1));
#4941=VERTEX_POINT('',#4940);
#4942=CARTESIAN_POINT('',(-2.180769230770E0,-8.397600415533E-1,-1.1E0));
#4943=VERTEX_POINT('',#4942);
#4944=CARTESIAN_POINT('',(-2.180769230770E0,-1.939760041553E0,-8.472135955E-1));
#4945=VERTEX_POINT('',#4944);
#4946=CARTESIAN_POINT('',(-1.623626373627E0,-6.397600415533E-1,-2.E-1));
#4947=VERTEX_POINT('',#4946);
#4948=CARTESIAN_POINT('',(-1.623626373627E0,-8.339178430626E-1,-2.E-1));
#4949=VERTEX_POINT('',#4948);
#4950=VERTEX_POINT('',#2926);
#4951=CARTESIAN_POINT('',(-1.616693782565E0,-8.397600415540E-1,
-2.121320343589E-1));
#4952=VERTEX_POINT('',#4951);
#4953=CARTESIAN_POINT('',(-2.380769230770E0,-1.822338644341E0,
-6.831065757739E-1));
#4954=VERTEX_POINT('',#4953);
#4955=CARTESIAN_POINT('',(-2.380769230770E0,-1.939760041553E0,-4.E-1));
#4956=VERTEX_POINT('',#4955);
#4957=VERTEX_POINT('',#3843);
#4958=CARTESIAN_POINT('',(-2.380769230770E0,-1.539760041553E0,-8.E-1));
#4959=VERTEX_POINT('',#4958);
#4960=CARTESIAN_POINT('',(-2.980769230770E0,-1.539760041553E0,-8.E-1));
#4961=VERTEX_POINT('',#4960);
#4962=CARTESIAN_POINT('',(-3.430769230770E0,-1.539760041553E0,-8.E-1));
#4963=VERTEX_POINT('',#4962);
#4964=CARTESIAN_POINT('',(-4.000769230770E0,-1.539760041553E0,-8.E-1));
#4965=VERTEX_POINT('',#4964);
#4966=CARTESIAN_POINT('',(-4.000769230770E0,-1.939760041553E0,-4.E-1));
#4967=VERTEX_POINT('',#4966);
#4968=CARTESIAN_POINT('',(-2.380769230770E0,-1.296538537836E0,
-4.739357838083E-1));
#4969=CARTESIAN_POINT('',(-2.380769230770E0,-7.897600415530E-1,0.E0));
#4970=VERTEX_POINT('',#4968);
#4971=VERTEX_POINT('',#4969);
#4972=CARTESIAN_POINT('',(-2.380769230770E0,-1.296538537836E0,
4.739357838083E-1));
#4973=VERTEX_POINT('',#4972);
#4974=CARTESIAN_POINT('',(-2.380769230770E0,-1.364024110256E0,
5.414213562279E-1));
#4975=VERTEX_POINT('',#4974);
#4976=CARTESIAN_POINT('',(-2.380769230770E0,-1.505445466503E0,6.E-1));
#4977=VERTEX_POINT('',#4976);
#4978=CARTESIAN_POINT('',(-2.380769230770E0,-1.539760041553E0,6.E-1));
#4979=VERTEX_POINT('',#4978);
#4980=CARTESIAN_POINT('',(-2.380769230770E0,-1.539760041553E0,8.E-1));
#4981=VERTEX_POINT('',#4980);
#4982=CARTESIAN_POINT('',(-2.380769230770E0,-1.505445466503E0,8.E-1));
#4983=VERTEX_POINT('',#4982);
#4984=CARTESIAN_POINT('',(-2.380769230770E0,-1.222602754012E0,
6.828427124585E-1));
#4985=VERTEX_POINT('',#4984);
#4986=CARTESIAN_POINT('',(-2.380769230770E0,-6.397600415531E-1,
1.000000000002E-1));
#4987=VERTEX_POINT('',#4986);
#4988=CARTESIAN_POINT('',(-2.380769230770E0,-7.397600415533E-1,0.E0));
#4989=VERTEX_POINT('',#4988);
#4990=CARTESIAN_POINT('',(-2.380769230770E0,-6.397600415532E-1,
-1.000000000001E-1));
#4991=VERTEX_POINT('',#4990);
#4992=CARTESIAN_POINT('',(-2.380769230770E0,-1.222602754020E0,
-6.828427124670E-1));
#4993=VERTEX_POINT('',#4992);
#4994=CARTESIAN_POINT('',(-2.380769230770E0,-1.505445466503E0,-8.E-1));
#4995=VERTEX_POINT('',#4994);
#4996=CARTESIAN_POINT('',(-2.380769230770E0,-1.539760041553E0,-6.E-1));
#4997=VERTEX_POINT('',#4996);
#4998=CARTESIAN_POINT('',(-2.380769230770E0,-1.505445466503E0,-6.E-1));
#4999=VERTEX_POINT('',#4998);
#5000=CARTESIAN_POINT('',(-2.380769230770E0,-1.364024110259E0,
-5.414213562303E-1));
#5001=VERTEX_POINT('',#5000);
#5002=CARTESIAN_POINT('',(-2.980769230770E0,-1.296538537836E0,
-4.739357838082E-1));
#5003=VERTEX_POINT('',#5002);
#5004=CARTESIAN_POINT('',(-2.980769230770E0,-7.897600415530E-1,0.E0));
#5005=VERTEX_POINT('',#5004);
#5006=CARTESIAN_POINT('',(-2.980769230770E0,-1.296538537837E0,
4.739357838083E-1));
#5007=VERTEX_POINT('',#5006);
#5008=CARTESIAN_POINT('',(-2.980769230770E0,-1.364024110256E0,
-5.414213562282E-1));
#5009=VERTEX_POINT('',#5008);
#5010=CARTESIAN_POINT('',(-2.980769230770E0,-1.505445466503E0,-6.E-1));
#5011=VERTEX_POINT('',#5010);
#5012=CARTESIAN_POINT('',(-2.980769230770E0,-1.539760041553E0,-6.E-1));
#5013=VERTEX_POINT('',#5012);
#5014=CARTESIAN_POINT('',(-4.000769230770E0,-1.539760041553E0,-6.E-1));
#5015=CARTESIAN_POINT('',(-3.430769230770E0,-1.539760041553E0,-6.E-1));
#5016=VERTEX_POINT('',#5014);
#5017=VERTEX_POINT('',#5015);
#5018=CARTESIAN_POINT('',(-3.430769230770E0,-1.505445466503E0,-6.E-1));
#5019=CARTESIAN_POINT('',(-4.000769230770E0,-1.505445466503E0,-6.E-1));
#5020=VERTEX_POINT('',#5018);
#5021=VERTEX_POINT('',#5019);
#5022=CARTESIAN_POINT('',(-4.000769230770E0,-1.364024110253E0,
-5.414213562241E-1));
#5023=VERTEX_POINT('',#5022);
#5024=CARTESIAN_POINT('',(-3.430769230770E0,-1.364024110262E0,
-5.414213562334E-1));
#5025=VERTEX_POINT('',#5024);
#5026=CARTESIAN_POINT('',(-4.000769230770E0,-1.505445466503E0,-8.E-1));
#5027=VERTEX_POINT('',#5026);
#5028=CARTESIAN_POINT('',(-4.000769230770E0,-1.222602754012E0,
-6.828427124585E-1));
#5029=VERTEX_POINT('',#5028);
#5030=CARTESIAN_POINT('',(-4.000769230770E0,-6.397600415531E-1,
-1.000000000002E-1));
#5031=VERTEX_POINT('',#5030);
#5032=CARTESIAN_POINT('',(-4.000769230770E0,-7.397600415533E-1,0.E0));
#5033=VERTEX_POINT('',#5032);
#5034=CARTESIAN_POINT('',(-4.000769230770E0,-6.397600415532E-1,
1.000000000001E-1));
#5035=VERTEX_POINT('',#5034);
#5036=CARTESIAN_POINT('',(-4.000769230770E0,-1.222602754019E0,
6.828427124659E-1));
#5037=VERTEX_POINT('',#5036);
#5038=CARTESIAN_POINT('',(-4.000769230770E0,-1.505445466503E0,8.E-1));
#5039=VERTEX_POINT('',#5038);
#5040=CARTESIAN_POINT('',(-4.000769230770E0,-1.539760041553E0,8.E-1));
#5041=VERTEX_POINT('',#5040);
#5042=CARTESIAN_POINT('',(-4.000769230770E0,-1.939760041553E0,4.E-1));
#5043=VERTEX_POINT('',#5042);
#5044=CARTESIAN_POINT('',(-4.000769230770E0,-1.296538537836E0,
4.739357838083E-1));
#5045=CARTESIAN_POINT('',(-4.000769230770E0,-7.897600415530E-1,0.E0));
#5046=VERTEX_POINT('',#5044);
#5047=VERTEX_POINT('',#5045);
#5048=CARTESIAN_POINT('',(-4.000769230770E0,-1.296538537836E0,
-4.739357838083E-1));
#5049=VERTEX_POINT('',#5048);
#5050=CARTESIAN_POINT('',(-4.000769230770E0,-1.539760041553E0,6.E-1));
#5051=VERTEX_POINT('',#5050);
#5052=CARTESIAN_POINT('',(-4.000769230770E0,-1.505445466503E0,6.E-1));
#5053=VERTEX_POINT('',#5052);
#5054=CARTESIAN_POINT('',(-4.000769230770E0,-1.364024110259E0,
5.414213562306E-1));
#5055=VERTEX_POINT('',#5054);
#5056=CARTESIAN_POINT('',(-3.430769230770E0,-1.505445466503E0,-8.E-1));
#5057=VERTEX_POINT('',#5056);
#5058=CARTESIAN_POINT('',(-3.430769230770E0,-1.296538537837E0,
-4.739357838083E-1));
#5059=CARTESIAN_POINT('',(-3.430769230770E0,-7.897600415530E-1,0.E0));
#5060=VERTEX_POINT('',#5058);
#5061=VERTEX_POINT('',#5059);
#5062=CARTESIAN_POINT('',(-3.430769230770E0,-1.296538537836E0,
4.739357838083E-1));
#5063=VERTEX_POINT('',#5062);
#5064=CARTESIAN_POINT('',(-3.430769230770E0,-1.364024110256E0,
5.414213562276E-1));
#5065=VERTEX_POINT('',#5064);
#5066=CARTESIAN_POINT('',(-3.430769230770E0,-1.505445466503E0,6.E-1));
#5067=VERTEX_POINT('',#5066);
#5068=CARTESIAN_POINT('',(-3.430769230770E0,-1.539760041553E0,6.E-1));
#5069=VERTEX_POINT('',#5068);
#5070=CARTESIAN_POINT('',(-3.430769230770E0,-1.539760041553E0,8.E-1));
#5071=VERTEX_POINT('',#5070);
#5072=CARTESIAN_POINT('',(-3.430769230770E0,-1.505445466503E0,8.E-1));
#5073=VERTEX_POINT('',#5072);
#5074=CARTESIAN_POINT('',(-3.430769230770E0,-1.222602754014E0,
6.828427124598E-1));
#5075=VERTEX_POINT('',#5074);
#5076=CARTESIAN_POINT('',(-3.430769230770E0,-6.397600415531E-1,
1.000000000002E-1));
#5077=VERTEX_POINT('',#5076);
#5078=CARTESIAN_POINT('',(-3.430769230770E0,-7.397600415533E-1,0.E0));
#5079=VERTEX_POINT('',#5078);
#5080=CARTESIAN_POINT('',(-3.430769230770E0,-6.397600415532E-1,
-1.000000000001E-1));
#5081=VERTEX_POINT('',#5080);
#5082=CARTESIAN_POINT('',(-3.430769230770E0,-1.222602754019E0,
-6.828427124658E-1));
#5083=VERTEX_POINT('',#5082);
#5084=CARTESIAN_POINT('',(-2.980769230770E0,-1.539760041553E0,6.E-1));
#5085=VERTEX_POINT('',#5084);
#5086=CARTESIAN_POINT('',(-2.980769230770E0,-1.505445466503E0,6.E-1));
#5087=VERTEX_POINT('',#5086);
#5088=CARTESIAN_POINT('',(-2.980769230770E0,-1.364024110261E0,
5.414213562330E-1));
#5089=VERTEX_POINT('',#5088);
#5090=CARTESIAN_POINT('',(-2.980769230770E0,-1.505445466503E0,-8.E-1));
#5091=VERTEX_POINT('',#5090);
#5092=CARTESIAN_POINT('',(-2.980769230770E0,-1.222602754021E0,
-6.828427124668E-1));
#5093=VERTEX_POINT('',#5092);
#5094=CARTESIAN_POINT('',(-2.980769230770E0,-6.397600415533E-1,-1.E-1));
#5095=VERTEX_POINT('',#5094);
#5096=CARTESIAN_POINT('',(-2.980769230770E0,-7.397600415533E-1,0.E0));
#5097=VERTEX_POINT('',#5096);
#5098=CARTESIAN_POINT('',(-2.980769230770E0,-6.397600415532E-1,
1.000000000001E-1));
#5099=VERTEX_POINT('',#5098);
#5100=CARTESIAN_POINT('',(-2.980769230770E0,-1.222602754019E0,
6.828427124659E-1));
#5101=VERTEX_POINT('',#5100);
#5102=CARTESIAN_POINT('',(-2.980769230770E0,-1.505445466503E0,8.E-1));
#5103=VERTEX_POINT('',#5102);
#5104=CARTESIAN_POINT('',(-2.980769230770E0,-1.539760041553E0,8.E-1));
#5105=VERTEX_POINT('',#5104);
#5106=CARTESIAN_POINT('',(-2.380769230770E0,-1.939760041553E0,4.E-1));
#5107=VERTEX_POINT('',#5106);
#5108=CARTESIAN_POINT('',(-2.380769230770E0,-1.822910243371E0,
6.825348884836E-1));
#5109=VERTEX_POINT('',#5108);
#5110=VERTEX_POINT('',#3917);
#5111=VERTEX_POINT('',#3907);
#5112=CARTESIAN_POINT('',(-2.180769230770E0,-1.939760041553E0,1.1E0));
#5113=VERTEX_POINT('',#5112);
#5114=CARTESIAN_POINT('',(-7.807692307696E-1,-1.939760041553E0,1.1E0));
#5115=VERTEX_POINT('',#5114);
#5116=CARTESIAN_POINT('',(-7.807692307696E-1,-1.939760041553E0,1.03E0));
#5117=VERTEX_POINT('',#5116);
#5118=CARTESIAN_POINT('',(-5.807692307696E-1,-1.939760041553E0,1.03E0));
#5119=VERTEX_POINT('',#5118);
#5120=CARTESIAN_POINT('',(-5.807692307696E-1,-1.939760041553E0,1.28E0));
#5121=VERTEX_POINT('',#5120);
#5122=CARTESIAN_POINT('',(8.192307692304E-1,-1.939760041553E0,1.28E0));
#5123=VERTEX_POINT('',#5122);
#5124=CARTESIAN_POINT('',(8.192307692304E-1,-1.939760041553E0,3.E-1));
#5125=VERTEX_POINT('',#5124);
#5126=CARTESIAN_POINT('',(1.078275250014E0,-1.939760041553E0,3.E-1));
#5127=VERTEX_POINT('',#5126);
#5128=CARTESIAN_POINT('',(1.078275250013E0,-1.939760041553E0,-3.E-1));
#5129=VERTEX_POINT('',#5128);
#5130=CARTESIAN_POINT('',(-2.180769230770E0,-8.339178430626E-1,2.E-1));
#5131=CARTESIAN_POINT('',(-2.180769230770E0,-6.397600415533E-1,2.E-1));
#5132=VERTEX_POINT('',#5130);
#5133=VERTEX_POINT('',#5131);
#5134=CARTESIAN_POINT('',(-2.180769230770E0,-6.397600415533E-1,1.1E0));
#5135=VERTEX_POINT('',#5134);
#5136=CARTESIAN_POINT('',(-2.180769230770E0,-8.897600415533E-1,1.35E0));
#5137=VERTEX_POINT('',#5136);
#5138=CARTESIAN_POINT('',(-2.180769230770E0,-1.689760041553E0,1.35E0));
#5139=VERTEX_POINT('',#5138);
#5140=CARTESIAN_POINT('',(-2.180769230770E0,-1.689760041553E0,1.15E0));
#5141=VERTEX_POINT('',#5140);
#5142=CARTESIAN_POINT('',(-2.180769230770E0,-8.897600415533E-1,1.15E0));
#5143=VERTEX_POINT('',#5142);
#5144=CARTESIAN_POINT('',(-2.180769230770E0,-8.397600415533E-1,1.1E0));
#5145=VERTEX_POINT('',#5144);
#5146=CARTESIAN_POINT('',(-2.180769230770E0,-8.397600415540E-1,
2.121320343588E-1));
#5147=VERTEX_POINT('',#5146);
#5148=CARTESIAN_POINT('',(-1.623626373627E0,-8.339178430626E-1,2.E-1));
#5149=VERTEX_POINT('',#5148);
#5150=CARTESIAN_POINT('',(-1.623626373627E0,-6.397600415533E-1,2.E-1));
#5151=VERTEX_POINT('',#5150);
#5152=CARTESIAN_POINT('',(-1.616693782565E0,-8.397600415540E-1,
2.121320343589E-1));
#5153=VERTEX_POINT('',#5152);
#5154=CARTESIAN_POINT('',(-1.109340659341E0,-8.397600415533E-1,1.1E0));
#5155=VERTEX_POINT('',#5154);
#5156=CARTESIAN_POINT('',(-1.080769230770E0,-8.897600415533E-1,1.15E0));
#5157=VERTEX_POINT('',#5156);
#5158=CARTESIAN_POINT('',(-1.080769230770E0,-6.448110672750E-1,1.15E0));
#5159=CARTESIAN_POINT('',(-1.079391678300E0,-6.448110672751E-1,1.15E0));
#5160=VERTEX_POINT('',#5158);
#5161=VERTEX_POINT('',#5159);
#5162=CARTESIAN_POINT('',(-7.944055944064E-1,-1.689760041553E0,1.15E0));
#5163=VERTEX_POINT('',#5162);
#5164=CARTESIAN_POINT('',(-1.109340659341E0,-6.397600415533E-1,1.1E0));
#5165=VERTEX_POINT('',#5164);
#5166=VERTEX_POINT('',#4140);
#5167=CARTESIAN_POINT('',(-7.807692307697E-1,-1.739760041554E0,
1.344948974278E0));
#5168=VERTEX_POINT('',#5167);
#5169=VERTEX_POINT('',#4234);
#5170=CARTESIAN_POINT('',(-7.807692307696E-1,-1.739760041553E0,1.03E0));
#5171=VERTEX_POINT('',#5170);
#5172=CARTESIAN_POINT('',(-5.807692307696E-1,-1.739760041553E0,1.03E0));
#5173=VERTEX_POINT('',#5172);
#5174=CARTESIAN_POINT('',(-5.807692307696E-1,-1.689760041553E0,1.53E0));
#5175=VERTEX_POINT('',#5174);
#5176=CARTESIAN_POINT('',(-5.807692307696E-1,-1.739760041553E0,
1.280000000225E0));
#5177=VERTEX_POINT('',#5176);
#5178=CARTESIAN_POINT('',(-5.807692307696E-1,-1.689760041553E0,1.33E0));
#5179=VERTEX_POINT('',#5178);
#5180=CARTESIAN_POINT('',(-5.807692307696E-1,-1.299760041553E0,1.33E0));
#5181=VERTEX_POINT('',#5180);
#5182=CARTESIAN_POINT('',(-5.807692307696E-1,-1.299760041553E0,1.53E0));
#5183=VERTEX_POINT('',#5182);
#5184=CARTESIAN_POINT('',(8.192307692304E-1,-1.689760041553E0,1.53E0));
#5185=VERTEX_POINT('',#5184);
#5186=CARTESIAN_POINT('',(8.192307692304E-1,-1.299760041553E0,1.53E0));
#5187=VERTEX_POINT('',#5186);
#5188=CARTESIAN_POINT('',(8.192307692304E-1,-1.299760041553E0,1.33E0));
#5189=VERTEX_POINT('',#5188);
#5190=CARTESIAN_POINT('',(8.192307692304E-1,-1.689760041553E0,1.33E0));
#5191=VERTEX_POINT('',#5190);
#5192=CARTESIAN_POINT('',(8.192307692304E-1,-1.739760041553E0,
1.280000002896E0));
#5193=VERTEX_POINT('',#5192);
#5194=CARTESIAN_POINT('',(0.E0,3.375393594694E-3,0.E0));
#5195=DIRECTION('',(0.E0,1.E0,0.E0));
#5196=DIRECTION('',(1.E0,0.E0,0.E0));
#5197=AXIS2_PLACEMENT_3D('',#5194,#5195,#5196);
#5198=CONICAL_SURFACE('',#5197,1.086253783042E0,4.879915298803E1);
#5200=ORIENTED_EDGE('',*,*,#5199,.T.);
#5202=ORIENTED_EDGE('',*,*,#5201,.F.);
#5204=ORIENTED_EDGE('',*,*,#5203,.F.);
#5206=ORIENTED_EDGE('',*,*,#5205,.T.);
#5207=EDGE_LOOP('',(#5200,#5202,#5204,#5206));
#5208=FACE_OUTER_BOUND('',#5207,.F.);
#5210=CARTESIAN_POINT('',(-1.66E0,7.6E-1,2.E-1));
#5211=DIRECTION('',(0.E0,0.E0,1.E0));
#5212=DIRECTION('',(1.E0,0.E0,0.E0));
#5213=AXIS2_PLACEMENT_3D('',#5210,#5211,#5212);
#5214=PLANE('',#5213);
#5216=ORIENTED_EDGE('',*,*,#5215,.F.);
#5218=ORIENTED_EDGE('',*,*,#5217,.F.);
#5220=ORIENTED_EDGE('',*,*,#5219,.F.);
#5222=ORIENTED_EDGE('',*,*,#5221,.T.);
#5224=ORIENTED_EDGE('',*,*,#5223,.F.);
#5226=ORIENTED_EDGE('',*,*,#5225,.F.);
#5227=ORIENTED_EDGE('',*,*,#5199,.F.);
#5229=ORIENTED_EDGE('',*,*,#5228,.F.);
#5231=ORIENTED_EDGE('',*,*,#5230,.F.);
#5233=ORIENTED_EDGE('',*,*,#5232,.F.);
#5235=ORIENTED_EDGE('',*,*,#5234,.F.);
#5237=ORIENTED_EDGE('',*,*,#5236,.F.);
#5239=ORIENTED_EDGE('',*,*,#5238,.T.);
#5240=EDGE_LOOP('',(#5216,#5218,#5220,#5222,#5224,#5226,#5227,#5229,#5231,#5233,
#5235,#5237,#5239));
#5241=FACE_OUTER_BOUND('',#5240,.F.);
#5243=CARTESIAN_POINT('',(0.E0,-2.042260036815E0,0.E0));
#5244=DIRECTION('',(0.E0,1.E0,0.E0));
#5245=DIRECTION('',(1.E0,0.E0,0.E0));
#5246=AXIS2_PLACEMENT_3D('',#5243,#5244,#5245);
#5247=CYLINDRICAL_SURFACE('',#5246,1.319230769230E0);
#5249=ORIENTED_EDGE('',*,*,#5248,.T.);
#5251=ORIENTED_EDGE('',*,*,#5250,.F.);
#5253=ORIENTED_EDGE('',*,*,#5252,.F.);
#5255=ORIENTED_EDGE('',*,*,#5254,.F.);
#5257=ORIENTED_EDGE('',*,*,#5256,.T.);
#5259=ORIENTED_EDGE('',*,*,#5258,.F.);
#5261=ORIENTED_EDGE('',*,*,#5260,.F.);
#5263=ORIENTED_EDGE('',*,*,#5262,.F.);
#5265=ORIENTED_EDGE('',*,*,#5264,.F.);
#5267=ORIENTED_EDGE('',*,*,#5266,.F.);
#5269=ORIENTED_EDGE('',*,*,#5268,.F.);
#5271=ORIENTED_EDGE('',*,*,#5270,.T.);
#5273=ORIENTED_EDGE('',*,*,#5272,.F.);
#5275=ORIENTED_EDGE('',*,*,#5274,.F.);
#5277=ORIENTED_EDGE('',*,*,#5276,.F.);
#5278=ORIENTED_EDGE('',*,*,#5215,.T.);
#5280=ORIENTED_EDGE('',*,*,#5279,.F.);
#5282=ORIENTED_EDGE('',*,*,#5281,.T.);
#5284=ORIENTED_EDGE('',*,*,#5283,.F.);
#5286=ORIENTED_EDGE('',*,*,#5285,.F.);
#5288=ORIENTED_EDGE('',*,*,#5287,.F.);
#5290=ORIENTED_EDGE('',*,*,#5289,.T.);
#5292=ORIENTED_EDGE('',*,*,#5291,.F.);
#5294=ORIENTED_EDGE('',*,*,#5293,.F.);
#5296=ORIENTED_EDGE('',*,*,#5295,.T.);
#5298=ORIENTED_EDGE('',*,*,#5297,.F.);
#5300=ORIENTED_EDGE('',*,*,#5299,.F.);
#5302=ORIENTED_EDGE('',*,*,#5301,.F.);
#5304=ORIENTED_EDGE('',*,*,#5303,.T.);
#5306=ORIENTED_EDGE('',*,*,#5305,.F.);
#5307=EDGE_LOOP('',(#5249,#5251,#5253,#5255,#5257,#5259,#5261,#5263,#5265,#5267,
#5269,#5271,#5273,#5275,#5277,#5278,#5280,#5282,#5284,#5286,#5288,#5290,#5292,
#5294,#5296,#5298,#5300,#5302,#5304,#5306));
#5308=FACE_OUTER_BOUND('',#5307,.F.);
#5310=CARTESIAN_POINT('',(-9.2E-1,7.6E-1,-2.E-1));
#5311=DIRECTION('',(0.E0,0.E0,-1.E0));
#5312=DIRECTION('',(-1.E0,0.E0,0.E0));
#5313=AXIS2_PLACEMENT_3D('',#5310,#5311,#5312);
#5314=PLANE('',#5313);
#5316=ORIENTED_EDGE('',*,*,#5315,.F.);
#5318=ORIENTED_EDGE('',*,*,#5317,.T.);
#5319=ORIENTED_EDGE('',*,*,#5248,.F.);
#5321=ORIENTED_EDGE('',*,*,#5320,.T.);
#5323=ORIENTED_EDGE('',*,*,#5322,.F.);
#5325=ORIENTED_EDGE('',*,*,#5324,.F.);
#5327=ORIENTED_EDGE('',*,*,#5326,.F.);
#5329=ORIENTED_EDGE('',*,*,#5328,.F.);
#5331=ORIENTED_EDGE('',*,*,#5330,.F.);
#5333=ORIENTED_EDGE('',*,*,#5332,.F.);
#5335=ORIENTED_EDGE('',*,*,#5334,.F.);
#5337=ORIENTED_EDGE('',*,*,#5336,.F.);
#5339=ORIENTED_EDGE('',*,*,#5338,.T.);
#5340=EDGE_LOOP('',(#5316,#5318,#5319,#5321,#5323,#5325,#5327,#5329,#5331,#5333,
#5335,#5337,#5339));
#5341=FACE_OUTER_BOUND('',#5340,.F.);
#5343=CARTESIAN_POINT('',(0.E0,-2.042260036815E0,0.E0));
#5344=DIRECTION('',(0.E0,1.E0,0.E0));
#5345=DIRECTION('',(1.E0,0.E0,0.E0));
#5346=AXIS2_PLACEMENT_3D('',#5343,#5344,#5345);
#5347=CYLINDRICAL_SURFACE('',#5346,1.103846153846E0);
#5348=ORIENTED_EDGE('',*,*,#5315,.T.);
#5350=ORIENTED_EDGE('',*,*,#5349,.F.);
#5352=ORIENTED_EDGE('',*,*,#5351,.T.);
#5354=ORIENTED_EDGE('',*,*,#5353,.F.);
#5356=ORIENTED_EDGE('',*,*,#5355,.F.);
#5358=ORIENTED_EDGE('',*,*,#5357,.T.);
#5360=ORIENTED_EDGE('',*,*,#5359,.F.);
#5362=ORIENTED_EDGE('',*,*,#5361,.F.);
#5364=ORIENTED_EDGE('',*,*,#5363,.T.);
#5366=ORIENTED_EDGE('',*,*,#5365,.F.);
#5368=ORIENTED_EDGE('',*,*,#5367,.F.);
#5370=ORIENTED_EDGE('',*,*,#5369,.T.);
#5372=ORIENTED_EDGE('',*,*,#5371,.F.);
#5373=ORIENTED_EDGE('',*,*,#5219,.T.);
#5375=ORIENTED_EDGE('',*,*,#5374,.F.);
#5377=ORIENTED_EDGE('',*,*,#5376,.F.);
#5379=ORIENTED_EDGE('',*,*,#5378,.F.);
#5381=ORIENTED_EDGE('',*,*,#5380,.F.);
#5383=ORIENTED_EDGE('',*,*,#5382,.F.);
#5385=ORIENTED_EDGE('',*,*,#5384,.F.);
#5386=EDGE_LOOP('',(#5348,#5350,#5352,#5354,#5356,#5358,#5360,#5362,#5364,#5366,
#5368,#5370,#5372,#5373,#5375,#5377,#5379,#5381,#5383,#5385));
#5387=FACE_OUTER_BOUND('',#5386,.F.);
#5389=CARTESIAN_POINT('',(0.E0,-3.876923076923E-1,0.E0));
#5390=DIRECTION('',(0.E0,1.E0,0.E0));
#5391=DIRECTION('',(1.E0,0.E0,0.E0));
#5392=AXIS2_PLACEMENT_3D('',#5389,#5390,#5391);
#5393=TOROIDAL_SURFACE('',#5392,1.05E0,5.384615384614E-2);
#5394=ORIENTED_EDGE('',*,*,#5338,.F.);
#5396=ORIENTED_EDGE('',*,*,#5395,.F.);
#5398=ORIENTED_EDGE('',*,*,#5397,.F.);
#5399=ORIENTED_EDGE('',*,*,#5349,.T.);
#5400=EDGE_LOOP('',(#5394,#5396,#5398,#5399));
#5401=FACE_OUTER_BOUND('',#5400,.F.);
#5403=CARTESIAN_POINT('',(0.E0,-1.723076923077E-1,0.E0));
#5404=DIRECTION('',(0.E0,1.E0,0.E0));
#5405=DIRECTION('',(1.E0,0.E0,0.E0));
#5406=AXIS2_PLACEMENT_3D('',#5403,#5404,#5405);
#5407=TOROIDAL_SURFACE('',#5406,1.228911898523E0,2.261538461538E-1);
#5408=ORIENTED_EDGE('',*,*,#5336,.T.);
#5409=ORIENTED_EDGE('',*,*,#5334,.T.);
#5411=ORIENTED_EDGE('',*,*,#5410,.T.);
#5413=ORIENTED_EDGE('',*,*,#5412,.F.);
#5415=ORIENTED_EDGE('',*,*,#5414,.F.);
#5416=ORIENTED_EDGE('',*,*,#5395,.T.);
#5417=EDGE_LOOP('',(#5408,#5409,#5411,#5413,#5415,#5416));
#5418=FACE_OUTER_BOUND('',#5417,.F.);
#5420=CARTESIAN_POINT('',(0.E0,3.375393594907E-3,0.E0));
#5421=DIRECTION('',(0.E0,1.E0,0.E0));
#5422=DIRECTION('',(1.E0,0.E0,0.E0));
#5423=AXIS2_PLACEMENT_3D('',#5420,#5421,#5422);
#5424=CONICAL_SURFACE('',#5423,1.086253783042E0,4.879915298803E1);
#5425=ORIENTED_EDGE('',*,*,#5332,.T.);
#5427=ORIENTED_EDGE('',*,*,#5426,.F.);
#5429=ORIENTED_EDGE('',*,*,#5428,.F.);
#5430=ORIENTED_EDGE('',*,*,#5410,.F.);
#5431=EDGE_LOOP('',(#5425,#5427,#5429,#5430));
#5432=FACE_OUTER_BOUND('',#5431,.F.);
#5434=CARTESIAN_POINT('',(0.E0,5.956950928496E-2,0.E0));
#5435=DIRECTION('',(0.E0,1.E0,0.E0));
#5436=DIRECTION('',(1.E0,0.E0,0.E0));
#5437=AXIS2_PLACEMENT_3D('',#5434,#5435,#5436);
#5438=CONICAL_SURFACE('',#5437,1.191306898970E0,6.283532943973E1);
#5439=ORIENTED_EDGE('',*,*,#5330,.T.);
#5441=ORIENTED_EDGE('',*,*,#5440,.F.);
#5443=ORIENTED_EDGE('',*,*,#5442,.F.);
#5444=ORIENTED_EDGE('',*,*,#5426,.T.);
#5445=EDGE_LOOP('',(#5439,#5441,#5443,#5444));
#5446=FACE_OUTER_BOUND('',#5445,.F.);
#5448=CARTESIAN_POINT('',(0.E0,4.946375358502E-2,0.E0));
#5449=DIRECTION('',(0.E0,-1.E0,0.E0));
#5450=DIRECTION('',(-1.E0,0.E0,0.E0));
#5451=AXIS2_PLACEMENT_3D('',#5448,#5449,#5450);
#5452=CONICAL_SURFACE('',#5451,1.343255579884E0,4.119981775434E1);
#5453=ORIENTED_EDGE('',*,*,#5328,.T.);
#5455=ORIENTED_EDGE('',*,*,#5454,.F.);
#5457=ORIENTED_EDGE('',*,*,#5456,.F.);
#5458=ORIENTED_EDGE('',*,*,#5440,.T.);
#5459=EDGE_LOOP('',(#5453,#5455,#5457,#5458));
#5460=FACE_OUTER_BOUND('',#5459,.F.);
#5462=CARTESIAN_POINT('',(0.E0,-8.775861132421E-2,0.E0));
#5463=DIRECTION('',(0.E0,1.E0,0.E0));
#5464=DIRECTION('',(1.E0,0.E0,0.E0));
#5465=AXIS2_PLACEMENT_3D('',#5462,#5463,#5464);
#5466=CONICAL_SURFACE('',#5465,1.309139449823E0,4.879915292828E1);
#5467=ORIENTED_EDGE('',*,*,#5326,.T.);
#5469=ORIENTED_EDGE('',*,*,#5468,.F.);
#5471=ORIENTED_EDGE('',*,*,#5470,.F.);
#5472=ORIENTED_EDGE('',*,*,#5454,.T.);
#5473=EDGE_LOOP('',(#5467,#5469,#5471,#5472));
#5474=FACE_OUTER_BOUND('',#5473,.F.);
#5476=CARTESIAN_POINT('',(0.E0,-1.723076923077E-1,0.E0));
#5477=DIRECTION('',(0.E0,1.E0,0.E0));
#5478=DIRECTION('',(1.E0,0.E0,0.E0));
#5479=AXIS2_PLACEMENT_3D('',#5476,#5477,#5478);
#5480=TOROIDAL_SURFACE('',#5479,1.228911898523E0,1.076923076923E-2);
#5481=ORIENTED_EDGE('',*,*,#5324,.T.);
#5482=ORIENTED_EDGE('',*,*,#5322,.T.);
#5484=ORIENTED_EDGE('',*,*,#5483,.F.);
#5486=ORIENTED_EDGE('',*,*,#5485,.F.);
#5488=ORIENTED_EDGE('',*,*,#5487,.F.);
#5489=ORIENTED_EDGE('',*,*,#5468,.T.);
#5490=EDGE_LOOP('',(#5481,#5482,#5484,#5486,#5488,#5489));
#5491=FACE_OUTER_BOUND('',#5490,.F.);
#5493=CARTESIAN_POINT('',(0.E0,-3.876923076923E-1,0.E0));
#5494=DIRECTION('',(0.E0,1.E0,0.E0));
#5495=DIRECTION('',(1.E0,0.E0,0.E0));
#5496=AXIS2_PLACEMENT_3D('',#5493,#5494,#5495);
#5497=TOROIDAL_SURFACE('',#5496,1.05E0,2.692307692307E-1);
#5498=ORIENTED_EDGE('',*,*,#5320,.F.);
#5499=ORIENTED_EDGE('',*,*,#5305,.T.);
#5501=ORIENTED_EDGE('',*,*,#5500,.F.);
#5502=ORIENTED_EDGE('',*,*,#5483,.T.);
#5503=EDGE_LOOP('',(#5498,#5499,#5501,#5502));
#5504=FACE_OUTER_BOUND('',#5503,.F.);
#5506=CARTESIAN_POINT('',(6.195834505160E-1,7.6E-1,-1.799400996616E0));
#5507=DIRECTION('',(-9.455185755993E-1,0.E0,-3.255681544572E-1));
#5508=DIRECTION('',(-3.255681544572E-1,0.E0,9.455185755993E-1));
#5509=AXIS2_PLACEMENT_3D('',#5506,#5507,#5508);
#5510=PLANE('',#5509);
#5512=ORIENTED_EDGE('',*,*,#5511,.F.);
#5513=ORIENTED_EDGE('',*,*,#5351,.F.);
#5514=ORIENTED_EDGE('',*,*,#5397,.T.);
#5515=ORIENTED_EDGE('',*,*,#5414,.T.);
#5516=ORIENTED_EDGE('',*,*,#5412,.T.);
#5517=ORIENTED_EDGE('',*,*,#5428,.T.);
#5518=ORIENTED_EDGE('',*,*,#5442,.T.);
#5519=ORIENTED_EDGE('',*,*,#5456,.T.);
#5520=ORIENTED_EDGE('',*,*,#5470,.T.);
#5521=ORIENTED_EDGE('',*,*,#5487,.T.);
#5522=ORIENTED_EDGE('',*,*,#5485,.T.);
#5523=ORIENTED_EDGE('',*,*,#5500,.T.);
#5524=ORIENTED_EDGE('',*,*,#5303,.F.);
#5525=EDGE_LOOP('',(#5512,#5513,#5514,#5515,#5516,#5517,#5518,#5519,#5520,#5521,
#5522,#5523,#5524));
#5526=FACE_OUTER_BOUND('',#5525,.F.);
#5528=CARTESIAN_POINT('',(-1.439190932743E0,-5.2E-1,4.916886798745E0));
#5529=DIRECTION('',(3.255681544572E-1,0.E0,-9.455185755993E-1));
#5530=DIRECTION('',(0.E0,-1.E0,0.E0));
#5531=AXIS2_PLACEMENT_3D('',#5528,#5529,#5530);
#5532=CYLINDRICAL_SURFACE('',#5531,2.4E-1);
#5533=ORIENTED_EDGE('',*,*,#5511,.T.);
#5534=ORIENTED_EDGE('',*,*,#5301,.T.);
#5536=ORIENTED_EDGE('',*,*,#5535,.F.);
#5538=ORIENTED_EDGE('',*,*,#5537,.T.);
#5539=ORIENTED_EDGE('',*,*,#5353,.T.);
#5540=EDGE_LOOP('',(#5533,#5534,#5536,#5538,#5539));
#5541=FACE_OUTER_BOUND('',#5540,.F.);
#5543=CARTESIAN_POINT('',(0.E0,-7.6E-1,0.E0));
#5544=DIRECTION('',(0.E0,1.E0,0.E0));
#5545=DIRECTION('',(0.E0,0.E0,-1.E0));
#5546=AXIS2_PLACEMENT_3D('',#5543,#5544,#5545);
#5547=PLANE('',#5546);
#5548=ORIENTED_EDGE('',*,*,#5535,.T.);
#5549=ORIENTED_EDGE('',*,*,#5299,.T.);
#5551=ORIENTED_EDGE('',*,*,#5550,.T.);
#5552=EDGE_LOOP('',(#5548,#5549,#5551));
#5553=FACE_OUTER_BOUND('',#5552,.F.);
#5555=CARTESIAN_POINT('',(4.011761823251E0,-5.2E-1,-5.037313036143E0));
#5556=DIRECTION('',(-6.517013562501E-1,0.E0,7.584756701845E-1));
#5557=DIRECTION('',(0.E0,-1.E0,0.E0));
#5558=AXIS2_PLACEMENT_3D('',#5555,#5556,#5557);
#5559=CYLINDRICAL_SURFACE('',#5558,2.4E-1);
#5560=ORIENTED_EDGE('',*,*,#5355,.T.);
#5561=ORIENTED_EDGE('',*,*,#5537,.F.);
#5562=ORIENTED_EDGE('',*,*,#5550,.F.);
#5563=ORIENTED_EDGE('',*,*,#5297,.T.);
#5565=ORIENTED_EDGE('',*,*,#5564,.T.);
#5566=EDGE_LOOP('',(#5560,#5561,#5562,#5563,#5565));
#5567=FACE_OUTER_BOUND('',#5566,.F.);
#5569=CARTESIAN_POINT('',(6.100498422383E-1,7.6E-1,-7.1E-1));
#5570=DIRECTION('',(7.584756701845E-1,0.E0,6.517013562501E-1));
#5571=DIRECTION('',(6.517013562501E-1,0.E0,-7.584756701845E-1));
#5572=AXIS2_PLACEMENT_3D('',#5569,#5570,#5571);
#5573=PLANE('',#5572);
#5574=ORIENTED_EDGE('',*,*,#5564,.F.);
#5575=ORIENTED_EDGE('',*,*,#5295,.F.);
#5577=ORIENTED_EDGE('',*,*,#5576,.T.);
#5579=ORIENTED_EDGE('',*,*,#5578,.T.);
#5581=ORIENTED_EDGE('',*,*,#5580,.T.);
#5583=ORIENTED_EDGE('',*,*,#5582,.T.);
#5585=ORIENTED_EDGE('',*,*,#5584,.T.);
#5587=ORIENTED_EDGE('',*,*,#5586,.T.);
#5589=ORIENTED_EDGE('',*,*,#5588,.T.);
#5591=ORIENTED_EDGE('',*,*,#5590,.T.);
#5593=ORIENTED_EDGE('',*,*,#5592,.T.);
#5595=ORIENTED_EDGE('',*,*,#5594,.T.);
#5596=ORIENTED_EDGE('',*,*,#5357,.F.);
#5597=EDGE_LOOP('',(#5574,#5575,#5577,#5579,#5581,#5583,#5585,#5587,#5589,#5591,
#5593,#5595,#5596));
#5598=FACE_OUTER_BOUND('',#5597,.F.);
#5600=CARTESIAN_POINT('',(0.E0,-3.876923076923E-1,0.E0));
#5601=DIRECTION('',(0.E0,1.E0,0.E0));
#5602=DIRECTION('',(1.E0,0.E0,0.E0));
#5603=AXIS2_PLACEMENT_3D('',#5600,#5601,#5602);
#5604=TOROIDAL_SURFACE('',#5603,1.05E0,2.692307692307E-1);
#5605=ORIENTED_EDGE('',*,*,#5293,.T.);
#5606=ORIENTED_EDGE('',*,*,#5291,.T.);
#5608=ORIENTED_EDGE('',*,*,#5607,.F.);
#5610=ORIENTED_EDGE('',*,*,#5609,.F.);
#5612=ORIENTED_EDGE('',*,*,#5611,.F.);
#5613=ORIENTED_EDGE('',*,*,#5576,.F.);
#5614=EDGE_LOOP('',(#5605,#5606,#5608,#5610,#5612,#5613));
#5615=FACE_OUTER_BOUND('',#5614,.F.);
#5617=CARTESIAN_POINT('',(1.065465400317E0,7.6E-1,1.225677735512E0));
#5618=DIRECTION('',(7.547095802228E-1,0.E0,-6.560590289905E-1));
#5619=DIRECTION('',(-6.560590289905E-1,0.E0,-7.547095802228E-1));
#5620=AXIS2_PLACEMENT_3D('',#5617,#5618,#5619);
#5621=PLANE('',#5620);
#5623=ORIENTED_EDGE('',*,*,#5622,.F.);
#5624=ORIENTED_EDGE('',*,*,#5363,.F.);
#5626=ORIENTED_EDGE('',*,*,#5625,.T.);
#5628=ORIENTED_EDGE('',*,*,#5627,.T.);
#5630=ORIENTED_EDGE('',*,*,#5629,.T.);
#5632=ORIENTED_EDGE('',*,*,#5631,.T.);
#5634=ORIENTED_EDGE('',*,*,#5633,.T.);
#5636=ORIENTED_EDGE('',*,*,#5635,.T.);
#5638=ORIENTED_EDGE('',*,*,#5637,.T.);
#5640=ORIENTED_EDGE('',*,*,#5639,.T.);
#5642=ORIENTED_EDGE('',*,*,#5641,.T.);
#5643=ORIENTED_EDGE('',*,*,#5607,.T.);
#5644=ORIENTED_EDGE('',*,*,#5289,.F.);
#5645=EDGE_LOOP('',(#5623,#5624,#5626,#5628,#5630,#5632,#5634,#5636,#5638,#5640,
#5642,#5643,#5644));
#5646=FACE_OUTER_BOUND('',#5645,.F.);
#5648=CARTESIAN_POINT('',(-4.696872534952E0,-5.2E-1,-5.037313036143E0));
#5649=DIRECTION('',(6.560590289905E-1,0.E0,7.547095802228E-1));
#5650=DIRECTION('',(0.E0,-1.E0,0.E0));
#5651=AXIS2_PLACEMENT_3D('',#5648,#5649,#5650);
#5652=CYLINDRICAL_SURFACE('',#5651,2.4E-1);
#5654=ORIENTED_EDGE('',*,*,#5653,.T.);
#5655=ORIENTED_EDGE('',*,*,#5365,.T.);
#5656=ORIENTED_EDGE('',*,*,#5622,.T.);
#5657=ORIENTED_EDGE('',*,*,#5287,.T.);
#5659=ORIENTED_EDGE('',*,*,#5658,.F.);
#5660=EDGE_LOOP('',(#5654,#5655,#5656,#5657,#5659));
#5661=FACE_OUTER_BOUND('',#5660,.F.);
#5663=CARTESIAN_POINT('',(1.791027168818E0,-5.2E-1,5.037313036143E0));
#5664=DIRECTION('',(-2.923717047227E-1,0.E0,-9.563047559630E-1));
#5665=DIRECTION('',(0.E0,-1.E0,0.E0));
#5666=AXIS2_PLACEMENT_3D('',#5663,#5664,#5665);
#5667=CYLINDRICAL_SURFACE('',#5666,2.4E-1);
#5668=ORIENTED_EDGE('',*,*,#5367,.T.);
#5669=ORIENTED_EDGE('',*,*,#5653,.F.);
#5671=ORIENTED_EDGE('',*,*,#5670,.F.);
#5672=ORIENTED_EDGE('',*,*,#5283,.T.);
#5674=ORIENTED_EDGE('',*,*,#5673,.T.);
#5675=EDGE_LOOP('',(#5668,#5669,#5671,#5672,#5674));
#5676=FACE_OUTER_BOUND('',#5675,.F.);
#5678=CARTESIAN_POINT('',(0.E0,-7.6E-1,0.E0));
#5679=DIRECTION('',(0.E0,1.E0,0.E0));
#5680=DIRECTION('',(0.E0,0.E0,-1.E0));
#5681=AXIS2_PLACEMENT_3D('',#5678,#5679,#5680);
#5682=PLANE('',#5681);
#5683=ORIENTED_EDGE('',*,*,#5670,.T.);
#5684=ORIENTED_EDGE('',*,*,#5658,.T.);
#5685=ORIENTED_EDGE('',*,*,#5285,.T.);
#5686=EDGE_LOOP('',(#5683,#5684,#5685));
#5687=FACE_OUTER_BOUND('',#5686,.F.);
#5689=CARTESIAN_POINT('',(2.666729668647E-1,7.6E-1,8.722479719483E-1));
#5690=DIRECTION('',(-9.563047559630E-1,0.E0,2.923717047227E-1));
#5691=DIRECTION('',(2.923717047227E-1,0.E0,9.563047559630E-1));
#5692=AXIS2_PLACEMENT_3D('',#5689,#5690,#5691);
#5693=PLANE('',#5692);
#5694=ORIENTED_EDGE('',*,*,#5673,.F.);
#5695=ORIENTED_EDGE('',*,*,#5281,.F.);
#5697=ORIENTED_EDGE('',*,*,#5696,.T.);
#5699=ORIENTED_EDGE('',*,*,#5698,.T.);
#5701=ORIENTED_EDGE('',*,*,#5700,.T.);
#5703=ORIENTED_EDGE('',*,*,#5702,.T.);
#5705=ORIENTED_EDGE('',*,*,#5704,.T.);
#5707=ORIENTED_EDGE('',*,*,#5706,.T.);
#5708=ORIENTED_EDGE('',*,*,#5203,.T.);
#5710=ORIENTED_EDGE('',*,*,#5709,.T.);
#5712=ORIENTED_EDGE('',*,*,#5711,.T.);
#5714=ORIENTED_EDGE('',*,*,#5713,.T.);
#5715=ORIENTED_EDGE('',*,*,#5369,.F.);
#5716=EDGE_LOOP('',(#5694,#5695,#5697,#5699,#5701,#5703,#5705,#5707,#5708,#5710,
#5712,#5714,#5715));
#5717=FACE_OUTER_BOUND('',#5716,.F.);
#5719=CARTESIAN_POINT('',(0.E0,-3.876923076923E-1,0.E0));
#5720=DIRECTION('',(0.E0,1.E0,0.E0));
#5721=DIRECTION('',(1.E0,0.E0,0.E0));
#5722=AXIS2_PLACEMENT_3D('',#5719,#5720,#5721);
#5723=TOROIDAL_SURFACE('',#5722,1.05E0,2.692307692307E-1);
#5724=ORIENTED_EDGE('',*,*,#5238,.F.);
#5726=ORIENTED_EDGE('',*,*,#5725,.F.);
#5727=ORIENTED_EDGE('',*,*,#5696,.F.);
#5728=ORIENTED_EDGE('',*,*,#5279,.T.);
#5729=EDGE_LOOP('',(#5724,#5726,#5727,#5728));
#5730=FACE_OUTER_BOUND('',#5729,.F.);
#5732=CARTESIAN_POINT('',(0.E0,-1.723076923077E-1,0.E0));
#5733=DIRECTION('',(0.E0,1.E0,0.E0));
#5734=DIRECTION('',(1.E0,0.E0,0.E0));
#5735=AXIS2_PLACEMENT_3D('',#5732,#5733,#5734);
#5736=TOROIDAL_SURFACE('',#5735,1.228911898523E0,1.076923076923E-2);
#5737=ORIENTED_EDGE('',*,*,#5236,.T.);
#5738=ORIENTED_EDGE('',*,*,#5234,.T.);
#5740=ORIENTED_EDGE('',*,*,#5739,.T.);
#5741=ORIENTED_EDGE('',*,*,#5700,.F.);
#5742=ORIENTED_EDGE('',*,*,#5698,.F.);
#5743=ORIENTED_EDGE('',*,*,#5725,.T.);
#5744=EDGE_LOOP('',(#5737,#5738,#5740,#5741,#5742,#5743));
#5745=FACE_OUTER_BOUND('',#5744,.F.);
#5747=CARTESIAN_POINT('',(0.E0,-8.775861132422E-2,0.E0));
#5748=DIRECTION('',(0.E0,1.E0,0.E0));
#5749=DIRECTION('',(1.E0,0.E0,0.E0));
#5750=AXIS2_PLACEMENT_3D('',#5747,#5748,#5749);
#5751=CONICAL_SURFACE('',#5750,1.309139449823E0,4.879915292828E1);
#5752=ORIENTED_EDGE('',*,*,#5232,.T.);
#5754=ORIENTED_EDGE('',*,*,#5753,.F.);
#5755=ORIENTED_EDGE('',*,*,#5702,.F.);
#5756=ORIENTED_EDGE('',*,*,#5739,.F.);
#5757=EDGE_LOOP('',(#5752,#5754,#5755,#5756));
#5758=FACE_OUTER_BOUND('',#5757,.F.);
#5760=CARTESIAN_POINT('',(0.E0,4.946375358499E-2,0.E0));
#5761=DIRECTION('',(0.E0,-1.E0,0.E0));
#5762=DIRECTION('',(-1.E0,0.E0,0.E0));
#5763=AXIS2_PLACEMENT_3D('',#5760,#5761,#5762);
#5764=CONICAL_SURFACE('',#5763,1.343255579884E0,4.119981775434E1);
#5765=ORIENTED_EDGE('',*,*,#5230,.T.);
#5767=ORIENTED_EDGE('',*,*,#5766,.F.);
#5768=ORIENTED_EDGE('',*,*,#5704,.F.);
#5769=ORIENTED_EDGE('',*,*,#5753,.T.);
#5770=EDGE_LOOP('',(#5765,#5767,#5768,#5769));
#5771=FACE_OUTER_BOUND('',#5770,.F.);
#5773=CARTESIAN_POINT('',(0.E0,5.956950928466E-2,0.E0));
#5774=DIRECTION('',(0.E0,1.E0,0.E0));
#5775=DIRECTION('',(1.E0,0.E0,0.E0));
#5776=AXIS2_PLACEMENT_3D('',#5773,#5774,#5775);
#5777=CONICAL_SURFACE('',#5776,1.191306898970E0,6.283532943973E1);
#5778=ORIENTED_EDGE('',*,*,#5228,.T.);
#5779=ORIENTED_EDGE('',*,*,#5205,.F.);
#5780=ORIENTED_EDGE('',*,*,#5706,.F.);
#5781=ORIENTED_EDGE('',*,*,#5766,.T.);
#5782=EDGE_LOOP('',(#5778,#5779,#5780,#5781));
#5783=FACE_OUTER_BOUND('',#5782,.F.);
#5785=CARTESIAN_POINT('',(0.E0,-1.723076923077E-1,0.E0));
#5786=DIRECTION('',(0.E0,1.E0,0.E0));
#5787=DIRECTION('',(1.E0,0.E0,0.E0));
#5788=AXIS2_PLACEMENT_3D('',#5785,#5786,#5787);
#5789=TOROIDAL_SURFACE('',#5788,1.228911898523E0,2.261538461538E-1);
#5790=ORIENTED_EDGE('',*,*,#5225,.T.);
#5791=ORIENTED_EDGE('',*,*,#5223,.T.);
#5793=ORIENTED_EDGE('',*,*,#5792,.F.);
#5794=ORIENTED_EDGE('',*,*,#5711,.F.);
#5795=ORIENTED_EDGE('',*,*,#5709,.F.);
#5796=ORIENTED_EDGE('',*,*,#5201,.T.);
#5797=EDGE_LOOP('',(#5790,#5791,#5793,#5794,#5795,#5796));
#5798=FACE_OUTER_BOUND('',#5797,.F.);
#5800=CARTESIAN_POINT('',(0.E0,-3.876923076923E-1,0.E0));
#5801=DIRECTION('',(0.E0,1.E0,0.E0));
#5802=DIRECTION('',(1.E0,0.E0,0.E0));
#5803=AXIS2_PLACEMENT_3D('',#5800,#5801,#5802);
#5804=TOROIDAL_SURFACE('',#5803,1.05E0,5.384615384614E-2);
#5805=ORIENTED_EDGE('',*,*,#5221,.F.);
#5806=ORIENTED_EDGE('',*,*,#5371,.T.);
#5807=ORIENTED_EDGE('',*,*,#5713,.F.);
#5808=ORIENTED_EDGE('',*,*,#5792,.T.);
#5809=EDGE_LOOP('',(#5805,#5806,#5807,#5808));
#5810=FACE_OUTER_BOUND('',#5809,.F.);
#5812=CARTESIAN_POINT('',(0.E0,-3.876923076923E-1,0.E0));
#5813=DIRECTION('',(0.E0,1.E0,0.E0));
#5814=DIRECTION('',(1.E0,0.E0,0.E0));
#5815=AXIS2_PLACEMENT_3D('',#5812,#5813,#5814);
#5816=TOROIDAL_SURFACE('',#5815,1.05E0,5.384615384614E-2);
#5818=ORIENTED_EDGE('',*,*,#5817,.T.);
#5820=ORIENTED_EDGE('',*,*,#5819,.T.);
#5821=ORIENTED_EDGE('',*,*,#5625,.F.);
#5822=ORIENTED_EDGE('',*,*,#5361,.T.);
#5823=ORIENTED_EDGE('',*,*,#5359,.T.);
#5824=ORIENTED_EDGE('',*,*,#5594,.F.);
#5825=EDGE_LOOP('',(#5818,#5820,#5821,#5822,#5823,#5824));
#5826=FACE_OUTER_BOUND('',#5825,.F.);
#5828=CARTESIAN_POINT('',(0.E0,-1.723076923077E-1,0.E0));
#5829=DIRECTION('',(0.E0,1.E0,0.E0));
#5830=DIRECTION('',(1.E0,0.E0,0.E0));
#5831=AXIS2_PLACEMENT_3D('',#5828,#5829,#5830);
#5832=TOROIDAL_SURFACE('',#5831,1.228911898523E0,2.261538461538E-1);
#5834=ORIENTED_EDGE('',*,*,#5833,.T.);
#5836=ORIENTED_EDGE('',*,*,#5835,.T.);
#5837=ORIENTED_EDGE('',*,*,#5629,.F.);
#5838=ORIENTED_EDGE('',*,*,#5627,.F.);
#5839=ORIENTED_EDGE('',*,*,#5819,.F.);
#5840=ORIENTED_EDGE('',*,*,#5817,.F.);
#5841=ORIENTED_EDGE('',*,*,#5592,.F.);
#5842=ORIENTED_EDGE('',*,*,#5590,.F.);
#5843=EDGE_LOOP('',(#5834,#5836,#5837,#5838,#5839,#5840,#5841,#5842));
#5844=FACE_OUTER_BOUND('',#5843,.F.);
#5846=CARTESIAN_POINT('',(0.E0,3.375393594630E-3,0.E0));
#5847=DIRECTION('',(0.E0,1.E0,0.E0));
#5848=DIRECTION('',(1.E0,0.E0,0.E0));
#5849=AXIS2_PLACEMENT_3D('',#5846,#5847,#5848);
#5850=CONICAL_SURFACE('',#5849,1.086253783042E0,4.879915298803E1);
#5852=ORIENTED_EDGE('',*,*,#5851,.F.);
#5854=ORIENTED_EDGE('',*,*,#5853,.F.);
#5855=ORIENTED_EDGE('',*,*,#5631,.F.);
#5856=ORIENTED_EDGE('',*,*,#5835,.F.);
#5857=ORIENTED_EDGE('',*,*,#5833,.F.);
#5858=ORIENTED_EDGE('',*,*,#5588,.F.);
#5859=EDGE_LOOP('',(#5852,#5854,#5855,#5856,#5857,#5858));
#5860=FACE_OUTER_BOUND('',#5859,.F.);
#5862=CARTESIAN_POINT('',(0.E0,5.956950928463E-2,0.E0));
#5863=DIRECTION('',(0.E0,1.E0,0.E0));
#5864=DIRECTION('',(1.E0,0.E0,0.E0));
#5865=AXIS2_PLACEMENT_3D('',#5862,#5863,#5864);
#5866=CONICAL_SURFACE('',#5865,1.191306898970E0,6.283532943973E1);
#5868=ORIENTED_EDGE('',*,*,#5867,.T.);
#5870=ORIENTED_EDGE('',*,*,#5869,.T.);
#5871=ORIENTED_EDGE('',*,*,#5633,.F.);
#5872=ORIENTED_EDGE('',*,*,#5853,.T.);
#5873=ORIENTED_EDGE('',*,*,#5851,.T.);
#5874=ORIENTED_EDGE('',*,*,#5586,.F.);
#5875=EDGE_LOOP('',(#5868,#5870,#5871,#5872,#5873,#5874));
#5876=FACE_OUTER_BOUND('',#5875,.F.);
#5878=CARTESIAN_POINT('',(0.E0,4.946375358499E-2,0.E0));
#5879=DIRECTION('',(0.E0,-1.E0,0.E0));
#5880=DIRECTION('',(-1.E0,0.E0,0.E0));
#5881=AXIS2_PLACEMENT_3D('',#5878,#5879,#5880);
#5882=CONICAL_SURFACE('',#5881,1.343255579884E0,4.119981775434E1);
#5884=ORIENTED_EDGE('',*,*,#5883,.T.);
#5886=ORIENTED_EDGE('',*,*,#5885,.T.);
#5887=ORIENTED_EDGE('',*,*,#5635,.F.);
#5888=ORIENTED_EDGE('',*,*,#5869,.F.);
#5889=ORIENTED_EDGE('',*,*,#5867,.F.);
#5890=ORIENTED_EDGE('',*,*,#5584,.F.);
#5891=EDGE_LOOP('',(#5884,#5886,#5887,#5888,#5889,#5890));
#5892=FACE_OUTER_BOUND('',#5891,.F.);
#5894=CARTESIAN_POINT('',(0.E0,-8.775861132421E-2,0.E0));
#5895=DIRECTION('',(0.E0,1.E0,0.E0));
#5896=DIRECTION('',(1.E0,0.E0,0.E0));
#5897=AXIS2_PLACEMENT_3D('',#5894,#5895,#5896);
#5898=CONICAL_SURFACE('',#5897,1.309139449823E0,4.879915292828E1);
#5900=ORIENTED_EDGE('',*,*,#5899,.F.);
#5902=ORIENTED_EDGE('',*,*,#5901,.F.);
#5903=ORIENTED_EDGE('',*,*,#5637,.F.);
#5904=ORIENTED_EDGE('',*,*,#5885,.F.);
#5905=ORIENTED_EDGE('',*,*,#5883,.F.);
#5906=ORIENTED_EDGE('',*,*,#5582,.F.);
#5907=EDGE_LOOP('',(#5900,#5902,#5903,#5904,#5905,#5906));
#5908=FACE_OUTER_BOUND('',#5907,.F.);
#5910=CARTESIAN_POINT('',(0.E0,-1.723076923077E-1,0.E0));
#5911=DIRECTION('',(0.E0,1.E0,0.E0));
#5912=DIRECTION('',(1.E0,0.E0,0.E0));
#5913=AXIS2_PLACEMENT_3D('',#5910,#5911,#5912);
#5914=TOROIDAL_SURFACE('',#5913,1.228911898523E0,1.076923076923E-2);
#5915=ORIENTED_EDGE('',*,*,#5611,.T.);
#5916=ORIENTED_EDGE('',*,*,#5609,.T.);
#5917=ORIENTED_EDGE('',*,*,#5641,.F.);
#5918=ORIENTED_EDGE('',*,*,#5639,.F.);
#5919=ORIENTED_EDGE('',*,*,#5901,.T.);
#5920=ORIENTED_EDGE('',*,*,#5899,.T.);
#5921=ORIENTED_EDGE('',*,*,#5580,.F.);
#5922=ORIENTED_EDGE('',*,*,#5578,.F.);
#5923=EDGE_LOOP('',(#5915,#5916,#5917,#5918,#5919,#5920,#5921,#5922));
#5924=FACE_OUTER_BOUND('',#5923,.F.);
#5926=CARTESIAN_POINT('',(0.E0,-1.739760041553E0,0.E0));
#5927=DIRECTION('',(0.E0,-1.E0,0.E0));
#5928=DIRECTION('',(-1.E0,0.E0,0.E0));
#5929=AXIS2_PLACEMENT_3D('',#5926,#5927,#5928);
#5930=PLANE('',#5929);
#5931=ORIENTED_EDGE('',*,*,#5250,.T.);
#5932=ORIENTED_EDGE('',*,*,#5317,.F.);
#5933=ORIENTED_EDGE('',*,*,#5384,.T.);
#5935=ORIENTED_EDGE('',*,*,#5934,.T.);
#5937=ORIENTED_EDGE('',*,*,#5936,.T.);
#5938=ORIENTED_EDGE('',*,*,#5380,.T.);
#5939=ORIENTED_EDGE('',*,*,#5378,.T.);
#5941=ORIENTED_EDGE('',*,*,#5940,.T.);
#5943=ORIENTED_EDGE('',*,*,#5942,.T.);
#5944=ORIENTED_EDGE('',*,*,#5374,.T.);
#5945=ORIENTED_EDGE('',*,*,#5217,.T.);
#5946=ORIENTED_EDGE('',*,*,#5276,.T.);
#5948=ORIENTED_EDGE('',*,*,#5947,.F.);
#5950=ORIENTED_EDGE('',*,*,#5949,.F.);
#5952=ORIENTED_EDGE('',*,*,#5951,.F.);
#5954=ORIENTED_EDGE('',*,*,#5953,.F.);
#5956=ORIENTED_EDGE('',*,*,#5955,.F.);
#5958=ORIENTED_EDGE('',*,*,#5957,.F.);
#5960=ORIENTED_EDGE('',*,*,#5959,.T.);
#5962=ORIENTED_EDGE('',*,*,#5961,.F.);
#5964=ORIENTED_EDGE('',*,*,#5963,.F.);
#5966=ORIENTED_EDGE('',*,*,#5965,.F.);
#5968=ORIENTED_EDGE('',*,*,#5967,.F.);
#5970=ORIENTED_EDGE('',*,*,#5969,.F.);
#5972=ORIENTED_EDGE('',*,*,#5971,.T.);
#5973=EDGE_LOOP('',(#5931,#5932,#5933,#5935,#5937,#5938,#5939,#5941,#5943,#5944,
#5945,#5946,#5948,#5950,#5952,#5954,#5956,#5958,#5960,#5962,#5964,#5966,#5968,
#5970,#5972));
#5974=FACE_OUTER_BOUND('',#5973,.F.);
#5976=CARTESIAN_POINT('',(8.192307692304E-1,-1.939760041553E0,-1.53E0));
#5977=DIRECTION('',(1.E0,0.E0,0.E0));
#5978=DIRECTION('',(0.E0,0.E0,1.E0));
#5979=AXIS2_PLACEMENT_3D('',#5976,#5977,#5978);
#5980=PLANE('',#5979);
#5982=ORIENTED_EDGE('',*,*,#5981,.T.);
#5984=ORIENTED_EDGE('',*,*,#5983,.T.);
#5986=ORIENTED_EDGE('',*,*,#5985,.F.);
#5987=ORIENTED_EDGE('',*,*,#5934,.F.);
#5989=ORIENTED_EDGE('',*,*,#5988,.T.);
#5991=ORIENTED_EDGE('',*,*,#5990,.F.);
#5993=ORIENTED_EDGE('',*,*,#5992,.T.);
#5995=ORIENTED_EDGE('',*,*,#5994,.T.);
#5997=ORIENTED_EDGE('',*,*,#5996,.F.);
#5999=ORIENTED_EDGE('',*,*,#5998,.F.);
#6000=EDGE_LOOP('',(#5982,#5984,#5986,#5987,#5989,#5991,#5993,#5995,#5997,
#5999));
#6001=FACE_OUTER_BOUND('',#6000,.F.);
#6003=CARTESIAN_POINT('',(-6.844046168197E0,-1.689760041553E0,-1.28E0));
#6004=DIRECTION('',(1.E0,0.E0,0.E0));
#6005=DIRECTION('',(0.E0,-1.E0,0.E0));
#6006=AXIS2_PLACEMENT_3D('',#6003,#6004,#6005);
#6007=CYLINDRICAL_SURFACE('',#6006,2.5E-1);
#6008=ORIENTED_EDGE('',*,*,#5981,.F.);
#6010=ORIENTED_EDGE('',*,*,#6009,.T.);
#6012=ORIENTED_EDGE('',*,*,#6011,.F.);
#6014=ORIENTED_EDGE('',*,*,#6013,.T.);
#6015=EDGE_LOOP('',(#6008,#6010,#6012,#6014));
#6016=FACE_OUTER_BOUND('',#6015,.F.);
#6018=CARTESIAN_POINT('',(-2.180769230770E0,-1.939760041553E0,-1.53E0));
#6019=DIRECTION('',(0.E0,0.E0,-1.E0));
#6020=DIRECTION('',(1.E0,0.E0,0.E0));
#6021=AXIS2_PLACEMENT_3D('',#6018,#6019,#6020);
#6022=PLANE('',#6021);
#6023=ORIENTED_EDGE('',*,*,#6009,.F.);
#6024=ORIENTED_EDGE('',*,*,#5998,.T.);
#6026=ORIENTED_EDGE('',*,*,#6025,.F.);
#6028=ORIENTED_EDGE('',*,*,#6027,.F.);
#6029=EDGE_LOOP('',(#6023,#6024,#6026,#6028));
#6030=FACE_OUTER_BOUND('',#6029,.F.);
#6032=CARTESIAN_POINT('',(0.E0,-1.299760041553E0,0.E0));
#6033=DIRECTION('',(0.E0,-1.E0,0.E0));
#6034=DIRECTION('',(0.E0,0.E0,-1.E0));
#6035=AXIS2_PLACEMENT_3D('',#6032,#6033,#6034);
#6036=PLANE('',#6035);
#6037=ORIENTED_EDGE('',*,*,#5996,.T.);
#6039=ORIENTED_EDGE('',*,*,#6038,.T.);
#6041=ORIENTED_EDGE('',*,*,#6040,.T.);
#6042=ORIENTED_EDGE('',*,*,#6025,.T.);
#6043=EDGE_LOOP('',(#6037,#6039,#6041,#6042));
#6044=FACE_OUTER_BOUND('',#6043,.F.);
#6046=CARTESIAN_POINT('',(8.192307692304E-1,-1.939760041553E0,-1.33E0));
#6047=DIRECTION('',(0.E0,0.E0,1.E0));
#6048=DIRECTION('',(-1.E0,0.E0,0.E0));
#6049=AXIS2_PLACEMENT_3D('',#6046,#6047,#6048);
#6050=PLANE('',#6049);
#6052=ORIENTED_EDGE('',*,*,#6051,.F.);
#6054=ORIENTED_EDGE('',*,*,#6053,.T.);
#6055=ORIENTED_EDGE('',*,*,#6038,.F.);
#6056=ORIENTED_EDGE('',*,*,#5994,.F.);
#6057=EDGE_LOOP('',(#6052,#6054,#6055,#6056));
#6058=FACE_OUTER_BOUND('',#6057,.F.);
#6060=CARTESIAN_POINT('',(-6.844046168197E0,-1.689760041553E0,-1.28E0));
#6061=DIRECTION('',(1.E0,0.E0,0.E0));
#6062=DIRECTION('',(0.E0,-1.E0,0.E0));
#6063=AXIS2_PLACEMENT_3D('',#6060,#6061,#6062);
#6064=CYLINDRICAL_SURFACE('',#6063,5.E-2);
#6065=ORIENTED_EDGE('',*,*,#6051,.T.);
#6066=ORIENTED_EDGE('',*,*,#5992,.F.);
#6068=ORIENTED_EDGE('',*,*,#6067,.F.);
#6069=ORIENTED_EDGE('',*,*,#5256,.F.);
#6071=ORIENTED_EDGE('',*,*,#6070,.F.);
#6073=ORIENTED_EDGE('',*,*,#6072,.F.);
#6074=EDGE_LOOP('',(#6065,#6066,#6068,#6069,#6071,#6073));
#6075=FACE_OUTER_BOUND('',#6074,.F.);
#6077=CARTESIAN_POINT('',(0.E0,-1.739760041553E0,0.E0));
#6078=DIRECTION('',(0.E0,-1.E0,0.E0));
#6079=DIRECTION('',(-1.E0,0.E0,0.E0));
#6080=AXIS2_PLACEMENT_3D('',#6077,#6078,#6079);
#6081=PLANE('',#6080);
#6082=ORIENTED_EDGE('',*,*,#6067,.T.);
#6083=ORIENTED_EDGE('',*,*,#5990,.T.);
#6084=ORIENTED_EDGE('',*,*,#5258,.T.);
#6085=EDGE_LOOP('',(#6082,#6083,#6084));
#6086=FACE_OUTER_BOUND('',#6085,.F.);
#6088=CARTESIAN_POINT('',(0.E0,-1.739760041553E0,0.E0));
#6089=DIRECTION('',(0.E0,-1.E0,0.E0));
#6090=DIRECTION('',(-1.E0,0.E0,0.E0));
#6091=AXIS2_PLACEMENT_3D('',#6088,#6089,#6090);
#6092=PLANE('',#6091);
#6093=ORIENTED_EDGE('',*,*,#6070,.T.);
#6094=ORIENTED_EDGE('',*,*,#5254,.T.);
#6096=ORIENTED_EDGE('',*,*,#6095,.F.);
#6097=EDGE_LOOP('',(#6093,#6094,#6096));
#6098=FACE_OUTER_BOUND('',#6097,.F.);
#6100=CARTESIAN_POINT('',(-5.807692307696E-1,-1.939760041553E0,-1.33E0));
#6101=DIRECTION('',(-1.E0,0.E0,0.E0));
#6102=DIRECTION('',(0.E0,0.E0,-1.E0));
#6103=AXIS2_PLACEMENT_3D('',#6100,#6101,#6102);
#6104=PLANE('',#6103);
#6105=ORIENTED_EDGE('',*,*,#6011,.T.);
#6106=ORIENTED_EDGE('',*,*,#6027,.T.);
#6107=ORIENTED_EDGE('',*,*,#6040,.F.);
#6108=ORIENTED_EDGE('',*,*,#6053,.F.);
#6109=ORIENTED_EDGE('',*,*,#6072,.T.);
#6110=ORIENTED_EDGE('',*,*,#6095,.T.);
#6112=ORIENTED_EDGE('',*,*,#6111,.T.);
#6114=ORIENTED_EDGE('',*,*,#6113,.F.);
#6116=ORIENTED_EDGE('',*,*,#6115,.F.);
#6117=EDGE_LOOP('',(#6105,#6106,#6107,#6108,#6109,#6110,#6112,#6114,#6116));
#6118=FACE_OUTER_BOUND('',#6117,.F.);
#6120=CARTESIAN_POINT('',(0.E0,-1.739760041553E0,0.E0));
#6121=DIRECTION('',(0.E0,-1.E0,0.E0));
#6122=DIRECTION('',(0.E0,0.E0,-1.E0));
#6123=AXIS2_PLACEMENT_3D('',#6120,#6121,#6122);
#6124=PLANE('',#6123);
#6125=ORIENTED_EDGE('',*,*,#5252,.T.);
#6127=ORIENTED_EDGE('',*,*,#6126,.F.);
#6129=ORIENTED_EDGE('',*,*,#6128,.F.);
#6130=ORIENTED_EDGE('',*,*,#6111,.F.);
#6131=EDGE_LOOP('',(#6125,#6127,#6129,#6130));
#6132=FACE_OUTER_BOUND('',#6131,.F.);
#6134=CARTESIAN_POINT('',(-7.807692307696E-1,-1.939760041553E0,-1.03E0));
#6135=DIRECTION('',(-1.E0,0.E0,0.E0));
#6136=DIRECTION('',(0.E0,0.E0,-1.E0));
#6137=AXIS2_PLACEMENT_3D('',#6134,#6135,#6136);
#6138=PLANE('',#6137);
#6140=ORIENTED_EDGE('',*,*,#6139,.T.);
#6142=ORIENTED_EDGE('',*,*,#6141,.T.);
#6144=ORIENTED_EDGE('',*,*,#6143,.T.);
#6145=ORIENTED_EDGE('',*,*,#6126,.T.);
#6146=ORIENTED_EDGE('',*,*,#5971,.F.);
#6148=ORIENTED_EDGE('',*,*,#6147,.F.);
#6149=EDGE_LOOP('',(#6140,#6142,#6144,#6145,#6146,#6148));
#6150=FACE_OUTER_BOUND('',#6149,.F.);
#6152=CARTESIAN_POINT('',(-6.844046168197E0,-1.689760041553E0,-1.1E0));
#6153=DIRECTION('',(1.E0,0.E0,0.E0));
#6154=DIRECTION('',(0.E0,-1.E0,0.E0));
#6155=AXIS2_PLACEMENT_3D('',#6152,#6153,#6154);
#6156=CYLINDRICAL_SURFACE('',#6155,2.5E-1);
#6157=ORIENTED_EDGE('',*,*,#6139,.F.);
#6159=ORIENTED_EDGE('',*,*,#6158,.T.);
#6161=ORIENTED_EDGE('',*,*,#6160,.T.);
#6163=ORIENTED_EDGE('',*,*,#6162,.F.);
#6165=ORIENTED_EDGE('',*,*,#6164,.T.);
#6166=EDGE_LOOP('',(#6157,#6159,#6161,#6163,#6165));
#6167=FACE_OUTER_BOUND('',#6166,.F.);
#6169=CARTESIAN_POINT('',(-1.080769230770E0,-6.397600415533E-1,-1.35E0));
#6170=DIRECTION('',(9.647638212377E-1,2.631174057921E-1,0.E0));
#6171=DIRECTION('',(2.631174057921E-1,-9.647638212377E-1,0.E0));
#6172=AXIS2_PLACEMENT_3D('',#6169,#6170,#6171);
#6173=PLANE('',#6172);
#6175=ORIENTED_EDGE('',*,*,#6174,.F.);
#6177=ORIENTED_EDGE('',*,*,#6176,.F.);
#6178=ORIENTED_EDGE('',*,*,#6158,.F.);
#6179=ORIENTED_EDGE('',*,*,#6147,.T.);
#6181=ORIENTED_EDGE('',*,*,#6180,.F.);
#6183=ORIENTED_EDGE('',*,*,#6182,.F.);
#6184=EDGE_LOOP('',(#6175,#6177,#6178,#6179,#6181,#6183));
#6185=FACE_OUTER_BOUND('',#6184,.F.);
#6187=CARTESIAN_POINT('',(-6.844046168197E0,-8.897600415533E-1,-1.1E0));
#6188=DIRECTION('',(1.E0,0.E0,0.E0));
#6189=DIRECTION('',(0.E0,0.E0,-1.E0));
#6190=AXIS2_PLACEMENT_3D('',#6187,#6188,#6189);
#6191=CYLINDRICAL_SURFACE('',#6190,2.5E-1);
#6192=ORIENTED_EDGE('',*,*,#6174,.T.);
#6194=ORIENTED_EDGE('',*,*,#6193,.T.);
#6196=ORIENTED_EDGE('',*,*,#6195,.T.);
#6198=ORIENTED_EDGE('',*,*,#6197,.T.);
#6200=ORIENTED_EDGE('',*,*,#6199,.F.);
#6202=ORIENTED_EDGE('',*,*,#6201,.T.);
#6203=EDGE_LOOP('',(#6192,#6194,#6196,#6198,#6200,#6202));
#6204=FACE_OUTER_BOUND('',#6203,.F.);
#6206=CARTESIAN_POINT('',(0.E0,-1.939760041553E0,-1.15E0));
#6207=DIRECTION('',(0.E0,0.E0,-1.E0));
#6208=DIRECTION('',(-1.E0,0.E0,0.E0));
#6209=AXIS2_PLACEMENT_3D('',#6206,#6207,#6208);
#6210=PLANE('',#6209);
#6211=ORIENTED_EDGE('',*,*,#6193,.F.);
#6212=ORIENTED_EDGE('',*,*,#6182,.T.);
#6214=ORIENTED_EDGE('',*,*,#6213,.F.);
#6216=ORIENTED_EDGE('',*,*,#6215,.T.);
#6218=ORIENTED_EDGE('',*,*,#6217,.F.);
#6220=ORIENTED_EDGE('',*,*,#6219,.F.);
#6221=EDGE_LOOP('',(#6211,#6212,#6214,#6216,#6218,#6220));
#6222=FACE_OUTER_BOUND('',#6221,.F.);
#6224=CARTESIAN_POINT('',(-6.844046168197E0,-1.689760041553E0,-1.1E0));
#6225=DIRECTION('',(1.E0,0.E0,0.E0));
#6226=DIRECTION('',(0.E0,-1.E0,0.E0));
#6227=AXIS2_PLACEMENT_3D('',#6224,#6225,#6226);
#6228=CYLINDRICAL_SURFACE('',#6227,5.E-2);
#6229=ORIENTED_EDGE('',*,*,#5969,.T.);
#6231=ORIENTED_EDGE('',*,*,#6230,.F.);
#6232=ORIENTED_EDGE('',*,*,#6213,.T.);
#6233=ORIENTED_EDGE('',*,*,#6180,.T.);
#6234=EDGE_LOOP('',(#6229,#6231,#6232,#6233));
#6235=FACE_OUTER_BOUND('',#6234,.F.);
#6237=CARTESIAN_POINT('',(-2.180769230770E0,-1.939760041553E0,1.53E0));
#6238=DIRECTION('',(-1.E0,0.E0,0.E0));
#6239=DIRECTION('',(0.E0,0.E0,-1.E0));
#6240=AXIS2_PLACEMENT_3D('',#6237,#6238,#6239);
#6241=PLANE('',#6240);
#6243=ORIENTED_EDGE('',*,*,#6242,.F.);
#6245=ORIENTED_EDGE('',*,*,#6244,.T.);
#6247=ORIENTED_EDGE('',*,*,#6246,.F.);
#6249=ORIENTED_EDGE('',*,*,#6248,.T.);
#6250=ORIENTED_EDGE('',*,*,#6215,.F.);
#6251=ORIENTED_EDGE('',*,*,#6230,.T.);
#6252=ORIENTED_EDGE('',*,*,#5967,.T.);
#6254=ORIENTED_EDGE('',*,*,#6253,.T.);
#6256=ORIENTED_EDGE('',*,*,#6255,.T.);
#6257=ORIENTED_EDGE('',*,*,#6162,.T.);
#6259=ORIENTED_EDGE('',*,*,#6258,.T.);
#6260=ORIENTED_EDGE('',*,*,#6199,.T.);
#6262=ORIENTED_EDGE('',*,*,#6261,.T.);
#6263=EDGE_LOOP('',(#6243,#6245,#6247,#6249,#6250,#6251,#6252,#6254,#6256,#6257,
#6259,#6260,#6262));
#6264=FACE_OUTER_BOUND('',#6263,.F.);
#6266=CARTESIAN_POINT('',(-9.2E-1,7.6E-1,-2.E-1));
#6267=DIRECTION('',(0.E0,0.E0,-1.E0));
#6268=DIRECTION('',(-1.E0,0.E0,0.E0));
#6269=AXIS2_PLACEMENT_3D('',#6266,#6267,#6268);
#6270=PLANE('',#6269);
#6271=ORIENTED_EDGE('',*,*,#6242,.T.);
#6273=ORIENTED_EDGE('',*,*,#6272,.F.);
#6275=ORIENTED_EDGE('',*,*,#6274,.T.);
#6277=ORIENTED_EDGE('',*,*,#6276,.F.);
#6278=EDGE_LOOP('',(#6271,#6273,#6275,#6277));
#6279=FACE_OUTER_BOUND('',#6278,.F.);
#6281=CARTESIAN_POINT('',(-2.180769230770E0,-6.397600415533E-1,-1.35E0));
#6282=DIRECTION('',(0.E0,1.E0,0.E0));
#6283=DIRECTION('',(1.E0,0.E0,0.E0));
#6284=AXIS2_PLACEMENT_3D('',#6281,#6282,#6283);
#6285=PLANE('',#6284);
#6286=ORIENTED_EDGE('',*,*,#6272,.T.);
#6287=ORIENTED_EDGE('',*,*,#6261,.F.);
#6288=ORIENTED_EDGE('',*,*,#6197,.F.);
#6290=ORIENTED_EDGE('',*,*,#6289,.T.);
#6291=EDGE_LOOP('',(#6286,#6287,#6288,#6290));
#6292=FACE_OUTER_BOUND('',#6291,.F.);
#6294=CARTESIAN_POINT('',(-1.680769230770E0,-6.397600415533E-1,-1.E-1));
#6295=DIRECTION('',(8.682431421245E-1,0.E0,4.961389383568E-1));
#6296=DIRECTION('',(4.961389383568E-1,0.E0,-8.682431421245E-1));
#6297=AXIS2_PLACEMENT_3D('',#6294,#6295,#6296);
#6298=PLANE('',#6297);
#6299=ORIENTED_EDGE('',*,*,#6274,.F.);
#6300=ORIENTED_EDGE('',*,*,#6289,.F.);
#6301=ORIENTED_EDGE('',*,*,#6195,.F.);
#6302=ORIENTED_EDGE('',*,*,#6219,.T.);
#6304=ORIENTED_EDGE('',*,*,#6303,.F.);
#6306=ORIENTED_EDGE('',*,*,#6305,.F.);
#6308=ORIENTED_EDGE('',*,*,#6307,.F.);
#6309=EDGE_LOOP('',(#6299,#6300,#6301,#6302,#6304,#6306,#6308));
#6310=FACE_OUTER_BOUND('',#6309,.F.);
#6312=CARTESIAN_POINT('',(-6.844046168197E0,-8.897600415533E-1,-1.1E0));
#6313=DIRECTION('',(1.E0,0.E0,0.E0));
#6314=DIRECTION('',(0.E0,0.E0,-1.E0));
#6315=AXIS2_PLACEMENT_3D('',#6312,#6313,#6314);
#6316=CYLINDRICAL_SURFACE('',#6315,5.E-2);
#6317=ORIENTED_EDGE('',*,*,#6217,.T.);
#6318=ORIENTED_EDGE('',*,*,#6248,.F.);
#6320=ORIENTED_EDGE('',*,*,#6319,.T.);
#6321=ORIENTED_EDGE('',*,*,#6303,.T.);
#6322=EDGE_LOOP('',(#6317,#6318,#6320,#6321));
#6323=FACE_OUTER_BOUND('',#6322,.F.);
#6325=CARTESIAN_POINT('',(0.E0,-8.397600415533E-1,-1.15E0));
#6326=DIRECTION('',(0.E0,1.E0,0.E0));
#6327=DIRECTION('',(0.E0,0.E0,1.E0));
#6328=AXIS2_PLACEMENT_3D('',#6325,#6326,#6327);
#6329=PLANE('',#6328);
#6331=ORIENTED_EDGE('',*,*,#6330,.F.);
#6332=ORIENTED_EDGE('',*,*,#6305,.T.);
#6333=ORIENTED_EDGE('',*,*,#6319,.F.);
#6334=ORIENTED_EDGE('',*,*,#6246,.T.);
#6335=EDGE_LOOP('',(#6331,#6332,#6333,#6334));
#6336=FACE_OUTER_BOUND('',#6335,.F.);
#6338=CARTESIAN_POINT('',(-4.000769230770E0,-1.264760041553E0,0.E0));
#6339=DIRECTION('',(-1.E0,0.E0,0.E0));
#6340=DIRECTION('',(0.E0,-1.E0,0.E0));
#6341=AXIS2_PLACEMENT_3D('',#6338,#6339,#6340);
#6342=CYLINDRICAL_SURFACE('',#6341,4.75E-1);
#6343=ORIENTED_EDGE('',*,*,#6276,.T.);
#6344=ORIENTED_EDGE('',*,*,#6307,.T.);
#6345=ORIENTED_EDGE('',*,*,#6330,.T.);
#6346=ORIENTED_EDGE('',*,*,#6244,.F.);
#6347=EDGE_LOOP('',(#6343,#6344,#6345,#6346));
#6348=FACE_OUTER_BOUND('',#6347,.F.);
#6350=CARTESIAN_POINT('',(-2.380769230770E0,-1.539760041553E0,-4.E-1));
#6351=DIRECTION('',(1.E0,0.E0,0.E0));
#6352=DIRECTION('',(0.E0,7.064465069690E-1,7.077664394356E-1));
#6353=AXIS2_PLACEMENT_3D('',#6350,#6351,#6352);
#6354=TOROIDAL_SURFACE('',#6353,6.E-1,2.E-1);
#6356=ORIENTED_EDGE('',*,*,#6355,.T.);
#6358=ORIENTED_EDGE('',*,*,#6357,.T.);
#6360=ORIENTED_EDGE('',*,*,#6359,.F.);
#6362=ORIENTED_EDGE('',*,*,#6361,.T.);
#6363=ORIENTED_EDGE('',*,*,#6253,.F.);
#6364=ORIENTED_EDGE('',*,*,#5965,.T.);
#6365=EDGE_LOOP('',(#6356,#6358,#6360,#6362,#6363,#6364));
#6366=FACE_OUTER_BOUND('',#6365,.F.);
#6368=CARTESIAN_POINT('',(-1.064498616820E1,-1.539760041553E0,-4.E-1));
#6369=DIRECTION('',(1.E0,0.E0,0.E0));
#6370=DIRECTION('',(0.E0,-1.E0,0.E0));
#6371=AXIS2_PLACEMENT_3D('',#6368,#6369,#6370);
#6372=CYLINDRICAL_SURFACE('',#6371,4.E-1);
#6373=ORIENTED_EDGE('',*,*,#6357,.F.);
#6374=ORIENTED_EDGE('',*,*,#6355,.F.);
#6376=ORIENTED_EDGE('',*,*,#6375,.F.);
#6378=ORIENTED_EDGE('',*,*,#6377,.T.);
#6380=ORIENTED_EDGE('',*,*,#6379,.T.);
#6382=ORIENTED_EDGE('',*,*,#6381,.T.);
#6384=ORIENTED_EDGE('',*,*,#6383,.F.);
#6386=ORIENTED_EDGE('',*,*,#6385,.T.);
#6387=EDGE_LOOP('',(#6373,#6374,#6376,#6378,#6380,#6382,#6384,#6386));
#6388=FACE_OUTER_BOUND('',#6387,.F.);
#6390=CARTESIAN_POINT('',(-2.380769230770E0,-1.739760041553E0,8.E-1));
#6391=DIRECTION('',(1.E0,0.E0,0.E0));
#6392=DIRECTION('',(0.E0,1.E0,0.E0));
#6393=AXIS2_PLACEMENT_3D('',#6390,#6391,#6392);
#6394=PLANE('',#6393);
#6396=ORIENTED_EDGE('',*,*,#6395,.T.);
#6398=ORIENTED_EDGE('',*,*,#6397,.T.);
#6400=ORIENTED_EDGE('',*,*,#6399,.T.);
#6402=ORIENTED_EDGE('',*,*,#6401,.T.);
#6404=ORIENTED_EDGE('',*,*,#6403,.F.);
#6406=ORIENTED_EDGE('',*,*,#6405,.T.);
#6407=ORIENTED_EDGE('',*,*,#5955,.T.);
#6409=ORIENTED_EDGE('',*,*,#6408,.T.);
#6411=ORIENTED_EDGE('',*,*,#6410,.T.);
#6413=ORIENTED_EDGE('',*,*,#6412,.T.);
#6415=ORIENTED_EDGE('',*,*,#6414,.T.);
#6417=ORIENTED_EDGE('',*,*,#6416,.T.);
#6419=ORIENTED_EDGE('',*,*,#6418,.T.);
#6421=ORIENTED_EDGE('',*,*,#6420,.T.);
#6423=ORIENTED_EDGE('',*,*,#6422,.T.);
#6425=ORIENTED_EDGE('',*,*,#6424,.F.);
#6426=ORIENTED_EDGE('',*,*,#6375,.T.);
#6427=ORIENTED_EDGE('',*,*,#5963,.T.);
#6429=ORIENTED_EDGE('',*,*,#6428,.T.);
#6431=ORIENTED_EDGE('',*,*,#6430,.T.);
#6433=ORIENTED_EDGE('',*,*,#6432,.T.);
#6435=ORIENTED_EDGE('',*,*,#6434,.T.);
#6436=EDGE_LOOP('',(#6396,#6398,#6400,#6402,#6404,#6406,#6407,#6409,#6411,#6413,
#6415,#6417,#6419,#6421,#6423,#6425,#6426,#6427,#6429,#6431,#6433,#6435));
#6437=FACE_OUTER_BOUND('',#6436,.F.);
#6439=CARTESIAN_POINT('',(-4.000769230770E0,-1.264760041553E0,0.E0));
#6440=DIRECTION('',(-1.E0,0.E0,0.E0));
#6441=DIRECTION('',(0.E0,-1.E0,0.E0));
#6442=AXIS2_PLACEMENT_3D('',#6439,#6440,#6441);
#6443=CYLINDRICAL_SURFACE('',#6442,4.75E-1);
#6444=ORIENTED_EDGE('',*,*,#6397,.F.);
#6445=ORIENTED_EDGE('',*,*,#6395,.F.);
#6447=ORIENTED_EDGE('',*,*,#6446,.T.);
#6449=ORIENTED_EDGE('',*,*,#6448,.F.);
#6451=ORIENTED_EDGE('',*,*,#6450,.F.);
#6453=ORIENTED_EDGE('',*,*,#6452,.T.);
#6454=EDGE_LOOP('',(#6444,#6445,#6447,#6449,#6451,#6453));
#6455=FACE_OUTER_BOUND('',#6454,.F.);
#6457=CARTESIAN_POINT('',(-2.980769230770E0,-7.811813977906E-1,
4.142135623731E-2));
#6458=DIRECTION('',(0.E0,7.071067811865E-1,-7.071067811865E-1));
#6459=DIRECTION('',(0.E0,-7.071067811865E-1,-7.071067811865E-1));
#6460=AXIS2_PLACEMENT_3D('',#6457,#6458,#6459);
#6461=PLANE('',#6460);
#6462=ORIENTED_EDGE('',*,*,#6446,.F.);
#6463=ORIENTED_EDGE('',*,*,#6434,.F.);
#6465=ORIENTED_EDGE('',*,*,#6464,.F.);
#6467=ORIENTED_EDGE('',*,*,#6466,.F.);
#6468=EDGE_LOOP('',(#6462,#6463,#6465,#6467));
#6469=FACE_OUTER_BOUND('',#6468,.F.);
#6471=CARTESIAN_POINT('',(-1.064498616820E1,-1.505445466503E0,-4.E-1));
#6472=DIRECTION('',(1.E0,0.E0,0.E0));
#6473=DIRECTION('',(0.E0,0.E0,-1.E0));
#6474=AXIS2_PLACEMENT_3D('',#6471,#6472,#6473);
#6475=CYLINDRICAL_SURFACE('',#6474,2.E-1);
#6477=ORIENTED_EDGE('',*,*,#6476,.T.);
#6479=ORIENTED_EDGE('',*,*,#6478,.F.);
#6480=ORIENTED_EDGE('',*,*,#6464,.T.);
#6481=ORIENTED_EDGE('',*,*,#6432,.F.);
#6482=EDGE_LOOP('',(#6477,#6479,#6480,#6481));
#6483=FACE_OUTER_BOUND('',#6482,.F.);
#6485=CARTESIAN_POINT('',(0.E0,-1.939760041553E0,-6.E-1));
#6486=DIRECTION('',(0.E0,0.E0,1.E0));
#6487=DIRECTION('',(-1.E0,0.E0,0.E0));
#6488=AXIS2_PLACEMENT_3D('',#6485,#6486,#6487);
#6489=PLANE('',#6488);
#6490=ORIENTED_EDGE('',*,*,#6476,.F.);
#6491=ORIENTED_EDGE('',*,*,#6430,.F.);
#6493=ORIENTED_EDGE('',*,*,#6492,.F.);
#6495=ORIENTED_EDGE('',*,*,#6494,.F.);
#6496=EDGE_LOOP('',(#6490,#6491,#6493,#6495));
#6497=FACE_OUTER_BOUND('',#6496,.F.);
#6499=CARTESIAN_POINT('',(8.210677637179E0,-1.539760041553E0,-4.E-1));
#6500=DIRECTION('',(-1.E0,0.E0,0.E0));
#6501=DIRECTION('',(0.E0,0.E0,-1.E0));
#6502=AXIS2_PLACEMENT_3D('',#6499,#6500,#6501);
#6503=CYLINDRICAL_SURFACE('',#6502,2.E-1);
#6505=ORIENTED_EDGE('',*,*,#6504,.T.);
#6507=ORIENTED_EDGE('',*,*,#6506,.T.);
#6508=ORIENTED_EDGE('',*,*,#6492,.T.);
#6509=ORIENTED_EDGE('',*,*,#6428,.F.);
#6510=ORIENTED_EDGE('',*,*,#5961,.T.);
#6512=ORIENTED_EDGE('',*,*,#6511,.F.);
#6513=EDGE_LOOP('',(#6505,#6507,#6508,#6509,#6510,#6512));
#6514=FACE_OUTER_BOUND('',#6513,.F.);
#6516=CARTESIAN_POINT('',(0.E0,-1.939760041553E0,-6.E-1));
#6517=DIRECTION('',(0.E0,0.E0,1.E0));
#6518=DIRECTION('',(-1.E0,0.E0,0.E0));
#6519=AXIS2_PLACEMENT_3D('',#6516,#6517,#6518);
#6520=PLANE('',#6519);
#6522=ORIENTED_EDGE('',*,*,#6521,.F.);
#6524=ORIENTED_EDGE('',*,*,#6523,.F.);
#6525=ORIENTED_EDGE('',*,*,#6504,.F.);
#6527=ORIENTED_EDGE('',*,*,#6526,.F.);
#6528=EDGE_LOOP('',(#6522,#6524,#6525,#6527));
#6529=FACE_OUTER_BOUND('',#6528,.F.);
#6531=CARTESIAN_POINT('',(-1.064498616820E1,-1.505445466503E0,-4.E-1));
#6532=DIRECTION('',(1.E0,0.E0,0.E0));
#6533=DIRECTION('',(0.E0,0.E0,-1.E0));
#6534=AXIS2_PLACEMENT_3D('',#6531,#6532,#6533);
#6535=CYLINDRICAL_SURFACE('',#6534,2.E-1);
#6536=ORIENTED_EDGE('',*,*,#6521,.T.);
#6538=ORIENTED_EDGE('',*,*,#6537,.F.);
#6540=ORIENTED_EDGE('',*,*,#6539,.T.);
#6542=ORIENTED_EDGE('',*,*,#6541,.F.);
#6543=EDGE_LOOP('',(#6536,#6538,#6540,#6542));
#6544=FACE_OUTER_BOUND('',#6543,.F.);
#6546=CARTESIAN_POINT('',(-4.000769230770E0,-1.939760041553E0,8.E-1));
#6547=DIRECTION('',(-1.E0,0.E0,0.E0));
#6548=DIRECTION('',(0.E0,0.E0,-1.E0));
#6549=AXIS2_PLACEMENT_3D('',#6546,#6547,#6548);
#6550=PLANE('',#6549);
#6551=ORIENTED_EDGE('',*,*,#6383,.T.);
#6553=ORIENTED_EDGE('',*,*,#6552,.T.);
#6555=ORIENTED_EDGE('',*,*,#6554,.T.);
#6557=ORIENTED_EDGE('',*,*,#6556,.T.);
#6559=ORIENTED_EDGE('',*,*,#6558,.T.);
#6561=ORIENTED_EDGE('',*,*,#6560,.T.);
#6563=ORIENTED_EDGE('',*,*,#6562,.T.);
#6565=ORIENTED_EDGE('',*,*,#6564,.T.);
#6567=ORIENTED_EDGE('',*,*,#6566,.T.);
#6569=ORIENTED_EDGE('',*,*,#6568,.T.);
#6571=ORIENTED_EDGE('',*,*,#6570,.T.);
#6572=EDGE_LOOP('',(#6551,#6553,#6555,#6557,#6559,#6561,#6563,#6565,#6567,#6569,
#6571));
#6573=FACE_OUTER_BOUND('',#6572,.F.);
#6575=ORIENTED_EDGE('',*,*,#6574,.T.);
#6577=ORIENTED_EDGE('',*,*,#6576,.T.);
#6579=ORIENTED_EDGE('',*,*,#6578,.T.);
#6580=ORIENTED_EDGE('',*,*,#6537,.T.);
#6581=ORIENTED_EDGE('',*,*,#6526,.T.);
#6582=ORIENTED_EDGE('',*,*,#6511,.T.);
#6583=ORIENTED_EDGE('',*,*,#5959,.F.);
#6585=ORIENTED_EDGE('',*,*,#6584,.T.);
#6587=ORIENTED_EDGE('',*,*,#6586,.F.);
#6589=ORIENTED_EDGE('',*,*,#6588,.T.);
#6591=ORIENTED_EDGE('',*,*,#6590,.T.);
#6592=EDGE_LOOP('',(#6575,#6577,#6579,#6580,#6581,#6582,#6583,#6585,#6587,#6589,
#6591));
#6593=FACE_BOUND('',#6592,.F.);
#6595=CARTESIAN_POINT('',(-3.830769230770E0,-1.939760041553E0,-8.E-1));
#6596=DIRECTION('',(0.E0,0.E0,-1.E0));
#6597=DIRECTION('',(1.E0,0.E0,0.E0));
#6598=AXIS2_PLACEMENT_3D('',#6595,#6596,#6597);
#6599=PLANE('',#6598);
#6600=ORIENTED_EDGE('',*,*,#6381,.F.);
#6602=ORIENTED_EDGE('',*,*,#6601,.T.);
#6604=ORIENTED_EDGE('',*,*,#6603,.F.);
#6605=ORIENTED_EDGE('',*,*,#6552,.F.);
#6606=EDGE_LOOP('',(#6600,#6602,#6604,#6605));
#6607=FACE_OUTER_BOUND('',#6606,.F.);
#6609=CARTESIAN_POINT('',(-3.430769230770E0,-1.939760041553E0,8.E-1));
#6610=DIRECTION('',(1.E0,0.E0,0.E0));
#6611=DIRECTION('',(0.E0,1.E0,0.E0));
#6612=AXIS2_PLACEMENT_3D('',#6609,#6610,#6611);
#6613=PLANE('',#6612);
#6615=ORIENTED_EDGE('',*,*,#6614,.T.);
#6617=ORIENTED_EDGE('',*,*,#6616,.T.);
#6619=ORIENTED_EDGE('',*,*,#6618,.T.);
#6621=ORIENTED_EDGE('',*,*,#6620,.T.);
#6623=ORIENTED_EDGE('',*,*,#6622,.F.);
#6625=ORIENTED_EDGE('',*,*,#6624,.T.);
#6627=ORIENTED_EDGE('',*,*,#6626,.T.);
#6629=ORIENTED_EDGE('',*,*,#6628,.T.);
#6631=ORIENTED_EDGE('',*,*,#6630,.T.);
#6633=ORIENTED_EDGE('',*,*,#6632,.T.);
#6635=ORIENTED_EDGE('',*,*,#6634,.T.);
#6637=ORIENTED_EDGE('',*,*,#6636,.T.);
#6639=ORIENTED_EDGE('',*,*,#6638,.T.);
#6640=ORIENTED_EDGE('',*,*,#6601,.F.);
#6642=ORIENTED_EDGE('',*,*,#6641,.F.);
#6643=ORIENTED_EDGE('',*,*,#6523,.T.);
#6644=ORIENTED_EDGE('',*,*,#6541,.T.);
#6646=ORIENTED_EDGE('',*,*,#6645,.T.);
#6647=EDGE_LOOP('',(#6615,#6617,#6619,#6621,#6623,#6625,#6627,#6629,#6631,#6633,
#6635,#6637,#6639,#6640,#6642,#6643,#6644,#6646));
#6648=FACE_OUTER_BOUND('',#6647,.F.);
#6650=CARTESIAN_POINT('',(-4.000769230770E0,-1.264760041553E0,0.E0));
#6651=DIRECTION('',(-1.E0,0.E0,0.E0));
#6652=DIRECTION('',(0.E0,-1.E0,0.E0));
#6653=AXIS2_PLACEMENT_3D('',#6650,#6651,#6652);
#6654=CYLINDRICAL_SURFACE('',#6653,4.75E-1);
#6655=ORIENTED_EDGE('',*,*,#6616,.F.);
#6656=ORIENTED_EDGE('',*,*,#6614,.F.);
#6658=ORIENTED_EDGE('',*,*,#6657,.T.);
#6659=ORIENTED_EDGE('',*,*,#6576,.F.);
#6660=ORIENTED_EDGE('',*,*,#6574,.F.);
#6662=ORIENTED_EDGE('',*,*,#6661,.T.);
#6663=EDGE_LOOP('',(#6655,#6656,#6658,#6659,#6660,#6662));
#6664=FACE_OUTER_BOUND('',#6663,.F.);
#6666=CARTESIAN_POINT('',(-3.830769230770E0,-7.811813977906E-1,
4.142135623731E-2));
#6667=DIRECTION('',(0.E0,7.071067811865E-1,-7.071067811865E-1));
#6668=DIRECTION('',(0.E0,-7.071067811865E-1,-7.071067811865E-1));
#6669=AXIS2_PLACEMENT_3D('',#6666,#6667,#6668);
#6670=PLANE('',#6669);
#6671=ORIENTED_EDGE('',*,*,#6657,.F.);
#6672=ORIENTED_EDGE('',*,*,#6645,.F.);
#6673=ORIENTED_EDGE('',*,*,#6539,.F.);
#6674=ORIENTED_EDGE('',*,*,#6578,.F.);
#6675=EDGE_LOOP('',(#6671,#6672,#6673,#6674));
#6676=FACE_OUTER_BOUND('',#6675,.F.);
#6678=CARTESIAN_POINT('',(-3.830769230770E0,-7.811813977906E-1,
-4.142135623731E-2));
#6679=DIRECTION('',(0.E0,-7.071067811865E-1,-7.071067811865E-1));
#6680=DIRECTION('',(0.E0,-7.071067811865E-1,7.071067811865E-1));
#6681=AXIS2_PLACEMENT_3D('',#6678,#6679,#6680);
#6682=PLANE('',#6681);
#6683=ORIENTED_EDGE('',*,*,#6661,.F.);
#6684=ORIENTED_EDGE('',*,*,#6590,.F.);
#6686=ORIENTED_EDGE('',*,*,#6685,.F.);
#6687=ORIENTED_EDGE('',*,*,#6618,.F.);
#6688=EDGE_LOOP('',(#6683,#6684,#6686,#6687));
#6689=FACE_OUTER_BOUND('',#6688,.F.);
#6691=CARTESIAN_POINT('',(7.925589821492E0,-1.505445466503E0,4.E-1));
#6692=DIRECTION('',(-1.E0,0.E0,0.E0));
#6693=DIRECTION('',(0.E0,0.E0,1.E0));
#6694=AXIS2_PLACEMENT_3D('',#6691,#6692,#6693);
#6695=CYLINDRICAL_SURFACE('',#6694,2.E-1);
#6697=ORIENTED_EDGE('',*,*,#6696,.T.);
#6698=ORIENTED_EDGE('',*,*,#6620,.F.);
#6699=ORIENTED_EDGE('',*,*,#6685,.T.);
#6700=ORIENTED_EDGE('',*,*,#6588,.F.);
#6701=EDGE_LOOP('',(#6697,#6698,#6699,#6700));
#6702=FACE_OUTER_BOUND('',#6701,.F.);
#6704=CARTESIAN_POINT('',(0.E0,-1.939760041553E0,6.E-1));
#6705=DIRECTION('',(0.E0,0.E0,1.E0));
#6706=DIRECTION('',(-1.E0,0.E0,0.E0));
#6707=AXIS2_PLACEMENT_3D('',#6704,#6705,#6706);
#6708=PLANE('',#6707);
#6709=ORIENTED_EDGE('',*,*,#6696,.F.);
#6710=ORIENTED_EDGE('',*,*,#6586,.T.);
#6712=ORIENTED_EDGE('',*,*,#6711,.F.);
#6713=ORIENTED_EDGE('',*,*,#6622,.T.);
#6714=EDGE_LOOP('',(#6709,#6710,#6712,#6713));
#6715=FACE_OUTER_BOUND('',#6714,.F.);
#6717=CARTESIAN_POINT('',(-1.064498616820E1,-1.539760041553E0,4.E-1));
#6718=DIRECTION('',(1.E0,0.E0,0.E0));
#6719=DIRECTION('',(0.E0,0.E0,1.E0));
#6720=AXIS2_PLACEMENT_3D('',#6717,#6718,#6719);
#6721=CYLINDRICAL_SURFACE('',#6720,2.E-1);
#6723=ORIENTED_EDGE('',*,*,#6722,.T.);
#6725=ORIENTED_EDGE('',*,*,#6724,.T.);
#6726=ORIENTED_EDGE('',*,*,#6711,.T.);
#6727=ORIENTED_EDGE('',*,*,#6584,.F.);
#6728=ORIENTED_EDGE('',*,*,#5957,.T.);
#6729=ORIENTED_EDGE('',*,*,#6405,.F.);
#6730=EDGE_LOOP('',(#6723,#6725,#6726,#6727,#6728,#6729));
#6731=FACE_OUTER_BOUND('',#6730,.F.);
#6733=CARTESIAN_POINT('',(0.E0,-1.939760041553E0,6.E-1));
#6734=DIRECTION('',(0.E0,0.E0,1.E0));
#6735=DIRECTION('',(-1.E0,0.E0,0.E0));
#6736=AXIS2_PLACEMENT_3D('',#6733,#6734,#6735);
#6737=PLANE('',#6736);
#6739=ORIENTED_EDGE('',*,*,#6738,.F.);
#6741=ORIENTED_EDGE('',*,*,#6740,.T.);
#6742=ORIENTED_EDGE('',*,*,#6722,.F.);
#6743=ORIENTED_EDGE('',*,*,#6403,.T.);
#6744=EDGE_LOOP('',(#6739,#6741,#6742,#6743));
#6745=FACE_OUTER_BOUND('',#6744,.F.);
#6747=CARTESIAN_POINT('',(7.422791546468E0,-1.505445466503E0,4.E-1));
#6748=DIRECTION('',(-1.E0,0.E0,0.E0));
#6749=DIRECTION('',(0.E0,0.E0,1.E0));
#6750=AXIS2_PLACEMENT_3D('',#6747,#6748,#6749);
#6751=CYLINDRICAL_SURFACE('',#6750,2.E-1);
#6752=ORIENTED_EDGE('',*,*,#6738,.T.);
#6753=ORIENTED_EDGE('',*,*,#6401,.F.);
#6755=ORIENTED_EDGE('',*,*,#6754,.T.);
#6757=ORIENTED_EDGE('',*,*,#6756,.F.);
#6758=EDGE_LOOP('',(#6752,#6753,#6755,#6757));
#6759=FACE_OUTER_BOUND('',#6758,.F.);
#6761=CARTESIAN_POINT('',(-2.980769230770E0,-7.811813977906E-1,
-4.142135623731E-2));
#6762=DIRECTION('',(0.E0,-7.071067811865E-1,-7.071067811865E-1));
#6763=DIRECTION('',(0.E0,-7.071067811865E-1,7.071067811865E-1));
#6764=AXIS2_PLACEMENT_3D('',#6761,#6762,#6763);
#6765=PLANE('',#6764);
#6766=ORIENTED_EDGE('',*,*,#6452,.F.);
#6768=ORIENTED_EDGE('',*,*,#6767,.F.);
#6769=ORIENTED_EDGE('',*,*,#6754,.F.);
#6770=ORIENTED_EDGE('',*,*,#6399,.F.);
#6771=EDGE_LOOP('',(#6766,#6768,#6769,#6770));
#6772=FACE_OUTER_BOUND('',#6771,.F.);
#6774=CARTESIAN_POINT('',(-2.980769230770E0,-1.339760041553E0,8.E-1));
#6775=DIRECTION('',(-1.E0,0.E0,0.E0));
#6776=DIRECTION('',(0.E0,-1.E0,0.E0));
#6777=AXIS2_PLACEMENT_3D('',#6774,#6775,#6776);
#6778=PLANE('',#6777);
#6779=ORIENTED_EDGE('',*,*,#6450,.T.);
#6780=ORIENTED_EDGE('',*,*,#6448,.T.);
#6781=ORIENTED_EDGE('',*,*,#6466,.T.);
#6782=ORIENTED_EDGE('',*,*,#6478,.T.);
#6783=ORIENTED_EDGE('',*,*,#6494,.T.);
#6785=ORIENTED_EDGE('',*,*,#6784,.F.);
#6787=ORIENTED_EDGE('',*,*,#6786,.F.);
#6789=ORIENTED_EDGE('',*,*,#6788,.T.);
#6791=ORIENTED_EDGE('',*,*,#6790,.T.);
#6793=ORIENTED_EDGE('',*,*,#6792,.T.);
#6795=ORIENTED_EDGE('',*,*,#6794,.T.);
#6797=ORIENTED_EDGE('',*,*,#6796,.T.);
#6799=ORIENTED_EDGE('',*,*,#6798,.T.);
#6801=ORIENTED_EDGE('',*,*,#6800,.T.);
#6803=ORIENTED_EDGE('',*,*,#6802,.T.);
#6804=ORIENTED_EDGE('',*,*,#6740,.F.);
#6805=ORIENTED_EDGE('',*,*,#6756,.T.);
#6806=ORIENTED_EDGE('',*,*,#6767,.T.);
#6807=EDGE_LOOP('',(#6779,#6780,#6781,#6782,#6783,#6785,#6787,#6789,#6791,#6793,
#6795,#6797,#6799,#6801,#6803,#6804,#6805,#6806));
#6808=FACE_OUTER_BOUND('',#6807,.F.);
#6810=CARTESIAN_POINT('',(-2.980769230770E0,-1.539760041553E0,-8.E-1));
#6811=DIRECTION('',(0.E0,-1.E0,0.E0));
#6812=DIRECTION('',(-1.E0,0.E0,0.E0));
#6813=AXIS2_PLACEMENT_3D('',#6810,#6811,#6812);
#6814=PLANE('',#6813);
#6815=ORIENTED_EDGE('',*,*,#6379,.F.);
#6816=ORIENTED_EDGE('',*,*,#6784,.T.);
#6817=ORIENTED_EDGE('',*,*,#6506,.F.);
#6818=ORIENTED_EDGE('',*,*,#6641,.T.);
#6819=EDGE_LOOP('',(#6815,#6816,#6817,#6818));
#6820=FACE_OUTER_BOUND('',#6819,.F.);
#6822=CARTESIAN_POINT('',(-3.830769230770E0,-1.939760041553E0,-8.E-1));
#6823=DIRECTION('',(0.E0,0.E0,-1.E0));
#6824=DIRECTION('',(1.E0,0.E0,0.E0));
#6825=AXIS2_PLACEMENT_3D('',#6822,#6823,#6824);
#6826=PLANE('',#6825);
#6827=ORIENTED_EDGE('',*,*,#6377,.F.);
#6828=ORIENTED_EDGE('',*,*,#6424,.T.);
#6830=ORIENTED_EDGE('',*,*,#6829,.F.);
#6831=ORIENTED_EDGE('',*,*,#6786,.T.);
#6832=EDGE_LOOP('',(#6827,#6828,#6830,#6831));
#6833=FACE_OUTER_BOUND('',#6832,.F.);
#6835=CARTESIAN_POINT('',(-1.064498616820E1,-1.505445466503E0,-4.E-1));
#6836=DIRECTION('',(1.E0,0.E0,0.E0));
#6837=DIRECTION('',(0.E0,0.E0,-1.E0));
#6838=AXIS2_PLACEMENT_3D('',#6835,#6836,#6837);
#6839=CYLINDRICAL_SURFACE('',#6838,4.E-1);
#6841=ORIENTED_EDGE('',*,*,#6840,.T.);
#6842=ORIENTED_EDGE('',*,*,#6788,.F.);
#6843=ORIENTED_EDGE('',*,*,#6829,.T.);
#6844=ORIENTED_EDGE('',*,*,#6422,.F.);
#6845=EDGE_LOOP('',(#6841,#6842,#6843,#6844));
#6846=FACE_OUTER_BOUND('',#6845,.F.);
#6848=CARTESIAN_POINT('',(-2.980769230770E0,-1.339760041553E0,-8.E-1));
#6849=DIRECTION('',(0.E0,-7.071067811865E-1,7.071067811865E-1));
#6850=DIRECTION('',(0.E0,7.071067811865E-1,7.071067811865E-1));
#6851=AXIS2_PLACEMENT_3D('',#6848,#6849,#6850);
#6852=PLANE('',#6851);
#6853=ORIENTED_EDGE('',*,*,#6840,.F.);
#6854=ORIENTED_EDGE('',*,*,#6420,.F.);
#6856=ORIENTED_EDGE('',*,*,#6855,.F.);
#6857=ORIENTED_EDGE('',*,*,#6790,.F.);
#6858=EDGE_LOOP('',(#6853,#6854,#6856,#6857));
#6859=FACE_OUTER_BOUND('',#6858,.F.);
#6861=CARTESIAN_POINT('',(-2.980769230770E0,-6.397600415533E-1,-1.E-1));
#6862=DIRECTION('',(0.E0,-7.071067811865E-1,-7.071067811865E-1));
#6863=DIRECTION('',(0.E0,-7.071067811865E-1,7.071067811865E-1));
#6864=AXIS2_PLACEMENT_3D('',#6861,#6862,#6863);
#6865=PLANE('',#6864);
#6867=ORIENTED_EDGE('',*,*,#6866,.T.);
#6868=ORIENTED_EDGE('',*,*,#6792,.F.);
#6869=ORIENTED_EDGE('',*,*,#6855,.T.);
#6870=ORIENTED_EDGE('',*,*,#6418,.F.);
#6871=EDGE_LOOP('',(#6867,#6868,#6869,#6870));
#6872=FACE_OUTER_BOUND('',#6871,.F.);
#6874=CARTESIAN_POINT('',(-2.980769230770E0,-6.397600415533E-1,1.E-1));
#6875=DIRECTION('',(0.E0,7.071067811865E-1,-7.071067811865E-1));
#6876=DIRECTION('',(0.E0,-7.071067811865E-1,-7.071067811865E-1));
#6877=AXIS2_PLACEMENT_3D('',#6874,#6875,#6876);
#6878=PLANE('',#6877);
#6879=ORIENTED_EDGE('',*,*,#6866,.F.);
#6880=ORIENTED_EDGE('',*,*,#6416,.F.);
#6882=ORIENTED_EDGE('',*,*,#6881,.F.);
#6883=ORIENTED_EDGE('',*,*,#6794,.F.);
#6884=EDGE_LOOP('',(#6879,#6880,#6882,#6883));
#6885=FACE_OUTER_BOUND('',#6884,.F.);
#6887=CARTESIAN_POINT('',(-2.980769230770E0,-1.339760041553E0,8.E-1));
#6888=DIRECTION('',(0.E0,7.071067811865E-1,7.071067811865E-1));
#6889=DIRECTION('',(0.E0,7.071067811865E-1,-7.071067811865E-1));
#6890=AXIS2_PLACEMENT_3D('',#6887,#6888,#6889);
#6891=PLANE('',#6890);
#6893=ORIENTED_EDGE('',*,*,#6892,.F.);
#6894=ORIENTED_EDGE('',*,*,#6796,.F.);
#6895=ORIENTED_EDGE('',*,*,#6881,.T.);
#6896=ORIENTED_EDGE('',*,*,#6414,.F.);
#6897=EDGE_LOOP('',(#6893,#6894,#6895,#6896));
#6898=FACE_OUTER_BOUND('',#6897,.F.);
#6900=CARTESIAN_POINT('',(7.310636942800E0,-1.505445466503E0,4.E-1));
#6901=DIRECTION('',(-1.E0,0.E0,0.E0));
#6902=DIRECTION('',(0.E0,0.E0,1.E0));
#6903=AXIS2_PLACEMENT_3D('',#6900,#6901,#6902);
#6904=CYLINDRICAL_SURFACE('',#6903,4.E-1);
#6905=ORIENTED_EDGE('',*,*,#6412,.F.);
#6907=ORIENTED_EDGE('',*,*,#6906,.T.);
#6908=ORIENTED_EDGE('',*,*,#6798,.F.);
#6909=ORIENTED_EDGE('',*,*,#6892,.T.);
#6910=EDGE_LOOP('',(#6905,#6907,#6908,#6909));
#6911=FACE_OUTER_BOUND('',#6910,.F.);
#6913=CARTESIAN_POINT('',(-2.180769230770E0,-1.939760041553E0,8.E-1));
#6914=DIRECTION('',(0.E0,0.E0,1.E0));
#6915=DIRECTION('',(-1.E0,0.E0,0.E0));
#6916=AXIS2_PLACEMENT_3D('',#6913,#6914,#6915);
#6917=PLANE('',#6916);
#6919=ORIENTED_EDGE('',*,*,#6918,.F.);
#6920=ORIENTED_EDGE('',*,*,#6800,.F.);
#6921=ORIENTED_EDGE('',*,*,#6906,.F.);
#6922=ORIENTED_EDGE('',*,*,#6410,.F.);
#6923=EDGE_LOOP('',(#6919,#6920,#6921,#6922));
#6924=FACE_OUTER_BOUND('',#6923,.F.);
#6926=CARTESIAN_POINT('',(8.210677637179E0,-1.539760041553E0,4.E-1));
#6927=DIRECTION('',(-1.E0,0.E0,0.E0));
#6928=DIRECTION('',(0.E0,-1.E0,0.E0));
#6929=AXIS2_PLACEMENT_3D('',#6926,#6927,#6928);
#6930=CYLINDRICAL_SURFACE('',#6929,4.E-1);
#6932=ORIENTED_EDGE('',*,*,#6931,.T.);
#6933=ORIENTED_EDGE('',*,*,#6568,.F.);
#6935=ORIENTED_EDGE('',*,*,#6934,.T.);
#6937=ORIENTED_EDGE('',*,*,#6936,.T.);
#6938=ORIENTED_EDGE('',*,*,#6918,.T.);
#6939=ORIENTED_EDGE('',*,*,#6408,.F.);
#6941=ORIENTED_EDGE('',*,*,#6940,.F.);
#6943=ORIENTED_EDGE('',*,*,#6942,.F.);
#6944=EDGE_LOOP('',(#6932,#6933,#6935,#6937,#6938,#6939,#6941,#6943));
#6945=FACE_OUTER_BOUND('',#6944,.F.);
#6947=CARTESIAN_POINT('',(0.E0,-1.939760041553E0,0.E0));
#6948=DIRECTION('',(0.E0,1.E0,0.E0));
#6949=DIRECTION('',(1.E0,0.E0,0.E0));
#6950=AXIS2_PLACEMENT_3D('',#6947,#6948,#6949);
#6951=PLANE('',#6950);
#6952=ORIENTED_EDGE('',*,*,#6255,.F.);
#6953=ORIENTED_EDGE('',*,*,#6361,.F.);
#6954=ORIENTED_EDGE('',*,*,#6359,.T.);
#6955=ORIENTED_EDGE('',*,*,#6385,.F.);
#6956=ORIENTED_EDGE('',*,*,#6570,.F.);
#6957=ORIENTED_EDGE('',*,*,#6931,.F.);
#6959=ORIENTED_EDGE('',*,*,#6958,.F.);
#6961=ORIENTED_EDGE('',*,*,#6960,.F.);
#6963=ORIENTED_EDGE('',*,*,#6962,.F.);
#6965=ORIENTED_EDGE('',*,*,#6964,.F.);
#6967=ORIENTED_EDGE('',*,*,#6966,.T.);
#6969=ORIENTED_EDGE('',*,*,#6968,.T.);
#6971=ORIENTED_EDGE('',*,*,#6970,.F.);
#6973=ORIENTED_EDGE('',*,*,#6972,.F.);
#6975=ORIENTED_EDGE('',*,*,#6974,.F.);
#6977=ORIENTED_EDGE('',*,*,#6976,.F.);
#6979=ORIENTED_EDGE('',*,*,#6978,.T.);
#6981=ORIENTED_EDGE('',*,*,#6980,.F.);
#6982=ORIENTED_EDGE('',*,*,#5983,.F.);
#6983=ORIENTED_EDGE('',*,*,#6013,.F.);
#6984=ORIENTED_EDGE('',*,*,#6115,.T.);
#6986=ORIENTED_EDGE('',*,*,#6985,.T.);
#6987=ORIENTED_EDGE('',*,*,#6141,.F.);
#6988=ORIENTED_EDGE('',*,*,#6164,.F.);
#6989=EDGE_LOOP('',(#6952,#6953,#6954,#6955,#6956,#6957,#6959,#6961,#6963,#6965,
#6967,#6969,#6971,#6973,#6975,#6977,#6979,#6981,#6982,#6983,#6984,#6986,#6987,
#6988));
#6990=FACE_OUTER_BOUND('',#6989,.F.);
#6992=CARTESIAN_POINT('',(-2.380769230770E0,-1.539760041553E0,4.E-1));
#6993=DIRECTION('',(-1.E0,0.E0,0.E0));
#6994=DIRECTION('',(0.E0,7.078755045445E-1,-7.063372212094E-1));
#6995=AXIS2_PLACEMENT_3D('',#6992,#6993,#6994);
#6996=TOROIDAL_SURFACE('',#6995,6.E-1,2.E-1);
#6997=ORIENTED_EDGE('',*,*,#5953,.T.);
#6999=ORIENTED_EDGE('',*,*,#6998,.F.);
#7000=ORIENTED_EDGE('',*,*,#6960,.T.);
#7001=ORIENTED_EDGE('',*,*,#6958,.T.);
#7002=ORIENTED_EDGE('',*,*,#6942,.T.);
#7003=ORIENTED_EDGE('',*,*,#6940,.T.);
#7004=EDGE_LOOP('',(#6997,#6999,#7000,#7001,#7002,#7003));
#7005=FACE_OUTER_BOUND('',#7004,.F.);
#7007=CARTESIAN_POINT('',(-2.180769230770E0,-1.939760041553E0,1.53E0));
#7008=DIRECTION('',(-1.E0,0.E0,0.E0));
#7009=DIRECTION('',(0.E0,0.E0,-1.E0));
#7010=AXIS2_PLACEMENT_3D('',#7007,#7008,#7009);
#7011=PLANE('',#7010);
#7013=ORIENTED_EDGE('',*,*,#7012,.T.);
#7015=ORIENTED_EDGE('',*,*,#7014,.T.);
#7017=ORIENTED_EDGE('',*,*,#7016,.T.);
#7019=ORIENTED_EDGE('',*,*,#7018,.T.);
#7021=ORIENTED_EDGE('',*,*,#7020,.T.);
#7022=ORIENTED_EDGE('',*,*,#6962,.T.);
#7023=ORIENTED_EDGE('',*,*,#6998,.T.);
#7024=ORIENTED_EDGE('',*,*,#5951,.T.);
#7026=ORIENTED_EDGE('',*,*,#7025,.T.);
#7028=ORIENTED_EDGE('',*,*,#7027,.T.);
#7030=ORIENTED_EDGE('',*,*,#7029,.T.);
#7032=ORIENTED_EDGE('',*,*,#7031,.T.);
#7034=ORIENTED_EDGE('',*,*,#7033,.T.);
#7035=EDGE_LOOP('',(#7013,#7015,#7017,#7019,#7021,#7022,#7023,#7024,#7026,#7028,
#7030,#7032,#7034));
#7036=FACE_OUTER_BOUND('',#7035,.F.);
#7038=CARTESIAN_POINT('',(-1.66E0,7.6E-1,2.E-1));
#7039=DIRECTION('',(0.E0,0.E0,1.E0));
#7040=DIRECTION('',(1.E0,0.E0,0.E0));
#7041=AXIS2_PLACEMENT_3D('',#7038,#7039,#7040);
#7042=PLANE('',#7041);
#7044=ORIENTED_EDGE('',*,*,#7043,.F.);
#7046=ORIENTED_EDGE('',*,*,#7045,.F.);
#7048=ORIENTED_EDGE('',*,*,#7047,.T.);
#7049=ORIENTED_EDGE('',*,*,#7012,.F.);
#7050=EDGE_LOOP('',(#7044,#7046,#7048,#7049));
#7051=FACE_OUTER_BOUND('',#7050,.F.);
#7053=CARTESIAN_POINT('',(-4.000769230770E0,-1.264760041553E0,0.E0));
#7054=DIRECTION('',(-1.E0,0.E0,0.E0));
#7055=DIRECTION('',(0.E0,-1.E0,0.E0));
#7056=AXIS2_PLACEMENT_3D('',#7053,#7054,#7055);
#7057=CYLINDRICAL_SURFACE('',#7056,4.75E-1);
#7058=ORIENTED_EDGE('',*,*,#7043,.T.);
#7059=ORIENTED_EDGE('',*,*,#7033,.F.);
#7061=ORIENTED_EDGE('',*,*,#7060,.T.);
#7063=ORIENTED_EDGE('',*,*,#7062,.T.);
#7064=EDGE_LOOP('',(#7058,#7059,#7061,#7063));
#7065=FACE_OUTER_BOUND('',#7064,.F.);
#7067=CARTESIAN_POINT('',(0.E0,-8.397600415533E-1,1.15E0));
#7068=DIRECTION('',(0.E0,-1.E0,0.E0));
#7069=DIRECTION('',(0.E0,0.E0,-1.E0));
#7070=AXIS2_PLACEMENT_3D('',#7067,#7068,#7069);
#7071=PLANE('',#7070);
#7072=ORIENTED_EDGE('',*,*,#7060,.F.);
#7073=ORIENTED_EDGE('',*,*,#7031,.F.);
#7075=ORIENTED_EDGE('',*,*,#7074,.F.);
#7077=ORIENTED_EDGE('',*,*,#7076,.T.);
#7078=EDGE_LOOP('',(#7072,#7073,#7075,#7077));
#7079=FACE_OUTER_BOUND('',#7078,.F.);
#7081=CARTESIAN_POINT('',(6.059737637179E0,-8.897600415533E-1,1.1E0));
#7082=DIRECTION('',(-1.E0,0.E0,0.E0));
#7083=DIRECTION('',(0.E0,0.E0,1.E0));
#7084=AXIS2_PLACEMENT_3D('',#7081,#7082,#7083);
#7085=CYLINDRICAL_SURFACE('',#7084,5.E-2);
#7087=ORIENTED_EDGE('',*,*,#7086,.T.);
#7089=ORIENTED_EDGE('',*,*,#7088,.T.);
#7090=ORIENTED_EDGE('',*,*,#7074,.T.);
#7091=ORIENTED_EDGE('',*,*,#7029,.F.);
#7092=EDGE_LOOP('',(#7087,#7089,#7090,#7091));
#7093=FACE_OUTER_BOUND('',#7092,.F.);
#7095=CARTESIAN_POINT('',(0.E0,-1.939760041553E0,1.15E0));
#7096=DIRECTION('',(0.E0,0.E0,-1.E0));
#7097=DIRECTION('',(-1.E0,0.E0,0.E0));
#7098=AXIS2_PLACEMENT_3D('',#7095,#7096,#7097);
#7099=PLANE('',#7098);
#7101=ORIENTED_EDGE('',*,*,#7100,.F.);
#7103=ORIENTED_EDGE('',*,*,#7102,.F.);
#7104=ORIENTED_EDGE('',*,*,#7086,.F.);
#7105=ORIENTED_EDGE('',*,*,#7027,.F.);
#7107=ORIENTED_EDGE('',*,*,#7106,.F.);
#7109=ORIENTED_EDGE('',*,*,#7108,.T.);
#7110=EDGE_LOOP('',(#7101,#7103,#7104,#7105,#7107,#7109));
#7111=FACE_OUTER_BOUND('',#7110,.F.);
#7113=CARTESIAN_POINT('',(6.059737637179E0,-8.897600415533E-1,1.1E0));
#7114=DIRECTION('',(-1.E0,0.E0,0.E0));
#7115=DIRECTION('',(0.E0,0.E0,1.E0));
#7116=AXIS2_PLACEMENT_3D('',#7113,#7114,#7115);
#7117=CYLINDRICAL_SURFACE('',#7116,2.5E-1);
#7118=ORIENTED_EDGE('',*,*,#7016,.F.);
#7120=ORIENTED_EDGE('',*,*,#7119,.T.);
#7122=ORIENTED_EDGE('',*,*,#7121,.T.);
#7123=ORIENTED_EDGE('',*,*,#7100,.T.);
#7125=ORIENTED_EDGE('',*,*,#7124,.T.);
#7127=ORIENTED_EDGE('',*,*,#7126,.T.);
#7128=EDGE_LOOP('',(#7118,#7120,#7122,#7123,#7125,#7127));
#7129=FACE_OUTER_BOUND('',#7128,.F.);
#7131=CARTESIAN_POINT('',(-2.180769230770E0,-6.397600415533E-1,1.35E0));
#7132=DIRECTION('',(0.E0,-1.E0,0.E0));
#7133=DIRECTION('',(1.E0,0.E0,0.E0));
#7134=AXIS2_PLACEMENT_3D('',#7131,#7132,#7133);
#7135=PLANE('',#7134);
#7136=ORIENTED_EDGE('',*,*,#7047,.F.);
#7138=ORIENTED_EDGE('',*,*,#7137,.T.);
#7139=ORIENTED_EDGE('',*,*,#7119,.F.);
#7140=ORIENTED_EDGE('',*,*,#7014,.F.);
#7141=EDGE_LOOP('',(#7136,#7138,#7139,#7140));
#7142=FACE_OUTER_BOUND('',#7141,.F.);
#7144=CARTESIAN_POINT('',(-1.680769230770E0,-6.397600415533E-1,1.E-1));
#7145=DIRECTION('',(-8.682431421245E-1,0.E0,4.961389383568E-1));
#7146=DIRECTION('',(4.961389383568E-1,0.E0,8.682431421245E-1));
#7147=AXIS2_PLACEMENT_3D('',#7144,#7145,#7146);
#7148=PLANE('',#7147);
#7149=ORIENTED_EDGE('',*,*,#7045,.T.);
#7150=ORIENTED_EDGE('',*,*,#7062,.F.);
#7151=ORIENTED_EDGE('',*,*,#7076,.F.);
#7152=ORIENTED_EDGE('',*,*,#7088,.F.);
#7153=ORIENTED_EDGE('',*,*,#7102,.T.);
#7154=ORIENTED_EDGE('',*,*,#7121,.F.);
#7155=ORIENTED_EDGE('',*,*,#7137,.F.);
#7156=EDGE_LOOP('',(#7149,#7150,#7151,#7152,#7153,#7154,#7155));
#7157=FACE_OUTER_BOUND('',#7156,.F.);
#7159=CARTESIAN_POINT('',(-1.080769230770E0,-6.397600415533E-1,1.35E0));
#7160=DIRECTION('',(-9.647638212377E-1,-2.631174057921E-1,0.E0));
#7161=DIRECTION('',(2.631174057921E-1,-9.647638212377E-1,0.E0));
#7162=AXIS2_PLACEMENT_3D('',#7159,#7160,#7161);
#7163=PLANE('',#7162);
#7164=ORIENTED_EDGE('',*,*,#7124,.F.);
#7165=ORIENTED_EDGE('',*,*,#7108,.F.);
#7167=ORIENTED_EDGE('',*,*,#7166,.F.);
#7169=ORIENTED_EDGE('',*,*,#7168,.T.);
#7171=ORIENTED_EDGE('',*,*,#7170,.F.);
#7173=ORIENTED_EDGE('',*,*,#7172,.F.);
#7174=EDGE_LOOP('',(#7164,#7165,#7167,#7169,#7171,#7173));
#7175=FACE_OUTER_BOUND('',#7174,.F.);
#7177=CARTESIAN_POINT('',(6.059737637179E0,-1.689760041553E0,1.1E0));
#7178=DIRECTION('',(-1.E0,0.E0,0.E0));
#7179=DIRECTION('',(0.E0,-1.E0,0.E0));
#7180=AXIS2_PLACEMENT_3D('',#7177,#7178,#7179);
#7181=CYLINDRICAL_SURFACE('',#7180,5.E-2);
#7182=ORIENTED_EDGE('',*,*,#5949,.T.);
#7183=ORIENTED_EDGE('',*,*,#7166,.T.);
#7184=ORIENTED_EDGE('',*,*,#7106,.T.);
#7185=ORIENTED_EDGE('',*,*,#7025,.F.);
#7186=EDGE_LOOP('',(#7182,#7183,#7184,#7185));
#7187=FACE_OUTER_BOUND('',#7186,.F.);
#7189=CARTESIAN_POINT('',(-7.807692307696E-1,-1.939760041553E0,1.53E0));
#7190=DIRECTION('',(-1.E0,0.E0,0.E0));
#7191=DIRECTION('',(0.E0,0.E0,-1.E0));
#7192=AXIS2_PLACEMENT_3D('',#7189,#7190,#7191);
#7193=PLANE('',#7192);
#7195=ORIENTED_EDGE('',*,*,#7194,.T.);
#7196=ORIENTED_EDGE('',*,*,#7168,.F.);
#7197=ORIENTED_EDGE('',*,*,#5947,.T.);
#7199=ORIENTED_EDGE('',*,*,#7198,.T.);
#7201=ORIENTED_EDGE('',*,*,#7200,.F.);
#7202=ORIENTED_EDGE('',*,*,#6966,.F.);
#7203=EDGE_LOOP('',(#7195,#7196,#7197,#7199,#7201,#7202));
#7204=FACE_OUTER_BOUND('',#7203,.F.);
#7206=CARTESIAN_POINT('',(6.059737637179E0,-1.689760041553E0,1.1E0));
#7207=DIRECTION('',(-1.E0,0.E0,0.E0));
#7208=DIRECTION('',(0.E0,-1.E0,0.E0));
#7209=AXIS2_PLACEMENT_3D('',#7206,#7207,#7208);
#7210=CYLINDRICAL_SURFACE('',#7209,2.5E-1);
#7211=ORIENTED_EDGE('',*,*,#7020,.F.);
#7213=ORIENTED_EDGE('',*,*,#7212,.T.);
#7214=ORIENTED_EDGE('',*,*,#7170,.T.);
#7215=ORIENTED_EDGE('',*,*,#7194,.F.);
#7216=ORIENTED_EDGE('',*,*,#6964,.T.);
#7217=EDGE_LOOP('',(#7211,#7213,#7214,#7215,#7216));
#7218=FACE_OUTER_BOUND('',#7217,.F.);
#7220=CARTESIAN_POINT('',(-2.389461768720E0,-1.939760041553E0,1.35E0));
#7221=DIRECTION('',(0.E0,0.E0,-1.E0));
#7222=DIRECTION('',(1.E0,0.E0,0.E0));
#7223=AXIS2_PLACEMENT_3D('',#7220,#7221,#7222);
#7224=PLANE('',#7223);
#7225=ORIENTED_EDGE('',*,*,#7126,.F.);
#7226=ORIENTED_EDGE('',*,*,#7172,.T.);
#7227=ORIENTED_EDGE('',*,*,#7212,.F.);
#7228=ORIENTED_EDGE('',*,*,#7018,.F.);
#7229=EDGE_LOOP('',(#7225,#7226,#7227,#7228));
#7230=FACE_OUTER_BOUND('',#7229,.F.);
#7232=CARTESIAN_POINT('',(0.E0,-1.739760041553E0,0.E0));
#7233=DIRECTION('',(0.E0,-1.E0,0.E0));
#7234=DIRECTION('',(0.E0,0.E0,-1.E0));
#7235=AXIS2_PLACEMENT_3D('',#7232,#7233,#7234);
#7236=PLANE('',#7235);
#7237=ORIENTED_EDGE('',*,*,#5274,.T.);
#7239=ORIENTED_EDGE('',*,*,#7238,.F.);
#7241=ORIENTED_EDGE('',*,*,#7240,.F.);
#7242=ORIENTED_EDGE('',*,*,#7198,.F.);
#7243=EDGE_LOOP('',(#7237,#7239,#7241,#7242));
#7244=FACE_OUTER_BOUND('',#7243,.F.);
#7246=CARTESIAN_POINT('',(-5.807692307696E-1,-1.939760041553E0,1.53E0));
#7247=DIRECTION('',(-1.E0,0.E0,0.E0));
#7248=DIRECTION('',(0.E0,0.E0,-1.E0));
#7249=AXIS2_PLACEMENT_3D('',#7246,#7247,#7248);
#7250=PLANE('',#7249);
#7252=ORIENTED_EDGE('',*,*,#7251,.T.);
#7253=ORIENTED_EDGE('',*,*,#6970,.T.);
#7255=ORIENTED_EDGE('',*,*,#7254,.T.);
#7256=ORIENTED_EDGE('',*,*,#7238,.T.);
#7258=ORIENTED_EDGE('',*,*,#7257,.F.);
#7260=ORIENTED_EDGE('',*,*,#7259,.T.);
#7262=ORIENTED_EDGE('',*,*,#7261,.T.);
#7264=ORIENTED_EDGE('',*,*,#7263,.F.);
#7266=ORIENTED_EDGE('',*,*,#7265,.T.);
#7267=EDGE_LOOP('',(#7252,#7253,#7255,#7256,#7258,#7260,#7262,#7264,#7266));
#7268=FACE_OUTER_BOUND('',#7267,.F.);
#7270=CARTESIAN_POINT('',(6.059737637179E0,-1.689760041553E0,1.28E0));
#7271=DIRECTION('',(-1.E0,0.E0,0.E0));
#7272=DIRECTION('',(0.E0,-1.E0,0.E0));
#7273=AXIS2_PLACEMENT_3D('',#7270,#7271,#7272);
#7274=CYLINDRICAL_SURFACE('',#7273,2.5E-1);
#7275=ORIENTED_EDGE('',*,*,#7251,.F.);
#7277=ORIENTED_EDGE('',*,*,#7276,.T.);
#7279=ORIENTED_EDGE('',*,*,#7278,.F.);
#7280=ORIENTED_EDGE('',*,*,#6972,.T.);
#7281=EDGE_LOOP('',(#7275,#7277,#7279,#7280));
#7282=FACE_OUTER_BOUND('',#7281,.F.);
#7284=CARTESIAN_POINT('',(8.192307692304E-1,-1.939760041553E0,1.53E0));
#7285=DIRECTION('',(0.E0,0.E0,1.E0));
#7286=DIRECTION('',(-1.E0,0.E0,0.E0));
#7287=AXIS2_PLACEMENT_3D('',#7284,#7285,#7286);
#7288=PLANE('',#7287);
#7289=ORIENTED_EDGE('',*,*,#7276,.F.);
#7290=ORIENTED_EDGE('',*,*,#7265,.F.);
#7292=ORIENTED_EDGE('',*,*,#7291,.F.);
#7294=ORIENTED_EDGE('',*,*,#7293,.T.);
#7295=EDGE_LOOP('',(#7289,#7290,#7292,#7294));
#7296=FACE_OUTER_BOUND('',#7295,.F.);
#7298=CARTESIAN_POINT('',(0.E0,-1.299760041553E0,0.E0));
#7299=DIRECTION('',(0.E0,-1.E0,0.E0));
#7300=DIRECTION('',(0.E0,0.E0,-1.E0));
#7301=AXIS2_PLACEMENT_3D('',#7298,#7299,#7300);
#7302=PLANE('',#7301);
#7303=ORIENTED_EDGE('',*,*,#7291,.T.);
#7304=ORIENTED_EDGE('',*,*,#7263,.T.);
#7306=ORIENTED_EDGE('',*,*,#7305,.T.);
#7308=ORIENTED_EDGE('',*,*,#7307,.T.);
#7309=EDGE_LOOP('',(#7303,#7304,#7306,#7308));
#7310=FACE_OUTER_BOUND('',#7309,.F.);
#7312=CARTESIAN_POINT('',(-5.807692307696E-1,-1.939760041553E0,1.33E0));
#7313=DIRECTION('',(0.E0,0.E0,-1.E0));
#7314=DIRECTION('',(1.E0,0.E0,0.E0));
#7315=AXIS2_PLACEMENT_3D('',#7312,#7313,#7314);
#7316=PLANE('',#7315);
#7318=ORIENTED_EDGE('',*,*,#7317,.F.);
#7320=ORIENTED_EDGE('',*,*,#7319,.T.);
#7321=ORIENTED_EDGE('',*,*,#7305,.F.);
#7322=ORIENTED_EDGE('',*,*,#7261,.F.);
#7323=EDGE_LOOP('',(#7318,#7320,#7321,#7322));
#7324=FACE_OUTER_BOUND('',#7323,.F.);
#7326=CARTESIAN_POINT('',(6.059737637179E0,-1.689760041553E0,1.28E0));
#7327=DIRECTION('',(-1.E0,0.E0,0.E0));
#7328=DIRECTION('',(0.E0,-1.E0,0.E0));
#7329=AXIS2_PLACEMENT_3D('',#7326,#7327,#7328);
#7330=CYLINDRICAL_SURFACE('',#7329,5.E-2);
#7331=ORIENTED_EDGE('',*,*,#7317,.T.);
#7332=ORIENTED_EDGE('',*,*,#7259,.F.);
#7334=ORIENTED_EDGE('',*,*,#7333,.F.);
#7335=ORIENTED_EDGE('',*,*,#5270,.F.);
#7337=ORIENTED_EDGE('',*,*,#7336,.F.);
#7339=ORIENTED_EDGE('',*,*,#7338,.F.);
#7340=EDGE_LOOP('',(#7331,#7332,#7334,#7335,#7337,#7339));
#7341=FACE_OUTER_BOUND('',#7340,.F.);
#7343=CARTESIAN_POINT('',(0.E0,-1.739760041553E0,0.E0));
#7344=DIRECTION('',(0.E0,-1.E0,0.E0));
#7345=DIRECTION('',(-1.E0,0.E0,0.E0));
#7346=AXIS2_PLACEMENT_3D('',#7343,#7344,#7345);
#7347=PLANE('',#7346);
#7348=ORIENTED_EDGE('',*,*,#7333,.T.);
#7349=ORIENTED_EDGE('',*,*,#7257,.T.);
#7350=ORIENTED_EDGE('',*,*,#5272,.T.);
#7351=EDGE_LOOP('',(#7348,#7349,#7350));
#7352=FACE_OUTER_BOUND('',#7351,.F.);
#7354=CARTESIAN_POINT('',(0.E0,-1.739760041553E0,0.E0));
#7355=DIRECTION('',(0.E0,-1.E0,0.E0));
#7356=DIRECTION('',(-1.E0,0.E0,0.E0));
#7357=AXIS2_PLACEMENT_3D('',#7354,#7355,#7356);
#7358=PLANE('',#7357);
#7359=ORIENTED_EDGE('',*,*,#7336,.T.);
#7360=ORIENTED_EDGE('',*,*,#5268,.T.);
#7362=ORIENTED_EDGE('',*,*,#7361,.T.);
#7363=EDGE_LOOP('',(#7359,#7360,#7362));
#7364=FACE_OUTER_BOUND('',#7363,.F.);
#7366=CARTESIAN_POINT('',(8.192307692304E-1,-1.939760041553E0,-1.53E0));
#7367=DIRECTION('',(1.E0,0.E0,0.E0));
#7368=DIRECTION('',(0.E0,0.E0,1.E0));
#7369=AXIS2_PLACEMENT_3D('',#7366,#7367,#7368);
#7370=PLANE('',#7369);
#7371=ORIENTED_EDGE('',*,*,#7278,.T.);
#7372=ORIENTED_EDGE('',*,*,#7293,.F.);
#7373=ORIENTED_EDGE('',*,*,#7307,.F.);
#7374=ORIENTED_EDGE('',*,*,#7319,.F.);
#7375=ORIENTED_EDGE('',*,*,#7338,.T.);
#7376=ORIENTED_EDGE('',*,*,#7361,.F.);
#7378=ORIENTED_EDGE('',*,*,#7377,.T.);
#7379=ORIENTED_EDGE('',*,*,#5942,.F.);
#7381=ORIENTED_EDGE('',*,*,#7380,.T.);
#7382=ORIENTED_EDGE('',*,*,#6974,.T.);
#7383=EDGE_LOOP('',(#7371,#7372,#7373,#7374,#7375,#7376,#7378,#7379,#7381,
#7382));
#7384=FACE_OUTER_BOUND('',#7383,.F.);
#7386=CARTESIAN_POINT('',(0.E0,-1.739760041553E0,0.E0));
#7387=DIRECTION('',(0.E0,-1.E0,0.E0));
#7388=DIRECTION('',(-1.E0,0.E0,0.E0));
#7389=AXIS2_PLACEMENT_3D('',#7386,#7387,#7388);
#7390=PLANE('',#7389);
#7392=ORIENTED_EDGE('',*,*,#7391,.F.);
#7393=ORIENTED_EDGE('',*,*,#5376,.T.);
#7394=ORIENTED_EDGE('',*,*,#7377,.F.);
#7395=ORIENTED_EDGE('',*,*,#5266,.T.);
#7396=EDGE_LOOP('',(#7392,#7393,#7394,#7395));
#7397=FACE_OUTER_BOUND('',#7396,.F.);
#7399=CARTESIAN_POINT('',(1.284667203008E0,-1.939760041553E0,3.E-1));
#7400=DIRECTION('',(4.081794288661E-14,0.E0,1.E0));
#7401=DIRECTION('',(-1.E0,0.E0,4.081794288661E-14));
#7402=AXIS2_PLACEMENT_3D('',#7399,#7400,#7401);
#7403=PLANE('',#7402);
#7405=ORIENTED_EDGE('',*,*,#7404,.F.);
#7406=ORIENTED_EDGE('',*,*,#6976,.T.);
#7407=ORIENTED_EDGE('',*,*,#7380,.F.);
#7408=ORIENTED_EDGE('',*,*,#5940,.F.);
#7409=ORIENTED_EDGE('',*,*,#7391,.T.);
#7410=EDGE_LOOP('',(#7405,#7406,#7407,#7408,#7409));
#7411=FACE_OUTER_BOUND('',#7410,.F.);
#7413=CARTESIAN_POINT('',(0.E0,-1.739760041553E0,0.E0));
#7414=DIRECTION('',(0.E0,1.E0,0.E0));
#7415=DIRECTION('',(-1.135275183240E-1,0.E0,9.935348522237E-1));
#7416=AXIS2_PLACEMENT_3D('',#7413,#7414,#7415);
#7417=TOROIDAL_SURFACE('',#7416,1.119230769230E0,2.E-1);
#7418=ORIENTED_EDGE('',*,*,#5264,.T.);
#7419=ORIENTED_EDGE('',*,*,#5262,.T.);
#7421=ORIENTED_EDGE('',*,*,#7420,.T.);
#7422=ORIENTED_EDGE('',*,*,#6978,.F.);
#7423=ORIENTED_EDGE('',*,*,#7404,.T.);
#7424=EDGE_LOOP('',(#7418,#7419,#7421,#7422,#7423));
#7425=FACE_OUTER_BOUND('',#7424,.F.);
#7427=CARTESIAN_POINT('',(6.577213329356E-1,-1.939760041553E0,-3.E-1));
#7428=DIRECTION('',(0.E0,0.E0,-1.E0));
#7429=DIRECTION('',(1.E0,0.E0,0.E0));
#7430=AXIS2_PLACEMENT_3D('',#7427,#7428,#7429);
#7431=PLANE('',#7430);
#7432=ORIENTED_EDGE('',*,*,#7420,.F.);
#7434=ORIENTED_EDGE('',*,*,#7433,.F.);
#7435=ORIENTED_EDGE('',*,*,#5936,.F.);
#7436=ORIENTED_EDGE('',*,*,#5985,.T.);
#7437=ORIENTED_EDGE('',*,*,#6980,.T.);
#7438=EDGE_LOOP('',(#7432,#7434,#7435,#7436,#7437));
#7439=FACE_OUTER_BOUND('',#7438,.F.);
#7441=CARTESIAN_POINT('',(0.E0,-1.739760041553E0,0.E0));
#7442=DIRECTION('',(0.E0,-1.E0,0.E0));
#7443=DIRECTION('',(-1.E0,0.E0,0.E0));
#7444=AXIS2_PLACEMENT_3D('',#7441,#7442,#7443);
#7445=PLANE('',#7444);
#7446=ORIENTED_EDGE('',*,*,#7433,.T.);
#7447=ORIENTED_EDGE('',*,*,#5260,.T.);
#7448=ORIENTED_EDGE('',*,*,#5988,.F.);
#7449=ORIENTED_EDGE('',*,*,#5382,.T.);
#7450=EDGE_LOOP('',(#7446,#7447,#7448,#7449));
#7451=FACE_OUTER_BOUND('',#7450,.F.);
#7453=CARTESIAN_POINT('',(-7.807692307696E-1,-1.939760041553E0,1.03E0));
#7454=DIRECTION('',(0.E0,0.E0,-1.E0));
#7455=DIRECTION('',(1.E0,0.E0,0.E0));
#7456=AXIS2_PLACEMENT_3D('',#7453,#7454,#7455);
#7457=PLANE('',#7456);
#7458=ORIENTED_EDGE('',*,*,#6968,.F.);
#7459=ORIENTED_EDGE('',*,*,#7200,.T.);
#7460=ORIENTED_EDGE('',*,*,#7240,.T.);
#7461=ORIENTED_EDGE('',*,*,#7254,.F.);
#7462=EDGE_LOOP('',(#7458,#7459,#7460,#7461));
#7463=FACE_OUTER_BOUND('',#7462,.F.);
#7465=CARTESIAN_POINT('',(-5.807692307696E-1,-1.939760041553E0,-1.03E0));
#7466=DIRECTION('',(0.E0,0.E0,1.E0));
#7467=DIRECTION('',(-1.E0,0.E0,0.E0));
#7468=AXIS2_PLACEMENT_3D('',#7465,#7466,#7467);
#7469=PLANE('',#7468);
#7470=ORIENTED_EDGE('',*,*,#6985,.F.);
#7471=ORIENTED_EDGE('',*,*,#6113,.T.);
#7472=ORIENTED_EDGE('',*,*,#6128,.T.);
#7473=ORIENTED_EDGE('',*,*,#6143,.F.);
#7474=EDGE_LOOP('',(#7470,#7471,#7472,#7473));
#7475=FACE_OUTER_BOUND('',#7474,.F.);
#7477=CARTESIAN_POINT('',(-2.180769230770E0,-1.939760041553E0,8.E-1));
#7478=DIRECTION('',(0.E0,0.E0,1.E0));
#7479=DIRECTION('',(-1.E0,0.E0,0.E0));
#7480=AXIS2_PLACEMENT_3D('',#7477,#7478,#7479);
#7481=PLANE('',#7480);
#7482=ORIENTED_EDGE('',*,*,#6934,.F.);
#7483=ORIENTED_EDGE('',*,*,#6566,.F.);
#7485=ORIENTED_EDGE('',*,*,#7484,.F.);
#7486=ORIENTED_EDGE('',*,*,#6626,.F.);
#7487=EDGE_LOOP('',(#7482,#7483,#7485,#7486));
#7488=FACE_OUTER_BOUND('',#7487,.F.);
#7490=CARTESIAN_POINT('',(7.828928138924E0,-1.505445466503E0,4.E-1));
#7491=DIRECTION('',(-1.E0,0.E0,0.E0));
#7492=DIRECTION('',(0.E0,0.E0,1.E0));
#7493=AXIS2_PLACEMENT_3D('',#7490,#7491,#7492);
#7494=CYLINDRICAL_SURFACE('',#7493,4.E-1);
#7495=ORIENTED_EDGE('',*,*,#6564,.F.);
#7497=ORIENTED_EDGE('',*,*,#7496,.T.);
#7498=ORIENTED_EDGE('',*,*,#6628,.F.);
#7499=ORIENTED_EDGE('',*,*,#7484,.T.);
#7500=EDGE_LOOP('',(#7495,#7497,#7498,#7499));
#7501=FACE_OUTER_BOUND('',#7500,.F.);
#7503=CARTESIAN_POINT('',(-3.830769230770E0,-1.339760041553E0,8.E-1));
#7504=DIRECTION('',(0.E0,7.071067811865E-1,7.071067811865E-1));
#7505=DIRECTION('',(0.E0,7.071067811865E-1,-7.071067811865E-1));
#7506=AXIS2_PLACEMENT_3D('',#7503,#7504,#7505);
#7507=PLANE('',#7506);
#7508=ORIENTED_EDGE('',*,*,#7496,.F.);
#7509=ORIENTED_EDGE('',*,*,#6562,.F.);
#7511=ORIENTED_EDGE('',*,*,#7510,.T.);
#7512=ORIENTED_EDGE('',*,*,#6630,.F.);
#7513=EDGE_LOOP('',(#7508,#7509,#7511,#7512));
#7514=FACE_OUTER_BOUND('',#7513,.F.);
#7516=CARTESIAN_POINT('',(-3.830769230770E0,-6.397600415533E-1,1.E-1));
#7517=DIRECTION('',(0.E0,7.071067811865E-1,-7.071067811865E-1));
#7518=DIRECTION('',(0.E0,-7.071067811865E-1,-7.071067811865E-1));
#7519=AXIS2_PLACEMENT_3D('',#7516,#7517,#7518);
#7520=PLANE('',#7519);
#7522=ORIENTED_EDGE('',*,*,#7521,.F.);
#7523=ORIENTED_EDGE('',*,*,#6632,.F.);
#7524=ORIENTED_EDGE('',*,*,#7510,.F.);
#7525=ORIENTED_EDGE('',*,*,#6560,.F.);
#7526=EDGE_LOOP('',(#7522,#7523,#7524,#7525));
#7527=FACE_OUTER_BOUND('',#7526,.F.);
#7529=CARTESIAN_POINT('',(-3.830769230770E0,-6.397600415533E-1,-1.E-1));
#7530=DIRECTION('',(0.E0,-7.071067811865E-1,-7.071067811865E-1));
#7531=DIRECTION('',(0.E0,-7.071067811865E-1,7.071067811865E-1));
#7532=AXIS2_PLACEMENT_3D('',#7529,#7530,#7531);
#7533=PLANE('',#7532);
#7534=ORIENTED_EDGE('',*,*,#7521,.T.);
#7535=ORIENTED_EDGE('',*,*,#6558,.F.);
#7537=ORIENTED_EDGE('',*,*,#7536,.T.);
#7538=ORIENTED_EDGE('',*,*,#6634,.F.);
#7539=EDGE_LOOP('',(#7534,#7535,#7537,#7538));
#7540=FACE_OUTER_BOUND('',#7539,.F.);
#7542=CARTESIAN_POINT('',(-3.830769230770E0,-1.339760041553E0,-8.E-1));
#7543=DIRECTION('',(0.E0,-7.071067811865E-1,7.071067811865E-1));
#7544=DIRECTION('',(0.E0,7.071067811865E-1,7.071067811865E-1));
#7545=AXIS2_PLACEMENT_3D('',#7542,#7543,#7544);
#7546=PLANE('',#7545);
#7548=ORIENTED_EDGE('',*,*,#7547,.F.);
#7549=ORIENTED_EDGE('',*,*,#6636,.F.);
#7550=ORIENTED_EDGE('',*,*,#7536,.F.);
#7551=ORIENTED_EDGE('',*,*,#6556,.F.);
#7552=EDGE_LOOP('',(#7548,#7549,#7550,#7551));
#7553=FACE_OUTER_BOUND('',#7552,.F.);
#7555=CARTESIAN_POINT('',(-1.064498616820E1,-1.505445466503E0,-4.E-1));
#7556=DIRECTION('',(1.E0,0.E0,0.E0));
#7557=DIRECTION('',(0.E0,0.E0,-1.E0));
#7558=AXIS2_PLACEMENT_3D('',#7555,#7556,#7557);
#7559=CYLINDRICAL_SURFACE('',#7558,4.E-1);
#7560=ORIENTED_EDGE('',*,*,#6554,.F.);
#7561=ORIENTED_EDGE('',*,*,#6603,.T.);
#7562=ORIENTED_EDGE('',*,*,#6638,.F.);
#7563=ORIENTED_EDGE('',*,*,#7547,.T.);
#7564=EDGE_LOOP('',(#7560,#7561,#7562,#7563));
#7565=FACE_OUTER_BOUND('',#7564,.F.);
#7567=CARTESIAN_POINT('',(-2.980769230770E0,-1.539760041553E0,8.E-1));
#7568=DIRECTION('',(0.E0,1.E0,0.E0));
#7569=DIRECTION('',(-1.E0,0.E0,0.E0));
#7570=AXIS2_PLACEMENT_3D('',#7567,#7568,#7569);
#7571=PLANE('',#7570);
#7572=ORIENTED_EDGE('',*,*,#6936,.F.);
#7573=ORIENTED_EDGE('',*,*,#6624,.F.);
#7574=ORIENTED_EDGE('',*,*,#6724,.F.);
#7575=ORIENTED_EDGE('',*,*,#6802,.F.);
#7576=EDGE_LOOP('',(#7572,#7573,#7574,#7575));
#7577=FACE_OUTER_BOUND('',#7576,.F.);
#7579=CARTESIAN_POINT('',(-7.807692307696E-1,-1.939760041553E0,-1.35E0));
#7580=DIRECTION('',(0.E0,0.E0,1.E0));
#7581=DIRECTION('',(-1.E0,0.E0,0.E0));
#7582=AXIS2_PLACEMENT_3D('',#7579,#7580,#7581);
#7583=PLANE('',#7582);
#7584=ORIENTED_EDGE('',*,*,#6201,.F.);
#7585=ORIENTED_EDGE('',*,*,#6258,.F.);
#7586=ORIENTED_EDGE('',*,*,#6160,.F.);
#7587=ORIENTED_EDGE('',*,*,#6176,.T.);
#7588=EDGE_LOOP('',(#7584,#7585,#7586,#7587));
#7589=FACE_OUTER_BOUND('',#7588,.F.);
#7591=CLOSED_SHELL('',(#5209,#5242,#5309,#5342,#5388,#5402,#5419,#5433,#5447,
#5461,#5475,#5492,#5505,#5527,#5542,#5554,#5568,#5599,#5616,#5647,#5662,#5677,
#5688,#5718,#5731,#5746,#5759,#5772,#5784,#5799,#5811,#5827,#5845,#5861,#5877,
#5893,#5909,#5925,#5975,#6002,#6017,#6031,#6045,#6059,#6076,#6087,#6099,#6119,
#6133,#6151,#6168,#6186,#6205,#6223,#6236,#6265,#6280,#6293,#6311,#6324,#6337,
#6349,#6367,#6389,#6438,#6456,#6470,#6484,#6498,#6515,#6530,#6545,#6594,#6608,
#6649,#6665,#6677,#6690,#6703,#6716,#6732,#6746,#6760,#6773,#6809,#6821,#6834,
#6847,#6860,#6873,#6886,#6899,#6912,#6925,#6946,#6991,#7006,#7037,#7052,#7066,
#7080,#7094,#7112,#7130,#7143,#7158,#7176,#7188,#7205,#7219,#7231,#7245,#7269,
#7283,#7297,#7311,#7325,#7342,#7353,#7365,#7385,#7398,#7412,#7426,#7440,#7452,
#7464,#7476,#7489,#7502,#7515,#7528,#7541,#7554,#7566,#7578,#7590));
#7592=MANIFOLD_SOLID_BREP('',#7591);
#7593=FILL_AREA_STYLE_COLOUR('',#232);
#7594=FILL_AREA_STYLE('',(#7593));
#7595=SURFACE_STYLE_FILL_AREA(#7594);
#7596=SURFACE_SIDE_STYLE('',(#7595));
#7597=SURFACE_STYLE_USAGE(.BOTH.,#7596);
#7598=PRESENTATION_STYLE_ASSIGNMENT((#7597));
#1259=STYLED_ITEM('',(#7598),#7592);
#7601=PLANE_ANGLE_MEASURE_WITH_UNIT(PLANE_ANGLE_MEASURE(1.745329251994E-2),
#7600);
#7602=(CONVERSION_BASED_UNIT('DEGREE',#7601)NAMED_UNIT(*)PLANE_ANGLE_UNIT());
#7604=UNCERTAINTY_MEASURE_WITH_UNIT(LENGTH_MEASURE(6.599447406066E-4),#7599,
'distance_accuracy_value',
'Maximum model space distance between geometric entities at asserted connectivities');
#7606=CARTESIAN_POINT('',(0.E0,0.E0,0.E0));
#7607=DIRECTION('',(0.E0,0.E0,1.E0));
#7608=DIRECTION('',(1.E0,0.E0,0.E0));
#7611=PRODUCT_DEFINITION_CONTEXT('part definition',#773,'design');
#7612=PRODUCT_CONTEXT('',#773,'mechanical');
#7613=PRODUCT('RF-113-1_1_1_1_1_1','RF-113-1_1_1_1_1_1','NOT SPECIFIED',
(#7612));
#7614=PRODUCT_DEFINITION_FORMATION('1','LAST_VERSION',#7613);
#7622=DERIVED_UNIT_ELEMENT(#7621,2.E0);
#7623=DERIVED_UNIT((#7622));
#7624=MEASURE_REPRESENTATION_ITEM('surface area measure',AREA_MEASURE(
7.320295105006E1),#7623);
#7629=DERIVED_UNIT_ELEMENT(#7628,3.E0);
#7630=DERIVED_UNIT((#7629));
#7631=MEASURE_REPRESENTATION_ITEM('volume measure',VOLUME_MEASURE(
6.455927199845E0),#7630);
#7635=CARTESIAN_POINT('centre point',(-7.989531450842E-1,-1.258505527053E0,
-1.651757822320E-3));
#7640=DERIVED_UNIT_ELEMENT(#7639,2.E0);
#7641=DERIVED_UNIT((#7640));
#7642=MEASURE_REPRESENTATION_ITEM('surface area measure',AREA_MEASURE(
7.320295105006E1),#7641);
#7647=DERIVED_UNIT_ELEMENT(#7646,3.E0);
#7648=DERIVED_UNIT((#7647));
#7649=MEASURE_REPRESENTATION_ITEM('volume measure',VOLUME_MEASURE(
6.455927199845E0),#7648);
#7653=CARTESIAN_POINT('centre point',(-7.989531450842E-1,-1.258505527053E0,
-1.651757822320E-3));
#7663=CARTESIAN_POINT('centre point',(-7.989531450842E-1,-1.258505527053E0,
-1.651757822320E-3));
#7667=CARTESIAN_POINT('',(0.E0,0.E0,0.E0));
#7668=DIRECTION('',(0.E0,0.E0,1.E0));
#7669=DIRECTION('',(1.E0,0.E0,0.E0));
#7670=AXIS2_PLACEMENT_3D('',#7667,#7668,#7669);
#7671=ITEM_DEFINED_TRANSFORMATION('','',#7609,#7670);
#7672=CARTESIAN_POINT('',(0.E0,0.E0,0.E0));
#7673=DIRECTION('',(0.E0,0.E0,1.E0));
#7674=DIRECTION('',(1.E0,0.E0,0.E0));
#7676=(REPRESENTATION_RELATIONSHIP('','',#7610,#7660)REPRESENTATION_RELATIONSHIP_WITH_TRANSFORMATION(#7671)SHAPE_REPRESENTATION_RELATIONSHIP());
#7677=CONTEXT_DEPENDENT_SHAPE_REPRESENTATION(#7676,#7662);
#7680=CARTESIAN_POINT('',(0.E0,-1.739760041553E0,0.E0));
#7681=DIRECTION('',(0.E0,1.E0,0.E0));
#7682=DIRECTION('',(-1.E0,0.E0,0.E0));
#7683=AXIS2_PLACEMENT_3D('',#7680,#7681,#7682);
#7685=CURVE_STYLE('',#1267,POSITIVE_LENGTH_MEASURE(2.E-2),#7678);
#7686=PRESENTATION_STYLE_ASSIGNMENT((#7685));
#7687=STYLED_ITEM('',(#7686),#7684);
#7688=CARTESIAN_POINT('',(0.E0,-1.739760041553E0,0.E0));
#7689=DIRECTION('',(0.E0,1.E0,0.E0));
#7690=DIRECTION('',(1.E0,0.E0,0.E0));
#7691=AXIS2_PLACEMENT_3D('',#7688,#7689,#7690);
#7693=CURVE_STYLE('',#1267,POSITIVE_LENGTH_MEASURE(2.E-2),#7678);
#7694=PRESENTATION_STYLE_ASSIGNMENT((#7693));
#7695=STYLED_ITEM('',(#7694),#7692);
#7696=DIRECTION('',(0.E0,1.E0,0.E0));
#7697=VECTOR('',#7696,3.175714042964E-1);
#7698=CARTESIAN_POINT('',(-1.058188694709E0,-1.232956019681E0,
2.000000000001E-1));
#7699=LINE('',#7698,#7697);
#7700=CURVE_STYLE('',#1267,POSITIVE_LENGTH_MEASURE(2.E-2),#7678);
#7701=PRESENTATION_STYLE_ASSIGNMENT((#7700));
#7702=STYLED_ITEM('',(#7701),#7699);
#7703=DIRECTION('',(0.E0,1.E0,0.E0));
#7704=VECTOR('',#7703,5.068040218720E-1);
#7705=CARTESIAN_POINT('',(-1.076923076923E0,-1.739760041553E0,0.E0));
#7706=LINE('',#7705,#7704);
#7707=CURVE_STYLE('',#1267,POSITIVE_LENGTH_MEASURE(2.E-2),#7678);
#7708=PRESENTATION_STYLE_ASSIGNMENT((#7707));
#7709=STYLED_ITEM('',(#7708),#7706);
#7710=CARTESIAN_POINT('',(0.E0,-1.232956019681E0,0.E0));
#7711=DIRECTION('',(0.E0,1.E0,0.E0));
#7712=DIRECTION('',(-9.871145584796E-1,0.E0,1.600151506505E-1));
#7713=AXIS2_PLACEMENT_3D('',#7710,#7711,#7712);
#7715=CURVE_STYLE('',#1267,POSITIVE_LENGTH_MEASURE(2.E-2),#7678);
#7716=PRESENTATION_STYLE_ASSIGNMENT((#7715));
#7717=STYLED_ITEM('',(#7716),#7714);
#7718=DIRECTION('',(-1.E0,0.E0,-8.979598122108E-14));
#7719=VECTOR('',#7718,2.707680667738E-1);
#7720=CARTESIAN_POINT('',(-7.874206279350E-1,-1.232956019681E0,
2.000000000001E-1));
#7721=LINE('',#7720,#7719);
#7722=CURVE_STYLE('',#1267,POSITIVE_LENGTH_MEASURE(2.E-2),#7678);
#7723=PRESENTATION_STYLE_ASSIGNMENT((#7722));
#7724=STYLED_ITEM('',(#7723),#7721);
#7725=CARTESIAN_POINT('',(0.E0,-1.232956019681E0,0.E0));
#7726=DIRECTION('',(0.E0,-1.E0,0.E0));
#7727=DIRECTION('',(-9.826037879438E-1,0.E0,1.857142857144E-1));
#7728=AXIS2_PLACEMENT_3D('',#7725,#7726,#7727);
#7730=CURVE_STYLE('',#1267,POSITIVE_LENGTH_MEASURE(2.E-2),#7678);
#7731=PRESENTATION_STYLE_ASSIGNMENT((#7730));
#7732=STYLED_ITEM('',(#7731),#7729);
#7733=CARTESIAN_POINT('',(0.E0,-1.232956019681E0,0.E0));
#7734=DIRECTION('',(0.E0,-1.E0,0.E0));
#7735=DIRECTION('',(-1.E0,0.E0,0.E0));
#7736=AXIS2_PLACEMENT_3D('',#7733,#7734,#7735);
#7738=CURVE_STYLE('',#1267,POSITIVE_LENGTH_MEASURE(2.E-2),#7678);
#7739=PRESENTATION_STYLE_ASSIGNMENT((#7738));
#7740=STYLED_ITEM('',(#7739),#7737);
#7741=DIRECTION('',(1.E0,0.E0,-8.754083100777E-14));
#7742=VECTOR('',#7741,2.707680667738E-1);
#7743=CARTESIAN_POINT('',(-1.058188694709E0,-1.232956019681E0,-2.E-1));
#7744=LINE('',#7743,#7742);
#7745=CURVE_STYLE('',#1267,POSITIVE_LENGTH_MEASURE(2.E-2),#7678);
#7746=PRESENTATION_STYLE_ASSIGNMENT((#7745));
#7747=STYLED_ITEM('',(#7746),#7744);
#7748=CARTESIAN_POINT('',(0.E0,-1.232956019681E0,0.E0));
#7749=DIRECTION('',(0.E0,1.E0,0.E0));
#7750=DIRECTION('',(-9.692248492643E-1,0.E0,-2.461771548470E-1));
#7751=AXIS2_PLACEMENT_3D('',#7748,#7749,#7750);
#7753=CURVE_STYLE('',#1267,POSITIVE_LENGTH_MEASURE(2.E-2),#7678);
#7754=PRESENTATION_STYLE_ASSIGNMENT((#7753));
#7755=STYLED_ITEM('',(#7754),#7752);
#7756=DIRECTION('',(1.E0,0.E0,-1.825010276980E-14));
#7757=VECTOR('',#7756,3.072106686235E-1);
#7758=CARTESIAN_POINT('',(-8.019546404240E-1,-1.232956019681E0,-1.3E-1));
#7759=LINE('',#7758,#7757);
#7760=CURVE_STYLE('',#1267,POSITIVE_LENGTH_MEASURE(2.E-2),#7678);
#7761=PRESENTATION_STYLE_ASSIGNMENT((#7760));
#7762=STYLED_ITEM('',(#7761),#7759);
#7763=CARTESIAN_POINT('',(0.E0,-1.232956019681E0,0.E0));
#7764=DIRECTION('',(0.E0,1.E0,0.E0));
#7765=DIRECTION('',(-9.671686666780E-1,0.E0,-2.541353383459E-1));
#7766=AXIS2_PLACEMENT_3D('',#7763,#7764,#7765);
#7768=CURVE_STYLE('',#1267,POSITIVE_LENGTH_MEASURE(2.E-2),#7678);
#7769=PRESENTATION_STYLE_ASSIGNMENT((#7768));
#7770=STYLED_ITEM('',(#7769),#7767);
#7771=CARTESIAN_POINT('',(0.E0,-1.232956019681E0,0.E0));
#7772=DIRECTION('',(0.E0,1.E0,0.E0));
#7773=DIRECTION('',(-1.E0,0.E0,0.E0));
#7774=AXIS2_PLACEMENT_3D('',#7771,#7772,#7773);
#7776=CURVE_STYLE('',#1267,POSITIVE_LENGTH_MEASURE(2.E-2),#7678);
#7777=PRESENTATION_STYLE_ASSIGNMENT((#7776));
#7778=STYLED_ITEM('',(#7777),#7775);
#7779=DIRECTION('',(1.E0,0.E0,2.457439580884E-14));
#7780=VECTOR('',#7779,3.072106686235E-1);
#7781=CARTESIAN_POINT('',(-8.019546404240E-1,-1.232956019681E0,1.3E-1));
#7782=LINE('',#7781,#7780);
#7783=CURVE_STYLE('',#1267,POSITIVE_LENGTH_MEASURE(2.E-2),#7678);
#7784=PRESENTATION_STYLE_ASSIGNMENT((#7783));
#7785=STYLED_ITEM('',(#7784),#7782);
#7786=DIRECTION('',(0.E0,-1.E0,0.E0));
#7787=VECTOR('',#7786,7.329560196810E-1);
#7788=CARTESIAN_POINT('',(-5.115384615383E-1,0.E0,0.E0));
#7789=LINE('',#7788,#7787);
#7790=CURVE_STYLE('',#1267,POSITIVE_LENGTH_MEASURE(2.E-2),#7678);
#7791=PRESENTATION_STYLE_ASSIGNMENT((#7790));
#7792=STYLED_ITEM('',(#7791),#7789);
#7793=DIRECTION('',(0.E0,-1.E0,0.E0));
#7794=VECTOR('',#7793,5.E-1);
#7795=CARTESIAN_POINT('',(-4.947439718005E-1,-7.329560196810E-1,1.3E-1));
#7796=LINE('',#7795,#7794);
#7797=CURVE_STYLE('',#1267,POSITIVE_LENGTH_MEASURE(2.E-2),#7678);
#7798=PRESENTATION_STYLE_ASSIGNMENT((#7797));
#7799=STYLED_ITEM('',(#7798),#7796);
#7800=DIRECTION('',(2.222648903115E-5,-9.999999997525E-1,-9.728281186677E-7));
#7801=VECTOR('',#7800,1.016022833228E-1);
#7802=CARTESIAN_POINT('',(-5.115384615383E-1,-1.232956019681E0,
-1.959840263782E-9));
#7803=LINE('',#7802,#7801);
#7804=CURVE_STYLE('',#1267,POSITIVE_LENGTH_MEASURE(2.E-2),#7678);
#7805=PRESENTATION_STYLE_ASSIGNMENT((#7804));
#7806=STYLED_ITEM('',(#7805),#7803);
#7807=CARTESIAN_POINT('',(5.115362032254E-1,-1.334558302957E0,
-1.044064545096E-7));
#7808=CARTESIAN_POINT('',(5.115362032254E-1,-1.334906405510E0,
2.837615361248E-2));
#7809=CARTESIAN_POINT('',(5.068856279695E-1,-1.335592576729E0,
8.431074038748E-2));
#7810=CARTESIAN_POINT('',(4.860745773779E-1,-1.336604984481E0,
1.668391301304E-1));
#7811=CARTESIAN_POINT('',(4.518156330513E-1,-1.337560834486E0,
2.447571063261E-1));
#7812=CARTESIAN_POINT('',(4.058482010005E-1,-1.338425000030E0,
3.152012446071E-1));
#7813=CARTESIAN_POINT('',(3.479506829714E-1,-1.339198017623E0,
3.782152801754E-1));
#7814=CARTESIAN_POINT('',(2.805430674239E-1,-1.339840151285E0,
4.305600569576E-1));
#7815=CARTESIAN_POINT('',(2.055440537512E-1,-1.340336115896E0,
4.709895788017E-1));
#7816=CARTESIAN_POINT('',(1.251014856140E-1,-1.340672495922E0,
4.984102521002E-1));
#7817=CARTESIAN_POINT('',(4.145726233206E-2,-1.340841475352E0,
5.121849397065E-1));
#7818=CARTESIAN_POINT('',(-4.317122014908E-2,-1.340839668468E0,
5.120376480145E-1));
#7819=CARTESIAN_POINT('',(-1.265572219844E-1,-1.340667754417E0,
4.980237391201E-1));
#7820=CARTESIAN_POINT('',(-2.065088085820E-1,-1.340330548189E0,
4.705357162921E-1));
#7821=CARTESIAN_POINT('',(-2.809364055856E-1,-1.339836518169E0,
4.302638964435E-1));
#7822=CARTESIAN_POINT('',(-3.478612211171E-1,-1.339198525470E0,
3.782566782816E-1));
#7823=CARTESIAN_POINT('',(-4.054938891893E-1,-1.338430199670E0,
3.156251034092E-1));
#7824=CARTESIAN_POINT('',(-4.514311154047E-1,-1.337569337918E0,
2.454502800981E-1));
#7825=CARTESIAN_POINT('',(-4.858159547291E-1,-1.336614430493E0,
1.676091404759E-1));
#7826=CARTESIAN_POINT('',(-5.068130975122E-1,-1.335599467886E0,
8.487248562562E-2));
#7827=CARTESIAN_POINT('',(-5.115362034406E-1,-1.334909108341E0,
2.859648191021E-2));
#7828=CARTESIAN_POINT('',(-5.115362032763E-1,-1.334558302979E0,
-1.008013984011E-7));
#7830=CURVE_STYLE('',#1267,POSITIVE_LENGTH_MEASURE(2.E-2),#7678);
#7831=PRESENTATION_STYLE_ASSIGNMENT((#7830));
#7832=STYLED_ITEM('',(#7831),#7829);
#7833=CARTESIAN_POINT('',(-5.115362032763E-1,-1.334558302979E0,
-1.008013984011E-7));
#7834=CARTESIAN_POINT('',(-5.115362031132E-1,-1.334210204130E0,
-2.837605684468E-2));
#7835=CARTESIAN_POINT('',(-5.068857022731E-1,-1.333524031016E0,
-8.431079533936E-2));
#7836=CARTESIAN_POINT('',(-4.860746200910E-1,-1.332511623891E0,
-1.668391351218E-1));
#7837=CARTESIAN_POINT('',(-4.518156806821E-1,-1.331555773589E0,
-2.447571352404E-1));
#7838=CARTESIAN_POINT('',(-4.058482420855E-1,-1.330691608006E0,
-3.152012768097E-1));
#7839=CARTESIAN_POINT('',(-3.479507186958E-1,-1.329918590313E0,
-3.782153204442E-1));
#7840=CARTESIAN_POINT('',(-2.805430961815E-1,-1.329276456587E0,
-4.305601025011E-1));
#7841=CARTESIAN_POINT('',(-2.055440748535E-1,-1.328780491921E0,
-4.709896287768E-1));
#7842=CARTESIAN_POINT('',(-1.251014984120E-1,-1.328444111860E0,
-4.984103049908E-1));
#7843=CARTESIAN_POINT('',(-4.145726646506E-2,-1.328275132411E0,
-5.121849940710E-1));
#7844=CARTESIAN_POINT('',(4.317122479267E-2,-1.328276939296E0,
-5.120377023359E-1));
#7845=CARTESIAN_POINT('',(1.265572352501E-1,-1.328448853366E0,
-4.980237918897E-1));
#7846=CARTESIAN_POINT('',(2.065088300702E-1,-1.328786059630E0,
-4.705357660940E-1));
#7847=CARTESIAN_POINT('',(2.809364346208E-1,-1.329280089705E0,
-4.302639418016E-1));
#7848=CARTESIAN_POINT('',(3.478612570082E-1,-1.329918082468E0,
-3.782567183944E-1));
#7849=CARTESIAN_POINT('',(4.054939303405E-1,-1.330686408367E0,
-3.156251355265E-1));
#7850=CARTESIAN_POINT('',(4.514311630455E-1,-1.331547270157E0,
-2.454503090106E-1));
#7851=CARTESIAN_POINT('',(4.858159974151E-1,-1.332502177878E0,
-1.676091455286E-1));
#7852=CARTESIAN_POINT('',(5.068131718651E-1,-1.333517139859E0,
-8.487254066361E-2));
#7853=CARTESIAN_POINT('',(5.115362032254E-1,-1.334207501299E0,
-2.859638516335E-2));
#7854=CARTESIAN_POINT('',(5.115362032254E-1,-1.334558302957E0,
-1.044064545096E-7));
#7856=CURVE_STYLE('',#1267,POSITIVE_LENGTH_MEASURE(2.E-2),#7678);
#7857=PRESENTATION_STYLE_ASSIGNMENT((#7856));
#7858=STYLED_ITEM('',(#7857),#7855);
#7859=DIRECTION('',(0.E0,1.E0,0.E0));
#7860=VECTOR('',#7859,5.E-1);
#7861=CARTESIAN_POINT('',(-4.947439718005E-1,-1.232956019681E0,-1.3E-1));
#7862=LINE('',#7861,#7860);
#7863=CURVE_STYLE('',#1267,POSITIVE_LENGTH_MEASURE(2.E-2),#7678);
#7864=PRESENTATION_STYLE_ASSIGNMENT((#7863));
#7865=STYLED_ITEM('',(#7864),#7862);
#7866=DIRECTION('',(-1.692180010188E-6,-9.999999999986E-1,-7.823296610902E-8));
#7867=VECTOR('',#7866,1.334558302959E0);
#7868=CARTESIAN_POINT('',(5.115384615383E-1,0.E0,0.E0));
#7869=LINE('',#7868,#7867);
#7870=CURVE_STYLE('',#1267,POSITIVE_LENGTH_MEASURE(2.E-2),#7678);
#7871=PRESENTATION_STYLE_ASSIGNMENT((#7870));
#7872=STYLED_ITEM('',(#7871),#7869);
#7873=DIRECTION('',(1.E0,0.E0,-5.231093813720E-14));
#7874=VECTOR('',#7873,3.072106686235E-1);
#7875=CARTESIAN_POINT('',(-8.019546404240E-1,-7.329560196810E-1,-1.3E-1));
#7876=LINE('',#7875,#7874);
#7877=CURVE_STYLE('',#1267,POSITIVE_LENGTH_MEASURE(2.E-2),#7678);
#7878=PRESENTATION_STYLE_ASSIGNMENT((#7877));
#7879=STYLED_ITEM('',(#7878),#7876);
#7880=DIRECTION('',(0.E0,-1.E0,-2.087219286295E-14));
#7881=VECTOR('',#7880,5.E-1);
#7882=CARTESIAN_POINT('',(-8.019546404240E-1,-7.329560196810E-1,-1.3E-1));
#7883=LINE('',#7882,#7881);
#7884=CURVE_STYLE('',#1267,POSITIVE_LENGTH_MEASURE(2.E-2),#7678);
#7885=PRESENTATION_STYLE_ASSIGNMENT((#7884));
#7886=STYLED_ITEM('',(#7885),#7883);
#7887=DIRECTION('',(-2.287059430728E-14,1.E0,0.E0));
#7888=VECTOR('',#7887,5.E-1);
#7889=CARTESIAN_POINT('',(-7.874206279350E-1,-1.232956019681E0,-2.E-1));
#7890=LINE('',#7889,#7888);
#7891=CURVE_STYLE('',#1267,POSITIVE_LENGTH_MEASURE(2.E-2),#7678);
#7892=PRESENTATION_STYLE_ASSIGNMENT((#7891));
#7893=STYLED_ITEM('',(#7892),#7890);
#7894=DIRECTION('',(-2.599734734480E-1,9.656157585206E-1,0.E0));
#7895=VECTOR('',#7894,7.249260317297E-1);
#7896=CARTESIAN_POINT('',(8.615384615383E-1,-9.153846153846E-1,0.E0));
#7897=LINE('',#7896,#7895);
#7898=CURVE_STYLE('',#1267,POSITIVE_LENGTH_MEASURE(2.E-2),#7678);
#7899=PRESENTATION_STYLE_ASSIGNMENT((#7898));
#7900=STYLED_ITEM('',(#7899),#7897);
#7901=CARTESIAN_POINT('',(0.E0,-2.153846153846E-1,0.E0));
#7902=DIRECTION('',(0.E0,1.E0,0.E0));
#7903=DIRECTION('',(1.E0,0.E0,0.E0));
#7904=AXIS2_PLACEMENT_3D('',#7901,#7902,#7903);
#7906=CURVE_STYLE('',#1267,POSITIVE_LENGTH_MEASURE(2.E-2),#7678);
#7907=PRESENTATION_STYLE_ASSIGNMENT((#7906));
#7908=STYLED_ITEM('',(#7907),#7905);
#7909=CARTESIAN_POINT('',(0.E0,-7.329560196810E-1,0.E0));
#7910=DIRECTION('',(0.E0,-1.E0,0.E0));
#7911=DIRECTION('',(-9.871145584796E-1,0.E0,-1.600151506505E-1));
#7912=AXIS2_PLACEMENT_3D('',#7909,#7910,#7911);
#7914=CURVE_STYLE('',#1267,POSITIVE_LENGTH_MEASURE(2.E-2),#7678);
#7915=PRESENTATION_STYLE_ASSIGNMENT((#7914));
#7916=STYLED_ITEM('',(#7915),#7913);
#7917=CARTESIAN_POINT('',(-7.874206279350E-1,-7.329560196810E-1,-2.E-1));
#7918=CARTESIAN_POINT('',(-7.930520997181E-1,-7.532291942729E-1,-2.E-1));
#7919=CARTESIAN_POINT('',(-8.043057495875E-1,-7.937738229391E-1,-2.E-1));
#7920=CARTESIAN_POINT('',(-8.211660038861E-1,-8.545834862660E-1,-2.E-1));
#7921=CARTESIAN_POINT('',(-8.323931292127E-1,-8.951182681625E-1,-2.E-1));
#7922=CARTESIAN_POINT('',(-8.380026973166E-1,-9.153846153846E-1,-2.E-1));
#7924=CURVE_STYLE('',#1267,POSITIVE_LENGTH_MEASURE(2.E-2),#7678);
#7925=PRESENTATION_STYLE_ASSIGNMENT((#7924));
#7926=STYLED_ITEM('',(#7925),#7923);
#7927=CARTESIAN_POINT('',(0.E0,-9.153846153846E-1,0.E0));
#7928=DIRECTION('',(0.E0,1.E0,0.E0));
#7929=DIRECTION('',(-9.726817022425E-1,0.E0,2.321428571431E-1));
#7930=AXIS2_PLACEMENT_3D('',#7927,#7928,#7929);
#7932=CURVE_STYLE('',#1267,POSITIVE_LENGTH_MEASURE(2.E-2),#7678);
#7933=PRESENTATION_STYLE_ASSIGNMENT((#7932));
#7934=STYLED_ITEM('',(#7933),#7931);
#7935=CARTESIAN_POINT('',(0.E0,-9.153846153846E-1,0.E0));
#7936=DIRECTION('',(0.E0,1.E0,0.E0));
#7937=DIRECTION('',(1.E0,0.E0,0.E0));
#7938=AXIS2_PLACEMENT_3D('',#7935,#7936,#7937);
#7940=CURVE_STYLE('',#1267,POSITIVE_LENGTH_MEASURE(2.E-2),#7678);
#7941=PRESENTATION_STYLE_ASSIGNMENT((#7940));
#7942=STYLED_ITEM('',(#7941),#7939);
#7943=DIRECTION('',(-1.E0,0.E0,9.378502040364E-14));
#7944=VECTOR('',#7943,2.201859973922E-1);
#7945=CARTESIAN_POINT('',(-8.380026973166E-1,-9.153846153846E-1,-2.E-1));
#7946=LINE('',#7945,#7944);
#7947=CURVE_STYLE('',#1267,POSITIVE_LENGTH_MEASURE(2.E-2),#7678);
#7948=PRESENTATION_STYLE_ASSIGNMENT((#7947));
#7949=STYLED_ITEM('',(#7948),#7946);
#7950=CARTESIAN_POINT('',(0.E0,-9.153846153846E-1,0.E0));
#7951=DIRECTION('',(0.E0,-1.E0,0.E0));
#7952=DIRECTION('',(-9.826037879439E-1,0.E0,-1.857142857143E-1));
#7953=AXIS2_PLACEMENT_3D('',#7950,#7951,#7952);
#7955=CURVE_STYLE('',#1267,POSITIVE_LENGTH_MEASURE(2.E-2),#7678);
#7956=PRESENTATION_STYLE_ASSIGNMENT((#7955));
#7957=STYLED_ITEM('',(#7956),#7954);
#7958=CARTESIAN_POINT('',(0.E0,-9.153846153846E-1,0.E0));
#7959=DIRECTION('',(0.E0,-1.E0,0.E0));
#7960=DIRECTION('',(1.E0,0.E0,0.E0));
#7961=AXIS2_PLACEMENT_3D('',#7958,#7959,#7960);
#7963=CURVE_STYLE('',#1267,POSITIVE_LENGTH_MEASURE(2.E-2),#7678);
#7964=PRESENTATION_STYLE_ASSIGNMENT((#7963));
#7965=STYLED_ITEM('',(#7964),#7962);
#7966=CARTESIAN_POINT('',(-8.380026973165E-1,-9.153846153846E-1,
2.000000000001E-1));
#7967=CARTESIAN_POINT('',(-8.323931292126E-1,-8.951182681625E-1,
2.000000000001E-1));
#7968=CARTESIAN_POINT('',(-8.211660038860E-1,-8.545834862660E-1,
2.000000000001E-1));
#7969=CARTESIAN_POINT('',(-8.043057495875E-1,-7.937738229391E-1,
2.000000000001E-1));
#7970=CARTESIAN_POINT('',(-7.930520997181E-1,-7.532291942729E-1,
2.000000000001E-1));
#7971=CARTESIAN_POINT('',(-7.874206279350E-1,-7.329560196810E-1,
2.000000000001E-1));
#7973=CURVE_STYLE('',#1267,POSITIVE_LENGTH_MEASURE(2.E-2),#7678);
#7974=PRESENTATION_STYLE_ASSIGNMENT((#7973));
#7975=STYLED_ITEM('',(#7974),#7972);
#7976=CARTESIAN_POINT('',(0.E0,-7.329560196810E-1,0.E0));
#7977=DIRECTION('',(0.E0,-1.E0,0.E0));
#7978=DIRECTION('',(-9.692248492643E-1,0.E0,2.461771548471E-1));
#7979=AXIS2_PLACEMENT_3D('',#7976,#7977,#7978);
#7981=CURVE_STYLE('',#1267,POSITIVE_LENGTH_MEASURE(2.E-2),#7678);
#7982=PRESENTATION_STYLE_ASSIGNMENT((#7981));
#7983=STYLED_ITEM('',(#7982),#7980);
#7984=DIRECTION('',(2.599734734480E-1,9.656157585206E-1,0.E0));
#7985=VECTOR('',#7984,5.360014060762E-1);
#7986=CARTESIAN_POINT('',(-8.124230703873E-1,-7.329560196810E-1,0.E0));
#7987=LINE('',#7986,#7985);
#7988=CURVE_STYLE('',#1267,POSITIVE_LENGTH_MEASURE(2.E-2),#7678);
#7989=PRESENTATION_STYLE_ASSIGNMENT((#7988));
#7990=STYLED_ITEM('',(#7989),#7987);
#7991=CARTESIAN_POINT('',(0.E0,-2.153846153846E-1,0.E0));
#7992=DIRECTION('',(0.E0,1.E0,0.E0));
#7993=DIRECTION('',(-1.E0,0.E0,0.E0));
#7994=AXIS2_PLACEMENT_3D('',#7991,#7992,#7993);
#7996=CURVE_STYLE('',#1267,POSITIVE_LENGTH_MEASURE(2.E-2),#7678);
#7997=PRESENTATION_STYLE_ASSIGNMENT((#7996));
#7998=STYLED_ITEM('',(#7997),#7995);
#7999=DIRECTION('',(-1.E0,0.E0,-1.426944127647E-13));
#8000=VECTOR('',#7999,2.201859973923E-1);
#8001=CARTESIAN_POINT('',(-8.380026973165E-1,-9.153846153846E-1,
2.000000000001E-1));
#8002=LINE('',#8001,#8000);
#8003=CURVE_STYLE('',#1267,POSITIVE_LENGTH_MEASURE(2.E-2),#7678);
#8004=PRESENTATION_STYLE_ASSIGNMENT((#8003));
#8005=STYLED_ITEM('',(#8004),#8002);
#8006=DIRECTION('',(2.664535259100E-14,-1.E0,1.709743457923E-14));
#8007=VECTOR('',#8006,5.E-1);
#8008=CARTESIAN_POINT('',(-7.874206279350E-1,-7.329560196810E-1,
2.000000000001E-1));
#8009=LINE('',#8008,#8007);
#8010=CURVE_STYLE('',#1267,POSITIVE_LENGTH_MEASURE(2.E-2),#7678);
#8011=PRESENTATION_STYLE_ASSIGNMENT((#8010));
#8012=STYLED_ITEM('',(#8011),#8009);
#8013=DIRECTION('',(0.E0,1.E0,0.E0));
#8014=VECTOR('',#8013,5.E-1);
#8015=CARTESIAN_POINT('',(-8.019546404240E-1,-1.232956019681E0,1.3E-1));
#8016=LINE('',#8015,#8014);
#8017=CURVE_STYLE('',#1267,POSITIVE_LENGTH_MEASURE(2.E-2),#7678);
#8018=PRESENTATION_STYLE_ASSIGNMENT((#8017));
#8019=STYLED_ITEM('',(#8018),#8016);
#8020=CARTESIAN_POINT('',(0.E0,-7.329560196810E-1,0.E0));
#8021=DIRECTION('',(0.E0,1.E0,0.E0));
#8022=DIRECTION('',(-1.E0,0.E0,0.E0));
#8023=AXIS2_PLACEMENT_3D('',#8020,#8021,#8022);
#8025=CURVE_STYLE('',#1267,POSITIVE_LENGTH_MEASURE(2.E-2),#7678);
#8026=PRESENTATION_STYLE_ASSIGNMENT((#8025));
#8027=STYLED_ITEM('',(#8026),#8024);
#8028=DIRECTION('',(1.E0,0.E0,2.520682511274E-14));
#8029=VECTOR('',#8028,3.072106686235E-1);
#8030=CARTESIAN_POINT('',(-8.019546404240E-1,-7.329560196810E-1,1.3E-1));
#8031=LINE('',#8030,#8029);
#8032=CURVE_STYLE('',#1267,POSITIVE_LENGTH_MEASURE(2.E-2),#7678);
#8033=PRESENTATION_STYLE_ASSIGNMENT((#8032));
#8034=STYLED_ITEM('',(#8033),#8031);
#8035=CARTESIAN_POINT('',(0.E0,-7.329560196810E-1,0.E0));
#8036=DIRECTION('',(0.E0,-1.E0,0.E0));
#8037=DIRECTION('',(-9.671686666780E-1,0.E0,2.541353383459E-1));
#8038=AXIS2_PLACEMENT_3D('',#8035,#8036,#8037);
#8040=CURVE_STYLE('',#1267,POSITIVE_LENGTH_MEASURE(2.E-2),#7678);
#8041=PRESENTATION_STYLE_ASSIGNMENT((#8040));
#8042=STYLED_ITEM('',(#8041),#8039);
#8043=CARTESIAN_POINT('',(0.E0,-7.329560196810E-1,0.E0));
#8044=DIRECTION('',(0.E0,-1.E0,0.E0));
#8045=DIRECTION('',(-1.E0,0.E0,0.E0));
#8046=AXIS2_PLACEMENT_3D('',#8043,#8044,#8045);
#8048=CURVE_STYLE('',#1267,POSITIVE_LENGTH_MEASURE(2.E-2),#7678);
#8049=PRESENTATION_STYLE_ASSIGNMENT((#8048));
#8050=STYLED_ITEM('',(#8049),#8047);
#8051=CARTESIAN_POINT('',(0.E0,-7.329560196810E-1,0.E0));
#8052=DIRECTION('',(0.E0,1.E0,0.E0));
#8053=DIRECTION('',(-9.871145584796E-1,0.E0,-1.600151506505E-1));
#8054=AXIS2_PLACEMENT_3D('',#8051,#8052,#8053);
#8056=CURVE_STYLE('',#1267,POSITIVE_LENGTH_MEASURE(2.E-2),#7678);
#8057=PRESENTATION_STYLE_ASSIGNMENT((#8056));
#8058=STYLED_ITEM('',(#8057),#8055);
#8059=DIRECTION('',(-4.536054072040E-14,1.E0,0.E0));
#8060=VECTOR('',#8059,2.153846153846E-1);
#8061=CARTESIAN_POINT('',(-6.730769230767E-1,-2.153846153846E-1,0.E0));
#8062=LINE('',#8061,#8060);
#8063=CURVE_STYLE('',#1267,POSITIVE_LENGTH_MEASURE(2.E-2),#7678);
#8064=PRESENTATION_STYLE_ASSIGNMENT((#8063));
#8065=STYLED_ITEM('',(#8064),#8062);
#8066=DIRECTION('',(4.536054072040E-14,1.E0,0.E0));
#8067=VECTOR('',#8066,2.153846153846E-1);
#8068=CARTESIAN_POINT('',(6.730769230767E-1,-2.153846153846E-1,0.E0));
#8069=LINE('',#8068,#8067);
#8070=CURVE_STYLE('',#1267,POSITIVE_LENGTH_MEASURE(2.E-2),#7678);
#8071=PRESENTATION_STYLE_ASSIGNMENT((#8070));
#8072=STYLED_ITEM('',(#8071),#8069);
#8073=CARTESIAN_POINT('',(0.E0,0.E0,0.E0));
#8074=DIRECTION('',(0.E0,-1.E0,0.E0));
#8075=DIRECTION('',(-1.E0,0.E0,0.E0));
#8076=AXIS2_PLACEMENT_3D('',#8073,#8074,#8075);
#8078=CURVE_STYLE('',#1267,POSITIVE_LENGTH_MEASURE(2.E-2),#7678);
#8079=PRESENTATION_STYLE_ASSIGNMENT((#8078));
#8080=STYLED_ITEM('',(#8079),#8077);
#8081=CARTESIAN_POINT('',(0.E0,0.E0,0.E0));
#8082=DIRECTION('',(0.E0,-1.E0,0.E0));
#8083=DIRECTION('',(1.E0,0.E0,0.E0));
#8084=AXIS2_PLACEMENT_3D('',#8081,#8082,#8083);
#8086=CURVE_STYLE('',#1267,POSITIVE_LENGTH_MEASURE(2.E-2),#7678);
#8087=PRESENTATION_STYLE_ASSIGNMENT((#8086));
#8088=STYLED_ITEM('',(#8087),#8085);
#8089=CARTESIAN_POINT('',(0.E0,0.E0,0.E0));
#8090=DIRECTION('',(0.E0,1.E0,0.E0));
#8091=DIRECTION('',(-1.E0,0.E0,0.E0));
#8092=AXIS2_PLACEMENT_3D('',#8089,#8090,#8091);
#8094=CURVE_STYLE('',#1267,POSITIVE_LENGTH_MEASURE(2.E-2),#7678);
#8095=PRESENTATION_STYLE_ASSIGNMENT((#8094));
#8096=STYLED_ITEM('',(#8095),#8093);
#8097=CARTESIAN_POINT('',(0.E0,0.E0,0.E0));
#8098=DIRECTION('',(0.E0,1.E0,0.E0));
#8099=DIRECTION('',(1.E0,0.E0,0.E0));
#8100=AXIS2_PLACEMENT_3D('',#8097,#8098,#8099);
#8102=CURVE_STYLE('',#1267,POSITIVE_LENGTH_MEASURE(2.E-2),#7678);
#8103=PRESENTATION_STYLE_ASSIGNMENT((#8102));
#8104=STYLED_ITEM('',(#8103),#8101);
#8105=DIRECTION('',(0.E0,1.E0,0.E0));
#8106=VECTOR('',#8105,8.243754261684E-1);
#8107=CARTESIAN_POINT('',(1.076923076923E0,-1.739760041553E0,0.E0));
#8108=LINE('',#8107,#8106);
#8109=CURVE_STYLE('',#1267,POSITIVE_LENGTH_MEASURE(2.E-2),#7678);
#8110=PRESENTATION_STYLE_ASSIGNMENT((#8109));
#8111=STYLED_ITEM('',(#8110),#8108);
#8112=DIRECTION('',(0.E0,-1.E0,2.377265857478E-14));
#8113=VECTOR('',#8112,3.175714042964E-1);
#8114=CARTESIAN_POINT('',(-1.058188694709E0,-9.153846153846E-1,-2.E-1));
#8115=LINE('',#8114,#8113);
#8116=CURVE_STYLE('',#1267,POSITIVE_LENGTH_MEASURE(2.E-2),#7678);
#8117=PRESENTATION_STYLE_ASSIGNMENT((#8116));
#8118=STYLED_ITEM('',(#8117),#8115);
#8119=CARTESIAN_POINT('',(-1.076923076923E0,-1.739760041553E0,0.E0));
#8120=CARTESIAN_POINT('',(1.076923076923E0,-1.739760041553E0,0.E0));
#8121=VERTEX_POINT('',#8119);
#8122=VERTEX_POINT('',#8120);
#8123=CARTESIAN_POINT('',(-1.058188694709E0,-1.232956019681E0,
2.000000000001E-1));
#8124=CARTESIAN_POINT('',(-1.076923076923E0,-1.232956019681E0,0.E0));
#8125=VERTEX_POINT('',#8123);
#8126=VERTEX_POINT('',#8124);
#8127=CARTESIAN_POINT('',(-1.058188694709E0,-9.153846153846E-1,
2.000000000001E-1));
#8128=VERTEX_POINT('',#8127);
#8129=CARTESIAN_POINT('',(1.076923076923E0,-9.153846153846E-1,0.E0));
#8130=VERTEX_POINT('',#8129);
#8131=CARTESIAN_POINT('',(-8.019546404240E-1,-1.232956019681E0,1.3E-1));
#8132=CARTESIAN_POINT('',(-4.947439718005E-1,-1.232956019681E0,1.3E-1));
#8133=VERTEX_POINT('',#8131);
#8134=VERTEX_POINT('',#8132);
#8135=CARTESIAN_POINT('',(-7.874206279350E-1,-1.232956019681E0,
2.000000000001E-1));
#8136=VERTEX_POINT('',#8135);
#8137=CARTESIAN_POINT('',(-1.058188694709E0,-1.232956019681E0,-2.E-1));
#8138=VERTEX_POINT('',#8137);
#8139=CARTESIAN_POINT('',(-7.874206279350E-1,-1.232956019681E0,-2.E-1));
#8140=VERTEX_POINT('',#8139);
#8141=CARTESIAN_POINT('',(-8.019546404240E-1,-1.232956019681E0,-1.3E-1));
#8142=VERTEX_POINT('',#8141);
#8143=CARTESIAN_POINT('',(-4.947439718005E-1,-1.232956019681E0,-1.3E-1));
#8144=VERTEX_POINT('',#8143);
#8145=CARTESIAN_POINT('',(-5.115384615383E-1,-1.232956019681E0,0.E0));
#8146=VERTEX_POINT('',#8145);
#8147=CARTESIAN_POINT('',(-4.947439718005E-1,-7.329560196810E-1,1.3E-1));
#8148=VERTEX_POINT('',#8147);
#8149=CARTESIAN_POINT('',(-8.019546404240E-1,-7.329560196810E-1,1.3E-1));
#8150=VERTEX_POINT('',#8149);
#8151=VERTEX_POINT('',#7807);
#8152=VERTEX_POINT('',#7828);
#8153=CARTESIAN_POINT('',(5.115384615383E-1,0.E0,0.E0));
#8154=VERTEX_POINT('',#8153);
#8155=CARTESIAN_POINT('',(-5.115384615383E-1,0.E0,0.E0));
#8156=VERTEX_POINT('',#8155);
#8157=CARTESIAN_POINT('',(-5.115384615383E-1,-7.329560196810E-1,0.E0));
#8158=VERTEX_POINT('',#8157);
#8159=CARTESIAN_POINT('',(-4.947439718005E-1,-7.329560196810E-1,-1.3E-1));
#8160=VERTEX_POINT('',#8159);
#8161=CARTESIAN_POINT('',(-8.019546404240E-1,-7.329560196810E-1,-1.3E-1));
#8162=VERTEX_POINT('',#8161);
#8163=CARTESIAN_POINT('',(-7.874206279350E-1,-7.329560196810E-1,-2.E-1));
#8164=VERTEX_POINT('',#8163);
#8165=CARTESIAN_POINT('',(8.615384615383E-1,-9.153846153846E-1,0.E0));
#8166=CARTESIAN_POINT('',(-8.380026973165E-1,-9.153846153846E-1,-2.E-1));
#8167=VERTEX_POINT('',#8165);
#8168=VERTEX_POINT('',#8166);
#8169=CARTESIAN_POINT('',(6.730769230767E-1,-2.153846153846E-1,0.E0));
#8170=VERTEX_POINT('',#8169);
#8171=CARTESIAN_POINT('',(-6.730769230767E-1,-2.153846153846E-1,0.E0));
#8172=VERTEX_POINT('',#8171);
#8173=CARTESIAN_POINT('',(-8.124230703873E-1,-7.329560196810E-1,0.E0));
#8174=VERTEX_POINT('',#8173);
#8175=CARTESIAN_POINT('',(-8.380026973165E-1,-9.153846153846E-1,
2.000000000001E-1));
#8176=VERTEX_POINT('',#8175);
#8177=CARTESIAN_POINT('',(-1.058188694709E0,-9.153846153846E-1,-2.E-1));
#8178=VERTEX_POINT('',#8177);
#8179=VERTEX_POINT('',#7971);
#8180=CARTESIAN_POINT('',(6.730769230767E-1,0.E0,0.E0));
#8181=VERTEX_POINT('',#8180);
#8182=CARTESIAN_POINT('',(-6.730769230767E-1,0.E0,0.E0));
#8183=VERTEX_POINT('',#8182);
#8184=CARTESIAN_POINT('',(0.E0,-1.739760041553E0,0.E0));
#8185=DIRECTION('',(0.E0,1.E0,0.E0));
#8186=DIRECTION('',(1.E0,0.E0,0.E0));
#8187=AXIS2_PLACEMENT_3D('',#8184,#8185,#8186);
#8188=PLANE('',#8187);
#8190=ORIENTED_EDGE('',*,*,#8189,.T.);
#8192=ORIENTED_EDGE('',*,*,#8191,.T.);
#8193=EDGE_LOOP('',(#8190,#8192));
#8194=FACE_OUTER_BOUND('',#8193,.F.);
#8196=CARTESIAN_POINT('',(0.E0,-2.042260036815E0,0.E0));
#8197=DIRECTION('',(0.E0,1.E0,0.E0));
#8198=DIRECTION('',(1.E0,0.E0,0.E0));
#8199=AXIS2_PLACEMENT_3D('',#8196,#8197,#8198);
#8200=CYLINDRICAL_SURFACE('',#8199,1.076923076923E0);
#8202=ORIENTED_EDGE('',*,*,#8201,.F.);
#8204=ORIENTED_EDGE('',*,*,#8203,.T.);
#8206=ORIENTED_EDGE('',*,*,#8205,.F.);
#8208=ORIENTED_EDGE('',*,*,#8207,.F.);
#8209=ORIENTED_EDGE('',*,*,#8189,.F.);
#8211=ORIENTED_EDGE('',*,*,#8210,.T.);
#8212=EDGE_LOOP('',(#8202,#8204,#8206,#8208,#8209,#8211));
#8213=FACE_OUTER_BOUND('',#8212,.F.);
#8215=CARTESIAN_POINT('',(-2.5E-1,-1.232956019681E0,-1.3E-1));
#8216=DIRECTION('',(0.E0,-1.E0,0.E0));
#8217=DIRECTION('',(0.E0,0.E0,1.E0));
#8218=AXIS2_PLACEMENT_3D('',#8215,#8216,#8217);
#8219=PLANE('',#8218);
#8221=ORIENTED_EDGE('',*,*,#8220,.F.);
#8223=ORIENTED_EDGE('',*,*,#8222,.T.);
#8225=ORIENTED_EDGE('',*,*,#8224,.T.);
#8226=ORIENTED_EDGE('',*,*,#8201,.T.);
#8228=ORIENTED_EDGE('',*,*,#8227,.T.);
#8230=ORIENTED_EDGE('',*,*,#8229,.T.);
#8232=ORIENTED_EDGE('',*,*,#8231,.T.);
#8234=ORIENTED_EDGE('',*,*,#8233,.T.);
#8236=ORIENTED_EDGE('',*,*,#8235,.T.);
#8238=ORIENTED_EDGE('',*,*,#8237,.T.);
#8239=EDGE_LOOP('',(#8221,#8223,#8225,#8226,#8228,#8230,#8232,#8234,#8236,
#8238));
#8240=FACE_OUTER_BOUND('',#8239,.F.);
#8242=CARTESIAN_POINT('',(-2.5E-1,-1.232956019681E0,1.3E-1));
#8243=DIRECTION('',(0.E0,0.E0,1.E0));
#8244=DIRECTION('',(0.E0,1.E0,0.E0));
#8245=AXIS2_PLACEMENT_3D('',#8242,#8243,#8244);
#8246=PLANE('',#8245);
#8247=ORIENTED_EDGE('',*,*,#8220,.T.);
#8249=ORIENTED_EDGE('',*,*,#8248,.F.);
#8251=ORIENTED_EDGE('',*,*,#8250,.F.);
#8253=ORIENTED_EDGE('',*,*,#8252,.F.);
#8254=EDGE_LOOP('',(#8247,#8249,#8251,#8253));
#8255=FACE_OUTER_BOUND('',#8254,.F.);
#8257=CARTESIAN_POINT('',(0.E0,-2.042260036815E0,0.E0));
#8258=DIRECTION('',(0.E0,1.E0,0.E0));
#8259=DIRECTION('',(1.E0,0.E0,0.E0));
#8260=AXIS2_PLACEMENT_3D('',#8257,#8258,#8259);
#8261=CYLINDRICAL_SURFACE('',#8260,5.115384615383E-1);
#8263=ORIENTED_EDGE('',*,*,#8262,.F.);
#8265=ORIENTED_EDGE('',*,*,#8264,.F.);
#8267=ORIENTED_EDGE('',*,*,#8266,.F.);
#8269=ORIENTED_EDGE('',*,*,#8268,.T.);
#8271=ORIENTED_EDGE('',*,*,#8270,.F.);
#8272=ORIENTED_EDGE('',*,*,#8248,.T.);
#8273=ORIENTED_EDGE('',*,*,#8237,.F.);
#8275=ORIENTED_EDGE('',*,*,#8274,.T.);
#8276=EDGE_LOOP('',(#8263,#8265,#8267,#8269,#8271,#8272,#8273,#8275));
#8277=FACE_OUTER_BOUND('',#8276,.F.);
#8279=CARTESIAN_POINT('',(0.E0,-1.334357498361E0,-1.636908052276E-2));
#8280=DIRECTION('',(0.E0,-9.999247640932E-1,-1.226646457209E-2));
#8281=DIRECTION('',(1.E0,0.E0,0.E0));
#8282=AXIS2_PLACEMENT_3D('',#8279,#8280,#8281);
#8283=PLANE('',#8282);
#8284=ORIENTED_EDGE('',*,*,#8262,.T.);
#8286=ORIENTED_EDGE('',*,*,#8285,.T.);
#8287=EDGE_LOOP('',(#8284,#8286));
#8288=FACE_OUTER_BOUND('',#8287,.F.);
#8290=CARTESIAN_POINT('',(0.E0,-2.042260036815E0,0.E0));
#8291=DIRECTION('',(0.E0,1.E0,0.E0));
#8292=DIRECTION('',(1.E0,0.E0,0.E0));
#8293=AXIS2_PLACEMENT_3D('',#8290,#8291,#8292);
#8294=CYLINDRICAL_SURFACE('',#8293,5.115384615383E-1);
#8295=ORIENTED_EDGE('',*,*,#8285,.F.);
#8296=ORIENTED_EDGE('',*,*,#8274,.F.);
#8297=ORIENTED_EDGE('',*,*,#8235,.F.);
#8299=ORIENTED_EDGE('',*,*,#8298,.T.);
#8301=ORIENTED_EDGE('',*,*,#8300,.F.);
#8302=ORIENTED_EDGE('',*,*,#8268,.F.);
#8304=ORIENTED_EDGE('',*,*,#8303,.F.);
#8305=ORIENTED_EDGE('',*,*,#8264,.T.);
#8306=EDGE_LOOP('',(#8295,#8296,#8297,#8299,#8301,#8302,#8304,#8305));
#8307=FACE_OUTER_BOUND('',#8306,.F.);
#8309=CARTESIAN_POINT('',(-2.5E-1,-7.329560196810E-1,-1.3E-1));
#8310=DIRECTION('',(0.E0,0.E0,-1.E0));
#8311=DIRECTION('',(0.E0,-1.E0,0.E0));
#8312=AXIS2_PLACEMENT_3D('',#8309,#8310,#8311);
#8313=PLANE('',#8312);
#8314=ORIENTED_EDGE('',*,*,#8233,.F.);
#8316=ORIENTED_EDGE('',*,*,#8315,.F.);
#8318=ORIENTED_EDGE('',*,*,#8317,.T.);
#8319=ORIENTED_EDGE('',*,*,#8298,.F.);
#8320=EDGE_LOOP('',(#8314,#8316,#8318,#8319));
#8321=FACE_OUTER_BOUND('',#8320,.F.);
#8323=CARTESIAN_POINT('',(0.E0,0.E0,0.E0));
#8324=DIRECTION('',(0.E0,1.E0,0.E0));
#8325=DIRECTION('',(-1.E0,0.E0,0.E0));
#8326=AXIS2_PLACEMENT_3D('',#8323,#8324,#8325);
#8327=CYLINDRICAL_SURFACE('',#8326,8.124230703873E-1);
#8329=ORIENTED_EDGE('',*,*,#8328,.F.);
#8330=ORIENTED_EDGE('',*,*,#8315,.T.);
#8331=ORIENTED_EDGE('',*,*,#8231,.F.);
#8333=ORIENTED_EDGE('',*,*,#8332,.T.);
#8334=EDGE_LOOP('',(#8329,#8330,#8331,#8333));
#8335=FACE_OUTER_BOUND('',#8334,.F.);
#8337=CARTESIAN_POINT('',(0.E0,-5.653846153846E-1,0.E0));
#8338=DIRECTION('',(0.E0,-1.E0,0.E0));
#8339=DIRECTION('',(-1.E0,0.E0,0.E0));
#8340=AXIS2_PLACEMENT_3D('',#8337,#8338,#8339);
#8341=CONICAL_SURFACE('',#8340,7.673076923075E-1,1.506848815950E1);
#8343=ORIENTED_EDGE('',*,*,#8342,.F.);
#8345=ORIENTED_EDGE('',*,*,#8344,.T.);
#8347=ORIENTED_EDGE('',*,*,#8346,.T.);
#8349=ORIENTED_EDGE('',*,*,#8348,.F.);
#8351=ORIENTED_EDGE('',*,*,#8350,.F.);
#8352=ORIENTED_EDGE('',*,*,#8328,.T.);
#8354=ORIENTED_EDGE('',*,*,#8353,.T.);
#8355=EDGE_LOOP('',(#8343,#8345,#8347,#8349,#8351,#8352,#8354));
#8356=FACE_OUTER_BOUND('',#8355,.F.);
#8358=CARTESIAN_POINT('',(0.E0,-9.153846153846E-1,0.E0));
#8359=DIRECTION('',(0.E0,1.E0,0.E0));
#8360=DIRECTION('',(1.E0,0.E0,0.E0));
#8361=AXIS2_PLACEMENT_3D('',#8358,#8359,#8360);
#8362=PLANE('',#8361);
#8364=ORIENTED_EDGE('',*,*,#8363,.T.);
#8365=ORIENTED_EDGE('',*,*,#8342,.T.);
#8367=ORIENTED_EDGE('',*,*,#8366,.T.);
#8369=ORIENTED_EDGE('',*,*,#8368,.T.);
#8370=ORIENTED_EDGE('',*,*,#8205,.T.);
#8372=ORIENTED_EDGE('',*,*,#8371,.F.);
#8373=EDGE_LOOP('',(#8364,#8365,#8367,#8369,#8370,#8372));
#8374=FACE_OUTER_BOUND('',#8373,.F.);
#8376=CARTESIAN_POINT('',(0.E0,-5.653846153846E-1,0.E0));
#8377=DIRECTION('',(0.E0,-1.E0,0.E0));
#8378=DIRECTION('',(-1.E0,0.E0,0.E0));
#8379=AXIS2_PLACEMENT_3D('',#8376,#8377,#8378);
#8380=CONICAL_SURFACE('',#8379,7.673076923075E-1,1.506848815950E1);
#8381=ORIENTED_EDGE('',*,*,#8363,.F.);
#8383=ORIENTED_EDGE('',*,*,#8382,.T.);
#8385=ORIENTED_EDGE('',*,*,#8384,.T.);
#8387=ORIENTED_EDGE('',*,*,#8386,.F.);
#8388=ORIENTED_EDGE('',*,*,#8348,.T.);
#8390=ORIENTED_EDGE('',*,*,#8389,.T.);
#8391=ORIENTED_EDGE('',*,*,#8344,.F.);
#8392=EDGE_LOOP('',(#8381,#8383,#8385,#8387,#8388,#8390,#8391));
#8393=FACE_OUTER_BOUND('',#8392,.F.);
#8395=CARTESIAN_POINT('',(-1.303982293777E0,0.E0,2.000000000001E-1));
#8396=DIRECTION('',(0.E0,0.E0,1.E0));
#8397=DIRECTION('',(1.E0,0.E0,0.E0));
#8398=AXIS2_PLACEMENT_3D('',#8395,#8396,#8397);
#8399=PLANE('',#8398);
#8400=ORIENTED_EDGE('',*,*,#8382,.F.);
#8401=ORIENTED_EDGE('',*,*,#8371,.T.);
#8402=ORIENTED_EDGE('',*,*,#8203,.F.);
#8403=ORIENTED_EDGE('',*,*,#8224,.F.);
#8405=ORIENTED_EDGE('',*,*,#8404,.F.);
#8406=EDGE_LOOP('',(#8400,#8401,#8402,#8403,#8405));
#8407=FACE_OUTER_BOUND('',#8406,.F.);
#8409=CARTESIAN_POINT('',(0.E0,0.E0,0.E0));
#8410=DIRECTION('',(0.E0,1.E0,0.E0));
#8411=DIRECTION('',(-1.E0,0.E0,0.E0));
#8412=AXIS2_PLACEMENT_3D('',#8409,#8410,#8411);
#8413=CYLINDRICAL_SURFACE('',#8412,8.124230703873E-1);
#8414=ORIENTED_EDGE('',*,*,#8384,.F.);
#8415=ORIENTED_EDGE('',*,*,#8404,.T.);
#8416=ORIENTED_EDGE('',*,*,#8222,.F.);
#8417=ORIENTED_EDGE('',*,*,#8252,.T.);
#8418=EDGE_LOOP('',(#8414,#8415,#8416,#8417));
#8419=FACE_OUTER_BOUND('',#8418,.F.);
#8421=CARTESIAN_POINT('',(-2.5E-1,-7.329560196810E-1,1.3E-1));
#8422=DIRECTION('',(0.E0,1.E0,0.E0));
#8423=DIRECTION('',(0.E0,0.E0,-1.E0));
#8424=AXIS2_PLACEMENT_3D('',#8421,#8422,#8423);
#8425=PLANE('',#8424);
#8426=ORIENTED_EDGE('',*,*,#8386,.T.);
#8427=ORIENTED_EDGE('',*,*,#8250,.T.);
#8428=ORIENTED_EDGE('',*,*,#8270,.T.);
#8429=ORIENTED_EDGE('',*,*,#8300,.T.);
#8430=ORIENTED_EDGE('',*,*,#8317,.F.);
#8431=ORIENTED_EDGE('',*,*,#8350,.T.);
#8432=EDGE_LOOP('',(#8426,#8427,#8428,#8429,#8430,#8431));
#8433=FACE_OUTER_BOUND('',#8432,.F.);
#8435=CARTESIAN_POINT('',(0.E0,-2.042260036815E0,0.E0));
#8436=DIRECTION('',(0.E0,1.E0,0.E0));
#8437=DIRECTION('',(1.E0,0.E0,0.E0));
#8438=AXIS2_PLACEMENT_3D('',#8435,#8436,#8437);
#8439=CYLINDRICAL_SURFACE('',#8438,6.730769230767E-1);
#8441=ORIENTED_EDGE('',*,*,#8440,.F.);
#8442=ORIENTED_EDGE('',*,*,#8389,.F.);
#8444=ORIENTED_EDGE('',*,*,#8443,.T.);
#8446=ORIENTED_EDGE('',*,*,#8445,.F.);
#8447=EDGE_LOOP('',(#8441,#8442,#8444,#8446));
#8448=FACE_OUTER_BOUND('',#8447,.F.);
#8450=CARTESIAN_POINT('',(0.E0,-2.042260036815E0,0.E0));
#8451=DIRECTION('',(0.E0,1.E0,0.E0));
#8452=DIRECTION('',(1.E0,0.E0,0.E0));
#8453=AXIS2_PLACEMENT_3D('',#8450,#8451,#8452);
#8454=CYLINDRICAL_SURFACE('',#8453,6.730769230767E-1);
#8455=ORIENTED_EDGE('',*,*,#8440,.T.);
#8457=ORIENTED_EDGE('',*,*,#8456,.F.);
#8458=ORIENTED_EDGE('',*,*,#8443,.F.);
#8459=ORIENTED_EDGE('',*,*,#8346,.F.);
#8460=EDGE_LOOP('',(#8455,#8457,#8458,#8459));
#8461=FACE_OUTER_BOUND('',#8460,.F.);
#8463=CARTESIAN_POINT('',(0.E0,0.E0,0.E0));
#8464=DIRECTION('',(0.E0,1.E0,0.E0));
#8465=DIRECTION('',(1.E0,0.E0,0.E0));
#8466=AXIS2_PLACEMENT_3D('',#8463,#8464,#8465);
#8467=PLANE('',#8466);
#8468=ORIENTED_EDGE('',*,*,#8456,.T.);
#8469=ORIENTED_EDGE('',*,*,#8445,.T.);
#8470=EDGE_LOOP('',(#8468,#8469));
#8471=FACE_OUTER_BOUND('',#8470,.F.);
#8472=ORIENTED_EDGE('',*,*,#8266,.T.);
#8473=ORIENTED_EDGE('',*,*,#8303,.T.);
#8474=EDGE_LOOP('',(#8472,#8473));
#8475=FACE_BOUND('',#8474,.F.);
#8477=CARTESIAN_POINT('',(-7.874206279350E-1,0.E0,-2.E-1));
#8478=DIRECTION('',(0.E0,0.E0,-1.E0));
#8479=DIRECTION('',(-1.E0,0.E0,0.E0));
#8480=AXIS2_PLACEMENT_3D('',#8477,#8478,#8479);
#8481=PLANE('',#8480);
#8482=ORIENTED_EDGE('',*,*,#8353,.F.);
#8483=ORIENTED_EDGE('',*,*,#8332,.F.);
#8484=ORIENTED_EDGE('',*,*,#8229,.F.);
#8486=ORIENTED_EDGE('',*,*,#8485,.F.);
#8487=ORIENTED_EDGE('',*,*,#8366,.F.);
#8488=EDGE_LOOP('',(#8482,#8483,#8484,#8486,#8487));
#8489=FACE_OUTER_BOUND('',#8488,.F.);
#8491=CARTESIAN_POINT('',(0.E0,-2.042260036815E0,0.E0));
#8492=DIRECTION('',(0.E0,1.E0,0.E0));
#8493=DIRECTION('',(1.E0,0.E0,0.E0));
#8494=AXIS2_PLACEMENT_3D('',#8491,#8492,#8493);
#8495=CYLINDRICAL_SURFACE('',#8494,1.076923076923E0);
#8496=ORIENTED_EDGE('',*,*,#8227,.F.);
#8497=ORIENTED_EDGE('',*,*,#8210,.F.);
#8498=ORIENTED_EDGE('',*,*,#8191,.F.);
#8499=ORIENTED_EDGE('',*,*,#8207,.T.);
#8500=ORIENTED_EDGE('',*,*,#8368,.F.);
#8501=ORIENTED_EDGE('',*,*,#8485,.T.);
#8502=EDGE_LOOP('',(#8496,#8497,#8498,#8499,#8500,#8501));
#8503=FACE_OUTER_BOUND('',#8502,.F.);
#8505=CLOSED_SHELL('',(#8195,#8214,#8241,#8256,#8278,#8289,#8308,#8322,#8336,
#8357,#8375,#8394,#8408,#8420,#8434,#8449,#8462,#8476,#8490,#8504));
#8506=MANIFOLD_SOLID_BREP('',#8505);
#8507=FILL_AREA_STYLE_COLOUR('',#7678);
#8508=FILL_AREA_STYLE('',(#8507));
#8509=SURFACE_STYLE_FILL_AREA(#8508);
#8510=SURFACE_SIDE_STYLE('',(#8509));
#8511=SURFACE_STYLE_USAGE(.BOTH.,#8510);
#8512=PRESENTATION_STYLE_ASSIGNMENT((#8511));
#7679=STYLED_ITEM('',(#8512),#8506);
#8515=PLANE_ANGLE_MEASURE_WITH_UNIT(PLANE_ANGLE_MEASURE(1.745329251994E-2),
#8514);
#8516=(CONVERSION_BASED_UNIT('DEGREE',#8515)NAMED_UNIT(*)PLANE_ANGLE_UNIT());
#8518=UNCERTAINTY_MEASURE_WITH_UNIT(LENGTH_MEASURE(3.507790129707E-4),#8513,
'distance_accuracy_value',
'Maximum model space distance between geometric entities at asserted connectivities');
#8520=CARTESIAN_POINT('',(0.E0,0.E0,0.E0));
#8521=DIRECTION('',(0.E0,0.E0,1.E0));
#8522=DIRECTION('',(1.E0,0.E0,0.E0));
#8525=PRODUCT_CONTEXT('',#773,'mechanical');
#8526=PRODUCT('RF-113-2_1_1_1_1_1','RF-113-2_1_1_1_1_1','NOT SPECIFIED',
(#8525));
#8527=PRODUCT_DEFINITION_FORMATION('1','LAST_VERSION',#8526);
#8535=DERIVED_UNIT_ELEMENT(#8534,2.E0);
#8536=DERIVED_UNIT((#8535));
#8537=MEASURE_REPRESENTATION_ITEM('surface area measure',AREA_MEASURE(
2.105362629055E1),#8536);
#8542=DERIVED_UNIT_ELEMENT(#8541,3.E0);
#8543=DERIVED_UNIT((#8542));
#8544=MEASURE_REPRESENTATION_ITEM('volume measure',VOLUME_MEASURE(
3.439273833260E0),#8543);
#8548=CARTESIAN_POINT('centre point',(1.718935587455E-2,-1.158570453184E0,
-1.918162157401E-4));
#8553=DERIVED_UNIT_ELEMENT(#8552,2.E0);
#8554=DERIVED_UNIT((#8553));
#8555=MEASURE_REPRESENTATION_ITEM('surface area measure',AREA_MEASURE(
2.105362629055E1),#8554);
#8560=DERIVED_UNIT_ELEMENT(#8559,3.E0);
#8561=DERIVED_UNIT((#8560));
#8562=MEASURE_REPRESENTATION_ITEM('volume measure',VOLUME_MEASURE(
3.439273833260E0),#8561);
#8566=CARTESIAN_POINT('centre point',(1.718935587455E-2,-1.158570453184E0,
-1.918162157401E-4));
#8573=CARTESIAN_POINT('centre point',(1.718935587455E-2,-1.158570453184E0,
-1.918162157401E-4));
#8577=CARTESIAN_POINT('',(0.E0,0.E0,0.E0));
#8578=DIRECTION('',(0.E0,0.E0,1.E0));
#8579=DIRECTION('',(1.E0,0.E0,0.E0));
#8580=AXIS2_PLACEMENT_3D('',#8577,#8578,#8579);
#8581=ITEM_DEFINED_TRANSFORMATION('','',#8523,#8580);
#8582=CARTESIAN_POINT('',(0.E0,0.E0,0.E0));
#8583=DIRECTION('',(0.E0,0.E0,1.E0));
#8584=DIRECTION('',(1.E0,0.E0,0.E0));
#8586=(REPRESENTATION_RELATIONSHIP('','',#8524,#7660)REPRESENTATION_RELATIONSHIP_WITH_TRANSFORMATION(#8581)SHAPE_REPRESENTATION_RELATIONSHIP());
#8587=CONTEXT_DEPENDENT_SHAPE_REPRESENTATION(#8586,#8572);
#8589=DIRECTION('',(0.E0,1.226646457249E-2,-9.999247640932E-1));
#8590=VECTOR('',#8589,1.884758461730E-1);
#8591=CARTESIAN_POINT('',(-2.5E-1,-1.238457472726E0,3.184616660218E-1));
#8592=LINE('',#8591,#8590);
#8593=CURVE_STYLE('',#1267,POSITIVE_LENGTH_MEASURE(2.E-2),#232);
#8594=PRESENTATION_STYLE_ASSIGNMENT((#8593));
#8595=STYLED_ITEM('',(#8594),#8592);
#8596=CARTESIAN_POINT('',(-2.5E-1,-1.075934905338E0,3.193626298782E-1));
#8597=DIRECTION('',(-1.E0,0.E0,0.E0));
#8598=DIRECTION('',(0.E0,-9.999311703823E-1,-1.173262535984E-2));
#8599=AXIS2_PLACEMENT_3D('',#8596,#8597,#8598);
#8601=CURVE_STYLE('',#1267,POSITIVE_LENGTH_MEASURE(2.E-2),#232);
#8602=PRESENTATION_STYLE_ASSIGNMENT((#8601));
#8603=STYLED_ITEM('',(#8602),#8600);
#8604=DIRECTION('',(0.E0,9.999961188339E-1,2.786093523673E-3));
#8605=VECTOR('',#8604,1.566455664747E-1);
#8606=CARTESIAN_POINT('',(-2.5E-1,-1.077572399367E0,3.718673501235E-1));
#8607=LINE('',#8606,#8605);
#8608=CURVE_STYLE('',#1267,POSITIVE_LENGTH_MEASURE(2.E-2),#232);
#8609=PRESENTATION_STYLE_ASSIGNMENT((#8608));
#8610=STYLED_ITEM('',(#8609),#8607);
#8611=CARTESIAN_POINT('',(-2.5E-1,-9.202684937638E-1,3.184616660195E-1));
#8612=DIRECTION('',(-1.E0,0.E0,0.E0));
#8613=DIRECTION('',(0.E0,-1.223319147248E-2,9.999251717136E-1));
#8614=AXIS2_PLACEMENT_3D('',#8611,#8612,#8613);
#8616=CURVE_STYLE('',#1267,POSITIVE_LENGTH_MEASURE(2.E-2),#232);
#8617=PRESENTATION_STYLE_ASSIGNMENT((#8616));
#8618=STYLED_ITEM('',(#8617),#8615);
#8619=CARTESIAN_POINT('',(-2.5E-1,-9.202684937638E-1,3.184616660195E-1));
#8620=DIRECTION('',(-1.E0,0.E0,0.E0));
#8621=DIRECTION('',(0.E0,3.974048406093E-4,9.999999210347E-1));
#8622=AXIS2_PLACEMENT_3D('',#8619,#8620,#8621);
#8624=CURVE_STYLE('',#1267,POSITIVE_LENGTH_MEASURE(2.E-2),#232);
#8625=PRESENTATION_STYLE_ASSIGNMENT((#8624));
#8626=STYLED_ITEM('',(#8625),#8623);
#8627=DIRECTION('',(0.E0,9.598052919958E-1,-2.806667088503E-1));
#8628=VECTOR('',#8627,5.516675619066E-1);
#8629=CARTESIAN_POINT('',(-2.5E-1,-8.387524132740E-1,3.701434894346E-1));
#8630=LINE('',#8629,#8628);
#8631=CURVE_STYLE('',#1267,POSITIVE_LENGTH_MEASURE(2.E-2),#232);
#8632=PRESENTATION_STYLE_ASSIGNMENT((#8631));
#8633=STYLED_ITEM('',(#8632),#8630);
#8634=CARTESIAN_POINT('',(-2.5E-1,-2.639204995688E-1,3.703542406967E-1));
#8635=DIRECTION('',(1.E0,0.E0,0.E0));
#8636=DIRECTION('',(0.E0,-2.806667089251E-1,-9.598052919739E-1));
#8637=AXIS2_PLACEMENT_3D('',#8634,#8635,#8636);
#8639=CURVE_STYLE('',#1267,POSITIVE_LENGTH_MEASURE(2.E-2),#232);
#8640=PRESENTATION_STYLE_ASSIGNMENT((#8639));
#8641=STYLED_ITEM('',(#8640),#8638);
#8642=CARTESIAN_POINT('',(-2.5E-1,-2.639204995688E-1,3.703542406967E-1));
#8643=DIRECTION('',(1.E0,0.E0,0.E0));
#8644=DIRECTION('',(0.E0,0.E0,-1.E0));
#8645=AXIS2_PLACEMENT_3D('',#8642,#8643,#8644);
#8647=CURVE_STYLE('',#1267,POSITIVE_LENGTH_MEASURE(2.E-2),#232);
#8648=PRESENTATION_STYLE_ASSIGNMENT((#8647));
#8649=STYLED_ITEM('',(#8648),#8646);
#8650=DIRECTION('',(0.E0,7.349145951424E-1,6.781596698763E-1));
#8651=VECTOR('',#8650,1.577191310740E-1);
#8652=CARTESIAN_POINT('',(-2.5E-1,-1.543716298209E-1,2.516372676340E-1));
#8653=LINE('',#8652,#8651);
#8654=CURVE_STYLE('',#1267,POSITIVE_LENGTH_MEASURE(2.E-2),#232);
#8655=PRESENTATION_STYLE_ASSIGNMENT((#8654));
#8656=STYLED_ITEM('',(#8655),#8653);
#8657=DIRECTION('',(0.E0,-6.781596686636E-1,7.349145962614E-1));
#8658=VECTOR('',#8657,4.307692300310E-2);
#8659=CARTESIAN_POINT('',(-2.5E-1,-3.846153846151E-2,3.585960214963E-1));
#8660=LINE('',#8659,#8658);
#8661=CURVE_STYLE('',#1267,POSITIVE_LENGTH_MEASURE(2.E-2),#232);
#8662=PRESENTATION_STYLE_ASSIGNMENT((#8661));
#8663=STYLED_ITEM('',(#8662),#8660);
#8664=DIRECTION('',(0.E0,-9.991943951243E-1,4.013179228795E-2));
#8665=VECTOR('',#8664,9.137995336664E-2);
#8666=CARTESIAN_POINT('',(-2.5E-1,-6.767457029234E-2,3.902538809733E-1));
#8667=LINE('',#8666,#8665);
#8668=CURVE_STYLE('',#1267,POSITIVE_LENGTH_MEASURE(2.E-2),#232);
#8669=PRESENTATION_STYLE_ASSIGNMENT((#8668));
#8670=STYLED_ITEM('',(#8669),#8667);
#8671=DIRECTION('',(0.E0,-7.349145952462E-1,-6.781596697638E-1));
#8672=VECTOR('',#8671,9.310374643901E-2);
#8673=CARTESIAN_POINT('',(-2.5E-1,-1.589809075230E-1,3.939211222811E-1));
#8674=LINE('',#8673,#8672);
#8675=CURVE_STYLE('',#1267,POSITIVE_LENGTH_MEASURE(2.E-2),#232);
#8676=PRESENTATION_STYLE_ASSIGNMENT((#8675));
#8677=STYLED_ITEM('',(#8676),#8674);
#8678=CARTESIAN_POINT('',(-2.5E-1,-2.639204995694E-1,3.703542406962E-1));
#8679=DIRECTION('',(-1.E0,0.E0,0.E0));
#8680=DIRECTION('',(0.E0,6.781596698763E-1,-7.349145951424E-1));
#8681=AXIS2_PLACEMENT_3D('',#8678,#8679,#8680);
#8683=CURVE_STYLE('',#1267,POSITIVE_LENGTH_MEASURE(2.E-2),#232);
#8684=PRESENTATION_STYLE_ASSIGNMENT((#8683));
#8685=STYLED_ITEM('',(#8684),#8682);
#8686=CARTESIAN_POINT('',(-2.5E-1,-2.639204995694E-1,3.703542406962E-1));
#8687=DIRECTION('',(-1.E0,0.E0,0.E0));
#8688=DIRECTION('',(0.E0,0.E0,-1.E0));
#8689=AXIS2_PLACEMENT_3D('',#8686,#8687,#8688);
#8691=CURVE_STYLE('',#1267,POSITIVE_LENGTH_MEASURE(2.E-2),#232);
#8692=PRESENTATION_STYLE_ASSIGNMENT((#8691));
#8693=STYLED_ITEM('',(#8692),#8690);
#8694=DIRECTION('',(0.E0,-9.598052919932E-1,2.806667088591E-1));
#8695=VECTOR('',#8694,5.516675618996E-1);
#8696=CARTESIAN_POINT('',(-2.5E-1,-2.790333223585E-1,3.186724172825E-1));
#8697=LINE('',#8696,#8695);
#8698=CURVE_STYLE('',#1267,POSITIVE_LENGTH_MEASURE(2.E-2),#232);
#8699=PRESENTATION_STYLE_ASSIGNMENT((#8698));
#8700=STYLED_ITEM('',(#8699),#8697);
#8701=DIRECTION('',(0.E0,-1.E0,-4.937825767436E-11));
#8702=VECTOR('',#8701,6.640325771315E-2);
#8703=CARTESIAN_POINT('',(-2.5E-1,-8.085267676907E-1,4.735071362652E-1));
#8704=LINE('',#8703,#8702);
#8705=CURVE_STYLE('',#1267,POSITIVE_LENGTH_MEASURE(2.E-2),#232);
#8706=PRESENTATION_STYLE_ASSIGNMENT((#8705));
#8707=STYLED_ITEM('',(#8706),#8704);
#8708=CARTESIAN_POINT('',(-2.5E-1,-9.202684937662E-1,3.184616660195E-1));
#8709=DIRECTION('',(1.E0,0.E0,0.E0));
#8710=DIRECTION('',(0.E0,2.806667089126E-1,9.598052919776E-1));
#8711=AXIS2_PLACEMENT_3D('',#8708,#8709,#8710);
#8713=CURVE_STYLE('',#1267,POSITIVE_LENGTH_MEASURE(2.E-2),#232);
#8714=PRESENTATION_STYLE_ASSIGNMENT((#8713));
#8715=STYLED_ITEM('',(#8714),#8712);
#8716=CARTESIAN_POINT('',(-2.5E-1,-9.202684937662E-1,3.184616660195E-1));
#8717=DIRECTION('',(1.E0,0.E0,0.E0));
#8718=DIRECTION('',(0.E0,1.467753371758E-5,9.999999998923E-1));
#8719=AXIS2_PLACEMENT_3D('',#8716,#8717,#8718);
#8721=CURVE_STYLE('',#1267,POSITIVE_LENGTH_MEASURE(2.E-2),#232);
#8722=PRESENTATION_STYLE_ASSIGNMENT((#8721));
#8723=STYLED_ITEM('',(#8722),#8720);
#8724=DIRECTION('',(0.E0,-1.E0,-2.182505136697E-7));
#8725=VECTOR('',#8724,2.400045594693E-1);
#8726=CARTESIAN_POINT('',(-2.500000000255E-1,-9.222479635378E-1,
4.799879836513E-1));
#8727=LINE('',#8726,#8725);
#8728=CURVE_STYLE('',#1267,POSITIVE_LENGTH_MEASURE(2.E-2),#232);
#8729=PRESENTATION_STYLE_ASSIGNMENT((#8728));
#8730=STYLED_ITEM('',(#8729),#8727);
#8731=CARTESIAN_POINT('',(-2.5E-1,-1.078612190586E0,3.417889104753E-1));
#8732=DIRECTION('',(1.E0,0.E0,0.E0));
#8733=DIRECTION('',(0.E0,-5.177734864170E-1,8.555177477783E-1));
#8734=AXIS2_PLACEMENT_3D('',#8731,#8732,#8733);
#8736=CURVE_STYLE('',#1267,POSITIVE_LENGTH_MEASURE(2.E-2),#232);
#8737=PRESENTATION_STYLE_ASSIGNMENT((#8736));
#8738=STYLED_ITEM('',(#8737),#8735);
#8739=DIRECTION('',(-1.E0,2.759697232640E-14,-1.180167075177E-12));
#8740=VECTOR('',#8739,7.E-1);
#8741=CARTESIAN_POINT('',(-2.5E-1,-1.238457472726E0,3.184616660218E-1));
#8742=LINE('',#8741,#8740);
#8743=CURVE_STYLE('',#1267,POSITIVE_LENGTH_MEASURE(2.E-2),#232);
#8744=PRESENTATION_STYLE_ASSIGNMENT((#8743));
#8745=STYLED_ITEM('',(#8744),#8742);
#8746=DIRECTION('',(1.E0,1.190159082398E-13,0.E0));
#8747=VECTOR('',#8746,5.E-1);
#8748=CARTESIAN_POINT('',(-2.5E-1,-1.232956019681E0,-1.3E-1));
#8749=LINE('',#8748,#8747);
#8750=CURVE_STYLE('',#1267,POSITIVE_LENGTH_MEASURE(2.E-2),#232);
#8751=PRESENTATION_STYLE_ASSIGNMENT((#8750));
#8752=STYLED_ITEM('',(#8751),#8749);
#8753=DIRECTION('',(1.E0,1.385558334732E-13,0.E0));
#8754=VECTOR('',#8753,5.E-1);
#8755=CARTESIAN_POINT('',(-2.5E-1,-1.236145540436E0,1.3E-1));
#8756=LINE('',#8755,#8754);
#8757=CURVE_STYLE('',#1267,POSITIVE_LENGTH_MEASURE(2.E-2),#232);
#8758=PRESENTATION_STYLE_ASSIGNMENT((#8757));
#8759=STYLED_ITEM('',(#8758),#8756);
#8760=DIRECTION('',(0.E0,-1.E0,-1.391851208876E-14));
#8761=VECTOR('',#8760,1.076840019742E-1);
#8762=CARTESIAN_POINT('',(-2.5E-1,-1.128461538462E0,1.3E-1));
#8763=LINE('',#8762,#8761);
#8764=CURVE_STYLE('',#1267,POSITIVE_LENGTH_MEASURE(2.E-2),#232);
#8765=PRESENTATION_STYLE_ASSIGNMENT((#8764));
#8766=STYLED_ITEM('',(#8765),#8763);
#8767=DIRECTION('',(0.E0,-9.598052919932E-1,-2.806667088591E-1));
#8768=VECTOR('',#8767,5.516675618990E-1);
#8769=CARTESIAN_POINT('',(2.5E-1,-2.790333223591E-1,-3.186724172827E-1));
#8770=LINE('',#8769,#8768);
#8771=CURVE_STYLE('',#1267,POSITIVE_LENGTH_MEASURE(2.E-2),#232);
#8772=PRESENTATION_STYLE_ASSIGNMENT((#8771));
#8773=STYLED_ITEM('',(#8772),#8770);
#8774=DIRECTION('',(0.E0,-1.E0,4.947773814004E-11));
#8775=VECTOR('',#8774,6.640325771308E-2);
#8776=CARTESIAN_POINT('',(2.5E-1,-8.085267676908E-1,-4.735071362652E-1));
#8777=LINE('',#8776,#8775);
#8778=CURVE_STYLE('',#1267,POSITIVE_LENGTH_MEASURE(2.E-2),#232);
#8779=PRESENTATION_STYLE_ASSIGNMENT((#8778));
#8780=STYLED_ITEM('',(#8779),#8777);
#8781=CARTESIAN_POINT('',(2.5E-1,-9.202684937662E-1,-3.184616660195E-1));
#8782=DIRECTION('',(-1.E0,0.E0,0.E0));
#8783=DIRECTION('',(0.E0,2.806667089126E-1,-9.598052919776E-1));
#8784=AXIS2_PLACEMENT_3D('',#8781,#8782,#8783);
#8786=CURVE_STYLE('',#1267,POSITIVE_LENGTH_MEASURE(2.E-2),#232);
#8787=PRESENTATION_STYLE_ASSIGNMENT((#8786));
#8788=STYLED_ITEM('',(#8787),#8785);
#8789=CARTESIAN_POINT('',(2.5E-1,-9.202684937662E-1,-3.184616660195E-1));
#8790=DIRECTION('',(-1.E0,0.E0,0.E0));
#8791=DIRECTION('',(0.E0,0.E0,-1.E0));
#8792=AXIS2_PLACEMENT_3D('',#8789,#8790,#8791);
#8794=CURVE_STYLE('',#1267,POSITIVE_LENGTH_MEASURE(2.E-2),#232);
#8795=PRESENTATION_STYLE_ASSIGNMENT((#8794));
#8796=STYLED_ITEM('',(#8795),#8793);
#8797=DIRECTION('',(0.E0,-1.E0,2.180931535206E-7));
#8798=VECTOR('',#8797,2.400045550276E-1);
#8799=CARTESIAN_POINT('',(2.5E-1,-9.222479679795E-1,-4.799879836135E-1));
#8800=LINE('',#8799,#8798);
#8801=CURVE_STYLE('',#1267,POSITIVE_LENGTH_MEASURE(2.E-2),#232);
#8802=PRESENTATION_STYLE_ASSIGNMENT((#8801));
#8803=STYLED_ITEM('',(#8802),#8800);
#8804=CARTESIAN_POINT('',(2.5E-1,-1.078612190586E0,-3.417889104753E-1));
#8805=DIRECTION('',(-1.E0,0.E0,0.E0));
#8806=DIRECTION('',(0.E0,-5.177734864170E-1,-8.555177477783E-1));
#8807=AXIS2_PLACEMENT_3D('',#8804,#8805,#8806);
#8809=CURVE_STYLE('',#1267,POSITIVE_LENGTH_MEASURE(2.E-2),#232);
#8810=PRESENTATION_STYLE_ASSIGNMENT((#8809));
#8811=STYLED_ITEM('',(#8810),#8808);
#8812=DIRECTION('',(0.E0,-9.999244838611E-1,-1.228928700857E-2));
#8813=VECTOR('',#8812,9.218769136454E-2);
#8814=CARTESIAN_POINT('',(2.5E-1,-1.238457009744E0,-3.184595560768E-1));
#8815=LINE('',#8814,#8813);
#8816=CURVE_STYLE('',#1267,POSITIVE_LENGTH_MEASURE(2.E-2),#232);
#8817=PRESENTATION_STYLE_ASSIGNMENT((#8816));
#8818=STYLED_ITEM('',(#8817),#8815);
#8819=DIRECTION('',(0.E0,-1.226646457233E-2,9.999247640932E-1));
#8820=VECTOR('',#8819,6.368754125375E-1);
#8821=CARTESIAN_POINT('',(2.5E-1,-1.330637739450E0,-3.195924770746E-1));
#8822=LINE('',#8821,#8820);
#8823=CURVE_STYLE('',#1267,POSITIVE_LENGTH_MEASURE(2.E-2),#232);
#8824=PRESENTATION_STYLE_ASSIGNMENT((#8823));
#8825=STYLED_ITEM('',(#8824),#8822);
#8826=DIRECTION('',(0.E0,9.999247640932E-1,1.226646457518E-2));
#8827=VECTOR('',#8826,9.999999999971E-2);
#8828=CARTESIAN_POINT('',(2.5E-1,-1.338449949135E0,3.172350195638E-1));
#8829=LINE('',#8828,#8827);
#8830=CURVE_STYLE('',#1267,POSITIVE_LENGTH_MEASURE(2.E-2),#232);
#8831=PRESENTATION_STYLE_ASSIGNMENT((#8830));
#8832=STYLED_ITEM('',(#8831),#8829);
#8833=CARTESIAN_POINT('',(2.5E-1,-1.078612190586E0,3.417889104753E-1));
#8834=DIRECTION('',(-1.E0,0.E0,0.E0));
#8835=DIRECTION('',(0.E0,-9.895184132472E-1,-1.444067513822E-1));
#8836=AXIS2_PLACEMENT_3D('',#8833,#8834,#8835);
#8838=CURVE_STYLE('',#1267,POSITIVE_LENGTH_MEASURE(2.E-2),#232);
#8839=PRESENTATION_STYLE_ASSIGNMENT((#8838));
#8840=STYLED_ITEM('',(#8839),#8837);
#8841=DIRECTION('',(0.E0,1.E0,2.181261639571E-7));
#8842=VECTOR('',#8841,2.400053854657E-1);
#8843=CARTESIAN_POINT('',(2.499999999776E-1,-1.162252523007E0,
4.799879312702E-1));
#8844=LINE('',#8843,#8842);
#8845=CURVE_STYLE('',#1267,POSITIVE_LENGTH_MEASURE(2.E-2),#232);
#8846=PRESENTATION_STYLE_ASSIGNMENT((#8845));
#8847=STYLED_ITEM('',(#8846),#8844);
#8848=CARTESIAN_POINT('',(2.5E-1,-9.202684937662E-1,3.184616660195E-1));
#8849=DIRECTION('',(-1.E0,0.E0,0.E0));
#8850=DIRECTION('',(0.E0,-1.224619322060E-2,9.999250125642E-1));
#8851=AXIS2_PLACEMENT_3D('',#8848,#8849,#8850);
#8853=CURVE_STYLE('',#1267,POSITIVE_LENGTH_MEASURE(2.E-2),#232);
#8854=PRESENTATION_STYLE_ASSIGNMENT((#8853));
#8855=STYLED_ITEM('',(#8854),#8852);
#8856=CARTESIAN_POINT('',(2.5E-1,-9.202684937662E-1,3.184616660195E-1));
#8857=DIRECTION('',(-1.E0,0.E0,0.E0));
#8858=DIRECTION('',(0.E0,0.E0,1.E0));
#8859=AXIS2_PLACEMENT_3D('',#8856,#8857,#8858);
#8861=CURVE_STYLE('',#1267,POSITIVE_LENGTH_MEASURE(2.E-2),#232);
#8862=PRESENTATION_STYLE_ASSIGNMENT((#8861));
#8863=STYLED_ITEM('',(#8862),#8860);
#8864=DIRECTION('',(0.E0,1.E0,4.918264062415E-11));
#8865=VECTOR('',#8864,6.640325771335E-2);
#8866=CARTESIAN_POINT('',(2.5E-1,-8.749300254039E-1,4.735071362619E-1));
#8867=LINE('',#8866,#8865);
#8868=CURVE_STYLE('',#1267,POSITIVE_LENGTH_MEASURE(2.E-2),#232);
#8869=PRESENTATION_STYLE_ASSIGNMENT((#8868));
#8870=STYLED_ITEM('',(#8869),#8867);
#8871=DIRECTION('',(0.E0,9.598052919932E-1,-2.806667088592E-1));
#8872=VECTOR('',#8871,5.516675619013E-1);
#8873=CARTESIAN_POINT('',(2.5E-1,-8.085267676905E-1,4.735071362652E-1));
#8874=LINE('',#8873,#8872);
#8875=CURVE_STYLE('',#1267,POSITIVE_LENGTH_MEASURE(2.E-2),#232);
#8876=PRESENTATION_STYLE_ASSIGNMENT((#8875));
#8877=STYLED_ITEM('',(#8876),#8874);
#8878=CARTESIAN_POINT('',(2.5E-1,-2.639204995694E-1,3.703542406962E-1));
#8879=DIRECTION('',(1.E0,0.E0,0.E0));
#8880=DIRECTION('',(0.E0,-2.806667088530E-1,-9.598052919950E-1));
#8881=AXIS2_PLACEMENT_3D('',#8878,#8879,#8880);
#8883=CURVE_STYLE('',#1267,POSITIVE_LENGTH_MEASURE(2.E-2),#232);
#8884=PRESENTATION_STYLE_ASSIGNMENT((#8883));
#8885=STYLED_ITEM('',(#8884),#8882);
#8886=CARTESIAN_POINT('',(2.5E-1,-2.639204995694E-1,3.703542406962E-1));
#8887=DIRECTION('',(1.E0,0.E0,0.E0));
#8888=DIRECTION('',(0.E0,0.E0,-1.E0));
#8889=AXIS2_PLACEMENT_3D('',#8886,#8887,#8888);
#8891=CURVE_STYLE('',#1267,POSITIVE_LENGTH_MEASURE(2.E-2),#232);
#8892=PRESENTATION_STYLE_ASSIGNMENT((#8891));
#8893=STYLED_ITEM('',(#8892),#8890);
#8894=DIRECTION('',(0.E0,7.349145952462E-1,6.781596697638E-1));
#8895=VECTOR('',#8894,9.310374643913E-2);
#8896=CARTESIAN_POINT('',(2.5E-1,-2.274042096532E-1,3.307819163422E-1));
#8897=LINE('',#8896,#8895);
#8898=CURVE_STYLE('',#1267,POSITIVE_LENGTH_MEASURE(2.E-2),#232);
#8899=PRESENTATION_STYLE_ASSIGNMENT((#8898));
#8900=STYLED_ITEM('',(#8899),#8897);
#8901=DIRECTION('',(0.E0,9.991943951243E-1,-4.013179228796E-2));
#8902=VECTOR('',#8901,9.137995336664E-2);
#8903=CARTESIAN_POINT('',(2.5E-1,-1.589809075230E-1,3.939211222811E-1));
#8904=LINE('',#8903,#8902);
#8905=CURVE_STYLE('',#1267,POSITIVE_LENGTH_MEASURE(2.E-2),#232);
#8906=PRESENTATION_STYLE_ASSIGNMENT((#8905));
#8907=STYLED_ITEM('',(#8906),#8904);
#8908=DIRECTION('',(0.E0,6.781596686636E-1,-7.349145962614E-1));
#8909=VECTOR('',#8908,4.307692300309E-2);
#8910=CARTESIAN_POINT('',(2.5E-1,-6.767457029234E-2,3.902538809733E-1));
#8911=LINE('',#8910,#8909);
#8912=CURVE_STYLE('',#1267,POSITIVE_LENGTH_MEASURE(2.E-2),#232);
#8913=PRESENTATION_STYLE_ASSIGNMENT((#8912));
#8914=STYLED_ITEM('',(#8913),#8911);
#8915=DIRECTION('',(0.E0,-7.349145951424E-1,-6.781596698763E-1));
#8916=VECTOR('',#8915,1.577191310738E-1);
#8917=CARTESIAN_POINT('',(2.5E-1,-3.846153846152E-2,3.585960214963E-1));
#8918=LINE('',#8917,#8916);
#8919=CURVE_STYLE('',#1267,POSITIVE_LENGTH_MEASURE(2.E-2),#232);
#8920=PRESENTATION_STYLE_ASSIGNMENT((#8919));
#8921=STYLED_ITEM('',(#8920),#8918);
#8922=CARTESIAN_POINT('',(2.5E-1,-2.639204995688E-1,3.703542406967E-1));
#8923=DIRECTION('',(-1.E0,0.E0,0.E0));
#8924=DIRECTION('',(0.E0,6.781596698712E-1,-7.349145951471E-1));
#8925=AXIS2_PLACEMENT_3D('',#8922,#8923,#8924);
#8927=CURVE_STYLE('',#1267,POSITIVE_LENGTH_MEASURE(2.E-2),#232);
#8928=PRESENTATION_STYLE_ASSIGNMENT((#8927));
#8929=STYLED_ITEM('',(#8928),#8926);
#8930=CARTESIAN_POINT('',(2.5E-1,-2.639204995688E-1,3.703542406967E-1));
#8931=DIRECTION('',(-1.E0,0.E0,0.E0));
#8932=DIRECTION('',(0.E0,0.E0,-1.E0));
#8933=AXIS2_PLACEMENT_3D('',#8930,#8931,#8932);
#8935=CURVE_STYLE('',#1267,POSITIVE_LENGTH_MEASURE(2.E-2),#232);
#8936=PRESENTATION_STYLE_ASSIGNMENT((#8935));
#8937=STYLED_ITEM('',(#8936),#8934);
#8938=DIRECTION('',(0.E0,-9.598052919958E-1,2.806667088503E-1));
#8939=VECTOR('',#8938,5.516675619071E-1);
#8940=CARTESIAN_POINT('',(2.5E-1,-3.092589679331E-1,2.153087704547E-1));
#8941=LINE('',#8940,#8939);
#8942=CURVE_STYLE('',#1267,POSITIVE_LENGTH_MEASURE(2.E-2),#232);
#8943=PRESENTATION_STYLE_ASSIGNMENT((#8942));
#8944=STYLED_ITEM('',(#8943),#8941);
#8945=DIRECTION('',(0.E0,-1.E0,-1.273349960233E-11));
#8946=VECTOR('',#8945,6.640325770299E-2);
#8947=CARTESIAN_POINT('',(2.5E-1,-8.387524132739E-1,3.701434894346E-1));
#8948=LINE('',#8947,#8946);
#8949=CURVE_STYLE('',#1267,POSITIVE_LENGTH_MEASURE(2.E-2),#232);
#8950=PRESENTATION_STYLE_ASSIGNMENT((#8949));
#8951=STYLED_ITEM('',(#8950),#8948);
#8952=CARTESIAN_POINT('',(2.5E-1,-9.202684937638E-1,3.184616660195E-1));
#8953=DIRECTION('',(1.E0,0.E0,0.E0));
#8954=DIRECTION('',(0.E0,2.806667089047E-1,9.598052919799E-1));
#8955=AXIS2_PLACEMENT_3D('',#8952,#8953,#8954);
#8957=CURVE_STYLE('',#1267,POSITIVE_LENGTH_MEASURE(2.E-2),#232);
#8958=PRESENTATION_STYLE_ASSIGNMENT((#8957));
#8959=STYLED_ITEM('',(#8958),#8956);
#8960=CARTESIAN_POINT('',(2.5E-1,-9.202684937638E-1,3.184616660195E-1));
#8961=DIRECTION('',(1.E0,0.E0,0.E0));
#8962=DIRECTION('',(0.E0,4.029663951427E-4,9.999999188090E-1));
#8963=AXIS2_PLACEMENT_3D('',#8960,#8961,#8962);
#8965=CURVE_STYLE('',#1267,POSITIVE_LENGTH_MEASURE(2.E-2),#232);
#8966=PRESENTATION_STYLE_ASSIGNMENT((#8965));
#8967=STYLED_ITEM('',(#8966),#8964);
#8968=DIRECTION('',(0.E0,-9.999961188339E-1,-2.786093537002E-3));
#8969=VECTOR('',#8968,1.566450827667E-1);
#8970=CARTESIAN_POINT('',(2.5E-1,-9.209279245657E-1,3.723037779762E-1));
#8971=LINE('',#8970,#8969);
#8972=CURVE_STYLE('',#1267,POSITIVE_LENGTH_MEASURE(2.E-2),#232);
#8973=PRESENTATION_STYLE_ASSIGNMENT((#8972));
#8974=STYLED_ITEM('',(#8973),#8971);
#8975=CARTESIAN_POINT('',(2.5E-1,-1.075934905338E0,3.193626298782E-1));
#8976=DIRECTION('',(1.E0,0.E0,0.E0));
#8977=DIRECTION('',(0.E0,-3.117240194330E-2,9.995140225915E-1));
#8978=AXIS2_PLACEMENT_3D('',#8975,#8976,#8977);
#8980=CURVE_STYLE('',#1267,POSITIVE_LENGTH_MEASURE(2.E-2),#232);
#8981=PRESENTATION_STYLE_ASSIGNMENT((#8980));
#8982=STYLED_ITEM('',(#8981),#8979);
#8983=DIRECTION('',(0.E0,-3.023394884323E-12,-1.E0));
#8984=VECTOR('',#8983,1.887463121726E-1);
#8985=CARTESIAN_POINT('',(2.5E-1,-1.128461538461E0,3.187463121726E-1));
#8986=LINE('',#8985,#8984);
#8987=CURVE_STYLE('',#1267,POSITIVE_LENGTH_MEASURE(2.E-2),#232);
#8988=PRESENTATION_STYLE_ASSIGNMENT((#8987));
#8989=STYLED_ITEM('',(#8988),#8986);
#8990=DIRECTION('',(0.E0,-1.E0,-1.726926499903E-14));
#8991=VECTOR('',#8990,1.076840019741E-1);
#8992=CARTESIAN_POINT('',(2.5E-1,-1.128461538462E0,1.3E-1));
#8993=LINE('',#8992,#8991);
#8994=CURVE_STYLE('',#1267,POSITIVE_LENGTH_MEASURE(2.E-2),#232);
#8995=PRESENTATION_STYLE_ASSIGNMENT((#8994));
#8996=STYLED_ITEM('',(#8995),#8993);
#8997=DIRECTION('',(0.E0,1.226646457165E-2,-9.999247640932E-1));
#8998=VECTOR('',#8997,2.600195628076E-1);
#8999=CARTESIAN_POINT('',(2.5E-1,-1.236145540436E0,1.3E-1));
#9000=LINE('',#8999,#8998);
#9001=CURVE_STYLE('',#1267,POSITIVE_LENGTH_MEASURE(2.E-2),#232);
#9002=PRESENTATION_STYLE_ASSIGNMENT((#9001));
#9003=STYLED_ITEM('',(#9002),#9000);
#9004=CARTESIAN_POINT('',(2.5E-1,-1.075934905338E0,-3.193626298782E-1));
#9005=DIRECTION('',(1.E0,0.E0,0.E0));
#9006=DIRECTION('',(0.E0,-9.999311703824E-1,1.173262535681E-2));
#9007=AXIS2_PLACEMENT_3D('',#9004,#9005,#9006);
#9009=CURVE_STYLE('',#1267,POSITIVE_LENGTH_MEASURE(2.E-2),#232);
#9010=PRESENTATION_STYLE_ASSIGNMENT((#9009));
#9011=STYLED_ITEM('',(#9010),#9008);
#9012=DIRECTION('',(0.E0,9.999961188339E-1,-2.786093523673E-3));
#9013=VECTOR('',#9012,1.566455664747E-1);
#9014=CARTESIAN_POINT('',(2.5E-1,-1.077572399367E0,-3.718673501235E-1));
#9015=LINE('',#9014,#9013);
#9016=CURVE_STYLE('',#1267,POSITIVE_LENGTH_MEASURE(2.E-2),#232);
#9017=PRESENTATION_STYLE_ASSIGNMENT((#9016));
#9018=STYLED_ITEM('',(#9017),#9015);
#9019=CARTESIAN_POINT('',(2.5E-1,-9.202684937638E-1,-3.184616660195E-1));
#9020=DIRECTION('',(1.E0,0.E0,0.E0));
#9021=DIRECTION('',(0.E0,-1.223319147248E-2,-9.999251717136E-1));
#9022=AXIS2_PLACEMENT_3D('',#9019,#9020,#9021);
#9024=CURVE_STYLE('',#1267,POSITIVE_LENGTH_MEASURE(2.E-2),#232);
#9025=PRESENTATION_STYLE_ASSIGNMENT((#9024));
#9026=STYLED_ITEM('',(#9025),#9023);
#9027=CARTESIAN_POINT('',(2.5E-1,-9.202684937638E-1,-3.184616660195E-1));
#9028=DIRECTION('',(1.E0,0.E0,0.E0));
#9029=DIRECTION('',(0.E0,3.974048406093E-4,-9.999999210347E-1));
#9030=AXIS2_PLACEMENT_3D('',#9027,#9028,#9029);
#9032=CURVE_STYLE('',#1267,POSITIVE_LENGTH_MEASURE(2.E-2),#232);
#9033=PRESENTATION_STYLE_ASSIGNMENT((#9032));
#9034=STYLED_ITEM('',(#9033),#9031);
#9035=DIRECTION('',(0.E0,9.598052919958E-1,2.806667088503E-1));
#9036=VECTOR('',#9035,5.516675619066E-1);
#9037=CARTESIAN_POINT('',(2.5E-1,-8.387524132739E-1,-3.701434894346E-1));
#9038=LINE('',#9037,#9036);
#9039=CURVE_STYLE('',#1267,POSITIVE_LENGTH_MEASURE(2.E-2),#232);
#9040=PRESENTATION_STYLE_ASSIGNMENT((#9039));
#9041=STYLED_ITEM('',(#9040),#9038);
#9042=CARTESIAN_POINT('',(2.5E-1,-2.639204995688E-1,-3.703542406967E-1));
#9043=DIRECTION('',(-1.E0,0.E0,0.E0));
#9044=DIRECTION('',(0.E0,-2.806667089251E-1,9.598052919739E-1));
#9045=AXIS2_PLACEMENT_3D('',#9042,#9043,#9044);
#9047=CURVE_STYLE('',#1267,POSITIVE_LENGTH_MEASURE(2.E-2),#232);
#9048=PRESENTATION_STYLE_ASSIGNMENT((#9047));
#9049=STYLED_ITEM('',(#9048),#9046);
#9050=CARTESIAN_POINT('',(2.5E-1,-2.639204995688E-1,-3.703542406967E-1));
#9051=DIRECTION('',(-1.E0,0.E0,0.E0));
#9052=DIRECTION('',(0.E0,0.E0,1.E0));
#9053=AXIS2_PLACEMENT_3D('',#9050,#9051,#9052);
#9055=CURVE_STYLE('',#1267,POSITIVE_LENGTH_MEASURE(2.E-2),#232);
#9056=PRESENTATION_STYLE_ASSIGNMENT((#9055));
#9057=STYLED_ITEM('',(#9056),#9054);
#9058=DIRECTION('',(0.E0,7.349145951424E-1,-6.781596698763E-1));
#9059=VECTOR('',#9058,1.577191310742E-1);
#9060=CARTESIAN_POINT('',(2.5E-1,-1.543716298211E-1,-2.516372676339E-1));
#9061=LINE('',#9060,#9059);
#9062=CURVE_STYLE('',#1267,POSITIVE_LENGTH_MEASURE(2.E-2),#232);
#9063=PRESENTATION_STYLE_ASSIGNMENT((#9062));
#9064=STYLED_ITEM('',(#9063),#9061);
#9065=DIRECTION('',(0.E0,-6.781596686635E-1,-7.349145962615E-1));
#9066=VECTOR('',#9065,4.307692300308E-2);
#9067=CARTESIAN_POINT('',(2.5E-1,-3.846153846153E-2,-3.585960214963E-1));
#9068=LINE('',#9067,#9066);
#9069=CURVE_STYLE('',#1267,POSITIVE_LENGTH_MEASURE(2.E-2),#232);
#9070=PRESENTATION_STYLE_ASSIGNMENT((#9069));
#9071=STYLED_ITEM('',(#9070),#9068);
#9072=DIRECTION('',(0.E0,-9.991943951243E-1,-4.013179228796E-2));
#9073=VECTOR('',#9072,9.137995336664E-2);
#9074=CARTESIAN_POINT('',(2.5E-1,-6.767457029234E-2,-3.902538809733E-1));
#9075=LINE('',#9074,#9073);
#9076=CURVE_STYLE('',#1267,POSITIVE_LENGTH_MEASURE(2.E-2),#232);
#9077=PRESENTATION_STYLE_ASSIGNMENT((#9076));
#9078=STYLED_ITEM('',(#9077),#9075);
#9079=DIRECTION('',(0.E0,-7.349145952462E-1,6.781596697638E-1));
#9080=VECTOR('',#9079,9.310374643901E-2);
#9081=CARTESIAN_POINT('',(2.5E-1,-1.589809075230E-1,-3.939211222811E-1));
#9082=LINE('',#9081,#9080);
#9083=CURVE_STYLE('',#1267,POSITIVE_LENGTH_MEASURE(2.E-2),#232);
#9084=PRESENTATION_STYLE_ASSIGNMENT((#9083));
#9085=STYLED_ITEM('',(#9084),#9082);
#9086=CARTESIAN_POINT('',(2.5E-1,-2.639204995694E-1,-3.703542406962E-1));
#9087=DIRECTION('',(1.E0,0.E0,0.E0));
#9088=DIRECTION('',(0.E0,6.781596698763E-1,7.349145951424E-1));
#9089=AXIS2_PLACEMENT_3D('',#9086,#9087,#9088);
#9091=CURVE_STYLE('',#1267,POSITIVE_LENGTH_MEASURE(2.E-2),#232);
#9092=PRESENTATION_STYLE_ASSIGNMENT((#9091));
#9093=STYLED_ITEM('',(#9092),#9090);
#9094=CARTESIAN_POINT('',(2.5E-1,-2.639204995694E-1,-3.703542406962E-1));
#9095=DIRECTION('',(1.E0,0.E0,0.E0));
#9096=DIRECTION('',(0.E0,0.E0,1.E0));
#9097=AXIS2_PLACEMENT_3D('',#9094,#9095,#9096);
#9099=CURVE_STYLE('',#1267,POSITIVE_LENGTH_MEASURE(2.E-2),#232);
#9100=PRESENTATION_STYLE_ASSIGNMENT((#9099));
#9101=STYLED_ITEM('',(#9100),#9098);
#9102=DIRECTION('',(1.E0,-4.229949723822E-13,-1.998401444325E-14));
#9103=VECTOR('',#9102,5.E-1);
#9104=CARTESIAN_POINT('',(-2.5E-1,-8.085267676906E-1,-4.735071362652E-1));
#9105=LINE('',#9104,#9103);
#9106=CURVE_STYLE('',#1267,POSITIVE_LENGTH_MEASURE(2.E-2),#232);
#9107=PRESENTATION_STYLE_ASSIGNMENT((#9106));
#9108=STYLED_ITEM('',(#9107),#9105);
#9109=DIRECTION('',(0.E0,1.226646457290E-2,-9.999247640932E-1));
#9110=VECTOR('',#9109,1.883847365264E-1);
#9111=CARTESIAN_POINT('',(-2.5E-1,-1.232956019681E0,-1.3E-1));
#9112=LINE('',#9111,#9110);
#9113=CURVE_STYLE('',#1267,POSITIVE_LENGTH_MEASURE(2.E-2),#232);
#9114=PRESENTATION_STYLE_ASSIGNMENT((#9113));
#9115=STYLED_ITEM('',(#9114),#9112);
#9116=CARTESIAN_POINT('',(-2.5E-1,-1.230645204984E0,-3.183705632299E-1));
#9117=CARTESIAN_POINT('',(-2.5E-1,-1.233248923536E0,-3.184025040544E-1));
#9118=CARTESIAN_POINT('',(-2.5E-1,-1.235852623373E0,-3.184270160087E-1));
#9119=CARTESIAN_POINT('',(-2.5E-1,-1.238456341924E0,-3.184589568332E-1));
#9121=CURVE_STYLE('',#1267,POSITIVE_LENGTH_MEASURE(2.E-2),#232);
#9122=PRESENTATION_STYLE_ASSIGNMENT((#9121));
#9123=STYLED_ITEM('',(#9122),#9120);
#9124=CARTESIAN_POINT('',(-2.5E-1,-1.078612190586E0,-3.417889104753E-1));
#9125=DIRECTION('',(1.E0,0.E0,0.E0));
#9126=DIRECTION('',(0.E0,-9.895143441008E-1,1.444346316460E-1));
#9127=AXIS2_PLACEMENT_3D('',#9124,#9125,#9126);
#9129=CURVE_STYLE('',#1267,POSITIVE_LENGTH_MEASURE(2.E-2),#232);
#9130=PRESENTATION_STYLE_ASSIGNMENT((#9129));
#9131=STYLED_ITEM('',(#9130),#9128);
#9132=DIRECTION('',(0.E0,1.E0,-2.180593779433E-7));
#9133=VECTOR('',#9132,2.400053841540E-1);
#9134=CARTESIAN_POINT('',(-2.5E-1,-1.162252523007E0,-4.799879312702E-1));
#9135=LINE('',#9134,#9133);
#9136=CURVE_STYLE('',#1267,POSITIVE_LENGTH_MEASURE(2.E-2),#232);
#9137=PRESENTATION_STYLE_ASSIGNMENT((#9136));
#9138=STYLED_ITEM('',(#9137),#9135);
#9139=CARTESIAN_POINT('',(-2.5E-1,-9.202684937662E-1,-3.184616660195E-1));
#9140=DIRECTION('',(1.E0,0.E0,0.E0));
#9141=DIRECTION('',(0.E0,-1.224619327616E-2,-9.999250125636E-1));
#9142=AXIS2_PLACEMENT_3D('',#9139,#9140,#9141);
#9144=CURVE_STYLE('',#1267,POSITIVE_LENGTH_MEASURE(2.E-2),#232);
#9145=PRESENTATION_STYLE_ASSIGNMENT((#9144));
#9146=STYLED_ITEM('',(#9145),#9143);
#9147=CARTESIAN_POINT('',(-2.5E-1,-9.202684937662E-1,-3.184616660195E-1));
#9148=DIRECTION('',(1.E0,0.E0,0.E0));
#9149=DIRECTION('',(0.E0,0.E0,-1.E0));
#9150=AXIS2_PLACEMENT_3D('',#9147,#9148,#9149);
#9152=CURVE_STYLE('',#1267,POSITIVE_LENGTH_MEASURE(2.E-2),#232);
#9153=PRESENTATION_STYLE_ASSIGNMENT((#9152));
#9154=STYLED_ITEM('',(#9153),#9151);
#9155=DIRECTION('',(0.E0,1.E0,-4.923948660453E-11));
#9156=VECTOR('',#9155,6.640325771332E-2);
#9157=CARTESIAN_POINT('',(-2.5E-1,-8.749300254039E-1,-4.735071362619E-1));
#9158=LINE('',#9157,#9156);
#9159=CURVE_STYLE('',#1267,POSITIVE_LENGTH_MEASURE(2.E-2),#232);
#9160=PRESENTATION_STYLE_ASSIGNMENT((#9159));
#9161=STYLED_ITEM('',(#9160),#9158);
#9162=DIRECTION('',(0.E0,9.598052919932E-1,2.806667088592E-1));
#9163=VECTOR('',#9162,5.516675619013E-1);
#9164=CARTESIAN_POINT('',(-2.5E-1,-8.085267676906E-1,-4.735071362652E-1));
#9165=LINE('',#9164,#9163);
#9166=CURVE_STYLE('',#1267,POSITIVE_LENGTH_MEASURE(2.E-2),#232);
#9167=PRESENTATION_STYLE_ASSIGNMENT((#9166));
#9168=STYLED_ITEM('',(#9167),#9165);
#9169=CARTESIAN_POINT('',(-2.5E-1,-2.639204995694E-1,-3.703542406962E-1));
#9170=DIRECTION('',(-1.E0,0.E0,0.E0));
#9171=DIRECTION('',(0.E0,-2.806667088529E-1,9.598052919950E-1));
#9172=AXIS2_PLACEMENT_3D('',#9169,#9170,#9171);
#9174=CURVE_STYLE('',#1267,POSITIVE_LENGTH_MEASURE(2.E-2),#232);
#9175=PRESENTATION_STYLE_ASSIGNMENT((#9174));
#9176=STYLED_ITEM('',(#9175),#9173);
#9177=CARTESIAN_POINT('',(-2.5E-1,-2.639204995694E-1,-3.703542406962E-1));
#9178=DIRECTION('',(-1.E0,0.E0,0.E0));
#9179=DIRECTION('',(0.E0,0.E0,1.E0));
#9180=AXIS2_PLACEMENT_3D('',#9177,#9178,#9179);
#9182=CURVE_STYLE('',#1267,POSITIVE_LENGTH_MEASURE(2.E-2),#232);
#9183=PRESENTATION_STYLE_ASSIGNMENT((#9182));
#9184=STYLED_ITEM('',(#9183),#9181);
#9185=DIRECTION('',(0.E0,7.349145952462E-1,-6.781596697638E-1));
#9186=VECTOR('',#9185,9.310374643913E-2);
#9187=CARTESIAN_POINT('',(-2.5E-1,-2.274042096532E-1,-3.307819163422E-1));
#9188=LINE('',#9187,#9186);
#9189=CURVE_STYLE('',#1267,POSITIVE_LENGTH_MEASURE(2.E-2),#232);
#9190=PRESENTATION_STYLE_ASSIGNMENT((#9189));
#9191=STYLED_ITEM('',(#9190),#9188);
#9192=DIRECTION('',(0.E0,9.991943951243E-1,4.013179228798E-2));
#9193=VECTOR('',#9192,9.137995336665E-2);
#9194=CARTESIAN_POINT('',(-2.5E-1,-1.589809075230E-1,-3.939211222811E-1));
#9195=LINE('',#9194,#9193);
#9196=CURVE_STYLE('',#1267,POSITIVE_LENGTH_MEASURE(2.E-2),#232);
#9197=PRESENTATION_STYLE_ASSIGNMENT((#9196));
#9198=STYLED_ITEM('',(#9197),#9195);
#9199=DIRECTION('',(0.E0,6.781596686635E-1,7.349145962615E-1));
#9200=VECTOR('',#9199,4.307692300308E-2);
#9201=CARTESIAN_POINT('',(-2.5E-1,-6.767457029233E-2,-3.902538809733E-1));
#9202=LINE('',#9201,#9200);
#9203=CURVE_STYLE('',#1267,POSITIVE_LENGTH_MEASURE(2.E-2),#232);
#9204=PRESENTATION_STYLE_ASSIGNMENT((#9203));
#9205=STYLED_ITEM('',(#9204),#9202);
#9206=DIRECTION('',(0.E0,-7.349145951424E-1,6.781596698763E-1));
#9207=VECTOR('',#9206,1.577191310737E-1);
#9208=CARTESIAN_POINT('',(-2.5E-1,-3.846153846152E-2,-3.585960214963E-1));
#9209=LINE('',#9208,#9207);
#9210=CURVE_STYLE('',#1267,POSITIVE_LENGTH_MEASURE(2.E-2),#232);
#9211=PRESENTATION_STYLE_ASSIGNMENT((#9210));
#9212=STYLED_ITEM('',(#9211),#9209);
#9213=CARTESIAN_POINT('',(-2.5E-1,-2.639204995688E-1,-3.703542406967E-1));
#9214=DIRECTION('',(1.E0,0.E0,0.E0));
#9215=DIRECTION('',(0.E0,6.781596698717E-1,7.349145951466E-1));
#9216=AXIS2_PLACEMENT_3D('',#9213,#9214,#9215);
#9218=CURVE_STYLE('',#1267,POSITIVE_LENGTH_MEASURE(2.E-2),#232);
#9219=PRESENTATION_STYLE_ASSIGNMENT((#9218));
#9220=STYLED_ITEM('',(#9219),#9217);
#9221=CARTESIAN_POINT('',(-2.5E-1,-2.639204995688E-1,-3.703542406967E-1));
#9222=DIRECTION('',(1.E0,0.E0,0.E0));
#9223=DIRECTION('',(0.E0,0.E0,1.E0));
#9224=AXIS2_PLACEMENT_3D('',#9221,#9222,#9223);
#9226=CURVE_STYLE('',#1267,POSITIVE_LENGTH_MEASURE(2.E-2),#232);
#9227=PRESENTATION_STYLE_ASSIGNMENT((#9226));
#9228=STYLED_ITEM('',(#9227),#9225);
#9229=DIRECTION('',(0.E0,-9.598052919958E-1,-2.806667088503E-1));
#9230=VECTOR('',#9229,5.516675619070E-1);
#9231=CARTESIAN_POINT('',(-2.5E-1,-3.092589679331E-1,-2.153087704547E-1));
#9232=LINE('',#9231,#9230);
#9233=CURVE_STYLE('',#1267,POSITIVE_LENGTH_MEASURE(2.E-2),#232);
#9234=PRESENTATION_STYLE_ASSIGNMENT((#9233));
#9235=STYLED_ITEM('',(#9234),#9232);
#9236=DIRECTION('',(0.E0,-1.E0,1.267247377046E-11));
#9237=VECTOR('',#9236,6.640325770302E-2);
#9238=CARTESIAN_POINT('',(-2.5E-1,-8.387524132739E-1,-3.701434894346E-1));
#9239=LINE('',#9238,#9237);
#9240=CURVE_STYLE('',#1267,POSITIVE_LENGTH_MEASURE(2.E-2),#232);
#9241=PRESENTATION_STYLE_ASSIGNMENT((#9240));
#9242=STYLED_ITEM('',(#9241),#9239);
#9243=CARTESIAN_POINT('',(-2.5E-1,-9.202684937638E-1,-3.184616660195E-1));
#9244=DIRECTION('',(-1.E0,0.E0,0.E0));
#9245=DIRECTION('',(0.E0,2.806667089048E-1,-9.598052919799E-1));
#9246=AXIS2_PLACEMENT_3D('',#9243,#9244,#9245);
#9248=CURVE_STYLE('',#1267,POSITIVE_LENGTH_MEASURE(2.E-2),#232);
#9249=PRESENTATION_STYLE_ASSIGNMENT((#9248));
#9250=STYLED_ITEM('',(#9249),#9247);
#9251=CARTESIAN_POINT('',(-2.5E-1,-9.202684937638E-1,-3.184616660195E-1));
#9252=DIRECTION('',(-1.E0,0.E0,0.E0));
#9253=DIRECTION('',(0.E0,4.029663951221E-4,-9.999999188090E-1));
#9254=AXIS2_PLACEMENT_3D('',#9251,#9252,#9253);
#9256=CURVE_STYLE('',#1267,POSITIVE_LENGTH_MEASURE(2.E-2),#232);
#9257=PRESENTATION_STYLE_ASSIGNMENT((#9256));
#9258=STYLED_ITEM('',(#9257),#9255);
#9259=DIRECTION('',(0.E0,-9.999961188339E-1,2.786093537002E-3));
#9260=VECTOR('',#9259,1.566450827667E-1);
#9261=CARTESIAN_POINT('',(-2.5E-1,-9.209279245657E-1,-3.723037779762E-1));
#9262=LINE('',#9261,#9260);
#9263=CURVE_STYLE('',#1267,POSITIVE_LENGTH_MEASURE(2.E-2),#232);
#9264=PRESENTATION_STYLE_ASSIGNMENT((#9263));
#9265=STYLED_ITEM('',(#9264),#9262);
#9266=CARTESIAN_POINT('',(-2.5E-1,-1.075934905338E0,-3.193626298782E-1));
#9267=DIRECTION('',(-1.E0,0.E0,0.E0));
#9268=DIRECTION('',(0.E0,-3.117240194330E-2,-9.995140225915E-1));
#9269=AXIS2_PLACEMENT_3D('',#9266,#9267,#9268);
#9271=CURVE_STYLE('',#1267,POSITIVE_LENGTH_MEASURE(2.E-2),#232);
#9272=PRESENTATION_STYLE_ASSIGNMENT((#9271));
#9273=STYLED_ITEM('',(#9272),#9270);
#9274=DIRECTION('',(0.E0,-3.131625362797E-12,1.E0));
#9275=VECTOR('',#9274,1.887463121650E-1);
#9276=CARTESIAN_POINT('',(-2.5E-1,-1.128461538461E0,-3.187463121650E-1));
#9277=LINE('',#9276,#9275);
#9278=CURVE_STYLE('',#1267,POSITIVE_LENGTH_MEASURE(2.E-2),#232);
#9279=PRESENTATION_STYLE_ASSIGNMENT((#9278));
#9280=STYLED_ITEM('',(#9279),#9277);
#9281=DIRECTION('',(0.E0,-1.E0,0.E0));
#9282=VECTOR('',#9281,1.044944812190E-1);
#9283=CARTESIAN_POINT('',(-2.5E-1,-1.128461538462E0,-1.3E-1));
#9284=LINE('',#9283,#9282);
#9285=CURVE_STYLE('',#1267,POSITIVE_LENGTH_MEASURE(2.E-2),#232);
#9286=PRESENTATION_STYLE_ASSIGNMENT((#9285));
#9287=STYLED_ITEM('',(#9286),#9284);
#9288=DIRECTION('',(-9.999999999984E-1,1.335640339215E-6,1.198487168617E-6));
#9289=VECTOR('',#9288,5.000000000008E-1);
#9290=CARTESIAN_POINT('',(2.5E-1,-1.238457009744E0,-3.184595560768E-1));
#9291=LINE('',#9290,#9289);
#9292=CURVE_STYLE('',#1267,POSITIVE_LENGTH_MEASURE(2.E-2),#232);
#9293=PRESENTATION_STYLE_ASSIGNMENT((#9292));
#9294=STYLED_ITEM('',(#9293),#9291);
#9295=DIRECTION('',(-9.999999999771E-1,-8.293820867994E-8,6.760875028635E-6));
#9296=VECTOR('',#9295,7.000000000160E-1);
#9297=CARTESIAN_POINT('',(-2.5E-1,-1.230645204984E0,-3.183705632299E-1));
#9298=LINE('',#9297,#9296);
#9299=CURVE_STYLE('',#1267,POSITIVE_LENGTH_MEASURE(2.E-2),#232);
#9300=PRESENTATION_STYLE_ASSIGNMENT((#9299));
#9301=STYLED_ITEM('',(#9300),#9298);
#9302=DIRECTION('',(-1.E0,-4.263256414561E-14,3.785860513972E-14));
#9303=VECTOR('',#9302,5.E-1);
#9304=CARTESIAN_POINT('',(2.5E-1,-1.162252523007E0,-4.799879312702E-1));
#9305=LINE('',#9304,#9303);
#9306=CURVE_STYLE('',#1267,POSITIVE_LENGTH_MEASURE(2.E-2),#232);
#9307=PRESENTATION_STYLE_ASSIGNMENT((#9306));
#9308=STYLED_ITEM('',(#9307),#9305);
#9309=DIRECTION('',(-1.E0,-7.616129948929E-14,-1.121325254871E-14));
#9310=VECTOR('',#9309,5.E-1);
#9311=CARTESIAN_POINT('',(2.5E-1,-8.749300254039E-1,-4.735071362619E-1));
#9312=LINE('',#9311,#9310);
#9313=CURVE_STYLE('',#1267,POSITIVE_LENGTH_MEASURE(2.E-2),#232);
#9314=PRESENTATION_STYLE_ASSIGNMENT((#9313));
#9315=STYLED_ITEM('',(#9314),#9312);
#9316=DIRECTION('',(9.999999999986E-1,-1.658252793744E-6,-1.588895681690E-11));
#9317=VECTOR('',#9316,5.000000000007E-1);
#9318=CARTESIAN_POINT('',(-2.5E-1,-9.222471388531E-1,-4.799879836056E-1));
#9319=LINE('',#9318,#9317);
#9320=CURVE_STYLE('',#1267,POSITIVE_LENGTH_MEASURE(2.E-2),#232);
#9321=PRESENTATION_STYLE_ASSIGNMENT((#9320));
#9322=STYLED_ITEM('',(#9321),#9319);
#9323=DIRECTION('',(0.E0,-9.999247640932E-1,-1.226646457205E-2));
#9324=VECTOR('',#9323,9.999999999972E-2);
#9325=CARTESIAN_POINT('',(-9.5E-1,-1.238457472726E0,3.184616660210E-1));
#9326=LINE('',#9325,#9324);
#9327=CURVE_STYLE('',#1267,POSITIVE_LENGTH_MEASURE(2.E-2),#232);
#9328=PRESENTATION_STYLE_ASSIGNMENT((#9327));
#9329=STYLED_ITEM('',(#9328),#9326);
#9330=DIRECTION('',(0.E0,1.226646457233E-2,-9.999247640932E-1));
#9331=VECTOR('',#9330,6.368754125376E-1);
#9332=CARTESIAN_POINT('',(-9.5E-1,-1.338449949135E0,3.172350195638E-1));
#9333=LINE('',#9332,#9331);
#9334=CURVE_STYLE('',#1267,POSITIVE_LENGTH_MEASURE(2.E-2),#232);
#9335=PRESENTATION_STYLE_ASSIGNMENT((#9334));
#9336=STYLED_ITEM('',(#9335),#9333);
#9337=DIRECTION('',(0.E0,9.999247640932E-1,1.226646457202E-2));
#9338=VECTOR('',#9337,9.999999999973E-2);
#9339=CARTESIAN_POINT('',(-9.5E-1,-1.330637739450E0,-3.195924770746E-1));
#9340=LINE('',#9339,#9338);
#9341=CURVE_STYLE('',#1267,POSITIVE_LENGTH_MEASURE(2.E-2),#232);
#9342=PRESENTATION_STYLE_ASSIGNMENT((#9341));
#9343=STYLED_ITEM('',(#9342),#9340);
#9344=DIRECTION('',(0.E0,-1.226646457234E-2,9.999247640932E-1));
#9345=VECTOR('',#9344,6.368754125376E-1);
#9346=CARTESIAN_POINT('',(-9.5E-1,-1.230645263041E0,-3.183658306174E-1));
#9347=LINE('',#9346,#9345);
#9348=CURVE_STYLE('',#1267,POSITIVE_LENGTH_MEASURE(2.E-2),#232);
#9349=PRESENTATION_STYLE_ASSIGNMENT((#9348));
#9350=STYLED_ITEM('',(#9349),#9347);
#9351=DIRECTION('',(-1.E0,-6.513308411134E-14,-1.401656568589E-14));
#9352=VECTOR('',#9351,1.2E0);
#9353=CARTESIAN_POINT('',(2.5E-1,-1.330637739450E0,-3.195924770746E-1));
#9354=LINE('',#9353,#9352);
#9355=CURVE_STYLE('',#1267,POSITIVE_LENGTH_MEASURE(2.E-2),#232);
#9356=PRESENTATION_STYLE_ASSIGNMENT((#9355));
#9357=STYLED_ITEM('',(#9356),#9354);
#9358=DIRECTION('',(1.E0,6.531812128211E-14,0.E0));
#9359=VECTOR('',#9358,1.2E0);
#9360=CARTESIAN_POINT('',(-9.5E-1,-1.338449949135E0,3.172350195638E-1));
#9361=LINE('',#9360,#9359);
#9362=CURVE_STYLE('',#1267,POSITIVE_LENGTH_MEASURE(2.E-2),#232);
#9363=PRESENTATION_STYLE_ASSIGNMENT((#9362));
#9364=STYLED_ITEM('',(#9363),#9361);
#9365=DIRECTION('',(-1.E0,-1.723066134218E-13,1.024957896334E-12));
#9366=VECTOR('',#9365,5.E-1);
#9367=CARTESIAN_POINT('',(2.5E-1,-1.238457472726E0,3.184616660213E-1));
#9368=LINE('',#9367,#9366);
#9369=CURVE_STYLE('',#1267,POSITIVE_LENGTH_MEASURE(2.E-2),#232);
#9370=PRESENTATION_STYLE_ASSIGNMENT((#9369));
#9371=STYLED_ITEM('',(#9370),#9368);
#9372=DIRECTION('',(1.E0,3.108624468931E-14,0.E0));
#9373=VECTOR('',#9372,5.000000000031E-1);
#9374=CARTESIAN_POINT('',(-2.500000000255E-1,-1.162252523007E0,
4.799879312702E-1));
#9375=LINE('',#9374,#9373);
#9376=CURVE_STYLE('',#1267,POSITIVE_LENGTH_MEASURE(2.E-2),#232);
#9377=PRESENTATION_STYLE_ASSIGNMENT((#9376));
#9378=STYLED_ITEM('',(#9377),#9375);
#9379=DIRECTION('',(-9.999999999986E-1,-1.651992958861E-6,5.932732083335E-11));
#9380=VECTOR('',#9379,5.000000000038E-1);
#9381=CARTESIAN_POINT('',(2.499999999776E-1,-9.222471375413E-1,
4.799879836216E-1));
#9382=LINE('',#9381,#9380);
#9383=CURVE_STYLE('',#1267,POSITIVE_LENGTH_MEASURE(2.E-2),#232);
#9384=PRESENTATION_STYLE_ASSIGNMENT((#9383));
#9385=STYLED_ITEM('',(#9384),#9382);
#9386=DIRECTION('',(1.E0,-6.505906924303E-14,0.E0));
#9387=VECTOR('',#9386,5.E-1);
#9388=CARTESIAN_POINT('',(-2.5E-1,-8.749300254039E-1,4.735071362619E-1));
#9389=LINE('',#9388,#9387);
#9390=CURVE_STYLE('',#1267,POSITIVE_LENGTH_MEASURE(2.E-2),#232);
#9391=PRESENTATION_STYLE_ASSIGNMENT((#9390));
#9392=STYLED_ITEM('',(#9391),#9389);
#9393=DIRECTION('',(1.E0,3.541611448554E-13,-1.676436767184E-14));
#9394=VECTOR('',#9393,5.E-1);
#9395=CARTESIAN_POINT('',(-2.5E-1,-8.085267676907E-1,4.735071362652E-1));
#9396=LINE('',#9395,#9394);
#9397=CURVE_STYLE('',#1267,POSITIVE_LENGTH_MEASURE(2.E-2),#232);
#9398=PRESENTATION_STYLE_ASSIGNMENT((#9397));
#9399=STYLED_ITEM('',(#9398),#9396);
#9400=DIRECTION('',(1.E0,-1.768030166716E-13,-1.522115766761E-13));
#9401=VECTOR('',#9400,5.E-1);
#9402=CARTESIAN_POINT('',(-2.5E-1,-2.274042096531E-1,3.307819163422E-1));
#9403=LINE('',#9402,#9401);
#9404=CURVE_STYLE('',#1267,POSITIVE_LENGTH_MEASURE(2.E-2),#232);
#9405=PRESENTATION_STYLE_ASSIGNMENT((#9404));
#9406=STYLED_ITEM('',(#9405),#9403);
#9407=DIRECTION('',(-1.E0,-3.663180869751E-12,1.006084104915E-12));
#9408=VECTOR('',#9407,5.E-1);
#9409=CARTESIAN_POINT('',(2.5E-1,-2.790333223567E-1,3.186724172820E-1));
#9410=LINE('',#9409,#9408);
#9411=CURVE_STYLE('',#1267,POSITIVE_LENGTH_MEASURE(2.E-2),#232);
#9412=PRESENTATION_STYLE_ASSIGNMENT((#9411));
#9413=STYLED_ITEM('',(#9412),#9410);
#9414=DIRECTION('',(1.E0,0.E0,0.E0));
#9415=VECTOR('',#9414,5.E-1);
#9416=CARTESIAN_POINT('',(-2.5E-1,-1.589809075230E-1,3.939211222811E-1));
#9417=LINE('',#9416,#9415);
#9418=CURVE_STYLE('',#1267,POSITIVE_LENGTH_MEASURE(2.E-2),#232);
#9419=PRESENTATION_STYLE_ASSIGNMENT((#9418));
#9420=STYLED_ITEM('',(#9419),#9417);
#9421=DIRECTION('',(1.E0,0.E0,0.E0));
#9422=VECTOR('',#9421,5.E-1);
#9423=CARTESIAN_POINT('',(-2.5E-1,-6.767457029234E-2,3.902538809733E-1));
#9424=LINE('',#9423,#9422);
#9425=CURVE_STYLE('',#1267,POSITIVE_LENGTH_MEASURE(2.E-2),#232);
#9426=PRESENTATION_STYLE_ASSIGNMENT((#9425));
#9427=STYLED_ITEM('',(#9426),#9424);
#9428=DIRECTION('',(1.E0,-1.663946758157E-14,3.175237850428E-14));
#9429=VECTOR('',#9428,5.E-1);
#9430=CARTESIAN_POINT('',(-2.5E-1,-3.846153846151E-2,3.585960214963E-1));
#9431=LINE('',#9430,#9429);
#9432=CURVE_STYLE('',#1267,POSITIVE_LENGTH_MEASURE(2.E-2),#232);
#9433=PRESENTATION_STYLE_ASSIGNMENT((#9432));
#9434=STYLED_ITEM('',(#9433),#9431);
#9435=DIRECTION('',(1.E0,9.339196083147E-13,-2.800537579617E-13));
#9436=VECTOR('',#9435,5.E-1);
#9437=CARTESIAN_POINT('',(-2.5E-1,-3.092589679336E-1,2.153087704548E-1));
#9438=LINE('',#9437,#9436);
#9439=CURVE_STYLE('',#1267,POSITIVE_LENGTH_MEASURE(2.E-2),#232);
#9440=PRESENTATION_STYLE_ASSIGNMENT((#9439));
#9441=STYLED_ITEM('',(#9440),#9438);
#9442=DIRECTION('',(-1.E0,-2.021716127842E-13,-2.371436380599E-13));
#9443=VECTOR('',#9442,5.E-1);
#9444=CARTESIAN_POINT('',(2.5E-1,-1.543716298208E-1,2.516372676341E-1));
#9445=LINE('',#9444,#9443);
#9446=CURVE_STYLE('',#1267,POSITIVE_LENGTH_MEASURE(2.E-2),#232);
#9447=PRESENTATION_STYLE_ASSIGNMENT((#9446));
#9448=STYLED_ITEM('',(#9447),#9445);
#9449=DIRECTION('',(1.E0,3.419486915845E-14,0.E0));
#9450=VECTOR('',#9449,5.E-1);
#9451=CARTESIAN_POINT('',(-2.5E-1,-8.387524132740E-1,3.701434894346E-1));
#9452=LINE('',#9451,#9450);
#9453=CURVE_STYLE('',#1267,POSITIVE_LENGTH_MEASURE(2.E-2),#232);
#9454=PRESENTATION_STYLE_ASSIGNMENT((#9453));
#9455=STYLED_ITEM('',(#9454),#9452);
#9456=DIRECTION('',(0.E0,-1.E0,-1.279368946390E-11));
#9457=VECTOR('',#9456,6.640325770297E-2);
#9458=CARTESIAN_POINT('',(-2.5E-1,-8.387524132740E-1,3.701434894346E-1));
#9459=LINE('',#9458,#9457);
#9460=CURVE_STYLE('',#1267,POSITIVE_LENGTH_MEASURE(2.E-2),#232);
#9461=PRESENTATION_STYLE_ASSIGNMENT((#9460));
#9462=STYLED_ITEM('',(#9461),#9459);
#9463=DIRECTION('',(9.999999999995E-1,-9.674127281474E-7,-2.691163736300E-9));
#9464=VECTOR('',#9463,5.000000000002E-1);
#9465=CARTESIAN_POINT('',(-2.5E-1,-9.209274408593E-1,3.723037793217E-1));
#9466=LINE('',#9465,#9464);
#9467=CURVE_STYLE('',#1267,POSITIVE_LENGTH_MEASURE(2.E-2),#232);
#9468=PRESENTATION_STYLE_ASSIGNMENT((#9467));
#9469=STYLED_ITEM('',(#9468),#9466);
#9470=DIRECTION('',(-1.E0,0.E0,0.E0));
#9471=VECTOR('',#9470,5.E-1);
#9472=CARTESIAN_POINT('',(2.5E-1,-9.051556709769E-1,3.701434894338E-1));
#9473=LINE('',#9472,#9471);
#9474=CURVE_STYLE('',#1267,POSITIVE_LENGTH_MEASURE(2.E-2),#232);
#9475=PRESENTATION_STYLE_ASSIGNMENT((#9474));
#9476=STYLED_ITEM('',(#9475),#9473);
#9477=DIRECTION('',(1.E0,0.E0,1.177835606825E-11));
#9478=VECTOR('',#9477,5.E-1);
#9479=CARTESIAN_POINT('',(-2.5E-1,-1.128461538461E0,3.187463121667E-1));
#9480=LINE('',#9479,#9478);
#9481=CURVE_STYLE('',#1267,POSITIVE_LENGTH_MEASURE(2.E-2),#232);
#9482=PRESENTATION_STYLE_ASSIGNMENT((#9481));
#9483=STYLED_ITEM('',(#9482),#9480);
#9484=DIRECTION('',(-1.E0,5.391243007580E-13,2.853273173287E-14));
#9485=VECTOR('',#9484,5.E-1);
#9486=CARTESIAN_POINT('',(2.5E-1,-1.077572399367E0,3.718673501235E-1));
#9487=LINE('',#9486,#9485);
#9488=CURVE_STYLE('',#1267,POSITIVE_LENGTH_MEASURE(2.E-2),#232);
#9489=PRESENTATION_STYLE_ASSIGNMENT((#9488));
#9490=STYLED_ITEM('',(#9489),#9487);
#9491=DIRECTION('',(0.E0,-3.023394884417E-12,-1.E0));
#9492=VECTOR('',#9491,1.887463121667E-1);
#9493=CARTESIAN_POINT('',(-2.5E-1,-1.128461538461E0,3.187463121667E-1));
#9494=LINE('',#9493,#9492);
#9495=CURVE_STYLE('',#1267,POSITIVE_LENGTH_MEASURE(2.E-2),#232);
#9496=PRESENTATION_STYLE_ASSIGNMENT((#9495));
#9497=STYLED_ITEM('',(#9496),#9494);
#9498=DIRECTION('',(1.E0,0.E0,0.E0));
#9499=VECTOR('',#9498,5.E-1);
#9500=CARTESIAN_POINT('',(-2.5E-1,-1.128461538462E0,1.3E-1));
#9501=LINE('',#9500,#9499);
#9502=CURVE_STYLE('',#1267,POSITIVE_LENGTH_MEASURE(2.E-2),#232);
#9503=PRESENTATION_STYLE_ASSIGNMENT((#9502));
#9504=STYLED_ITEM('',(#9503),#9501);
#9505=DIRECTION('',(1.E0,-4.737099601471E-12,-1.308952946033E-12));
#9506=VECTOR('',#9505,5.E-1);
#9507=CARTESIAN_POINT('',(-2.5E-1,-2.790333223567E-1,-3.186724172820E-1));
#9508=LINE('',#9507,#9506);
#9509=CURVE_STYLE('',#1267,POSITIVE_LENGTH_MEASURE(2.E-2),#232);
#9510=PRESENTATION_STYLE_ASSIGNMENT((#9509));
#9511=STYLED_ITEM('',(#9510),#9508);
#9512=DIRECTION('',(-1.E0,-1.751376821346E-13,1.507682867441E-13));
#9513=VECTOR('',#9512,5.E-1);
#9514=CARTESIAN_POINT('',(2.5E-1,-2.274042096531E-1,-3.307819163422E-1));
#9515=LINE('',#9514,#9513);
#9516=CURVE_STYLE('',#1267,POSITIVE_LENGTH_MEASURE(2.E-2),#232);
#9517=PRESENTATION_STYLE_ASSIGNMENT((#9516));
#9518=STYLED_ITEM('',(#9517),#9515);
#9519=DIRECTION('',(1.E0,0.E0,0.E0));
#9520=VECTOR('',#9519,5.E-1);
#9521=CARTESIAN_POINT('',(-2.5E-1,-1.589809075230E-1,-3.939211222811E-1));
#9522=LINE('',#9521,#9520);
#9523=CURVE_STYLE('',#1267,POSITIVE_LENGTH_MEASURE(2.E-2),#232);
#9524=PRESENTATION_STYLE_ASSIGNMENT((#9523));
#9525=STYLED_ITEM('',(#9524),#9522);
#9526=DIRECTION('',(1.E0,-1.518229986175E-14,0.E0));
#9527=VECTOR('',#9526,5.E-1);
#9528=CARTESIAN_POINT('',(-2.5E-1,-6.767457029233E-2,-3.902538809733E-1));
#9529=LINE('',#9528,#9527);
#9530=CURVE_STYLE('',#1267,POSITIVE_LENGTH_MEASURE(2.E-2),#232);
#9531=PRESENTATION_STYLE_ASSIGNMENT((#9530));
#9532=STYLED_ITEM('',(#9531),#9529);
#9533=DIRECTION('',(1.E0,-1.834643548193E-14,0.E0));
#9534=VECTOR('',#9533,5.E-1);
#9535=CARTESIAN_POINT('',(-2.5E-1,-3.846153846152E-2,-3.585960214963E-1));
#9536=LINE('',#9535,#9534);
#9537=CURVE_STYLE('',#1267,POSITIVE_LENGTH_MEASURE(2.E-2),#232);
#9538=PRESENTATION_STYLE_ASSIGNMENT((#9537));
#9539=STYLED_ITEM('',(#9538),#9536);
#9540=DIRECTION('',(1.E0,-7.016054404119E-13,6.314948564068E-13));
#9541=VECTOR('',#9540,5.E-1);
#9542=CARTESIAN_POINT('',(-2.5E-1,-1.543716298208E-1,-2.516372676342E-1));
#9543=LINE('',#9542,#9541);
#9544=CURVE_STYLE('',#1267,POSITIVE_LENGTH_MEASURE(2.E-2),#232);
#9545=PRESENTATION_STYLE_ASSIGNMENT((#9544));
#9546=STYLED_ITEM('',(#9545),#9543);
#9547=DIRECTION('',(-1.E0,9.339196083147E-13,2.800537579617E-13));
#9548=VECTOR('',#9547,5.E-1);
#9549=CARTESIAN_POINT('',(2.5E-1,-3.092589679336E-1,-2.153087704548E-1));
#9550=LINE('',#9549,#9548);
#9551=CURVE_STYLE('',#1267,POSITIVE_LENGTH_MEASURE(2.E-2),#232);
#9552=PRESENTATION_STYLE_ASSIGNMENT((#9551));
#9553=STYLED_ITEM('',(#9552),#9550);
#9554=DIRECTION('',(1.E0,-3.419486915845E-14,0.E0));
#9555=VECTOR('',#9554,5.E-1);
#9556=CARTESIAN_POINT('',(-2.5E-1,-8.387524132739E-1,-3.701434894346E-1));
#9557=LINE('',#9556,#9555);
#9558=CURVE_STYLE('',#1267,POSITIVE_LENGTH_MEASURE(2.E-2),#232);
#9559=PRESENTATION_STYLE_ASSIGNMENT((#9558));
#9560=STYLED_ITEM('',(#9559),#9557);
#9561=DIRECTION('',(0.E0,-1.E0,1.273349960233E-11));
#9562=VECTOR('',#9561,6.640325770300E-2);
#9563=CARTESIAN_POINT('',(2.5E-1,-8.387524132739E-1,-3.701434894346E-1));
#9564=LINE('',#9563,#9562);
#9565=CURVE_STYLE('',#1267,POSITIVE_LENGTH_MEASURE(2.E-2),#232);
#9566=PRESENTATION_STYLE_ASSIGNMENT((#9565));
#9567=STYLED_ITEM('',(#9566),#9564);
#9568=DIRECTION('',(1.E0,0.E0,0.E0));
#9569=VECTOR('',#9568,5.E-1);
#9570=CARTESIAN_POINT('',(-2.5E-1,-9.051556709769E-1,-3.701434894338E-1));
#9571=LINE('',#9570,#9569);
#9572=CURVE_STYLE('',#1267,POSITIVE_LENGTH_MEASURE(2.E-2),#232);
#9573=PRESENTATION_STYLE_ASSIGNMENT((#9572));
#9574=STYLED_ITEM('',(#9573),#9571);
#9575=DIRECTION('',(-9.999999999995E-1,-9.674127281474E-7,2.691163736300E-9));
#9576=VECTOR('',#9575,5.000000000002E-1);
#9577=CARTESIAN_POINT('',(2.5E-1,-9.209274408593E-1,-3.723037793217E-1));
#9578=LINE('',#9577,#9576);
#9579=CURVE_STYLE('',#1267,POSITIVE_LENGTH_MEASURE(2.E-2),#232);
#9580=PRESENTATION_STYLE_ASSIGNMENT((#9579));
#9581=STYLED_ITEM('',(#9580),#9578);
#9582=DIRECTION('',(1.E0,5.391243007580E-13,-2.853273173287E-14));
#9583=VECTOR('',#9582,5.E-1);
#9584=CARTESIAN_POINT('',(-2.5E-1,-1.077572399367E0,-3.718673501235E-1));
#9585=LINE('',#9584,#9583);
#9586=CURVE_STYLE('',#1267,POSITIVE_LENGTH_MEASURE(2.E-2),#232);
#9587=PRESENTATION_STYLE_ASSIGNMENT((#9586));
#9588=STYLED_ITEM('',(#9587),#9585);
#9589=DIRECTION('',(-1.E0,0.E0,-6.938893903907E-14));
#9590=VECTOR('',#9589,5.E-1);
#9591=CARTESIAN_POINT('',(2.5E-1,-1.128461538461E0,-3.187463121650E-1));
#9592=LINE('',#9591,#9590);
#9593=CURVE_STYLE('',#1267,POSITIVE_LENGTH_MEASURE(2.E-2),#232);
#9594=PRESENTATION_STYLE_ASSIGNMENT((#9593));
#9595=STYLED_ITEM('',(#9594),#9592);
#9596=DIRECTION('',(0.E0,-3.131625362797E-12,1.E0));
#9597=VECTOR('',#9596,1.887463121650E-1);
#9598=CARTESIAN_POINT('',(2.5E-1,-1.128461538461E0,-3.187463121650E-1));
#9599=LINE('',#9598,#9597);
#9600=CURVE_STYLE('',#1267,POSITIVE_LENGTH_MEASURE(2.E-2),#232);
#9601=PRESENTATION_STYLE_ASSIGNMENT((#9600));
#9602=STYLED_ITEM('',(#9601),#9599);
#9603=DIRECTION('',(1.E0,0.E0,0.E0));
#9604=VECTOR('',#9603,5.E-1);
#9605=CARTESIAN_POINT('',(-2.5E-1,-1.128461538462E0,-1.3E-1));
#9606=LINE('',#9605,#9604);
#9607=CURVE_STYLE('',#1267,POSITIVE_LENGTH_MEASURE(2.E-2),#232);
#9608=PRESENTATION_STYLE_ASSIGNMENT((#9607));
#9609=STYLED_ITEM('',(#9608),#9606);
#9610=DIRECTION('',(0.E0,-1.E0,0.E0));
#9611=VECTOR('',#9610,1.044944812190E-1);
#9612=CARTESIAN_POINT('',(2.5E-1,-1.128461538462E0,-1.3E-1));
#9613=LINE('',#9612,#9611);
#9614=CURVE_STYLE('',#1267,POSITIVE_LENGTH_MEASURE(2.E-2),#232);
#9615=PRESENTATION_STYLE_ASSIGNMENT((#9614));
#9616=STYLED_ITEM('',(#9615),#9613);
#9617=CARTESIAN_POINT('',(-2.5E-1,-1.238457472726E0,3.184616660218E-1));
#9618=CARTESIAN_POINT('',(-2.5E-1,-1.236145540436E0,1.3E-1));
#9619=VERTEX_POINT('',#9617);
#9620=VERTEX_POINT('',#9618);
#9621=CARTESIAN_POINT('',(-2.5E-1,-1.128461538462E0,1.3E-1));
#9622=VERTEX_POINT('',#9621);
#9623=CARTESIAN_POINT('',(-2.5E-1,-1.128461538461E0,3.187463121667E-1));
#9624=VERTEX_POINT('',#9623);
#9625=CARTESIAN_POINT('',(-2.5E-1,-1.077572399366E0,3.718673501235E-1));
#9626=VERTEX_POINT('',#9625);
#9627=CARTESIAN_POINT('',(-2.5E-1,-9.209274408593E-1,3.723037793217E-1));
#9628=VERTEX_POINT('',#9627);
#9629=CARTESIAN_POINT('',(-2.5E-1,-9.202470950416E-1,3.723078156137E-1));
#9630=VERTEX_POINT('',#9629);
#9631=CARTESIAN_POINT('',(-2.5E-1,-9.051556709766E-1,3.701434894338E-1));
#9632=VERTEX_POINT('',#9631);
#9633=CARTESIAN_POINT('',(-2.5E-1,-8.387524132740E-1,3.701434894346E-1));
#9634=VERTEX_POINT('',#9633);
#9635=CARTESIAN_POINT('',(-2.5E-1,-3.092589679336E-1,2.153087704548E-1));
#9636=VERTEX_POINT('',#9635);
#9637=CARTESIAN_POINT('',(-2.5E-1,-2.639204995688E-1,2.088157791583E-1));
#9638=VERTEX_POINT('',#9637);
#9639=CARTESIAN_POINT('',(-2.5E-1,-1.543716298205E-1,2.516372676344E-1));
#9640=VERTEX_POINT('',#9639);
#9641=CARTESIAN_POINT('',(-2.5E-1,-3.846153846151E-2,3.585960214963E-1));
#9642=VERTEX_POINT('',#9641);
#9643=CARTESIAN_POINT('',(-2.5E-1,-6.767457029234E-2,3.902538809733E-1));
#9644=VERTEX_POINT('',#9643);
#9645=CARTESIAN_POINT('',(-2.5E-1,-1.589809075230E-1,3.939211222811E-1));
#9646=VERTEX_POINT('',#9645);
#9647=CARTESIAN_POINT('',(-2.5E-1,-2.274042096531E-1,3.307819163422E-1));
#9648=VERTEX_POINT('',#9647);
#9649=CARTESIAN_POINT('',(-2.5E-1,-2.639204995694E-1,3.165080868501E-1));
#9650=VERTEX_POINT('',#9649);
#9651=CARTESIAN_POINT('',(-2.5E-1,-2.790333223583E-1,3.186724172824E-1));
#9652=VERTEX_POINT('',#9651);
#9653=CARTESIAN_POINT('',(-2.5E-1,-8.085267676907E-1,4.735071362652E-1));
#9654=VERTEX_POINT('',#9653);
#9655=CARTESIAN_POINT('',(-2.5E-1,-8.749300254039E-1,4.735071362619E-1));
#9656=VERTEX_POINT('',#9655);
#9657=CARTESIAN_POINT('',(-2.5E-1,-9.202661227800E-1,4.800001275405E-1));
#9658=VERTEX_POINT('',#9657);
#9659=CARTESIAN_POINT('',(-2.5E-1,-9.222492148027E-1,4.799879836905E-1));
#9660=VERTEX_POINT('',#9659);
#9661=CARTESIAN_POINT('',(-2.500000000255E-1,-1.162252523007E0,
4.799879312702E-1));
#9662=VERTEX_POINT('',#9661);
#9663=CARTESIAN_POINT('',(2.5E-1,-1.236145540436E0,1.3E-1));
#9664=VERTEX_POINT('',#9663);
#9665=CARTESIAN_POINT('',(-9.5E-1,-1.238457472726E0,3.184616660210E-1));
#9666=VERTEX_POINT('',#9665);
#9667=CARTESIAN_POINT('',(-9.5E-1,-1.230645263041E0,-3.183658306174E-1));
#9668=VERTEX_POINT('',#9667);
#9669=CARTESIAN_POINT('',(-2.5E-1,-1.230645204984E0,-3.183705632299E-1));
#9670=VERTEX_POINT('',#9669);
#9671=CARTESIAN_POINT('',(-2.5E-1,-1.232956019681E0,-1.3E-1));
#9672=VERTEX_POINT('',#9671);
#9673=CARTESIAN_POINT('',(2.5E-1,-1.232956019681E0,-1.3E-1));
#9674=VERTEX_POINT('',#9673);
#9675=CARTESIAN_POINT('',(2.5E-1,-1.128461538462E0,1.3E-1));
#9676=VERTEX_POINT('',#9675);
#9677=CARTESIAN_POINT('',(2.5E-1,-2.790333223591E-1,-3.186724172827E-1));
#9678=CARTESIAN_POINT('',(2.5E-1,-8.085267676908E-1,-4.735071362652E-1));
#9679=VERTEX_POINT('',#9677);
#9680=VERTEX_POINT('',#9678);
#9681=CARTESIAN_POINT('',(2.5E-1,-8.749300254039E-1,-4.735071362619E-1));
#9682=VERTEX_POINT('',#9681);
#9683=CARTESIAN_POINT('',(2.5E-1,-9.202684937662E-1,-4.800001275579E-1));
#9684=VERTEX_POINT('',#9683);
#9685=CARTESIAN_POINT('',(2.5E-1,-9.222492163647E-1,-4.799879836714E-1));
#9686=VERTEX_POINT('',#9685);
#9687=CARTESIAN_POINT('',(2.5E-1,-1.162252523007E0,-4.799879312702E-1));
#9688=VERTEX_POINT('',#9687);
#9689=CARTESIAN_POINT('',(2.5E-1,-1.238457082986E0,-3.184589955625E-1));
#9690=VERTEX_POINT('',#9689);
#9691=CARTESIAN_POINT('',(2.5E-1,-1.330637739450E0,-3.195924770746E-1));
#9692=VERTEX_POINT('',#9691);
#9693=CARTESIAN_POINT('',(2.5E-1,-1.338449949135E0,3.172350195638E-1));
#9694=VERTEX_POINT('',#9693);
#9695=CARTESIAN_POINT('',(2.5E-1,-1.238457472726E0,3.184616660213E-1));
#9696=VERTEX_POINT('',#9695);
#9697=CARTESIAN_POINT('',(2.5E-1,-1.162252523007E0,4.799879312702E-1));
#9698=VERTEX_POINT('',#9697);
#9699=CARTESIAN_POINT('',(2.499999999776E-1,-9.222471375413E-1,
4.799879836216E-1));
#9700=VERTEX_POINT('',#9699);
#9701=CARTESIAN_POINT('',(2.5E-1,-9.202684937662E-1,4.800001275579E-1));
#9702=VERTEX_POINT('',#9701);
#9703=CARTESIAN_POINT('',(2.5E-1,-8.749300254035E-1,4.735071362620E-1));
#9704=VERTEX_POINT('',#9703);
#9705=CARTESIAN_POINT('',(2.5E-1,-8.085267676905E-1,4.735071362652E-1));
#9706=VERTEX_POINT('',#9705);
#9707=CARTESIAN_POINT('',(2.5E-1,-2.790333223567E-1,3.186724172820E-1));
#9708=VERTEX_POINT('',#9707);
#9709=CARTESIAN_POINT('',(2.5E-1,-2.639204995694E-1,3.165080868501E-1));
#9710=VERTEX_POINT('',#9709);
#9711=CARTESIAN_POINT('',(2.5E-1,-2.274042096532E-1,3.307819163422E-1));
#9712=VERTEX_POINT('',#9711);
#9713=CARTESIAN_POINT('',(2.5E-1,-1.589809075230E-1,3.939211222811E-1));
#9714=VERTEX_POINT('',#9713);
#9715=CARTESIAN_POINT('',(2.5E-1,-6.767457029234E-2,3.902538809733E-1));
#9716=VERTEX_POINT('',#9715);
#9717=CARTESIAN_POINT('',(2.5E-1,-3.846153846152E-2,3.585960214963E-1));
#9718=VERTEX_POINT('',#9717);
#9719=CARTESIAN_POINT('',(2.5E-1,-1.543716298208E-1,2.516372676341E-1));
#9720=VERTEX_POINT('',#9719);
#9721=CARTESIAN_POINT('',(2.5E-1,-2.639204995688E-1,2.088157791583E-1));
#9722=VERTEX_POINT('',#9721);
#9723=CARTESIAN_POINT('',(2.5E-1,-3.092589679327E-1,2.153087704545E-1));
#9724=VERTEX_POINT('',#9723);
#9725=CARTESIAN_POINT('',(2.5E-1,-8.387524132739E-1,3.701434894346E-1));
#9726=VERTEX_POINT('',#9725);
#9727=CARTESIAN_POINT('',(2.5E-1,-9.051556709769E-1,3.701434894338E-1));
#9728=VERTEX_POINT('',#9727);
#9729=CARTESIAN_POINT('',(2.5E-1,-9.202467955733E-1,3.723078154938E-1));
#9730=VERTEX_POINT('',#9729);
#9731=CARTESIAN_POINT('',(2.5E-1,-9.209287003447E-1,3.723037723239E-1));
#9732=VERTEX_POINT('',#9731);
#9733=CARTESIAN_POINT('',(2.5E-1,-1.077572399367E0,3.718673501235E-1));
#9734=VERTEX_POINT('',#9733);
#9735=CARTESIAN_POINT('',(2.5E-1,-1.128461538461E0,3.187463121619E-1));
#9736=VERTEX_POINT('',#9735);
#9737=CARTESIAN_POINT('',(2.5E-1,-1.128461538462E0,-1.3E-1));
#9738=VERTEX_POINT('',#9737);
#9739=CARTESIAN_POINT('',(2.5E-1,-1.128461538461E0,-3.187463121650E-1));
#9740=VERTEX_POINT('',#9739);
#9741=CARTESIAN_POINT('',(2.5E-1,-1.077572399366E0,-3.718673501235E-1));
#9742=VERTEX_POINT('',#9741);
#9743=CARTESIAN_POINT('',(2.5E-1,-9.209274408593E-1,-3.723037793217E-1));
#9744=VERTEX_POINT('',#9743);
#9745=CARTESIAN_POINT('',(2.5E-1,-9.202470950416E-1,-3.723078156137E-1));
#9746=VERTEX_POINT('',#9745);
#9747=CARTESIAN_POINT('',(2.5E-1,-9.051556709766E-1,-3.701434894338E-1));
#9748=VERTEX_POINT('',#9747);
#9749=CARTESIAN_POINT('',(2.5E-1,-8.387524132739E-1,-3.701434894346E-1));
#9750=VERTEX_POINT('',#9749);
#9751=CARTESIAN_POINT('',(2.5E-1,-3.092589679336E-1,-2.153087704548E-1));
#9752=VERTEX_POINT('',#9751);
#9753=CARTESIAN_POINT('',(2.5E-1,-2.639204995688E-1,-2.088157791583E-1));
#9754=VERTEX_POINT('',#9753);
#9755=CARTESIAN_POINT('',(2.5E-1,-1.543716298211E-1,-2.516372676339E-1));
#9756=VERTEX_POINT('',#9755);
#9757=CARTESIAN_POINT('',(2.5E-1,-3.846153846153E-2,-3.585960214963E-1));
#9758=VERTEX_POINT('',#9757);
#9759=CARTESIAN_POINT('',(2.5E-1,-6.767457029234E-2,-3.902538809733E-1));
#9760=VERTEX_POINT('',#9759);
#9761=CARTESIAN_POINT('',(2.5E-1,-1.589809075230E-1,-3.939211222811E-1));
#9762=VERTEX_POINT('',#9761);
#9763=CARTESIAN_POINT('',(2.5E-1,-2.274042096531E-1,-3.307819163422E-1));
#9764=VERTEX_POINT('',#9763);
#9765=CARTESIAN_POINT('',(2.5E-1,-2.639204995694E-1,-3.165080868501E-1));
#9766=VERTEX_POINT('',#9765);
#9767=CARTESIAN_POINT('',(-2.5E-1,-8.085267676906E-1,-4.735071362652E-1));
#9768=CARTESIAN_POINT('',(-2.5E-1,-2.790333223567E-1,-3.186724172820E-1));
#9769=VERTEX_POINT('',#9767);
#9770=VERTEX_POINT('',#9768);
#9771=VERTEX_POINT('',#9119);
#9772=CARTESIAN_POINT('',(-2.5E-1,-1.162252523007E0,-4.799879312702E-1));
#9773=VERTEX_POINT('',#9772);
#9774=CARTESIAN_POINT('',(-2.5E-1,-9.222471388531E-1,-4.799879836056E-1));
#9775=VERTEX_POINT('',#9774);
#9776=CARTESIAN_POINT('',(-2.5E-1,-9.202684937662E-1,-4.800001275579E-1));
#9777=VERTEX_POINT('',#9776);
#9778=CARTESIAN_POINT('',(-2.5E-1,-8.749300254035E-1,-4.735071362620E-1));
#9779=VERTEX_POINT('',#9778);
#9780=CARTESIAN_POINT('',(-2.5E-1,-2.639204995694E-1,-3.165080868501E-1));
#9781=VERTEX_POINT('',#9780);
#9782=CARTESIAN_POINT('',(-2.5E-1,-2.274042096532E-1,-3.307819163422E-1));
#9783=VERTEX_POINT('',#9782);
#9784=CARTESIAN_POINT('',(-2.5E-1,-1.589809075230E-1,-3.939211222811E-1));
#9785=VERTEX_POINT('',#9784);
#9786=CARTESIAN_POINT('',(-2.5E-1,-6.767457029233E-2,-3.902538809733E-1));
#9787=VERTEX_POINT('',#9786);
#9788=CARTESIAN_POINT('',(-2.5E-1,-3.846153846152E-2,-3.585960214963E-1));
#9789=VERTEX_POINT('',#9788);
#9790=CARTESIAN_POINT('',(-2.5E-1,-1.543716298208E-1,-2.516372676342E-1));
#9791=VERTEX_POINT('',#9790);
#9792=CARTESIAN_POINT('',(-2.5E-1,-2.639204995688E-1,-2.088157791583E-1));
#9793=VERTEX_POINT('',#9792);
#9794=CARTESIAN_POINT('',(-2.5E-1,-3.092589679327E-1,-2.153087704545E-1));
#9795=VERTEX_POINT('',#9794);
#9796=CARTESIAN_POINT('',(-2.5E-1,-8.387524132739E-1,-3.701434894346E-1));
#9797=VERTEX_POINT('',#9796);
#9798=CARTESIAN_POINT('',(-2.5E-1,-9.051556709769E-1,-3.701434894338E-1));
#9799=VERTEX_POINT('',#9798);
#9800=CARTESIAN_POINT('',(-2.5E-1,-9.202467955733E-1,-3.723078154938E-1));
#9801=VERTEX_POINT('',#9800);
#9802=CARTESIAN_POINT('',(-2.5E-1,-9.209287003447E-1,-3.723037723239E-1));
#9803=VERTEX_POINT('',#9802);
#9804=CARTESIAN_POINT('',(-2.5E-1,-1.077572399367E0,-3.718673501235E-1));
#9805=VERTEX_POINT('',#9804);
#9806=CARTESIAN_POINT('',(-2.5E-1,-1.128461538460E0,-3.187463121497E-1));
#9807=VERTEX_POINT('',#9806);
#9808=CARTESIAN_POINT('',(-2.5E-1,-1.128461538462E0,-1.3E-1));
#9809=VERTEX_POINT('',#9808);
#9810=CARTESIAN_POINT('',(-9.5E-1,-1.330637739450E0,-3.195924770746E-1));
#9811=VERTEX_POINT('',#9810);
#9812=CARTESIAN_POINT('',(-9.5E-1,-1.338449949135E0,3.172350195638E-1));
#9813=VERTEX_POINT('',#9812);
#9814=CARTESIAN_POINT('',(-2.5E-1,0.E0,0.E0));
#9815=DIRECTION('',(1.E0,0.E0,0.E0));
#9816=DIRECTION('',(0.E0,0.E0,1.E0));
#9817=AXIS2_PLACEMENT_3D('',#9814,#9815,#9816);
#9818=PLANE('',#9817);
#9820=ORIENTED_EDGE('',*,*,#9819,.T.);
#9822=ORIENTED_EDGE('',*,*,#9821,.F.);
#9824=ORIENTED_EDGE('',*,*,#9823,.F.);
#9826=ORIENTED_EDGE('',*,*,#9825,.T.);
#9828=ORIENTED_EDGE('',*,*,#9827,.T.);
#9830=ORIENTED_EDGE('',*,*,#9829,.T.);
#9832=ORIENTED_EDGE('',*,*,#9831,.T.);
#9834=ORIENTED_EDGE('',*,*,#9833,.F.);
#9836=ORIENTED_EDGE('',*,*,#9835,.T.);
#9838=ORIENTED_EDGE('',*,*,#9837,.T.);
#9840=ORIENTED_EDGE('',*,*,#9839,.T.);
#9842=ORIENTED_EDGE('',*,*,#9841,.T.);
#9844=ORIENTED_EDGE('',*,*,#9843,.T.);
#9846=ORIENTED_EDGE('',*,*,#9845,.T.);
#9848=ORIENTED_EDGE('',*,*,#9847,.T.);
#9850=ORIENTED_EDGE('',*,*,#9849,.T.);
#9852=ORIENTED_EDGE('',*,*,#9851,.T.);
#9854=ORIENTED_EDGE('',*,*,#9853,.T.);
#9856=ORIENTED_EDGE('',*,*,#9855,.T.);
#9858=ORIENTED_EDGE('',*,*,#9857,.T.);
#9860=ORIENTED_EDGE('',*,*,#9859,.T.);
#9862=ORIENTED_EDGE('',*,*,#9861,.T.);
#9864=ORIENTED_EDGE('',*,*,#9863,.T.);
#9865=EDGE_LOOP('',(#9820,#9822,#9824,#9826,#9828,#9830,#9832,#9834,#9836,#9838,
#9840,#9842,#9844,#9846,#9848,#9850,#9852,#9854,#9856,#9858,#9860,#9862,#9864));
#9866=FACE_OUTER_BOUND('',#9865,.F.);
#9868=CARTESIAN_POINT('',(0.E0,-1.234365021952E0,-1.514243406556E-2));
#9869=DIRECTION('',(0.E0,-9.999247640932E-1,-1.226646457209E-2));
#9870=DIRECTION('',(1.E0,0.E0,0.E0));
#9871=AXIS2_PLACEMENT_3D('',#9868,#9869,#9870);
#9872=PLANE('',#9871);
#9874=ORIENTED_EDGE('',*,*,#9873,.F.);
#9875=ORIENTED_EDGE('',*,*,#9819,.F.);
#9877=ORIENTED_EDGE('',*,*,#9876,.T.);
#9879=ORIENTED_EDGE('',*,*,#9878,.F.);
#9881=ORIENTED_EDGE('',*,*,#9880,.F.);
#9883=ORIENTED_EDGE('',*,*,#9882,.F.);
#9885=ORIENTED_EDGE('',*,*,#9884,.T.);
#9887=ORIENTED_EDGE('',*,*,#9886,.F.);
#9888=EDGE_LOOP('',(#9874,#9875,#9877,#9879,#9881,#9883,#9885,#9887));
#9889=FACE_OUTER_BOUND('',#9888,.F.);
#9891=CARTESIAN_POINT('',(-2.5E-1,-1.128461538462E0,1.3E-1));
#9892=DIRECTION('',(0.E0,0.E0,1.E0));
#9893=DIRECTION('',(0.E0,-1.E0,0.E0));
#9894=AXIS2_PLACEMENT_3D('',#9891,#9892,#9893);
#9895=PLANE('',#9894);
#9896=ORIENTED_EDGE('',*,*,#9873,.T.);
#9898=ORIENTED_EDGE('',*,*,#9897,.F.);
#9900=ORIENTED_EDGE('',*,*,#9899,.F.);
#9901=ORIENTED_EDGE('',*,*,#9821,.T.);
#9902=EDGE_LOOP('',(#9896,#9898,#9900,#9901));
#9903=FACE_OUTER_BOUND('',#9902,.F.);
#9905=CARTESIAN_POINT('',(2.5E-1,0.E0,0.E0));
#9906=DIRECTION('',(1.E0,0.E0,0.E0));
#9907=DIRECTION('',(0.E0,0.E0,1.E0));
#9908=AXIS2_PLACEMENT_3D('',#9905,#9906,#9907);
#9909=PLANE('',#9908);
#9911=ORIENTED_EDGE('',*,*,#9910,.T.);
#9913=ORIENTED_EDGE('',*,*,#9912,.T.);
#9915=ORIENTED_EDGE('',*,*,#9914,.T.);
#9917=ORIENTED_EDGE('',*,*,#9916,.T.);
#9919=ORIENTED_EDGE('',*,*,#9918,.T.);
#9921=ORIENTED_EDGE('',*,*,#9920,.T.);
#9923=ORIENTED_EDGE('',*,*,#9922,.T.);
#9925=ORIENTED_EDGE('',*,*,#9924,.T.);
#9927=ORIENTED_EDGE('',*,*,#9926,.T.);
#9929=ORIENTED_EDGE('',*,*,#9928,.T.);
#9931=ORIENTED_EDGE('',*,*,#9930,.T.);
#9933=ORIENTED_EDGE('',*,*,#9932,.T.);
#9935=ORIENTED_EDGE('',*,*,#9934,.T.);
#9937=ORIENTED_EDGE('',*,*,#9936,.T.);
#9939=ORIENTED_EDGE('',*,*,#9938,.T.);
#9941=ORIENTED_EDGE('',*,*,#9940,.T.);
#9943=ORIENTED_EDGE('',*,*,#9942,.T.);
#9945=ORIENTED_EDGE('',*,*,#9944,.T.);
#9947=ORIENTED_EDGE('',*,*,#9946,.T.);
#9949=ORIENTED_EDGE('',*,*,#9948,.T.);
#9951=ORIENTED_EDGE('',*,*,#9950,.T.);
#9953=ORIENTED_EDGE('',*,*,#9952,.T.);
#9955=ORIENTED_EDGE('',*,*,#9954,.T.);
#9957=ORIENTED_EDGE('',*,*,#9956,.T.);
#9959=ORIENTED_EDGE('',*,*,#9958,.T.);
#9961=ORIENTED_EDGE('',*,*,#9960,.T.);
#9963=ORIENTED_EDGE('',*,*,#9962,.T.);
#9965=ORIENTED_EDGE('',*,*,#9964,.T.);
#9967=ORIENTED_EDGE('',*,*,#9966,.T.);
#9969=ORIENTED_EDGE('',*,*,#9968,.T.);
#9970=ORIENTED_EDGE('',*,*,#9897,.T.);
#9971=ORIENTED_EDGE('',*,*,#9886,.T.);
#9973=ORIENTED_EDGE('',*,*,#9972,.F.);
#9975=ORIENTED_EDGE('',*,*,#9974,.F.);
#9977=ORIENTED_EDGE('',*,*,#9976,.T.);
#9979=ORIENTED_EDGE('',*,*,#9978,.T.);
#9981=ORIENTED_EDGE('',*,*,#9980,.T.);
#9983=ORIENTED_EDGE('',*,*,#9982,.T.);
#9985=ORIENTED_EDGE('',*,*,#9984,.F.);
#9987=ORIENTED_EDGE('',*,*,#9986,.T.);
#9989=ORIENTED_EDGE('',*,*,#9988,.T.);
#9991=ORIENTED_EDGE('',*,*,#9990,.T.);
#9993=ORIENTED_EDGE('',*,*,#9992,.T.);
#9995=ORIENTED_EDGE('',*,*,#9994,.T.);
#9997=ORIENTED_EDGE('',*,*,#9996,.T.);
#9999=ORIENTED_EDGE('',*,*,#9998,.T.);
#10001=ORIENTED_EDGE('',*,*,#10000,.T.);
#10003=ORIENTED_EDGE('',*,*,#10002,.T.);
#10004=EDGE_LOOP('',(#9911,#9913,#9915,#9917,#9919,#9921,#9923,#9925,#9927,
#9929,#9931,#9933,#9935,#9937,#9939,#9941,#9943,#9945,#9947,#9949,#9951,#9953,
#9955,#9957,#9959,#9961,#9963,#9965,#9967,#9969,#9970,#9971,#9973,#9975,#9977,
#9979,#9981,#9983,#9985,#9987,#9989,#9991,#9993,#9995,#9997,#9999,#10001,
#10003));
#10005=FACE_OUTER_BOUND('',#10004,.F.);
#10007=CARTESIAN_POINT('',(-2.5E-1,-8.085267676931E-1,-4.735071362656E-1));
#10008=DIRECTION('',(0.E0,2.806667088586E-1,-9.598052919934E-1));
#10009=DIRECTION('',(0.E0,9.598052919934E-1,2.806667088586E-1));
#10010=AXIS2_PLACEMENT_3D('',#10007,#10008,#10009);
#10011=PLANE('',#10010);
#10013=ORIENTED_EDGE('',*,*,#10012,.F.);
#10015=ORIENTED_EDGE('',*,*,#10014,.T.);
#10016=ORIENTED_EDGE('',*,*,#9910,.F.);
#10018=ORIENTED_EDGE('',*,*,#10017,.F.);
#10019=EDGE_LOOP('',(#10013,#10015,#10016,#10018));
#10020=FACE_OUTER_BOUND('',#10019,.F.);
#10022=CARTESIAN_POINT('',(-2.5E-1,0.E0,0.E0));
#10023=DIRECTION('',(1.E0,0.E0,0.E0));
#10024=DIRECTION('',(0.E0,0.E0,1.E0));
#10025=AXIS2_PLACEMENT_3D('',#10022,#10023,#10024);
#10026=PLANE('',#10025);
#10027=ORIENTED_EDGE('',*,*,#9882,.T.);
#10029=ORIENTED_EDGE('',*,*,#10028,.T.);
#10031=ORIENTED_EDGE('',*,*,#10030,.T.);
#10033=ORIENTED_EDGE('',*,*,#10032,.T.);
#10035=ORIENTED_EDGE('',*,*,#10034,.T.);
#10037=ORIENTED_EDGE('',*,*,#10036,.T.);
#10039=ORIENTED_EDGE('',*,*,#10038,.T.);
#10040=ORIENTED_EDGE('',*,*,#10012,.T.);
#10042=ORIENTED_EDGE('',*,*,#10041,.T.);
#10044=ORIENTED_EDGE('',*,*,#10043,.T.);
#10046=ORIENTED_EDGE('',*,*,#10045,.T.);
#10048=ORIENTED_EDGE('',*,*,#10047,.T.);
#10050=ORIENTED_EDGE('',*,*,#10049,.T.);
#10052=ORIENTED_EDGE('',*,*,#10051,.T.);
#10054=ORIENTED_EDGE('',*,*,#10053,.T.);
#10056=ORIENTED_EDGE('',*,*,#10055,.T.);
#10058=ORIENTED_EDGE('',*,*,#10057,.T.);
#10060=ORIENTED_EDGE('',*,*,#10059,.T.);
#10062=ORIENTED_EDGE('',*,*,#10061,.T.);
#10064=ORIENTED_EDGE('',*,*,#10063,.T.);
#10066=ORIENTED_EDGE('',*,*,#10065,.T.);
#10068=ORIENTED_EDGE('',*,*,#10067,.T.);
#10070=ORIENTED_EDGE('',*,*,#10069,.T.);
#10072=ORIENTED_EDGE('',*,*,#10071,.T.);
#10073=EDGE_LOOP('',(#10027,#10029,#10031,#10033,#10035,#10037,#10039,#10040,
#10042,#10044,#10046,#10048,#10050,#10052,#10054,#10056,#10058,#10060,#10062,
#10064,#10066,#10068,#10070,#10072));
#10074=FACE_OUTER_BOUND('',#10073,.F.);
#10076=CARTESIAN_POINT('',(-9.5E-1,-1.230645263041E0,-3.183658306174E-1));
#10077=DIRECTION('',(0.E0,1.226646457209E-2,-9.999247640932E-1));
#10078=DIRECTION('',(1.E0,0.E0,0.E0));
#10079=AXIS2_PLACEMENT_3D('',#10076,#10077,#10078);
#10080=PLANE('',#10079);
#10082=ORIENTED_EDGE('',*,*,#10081,.T.);
#10083=ORIENTED_EDGE('',*,*,#10028,.F.);
#10084=ORIENTED_EDGE('',*,*,#9880,.T.);
#10086=ORIENTED_EDGE('',*,*,#10085,.F.);
#10088=ORIENTED_EDGE('',*,*,#10087,.F.);
#10089=ORIENTED_EDGE('',*,*,#9922,.F.);
#10090=EDGE_LOOP('',(#10082,#10083,#10084,#10086,#10088,#10089));
#10091=FACE_OUTER_BOUND('',#10090,.F.);
#10093=CARTESIAN_POINT('',(-2.5E-1,-1.078612190586E0,-3.417889104753E-1));
#10094=DIRECTION('',(1.E0,0.E0,0.E0));
#10095=DIRECTION('',(0.E0,0.E0,1.E0));
#10096=AXIS2_PLACEMENT_3D('',#10093,#10094,#10095);
#10097=CYLINDRICAL_SURFACE('',#10096,1.615384615384E-1);
#10098=ORIENTED_EDGE('',*,*,#10081,.F.);
#10099=ORIENTED_EDGE('',*,*,#9920,.F.);
#10101=ORIENTED_EDGE('',*,*,#10100,.T.);
#10102=ORIENTED_EDGE('',*,*,#10030,.F.);
#10103=EDGE_LOOP('',(#10098,#10099,#10101,#10102));
#10104=FACE_OUTER_BOUND('',#10103,.F.);
#10106=CARTESIAN_POINT('',(-2.5E-1,-1.162252523007E0,-4.799879312701E-1));
#10107=DIRECTION('',(0.E0,0.E0,-1.E0));
#10108=DIRECTION('',(0.E0,1.E0,0.E0));
#10109=AXIS2_PLACEMENT_3D('',#10106,#10107,#10108);
#10110=PLANE('',#10109);
#10112=ORIENTED_EDGE('',*,*,#10111,.F.);
#10113=ORIENTED_EDGE('',*,*,#10032,.F.);
#10114=ORIENTED_EDGE('',*,*,#10100,.F.);
#10115=ORIENTED_EDGE('',*,*,#9918,.F.);
#10116=EDGE_LOOP('',(#10112,#10113,#10114,#10115));
#10117=FACE_OUTER_BOUND('',#10116,.F.);
#10119=CARTESIAN_POINT('',(-2.5E-1,-9.202684937662E-1,-3.184616660195E-1));
#10120=DIRECTION('',(1.E0,0.E0,0.E0));
#10121=DIRECTION('',(0.E0,0.E0,1.E0));
#10122=AXIS2_PLACEMENT_3D('',#10119,#10120,#10121);
#10123=CYLINDRICAL_SURFACE('',#10122,1.615384615384E-1);
#10125=ORIENTED_EDGE('',*,*,#10124,.T.);
#10126=ORIENTED_EDGE('',*,*,#10036,.F.);
#10127=ORIENTED_EDGE('',*,*,#10034,.F.);
#10128=ORIENTED_EDGE('',*,*,#10111,.T.);
#10129=ORIENTED_EDGE('',*,*,#9916,.F.);
#10130=ORIENTED_EDGE('',*,*,#9914,.F.);
#10131=EDGE_LOOP('',(#10125,#10126,#10127,#10128,#10129,#10130));
#10132=FACE_OUTER_BOUND('',#10131,.F.);
#10134=CARTESIAN_POINT('',(-2.5E-1,-8.749300254021E-1,-4.735071362616E-1));
#10135=DIRECTION('',(0.E0,-5.883057385337E-11,-1.E0));
#10136=DIRECTION('',(0.E0,1.E0,-5.883057385337E-11));
#10137=AXIS2_PLACEMENT_3D('',#10134,#10135,#10136);
#10138=PLANE('',#10137);
#10139=ORIENTED_EDGE('',*,*,#10014,.F.);
#10140=ORIENTED_EDGE('',*,*,#10038,.F.);
#10141=ORIENTED_EDGE('',*,*,#10124,.F.);
#10142=ORIENTED_EDGE('',*,*,#9912,.F.);
#10143=EDGE_LOOP('',(#10139,#10140,#10141,#10142));
#10144=FACE_OUTER_BOUND('',#10143,.F.);
#10146=CARTESIAN_POINT('',(-9.5E-1,0.E0,0.E0));
#10147=DIRECTION('',(-1.E0,0.E0,0.E0));
#10148=DIRECTION('',(0.E0,-1.E0,0.E0));
#10149=AXIS2_PLACEMENT_3D('',#10146,#10147,#10148);
#10150=PLANE('',#10149);
#10152=ORIENTED_EDGE('',*,*,#10151,.T.);
#10154=ORIENTED_EDGE('',*,*,#10153,.T.);
#10155=ORIENTED_EDGE('',*,*,#10085,.T.);
#10156=ORIENTED_EDGE('',*,*,#9878,.T.);
#10157=EDGE_LOOP('',(#10152,#10154,#10155,#10156));
#10158=FACE_OUTER_BOUND('',#10157,.F.);
#10160=CARTESIAN_POINT('',(2.5E-1,-1.238457472726E0,3.184616660210E-1));
#10161=DIRECTION('',(0.E0,-1.226646457209E-2,9.999247640932E-1));
#10162=DIRECTION('',(-1.E0,0.E0,0.E0));
#10163=AXIS2_PLACEMENT_3D('',#10160,#10161,#10162);
#10164=PLANE('',#10163);
#10166=ORIENTED_EDGE('',*,*,#10165,.F.);
#10167=ORIENTED_EDGE('',*,*,#10151,.F.);
#10168=ORIENTED_EDGE('',*,*,#9876,.F.);
#10170=ORIENTED_EDGE('',*,*,#10169,.F.);
#10171=ORIENTED_EDGE('',*,*,#9926,.F.);
#10172=EDGE_LOOP('',(#10166,#10167,#10168,#10170,#10171));
#10173=FACE_OUTER_BOUND('',#10172,.F.);
#10175=CARTESIAN_POINT('',(0.E0,-1.334357498361E0,-1.636908052276E-2));
#10176=DIRECTION('',(0.E0,-9.999247640932E-1,-1.226646457209E-2));
#10177=DIRECTION('',(1.E0,0.E0,0.E0));
#10178=AXIS2_PLACEMENT_3D('',#10175,#10176,#10177);
#10179=PLANE('',#10178);
#10180=ORIENTED_EDGE('',*,*,#10087,.T.);
#10181=ORIENTED_EDGE('',*,*,#10153,.F.);
#10182=ORIENTED_EDGE('',*,*,#10165,.T.);
#10183=ORIENTED_EDGE('',*,*,#9924,.F.);
#10184=EDGE_LOOP('',(#10180,#10181,#10182,#10183));
#10185=FACE_OUTER_BOUND('',#10184,.F.);
#10187=CARTESIAN_POINT('',(-2.5E-1,-1.078612190586E0,3.417889104753E-1));
#10188=DIRECTION('',(-1.E0,0.E0,0.E0));
#10189=DIRECTION('',(0.E0,0.E0,-1.E0));
#10190=AXIS2_PLACEMENT_3D('',#10187,#10188,#10189);
#10191=CYLINDRICAL_SURFACE('',#10190,1.615384615384E-1);
#10192=ORIENTED_EDGE('',*,*,#10169,.T.);
#10193=ORIENTED_EDGE('',*,*,#9863,.F.);
#10195=ORIENTED_EDGE('',*,*,#10194,.T.);
#10196=ORIENTED_EDGE('',*,*,#9928,.F.);
#10197=EDGE_LOOP('',(#10192,#10193,#10195,#10196));
#10198=FACE_OUTER_BOUND('',#10197,.F.);
#10200=CARTESIAN_POINT('',(-2.5E-1,-1.162252523007E0,4.799879312701E-1));
#10201=DIRECTION('',(0.E0,0.E0,-1.E0));
#10202=DIRECTION('',(0.E0,1.E0,0.E0));
#10203=AXIS2_PLACEMENT_3D('',#10200,#10201,#10202);
#10204=PLANE('',#10203);
#10205=ORIENTED_EDGE('',*,*,#10194,.F.);
#10206=ORIENTED_EDGE('',*,*,#9861,.F.);
#10208=ORIENTED_EDGE('',*,*,#10207,.F.);
#10209=ORIENTED_EDGE('',*,*,#9930,.F.);
#10210=EDGE_LOOP('',(#10205,#10206,#10208,#10209));
#10211=FACE_OUTER_BOUND('',#10210,.F.);
#10213=CARTESIAN_POINT('',(-2.5E-1,-9.202684937662E-1,3.184616660195E-1));
#10214=DIRECTION('',(-1.E0,0.E0,0.E0));
#10215=DIRECTION('',(0.E0,0.E0,-1.E0));
#10216=AXIS2_PLACEMENT_3D('',#10213,#10214,#10215);
#10217=CYLINDRICAL_SURFACE('',#10216,1.615384615384E-1);
#10218=ORIENTED_EDGE('',*,*,#10207,.T.);
#10219=ORIENTED_EDGE('',*,*,#9859,.F.);
#10220=ORIENTED_EDGE('',*,*,#9857,.F.);
#10222=ORIENTED_EDGE('',*,*,#10221,.T.);
#10223=ORIENTED_EDGE('',*,*,#9934,.F.);
#10224=ORIENTED_EDGE('',*,*,#9932,.F.);
#10225=EDGE_LOOP('',(#10218,#10219,#10220,#10222,#10223,#10224));
#10226=FACE_OUTER_BOUND('',#10225,.F.);
#10228=CARTESIAN_POINT('',(-2.5E-1,-8.749300254021E-1,4.735071362616E-1));
#10229=DIRECTION('',(0.E0,5.883057385337E-11,-1.E0));
#10230=DIRECTION('',(0.E0,1.E0,5.883057385337E-11));
#10231=AXIS2_PLACEMENT_3D('',#10228,#10229,#10230);
#10232=PLANE('',#10231);
#10233=ORIENTED_EDGE('',*,*,#10221,.F.);
#10234=ORIENTED_EDGE('',*,*,#9855,.F.);
#10236=ORIENTED_EDGE('',*,*,#10235,.T.);
#10237=ORIENTED_EDGE('',*,*,#9936,.F.);
#10238=EDGE_LOOP('',(#10233,#10234,#10236,#10237));
#10239=FACE_OUTER_BOUND('',#10238,.F.);
#10241=CARTESIAN_POINT('',(-2.5E-1,-8.085267676931E-1,4.735071362656E-1));
#10242=DIRECTION('',(0.E0,-2.806667088586E-1,-9.598052919934E-1));
#10243=DIRECTION('',(0.E0,9.598052919934E-1,-2.806667088586E-1));
#10244=AXIS2_PLACEMENT_3D('',#10241,#10242,#10243);
#10245=PLANE('',#10244);
#10246=ORIENTED_EDGE('',*,*,#10235,.F.);
#10247=ORIENTED_EDGE('',*,*,#9853,.F.);
#10249=ORIENTED_EDGE('',*,*,#10248,.F.);
#10250=ORIENTED_EDGE('',*,*,#9938,.F.);
#10251=EDGE_LOOP('',(#10246,#10247,#10249,#10250));
#10252=FACE_OUTER_BOUND('',#10251,.F.);
#10254=CARTESIAN_POINT('',(-2.5E-1,-2.639204995694E-1,3.703542406962E-1));
#10255=DIRECTION('',(-1.E0,0.E0,0.E0));
#10256=DIRECTION('',(0.E0,0.E0,-1.E0));
#10257=AXIS2_PLACEMENT_3D('',#10254,#10255,#10256);
#10258=CYLINDRICAL_SURFACE('',#10257,5.384615384614E-2);
#10259=ORIENTED_EDGE('',*,*,#9851,.F.);
#10260=ORIENTED_EDGE('',*,*,#9849,.F.);
#10262=ORIENTED_EDGE('',*,*,#10261,.T.);
#10263=ORIENTED_EDGE('',*,*,#9942,.F.);
#10264=ORIENTED_EDGE('',*,*,#9940,.F.);
#10265=ORIENTED_EDGE('',*,*,#10248,.T.);
#10266=EDGE_LOOP('',(#10259,#10260,#10262,#10263,#10264,#10265));
#10267=FACE_OUTER_BOUND('',#10266,.F.);
#10269=CARTESIAN_POINT('',(-2.5E-1,-2.274042096534E-1,3.307819163420E-1));
#10270=DIRECTION('',(0.E0,6.781596697638E-1,-7.349145952462E-1));
#10271=DIRECTION('',(0.E0,7.349145952462E-1,6.781596697638E-1));
#10272=AXIS2_PLACEMENT_3D('',#10269,#10270,#10271);
#10273=PLANE('',#10272);
#10274=ORIENTED_EDGE('',*,*,#9847,.F.);
#10276=ORIENTED_EDGE('',*,*,#10275,.T.);
#10277=ORIENTED_EDGE('',*,*,#9944,.F.);
#10278=ORIENTED_EDGE('',*,*,#10261,.F.);
#10279=EDGE_LOOP('',(#10274,#10276,#10277,#10278));
#10280=FACE_OUTER_BOUND('',#10279,.F.);
#10282=CARTESIAN_POINT('',(-2.5E-1,-1.589809075230E-1,3.939211222811E-1));
#10283=DIRECTION('',(0.E0,-4.013179228793E-2,-9.991943951243E-1));
#10284=DIRECTION('',(0.E0,9.991943951243E-1,-4.013179228793E-2));
#10285=AXIS2_PLACEMENT_3D('',#10282,#10283,#10284);
#10286=PLANE('',#10285);
#10287=ORIENTED_EDGE('',*,*,#9845,.F.);
#10289=ORIENTED_EDGE('',*,*,#10288,.T.);
#10290=ORIENTED_EDGE('',*,*,#9946,.F.);
#10291=ORIENTED_EDGE('',*,*,#10275,.F.);
#10292=EDGE_LOOP('',(#10287,#10289,#10290,#10291));
#10293=FACE_OUTER_BOUND('',#10292,.F.);
#10295=CARTESIAN_POINT('',(-2.5E-1,-6.767457029233E-2,3.902538809733E-1));
#10296=DIRECTION('',(0.E0,-7.349145962612E-1,-6.781596686638E-1));
#10297=DIRECTION('',(0.E0,6.781596686638E-1,-7.349145962612E-1));
#10298=AXIS2_PLACEMENT_3D('',#10295,#10296,#10297);
#10299=PLANE('',#10298);
#10300=ORIENTED_EDGE('',*,*,#9843,.F.);
#10302=ORIENTED_EDGE('',*,*,#10301,.T.);
#10303=ORIENTED_EDGE('',*,*,#9948,.F.);
#10304=ORIENTED_EDGE('',*,*,#10288,.F.);
#10305=EDGE_LOOP('',(#10300,#10302,#10303,#10304));
#10306=FACE_OUTER_BOUND('',#10305,.F.);
#10308=CARTESIAN_POINT('',(-2.5E-1,-3.846153846155E-2,3.585960214963E-1));
#10309=DIRECTION('',(0.E0,-6.781596698764E-1,7.349145951423E-1));
#10310=DIRECTION('',(0.E0,-7.349145951423E-1,-6.781596698764E-1));
#10311=AXIS2_PLACEMENT_3D('',#10308,#10309,#10310);
#10312=PLANE('',#10311);
#10313=ORIENTED_EDGE('',*,*,#9841,.F.);
#10315=ORIENTED_EDGE('',*,*,#10314,.F.);
#10316=ORIENTED_EDGE('',*,*,#9950,.F.);
#10317=ORIENTED_EDGE('',*,*,#10301,.F.);
#10318=EDGE_LOOP('',(#10313,#10315,#10316,#10317));
#10319=FACE_OUTER_BOUND('',#10318,.F.);
#10321=CARTESIAN_POINT('',(-2.5E-1,-2.639204995688E-1,3.703542406967E-1));
#10322=DIRECTION('',(-1.E0,0.E0,0.E0));
#10323=DIRECTION('',(0.E0,0.E0,-1.E0));
#10324=AXIS2_PLACEMENT_3D('',#10321,#10322,#10323);
#10325=CYLINDRICAL_SURFACE('',#10324,1.615384615384E-1);
#10326=ORIENTED_EDGE('',*,*,#9839,.F.);
#10327=ORIENTED_EDGE('',*,*,#9837,.F.);
#10329=ORIENTED_EDGE('',*,*,#10328,.T.);
#10330=ORIENTED_EDGE('',*,*,#9954,.F.);
#10331=ORIENTED_EDGE('',*,*,#9952,.F.);
#10332=ORIENTED_EDGE('',*,*,#10314,.T.);
#10333=EDGE_LOOP('',(#10326,#10327,#10329,#10330,#10331,#10332));
#10334=FACE_OUTER_BOUND('',#10333,.F.);
#10336=CARTESIAN_POINT('',(-2.5E-1,-3.092589679329E-1,2.153087704546E-1));
#10337=DIRECTION('',(0.E0,2.806667088500E-1,9.598052919959E-1));
#10338=DIRECTION('',(0.E0,-9.598052919959E-1,2.806667088500E-1));
#10339=AXIS2_PLACEMENT_3D('',#10336,#10337,#10338);
#10340=PLANE('',#10339);
#10341=ORIENTED_EDGE('',*,*,#9835,.F.);
#10343=ORIENTED_EDGE('',*,*,#10342,.T.);
#10344=ORIENTED_EDGE('',*,*,#9956,.F.);
#10345=ORIENTED_EDGE('',*,*,#10328,.F.);
#10346=EDGE_LOOP('',(#10341,#10343,#10344,#10345));
#10347=FACE_OUTER_BOUND('',#10346,.F.);
#10349=CARTESIAN_POINT('',(-2.5E-1,-8.387524132754E-1,3.701434894348E-1));
#10350=DIRECTION('',(0.E0,-1.854683706595E-11,1.E0));
#10351=DIRECTION('',(0.E0,-1.E0,-1.854683706595E-11));
#10352=AXIS2_PLACEMENT_3D('',#10349,#10350,#10351);
#10353=PLANE('',#10352);
#10354=ORIENTED_EDGE('',*,*,#9833,.T.);
#10356=ORIENTED_EDGE('',*,*,#10355,.F.);
#10357=ORIENTED_EDGE('',*,*,#9958,.F.);
#10358=ORIENTED_EDGE('',*,*,#10342,.F.);
#10359=EDGE_LOOP('',(#10354,#10356,#10357,#10358));
#10360=FACE_OUTER_BOUND('',#10359,.F.);
#10362=CARTESIAN_POINT('',(-2.5E-1,-9.202684937638E-1,3.184616660195E-1));
#10363=DIRECTION('',(-1.E0,0.E0,0.E0));
#10364=DIRECTION('',(0.E0,0.E0,-1.E0));
#10365=AXIS2_PLACEMENT_3D('',#10362,#10363,#10364);
#10366=CYLINDRICAL_SURFACE('',#10365,5.384615384614E-2);
#10367=ORIENTED_EDGE('',*,*,#9831,.F.);
#10368=ORIENTED_EDGE('',*,*,#9829,.F.);
#10370=ORIENTED_EDGE('',*,*,#10369,.T.);
#10371=ORIENTED_EDGE('',*,*,#9962,.F.);
#10372=ORIENTED_EDGE('',*,*,#9960,.F.);
#10373=ORIENTED_EDGE('',*,*,#10355,.T.);
#10374=EDGE_LOOP('',(#10367,#10368,#10370,#10371,#10372,#10373));
#10375=FACE_OUTER_BOUND('',#10374,.F.);
#10377=CARTESIAN_POINT('',(-2.5E-1,-9.209301575264E-1,3.723037544364E-1));
#10378=DIRECTION('',(0.E0,-2.785982977482E-3,9.999961191419E-1));
#10379=DIRECTION('',(0.E0,-9.999961191419E-1,-2.785982977482E-3));
#10380=AXIS2_PLACEMENT_3D('',#10377,#10378,#10379);
#10381=PLANE('',#10380);
#10382=ORIENTED_EDGE('',*,*,#9827,.F.);
#10384=ORIENTED_EDGE('',*,*,#10383,.F.);
#10385=ORIENTED_EDGE('',*,*,#9964,.F.);
#10386=ORIENTED_EDGE('',*,*,#10369,.F.);
#10387=EDGE_LOOP('',(#10382,#10384,#10385,#10386));
#10388=FACE_OUTER_BOUND('',#10387,.F.);
#10390=CARTESIAN_POINT('',(-2.5E-1,-1.075934905338E0,3.193626298782E-1));
#10391=DIRECTION('',(-1.E0,0.E0,0.E0));
#10392=DIRECTION('',(0.E0,0.E0,-1.E0));
#10393=AXIS2_PLACEMENT_3D('',#10390,#10391,#10392);
#10394=CYLINDRICAL_SURFACE('',#10393,5.253024875943E-2);
#10395=ORIENTED_EDGE('',*,*,#9825,.F.);
#10397=ORIENTED_EDGE('',*,*,#10396,.T.);
#10398=ORIENTED_EDGE('',*,*,#9966,.F.);
#10399=ORIENTED_EDGE('',*,*,#10383,.T.);
#10400=EDGE_LOOP('',(#10395,#10397,#10398,#10399));
#10401=FACE_OUTER_BOUND('',#10400,.F.);
#10403=CARTESIAN_POINT('',(-2.5E-1,-1.128461538462E0,3.187463121981E-1));
#10404=DIRECTION('',(0.E0,-1.E0,0.E0));
#10405=DIRECTION('',(0.E0,0.E0,-1.E0));
#10406=AXIS2_PLACEMENT_3D('',#10403,#10404,#10405);
#10407=PLANE('',#10406);
#10408=ORIENTED_EDGE('',*,*,#9823,.T.);
#10409=ORIENTED_EDGE('',*,*,#9899,.T.);
#10410=ORIENTED_EDGE('',*,*,#9968,.F.);
#10411=ORIENTED_EDGE('',*,*,#10396,.F.);
#10412=EDGE_LOOP('',(#10408,#10409,#10410,#10411));
#10413=FACE_OUTER_BOUND('',#10412,.F.);
#10415=CARTESIAN_POINT('',(-2.5E-1,-2.639204995694E-1,-3.703542406962E-1));
#10416=DIRECTION('',(1.E0,0.E0,0.E0));
#10417=DIRECTION('',(0.E0,0.E0,1.E0));
#10418=AXIS2_PLACEMENT_3D('',#10415,#10416,#10417);
#10419=CYLINDRICAL_SURFACE('',#10418,5.384615384614E-2);
#10420=ORIENTED_EDGE('',*,*,#10043,.F.);
#10421=ORIENTED_EDGE('',*,*,#10041,.F.);
#10422=ORIENTED_EDGE('',*,*,#10017,.T.);
#10423=ORIENTED_EDGE('',*,*,#10002,.F.);
#10424=ORIENTED_EDGE('',*,*,#10000,.F.);
#10426=ORIENTED_EDGE('',*,*,#10425,.T.);
#10427=EDGE_LOOP('',(#10420,#10421,#10422,#10423,#10424,#10426));
#10428=FACE_OUTER_BOUND('',#10427,.F.);
#10430=CARTESIAN_POINT('',(-2.5E-1,-2.274042096534E-1,-3.307819163420E-1));
#10431=DIRECTION('',(0.E0,-6.781596697638E-1,-7.349145952462E-1));
#10432=DIRECTION('',(0.E0,7.349145952462E-1,-6.781596697638E-1));
#10433=AXIS2_PLACEMENT_3D('',#10430,#10431,#10432);
#10434=PLANE('',#10433);
#10435=ORIENTED_EDGE('',*,*,#10045,.F.);
#10436=ORIENTED_EDGE('',*,*,#10425,.F.);
#10437=ORIENTED_EDGE('',*,*,#9998,.F.);
#10439=ORIENTED_EDGE('',*,*,#10438,.F.);
#10440=EDGE_LOOP('',(#10435,#10436,#10437,#10439));
#10441=FACE_OUTER_BOUND('',#10440,.F.);
#10443=CARTESIAN_POINT('',(-2.5E-1,-1.589809075230E-1,-3.939211222811E-1));
#10444=DIRECTION('',(0.E0,4.013179228793E-2,-9.991943951243E-1));
#10445=DIRECTION('',(0.E0,9.991943951243E-1,4.013179228793E-2));
#10446=AXIS2_PLACEMENT_3D('',#10443,#10444,#10445);
#10447=PLANE('',#10446);
#10448=ORIENTED_EDGE('',*,*,#10047,.F.);
#10449=ORIENTED_EDGE('',*,*,#10438,.T.);
#10450=ORIENTED_EDGE('',*,*,#9996,.F.);
#10452=ORIENTED_EDGE('',*,*,#10451,.F.);
#10453=EDGE_LOOP('',(#10448,#10449,#10450,#10452));
#10454=FACE_OUTER_BOUND('',#10453,.F.);
#10456=CARTESIAN_POINT('',(-2.5E-1,-6.767457029233E-2,-3.902538809733E-1));
#10457=DIRECTION('',(0.E0,7.349145962612E-1,-6.781596686638E-1));
#10458=DIRECTION('',(0.E0,6.781596686638E-1,7.349145962612E-1));
#10459=AXIS2_PLACEMENT_3D('',#10456,#10457,#10458);
#10460=PLANE('',#10459);
#10461=ORIENTED_EDGE('',*,*,#10049,.F.);
#10462=ORIENTED_EDGE('',*,*,#10451,.T.);
#10463=ORIENTED_EDGE('',*,*,#9994,.F.);
#10465=ORIENTED_EDGE('',*,*,#10464,.F.);
#10466=EDGE_LOOP('',(#10461,#10462,#10463,#10465));
#10467=FACE_OUTER_BOUND('',#10466,.F.);
#10469=CARTESIAN_POINT('',(-2.5E-1,-3.846153846155E-2,-3.585960214963E-1));
#10470=DIRECTION('',(0.E0,6.781596698764E-1,7.349145951423E-1));
#10471=DIRECTION('',(0.E0,-7.349145951423E-1,6.781596698764E-1));
#10472=AXIS2_PLACEMENT_3D('',#10469,#10470,#10471);
#10473=PLANE('',#10472);
#10474=ORIENTED_EDGE('',*,*,#10051,.F.);
#10475=ORIENTED_EDGE('',*,*,#10464,.T.);
#10476=ORIENTED_EDGE('',*,*,#9992,.F.);
#10478=ORIENTED_EDGE('',*,*,#10477,.F.);
#10479=EDGE_LOOP('',(#10474,#10475,#10476,#10478));
#10480=FACE_OUTER_BOUND('',#10479,.F.);
#10482=CARTESIAN_POINT('',(-2.5E-1,-2.639204995688E-1,-3.703542406967E-1));
#10483=DIRECTION('',(1.E0,0.E0,0.E0));
#10484=DIRECTION('',(0.E0,0.E0,1.E0));
#10485=AXIS2_PLACEMENT_3D('',#10482,#10483,#10484);
#10486=CYLINDRICAL_SURFACE('',#10485,1.615384615384E-1);
#10487=ORIENTED_EDGE('',*,*,#10055,.F.);
#10488=ORIENTED_EDGE('',*,*,#10053,.F.);
#10489=ORIENTED_EDGE('',*,*,#10477,.T.);
#10490=ORIENTED_EDGE('',*,*,#9990,.F.);
#10491=ORIENTED_EDGE('',*,*,#9988,.F.);
#10493=ORIENTED_EDGE('',*,*,#10492,.T.);
#10494=EDGE_LOOP('',(#10487,#10488,#10489,#10490,#10491,#10493));
#10495=FACE_OUTER_BOUND('',#10494,.F.);
#10497=CARTESIAN_POINT('',(-2.5E-1,-3.092589679329E-1,-2.153087704546E-1));
#10498=DIRECTION('',(0.E0,-2.806667088500E-1,9.598052919959E-1));
#10499=DIRECTION('',(0.E0,-9.598052919959E-1,-2.806667088500E-1));
#10500=AXIS2_PLACEMENT_3D('',#10497,#10498,#10499);
#10501=PLANE('',#10500);
#10502=ORIENTED_EDGE('',*,*,#10057,.F.);
#10503=ORIENTED_EDGE('',*,*,#10492,.F.);
#10504=ORIENTED_EDGE('',*,*,#9986,.F.);
#10506=ORIENTED_EDGE('',*,*,#10505,.F.);
#10507=EDGE_LOOP('',(#10502,#10503,#10504,#10506));
#10508=FACE_OUTER_BOUND('',#10507,.F.);
#10510=CARTESIAN_POINT('',(-2.5E-1,-8.387524132754E-1,-3.701434894348E-1));
#10511=DIRECTION('',(0.E0,1.854683706595E-11,1.E0));
#10512=DIRECTION('',(0.E0,-1.E0,1.854683706595E-11));
#10513=AXIS2_PLACEMENT_3D('',#10510,#10511,#10512);
#10514=PLANE('',#10513);
#10515=ORIENTED_EDGE('',*,*,#10059,.F.);
#10516=ORIENTED_EDGE('',*,*,#10505,.T.);
#10517=ORIENTED_EDGE('',*,*,#9984,.T.);
#10519=ORIENTED_EDGE('',*,*,#10518,.F.);
#10520=EDGE_LOOP('',(#10515,#10516,#10517,#10519));
#10521=FACE_OUTER_BOUND('',#10520,.F.);
#10523=CARTESIAN_POINT('',(-2.5E-1,-9.202684937638E-1,-3.184616660195E-1));
#10524=DIRECTION('',(1.E0,0.E0,0.E0));
#10525=DIRECTION('',(0.E0,0.E0,1.E0));
#10526=AXIS2_PLACEMENT_3D('',#10523,#10524,#10525);
#10527=CYLINDRICAL_SURFACE('',#10526,5.384615384614E-2);
#10528=ORIENTED_EDGE('',*,*,#10063,.F.);
#10529=ORIENTED_EDGE('',*,*,#10061,.F.);
#10530=ORIENTED_EDGE('',*,*,#10518,.T.);
#10531=ORIENTED_EDGE('',*,*,#9982,.F.);
#10532=ORIENTED_EDGE('',*,*,#9980,.F.);
#10534=ORIENTED_EDGE('',*,*,#10533,.T.);
#10535=EDGE_LOOP('',(#10528,#10529,#10530,#10531,#10532,#10534));
#10536=FACE_OUTER_BOUND('',#10535,.F.);
#10538=CARTESIAN_POINT('',(-2.5E-1,-9.209301575264E-1,-3.723037544364E-1));
#10539=DIRECTION('',(0.E0,2.785982977482E-3,9.999961191419E-1));
#10540=DIRECTION('',(0.E0,-9.999961191419E-1,2.785982977482E-3));
#10541=AXIS2_PLACEMENT_3D('',#10538,#10539,#10540);
#10542=PLANE('',#10541);
#10543=ORIENTED_EDGE('',*,*,#10065,.F.);
#10544=ORIENTED_EDGE('',*,*,#10533,.F.);
#10545=ORIENTED_EDGE('',*,*,#9978,.F.);
#10547=ORIENTED_EDGE('',*,*,#10546,.F.);
#10548=EDGE_LOOP('',(#10543,#10544,#10545,#10547));
#10549=FACE_OUTER_BOUND('',#10548,.F.);
#10551=CARTESIAN_POINT('',(-2.5E-1,-1.075934905338E0,-3.193626298782E-1));
#10552=DIRECTION('',(1.E0,0.E0,0.E0));
#10553=DIRECTION('',(0.E0,0.E0,1.E0));
#10554=AXIS2_PLACEMENT_3D('',#10551,#10552,#10553);
#10555=CYLINDRICAL_SURFACE('',#10554,5.253024875943E-2);
#10556=ORIENTED_EDGE('',*,*,#10067,.F.);
#10557=ORIENTED_EDGE('',*,*,#10546,.T.);
#10558=ORIENTED_EDGE('',*,*,#9976,.F.);
#10560=ORIENTED_EDGE('',*,*,#10559,.T.);
#10561=EDGE_LOOP('',(#10556,#10557,#10558,#10560));
#10562=FACE_OUTER_BOUND('',#10561,.F.);
#10564=CARTESIAN_POINT('',(-2.5E-1,-1.128461538462E0,-3.187463121981E-1));
#10565=DIRECTION('',(0.E0,1.E0,0.E0));
#10566=DIRECTION('',(0.E0,0.E0,1.E0));
#10567=AXIS2_PLACEMENT_3D('',#10564,#10565,#10566);
#10568=PLANE('',#10567);
#10569=ORIENTED_EDGE('',*,*,#10069,.F.);
#10570=ORIENTED_EDGE('',*,*,#10559,.F.);
#10571=ORIENTED_EDGE('',*,*,#9974,.T.);
#10573=ORIENTED_EDGE('',*,*,#10572,.F.);
#10574=EDGE_LOOP('',(#10569,#10570,#10571,#10573));
#10575=FACE_OUTER_BOUND('',#10574,.F.);
#10577=CARTESIAN_POINT('',(-2.5E-1,-1.128461538462E0,-1.3E-1));
#10578=DIRECTION('',(0.E0,0.E0,1.E0));
#10579=DIRECTION('',(0.E0,-1.E0,0.E0));
#10580=AXIS2_PLACEMENT_3D('',#10577,#10578,#10579);
#10581=PLANE('',#10580);
#10582=ORIENTED_EDGE('',*,*,#9884,.F.);
#10583=ORIENTED_EDGE('',*,*,#10071,.F.);
#10584=ORIENTED_EDGE('',*,*,#10572,.T.);
#10585=ORIENTED_EDGE('',*,*,#9972,.T.);
#10586=EDGE_LOOP('',(#10582,#10583,#10584,#10585));
#10587=FACE_OUTER_BOUND('',#10586,.F.);
#10589=CLOSED_SHELL('',(#9867,#9890,#9904,#10006,#10021,#10075,#10092,#10105,
#10118,#10133,#10145,#10159,#10174,#10186,#10199,#10212,#10227,#10240,#10253,
#10268,#10281,#10294,#10307,#10320,#10335,#10348,#10361,#10376,#10389,#10402,
#10414,#10429,#10442,#10455,#10468,#10481,#10496,#10509,#10522,#10537,#10550,
#10563,#10576,#10588));
#10590=MANIFOLD_SOLID_BREP('',#10589);
#10591=FILL_AREA_STYLE_COLOUR('',#232);
#10592=FILL_AREA_STYLE('',(#10591));
#10593=SURFACE_STYLE_FILL_AREA(#10592);
#10594=SURFACE_SIDE_STYLE('',(#10593));
#10595=SURFACE_STYLE_USAGE(.BOTH.,#10594);
#10596=PRESENTATION_STYLE_ASSIGNMENT((#10595));
#8588=STYLED_ITEM('',(#10596),#10590);
#10599=PLANE_ANGLE_MEASURE_WITH_UNIT(PLANE_ANGLE_MEASURE(1.745329251994E-2),
#10598);
#10600=(CONVERSION_BASED_UNIT('DEGREE',#10599)NAMED_UNIT(*)PLANE_ANGLE_UNIT());
#10602=UNCERTAINTY_MEASURE_WITH_UNIT(LENGTH_MEASURE(2.012770786394E-4),#10597,
'distance_accuracy_value',
'Maximum model space distance between geometric entities at asserted connectivities');
#10604=CARTESIAN_POINT('',(0.E0,0.E0,0.E0));
#10605=DIRECTION('',(0.E0,0.E0,1.E0));
#10606=DIRECTION('',(1.E0,0.E0,0.E0));
#10609=PRODUCT_DEFINITION_CONTEXT('part definition',#773,'design');
#10610=PRODUCT_CONTEXT('',#773,'mechanical');
#10611=PRODUCT('RF-113-3_1_1_1_1_1','RF-113-3_1_1_1_1_1','NOT SPECIFIED',
(#10610));
#10612=PRODUCT_DEFINITION_FORMATION('1','LAST_VERSION',#10611);
#10620=DERIVED_UNIT_ELEMENT(#10619,2.E0);
#10621=DERIVED_UNIT((#10620));
#10622=MEASURE_REPRESENTATION_ITEM('surface area measure',AREA_MEASURE(
5.190286543962E0),#10621);
#10627=DERIVED_UNIT_ELEMENT(#10626,3.E0);
#10628=DERIVED_UNIT((#10627));
#10629=MEASURE_REPRESENTATION_ITEM('volume measure',VOLUME_MEASURE(
2.307748741950E-1),#10628);
#10633=CARTESIAN_POINT('centre point',(-1.159078300222E-1,-9.096634956180E-1,
3.462377713194E-4));
#10638=DERIVED_UNIT_ELEMENT(#10637,2.E0);
#10639=DERIVED_UNIT((#10638));
#10640=MEASURE_REPRESENTATION_ITEM('surface area measure',AREA_MEASURE(
5.190286543962E0),#10639);
#10645=DERIVED_UNIT_ELEMENT(#10644,3.E0);
#10646=DERIVED_UNIT((#10645));
#10647=MEASURE_REPRESENTATION_ITEM('volume measure',VOLUME_MEASURE(
2.307748741950E-1),#10646);
#10651=CARTESIAN_POINT('centre point',(-1.159078300222E-1,-9.096634956180E-1,
3.462377713194E-4));
#10658=CARTESIAN_POINT('centre point',(-1.159078300222E-1,-9.096634956180E-1,
3.462377713194E-4));
#10662=CARTESIAN_POINT('',(0.E0,0.E0,0.E0));
#10663=DIRECTION('',(0.E0,0.E0,1.E0));
#10664=DIRECTION('',(1.E0,0.E0,0.E0));
#10665=AXIS2_PLACEMENT_3D('',#10662,#10663,#10664);
#10666=ITEM_DEFINED_TRANSFORMATION('','',#10607,#10665);
#10667=CARTESIAN_POINT('',(0.E0,0.E0,0.E0));
#10668=DIRECTION('',(0.E0,0.E0,1.E0));
#10669=DIRECTION('',(1.E0,0.E0,0.E0));
#10671=(REPRESENTATION_RELATIONSHIP('','',#10608,#7660)REPRESENTATION_RELATIONSHIP_WITH_TRANSFORMATION(#10666)SHAPE_REPRESENTATION_RELATIONSHIP());
#10672=CONTEXT_DEPENDENT_SHAPE_REPRESENTATION(#10671,#10657);
#10674=CARTESIAN_POINT('',(-6.000769230770E0,-1.264760041553E0,0.E0));
#10675=DIRECTION('',(1.E0,0.E0,0.E0));
#10676=DIRECTION('',(0.E0,1.E0,0.E0));
#10677=AXIS2_PLACEMENT_3D('',#10674,#10675,#10676);
#10679=CURVE_STYLE('',#1267,POSITIVE_LENGTH_MEASURE(2.E-2),#317);
#10680=PRESENTATION_STYLE_ASSIGNMENT((#10679));
#10681=STYLED_ITEM('',(#10680),#10678);
#10682=CARTESIAN_POINT('',(-6.000769230770E0,-1.264760041553E0,0.E0));
#10683=DIRECTION('',(1.E0,0.E0,0.E0));
#10684=DIRECTION('',(0.E0,-1.E0,0.E0));
#10685=AXIS2_PLACEMENT_3D('',#10682,#10683,#10684);
#10687=CURVE_STYLE('',#1267,POSITIVE_LENGTH_MEASURE(2.E-2),#317);
#10688=PRESENTATION_STYLE_ASSIGNMENT((#10687));
#10689=STYLED_ITEM('',(#10688),#10686);
#10690=DIRECTION('',(-1.E0,0.E0,0.E0));
#10691=VECTOR('',#10690,6.150769230770E0);
#10692=CARTESIAN_POINT('',(1.5E-1,-1.394760041553E0,0.E0));
#10693=LINE('',#10692,#10691);
#10694=CURVE_STYLE('',#1267,POSITIVE_LENGTH_MEASURE(2.E-2),#317);
#10695=PRESENTATION_STYLE_ASSIGNMENT((#10694));
#10696=STYLED_ITEM('',(#10695),#10693);
#10697=DIRECTION('',(-1.E0,0.E0,0.E0));
#10698=VECTOR('',#10697,6.150769230770E0);
#10699=CARTESIAN_POINT('',(1.5E-1,-1.134760041553E0,0.E0));
#10700=LINE('',#10699,#10698);
#10701=CURVE_STYLE('',#1267,POSITIVE_LENGTH_MEASURE(2.E-2),#317);
#10702=PRESENTATION_STYLE_ASSIGNMENT((#10701));
#10703=STYLED_ITEM('',(#10702),#10700);
#10704=CARTESIAN_POINT('',(1.5E-1,-1.264760041553E0,0.E0));
#10705=DIRECTION('',(-1.E0,0.E0,0.E0));
#10706=DIRECTION('',(0.E0,-1.E0,0.E0));
#10707=AXIS2_PLACEMENT_3D('',#10704,#10705,#10706);
#10709=CURVE_STYLE('',#1267,POSITIVE_LENGTH_MEASURE(2.E-2),#317);
#10710=PRESENTATION_STYLE_ASSIGNMENT((#10709));
#10711=STYLED_ITEM('',(#10710),#10708);
#10712=CARTESIAN_POINT('',(1.5E-1,-1.264760041553E0,0.E0));
#10713=DIRECTION('',(-1.E0,0.E0,0.E0));
#10714=DIRECTION('',(0.E0,1.E0,0.E0));
#10715=AXIS2_PLACEMENT_3D('',#10712,#10713,#10714);
#10717=CURVE_STYLE('',#1267,POSITIVE_LENGTH_MEASURE(2.E-2),#317);
#10718=PRESENTATION_STYLE_ASSIGNMENT((#10717));
#10719=STYLED_ITEM('',(#10718),#10716);
#10720=CARTESIAN_POINT('',(-6.000769230770E0,-1.134760041553E0,0.E0));
#10721=CARTESIAN_POINT('',(-6.000769230770E0,-1.394760041553E0,0.E0));
#10722=VERTEX_POINT('',#10720);
#10723=VERTEX_POINT('',#10721);
#10724=CARTESIAN_POINT('',(1.5E-1,-1.134760041553E0,0.E0));
#10725=VERTEX_POINT('',#10724);
#10726=CARTESIAN_POINT('',(1.5E-1,-1.394760041553E0,0.E0));
#10727=VERTEX_POINT('',#10726);
#10728=CARTESIAN_POINT('',(-6.000769230770E0,0.E0,0.E0));
#10729=DIRECTION('',(-1.E0,0.E0,0.E0));
#10730=DIRECTION('',(0.E0,-1.E0,0.E0));
#10731=AXIS2_PLACEMENT_3D('',#10728,#10729,#10730);
#10732=PLANE('',#10731);
#10734=ORIENTED_EDGE('',*,*,#10733,.T.);
#10736=ORIENTED_EDGE('',*,*,#10735,.T.);
#10737=EDGE_LOOP('',(#10734,#10736));
#10738=FACE_OUTER_BOUND('',#10737,.F.);
#10740=CARTESIAN_POINT('',(-6.000769230770E0,-1.264760041553E0,0.E0));
#10741=DIRECTION('',(-1.E0,0.E0,0.E0));
#10742=DIRECTION('',(0.E0,-1.E0,0.E0));
#10743=AXIS2_PLACEMENT_3D('',#10740,#10741,#10742);
#10744=CYLINDRICAL_SURFACE('',#10743,1.3E-1);
#10745=ORIENTED_EDGE('',*,*,#10733,.F.);
#10747=ORIENTED_EDGE('',*,*,#10746,.F.);
#10749=ORIENTED_EDGE('',*,*,#10748,.F.);
#10751=ORIENTED_EDGE('',*,*,#10750,.T.);
#10752=EDGE_LOOP('',(#10745,#10747,#10749,#10751));
#10753=FACE_OUTER_BOUND('',#10752,.F.);
#10755=CARTESIAN_POINT('',(-6.000769230770E0,-1.264760041553E0,0.E0));
#10756=DIRECTION('',(-1.E0,0.E0,0.E0));
#10757=DIRECTION('',(0.E0,-1.E0,0.E0));
#10758=AXIS2_PLACEMENT_3D('',#10755,#10756,#10757);
#10759=CYLINDRICAL_SURFACE('',#10758,1.3E-1);
#10760=ORIENTED_EDGE('',*,*,#10735,.F.);
#10761=ORIENTED_EDGE('',*,*,#10750,.F.);
#10763=ORIENTED_EDGE('',*,*,#10762,.F.);
#10764=ORIENTED_EDGE('',*,*,#10746,.T.);
#10765=EDGE_LOOP('',(#10760,#10761,#10763,#10764));
#10766=FACE_OUTER_BOUND('',#10765,.F.);
#10768=CARTESIAN_POINT('',(1.5E-1,0.E0,0.E0));
#10769=DIRECTION('',(1.E0,0.E0,0.E0));
#10770=DIRECTION('',(0.E0,1.E0,0.E0));
#10771=AXIS2_PLACEMENT_3D('',#10768,#10769,#10770);
#10772=PLANE('',#10771);
#10773=ORIENTED_EDGE('',*,*,#10748,.T.);
#10774=ORIENTED_EDGE('',*,*,#10762,.T.);
#10775=EDGE_LOOP('',(#10773,#10774));
#10776=FACE_OUTER_BOUND('',#10775,.F.);
#10778=CLOSED_SHELL('',(#10739,#10754,#10767,#10777));
#10779=MANIFOLD_SOLID_BREP('',#10778);
#10780=FILL_AREA_STYLE_COLOUR('',#317);
#10781=FILL_AREA_STYLE('',(#10780));
#10782=SURFACE_STYLE_FILL_AREA(#10781);
#10783=SURFACE_SIDE_STYLE('',(#10782));
#10784=SURFACE_STYLE_USAGE(.BOTH.,#10783);
#10785=PRESENTATION_STYLE_ASSIGNMENT((#10784));
#10673=STYLED_ITEM('',(#10785),#10779);
#10788=PLANE_ANGLE_MEASURE_WITH_UNIT(PLANE_ANGLE_MEASURE(1.745329251994E-2),
#10787);
#10789=(CONVERSION_BASED_UNIT('DEGREE',#10788)NAMED_UNIT(*)PLANE_ANGLE_UNIT());
#10791=UNCERTAINTY_MEASURE_WITH_UNIT(LENGTH_MEASURE(6.161503454350E-4),#10786,
'distance_accuracy_value',
'Maximum model space distance between geometric entities at asserted connectivities');
#10793=CARTESIAN_POINT('',(0.E0,0.E0,0.E0));
#10794=DIRECTION('',(0.E0,0.E0,1.E0));
#10795=DIRECTION('',(1.E0,0.E0,0.E0));
#10798=PRODUCT_CONTEXT('',#773,'mechanical');
#10799=PRODUCT('CABLE-1_1_1_1_1_1','CABLE-1_1_1_1_1_1','NOT SPECIFIED',
(#10798));
#10800=PRODUCT_DEFINITION_FORMATION('1','LAST_VERSION',#10799);
#10808=DERIVED_UNIT_ELEMENT(#10807,2.E0);
#10809=DERIVED_UNIT((#10808));
#10810=MEASURE_REPRESENTATION_ITEM('surface area measure',AREA_MEASURE(
5.130220802840E0),#10809);
#10815=DERIVED_UNIT_ELEMENT(#10814,3.E0);
#10816=DERIVED_UNIT((#10815));
#10817=MEASURE_REPRESENTATION_ITEM('volume measure',VOLUME_MEASURE(
3.265622726706E-1),#10816);
#10821=CARTESIAN_POINT('centre point',(-2.925384615385E0,-1.264760041553E0,
1.299500089114E-11));
#10826=DERIVED_UNIT_ELEMENT(#10825,2.E0);
#10827=DERIVED_UNIT((#10826));
#10828=MEASURE_REPRESENTATION_ITEM('surface area measure',AREA_MEASURE(
5.130220802840E0),#10827);
#10833=DERIVED_UNIT_ELEMENT(#10832,3.E0);
#10834=DERIVED_UNIT((#10833));
#10835=MEASURE_REPRESENTATION_ITEM('volume measure',VOLUME_MEASURE(
3.265622726706E-1),#10834);
#10839=CARTESIAN_POINT('centre point',(-2.925384615385E0,-1.264760041553E0,
1.299500089114E-11));
#10846=CARTESIAN_POINT('centre point',(-2.925384615385E0,-1.264760041553E0,
1.299500089114E-11));
#10850=CARTESIAN_POINT('',(0.E0,0.E0,0.E0));
#10851=DIRECTION('',(0.E0,0.E0,1.E0));
#10852=DIRECTION('',(1.E0,0.E0,0.E0));
#10853=AXIS2_PLACEMENT_3D('',#10850,#10851,#10852);
#10854=ITEM_DEFINED_TRANSFORMATION('','',#10796,#10853);
#10855=CARTESIAN_POINT('',(0.E0,0.E0,0.E0));
#10856=DIRECTION('',(0.E0,0.E0,1.E0));
#10857=DIRECTION('',(1.E0,0.E0,0.E0));
#10859=(REPRESENTATION_RELATIONSHIP('','',#10797,#7660)REPRESENTATION_RELATIONSHIP_WITH_TRANSFORMATION(#10854)SHAPE_REPRESENTATION_RELATIONSHIP());
#10860=CONTEXT_DEPENDENT_SHAPE_REPRESENTATION(#10859,#10845);
#10862=CARTESIAN_POINT('',(-6.000769230770E0,-1.264760041553E0,0.E0));
#10863=DIRECTION('',(1.E0,0.E0,0.E0));
#10864=DIRECTION('',(0.E0,1.E0,0.E0));
#10865=AXIS2_PLACEMENT_3D('',#10862,#10863,#10864);
#10867=CURVE_STYLE('',#1267,POSITIVE_LENGTH_MEASURE(2.E-2),#28);
#10868=PRESENTATION_STYLE_ASSIGNMENT((#10867));
#10869=STYLED_ITEM('',(#10868),#10866);
#10870=CARTESIAN_POINT('',(-6.000769230770E0,-1.264760041553E0,0.E0));
#10871=DIRECTION('',(1.E0,0.E0,0.E0));
#10872=DIRECTION('',(0.E0,-1.E0,0.E0));
#10873=AXIS2_PLACEMENT_3D('',#10870,#10871,#10872);
#10875=CURVE_STYLE('',#1267,POSITIVE_LENGTH_MEASURE(2.E-2),#28);
#10876=PRESENTATION_STYLE_ASSIGNMENT((#10875));
#10877=STYLED_ITEM('',(#10876),#10874);
#10878=CARTESIAN_POINT('',(-6.000769230770E0,-1.264760041553E0,0.E0));
#10879=DIRECTION('',(-1.E0,0.E0,0.E0));
#10880=DIRECTION('',(0.E0,1.E0,0.E0));
#10881=AXIS2_PLACEMENT_3D('',#10878,#10879,#10880);
#10883=CURVE_STYLE('',#1267,POSITIVE_LENGTH_MEASURE(2.E-2),#28);
#10884=PRESENTATION_STYLE_ASSIGNMENT((#10883));
#10885=STYLED_ITEM('',(#10884),#10882);
#10886=CARTESIAN_POINT('',(-6.000769230770E0,-1.264760041553E0,0.E0));
#10887=DIRECTION('',(-1.E0,0.E0,0.E0));
#10888=DIRECTION('',(0.E0,-1.E0,0.E0));
#10889=AXIS2_PLACEMENT_3D('',#10886,#10887,#10888);
#10891=CURVE_STYLE('',#1267,POSITIVE_LENGTH_MEASURE(2.E-2),#28);
#10892=PRESENTATION_STYLE_ASSIGNMENT((#10891));
#10893=STYLED_ITEM('',(#10892),#10890);
#10894=DIRECTION('',(-1.E0,0.E0,0.E0));
#10895=VECTOR('',#10894,4.681538461540E0);
#10896=CARTESIAN_POINT('',(-1.319230769230E0,-1.589760041553E0,0.E0));
#10897=LINE('',#10896,#10895);
#10898=CURVE_STYLE('',#1267,POSITIVE_LENGTH_MEASURE(2.E-2),#28);
#10899=PRESENTATION_STYLE_ASSIGNMENT((#10898));
#10900=STYLED_ITEM('',(#10899),#10897);
#10901=CARTESIAN_POINT('',(-1.319230769230E0,-1.264760041553E0,0.E0));
#10902=DIRECTION('',(-1.E0,0.E0,0.E0));
#10903=DIRECTION('',(0.E0,-1.E0,0.E0));
#10904=AXIS2_PLACEMENT_3D('',#10901,#10902,#10903);
#10906=CURVE_STYLE('',#1267,POSITIVE_LENGTH_MEASURE(2.E-2),#28);
#10907=PRESENTATION_STYLE_ASSIGNMENT((#10906));
#10908=STYLED_ITEM('',(#10907),#10905);
#10909=CARTESIAN_POINT('',(-1.319230769230E0,-1.264760041553E0,0.E0));
#10910=DIRECTION('',(-1.E0,0.E0,0.E0));
#10911=DIRECTION('',(0.E0,1.E0,0.E0));
#10912=AXIS2_PLACEMENT_3D('',#10909,#10910,#10911);
#10914=CURVE_STYLE('',#1267,POSITIVE_LENGTH_MEASURE(2.E-2),#28);
#10915=PRESENTATION_STYLE_ASSIGNMENT((#10914));
#10916=STYLED_ITEM('',(#10915),#10913);
#10917=CARTESIAN_POINT('',(-1.319230769230E0,-1.264760041553E0,0.E0));
#10918=DIRECTION('',(1.E0,0.E0,0.E0));
#10919=DIRECTION('',(0.E0,-1.E0,0.E0));
#10920=AXIS2_PLACEMENT_3D('',#10917,#10918,#10919);
#10922=CURVE_STYLE('',#1267,POSITIVE_LENGTH_MEASURE(2.E-2),#28);
#10923=PRESENTATION_STYLE_ASSIGNMENT((#10922));
#10924=STYLED_ITEM('',(#10923),#10921);
#10925=CARTESIAN_POINT('',(-1.319230769230E0,-1.264760041553E0,0.E0));
#10926=DIRECTION('',(1.E0,0.E0,0.E0));
#10927=DIRECTION('',(0.E0,1.E0,0.E0));
#10928=AXIS2_PLACEMENT_3D('',#10925,#10926,#10927);
#10930=CURVE_STYLE('',#1267,POSITIVE_LENGTH_MEASURE(2.E-2),#28);
#10931=PRESENTATION_STYLE_ASSIGNMENT((#10930));
#10932=STYLED_ITEM('',(#10931),#10929);
#10933=DIRECTION('',(-1.E0,0.E0,0.E0));
#10934=VECTOR('',#10933,4.681538461540E0);
#10935=CARTESIAN_POINT('',(-1.319230769230E0,-9.397600415530E-1,0.E0));
#10936=LINE('',#10935,#10934);
#10937=CURVE_STYLE('',#1267,POSITIVE_LENGTH_MEASURE(2.E-2),#28);
#10938=PRESENTATION_STYLE_ASSIGNMENT((#10937));
#10939=STYLED_ITEM('',(#10938),#10936);
#10940=DIRECTION('',(-1.E0,0.E0,0.E0));
#10941=VECTOR('',#10940,4.681538461540E0);
#10942=CARTESIAN_POINT('',(-1.319230769230E0,-1.394760041553E0,0.E0));
#10943=LINE('',#10942,#10941);
#10944=CURVE_STYLE('',#1267,POSITIVE_LENGTH_MEASURE(2.E-2),#28);
#10945=PRESENTATION_STYLE_ASSIGNMENT((#10944));
#10946=STYLED_ITEM('',(#10945),#10943);
#10947=DIRECTION('',(-1.E0,0.E0,0.E0));
#10948=VECTOR('',#10947,4.681538461540E0);
#10949=CARTESIAN_POINT('',(-1.319230769230E0,-1.134760041553E0,0.E0));
#10950=LINE('',#10949,#10948);
#10951=CURVE_STYLE('',#1267,POSITIVE_LENGTH_MEASURE(2.E-2),#28);
#10952=PRESENTATION_STYLE_ASSIGNMENT((#10951));
#10953=STYLED_ITEM('',(#10952),#10950);
#10954=CARTESIAN_POINT('',(-6.000769230770E0,-9.397600415530E-1,0.E0));
#10955=CARTESIAN_POINT('',(-6.000769230770E0,-1.589760041553E0,0.E0));
#10956=VERTEX_POINT('',#10954);
#10957=VERTEX_POINT('',#10955);
#10958=CARTESIAN_POINT('',(-6.000769230770E0,-1.134760041553E0,0.E0));
#10959=CARTESIAN_POINT('',(-6.000769230770E0,-1.394760041553E0,0.E0));
#10960=VERTEX_POINT('',#10958);
#10961=VERTEX_POINT('',#10959);
#10962=CARTESIAN_POINT('',(-1.319230769230E0,-1.589760041553E0,0.E0));
#10963=CARTESIAN_POINT('',(-1.319230769230E0,-9.397600415530E-1,0.E0));
#10964=VERTEX_POINT('',#10962);
#10965=VERTEX_POINT('',#10963);
#10966=CARTESIAN_POINT('',(-1.319230769230E0,-1.394760041553E0,0.E0));
#10967=CARTESIAN_POINT('',(-1.319230769230E0,-1.134760041553E0,0.E0));
#10968=VERTEX_POINT('',#10966);
#10969=VERTEX_POINT('',#10967);
#10970=CARTESIAN_POINT('',(-6.000769230770E0,0.E0,0.E0));
#10971=DIRECTION('',(-1.E0,0.E0,0.E0));
#10972=DIRECTION('',(0.E0,-1.E0,0.E0));
#10973=AXIS2_PLACEMENT_3D('',#10970,#10971,#10972);
#10974=PLANE('',#10973);
#10976=ORIENTED_EDGE('',*,*,#10975,.T.);
#10978=ORIENTED_EDGE('',*,*,#10977,.T.);
#10979=EDGE_LOOP('',(#10976,#10978));
#10980=FACE_OUTER_BOUND('',#10979,.F.);
#10982=ORIENTED_EDGE('',*,*,#10981,.T.);
#10984=ORIENTED_EDGE('',*,*,#10983,.T.);
#10985=EDGE_LOOP('',(#10982,#10984));
#10986=FACE_BOUND('',#10985,.F.);
#10988=CARTESIAN_POINT('',(-6.000769230770E0,-1.264760041553E0,0.E0));
#10989=DIRECTION('',(-1.E0,0.E0,0.E0));
#10990=DIRECTION('',(0.E0,-1.E0,0.E0));
#10991=AXIS2_PLACEMENT_3D('',#10988,#10989,#10990);
#10992=CYLINDRICAL_SURFACE('',#10991,3.25E-1);
#10994=ORIENTED_EDGE('',*,*,#10993,.F.);
#10996=ORIENTED_EDGE('',*,*,#10995,.T.);
#10997=ORIENTED_EDGE('',*,*,#10975,.F.);
#10999=ORIENTED_EDGE('',*,*,#10998,.F.);
#11000=EDGE_LOOP('',(#10994,#10996,#10997,#10999));
#11001=FACE_OUTER_BOUND('',#11000,.F.);
#11003=CARTESIAN_POINT('',(-1.319230769230E0,-6.397600415533E-1,
-4.142836628325E-1));
#11004=DIRECTION('',(-1.E0,0.E0,0.E0));
#11005=DIRECTION('',(0.E0,0.E0,1.E0));
#11006=AXIS2_PLACEMENT_3D('',#11003,#11004,#11005);
#11007=PLANE('',#11006);
#11008=ORIENTED_EDGE('',*,*,#10993,.T.);
#11010=ORIENTED_EDGE('',*,*,#11009,.T.);
#11011=EDGE_LOOP('',(#11008,#11010));
#11012=FACE_OUTER_BOUND('',#11011,.F.);
#11014=ORIENTED_EDGE('',*,*,#11013,.T.);
#11016=ORIENTED_EDGE('',*,*,#11015,.T.);
#11017=EDGE_LOOP('',(#11014,#11016));
#11018=FACE_BOUND('',#11017,.F.);
#11020=CARTESIAN_POINT('',(-6.000769230770E0,-1.264760041553E0,0.E0));
#11021=DIRECTION('',(-1.E0,0.E0,0.E0));
#11022=DIRECTION('',(0.E0,-1.E0,0.E0));
#11023=AXIS2_PLACEMENT_3D('',#11020,#11021,#11022);
#11024=CYLINDRICAL_SURFACE('',#11023,3.25E-1);
#11025=ORIENTED_EDGE('',*,*,#11009,.F.);
#11026=ORIENTED_EDGE('',*,*,#10998,.T.);
#11027=ORIENTED_EDGE('',*,*,#10977,.F.);
#11028=ORIENTED_EDGE('',*,*,#10995,.F.);
#11029=EDGE_LOOP('',(#11025,#11026,#11027,#11028));
#11030=FACE_OUTER_BOUND('',#11029,.F.);
#11032=CARTESIAN_POINT('',(-6.000769230770E0,-1.264760041553E0,0.E0));
#11033=DIRECTION('',(-1.E0,0.E0,0.E0));
#11034=DIRECTION('',(0.E0,-1.E0,0.E0));
#11035=AXIS2_PLACEMENT_3D('',#11032,#11033,#11034);
#11036=CYLINDRICAL_SURFACE('',#11035,1.3E-1);
#11037=ORIENTED_EDGE('',*,*,#11013,.F.);
#11039=ORIENTED_EDGE('',*,*,#11038,.T.);
#11040=ORIENTED_EDGE('',*,*,#10981,.F.);
#11042=ORIENTED_EDGE('',*,*,#11041,.F.);
#11043=EDGE_LOOP('',(#11037,#11039,#11040,#11042));
#11044=FACE_OUTER_BOUND('',#11043,.F.);
#11046=CARTESIAN_POINT('',(-6.000769230770E0,-1.264760041553E0,0.E0));
#11047=DIRECTION('',(-1.E0,0.E0,0.E0));
#11048=DIRECTION('',(0.E0,-1.E0,0.E0));
#11049=AXIS2_PLACEMENT_3D('',#11046,#11047,#11048);
#11050=CYLINDRICAL_SURFACE('',#11049,1.3E-1);
#11051=ORIENTED_EDGE('',*,*,#11015,.F.);
#11052=ORIENTED_EDGE('',*,*,#11041,.T.);
#11053=ORIENTED_EDGE('',*,*,#10983,.F.);
#11054=ORIENTED_EDGE('',*,*,#11038,.F.);
#11055=EDGE_LOOP('',(#11051,#11052,#11053,#11054));
#11056=FACE_OUTER_BOUND('',#11055,.F.);
#11058=CLOSED_SHELL('',(#10987,#11002,#11019,#11031,#11045,#11057));
#11059=MANIFOLD_SOLID_BREP('',#11058);
#11060=FILL_AREA_STYLE_COLOUR('',#28);
#11061=FILL_AREA_STYLE('',(#11060));
#11062=SURFACE_STYLE_FILL_AREA(#11061);
#11063=SURFACE_SIDE_STYLE('',(#11062));
#11064=SURFACE_STYLE_USAGE(.BOTH.,#11063);
#11065=PRESENTATION_STYLE_ASSIGNMENT((#11064));
#10861=STYLED_ITEM('',(#11065),#11059);
#11068=PLANE_ANGLE_MEASURE_WITH_UNIT(PLANE_ANGLE_MEASURE(1.745329251994E-2),
#11067);
#11069=(CONVERSION_BASED_UNIT('DEGREE',#11068)NAMED_UNIT(*)PLANE_ANGLE_UNIT());
#11071=UNCERTAINTY_MEASURE_WITH_UNIT(LENGTH_MEASURE(4.770742233564E-4),#11066,
'distance_accuracy_value',
'Maximum model space distance between geometric entities at asserted connectivities');
#11073=CARTESIAN_POINT('',(0.E0,0.E0,0.E0));
#11074=DIRECTION('',(0.E0,0.E0,1.E0));
#11075=DIRECTION('',(1.E0,0.E0,0.E0));
#11078=PRODUCT_DEFINITION_CONTEXT('part definition',#773,'design');
#11079=PRODUCT_CONTEXT('',#773,'mechanical');
#11080=PRODUCT('CABLE-2_1_1_1_1_1','CABLE-2_1_1_1_1_1','NOT SPECIFIED',
(#11079));
#11081=PRODUCT_DEFINITION_FORMATION('1','LAST_VERSION',#11080);
#11089=DERIVED_UNIT_ELEMENT(#11088,2.E0);
#11090=DERIVED_UNIT((#11089));
#11091=MEASURE_REPRESENTATION_ITEM('surface area measure',AREA_MEASURE(
1.394128863921E1),#11090);
#11096=DERIVED_UNIT_ELEMENT(#11095,3.E0);
#11097=DERIVED_UNIT((#11096));
#11098=MEASURE_REPRESENTATION_ITEM('volume measure',VOLUME_MEASURE(
1.304921769726E0),#11097);
#11102=CARTESIAN_POINT('centre point',(-3.659999999631E0,-1.264760041554E0,
-1.347950311512E-12));
#11107=DERIVED_UNIT_ELEMENT(#11106,2.E0);
#11108=DERIVED_UNIT((#11107));
#11109=MEASURE_REPRESENTATION_ITEM('surface area measure',AREA_MEASURE(
1.394128863921E1),#11108);
#11114=DERIVED_UNIT_ELEMENT(#11113,3.E0);
#11115=DERIVED_UNIT((#11114));
#11116=MEASURE_REPRESENTATION_ITEM('volume measure',VOLUME_MEASURE(
1.304921769726E0),#11115);
#11120=CARTESIAN_POINT('centre point',(-3.659999999631E0,-1.264760041554E0,
-1.347950311512E-12));
#11127=CARTESIAN_POINT('centre point',(-3.659999999631E0,-1.264760041554E0,
-1.347950311512E-12));
#11131=CARTESIAN_POINT('',(0.E0,0.E0,0.E0));
#11132=DIRECTION('',(0.E0,0.E0,1.E0));
#11133=DIRECTION('',(1.E0,0.E0,0.E0));
#11134=AXIS2_PLACEMENT_3D('',#11131,#11132,#11133);
#11135=ITEM_DEFINED_TRANSFORMATION('','',#11076,#11134);
#11136=CARTESIAN_POINT('',(0.E0,0.E0,0.E0));
#11137=DIRECTION('',(0.E0,0.E0,1.E0));
#11138=DIRECTION('',(1.E0,0.E0,0.E0));
#11140=(REPRESENTATION_RELATIONSHIP('','',#11077,#7660)REPRESENTATION_RELATIONSHIP_WITH_TRANSFORMATION(#11135)SHAPE_REPRESENTATION_RELATIONSHIP());
#11141=CONTEXT_DEPENDENT_SHAPE_REPRESENTATION(#11140,#11126);
#11143=CARTESIAN_POINT('',(-6.000769230770E0,-1.264760041553E0,0.E0));
#11144=DIRECTION('',(1.E0,0.E0,0.E0));
#11145=DIRECTION('',(0.E0,1.E0,0.E0));
#11146=AXIS2_PLACEMENT_3D('',#11143,#11144,#11145);
#11148=CURVE_STYLE('',#1267,POSITIVE_LENGTH_MEASURE(2.E-2),#33);
#11149=PRESENTATION_STYLE_ASSIGNMENT((#11148));
#11150=STYLED_ITEM('',(#11149),#11147);
#11151=CARTESIAN_POINT('',(-6.000769230770E0,-1.264760041553E0,0.E0));
#11152=DIRECTION('',(1.E0,0.E0,0.E0));
#11153=DIRECTION('',(0.E0,-1.E0,0.E0));
#11154=AXIS2_PLACEMENT_3D('',#11151,#11152,#11153);
#11156=CURVE_STYLE('',#1267,POSITIVE_LENGTH_MEASURE(2.E-2),#33);
#11157=PRESENTATION_STYLE_ASSIGNMENT((#11156));
#11158=STYLED_ITEM('',(#11157),#11155);
#11159=CARTESIAN_POINT('',(-6.000769230770E0,-1.264760041553E0,0.E0));
#11160=DIRECTION('',(-1.E0,0.E0,0.E0));
#11161=DIRECTION('',(0.E0,1.E0,0.E0));
#11162=AXIS2_PLACEMENT_3D('',#11159,#11160,#11161);
#11164=CURVE_STYLE('',#1267,POSITIVE_LENGTH_MEASURE(2.E-2),#33);
#11165=PRESENTATION_STYLE_ASSIGNMENT((#11164));
#11166=STYLED_ITEM('',(#11165),#11163);
#11167=CARTESIAN_POINT('',(-6.000769230770E0,-1.264760041553E0,0.E0));
#11168=DIRECTION('',(-1.E0,0.E0,0.E0));
#11169=DIRECTION('',(0.E0,-1.E0,0.E0));
#11170=AXIS2_PLACEMENT_3D('',#11167,#11168,#11169);
#11172=CURVE_STYLE('',#1267,POSITIVE_LENGTH_MEASURE(2.E-2),#33);
#11173=PRESENTATION_STYLE_ASSIGNMENT((#11172));
#11174=STYLED_ITEM('',(#11173),#11171);
#11175=DIRECTION('',(-1.E0,0.E0,0.E0));
#11176=VECTOR('',#11175,3.82E0);
#11177=CARTESIAN_POINT('',(-2.180769230770E0,-1.739760041553E0,0.E0));
#11178=LINE('',#11177,#11176);
#11179=CURVE_STYLE('',#1267,POSITIVE_LENGTH_MEASURE(2.E-2),#33);
#11180=PRESENTATION_STYLE_ASSIGNMENT((#11179));
#11181=STYLED_ITEM('',(#11180),#11178);
#11182=DIRECTION('',(-1.E0,0.E0,0.E0));
#11183=VECTOR('',#11182,3.82E0);
#11184=CARTESIAN_POINT('',(-2.180769230770E0,-7.897600415530E-1,0.E0));
#11185=LINE('',#11184,#11183);
#11186=CURVE_STYLE('',#1267,POSITIVE_LENGTH_MEASURE(2.E-2),#33);
#11187=PRESENTATION_STYLE_ASSIGNMENT((#11186));
#11188=STYLED_ITEM('',(#11187),#11185);
#11189=CARTESIAN_POINT('',(-2.180769230770E0,-1.264760041553E0,0.E0));
#11190=DIRECTION('',(-1.E0,0.E0,0.E0));
#11191=DIRECTION('',(0.E0,-1.E0,0.E0));
#11192=AXIS2_PLACEMENT_3D('',#11189,#11190,#11191);
#11194=CURVE_STYLE('',#1267,POSITIVE_LENGTH_MEASURE(2.E-2),#33);
#11195=PRESENTATION_STYLE_ASSIGNMENT((#11194));
#11196=STYLED_ITEM('',(#11195),#11193);
#11197=CARTESIAN_POINT('',(-2.180769230770E0,-1.264760041553E0,0.E0));
#11198=DIRECTION('',(-1.E0,0.E0,0.E0));
#11199=DIRECTION('',(0.E0,1.E0,0.E0));
#11200=AXIS2_PLACEMENT_3D('',#11197,#11198,#11199);
#11202=CURVE_STYLE('',#1267,POSITIVE_LENGTH_MEASURE(2.E-2),#33);
#11203=PRESENTATION_STYLE_ASSIGNMENT((#11202));
#11204=STYLED_ITEM('',(#11203),#11201);
#11205=CARTESIAN_POINT('',(-2.180769230770E0,-1.264760041553E0,0.E0));
#11206=DIRECTION('',(1.E0,0.E0,0.E0));
#11207=DIRECTION('',(0.E0,-1.E0,0.E0));
#11208=AXIS2_PLACEMENT_3D('',#11205,#11206,#11207);
#11210=CURVE_STYLE('',#1267,POSITIVE_LENGTH_MEASURE(2.E-2),#33);
#11211=PRESENTATION_STYLE_ASSIGNMENT((#11210));
#11212=STYLED_ITEM('',(#11211),#11209);
#11213=CARTESIAN_POINT('',(-2.180769230770E0,-1.264760041553E0,0.E0));
#11214=DIRECTION('',(1.E0,0.E0,0.E0));
#11215=DIRECTION('',(0.E0,1.E0,0.E0));
#11216=AXIS2_PLACEMENT_3D('',#11213,#11214,#11215);
#11218=CURVE_STYLE('',#1267,POSITIVE_LENGTH_MEASURE(2.E-2),#33);
#11219=PRESENTATION_STYLE_ASSIGNMENT((#11218));
#11220=STYLED_ITEM('',(#11219),#11217);
#11221=DIRECTION('',(-1.E0,0.E0,0.E0));
#11222=VECTOR('',#11221,3.82E0);
#11223=CARTESIAN_POINT('',(-2.180769230770E0,-1.589760041553E0,0.E0));
#11224=LINE('',#11223,#11222);
#11225=CURVE_STYLE('',#1267,POSITIVE_LENGTH_MEASURE(2.E-2),#33);
#11226=PRESENTATION_STYLE_ASSIGNMENT((#11225));
#11227=STYLED_ITEM('',(#11226),#11224);
#11228=DIRECTION('',(-1.E0,0.E0,0.E0));
#11229=VECTOR('',#11228,3.82E0);
#11230=CARTESIAN_POINT('',(-2.180769230770E0,-9.397600415530E-1,0.E0));
#11231=LINE('',#11230,#11229);
#11232=CURVE_STYLE('',#1267,POSITIVE_LENGTH_MEASURE(2.E-2),#33);
#11233=PRESENTATION_STYLE_ASSIGNMENT((#11232));
#11234=STYLED_ITEM('',(#11233),#11231);
#11235=CARTESIAN_POINT('',(-6.000769230770E0,-7.897600415530E-1,0.E0));
#11236=CARTESIAN_POINT('',(-6.000769230770E0,-1.739760041553E0,0.E0));
#11237=VERTEX_POINT('',#11235);
#11238=VERTEX_POINT('',#11236);
#11239=CARTESIAN_POINT('',(-6.000769230770E0,-9.397600415530E-1,0.E0));
#11240=CARTESIAN_POINT('',(-6.000769230770E0,-1.589760041553E0,0.E0));
#11241=VERTEX_POINT('',#11239);
#11242=VERTEX_POINT('',#11240);
#11243=CARTESIAN_POINT('',(-2.180769230770E0,-7.897600415530E-1,0.E0));
#11244=VERTEX_POINT('',#11243);
#11245=CARTESIAN_POINT('',(-2.180769230770E0,-1.739760041553E0,0.E0));
#11246=VERTEX_POINT('',#11245);
#11247=CARTESIAN_POINT('',(-2.180769230770E0,-1.589760041553E0,0.E0));
#11248=CARTESIAN_POINT('',(-2.180769230770E0,-9.397600415530E-1,0.E0));
#11249=VERTEX_POINT('',#11247);
#11250=VERTEX_POINT('',#11248);
#11251=CARTESIAN_POINT('',(-6.000769230770E0,0.E0,0.E0));
#11252=DIRECTION('',(-1.E0,0.E0,0.E0));
#11253=DIRECTION('',(0.E0,-1.E0,0.E0));
#11254=AXIS2_PLACEMENT_3D('',#11251,#11252,#11253);
#11255=PLANE('',#11254);
#11257=ORIENTED_EDGE('',*,*,#11256,.T.);
#11259=ORIENTED_EDGE('',*,*,#11258,.T.);
#11260=EDGE_LOOP('',(#11257,#11259));
#11261=FACE_OUTER_BOUND('',#11260,.F.);
#11263=ORIENTED_EDGE('',*,*,#11262,.T.);
#11265=ORIENTED_EDGE('',*,*,#11264,.T.);
#11266=EDGE_LOOP('',(#11263,#11265));
#11267=FACE_BOUND('',#11266,.F.);
#11269=CARTESIAN_POINT('',(-6.000769230770E0,-1.264760041553E0,0.E0));
#11270=DIRECTION('',(-1.E0,0.E0,0.E0));
#11271=DIRECTION('',(0.E0,-1.E0,0.E0));
#11272=AXIS2_PLACEMENT_3D('',#11269,#11270,#11271);
#11273=CYLINDRICAL_SURFACE('',#11272,4.75E-1);
#11274=ORIENTED_EDGE('',*,*,#11256,.F.);
#11276=ORIENTED_EDGE('',*,*,#11275,.F.);
#11278=ORIENTED_EDGE('',*,*,#11277,.F.);
#11280=ORIENTED_EDGE('',*,*,#11279,.T.);
#11281=EDGE_LOOP('',(#11274,#11276,#11278,#11280));
#11282=FACE_OUTER_BOUND('',#11281,.F.);
#11284=CARTESIAN_POINT('',(-6.000769230770E0,-1.264760041553E0,0.E0));
#11285=DIRECTION('',(-1.E0,0.E0,0.E0));
#11286=DIRECTION('',(0.E0,-1.E0,0.E0));
#11287=AXIS2_PLACEMENT_3D('',#11284,#11285,#11286);
#11288=CYLINDRICAL_SURFACE('',#11287,4.75E-1);
#11289=ORIENTED_EDGE('',*,*,#11258,.F.);
#11290=ORIENTED_EDGE('',*,*,#11279,.F.);
#11292=ORIENTED_EDGE('',*,*,#11291,.F.);
#11293=ORIENTED_EDGE('',*,*,#11275,.T.);
#11294=EDGE_LOOP('',(#11289,#11290,#11292,#11293));
#11295=FACE_OUTER_BOUND('',#11294,.F.);
#11297=CARTESIAN_POINT('',(-2.180769230770E0,-1.939760041553E0,1.53E0));
#11298=DIRECTION('',(-1.E0,0.E0,0.E0));
#11299=DIRECTION('',(0.E0,0.E0,-1.E0));
#11300=AXIS2_PLACEMENT_3D('',#11297,#11298,#11299);
#11301=PLANE('',#11300);
#11302=ORIENTED_EDGE('',*,*,#11277,.T.);
#11303=ORIENTED_EDGE('',*,*,#11291,.T.);
#11304=EDGE_LOOP('',(#11302,#11303));
#11305=FACE_OUTER_BOUND('',#11304,.F.);
#11307=ORIENTED_EDGE('',*,*,#11306,.T.);
#11309=ORIENTED_EDGE('',*,*,#11308,.T.);
#11310=EDGE_LOOP('',(#11307,#11309));
#11311=FACE_BOUND('',#11310,.F.);
#11313=CARTESIAN_POINT('',(-6.000769230770E0,-1.264760041553E0,0.E0));
#11314=DIRECTION('',(-1.E0,0.E0,0.E0));
#11315=DIRECTION('',(0.E0,-1.E0,0.E0));
#11316=AXIS2_PLACEMENT_3D('',#11313,#11314,#11315);
#11317=CYLINDRICAL_SURFACE('',#11316,3.25E-1);
#11318=ORIENTED_EDGE('',*,*,#11262,.F.);
#11320=ORIENTED_EDGE('',*,*,#11319,.F.);
#11321=ORIENTED_EDGE('',*,*,#11306,.F.);
#11323=ORIENTED_EDGE('',*,*,#11322,.T.);
#11324=EDGE_LOOP('',(#11318,#11320,#11321,#11323));
#11325=FACE_OUTER_BOUND('',#11324,.F.);
#11327=CARTESIAN_POINT('',(-6.000769230770E0,-1.264760041553E0,0.E0));
#11328=DIRECTION('',(-1.E0,0.E0,0.E0));
#11329=DIRECTION('',(0.E0,-1.E0,0.E0));
#11330=AXIS2_PLACEMENT_3D('',#11327,#11328,#11329);
#11331=CYLINDRICAL_SURFACE('',#11330,3.25E-1);
#11332=ORIENTED_EDGE('',*,*,#11264,.F.);
#11333=ORIENTED_EDGE('',*,*,#11322,.F.);
#11334=ORIENTED_EDGE('',*,*,#11308,.F.);
#11335=ORIENTED_EDGE('',*,*,#11319,.T.);
#11336=EDGE_LOOP('',(#11332,#11333,#11334,#11335));
#11337=FACE_OUTER_BOUND('',#11336,.F.);
#11339=CLOSED_SHELL('',(#11268,#11283,#11296,#11312,#11326,#11338));
#11340=MANIFOLD_SOLID_BREP('',#11339);
#11341=FILL_AREA_STYLE_COLOUR('',#33);
#11342=FILL_AREA_STYLE('',(#11341));
#11343=SURFACE_STYLE_FILL_AREA(#11342);
#11344=SURFACE_SIDE_STYLE('',(#11343));
#11345=SURFACE_STYLE_USAGE(.BOTH.,#11344);
#11346=PRESENTATION_STYLE_ASSIGNMENT((#11345));
#11142=STYLED_ITEM('',(#11346),#11340);
#11349=PLANE_ANGLE_MEASURE_WITH_UNIT(PLANE_ANGLE_MEASURE(1.745329251994E-2),
#11348);
#11350=(CONVERSION_BASED_UNIT('DEGREE',#11349)NAMED_UNIT(*)PLANE_ANGLE_UNIT());
#11352=UNCERTAINTY_MEASURE_WITH_UNIT(LENGTH_MEASURE(4.049208346608E-4),#11347,
'distance_accuracy_value',
'Maximum model space distance between geometric entities at asserted connectivities');
#11354=CARTESIAN_POINT('',(0.E0,0.E0,0.E0));
#11355=DIRECTION('',(0.E0,0.E0,1.E0));
#11356=DIRECTION('',(1.E0,0.E0,0.E0));
#11359=PRODUCT_CONTEXT('',#773,'mechanical');
#11360=PRODUCT('CABLE-3_1_1_1_1_1','CABLE-3_1_1_1_1_1','NOT SPECIFIED',
(#11359));
#11361=PRODUCT_DEFINITION_FORMATION('1','LAST_VERSION',#11360);
#11369=DERIVED_UNIT_ELEMENT(#11368,2.E0);
#11370=DERIVED_UNIT((#11369));
#11371=MEASURE_REPRESENTATION_ITEM('surface area measure',AREA_MEASURE(
1.995539653560E1),#11370);
#11376=DERIVED_UNIT_ELEMENT(#11375,3.E0);
#11377=DERIVED_UNIT((#11376));
#11378=MEASURE_REPRESENTATION_ITEM('volume measure',VOLUME_MEASURE(
1.440106072406E0),#11377);
#11382=CARTESIAN_POINT('centre point',(-4.090769230610E0,-1.264760041547E0,
-6.218891788547E-12));
#11387=DERIVED_UNIT_ELEMENT(#11386,2.E0);
#11388=DERIVED_UNIT((#11387));
#11389=MEASURE_REPRESENTATION_ITEM('surface area measure',AREA_MEASURE(
1.995539653560E1),#11388);
#11394=DERIVED_UNIT_ELEMENT(#11393,3.E0);
#11395=DERIVED_UNIT((#11394));
#11396=MEASURE_REPRESENTATION_ITEM('volume measure',VOLUME_MEASURE(
1.440106072406E0),#11395);
#11400=CARTESIAN_POINT('centre point',(-4.090769230610E0,-1.264760041547E0,
-6.218891788547E-12));
#11407=CARTESIAN_POINT('centre point',(-4.090769230610E0,-1.264760041547E0,
-6.218891788547E-12));
#11411=CARTESIAN_POINT('',(0.E0,0.E0,0.E0));
#11412=DIRECTION('',(0.E0,0.E0,1.E0));
#11413=DIRECTION('',(1.E0,0.E0,0.E0));
#11414=AXIS2_PLACEMENT_3D('',#11411,#11412,#11413);
#11415=ITEM_DEFINED_TRANSFORMATION('','',#11357,#11414);
#11416=CARTESIAN_POINT('',(0.E0,0.E0,0.E0));
#11417=DIRECTION('',(0.E0,0.E0,1.E0));
#11418=DIRECTION('',(1.E0,0.E0,0.E0));
#11420=(REPRESENTATION_RELATIONSHIP('','',#11358,#7660)REPRESENTATION_RELATIONSHIP_WITH_TRANSFORMATION(#11415)SHAPE_REPRESENTATION_RELATIONSHIP());
#11421=CONTEXT_DEPENDENT_SHAPE_REPRESENTATION(#11420,#11406);
#11423=CARTESIAN_POINT('',(-6.000769230770E0,-1.264760041553E0,0.E0));
#11424=DIRECTION('',(1.E0,0.E0,0.E0));
#11425=DIRECTION('',(0.E0,1.E0,0.E0));
#11426=AXIS2_PLACEMENT_3D('',#11423,#11424,#11425);
#11428=CURVE_STYLE('',#1267,POSITIVE_LENGTH_MEASURE(2.E-2),#1);
#11429=PRESENTATION_STYLE_ASSIGNMENT((#11428));
#11430=STYLED_ITEM('',(#11429),#11427);
#11431=CARTESIAN_POINT('',(-6.000769230770E0,-1.264760041553E0,0.E0));
#11432=DIRECTION('',(1.E0,0.E0,0.E0));
#11433=DIRECTION('',(0.E0,-1.E0,0.E0));
#11434=AXIS2_PLACEMENT_3D('',#11431,#11432,#11433);
#11436=CURVE_STYLE('',#1267,POSITIVE_LENGTH_MEASURE(2.E-2),#1);
#11437=PRESENTATION_STYLE_ASSIGNMENT((#11436));
#11438=STYLED_ITEM('',(#11437),#11435);
#11439=CARTESIAN_POINT('',(-6.000769230770E0,-1.264760041553E0,0.E0));
#11440=DIRECTION('',(-1.E0,0.E0,0.E0));
#11441=DIRECTION('',(0.E0,1.E0,0.E0));
#11442=AXIS2_PLACEMENT_3D('',#11439,#11440,#11441);
#11444=CURVE_STYLE('',#1267,POSITIVE_LENGTH_MEASURE(2.E-2),#1);
#11445=PRESENTATION_STYLE_ASSIGNMENT((#11444));
#11446=STYLED_ITEM('',(#11445),#11443);
#11447=CARTESIAN_POINT('',(-6.000769230770E0,-1.264760041553E0,0.E0));
#11448=DIRECTION('',(-1.E0,0.E0,0.E0));
#11449=DIRECTION('',(0.E0,-1.E0,0.E0));
#11450=AXIS2_PLACEMENT_3D('',#11447,#11448,#11449);
#11452=CURVE_STYLE('',#1267,POSITIVE_LENGTH_MEASURE(2.E-2),#1);
#11453=PRESENTATION_STYLE_ASSIGNMENT((#11452));
#11454=STYLED_ITEM('',(#11453),#11451);
#11455=DIRECTION('',(-1.E0,0.E0,0.E0));
#11456=VECTOR('',#11455,2.E0);
#11457=CARTESIAN_POINT('',(-4.000769230770E0,-1.829760041553E0,0.E0));
#11458=LINE('',#11457,#11456);
#11459=CURVE_STYLE('',#1267,POSITIVE_LENGTH_MEASURE(2.E-2),#1);
#11460=PRESENTATION_STYLE_ASSIGNMENT((#11459));
#11461=STYLED_ITEM('',(#11460),#11458);
#11462=DIRECTION('',(-1.E0,0.E0,0.E0));
#11463=VECTOR('',#11462,2.E0);
#11464=CARTESIAN_POINT('',(-4.000769230770E0,-6.997600415530E-1,0.E0));
#11465=LINE('',#11464,#11463);
#11466=CURVE_STYLE('',#1267,POSITIVE_LENGTH_MEASURE(2.E-2),#1);
#11467=PRESENTATION_STYLE_ASSIGNMENT((#11466));
#11468=STYLED_ITEM('',(#11467),#11465);
#11469=CARTESIAN_POINT('',(-4.000769230770E0,-1.264760041553E0,0.E0));
#11470=DIRECTION('',(-1.E0,0.E0,0.E0));
#11471=DIRECTION('',(0.E0,-1.E0,0.E0));
#11472=AXIS2_PLACEMENT_3D('',#11469,#11470,#11471);
#11474=CURVE_STYLE('',#1267,POSITIVE_LENGTH_MEASURE(2.E-2),#1);
#11475=PRESENTATION_STYLE_ASSIGNMENT((#11474));
#11476=STYLED_ITEM('',(#11475),#11473);
#11477=CARTESIAN_POINT('',(-4.000769230770E0,-1.264760041553E0,0.E0));
#11478=DIRECTION('',(-1.E0,0.E0,0.E0));
#11479=DIRECTION('',(0.E0,1.E0,0.E0));
#11480=AXIS2_PLACEMENT_3D('',#11477,#11478,#11479);
#11482=CURVE_STYLE('',#1267,POSITIVE_LENGTH_MEASURE(2.E-2),#1);
#11483=PRESENTATION_STYLE_ASSIGNMENT((#11482));
#11484=STYLED_ITEM('',(#11483),#11481);
#11485=CARTESIAN_POINT('',(-4.000769230770E0,-1.264760041553E0,0.E0));
#11486=DIRECTION('',(1.E0,0.E0,0.E0));
#11487=DIRECTION('',(0.E0,-1.E0,0.E0));
#11488=AXIS2_PLACEMENT_3D('',#11485,#11486,#11487);
#11490=CURVE_STYLE('',#1267,POSITIVE_LENGTH_MEASURE(2.E-2),#1);
#11491=PRESENTATION_STYLE_ASSIGNMENT((#11490));
#11492=STYLED_ITEM('',(#11491),#11489);
#11493=CARTESIAN_POINT('',(-4.000769230770E0,-1.264760041553E0,0.E0));
#11494=DIRECTION('',(1.E0,0.E0,0.E0));
#11495=DIRECTION('',(0.E0,1.E0,0.E0));
#11496=AXIS2_PLACEMENT_3D('',#11493,#11494,#11495);
#11498=CURVE_STYLE('',#1267,POSITIVE_LENGTH_MEASURE(2.E-2),#1);
#11499=PRESENTATION_STYLE_ASSIGNMENT((#11498));
#11500=STYLED_ITEM('',(#11499),#11497);
#11501=DIRECTION('',(-1.E0,0.E0,0.E0));
#11502=VECTOR('',#11501,2.E0);
#11503=CARTESIAN_POINT('',(-4.000769230770E0,-1.739760041553E0,0.E0));
#11504=LINE('',#11503,#11502);
#11505=CURVE_STYLE('',#1267,POSITIVE_LENGTH_MEASURE(2.E-2),#1);
#11506=PRESENTATION_STYLE_ASSIGNMENT((#11505));
#11507=STYLED_ITEM('',(#11506),#11504);
#11508=DIRECTION('',(-1.E0,0.E0,0.E0));
#11509=VECTOR('',#11508,2.E0);
#11510=CARTESIAN_POINT('',(-4.000769230770E0,-7.897600415530E-1,0.E0));
#11511=LINE('',#11510,#11509);
#11512=CURVE_STYLE('',#1267,POSITIVE_LENGTH_MEASURE(2.E-2),#1);
#11513=PRESENTATION_STYLE_ASSIGNMENT((#11512));
#11514=STYLED_ITEM('',(#11513),#11511);
#11515=CARTESIAN_POINT('',(-6.000769230770E0,-6.997600415530E-1,0.E0));
#11516=CARTESIAN_POINT('',(-6.000769230770E0,-1.829760041553E0,0.E0));
#11517=VERTEX_POINT('',#11515);
#11518=VERTEX_POINT('',#11516);
#11519=CARTESIAN_POINT('',(-6.000769230770E0,-7.897600415530E-1,0.E0));
#11520=CARTESIAN_POINT('',(-6.000769230770E0,-1.739760041553E0,0.E0));
#11521=VERTEX_POINT('',#11519);
#11522=VERTEX_POINT('',#11520);
#11523=CARTESIAN_POINT('',(-4.000769230770E0,-6.997600415530E-1,0.E0));
#11524=VERTEX_POINT('',#11523);
#11525=CARTESIAN_POINT('',(-4.000769230770E0,-1.829760041553E0,0.E0));
#11526=VERTEX_POINT('',#11525);
#11527=CARTESIAN_POINT('',(-4.000769230770E0,-1.739760041553E0,0.E0));
#11528=CARTESIAN_POINT('',(-4.000769230770E0,-7.897600415530E-1,0.E0));
#11529=VERTEX_POINT('',#11527);
#11530=VERTEX_POINT('',#11528);
#11531=CARTESIAN_POINT('',(-6.000769230770E0,0.E0,0.E0));
#11532=DIRECTION('',(-1.E0,0.E0,0.E0));
#11533=DIRECTION('',(0.E0,-1.E0,0.E0));
#11534=AXIS2_PLACEMENT_3D('',#11531,#11532,#11533);
#11535=PLANE('',#11534);
#11537=ORIENTED_EDGE('',*,*,#11536,.T.);
#11539=ORIENTED_EDGE('',*,*,#11538,.T.);
#11540=EDGE_LOOP('',(#11537,#11539));
#11541=FACE_OUTER_BOUND('',#11540,.F.);
#11543=ORIENTED_EDGE('',*,*,#11542,.T.);
#11545=ORIENTED_EDGE('',*,*,#11544,.T.);
#11546=EDGE_LOOP('',(#11543,#11545));
#11547=FACE_BOUND('',#11546,.F.);
#11549=CARTESIAN_POINT('',(-6.000769230770E0,-1.264760041553E0,0.E0));
#11550=DIRECTION('',(-1.E0,0.E0,0.E0));
#11551=DIRECTION('',(0.E0,-1.E0,0.E0));
#11552=AXIS2_PLACEMENT_3D('',#11549,#11550,#11551);
#11553=CYLINDRICAL_SURFACE('',#11552,5.65E-1);
#11554=ORIENTED_EDGE('',*,*,#11536,.F.);
#11556=ORIENTED_EDGE('',*,*,#11555,.F.);
#11558=ORIENTED_EDGE('',*,*,#11557,.F.);
#11560=ORIENTED_EDGE('',*,*,#11559,.T.);
#11561=EDGE_LOOP('',(#11554,#11556,#11558,#11560));
#11562=FACE_OUTER_BOUND('',#11561,.F.);
#11564=CARTESIAN_POINT('',(-6.000769230770E0,-1.264760041553E0,0.E0));
#11565=DIRECTION('',(-1.E0,0.E0,0.E0));
#11566=DIRECTION('',(0.E0,-1.E0,0.E0));
#11567=AXIS2_PLACEMENT_3D('',#11564,#11565,#11566);
#11568=CYLINDRICAL_SURFACE('',#11567,5.65E-1);
#11569=ORIENTED_EDGE('',*,*,#11538,.F.);
#11570=ORIENTED_EDGE('',*,*,#11559,.F.);
#11572=ORIENTED_EDGE('',*,*,#11571,.F.);
#11573=ORIENTED_EDGE('',*,*,#11555,.T.);
#11574=EDGE_LOOP('',(#11569,#11570,#11572,#11573));
#11575=FACE_OUTER_BOUND('',#11574,.F.);
#11577=CARTESIAN_POINT('',(-4.000769230770E0,-1.939760041553E0,8.E-1));
#11578=DIRECTION('',(-1.E0,0.E0,0.E0));
#11579=DIRECTION('',(0.E0,0.E0,-1.E0));
#11580=AXIS2_PLACEMENT_3D('',#11577,#11578,#11579);
#11581=PLANE('',#11580);
#11582=ORIENTED_EDGE('',*,*,#11557,.T.);
#11583=ORIENTED_EDGE('',*,*,#11571,.T.);
#11584=EDGE_LOOP('',(#11582,#11583));
#11585=FACE_OUTER_BOUND('',#11584,.F.);
#11587=ORIENTED_EDGE('',*,*,#11586,.T.);
#11589=ORIENTED_EDGE('',*,*,#11588,.T.);
#11590=EDGE_LOOP('',(#11587,#11589));
#11591=FACE_BOUND('',#11590,.F.);
#11593=CARTESIAN_POINT('',(-6.000769230770E0,-1.264760041553E0,0.E0));
#11594=DIRECTION('',(-1.E0,0.E0,0.E0));
#11595=DIRECTION('',(0.E0,-1.E0,0.E0));
#11596=AXIS2_PLACEMENT_3D('',#11593,#11594,#11595);
#11597=CYLINDRICAL_SURFACE('',#11596,4.75E-1);
#11598=ORIENTED_EDGE('',*,*,#11542,.F.);
#11600=ORIENTED_EDGE('',*,*,#11599,.F.);
#11601=ORIENTED_EDGE('',*,*,#11586,.F.);
#11603=ORIENTED_EDGE('',*,*,#11602,.T.);
#11604=EDGE_LOOP('',(#11598,#11600,#11601,#11603));
#11605=FACE_OUTER_BOUND('',#11604,.F.);
#11607=CARTESIAN_POINT('',(-6.000769230770E0,-1.264760041553E0,0.E0));
#11608=DIRECTION('',(-1.E0,0.E0,0.E0));
#11609=DIRECTION('',(0.E0,-1.E0,0.E0));
#11610=AXIS2_PLACEMENT_3D('',#11607,#11608,#11609);
#11611=CYLINDRICAL_SURFACE('',#11610,4.75E-1);
#11612=ORIENTED_EDGE('',*,*,#11544,.F.);
#11613=ORIENTED_EDGE('',*,*,#11602,.F.);
#11614=ORIENTED_EDGE('',*,*,#11588,.F.);
#11615=ORIENTED_EDGE('',*,*,#11599,.T.);
#11616=EDGE_LOOP('',(#11612,#11613,#11614,#11615));
#11617=FACE_OUTER_BOUND('',#11616,.F.);
#11619=CLOSED_SHELL('',(#11548,#11563,#11576,#11592,#11606,#11618));
#11620=MANIFOLD_SOLID_BREP('',#11619);
#11621=FILL_AREA_STYLE_COLOUR('',#1);
#11622=FILL_AREA_STYLE('',(#11621));
#11623=SURFACE_STYLE_FILL_AREA(#11622);
#11624=SURFACE_SIDE_STYLE('',(#11623));
#11625=SURFACE_STYLE_USAGE(.BOTH.,#11624);
#11626=PRESENTATION_STYLE_ASSIGNMENT((#11625));
#11422=STYLED_ITEM('',(#11626),#11620);
#11629=PLANE_ANGLE_MEASURE_WITH_UNIT(PLANE_ANGLE_MEASURE(1.745329251994E-2),
#11628);
#11630=(CONVERSION_BASED_UNIT('DEGREE',#11629)NAMED_UNIT(*)PLANE_ANGLE_UNIT());
#11632=UNCERTAINTY_MEASURE_WITH_UNIT(LENGTH_MEASURE(2.560340619754E-4),#11627,
'distance_accuracy_value',
'Maximum model space distance between geometric entities at asserted connectivities');
#11634=CARTESIAN_POINT('',(0.E0,0.E0,0.E0));
#11635=DIRECTION('',(0.E0,0.E0,1.E0));
#11636=DIRECTION('',(1.E0,0.E0,0.E0));
#11639=PRODUCT_DEFINITION_CONTEXT('part definition',#773,'design');
#11640=PRODUCT_CONTEXT('',#773,'mechanical');
#11641=PRODUCT('CABLE-4_1_1_1_1_1','CABLE-4_1_1_1_1_1','NOT SPECIFIED',
(#11640));
#11642=PRODUCT_DEFINITION_FORMATION('1','LAST_VERSION',#11641);
#11650=DERIVED_UNIT_ELEMENT(#11649,2.E0);
#11651=DERIVED_UNIT((#11650));
#11652=MEASURE_REPRESENTATION_ITEM('surface area measure',AREA_MEASURE(
1.365713158369E1),#11651);
#11657=DERIVED_UNIT_ELEMENT(#11656,3.E0);
#11658=DERIVED_UNIT((#11657));
#11659=MEASURE_REPRESENTATION_ITEM('volume measure',VOLUME_MEASURE(
5.881061447520E-1),#11658);
#11663=CARTESIAN_POINT('centre point',(-5.000769230939E0,-1.264760041548E0,
-4.992992065361E-12));
#11668=DERIVED_UNIT_ELEMENT(#11667,2.E0);
#11669=DERIVED_UNIT((#11668));
#11670=MEASURE_REPRESENTATION_ITEM('surface area measure',AREA_MEASURE(
1.365713158369E1),#11669);
#11675=DERIVED_UNIT_ELEMENT(#11674,3.E0);
#11676=DERIVED_UNIT((#11675));
#11677=MEASURE_REPRESENTATION_ITEM('volume measure',VOLUME_MEASURE(
5.881061447520E-1),#11676);
#11681=CARTESIAN_POINT('centre point',(-5.000769230939E0,-1.264760041548E0,
-4.992992065361E-12));
#11688=CARTESIAN_POINT('centre point',(-5.000769230939E0,-1.264760041548E0,
-4.992992065361E-12));
#11692=CARTESIAN_POINT('',(0.E0,0.E0,0.E0));
#11693=DIRECTION('',(0.E0,0.E0,1.E0));
#11694=DIRECTION('',(1.E0,0.E0,0.E0));
#11695=AXIS2_PLACEMENT_3D('',#11692,#11693,#11694);
#11696=ITEM_DEFINED_TRANSFORMATION('','',#11637,#11695);
#11697=CARTESIAN_POINT('',(0.E0,0.E0,0.E0));
#11698=DIRECTION('',(0.E0,0.E0,1.E0));
#11699=DIRECTION('',(1.E0,0.E0,0.E0));
#11701=(REPRESENTATION_RELATIONSHIP('','',#11638,#7660)REPRESENTATION_RELATIONSHIP_WITH_TRANSFORMATION(#11696)SHAPE_REPRESENTATION_RELATIONSHIP());
#11702=CONTEXT_DEPENDENT_SHAPE_REPRESENTATION(#11701,#11687);
#11705=PLANE_ANGLE_MEASURE_WITH_UNIT(PLANE_ANGLE_MEASURE(1.745329251994E-2),
#11704);
#11706=(CONVERSION_BASED_UNIT('DEGREE',#11705)NAMED_UNIT(*)PLANE_ANGLE_UNIT());
#11708=UNCERTAINTY_MEASURE_WITH_UNIT(LENGTH_MEASURE(8.315021269659E-4),#11703,
'distance_accuracy_value',
'Maximum model space distance between geometric entities at asserted connectivities');
#11710=CARTESIAN_POINT('',(0.E0,0.E0,0.E0));
#11711=DIRECTION('',(0.E0,0.E0,1.E0));
#11712=DIRECTION('',(1.E0,0.E0,0.E0));
#11714=PRODUCT_CONTEXT('',#773,'mechanical');
#11715=PRODUCT('RF-1_ASM_1_1_ASM_2_ASM_1_1_ASM',
'RF-1_ASM_1_1_ASM_2_ASM_1_1_ASM','NOT SPECIFIED',(#11714));
#11716=PRODUCT_DEFINITION_FORMATION('1','LAST_VERSION',#11715);
#11719=DERIVED_UNIT_ELEMENT(#11718,2.E0);
#11720=DERIVED_UNIT((#11719));
#11721=MEASURE_REPRESENTATION_ITEM('surface area measure',AREA_MEASURE(
1.521309014459E2),#11720);
#11726=DERIVED_UNIT_ELEMENT(#11725,3.E0);
#11727=DERIVED_UNIT((#11726));
#11728=MEASURE_REPRESENTATION_ITEM('volume measure',VOLUME_MEASURE(
1.378567216685E1),#11727);
#11732=CARTESIAN_POINT('centre point',(-1.428227181354E0,-1.229394256138E0,
-8.155883615590E-4));
#11741=CARTESIAN_POINT('centre point',(-4.598227181354E0,-1.229394256138E0,
-8.155883615590E-4));
#11745=CARTESIAN_POINT('',(-3.17E0,0.E0,0.E0));
#11746=DIRECTION('',(0.E0,0.E0,1.E0));
#11747=DIRECTION('',(1.E0,0.E0,0.E0));
#11748=AXIS2_PLACEMENT_3D('',#11745,#11746,#11747);
#11749=ITEM_DEFINED_TRANSFORMATION('','',#7675,#11748);
#11750=CARTESIAN_POINT('',(0.E0,0.E0,0.E0));
#11751=DIRECTION('',(0.E0,0.E0,1.E0));
#11752=DIRECTION('',(1.E0,0.E0,0.E0));
#11754=(REPRESENTATION_RELATIONSHIP('','',#7660,#11738)REPRESENTATION_RELATIONSHIP_WITH_TRANSFORMATION(#11749)SHAPE_REPRESENTATION_RELATIONSHIP());
#11755=CONTEXT_DEPENDENT_SHAPE_REPRESENTATION(#11754,#11740);
#11758=PLANE_ANGLE_MEASURE_WITH_UNIT(PLANE_ANGLE_MEASURE(1.745329251994E-2),
#11757);
#11759=(CONVERSION_BASED_UNIT('DEGREE',#11758)NAMED_UNIT(*)PLANE_ANGLE_UNIT());
#11761=UNCERTAINTY_MEASURE_WITH_UNIT(LENGTH_MEASURE(8.315021269659E-4),#11756,
'distance_accuracy_value',
'Maximum model space distance between geometric entities at asserted connectivities');
#11763=CARTESIAN_POINT('',(0.E0,0.E0,0.E0));
#11764=DIRECTION('',(0.E0,0.E0,1.E0));
#11765=DIRECTION('',(1.E0,0.E0,0.E0));
#11767=PRODUCT_DEFINITION_CONTEXT('part definition',#773,'design');
#11768=PRODUCT_CONTEXT('',#773,'mechanical');
#11769=PRODUCT('RF-1_ASM_1_1_ASM_ASM_1_1_ASM','RF-1_ASM_1_1_ASM_ASM_1_1_ASM',
'NOT SPECIFIED',(#11768));
#11770=PRODUCT_DEFINITION_FORMATION('1','LAST_VERSION',#11769);
#11773=DERIVED_UNIT_ELEMENT(#11772,2.E0);
#11774=DERIVED_UNIT((#11773));
#11775=MEASURE_REPRESENTATION_ITEM('surface area measure',AREA_MEASURE(
1.521309014459E2),#11774);
#11780=DERIVED_UNIT_ELEMENT(#11779,3.E0);
#11781=DERIVED_UNIT((#11780));
#11782=MEASURE_REPRESENTATION_ITEM('volume measure',VOLUME_MEASURE(
1.378567216685E1),#11781);
#11786=CARTESIAN_POINT('centre point',(-4.598227181354E0,-1.229394256138E0,
-8.155883615590E-4));
#11792=CARTESIAN_POINT('centre point',(5.296342145851E-1,-2.177386634789E0,
-1.019225420494E2));
#11796=CARTESIAN_POINT('',(-6.997600415530E-1,-2.176571046427E0,
-1.065207692308E2));
#11797=DIRECTION('',(0.E0,1.E0,0.E0));
#11798=DIRECTION('',(0.E0,0.E0,-1.E0));
#11799=AXIS2_PLACEMENT_3D('',#11796,#11797,#11798);
#11800=ITEM_DEFINED_TRANSFORMATION('','',#11753,#11799);
#11801=CARTESIAN_POINT('',(0.E0,0.E0,0.E0));
#11802=DIRECTION('',(0.E0,0.E0,1.E0));
#11803=DIRECTION('',(1.E0,0.E0,0.E0));
#11805=(REPRESENTATION_RELATIONSHIP('','',#11738,#824)REPRESENTATION_RELATIONSHIP_WITH_TRANSFORMATION(#11800)SHAPE_REPRESENTATION_RELATIONSHIP());
#11806=CONTEXT_DEPENDENT_SHAPE_REPRESENTATION(#11805,#11791);
#11809=PLANE_ANGLE_MEASURE_WITH_UNIT(PLANE_ANGLE_MEASURE(1.745329251994E-2),
#11808);
#11810=(CONVERSION_BASED_UNIT('DEGREE',#11809)NAMED_UNIT(*)PLANE_ANGLE_UNIT());
#11812=UNCERTAINTY_MEASURE_WITH_UNIT(LENGTH_MEASURE(1.168139145746E-2),#11807,
'distance_accuracy_value',
'Maximum model space distance between geometric entities at asserted connectivities');
#11814=CARTESIAN_POINT('',(0.E0,0.E0,0.E0));
#11815=DIRECTION('',(0.E0,0.E0,1.E0));
#11816=DIRECTION('',(1.E0,0.E0,0.E0));
#11818=PRODUCT_CONTEXT('',#773,'mechanical');
#11819=PRODUCT('YF0023AA_ASM_1_ASM','YF0023AA_ASM_1_ASM','NOT SPECIFIED',
(#11818));
#11820=PRODUCT_DEFINITION_FORMATION('1','LAST_VERSION',#11819);
#11823=DERIVED_UNIT_ELEMENT(#11822,2.E0);
#11824=DERIVED_UNIT((#11823));
#11825=MEASURE_REPRESENTATION_ITEM('surface area measure',AREA_MEASURE(
1.052818459865E3),#11824);
#11830=DERIVED_UNIT_ELEMENT(#11829,3.E0);
#11831=DERIVED_UNIT((#11830));
#11832=MEASURE_REPRESENTATION_ITEM('volume measure',VOLUME_MEASURE(
1.487310526006E2),#11831);
#11836=CARTESIAN_POINT('centre point',(4.944400130908E-1,-1.781546498958E0,
-4.198567392446E1));
#11845=CARTESIAN_POINT('centre point',(4.944400130908E-1,-1.781546498958E0,
-4.198567392446E1));
#11849=CARTESIAN_POINT('',(0.E0,0.E0,0.E0));
#11850=DIRECTION('',(0.E0,0.E0,1.E0));
#11851=DIRECTION('',(1.E0,0.E0,0.E0));
#11852=AXIS2_PLACEMENT_3D('',#11849,#11850,#11851);
#11853=ITEM_DEFINED_TRANSFORMATION('','',#839,#11852);
#11854=(REPRESENTATION_RELATIONSHIP('','',#824,#11842)REPRESENTATION_RELATIONSHIP_WITH_TRANSFORMATION(#11853)SHAPE_REPRESENTATION_RELATIONSHIP());
#11855=CONTEXT_DEPENDENT_SHAPE_REPRESENTATION(#11854,#11844);
#11858=PLANE_ANGLE_MEASURE_WITH_UNIT(PLANE_ANGLE_MEASURE(1.745329251994E-2),
#11857);
#11859=(CONVERSION_BASED_UNIT('DEGREE',#11858)NAMED_UNIT(*)PLANE_ANGLE_UNIT());
#11861=UNCERTAINTY_MEASURE_WITH_UNIT(LENGTH_MEASURE(1.168139145746E-2),#11856,
'distance_accuracy_value',
'Maximum model space distance between geometric entities at asserted connectivities');
#11863=CARTESIAN_POINT('',(0.E0,0.E0,0.E0));
#11864=DIRECTION('',(0.E0,0.E0,1.E0));
#11865=DIRECTION('',(1.E0,0.E0,0.E0));
#11867=MECHANICAL_DESIGN_GEOMETRIC_PRESENTATION_REPRESENTATION('',(#554,#1025,
#1055,#1270,#1278,#1288,#1299,#1306,#1322,#1338,#1345,#1352,#1359,#1366,#1373,
#1380,#1391,#1401,#1408,#1415,#1422,#1429,#1436,#1443,#1451,#1462,#1473,#1481,
#1489,#1499,#1509,#1517,#1527,#1535,#1545,#1553,#1563,#1573,#1581,#1589,#1597,
#1605,#1613,#1621,#1628,#1635,#1642,#1649,#1657,#1665,#1673,#1680,#1694,#1704,
#1718,#1725,#1733,#1740,#1753,#1767,#1774,#1782,#1790,#1798,#1805,#1812,#1819,
#1826,#1834,#1842,#1850,#1858,#1866,#1874,#1882,#1890,#1897,#1904,#1911,#1918,
#1926,#1934,#1942,#1952,#1966,#1973,#1987,#2001,#2015,#2022,#2029,#2036,#2044,
#2052,#2060,#2068,#2075,#2082,#2089,#2096,#2104,#2112,#2120,#2128,#2138,#2148,
#2156,#2164,#2174,#2184,#2192,#2202,#2210,#2221,#2232,#2240,#2248,#2256,#2264,
#2272,#2280,#2288,#2296,#2304,#2312,#2320,#2328,#2336,#2344,#2352,#2360,#2368,
#2376,#2384,#2392,#2400,#2407,#2414,#2422,#2430,#2437,#2444,#2452,#2459,#2467,
#2474,#2481,#2489,#2496,#2503,#2511,#2518,#2525,#2532,#2539,#2546,#2553,#2560,
#2567,#2574,#2581,#2588,#2595,#2603,#2610,#2618,#2626,#2633,#2641,#2648,#2655,
#2663,#2671,#2678,#2685,#2692,#2700,#2707,#2714,#2721,#2732,#2739,#2747,#2754,
#2761,#2768,#2775,#2782,#2789,#2800,#2808,#2816,#2824,#2831,#2839,#2846,#2854,
#2861,#2869,#2876,#2883,#2890,#2897,#2904,#2911,#2918,#2925,#2936,#2943,#2950,
#2957,#2965,#2972,#2980,#2988,#2998,#3012,#3019,#3026,#3033,#3040,#3048,#3056,
#3063,#3071,#3079,#3086,#3094,#3101,#3109,#3116,#3123,#3130,#3137,#3145,#3153,
#3160,#3168,#3175,#3183,#3190,#3197,#3204,#3211,#3218,#3225,#3232,#3239,#3246,
#3253,#3260,#3268,#3275,#3283,#3290,#3297,#3304,#3311,#3319,#3326,#3334,#3341,
#3349,#3357,#3364,#3372,#3379,#3387,#3395,#3403,#3410,#3417,#3425,#3433,#3440,
#3448,#3455,#3462,#3470,#3477,#3484,#3491,#3498,#3506,#3513,#3521,#3528,#3535,
#3542,#3549,#3556,#3563,#3570,#3577,#3584,#3591,#3598,#3605,#3612,#3619,#3626,
#3634,#3642,#3649,#3657,#3664,#3672,#3679,#3686,#3693,#3700,#3708,#3715,#3722,
#3730,#3737,#3744,#3751,#3758,#3765,#3772,#3779,#3786,#3793,#3800,#3807,#3814,
#3821,#3828,#3835,#3842,#3856,#3863,#3870,#3878,#3885,#3892,#3906,#3916,#3930,
#3938,#3946,#3953,#3960,#3968,#3975,#3983,#3990,#3998,#4005,#4013,#4020,#4028,
#4035,#4043,#4050,#4057,#4064,#4072,#4079,#4086,#4097,#4104,#4111,#4118,#4126,
#4133,#4144,#4151,#4158,#4165,#4172,#4179,#4186,#4197,#4204,#4212,#4219,#4226,
#4233,#4241,#4248,#4255,#4263,#4271,#4278,#4285,#4292,#4300,#4307,#4314,#4321,
#4328,#4335,#4342,#4349,#4356,#4363,#4370,#4377,#4384,#4391,#4399,#4406,#4414,
#4421,#4429,#4437,#4444,#4451,#4458,#4466,#4474,#4481,#4488,#4496,#4504,#4518,
#4532,#4539,#4546,#4553,#4561,#4569,#4576,#4583,#4590,#4597,#4604,#4611,#4618,
#4625,#4632,#4639,#4646,#4653,#1259,#7687,#7695,#7702,#7709,#7717,#7724,#7732,
#7740,#7747,#7755,#7762,#7770,#7778,#7785,#7792,#7799,#7806,#7832,#7858,#7865,
#7872,#7879,#7886,#7893,#7900,#7908,#7916,#7926,#7934,#7942,#7949,#7957,#7965,
#7975,#7983,#7990,#7998,#8005,#8012,#8019,#8027,#8034,#8042,#8050,#8058,#8065,
#8072,#8080,#8088,#8096,#8104,#8111,#8118,#7679,#8595,#8603,#8610,#8618,#8626,
#8633,#8641,#8649,#8656,#8663,#8670,#8677,#8685,#8693,#8700,#8707,#8715,#8723,
#8730,#8738,#8745,#8752,#8759,#8766,#8773,#8780,#8788,#8796,#8803,#8811,#8818,
#8825,#8832,#8840,#8847,#8855,#8863,#8870,#8877,#8885,#8893,#8900,#8907,#8914,
#8921,#8929,#8937,#8944,#8951,#8959,#8967,#8974,#8982,#8989,#8996,#9003,#9011,
#9018,#9026,#9034,#9041,#9049,#9057,#9064,#9071,#9078,#9085,#9093,#9101,#9108,
#9115,#9123,#9131,#9138,#9146,#9154,#9161,#9168,#9176,#9184,#9191,#9198,#9205,
#9212,#9220,#9228,#9235,#9242,#9250,#9258,#9265,#9273,#9280,#9287,#9294,#9301,
#9308,#9315,#9322,#9329,#9336,#9343,#9350,#9357,#9364,#9371,#9378,#9385,#9392,
#9399,#9406,#9413,#9420,#9427,#9434,#9441,#9448,#9455,#9462,#9469,#9476,#9483,
#9490,#9497,#9504,#9511,#9518,#9525,#9532,#9539,#9546,#9553,#9560,#9567,#9574,
#9581,#9588,#9595,#9602,#9609,#9616,#8588,#10681,#10689,#10696,#10703,#10711,
#10719,#10673,#10869,#10877,#10885,#10893,#10900,#10908,#10916,#10924,#10932,
#10939,#10946,#10953,#10861,#11150,#11158,#11166,#11174,#11181,#11188,#11196,
#11204,#11212,#11220,#11227,#11234,#11142,#11430,#11438,#11446,#11454,#11461,
#11468,#11476,#11484,#11492,#11500,#11507,#11514,#11422),#11862);
#11868=PRODUCT_DEFINITION_CONTEXT('part definition',#773,'design');
#11869=PRODUCT_CONTEXT('',#773,'mechanical');
#11870=PRODUCT('YF0023AA_20230309_ASM','YF0023AA_20230309_ASM','NOT SPECIFIED',(
#11869));
#11871=PRODUCT_DEFINITION_FORMATION('1','LAST_VERSION',#11870);
#11874=DERIVED_UNIT_ELEMENT(#11873,2.E0);
#11875=DERIVED_UNIT((#11874));
#11876=MEASURE_REPRESENTATION_ITEM('surface area measure',AREA_MEASURE(
1.052818459865E3),#11875);
#11881=DERIVED_UNIT_ELEMENT(#11880,3.E0);
#11882=DERIVED_UNIT((#11881));
#11883=MEASURE_REPRESENTATION_ITEM('volume measure',VOLUME_MEASURE(
1.487310526006E2),#11882);
#11887=CARTESIAN_POINT('centre point',(4.944400130908E-1,-1.781546498958E0,
-4.198567392446E1));
#11891=PRODUCT_RELATED_PRODUCT_CATEGORY('part','',(#11715,#11769,#11819,#11870,
#777,#1197,#7613,#8526,#10611,#10799,#11080,#11360,#11641));
#1=DRAUGHTING_PRE_DEFINED_COLOUR('black');
#2=COLOUR_RGB('',0.E0,0.E0,4.980392156863E-1);
#3=COLOUR_RGB('',0.E0,0.E0,6.E-1);
#4=COLOUR_RGB('',0.E0,0.E0,7.490196078431E-1);
#5=COLOUR_RGB('',0.E0,3.137254901961E-2,3.411764705882E-1);
#6=COLOUR_RGB('',0.E0,1.960784313725E-1,0.E0);
#7=COLOUR_RGB('',0.E0,2.E-1,1.E0);
#8=COLOUR_RGB('',0.E0,2.588235294118E-1,5.607843137255E-1);
#9=COLOUR_RGB('',0.E0,3.294117647059E-1,0.E0);
#10=COLOUR_RGB('',0.E0,4.E-1,4.E-1);
#11=COLOUR_RGB('',0.E0,4.E-1,6.E-1);
#12=COLOUR_RGB('',0.E0,4.E-1,1.E0);
#13=COLOUR_RGB('',0.E0,4.392156862745E-1,0.E0);
#14=COLOUR_RGB('',0.E0,4.627450980392E-1,8.E-1);
#15=COLOUR_RGB('',0.E0,5.882352941176E-1,4.352941176471E-1);
#16=COLOUR_RGB('',0.E0,6.E-1,0.E0);
#17=COLOUR_RGB('',0.E0,6.E-1,6.E-1);
#18=COLOUR_RGB('',0.E0,6.E-1,8.E-1);
#19=COLOUR_RGB('',0.E0,6.E-1,1.E0);
#20=COLOUR_RGB('',0.E0,7.019607843137E-1,0.E0);
#21=COLOUR_RGB('',0.E0,7.215686274510E-1,7.098039215686E-1);
#22=COLOUR_RGB('',0.E0,7.490196078431E-1,1.E0);
#23=COLOUR_RGB('',0.E0,8.E-1,4.E-1);
#24=COLOUR_RGB('',0.E0,8.E-1,6.E-1);
#25=COLOUR_RGB('',0.E0,8.078431372549E-1,8.196078431373E-1);
#26=COLOUR_RGB('',0.E0,9.019607843137E-1,2.549019607843E-1);
#27=COLOUR_RGB('',0.E0,9.803921568627E-1,6.039215686275E-1);
#28=DRAUGHTING_PRE_DEFINED_COLOUR('green');
#29=COLOUR_RGB('',0.E0,1.E0,2.E-1);
#30=COLOUR_RGB('',0.E0,1.E0,4.E-1);
#31=COLOUR_RGB('',0.E0,1.E0,8.E-1);
#32=DRAUGHTING_PRE_DEFINED_COLOUR('cyan');
#33=COLOUR_RGB('',1.1E-2,1.2E-2,1.E0);
#34=COLOUR_RGB('',3.529411764706E-2,5.137254901961E-1,1.725490196078E-1);
#35=COLOUR_RGB('',3.921568627451E-2,0.E0,1.607843137255E-1);
#36=COLOUR_RGB('',3.921568627451E-2,3.607843137255E-1,2.E-1);
#37=COLOUR_RGB('',7.058823529412E-2,6.E-1,3.019607843137E-1);
#38=COLOUR_RGB('',7.450980392157E-2,2.666666666667E-1,1.960784313725E-1);
#39=COLOUR_RGB('',8.235294117647E-2,5.058823529412E-1,1.E0);
#40=COLOUR_RGB('',9.019607843137E-2,3.803921568627E-1,6.705882352941E-1);
#41=COLOUR_RGB('',9.803921568627E-2,9.803921568627E-2,4.392156862745E-1);
#42=COLOUR_RGB('',1.019607843137E-1,0.E0,2.509803921569E-1);
#43=COLOUR_RGB('',1.019607843137E-1,4.784313725490E-1,3.882352941176E-1);
#44=COLOUR_RGB('',1.019607843137E-1,6.313725490196E-1,5.019607843137E-1);
#45=COLOUR_RGB('',1.019607843137E-1,6.784313725490E-1,7.215686274510E-1);
#46=COLOUR_RGB('',1.058823529412E-1,7.058823529412E-2,1.E0);
#47=COLOUR_RGB('',1.098039215686E-1,3.019607843137E-1,7.411764705882E-1);
#48=COLOUR_RGB('',1.098039215686E-1,6.588235294118E-1,3.882352941176E-1);
#49=COLOUR_RGB('',1.098039215686E-1,8.078431372549E-1,1.568627450980E-1);
#50=COLOUR_RGB('',1.137254901961E-1,2.509803921569E-1,1.E0);
#51=COLOUR_RGB('',1.176470588235E-1,1.176470588235E-1,1.176470588235E-1);
#52=COLOUR_RGB('',1.254901960784E-1,0.E0,5.019607843137E-1);
#53=COLOUR_RGB('',1.333333333333E-1,7.450980392157E-2,8.745098039216E-1);
#54=COLOUR_RGB('',1.333333333333E-1,1.E0,6.313725490196E-1);
#55=COLOUR_RGB('',1.411764705882E-1,2.509803921569E-1,9.019607843137E-1);
#56=COLOUR_RGB('',1.411764705882E-1,4.470588235294E-1,2.823529411765E-1);
#57=COLOUR_RGB('',1.450980392157E-1,3.529411764706E-2,0.E0);
#58=COLOUR_RGB('',1.490196078431E-1,1.568627450980E-2,7.803921568627E-1);
#59=COLOUR_RGB('',1.490196078431E-1,3.098039215686E-1,5.294117647059E-1);
#60=COLOUR_RGB('',1.490196078431E-1,4.E-1,1.607843137255E-1);
#61=COLOUR_RGB('',1.529411764706E-1,1.E0,3.019607843137E-1);
#62=COLOUR_RGB('',1.568627450980E-1,9.843137254902E-1,7.843137254902E-1);
#63=COLOUR_RGB('',1.607843137255E-1,4.588235294118E-1,6.509803921569E-1);
#64=COLOUR_RGB('',1.607843137255E-1,7.803921568627E-1,7.490196078431E-1);
#65=COLOUR_RGB('',1.647058823529E-1,5.176470588235E-1,7.490196078431E-1);
#66=COLOUR_RGB('',1.882352941176E-1,2.117647058824E-1,2.705882352941E-1);
#67=COLOUR_RGB('',1.921568627451E-1,8.588235294118E-1,1.E0);
#68=COLOUR_RGB('',2.E-1,0.E0,6.E-1);
#69=COLOUR_RGB('',2.E-1,2.E-1,6.E-1);
#70=COLOUR_RGB('',2.E-1,4.E-1,4.E-1);
#71=COLOUR_RGB('',2.E-1,4.E-1,8.E-1);
#72=COLOUR_RGB('',2.E-1,4.E-1,1.E0);
#73=COLOUR_RGB('',2.E-1,6.E-1,2.E-1);
#74=COLOUR_RGB('',2.E-1,6.E-1,1.E0);
#75=COLOUR_RGB('',2.E-1,8.E-1,4.E-1);
#76=COLOUR_RGB('',2.E-1,8.E-1,6.E-1);
#77=COLOUR_RGB('',2.E-1,8.823529411765E-1,2.352941176471E-1);
#78=COLOUR_RGB('',2.E-1,1.E0,2.E-1);
#79=COLOUR_RGB('',2.E-1,1.E0,1.E0);
#80=COLOUR_RGB('',2.117647058824E-1,1.803921568627E-1,3.921568627451E-2);
#81=COLOUR_RGB('',2.117647058824E-1,5.137254901961E-1,4.156862745098E-1);
#82=COLOUR_RGB('',2.156862745098E-1,6.666666666667E-1,5.333333333333E-1);
#83=COLOUR_RGB('',2.196078431373E-1,7.686274509804E-1,9.607843137255E-1);
#84=COLOUR_RGB('',2.392156862745E-1,2.666666666667E-1,1.176470588235E-1);
#85=COLOUR_RGB('',2.392156862745E-1,1.E0,7.215686274510E-1);
#86=COLOUR_RGB('',2.431372549020E-1,5.176470588235E-1,9.490196078431E-1);
#87=COLOUR_RGB('',2.431372549020E-1,8.784313725490E-1,8.156862745098E-1);
#88=COLOUR_RGB('',2.470588235294E-1,2.745098039216E-2,1.E0);
#89=COLOUR_RGB('',2.470588235294E-1,5.921568627451E-1,6.313725490196E-1);
#90=COLOUR_RGB('',2.509803921569E-1,4.509803921569E-1,5.411764705882E-1);
#91=COLOUR_RGB('',2.509803921569E-1,7.215686274510E-1,7.686274509804E-1);
#92=COLOUR_RGB('',2.509803921569E-1,1.E0,0.E0);
#93=COLOUR_RGB('',2.588235294118E-1,7.372549019608E-1,1.411764705882E-1);
#94=COLOUR_RGB('',2.705882352941E-1,0.E0,4.E-1);
#95=COLOUR_RGB('',2.705882352941E-1,2.705882352941E-1,0.E0);
#96=COLOUR_RGB('',2.705882352941E-1,5.411764705882E-1,1.411764705882E-1);
#97=COLOUR_RGB('',2.705882352941E-1,7.803921568627E-1,0.E0);
#98=COLOUR_RGB('',2.745098039216E-1,5.098039215686E-1,7.058823529412E-1);
#99=COLOUR_RGB('',2.784313725490E-1,1.E0,5.176470588235E-1);
#100=COLOUR_RGB('',2.823529411765E-1,1.568627450980E-1,3.294117647059E-1);
#101=COLOUR_RGB('',2.901960784314E-1,2.901960784314E-1,2.901960784314E-1);
#102=COLOUR_RGB('',3.019607843137E-1,1.882352941176E-1,1.490196078431E-1);
#103=COLOUR_RGB('',3.098039215686E-1,3.098039215686E-1,5.607843137255E-1);
#104=COLOUR_RGB('',3.098039215686E-1,6.588235294118E-1,2.E-1);
#105=COLOUR_RGB('',3.254901960784E-1,5.764705882353E-1,8.117647058824E-1);
#106=COLOUR_RGB('',3.294117647059E-1,0.E0,5.294117647059E-1);
#107=COLOUR_RGB('',3.372549019608E-1,6.941176470588E-1,1.E0);
#108=COLOUR_RGB('',3.411764705882E-1,3.294117647059E-1,1.E0);
#109=COLOUR_RGB('',3.411764705882E-1,3.607843137255E-1,3.607843137255E-1);
#110=COLOUR_RGB('',3.411764705882E-1,8.196078431373E-1,6.392156862745E-1);
#111=COLOUR_RGB('',3.686274509804E-1,4.117647058824E-1,2.E-1);
#112=COLOUR_RGB('',3.764705882353E-1,6.E-1,3.019607843137E-1);
#113=COLOUR_RGB('',3.764705882353E-1,1.E0,7.058823529412E-1);
#114=COLOUR_RGB('',3.882352941176E-1,2.392156862745E-1,6.117647058824E-1);
#115=COLOUR_RGB('',3.882352941176E-1,4.392156862745E-1,4.901960784314E-1);
#116=COLOUR_RGB('',3.882352941176E-1,1.E0,3.098039215686E-1);
#117=COLOUR_RGB('',3.921568627451E-1,1.176470588235E-2,1.176470588235E-2);
#118=COLOUR_RGB('',4.E-1,0.E0,4.E-1);
#119=COLOUR_RGB('',4.E-1,0.E0,6.705882352941E-1);
#120=COLOUR_RGB('',4.E-1,1.294117647059E-1,0.E0);
#121=COLOUR_RGB('',4.E-1,2.E-1,1.E0);
#122=COLOUR_RGB('',4.E-1,4.E-1,0.E0);
#123=COLOUR_RGB('',4.E-1,4.E-1,8.E-1);
#124=COLOUR_RGB('',4.E-1,6.E-1,2.E-1);
#125=COLOUR_RGB('',4.E-1,6.E-1,6.E-1);
#126=COLOUR_RGB('',4.E-1,7.215686274510E-1,3.686274509804E-1);
#127=COLOUR_RGB('',4.E-1,8.E-1,0.E0);
#128=COLOUR_RGB('',4.E-1,1.E0,0.E0);
#129=COLOUR_RGB('',4.E-1,1.E0,8.196078431373E-1);
#130=COLOUR_RGB('',4.117647058824E-1,0.E0,2.196078431373E-1);
#131=COLOUR_RGB('',4.1E-1,2.61589E-1,1.12848E-1);
#132=COLOUR_RGB('',4.156862745098E-1,5.215686274510E-1,1.E0);
#133=COLOUR_RGB('',4.156862745098E-1,1.E0,5.764705882353E-1);
#134=COLOUR_RGB('',4.196078431373E-1,1.294117647059E-1,2.392156862745E-1);
#135=COLOUR_RGB('',4.196078431373E-1,1.294117647059E-1,4.901960784314E-1);
#136=COLOUR_RGB('',4.235294117647E-1,7.490196078431E-1,9.411764705882E-2);
#137=COLOUR_RGB('',4.392156862745E-1,6.392156862745E-1,9.098039215686E-1);
#138=COLOUR_RGB('',4.392156862745E-1,1.E0,9.921568627451E-1);
#139=COLOUR_RGB('',4.509803921569E-1,6.E-1,0.E0);
#140=COLOUR_RGB('',4.588235294118E-1,4.509803921569E-1,3.098039215686E-1);
#141=COLOUR_RGB('',4.627450980392E-1,4.156862745098E-1,5.882352941176E-1);
#142=COLOUR_RGB('',4.705882352941E-1,0.E0,8.E-1);
#143=COLOUR_RGB('',4.705882352941E-1,4.705882352941E-1,7.490196078431E-1);
#144=COLOUR_RGB('',4.705882352941E-1,5.882352941176E-1,8.E-1);
#145=COLOUR_RGB('',4.705882352941E-1,9.411764705882E-1,4.705882352941E-1);
#146=COLOUR_RGB('',4.901960784314E-1,3.607843137255E-1,3.607843137255E-1);
#147=COLOUR_RGB('',5.019607843137E-1,2.509803921569E-1,2.509803921569E-1);
#148=COLOUR_RGB('',5.019607843137E-1,5.019607843137E-1,0.E0);
#149=COLOUR_RGB('',5.019607843137E-1,5.019607843137E-1,5.019607843137E-1);
#150=COLOUR_RGB('',5.019607843137E-1,8.E-1,1.E0);
#151=COLOUR_RGB('',5.019607843137E-1,1.E0,6.509803921569E-1);
#152=COLOUR_RGB('',5.04854E-1,1.5455E-2,1.5455E-2);
#153=COLOUR_RGB('',5.098039215686E-1,2.901960784314E-1,0.E0);
#154=COLOUR_RGB('',5.098039215686E-1,3.960784313725E-1,1.058823529412E-1);
#155=COLOUR_RGB('',5.215686274510E-1,6.274509803922E-1,6.862745098039E-1);
#156=COLOUR_RGB('',5.294117647059E-1,0.E0,9.294117647059E-1);
#157=COLOUR_RGB('',5.294117647059E-1,2.705882352941E-1,1.294117647059E-1);
#158=COLOUR_RGB('',5.294117647059E-1,5.294117647059E-1,1.E0);
#159=COLOUR_RGB('',5.333333333333E-1,7.333333333333E-1,4.392156862745E-1);
#160=COLOUR_RGB('',5.411764705882E-1,0.E0,4.392156862745E-1);
#161=COLOUR_RGB('',5.411764705882E-1,1.686274509804E-1,8.862745098039E-1);
#162=COLOUR_RGB('',5.607843137255E-1,1.019607843137E-1,5.098039215686E-2);
#163=COLOUR_RGB('',5.686274509804E-1,1.E0,5.019607843137E-1);
#164=COLOUR_RGB('',5.764705882353E-1,5.450980392157E-1,3.921568627451E-1);
#165=COLOUR_RGB('',5.882352941176E-1,5.686274509804E-1,5.490196078431E-1);
#166=COLOUR_RGB('',6.E-1,0.E0,6.E-1);
#167=COLOUR_RGB('',6.E-1,0.E0,8.E-1);
#168=COLOUR_RGB('',6.E-1,2.E-1,0.E0);
#169=COLOUR_RGB('',6.E-1,2.E-1,4.E-1);
#170=COLOUR_RGB('',6.E-1,2.E-1,1.E0);
#171=COLOUR_RGB('',6.E-1,3.019607843137E-1,3.019607843137E-1);
#172=COLOUR_RGB('',6.E-1,6.E-1,2.E-1);
#173=COLOUR_RGB('',6.E-1,7.294117647059E-1,5.607843137255E-1);
#174=COLOUR_RGB('',6.E-1,8.E-1,2.E-1);
#175=COLOUR_RGB('',6.E-1,8.E-1,4.E-1);
#176=COLOUR_RGB('',6.E-1,1.E0,2.E-1);
#177=COLOUR_RGB('',6.E-1,1.E0,6.E-1);
#178=COLOUR_RGB('',6.E-1,1.E0,8.E-1);
#179=COLOUR_RGB('',6.078431372549E-1,5.647058823529E-1,0.E0);
#180=COLOUR_RGB('',6.117647058824E-1,4.313725490196E-1,3.803921568627E-1);
#181=COLOUR_RGB('',6.196078431373E-1,5.490196078431E-2,3.960784313725E-1);
#182=COLOUR_RGB('',6.235294117647E-1,9.529411764706E-1,1.E0);
#183=COLOUR_RGB('',6.274509803922E-1,4.509803921569E-1,7.882352941176E-1);
#184=COLOUR_RGB('',6.35294E-1,6.86275E-1,7.4902E-1);
#185=COLOUR_RGB('',6.392156862745E-1,0.E0,2.509803921569E-1);
#186=COLOUR_RGB('',6.392156862745E-1,3.372549019608E-1,5.647058823529E-1);
#187=COLOUR_RGB('',6.392156862745E-1,4.E-1,2.078431372549E-1);
#188=COLOUR_RGB('',6.40777E-1,6.40777E-1,6.40777E-1);
#189=COLOUR_RGB('',6.509803921569E-1,0.E0,0.E0);
#190=COLOUR_RGB('',6.509803921569E-1,1.647058823529E-1,1.647058823529E-1);
#191=COLOUR_RGB('',6.666666666667E-1,1.568627450980E-1,7.490196078431E-1);
#192=COLOUR_RGB('',6.666666666667E-1,3.019607843137E-1,7.686274509804E-1);
#193=COLOUR_RGB('',6.705882352941E-1,4.E-1,1.E0);
#194=COLOUR_RGB('',6.69062E-1,6.69903E-1,6.55217E-1);
#195=COLOUR_RGB('',6.705882352941E-1,6.705882352941E-1,1.E0);
#196=COLOUR_RGB('',6.705882352941E-1,1.E0,0.E0);
#197=COLOUR_RGB('',6.745098039216E-1,5.098039215686E-2,7.490196078431E-1);
#198=COLOUR_RGB('',6.784313725490E-1,8.117647058824E-1,1.E0);
#199=COLOUR_RGB('',6.862745098039E-1,3.137254901961E-1,2.352941176471E-1);
#200=COLOUR_RGB('',6.980392156863E-1,6.941176470588E-1,4.039215686275E-1);
#201=COLOUR_RGB('',7.058823529412E-1,8.627450980392E-1,7.058823529412E-1);
#202=COLOUR_RGB('',7.058823529412E-1,1.E0,6.392156862745E-1);
#203=COLOUR_RGB('',7.098039215686E-1,7.058823529412E-2,2.E-1);
#204=COLOUR_RGB('',7.215686274510E-1,8.784313725490E-1,4.509803921569E-1);
#205=COLOUR_RGB('',7.215686274510E-1,9.490196078431E-1,9.019607843137E-1);
#206=COLOUR_RGB('',7.294117647059E-1,2.705882352941E-1,1.E0);
#207=COLOUR_RGB('',7.294117647059E-1,4.E-1,0.E0);
#208=COLOUR_RGB('',7.294117647059E-1,6.784313725490E-1,5.019607843137E-1);
#209=COLOUR_RGB('',7.372549019608E-1,5.607843137255E-1,5.607843137255E-1);
#210=COLOUR_RGB('',7.372549019608E-1,1.E0,5.294117647059E-1);
#211=COLOUR_RGB('',7.411764705882E-1,1.E0,2.588235294118E-1);
#212=COLOUR_RGB('',7.490196078431E-1,1.803921568627E-1,6.431372549020E-1);
#213=COLOUR_RGB('',7.490196078431E-1,3.803921568627E-1,3.607843137255E-1);
#214=COLOUR_RGB('',7.490196078431E-1,5.372549019608E-1,7.254901960784E-1);
#215=COLOUR_RGB('',7.490196078431E-1,5.921568627451E-1,5.882352941176E-2);
#216=COLOUR_RGB('',7.490196078431E-1,7.215686274510E-1,0.E0);
#217=COLOUR_RGB('',7.529411764706E-1,7.529411764706E-1,7.529411764706E-1);
#218=COLOUR_RGB('',7.607843137255E-1,0.E0,4.705882352941E-1);
#219=COLOUR_RGB('',7.803921568627E-1,2.392156862745E-1,9.019607843137E-2);
#220=COLOUR_RGB('',7.882352941176E-1,2.196078431373E-1,5.490196078431E-1);
#221=COLOUR_RGB('',7.882352941176E-1,7.098039215686E-1,6.196078431373E-1);
#222=COLOUR_RGB('',7.921568627451E-1,8.196078431373E-1,9.333333333333E-1);
#223=COLOUR_RGB('',8.E-1,0.E0,8.E-1);
#224=COLOUR_RGB('',8.E-1,2.E-1,2.E-1);
#225=COLOUR_RGB('',8.E-1,2.E-1,4.E-1);
#226=COLOUR_RGB('',8.E-1,2.E-1,8.E-1);
#227=COLOUR_RGB('',8.E-1,4.E-1,8.E-1);
#228=COLOUR_RGB('',8.E-1,6.E-1,8.E-1);
#229=COLOUR_RGB('',8.E-1,6.E-1,1.E0);
#230=COLOUR_RGB('',8.E-1,1.E0,4.E-1);
#231=COLOUR_RGB('',8.E-1,1.E0,8.E-1);
#232=COLOUR_RGB('',8.039215686275E-1,5.882352941176E-1,1.960784313725E-1);
#233=COLOUR_RGB('',8.117647058824E-1,4.784313725490E-1,6.509803921569E-1);
#234=COLOUR_RGB('',8.196078431373E-1,3.921568627451E-2,6.588235294118E-1);
#235=COLOUR_RGB('',8.235294117647E-1,7.058823529412E-1,4.313725490196E-1);
#236=COLOUR_RGB('',8.274509803922E-1,6.862745098039E-1,2.196078431373E-1);
#237=COLOUR_RGB('',8.274509803922E-1,8.274509803922E-1,8.274509803922E-1);
#238=COLOUR_RGB('',8.313725490196E-1,3.137254901961E-2,3.137254901961E-2);
#239=COLOUR_RGB('',8.313725490196E-1,2.E-1,0.E0);
#240=COLOUR_RGB('',8.392156862745E-1,4.470588235294E-1,3.882352941176E-1);
#241=COLOUR_RGB('',8.509803921569E-1,3.372549019608E-1,2.980392156863E-1);
#242=COLOUR_RGB('',8.509803921569E-1,8.509803921569E-1,5.607843137255E-1);
#243=COLOUR_RGB('',8.588235294118E-1,1.215686274510E-1,1.E0);
#244=COLOUR_RGB('',8.588235294118E-1,4.705882352941E-1,1.607843137255E-1);
#245=COLOUR_RGB('',8.627450980392E-1,7.843137254902E-2,2.352941176471E-1);
#246=COLOUR_RGB('',8.666666666667E-1,5.921568627451E-1,2.352941176471E-2);
#247=COLOUR_RGB('',8.705882352941E-1,4.156862745098E-1,1.E0);
#248=COLOUR_RGB('',8.705882352941E-1,4.901960784314E-1,3.019607843137E-1);
#249=COLOUR_RGB('',8.705882352941E-1,6.E-1,4.705882352941E-1);
#250=COLOUR_RGB('',8.784313725490E-1,9.019607843137E-2,1.019607843137E-1);
#251=COLOUR_RGB('',8.784313725490E-1,3.686274509804E-1,1.215686274510E-1);
#252=COLOUR_RGB('',8.784313725490E-1,4.901960784314E-1,5.294117647059E-1);
#253=COLOUR_RGB('',8.784313725490E-1,9.490196078431E-1,1.E0);
#254=COLOUR_RGB('',8.823529411765E-1,7.607843137255E-1,2.823529411765E-1);
#255=COLOUR_RGB('',8.901960784314E-1,4.901960784314E-1,8.E-1);
#256=COLOUR_RGB('',8.901960784314E-1,5.882352941176E-1,1.411764705882E-1);
#257=COLOUR_RGB('',8.980392156863E-1,2.823529411765E-1,0.E0);
#258=COLOUR_RGB('',9.019607843137E-1,1.490196078431E-1,3.803921568627E-1);
#259=COLOUR_RGB('',9.019607843137E-1,7.490196078431E-1,7.294117647059E-1);
#260=COLOUR_RGB('',9.019607843137E-1,8.313725490196E-1,1.215686274510E-1);
#261=COLOUR_RGB('',9.098039215686E-1,6.117647058824E-1,7.098039215686E-1);
#262=COLOUR_RGB('',9.098039215686E-1,6.666666666667E-1,1.E0);
#263=COLOUR_RGB('',9.215686274510E-1,6.196078431373E-1,8.784313725490E-1);
#264=COLOUR_RGB('',9.21569E-1,7.05882E-1,4.70588E-1);
#265=COLOUR_RGB('',9.215686274510E-1,9.294117647059E-1,0.E0);
#266=COLOUR_RGB('',9.294117647059E-1,5.686274509804E-1,3.843137254902E-1);
#267=COLOUR_RGB('',9.294117647059E-1,8.E-1,1.E0);
#268=COLOUR_RGB('',9.411764705882E-1,4.705882352941E-1,9.411764705882E-1);
#269=COLOUR_RGB('',9.490196078431E-1,2.196078431373E-1,8.117647058824E-1);
#270=COLOUR_RGB('',9.490196078431E-1,7.333333333333E-1,1.568627450980E-1);
#271=COLOUR_RGB('',9.490196078431E-1,1.E0,4.156862745098E-1);
#272=COLOUR_RGB('',9.607843137255E-1,7.098039215686E-1,3.764705882353E-1);
#273=COLOUR_RGB('',9.882352941176E-1,9.215686274510E-1,8.E-1);
#274=DRAUGHTING_PRE_DEFINED_COLOUR('red');
#275=COLOUR_RGB('',1.E0,0.E0,2.E-1);
#276=COLOUR_RGB('',1.E0,0.E0,4.705882352941E-1);
#277=COLOUR_RGB('',1.E0,0.E0,6.117647058824E-1);
#278=DRAUGHTING_PRE_DEFINED_COLOUR('magenta');
#279=COLOUR_RGB('',1.E0,5.490196078431E-2,8.313725490196E-1);
#280=COLOUR_RGB('',1.E0,9.803921568627E-2,9.803921568627E-2);
#281=COLOUR_RGB('',1.E0,1.450980392157E-1,2.862745098039E-1);
#282=COLOUR_RGB('',1.E0,2.E-1,6.E-1);
#283=COLOUR_RGB('',1.E0,2.E-1,1.E0);
#284=COLOUR_RGB('',1.E0,2.392156862745E-1,4.784313725490E-1);
#285=COLOUR_RGB('',1.E0,2.705882352941E-1,0.E0);
#286=COLOUR_RGB('',1.E0,2.745098039216E-1,2.823529411765E-1);
#287=COLOUR_RGB('',1.E0,3.254901960784E-1,9.254901960784E-1);
#288=COLOUR_RGB('',1.E0,3.411764705882E-1,1.294117647059E-1);
#289=COLOUR_RGB('',1.E0,3.490196078431E-1,5.215686274510E-1);
#290=COLOUR_RGB('',1.E0,4.E-1,1.E0);
#291=COLOUR_RGB('',1.E0,4.117647058824E-1,7.058823529412E-1);
#292=COLOUR_RGB('',1.E0,4.352941176471E-1,2.745098039216E-1);
#293=COLOUR_RGB('',1.E0,4.705882352941E-1,0.E0);
#294=COLOUR_RGB('',1.E0,4.705882352941E-1,4.705882352941E-1);
#295=COLOUR_RGB('',1.E0,4.901960784314E-1,3.686274509804E-1);
#296=COLOUR_RGB('',1.E0,5.294117647059E-1,1.686274509804E-1);
#297=COLOUR_RGB('',1.E0,6.E-1,0.E0);
#298=COLOUR_RGB('',1.E0,6.E-1,1.E0);
#299=COLOUR_RGB('',1.E0,6.196078431373E-1,4.784313725490E-1);
#300=COLOUR_RGB('',1.E0,6.313725490196E-1,1.450980392157E-1);
#301=COLOUR_RGB('',1.E0,6.431372549020E-1,7.882352941176E-1);
#302=COLOUR_RGB('',1.E0,6.509803921569E-1,2.980392156863E-1);
#303=COLOUR_RGB('',1.E0,6.705882352941E-1,6.705882352941E-1);
#304=COLOUR_RGB('',1.E0,7.215686274510E-1,1.E0);
#305=COLOUR_RGB('',1.E0,7.294117647059E-1,5.294117647059E-1);
#306=COLOUR_RGB('',1.E0,7.686274509804E-1,5.882352941176E-2);
#307=COLOUR_RGB('',1.E0,8.E-1,8.E-1);
#308=COLOUR_RGB('',1.E0,8.196078431373E-1,4.509803921569E-1);
#309=COLOUR_RGB('',1.E0,8.392156862745E-1,3.019607843137E-1);
#310=COLOUR_RGB('',1.E0,8.470588235294E-1,5.921568627451E-1);
#311=COLOUR_RGB('',1.E0,8.666666666667E-1,9.725490196078E-1);
#312=COLOUR_RGB('',1.E0,9.411764705882E-1,1.019607843137E-1);
#313=DRAUGHTING_PRE_DEFINED_COLOUR('yellow');
#314=COLOUR_RGB('',1.E0,1.E0,3.294117647059E-1);
#315=COLOUR_RGB('',1.E0,1.E0,5.3E-1);
#316=COLOUR_RGB('',1.E0,1.E0,7.294117647059E-1);
#317=COLOUR_RGB('',1.E0,1.E0,9.49E-1);
#318=DRAUGHTING_PRE_DEFINED_COLOUR('white');
#319=COLOUR_RGB('',7.176470588235E-1,1.E0,9.058823529412E-1);
#517=EDGE_CURVE('',#466,#467,#323,.T.);
#519=EDGE_CURVE('',#467,#469,#327,.T.);
#521=EDGE_CURVE('',#469,#471,#331,.T.);
#523=EDGE_CURVE('',#471,#466,#335,.T.);
#527=EDGE_CURVE('',#474,#475,#371,.T.);
#529=EDGE_CURVE('',#477,#474,#395,.T.);
#531=EDGE_CURVE('',#479,#477,#387,.T.);
#533=EDGE_CURVE('',#475,#479,#379,.T.);
#537=EDGE_CURVE('',#482,#483,#423,.T.);
#539=EDGE_CURVE('',#485,#482,#463,.T.);
#541=EDGE_CURVE('',#487,#485,#455,.T.);
#543=EDGE_CURVE('',#483,#487,#447,.T.);
#547=ADVANCED_FACE('',(#526,#536,#546),#516,.T.);
#561=EDGE_CURVE('',#489,#466,#351,.T.);
#563=EDGE_CURVE('',#489,#491,#339,.T.);
#565=EDGE_CURVE('',#491,#467,#343,.T.);
#569=ADVANCED_FACE('',(#568),#559,.T.);
#576=EDGE_CURVE('',#493,#471,#359,.T.);
#578=EDGE_CURVE('',#493,#489,#347,.T.);
#583=ADVANCED_FACE('',(#582),#574,.T.);
#590=EDGE_CURVE('',#495,#469,#367,.T.);
#592=EDGE_CURVE('',#495,#493,#355,.T.);
#597=ADVANCED_FACE('',(#596),#588,.T.);
#605=EDGE_CURVE('',#491,#495,#363,.T.);
#610=ADVANCED_FACE('',(#609),#602,.T.);
#622=ADVANCED_FACE('',(#621),#615,.F.);
#629=EDGE_CURVE('',#497,#475,#383,.T.);
#631=EDGE_CURVE('',#499,#497,#403,.T.);
#633=EDGE_CURVE('',#499,#474,#375,.T.);
#637=ADVANCED_FACE('',(#636),#627,.T.);
#644=EDGE_CURVE('',#501,#479,#391,.T.);
#646=EDGE_CURVE('',#497,#501,#407,.T.);
#651=ADVANCED_FACE('',(#650),#642,.T.);
#658=EDGE_CURVE('',#503,#477,#399,.T.);
#660=EDGE_CURVE('',#501,#503,#411,.T.);
#665=ADVANCED_FACE('',(#664),#656,.T.);
#673=EDGE_CURVE('',#503,#499,#415,.T.);
#678=ADVANCED_FACE('',(#677),#670,.T.);
#690=ADVANCED_FACE('',(#689),#683,.T.);
#696=EDGE_CURVE('',#506,#507,#427,.T.);
#698=EDGE_CURVE('',#506,#482,#419,.T.);
#701=EDGE_CURVE('',#507,#483,#443,.T.);
#705=ADVANCED_FACE('',(#704),#695,.T.);
#712=EDGE_CURVE('',#507,#509,#431,.T.);
#714=EDGE_CURVE('',#509,#511,#435,.T.);
#716=EDGE_CURVE('',#511,#506,#439,.T.);
#720=ADVANCED_FACE('',(#719),#710,.T.);
#729=EDGE_CURVE('',#509,#487,#451,.T.);
#733=ADVANCED_FACE('',(#732),#725,.T.);
#742=EDGE_CURVE('',#511,#485,#459,.T.);
#746=ADVANCED_FACE('',(#745),#738,.T.);
#758=ADVANCED_FACE('',(#757),#751,.T.);
#761=(LENGTH_UNIT()NAMED_UNIT(*)SI_UNIT(.MILLI.,.METRE.));
#762=(NAMED_UNIT(*)PLANE_ANGLE_UNIT()SI_UNIT($,.RADIAN.));
#765=(NAMED_UNIT(*)SI_UNIT($,.STERADIAN.)SOLID_ANGLE_UNIT());
#767=(GEOMETRIC_REPRESENTATION_CONTEXT(3)GLOBAL_UNCERTAINTY_ASSIGNED_CONTEXT((
#766))GLOBAL_UNIT_ASSIGNED_CONTEXT((#761,#764,#765))REPRESENTATION_CONTEXT
('ID1','3'));
#771=AXIS2_PLACEMENT_3D('',#768,#769,#770);
#772=ADVANCED_BREP_SHAPE_REPRESENTATION('',(#771,#760),#767);
#779=PRODUCT_DEFINITION('part definition','',#778,#775);
#780=PRODUCT_DEFINITION_SHAPE('','SHAPE FOR YF0023AA_1.',#779);
#781=SHAPE_ASPECT('','solid data associated with YF0023AA_1',#780,.F.);
#782=PROPERTY_DEFINITION('',
'shape for solid data with which properties are associated',#781);
#783=SHAPE_REPRESENTATION('',(#760),#767);
#784=SHAPE_DEFINITION_REPRESENTATION(#782,#783);
#785=(LENGTH_UNIT()NAMED_UNIT(*)SI_UNIT(.MILLI.,.METRE.));
#789=PROPERTY_DEFINITION('geometric validation property','area of YF0023AA_1',
#781);
#790=REPRESENTATION('surface area',(#788),#767);
#791=PROPERTY_DEFINITION_REPRESENTATION(#789,#790);
#792=(LENGTH_UNIT()NAMED_UNIT(*)SI_UNIT(.MILLI.,.METRE.));
#796=PROPERTY_DEFINITION('geometric validation property','volume of YF0023AA_1',
#781);
#797=REPRESENTATION('volume',(#795),#767);
#798=PROPERTY_DEFINITION_REPRESENTATION(#796,#797);
#800=PROPERTY_DEFINITION('geometric validation property',
'centroid of YF0023AA_1',#781);
#801=REPRESENTATION('centroid',(#799),#767);
#802=PROPERTY_DEFINITION_REPRESENTATION(#800,#801);
#803=(LENGTH_UNIT()NAMED_UNIT(*)SI_UNIT(.MILLI.,.METRE.));
#807=PROPERTY_DEFINITION('geometric validation property','area of YF0023AA_1',
#780);
#808=REPRESENTATION('surface area',(#806),#767);
#809=PROPERTY_DEFINITION_REPRESENTATION(#807,#808);
#810=(LENGTH_UNIT()NAMED_UNIT(*)SI_UNIT(.MILLI.,.METRE.));
#814=PROPERTY_DEFINITION('geometric validation property','volume of YF0023AA_1',
#780);
#815=REPRESENTATION('volume',(#813),#767);
#816=PROPERTY_DEFINITION_REPRESENTATION(#814,#815);
#818=PROPERTY_DEFINITION('geometric validation property',
'centroid of YF0023AA_1',#780);
#819=REPRESENTATION('centroid',(#817),#767);
#820=PROPERTY_DEFINITION_REPRESENTATION(#818,#819);
#821=SHAPE_DEFINITION_REPRESENTATION(#780,#772);
#822=SHAPE_DEFINITION_REPRESENTATION(#823,#824);
#823=PRODUCT_DEFINITION_SHAPE('','SHAPE FOR YF0023AA_ASM_1_ASM.',#11821);
#824=SHAPE_REPRESENTATION('',(#839,#834,#1256,#1251,#11804,#11799,#11817),
#11813);
#825=NEXT_ASSEMBLY_USAGE_OCCURRENCE('23','Next assembly relationship',
'YF0023AA',#11821,#779,$);
#826=PRODUCT_DEFINITION_SHAPE('Placement #23',
'Placement of YF0023AA_1 with respect to YF0023AA_ASM_1_ASM',#825);
#828=PROPERTY_DEFINITION('geometric validation property','centroid of YF0023AA',
#826);
#829=REPRESENTATION('centroid',(#827),#767);
#830=PROPERTY_DEFINITION_REPRESENTATION(#828,#829);
#839=AXIS2_PLACEMENT_3D('',#836,#837,#838);
#846=CIRCLE('',#845,5.65E-1);
#851=CIRCLE('',#850,5.65E-1);
#856=CIRCLE('',#855,4.6E-1);
#861=CIRCLE('',#860,4.6E-1);
#870=CIRCLE('',#869,5.65E-1);
#875=CIRCLE('',#874,5.65E-1);
#892=CIRCLE('',#891,4.6E-1);
#897=CIRCLE('',#896,4.6E-1);
#902=CIRCLE('',#901,3.5E-1);
#907=CIRCLE('',#906,3.5E-1);
#920=CIRCLE('',#919,3.5E-1);
#925=CIRCLE('',#924,3.5E-1);
#930=CIRCLE('',#929,1.2E-1);
#935=CIRCLE('',#934,1.2E-1);
#948=CIRCLE('',#947,1.2E-1);
#953=CIRCLE('',#952,1.2E-1);
#991=EDGE_CURVE('',#956,#957,#846,.T.);
#993=EDGE_CURVE('',#957,#956,#851,.T.);
#997=EDGE_CURVE('',#960,#961,#856,.T.);
#999=EDGE_CURVE('',#961,#960,#861,.T.);
#1003=ADVANCED_FACE('',(#996,#1002),#990,.F.);
#1009=EDGE_CURVE('',#964,#965,#870,.T.);
#1011=EDGE_CURVE('',#964,#957,#865,.T.);
#1014=EDGE_CURVE('',#965,#956,#879,.T.);
#1018=ADVANCED_FACE('',(#1017),#1008,.T.);
#1032=EDGE_CURVE('',#965,#964,#875,.T.);
#1036=ADVANCED_FACE('',(#1035),#1030,.T.);
#1048=ADVANCED_FACE('',(#1047),#1041,.T.);
#1062=EDGE_CURVE('',#967,#960,#887,.T.);
#1064=EDGE_CURVE('',#969,#967,#892,.T.);
#1066=EDGE_CURVE('',#969,#961,#883,.T.);
#1070=ADVANCED_FACE('',(#1069),#1060,.T.);
#1078=EDGE_CURVE('',#967,#969,#897,.T.);
#1083=ADVANCED_FACE('',(#1082),#1075,.T.);
#1093=EDGE_CURVE('',#972,#973,#902,.T.);
#1095=EDGE_CURVE('',#973,#972,#907,.T.);
#1099=ADVANCED_FACE('',(#1092,#1098),#1088,.T.);
#1105=EDGE_CURVE('',#975,#972,#915,.T.);
#1107=EDGE_CURVE('',#977,#975,#920,.T.);
#1109=EDGE_CURVE('',#977,#973,#911,.T.);
#1114=ADVANCED_FACE('',(#1113),#1104,.T.);
#1123=EDGE_CURVE('',#975,#977,#925,.T.);
#1127=ADVANCED_FACE('',(#1126),#1119,.T.);
#1137=EDGE_CURVE('',#980,#981,#930,.T.);
#1139=EDGE_CURVE('',#981,#980,#935,.T.);
#1143=ADVANCED_FACE('',(#1136,#1142),#1132,.T.);
#1149=EDGE_CURVE('',#983,#980,#943,.T.);
#1151=EDGE_CURVE('',#985,#983,#948,.T.);
#1153=EDGE_CURVE('',#985,#981,#939,.T.);
#1158=ADVANCED_FACE('',(#1157),#1148,.T.);
#1167=EDGE_CURVE('',#983,#985,#953,.T.);
#1171=ADVANCED_FACE('',(#1170),#1163,.T.);
#1181=ADVANCED_FACE('',(#1180),#1176,.T.);
#1184=(LENGTH_UNIT()NAMED_UNIT(*)SI_UNIT(.MILLI.,.METRE.));
#1185=(NAMED_UNIT(*)PLANE_ANGLE_UNIT()SI_UNIT($,.RADIAN.));
#1188=(NAMED_UNIT(*)SI_UNIT($,.STERADIAN.)SOLID_ANGLE_UNIT());
#1190=(GEOMETRIC_REPRESENTATION_CONTEXT(3)GLOBAL_UNCERTAINTY_ASSIGNED_CONTEXT((
#1189))GLOBAL_UNIT_ASSIGNED_CONTEXT((#1184,#1187,#1188))REPRESENTATION_CONTEXT(
'ID2','3'));
#1194=AXIS2_PLACEMENT_3D('',#1191,#1192,#1193);
#1195=ADVANCED_BREP_SHAPE_REPRESENTATION('',(#1194,#1183),#1190);
#1199=PRODUCT_DEFINITION('part definition','',#1198,#775);
#1200=PRODUCT_DEFINITION_SHAPE('','SHAPE FOR CABLE_2_1.',#1199);
#1201=SHAPE_ASPECT('','solid data associated with CABLE_2_1',#1200,.F.);
#1202=PROPERTY_DEFINITION('',
'shape for solid data with which properties are associated',#1201);
#1203=SHAPE_REPRESENTATION('',(#1183),#1190);
#1204=SHAPE_DEFINITION_REPRESENTATION(#1202,#1203);
#1205=(LENGTH_UNIT()NAMED_UNIT(*)SI_UNIT(.MILLI.,.METRE.));
#1209=PROPERTY_DEFINITION('geometric validation property','area of CABLE_2_1',
#1201);
#1210=REPRESENTATION('surface area',(#1208),#1190);
#1211=PROPERTY_DEFINITION_REPRESENTATION(#1209,#1210);
#1212=(LENGTH_UNIT()NAMED_UNIT(*)SI_UNIT(.MILLI.,.METRE.));
#1216=PROPERTY_DEFINITION('geometric validation property','volume of CABLE_2_1',
#1201);
#1217=REPRESENTATION('volume',(#1215),#1190);
#1218=PROPERTY_DEFINITION_REPRESENTATION(#1216,#1217);
#1220=PROPERTY_DEFINITION('geometric validation property',
'centroid of CABLE_2_1',#1201);
#1221=REPRESENTATION('centroid',(#1219),#1190);
#1222=PROPERTY_DEFINITION_REPRESENTATION(#1220,#1221);
#1223=(LENGTH_UNIT()NAMED_UNIT(*)SI_UNIT(.MILLI.,.METRE.));
#1227=PROPERTY_DEFINITION('geometric validation property','area of CABLE_2_1',
#1200);
#1228=REPRESENTATION('surface area',(#1226),#1190);
#1229=PROPERTY_DEFINITION_REPRESENTATION(#1227,#1228);
#1230=(LENGTH_UNIT()NAMED_UNIT(*)SI_UNIT(.MILLI.,.METRE.));
#1234=PROPERTY_DEFINITION('geometric validation property','volume of CABLE_2_1',
#1200);
#1235=REPRESENTATION('volume',(#1233),#1190);
#1236=PROPERTY_DEFINITION_REPRESENTATION(#1234,#1235);
#1238=PROPERTY_DEFINITION('geometric validation property',
'centroid of CABLE_2_1',#1200);
#1239=REPRESENTATION('centroid',(#1237),#1190);
#1240=PROPERTY_DEFINITION_REPRESENTATION(#1238,#1239);
#1241=SHAPE_DEFINITION_REPRESENTATION(#1200,#1195);
#1242=NEXT_ASSEMBLY_USAGE_OCCURRENCE('24','Next assembly relationship','CABLE',
#11821,#1199,$);
#1243=PRODUCT_DEFINITION_SHAPE('Placement #24',
'Placement of CABLE_2_1 with respect to YF0023AA_ASM_1_ASM',#1242);
#1245=PROPERTY_DEFINITION('geometric validation property','centroid of CABLE',
#1243);
#1246=REPRESENTATION('centroid',(#1244),#1190);
#1247=PROPERTY_DEFINITION_REPRESENTATION(#1245,#1246);
#1256=AXIS2_PLACEMENT_3D('',#1253,#1254,#1255);
#1266=B_SPLINE_CURVE_WITH_KNOTS('',3,(#1260,#1261,#1262,#1263,#1264,#1265),
.UNSPECIFIED.,.F.,.F.,(4,1,1,4),(0.E0,3.333333333333E-1,6.666666666667E-1,1.E0),
.UNSPECIFIED.);
#1275=CIRCLE('',#1274,1.092563337923E0);
#1285=B_SPLINE_CURVE_WITH_KNOTS('',3,(#1279,#1280,#1281,#1282,#1283,#1284),
.UNSPECIFIED.,.F.,.F.,(4,1,1,4),(0.E0,3.333333333333E-1,6.666666666667E-1,1.E0),
.UNSPECIFIED.);
#1296=B_SPLINE_CURVE_WITH_KNOTS('',3,(#1289,#1290,#1291,#1292,#1293,#1294,
#1295),.UNSPECIFIED.,.F.,.F.,(4,1,1,1,4),(0.E0,2.5E-1,5.E-1,7.5E-1,1.E0),
.UNSPECIFIED.);
#1319=B_SPLINE_CURVE_WITH_KNOTS('',3,(#1307,#1308,#1309,#1310,#1311,#1312,#1313,
#1314,#1315,#1316,#1317,#1318),.UNSPECIFIED.,.F.,.F.,(4,1,1,1,1,1,1,1,1,4),
(0.E0,1.111111111111E-1,2.222222222222E-1,3.333333333333E-1,4.444444444444E-1,
5.555555555556E-1,6.666666666667E-1,7.777777777778E-1,8.888888888889E-1,1.E0),
.UNSPECIFIED.);
#1335=B_SPLINE_CURVE_WITH_KNOTS('',3,(#1323,#1324,#1325,#1326,#1327,#1328,#1329,
#1330,#1331,#1332,#1333,#1334),.UNSPECIFIED.,.F.,.F.,(4,1,1,1,1,1,1,1,1,4),
(0.E0,1.111111111111E-1,2.222222222222E-1,3.333333333333E-1,4.444444444444E-1,
5.555555555556E-1,6.666666666667E-1,7.777777777778E-1,8.888888888889E-1,1.E0),
.UNSPECIFIED.);
#1388=B_SPLINE_CURVE_WITH_KNOTS('',3,(#1381,#1382,#1383,#1384,#1385,#1386,
#1387),.UNSPECIFIED.,.F.,.F.,(4,1,1,1,4),(0.E0,2.5E-1,5.E-1,7.5E-1,1.E0),
.UNSPECIFIED.);
#1398=B_SPLINE_CURVE_WITH_KNOTS('',3,(#1392,#1393,#1394,#1395,#1396,#1397),
.UNSPECIFIED.,.F.,.F.,(4,1,1,4),(0.E0,3.333333333333E-1,6.666666666667E-1,1.E0),
.UNSPECIFIED.);
#1448=CIRCLE('',#1447,1.103846153846E0);
#1459=B_SPLINE_CURVE_WITH_KNOTS('',3,(#1452,#1453,#1454,#1455,#1456,#1457,
#1458),.UNSPECIFIED.,.F.,.F.,(4,1,1,1,4),(0.E0,2.5E-1,5.E-1,7.5E-1,1.E0),
.UNSPECIFIED.);
#1470=B_SPLINE_CURVE_WITH_KNOTS('',3,(#1463,#1464,#1465,#1466,#1467,#1468,
#1469),.UNSPECIFIED.,.F.,.F.,(4,1,1,1,4),(0.E0,2.5E-1,5.E-1,7.5E-1,1.E0),
.UNSPECIFIED.);
#1478=CIRCLE('',#1477,1.079944228189E0);
#1486=CIRCLE('',#1485,1.084406134310E0);
#1496=B_SPLINE_CURVE_WITH_KNOTS('',3,(#1490,#1491,#1492,#1493,#1494,#1495),
.UNSPECIFIED.,.F.,.F.,(4,1,1,4),(0.E0,3.333333333333E-1,6.666666666667E-1,1.E0),
.UNSPECIFIED.);
#1506=B_SPLINE_CURVE_WITH_KNOTS('',3,(#1500,#1501,#1502,#1503,#1504,#1505),
.UNSPECIFIED.,.F.,.F.,(4,1,1,4),(0.E0,3.333333333333E-1,6.666666666667E-1,1.E0),
.UNSPECIFIED.);
#1514=CIRCLE('',#1513,1.092563337924E0);
#1524=B_SPLINE_CURVE_WITH_KNOTS('',3,(#1518,#1519,#1520,#1521,#1522,#1523),
.UNSPECIFIED.,.F.,.F.,(4,1,1,4),(0.E0,3.333333333333E-1,6.666666666667E-1,1.E0),
.UNSPECIFIED.);
#1532=CIRCLE('',#1531,1.290050460017E0);
#1542=B_SPLINE_CURVE_WITH_KNOTS('',3,(#1536,#1537,#1538,#1539,#1540,#1541),
.UNSPECIFIED.,.F.,.F.,(4,1,1,4),(0.E0,3.333333333333E-1,6.666666666667E-1,1.E0),
.UNSPECIFIED.);
#1550=CIRCLE('',#1549,1.396460699751E0);
#1560=B_SPLINE_CURVE_WITH_KNOTS('',3,(#1554,#1555,#1556,#1557,#1558,#1559),
.UNSPECIFIED.,.F.,.F.,(4,1,1,4),(0.E0,3.333333333333E-1,6.666666666667E-1,1.E0),
.UNSPECIFIED.);
#1570=B_SPLINE_CURVE_WITH_KNOTS('',3,(#1564,#1565,#1566,#1567,#1568,#1569),
.UNSPECIFIED.,.F.,.F.,(4,1,1,4),(0.E0,3.333333333333E-1,6.666666666667E-1,1.E0),
.UNSPECIFIED.);
#1578=CIRCLE('',#1577,1.221818199927E0);
#1586=CIRCLE('',#1585,1.319230769231E0);
#1594=CIRCLE('',#1593,1.222030671681E0);
#1602=CIRCLE('',#1601,5.384615384614E-2);
#1610=CIRCLE('',#1609,2.261538461538E-1);
#1618=CIRCLE('',#1617,2.261538461538E-1);
#1654=CIRCLE('',#1653,1.076923076923E-2);
#1662=CIRCLE('',#1661,1.076923076923E-2);
#1670=CIRCLE('',#1669,2.692307692307E-1);
#1691=B_SPLINE_CURVE_WITH_KNOTS('',3,(#1681,#1682,#1683,#1684,#1685,#1686,#1687,
#1688,#1689,#1690),.UNSPECIFIED.,.F.,.F.,(4,1,1,1,1,1,1,4),(0.E0,
1.428571428571E-1,2.857142857143E-1,4.285714285714E-1,5.714285714286E-1,
7.142857142857E-1,8.571428571429E-1,1.E0),.UNSPECIFIED.);
#1701=B_SPLINE_CURVE_WITH_KNOTS('',3,(#1695,#1696,#1697,#1698,#1699,#1700),
.UNSPECIFIED.,.F.,.F.,(4,1,1,4),(0.E0,3.333333333333E-1,6.666666666667E-1,1.E0),
.UNSPECIFIED.);
#1715=B_SPLINE_CURVE_WITH_KNOTS('',3,(#1705,#1706,#1707,#1708,#1709,#1710,#1711,
#1712,#1713,#1714),.UNSPECIFIED.,.F.,.F.,(4,1,1,1,1,1,1,4),(0.E0,
1.428571428571E-1,2.857142857143E-1,4.285714285714E-1,5.714285714286E-1,
7.142857142857E-1,8.571428571429E-1,1.E0),.UNSPECIFIED.);
#1730=CIRCLE('',#1729,1.319230769230E0);
#1750=B_SPLINE_CURVE_WITH_KNOTS('',3,(#1741,#1742,#1743,#1744,#1745,#1746,#1747,
#1748,#1749),.UNSPECIFIED.,.F.,.F.,(4,1,1,1,1,1,4),(0.E0,1.666666666667E-1,
3.333333333333E-1,5.E-1,6.666666666667E-1,8.333333333333E-1,1.E0),
.UNSPECIFIED.);
#1764=B_SPLINE_CURVE_WITH_KNOTS('',3,(#1754,#1755,#1756,#1757,#1758,#1759,#1760,
#1761,#1762,#1763),.UNSPECIFIED.,.F.,.F.,(4,1,1,1,1,1,1,4),(0.E0,
1.428571428571E-1,2.857142857143E-1,4.285714285714E-1,5.714285714286E-1,
7.142857142857E-1,8.571428571429E-1,1.E0),.UNSPECIFIED.);
#1779=CIRCLE('',#1778,2.692307692307E-1);
#1787=CIRCLE('',#1786,1.076923076923E-2);
#1795=CIRCLE('',#1794,1.076923076923E-2);
#1831=CIRCLE('',#1830,2.261538461538E-1);
#1839=CIRCLE('',#1838,2.261538461538E-1);
#1847=CIRCLE('',#1846,5.384615384614E-2);
#1855=CIRCLE('',#1854,1.319230769231E0);
#1863=CIRCLE('',#1862,1.319230769231E0);
#1871=CIRCLE('',#1870,5.384615384614E-2);
#1879=CIRCLE('',#1878,2.261538461538E-1);
#1887=CIRCLE('',#1886,2.261538461538E-1);
#1923=CIRCLE('',#1922,1.076923076923E-2);
#1931=CIRCLE('',#1930,1.076923076923E-2);
#1939=CIRCLE('',#1938,2.692307692307E-1);
#1949=B_SPLINE_CURVE_WITH_KNOTS('',3,(#1943,#1944,#1945,#1946,#1947,#1948),
.UNSPECIFIED.,.F.,.F.,(4,1,1,4),(0.E0,3.333333333333E-1,6.666666666667E-1,1.E0),
.UNSPECIFIED.);
#1963=B_SPLINE_CURVE_WITH_KNOTS('',3,(#1953,#1954,#1955,#1956,#1957,#1958,#1959,
#1960,#1961,#1962),.UNSPECIFIED.,.F.,.F.,(4,1,1,1,1,1,1,4),(0.E0,
1.428571428571E-1,2.857142857143E-1,4.285714285714E-1,5.714285714286E-1,
7.142857142857E-1,8.571428571429E-1,1.E0),.UNSPECIFIED.);
#1984=B_SPLINE_CURVE_WITH_KNOTS('',3,(#1974,#1975,#1976,#1977,#1978,#1979,#1980,
#1981,#1982,#1983),.UNSPECIFIED.,.F.,.F.,(4,1,1,1,1,1,1,4),(0.E0,
1.428571428571E-1,2.857142857143E-1,4.285714285714E-1,5.714285714286E-1,
7.142857142857E-1,8.571428571429E-1,1.E0),.UNSPECIFIED.);
#1998=B_SPLINE_CURVE_WITH_KNOTS('',3,(#1988,#1989,#1990,#1991,#1992,#1993,#1994,
#1995,#1996,#1997),.UNSPECIFIED.,.F.,.F.,(4,1,1,1,1,1,1,4),(0.E0,
1.428571428571E-1,2.857142857143E-1,4.285714285714E-1,5.714285714286E-1,
7.142857142857E-1,8.571428571429E-1,1.E0),.UNSPECIFIED.);
#2012=B_SPLINE_CURVE_WITH_KNOTS('',3,(#2002,#2003,#2004,#2005,#2006,#2007,#2008,
#2009,#2010,#2011),.UNSPECIFIED.,.F.,.F.,(4,1,1,1,1,1,1,4),(0.E0,
1.428571428571E-1,2.857142857143E-1,4.285714285714E-1,5.714285714286E-1,
7.142857142857E-1,8.571428571429E-1,1.E0),.UNSPECIFIED.);
#2041=CIRCLE('',#2040,1.319230769230E0);
#2049=CIRCLE('',#2048,2.692307692307E-1);
#2057=CIRCLE('',#2056,1.076923076923E-2);
#2065=CIRCLE('',#2064,1.076923076923E-2);
#2101=CIRCLE('',#2100,2.261538461538E-1);
#2109=CIRCLE('',#2108,2.261538461538E-1);
#2117=CIRCLE('',#2116,5.384615384614E-2);
#2125=CIRCLE('',#2124,1.319230769231E0);
#2135=B_SPLINE_CURVE_WITH_KNOTS('',3,(#2129,#2130,#2131,#2132,#2133,#2134),
.UNSPECIFIED.,.F.,.F.,(4,1,1,4),(0.E0,3.333333333333E-1,6.666666666667E-1,1.E0),
.UNSPECIFIED.);
#2145=B_SPLINE_CURVE_WITH_KNOTS('',3,(#2139,#2140,#2141,#2142,#2143,#2144),
.UNSPECIFIED.,.F.,.F.,(4,1,1,4),(0.E0,3.333333333333E-1,6.666666666667E-1,1.E0),
.UNSPECIFIED.);
#2153=CIRCLE('',#2152,1.221818199927E0);
#2161=CIRCLE('',#2160,1.222030671655E0);
#2171=B_SPLINE_CURVE_WITH_KNOTS('',3,(#2165,#2166,#2167,#2168,#2169,#2170),
.UNSPECIFIED.,.F.,.F.,(4,1,1,4),(0.E0,3.333333333333E-1,6.666666666667E-1,1.E0),
.UNSPECIFIED.);
#2181=B_SPLINE_CURVE_WITH_KNOTS('',3,(#2175,#2176,#2177,#2178,#2179,#2180),
.UNSPECIFIED.,.F.,.F.,(4,1,1,4),(0.E0,3.333333333333E-1,6.666666666667E-1,1.E0),
.UNSPECIFIED.);
#2189=CIRCLE('',#2188,1.396460699751E0);
#2199=B_SPLINE_CURVE_WITH_KNOTS('',3,(#2193,#2194,#2195,#2196,#2197,#2198),
.UNSPECIFIED.,.F.,.F.,(4,1,1,4),(0.E0,3.333333333333E-1,6.666666666667E-1,1.E0),
.UNSPECIFIED.);
#2207=CIRCLE('',#2206,1.290050460017E0);
#2218=B_SPLINE_CURVE_WITH_KNOTS('',3,(#2211,#2212,#2213,#2214,#2215,#2216,
#2217),.UNSPECIFIED.,.F.,.F.,(4,1,1,1,4),(0.E0,2.5E-1,5.E-1,7.5E-1,1.E0),
.UNSPECIFIED.);
#2229=B_SPLINE_CURVE_WITH_KNOTS('',3,(#2222,#2223,#2224,#2225,#2226,#2227,
#2228),.UNSPECIFIED.,.F.,.F.,(4,1,1,1,4),(0.E0,2.5E-1,5.E-1,7.5E-1,1.E0),
.UNSPECIFIED.);
#2237=CIRCLE('',#2236,1.079944228189E0);
#2245=CIRCLE('',#2244,1.103846153846E0);
#2253=CIRCLE('',#2252,1.084406134336E0);
#2261=CIRCLE('',#2260,1.084406134336E0);
#2269=CIRCLE('',#2268,1.084406134336E0);
#2277=CIRCLE('',#2276,1.103846153846E0);
#2285=CIRCLE('',#2284,1.103846153846E0);
#2293=CIRCLE('',#2292,1.079944228189E0);
#2301=CIRCLE('',#2300,1.079944228189E0);
#2309=CIRCLE('',#2308,1.290050460017E0);
#2317=CIRCLE('',#2316,1.290050460017E0);
#2325=CIRCLE('',#2324,1.092563337923E0);
#2333=CIRCLE('',#2332,1.092563337923E0);
#2341=CIRCLE('',#2340,1.396460699751E0);
#2349=CIRCLE('',#2348,1.396460699751E0);
#2357=CIRCLE('',#2356,1.222030671655E0);
#2365=CIRCLE('',#2364,1.222030671655E0);
#2373=CIRCLE('',#2372,1.221818199927E0);
#2381=CIRCLE('',#2380,1.221818199927E0);
#2389=CIRCLE('',#2388,1.319230769230E0);
#2397=CIRCLE('',#2396,1.103846153846E0);
#2419=CIRCLE('',#2418,1.103846153846E0);
#2427=CIRCLE('',#2426,1.103846153846E0);
#2449=CIRCLE('',#2448,1.103846153846E0);
#2464=CIRCLE('',#2463,1.319230769230E0);
#2486=CIRCLE('',#2485,2.5E-1);
#2508=CIRCLE('',#2507,5.E-2);
#2600=CIRCLE('',#2599,1.319230769230E0);
#2615=CIRCLE('',#2614,1.319230769230E0);
#2623=CIRCLE('',#2622,2.5E-1);
#2638=CIRCLE('',#2637,5.E-2);
#2660=CIRCLE('',#2659,1.319230769230E0);
#2668=CIRCLE('',#2667,2.5E-1);
#2697=B_SPLINE_CURVE_WITH_KNOTS('',3,(#2693,#2694,#2695,#2696),.UNSPECIFIED.,
.F.,.F.,(4,4),(0.E0,1.E0),.UNSPECIFIED.);
#2729=B_SPLINE_CURVE_WITH_KNOTS('',3,(#2722,#2723,#2724,#2725,#2726,#2727,
#2728),.UNSPECIFIED.,.F.,.F.,(4,1,1,1,4),(0.E0,2.5E-1,5.E-1,7.5E-1,1.E0),
.UNSPECIFIED.);
#2744=B_SPLINE_CURVE_WITH_KNOTS('',3,(#2740,#2741,#2742,#2743),.UNSPECIFIED.,
.F.,.F.,(4,4),(0.E0,1.E0),.UNSPECIFIED.);
#2797=B_SPLINE_CURVE_WITH_KNOTS('',3,(#2790,#2791,#2792,#2793,#2794,#2795,
#2796),.UNSPECIFIED.,.F.,.F.,(4,1,1,1,4),(0.E0,2.5E-1,5.E-1,7.5E-1,1.E0),
.UNSPECIFIED.);
#2805=CIRCLE('',#2804,4.75E-1);
#2813=CIRCLE('',#2812,5.E-2);
#2821=CIRCLE('',#2820,5.E-2);
#2836=CIRCLE('',#2835,6.E-1);
#2851=CIRCLE('',#2850,2.5E-1);
#2866=CIRCLE('',#2865,2.5E-1);
#2933=B_SPLINE_CURVE_WITH_KNOTS('',3,(#2926,#2927,#2928,#2929,#2930,#2931,
#2932),.UNSPECIFIED.,.F.,.F.,(4,1,1,1,4),(0.E0,2.5E-1,5.E-1,7.5E-1,1.E0),
.UNSPECIFIED.);
#2962=B_SPLINE_CURVE_WITH_KNOTS('',3,(#2958,#2959,#2960,#2961),.UNSPECIFIED.,
.F.,.F.,(4,4),(0.E0,1.E0),.UNSPECIFIED.);
#2977=CIRCLE('',#2976,4.E-1);
#2985=CIRCLE('',#2984,4.E-1);
#2995=B_SPLINE_CURVE_WITH_KNOTS('',3,(#2989,#2990,#2991,#2992,#2993,#2994),
.UNSPECIFIED.,.F.,.F.,(4,1,1,4),(0.E0,3.333333333333E-1,6.666666666667E-1,1.E0),
.UNSPECIFIED.);
#3009=B_SPLINE_CURVE_WITH_KNOTS('',3,(#2999,#3000,#3001,#3002,#3003,#3004,#3005,
#3006,#3007,#3008),.UNSPECIFIED.,.F.,.F.,(4,1,1,1,1,1,1,4),(0.E0,
1.428571428571E-1,2.857142857143E-1,4.285714285714E-1,5.714285714286E-1,
7.142857142857E-1,8.571428571429E-1,1.E0),.UNSPECIFIED.);
#3045=CIRCLE('',#3044,4.75E-1);
#3053=CIRCLE('',#3052,4.75E-1);
#3068=CIRCLE('',#3067,2.E-1);
#3076=CIRCLE('',#3075,2.E-1);
#3091=CIRCLE('',#3090,4.E-1);
#3106=CIRCLE('',#3105,4.E-1);
#3142=CIRCLE('',#3141,4.E-1);
#3150=CIRCLE('',#3149,4.E-1);
#3165=CIRCLE('',#3164,2.E-1);
#3180=CIRCLE('',#3179,2.E-1);
#3265=CIRCLE('',#3264,4.E-1);
#3280=CIRCLE('',#3279,4.E-1);
#3316=CIRCLE('',#3315,4.E-1);
#3331=CIRCLE('',#3330,4.E-1);
#3346=CIRCLE('',#3345,4.75E-1);
#3354=CIRCLE('',#3353,4.75E-1);
#3369=CIRCLE('',#3368,2.E-1);
#3384=CIRCLE('',#3383,2.E-1);
#3392=CIRCLE('',#3391,2.E-1);
#3400=CIRCLE('',#3399,2.E-1);
#3422=CIRCLE('',#3421,4.75E-1);
#3430=CIRCLE('',#3429,4.75E-1);
#3445=CIRCLE('',#3444,2.E-1);
#3467=CIRCLE('',#3466,4.E-1);
#3503=CIRCLE('',#3502,4.E-1);
#3518=CIRCLE('',#3517,2.E-1);
#3631=CIRCLE('',#3630,4.75E-1);
#3639=CIRCLE('',#3638,4.75E-1);
#3654=CIRCLE('',#3653,2.E-1);
#3669=CIRCLE('',#3668,4.E-1);
#3705=CIRCLE('',#3704,4.E-1);
#3727=CIRCLE('',#3726,2.E-1);
#3853=B_SPLINE_CURVE_WITH_KNOTS('',3,(#3843,#3844,#3845,#3846,#3847,#3848,#3849,
#3850,#3851,#3852),.UNSPECIFIED.,.F.,.F.,(4,1,1,1,1,1,1,4),(0.E0,
1.428571428571E-1,2.857142857143E-1,4.285714285714E-1,5.714285714286E-1,
7.142857142857E-1,8.571428571429E-1,1.E0),.UNSPECIFIED.);
#3875=CIRCLE('',#3874,1.119230769230E0);
#3903=B_SPLINE_CURVE_WITH_KNOTS('',3,(#3893,#3894,#3895,#3896,#3897,#3898,#3899,
#3900,#3901,#3902),.UNSPECIFIED.,.F.,.F.,(4,1,1,1,1,1,1,4),(0.E0,
1.428571428571E-1,2.857142857143E-1,4.285714285714E-1,5.714285714286E-1,
7.142857142857E-1,8.571428571429E-1,1.E0),.UNSPECIFIED.);
#3913=B_SPLINE_CURVE_WITH_KNOTS('',3,(#3907,#3908,#3909,#3910,#3911,#3912),
.UNSPECIFIED.,.F.,.F.,(4,1,1,4),(0.E0,3.333333333333E-1,6.666666666667E-1,1.E0),
.UNSPECIFIED.);
#3927=B_SPLINE_CURVE_WITH_KNOTS('',3,(#3917,#3918,#3919,#3920,#3921,#3922,#3923,
#3924,#3925,#3926),.UNSPECIFIED.,.F.,.F.,(4,1,1,1,1,1,1,4),(0.E0,
1.428571428571E-1,2.857142857143E-1,4.285714285714E-1,5.714285714286E-1,
7.142857142857E-1,8.571428571429E-1,1.E0),.UNSPECIFIED.);
#3935=CIRCLE('',#3934,4.E-1);
#3943=CIRCLE('',#3942,4.E-1);
#3965=CIRCLE('',#3964,2.5E-1);
#3980=CIRCLE('',#3979,2.5E-1);
#3995=CIRCLE('',#3994,6.E-1);
#4010=CIRCLE('',#4009,5.E-2);
#4025=CIRCLE('',#4024,5.E-2);
#4040=CIRCLE('',#4039,4.75E-1);
#4069=B_SPLINE_CURVE_WITH_KNOTS('',3,(#4065,#4066,#4067,#4068),.UNSPECIFIED.,
.F.,.F.,(4,4),(0.E0,1.E0),.UNSPECIFIED.);
#4094=B_SPLINE_CURVE_WITH_KNOTS('',3,(#4087,#4088,#4089,#4090,#4091,#4092,
#4093),.UNSPECIFIED.,.F.,.F.,(4,1,1,1,4),(0.E0,2.5E-1,5.E-1,7.5E-1,1.E0),
.UNSPECIFIED.);
#4123=B_SPLINE_CURVE_WITH_KNOTS('',3,(#4119,#4120,#4121,#4122),.UNSPECIFIED.,
.F.,.F.,(4,4),(0.E0,1.E0),.UNSPECIFIED.);
#4141=B_SPLINE_CURVE_WITH_KNOTS('',3,(#4134,#4135,#4136,#4137,#4138,#4139,
#4140),.UNSPECIFIED.,.F.,.F.,(4,1,1,1,4),(0.E0,2.5E-1,5.E-1,7.5E-1,1.E0),
.UNSPECIFIED.);
#4194=B_SPLINE_CURVE_WITH_KNOTS('',3,(#4187,#4188,#4189,#4190,#4191,#4192,
#4193),.UNSPECIFIED.,.F.,.F.,(4,1,1,1,4),(0.E0,2.5E-1,5.E-1,7.5E-1,1.E0),
.UNSPECIFIED.);
#4209=CIRCLE('',#4208,2.5E-1);
#4238=B_SPLINE_CURVE_WITH_KNOTS('',3,(#4234,#4235,#4236,#4237),.UNSPECIFIED.,
.F.,.F.,(4,4),(0.E0,1.E0),.UNSPECIFIED.);
#4260=CIRCLE('',#4259,1.319230769230E0);
#4268=CIRCLE('',#4267,2.5E-1);
#4297=CIRCLE('',#4296,5.E-2);
#4396=CIRCLE('',#4395,1.319230769230E0);
#4411=CIRCLE('',#4410,1.319230769230E0);
#4426=CIRCLE('',#4425,2.5E-1);
#4434=CIRCLE('',#4433,5.E-2);
#4463=CIRCLE('',#4462,1.103846153846E0);
#4471=CIRCLE('',#4470,1.319230769230E0);
#4493=CIRCLE('',#4492,1.319230769230E0);
#4501=CIRCLE('',#4500,1.319230769230E0);
#4515=B_SPLINE_CURVE_WITH_KNOTS('',3,(#4505,#4506,#4507,#4508,#4509,#4510,#4511,
#4512,#4513,#4514),.UNSPECIFIED.,.F.,.F.,(4,1,1,1,1,1,1,4),(0.E0,
1.428571428571E-1,2.857142857143E-1,4.285714285714E-1,5.714285714286E-1,
7.142857142857E-1,8.571428571429E-1,1.E0),.UNSPECIFIED.);
#4529=B_SPLINE_CURVE_WITH_KNOTS('',3,(#4519,#4520,#4521,#4522,#4523,#4524,#4525,
#4526,#4527,#4528),.UNSPECIFIED.,.F.,.F.,(4,1,1,1,1,1,1,4),(0.E0,
1.428571428571E-1,2.857142857143E-1,4.285714285714E-1,5.714285714286E-1,
7.142857142857E-1,8.571428571429E-1,1.E0),.UNSPECIFIED.);
#4558=CIRCLE('',#4557,1.319230769230E0);
#4566=CIRCLE('',#4565,1.103846153846E0);
#5199=EDGE_CURVE('',#4654,#4655,#1266,.T.);
#5201=EDGE_CURVE('',#4657,#4655,#2237,.T.);
#5203=EDGE_CURVE('',#4659,#4657,#2093,.T.);
#5205=EDGE_CURVE('',#4659,#4654,#1275,.T.);
#5209=ADVANCED_FACE('',(#5208),#5198,.F.);
#5215=EDGE_CURVE('',#4662,#4663,#1342,.T.);
#5217=EDGE_CURVE('',#4665,#4662,#2456,.T.);
#5219=EDGE_CURVE('',#4667,#4665,#1440,.T.);
#5221=EDGE_CURVE('',#4667,#4668,#1285,.T.);
#5223=EDGE_CURVE('',#4669,#4668,#2229,.T.);
#5225=EDGE_CURVE('',#4655,#4669,#2218,.T.);
#5228=EDGE_CURVE('',#4670,#4654,#2199,.T.);
#5230=EDGE_CURVE('',#4671,#4670,#2181,.T.);
#5232=EDGE_CURVE('',#4672,#4671,#2171,.T.);
#5234=EDGE_CURVE('',#4673,#4672,#2145,.T.);
#5236=EDGE_CURVE('',#4674,#4673,#2135,.T.);
#5238=EDGE_CURVE('',#4674,#4663,#1296,.T.);
#5242=ADVANCED_FACE('',(#5241),#5214,.F.);
#5248=EDGE_CURVE('',#4677,#4678,#1303,.T.);
#5250=EDGE_CURVE('',#4680,#4678,#2389,.T.);
#5252=EDGE_CURVE('',#4682,#4680,#2660,.T.);
#5254=EDGE_CURVE('',#4684,#4682,#2615,.T.);
#5256=EDGE_CURVE('',#4684,#4685,#1319,.T.);
#5258=EDGE_CURVE('',#4687,#4685,#2600,.T.);
#5260=EDGE_CURVE('',#4689,#4687,#4558,.T.);
#5262=EDGE_CURVE('',#4691,#4689,#4501,.T.);
#5264=EDGE_CURVE('',#4693,#4691,#4493,.T.);
#5266=EDGE_CURVE('',#4695,#4693,#4471,.T.);
#5268=EDGE_CURVE('',#4697,#4695,#4411,.T.);
#5270=EDGE_CURVE('',#4697,#4698,#1335,.T.);
#5272=EDGE_CURVE('',#4700,#4698,#4396,.T.);
#5274=EDGE_CURVE('',#4702,#4700,#4260,.T.);
#5276=EDGE_CURVE('',#4662,#4702,#2464,.T.);
#5279=EDGE_CURVE('',#4704,#4663,#2125,.T.);
#5281=EDGE_CURVE('',#4704,#4706,#1349,.T.);
#5283=EDGE_CURVE('',#4707,#4706,#2012,.T.);
#5285=EDGE_CURVE('',#4709,#4707,#2041,.T.);
#5287=EDGE_CURVE('',#4710,#4709,#1984,.T.);
#5289=EDGE_CURVE('',#4710,#4712,#1356,.T.);
#5291=EDGE_CURVE('',#4714,#4712,#1863,.T.);
#5293=EDGE_CURVE('',#4716,#4714,#1855,.T.);
#5295=EDGE_CURVE('',#4716,#4718,#1363,.T.);
#5297=EDGE_CURVE('',#4719,#4718,#1764,.T.);
#5299=EDGE_CURVE('',#4721,#4719,#1730,.T.);
#5301=EDGE_CURVE('',#4722,#4721,#1691,.T.);
#5303=EDGE_CURVE('',#4722,#4724,#1370,.T.);
#5305=EDGE_CURVE('',#4677,#4724,#1586,.T.);
#5309=ADVANCED_FACE('',(#5308),#5247,.T.);
#5315=EDGE_CURVE('',#4727,#4728,#1405,.T.);
#5317=EDGE_CURVE('',#4727,#4678,#1377,.T.);
#5320=EDGE_CURVE('',#4677,#4729,#1388,.T.);
#5322=EDGE_CURVE('',#4730,#4729,#1570,.T.);
#5324=EDGE_CURVE('',#4731,#4730,#1560,.T.);
#5326=EDGE_CURVE('',#4732,#4731,#1542,.T.);
#5328=EDGE_CURVE('',#4733,#4732,#1524,.T.);
#5330=EDGE_CURVE('',#4734,#4733,#1506,.T.);
#5332=EDGE_CURVE('',#4735,#4734,#1496,.T.);
#5334=EDGE_CURVE('',#4736,#4735,#1470,.T.);
#5336=EDGE_CURVE('',#4737,#4736,#1459,.T.);
#5338=EDGE_CURVE('',#4737,#4728,#1398,.T.);
#5342=ADVANCED_FACE('',(#5341),#5314,.F.);
#5349=EDGE_CURVE('',#4739,#4728,#1448,.T.);
#5351=EDGE_CURVE('',#4739,#4741,#1412,.T.);
#5353=EDGE_CURVE('',#4742,#4741,#1715,.T.);
#5355=EDGE_CURVE('',#4743,#4742,#1750,.T.);
#5357=EDGE_CURVE('',#4743,#4745,#1419,.T.);
#5359=EDGE_CURVE('',#4747,#4745,#2285,.T.);
#5361=EDGE_CURVE('',#4749,#4747,#2277,.T.);
#5363=EDGE_CURVE('',#4749,#4751,#1426,.T.);
#5365=EDGE_CURVE('',#4752,#4751,#1963,.T.);
#5367=EDGE_CURVE('',#4753,#4752,#1998,.T.);
#5369=EDGE_CURVE('',#4753,#4755,#1433,.T.);
#5371=EDGE_CURVE('',#4667,#4755,#2245,.T.);
#5374=EDGE_CURVE('',#4757,#4665,#2449,.T.);
#5376=EDGE_CURVE('',#4759,#4757,#4463,.T.);
#5378=EDGE_CURVE('',#4761,#4759,#2427,.T.);
#5380=EDGE_CURVE('',#4763,#4761,#2419,.T.);
#5382=EDGE_CURVE('',#4765,#4763,#4566,.T.);
#5384=EDGE_CURVE('',#4727,#4765,#2397,.T.);
#5388=ADVANCED_FACE('',(#5387),#5347,.F.);
#5395=EDGE_CURVE('',#4767,#4737,#1486,.T.);
#5397=EDGE_CURVE('',#4739,#4767,#1602,.T.);
#5402=ADVANCED_FACE('',(#5401),#5393,.F.);
#5410=EDGE_CURVE('',#4735,#4769,#1478,.T.);
#5412=EDGE_CURVE('',#4771,#4769,#1618,.T.);
#5414=EDGE_CURVE('',#4767,#4771,#1610,.T.);
#5419=ADVANCED_FACE('',(#5418),#5407,.T.);
#5426=EDGE_CURVE('',#4773,#4734,#1514,.T.);
#5428=EDGE_CURVE('',#4769,#4773,#1625,.T.);
#5433=ADVANCED_FACE('',(#5432),#5424,.F.);
#5440=EDGE_CURVE('',#4775,#4733,#1532,.T.);
#5442=EDGE_CURVE('',#4773,#4775,#1632,.T.);
#5447=ADVANCED_FACE('',(#5446),#5438,.F.);
#5454=EDGE_CURVE('',#4777,#4732,#1550,.T.);
#5456=EDGE_CURVE('',#4775,#4777,#1639,.T.);
#5461=ADVANCED_FACE('',(#5460),#5452,.T.);
#5468=EDGE_CURVE('',#4779,#4731,#1578,.T.);
#5470=EDGE_CURVE('',#4777,#4779,#1646,.T.);
#5475=ADVANCED_FACE('',(#5474),#5466,.T.);
#5483=EDGE_CURVE('',#4781,#4729,#1594,.T.);
#5485=EDGE_CURVE('',#4783,#4781,#1662,.T.);
#5487=EDGE_CURVE('',#4779,#4783,#1654,.T.);
#5492=ADVANCED_FACE('',(#5491),#5480,.F.);
#5500=EDGE_CURVE('',#4781,#4724,#1670,.T.);
#5505=ADVANCED_FACE('',(#5504),#5497,.T.);
#5511=EDGE_CURVE('',#4741,#4722,#1677,.T.);
#5527=ADVANCED_FACE('',(#5526),#5510,.F.);
#5535=EDGE_CURVE('',#4785,#4721,#1722,.T.);
#5537=EDGE_CURVE('',#4785,#4742,#1701,.T.);
#5542=ADVANCED_FACE('',(#5541),#5532,.F.);
#5550=EDGE_CURVE('',#4719,#4785,#1737,.T.);
#5554=ADVANCED_FACE('',(#5553),#5547,.T.);
#5564=EDGE_CURVE('',#4718,#4743,#1771,.T.);
#5568=ADVANCED_FACE('',(#5567),#5559,.F.);
#5576=EDGE_CURVE('',#4716,#4787,#1779,.T.);
#5578=EDGE_CURVE('',#4787,#4789,#1787,.T.);
#5580=EDGE_CURVE('',#4789,#4791,#1795,.T.);
#5582=EDGE_CURVE('',#4791,#4793,#1802,.T.);
#5584=EDGE_CURVE('',#4793,#4795,#1809,.T.);
#5586=EDGE_CURVE('',#4795,#4797,#1816,.T.);
#5588=EDGE_CURVE('',#4797,#4799,#1823,.T.);
#5590=EDGE_CURVE('',#4799,#4801,#1831,.T.);
#5592=EDGE_CURVE('',#4801,#4803,#1839,.T.);
#5594=EDGE_CURVE('',#4803,#4745,#1847,.T.);
#5599=ADVANCED_FACE('',(#5598),#5573,.F.);
#5607=EDGE_CURVE('',#4805,#4712,#1939,.T.);
#5609=EDGE_CURVE('',#4807,#4805,#2365,.T.);
#5611=EDGE_CURVE('',#4787,#4807,#2357,.T.);
#5616=ADVANCED_FACE('',(#5615),#5604,.T.);
#5622=EDGE_CURVE('',#4751,#4710,#1970,.T.);
#5625=EDGE_CURVE('',#4749,#4809,#1871,.T.);
#5627=EDGE_CURVE('',#4809,#4811,#1879,.T.);
#5629=EDGE_CURVE('',#4811,#4813,#1887,.T.);
#5631=EDGE_CURVE('',#4813,#4815,#1894,.T.);
#5633=EDGE_CURVE('',#4815,#4817,#1901,.T.);
#5635=EDGE_CURVE('',#4817,#4819,#1908,.T.);
#5637=EDGE_CURVE('',#4819,#4821,#1915,.T.);
#5639=EDGE_CURVE('',#4821,#4823,#1923,.T.);
#5641=EDGE_CURVE('',#4823,#4805,#1931,.T.);
#5647=ADVANCED_FACE('',(#5646),#5621,.F.);
#5653=EDGE_CURVE('',#4824,#4752,#1949,.T.);
#5658=EDGE_CURVE('',#4824,#4709,#2033,.T.);
#5662=ADVANCED_FACE('',(#5661),#5652,.F.);
#5670=EDGE_CURVE('',#4707,#4824,#2026,.T.);
#5673=EDGE_CURVE('',#4706,#4753,#2019,.T.);
#5677=ADVANCED_FACE('',(#5676),#5667,.F.);
#5688=ADVANCED_FACE('',(#5687),#5682,.T.);
#5696=EDGE_CURVE('',#4704,#4826,#2049,.T.);
#5698=EDGE_CURVE('',#4826,#4828,#2057,.T.);
#5700=EDGE_CURVE('',#4828,#4830,#2065,.T.);
#5702=EDGE_CURVE('',#4830,#4832,#2072,.T.);
#5704=EDGE_CURVE('',#4832,#4834,#2079,.T.);
#5706=EDGE_CURVE('',#4834,#4659,#2086,.T.);
#5709=EDGE_CURVE('',#4657,#4836,#2101,.T.);
#5711=EDGE_CURVE('',#4836,#4838,#2109,.T.);
#5713=EDGE_CURVE('',#4838,#4755,#2117,.T.);
#5718=ADVANCED_FACE('',(#5717),#5693,.F.);
#5725=EDGE_CURVE('',#4826,#4674,#2161,.T.);
#5731=ADVANCED_FACE('',(#5730),#5723,.T.);
#5739=EDGE_CURVE('',#4672,#4830,#2153,.T.);
#5746=ADVANCED_FACE('',(#5745),#5736,.F.);
#5753=EDGE_CURVE('',#4832,#4671,#2189,.T.);
#5759=ADVANCED_FACE('',(#5758),#5751,.T.);
#5766=EDGE_CURVE('',#4834,#4670,#2207,.T.);
#5772=ADVANCED_FACE('',(#5771),#5764,.T.);
#5784=ADVANCED_FACE('',(#5783),#5777,.F.);
#5792=EDGE_CURVE('',#4838,#4668,#2253,.T.);
#5799=ADVANCED_FACE('',(#5798),#5789,.T.);
#5811=ADVANCED_FACE('',(#5810),#5804,.F.);
#5817=EDGE_CURVE('',#4803,#4840,#2261,.T.);
#5819=EDGE_CURVE('',#4840,#4809,#2269,.T.);
#5827=ADVANCED_FACE('',(#5826),#5816,.F.);
#5833=EDGE_CURVE('',#4799,#4842,#2293,.T.);
#5835=EDGE_CURVE('',#4842,#4813,#2301,.T.);
#5845=ADVANCED_FACE('',(#5844),#5832,.T.);
#5851=EDGE_CURVE('',#4844,#4797,#2333,.T.);
#5853=EDGE_CURVE('',#4815,#4844,#2325,.T.);
#5861=ADVANCED_FACE('',(#5860),#5850,.F.);
#5867=EDGE_CURVE('',#4795,#4846,#2309,.T.);
#5869=EDGE_CURVE('',#4846,#4817,#2317,.T.);
#5877=ADVANCED_FACE('',(#5876),#5866,.F.);
#5883=EDGE_CURVE('',#4793,#4848,#2341,.T.);
#5885=EDGE_CURVE('',#4848,#4819,#2349,.T.);
#5893=ADVANCED_FACE('',(#5892),#5882,.T.);
#5899=EDGE_CURVE('',#4850,#4791,#2381,.T.);
#5901=EDGE_CURVE('',#4821,#4850,#2373,.T.);
#5909=ADVANCED_FACE('',(#5908),#5898,.T.);
#5925=ADVANCED_FACE('',(#5924),#5914,.F.);
#5934=EDGE_CURVE('',#4765,#4852,#2404,.T.);
#5936=EDGE_CURVE('',#4852,#4763,#2411,.T.);
#5940=EDGE_CURVE('',#4759,#4854,#2434,.T.);
#5942=EDGE_CURVE('',#4854,#4757,#2441,.T.);
#5947=EDGE_CURVE('',#4856,#4702,#4216,.T.);
#5949=EDGE_CURVE('',#4858,#4856,#4183,.T.);
#5951=EDGE_CURVE('',#4860,#4858,#4002,.T.);
#5953=EDGE_CURVE('',#4861,#4860,#3903,.T.);
#5955=EDGE_CURVE('',#4863,#4861,#3083,.T.);
#5957=EDGE_CURVE('',#4865,#4863,#3595,.T.);
#5959=EDGE_CURVE('',#4865,#4867,#2471,.T.);
#5961=EDGE_CURVE('',#4869,#4867,#3243,.T.);
#5963=EDGE_CURVE('',#4871,#4869,#3157,.T.);
#5965=EDGE_CURVE('',#4872,#4871,#3009,.T.);
#5967=EDGE_CURVE('',#4874,#4872,#2828,.T.);
#5969=EDGE_CURVE('',#4876,#4874,#2779,.T.);
#5971=EDGE_CURVE('',#4876,#4680,#2478,.T.);
#5975=ADVANCED_FACE('',(#5974),#5930,.F.);
#5981=EDGE_CURVE('',#4879,#4880,#2486,.T.);
#5983=EDGE_CURVE('',#4880,#4882,#2493,.T.);
#5985=EDGE_CURVE('',#4852,#4882,#4536,.T.);
#5988=EDGE_CURVE('',#4765,#4687,#2500,.T.);
#5990=EDGE_CURVE('',#4884,#4687,#2592,.T.);
#5992=EDGE_CURVE('',#4884,#4886,#2508,.T.);
#5994=EDGE_CURVE('',#4886,#4888,#2515,.T.);
#5996=EDGE_CURVE('',#4890,#4888,#2543,.T.);
#5998=EDGE_CURVE('',#4879,#4890,#2536,.T.);
#6002=ADVANCED_FACE('',(#6001),#5980,.T.);
#6009=EDGE_CURVE('',#4879,#4892,#2522,.T.);
#6011=EDGE_CURVE('',#4894,#4892,#2623,.T.);
#6013=EDGE_CURVE('',#4894,#4880,#2529,.T.);
#6017=ADVANCED_FACE('',(#6016),#6007,.T.);
#6025=EDGE_CURVE('',#4896,#4890,#2564,.T.);
#6027=EDGE_CURVE('',#4892,#4896,#2630,.T.);
#6031=ADVANCED_FACE('',(#6030),#6022,.T.);
#6038=EDGE_CURVE('',#4888,#4898,#2550,.T.);
#6040=EDGE_CURVE('',#4898,#4896,#2557,.T.);
#6045=ADVANCED_FACE('',(#6044),#6036,.F.);
#6051=EDGE_CURVE('',#4900,#4886,#2578,.T.);
#6053=EDGE_CURVE('',#4900,#4898,#2571,.T.);
#6059=ADVANCED_FACE('',(#6058),#6050,.T.);
#6067=EDGE_CURVE('',#4685,#4884,#2585,.T.);
#6070=EDGE_CURVE('',#4902,#4684,#2607,.T.);
#6072=EDGE_CURVE('',#4900,#4902,#2638,.T.);
#6076=ADVANCED_FACE('',(#6075),#6064,.F.);
#6087=ADVANCED_FACE('',(#6086),#6081,.F.);
#6095=EDGE_CURVE('',#4902,#4682,#2645,.T.);
#6099=ADVANCED_FACE('',(#6098),#6092,.F.);
#6111=EDGE_CURVE('',#4682,#4904,#2652,.T.);
#6113=EDGE_CURVE('',#4906,#4904,#4587,.T.);
#6115=EDGE_CURVE('',#4894,#4906,#3882,.T.);
#6119=ADVANCED_FACE('',(#6118),#6104,.T.);
#6126=EDGE_CURVE('',#4908,#4680,#2689,.T.);
#6128=EDGE_CURVE('',#4904,#4908,#4594,.T.);
#6133=ADVANCED_FACE('',(#6132),#6124,.T.);
#6139=EDGE_CURVE('',#4911,#4912,#2668,.T.);
#6141=EDGE_CURVE('',#4912,#4914,#2675,.T.);
#6143=EDGE_CURVE('',#4914,#4908,#2682,.T.);
#6147=EDGE_CURVE('',#4911,#4876,#2718,.T.);
#6151=ADVANCED_FACE('',(#6150),#6138,.F.);
#6158=EDGE_CURVE('',#4911,#4915,#2697,.T.);
#6160=EDGE_CURVE('',#4915,#4917,#2704,.T.);
#6162=EDGE_CURVE('',#4919,#4917,#2851,.T.);
#6164=EDGE_CURVE('',#4919,#4912,#2711,.T.);
#6168=ADVANCED_FACE('',(#6167),#6156,.T.);
#6174=EDGE_CURVE('',#4920,#4921,#2729,.T.);
#6176=EDGE_CURVE('',#4915,#4920,#4650,.T.);
#6180=EDGE_CURVE('',#4922,#4876,#2797,.T.);
#6182=EDGE_CURVE('',#4921,#4922,#2765,.T.);
#6186=ADVANCED_FACE('',(#6185),#6173,.T.);
#6193=EDGE_CURVE('',#4921,#4924,#2736,.T.);
#6195=EDGE_CURVE('',#4924,#4925,#2744,.T.);
#6197=EDGE_CURVE('',#4925,#4927,#2751,.T.);
#6199=EDGE_CURVE('',#4929,#4927,#2866,.T.);
#6201=EDGE_CURVE('',#4929,#4920,#2758,.T.);
#6205=ADVANCED_FACE('',(#6204),#6191,.T.);
#6213=EDGE_CURVE('',#4931,#4922,#2786,.T.);
#6215=EDGE_CURVE('',#4931,#4933,#2772,.T.);
#6217=EDGE_CURVE('',#4935,#4933,#2915,.T.);
#6219=EDGE_CURVE('',#4924,#4935,#2908,.T.);
#6223=ADVANCED_FACE('',(#6222),#6210,.F.);
#6230=EDGE_CURVE('',#4931,#4874,#2821,.T.);
#6236=ADVANCED_FACE('',(#6235),#6228,.F.);
#6242=EDGE_CURVE('',#4938,#4939,#2880,.T.);
#6244=EDGE_CURVE('',#4938,#4941,#2805,.T.);
#6246=EDGE_CURVE('',#4943,#4941,#2947,.T.);
#6248=EDGE_CURVE('',#4943,#4933,#2813,.T.);
#6253=EDGE_CURVE('',#4872,#4945,#2836,.T.);
#6255=EDGE_CURVE('',#4945,#4919,#2843,.T.);
#6258=EDGE_CURVE('',#4917,#4929,#2858,.T.);
#6261=EDGE_CURVE('',#4927,#4939,#2873,.T.);
#6265=ADVANCED_FACE('',(#6264),#6241,.T.);
#6272=EDGE_CURVE('',#4947,#4939,#2894,.T.);
#6274=EDGE_CURVE('',#4947,#4949,#2887,.T.);
#6276=EDGE_CURVE('',#4938,#4949,#2954,.T.);
#6280=ADVANCED_FACE('',(#6279),#6270,.F.);
#6289=EDGE_CURVE('',#4925,#4947,#2901,.T.);
#6293=ADVANCED_FACE('',(#6292),#6285,.T.);
#6303=EDGE_CURVE('',#4950,#4935,#2933,.T.);
#6305=EDGE_CURVE('',#4952,#4950,#2940,.T.);
#6307=EDGE_CURVE('',#4949,#4952,#2962,.T.);
#6311=ADVANCED_FACE('',(#6310),#6298,.T.);
#6319=EDGE_CURVE('',#4943,#4950,#2922,.T.);
#6324=ADVANCED_FACE('',(#6323),#6316,.F.);
#6330=EDGE_CURVE('',#4952,#4941,#2969,.T.);
#6337=ADVANCED_FACE('',(#6336),#6329,.F.);
#6349=ADVANCED_FACE('',(#6348),#6342,.F.);
#6355=EDGE_CURVE('',#4871,#4954,#2977,.T.);
#6357=EDGE_CURVE('',#4954,#4956,#2985,.T.);
#6359=EDGE_CURVE('',#4957,#4956,#3853,.T.);
#6361=EDGE_CURVE('',#4957,#4945,#2995,.T.);
#6367=ADVANCED_FACE('',(#6366),#6354,.F.);
#6375=EDGE_CURVE('',#4959,#4871,#3150,.T.);
#6377=EDGE_CURVE('',#4959,#4961,#3016,.T.);
#6379=EDGE_CURVE('',#4961,#4963,#3023,.T.);
#6381=EDGE_CURVE('',#4963,#4965,#3030,.T.);
#6383=EDGE_CURVE('',#4967,#4965,#3265,.T.);
#6385=EDGE_CURVE('',#4967,#4956,#3037,.T.);
#6389=ADVANCED_FACE('',(#6388),#6372,.T.);
#6395=EDGE_CURVE('',#4970,#4971,#3045,.T.);
#6397=EDGE_CURVE('',#4971,#4973,#3053,.T.);
#6399=EDGE_CURVE('',#4973,#4975,#3060,.T.);
#6401=EDGE_CURVE('',#4975,#4977,#3068,.T.);
#6403=EDGE_CURVE('',#4979,#4977,#3609,.T.);
#6405=EDGE_CURVE('',#4979,#4863,#3076,.T.);
#6408=EDGE_CURVE('',#4861,#4981,#3091,.T.);
#6410=EDGE_CURVE('',#4981,#4983,#3098,.T.);
#6412=EDGE_CURVE('',#4983,#4985,#3106,.T.);
#6414=EDGE_CURVE('',#4985,#4987,#3113,.T.);
#6416=EDGE_CURVE('',#4987,#4989,#3120,.T.);
#6418=EDGE_CURVE('',#4989,#4991,#3127,.T.);
#6420=EDGE_CURVE('',#4991,#4993,#3134,.T.);
#6422=EDGE_CURVE('',#4993,#4995,#3142,.T.);
#6424=EDGE_CURVE('',#4959,#4995,#3755,.T.);
#6428=EDGE_CURVE('',#4869,#4997,#3165,.T.);
#6430=EDGE_CURVE('',#4997,#4999,#3172,.T.);
#6432=EDGE_CURVE('',#4999,#5001,#3180,.T.);
#6434=EDGE_CURVE('',#5001,#4970,#3187,.T.);
#6438=ADVANCED_FACE('',(#6437),#6394,.T.);
#6446=EDGE_CURVE('',#4970,#5003,#3194,.T.);
#6448=EDGE_CURVE('',#5005,#5003,#3639,.T.);
#6450=EDGE_CURVE('',#5007,#5005,#3631,.T.);
#6452=EDGE_CURVE('',#5007,#4973,#3201,.T.);
#6456=ADVANCED_FACE('',(#6455),#6443,.F.);
#6464=EDGE_CURVE('',#5009,#5001,#3215,.T.);
#6466=EDGE_CURVE('',#5003,#5009,#3646,.T.);
#6470=ADVANCED_FACE('',(#6469),#6461,.F.);
#6476=EDGE_CURVE('',#4999,#5011,#3208,.T.);
#6478=EDGE_CURVE('',#5009,#5011,#3654,.T.);
#6484=ADVANCED_FACE('',(#6483),#6475,.F.);
#6492=EDGE_CURVE('',#5013,#4997,#3236,.T.);
#6494=EDGE_CURVE('',#5011,#5013,#3661,.T.);
#6498=ADVANCED_FACE('',(#6497),#6489,.T.);
#6504=EDGE_CURVE('',#5016,#5017,#3222,.T.);
#6506=EDGE_CURVE('',#5017,#5013,#3229,.T.);
#6511=EDGE_CURVE('',#5016,#4867,#3384,.T.);
#6515=ADVANCED_FACE('',(#6514),#6503,.F.);
#6521=EDGE_CURVE('',#5020,#5021,#3250,.T.);
#6523=EDGE_CURVE('',#5017,#5020,#3510,.T.);
#6526=EDGE_CURVE('',#5021,#5016,#3376,.T.);
#6530=ADVANCED_FACE('',(#6529),#6520,.T.);
#6537=EDGE_CURVE('',#5023,#5021,#3369,.T.);
#6539=EDGE_CURVE('',#5023,#5025,#3257,.T.);
#6541=EDGE_CURVE('',#5020,#5025,#3518,.T.);
#6545=ADVANCED_FACE('',(#6544),#6535,.F.);
#6552=EDGE_CURVE('',#4965,#5027,#3272,.T.);
#6554=EDGE_CURVE('',#5027,#5029,#3280,.T.);
#6556=EDGE_CURVE('',#5029,#5031,#3287,.T.);
#6558=EDGE_CURVE('',#5031,#5033,#3294,.T.);
#6560=EDGE_CURVE('',#5033,#5035,#3301,.T.);
#6562=EDGE_CURVE('',#5035,#5037,#3308,.T.);
#6564=EDGE_CURVE('',#5037,#5039,#3316,.T.);
#6566=EDGE_CURVE('',#5039,#5041,#3323,.T.);
#6568=EDGE_CURVE('',#5041,#5043,#3331,.T.);
#6570=EDGE_CURVE('',#5043,#4967,#3338,.T.);
#6574=EDGE_CURVE('',#5046,#5047,#3346,.T.);
#6576=EDGE_CURVE('',#5047,#5049,#3354,.T.);
#6578=EDGE_CURVE('',#5049,#5023,#3361,.T.);
#6584=EDGE_CURVE('',#4865,#5051,#3392,.T.);
#6586=EDGE_CURVE('',#5053,#5051,#3560,.T.);
#6588=EDGE_CURVE('',#5053,#5055,#3400,.T.);
#6590=EDGE_CURVE('',#5055,#5046,#3407,.T.);
#6594=ADVANCED_FACE('',(#6573,#6593),#6550,.T.);
#6601=EDGE_CURVE('',#4963,#5057,#3414,.T.);
#6603=EDGE_CURVE('',#5027,#5057,#4636,.T.);
#6608=ADVANCED_FACE('',(#6607),#6599,.T.);
#6614=EDGE_CURVE('',#5060,#5061,#3422,.T.);
#6616=EDGE_CURVE('',#5061,#5063,#3430,.T.);
#6618=EDGE_CURVE('',#5063,#5065,#3437,.T.);
#6620=EDGE_CURVE('',#5065,#5067,#3445,.T.);
#6622=EDGE_CURVE('',#5069,#5067,#3567,.T.);
#6624=EDGE_CURVE('',#5069,#5071,#3452,.T.);
#6626=EDGE_CURVE('',#5071,#5073,#3459,.T.);
#6628=EDGE_CURVE('',#5073,#5075,#3467,.T.);
#6630=EDGE_CURVE('',#5075,#5077,#3474,.T.);
#6632=EDGE_CURVE('',#5077,#5079,#3481,.T.);
#6634=EDGE_CURVE('',#5079,#5081,#3488,.T.);
#6636=EDGE_CURVE('',#5081,#5083,#3495,.T.);
#6638=EDGE_CURVE('',#5083,#5057,#3503,.T.);
#6641=EDGE_CURVE('',#5017,#4963,#3748,.T.);
#6645=EDGE_CURVE('',#5025,#5060,#3525,.T.);
#6649=ADVANCED_FACE('',(#6648),#6613,.T.);
#6657=EDGE_CURVE('',#5060,#5049,#3532,.T.);
#6661=EDGE_CURVE('',#5046,#5063,#3539,.T.);
#6665=ADVANCED_FACE('',(#6664),#6654,.F.);
#6677=ADVANCED_FACE('',(#6676),#6670,.F.);
#6685=EDGE_CURVE('',#5065,#5055,#3553,.T.);
#6690=ADVANCED_FACE('',(#6689),#6682,.T.);
#6696=EDGE_CURVE('',#5053,#5067,#3546,.T.);
#6703=ADVANCED_FACE('',(#6702),#6695,.F.);
#6711=EDGE_CURVE('',#5069,#5051,#3588,.T.);
#6716=ADVANCED_FACE('',(#6715),#6708,.F.);
#6722=EDGE_CURVE('',#4979,#5085,#3574,.T.);
#6724=EDGE_CURVE('',#5085,#5069,#3581,.T.);
#6732=ADVANCED_FACE('',(#6731),#6721,.F.);
#6738=EDGE_CURVE('',#5087,#4977,#3616,.T.);
#6740=EDGE_CURVE('',#5087,#5085,#3602,.T.);
#6746=ADVANCED_FACE('',(#6745),#6737,.F.);
#6754=EDGE_CURVE('',#4975,#5089,#3623,.T.);
#6756=EDGE_CURVE('',#5087,#5089,#3727,.T.);
#6760=ADVANCED_FACE('',(#6759),#6751,.F.);
#6767=EDGE_CURVE('',#5089,#5007,#3734,.T.);
#6773=ADVANCED_FACE('',(#6772),#6765,.T.);
#6784=EDGE_CURVE('',#4961,#5013,#3741,.T.);
#6786=EDGE_CURVE('',#5091,#4961,#3762,.T.);
#6788=EDGE_CURVE('',#5091,#5093,#3669,.T.);
#6790=EDGE_CURVE('',#5093,#5095,#3676,.T.);
#6792=EDGE_CURVE('',#5095,#5097,#3683,.T.);
#6794=EDGE_CURVE('',#5097,#5099,#3690,.T.);
#6796=EDGE_CURVE('',#5099,#5101,#3697,.T.);
#6798=EDGE_CURVE('',#5101,#5103,#3705,.T.);
#6800=EDGE_CURVE('',#5103,#5105,#3712,.T.);
#6802=EDGE_CURVE('',#5105,#5085,#3719,.T.);
#6809=ADVANCED_FACE('',(#6808),#6778,.T.);
#6821=ADVANCED_FACE('',(#6820),#6814,.F.);
#6829=EDGE_CURVE('',#5091,#4995,#3776,.T.);
#6834=ADVANCED_FACE('',(#6833),#6826,.T.);
#6840=EDGE_CURVE('',#4993,#5093,#3769,.T.);
#6847=ADVANCED_FACE('',(#6846),#6839,.T.);
#6855=EDGE_CURVE('',#5095,#4991,#3790,.T.);
#6860=ADVANCED_FACE('',(#6859),#6852,.F.);
#6866=EDGE_CURVE('',#4989,#5097,#3783,.T.);
#6873=ADVANCED_FACE('',(#6872),#6865,.F.);
#6881=EDGE_CURVE('',#5099,#4987,#3797,.T.);
#6886=ADVANCED_FACE('',(#6885),#6878,.T.);
#6892=EDGE_CURVE('',#5101,#4985,#3811,.T.);
#6899=ADVANCED_FACE('',(#6898),#6891,.T.);
#6906=EDGE_CURVE('',#4983,#5103,#3804,.T.);
#6912=ADVANCED_FACE('',(#6911),#6904,.T.);
#6918=EDGE_CURVE('',#5105,#4981,#3839,.T.);
#6925=ADVANCED_FACE('',(#6924),#6917,.T.);
#6931=EDGE_CURVE('',#5107,#5043,#3818,.T.);
#6934=EDGE_CURVE('',#5041,#5071,#3825,.T.);
#6936=EDGE_CURVE('',#5071,#5105,#3832,.T.);
#6940=EDGE_CURVE('',#5109,#4861,#3943,.T.);
#6942=EDGE_CURVE('',#5107,#5109,#3935,.T.);
#6946=ADVANCED_FACE('',(#6945),#6930,.T.);
#6958=EDGE_CURVE('',#5110,#5107,#3927,.T.);
#6960=EDGE_CURVE('',#5111,#5110,#3913,.T.);
#6962=EDGE_CURVE('',#5113,#5111,#3987,.T.);
#6964=EDGE_CURVE('',#5115,#5113,#4245,.T.);
#6966=EDGE_CURVE('',#5115,#5117,#3860,.T.);
#6968=EDGE_CURVE('',#5117,#5119,#3867,.T.);
#6970=EDGE_CURVE('',#5121,#5119,#4275,.T.);
#6972=EDGE_CURVE('',#5123,#5121,#4325,.T.);
#6974=EDGE_CURVE('',#5125,#5123,#4455,.T.);
#6976=EDGE_CURVE('',#5127,#5125,#4478,.T.);
#6978=EDGE_CURVE('',#5127,#5129,#3875,.T.);
#6980=EDGE_CURVE('',#4882,#5129,#4543,.T.);
#6985=EDGE_CURVE('',#4906,#4914,#3889,.T.);
#6991=ADVANCED_FACE('',(#6990),#6951,.F.);
#6998=EDGE_CURVE('',#5111,#4860,#3995,.T.);
#7006=ADVANCED_FACE('',(#7005),#6996,.F.);
#7012=EDGE_CURVE('',#5132,#5133,#3950,.T.);
#7014=EDGE_CURVE('',#5133,#5135,#3957,.T.);
#7016=EDGE_CURVE('',#5135,#5137,#3965,.T.);
#7018=EDGE_CURVE('',#5137,#5139,#3972,.T.);
#7020=EDGE_CURVE('',#5139,#5113,#3980,.T.);
#7025=EDGE_CURVE('',#4858,#5141,#4010,.T.);
#7027=EDGE_CURVE('',#5141,#5143,#4017,.T.);
#7029=EDGE_CURVE('',#5143,#5145,#4025,.T.);
#7031=EDGE_CURVE('',#5145,#5147,#4032,.T.);
#7033=EDGE_CURVE('',#5147,#5132,#4040,.T.);
#7037=ADVANCED_FACE('',(#7036),#7011,.T.);
#7043=EDGE_CURVE('',#5149,#5132,#4054,.T.);
#7045=EDGE_CURVE('',#5151,#5149,#4162,.T.);
#7047=EDGE_CURVE('',#5151,#5133,#4047,.T.);
#7052=ADVANCED_FACE('',(#7051),#7042,.F.);
#7060=EDGE_CURVE('',#5147,#5153,#4061,.T.);
#7062=EDGE_CURVE('',#5153,#5149,#4069,.T.);
#7066=ADVANCED_FACE('',(#7065),#7057,.F.);
#7074=EDGE_CURVE('',#5155,#5145,#4101,.T.);
#7076=EDGE_CURVE('',#5155,#5153,#4076,.T.);
#7080=ADVANCED_FACE('',(#7079),#7071,.T.);
#7086=EDGE_CURVE('',#5143,#5157,#4083,.T.);
#7088=EDGE_CURVE('',#5157,#5155,#4094,.T.);
#7094=ADVANCED_FACE('',(#7093),#7085,.F.);
#7100=EDGE_CURVE('',#5160,#5161,#4130,.T.);
#7102=EDGE_CURVE('',#5157,#5160,#4169,.T.);
#7106=EDGE_CURVE('',#5163,#5141,#4201,.T.);
#7108=EDGE_CURVE('',#5163,#5161,#4108,.T.);
#7112=ADVANCED_FACE('',(#7111),#7099,.T.);
#7119=EDGE_CURVE('',#5135,#5165,#4115,.T.);
#7121=EDGE_CURVE('',#5165,#5160,#4123,.T.);
#7124=EDGE_CURVE('',#5161,#5166,#4141,.T.);
#7126=EDGE_CURVE('',#5166,#5137,#4148,.T.);
#7130=ADVANCED_FACE('',(#7129),#7117,.T.);
#7137=EDGE_CURVE('',#5151,#5165,#4155,.T.);
#7143=ADVANCED_FACE('',(#7142),#7135,.F.);
#7158=ADVANCED_FACE('',(#7157),#7148,.F.);
#7166=EDGE_CURVE('',#4856,#5163,#4194,.T.);
#7168=EDGE_CURVE('',#4856,#5168,#4176,.T.);
#7170=EDGE_CURVE('',#5169,#5168,#4238,.T.);
#7172=EDGE_CURVE('',#5166,#5169,#4252,.T.);
#7176=ADVANCED_FACE('',(#7175),#7163,.F.);
#7188=ADVANCED_FACE('',(#7187),#7181,.F.);
#7194=EDGE_CURVE('',#5115,#5168,#4209,.T.);
#7198=EDGE_CURVE('',#4702,#5171,#4223,.T.);
#7200=EDGE_CURVE('',#5117,#5171,#4573,.T.);
#7205=ADVANCED_FACE('',(#7204),#7193,.F.);
#7212=EDGE_CURVE('',#5139,#5169,#4230,.T.);
#7219=ADVANCED_FACE('',(#7218),#7210,.T.);
#7231=ADVANCED_FACE('',(#7230),#7224,.F.);
#7238=EDGE_CURVE('',#5173,#4700,#4289,.T.);
#7240=EDGE_CURVE('',#5171,#5173,#4580,.T.);
#7245=ADVANCED_FACE('',(#7244),#7236,.T.);
#7251=EDGE_CURVE('',#5175,#5121,#4268,.T.);
#7254=EDGE_CURVE('',#5119,#5173,#4282,.T.);
#7257=EDGE_CURVE('',#5177,#4700,#4388,.T.);
#7259=EDGE_CURVE('',#5177,#5179,#4297,.T.);
#7261=EDGE_CURVE('',#5179,#5181,#4304,.T.);
#7263=EDGE_CURVE('',#5183,#5181,#4346,.T.);
#7265=EDGE_CURVE('',#5183,#5175,#4311,.T.);
#7269=ADVANCED_FACE('',(#7268),#7250,.T.);
#7276=EDGE_CURVE('',#5175,#5185,#4318,.T.);
#7278=EDGE_CURVE('',#5123,#5185,#4426,.T.);
#7283=ADVANCED_FACE('',(#7282),#7274,.T.);
#7291=EDGE_CURVE('',#5187,#5183,#4339,.T.);
#7293=EDGE_CURVE('',#5187,#5185,#4332,.T.);
#7297=ADVANCED_FACE('',(#7296),#7288,.T.);
#7305=EDGE_CURVE('',#5181,#5189,#4353,.T.);
#7307=EDGE_CURVE('',#5189,#5187,#4360,.T.);
#7311=ADVANCED_FACE('',(#7310),#7302,.F.);
#7317=EDGE_CURVE('',#5191,#5179,#4374,.T.);
#7319=EDGE_CURVE('',#5191,#5189,#4367,.T.);
#7325=ADVANCED_FACE('',(#7324),#7316,.T.);
#7333=EDGE_CURVE('',#4698,#5177,#4381,.T.);
#7336=EDGE_CURVE('',#5193,#4697,#4403,.T.);
#7338=EDGE_CURVE('',#5191,#5193,#4434,.T.);
#7342=ADVANCED_FACE('',(#7341),#7330,.F.);
#7353=ADVANCED_FACE('',(#7352),#7347,.F.);
#7361=EDGE_CURVE('',#4695,#5193,#4418,.T.);
#7365=ADVANCED_FACE('',(#7364),#7358,.F.);
#7377=EDGE_CURVE('',#4695,#4757,#4441,.T.);
#7380=EDGE_CURVE('',#4854,#5125,#4448,.T.);
#7385=ADVANCED_FACE('',(#7384),#7370,.T.);
#7391=EDGE_CURVE('',#4759,#4693,#4485,.T.);
#7398=ADVANCED_FACE('',(#7397),#7390,.T.);
#7404=EDGE_CURVE('',#5127,#4693,#4529,.T.);
#7412=ADVANCED_FACE('',(#7411),#7403,.T.);
#7420=EDGE_CURVE('',#4689,#5129,#4515,.T.);
#7426=ADVANCED_FACE('',(#7425),#7417,.T.);
#7433=EDGE_CURVE('',#4763,#4689,#4550,.T.);
#7440=ADVANCED_FACE('',(#7439),#7431,.T.);
#7452=ADVANCED_FACE('',(#7451),#7445,.T.);
#7464=ADVANCED_FACE('',(#7463),#7457,.F.);
#7476=ADVANCED_FACE('',(#7475),#7469,.F.);
#7484=EDGE_CURVE('',#5073,#5039,#4608,.T.);
#7489=ADVANCED_FACE('',(#7488),#7481,.T.);
#7496=EDGE_CURVE('',#5037,#5075,#4601,.T.);
#7502=ADVANCED_FACE('',(#7501),#7494,.T.);
#7510=EDGE_CURVE('',#5035,#5077,#4615,.T.);
#7515=ADVANCED_FACE('',(#7514),#7507,.T.);
#7521=EDGE_CURVE('',#5079,#5033,#4622,.T.);
#7528=ADVANCED_FACE('',(#7527),#7520,.T.);
#7536=EDGE_CURVE('',#5031,#5081,#4629,.T.);
#7541=ADVANCED_FACE('',(#7540),#7533,.F.);
#7547=EDGE_CURVE('',#5083,#5029,#4643,.T.);
#7554=ADVANCED_FACE('',(#7553),#7546,.F.);
#7566=ADVANCED_FACE('',(#7565),#7559,.T.);
#7578=ADVANCED_FACE('',(#7577),#7571,.T.);
#7590=ADVANCED_FACE('',(#7589),#7583,.F.);
#7599=(LENGTH_UNIT()NAMED_UNIT(*)SI_UNIT(.MILLI.,.METRE.));
#7600=(NAMED_UNIT(*)PLANE_ANGLE_UNIT()SI_UNIT($,.RADIAN.));
#7603=(NAMED_UNIT(*)SI_UNIT($,.STERADIAN.)SOLID_ANGLE_UNIT());
#7605=(GEOMETRIC_REPRESENTATION_CONTEXT(3)GLOBAL_UNCERTAINTY_ASSIGNED_CONTEXT((
#7604))GLOBAL_UNIT_ASSIGNED_CONTEXT((#7599,#7602,#7603))REPRESENTATION_CONTEXT(
'ID3','3'));
#7609=AXIS2_PLACEMENT_3D('',#7606,#7607,#7608);
#7610=ADVANCED_BREP_SHAPE_REPRESENTATION('',(#7609,#7592),#7605);
#7615=PRODUCT_DEFINITION('part definition','',#7614,#7611);
#7616=PRODUCT_DEFINITION_SHAPE('','SHAPE FOR RF-113-1_1_1_1_1_1.',#7615);
#7617=SHAPE_ASPECT('','solid data associated with RF-113-1_1_1_1_1_1',#7616,
.F.);
#7618=PROPERTY_DEFINITION('',
'shape for solid data with which properties are associated',#7617);
#7619=SHAPE_REPRESENTATION('',(#7592),#7605);
#7620=SHAPE_DEFINITION_REPRESENTATION(#7618,#7619);
#7621=(LENGTH_UNIT()NAMED_UNIT(*)SI_UNIT(.MILLI.,.METRE.));
#7625=PROPERTY_DEFINITION('geometric validation property',
'area of RF-113-1_1_1_1_1_1',#7617);
#7626=REPRESENTATION('surface area',(#7624),#7605);
#7627=PROPERTY_DEFINITION_REPRESENTATION(#7625,#7626);
#7628=(LENGTH_UNIT()NAMED_UNIT(*)SI_UNIT(.MILLI.,.METRE.));
#7632=PROPERTY_DEFINITION('geometric validation property',
'volume of RF-113-1_1_1_1_1_1',#7617);
#7633=REPRESENTATION('volume',(#7631),#7605);
#7634=PROPERTY_DEFINITION_REPRESENTATION(#7632,#7633);
#7636=PROPERTY_DEFINITION('geometric validation property',
'centroid of RF-113-1_1_1_1_1_1',#7617);
#7637=REPRESENTATION('centroid',(#7635),#7605);
#7638=PROPERTY_DEFINITION_REPRESENTATION(#7636,#7637);
#7639=(LENGTH_UNIT()NAMED_UNIT(*)SI_UNIT(.MILLI.,.METRE.));
#7643=PROPERTY_DEFINITION('geometric validation property',
'area of RF-113-1_1_1_1_1_1',#7616);
#7644=REPRESENTATION('surface area',(#7642),#7605);
#7645=PROPERTY_DEFINITION_REPRESENTATION(#7643,#7644);
#7646=(LENGTH_UNIT()NAMED_UNIT(*)SI_UNIT(.MILLI.,.METRE.));
#7650=PROPERTY_DEFINITION('geometric validation property',
'volume of RF-113-1_1_1_1_1_1',#7616);
#7651=REPRESENTATION('volume',(#7649),#7605);
#7652=PROPERTY_DEFINITION_REPRESENTATION(#7650,#7651);
#7654=PROPERTY_DEFINITION('geometric validation property',
'centroid of RF-113-1_1_1_1_1_1',#7616);
#7655=REPRESENTATION('centroid',(#7653),#7605);
#7656=PROPERTY_DEFINITION_REPRESENTATION(#7654,#7655);
#7657=SHAPE_DEFINITION_REPRESENTATION(#7616,#7610);
#7658=SHAPE_DEFINITION_REPRESENTATION(#7659,#7660);
#7659=PRODUCT_DEFINITION_SHAPE('','SHAPE FOR RF-1_ASM_1_1_ASM_2_ASM_1_1_ASM.',
#11717);
#7660=SHAPE_REPRESENTATION('',(#7675,#7670,#8585,#8580,#10670,#10665,#10858,
#10853,#11139,#11134,#11419,#11414,#11700,#11695,#11713),#11709);
#7661=NEXT_ASSEMBLY_USAGE_OCCURRENCE('25','Next assembly relationship',
'IPEX-113-1',#11717,#7615,$);
#7662=PRODUCT_DEFINITION_SHAPE('Placement #25',
'Placement of RF-113-1_1_1_1_1_1 with respect to RF-1_ASM_1_1_ASM_2_ASM_1_1_ASM'
,#7661);
#7664=PROPERTY_DEFINITION('geometric validation property',
'centroid of IPEX-113-1',#7662);
#7665=REPRESENTATION('centroid',(#7663),#7605);
#7666=PROPERTY_DEFINITION_REPRESENTATION(#7664,#7665);
#7675=AXIS2_PLACEMENT_3D('',#7672,#7673,#7674);
#7678=COLOUR_RGB('',5.88235E-1,5.88235E-1,5.88235E-1);
#7684=CIRCLE('',#7683,1.076923076923E0);
#7692=CIRCLE('',#7691,1.076923076923E0);
#7714=CIRCLE('',#7713,8.124230703873E-1);
#7729=CIRCLE('',#7728,1.076923076923E0);
#7737=CIRCLE('',#7736,1.076923076923E0);
#7752=CIRCLE('',#7751,8.124230703873E-1);
#7767=CIRCLE('',#7766,5.115384615383E-1);
#7775=CIRCLE('',#7774,5.115384615383E-1);
#7829=B_SPLINE_CURVE_WITH_KNOTS('',3,(#7807,#7808,#7809,#7810,#7811,#7812,#7813,
#7814,#7815,#7816,#7817,#7818,#7819,#7820,#7821,#7822,#7823,#7824,#7825,#7826,
#7827,#7828),.UNSPECIFIED.,.F.,.F.,(4,1,1,1,1,1,1,1,1,1,1,1,1,1,1,1,1,1,1,4),(
0.E0,5.263157894737E-2,1.052631578947E-1,1.578947368421E-1,2.105263157895E-1,
2.631578947368E-1,3.157894736842E-1,3.684210526316E-1,4.210526315789E-1,
4.736842105263E-1,5.263157894737E-1,5.789473684211E-1,6.315789473684E-1,
6.842105263158E-1,7.368421052632E-1,7.894736842105E-1,8.421052631579E-1,
8.947368421053E-1,9.473684210526E-1,1.E0),.UNSPECIFIED.);
#7855=B_SPLINE_CURVE_WITH_KNOTS('',3,(#7833,#7834,#7835,#7836,#7837,#7838,#7839,
#7840,#7841,#7842,#7843,#7844,#7845,#7846,#7847,#7848,#7849,#7850,#7851,#7852,
#7853,#7854),.UNSPECIFIED.,.F.,.F.,(4,1,1,1,1,1,1,1,1,1,1,1,1,1,1,1,1,1,1,4),(
0.E0,5.263157894737E-2,1.052631578947E-1,1.578947368421E-1,2.105263157895E-1,
2.631578947368E-1,3.157894736842E-1,3.684210526316E-1,4.210526315789E-1,
4.736842105263E-1,5.263157894737E-1,5.789473684211E-1,6.315789473684E-1,
6.842105263158E-1,7.368421052632E-1,7.894736842105E-1,8.421052631579E-1,
8.947368421053E-1,9.473684210526E-1,1.E0),.UNSPECIFIED.);
#7905=CIRCLE('',#7904,6.730769230767E-1);
#7913=CIRCLE('',#7912,8.124230703873E-1);
#7923=B_SPLINE_CURVE_WITH_KNOTS('',3,(#7917,#7918,#7919,#7920,#7921,#7922),
.UNSPECIFIED.,.F.,.F.,(4,1,1,4),(0.E0,3.333333333333E-1,6.666666666667E-1,1.E0),
.UNSPECIFIED.);
#7931=CIRCLE('',#7930,8.615384615383E-1);
#7939=CIRCLE('',#7938,8.615384615383E-1);
#7954=CIRCLE('',#7953,1.076923076923E0);
#7962=CIRCLE('',#7961,1.076923076923E0);
#7972=B_SPLINE_CURVE_WITH_KNOTS('',3,(#7966,#7967,#7968,#7969,#7970,#7971),
.UNSPECIFIED.,.F.,.F.,(4,1,1,4),(0.E0,3.333333333333E-1,6.666666666667E-1,1.E0),
.UNSPECIFIED.);
#7980=CIRCLE('',#7979,8.124230703873E-1);
#7995=CIRCLE('',#7994,6.730769230767E-1);
#8024=CIRCLE('',#8023,8.124230703873E-1);
#8039=CIRCLE('',#8038,5.115384615383E-1);
#8047=CIRCLE('',#8046,5.115384615383E-1);
#8055=CIRCLE('',#8054,8.124230703873E-1);
#8077=CIRCLE('',#8076,6.730769230767E-1);
#8085=CIRCLE('',#8084,6.730769230767E-1);
#8093=CIRCLE('',#8092,5.115384615383E-1);
#8101=CIRCLE('',#8100,5.115384615383E-1);
#8189=EDGE_CURVE('',#8121,#8122,#7684,.T.);
#8191=EDGE_CURVE('',#8122,#8121,#7692,.T.);
#8195=ADVANCED_FACE('',(#8194),#8188,.F.);
#8201=EDGE_CURVE('',#8125,#8126,#7729,.T.);
#8203=EDGE_CURVE('',#8125,#8128,#7699,.T.);
#8205=EDGE_CURVE('',#8130,#8128,#7962,.T.);
#8207=EDGE_CURVE('',#8122,#8130,#8108,.T.);
#8210=EDGE_CURVE('',#8121,#8126,#7706,.T.);
#8214=ADVANCED_FACE('',(#8213),#8200,.T.);
#8220=EDGE_CURVE('',#8133,#8134,#7782,.T.);
#8222=EDGE_CURVE('',#8133,#8136,#7714,.T.);
#8224=EDGE_CURVE('',#8136,#8125,#7721,.T.);
#8227=EDGE_CURVE('',#8126,#8138,#7737,.T.);
#8229=EDGE_CURVE('',#8138,#8140,#7744,.T.);
#8231=EDGE_CURVE('',#8140,#8142,#7752,.T.);
#8233=EDGE_CURVE('',#8142,#8144,#7759,.T.);
#8235=EDGE_CURVE('',#8144,#8146,#7767,.T.);
#8237=EDGE_CURVE('',#8146,#8134,#7775,.T.);
#8241=ADVANCED_FACE('',(#8240),#8219,.F.);
#8248=EDGE_CURVE('',#8148,#8134,#7796,.T.);
#8250=EDGE_CURVE('',#8150,#8148,#8031,.T.);
#8252=EDGE_CURVE('',#8133,#8150,#8016,.T.);
#8256=ADVANCED_FACE('',(#8255),#8246,.F.);
#8262=EDGE_CURVE('',#8151,#8152,#7829,.T.);
#8264=EDGE_CURVE('',#8154,#8151,#7869,.T.);
#8266=EDGE_CURVE('',#8156,#8154,#8093,.T.);
#8268=EDGE_CURVE('',#8156,#8158,#7789,.T.);
#8270=EDGE_CURVE('',#8148,#8158,#8039,.T.);
#8274=EDGE_CURVE('',#8146,#8152,#7803,.T.);
#8278=ADVANCED_FACE('',(#8277),#8261,.F.);
#8285=EDGE_CURVE('',#8152,#8151,#7855,.T.);
#8289=ADVANCED_FACE('',(#8288),#8283,.F.);
#8298=EDGE_CURVE('',#8144,#8160,#7862,.T.);
#8300=EDGE_CURVE('',#8158,#8160,#8047,.T.);
#8303=EDGE_CURVE('',#8154,#8156,#8101,.T.);
#8308=ADVANCED_FACE('',(#8307),#8294,.F.);
#8315=EDGE_CURVE('',#8162,#8142,#7883,.T.);
#8317=EDGE_CURVE('',#8162,#8160,#7876,.T.);
#8322=ADVANCED_FACE('',(#8321),#8313,.F.);
#8328=EDGE_CURVE('',#8162,#8164,#7913,.T.);
#8332=EDGE_CURVE('',#8140,#8164,#7890,.T.);
#8336=ADVANCED_FACE('',(#8335),#8327,.T.);
#8342=EDGE_CURVE('',#8167,#8168,#7939,.T.);
#8344=EDGE_CURVE('',#8167,#8170,#7897,.T.);
#8346=EDGE_CURVE('',#8170,#8172,#7905,.T.);
#8348=EDGE_CURVE('',#8174,#8172,#7987,.T.);
#8350=EDGE_CURVE('',#8162,#8174,#8055,.T.);
#8353=EDGE_CURVE('',#8164,#8168,#7923,.T.);
#8357=ADVANCED_FACE('',(#8356),#8341,.T.);
#8363=EDGE_CURVE('',#8176,#8167,#7931,.T.);
#8366=EDGE_CURVE('',#8168,#8178,#7946,.T.);
#8368=EDGE_CURVE('',#8178,#8130,#7954,.T.);
#8371=EDGE_CURVE('',#8176,#8128,#8002,.T.);
#8375=ADVANCED_FACE('',(#8374),#8362,.T.);
#8382=EDGE_CURVE('',#8176,#8179,#7972,.T.);
#8384=EDGE_CURVE('',#8179,#8150,#7980,.T.);
#8386=EDGE_CURVE('',#8174,#8150,#8024,.T.);
#8389=EDGE_CURVE('',#8172,#8170,#7995,.T.);
#8394=ADVANCED_FACE('',(#8393),#8380,.T.);
#8404=EDGE_CURVE('',#8179,#8136,#8009,.T.);
#8408=ADVANCED_FACE('',(#8407),#8399,.F.);
#8420=ADVANCED_FACE('',(#8419),#8413,.T.);
#8434=ADVANCED_FACE('',(#8433),#8425,.F.);
#8440=EDGE_CURVE('',#8170,#8181,#8069,.T.);
#8443=EDGE_CURVE('',#8172,#8183,#8062,.T.);
#8445=EDGE_CURVE('',#8181,#8183,#8085,.T.);
#8449=ADVANCED_FACE('',(#8448),#8439,.T.);
#8456=EDGE_CURVE('',#8183,#8181,#8077,.T.);
#8462=ADVANCED_FACE('',(#8461),#8454,.T.);
#8476=ADVANCED_FACE('',(#8471,#8475),#8467,.T.);
#8485=EDGE_CURVE('',#8178,#8138,#8115,.T.);
#8490=ADVANCED_FACE('',(#8489),#8481,.F.);
#8504=ADVANCED_FACE('',(#8503),#8495,.T.);
#8513=(LENGTH_UNIT()NAMED_UNIT(*)SI_UNIT(.MILLI.,.METRE.));
#8514=(NAMED_UNIT(*)PLANE_ANGLE_UNIT()SI_UNIT($,.RADIAN.));
#8517=(NAMED_UNIT(*)SI_UNIT($,.STERADIAN.)SOLID_ANGLE_UNIT());
#8519=(GEOMETRIC_REPRESENTATION_CONTEXT(3)GLOBAL_UNCERTAINTY_ASSIGNED_CONTEXT((
#8518))GLOBAL_UNIT_ASSIGNED_CONTEXT((#8513,#8516,#8517))REPRESENTATION_CONTEXT(
'ID4','3'));
#8523=AXIS2_PLACEMENT_3D('',#8520,#8521,#8522);
#8524=ADVANCED_BREP_SHAPE_REPRESENTATION('',(#8523,#8506),#8519);
#8528=PRODUCT_DEFINITION('part definition','',#8527,#7611);
#8529=PRODUCT_DEFINITION_SHAPE('','SHAPE FOR RF-113-2_1_1_1_1_1.',#8528);
#8530=SHAPE_ASPECT('','solid data associated with RF-113-2_1_1_1_1_1',#8529,
.F.);
#8531=PROPERTY_DEFINITION('',
'shape for solid data with which properties are associated',#8530);
#8532=SHAPE_REPRESENTATION('',(#8506),#8519);
#8533=SHAPE_DEFINITION_REPRESENTATION(#8531,#8532);
#8534=(LENGTH_UNIT()NAMED_UNIT(*)SI_UNIT(.MILLI.,.METRE.));
#8538=PROPERTY_DEFINITION('geometric validation property',
'area of RF-113-2_1_1_1_1_1',#8530);
#8539=REPRESENTATION('surface area',(#8537),#8519);
#8540=PROPERTY_DEFINITION_REPRESENTATION(#8538,#8539);
#8541=(LENGTH_UNIT()NAMED_UNIT(*)SI_UNIT(.MILLI.,.METRE.));
#8545=PROPERTY_DEFINITION('geometric validation property',
'volume of RF-113-2_1_1_1_1_1',#8530);
#8546=REPRESENTATION('volume',(#8544),#8519);
#8547=PROPERTY_DEFINITION_REPRESENTATION(#8545,#8546);
#8549=PROPERTY_DEFINITION('geometric validation property',
'centroid of RF-113-2_1_1_1_1_1',#8530);
#8550=REPRESENTATION('centroid',(#8548),#8519);
#8551=PROPERTY_DEFINITION_REPRESENTATION(#8549,#8550);
#8552=(LENGTH_UNIT()NAMED_UNIT(*)SI_UNIT(.MILLI.,.METRE.));
#8556=PROPERTY_DEFINITION('geometric validation property',
'area of RF-113-2_1_1_1_1_1',#8529);
#8557=REPRESENTATION('surface area',(#8555),#8519);
#8558=PROPERTY_DEFINITION_REPRESENTATION(#8556,#8557);
#8559=(LENGTH_UNIT()NAMED_UNIT(*)SI_UNIT(.MILLI.,.METRE.));
#8563=PROPERTY_DEFINITION('geometric validation property',
'volume of RF-113-2_1_1_1_1_1',#8529);
#8564=REPRESENTATION('volume',(#8562),#8519);
#8565=PROPERTY_DEFINITION_REPRESENTATION(#8563,#8564);
#8567=PROPERTY_DEFINITION('geometric validation property',
'centroid of RF-113-2_1_1_1_1_1',#8529);
#8568=REPRESENTATION('centroid',(#8566),#8519);
#8569=PROPERTY_DEFINITION_REPRESENTATION(#8567,#8568);
#8570=SHAPE_DEFINITION_REPRESENTATION(#8529,#8524);
#8571=NEXT_ASSEMBLY_USAGE_OCCURRENCE('26','Next assembly relationship',
'IPEX-113-2',#11717,#8528,$);
#8572=PRODUCT_DEFINITION_SHAPE('Placement #26',
'Placement of RF-113-2_1_1_1_1_1 with respect to RF-1_ASM_1_1_ASM_2_ASM_1_1_ASM'
,#8571);
#8574=PROPERTY_DEFINITION('geometric validation property',
'centroid of IPEX-113-2',#8572);
#8575=REPRESENTATION('centroid',(#8573),#8519);
#8576=PROPERTY_DEFINITION_REPRESENTATION(#8574,#8575);
#8585=AXIS2_PLACEMENT_3D('',#8582,#8583,#8584);
#8600=CIRCLE('',#8599,5.253024875943E-2);
#8615=CIRCLE('',#8614,5.384615384614E-2);
#8623=CIRCLE('',#8622,5.384615384614E-2);
#8638=CIRCLE('',#8637,1.615384615384E-1);
#8646=CIRCLE('',#8645,1.615384615384E-1);
#8682=CIRCLE('',#8681,5.384615384614E-2);
#8690=CIRCLE('',#8689,5.384615384614E-2);
#8712=CIRCLE('',#8711,1.615384615384E-1);
#8720=CIRCLE('',#8719,1.615384615384E-1);
#8735=CIRCLE('',#8734,1.615384615384E-1);
#8785=CIRCLE('',#8784,1.615384615384E-1);
#8793=CIRCLE('',#8792,1.615384615384E-1);
#8808=CIRCLE('',#8807,1.615384615384E-1);
#8837=CIRCLE('',#8836,1.615384615384E-1);
#8852=CIRCLE('',#8851,1.615384615384E-1);
#8860=CIRCLE('',#8859,1.615384615384E-1);
#8882=CIRCLE('',#8881,5.384615384614E-2);
#8890=CIRCLE('',#8889,5.384615384614E-2);
#8926=CIRCLE('',#8925,1.615384615384E-1);
#8934=CIRCLE('',#8933,1.615384615384E-1);
#8956=CIRCLE('',#8955,5.384615384614E-2);
#8964=CIRCLE('',#8963,5.384615384614E-2);
#8979=CIRCLE('',#8978,5.253024875943E-2);
#9008=CIRCLE('',#9007,5.253024875943E-2);
#9023=CIRCLE('',#9022,5.384615384614E-2);
#9031=CIRCLE('',#9030,5.384615384614E-2);
#9046=CIRCLE('',#9045,1.615384615384E-1);
#9054=CIRCLE('',#9053,1.615384615384E-1);
#9090=CIRCLE('',#9089,5.384615384614E-2);
#9098=CIRCLE('',#9097,5.384615384614E-2);
#9120=B_SPLINE_CURVE_WITH_KNOTS('',3,(#9116,#9117,#9118,#9119),.UNSPECIFIED.,
.F.,.F.,(4,4),(0.E0,1.E0),.UNSPECIFIED.);
#9128=CIRCLE('',#9127,1.615384615384E-1);
#9143=CIRCLE('',#9142,1.615384615384E-1);
#9151=CIRCLE('',#9150,1.615384615384E-1);
#9173=CIRCLE('',#9172,5.384615384614E-2);
#9181=CIRCLE('',#9180,5.384615384614E-2);
#9217=CIRCLE('',#9216,1.615384615384E-1);
#9225=CIRCLE('',#9224,1.615384615384E-1);
#9247=CIRCLE('',#9246,5.384615384614E-2);
#9255=CIRCLE('',#9254,5.384615384614E-2);
#9270=CIRCLE('',#9269,5.253024875943E-2);
#9819=EDGE_CURVE('',#9619,#9620,#8592,.T.);
#9821=EDGE_CURVE('',#9622,#9620,#8763,.T.);
#9823=EDGE_CURVE('',#9624,#9622,#9494,.T.);
#9825=EDGE_CURVE('',#9624,#9626,#8600,.T.);
#9827=EDGE_CURVE('',#9626,#9628,#8607,.T.);
#9829=EDGE_CURVE('',#9628,#9630,#8615,.T.);
#9831=EDGE_CURVE('',#9630,#9632,#8623,.T.);
#9833=EDGE_CURVE('',#9634,#9632,#9459,.T.);
#9835=EDGE_CURVE('',#9634,#9636,#8630,.T.);
#9837=EDGE_CURVE('',#9636,#9638,#8638,.T.);
#9839=EDGE_CURVE('',#9638,#9640,#8646,.T.);
#9841=EDGE_CURVE('',#9640,#9642,#8653,.T.);
#9843=EDGE_CURVE('',#9642,#9644,#8660,.T.);
#9845=EDGE_CURVE('',#9644,#9646,#8667,.T.);
#9847=EDGE_CURVE('',#9646,#9648,#8674,.T.);
#9849=EDGE_CURVE('',#9648,#9650,#8682,.T.);
#9851=EDGE_CURVE('',#9650,#9652,#8690,.T.);
#9853=EDGE_CURVE('',#9652,#9654,#8697,.T.);
#9855=EDGE_CURVE('',#9654,#9656,#8704,.T.);
#9857=EDGE_CURVE('',#9656,#9658,#8712,.T.);
#9859=EDGE_CURVE('',#9658,#9660,#8720,.T.);
#9861=EDGE_CURVE('',#9660,#9662,#8727,.T.);
#9863=EDGE_CURVE('',#9662,#9619,#8735,.T.);
#9867=ADVANCED_FACE('',(#9866),#9818,.F.);
#9873=EDGE_CURVE('',#9620,#9664,#8756,.T.);
#9876=EDGE_CURVE('',#9619,#9666,#8742,.T.);
#9878=EDGE_CURVE('',#9668,#9666,#9347,.T.);
#9880=EDGE_CURVE('',#9670,#9668,#9298,.T.);
#9882=EDGE_CURVE('',#9672,#9670,#9112,.T.);
#9884=EDGE_CURVE('',#9672,#9674,#8749,.T.);
#9886=EDGE_CURVE('',#9664,#9674,#9000,.T.);
#9890=ADVANCED_FACE('',(#9889),#9872,.F.);
#9897=EDGE_CURVE('',#9676,#9664,#8993,.T.);
#9899=EDGE_CURVE('',#9622,#9676,#9501,.T.);
#9904=ADVANCED_FACE('',(#9903),#9895,.F.);
#9910=EDGE_CURVE('',#9679,#9680,#8770,.T.);
#9912=EDGE_CURVE('',#9680,#9682,#8777,.T.);
#9914=EDGE_CURVE('',#9682,#9684,#8785,.T.);
#9916=EDGE_CURVE('',#9684,#9686,#8793,.T.);
#9918=EDGE_CURVE('',#9686,#9688,#8800,.T.);
#9920=EDGE_CURVE('',#9688,#9690,#8808,.T.);
#9922=EDGE_CURVE('',#9690,#9692,#8815,.T.);
#9924=EDGE_CURVE('',#9692,#9694,#8822,.T.);
#9926=EDGE_CURVE('',#9694,#9696,#8829,.T.);
#9928=EDGE_CURVE('',#9696,#9698,#8837,.T.);
#9930=EDGE_CURVE('',#9698,#9700,#8844,.T.);
#9932=EDGE_CURVE('',#9700,#9702,#8852,.T.);
#9934=EDGE_CURVE('',#9702,#9704,#8860,.T.);
#9936=EDGE_CURVE('',#9704,#9706,#8867,.T.);
#9938=EDGE_CURVE('',#9706,#9708,#8874,.T.);
#9940=EDGE_CURVE('',#9708,#9710,#8882,.T.);
#9942=EDGE_CURVE('',#9710,#9712,#8890,.T.);
#9944=EDGE_CURVE('',#9712,#9714,#8897,.T.);
#9946=EDGE_CURVE('',#9714,#9716,#8904,.T.);
#9948=EDGE_CURVE('',#9716,#9718,#8911,.T.);
#9950=EDGE_CURVE('',#9718,#9720,#8918,.T.);
#9952=EDGE_CURVE('',#9720,#9722,#8926,.T.);
#9954=EDGE_CURVE('',#9722,#9724,#8934,.T.);
#9956=EDGE_CURVE('',#9724,#9726,#8941,.T.);
#9958=EDGE_CURVE('',#9726,#9728,#8948,.T.);
#9960=EDGE_CURVE('',#9728,#9730,#8956,.T.);
#9962=EDGE_CURVE('',#9730,#9732,#8964,.T.);
#9964=EDGE_CURVE('',#9732,#9734,#8971,.T.);
#9966=EDGE_CURVE('',#9734,#9736,#8979,.T.);
#9968=EDGE_CURVE('',#9736,#9676,#8986,.T.);
#9972=EDGE_CURVE('',#9738,#9674,#9613,.T.);
#9974=EDGE_CURVE('',#9740,#9738,#9599,.T.);
#9976=EDGE_CURVE('',#9740,#9742,#9008,.T.);
#9978=EDGE_CURVE('',#9742,#9744,#9015,.T.);
#9980=EDGE_CURVE('',#9744,#9746,#9023,.T.);
#9982=EDGE_CURVE('',#9746,#9748,#9031,.T.);
#9984=EDGE_CURVE('',#9750,#9748,#9564,.T.);
#9986=EDGE_CURVE('',#9750,#9752,#9038,.T.);
#9988=EDGE_CURVE('',#9752,#9754,#9046,.T.);
#9990=EDGE_CURVE('',#9754,#9756,#9054,.T.);
#9992=EDGE_CURVE('',#9756,#9758,#9061,.T.);
#9994=EDGE_CURVE('',#9758,#9760,#9068,.T.);
#9996=EDGE_CURVE('',#9760,#9762,#9075,.T.);
#9998=EDGE_CURVE('',#9762,#9764,#9082,.T.);
#10000=EDGE_CURVE('',#9764,#9766,#9090,.T.);
#10002=EDGE_CURVE('',#9766,#9679,#9098,.T.);
#10006=ADVANCED_FACE('',(#10005),#9909,.T.);
#10012=EDGE_CURVE('',#9769,#9770,#9165,.T.);
#10014=EDGE_CURVE('',#9769,#9680,#9105,.T.);
#10017=EDGE_CURVE('',#9770,#9679,#9508,.T.);
#10021=ADVANCED_FACE('',(#10020),#10011,.T.);
#10028=EDGE_CURVE('',#9670,#9771,#9120,.T.);
#10030=EDGE_CURVE('',#9771,#9773,#9128,.T.);
#10032=EDGE_CURVE('',#9773,#9775,#9135,.T.);
#10034=EDGE_CURVE('',#9775,#9777,#9143,.T.);
#10036=EDGE_CURVE('',#9777,#9779,#9151,.T.);
#10038=EDGE_CURVE('',#9779,#9769,#9158,.T.);
#10041=EDGE_CURVE('',#9770,#9781,#9173,.T.);
#10043=EDGE_CURVE('',#9781,#9783,#9181,.T.);
#10045=EDGE_CURVE('',#9783,#9785,#9188,.T.);
#10047=EDGE_CURVE('',#9785,#9787,#9195,.T.);
#10049=EDGE_CURVE('',#9787,#9789,#9202,.T.);
#10051=EDGE_CURVE('',#9789,#9791,#9209,.T.);
#10053=EDGE_CURVE('',#9791,#9793,#9217,.T.);
#10055=EDGE_CURVE('',#9793,#9795,#9225,.T.);
#10057=EDGE_CURVE('',#9795,#9797,#9232,.T.);
#10059=EDGE_CURVE('',#9797,#9799,#9239,.T.);
#10061=EDGE_CURVE('',#9799,#9801,#9247,.T.);
#10063=EDGE_CURVE('',#9801,#9803,#9255,.T.);
#10065=EDGE_CURVE('',#9803,#9805,#9262,.T.);
#10067=EDGE_CURVE('',#9805,#9807,#9270,.T.);
#10069=EDGE_CURVE('',#9807,#9809,#9277,.T.);
#10071=EDGE_CURVE('',#9809,#9672,#9284,.T.);
#10075=ADVANCED_FACE('',(#10074),#10026,.F.);
#10081=EDGE_CURVE('',#9690,#9771,#9291,.T.);
#10085=EDGE_CURVE('',#9811,#9668,#9340,.T.);
#10087=EDGE_CURVE('',#9692,#9811,#9354,.T.);
#10092=ADVANCED_FACE('',(#10091),#10080,.T.);
#10100=EDGE_CURVE('',#9688,#9773,#9305,.T.);
#10105=ADVANCED_FACE('',(#10104),#10097,.T.);
#10111=EDGE_CURVE('',#9775,#9686,#9319,.T.);
#10118=ADVANCED_FACE('',(#10117),#10110,.T.);
#10124=EDGE_CURVE('',#9682,#9779,#9312,.T.);
#10133=ADVANCED_FACE('',(#10132),#10123,.T.);
#10145=ADVANCED_FACE('',(#10144),#10138,.T.);
#10151=EDGE_CURVE('',#9666,#9813,#9326,.T.);
#10153=EDGE_CURVE('',#9813,#9811,#9333,.T.);
#10159=ADVANCED_FACE('',(#10158),#10150,.T.);
#10165=EDGE_CURVE('',#9813,#9694,#9361,.T.);
#10169=EDGE_CURVE('',#9696,#9619,#9368,.T.);
#10174=ADVANCED_FACE('',(#10173),#10164,.T.);
#10186=ADVANCED_FACE('',(#10185),#10179,.T.);
#10194=EDGE_CURVE('',#9662,#9698,#9375,.T.);
#10199=ADVANCED_FACE('',(#10198),#10191,.T.);
#10207=EDGE_CURVE('',#9700,#9660,#9382,.T.);
#10212=ADVANCED_FACE('',(#10211),#10204,.F.);
#10221=EDGE_CURVE('',#9656,#9704,#9389,.T.);
#10227=ADVANCED_FACE('',(#10226),#10217,.T.);
#10235=EDGE_CURVE('',#9654,#9706,#9396,.T.);
#10240=ADVANCED_FACE('',(#10239),#10232,.F.);
#10248=EDGE_CURVE('',#9708,#9652,#9410,.T.);
#10253=ADVANCED_FACE('',(#10252),#10245,.F.);
#10261=EDGE_CURVE('',#9648,#9712,#9403,.T.);
#10268=ADVANCED_FACE('',(#10267),#10258,.F.);
#10275=EDGE_CURVE('',#9646,#9714,#9417,.T.);
#10281=ADVANCED_FACE('',(#10280),#10273,.F.);
#10288=EDGE_CURVE('',#9644,#9716,#9424,.T.);
#10294=ADVANCED_FACE('',(#10293),#10286,.F.);
#10301=EDGE_CURVE('',#9642,#9718,#9431,.T.);
#10307=ADVANCED_FACE('',(#10306),#10299,.F.);
#10314=EDGE_CURVE('',#9720,#9640,#9445,.T.);
#10320=ADVANCED_FACE('',(#10319),#10312,.F.);
#10328=EDGE_CURVE('',#9636,#9724,#9438,.T.);
#10335=ADVANCED_FACE('',(#10334),#10325,.T.);
#10342=EDGE_CURVE('',#9634,#9726,#9452,.T.);
#10348=ADVANCED_FACE('',(#10347),#10340,.F.);
#10355=EDGE_CURVE('',#9728,#9632,#9473,.T.);
#10361=ADVANCED_FACE('',(#10360),#10353,.F.);
#10369=EDGE_CURVE('',#9628,#9732,#9466,.T.);
#10376=ADVANCED_FACE('',(#10375),#10366,.F.);
#10383=EDGE_CURVE('',#9734,#9626,#9487,.T.);
#10389=ADVANCED_FACE('',(#10388),#10381,.F.);
#10396=EDGE_CURVE('',#9624,#9736,#9480,.T.);
#10402=ADVANCED_FACE('',(#10401),#10394,.F.);
#10414=ADVANCED_FACE('',(#10413),#10407,.F.);
#10425=EDGE_CURVE('',#9764,#9783,#9515,.T.);
#10429=ADVANCED_FACE('',(#10428),#10419,.F.);
#10438=EDGE_CURVE('',#9785,#9762,#9522,.T.);
#10442=ADVANCED_FACE('',(#10441),#10434,.T.);
#10451=EDGE_CURVE('',#9787,#9760,#9529,.T.);
#10455=ADVANCED_FACE('',(#10454),#10447,.T.);
#10464=EDGE_CURVE('',#9789,#9758,#9536,.T.);
#10468=ADVANCED_FACE('',(#10467),#10460,.T.);
#10477=EDGE_CURVE('',#9791,#9756,#9543,.T.);
#10481=ADVANCED_FACE('',(#10480),#10473,.T.);
#10492=EDGE_CURVE('',#9752,#9795,#9550,.T.);
#10496=ADVANCED_FACE('',(#10495),#10486,.T.);
#10505=EDGE_CURVE('',#9797,#9750,#9557,.T.);
#10509=ADVANCED_FACE('',(#10508),#10501,.T.);
#10518=EDGE_CURVE('',#9799,#9748,#9571,.T.);
#10522=ADVANCED_FACE('',(#10521),#10514,.T.);
#10533=EDGE_CURVE('',#9744,#9803,#9578,.T.);
#10537=ADVANCED_FACE('',(#10536),#10527,.F.);
#10546=EDGE_CURVE('',#9805,#9742,#9585,.T.);
#10550=ADVANCED_FACE('',(#10549),#10542,.T.);
#10559=EDGE_CURVE('',#9740,#9807,#9592,.T.);
#10563=ADVANCED_FACE('',(#10562),#10555,.F.);
#10572=EDGE_CURVE('',#9809,#9738,#9606,.T.);
#10576=ADVANCED_FACE('',(#10575),#10568,.T.);
#10588=ADVANCED_FACE('',(#10587),#10581,.T.);
#10597=(LENGTH_UNIT()NAMED_UNIT(*)SI_UNIT(.MILLI.,.METRE.));
#10598=(NAMED_UNIT(*)PLANE_ANGLE_UNIT()SI_UNIT($,.RADIAN.));
#10601=(NAMED_UNIT(*)SI_UNIT($,.STERADIAN.)SOLID_ANGLE_UNIT());
#10603=(GEOMETRIC_REPRESENTATION_CONTEXT(3)GLOBAL_UNCERTAINTY_ASSIGNED_CONTEXT((
#10602))GLOBAL_UNIT_ASSIGNED_CONTEXT((#10597,#10600,#10601))REPRESENTATION_CONTEXT('ID5','3'));
#10607=AXIS2_PLACEMENT_3D('',#10604,#10605,#10606);
#10608=ADVANCED_BREP_SHAPE_REPRESENTATION('',(#10607,#10590),#10603);
#10613=PRODUCT_DEFINITION('part definition','',#10612,#10609);
#10614=PRODUCT_DEFINITION_SHAPE('','SHAPE FOR RF-113-3_1_1_1_1_1.',#10613);
#10615=SHAPE_ASPECT('','solid data associated with RF-113-3_1_1_1_1_1',#10614,
.F.);
#10616=PROPERTY_DEFINITION('',
'shape for solid data with which properties are associated',#10615);
#10617=SHAPE_REPRESENTATION('',(#10590),#10603);
#10618=SHAPE_DEFINITION_REPRESENTATION(#10616,#10617);
#10619=(LENGTH_UNIT()NAMED_UNIT(*)SI_UNIT(.MILLI.,.METRE.));
#10623=PROPERTY_DEFINITION('geometric validation property',
'area of RF-113-3_1_1_1_1_1',#10615);
#10624=REPRESENTATION('surface area',(#10622),#10603);
#10625=PROPERTY_DEFINITION_REPRESENTATION(#10623,#10624);
#10626=(LENGTH_UNIT()NAMED_UNIT(*)SI_UNIT(.MILLI.,.METRE.));
#10630=PROPERTY_DEFINITION('geometric validation property',
'volume of RF-113-3_1_1_1_1_1',#10615);
#10631=REPRESENTATION('volume',(#10629),#10603);
#10632=PROPERTY_DEFINITION_REPRESENTATION(#10630,#10631);
#10634=PROPERTY_DEFINITION('geometric validation property',
'centroid of RF-113-3_1_1_1_1_1',#10615);
#10635=REPRESENTATION('centroid',(#10633),#10603);
#10636=PROPERTY_DEFINITION_REPRESENTATION(#10634,#10635);
#10637=(LENGTH_UNIT()NAMED_UNIT(*)SI_UNIT(.MILLI.,.METRE.));
#10641=PROPERTY_DEFINITION('geometric validation property',
'area of RF-113-3_1_1_1_1_1',#10614);
#10642=REPRESENTATION('surface area',(#10640),#10603);
#10643=PROPERTY_DEFINITION_REPRESENTATION(#10641,#10642);
#10644=(LENGTH_UNIT()NAMED_UNIT(*)SI_UNIT(.MILLI.,.METRE.));
#10648=PROPERTY_DEFINITION('geometric validation property',
'volume of RF-113-3_1_1_1_1_1',#10614);
#10649=REPRESENTATION('volume',(#10647),#10603);
#10650=PROPERTY_DEFINITION_REPRESENTATION(#10648,#10649);
#10652=PROPERTY_DEFINITION('geometric validation property',
'centroid of RF-113-3_1_1_1_1_1',#10614);
#10653=REPRESENTATION('centroid',(#10651),#10603);
#10654=PROPERTY_DEFINITION_REPRESENTATION(#10652,#10653);
#10655=SHAPE_DEFINITION_REPRESENTATION(#10614,#10608);
#10656=NEXT_ASSEMBLY_USAGE_OCCURRENCE('27','Next assembly relationship',
'IPEX-113-3',#11717,#10613,$);
#10657=PRODUCT_DEFINITION_SHAPE('Placement #27',
'Placement of RF-113-3_1_1_1_1_1 with respect to RF-1_ASM_1_1_ASM_2_ASM_1_1_ASM'
,#10656);
#10659=PROPERTY_DEFINITION('geometric validation property',
'centroid of IPEX-113-3',#10657);
#10660=REPRESENTATION('centroid',(#10658),#10603);
#10661=PROPERTY_DEFINITION_REPRESENTATION(#10659,#10660);
#10670=AXIS2_PLACEMENT_3D('',#10667,#10668,#10669);
#10678=CIRCLE('',#10677,1.3E-1);
#10686=CIRCLE('',#10685,1.3E-1);
#10708=CIRCLE('',#10707,1.3E-1);
#10716=CIRCLE('',#10715,1.3E-1);
#10733=EDGE_CURVE('',#10722,#10723,#10678,.T.);
#10735=EDGE_CURVE('',#10723,#10722,#10686,.T.);
#10739=ADVANCED_FACE('',(#10738),#10732,.T.);
#10746=EDGE_CURVE('',#10725,#10722,#10700,.T.);
#10748=EDGE_CURVE('',#10727,#10725,#10708,.T.);
#10750=EDGE_CURVE('',#10727,#10723,#10693,.T.);
#10754=ADVANCED_FACE('',(#10753),#10744,.T.);
#10762=EDGE_CURVE('',#10725,#10727,#10716,.T.);
#10767=ADVANCED_FACE('',(#10766),#10759,.T.);
#10777=ADVANCED_FACE('',(#10776),#10772,.T.);
#10786=(LENGTH_UNIT()NAMED_UNIT(*)SI_UNIT(.MILLI.,.METRE.));
#10787=(NAMED_UNIT(*)PLANE_ANGLE_UNIT()SI_UNIT($,.RADIAN.));
#10790=(NAMED_UNIT(*)SI_UNIT($,.STERADIAN.)SOLID_ANGLE_UNIT());
#10792=(GEOMETRIC_REPRESENTATION_CONTEXT(3)GLOBAL_UNCERTAINTY_ASSIGNED_CONTEXT((
#10791))GLOBAL_UNIT_ASSIGNED_CONTEXT((#10786,#10789,#10790))REPRESENTATION_CONTEXT('ID6','3'));
#10796=AXIS2_PLACEMENT_3D('',#10793,#10794,#10795);
#10797=ADVANCED_BREP_SHAPE_REPRESENTATION('',(#10796,#10779),#10792);
#10801=PRODUCT_DEFINITION('part definition','',#10800,#10609);
#10802=PRODUCT_DEFINITION_SHAPE('','SHAPE FOR CABLE-1_1_1_1_1_1.',#10801);
#10803=SHAPE_ASPECT('','solid data associated with CABLE-1_1_1_1_1_1',#10802,
.F.);
#10804=PROPERTY_DEFINITION('',
'shape for solid data with which properties are associated',#10803);
#10805=SHAPE_REPRESENTATION('',(#10779),#10792);
#10806=SHAPE_DEFINITION_REPRESENTATION(#10804,#10805);
#10807=(LENGTH_UNIT()NAMED_UNIT(*)SI_UNIT(.MILLI.,.METRE.));
#10811=PROPERTY_DEFINITION('geometric validation property',
'area of CABLE-1_1_1_1_1_1',#10803);
#10812=REPRESENTATION('surface area',(#10810),#10792);
#10813=PROPERTY_DEFINITION_REPRESENTATION(#10811,#10812);
#10814=(LENGTH_UNIT()NAMED_UNIT(*)SI_UNIT(.MILLI.,.METRE.));
#10818=PROPERTY_DEFINITION('geometric validation property',
'volume of CABLE-1_1_1_1_1_1',#10803);
#10819=REPRESENTATION('volume',(#10817),#10792);
#10820=PROPERTY_DEFINITION_REPRESENTATION(#10818,#10819);
#10822=PROPERTY_DEFINITION('geometric validation property',
'centroid of CABLE-1_1_1_1_1_1',#10803);
#10823=REPRESENTATION('centroid',(#10821),#10792);
#10824=PROPERTY_DEFINITION_REPRESENTATION(#10822,#10823);
#10825=(LENGTH_UNIT()NAMED_UNIT(*)SI_UNIT(.MILLI.,.METRE.));
#10829=PROPERTY_DEFINITION('geometric validation property',
'area of CABLE-1_1_1_1_1_1',#10802);
#10830=REPRESENTATION('surface area',(#10828),#10792);
#10831=PROPERTY_DEFINITION_REPRESENTATION(#10829,#10830);
#10832=(LENGTH_UNIT()NAMED_UNIT(*)SI_UNIT(.MILLI.,.METRE.));
#10836=PROPERTY_DEFINITION('geometric validation property',
'volume of CABLE-1_1_1_1_1_1',#10802);
#10837=REPRESENTATION('volume',(#10835),#10792);
#10838=PROPERTY_DEFINITION_REPRESENTATION(#10836,#10837);
#10840=PROPERTY_DEFINITION('geometric validation property',
'centroid of CABLE-1_1_1_1_1_1',#10802);
#10841=REPRESENTATION('centroid',(#10839),#10792);
#10842=PROPERTY_DEFINITION_REPRESENTATION(#10840,#10841);
#10843=SHAPE_DEFINITION_REPRESENTATION(#10802,#10797);
#10844=NEXT_ASSEMBLY_USAGE_OCCURRENCE('28','Next assembly relationship',
'CABLE-1',#11717,#10801,$);
#10845=PRODUCT_DEFINITION_SHAPE('Placement #28',
'Placement of CABLE-1_1_1_1_1_1 with respect to RF-1_ASM_1_1_ASM_2_ASM_1_1_ASM',
#10844);
#10847=PROPERTY_DEFINITION('geometric validation property',
'centroid of CABLE-1',#10845);
#10848=REPRESENTATION('centroid',(#10846),#10792);
#10849=PROPERTY_DEFINITION_REPRESENTATION(#10847,#10848);
#10858=AXIS2_PLACEMENT_3D('',#10855,#10856,#10857);
#10866=CIRCLE('',#10865,3.25E-1);
#10874=CIRCLE('',#10873,3.25E-1);
#10882=CIRCLE('',#10881,1.3E-1);
#10890=CIRCLE('',#10889,1.3E-1);
#10905=CIRCLE('',#10904,3.25E-1);
#10913=CIRCLE('',#10912,3.25E-1);
#10921=CIRCLE('',#10920,1.3E-1);
#10929=CIRCLE('',#10928,1.3E-1);
#10975=EDGE_CURVE('',#10956,#10957,#10866,.T.);
#10977=EDGE_CURVE('',#10957,#10956,#10874,.T.);
#10981=EDGE_CURVE('',#10960,#10961,#10882,.T.);
#10983=EDGE_CURVE('',#10961,#10960,#10890,.T.);
#10987=ADVANCED_FACE('',(#10980,#10986),#10974,.T.);
#10993=EDGE_CURVE('',#10964,#10965,#10905,.T.);
#10995=EDGE_CURVE('',#10964,#10957,#10897,.T.);
#10998=EDGE_CURVE('',#10965,#10956,#10936,.T.);
#11002=ADVANCED_FACE('',(#11001),#10992,.T.);
#11009=EDGE_CURVE('',#10965,#10964,#10913,.T.);
#11013=EDGE_CURVE('',#10968,#10969,#10921,.T.);
#11015=EDGE_CURVE('',#10969,#10968,#10929,.T.);
#11019=ADVANCED_FACE('',(#11012,#11018),#11007,.F.);
#11031=ADVANCED_FACE('',(#11030),#11024,.T.);
#11038=EDGE_CURVE('',#10968,#10961,#10943,.T.);
#11041=EDGE_CURVE('',#10969,#10960,#10950,.T.);
#11045=ADVANCED_FACE('',(#11044),#11036,.F.);
#11057=ADVANCED_FACE('',(#11056),#11050,.F.);
#11066=(LENGTH_UNIT()NAMED_UNIT(*)SI_UNIT(.MILLI.,.METRE.));
#11067=(NAMED_UNIT(*)PLANE_ANGLE_UNIT()SI_UNIT($,.RADIAN.));
#11070=(NAMED_UNIT(*)SI_UNIT($,.STERADIAN.)SOLID_ANGLE_UNIT());
#11072=(GEOMETRIC_REPRESENTATION_CONTEXT(3)GLOBAL_UNCERTAINTY_ASSIGNED_CONTEXT((
#11071))GLOBAL_UNIT_ASSIGNED_CONTEXT((#11066,#11069,#11070))REPRESENTATION_CONTEXT('ID7','3'));
#11076=AXIS2_PLACEMENT_3D('',#11073,#11074,#11075);
#11077=ADVANCED_BREP_SHAPE_REPRESENTATION('',(#11076,#11059),#11072);
#11082=PRODUCT_DEFINITION('part definition','',#11081,#11078);
#11083=PRODUCT_DEFINITION_SHAPE('','SHAPE FOR CABLE-2_1_1_1_1_1.',#11082);
#11084=SHAPE_ASPECT('','solid data associated with CABLE-2_1_1_1_1_1',#11083,
.F.);
#11085=PROPERTY_DEFINITION('',
'shape for solid data with which properties are associated',#11084);
#11086=SHAPE_REPRESENTATION('',(#11059),#11072);
#11087=SHAPE_DEFINITION_REPRESENTATION(#11085,#11086);
#11088=(LENGTH_UNIT()NAMED_UNIT(*)SI_UNIT(.MILLI.,.METRE.));
#11092=PROPERTY_DEFINITION('geometric validation property',
'area of CABLE-2_1_1_1_1_1',#11084);
#11093=REPRESENTATION('surface area',(#11091),#11072);
#11094=PROPERTY_DEFINITION_REPRESENTATION(#11092,#11093);
#11095=(LENGTH_UNIT()NAMED_UNIT(*)SI_UNIT(.MILLI.,.METRE.));
#11099=PROPERTY_DEFINITION('geometric validation property',
'volume of CABLE-2_1_1_1_1_1',#11084);
#11100=REPRESENTATION('volume',(#11098),#11072);
#11101=PROPERTY_DEFINITION_REPRESENTATION(#11099,#11100);
#11103=PROPERTY_DEFINITION('geometric validation property',
'centroid of CABLE-2_1_1_1_1_1',#11084);
#11104=REPRESENTATION('centroid',(#11102),#11072);
#11105=PROPERTY_DEFINITION_REPRESENTATION(#11103,#11104);
#11106=(LENGTH_UNIT()NAMED_UNIT(*)SI_UNIT(.MILLI.,.METRE.));
#11110=PROPERTY_DEFINITION('geometric validation property',
'area of CABLE-2_1_1_1_1_1',#11083);
#11111=REPRESENTATION('surface area',(#11109),#11072);
#11112=PROPERTY_DEFINITION_REPRESENTATION(#11110,#11111);
#11113=(LENGTH_UNIT()NAMED_UNIT(*)SI_UNIT(.MILLI.,.METRE.));
#11117=PROPERTY_DEFINITION('geometric validation property',
'volume of CABLE-2_1_1_1_1_1',#11083);
#11118=REPRESENTATION('volume',(#11116),#11072);
#11119=PROPERTY_DEFINITION_REPRESENTATION(#11117,#11118);
#11121=PROPERTY_DEFINITION('geometric validation property',
'centroid of CABLE-2_1_1_1_1_1',#11083);
#11122=REPRESENTATION('centroid',(#11120),#11072);
#11123=PROPERTY_DEFINITION_REPRESENTATION(#11121,#11122);
#11124=SHAPE_DEFINITION_REPRESENTATION(#11083,#11077);
#11125=NEXT_ASSEMBLY_USAGE_OCCURRENCE('29','Next assembly relationship',
'CABLE-2',#11717,#11082,$);
#11126=PRODUCT_DEFINITION_SHAPE('Placement #29',
'Placement of CABLE-2_1_1_1_1_1 with respect to RF-1_ASM_1_1_ASM_2_ASM_1_1_ASM',
#11125);
#11128=PROPERTY_DEFINITION('geometric validation property',
'centroid of CABLE-2',#11126);
#11129=REPRESENTATION('centroid',(#11127),#11072);
#11130=PROPERTY_DEFINITION_REPRESENTATION(#11128,#11129);
#11139=AXIS2_PLACEMENT_3D('',#11136,#11137,#11138);
#11147=CIRCLE('',#11146,4.75E-1);
#11155=CIRCLE('',#11154,4.75E-1);
#11163=CIRCLE('',#11162,3.25E-1);
#11171=CIRCLE('',#11170,3.25E-1);
#11193=CIRCLE('',#11192,4.75E-1);
#11201=CIRCLE('',#11200,4.75E-1);
#11209=CIRCLE('',#11208,3.25E-1);
#11217=CIRCLE('',#11216,3.25E-1);
#11256=EDGE_CURVE('',#11237,#11238,#11147,.T.);
#11258=EDGE_CURVE('',#11238,#11237,#11155,.T.);
#11262=EDGE_CURVE('',#11241,#11242,#11163,.T.);
#11264=EDGE_CURVE('',#11242,#11241,#11171,.T.);
#11268=ADVANCED_FACE('',(#11261,#11267),#11255,.T.);
#11275=EDGE_CURVE('',#11244,#11237,#11185,.T.);
#11277=EDGE_CURVE('',#11246,#11244,#11193,.T.);
#11279=EDGE_CURVE('',#11246,#11238,#11178,.T.);
#11283=ADVANCED_FACE('',(#11282),#11273,.T.);
#11291=EDGE_CURVE('',#11244,#11246,#11201,.T.);
#11296=ADVANCED_FACE('',(#11295),#11288,.T.);
#11306=EDGE_CURVE('',#11249,#11250,#11209,.T.);
#11308=EDGE_CURVE('',#11250,#11249,#11217,.T.);
#11312=ADVANCED_FACE('',(#11305,#11311),#11301,.F.);
#11319=EDGE_CURVE('',#11250,#11241,#11231,.T.);
#11322=EDGE_CURVE('',#11249,#11242,#11224,.T.);
#11326=ADVANCED_FACE('',(#11325),#11317,.F.);
#11338=ADVANCED_FACE('',(#11337),#11331,.F.);
#11347=(LENGTH_UNIT()NAMED_UNIT(*)SI_UNIT(.MILLI.,.METRE.));
#11348=(NAMED_UNIT(*)PLANE_ANGLE_UNIT()SI_UNIT($,.RADIAN.));
#11351=(NAMED_UNIT(*)SI_UNIT($,.STERADIAN.)SOLID_ANGLE_UNIT());
#11353=(GEOMETRIC_REPRESENTATION_CONTEXT(3)GLOBAL_UNCERTAINTY_ASSIGNED_CONTEXT((
#11352))GLOBAL_UNIT_ASSIGNED_CONTEXT((#11347,#11350,#11351))REPRESENTATION_CONTEXT('ID8','3'));
#11357=AXIS2_PLACEMENT_3D('',#11354,#11355,#11356);
#11358=ADVANCED_BREP_SHAPE_REPRESENTATION('',(#11357,#11340),#11353);
#11362=PRODUCT_DEFINITION('part definition','',#11361,#11078);
#11363=PRODUCT_DEFINITION_SHAPE('','SHAPE FOR CABLE-3_1_1_1_1_1.',#11362);
#11364=SHAPE_ASPECT('','solid data associated with CABLE-3_1_1_1_1_1',#11363,
.F.);
#11365=PROPERTY_DEFINITION('',
'shape for solid data with which properties are associated',#11364);
#11366=SHAPE_REPRESENTATION('',(#11340),#11353);
#11367=SHAPE_DEFINITION_REPRESENTATION(#11365,#11366);
#11368=(LENGTH_UNIT()NAMED_UNIT(*)SI_UNIT(.MILLI.,.METRE.));
#11372=PROPERTY_DEFINITION('geometric validation property',
'area of CABLE-3_1_1_1_1_1',#11364);
#11373=REPRESENTATION('surface area',(#11371),#11353);
#11374=PROPERTY_DEFINITION_REPRESENTATION(#11372,#11373);
#11375=(LENGTH_UNIT()NAMED_UNIT(*)SI_UNIT(.MILLI.,.METRE.));
#11379=PROPERTY_DEFINITION('geometric validation property',
'volume of CABLE-3_1_1_1_1_1',#11364);
#11380=REPRESENTATION('volume',(#11378),#11353);
#11381=PROPERTY_DEFINITION_REPRESENTATION(#11379,#11380);
#11383=PROPERTY_DEFINITION('geometric validation property',
'centroid of CABLE-3_1_1_1_1_1',#11364);
#11384=REPRESENTATION('centroid',(#11382),#11353);
#11385=PROPERTY_DEFINITION_REPRESENTATION(#11383,#11384);
#11386=(LENGTH_UNIT()NAMED_UNIT(*)SI_UNIT(.MILLI.,.METRE.));
#11390=PROPERTY_DEFINITION('geometric validation property',
'area of CABLE-3_1_1_1_1_1',#11363);
#11391=REPRESENTATION('surface area',(#11389),#11353);
#11392=PROPERTY_DEFINITION_REPRESENTATION(#11390,#11391);
#11393=(LENGTH_UNIT()NAMED_UNIT(*)SI_UNIT(.MILLI.,.METRE.));
#11397=PROPERTY_DEFINITION('geometric validation property',
'volume of CABLE-3_1_1_1_1_1',#11363);
#11398=REPRESENTATION('volume',(#11396),#11353);
#11399=PROPERTY_DEFINITION_REPRESENTATION(#11397,#11398);
#11401=PROPERTY_DEFINITION('geometric validation property',
'centroid of CABLE-3_1_1_1_1_1',#11363);
#11402=REPRESENTATION('centroid',(#11400),#11353);
#11403=PROPERTY_DEFINITION_REPRESENTATION(#11401,#11402);
#11404=SHAPE_DEFINITION_REPRESENTATION(#11363,#11358);
#11405=NEXT_ASSEMBLY_USAGE_OCCURRENCE('30','Next assembly relationship',
'CABLE-3',#11717,#11362,$);
#11406=PRODUCT_DEFINITION_SHAPE('Placement #30',
'Placement of CABLE-3_1_1_1_1_1 with respect to RF-1_ASM_1_1_ASM_2_ASM_1_1_ASM',
#11405);
#11408=PROPERTY_DEFINITION('geometric validation property',
'centroid of CABLE-3',#11406);
#11409=REPRESENTATION('centroid',(#11407),#11353);
#11410=PROPERTY_DEFINITION_REPRESENTATION(#11408,#11409);
#11419=AXIS2_PLACEMENT_3D('',#11416,#11417,#11418);
#11427=CIRCLE('',#11426,5.65E-1);
#11435=CIRCLE('',#11434,5.65E-1);
#11443=CIRCLE('',#11442,4.75E-1);
#11451=CIRCLE('',#11450,4.75E-1);
#11473=CIRCLE('',#11472,5.65E-1);
#11481=CIRCLE('',#11480,5.65E-1);
#11489=CIRCLE('',#11488,4.75E-1);
#11497=CIRCLE('',#11496,4.75E-1);
#11536=EDGE_CURVE('',#11517,#11518,#11427,.T.);
#11538=EDGE_CURVE('',#11518,#11517,#11435,.T.);
#11542=EDGE_CURVE('',#11521,#11522,#11443,.T.);
#11544=EDGE_CURVE('',#11522,#11521,#11451,.T.);
#11548=ADVANCED_FACE('',(#11541,#11547),#11535,.T.);
#11555=EDGE_CURVE('',#11524,#11517,#11465,.T.);
#11557=EDGE_CURVE('',#11526,#11524,#11473,.T.);
#11559=EDGE_CURVE('',#11526,#11518,#11458,.T.);
#11563=ADVANCED_FACE('',(#11562),#11553,.T.);
#11571=EDGE_CURVE('',#11524,#11526,#11481,.T.);
#11576=ADVANCED_FACE('',(#11575),#11568,.T.);
#11586=EDGE_CURVE('',#11529,#11530,#11489,.T.);
#11588=EDGE_CURVE('',#11530,#11529,#11497,.T.);
#11592=ADVANCED_FACE('',(#11585,#11591),#11581,.F.);
#11599=EDGE_CURVE('',#11530,#11521,#11511,.T.);
#11602=EDGE_CURVE('',#11529,#11522,#11504,.T.);
#11606=ADVANCED_FACE('',(#11605),#11597,.F.);
#11618=ADVANCED_FACE('',(#11617),#11611,.F.);
#11627=(LENGTH_UNIT()NAMED_UNIT(*)SI_UNIT(.MILLI.,.METRE.));
#11628=(NAMED_UNIT(*)PLANE_ANGLE_UNIT()SI_UNIT($,.RADIAN.));
#11631=(NAMED_UNIT(*)SI_UNIT($,.STERADIAN.)SOLID_ANGLE_UNIT());
#11633=(GEOMETRIC_REPRESENTATION_CONTEXT(3)GLOBAL_UNCERTAINTY_ASSIGNED_CONTEXT((
#11632))GLOBAL_UNIT_ASSIGNED_CONTEXT((#11627,#11630,#11631))REPRESENTATION_CONTEXT('ID9','3'));
#11637=AXIS2_PLACEMENT_3D('',#11634,#11635,#11636);
#11638=ADVANCED_BREP_SHAPE_REPRESENTATION('',(#11637,#11620),#11633);
#11643=PRODUCT_DEFINITION('part definition','',#11642,#11639);
#11644=PRODUCT_DEFINITION_SHAPE('','SHAPE FOR CABLE-4_1_1_1_1_1.',#11643);
#11645=SHAPE_ASPECT('','solid data associated with CABLE-4_1_1_1_1_1',#11644,
.F.);
#11646=PROPERTY_DEFINITION('',
'shape for solid data with which properties are associated',#11645);
#11647=SHAPE_REPRESENTATION('',(#11620),#11633);
#11648=SHAPE_DEFINITION_REPRESENTATION(#11646,#11647);
#11649=(LENGTH_UNIT()NAMED_UNIT(*)SI_UNIT(.MILLI.,.METRE.));
#11653=PROPERTY_DEFINITION('geometric validation property',
'area of CABLE-4_1_1_1_1_1',#11645);
#11654=REPRESENTATION('surface area',(#11652),#11633);
#11655=PROPERTY_DEFINITION_REPRESENTATION(#11653,#11654);
#11656=(LENGTH_UNIT()NAMED_UNIT(*)SI_UNIT(.MILLI.,.METRE.));
#11660=PROPERTY_DEFINITION('geometric validation property',
'volume of CABLE-4_1_1_1_1_1',#11645);
#11661=REPRESENTATION('volume',(#11659),#11633);
#11662=PROPERTY_DEFINITION_REPRESENTATION(#11660,#11661);
#11664=PROPERTY_DEFINITION('geometric validation property',
'centroid of CABLE-4_1_1_1_1_1',#11645);
#11665=REPRESENTATION('centroid',(#11663),#11633);
#11666=PROPERTY_DEFINITION_REPRESENTATION(#11664,#11665);
#11667=(LENGTH_UNIT()NAMED_UNIT(*)SI_UNIT(.MILLI.,.METRE.));
#11671=PROPERTY_DEFINITION('geometric validation property',
'area of CABLE-4_1_1_1_1_1',#11644);
#11672=REPRESENTATION('surface area',(#11670),#11633);
#11673=PROPERTY_DEFINITION_REPRESENTATION(#11671,#11672);
#11674=(LENGTH_UNIT()NAMED_UNIT(*)SI_UNIT(.MILLI.,.METRE.));
#11678=PROPERTY_DEFINITION('geometric validation property',
'volume of CABLE-4_1_1_1_1_1',#11644);
#11679=REPRESENTATION('volume',(#11677),#11633);
#11680=PROPERTY_DEFINITION_REPRESENTATION(#11678,#11679);
#11682=PROPERTY_DEFINITION('geometric validation property',
'centroid of CABLE-4_1_1_1_1_1',#11644);
#11683=REPRESENTATION('centroid',(#11681),#11633);
#11684=PROPERTY_DEFINITION_REPRESENTATION(#11682,#11683);
#11685=SHAPE_DEFINITION_REPRESENTATION(#11644,#11638);
#11686=NEXT_ASSEMBLY_USAGE_OCCURRENCE('31','Next assembly relationship',
'CABLE-4',#11717,#11643,$);
#11687=PRODUCT_DEFINITION_SHAPE('Placement #31',
'Placement of CABLE-4_1_1_1_1_1 with respect to RF-1_ASM_1_1_ASM_2_ASM_1_1_ASM',
#11686);
#11689=PROPERTY_DEFINITION('geometric validation property',
'centroid of CABLE-4',#11687);
#11690=REPRESENTATION('centroid',(#11688),#11633);
#11691=PROPERTY_DEFINITION_REPRESENTATION(#11689,#11690);
#11700=AXIS2_PLACEMENT_3D('',#11697,#11698,#11699);
#11703=(LENGTH_UNIT()NAMED_UNIT(*)SI_UNIT(.MILLI.,.METRE.));
#11704=(NAMED_UNIT(*)PLANE_ANGLE_UNIT()SI_UNIT($,.RADIAN.));
#11707=(NAMED_UNIT(*)SI_UNIT($,.STERADIAN.)SOLID_ANGLE_UNIT());
#11709=(GEOMETRIC_REPRESENTATION_CONTEXT(3)GLOBAL_UNCERTAINTY_ASSIGNED_CONTEXT((
#11708))GLOBAL_UNIT_ASSIGNED_CONTEXT((#11703,#11706,#11707))REPRESENTATION_CONTEXT('ID10','3'));
#11713=AXIS2_PLACEMENT_3D('',#11710,#11711,#11712);
#11717=PRODUCT_DEFINITION('part definition','',#11716,#11639);
#11718=(LENGTH_UNIT()NAMED_UNIT(*)SI_UNIT(.MILLI.,.METRE.));
#11722=PROPERTY_DEFINITION('geometric validation property',
'area of RF-1_ASM_1_1_ASM_2_ASM_1_1_ASM',#7659);
#11723=REPRESENTATION('surface area',(#11721),#11709);
#11724=PROPERTY_DEFINITION_REPRESENTATION(#11722,#11723);
#11725=(LENGTH_UNIT()NAMED_UNIT(*)SI_UNIT(.MILLI.,.METRE.));
#11729=PROPERTY_DEFINITION('geometric validation property',
'volume of RF-1_ASM_1_1_ASM_2_ASM_1_1_ASM',#7659);
#11730=REPRESENTATION('volume',(#11728),#11709);
#11731=PROPERTY_DEFINITION_REPRESENTATION(#11729,#11730);
#11733=PROPERTY_DEFINITION('geometric validation property',
'centroid of RF-1_ASM_1_1_ASM_2_ASM_1_1_ASM',#7659);
#11734=REPRESENTATION('centroid',(#11732),#11709);
#11735=PROPERTY_DEFINITION_REPRESENTATION(#11733,#11734);
#11736=SHAPE_DEFINITION_REPRESENTATION(#11737,#11738);
#11737=PRODUCT_DEFINITION_SHAPE('','SHAPE FOR RF-1_ASM_1_1_ASM_ASM_1_1_ASM.',
#11771);
#11738=SHAPE_REPRESENTATION('',(#11753,#11748,#11766),#11762);
#11739=NEXT_ASSEMBLY_USAGE_OCCURRENCE('32','Next assembly relationship',
'RF-1_ASM_1_1_ASM_2',#11771,#11717,$);
#11740=PRODUCT_DEFINITION_SHAPE('Placement #32',
'Placement of RF-1_ASM_1_1_ASM_2_ASM_1_1_ASM with respect to RF-1_ASM_1_1_ASM_ASM_1_1_ASM',#11739);
#11742=PROPERTY_DEFINITION('geometric validation property',
'centroid of RF-1_ASM_1_1_ASM_2',#11740);
#11743=REPRESENTATION('centroid',(#11741),#11709);
#11744=PROPERTY_DEFINITION_REPRESENTATION(#11742,#11743);
#11753=AXIS2_PLACEMENT_3D('',#11750,#11751,#11752);
#11756=(LENGTH_UNIT()NAMED_UNIT(*)SI_UNIT(.MILLI.,.METRE.));
#11757=(NAMED_UNIT(*)PLANE_ANGLE_UNIT()SI_UNIT($,.RADIAN.));
#11760=(NAMED_UNIT(*)SI_UNIT($,.STERADIAN.)SOLID_ANGLE_UNIT());
#11762=(GEOMETRIC_REPRESENTATION_CONTEXT(3)GLOBAL_UNCERTAINTY_ASSIGNED_CONTEXT((
#11761))GLOBAL_UNIT_ASSIGNED_CONTEXT((#11756,#11759,#11760))REPRESENTATION_CONTEXT('ID11','3'));
#11766=AXIS2_PLACEMENT_3D('',#11763,#11764,#11765);
#11771=PRODUCT_DEFINITION('part definition','',#11770,#11767);
#11772=(LENGTH_UNIT()NAMED_UNIT(*)SI_UNIT(.MILLI.,.METRE.));
#11776=PROPERTY_DEFINITION('geometric validation property',
'area of RF-1_ASM_1_1_ASM_ASM_1_1_ASM',#11737);
#11777=REPRESENTATION('surface area',(#11775),#11762);
#11778=PROPERTY_DEFINITION_REPRESENTATION(#11776,#11777);
#11779=(LENGTH_UNIT()NAMED_UNIT(*)SI_UNIT(.MILLI.,.METRE.));
#11783=PROPERTY_DEFINITION('geometric validation property',
'volume of RF-1_ASM_1_1_ASM_ASM_1_1_ASM',#11737);
#11784=REPRESENTATION('volume',(#11782),#11762);
#11785=PROPERTY_DEFINITION_REPRESENTATION(#11783,#11784);
#11787=PROPERTY_DEFINITION('geometric validation property',
'centroid of RF-1_ASM_1_1_ASM_ASM_1_1_ASM',#11737);
#11788=REPRESENTATION('centroid',(#11786),#11762);
#11789=PROPERTY_DEFINITION_REPRESENTATION(#11787,#11788);
#11790=NEXT_ASSEMBLY_USAGE_OCCURRENCE('33','Next assembly relationship',
'RF-1_ASM_1_1_ASM',#11821,#11771,$);
#11791=PRODUCT_DEFINITION_SHAPE('Placement #33',
'Placement of RF-1_ASM_1_1_ASM_ASM_1_1_ASM with respect to YF0023AA_ASM_1_ASM',
#11790);
#11793=PROPERTY_DEFINITION('geometric validation property',
'centroid of RF-1_ASM_1_1_ASM',#11791);
#11794=REPRESENTATION('centroid',(#11792),#11762);
#11795=PROPERTY_DEFINITION_REPRESENTATION(#11793,#11794);
#11804=AXIS2_PLACEMENT_3D('',#11801,#11802,#11803);
#11807=(LENGTH_UNIT()NAMED_UNIT(*)SI_UNIT(.MILLI.,.METRE.));
#11808=(NAMED_UNIT(*)PLANE_ANGLE_UNIT()SI_UNIT($,.RADIAN.));
#11811=(NAMED_UNIT(*)SI_UNIT($,.STERADIAN.)SOLID_ANGLE_UNIT());
#11813=(GEOMETRIC_REPRESENTATION_CONTEXT(3)GLOBAL_UNCERTAINTY_ASSIGNED_CONTEXT((
#11812))GLOBAL_UNIT_ASSIGNED_CONTEXT((#11807,#11810,#11811))REPRESENTATION_CONTEXT('ID12','3'));
#11817=AXIS2_PLACEMENT_3D('',#11814,#11815,#11816);
#11821=PRODUCT_DEFINITION('part definition','',#11820,#11767);
#11822=(LENGTH_UNIT()NAMED_UNIT(*)SI_UNIT(.MILLI.,.METRE.));
#11826=PROPERTY_DEFINITION('geometric validation property',
'area of YF0023AA_ASM_1_ASM',#823);
#11827=REPRESENTATION('surface area',(#11825),#11813);
#11828=PROPERTY_DEFINITION_REPRESENTATION(#11826,#11827);
#11829=(LENGTH_UNIT()NAMED_UNIT(*)SI_UNIT(.MILLI.,.METRE.));
#11833=PROPERTY_DEFINITION('geometric validation property',
'volume of YF0023AA_ASM_1_ASM',#823);
#11834=REPRESENTATION('volume',(#11832),#11813);
#11835=PROPERTY_DEFINITION_REPRESENTATION(#11833,#11834);
#11837=PROPERTY_DEFINITION('geometric validation property',
'centroid of YF0023AA_ASM_1_ASM',#823);
#11838=REPRESENTATION('centroid',(#11836),#11813);
#11839=PROPERTY_DEFINITION_REPRESENTATION(#11837,#11838);
#11840=SHAPE_DEFINITION_REPRESENTATION(#11841,#11842);
#11841=PRODUCT_DEFINITION_SHAPE('','SHAPE FOR YF0023AA_20230309_ASM.',#11872);
#11842=SHAPE_REPRESENTATION('',(#11852,#11866),#11862);
#11843=NEXT_ASSEMBLY_USAGE_OCCURRENCE('34','Next assembly relationship',
'YF0023AA_ASM_1',#11872,#11821,$);
#11844=PRODUCT_DEFINITION_SHAPE('Placement #34',
'Placement of YF0023AA_ASM_1_ASM with respect to YF0023AA_20230309_ASM',#11843);
#11846=PROPERTY_DEFINITION('geometric validation property',
'centroid of YF0023AA_ASM_1',#11844);
#11847=REPRESENTATION('centroid',(#11845),#11813);
#11848=PROPERTY_DEFINITION_REPRESENTATION(#11846,#11847);
#11856=(LENGTH_UNIT()NAMED_UNIT(*)SI_UNIT(.MILLI.,.METRE.));
#11857=(NAMED_UNIT(*)PLANE_ANGLE_UNIT()SI_UNIT($,.RADIAN.));
#11860=(NAMED_UNIT(*)SI_UNIT($,.STERADIAN.)SOLID_ANGLE_UNIT());
#11862=(GEOMETRIC_REPRESENTATION_CONTEXT(3)GLOBAL_UNCERTAINTY_ASSIGNED_CONTEXT((
#11861))GLOBAL_UNIT_ASSIGNED_CONTEXT((#11856,#11859,#11860))REPRESENTATION_CONTEXT('ID13','3'));
#11866=AXIS2_PLACEMENT_3D('',#11863,#11864,#11865);
#11872=PRODUCT_DEFINITION('part definition','',#11871,#11868);
#11873=(LENGTH_UNIT()NAMED_UNIT(*)SI_UNIT(.MILLI.,.METRE.));
#11877=PROPERTY_DEFINITION('geometric validation property',
'area of YF0023AA_20230309_ASM',#11841);
#11878=REPRESENTATION('surface area',(#11876),#11862);
#11879=PROPERTY_DEFINITION_REPRESENTATION(#11877,#11878);
#11880=(LENGTH_UNIT()NAMED_UNIT(*)SI_UNIT(.MILLI.,.METRE.));
#11884=PROPERTY_DEFINITION('geometric validation property',
'volume of YF0023AA_20230309_ASM',#11841);
#11885=REPRESENTATION('volume',(#11883),#11862);
#11886=PROPERTY_DEFINITION_REPRESENTATION(#11884,#11885);
#11888=PROPERTY_DEFINITION('geometric validation property',
'centroid of YF0023AA_20230309_ASM',#11841);
#11889=REPRESENTATION('centroid',(#11887),#11862);
#11890=PROPERTY_DEFINITION_REPRESENTATION(#11888,#11889);
ENDSEC;
END-ISO-10303-21;
