ISO-10303-21;
HEADER;
FILE_DESCRIPTION (( 'STEP AP214' ),
    '1' );
FILE_NAME ('SQJ444EP-T1_GE3.STEP',
    '2024-08-08T07:28:20',
    ( '' ),
    ( '' ),
    'SwSTEP 2.0',
    'SolidWorks 2023',
    '' );
FILE_SCHEMA (( 'AUTOMOTIVE_DESIGN' ));
ENDSEC;

DATA;
#2 = FILL_AREA_STYLE ('',( #4915 ) ) ;
#1 = VECTOR ( 'NONE', #1625, 39.37007874015748143 ) ;
#3 = DIRECTION ( 'NONE',  ( 0.000000000000000000, -0.09584575252021751424, 0.9953961983671795188 ) ) ;
#4 = VECTOR ( 'NONE', #2246, 39.37007874015748854 ) ;
#5 = EDGE_CURVE ( 'NONE', #8180, #3745, #108, .T. ) ;
#6 = ORIENTED_EDGE ( 'NONE', *, *, #5092, .F. ) ;
#7 = LINE ( 'NONE', #8909, #4962 ) ;
#8 = COLOUR_RGB ( '',0.7921568627450980005, 0.8196078431372548767, 0.9333333333333333481 ) ;
#9 = VECTOR ( 'NONE', #3380, 39.37007874015748143 ) ;
#10 = VECTOR ( 'NONE', #2835, 39.37007874015748854 ) ;
#11 = DIRECTION ( 'NONE',  ( 0.000000000000000000, 0.000000000000000000, 1.000000000000000000 ) ) ;
#12 = LENGTH_MEASURE_WITH_UNIT ( LENGTH_MEASURE( 0.02539999999999999897 ), #2450 );
#13 = LINE ( 'NONE', #5592, #3503 ) ;
#14 = PLANE ( 'NONE',  #2321 ) ;
#15 = COLOUR_RGB ( '',0.7921568627450980005, 0.8196078431372548767, 0.9333333333333333481 ) ;
#16 = AXIS2_PLACEMENT_3D ( 'NONE', #3222, #2521, #6813 ) ;
#17 = DIRECTION ( 'NONE',  ( 0.000000000000000000, 0.08715574274765738871, -0.9961946980917454342 ) ) ;
#18 = CARTESIAN_POINT ( 'NONE',  ( -0.08307086614173225803, 0.004805065926099859851, 0.1210629921259844255 ) ) ;
#20 = PRESENTATION_LAYER_ASSIGNMENT (  '', '', ( #6288 ) ) ;
#19 =( NAMED_UNIT ( * ) PLANE_ANGLE_UNIT ( ) SI_UNIT ( $, .RADIAN. ) );
#21 = VECTOR ( 'NONE', #6466, 39.37007874015748143 ) ;
#22 = CARTESIAN_POINT ( 'NONE',  ( -0.09242075248266307108, 0.000000000000000000, 0.004527559055118103234 ) ) ;
#23 = ORIENTED_EDGE ( 'NONE', *, *, #2357, .F. ) ;
#24 = EDGE_CURVE ( 'NONE', #3988, #5728, #2820, .T. ) ;
#25 = LINE ( 'NONE', #5633, #1030 ) ;
#26 = VECTOR ( 'NONE', #7047, 39.37007874015748143 ) ;
#27 = AXIS2_PLACEMENT_3D ( 'NONE', #6740, #6821, #8887 ) ;
#28 = FILL_AREA_STYLE_COLOUR ( '', #5513 ) ;
#29 = CARTESIAN_POINT ( 'NONE',  ( 0.03503937007874018128, 0.01751968503937008370, 0.07982518197702757889 ) ) ;
#30 = MANIFOLD_SOLID_BREP ( 'Imported1', #4969 ) ;
#31 = EDGE_CURVE ( 'NONE', #3020, #5034, #8444, .T. ) ;
#32 = PRESENTATION_STYLE_ASSIGNMENT (( #9011 ) ) ;
#33 = ORIENTED_EDGE ( 'NONE', *, *, #8285, .F. ) ;
#34 = DIRECTION ( 'NONE',  ( 0.000000000000000000, -0.000000000000000000, 1.000000000000000000 ) ) ;
#35 = ORIENTED_EDGE ( 'NONE', *, *, #5748, .T. ) ;
#36 = PRODUCT_DEFINITION_CONTEXT ( 'detailed design', #8927, 'design' ) ;
#37 = ORIENTED_EDGE ( 'NONE', *, *, #3398, .T. ) ;
#38 = VECTOR ( 'NONE', #1545, 39.37007874015748143 ) ;
#39 = SURFACE_STYLE_FILL_AREA ( #2241 ) ;
#40 = DIMENSIONAL_EXPONENTS ( 1.000000000000000000, 0.000000000000000000, 0.000000000000000000, 0.000000000000000000, 0.000000000000000000, 0.000000000000000000, 0.000000000000000000 ) ;
#41 = CARTESIAN_POINT ( 'NONE',  ( -0.05413385826771653642, 0.009842519685039369942, -0.07578740157480313988 ) ) ;
#42 =( NAMED_UNIT ( * ) PLANE_ANGLE_UNIT ( ) SI_UNIT ( $, .RADIAN. ) );
#43 = CARTESIAN_POINT ( 'NONE',  ( 0.07795275590551181688, 0.009842519685039373412, 0.01003937007874015040 ) ) ;
#44 = PRESENTATION_STYLE_ASSIGNMENT (( #3436 ) ) ;
#45 = FACE_OUTER_BOUND ( 'NONE', #6700, .T. ) ;
#46 = PRESENTATION_STYLE_ASSIGNMENT (( #6825 ) ) ;
#47 = ORIENTED_EDGE ( 'NONE', *, *, #4502, .T. ) ;
#48 = PRODUCT ( 'SQJ148EP-T1_GE3_SQJ148EP-T1_GE3', 'SQJ148EP-T1_GE3_SQJ148EP-T1_GE3', '', ( #3003 ) ) ;
#49 = DIRECTION ( 'NONE',  ( -1.000000000000000000, 0.000000000000000000, -0.000000000000000000 ) ) ;
#50 = SURFACE_STYLE_FILL_AREA ( #2 ) ;
#51 =( CONVERSION_BASED_UNIT ( 'INCH', #757 ) LENGTH_UNIT ( ) NAMED_UNIT ( #5688 ) );
#52 = ORIENTED_EDGE ( 'NONE', *, *, #1551, .F. ) ;
#53 = DIRECTION ( 'NONE',  ( -0.000000000000000000, -0.7521705405901403241, 0.6589684953534089562 ) ) ;
#54 =( NAMED_UNIT ( * ) SI_UNIT ( $, .STERADIAN. ) SOLID_ANGLE_UNIT ( ) );
#55 = FILL_AREA_STYLE ('',( #5493 ) ) ;
#56 = SURFACE_STYLE_FILL_AREA ( #722 ) ;
#57 = LENGTH_MEASURE_WITH_UNIT ( LENGTH_MEASURE( 0.02539999999999999897 ), #6969 );
#58 = CARTESIAN_POINT ( 'NONE',  ( -0.08307086614173225803, 0.006220377944235657569, 0.1048859017339656141 ) ) ;
#59 = LENGTH_MEASURE_WITH_UNIT ( LENGTH_MEASURE( 0.02539999999999999897 ), #4302 );
#60 = CARTESIAN_POINT ( 'NONE',  ( -0.07795275590551181688, 0.000000000000000000, -0.01003937007874015908 ) ) ;
#61 =( LENGTH_UNIT ( ) NAMED_UNIT ( * ) SI_UNIT ( $, .METRE. ) );
#62 = FACE_OUTER_BOUND ( 'NONE', #7823, .T. ) ;
#63 = EDGE_LOOP ( 'NONE', ( #8645, #7656, #206, #1649, #4473, #4278, #5235, #3973 ) ) ;
#64 = PRESENTATION_LAYER_ASSIGNMENT (  '', '', ( #2694 ) ) ;
#65 = CARTESIAN_POINT ( 'NONE',  ( 0.01692913385826774753, 0.007004783218323627943, 0.1049545283030582504 ) ) ;
#66 =( CONVERSION_BASED_UNIT ( 'INCH', #772 ) LENGTH_UNIT ( ) NAMED_UNIT ( #4360 ) );
#67 = LINE ( 'NONE', #1466, #7770 ) ;
#68 = LINE ( 'NONE', #7075, #1322 ) ;
#69 = DIRECTION ( 'NONE',  ( 0.000000000000000000, 0.000000000000000000, 1.000000000000000000 ) ) ;
#70 = EDGE_CURVE ( 'NONE', #7984, #3527, #5854, .T. ) ;
#71 =( GEOMETRIC_REPRESENTATION_CONTEXT ( 3 ) GLOBAL_UNCERTAINTY_ASSIGNED_CONTEXT ( ( #73 ) ) GLOBAL_UNIT_ASSIGNED_CONTEXT ( ( #1023, #3936, #2424 ) ) REPRESENTATION_CONTEXT ( 'NONE', 'WORKASPACE' ) );
#72 =( NAMED_UNIT ( * ) PLANE_ANGLE_UNIT ( ) SI_UNIT ( $, .RADIAN. ) );
#73 = UNCERTAINTY_MEASURE_WITH_UNIT (LENGTH_MEASURE( 1.000000000000000082E-05 ), #1023, 'distance_accuracy_value', 'NONE');
#74 = ORIENTED_EDGE ( 'NONE', *, *, #2519, .T. ) ;
#75 = SURFACE_STYLE_FILL_AREA ( #2928 ) ;
#76 = EDGE_LOOP ( 'NONE', ( #8190, #641, #6767, #4298 ) ) ;
#77 = VECTOR ( 'NONE', #6457, 39.37007874015748143 ) ;
#78 = VECTOR ( 'NONE', #6534, 39.37007874015748143 ) ;
#79 = VERTEX_POINT ( 'NONE', #7657 ) ;
#80 =( NAMED_UNIT ( * ) PLANE_ANGLE_UNIT ( ) SI_UNIT ( $, .RADIAN. ) );
#81 = FACE_OUTER_BOUND ( 'NONE', #3886, .T. ) ;
#82 =( LENGTH_UNIT ( ) NAMED_UNIT ( * ) SI_UNIT ( $, .METRE. ) );
#83 = CARTESIAN_POINT ( 'NONE',  ( -0.09242075248266305720, 0.009842519685039373412, -0.004527559055118118847 ) ) ;
#84 = STYLED_ITEM ( 'NONE', ( #2959 ), #4737 ) ;
#85 = FILL_AREA_STYLE ('',( #8381 ) ) ;
#86 = FACE_OUTER_BOUND ( 'NONE', #76, .T. ) ;
#87 = ORIENTED_EDGE ( 'NONE', *, *, #2347, .F. ) ;
#88 = EDGE_CURVE ( 'NONE', #2819, #3962, #6231, .T. ) ;
#89 =( GEOMETRIC_REPRESENTATION_CONTEXT ( 3 ) GLOBAL_UNCERTAINTY_ASSIGNED_CONTEXT ( ( #512 ) ) GLOBAL_UNIT_ASSIGNED_CONTEXT ( ( #360, #8844, #6546 ) ) REPRESENTATION_CONTEXT ( 'NONE', 'WORKASPACE' ) );
#90 = DIRECTION ( 'NONE',  ( 0.000000000000000000, 0.000000000000000000, 1.000000000000000000 ) ) ;
#91 =( NAMED_UNIT ( * ) PLANE_ANGLE_UNIT ( ) SI_UNIT ( $, .RADIAN. ) );
#92 = EDGE_CURVE ( 'NONE', #1780, #785, #9001, .T. ) ;
#93 = CARTESIAN_POINT ( 'NONE',  ( 0.09783464566929132855, 0.000000000000000000, 0.001377952755905507238 ) ) ;
#94 = DIMENSIONAL_EXPONENTS ( 1.000000000000000000, 0.000000000000000000, 0.000000000000000000, 0.000000000000000000, 0.000000000000000000, 0.000000000000000000, 0.000000000000000000 ) ;
#95 = ORIENTED_EDGE ( 'NONE', *, *, #1300, .F. ) ;
#96 = MECHANICAL_DESIGN_GEOMETRIC_PRESENTATION_REPRESENTATION (  '', ( #3858 ), #6358 ) ;
#97 = PLANE ( 'NONE',  #7337 ) ;
#98 = EDGE_CURVE ( 'NONE', #1086, #1709, #8318, .T. ) ;
#99 = DIRECTION ( 'NONE',  ( 0.000000000000000000, -0.000000000000000000, 1.000000000000000000 ) ) ;
#100 = DIRECTION ( 'NONE',  ( 0.000000000000000000, -0.09584575252021751424, 0.9953961983671795188 ) ) ;
#101 = COLOUR_RGB ( '',0.7921568627450980005, 0.8196078431372548767, 0.9333333333333333481 ) ;
#102 =( CONVERSION_BASED_UNIT ( 'INCH', #8396 ) LENGTH_UNIT ( ) NAMED_UNIT ( #4309 ) );
#103 =( NAMED_UNIT ( * ) PLANE_ANGLE_UNIT ( ) SI_UNIT ( $, .RADIAN. ) );
#104 = DIRECTION ( 'NONE',  ( 0.000000000000000000, 0.000000000000000000, 1.000000000000000000 ) ) ;
#105 = LINE ( 'NONE', #417, #1109 ) ;
#106 = CARTESIAN_POINT ( 'NONE',  ( -0.09645669291338582196, 0.009842519685039369942, 0.004527559055118113643 ) ) ;
#107 = ORIENTED_EDGE ( 'NONE', *, *, #8314, .T. ) ;
#108 = LINE ( 'NONE', #810, #7719 ) ;
#109 = FILL_AREA_STYLE ('',( #2957 ) ) ;
#110 = AXIS2_PLACEMENT_3D ( 'NONE', #6071, #7955, #365 ) ;
#111 = MECHANICAL_DESIGN_GEOMETRIC_PRESENTATION_REPRESENTATION (  '', ( #8862 ), #4913 ) ;
#112 = FACE_OUTER_BOUND ( 'NONE', #7082, .T. ) ;
#113 =( LENGTH_UNIT ( ) NAMED_UNIT ( * ) SI_UNIT ( $, .METRE. ) );
#114 = FILL_AREA_STYLE_COLOUR ( '', #7771 ) ;
#115 = PRESENTATION_STYLE_ASSIGNMENT (( #8324 ) ) ;
#116 = FILL_AREA_STYLE_COLOUR ( '', #1580 ) ;
#117 = VECTOR ( 'NONE', #3455, 39.37007874015748143 ) ;
#118 = PRESENTATION_LAYER_ASSIGNMENT (  '', '', ( #4017 ) ) ;
#119 = EDGE_CURVE ( 'NONE', #8204, #951, #6538, .T. ) ;
#120 = ORIENTED_EDGE ( 'NONE', *, *, #1997, .F. ) ;
#121 = ORIENTED_EDGE ( 'NONE', *, *, #6425, .F. ) ;
#122 = EDGE_CURVE ( 'NONE', #6154, #4972, #1152, .T. ) ;
#123 = DIMENSIONAL_EXPONENTS ( 1.000000000000000000, 0.000000000000000000, 0.000000000000000000, 0.000000000000000000, 0.000000000000000000, 0.000000000000000000, 0.000000000000000000 ) ;
#124 = ORIENTED_EDGE ( 'NONE', *, *, #2958, .T. ) ;
#125 = STYLED_ITEM ( 'NONE', ( #1391 ), #8554 ) ;
#126 = DIRECTION ( 'NONE',  ( 1.000000000000000000, 0.000000000000000000, -0.000000000000000000 ) ) ;
#127 = COLOUR_RGB ( '',0.2509803921568627416, 0.2509803921568627416, 0.2509803921568627416 ) ;
#128 = DIRECTION ( 'NONE',  ( 0.000000000000000000, -0.9396926207859079838, -0.3420201433256699342 ) ) ;
#129 = DIRECTION ( 'NONE',  ( 0.000000000000000000, 0.000000000000000000, 1.000000000000000000 ) ) ;
#130 = EDGE_CURVE ( 'NONE', #2967, #5392, #1684, .T. ) ;
#131 = ORIENTED_EDGE ( 'NONE', *, *, #5277, .F. ) ;
#132 = AXIS2_PLACEMENT_3D ( 'NONE', #5083, #7135, #7813 ) ;
#133 = SURFACE_SIDE_STYLE ('',( #5041 ) ) ;
#134 = CARTESIAN_POINT ( 'NONE',  ( 0.03503937007874018128, 0.01173508930892990486, 0.08667802955033566958 ) ) ;
#135 = EDGE_CURVE ( 'NONE', #1020, #4040, #3772, .T. ) ;
#136 = DIRECTION ( 'NONE',  ( 1.000000000000000000, 0.000000000000000000, 1.971091940197113801E-16 ) ) ;
#137 = EDGE_LOOP ( 'NONE', ( #1933, #7948, #3393, #1554 ) ) ;
#138 =( NAMED_UNIT ( * ) SI_UNIT ( $, .STERADIAN. ) SOLID_ANGLE_UNIT ( ) );
#139 = DIRECTION ( 'NONE',  ( 0.000000000000000000, 0.9953961983671795188, 0.09584575252021734770 ) ) ;
#140 = VERTEX_POINT ( 'NONE', #198 ) ;
#141 = MECHANICAL_DESIGN_GEOMETRIC_PRESENTATION_REPRESENTATION (  '', ( #3473 ), #2747 ) ;
#142 =( NAMED_UNIT ( * ) SI_UNIT ( $, .STERADIAN. ) SOLID_ANGLE_UNIT ( ) );
#143 = CARTESIAN_POINT ( 'NONE',  ( 0.07795275590551181688, 0.2556786355646874509, -0.09092820213934121876 ) ) ;
#144 = MECHANICAL_DESIGN_GEOMETRIC_PRESENTATION_REPRESENTATION (  '', ( #8298 ), #7424 ) ;
#145 = CARTESIAN_POINT ( 'NONE',  ( 0.01496062992125986486, 0.01728225441254295155, 0.08117171797437273961 ) ) ;
#146 = COLOUR_RGB ( '',0.7921568627450980005, 0.8196078431372548767, 0.9333333333333333481 ) ;
#147 =( LENGTH_UNIT ( ) NAMED_UNIT ( * ) SI_UNIT ( $, .METRE. ) );
#148 = ORIENTED_EDGE ( 'NONE', *, *, #2949, .T. ) ;
#149 = MECHANICAL_DESIGN_GEOMETRIC_PRESENTATION_REPRESENTATION (  '', ( #712 ), #8585 ) ;
#150 = CARTESIAN_POINT ( 'NONE',  ( 0.09783464566929132855, 0.009842519685039369942, -0.004527559055118113643 ) ) ;
#151 = PRESENTATION_LAYER_ASSIGNMENT (  '', '', ( #4048 ) ) ;
#152 = DIRECTION ( 'NONE',  ( -0.5000000000000013323, 0.000000000000000000, -0.8660254037844379305 ) ) ;
#153 = DIMENSIONAL_EXPONENTS ( 1.000000000000000000, 0.000000000000000000, 0.000000000000000000, 0.000000000000000000, 0.000000000000000000, 0.000000000000000000, 0.000000000000000000 ) ;
#154 = FILL_AREA_STYLE_COLOUR ( '', #2687 ) ;
#155 = FILL_AREA_STYLE_COLOUR ( '', #5429 ) ;
#156 = MECHANICAL_DESIGN_GEOMETRIC_PRESENTATION_REPRESENTATION (  '', ( #3629 ), #2622 ) ;
#157 = STYLED_ITEM ( 'NONE', ( #1996 ), #5994 ) ;
#158 = STYLED_ITEM ( 'NONE', ( #6056 ), #1791 ) ;
#159 =( GEOMETRIC_REPRESENTATION_CONTEXT ( 3 ) GLOBAL_UNCERTAINTY_ASSIGNED_CONTEXT ( ( #7425 ) ) GLOBAL_UNIT_ASSIGNED_CONTEXT ( ( #8367, #4758, #738 ) ) REPRESENTATION_CONTEXT ( 'NONE', 'WORKASPACE' ) );
#160 = LINE ( 'NONE', #5723, #3617 ) ;
#161 =( NAMED_UNIT ( * ) SI_UNIT ( $, .STERADIAN. ) SOLID_ANGLE_UNIT ( ) );
#162 = MECHANICAL_DESIGN_GEOMETRIC_PRESENTATION_REPRESENTATION (  '', ( #1450 ), #5569 ) ;
#163 =( GEOMETRIC_REPRESENTATION_CONTEXT ( 3 ) GLOBAL_UNCERTAINTY_ASSIGNED_CONTEXT ( ( #2590 ) ) GLOBAL_UNIT_ASSIGNED_CONTEXT ( ( #5972, #3308, #578 ) ) REPRESENTATION_CONTEXT ( 'NONE', 'WORKASPACE' ) );
#164 = ORIENTED_EDGE ( 'NONE', *, *, #4173, .F. ) ;
#165 =( CONVERSION_BASED_UNIT ( 'INCH', #6993 ) LENGTH_UNIT ( ) NAMED_UNIT ( #7819 ) );
#166 = ORIENTED_EDGE ( 'NONE', *, *, #6664, .T. ) ;
#167 =( GEOMETRIC_REPRESENTATION_CONTEXT ( 3 ) GLOBAL_UNCERTAINTY_ASSIGNED_CONTEXT ( ( #2663 ) ) GLOBAL_UNIT_ASSIGNED_CONTEXT ( ( #2950, #2352, #142 ) ) REPRESENTATION_CONTEXT ( 'NONE', 'WORKASPACE' ) );
#168 = VECTOR ( 'NONE', #5090, 39.37007874015748143 ) ;
#169 = VECTOR ( 'NONE', #2674, 39.37007874015748143 ) ;
#170 = ORIENTED_EDGE ( 'NONE', *, *, #8100, .T. ) ;
#171 = LINE ( 'NONE', #6368, #6615 ) ;
#172 = CIRCLE ( 'NONE', #5116, 0.01377952755905510404 ) ;
#173 = FILL_AREA_STYLE_COLOUR ( '', #3418 ) ;
#174 = STYLED_ITEM ( 'NONE', ( #1772 ), #3174 ) ;
#175 = CARTESIAN_POINT ( 'NONE',  ( 0.01692913385826774753, 0.01751968503937007676, 0.07982518197702757889 ) ) ;
#176 = DIRECTION ( 'NONE',  ( -1.000000000000000000, 0.000000000000000000, 0.000000000000000000 ) ) ;
#177 = LENGTH_MEASURE_WITH_UNIT ( LENGTH_MEASURE( 0.02539999999999999897 ), #7045 );
#178 =( NAMED_UNIT ( * ) PLANE_ANGLE_UNIT ( ) SI_UNIT ( $, .RADIAN. ) );
#179 = ORIENTED_EDGE ( 'NONE', *, *, #8724, .T. ) ;
#180 = DIMENSIONAL_EXPONENTS ( 1.000000000000000000, 0.000000000000000000, 0.000000000000000000, 0.000000000000000000, 0.000000000000000000, 0.000000000000000000, 0.000000000000000000 ) ;
#181 = CARTESIAN_POINT ( 'NONE',  ( 0.07480314960629921850, 0.2556786355646874509, -0.1049212598425196818 ) ) ;
#182 = EDGE_CURVE ( 'NONE', #1243, #3263, #7972, .T. ) ;
#183 = DIRECTION ( 'NONE',  ( 0.000000000000000000, 0.000000000000000000, -1.000000000000000000 ) ) ;
#184 = FACE_OUTER_BOUND ( 'NONE', #7822, .T. ) ;
#185 = DIRECTION ( 'NONE',  ( 0.000000000000000000, -0.000000000000000000, 1.000000000000000000 ) ) ;
#186 =( CONVERSION_BASED_UNIT ( 'INCH', #7183 ) LENGTH_UNIT ( ) NAMED_UNIT ( #3942 ) );
#187 = ORIENTED_EDGE ( 'NONE', *, *, #4009, .T. ) ;
#188 = ORIENTED_EDGE ( 'NONE', *, *, #31, .T. ) ;
#189 = ADVANCED_FACE ( 'NONE', ( #5759 ), #4505, .T. ) ;
#190 = CARTESIAN_POINT ( 'NONE',  ( 0.08503937007874018406, 0.02244094488188976347, 0.07893700787401573826 ) ) ;
#191 = FILL_AREA_STYLE ('',( #7878 ) ) ;
#192 = LINE ( 'NONE', #7652, #1457 ) ;
#193 = DIRECTION ( 'NONE',  ( 0.000000000000000000, 0.000000000000000000, -1.000000000000000000 ) ) ;
#194 = CARTESIAN_POINT ( 'NONE',  ( -0.01496062992125982496, 0.02653119753051446164, 0.08453805796773562753 ) ) ;
#195 = DIRECTION ( 'NONE',  ( 0.000000000000000000, 0.9396926207859079838, 0.3420201433256698786 ) ) ;
#196 = SURFACE_STYLE_FILL_AREA ( #6518 ) ;
#197 = VERTEX_POINT ( 'NONE', #7930 ) ;
#198 = CARTESIAN_POINT ( 'NONE',  ( -0.07795275590551183076, 0.009842519685039373412, -0.09092820213934121876 ) ) ;
#199 =( LENGTH_UNIT ( ) NAMED_UNIT ( * ) SI_UNIT ( $, .METRE. ) );
#200 =( NAMED_UNIT ( * ) PLANE_ANGLE_UNIT ( ) SI_UNIT ( $, .RADIAN. ) );
#201 = DIRECTION ( 'NONE',  ( -0.000000000000000000, 0.000000000000000000, -1.000000000000000000 ) ) ;
#202 = EDGE_CURVE ( 'NONE', #6992, #3328, #2889, .T. ) ;
#203 = DIRECTION ( 'NONE',  ( 0.000000000000000000, 0.000000000000000000, 1.000000000000000000 ) ) ;
#204 = ORIENTED_EDGE ( 'NONE', *, *, #4552, .F. ) ;
#205 = CARTESIAN_POINT ( 'NONE',  ( 0.000000000000000000, 0.000000000000000000, 0.000000000000000000 ) ) ;
#206 = ORIENTED_EDGE ( 'NONE', *, *, #2111, .T. ) ;
#207 = ORIENTED_EDGE ( 'NONE', *, *, #5043, .T. ) ;
#208 = EDGE_CURVE ( 'NONE', #1041, #6303, #2314, .T. ) ;
#209 = CARTESIAN_POINT ( 'NONE',  ( -0.07795275590551181688, 0.2556786355646874509, -0.01003937007874015908 ) ) ;
#210 = DIMENSIONAL_EXPONENTS ( 1.000000000000000000, 0.000000000000000000, 0.000000000000000000, 0.000000000000000000, 0.000000000000000000, 0.000000000000000000, 0.000000000000000000 ) ;
#211 = CARTESIAN_POINT ( 'NONE',  ( -0.01496062992125982496, 0.004805065926099859851, 0.1210629921259844255 ) ) ;
#212 = DIRECTION ( 'NONE',  ( -0.000000000000000000, 1.000000000000000000, -0.000000000000000000 ) ) ;
#213 = DIRECTION ( 'NONE',  ( 0.000000000000000000, 2.633062418893370729E-15, 1.000000000000000000 ) ) ;
#214 = SURFACE_STYLE_FILL_AREA ( #3743 ) ;
#215 = AXIS2_PLACEMENT_3D ( 'NONE', #209, #786, #3561 ) ;
#216 = VECTOR ( 'NONE', #8089, 39.37007874015748143 ) ;
#217 = VERTEX_POINT ( 'NONE', #7249 ) ;
#218 = PRESENTATION_LAYER_ASSIGNMENT (  '', '', ( #1076 ) ) ;
#219 = STYLED_ITEM ( 'NONE', ( #2723 ), #3814 ) ;
#220 = DIRECTION ( 'NONE',  ( 0.000000000000000000, 0.7521705405901419894, -0.6589684953534071798 ) ) ;
#221 = CARTESIAN_POINT ( 'NONE',  ( 0.07795275590551181688, 0.000000000000000000, 0.01003937007874015040 ) ) ;
#222 =( LENGTH_UNIT ( ) NAMED_UNIT ( * ) SI_UNIT ( $, .METRE. ) );
#223 = SURFACE_STYLE_USAGE ( .BOTH. , #5706 ) ;
#224 = UNCERTAINTY_MEASURE_WITH_UNIT (LENGTH_MEASURE( 1.000000000000000082E-05 ), #6968, 'distance_accuracy_value', 'NONE');
#225 = LENGTH_MEASURE_WITH_UNIT ( LENGTH_MEASURE( 0.02539999999999999897 ), #8478 );
#226 = VERTEX_POINT ( 'NONE', #7834 ) ;
#227 = EDGE_CURVE ( 'NONE', #8515, #5399, #5161, .T. ) ;
#228 = EDGE_LOOP ( 'NONE', ( #888, #6118, #315, #2996, #5087, #7017, #8559 ) ) ;
#229 = CARTESIAN_POINT ( 'NONE',  ( 0.09645669291338582196, 0.000000000000000000, 0.07677619065068530535 ) ) ;
#230 = LENGTH_MEASURE_WITH_UNIT ( LENGTH_MEASURE( 0.02539999999999999897 ), #1728 );
#231 = FILL_AREA_STYLE ('',( #2267 ) ) ;
#232 = CARTESIAN_POINT ( 'NONE',  ( 0.09645669291338584972, 0.000000000000000000, -0.1049212598425196818 ) ) ;
#233 = PRESENTATION_LAYER_ASSIGNMENT (  '', '', ( #8696 ) ) ;
#234 = DIMENSIONAL_EXPONENTS ( 1.000000000000000000, 0.000000000000000000, 0.000000000000000000, 0.000000000000000000, 0.000000000000000000, 0.000000000000000000, 0.000000000000000000 ) ;
#235 = CARTESIAN_POINT ( 'NONE',  ( -0.07795275590551183076, 0.009842519685039373412, -0.01003937007874015908 ) ) ;
#236 = LINE ( 'NONE', #6355, #1955 ) ;
#237 = ORIENTED_EDGE ( 'NONE', *, *, #6377, .T. ) ;
#238 = SURFACE_SIDE_STYLE ('',( #5907 ) ) ;
#239 = FACE_OUTER_BOUND ( 'NONE', #3295, .T. ) ;
#240 = CIRCLE ( 'NONE', #7213, 0.003937007874015758385 ) ;
#241 = LINE ( 'NONE', #7348, #8507 ) ;
#242 = CARTESIAN_POINT ( 'NONE',  ( -0.07480314960629921850, 0.000000000000000000, -0.1049212598425196680 ) ) ;
#243 = SURFACE_STYLE_FILL_AREA ( #6620 ) ;
#244 = CARTESIAN_POINT ( 'NONE',  ( -0.06692913385826769479, 0.01751968503937008717, 0.07982518197702757889 ) ) ;
#245 =( NAMED_UNIT ( * ) SI_UNIT ( $, .STERADIAN. ) SOLID_ANGLE_UNIT ( ) );
#246 = CARTESIAN_POINT ( 'NONE',  ( 0.09783464566929132855, 0.009842519685039369942, -0.004527559055118113643 ) ) ;
#247 =( NAMED_UNIT ( * ) SI_UNIT ( $, .STERADIAN. ) SOLID_ANGLE_UNIT ( ) );
#248 = STYLED_ITEM ( 'NONE', ( #6086 ), #7686 ) ;
#249 = EDGE_CURVE ( 'NONE', #703, #8727, #7112, .T. ) ;
#250 = ORIENTED_EDGE ( 'NONE', *, *, #4942, .F. ) ;
#251 = COLOUR_RGB ( '',0.2509803921568627416, 0.2509803921568627416, 0.2509803921568627416 ) ;
#252 = ORIENTED_EDGE ( 'NONE', *, *, #7429, .F. ) ;
#253 = ORIENTED_EDGE ( 'NONE', *, *, #5731, .T. ) ;
#254 = PLANE ( 'NONE',  #8823 ) ;
#255 = EDGE_CURVE ( 'NONE', #8370, #1016, #7161, .T. ) ;
#256 = DIRECTION ( 'NONE',  ( -0.000000000000000000, -1.000000000000000000, 0.000000000000000000 ) ) ;
#257 = DIMENSIONAL_EXPONENTS ( 1.000000000000000000, 0.000000000000000000, 0.000000000000000000, 0.000000000000000000, 0.000000000000000000, 0.000000000000000000, 0.000000000000000000 ) ;
#258 =( LENGTH_UNIT ( ) NAMED_UNIT ( * ) SI_UNIT ( $, .METRE. ) );
#259 = STYLED_ITEM ( 'NONE', ( #7675 ), #2673 ) ;
#260 = ORIENTED_EDGE ( 'NONE', *, *, #7751, .F. ) ;
#261 =( GEOMETRIC_REPRESENTATION_CONTEXT ( 3 ) GLOBAL_UNCERTAINTY_ASSIGNED_CONTEXT ( ( #5193 ) ) GLOBAL_UNIT_ASSIGNED_CONTEXT ( ( #5412, #8041, #8957 ) ) REPRESENTATION_CONTEXT ( 'NONE', 'WORKASPACE' ) );
#262 = EDGE_CURVE ( 'NONE', #5399, #8896, #3092, .T. ) ;
#263 = VERTEX_POINT ( 'NONE', #6399 ) ;
#264 = EDGE_CURVE ( 'NONE', #7353, #3854, #3200, .T. ) ;
#265 = LINE ( 'NONE', #2383, #3399 ) ;
#266 = LENGTH_MEASURE_WITH_UNIT ( LENGTH_MEASURE( 0.02539999999999999897 ), #3542 );
#267 = CARTESIAN_POINT ( 'NONE',  ( -0.01496062992125982496, 0.01822099969626657726, 0.09408128290260084348 ) ) ;
#268 = CARTESIAN_POINT ( 'NONE',  ( 0.07795275590551181688, 0.009842519685039369942, 0.01003937007874015040 ) ) ;
#269 = FILL_AREA_STYLE ('',( #7328 ) ) ;
#270 = DIRECTION ( 'NONE',  ( -0.000000000000000000, -1.000000000000000000, -0.000000000000000000 ) ) ;
#271 = ORIENTED_EDGE ( 'NONE', *, *, #5906, .F. ) ;
#272 = EDGE_LOOP ( 'NONE', ( #6612, #4671, #1253, #4797 ) ) ;
#273 = SURFACE_STYLE_USAGE ( .BOTH. , #3712 ) ;
#274 = EDGE_CURVE ( 'NONE', #6254, #5818, #3644, .T. ) ;
#275 =( CONVERSION_BASED_UNIT ( 'INCH', #1540 ) LENGTH_UNIT ( ) NAMED_UNIT ( #4553 ) );
#276 =( NAMED_UNIT ( * ) PLANE_ANGLE_UNIT ( ) SI_UNIT ( $, .RADIAN. ) );
#277 = UNCERTAINTY_MEASURE_WITH_UNIT (LENGTH_MEASURE( 1.000000000000000082E-05 ), #1124, 'distance_accuracy_value', 'NONE');
#278 = FILL_AREA_STYLE ('',( #6516 ) ) ;
#279 = VECTOR ( 'NONE', #2571, 39.37007874015748143 ) ;
#280 =( NAMED_UNIT ( * ) PLANE_ANGLE_UNIT ( ) SI_UNIT ( $, .RADIAN. ) );
#281 = DIRECTION ( 'NONE',  ( -1.000000000000000000, -0.000000000000000000, -0.000000000000000000 ) ) ;
#282 = EDGE_LOOP ( 'NONE', ( #8410, #6216, #5580, #7199 ) ) ;
#283 = DIRECTION ( 'NONE',  ( -0.000000000000000000, 1.000000000000000000, 0.000000000000000000 ) ) ;
#284 = LENGTH_MEASURE_WITH_UNIT ( LENGTH_MEASURE( 0.02539999999999999897 ), #199 );
#285 = COLOUR_RGB ( '',0.2509803921568627416, 0.2509803921568627416, 0.2509803921568627416 ) ;
#286 = CARTESIAN_POINT ( 'NONE',  ( -0.03503937007874013965, 0.02653119753051446511, 0.08453805796773562753 ) ) ;
#287 = SURFACE_STYLE_FILL_AREA ( #6666 ) ;
#288 =( CONVERSION_BASED_UNIT ( 'INCH', #5212 ) LENGTH_UNIT ( ) NAMED_UNIT ( #5991 ) );
#289 = LENGTH_MEASURE_WITH_UNIT ( LENGTH_MEASURE( 0.02539999999999999897 ), #7839 );
#290 = PRESENTATION_STYLE_ASSIGNMENT (( #1048 ) ) ;
#291 = VECTOR ( 'NONE', #1238, 39.37007874015748143 ) ;
#292 = EDGE_CURVE ( 'NONE', #2522, #79, #1740, .T. ) ;
#293 = AXIS2_PLACEMENT_3D ( 'NONE', #469, #6036, #7427 ) ;
#294 = LENGTH_MEASURE_WITH_UNIT ( LENGTH_MEASURE( 0.02539999999999999897 ), #6527 );
#295 = PRESENTATION_LAYER_ASSIGNMENT (  '', '', ( #4492 ) ) ;
#296 = ORIENTED_EDGE ( 'NONE', *, *, #6543, .F. ) ;
#297 = ORIENTED_EDGE ( 'NONE', *, *, #227, .T. ) ;
#298 = VERTEX_POINT ( 'NONE', #1819 ) ;
#299 = MECHANICAL_DESIGN_GEOMETRIC_PRESENTATION_REPRESENTATION (  '', ( #7568 ), #7277 ) ;
#300 = STYLED_ITEM ( 'NONE', ( #392 ), #2377 ) ;
#301 = PLANE ( 'NONE',  #5422 ) ;
#302 = LINE ( 'NONE', #3737, #78 ) ;
#303 = ADVANCED_FACE ( 'NONE', ( #8819 ), #2549, .F. ) ;
#304 = SURFACE_STYLE_USAGE ( .BOTH. , #1057 ) ;
#305 = DIRECTION ( 'NONE',  ( 0.000000000000000000, -0.08715574274765738871, 0.9961946980917454342 ) ) ;
#306 = PRESENTATION_LAYER_ASSIGNMENT (  '', '', ( #1450 ) ) ;
#307 = CIRCLE ( 'NONE', #7139, 0.0007874015748031346334 ) ;
#308 = CARTESIAN_POINT ( 'NONE',  ( 0.07795275590551181688, 0.009842519685039369942, -0.09092820213934121876 ) ) ;
#309 = PRESENTATION_LAYER_ASSIGNMENT (  '', '', ( #2911 ) ) ;
#310 = VERTEX_POINT ( 'NONE', #6716 ) ;
#311 = SURFACE_STYLE_USAGE ( .BOTH. , #5378 ) ;
#312 = STYLED_ITEM ( 'NONE', ( #555 ), #5996 ) ;
#313 = STYLED_ITEM ( 'NONE', ( #8833 ), #1784 ) ;
#314 = VERTEX_POINT ( 'NONE', #6759 ) ;
#315 = ORIENTED_EDGE ( 'NONE', *, *, #2111, .F. ) ;
#316 = AXIS2_PLACEMENT_3D ( 'NONE', #4753, #8361, #1290 ) ;
#317 = DIRECTION ( 'NONE',  ( 0.000000000000000000, 0.000000000000000000, -1.000000000000000000 ) ) ;
#318 = AXIS2_PLACEMENT_3D ( 'NONE', #3835, #3798, #8589 ) ;
#319 = LENGTH_MEASURE_WITH_UNIT ( LENGTH_MEASURE( 0.02539999999999999897 ), #964 );
#320 = PLANE ( 'NONE',  #7267 ) ;
#321 =( NAMED_UNIT ( * ) SI_UNIT ( $, .STERADIAN. ) SOLID_ANGLE_UNIT ( ) );
#322 = DIRECTION ( 'NONE',  ( 0.000000000000000000, 0.000000000000000000, 1.000000000000000000 ) ) ;
#323 = DIRECTION ( 'NONE',  ( 0.000000000000000000, 0.000000000000000000, 1.000000000000000000 ) ) ;
#324 = AXIS2_PLACEMENT_3D ( 'NONE', #3144, #1045, #5267 ) ;
#325 = COLOUR_RGB ( '',0.7921568627450980005, 0.8196078431372548767, 0.9333333333333333481 ) ;
#326 = DIMENSIONAL_EXPONENTS ( 1.000000000000000000, 0.000000000000000000, 0.000000000000000000, 0.000000000000000000, 0.000000000000000000, 0.000000000000000000, 0.000000000000000000 ) ;
#327 =( NAMED_UNIT ( * ) PLANE_ANGLE_UNIT ( ) SI_UNIT ( $, .RADIAN. ) );
#328 = SURFACE_STYLE_FILL_AREA ( #5346 ) ;
#329 = DIRECTION ( 'NONE',  ( 0.000000000000000000, -1.000000000000000000, 0.000000000000000000 ) ) ;
#330 = EDGE_LOOP ( 'NONE', ( #6950, #2356, #1981, #5609 ) ) ;
#331 = DIMENSIONAL_EXPONENTS ( 1.000000000000000000, 0.000000000000000000, 0.000000000000000000, 0.000000000000000000, 0.000000000000000000, 0.000000000000000000, 0.000000000000000000 ) ;
#332 = ORIENTED_EDGE ( 'NONE', *, *, #5797, .T. ) ;
#333 =( NAMED_UNIT ( * ) PLANE_ANGLE_UNIT ( ) SI_UNIT ( $, .RADIAN. ) );
#334 = CARTESIAN_POINT ( 'NONE',  ( -0.01496062992125982496, 0.02653119753051446511, 0.08453805796773562753 ) ) ;
#335 = DIRECTION ( 'NONE',  ( -1.000000000000000000, -0.000000000000000000, -0.000000000000000000 ) ) ;
#336 = PLANE ( 'NONE',  #9006 ) ;
#337 = CARTESIAN_POINT ( 'NONE',  ( 0.01692913385826774753, 0.007004783218323627943, 0.1049545283030582504 ) ) ;
#338 = ORIENTED_EDGE ( 'NONE', *, *, #514, .T. ) ;
#339 = DIRECTION ( 'NONE',  ( -1.000000000000000000, -0.000000000000000000, -0.000000000000000000 ) ) ;
#340 = DIRECTION ( 'NONE',  ( -0.000000000000000000, -0.6589684953534065137, -0.7521705405901426555 ) ) ;
#341 = SURFACE_SIDE_STYLE ('',( #3249 ) ) ;
#342 =( NAMED_UNIT ( * ) PLANE_ANGLE_UNIT ( ) SI_UNIT ( $, .RADIAN. ) );
#343 = DIRECTION ( 'NONE',  ( 0.000000000000000000, 0.7521705405901403241, -0.6589684953534089562 ) ) ;
#344 = LINE ( 'NONE', #1049, #4904 ) ;
#345 = LINE ( 'NONE', #1648, #4197 ) ;
#346 = EDGE_LOOP ( 'NONE', ( #7317, #474, #4831, #3841 ) ) ;
#347 = ORIENTED_EDGE ( 'NONE', *, *, #8544, .F. ) ;
#348 = EDGE_CURVE ( 'NONE', #6286, #6114, #6138, .T. ) ;
#349 = CARTESIAN_POINT ( 'NONE',  ( -0.06496062992125982427, 0.01173508930892990659, 0.08667802955033566958 ) ) ;
#350 = DIMENSIONAL_EXPONENTS ( 1.000000000000000000, 0.000000000000000000, 0.000000000000000000, 0.000000000000000000, 0.000000000000000000, 0.000000000000000000, 0.000000000000000000 ) ;
#351 = CARTESIAN_POINT ( 'NONE',  ( -0.06496062992125982427, -2.134256245050205639E-18, 0.09695901468261183820 ) ) ;
#352 = LENGTH_MEASURE_WITH_UNIT ( LENGTH_MEASURE( 0.02539999999999999897 ), #957 );
#353 = CARTESIAN_POINT ( 'NONE',  ( -0.01692913385826769201, 0.007004783218323627943, 0.1049545283030582504 ) ) ;
#354 = ORIENTED_EDGE ( 'NONE', *, *, #2248, .T. ) ;
#355 = FILL_AREA_STYLE_COLOUR ( '', #8720 ) ;
#356 = ORIENTED_EDGE ( 'NONE', *, *, #1216, .F. ) ;
#357 = VECTOR ( 'NONE', #7023, 39.37007874015748143 ) ;
#358 = ORIENTED_EDGE ( 'NONE', *, *, #3880, .F. ) ;
#359 = SURFACE_STYLE_FILL_AREA ( #6684 ) ;
#360 =( CONVERSION_BASED_UNIT ( 'INCH', #1799 ) LENGTH_UNIT ( ) NAMED_UNIT ( #1643 ) );
#361 = FACE_OUTER_BOUND ( 'NONE', #1472, .T. ) ;
#362 = LINE ( 'NONE', #5784, #985 ) ;
#363 =( GEOMETRIC_REPRESENTATION_CONTEXT ( 3 ) GLOBAL_UNCERTAINTY_ASSIGNED_CONTEXT ( ( #6990 ) ) GLOBAL_UNIT_ASSIGNED_CONTEXT ( ( #3432, #8974, #6120 ) ) REPRESENTATION_CONTEXT ( 'NONE', 'WORKASPACE' ) );
#364 = PLANE ( 'NONE',  #3640 ) ;
#365 = DIRECTION ( 'NONE',  ( 0.000000000000000000, 0.000000000000000000, 1.000000000000000000 ) ) ;
#366 = LINE ( 'NONE', #6073, #7969 ) ;
#367 = EDGE_CURVE ( 'NONE', #4993, #5976, #8167, .T. ) ;
#368 = DIRECTION ( 'NONE',  ( 0.000000000000000000, -0.9762960071199346945, 0.2164396139380967699 ) ) ;
#369 = ORIENTED_EDGE ( 'NONE', *, *, #8162, .T. ) ;
#370 = VECTOR ( 'NONE', #4988, 39.37007874015748143 ) ;
#371 = UNCERTAINTY_MEASURE_WITH_UNIT (LENGTH_MEASURE( 1.000000000000000082E-05 ), #3818, 'distance_accuracy_value', 'NONE');
#372 = VECTOR ( 'NONE', #8965, 39.37007874015748854 ) ;
#373 = ADVANCED_FACE ( 'NONE', ( #3822 ), #381, .F. ) ;
#374 = CARTESIAN_POINT ( 'NONE',  ( 0.09783464566929132855, 0.009842519685039369942, 0.01003937007874015040 ) ) ;
#375 = CARTESIAN_POINT ( 'NONE',  ( -0.06496062992125982427, 0.004805065926099859851, 0.1210629921259844255 ) ) ;
#376 = CARTESIAN_POINT ( 'NONE',  ( -0.09783464566929132855, 0.000000000000000000, -0.001377952755905514828 ) ) ;
#377 = COLOUR_RGB ( '',0.7921568627450980005, 0.8196078431372548767, 0.9333333333333333481 ) ;
#378 = EDGE_LOOP ( 'NONE', ( #7537, #4397, #2605, #8614 ) ) ;
#379 = CARTESIAN_POINT ( 'NONE',  ( 0.03503937007874018128, -0.003584687981864215830, 0.1040280696203075561 ) ) ;
#380 = VERTEX_POINT ( 'NONE', #6261 ) ;
#381 = PLANE ( 'NONE',  #1435 ) ;
#382 =( LENGTH_UNIT ( ) NAMED_UNIT ( * ) SI_UNIT ( $, .METRE. ) );
#383 = DIMENSIONAL_EXPONENTS ( 1.000000000000000000, 0.000000000000000000, 0.000000000000000000, 0.000000000000000000, 0.000000000000000000, 0.000000000000000000, 0.000000000000000000 ) ;
#384 =( CONVERSION_BASED_UNIT ( 'INCH', #6665 ) LENGTH_UNIT ( ) NAMED_UNIT ( #7171 ) );
#385 = CARTESIAN_POINT ( 'NONE',  ( -0.07795275590551181688, 0.2556786355646874509, -0.09092820213934121876 ) ) ;
#386 = PRESENTATION_LAYER_ASSIGNMENT (  '', '', ( #3000 ) ) ;
#387 = SURFACE_SIDE_STYLE ('',( #5960 ) ) ;
#388 = DIMENSIONAL_EXPONENTS ( 1.000000000000000000, 0.000000000000000000, 0.000000000000000000, 0.000000000000000000, 0.000000000000000000, 0.000000000000000000, 0.000000000000000000 ) ;
#389 = DIRECTION ( 'NONE',  ( -0.5000000000000012212, 0.000000000000000000, 0.8660254037844379305 ) ) ;
#390 = DIRECTION ( 'NONE',  ( 0.000000000000000000, 0.000000000000000000, 1.000000000000000000 ) ) ;
#391 = CARTESIAN_POINT ( 'NONE',  ( 0.07795275590551181688, 0.009842519685039369942, -0.09092820213934121876 ) ) ;
#392 = PRESENTATION_STYLE_ASSIGNMENT (( #8042 ) ) ;
#393 = EDGE_LOOP ( 'NONE', ( #6777, #2767, #204, #3801 ) ) ;
#394 = ORIENTED_EDGE ( 'NONE', *, *, #3695, .T. ) ;
#395 =( NAMED_UNIT ( * ) SI_UNIT ( $, .STERADIAN. ) SOLID_ANGLE_UNIT ( ) );
#396 = PRESENTATION_LAYER_ASSIGNMENT (  '', '', ( #4284 ) ) ;
#397 = SURFACE_STYLE_USAGE ( .BOTH. , #5875 ) ;
#398 =( NAMED_UNIT ( * ) PLANE_ANGLE_UNIT ( ) SI_UNIT ( $, .RADIAN. ) );
#399 = LINE ( 'NONE', #4415, #7494 ) ;
#400 = LENGTH_MEASURE_WITH_UNIT ( LENGTH_MEASURE( 0.02539999999999999897 ), #5921 );
#401 = ADVANCED_FACE ( 'NONE', ( #8300 ), #759, .T. ) ;
#402 =( GEOMETRIC_REPRESENTATION_CONTEXT ( 3 ) GLOBAL_UNCERTAINTY_ASSIGNED_CONTEXT ( ( #5303 ) ) GLOBAL_UNIT_ASSIGNED_CONTEXT ( ( #1038, #7477, #1815 ) ) REPRESENTATION_CONTEXT ( 'NONE', 'WORKASPACE' ) );
#403 = FACE_OUTER_BOUND ( 'NONE', #1662, .T. ) ;
#404 = LINE ( 'NONE', #5230, #550 ) ;
#405 = ADVANCED_FACE ( 'NONE', ( #2770 ), #4921, .F. ) ;
#406 = ORIENTED_EDGE ( 'NONE', *, *, #7903, .F. ) ;
#407 = ORIENTED_EDGE ( 'NONE', *, *, #2535, .F. ) ;
#408 = ORIENTED_EDGE ( 'NONE', *, *, #3460, .T. ) ;
#409 = COLOUR_RGB ( '',0.7921568627450980005, 0.8196078431372548767, 0.9333333333333333481 ) ;
#410 = VECTOR ( 'NONE', #1939, 39.37007874015748143 ) ;
#411 = DIRECTION ( 'NONE',  ( -1.000000000000000000, 0.000000000000000000, -0.000000000000000000 ) ) ;
#412 = VECTOR ( 'NONE', #4260, 39.37007874015748143 ) ;
#413 = SURFACE_STYLE_USAGE ( .BOTH. , #1025 ) ;
#414 = DIRECTION ( 'NONE',  ( 1.000000000000000000, 0.000000000000000000, 0.000000000000000000 ) ) ;
#415 = CARTESIAN_POINT ( 'NONE',  ( -0.03503937007874014659, 0.01728225441254295155, 0.08117171797437273961 ) ) ;
#416 = VECTOR ( 'NONE', #3043, 39.37007874015748143 ) ;
#417 = CARTESIAN_POINT ( 'NONE',  ( -0.08307086614173225803, 0.01751968503937007329, 0.07982518197702757889 ) ) ;
#418 = ADVANCED_FACE ( 'NONE', ( #6929 ), #8254, .F. ) ;
#419 = CARTESIAN_POINT ( 'NONE',  ( -0.08503937007874014242, 0.01358267716535432532, 0.07982518197702757889 ) ) ;
#420 = DIRECTION ( 'NONE',  ( 0.000000000000000000, 0.000000000000000000, 1.000000000000000000 ) ) ;
#421 = EDGE_LOOP ( 'NONE', ( #8506, #781, #7549, #5152, #798, #2382 ) ) ;
#422 = PRESENTATION_LAYER_ASSIGNMENT (  '', '', ( #6117 ) ) ;
#423 = UNCERTAINTY_MEASURE_WITH_UNIT (LENGTH_MEASURE( 1.000000000000000082E-05 ), #1050, 'distance_accuracy_value', 'NONE');
#424 = ADVANCED_FACE ( 'NONE', ( #7821 ), #5745, .T. ) ;
#425 = LINE ( 'NONE', #3281, #4923 ) ;
#426 = ORIENTED_EDGE ( 'NONE', *, *, #1160, .F. ) ;
#427 = ORIENTED_EDGE ( 'NONE', *, *, #202, .F. ) ;
#428 = DIRECTION ( 'NONE',  ( 0.000000000000000000, 2.633062418893370729E-15, 1.000000000000000000 ) ) ;
#429 =( NAMED_UNIT ( * ) PLANE_ANGLE_UNIT ( ) SI_UNIT ( $, .RADIAN. ) );
#430 = PLANE ( 'NONE',  #7000 ) ;
#431 = FACE_OUTER_BOUND ( 'NONE', #896, .T. ) ;
#432 = COLOUR_RGB ( '',0.2509803921568627416, 0.2509803921568627416, 0.2509803921568627416 ) ;
#433 = LINE ( 'NONE', #6763, #7939 ) ;
#434 = FILL_AREA_STYLE ('',( #3867 ) ) ;
#435 = VERTEX_POINT ( 'NONE', #2985 ) ;
#436 = VECTOR ( 'NONE', #8664, 39.37007874015748854 ) ;
#437 = ORIENTED_EDGE ( 'NONE', *, *, #8939, .F. ) ;
#438 = DIRECTION ( 'NONE',  ( -0.000000000000000000, 0.000000000000000000, -1.000000000000000000 ) ) ;
#439 = DIRECTION ( 'NONE',  ( -0.1728726807823794953, -0.9804096916296639597, -0.09440271605065644889 ) ) ;
#440 =( GEOMETRIC_REPRESENTATION_CONTEXT ( 3 ) GLOBAL_UNCERTAINTY_ASSIGNED_CONTEXT ( ( #572 ) ) GLOBAL_UNIT_ASSIGNED_CONTEXT ( ( #1067, #1341, #4852 ) ) REPRESENTATION_CONTEXT ( 'NONE', 'WORKASPACE' ) );
#441 = DIRECTION ( 'NONE',  ( 0.000000000000000000, -1.000000000000000000, 0.000000000000000000 ) ) ;
#442 = VECTOR ( 'NONE', #90, 39.37007874015748143 ) ;
#443 = COLOUR_RGB ( '',0.7921568627450980005, 0.8196078431372548767, 0.9333333333333333481 ) ;
#444 = LINE ( 'NONE', #491, #4129 ) ;
#445 =( NAMED_UNIT ( * ) SI_UNIT ( $, .STERADIAN. ) SOLID_ANGLE_UNIT ( ) );
#446 = SURFACE_STYLE_FILL_AREA ( #4566 ) ;
#447 = ORIENTED_EDGE ( 'NONE', *, *, #5450, .T. ) ;
#448 = DIMENSIONAL_EXPONENTS ( 1.000000000000000000, 0.000000000000000000, 0.000000000000000000, 0.000000000000000000, 0.000000000000000000, 0.000000000000000000, 0.000000000000000000 ) ;
#449 = ORIENTED_EDGE ( 'NONE', *, *, #1203, .T. ) ;
#450 = MECHANICAL_DESIGN_GEOMETRIC_PRESENTATION_REPRESENTATION (  '', ( #7694 ), #4043 ) ;
#451 = MECHANICAL_DESIGN_GEOMETRIC_PRESENTATION_REPRESENTATION (  '', ( #3771 ), #2756 ) ;
#452 = ORIENTED_EDGE ( 'NONE', *, *, #7877, .T. ) ;
#453 = CARTESIAN_POINT ( 'NONE',  ( 0.03307086614173231076, 0.01358267716535432532, 0.07982518197702757889 ) ) ;
#455 = LINE ( 'NONE', #8847, #1297 ) ;
#454 = VECTOR ( 'NONE', #6479, 39.37007874015748143 ) ;
#456 = PRESENTATION_LAYER_ASSIGNMENT (  '', '', ( #8316 ) ) ;
#457 = CIRCLE ( 'NONE', #2044, 0.01377952755905510404 ) ;
#458 =( LENGTH_UNIT ( ) NAMED_UNIT ( * ) SI_UNIT ( $, .METRE. ) );
#459 = FILL_AREA_STYLE ('',( #6785 ) ) ;
#460 =( LENGTH_UNIT ( ) NAMED_UNIT ( * ) SI_UNIT ( $, .METRE. ) );
#461 = PRESENTATION_LAYER_ASSIGNMENT (  '', '', ( #8319 ) ) ;
#462 = STYLED_ITEM ( 'NONE', ( #3236 ), #3169 ) ;
#463 = CARTESIAN_POINT ( 'NONE',  ( -0.06496062992125982427, 0.01358267716535432532, 0.07982518197702757889 ) ) ;
#464 = PRESENTATION_STYLE_ASSIGNMENT (( #5149 ) ) ;
#465 = ORIENTED_EDGE ( 'NONE', *, *, #7508, .T. ) ;
#466 = PRESENTATION_LAYER_ASSIGNMENT (  '', '', ( #4350 ) ) ;
#467 = UNCERTAINTY_MEASURE_WITH_UNIT (LENGTH_MEASURE( 1.000000000000000082E-05 ), #5410, 'distance_accuracy_value', 'NONE');
#468 = EDGE_CURVE ( 'NONE', #5780, #2947, #4339, .T. ) ;
#469 = CARTESIAN_POINT ( 'NONE',  ( 0.01692913385826774753, 0.01358267716535432532, 0.07982518197702757889 ) ) ;
#470 = STYLED_ITEM ( 'NONE', ( #7060 ), #1012 ) ;
#471 = ORIENTED_EDGE ( 'NONE', *, *, #264, .F. ) ;
#472 = CARTESIAN_POINT ( 'NONE',  ( 0.09645669291338582196, 0.000000000000000000, -0.09092820213934120488 ) ) ;
#473 = CARTESIAN_POINT ( 'NONE',  ( -0.01496062992125982496, 0.02736220472440944324, 0.07761836027346888378 ) ) ;
#474 = ORIENTED_EDGE ( 'NONE', *, *, #6221, .F. ) ;
#475 = LINE ( 'NONE', #8119, #2472 ) ;
#476 = DIRECTION ( 'NONE',  ( -0.8660254037844377084, 0.000000000000000000, -0.5000000000000012212 ) ) ;
#477 = FACE_OUTER_BOUND ( 'NONE', #2365, .T. ) ;
#478 = AXIS2_PLACEMENT_3D ( 'NONE', #8960, #5551, #2099 ) ;
#479 = EDGE_CURVE ( 'NONE', #1285, #2986, #4975, .T. ) ;
#480 = SURFACE_STYLE_FILL_AREA ( #1825 ) ;
#481 = DIRECTION ( 'NONE',  ( 0.000000000000000000, 0.08715574274765876261, -0.9961946980917455452 ) ) ;
#482 = FACE_OUTER_BOUND ( 'NONE', #2828, .T. ) ;
#483 = ORIENTED_EDGE ( 'NONE', *, *, #4850, .T. ) ;
#484 = EDGE_LOOP ( 'NONE', ( #1120, #809, #5172, #1220, #7216, #2863, #5930, #4629 ) ) ;
#485 = EDGE_CURVE ( 'NONE', #8488, #1515, #885, .T. ) ;
#486 = UNCERTAINTY_MEASURE_WITH_UNIT (LENGTH_MEASURE( 1.000000000000000082E-05 ), #8351, 'distance_accuracy_value', 'NONE');
#487 =( CONVERSION_BASED_UNIT ( 'INCH', #8087 ) LENGTH_UNIT ( ) NAMED_UNIT ( #3030 ) );
#488 = FACE_OUTER_BOUND ( 'NONE', #1578, .T. ) ;
#489 = PLANE ( 'NONE',  #7050 ) ;
#490 = EDGE_CURVE ( 'NONE', #8044, #4180, #5098, .T. ) ;
#491 = CARTESIAN_POINT ( 'NONE',  ( 0.09645669291338584972, 0.009842519685039369942, -0.001377952755905514828 ) ) ;
#492 = LENGTH_MEASURE_WITH_UNIT ( LENGTH_MEASURE( 0.02539999999999999897 ), #4524 );
#493 = FILL_AREA_STYLE_COLOUR ( '', #1178 ) ;
#494 = ORIENTED_EDGE ( 'NONE', *, *, #5338, .F. ) ;
#495 = FILL_AREA_STYLE ('',( #6063 ) ) ;
#496 = ORIENTED_EDGE ( 'NONE', *, *, #850, .F. ) ;
#497 = EDGE_CURVE ( 'NONE', #6674, #527, #7735, .T. ) ;
#498 = ORIENTED_EDGE ( 'NONE', *, *, #8265, .F. ) ;
#499 = DIRECTION ( 'NONE',  ( -1.000000000000000000, 0.000000000000000000, 0.000000000000000000 ) ) ;
#500 = DIRECTION ( 'NONE',  ( 0.000000000000000000, -0.000000000000000000, -1.000000000000000000 ) ) ;
#501 = CARTESIAN_POINT ( 'NONE',  ( 0.05413385826771653642, 0.000000000000000000, -0.1072834645669291237 ) ) ;
#502 = CARTESIAN_POINT ( 'NONE',  ( -0.06692913385826769479, 0.01822099969626658073, 0.09408128290260084348 ) ) ;
#503 = DIRECTION ( 'NONE',  ( -0.000000000000000000, -1.000000000000000000, 0.000000000000000000 ) ) ;
#504 = LENGTH_MEASURE_WITH_UNIT ( LENGTH_MEASURE( 0.02539999999999999897 ), #6693 );
#505 = DIRECTION ( 'NONE',  ( 0.000000000000000000, -0.000000000000000000, -1.000000000000000000 ) ) ;
#506 = ORIENTED_EDGE ( 'NONE', *, *, #8724, .F. ) ;
#507 = ORIENTED_EDGE ( 'NONE', *, *, #6766, .F. ) ;
#508 = UNCERTAINTY_MEASURE_WITH_UNIT (LENGTH_MEASURE( 1.000000000000000082E-05 ), #6880, 'distance_accuracy_value', 'NONE');
#509 = PRESENTATION_LAYER_ASSIGNMENT (  '', '', ( #7760 ) ) ;
#510 = DIMENSIONAL_EXPONENTS ( 1.000000000000000000, 0.000000000000000000, 0.000000000000000000, 0.000000000000000000, 0.000000000000000000, 0.000000000000000000, 0.000000000000000000 ) ;
#511 =( NAMED_UNIT ( * ) SI_UNIT ( $, .STERADIAN. ) SOLID_ANGLE_UNIT ( ) );
#512 = UNCERTAINTY_MEASURE_WITH_UNIT (LENGTH_MEASURE( 1.000000000000000082E-05 ), #360, 'distance_accuracy_value', 'NONE');
#513 = LENGTH_MEASURE_WITH_UNIT ( LENGTH_MEASURE( 0.02539999999999999897 ), #5902 );
#514 = EDGE_CURVE ( 'NONE', #3921, #3352, #7292, .T. ) ;
#515 = ORIENTED_EDGE ( 'NONE', *, *, #274, .F. ) ;
#516 = LINE ( 'NONE', #379, #8320 ) ;
#517 = EDGE_CURVE ( 'NONE', #3933, #8691, #3179, .T. ) ;
#518 = CARTESIAN_POINT ( 'NONE',  ( -0.09242075248266305720, 0.009842519685039369942, 0.004527559055118101500 ) ) ;
#519 = COLOUR_RGB ( '',0.7921568627450980005, 0.8196078431372548767, 0.9333333333333333481 ) ;
#520 = DIRECTION ( 'NONE',  ( 1.000000000000000000, 0.000000000000000000, 6.100900290192956307E-16 ) ) ;
#521 =( CONVERSION_BASED_UNIT ( 'INCH', #8214 ) LENGTH_UNIT ( ) NAMED_UNIT ( #5920 ) );
#522 = CARTESIAN_POINT ( 'NONE',  ( 0.09472119113475917229, 0.000000000000000000, -0.09092820213934120488 ) ) ;
#523 = CARTESIAN_POINT ( 'NONE',  ( -0.07480314960629920462, 0.02030456422393982566, 0.05925196850393700532 ) ) ;
#524 =( GEOMETRIC_REPRESENTATION_CONTEXT ( 3 ) GLOBAL_UNCERTAINTY_ASSIGNED_CONTEXT ( ( #4028 ) ) GLOBAL_UNIT_ASSIGNED_CONTEXT ( ( #3551, #6449, #4130 ) ) REPRESENTATION_CONTEXT ( 'NONE', 'WORKASPACE' ) );
#526 = PRESENTATION_LAYER_ASSIGNMENT (  '', '', ( #1951 ) ) ;
#525 = DIRECTION ( 'NONE',  ( -0.000000000000000000, -1.000000000000000000, -0.000000000000000000 ) ) ;
#527 = VERTEX_POINT ( 'NONE', #7333 ) ;
#528 = ORIENTED_EDGE ( 'NONE', *, *, #3326, .T. ) ;
#529 = CARTESIAN_POINT ( 'NONE',  ( 0.08503937007874018406, 0.02244094488188976347, 0.07893700787401573826 ) ) ;
#530 = VECTOR ( 'NONE', #3506, 39.37007874015748143 ) ;
#531 = LINE ( 'NONE', #6108, #8017 ) ;
#532 = DIRECTION ( 'NONE',  ( 1.000000000000000000, -0.000000000000000000, 0.000000000000000000 ) ) ;
#533 = CARTESIAN_POINT ( 'NONE',  ( -0.06692913385826769479, 1.387266559282633743E-17, 0.09695901468261186595 ) ) ;
#534 = CARTESIAN_POINT ( 'NONE',  ( 0.08503937007874018406, 0.006220377944235639354, 0.1048859017339656141 ) ) ;
#535 = ADVANCED_FACE ( 'NONE', ( #3895 ), #8020, .F. ) ;
#536 = PRESENTATION_LAYER_ASSIGNMENT (  '', '', ( #5635 ) ) ;
#537 = FACE_OUTER_BOUND ( 'NONE', #2481, .T. ) ;
#538 = ORIENTED_EDGE ( 'NONE', *, *, #2498, .T. ) ;
#539 = PRESENTATION_LAYER_ASSIGNMENT (  '', '', ( #4430 ) ) ;
#540 = VERTEX_POINT ( 'NONE', #551 ) ;
#541 = EDGE_CURVE ( 'NONE', #1035, #3905, #7472, .T. ) ;
#542 = ORIENTED_EDGE ( 'NONE', *, *, #3121, .T. ) ;
#543 = LINE ( 'NONE', #5568, #4402 ) ;
#544 = CARTESIAN_POINT ( 'NONE',  ( -0.06496062992125982427, 0.006485910387336710561, 0.1043622680348770537 ) ) ;
#545 = CARTESIAN_POINT ( 'NONE',  ( -0.06692913385826769479, 0.01728225441254295155, 0.08117171797437273961 ) ) ;
#546 = CARTESIAN_POINT ( 'NONE',  ( -0.08307086614173225803, -0.005000000000000000104, 0.1202051600123263675 ) ) ;
#547 = PRESENTATION_LAYER_ASSIGNMENT (  '', '', ( #811 ) ) ;
#548 = SURFACE_SIDE_STYLE ('',( #6211 ) ) ;
#549 = EDGE_CURVE ( 'NONE', #2368, #2522, #8854, .T. ) ;
#550 = VECTOR ( 'NONE', #6638, 39.37007874015748143 ) ;
#551 = CARTESIAN_POINT ( 'NONE',  ( -0.09645669291338582196, 0.009842519685039369942, -0.004527559055118109306 ) ) ;
#552 = DIRECTION ( 'NONE',  ( 0.000000000000000000, 1.000000000000000000, 0.000000000000000000 ) ) ;
#553 = VERTEX_POINT ( 'NONE', #1854 ) ;
#554 = MECHANICAL_DESIGN_GEOMETRIC_PRESENTATION_REPRESENTATION (  '', ( #4453 ), #7536 ) ;
#555 = PRESENTATION_STYLE_ASSIGNMENT (( #7428 ) ) ;
#556 = ORIENTED_EDGE ( 'NONE', *, *, #8382, .T. ) ;
#557 = CARTESIAN_POINT ( 'NONE',  ( 0.07795275590551181688, 0.009842519685039369942, -0.001377952755905514828 ) ) ;
#558 = ORIENTED_EDGE ( 'NONE', *, *, #1383, .F. ) ;
#559 = SURFACE_SIDE_STYLE ('',( #2721 ) ) ;
#560 =( CONVERSION_BASED_UNIT ( 'INCH', #2771 ) LENGTH_UNIT ( ) NAMED_UNIT ( #7931 ) );
#561 = PRESENTATION_LAYER_ASSIGNMENT (  '', '', ( #4772 ) ) ;
#562 = ADVANCED_FACE ( 'NONE', ( #4539 ), #1073, .T. ) ;
#563 = LENGTH_MEASURE_WITH_UNIT ( LENGTH_MEASURE( 0.02539999999999999897 ), #2003 );
#564 = FILL_AREA_STYLE ('',( #2004 ) ) ;
#565 = LINE ( 'NONE', #4645, #3757 ) ;
#566 = FILL_AREA_STYLE_COLOUR ( '', #2400 ) ;
#567 = SURFACE_STYLE_USAGE ( .BOTH. , #6100 ) ;
#568 = DIRECTION ( 'NONE',  ( -0.1736481776669338839, -0.9848077530122073542, 0.000000000000000000 ) ) ;
#569 = EDGE_LOOP ( 'NONE', ( #676, #6532, #354, #2621, #2240, #5464, #2073, #5073 ) ) ;
#570 = ORIENTED_EDGE ( 'NONE', *, *, #497, .F. ) ;
#571 = CARTESIAN_POINT ( 'NONE',  ( 0.08503937007874018406, 0.006485910387336710561, 0.1043622680348770537 ) ) ;
#572 = UNCERTAINTY_MEASURE_WITH_UNIT (LENGTH_MEASURE( 1.000000000000000082E-05 ), #1067, 'distance_accuracy_value', 'NONE');
#573 = STYLED_ITEM ( 'NONE', ( #46 ), #8797 ) ;
#574 = DIRECTION ( 'NONE',  ( 0.000000000000000000, 0.6589684953534065137, 0.7521705405901426555 ) ) ;
#575 = ADVANCED_FACE ( 'NONE', ( #5446 ), #8246, .F. ) ;
#576 = SURFACE_STYLE_FILL_AREA ( #5284 ) ;
#577 = DIRECTION ( 'NONE',  ( 0.000000000000000000, 0.000000000000000000, 1.000000000000000000 ) ) ;
#578 =( NAMED_UNIT ( * ) SI_UNIT ( $, .STERADIAN. ) SOLID_ANGLE_UNIT ( ) );
#579 = AXIS2_PLACEMENT_3D ( 'NONE', #205, #5642, #2153 ) ;
#580 = ORIENTED_EDGE ( 'NONE', *, *, #2796, .F. ) ;
#581 = ORIENTED_EDGE ( 'NONE', *, *, #4552, .T. ) ;
#582 = VERTEX_POINT ( 'NONE', #4106 ) ;
#583 = EDGE_CURVE ( 'NONE', #3527, #7369, #6301, .T. ) ;
#584 = VECTOR ( 'NONE', #6337, 39.37007874015748854 ) ;
#585 =( LENGTH_UNIT ( ) NAMED_UNIT ( * ) SI_UNIT ( $, .METRE. ) );
#586 = PRESENTATION_STYLE_ASSIGNMENT (( #2030 ) ) ;
#587 = SURFACE_SIDE_STYLE ('',( #5197 ) ) ;
#588 =( NAMED_UNIT ( * ) SI_UNIT ( $, .STERADIAN. ) SOLID_ANGLE_UNIT ( ) );
#589 = AXIS2_PLACEMENT_3D ( 'NONE', #717, #2089, #3540 ) ;
#590 = SURFACE_STYLE_USAGE ( .BOTH. , #4064 ) ;
#591 = PRESENTATION_LAYER_ASSIGNMENT (  '', '', ( #6844 ) ) ;
#592 =( NAMED_UNIT ( * ) SI_UNIT ( $, .STERADIAN. ) SOLID_ANGLE_UNIT ( ) );
#593 =( LENGTH_UNIT ( ) NAMED_UNIT ( * ) SI_UNIT ( $, .METRE. ) );
#594 = STYLED_ITEM ( 'NONE', ( #2199 ), #5486 ) ;
#595 = VECTOR ( 'NONE', #1519, 39.37007874015748143 ) ;
#596 =( CONVERSION_BASED_UNIT ( 'INCH', #2640 ) LENGTH_UNIT ( ) NAMED_UNIT ( #4416 ) );
#597 =( CONVERSION_BASED_UNIT ( 'INCH', #8383 ) LENGTH_UNIT ( ) NAMED_UNIT ( #7957 ) );
#598 = ORIENTED_EDGE ( 'NONE', *, *, #6689, .F. ) ;
#599 = VECTOR ( 'NONE', #6563, 39.37007874015748143 ) ;
#600 = MECHANICAL_DESIGN_GEOMETRIC_PRESENTATION_REPRESENTATION (  '', ( #7295 ), #7439 ) ;
#601 = VECTOR ( 'NONE', #662, 39.37007874015748143 ) ;
#602 = PLANE ( 'NONE',  #5262 ) ;
#603 = ADVANCED_FACE ( 'NONE', ( #6921 ), #675, .F. ) ;
#604 = UNCERTAINTY_MEASURE_WITH_UNIT (LENGTH_MEASURE( 1.000000000000000082E-05 ), #2320, 'distance_accuracy_value', 'NONE');
#605 = PLANE ( 'NONE',  #1839 ) ;
#606 = COLOUR_RGB ( '',0.2509803921568627416, 0.2509803921568627416, 0.2509803921568627416 ) ;
#607 = FILL_AREA_STYLE ('',( #6839 ) ) ;
#608 = VERTEX_POINT ( 'NONE', #7010 ) ;
#609 = VECTOR ( 'NONE', #8280, 39.37007874015748854 ) ;
#610 = PRESENTATION_LAYER_ASSIGNMENT (  '', '', ( #3193 ) ) ;
#611 = VECTOR ( 'NONE', #3365, 39.37007874015748143 ) ;
#612 = CARTESIAN_POINT ( 'NONE',  ( -0.08503937007874014242, 0.01358267716535432532, 0.07982518197702757889 ) ) ;
#613 = DIRECTION ( 'NONE',  ( -1.000000000000000000, 0.000000000000000000, -0.000000000000000000 ) ) ;
#614 = EDGE_CURVE ( 'NONE', #6243, #4368, #793, .T. ) ;
#615 =( GEOMETRIC_REPRESENTATION_CONTEXT ( 3 ) GLOBAL_UNCERTAINTY_ASSIGNED_CONTEXT ( ( #891 ) ) GLOBAL_UNIT_ASSIGNED_CONTEXT ( ( #1927, #4738, #1278 ) ) REPRESENTATION_CONTEXT ( 'NONE', 'WORKASPACE' ) );
#616 = DIRECTION ( 'NONE',  ( 0.000000000000000000, 2.633062418893370729E-15, 1.000000000000000000 ) ) ;
#617 =( CONVERSION_BASED_UNIT ( 'INCH', #4034 ) LENGTH_UNIT ( ) NAMED_UNIT ( #1710 ) );
#618 = LENGTH_MEASURE_WITH_UNIT ( LENGTH_MEASURE( 0.02539999999999999897 ), #5669 );
#619 = FACE_OUTER_BOUND ( 'NONE', #378, .T. ) ;
#620 = PRESENTATION_LAYER_ASSIGNMENT (  '', '', ( #7726 ) ) ;
#621 = ORIENTED_EDGE ( 'NONE', *, *, #5660, .F. ) ;
#622 = ORIENTED_EDGE ( 'NONE', *, *, #4562, .F. ) ;
#623 = LINE ( 'NONE', #4660, #4115 ) ;
#624 = SURFACE_SIDE_STYLE ('',( #3421 ) ) ;
#625 = DIRECTION ( 'NONE',  ( -0.000000000000000000, 1.000000000000000000, -0.000000000000000000 ) ) ;
#626 =( LENGTH_UNIT ( ) NAMED_UNIT ( * ) SI_UNIT ( $, .METRE. ) );
#627 = VERTEX_POINT ( 'NONE', #1479 ) ;
#628 = PLANE ( 'NONE',  #6686 ) ;
#629 = ORIENTED_EDGE ( 'NONE', *, *, #2565, .T. ) ;
#630 = EDGE_CURVE ( 'NONE', #4180, #6042, #4242, .T. ) ;
#631 = ORIENTED_EDGE ( 'NONE', *, *, #5224, .F. ) ;
#632 = SURFACE_STYLE_FILL_AREA ( #1896 ) ;
#633 = CARTESIAN_POINT ( 'NONE',  ( -0.07480314960629920462, 0.03700787401574803098, 0.06515748031496061687 ) ) ;
#634 = LINE ( 'NONE', #4494, #5574 ) ;
#635 = DIRECTION ( 'NONE',  ( 1.000000000000000000, 0.000000000000000000, 0.000000000000000000 ) ) ;
#636 = PLANE ( 'NONE',  #5790 ) ;
#637 = CARTESIAN_POINT ( 'NONE',  ( -0.06496062992125982427, 0.006220377944235639354, 0.1048859017339656141 ) ) ;
#638 = VERTEX_POINT ( 'NONE', #2841 ) ;
#639 = LENGTH_MEASURE_WITH_UNIT ( LENGTH_MEASURE( 0.02539999999999999897 ), #5452 );
#640 = EDGE_CURVE ( 'NONE', #6541, #3115, #5655, .T. ) ;
#641 = ORIENTED_EDGE ( 'NONE', *, *, #3760, .F. ) ;
#642 = PRESENTATION_STYLE_ASSIGNMENT (( #8864 ) ) ;
#643 = DIRECTION ( 'NONE',  ( 0.000000000000000000, 0.000000000000000000, -1.000000000000000000 ) ) ;
#644 = ADVANCED_FACE ( 'NONE', ( #86 ), #6235, .F. ) ;
#645 = MECHANICAL_DESIGN_GEOMETRIC_PRESENTATION_REPRESENTATION (  '', ( #777 ), #5323 ) ;
#646 = PRESENTATION_STYLE_ASSIGNMENT (( #2294 ) ) ;
#647 = DIRECTION ( 'NONE',  ( 1.000000000000000000, 0.000000000000000000, 0.000000000000000000 ) ) ;
#648 = DIRECTION ( 'NONE',  ( 0.000000000000000000, 0.000000000000000000, 1.000000000000000000 ) ) ;
#649 = PRESENTATION_STYLE_ASSIGNMENT (( #7654 ) ) ;
#650 = LENGTH_MEASURE_WITH_UNIT ( LENGTH_MEASURE( 0.02539999999999999897 ), #2007 );
#651 = UNCERTAINTY_MEASURE_WITH_UNIT (LENGTH_MEASURE( 1.000000000000000082E-05 ), #5340, 'distance_accuracy_value', 'NONE');
#652 =( LENGTH_UNIT ( ) NAMED_UNIT ( * ) SI_UNIT ( $, .METRE. ) );
#653 = VECTOR ( 'NONE', #441, 39.37007874015748143 ) ;
#654 = ORIENTED_EDGE ( 'NONE', *, *, #4045, .T. ) ;
#655 = DIRECTION ( 'NONE',  ( -1.000000000000000000, -0.000000000000000000, -0.000000000000000000 ) ) ;
#656 = UNCERTAINTY_MEASURE_WITH_UNIT (LENGTH_MEASURE( 1.000000000000000082E-05 ), #8706, 'distance_accuracy_value', 'NONE');
#657 = UNCERTAINTY_MEASURE_WITH_UNIT (LENGTH_MEASURE( 1.000000000000000082E-05 ), #6582, 'distance_accuracy_value', 'NONE');
#658 = MECHANICAL_DESIGN_GEOMETRIC_PRESENTATION_REPRESENTATION (  '', ( #2238 ), #4875 ) ;
#659 = DIRECTION ( 'NONE',  ( -1.000000000000000000, 0.000000000000000000, -0.000000000000000000 ) ) ;
#660 = CARTESIAN_POINT ( 'NONE',  ( -0.03307086614173226219, 0.01358267716535432532, 0.07982518197702757889 ) ) ;
#661 = LINE ( 'NONE', #4090, #3442 ) ;
#662 = DIRECTION ( 'NONE',  ( -1.000000000000000000, -0.000000000000000000, -0.000000000000000000 ) ) ;
#663 = ORIENTED_EDGE ( 'NONE', *, *, #549, .F. ) ;
#664 = ORIENTED_EDGE ( 'NONE', *, *, #3121, .F. ) ;
#665 = ORIENTED_EDGE ( 'NONE', *, *, #7397, .F. ) ;
#666 = DIRECTION ( 'NONE',  ( 0.000000000000000000, 0.000000000000000000, 1.000000000000000000 ) ) ;
#667 =( CONVERSION_BASED_UNIT ( 'INCH', #3476 ) LENGTH_UNIT ( ) NAMED_UNIT ( #2333 ) );
#668 = AXIS2_PLACEMENT_3D ( 'NONE', #6206, #7465, #2795 ) ;
#669 = PRESENTATION_STYLE_ASSIGNMENT (( #2881 ) ) ;
#670 = FACE_OUTER_BOUND ( 'NONE', #5682, .T. ) ;
#671 = EDGE_CURVE ( 'NONE', #8515, #1953, #5602, .T. ) ;
#672 = SURFACE_STYLE_USAGE ( .BOTH. , #2212 ) ;
#673 =( NAMED_UNIT ( * ) SI_UNIT ( $, .STERADIAN. ) SOLID_ANGLE_UNIT ( ) );
#674 = DIRECTION ( 'NONE',  ( 0.000000000000000000, -0.3420201433256699342, 0.9396926207859079838 ) ) ;
#675 = PLANE ( 'NONE',  #3218 ) ;
#676 = ORIENTED_EDGE ( 'NONE', *, *, #6838, .T. ) ;
#677 = PRESENTATION_STYLE_ASSIGNMENT (( #3535 ) ) ;
#678 = ADVANCED_FACE ( 'NONE', ( #1369 ), #8229, .F. ) ;
#679 = VECTOR ( 'NONE', #5396, 39.37007874015748854 ) ;
#680 = FILL_AREA_STYLE_COLOUR ( '', #2147 ) ;
#681 = ORIENTED_EDGE ( 'NONE', *, *, #4096, .T. ) ;
#682 = SURFACE_SIDE_STYLE ('',( #3407 ) ) ;
#683 = PRESENTATION_LAYER_ASSIGNMENT (  '', '', ( #6946 ) ) ;
#684 = EDGE_CURVE ( 'NONE', #3332, #1086, #2017, .T. ) ;
#685 =( GEOMETRIC_REPRESENTATION_CONTEXT ( 3 ) GLOBAL_UNCERTAINTY_ASSIGNED_CONTEXT ( ( #8067 ) ) GLOBAL_UNIT_ASSIGNED_CONTEXT ( ( #8380, #5577, #2838 ) ) REPRESENTATION_CONTEXT ( 'NONE', 'WORKASPACE' ) );
#686 = CARTESIAN_POINT ( 'NONE',  ( -0.09242075248266307108, 0.009842519685039369942, 0.004527559055118104102 ) ) ;
#687 = CYLINDRICAL_SURFACE ( 'NONE', #2465, 0.01062992125984252995 ) ;
#688 = PRESENTATION_STYLE_ASSIGNMENT (( #6391 ) ) ;
#689 = PRODUCT_DEFINITION_SHAPE ( 'NONE', 'NONE',  #5405 ) ;
#690 = CARTESIAN_POINT ( 'NONE',  ( -0.06496062992125982427, 0.02244094488188976347, 0.07893700787401573826 ) ) ;
#691 = CARTESIAN_POINT ( 'NONE',  ( 0.06692913385826773642, 0.007004783218323627943, 0.1049545283030582504 ) ) ;
#692 = FILL_AREA_STYLE ('',( #5500 ) ) ;
#693 = ORIENTED_EDGE ( 'NONE', *, *, #6208, .F. ) ;
#694 = DIRECTION ( 'NONE',  ( 0.000000000000000000, 0.000000000000000000, 1.000000000000000000 ) ) ;
#695 = CARTESIAN_POINT ( 'NONE',  ( 0.05413385826771653642, 0.000000000000000000, -0.07578740157480313988 ) ) ;
#696 = COLOUR_RGB ( '',0.2509803921568627416, 0.2509803921568627416, 0.2509803921568627416 ) ;
#697 = SURFACE_STYLE_FILL_AREA ( #6276 ) ;
#698 = DIRECTION ( 'NONE',  ( -1.000000000000000000, -0.000000000000000000, -0.000000000000000000 ) ) ;
#699 = UNCERTAINTY_MEASURE_WITH_UNIT (LENGTH_MEASURE( 1.000000000000000082E-05 ), #66, 'distance_accuracy_value', 'NONE');
#700 = DIRECTION ( 'NONE',  ( -1.000000000000000000, 0.000000000000000000, -0.000000000000000000 ) ) ;
#701 = VERTEX_POINT ( 'NONE', #4893 ) ;
#702 = EDGE_LOOP ( 'NONE', ( #6643, #755, #1393, #2888 ) ) ;
#703 = VERTEX_POINT ( 'NONE', #3967 ) ;
#704 = PRESENTATION_STYLE_ASSIGNMENT (( #8501 ) ) ;
#705 = CARTESIAN_POINT ( 'NONE',  ( -0.07480314960629921850, 0.2556786355646874509, -0.1049212598425196818 ) ) ;
#706 = LINE ( 'NONE', #3479, #1005 ) ;
#707 = AXIS2_PLACEMENT_3D ( 'NONE', #8593, #4323, #129 ) ;
#708 = CARTESIAN_POINT ( 'NONE',  ( -0.06496062992125982427, 0.01822099969626658073, 0.09408128290260084348 ) ) ;
#709 = DIRECTION ( 'NONE',  ( 0.000000000000000000, -0.08715574274765738871, 0.9961946980917454342 ) ) ;
#710 = ORIENTED_EDGE ( 'NONE', *, *, #1242, .T. ) ;
#711 = STYLED_ITEM ( 'NONE', ( #6351 ), #6475 ) ;
#712 = STYLED_ITEM ( 'NONE', ( #8141 ), #1346 ) ;
#713 = DIMENSIONAL_EXPONENTS ( 1.000000000000000000, 0.000000000000000000, 0.000000000000000000, 0.000000000000000000, 0.000000000000000000, 0.000000000000000000, 0.000000000000000000 ) ;
#714 = ORIENTED_EDGE ( 'NONE', *, *, #5926, .F. ) ;
#715 = PRESENTATION_LAYER_ASSIGNMENT (  '', '', ( #4327 ) ) ;
#716 = FILL_AREA_STYLE ('',( #2984 ) ) ;
#717 = CARTESIAN_POINT ( 'NONE',  ( -0.06496062992125982427, 0.007004783218323627943, 0.1049545283030582504 ) ) ;
#718 =( NAMED_UNIT ( * ) PLANE_ANGLE_UNIT ( ) SI_UNIT ( $, .RADIAN. ) );
#719 =( GEOMETRIC_REPRESENTATION_CONTEXT ( 3 ) GLOBAL_UNCERTAINTY_ASSIGNED_CONTEXT ( ( #3299 ) ) GLOBAL_UNIT_ASSIGNED_CONTEXT ( ( #8903, #3280, #5355 ) ) REPRESENTATION_CONTEXT ( 'NONE', 'WORKASPACE' ) );
#720 = EDGE_CURVE ( 'NONE', #540, #1094, #531, .T. ) ;
#721 = STYLED_ITEM ( 'NONE', ( #2451 ), #5547 ) ;
#722 = FILL_AREA_STYLE ('',( #7177 ) ) ;
#723 = DIRECTION ( 'NONE',  ( -0.8660254037844379305, 0.000000000000000000, 0.5000000000000012212 ) ) ;
#724 = STYLED_ITEM ( 'NONE', ( #8557 ), #424 ) ;
#725 = CARTESIAN_POINT ( 'NONE',  ( 0.09645669291338582196, 0.009842519685039364738, 0.07772391750302322377 ) ) ;
#726 = CARTESIAN_POINT ( 'NONE',  ( 0.1009842519685039408, 0.000000000000000000, 0.001377952755905507455 ) ) ;
#728 = COLOUR_RGB ( '',0.2509803921568627416, 0.2509803921568627416, 0.2509803921568627416 ) ;
#727 = LINE ( 'NONE', #807, #117 ) ;
#729 = PRESENTATION_LAYER_ASSIGNMENT (  '', '', ( #313 ) ) ;
#730 = ORIENTED_EDGE ( 'NONE', *, *, #9007, .F. ) ;
#731 = CARTESIAN_POINT ( 'NONE',  ( 0.09645669291338582196, 0.009842519685039357799, 0.07772391750302322377 ) ) ;
#732 = MECHANICAL_DESIGN_GEOMETRIC_PRESENTATION_REPRESENTATION (  '', ( #6562 ), #7442 ) ;
#733 = DIRECTION ( 'NONE',  ( 0.000000000000000000, -0.9396926207859079838, -0.3420201433256699342 ) ) ;
#734 = VECTOR ( 'NONE', #1910, 39.37007874015748143 ) ;
#735 =( GEOMETRIC_REPRESENTATION_CONTEXT ( 3 ) GLOBAL_UNCERTAINTY_ASSIGNED_CONTEXT ( ( #7491 ) ) GLOBAL_UNIT_ASSIGNED_CONTEXT ( ( #1705, #3697, #7993 ) ) REPRESENTATION_CONTEXT ( 'NONE', 'WORKASPACE' ) );
#736 =( LENGTH_UNIT ( ) NAMED_UNIT ( * ) SI_UNIT ( $, .METRE. ) );
#737 = CARTESIAN_POINT ( 'NONE',  ( 0.06692913385826775030, 0.02244094488188976694, 0.07893700787401573826 ) ) ;
#738 =( NAMED_UNIT ( * ) SI_UNIT ( $, .STERADIAN. ) SOLID_ANGLE_UNIT ( ) );
#739 = ADVANCED_FACE ( 'NONE', ( #1467 ), #4268, .F. ) ;
#740 = EDGE_LOOP ( 'NONE', ( #4095, #6268, #3165, #6285 ) ) ;
#741 =( NAMED_UNIT ( * ) PLANE_ANGLE_UNIT ( ) SI_UNIT ( $, .RADIAN. ) );
#742 = ORIENTED_EDGE ( 'NONE', *, *, #8001, .F. ) ;
#743 = UNCERTAINTY_MEASURE_WITH_UNIT (LENGTH_MEASURE( 1.000000000000000082E-05 ), #2676, 'distance_accuracy_value', 'NONE');
#744 = ORIENTED_EDGE ( 'NONE', *, *, #1203, .F. ) ;
#745 = DIRECTION ( 'NONE',  ( -0.000000000000000000, 0.2588190451025212946, 0.9659258262890682012 ) ) ;
#746 = ADVANCED_FACE ( 'NONE', ( #2229 ), #4940, .F. ) ;
#747 = SURFACE_STYLE_FILL_AREA ( #7090 ) ;
#748 = DIRECTION ( 'NONE',  ( 0.000000000000000000, 0.000000000000000000, 1.000000000000000000 ) ) ;
#749 = SURFACE_STYLE_FILL_AREA ( #8417 ) ;
#750 = DIRECTION ( 'NONE',  ( 0.000000000000000000, 0.7521705405901403241, -0.6589684953534089562 ) ) ;
#751 = LINE ( 'NONE', #9020, #6948 ) ;
#752 = EDGE_CURVE ( 'NONE', #5113, #7500, #68, .T. ) ;
#753 = DIRECTION ( 'NONE',  ( 0.000000000000000000, 0.000000000000000000, 1.000000000000000000 ) ) ;
#754 = LENGTH_MEASURE_WITH_UNIT ( LENGTH_MEASURE( 0.02539999999999999897 ), #6829 );
#755 = ORIENTED_EDGE ( 'NONE', *, *, #6111, .F. ) ;
#756 = SURFACE_STYLE_FILL_AREA ( #3571 ) ;
#757 = LENGTH_MEASURE_WITH_UNIT ( LENGTH_MEASURE( 0.02539999999999999897 ), #2172 );
#758 = ORIENTED_EDGE ( 'NONE', *, *, #2085, .T. ) ;
#759 = CYLINDRICAL_SURFACE ( 'NONE', #589, 0.01062992125984252995 ) ;
#760 = SURFACE_SIDE_STYLE ('',( #56 ) ) ;
#761 =( NAMED_UNIT ( * ) SI_UNIT ( $, .STERADIAN. ) SOLID_ANGLE_UNIT ( ) );
#762 = EDGE_CURVE ( 'NONE', #1683, #6014, #7704, .T. ) ;
#763 = LINE ( 'NONE', #1584, #4659 ) ;
#764 = CARTESIAN_POINT ( 'NONE',  ( 0.07480314960629921850, 0.009842519685039369942, -0.1049212598425196818 ) ) ;
#765 = EDGE_CURVE ( 'NONE', #7546, #3022, #5761, .T. ) ;
#766 = DIRECTION ( 'NONE',  ( 0.000000000000000000, -2.168404344971050204E-14, 1.000000000000000000 ) ) ;
#767 = PLANE ( 'NONE',  #2134 ) ;
#768 = CARTESIAN_POINT ( 'NONE',  ( -0.01692913385826769201, 0.01358267716535432532, 0.07982518197702757889 ) ) ;
#769 = EDGE_LOOP ( 'NONE', ( #1210, #7404, #3690, #3225, #3238, #7696 ) ) ;
#770 = PRESENTATION_LAYER_ASSIGNMENT (  '', '', ( #3941 ) ) ;
#771 =( NAMED_UNIT ( * ) SI_UNIT ( $, .STERADIAN. ) SOLID_ANGLE_UNIT ( ) );
#772 = LENGTH_MEASURE_WITH_UNIT ( LENGTH_MEASURE( 0.02539999999999999897 ), #6314 );
#773 = DIMENSIONAL_EXPONENTS ( 1.000000000000000000, 0.000000000000000000, 0.000000000000000000, 0.000000000000000000, 0.000000000000000000, 0.000000000000000000, 0.000000000000000000 ) ;
#774 = LINE ( 'NONE', #7027, #1513 ) ;
#775 =( CONVERSION_BASED_UNIT ( 'INCH', #5810 ) LENGTH_UNIT ( ) NAMED_UNIT ( #8674 ) );
#776 =( LENGTH_UNIT ( ) NAMED_UNIT ( * ) SI_UNIT ( $, .METRE. ) );
#777 = STYLED_ITEM ( 'NONE', ( #7230 ), #4253 ) ;
#778 =( NAMED_UNIT ( * ) PLANE_ANGLE_UNIT ( ) SI_UNIT ( $, .RADIAN. ) );
#779 = CYLINDRICAL_SURFACE ( 'NONE', #1147, 0.003937007874015758385 ) ;
#780 = UNCERTAINTY_MEASURE_WITH_UNIT (LENGTH_MEASURE( 1.000000000000000082E-05 ), #8638, 'distance_accuracy_value', 'NONE');
#781 = ORIENTED_EDGE ( 'NONE', *, *, #1859, .T. ) ;
#782 =( NAMED_UNIT ( * ) PLANE_ANGLE_UNIT ( ) SI_UNIT ( $, .RADIAN. ) );
#783 = ORIENTED_EDGE ( 'NONE', *, *, #6194, .F. ) ;
#784 = COLOUR_RGB ( '',0.7921568627450980005, 0.8196078431372548767, 0.9333333333333333481 ) ;
#785 = VERTEX_POINT ( 'NONE', #242 ) ;
#786 = DIRECTION ( 'NONE',  ( 0.000000000000000000, 0.000000000000000000, -1.000000000000000000 ) ) ;
#787 = CARTESIAN_POINT ( 'NONE',  ( 0.03503937007874018128, -0.004999999999999999237, 0.1202051600123263675 ) ) ;
#788 = EDGE_CURVE ( 'NONE', #3012, #5134, #4401, .T. ) ;
#789 = LINE ( 'NONE', #3565, #8304 ) ;
#790 = PRESENTATION_LAYER_ASSIGNMENT (  '', '', ( #2101 ) ) ;
#791 = COLOUR_RGB ( '',0.7921568627450980005, 0.8196078431372548767, 0.9333333333333333481 ) ;
#792 = DIRECTION ( 'NONE',  ( 0.000000000000000000, 1.000000000000000000, 0.000000000000000000 ) ) ;
#793 = LINE ( 'NONE', #7727, #3929 ) ;
#794 = ORIENTED_EDGE ( 'NONE', *, *, #7429, .T. ) ;
#795 = AXIS2_PLACEMENT_3D ( 'NONE', #8258, #1872, #2505 ) ;
#796 = DIMENSIONAL_EXPONENTS ( 1.000000000000000000, 0.000000000000000000, 0.000000000000000000, 0.000000000000000000, 0.000000000000000000, 0.000000000000000000, 0.000000000000000000 ) ;
#797 = FILL_AREA_STYLE_COLOUR ( '', #2614 ) ;
#798 = ORIENTED_EDGE ( 'NONE', *, *, #8668, .F. ) ;
#799 = VECTOR ( 'NONE', #2602, 39.37007874015748143 ) ;
#800 =( CONVERSION_BASED_UNIT ( 'INCH', #3539 ) LENGTH_UNIT ( ) NAMED_UNIT ( #3725 ) );
#801 = DIRECTION ( 'NONE',  ( -1.000000000000000000, -0.000000000000000000, -0.000000000000000000 ) ) ;
#802 = VERTEX_POINT ( 'NONE', #6619 ) ;
#803 = FILL_AREA_STYLE ('',( #8430 ) ) ;
#804 = VECTOR ( 'NONE', #1906, 39.37007874015748143 ) ;
#805 = SURFACE_SIDE_STYLE ('',( #6932 ) ) ;
#806 = LINE ( 'NONE', #5753, #2836 ) ;
#807 = CARTESIAN_POINT ( 'NONE',  ( 0.09645669291338582196, 0.009842519685039357799, -0.09311023622047244486 ) ) ;
#808 = CARTESIAN_POINT ( 'NONE',  ( 0.09783464566929132855, 0.009842519685039369942, 0.01909448818897638636 ) ) ;
#809 = ORIENTED_EDGE ( 'NONE', *, *, #8874, .T. ) ;
#810 = CARTESIAN_POINT ( 'NONE',  ( -0.07480314960629920462, 0.03700787401574803098, 0.05334645669291337988 ) ) ;
#811 = STYLED_ITEM ( 'NONE', ( #5071 ), #8335 ) ;
#812 = AXIS2_PLACEMENT_3D ( 'NONE', #5881, #4472, #5828 ) ;
#813 = DIRECTION ( 'NONE',  ( 0.000000000000000000, -0.000000000000000000, 1.000000000000000000 ) ) ;
#814 = SURFACE_SIDE_STYLE ('',( #3683 ) ) ;
#815 = DIRECTION ( 'NONE',  ( 0.000000000000000000, 0.6589684953534065137, 0.7521705405901426555 ) ) ;
#816 = CARTESIAN_POINT ( 'NONE',  ( -0.06496062992125982427, 0.01822099969626658419, 0.09408128290260084348 ) ) ;
#817 = ORIENTED_EDGE ( 'NONE', *, *, #5710, .F. ) ;
#818 = VERTEX_POINT ( 'NONE', #1644 ) ;
#819 = UNCERTAINTY_MEASURE_WITH_UNIT (LENGTH_MEASURE( 1.000000000000000082E-05 ), #3701, 'distance_accuracy_value', 'NONE');
#820 = ORIENTED_EDGE ( 'NONE', *, *, #5644, .T. ) ;
#821 = ADVANCED_FACE ( 'NONE', ( #3198 ), #430, .T. ) ;
#822 = SURFACE_SIDE_STYLE ('',( #7087 ) ) ;
#823 = DIMENSIONAL_EXPONENTS ( 1.000000000000000000, 0.000000000000000000, 0.000000000000000000, 0.000000000000000000, 0.000000000000000000, 0.000000000000000000, 0.000000000000000000 ) ;
#824 = LINE ( 'NONE', #1424, #2381 ) ;
#825 = DIRECTION ( 'NONE',  ( 0.000000000000000000, 1.000000000000000000, -0.000000000000000000 ) ) ;
#826 = FILL_AREA_STYLE_COLOUR ( '', #8149 ) ;
#827 = PRESENTATION_LAYER_ASSIGNMENT (  '', '', ( #5962 ) ) ;
#828 = EDGE_CURVE ( 'NONE', #5817, #2668, #3727, .T. ) ;
#829 = ORIENTED_EDGE ( 'NONE', *, *, #1586, .F. ) ;
#830 = PRESENTATION_LAYER_ASSIGNMENT (  '', '', ( #4784 ) ) ;
#831 = PRESENTATION_STYLE_ASSIGNMENT (( #4331 ) ) ;
#832 = DIRECTION ( 'NONE',  ( 0.000000000000000000, 0.000000000000000000, 1.000000000000000000 ) ) ;
#833 = CARTESIAN_POINT ( 'NONE',  ( -0.1009842519685039408, 0.009842519685039369942, -0.001377952755905514828 ) ) ;
#834 = AXIS2_PLACEMENT_3D ( 'NONE', #4455, #3824, #8530 ) ;
#835 = FILL_AREA_STYLE ('',( #4922 ) ) ;
#836 = VERTEX_POINT ( 'NONE', #6524 ) ;
#837 = ORIENTED_EDGE ( 'NONE', *, *, #6536, .T. ) ;
#838 = MECHANICAL_DESIGN_GEOMETRIC_PRESENTATION_REPRESENTATION (  '', ( #4796 ), #440 ) ;
#839 = VECTOR ( 'NONE', #3027, 39.37007874015748854 ) ;
#840 = EDGE_CURVE ( 'NONE', #263, #3733, #2482, .T. ) ;
#841 = SURFACE_SIDE_STYLE ('',( #1449 ) ) ;
#842 =( CONVERSION_BASED_UNIT ( 'INCH', #59 ) LENGTH_UNIT ( ) NAMED_UNIT ( #7932 ) );
#843 = CARTESIAN_POINT ( 'NONE',  ( 0.09242075248266307108, 0.000000000000000000, 0.004527559055118104969 ) ) ;
#844 = LENGTH_MEASURE_WITH_UNIT ( LENGTH_MEASURE( 0.02539999999999999897 ), #1680 );
#845 = DIMENSIONAL_EXPONENTS ( 1.000000000000000000, 0.000000000000000000, 0.000000000000000000, 0.000000000000000000, 0.000000000000000000, 0.000000000000000000, 0.000000000000000000 ) ;
#846 = DIRECTION ( 'NONE',  ( -1.000000000000000000, 0.000000000000000000, -0.000000000000000000 ) ) ;
#847 =( GEOMETRIC_REPRESENTATION_CONTEXT ( 3 ) GLOBAL_UNCERTAINTY_ASSIGNED_CONTEXT ( ( #4751 ) ) GLOBAL_UNIT_ASSIGNED_CONTEXT ( ( #5273, #8679, #6669 ) ) REPRESENTATION_CONTEXT ( 'NONE', 'WORKASPACE' ) );
#848 = CARTESIAN_POINT ( 'NONE',  ( -0.07795275590551181688, 0.000000000000000000, -0.01003937007874015908 ) ) ;
#849 = VERTEX_POINT ( 'NONE', #5865 ) ;
#850 = EDGE_CURVE ( 'NONE', #5333, #2948, #8630, .T. ) ;
#851 = AXIS2_PLACEMENT_3D ( 'NONE', #3866, #6667, #8782 ) ;
#852 = AXIS2_PLACEMENT_3D ( 'NONE', #3270, #5477, #1111 ) ;
#853 = AXIS2_PLACEMENT_3D ( 'NONE', #2039, #3400, #8942 ) ;
#854 = SURFACE_STYLE_USAGE ( .BOTH. , #1412 ) ;
#855 = DIRECTION ( 'NONE',  ( 1.000000000000000000, 0.000000000000000000, -0.000000000000000000 ) ) ;
#856 = SURFACE_SIDE_STYLE ('',( #697 ) ) ;
#857 =( GEOMETRIC_REPRESENTATION_CONTEXT ( 3 ) GLOBAL_UNCERTAINTY_ASSIGNED_CONTEXT ( ( #4743 ) ) GLOBAL_UNIT_ASSIGNED_CONTEXT ( ( #2567, #1151, #8794 ) ) REPRESENTATION_CONTEXT ( 'NONE', 'WORKASPACE' ) );
#858 =( CONVERSION_BASED_UNIT ( 'INCH', #8576 ) LENGTH_UNIT ( ) NAMED_UNIT ( #2932 ) );
#859 = CARTESIAN_POINT ( 'NONE',  ( -0.08503937007874014242, 0.01728225441254295155, 0.08117171797437273961 ) ) ;
#860 = CARTESIAN_POINT ( 'NONE',  ( 0.08287401574803150706, 0.2556786355646874509, 0.01003937007874015040 ) ) ;
#861 = VECTOR ( 'NONE', #4959, 39.37007874015748143 ) ;
#862 = STYLED_ITEM ( 'NONE', ( #2021 ), #2803 ) ;
#863 = ORIENTED_EDGE ( 'NONE', *, *, #7521, .F. ) ;
#864 = PLANE ( 'NONE',  #6972 ) ;
#865 = ORIENTED_EDGE ( 'NONE', *, *, #3196, .F. ) ;
#866 = DIRECTION ( 'NONE',  ( 0.000000000000000000, 0.7521705405901426555, -0.6589684953534065137 ) ) ;
#867 = VECTOR ( 'NONE', #7466, 39.37007874015748854 ) ;
#868 = PRESENTATION_LAYER_ASSIGNMENT (  '', '', ( #8766 ) ) ;
#869 = EDGE_LOOP ( 'NONE', ( #5032, #2272, #95, #8253 ) ) ;
#870 = CARTESIAN_POINT ( 'NONE',  ( -0.01496062992125982496, 0.02736220472440944324, 0.07761836027346888378 ) ) ;
#871 = AXIS2_PLACEMENT_3D ( 'NONE', #6930, #647, #8122 ) ;
#872 = SURFACE_STYLE_USAGE ( .BOTH. , #4320 ) ;
#873 = VECTOR ( 'NONE', #6385, 39.37007874015748854 ) ;
#874 = SURFACE_SIDE_STYLE ('',( #8643 ) ) ;
#875 = DIRECTION ( 'NONE',  ( -1.000000000000000000, -0.000000000000000000, -0.000000000000000000 ) ) ;
#876 = EDGE_CURVE ( 'NONE', #4341, #3384, #6007, .T. ) ;
#877 = SURFACE_SIDE_STYLE ('',( #214 ) ) ;
#878 = STYLED_ITEM ( 'NONE', ( #3517 ), #3581 ) ;
#879 = VERTEX_POINT ( 'NONE', #3910 ) ;
#880 = CARTESIAN_POINT ( 'NONE',  ( -0.01496062992125982496, 0.006220377944235653232, 0.1048859017339656141 ) ) ;
#881 =( CONVERSION_BASED_UNIT ( 'INCH', #7054 ) LENGTH_UNIT ( ) NAMED_UNIT ( #210 ) );
#882 = DIMENSIONAL_EXPONENTS ( 1.000000000000000000, 0.000000000000000000, 0.000000000000000000, 0.000000000000000000, 0.000000000000000000, 0.000000000000000000, 0.000000000000000000 ) ;
#883 =( NAMED_UNIT ( * ) SI_UNIT ( $, .STERADIAN. ) SOLID_ANGLE_UNIT ( ) );
#884 = LINE ( 'NONE', #833, #5579 ) ;
#885 = LINE ( 'NONE', #6469, #2617 ) ;
#886 = CYLINDRICAL_SURFACE ( 'NONE', #8237, 0.003149606299212603152 ) ;
#887 = ORIENTED_EDGE ( 'NONE', *, *, #98, .F. ) ;
#888 = ORIENTED_EDGE ( 'NONE', *, *, #5317, .T. ) ;
#889 = LINE ( 'NONE', #3762, #599 ) ;
#890 = EDGE_CURVE ( 'NONE', #5737, #4615, #5313, .T. ) ;
#891 = UNCERTAINTY_MEASURE_WITH_UNIT (LENGTH_MEASURE( 1.000000000000000082E-05 ), #1927, 'distance_accuracy_value', 'NONE');
#892 = LINE ( 'NONE', #4392, #8685 ) ;
#893 = PRESENTATION_STYLE_ASSIGNMENT (( #4219 ) ) ;
#894 =( NAMED_UNIT ( * ) SI_UNIT ( $, .STERADIAN. ) SOLID_ANGLE_UNIT ( ) );
#895 = DIRECTION ( 'NONE',  ( 0.000000000000000000, -0.9762960071199346945, 0.2164396139380967699 ) ) ;
#896 = EDGE_LOOP ( 'NONE', ( #3884, #6384, #4688, #3181 ) ) ;
#897 = EDGE_CURVE ( 'NONE', #5135, #1419, #1136, .T. ) ;
#898 = CARTESIAN_POINT ( 'NONE',  ( 0.03307086614173231076, 0.02736220472440944324, 0.07761836027346888378 ) ) ;
#899 = PRESENTATION_STYLE_ASSIGNMENT (( #7201 ) ) ;
#900 = CARTESIAN_POINT ( 'NONE',  ( -0.07480314960629927401, 0.009842519685039369942, -0.09311023622047244486 ) ) ;
#901 = PRESENTATION_STYLE_ASSIGNMENT (( #5812 ) ) ;
#902 = FILL_AREA_STYLE ('',( #7840 ) ) ;
#903 = CARTESIAN_POINT ( 'NONE',  ( -0.07480314960629920462, 0.03700787401574803098, 0.05334645669291337988 ) ) ;
#904 = SURFACE_STYLE_FILL_AREA ( #6405 ) ;
#905 = ADVANCED_FACE ( 'NONE', ( #2506 ), #2361, .F. ) ;
#906 = EDGE_CURVE ( 'NONE', #849, #3163, #1873, .T. ) ;
#907 = VERTEX_POINT ( 'NONE', #5496 ) ;
#908 = ORIENTED_EDGE ( 'NONE', *, *, #2083, .T. ) ;
#909 = DIMENSIONAL_EXPONENTS ( 1.000000000000000000, 0.000000000000000000, 0.000000000000000000, 0.000000000000000000, 0.000000000000000000, 0.000000000000000000, 0.000000000000000000 ) ;
#910 = ORIENTED_EDGE ( 'NONE', *, *, #3074, .T. ) ;
#911 =( NAMED_UNIT ( * ) PLANE_ANGLE_UNIT ( ) SI_UNIT ( $, .RADIAN. ) );
#912 = COLOUR_RGB ( '',0.7921568627450980005, 0.8196078431372548767, 0.9333333333333333481 ) ;
#913 = FILL_AREA_STYLE ('',( #2292 ) ) ;
#914 = SURFACE_STYLE_USAGE ( .BOTH. , #7173 ) ;
#915 = LENGTH_MEASURE_WITH_UNIT ( LENGTH_MEASURE( 0.02539999999999999897 ), #5133 );
#916 = FILL_AREA_STYLE ('',( #4377 ) ) ;
#917 =( GEOMETRIC_REPRESENTATION_CONTEXT ( 3 ) GLOBAL_UNCERTAINTY_ASSIGNED_CONTEXT ( ( #7711 ) ) GLOBAL_UNIT_ASSIGNED_CONTEXT ( ( #8374, #4903, #4951 ) ) REPRESENTATION_CONTEXT ( 'NONE', 'WORKASPACE' ) );
#918 = PRESENTATION_LAYER_ASSIGNMENT (  '', '', ( #4583 ) ) ;
#919 = VERTEX_POINT ( 'NONE', #6188 ) ;
#920 = EDGE_CURVE ( 'NONE', #3276, #879, #172, .T. ) ;
#921 = AXIS2_PLACEMENT_3D ( 'NONE', #5808, #1043, #8628 ) ;
#922 = CARTESIAN_POINT ( 'NONE',  ( 0.08287401574803150706, 0.000000000000000000, -0.01003937007874015908 ) ) ;
#923 = PRESENTATION_STYLE_ASSIGNMENT (( #7818 ) ) ;
#924 =( NAMED_UNIT ( * ) PLANE_ANGLE_UNIT ( ) SI_UNIT ( $, .RADIAN. ) );
#925 = DIMENSIONAL_EXPONENTS ( 1.000000000000000000, 0.000000000000000000, 0.000000000000000000, 0.000000000000000000, 0.000000000000000000, 0.000000000000000000, 0.000000000000000000 ) ;
#926 = FILL_AREA_STYLE_COLOUR ( '', #4161 ) ;
#927 =( CONVERSION_BASED_UNIT ( 'INCH', #1722 ) LENGTH_UNIT ( ) NAMED_UNIT ( #1572 ) );
#928 = PRESENTATION_LAYER_ASSIGNMENT (  '', '', ( #4882 ) ) ;
#929 = CARTESIAN_POINT ( 'NONE',  ( -0.06692913385826769479, 0.02736220472440943630, 0.07982518197702757889 ) ) ;
#930 = ORIENTED_EDGE ( 'NONE', *, *, #6576, .F. ) ;
#931 = ORIENTED_EDGE ( 'NONE', *, *, #1997, .T. ) ;
#932 = EDGE_CURVE ( 'NONE', #4367, #8034, #5459, .T. ) ;
#933 = SURFACE_STYLE_FILL_AREA ( #7189 ) ;
#934 = SURFACE_STYLE_USAGE ( .BOTH. , #7191 ) ;
#935 = FILL_AREA_STYLE_COLOUR ( '', #8102 ) ;
#936 = CARTESIAN_POINT ( 'NONE',  ( 0.06692913385826773642, 0.006220377944235657569, 0.1048859017339656141 ) ) ;
#937 = FILL_AREA_STYLE ('',( #2953 ) ) ;
#938 = LINE ( 'NONE', #5673, #8068 ) ;
#939 = VERTEX_POINT ( 'NONE', #4000 ) ;
#940 = CARTESIAN_POINT ( 'NONE',  ( 0.03307086614173231076, 0.01358267716535432532, 0.07982518197702757889 ) ) ;
#941 = ADVANCED_FACE ( 'NONE', ( #6097 ), #6893, .T. ) ;
#942 = MECHANICAL_DESIGN_GEOMETRIC_PRESENTATION_REPRESENTATION (  '', ( #8533 ), #402 ) ;
#943 =( NAMED_UNIT ( * ) PLANE_ANGLE_UNIT ( ) SI_UNIT ( $, .RADIAN. ) );
#944 = FILL_AREA_STYLE ('',( #2963 ) ) ;
#945 = LINE ( 'NONE', #3782, #291 ) ;
#946 = PRESENTATION_STYLE_ASSIGNMENT (( #2675 ) ) ;
#947 = FILL_AREA_STYLE_COLOUR ( '', #6989 ) ;
#948 = CIRCLE ( 'NONE', #7528, 0.01377952755905510404 ) ;
#949 = VERTEX_POINT ( 'NONE', #686 ) ;
#950 = STYLED_ITEM ( 'NONE', ( #7224 ), #2690 ) ;
#951 = VERTEX_POINT ( 'NONE', #1189 ) ;
#952 = LENGTH_MEASURE_WITH_UNIT ( LENGTH_MEASURE( 0.02539999999999999897 ), #5770 );
#953 = ORIENTED_EDGE ( 'NONE', *, *, #6642, .F. ) ;
#954 = FILL_AREA_STYLE ('',( #8791 ) ) ;
#955 = COLOUR_RGB ( '',0.2509803921568627416, 0.2509803921568627416, 0.2509803921568627416 ) ;
#956 = VECTOR ( 'NONE', #7470, 39.37007874015748143 ) ;
#957 =( LENGTH_UNIT ( ) NAMED_UNIT ( * ) SI_UNIT ( $, .METRE. ) );
#958 =( NAMED_UNIT ( * ) SI_UNIT ( $, .STERADIAN. ) SOLID_ANGLE_UNIT ( ) );
#959 =( NAMED_UNIT ( * ) PLANE_ANGLE_UNIT ( ) SI_UNIT ( $, .RADIAN. ) );
#960 = ORIENTED_EDGE ( 'NONE', *, *, #8050, .F. ) ;
#961 = PRESENTATION_STYLE_ASSIGNMENT (( #8469 ) ) ;
#962 = ORIENTED_EDGE ( 'NONE', *, *, #3316, .F. ) ;
#963 = ORIENTED_EDGE ( 'NONE', *, *, #2937, .T. ) ;
#964 =( LENGTH_UNIT ( ) NAMED_UNIT ( * ) SI_UNIT ( $, .METRE. ) );
#965 = FILL_AREA_STYLE_COLOUR ( '', #8428 ) ;
#966 = VECTOR ( 'NONE', #8117, 39.37007874015748143 ) ;
#967 = CARTESIAN_POINT ( 'NONE',  ( 0.09783464566929132855, 0.009842519685039369942, 0.004527559055118114510 ) ) ;
#968 = CARTESIAN_POINT ( 'NONE',  ( -0.01496062992125982496, 0.01751968503937007329, 0.07846314444784678599 ) ) ;
#969 =( NAMED_UNIT ( * ) PLANE_ANGLE_UNIT ( ) SI_UNIT ( $, .RADIAN. ) );
#970 = SURFACE_STYLE_USAGE ( .BOTH. , #5537 ) ;
#971 = ORIENTED_EDGE ( 'NONE', *, *, #2748, .F. ) ;
#972 = UNCERTAINTY_MEASURE_WITH_UNIT (LENGTH_MEASURE( 1.000000000000000082E-05 ), #2763, 'distance_accuracy_value', 'NONE');
#973 = ORIENTED_EDGE ( 'NONE', *, *, #7671, .F. ) ;
#974 = CARTESIAN_POINT ( 'NONE',  ( -0.08307086614173225803, 0.02736220472440943630, 0.07982518197702757889 ) ) ;
#975 = SURFACE_STYLE_USAGE ( .BOTH. , #2631 ) ;
#976 = CARTESIAN_POINT ( 'NONE',  ( 0.08307086614173231354, 0.006220377944235657569, 0.1048859017339656141 ) ) ;
#977 = CARTESIAN_POINT ( 'NONE',  ( 0.08307086614173231354, 1.387266559282633743E-17, 0.09695901468261186595 ) ) ;
#978 = PLANE ( 'NONE',  #8750 ) ;
#979 = VECTOR ( 'NONE', #1059, 39.37007874015748854 ) ;
#980 = SURFACE_STYLE_FILL_AREA ( #937 ) ;
#981 =( NAMED_UNIT ( * ) PLANE_ANGLE_UNIT ( ) SI_UNIT ( $, .RADIAN. ) );
#982 = EDGE_LOOP ( 'NONE', ( #2850, #4387, #2107, #1377, #931, #3443, #6960 ) ) ;
#983 = ADVANCED_FACE ( 'NONE', ( #3959 ), #6762, .F. ) ;
#984 = CARTESIAN_POINT ( 'NONE',  ( 0.06692913385826773642, 0.01358267716535432532, 0.07982518197702757889 ) ) ;
#985 = VECTOR ( 'NONE', #4432, 39.37007874015748143 ) ;
#986 = DIMENSIONAL_EXPONENTS ( 1.000000000000000000, 0.000000000000000000, 0.000000000000000000, 0.000000000000000000, 0.000000000000000000, 0.000000000000000000, 0.000000000000000000 ) ;
#987 = VECTOR ( 'NONE', #3403, 39.37007874015748854 ) ;
#988 = VECTOR ( 'NONE', #1943, 39.37007874015748143 ) ;
#989 = DIRECTION ( 'NONE',  ( 0.000000000000000000, 0.000000000000000000, 1.000000000000000000 ) ) ;
#990 = CARTESIAN_POINT ( 'NONE',  ( -0.05413385826771653642, 0.000000000000000000, -0.1072834645669291237 ) ) ;
#991 = PLANE ( 'NONE',  #2457 ) ;
#992 = COLOUR_RGB ( '',0.7921568627450980005, 0.8196078431372548767, 0.9333333333333333481 ) ;
#993 = DIMENSIONAL_EXPONENTS ( 1.000000000000000000, 0.000000000000000000, 0.000000000000000000, 0.000000000000000000, 0.000000000000000000, 0.000000000000000000, 0.000000000000000000 ) ;
#994 = CARTESIAN_POINT ( 'NONE',  ( 0.09645669291338582196, 0.000000000000000000, 0.07677619065068530535 ) ) ;
#995 = AXIS2_PLACEMENT_3D ( 'NONE', #1646, #481, #7400 ) ;
#997 = VECTOR ( 'NONE', #2230, 39.37007874015748143 ) ;
#996 = LINE ( 'NONE', #246, #4443 ) ;
#998 = CIRCLE ( 'NONE', #293, 0.01377952755905510404 ) ;
#999 = ORIENTED_EDGE ( 'NONE', *, *, #840, .T. ) ;
#1000 = VERTEX_POINT ( 'NONE', #5591 ) ;
#1001 = LINE ( 'NONE', #8582, #5437 ) ;
#1002 = AXIS2_PLACEMENT_3D ( 'NONE', #463, #4683, #3125 ) ;
#1003 = AXIS2_PLACEMENT_3D ( 'NONE', #4393, #7194, #4590 ) ;
#1004 = COLOUR_RGB ( '',0.2509803921568627416, 0.2509803921568627416, 0.2509803921568627416 ) ;
#1005 = VECTOR ( 'NONE', #7004, 39.37007874015748143 ) ;
#1006 = AXIS2_PLACEMENT_3D ( 'NONE', #5913, #6804, #8725 ) ;
#1007 = FILL_AREA_STYLE ('',( #6677 ) ) ;
#1008 = SURFACE_STYLE_USAGE ( .BOTH. , #8640 ) ;
#1009 = FILL_AREA_STYLE_COLOUR ( '', #8156 ) ;
#1010 =( GEOMETRIC_REPRESENTATION_CONTEXT ( 3 ) GLOBAL_UNCERTAINTY_ASSIGNED_CONTEXT ( ( #1849 ) ) GLOBAL_UNIT_ASSIGNED_CONTEXT ( ( #8269, #7587, #6865 ) ) REPRESENTATION_CONTEXT ( 'NONE', 'WORKASPACE' ) );
#1011 = VECTOR ( 'NONE', #3376, 39.37007874015748143 ) ;
#1012 = ADVANCED_FACE ( 'NONE', ( #8482 ), #5014, .F. ) ;
#1013 = PRESENTATION_STYLE_ASSIGNMENT (( #5132 ) ) ;
#1014 = PRESENTATION_LAYER_ASSIGNMENT (  '', '', ( #2328 ) ) ;
#1015 = SURFACE_STYLE_FILL_AREA ( #7812 ) ;
#1016 = VERTEX_POINT ( 'NONE', #7824 ) ;
#1017 = CARTESIAN_POINT ( 'NONE',  ( -0.08287401574803150706, 0.2556786355646874509, 0.01003937007874015040 ) ) ;
#1018 =( GEOMETRIC_REPRESENTATION_CONTEXT ( 3 ) GLOBAL_UNCERTAINTY_ASSIGNED_CONTEXT ( ( #8961 ) ) GLOBAL_UNIT_ASSIGNED_CONTEXT ( ( #9009, #2105, #6069 ) ) REPRESENTATION_CONTEXT ( 'NONE', 'WORKASPACE' ) );
#1019 = AXIS2_PLACEMENT_3D ( 'NONE', #3748, #7286, #3808 ) ;
#1020 = VERTEX_POINT ( 'NONE', #6346 ) ;
#1021 = ADVANCED_FACE ( 'NONE', ( #2092 ), #1398, .T. ) ;
#1022 = ORIENTED_EDGE ( 'NONE', *, *, #7384, .F. ) ;
#1023 =( CONVERSION_BASED_UNIT ( 'INCH', #3227 ) LENGTH_UNIT ( ) NAMED_UNIT ( #2973 ) );
#1024 = AXIS2_PLACEMENT_3D ( 'NONE', #6589, #212, #5825 ) ;
#1025 = SURFACE_SIDE_STYLE ('',( #8748 ) ) ;
#1026 = SURFACE_STYLE_USAGE ( .BOTH. , #5295 ) ;
#1027 = DIRECTION ( 'NONE',  ( -0.000000000000000000, -1.000000000000000000, -0.000000000000000000 ) ) ;
#1028 = EDGE_CURVE ( 'NONE', #8745, #7615, #5254, .T. ) ;
#1029 = CARTESIAN_POINT ( 'NONE',  ( -0.09645669291338584972, 0.2556786355646874509, -0.1049212598425196818 ) ) ;
#1030 = VECTOR ( 'NONE', #2737, 39.37007874015748143 ) ;
#1031 = DIMENSIONAL_EXPONENTS ( 1.000000000000000000, 0.000000000000000000, 0.000000000000000000, 0.000000000000000000, 0.000000000000000000, 0.000000000000000000, 0.000000000000000000 ) ;
#1032 = EDGE_CURVE ( 'NONE', #3406, #3431, #5195, .T. ) ;
#1033 =( CONVERSION_BASED_UNIT ( 'INCH', #6651 ) LENGTH_UNIT ( ) NAMED_UNIT ( #350 ) );
#1034 = DIRECTION ( 'NONE',  ( -1.000000000000000000, -0.000000000000000000, -0.000000000000000000 ) ) ;
#1035 = VERTEX_POINT ( 'NONE', #5943 ) ;
#1036 = UNCERTAINTY_MEASURE_WITH_UNIT (LENGTH_MEASURE( 1.000000000000000082E-05 ), #5491, 'distance_accuracy_value', 'NONE');
#1037 = LINE ( 'NONE', #374, #5695 ) ;
#1038 =( CONVERSION_BASED_UNIT ( 'INCH', #7300 ) LENGTH_UNIT ( ) NAMED_UNIT ( #8359 ) );
#1039 = CARTESIAN_POINT ( 'NONE',  ( -0.07480314960629921850, 0.000000000000000000, -0.09092820213934121876 ) ) ;
#1040 = VERTEX_POINT ( 'NONE', #974 ) ;
#1041 = VERTEX_POINT ( 'NONE', #7242 ) ;
#1042 = SURFACE_STYLE_USAGE ( .BOTH. , #6004 ) ;
#1043 = DIRECTION ( 'NONE',  ( 0.000000000000000000, -0.000000000000000000, 1.000000000000000000 ) ) ;
#1044 = CARTESIAN_POINT ( 'NONE',  ( 0.000000000000000000, 0.000000000000000000, 0.000000000000000000 ) ) ;
#1045 = DIRECTION ( 'NONE',  ( -0.000000000000000000, 1.000000000000000000, -0.000000000000000000 ) ) ;
#1046 = DIRECTION ( 'NONE',  ( 0.000000000000000000, -0.9961946980917456562, -0.08715574274765740259 ) ) ;
#1047 = EDGE_CURVE ( 'NONE', #2193, #7423, #7338, .T. ) ;
#1048 = SURFACE_STYLE_USAGE ( .BOTH. , #6722 ) ;
#1049 = CARTESIAN_POINT ( 'NONE',  ( 0.1009842519685039408, 0.009842519685039369942, -0.001377952755905514828 ) ) ;
#1050 =( CONVERSION_BASED_UNIT ( 'INCH', #1828 ) LENGTH_UNIT ( ) NAMED_UNIT ( #3014 ) );
#1051 = ORIENTED_EDGE ( 'NONE', *, *, #3074, .F. ) ;
#1052 = ORIENTED_EDGE ( 'NONE', *, *, #4391, .F. ) ;
#1053 = DIRECTION ( 'NONE',  ( 1.000000000000000000, 0.000000000000000000, 0.000000000000000000 ) ) ;
#1054 = DIRECTION ( 'NONE',  ( 0.000000000000000000, 0.000000000000000000, 1.000000000000000000 ) ) ;
#1055 = DIMENSIONAL_EXPONENTS ( 1.000000000000000000, 0.000000000000000000, 0.000000000000000000, 0.000000000000000000, 0.000000000000000000, 0.000000000000000000, 0.000000000000000000 ) ;
#1056 = ADVANCED_FACE ( 'NONE', ( #1079 ), #5305, .F. ) ;
#1057 = SURFACE_SIDE_STYLE ('',( #2418 ) ) ;
#1058 = ORIENTED_EDGE ( 'NONE', *, *, #8656, .F. ) ;
#1059 = DIRECTION ( 'NONE',  ( 0.000000000000000000, 0.7521705405901419894, -0.6589684953534071798 ) ) ;
#1060 = DIMENSIONAL_EXPONENTS ( 1.000000000000000000, 0.000000000000000000, 0.000000000000000000, 0.000000000000000000, 0.000000000000000000, 0.000000000000000000, 0.000000000000000000 ) ;
#1061 = ORIENTED_EDGE ( 'NONE', *, *, #1409, .T. ) ;
#1062 = VECTOR ( 'NONE', #2916, 39.37007874015748143 ) ;
#1063 = ORIENTED_EDGE ( 'NONE', *, *, #765, .T. ) ;
#1064 = EDGE_CURVE ( 'NONE', #802, #8949, #8069, .T. ) ;
#1065 = PLANE ( 'NONE',  #8675 ) ;
#1066 =( NAMED_UNIT ( * ) SI_UNIT ( $, .STERADIAN. ) SOLID_ANGLE_UNIT ( ) );
#1067 =( CONVERSION_BASED_UNIT ( 'INCH', #7590 ) LENGTH_UNIT ( ) NAMED_UNIT ( #7312 ) );
#1068 = AXIS2_PLACEMENT_3D ( 'NONE', #7359, #4520, #1612 ) ;
#1069 = DIRECTION ( 'NONE',  ( 0.000000000000000000, 0.000000000000000000, -1.000000000000000000 ) ) ;
#1070 = LENGTH_MEASURE_WITH_UNIT ( LENGTH_MEASURE( 0.02539999999999999897 ), #1804 );
#1071 = DIRECTION ( 'NONE',  ( 0.000000000000000000, 0.000000000000000000, 1.000000000000000000 ) ) ;
#1072 = ADVANCED_FACE ( 'NONE', ( #5796 ), #8561, .F. ) ;
#1073 = PLANE ( 'NONE',  #2758 ) ;
#1074 =( CONVERSION_BASED_UNIT ( 'INCH', #1673 ) LENGTH_UNIT ( ) NAMED_UNIT ( #2388 ) );
#1075 = ORIENTED_EDGE ( 'NONE', *, *, #6094, .F. ) ;
#1076 = STYLED_ITEM ( 'NONE', ( #5466 ), #4528 ) ;
#1077 = UNCERTAINTY_MEASURE_WITH_UNIT (LENGTH_MEASURE( 1.000000000000000082E-05 ), #6917, 'distance_accuracy_value', 'NONE');
#1078 = VECTOR ( 'NONE', #5077, 39.37007874015748143 ) ;
#1079 = FACE_OUTER_BOUND ( 'NONE', #1856, .T. ) ;
#1080 = LINE ( 'NONE', #1778, #4343 ) ;
#1081 = LINE ( 'NONE', #8029, #679 ) ;
#1082 = LINE ( 'NONE', #232, #5692 ) ;
#1083 = LINE ( 'NONE', #4592, #966 ) ;
#1084 = VERTEX_POINT ( 'NONE', #8985 ) ;
#1085 = DIRECTION ( 'NONE',  ( 1.000000000000000000, 0.000000000000000000, 0.000000000000000000 ) ) ;
#1086 = VERTEX_POINT ( 'NONE', #1917 ) ;
#1087 =( NAMED_UNIT ( * ) SI_UNIT ( $, .STERADIAN. ) SOLID_ANGLE_UNIT ( ) );
#1088 = MECHANICAL_DESIGN_GEOMETRIC_PRESENTATION_REPRESENTATION (  '', ( #8519 ), #1379 ) ;
#1089 = CARTESIAN_POINT ( 'NONE',  ( -0.08287401574803152093, 0.009842519685039369942, -0.01003937007874016081 ) ) ;
#1090 = VECTOR ( 'NONE', #6774, 39.37007874015748143 ) ;
#1091 = DIRECTION ( 'NONE',  ( -0.000000000000000000, 0.2588190451025212946, 0.9659258262890682012 ) ) ;
#1092 =( NAMED_UNIT ( * ) PLANE_ANGLE_UNIT ( ) SI_UNIT ( $, .RADIAN. ) );
#1093 = FACE_OUTER_BOUND ( 'NONE', #5023, .T. ) ;
#1094 = VERTEX_POINT ( 'NONE', #5448 ) ;
#1095 = ORIENTED_EDGE ( 'NONE', *, *, #6389, .F. ) ;
#1096 = CARTESIAN_POINT ( 'NONE',  ( -0.07480314960629920462, 0.02030456422393982566, 0.06515748031496061687 ) ) ;
#1097 = SURFACE_STYLE_FILL_AREA ( #954 ) ;
#1098 =( NAMED_UNIT ( * ) SI_UNIT ( $, .STERADIAN. ) SOLID_ANGLE_UNIT ( ) );
#1099 = LINE ( 'NONE', #3214, #216 ) ;
#1100 = SURFACE_STYLE_USAGE ( .BOTH. , #5329 ) ;
#1101 = SURFACE_STYLE_FILL_AREA ( #8051 ) ;
#1102 = FILL_AREA_STYLE_COLOUR ( '', #7435 ) ;
#1103 = ORIENTED_EDGE ( 'NONE', *, *, #4464, .T. ) ;
#1104 = SURFACE_SIDE_STYLE ('',( #5928 ) ) ;
#1105 = ORIENTED_EDGE ( 'NONE', *, *, #4573, .T. ) ;
#1106 = EDGE_CURVE ( 'NONE', #3489, #6639, #4026, .T. ) ;
#1107 = ORIENTED_EDGE ( 'NONE', *, *, #4476, .T. ) ;
#1108 = DIRECTION ( 'NONE',  ( 0.000000000000000000, 0.000000000000000000, -1.000000000000000000 ) ) ;
#1109 = VECTOR ( 'NONE', #5672, 39.37007874015748143 ) ;
#1110 = DIRECTION ( 'NONE',  ( -1.000000000000000000, -0.000000000000000000, -0.000000000000000000 ) ) ;
#1111 = DIRECTION ( 'NONE',  ( -0.8660254037844379305, 0.000000000000000000, -0.5000000000000012212 ) ) ;
#1112 = CARTESIAN_POINT ( 'NONE',  ( 0.03307086614173231770, 0.02736220472440944324, 0.07761836027346888378 ) ) ;
#1113 =( CONVERSION_BASED_UNIT ( 'INCH', #8199 ) LENGTH_UNIT ( ) NAMED_UNIT ( #5714 ) );
#1114 = CARTESIAN_POINT ( 'NONE',  ( 0.01692913385826774753, 3.201384367575308459E-18, 0.09695901468261183820 ) ) ;
#1115 =( GEOMETRIC_REPRESENTATION_CONTEXT ( 3 ) GLOBAL_UNCERTAINTY_ASSIGNED_CONTEXT ( ( #3898 ) ) GLOBAL_UNIT_ASSIGNED_CONTEXT ( ( #4599, #3917, #6048 ) ) REPRESENTATION_CONTEXT ( 'NONE', 'WORKASPACE' ) );
#1116 = ADVANCED_FACE ( 'NONE', ( #3241 ), #6706, .F. ) ;
#1117 = FACE_OUTER_BOUND ( 'NONE', #8584, .T. ) ;
#1118 = CARTESIAN_POINT ( 'NONE',  ( -0.01496062992125982496, 0.02736220472440943283, 0.07982518197702757889 ) ) ;
#1119 =( NAMED_UNIT ( * ) SI_UNIT ( $, .STERADIAN. ) SOLID_ANGLE_UNIT ( ) );
#1120 = ORIENTED_EDGE ( 'NONE', *, *, #4874, .T. ) ;
#1121 = DIMENSIONAL_EXPONENTS ( 1.000000000000000000, 0.000000000000000000, 0.000000000000000000, 0.000000000000000000, 0.000000000000000000, 0.000000000000000000, 0.000000000000000000 ) ;
#1122 = AXIS2_PLACEMENT_3D ( 'NONE', #7682, #1441, #4030 ) ;
#1123 = UNCERTAINTY_MEASURE_WITH_UNIT (LENGTH_MEASURE( 1.000000000000000082E-05 ), #2559, 'distance_accuracy_value', 'NONE');
#1124 =( CONVERSION_BASED_UNIT ( 'INCH', #57 ) LENGTH_UNIT ( ) NAMED_UNIT ( #510 ) );
#1125 = UNCERTAINTY_MEASURE_WITH_UNIT (LENGTH_MEASURE( 1.000000000000000082E-05 ), #5495, 'distance_accuracy_value', 'NONE');
#1126 = FILL_AREA_STYLE_COLOUR ( '', #7801 ) ;
#1127 = CARTESIAN_POINT ( 'NONE',  ( 0.01496062992125986486, 0.02266295170762570518, 0.09018973667019880569 ) ) ;
#1128 = EDGE_CURVE ( 'NONE', #2666, #380, #8291, .T. ) ;
#1129 = LENGTH_MEASURE_WITH_UNIT ( LENGTH_MEASURE( 0.02539999999999999897 ), #5951 );
#1130 = ORIENTED_EDGE ( 'NONE', *, *, #1700, .F. ) ;
#1131 = LINE ( 'NONE', #8075, #3049 ) ;
#1132 = FILL_AREA_STYLE ('',( #1231 ) ) ;
#1133 = CARTESIAN_POINT ( 'NONE',  ( 0.07480314960629921850, 0.009842519685039369942, -0.001377952755905514828 ) ) ;
#1134 = EDGE_CURVE ( 'NONE', #2055, #6789, #2045, .T. ) ;
#1135 = PRESENTATION_STYLE_ASSIGNMENT (( #7398 ) ) ;
#1136 = LINE ( 'NONE', #1089, #8770 ) ;
#1137 = CARTESIAN_POINT ( 'NONE',  ( 0.03307086614173231076, 0.01751968503937007329, 0.07846314444784678599 ) ) ;
#1138 = CIRCLE ( 'NONE', #6260, 0.005905511811023620231 ) ;
#1139 = CARTESIAN_POINT ( 'NONE',  ( 0.06692913385826773642, 0.02736220472440944324, 0.07761836027346888378 ) ) ;
#1140 = CARTESIAN_POINT ( 'NONE',  ( 0.01692913385826774753, 0.02266295170762570171, 0.09018973667019880569 ) ) ;
#1141 = EDGE_CURVE ( 'NONE', #3933, #8441, #998, .T. ) ;
#1142 = PLANE ( 'NONE',  #1894 ) ;
#1143 = ORIENTED_EDGE ( 'NONE', *, *, #6883, .F. ) ;
#1144 = ORIENTED_EDGE ( 'NONE', *, *, #3856, .F. ) ;
#1145 = LINE ( 'NONE', #4706, #3232 ) ;
#1146 = PRODUCT_DEFINITION_FORMATION_WITH_SPECIFIED_SOURCE ( 'ANY', '', #1401, .NOT_KNOWN. ) ;
#1147 = AXIS2_PLACEMENT_3D ( 'NONE', #6316, #5316, #390 ) ;
#1148 = MECHANICAL_DESIGN_GEOMETRIC_PRESENTATION_REPRESENTATION (  '', ( #7991 ), #2447 ) ;
#1149 = COLOUR_RGB ( '',0.7921568627450980005, 0.8196078431372548767, 0.9333333333333333481 ) ;
#1150 =( NAMED_UNIT ( * ) PLANE_ANGLE_UNIT ( ) SI_UNIT ( $, .RADIAN. ) );
#1151 =( NAMED_UNIT ( * ) PLANE_ANGLE_UNIT ( ) SI_UNIT ( $, .RADIAN. ) );
#1152 = CIRCLE ( 'NONE', #4041, 0.01062992125984252995 ) ;
#1153 =( LENGTH_UNIT ( ) NAMED_UNIT ( * ) SI_UNIT ( $, .METRE. ) );
#1154 = ORIENTED_EDGE ( 'NONE', *, *, #485, .F. ) ;
#1155 = ORIENTED_EDGE ( 'NONE', *, *, #8827, .F. ) ;
#1156 = VECTOR ( 'NONE', #1190, 39.37007874015748854 ) ;
#1157 = PRESENTATION_LAYER_ASSIGNMENT (  '', '', ( #7708 ) ) ;
#1158 = MECHANICAL_DESIGN_GEOMETRIC_PRESENTATION_REPRESENTATION (  '', ( #4048 ), #159 ) ;
#1159 = ORIENTED_EDGE ( 'NONE', *, *, #2840, .T. ) ;
#1160 = EDGE_CURVE ( 'NONE', #4873, #3401, #5352, .T. ) ;
#1161 =( GEOMETRIC_REPRESENTATION_CONTEXT ( 3 ) GLOBAL_UNCERTAINTY_ASSIGNED_CONTEXT ( ( #6942 ) ) GLOBAL_UNIT_ASSIGNED_CONTEXT ( ( #1535, #4296, #1629 ) ) REPRESENTATION_CONTEXT ( 'NONE', 'WORKASPACE' ) );
#1162 = FACE_OUTER_BOUND ( 'NONE', #1225, .T. ) ;
#1163 = COLOUR_RGB ( '',0.7921568627450980005, 0.8196078431372548767, 0.9333333333333333481 ) ;
#1164 = CARTESIAN_POINT ( 'NONE',  ( 0.01692913385826774753, 0.01358267716535432532, 0.07982518197702757889 ) ) ;
#1165 = EDGE_CURVE ( 'NONE', #3694, #8548, #1179, .T. ) ;
#1166 = MECHANICAL_DESIGN_GEOMETRIC_PRESENTATION_REPRESENTATION (  '', ( #157 ), #2759 ) ;
#1167 = PRESENTATION_LAYER_ASSIGNMENT (  '', '', ( #7295 ) ) ;
#1168 = SURFACE_SIDE_STYLE ('',( #1303 ) ) ;
#1169 =( NAMED_UNIT ( * ) PLANE_ANGLE_UNIT ( ) SI_UNIT ( $, .RADIAN. ) );
#1170 = CARTESIAN_POINT ( 'NONE',  ( 0.08307086614173231354, 0.004805065926099859851, 0.1210629921259844255 ) ) ;
#1171 = FACE_OUTER_BOUND ( 'NONE', #8636, .T. ) ;
#1172 = CLOSED_SHELL ( 'NONE', ( #8373, #6548, #1233, #2375, #7003, #2742, #7623, #7217, #2690, #7647, #1833, #8680, #418, #8344, #2445, #8983, #746, #5765, #941, #7208, #4318, #8797, #8447, #2753, #2216, #1570, #4987, #8575, #644, #1056, #4677, #6139, #575, #1116, #7356, #8700, #3581, #905, #2651, #739, #1260, #1346, #1620, #2131, #7094 ) ) ;
#1173 = LINE ( 'NONE', #5482, #734 ) ;
#1174 = COLOUR_RGB ( '',1.000000000000000000, 1.000000000000000000, 1.000000000000000000 ) ;
#1175 = SURFACE_STYLE_FILL_AREA ( #5190 ) ;
#1176 = DIRECTION ( 'NONE',  ( -0.000000000000000000, 0.6589684953534067358, 0.7521705405901425445 ) ) ;
#1177 = ORIENTED_EDGE ( 'NONE', *, *, #2242, .F. ) ;
#1178 = COLOUR_RGB ( '',0.2509803921568627416, 0.2509803921568627416, 0.2509803921568627416 ) ;
#1179 = LINE ( 'NONE', #6255, #8892 ) ;
#1180 =( GEOMETRIC_REPRESENTATION_CONTEXT ( 3 ) GLOBAL_UNCERTAINTY_ASSIGNED_CONTEXT ( ( #9010 ) ) GLOBAL_UNIT_ASSIGNED_CONTEXT ( ( #2316, #4452, #4265 ) ) REPRESENTATION_CONTEXT ( 'NONE', 'WORKASPACE' ) );
#1181 = ORIENTED_EDGE ( 'NONE', *, *, #7331, .F. ) ;
#1182 = FILL_AREA_STYLE ('',( #3185 ) ) ;
#1183 = ORIENTED_EDGE ( 'NONE', *, *, #7406, .T. ) ;
#1184 = FILL_AREA_STYLE ('',( #1733 ) ) ;
#1185 =( LENGTH_UNIT ( ) NAMED_UNIT ( * ) SI_UNIT ( $, .METRE. ) );
#1186 = AXIS2_PLACEMENT_3D ( 'NONE', #2866, #5115, #1685 ) ;
#1187 = DIMENSIONAL_EXPONENTS ( 1.000000000000000000, 0.000000000000000000, 0.000000000000000000, 0.000000000000000000, 0.000000000000000000, 0.000000000000000000, 0.000000000000000000 ) ;
#1188 = EDGE_CURVE ( 'NONE', #7806, #1915, #5738, .T. ) ;
#1189 = CARTESIAN_POINT ( 'NONE',  ( -0.07480314960629920462, 0.03700787401574803098, 0.06515748031496061687 ) ) ;
#1190 = DIRECTION ( 'NONE',  ( 0.000000000000000000, 0.9953961983671792968, 0.09584575252021750036 ) ) ;
#1191 = LENGTH_MEASURE_WITH_UNIT ( LENGTH_MEASURE( 0.02539999999999999897 ), #8039 );
#1192 = LINE ( 'NONE', #3454, #1438 ) ;
#1193 =( NAMED_UNIT ( * ) PLANE_ANGLE_UNIT ( ) SI_UNIT ( $, .RADIAN. ) );
#1194 = EDGE_CURVE ( 'NONE', #8426, #8044, #8386, .T. ) ;
#1195 = SURFACE_STYLE_FILL_AREA ( #5415 ) ;
#1196 = ORIENTED_EDGE ( 'NONE', *, *, #8874, .F. ) ;
#1197 = VERTEX_POINT ( 'NONE', #5003 ) ;
#1198 = PRESENTATION_STYLE_ASSIGNMENT (( #8790 ) ) ;
#1199 = UNCERTAINTY_MEASURE_WITH_UNIT (LENGTH_MEASURE( 1.000000000000000082E-05 ), #3412, 'distance_accuracy_value', 'NONE');
#1200 = CARTESIAN_POINT ( 'NONE',  ( -0.09173228346456695215, 0.2556786355646874509, -0.1210629921259842590 ) ) ;
#1201 = SURFACE_SIDE_STYLE ('',( #8132 ) ) ;
#1202 = DIRECTION ( 'NONE',  ( -0.000000000000000000, 0.000000000000000000, -1.000000000000000000 ) ) ;
#1203 = EDGE_CURVE ( 'NONE', #8626, #6806, #2123, .T. ) ;
#1204 = DIRECTION ( 'NONE',  ( 0.000000000000000000, -1.000000000000000000, 0.000000000000000000 ) ) ;
#1205 = ADVANCED_FACE ( 'NONE', ( #4152 ), #5659, .T. ) ;
#1206 = SURFACE_SIDE_STYLE ('',( #1941 ) ) ;
#1207 = ORIENTED_EDGE ( 'NONE', *, *, #5277, .T. ) ;
#1208 = LINE ( 'NONE', #8740, #979 ) ;
#1209 = ORIENTED_EDGE ( 'NONE', *, *, #9007, .T. ) ;
#1210 = ORIENTED_EDGE ( 'NONE', *, *, #3601, .T. ) ;
#1211 = DIRECTION ( 'NONE',  ( -0.000000000000000000, 0.000000000000000000, -1.000000000000000000 ) ) ;
#1212 = SURFACE_STYLE_FILL_AREA ( #3937 ) ;
#1213 = CARTESIAN_POINT ( 'NONE',  ( -0.07795275590551181688, 0.000000000000000000, 0.01003937007874015040 ) ) ;
#1214 = PRESENTATION_STYLE_ASSIGNMENT (( #4725 ) ) ;
#1215 = CARTESIAN_POINT ( 'NONE',  ( 0.01692913385826774753, 0.02736220472440944324, 0.07761836027346888378 ) ) ;
#1216 = EDGE_CURVE ( 'NONE', #3534, #3375, #4110, .T. ) ;
#1217 = CARTESIAN_POINT ( 'NONE',  ( 0.06496062992125986590, 0.01822099969626657379, 0.09408128290260084348 ) ) ;
#1218 = VERTEX_POINT ( 'NONE', #7730 ) ;
#1219 = CARTESIAN_POINT ( 'NONE',  ( -0.08287401574803152093, 0.009842519685039369942, -0.01003937007874015387 ) ) ;
#1220 = ORIENTED_EDGE ( 'NONE', *, *, #7526, .F. ) ;
#1221 = UNCERTAINTY_MEASURE_WITH_UNIT (LENGTH_MEASURE( 1.000000000000000082E-05 ), #1987, 'distance_accuracy_value', 'NONE');
#1222 = MECHANICAL_DESIGN_GEOMETRIC_PRESENTATION_REPRESENTATION (  '', ( #7760 ), #8363 ) ;
#1223 = LENGTH_MEASURE_WITH_UNIT ( LENGTH_MEASURE( 0.02539999999999999897 ), #4687 );
#1224 = CARTESIAN_POINT ( 'NONE',  ( -0.07795275590551181688, 0.2556786355646874509, 0.01003937007874015040 ) ) ;
#1225 = EDGE_LOOP ( 'NONE', ( #338, #6511, #1144, #4232, #3920, #3582, #3602, #6025, #4182, #4670, #5870, #4586 ) ) ;
#1226 = UNCERTAINTY_MEASURE_WITH_UNIT (LENGTH_MEASURE( 1.000000000000000082E-05 ), #3999, 'distance_accuracy_value', 'NONE');
#1227 = LINE ( 'NONE', #4631, #1892 ) ;
#1228 = FILL_AREA_STYLE_COLOUR ( '', #4305 ) ;
#1229 = ORIENTED_EDGE ( 'NONE', *, *, #1064, .T. ) ;
#1230 = MECHANICAL_DESIGN_GEOMETRIC_PRESENTATION_REPRESENTATION (  '', ( #3402 ), #8660 ) ;
#1231 = FILL_AREA_STYLE_COLOUR ( '', #6699 ) ;
#1232 = COLOUR_RGB ( '',0.7921568627450980005, 0.8196078431372548767, 0.9333333333333333481 ) ;
#1233 = ADVANCED_FACE ( 'NONE', ( #1481 ), #7051, .F. ) ;
#1234 = CARTESIAN_POINT ( 'NONE',  ( -0.08307086614173225803, 0.01822099969626658419, 0.09408128290260084348 ) ) ;
#1235 = DIRECTION ( 'NONE',  ( -1.000000000000000000, 0.000000000000000000, -0.000000000000000000 ) ) ;
#1236 = MECHANICAL_DESIGN_GEOMETRIC_PRESENTATION_REPRESENTATION (  '', ( #1076 ), #4569 ) ;
#1237 = LINE ( 'NONE', #2655, #799 ) ;
#1239 = VECTOR ( 'NONE', #3093, 39.37007874015748854 ) ;
#1238 = DIRECTION ( 'NONE',  ( -0.000000000000000000, -1.000000000000000000, 0.000000000000000000 ) ) ;
#1240 = PLANE ( 'NONE',  #7395 ) ;
#1241 =( NAMED_UNIT ( * ) PLANE_ANGLE_UNIT ( ) SI_UNIT ( $, .RADIAN. ) );
#1242 = EDGE_CURVE ( 'NONE', #2947, #5030, #4431, .T. ) ;
#1243 = VERTEX_POINT ( 'NONE', #7141 ) ;
#1244 = VERTEX_POINT ( 'NONE', #7283 ) ;
#1245 = CARTESIAN_POINT ( 'NONE',  ( 0.09645669291338582196, 0.009842519685039369942, -0.09311023622047244486 ) ) ;
#1246 =( GEOMETRIC_REPRESENTATION_CONTEXT ( 3 ) GLOBAL_UNCERTAINTY_ASSIGNED_CONTEXT ( ( #1125 ) ) GLOBAL_UNIT_ASSIGNED_CONTEXT ( ( #5495, #3197, #3335 ) ) REPRESENTATION_CONTEXT ( 'NONE', 'WORKASPACE' ) );
#1247 =( LENGTH_UNIT ( ) NAMED_UNIT ( * ) SI_UNIT ( $, .METRE. ) );
#1248 = LINE ( 'NONE', #6811, #5771 ) ;
#1249 = CARTESIAN_POINT ( 'NONE',  ( -0.01496062992125982496, 0.007004783218323627943, 0.1049545283030582504 ) ) ;
#1250 = COLOUR_RGB ( '',0.7921568627450980005, 0.8196078431372548767, 0.9333333333333333481 ) ;
#1251 = ORIENTED_EDGE ( 'NONE', *, *, #130, .T. ) ;
#1252 = CARTESIAN_POINT ( 'NONE',  ( -0.09027830658147509291, 0.04488188976377953388, -0.08693184988856161866 ) ) ;
#1253 = ORIENTED_EDGE ( 'NONE', *, *, #2657, .F. ) ;
#1254 = ORIENTED_EDGE ( 'NONE', *, *, #5443, .F. ) ;
#1255 = PRESENTATION_LAYER_ASSIGNMENT (  '', '', ( #1686 ) ) ;
#1256 = DIRECTION ( 'NONE',  ( -0.000000000000000000, 1.000000000000000000, -0.000000000000000000 ) ) ;
#1257 =( NAMED_UNIT ( * ) PLANE_ANGLE_UNIT ( ) SI_UNIT ( $, .RADIAN. ) );
#1258 = DIRECTION ( 'NONE',  ( 0.000000000000000000, 3.133916943292842690E-15, 1.000000000000000000 ) ) ;
#1259 = LINE ( 'NONE', #4102, #7664 ) ;
#1260 = ADVANCED_FACE ( 'NONE', ( #361 ), #320, .F. ) ;
#1261 =( LENGTH_UNIT ( ) NAMED_UNIT ( * ) SI_UNIT ( $, .METRE. ) );
#1262 = VECTOR ( 'NONE', #7469, 39.37007874015748143 ) ;
#1263 = SURFACE_STYLE_FILL_AREA ( #5445 ) ;
#1264 = CIRCLE ( 'NONE', #6217, 0.003149606299212603152 ) ;
#1265 = CARTESIAN_POINT ( 'NONE',  ( -0.06496062992125982427, 0.01358267716535432532, 0.07982518197702757889 ) ) ;
#1266 = COLOUR_RGB ( '',0.2509803921568627416, 0.2509803921568627416, 0.2509803921568627416 ) ;
#1267 = VERTEX_POINT ( 'NONE', #7952 ) ;
#1268 = MECHANICAL_DESIGN_GEOMETRIC_PRESENTATION_REPRESENTATION (  '', ( #811 ), #2283 ) ;
#1269 = VERTEX_POINT ( 'NONE', #8603 ) ;
#1270 = CARTESIAN_POINT ( 'NONE',  ( 0.08287401574803152093, 0.009842519685039373412, 0.01003937007874014867 ) ) ;
#1271 = EDGE_LOOP ( 'NONE', ( #6397, #971, #8581, #2801 ) ) ;
#1272 = LENGTH_MEASURE_WITH_UNIT ( LENGTH_MEASURE( 0.02539999999999999897 ), #2088 );
#1273 = SURFACE_SIDE_STYLE ('',( #6842 ) ) ;
#1274 = SURFACE_STYLE_USAGE ( .BOTH. , #6186 ) ;
#1275 = MECHANICAL_DESIGN_GEOMETRIC_PRESENTATION_REPRESENTATION (  '', ( #4459 ), #1857 ) ;
#1276 = EDGE_CURVE ( 'NONE', #5914, #1000, #6599, .T. ) ;
#1277 =( NAMED_UNIT ( * ) SI_UNIT ( $, .STERADIAN. ) SOLID_ANGLE_UNIT ( ) );
#1278 =( NAMED_UNIT ( * ) SI_UNIT ( $, .STERADIAN. ) SOLID_ANGLE_UNIT ( ) );
#1279 = CARTESIAN_POINT ( 'NONE',  ( 0.08503937007874018406, 0.02266295170762570171, 0.09018973667019880569 ) ) ;
#1280 = LINE ( 'NONE', #6764, #7276 ) ;
#1281 = UNCERTAINTY_MEASURE_WITH_UNIT (LENGTH_MEASURE( 1.000000000000000082E-05 ), #4468, 'distance_accuracy_value', 'NONE');
#1282 = EDGE_CURVE ( 'NONE', #6042, #3962, #5140, .T. ) ;
#1283 = DIRECTION ( 'NONE',  ( 0.000000000000000000, -0.3420201433256699342, 0.9396926207859079838 ) ) ;
#1284 = SURFACE_STYLE_FILL_AREA ( #692 ) ;
#1285 = VERTEX_POINT ( 'NONE', #267 ) ;
#1286 = EDGE_LOOP ( 'NONE', ( #6104, #2745, #8615, #7885 ) ) ;
#1287 = UNCERTAINTY_MEASURE_WITH_UNIT (LENGTH_MEASURE( 1.000000000000000082E-05 ), #1469, 'distance_accuracy_value', 'NONE');
#1288 = CIRCLE ( 'NONE', #5535, 0.01377952755905510404 ) ;
#1289 = FACE_OUTER_BOUND ( 'NONE', #8118, .T. ) ;
#1290 = DIRECTION ( 'NONE',  ( -0.000000000000000000, 0.000000000000000000, -1.000000000000000000 ) ) ;
#1291 = SURFACE_SIDE_STYLE ('',( #5604 ) ) ;
#1292 = PRESENTATION_STYLE_ASSIGNMENT (( #1840 ) ) ;
#1293 = ORIENTED_EDGE ( 'NONE', *, *, #1339, .F. ) ;
#1294 =( LENGTH_UNIT ( ) NAMED_UNIT ( * ) SI_UNIT ( $, .METRE. ) );
#1295 = ORIENTED_EDGE ( 'NONE', *, *, #4866, .F. ) ;
#1296 = ORIENTED_EDGE ( 'NONE', *, *, #2264, .T. ) ;
#1297 = VECTOR ( 'NONE', #2741, 39.37007874015748143 ) ;
#1298 = CARTESIAN_POINT ( 'NONE',  ( -0.01496062992125982496, 0.01728225441254295502, 0.08117171797437273961 ) ) ;
#1299 =( NAMED_UNIT ( * ) SI_UNIT ( $, .STERADIAN. ) SOLID_ANGLE_UNIT ( ) );
#1300 = EDGE_CURVE ( 'NONE', #6639, #8343, #5085, .T. ) ;
#1301 = LINE ( 'NONE', #7963, #609 ) ;
#1302 = FILL_AREA_STYLE ('',( #1948 ) ) ;
#1303 = SURFACE_STYLE_FILL_AREA ( #2255 ) ;
#1304 = CARTESIAN_POINT ( 'NONE',  ( -0.06692913385826769479, 0.02266295170762570171, 0.09018973667019880569 ) ) ;
#1305 = VECTOR ( 'NONE', #8125, 39.37007874015748143 ) ;
#1306 = CARTESIAN_POINT ( 'NONE',  ( -0.08307086614173225803, 0.01728225441254295502, 0.08117171797437273961 ) ) ;
#1307 = CARTESIAN_POINT ( 'NONE',  ( -0.07480314960629920462, 0.03700787401574803098, 0.05925196850393700532 ) ) ;
#1308 = VECTOR ( 'NONE', #6068, 39.37007874015748143 ) ;
#1309 = EDGE_CURVE ( 'NONE', #907, #5292, #3845, .T. ) ;
#1310 = AXIS2_PLACEMENT_3D ( 'NONE', #4374, #4322, #213 ) ;
#1311 =( NAMED_UNIT ( * ) SI_UNIT ( $, .STERADIAN. ) SOLID_ANGLE_UNIT ( ) );
#1312 = PRESENTATION_STYLE_ASSIGNMENT (( #2800 ) ) ;
#1313 = EDGE_LOOP ( 'NONE', ( #4326, #3458, #1895, #714 ) ) ;
#1314 = COLOUR_RGB ( '',0.7921568627450980005, 0.8196078431372548767, 0.9333333333333333481 ) ;
#1315 = AXIS2_PLACEMENT_3D ( 'NONE', #2307, #3186, #8030 ) ;
#1316 = VECTOR ( 'NONE', #2396, 39.37007874015748143 ) ;
#1317 = AXIS2_PLACEMENT_3D ( 'NONE', #2518, #1204, #6934 ) ;
#1318 =( GEOMETRIC_REPRESENTATION_CONTEXT ( 3 ) GLOBAL_UNCERTAINTY_ASSIGNED_CONTEXT ( ( #3855 ) ) GLOBAL_UNIT_ASSIGNED_CONTEXT ( ( #7665, #6200, #6317 ) ) REPRESENTATION_CONTEXT ( 'NONE', 'WORKASPACE' ) );
#1319 = CARTESIAN_POINT ( 'NONE',  ( -0.01692913385826769201, 0.006220377944235661906, 0.1048859017339656141 ) ) ;
#1320 = SURFACE_STYLE_FILL_AREA ( #5584 ) ;
#1321 = EDGE_CURVE ( 'NONE', #4053, #6909, #6645, .T. ) ;
#1322 = VECTOR ( 'NONE', #8491, 39.37007874015748143 ) ;
#1323 = ORIENTED_EDGE ( 'NONE', *, *, #6831, .T. ) ;
#1324 = MECHANICAL_DESIGN_GEOMETRIC_PRESENTATION_REPRESENTATION (  '', ( #1610 ), #5421 ) ;
#1325 = DIRECTION ( 'NONE',  ( -0.000000000000000000, -1.000000000000000000, -0.000000000000000000 ) ) ;
#1326 = PRESENTATION_LAYER_ASSIGNMENT (  '', '', ( #2914 ) ) ;
#1327 = LENGTH_MEASURE_WITH_UNIT ( LENGTH_MEASURE( 0.02539999999999999897 ), #2054 );
#1328 =( CONVERSION_BASED_UNIT ( 'INCH', #8951 ) LENGTH_UNIT ( ) NAMED_UNIT ( #4482 ) );
#1329 = PRESENTATION_LAYER_ASSIGNMENT (  '', '', ( #5276 ) ) ;
#1330 =( NAMED_UNIT ( * ) SI_UNIT ( $, .STERADIAN. ) SOLID_ANGLE_UNIT ( ) );
#1331 =( LENGTH_UNIT ( ) NAMED_UNIT ( * ) SI_UNIT ( $, .METRE. ) );
#1332 = CARTESIAN_POINT ( 'NONE',  ( -0.03307086614173226219, 0.01173508930892991006, 0.08667802955033566958 ) ) ;
#1333 = CARTESIAN_POINT ( 'NONE',  ( -0.09173228346456695215, 0.000000000000000000, -0.1210629921259842590 ) ) ;
#1334 = CARTESIAN_POINT ( 'NONE',  ( -0.07480314960629920462, 0.03700787401574803098, 0.05925196850393700532 ) ) ;
#1335 =( LENGTH_UNIT ( ) NAMED_UNIT ( * ) SI_UNIT ( $, .METRE. ) );
#1336 = MECHANICAL_DESIGN_GEOMETRIC_PRESENTATION_REPRESENTATION (  '', ( #7726 ), #4215 ) ;
#1337 = ORIENTED_EDGE ( 'NONE', *, *, #8894, .T. ) ;
#1338 = CARTESIAN_POINT ( 'NONE',  ( -0.07795275590551181688, 0.009842519685039369942, 0.01909448818897638636 ) ) ;
#1339 = EDGE_CURVE ( 'NONE', #4992, #6042, #3171, .T. ) ;
#1340 = EDGE_CURVE ( 'NONE', #5192, #2819, #5837, .T. ) ;
#1341 =( NAMED_UNIT ( * ) PLANE_ANGLE_UNIT ( ) SI_UNIT ( $, .RADIAN. ) );
#1342 = UNCERTAINTY_MEASURE_WITH_UNIT (LENGTH_MEASURE( 1.000000000000000082E-05 ), #560, 'distance_accuracy_value', 'NONE');
#1343 = ORIENTED_EDGE ( 'NONE', *, *, #5066, .F. ) ;
#1344 = ORIENTED_EDGE ( 'NONE', *, *, #2519, .F. ) ;
#1345 = VERTEX_POINT ( 'NONE', #7909 ) ;
#1346 = ADVANCED_FACE ( 'NONE', ( #1666 ), #5383, .F. ) ;
#1347 =( NAMED_UNIT ( * ) SI_UNIT ( $, .STERADIAN. ) SOLID_ANGLE_UNIT ( ) );
#1348 = CARTESIAN_POINT ( 'NONE',  ( 0.06692913385826773642, 0.004805065926099859851, 0.1210629921259844255 ) ) ;
#1349 =( NAMED_UNIT ( * ) SI_UNIT ( $, .STERADIAN. ) SOLID_ANGLE_UNIT ( ) );
#1350 = FACE_OUTER_BOUND ( 'NONE', #7626, .T. ) ;
#1351 = EDGE_CURVE ( 'NONE', #8808, #8426, #3619, .T. ) ;
#1352 =( CONVERSION_BASED_UNIT ( 'INCH', #754 ) LENGTH_UNIT ( ) NAMED_UNIT ( #6575 ) );
#1353 = ORIENTED_EDGE ( 'NONE', *, *, #7589, .T. ) ;
#1354 =( LENGTH_UNIT ( ) NAMED_UNIT ( * ) SI_UNIT ( $, .METRE. ) );
#1355 = FACE_OUTER_BOUND ( 'NONE', #6153, .T. ) ;
#1356 = EDGE_LOOP ( 'NONE', ( #6178, #7260, #3888, #4486, #3392, #2570, #7814, #5586 ) ) ;
#1357 = CARTESIAN_POINT ( 'NONE',  ( 0.08503937007874018406, 0.02653119753051446511, 0.08453805796773562753 ) ) ;
#1358 = CARTESIAN_POINT ( 'NONE',  ( 0.06692913385826773642, 0.01822099969626658419, 0.09408128290260084348 ) ) ;
#1359 =( NAMED_UNIT ( * ) PLANE_ANGLE_UNIT ( ) SI_UNIT ( $, .RADIAN. ) );
#1360 = FILL_AREA_STYLE ('',( #8429 ) ) ;
#1361 = SURFACE_STYLE_FILL_AREA ( #564 ) ;
#1362 = DIRECTION ( 'NONE',  ( 6.100900290192956307E-16, 0.000000000000000000, -1.000000000000000000 ) ) ;
#1363 = DIRECTION ( 'NONE',  ( -1.000000000000000000, -0.000000000000000000, -0.000000000000000000 ) ) ;
#1364 = STYLED_ITEM ( 'NONE', ( #6417 ), #4376 ) ;
#1365 = ORIENTED_EDGE ( 'NONE', *, *, #4464, .F. ) ;
#1366 =( CONVERSION_BASED_UNIT ( 'INCH', #4223 ) LENGTH_UNIT ( ) NAMED_UNIT ( #6072 ) );
#1367 = CARTESIAN_POINT ( 'NONE',  ( 0.01692913385826774406, -0.003584687981864217131, 0.1040280696203075700 ) ) ;
#1368 = UNCERTAINTY_MEASURE_WITH_UNIT (LENGTH_MEASURE( 1.000000000000000082E-05 ), #4876, 'distance_accuracy_value', 'NONE');
#1369 = FACE_OUTER_BOUND ( 'NONE', #5471, .T. ) ;
#1370 = CARTESIAN_POINT ( 'NONE',  ( -0.07795275590551181688, 2.667820306312757049E-19, -0.09092820213934121876 ) ) ;
#1371 = CARTESIAN_POINT ( 'NONE',  ( -0.05413385826771653642, 0.000000000000000000, -0.1072834645669291237 ) ) ;
#1372 = DIRECTION ( 'NONE',  ( -1.000000000000000000, -0.000000000000000000, -0.000000000000000000 ) ) ;
#1373 = FILL_AREA_STYLE_COLOUR ( '', #2896 ) ;
#1374 = ORIENTED_EDGE ( 'NONE', *, *, #5285, .F. ) ;
#1375 = FILL_AREA_STYLE_COLOUR ( '', #1881 ) ;
#1376 = EDGE_LOOP ( 'NONE', ( #47, #3650, #7354, #5261 ) ) ;
#1377 = ORIENTED_EDGE ( 'NONE', *, *, #5428, .T. ) ;
#1378 = DIRECTION ( 'NONE',  ( 1.000000000000000000, 0.000000000000000000, 0.000000000000000000 ) ) ;
#1379 =( GEOMETRIC_REPRESENTATION_CONTEXT ( 3 ) GLOBAL_UNCERTAINTY_ASSIGNED_CONTEXT ( ( #1862 ) ) GLOBAL_UNIT_ASSIGNED_CONTEXT ( ( #667, #6953, #1299 ) ) REPRESENTATION_CONTEXT ( 'NONE', 'WORKASPACE' ) );
#1380 = LENGTH_MEASURE_WITH_UNIT ( LENGTH_MEASURE( 0.02539999999999999897 ), #4861 );
#1381 = VECTOR ( 'NONE', #3684, 39.37007874015748143 ) ;
#1382 = DIRECTION ( 'NONE',  ( 0.000000000000000000, 3.133916943292842690E-15, 1.000000000000000000 ) ) ;
#1383 = EDGE_CURVE ( 'NONE', #2173, #2560, #8197, .T. ) ;
#1384 = DIRECTION ( 'NONE',  ( 0.000000000000000000, 0.000000000000000000, 1.000000000000000000 ) ) ;
#1385 =( NAMED_UNIT ( * ) SI_UNIT ( $, .STERADIAN. ) SOLID_ANGLE_UNIT ( ) );
#1386 = VERTEX_POINT ( 'NONE', #8846 ) ;
#1387 =( NAMED_UNIT ( * ) SI_UNIT ( $, .STERADIAN. ) SOLID_ANGLE_UNIT ( ) );
#1388 = EDGE_CURVE ( 'NONE', #6029, #6312, #3395, .T. ) ;
#1389 = CARTESIAN_POINT ( 'NONE',  ( 0.07795275590551181688, 0.009842519685039369942, -0.01003937007874015908 ) ) ;
#1390 = MECHANICAL_DESIGN_GEOMETRIC_PRESENTATION_REPRESENTATION (  '', ( #5189 ), #7522 ) ;
#1391 = PRESENTATION_STYLE_ASSIGNMENT (( #7642 ) ) ;
#1392 = COLOUR_RGB ( '',0.2509803921568627416, 0.2509803921568627416, 0.2509803921568627416 ) ;
#1393 = ORIENTED_EDGE ( 'NONE', *, *, #182, .F. ) ;
#1394 = LINE ( 'NONE', #7480, #7582 ) ;
#1395 = FACE_OUTER_BOUND ( 'NONE', #5332, .T. ) ;
#1396 = STYLED_ITEM ( 'NONE', ( #946 ), #8177 ) ;
#1397 = LINE ( 'NONE', #2727, #6923 ) ;
#1398 = CYLINDRICAL_SURFACE ( 'NONE', #4944, 0.003149606299212603152 ) ;
#1399 = DIRECTION ( 'NONE',  ( 0.000000000000000000, -3.562378566738089716E-15, 1.000000000000000000 ) ) ;
#1400 = EDGE_CURVE ( 'NONE', #3328, #879, #2578, .T. ) ;
#1401 = PRODUCT ( 'SQJ444EP-T1_GE3', 'SQJ444EP-T1_GE3', '', ( #5958 ) ) ;
#1402 = PRESENTATION_STYLE_ASSIGNMENT (( #1100 ) ) ;
#1403 = CARTESIAN_POINT ( 'NONE',  ( 0.03307086614173231076, 0.007004783218323627943, 0.1049545283030582504 ) ) ;
#1404 = DIRECTION ( 'NONE',  ( 1.000000000000000000, 0.000000000000000000, 1.971091940197113801E-16 ) ) ;
#1405 = PRESENTATION_STYLE_ASSIGNMENT (( #4794 ) ) ;
#1406 = CARTESIAN_POINT ( 'NONE',  ( 0.08287401574803150706, 0.2556786355646874509, -0.01003937007874015908 ) ) ;
#1407 = PRESENTATION_LAYER_ASSIGNMENT (  '', '', ( #6103 ) ) ;
#1408 = ORIENTED_EDGE ( 'NONE', *, *, #8078, .F. ) ;
#1409 = EDGE_CURVE ( 'NONE', #6951, #5730, #6416, .T. ) ;
#1410 = CARTESIAN_POINT ( 'NONE',  ( -0.01496062992125982496, 0.01617704132028901370, 0.08278648331793365955 ) ) ;
#1411 = DIMENSIONAL_EXPONENTS ( 1.000000000000000000, 0.000000000000000000, 0.000000000000000000, 0.000000000000000000, 0.000000000000000000, 0.000000000000000000, 0.000000000000000000 ) ;
#1412 = SURFACE_SIDE_STYLE ('',( #7618 ) ) ;
#1413 = SURFACE_SIDE_STYLE ('',( #3595 ) ) ;
#1414 = MECHANICAL_DESIGN_GEOMETRIC_PRESENTATION_REPRESENTATION (  '', ( #4772 ), #1712 ) ;
#1415 = DIRECTION ( 'NONE',  ( 0.000000000000000000, 0.7521705405901426555, -0.6589684953534065137 ) ) ;
#1416 = ADVANCED_FACE ( 'NONE', ( #6122 ), #7467, .T. ) ;
#1417 = LENGTH_MEASURE_WITH_UNIT ( LENGTH_MEASURE( 0.02539999999999999897 ), #4270 );
#1418 = UNCERTAINTY_MEASURE_WITH_UNIT (LENGTH_MEASURE( 1.000000000000000082E-05 ), #6617, 'distance_accuracy_value', 'NONE');
#1419 = VERTEX_POINT ( 'NONE', #83 ) ;
#1420 =( NAMED_UNIT ( * ) PLANE_ANGLE_UNIT ( ) SI_UNIT ( $, .RADIAN. ) );
#1421 = ORIENTED_EDGE ( 'NONE', *, *, #1498, .T. ) ;
#1422 = ORIENTED_EDGE ( 'NONE', *, *, #541, .T. ) ;
#1423 = PLANE ( 'NONE',  #215 ) ;
#1424 = CARTESIAN_POINT ( 'NONE',  ( 0.08503937007874018406, 0.01617704132028901370, 0.08278648331793365955 ) ) ;
#1425 = CARTESIAN_POINT ( 'NONE',  ( 0.09242075248266307108, 0.2556786355646874509, 0.004527559055118104969 ) ) ;
#1426 = SURFACE_STYLE_FILL_AREA ( #7092 ) ;
#1427 = PRESENTATION_LAYER_ASSIGNMENT (  '', '', ( #6394 ) ) ;
#1428 = PLANE ( 'NONE',  #5986 ) ;
#1429 = CARTESIAN_POINT ( 'NONE',  ( 0.01496062992125986486, 0.01358267716535432532, 0.07982518197702757889 ) ) ;
#1430 = CARTESIAN_POINT ( 'NONE',  ( -0.07480314960629921850, 0.009842519685039369942, -0.001377952755905514828 ) ) ;
#1431 = DIRECTION ( 'NONE',  ( 0.000000000000000000, -0.000000000000000000, 1.000000000000000000 ) ) ;
#1432 = DIRECTION ( 'NONE',  ( 0.000000000000000000, 1.000000000000000000, -3.133916943292842690E-15 ) ) ;
#1433 = ORIENTED_EDGE ( 'NONE', *, *, #1977, .T. ) ;
#1434 = COLOUR_RGB ( '',0.7921568627450980005, 0.8196078431372548767, 0.9333333333333333481 ) ;
#1435 = AXIS2_PLACEMENT_3D ( 'NONE', #612, #2853, #7610 ) ;
#1436 = EDGE_CURVE ( 'NONE', #140, #8626, #706, .T. ) ;
#1437 = DIRECTION ( 'NONE',  ( 0.000000000000000000, 0.000000000000000000, -1.000000000000000000 ) ) ;
#1438 = VECTOR ( 'NONE', #4004, 39.37007874015748854 ) ;
#1439 = VECTOR ( 'NONE', #7116, 39.37007874015748143 ) ;
#1440 = VECTOR ( 'NONE', #5971, 39.37007874015748143 ) ;
#1441 = DIRECTION ( 'NONE',  ( -1.000000000000000000, -0.000000000000000000, -0.000000000000000000 ) ) ;
#1442 = ORIENTED_EDGE ( 'NONE', *, *, #3077, .F. ) ;
#1443 = PRESENTATION_LAYER_ASSIGNMENT (  '', '', ( #2897 ) ) ;
#1444 =( NAMED_UNIT ( * ) PLANE_ANGLE_UNIT ( ) SI_UNIT ( $, .RADIAN. ) );
#1445 = LINE ( 'NONE', #2946, #7636 ) ;
#1446 = STYLED_ITEM ( 'NONE', ( #7966 ), #6548 ) ;
#1447 = PRESENTATION_LAYER_ASSIGNMENT (  '', '', ( #7568 ) ) ;
#1448 = COLOUR_RGB ( '',0.2509803921568627416, 0.2509803921568627416, 0.2509803921568627416 ) ;
#1449 = SURFACE_STYLE_FILL_AREA ( #8350 ) ;
#1450 = STYLED_ITEM ( 'NONE', ( #3388 ), #644 ) ;
#1451 = MECHANICAL_DESIGN_GEOMETRIC_PRESENTATION_REPRESENTATION (  '', ( #4059 ), #1756 ) ;
#1452 = CARTESIAN_POINT ( 'NONE',  ( 0.07480314960629920462, 1.067128122525102820E-18, -0.09092820213934121876 ) ) ;
#1453 = DIRECTION ( 'NONE',  ( -0.000000000000000000, 0.9961946980917456562, 0.08715574274765768015 ) ) ;
#1454 =( LENGTH_UNIT ( ) NAMED_UNIT ( * ) SI_UNIT ( $, .METRE. ) );
#1455 = AXIS2_PLACEMENT_3D ( 'NONE', #7105, #3040, #8619 ) ;
#1457 = VECTOR ( 'NONE', #723, 39.37007874015748143 ) ;
#1456 = DIRECTION ( 'NONE',  ( -0.9848077530122074652, 0.1736481776669339117, 0.000000000000000000 ) ) ;
#1458 = AXIS2_PLACEMENT_3D ( 'NONE', #7911, #322, #7954 ) ;
#1459 = ORIENTED_EDGE ( 'NONE', *, *, #8213, .F. ) ;
#1460 = CLOSED_SHELL ( 'NONE', ( #2377, #5624, #3174, #8473 ) ) ;
#1461 =( NAMED_UNIT ( * ) SI_UNIT ( $, .STERADIAN. ) SOLID_ANGLE_UNIT ( ) );
#1462 = COLOUR_RGB ( '',0.7921568627450980005, 0.8196078431372548767, 0.9333333333333333481 ) ;
#1463 =( GEOMETRIC_REPRESENTATION_CONTEXT ( 3 ) GLOBAL_UNCERTAINTY_ASSIGNED_CONTEXT ( ( #4133 ) ) GLOBAL_UNIT_ASSIGNED_CONTEXT ( ( #596, #8941, #1311 ) ) REPRESENTATION_CONTEXT ( 'NONE', 'WORKASPACE' ) );
#1464 = ADVANCED_FACE ( 'NONE', ( #5651 ), #1518, .T. ) ;
#1465 = VECTOR ( 'NONE', #3017, 39.37007874015748143 ) ;
#1466 = CARTESIAN_POINT ( 'NONE',  ( -0.06692913385826769479, 0.02736220472440944324, 0.07761836027346888378 ) ) ;
#1467 = FACE_OUTER_BOUND ( 'NONE', #5794, .T. ) ;
#1468 = CARTESIAN_POINT ( 'NONE',  ( 0.03503937007874018128, 0.01358267716535432532, 0.07982518197702757889 ) ) ;
#1469 =( CONVERSION_BASED_UNIT ( 'INCH', #2233 ) LENGTH_UNIT ( ) NAMED_UNIT ( #6668 ) );
#1470 = STYLED_ITEM ( 'NONE', ( #2857 ), #983 ) ;
#1471 = AXIS2_PLACEMENT_3D ( 'NONE', #5819, #4463, #1651 ) ;
#1472 = EDGE_LOOP ( 'NONE', ( #369, #8830, #483, #35 ) ) ;
#1473 = EDGE_LOOP ( 'NONE', ( #4557, #3963, #5614, #8883 ) ) ;
#1474 = ORIENTED_EDGE ( 'NONE', *, *, #5327, .T. ) ;
#1475 = PLANE ( 'NONE',  #7629 ) ;
#1476 = DIRECTION ( 'NONE',  ( 0.000000000000000000, 0.000000000000000000, 1.000000000000000000 ) ) ;
#1477 =( NAMED_UNIT ( * ) PLANE_ANGLE_UNIT ( ) SI_UNIT ( $, .RADIAN. ) );
#1478 = CARTESIAN_POINT ( 'NONE',  ( 0.07795275590551181688, 0.009842519685039369942, 0.01003937007874015040 ) ) ;
#1479 = CARTESIAN_POINT ( 'NONE',  ( 0.08307086614173231354, 0.006485910387336710561, 0.1043622680348770537 ) ) ;
#1480 = ORIENTED_EDGE ( 'NONE', *, *, #3688, .F. ) ;
#1481 = FACE_OUTER_BOUND ( 'NONE', #4344, .T. ) ;
#1482 = FACE_OUTER_BOUND ( 'NONE', #4617, .T. ) ;
#1483 = DIRECTION ( 'NONE',  ( 0.000000000000000000, 1.000000000000000000, -0.000000000000000000 ) ) ;
#1484 = CARTESIAN_POINT ( 'NONE',  ( 0.07795275590551181688, 0.000000000000000000, 0.07677619065068530535 ) ) ;
#1485 = ORIENTED_EDGE ( 'NONE', *, *, #8109, .T. ) ;
#1486 = CARTESIAN_POINT ( 'NONE',  ( -0.07480314960629924625, 0.009842519685039369942, -0.09311023622047244486 ) ) ;
#1487 = CARTESIAN_POINT ( 'NONE',  ( -0.09783464566929132855, 0.2556786355646874509, -0.001377952755905514828 ) ) ;
#1488 = LINE ( 'NONE', #7059, #8379 ) ;
#1489 =( NAMED_UNIT ( * ) PLANE_ANGLE_UNIT ( ) SI_UNIT ( $, .RADIAN. ) );
#1490 = CARTESIAN_POINT ( 'NONE',  ( 0.09645669291338582196, 0.009842519685039369942, -0.004527559055118113643 ) ) ;
#1491 = FACE_OUTER_BOUND ( 'NONE', #5279, .T. ) ;
#1492 = LENGTH_MEASURE_WITH_UNIT ( LENGTH_MEASURE( 0.02539999999999999897 ), #4884 );
#1493 = SURFACE_STYLE_FILL_AREA ( #8437 ) ;
#1494 = DIMENSIONAL_EXPONENTS ( 1.000000000000000000, 0.000000000000000000, 0.000000000000000000, 0.000000000000000000, 0.000000000000000000, 0.000000000000000000, 0.000000000000000000 ) ;
#1495 = SURFACE_SIDE_STYLE ('',( #4353 ) ) ;
#1496 = DIRECTION ( 'NONE',  ( 0.000000000000000000, 0.000000000000000000, 1.000000000000000000 ) ) ;
#1497 = ORIENTED_EDGE ( 'NONE', *, *, #3147, .T. ) ;
#1498 = EDGE_CURVE ( 'NONE', #6856, #6871, #8416, .T. ) ;
#1499 = VECTOR ( 'NONE', #368, 39.37007874015748143 ) ;
#1500 = VERTEX_POINT ( 'NONE', #6327 ) ;
#1501 = PLANE ( 'NONE',  #3844 ) ;
#1502 = DIRECTION ( 'NONE',  ( -0.7071067811865461294, 0.000000000000000000, -0.7071067811865487940 ) ) ;
#1503 = STYLED_ITEM ( 'NONE', ( #7464 ), #4318 ) ;
#1504 = FACE_OUTER_BOUND ( 'NONE', #2902, .T. ) ;
#1505 = CARTESIAN_POINT ( 'NONE',  ( -0.06692913385826769479, 0.007004783218323627943, 0.1049545283030582504 ) ) ;
#1506 = UNCERTAINTY_MEASURE_WITH_UNIT (LENGTH_MEASURE( 1.000000000000000082E-05 ), #1074, 'distance_accuracy_value', 'NONE');
#1507 = EDGE_CURVE ( 'NONE', #3406, #5203, #6295, .T. ) ;
#1508 = DIRECTION ( 'NONE',  ( 0.000000000000000000, -0.3420201433256699342, 0.9396926207859079838 ) ) ;
#1509 = VERTEX_POINT ( 'NONE', #4237 ) ;
#1510 = SURFACE_SIDE_STYLE ('',( #75 ) ) ;
#1511 = ORIENTED_EDGE ( 'NONE', *, *, #7538, .F. ) ;
#1512 = LENGTH_MEASURE_WITH_UNIT ( LENGTH_MEASURE( 0.02539999999999999897 ), #5074 );
#1513 = VECTOR ( 'NONE', #8404, 39.37007874015748143 ) ;
#1514 = AXIS2_PLACEMENT_3D ( 'NONE', #660, #7662, #69 ) ;
#1515 = VERTEX_POINT ( 'NONE', #7043 ) ;
#1516 = PLANE ( 'NONE',  #6472 ) ;
#1517 = DIRECTION ( 'NONE',  ( 0.000000000000000000, 0.6589684953534065137, 0.7521705405901426555 ) ) ;
#1518 = PLANE ( 'NONE',  #1593 ) ;
#1519 = DIRECTION ( 'NONE',  ( 0.000000000000000000, 1.000000000000000000, 0.000000000000000000 ) ) ;
#1520 = PRESENTATION_LAYER_ASSIGNMENT (  '', '', ( #219 ) ) ;
#1521 = FILL_AREA_STYLE_COLOUR ( '', #251 ) ;
#1522 = FILL_AREA_STYLE_COLOUR ( '', #8281 ) ;
#1523 = EDGE_CURVE ( 'NONE', #8548, #3163, #789, .T. ) ;
#1524 = VERTEX_POINT ( 'NONE', #6421 ) ;
#1525 = AXIS2_PLACEMENT_3D ( 'NONE', #3379, #3909, #8172 ) ;
#1526 = VECTOR ( 'NONE', #8231, 39.37007874015748143 ) ;
#1527 = DIRECTION ( 'NONE',  ( -0.000000000000000000, 0.000000000000000000, -1.000000000000000000 ) ) ;
#1528 = FILL_AREA_STYLE_COLOUR ( '', #5270 ) ;
#1529 = EDGE_CURVE ( 'NONE', #8222, #8808, #6373, .T. ) ;
#1530 = LINE ( 'NONE', #1669, #2122 ) ;
#1531 = DIMENSIONAL_EXPONENTS ( 1.000000000000000000, 0.000000000000000000, 0.000000000000000000, 0.000000000000000000, 0.000000000000000000, 0.000000000000000000, 0.000000000000000000 ) ;
#1532 = PRESENTATION_STYLE_ASSIGNMENT (( #223 ) ) ;
#1533 = AXIS2_PLACEMENT_3D ( 'NONE', #1403, #8311, #4121 ) ;
#1534 = PRESENTATION_STYLE_ASSIGNMENT (( #2945 ) ) ;
#1535 =( CONVERSION_BASED_UNIT ( 'INCH', #3707 ) LENGTH_UNIT ( ) NAMED_UNIT ( #3194 ) );
#1536 = LINE ( 'NONE', #5665, #3117 ) ;
#1537 = EDGE_LOOP ( 'NONE', ( #4946, #6437, #8982, #8330 ) ) ;
#1538 = VERTEX_POINT ( 'NONE', #43 ) ;
#1540 = LENGTH_MEASURE_WITH_UNIT ( LENGTH_MEASURE( 0.02539999999999999897 ), #7190 );
#1539 = MECHANICAL_DESIGN_GEOMETRIC_PRESENTATION_REPRESENTATION (  '', ( #248 ), #6088 ) ;
#1541 = SURFACE_STYLE_USAGE ( .BOTH. , #1495 ) ;
#1542 = SURFACE_STYLE_USAGE ( .BOTH. , #6483 ) ;
#1543 = ORIENTED_EDGE ( 'NONE', *, *, #2069, .F. ) ;
#1544 = DIRECTION ( 'NONE',  ( -1.000000000000000000, -0.000000000000000000, -0.000000000000000000 ) ) ;
#1545 = DIRECTION ( 'NONE',  ( -1.000000000000000000, -0.000000000000000000, -0.000000000000000000 ) ) ;
#1546 = VECTOR ( 'NONE', #8200, 39.37007874015748143 ) ;
#1547 = COLOUR_RGB ( '',0.2509803921568627416, 0.2509803921568627416, 0.2509803921568627416 ) ;
#1548 = EDGE_CURVE ( 'NONE', #9000, #6595, #2798, .T. ) ;
#1549 = DIRECTION ( 'NONE',  ( 0.000000000000000000, -0.000000000000000000, -1.000000000000000000 ) ) ;
#1550 = CARTESIAN_POINT ( 'NONE',  ( -0.09645669291338582196, 0.009842519685039369942, 0.07772391750302322377 ) ) ;
#1551 = EDGE_CURVE ( 'NONE', #8004, #3534, #7763, .T. ) ;
#1552 = CARTESIAN_POINT ( 'NONE',  ( -0.01496062992125982496, 0.01751968503937007329, 0.07846314444784678599 ) ) ;
#1553 = PRESENTATION_STYLE_ASSIGNMENT (( #4271 ) ) ;
#1554 = ORIENTED_EDGE ( 'NONE', *, *, #7680, .T. ) ;
#1555 = ORIENTED_EDGE ( 'NONE', *, *, #8573, .T. ) ;
#1556 = DIMENSIONAL_EXPONENTS ( 1.000000000000000000, 0.000000000000000000, 0.000000000000000000, 0.000000000000000000, 0.000000000000000000, 0.000000000000000000, 0.000000000000000000 ) ;
#1557 = ORIENTED_EDGE ( 'NONE', *, *, #5065, .F. ) ;
#1558 = AXIS2_PLACEMENT_3D ( 'NONE', #3537, #4872, #2719 ) ;
#1559 = FACE_OUTER_BOUND ( 'NONE', #7366, .T. ) ;
#1560 =( LENGTH_UNIT ( ) NAMED_UNIT ( * ) SI_UNIT ( $, .METRE. ) );
#1561 =( NAMED_UNIT ( * ) PLANE_ANGLE_UNIT ( ) SI_UNIT ( $, .RADIAN. ) );
#1562 = LENGTH_MEASURE_WITH_UNIT ( LENGTH_MEASURE( 0.02539999999999999897 ), #3018 );
#1563 = PRESENTATION_STYLE_ASSIGNMENT (( #2335 ) ) ;
#1564 = FACE_OUTER_BOUND ( 'NONE', #63, .T. ) ;
#1565 = ORIENTED_EDGE ( 'NONE', *, *, #788, .F. ) ;
#1566 = EDGE_CURVE ( 'NONE', #2401, #5072, #3609, .T. ) ;
#1567 = VECTOR ( 'NONE', #4613, 39.37007874015748143 ) ;
#1568 =( LENGTH_UNIT ( ) NAMED_UNIT ( * ) SI_UNIT ( $, .METRE. ) );
#1569 = DIRECTION ( 'NONE',  ( -0.000000000000000000, -0.000000000000000000, 1.000000000000000000 ) ) ;
#1570 = ADVANCED_FACE ( 'NONE', ( #670 ), #6248, .F. ) ;
#1571 =( NAMED_UNIT ( * ) SI_UNIT ( $, .STERADIAN. ) SOLID_ANGLE_UNIT ( ) );
#1572 = DIMENSIONAL_EXPONENTS ( 1.000000000000000000, 0.000000000000000000, 0.000000000000000000, 0.000000000000000000, 0.000000000000000000, 0.000000000000000000, 0.000000000000000000 ) ;
#1573 = SURFACE_STYLE_USAGE ( .BOTH. , #2257 ) ;
#1574 = MECHANICAL_DESIGN_GEOMETRIC_PRESENTATION_REPRESENTATION (  '', ( #2436 ), #8572 ) ;
#1575 = CARTESIAN_POINT ( 'NONE',  ( 0.09783464566929132855, 0.009842519685039369942, -0.1072834645669291237 ) ) ;
#1576 = CARTESIAN_POINT ( 'NONE',  ( 0.09645669291338582196, 0.02244094488188976347, 0.07893700787401573826 ) ) ;
#1577 =( NAMED_UNIT ( * ) PLANE_ANGLE_UNIT ( ) SI_UNIT ( $, .RADIAN. ) );
#1578 = EDGE_LOOP ( 'NONE', ( #3167, #6888, #6814, #5159 ) ) ;
#1579 = VERTEX_POINT ( 'NONE', #5826 ) ;
#1580 = COLOUR_RGB ( '',0.7921568627450980005, 0.8196078431372548767, 0.9333333333333333481 ) ;
#1581 =( GEOMETRIC_REPRESENTATION_CONTEXT ( 3 ) GLOBAL_UNCERTAINTY_ASSIGNED_CONTEXT ( ( #8710 ) ) GLOBAL_UNIT_ASSIGNED_CONTEXT ( ( #4956, #7044, #7724 ) ) REPRESENTATION_CONTEXT ( 'NONE', 'WORKASPACE' ) );
#1582 = EDGE_CURVE ( 'NONE', #8343, #1500, #2334, .T. ) ;
#1583 = SURFACE_STYLE_FILL_AREA ( #803 ) ;
#1584 = CARTESIAN_POINT ( 'NONE',  ( -0.01692913385826769201, 0.01173508930892991006, 0.08667802955033566958 ) ) ;
#1585 = DIRECTION ( 'NONE',  ( 0.000000000000000000, -0.7521705405901417674, 0.6589684953534074019 ) ) ;
#1586 = EDGE_CURVE ( 'NONE', #7479, #3033, #5176, .T. ) ;
#1587 = FACE_OUTER_BOUND ( 'NONE', #8238, .T. ) ;
#1588 = PRESENTATION_LAYER_ASSIGNMENT (  '', '', ( #8298 ) ) ;
#1589 = DIRECTION ( 'NONE',  ( -1.000000000000000000, 0.000000000000000000, -0.000000000000000000 ) ) ;
#1590 = MECHANICAL_DESIGN_GEOMETRIC_PRESENTATION_REPRESENTATION (  '', ( #3756 ), #847 ) ;
#1591 = DIRECTION ( 'NONE',  ( 0.000000000000000000, 0.000000000000000000, -1.000000000000000000 ) ) ;
#1592 = ORIENTED_EDGE ( 'NONE', *, *, #7336, .T. ) ;
#1593 = AXIS2_PLACEMENT_3D ( 'NONE', #2882, #176, #748 ) ;
#1594 = DIRECTION ( 'NONE',  ( -0.8660254037844377084, 0.000000000000000000, -0.5000000000000014433 ) ) ;
#1595 = AXIS2_PLACEMENT_3D ( 'NONE', #8084, #7402, #3918 ) ;
#1596 = DIRECTION ( 'NONE',  ( -0.8660254037844377084, 0.000000000000000000, 0.5000000000000012212 ) ) ;
#1597 = VECTOR ( 'NONE', #2491, 39.37007874015748143 ) ;
#1598 = VECTOR ( 'NONE', #5453, 39.37007874015748143 ) ;
#1599 =( LENGTH_UNIT ( ) NAMED_UNIT ( * ) SI_UNIT ( $, .METRE. ) );
#1600 = VECTOR ( 'NONE', #1861, 39.37007874015748143 ) ;
#1601 = PRESENTATION_LAYER_ASSIGNMENT (  '', '', ( #158 ) ) ;
#1602 =( LENGTH_UNIT ( ) NAMED_UNIT ( * ) SI_UNIT ( $, .METRE. ) );
#1603 = SURFACE_STYLE_USAGE ( .BOTH. , #7258 ) ;
#1604 = EDGE_CURVE ( 'NONE', #582, #2720, #7269, .T. ) ;
#1605 = COLOUR_RGB ( '',0.7921568627450980005, 0.8196078431372548767, 0.9333333333333333481 ) ;
#1606 = VERTEX_POINT ( 'NONE', #5228 ) ;
#1607 = CARTESIAN_POINT ( 'NONE',  ( 0.06692913385826773642, 0.01822099969626658419, 0.09408128290260084348 ) ) ;
#1608 = ORIENTED_EDGE ( 'NONE', *, *, #7671, .T. ) ;
#1609 =( NAMED_UNIT ( * ) PLANE_ANGLE_UNIT ( ) SI_UNIT ( $, .RADIAN. ) );
#1610 = STYLED_ITEM ( 'NONE', ( #3544 ), #6826 ) ;
#1611 = ORIENTED_EDGE ( 'NONE', *, *, #5575, .T. ) ;
#1612 = DIRECTION ( 'NONE',  ( -0.000000000000000000, 0.000000000000000000, -1.000000000000000000 ) ) ;
#1613 = PRESENTATION_LAYER_ASSIGNMENT (  '', '', ( #470 ) ) ;
#1614 = LENGTH_MEASURE_WITH_UNIT ( LENGTH_MEASURE( 0.02539999999999999897 ), #1560 );
#1615 = MECHANICAL_DESIGN_GEOMETRIC_PRESENTATION_REPRESENTATION (  '', ( #878 ), #2064 ) ;
#1616 = PLANE ( 'NONE',  #6846 ) ;
#1617 = DIRECTION ( 'NONE',  ( -1.000000000000000000, 0.000000000000000000, -0.000000000000000000 ) ) ;
#1618 =( LENGTH_UNIT ( ) NAMED_UNIT ( * ) SI_UNIT ( $, .METRE. ) );
#1619 = AXIS2_PLACEMENT_3D ( 'NONE', #3604, #866, #5872 ) ;
#1620 = ADVANCED_FACE ( 'NONE', ( #4470 ), #1616, .F. ) ;
#1621 = ORIENTED_EDGE ( 'NONE', *, *, #6999, .T. ) ;
#1622 = DIRECTION ( 'NONE',  ( -1.000000000000000000, -0.000000000000000000, 0.000000000000000000 ) ) ;
#1623 = DIMENSIONAL_EXPONENTS ( 1.000000000000000000, 0.000000000000000000, 0.000000000000000000, 0.000000000000000000, 0.000000000000000000, 0.000000000000000000, 0.000000000000000000 ) ;
#1624 = CARTESIAN_POINT ( 'NONE',  ( 0.09645669291338582196, 0.009842519685039369942, -0.09311023622047244486 ) ) ;
#1625 = DIRECTION ( 'NONE',  ( -0.000000000000000000, 0.000000000000000000, -1.000000000000000000 ) ) ;
#1626 = SURFACE_STYLE_USAGE ( .BOTH. , #7181 ) ;
#1627 = ADVANCED_FACE ( 'NONE', ( #1656 ), #7363, .T. ) ;
#1628 =( NAMED_UNIT ( * ) SI_UNIT ( $, .STERADIAN. ) SOLID_ANGLE_UNIT ( ) );
#1629 =( NAMED_UNIT ( * ) SI_UNIT ( $, .STERADIAN. ) SOLID_ANGLE_UNIT ( ) );
#1630 = CARTESIAN_POINT ( 'NONE',  ( 0.01692913385826774753, 0.02736220472440943630, 0.07982518197702757889 ) ) ;
#1631 = ORIENTED_EDGE ( 'NONE', *, *, #2840, .F. ) ;
#1632 = ORIENTED_EDGE ( 'NONE', *, *, #8091, .T. ) ;
#1633 = DIRECTION ( 'NONE',  ( 0.000000000000000000, -0.000000000000000000, 1.000000000000000000 ) ) ;
#1634 = FILL_AREA_STYLE ('',( #5799 ) ) ;
#1635 = UNCERTAINTY_MEASURE_WITH_UNIT (LENGTH_MEASURE( 1.000000000000000082E-05 ), #7815, 'distance_accuracy_value', 'NONE');
#1636 = CARTESIAN_POINT ( 'NONE',  ( 0.08503937007874018406, 0.01358267716535432532, 0.07982518197702757889 ) ) ;
#1637 =( NAMED_UNIT ( * ) SI_UNIT ( $, .STERADIAN. ) SOLID_ANGLE_UNIT ( ) );
#1638 = CARTESIAN_POINT ( 'NONE',  ( 0.01692913385826774753, 0.02653119753051446511, 0.08453805796773562753 ) ) ;
#1639 = PRESENTATION_STYLE_ASSIGNMENT (( #1541 ) ) ;
#1640 = LINE ( 'NONE', #5022, #3100 ) ;
#1641 = ORIENTED_EDGE ( 'NONE', *, *, #2682, .F. ) ;
#1642 = FILL_AREA_STYLE_COLOUR ( '', #992 ) ;
#1643 = DIMENSIONAL_EXPONENTS ( 1.000000000000000000, 0.000000000000000000, 0.000000000000000000, 0.000000000000000000, 0.000000000000000000, 0.000000000000000000, 0.000000000000000000 ) ;
#1644 = CARTESIAN_POINT ( 'NONE',  ( -0.09423525063674374758, 0.02244094488188975653, 0.07893700787401576602 ) ) ;
#1645 = SURFACE_SIDE_STYLE ('',( #2232 ) ) ;
#1646 = CARTESIAN_POINT ( 'NONE',  ( -0.01496062992125982496, 0.004805065926099859851, 0.1210629921259844255 ) ) ;
#1647 =( LENGTH_UNIT ( ) NAMED_UNIT ( * ) SI_UNIT ( $, .METRE. ) );
#1648 = CARTESIAN_POINT ( 'NONE',  ( 0.03503937007874018128, 0.006220377944235653232, 0.1048859017339656141 ) ) ;
#1649 = ORIENTED_EDGE ( 'NONE', *, *, #2127, .T. ) ;
#1650 = ORIENTED_EDGE ( 'NONE', *, *, #119, .F. ) ;
#1651 = DIRECTION ( 'NONE',  ( 0.000000000000000000, -0.9953961983671795188, -0.09584575252021751424 ) ) ;
#1652 = ORIENTED_EDGE ( 'NONE', *, *, #3114, .T. ) ;
#1653 = AXIS2_PLACEMENT_3D ( 'NONE', #5391, #4684, #4984 ) ;
#1654 = LINE ( 'NONE', #8048, #4560 ) ;
#1655 = FILL_AREA_STYLE ('',( #7900 ) ) ;
#1656 = FACE_OUTER_BOUND ( 'NONE', #4097, .T. ) ;
#1657 = DIRECTION ( 'NONE',  ( 1.000000000000000000, 0.000000000000000000, 0.000000000000000000 ) ) ;
#1658 = CARTESIAN_POINT ( 'NONE',  ( 0.01692913385826774753, 0.01173508930892991006, 0.08667802955033566958 ) ) ;
#1659 = VERTEX_POINT ( 'NONE', #1792 ) ;
#1660 = LENGTH_MEASURE_WITH_UNIT ( LENGTH_MEASURE( 0.02539999999999999897 ), #2977 );
#1661 = ORIENTED_EDGE ( 'NONE', *, *, #7053, .F. ) ;
#1662 = EDGE_LOOP ( 'NONE', ( #7368, #7643, #2154, #6321, #107, #7452, #4812, #6364 ) ) ;
#1663 = CARTESIAN_POINT ( 'NONE',  ( 0.06692913385826773642, 0.01173508930892991006, 0.08667802955033566958 ) ) ;
#1664 = VECTOR ( 'NONE', #1549, 39.37007874015748143 ) ;
#1665 = AXIS2_PLACEMENT_3D ( 'NONE', #4786, #8992, #643 ) ;
#1666 = FACE_OUTER_BOUND ( 'NONE', #7176, .T. ) ;
#1667 = DIRECTION ( 'NONE',  ( -1.000000000000000000, -0.000000000000000000, -0.000000000000000000 ) ) ;
#1668 = EDGE_CURVE ( 'NONE', #5381, #7546, #8187, .T. ) ;
#1669 = CARTESIAN_POINT ( 'NONE',  ( -0.01496062992125982496, 0.02266295170762570171, 0.09018973667019880569 ) ) ;
#1670 = PLANE ( 'NONE',  #6810 ) ;
#1671 = PRESENTATION_LAYER_ASSIGNMENT (  '', '', ( #84 ) ) ;
#1672 = DIRECTION ( 'NONE',  ( -1.000000000000000000, -0.000000000000000000, -0.000000000000000000 ) ) ;
#1673 = LENGTH_MEASURE_WITH_UNIT ( LENGTH_MEASURE( 0.02539999999999999897 ), #4540 );
#1674 = VERTEX_POINT ( 'NONE', #6775 ) ;
#1675 = ORIENTED_EDGE ( 'NONE', *, *, #1974, .F. ) ;
#1676 = SURFACE_STYLE_FILL_AREA ( #8768 ) ;
#1677 = FACE_OUTER_BOUND ( 'NONE', #6682, .T. ) ;
#1678 = CARTESIAN_POINT ( 'NONE',  ( -0.08287401574803150706, 0.009842519685039369942, 0.01003937007874015040 ) ) ;
#1679 = LINE ( 'NONE', #3719, #454 ) ;
#1680 =( LENGTH_UNIT ( ) NAMED_UNIT ( * ) SI_UNIT ( $, .METRE. ) );
#1681 = MECHANICAL_DESIGN_GEOMETRIC_PRESENTATION_REPRESENTATION (  '', ( #4017 ), #4892 ) ;
#1682 =( CONVERSION_BASED_UNIT ( 'INCH', #5260 ) LENGTH_UNIT ( ) NAMED_UNIT ( #1494 ) );
#1683 = VERTEX_POINT ( 'NONE', #8093 ) ;
#1684 = LINE ( 'NONE', #5718, #7564 ) ;
#1685 = DIRECTION ( 'NONE',  ( -1.000000000000000000, 0.000000000000000000, -0.000000000000000000 ) ) ;
#1686 = STYLED_ITEM ( 'NONE', ( #4111 ), #7737 ) ;
#1687 = ADVANCED_FACE ( 'NONE', ( #4564 ), #1838, .F. ) ;
#1688 = SURFACE_SIDE_STYLE ('',( #7251 ) ) ;
#1689 =( CONVERSION_BASED_UNIT ( 'INCH', #3776 ) LENGTH_UNIT ( ) NAMED_UNIT ( #2227 ) );
#1690 = FILL_AREA_STYLE ('',( #6578 ) ) ;
#1691 = FILL_AREA_STYLE ('',( #7891 ) ) ;
#1692 = SURFACE_SIDE_STYLE ('',( #1783 ) ) ;
#1693 = EDGE_CURVE ( 'NONE', #3188, #6204, #2778, .T. ) ;
#1694 = SURFACE_SIDE_STYLE ('',( #904 ) ) ;
#1695 = VECTOR ( 'NONE', #503, 39.37007874015748143 ) ;
#1696 = ORIENTED_EDGE ( 'NONE', *, *, #5483, .T. ) ;
#1697 = VERTEX_POINT ( 'NONE', #6022 ) ;
#1698 = CARTESIAN_POINT ( 'NONE',  ( 0.08503937007874018406, 0.01728225441254295155, 0.08117171797437273961 ) ) ;
#1699 = ORIENTED_EDGE ( 'NONE', *, *, #1216, .T. ) ;
#1700 = EDGE_CURVE ( 'NONE', #6806, #6584, #2094, .T. ) ;
#1701 = DIRECTION ( 'NONE',  ( -0.1736481776669338839, -0.9848077530122073542, 0.000000000000000000 ) ) ;
#1702 = MECHANICAL_DESIGN_GEOMETRIC_PRESENTATION_REPRESENTATION (  '', ( #4153 ), #261 ) ;
#1703 = FILL_AREA_STYLE ('',( #8588 ) ) ;
#1704 = DIMENSIONAL_EXPONENTS ( 1.000000000000000000, 0.000000000000000000, 0.000000000000000000, 0.000000000000000000, 0.000000000000000000, 0.000000000000000000, 0.000000000000000000 ) ;
#1705 =( CONVERSION_BASED_UNIT ( 'INCH', #5878 ) LENGTH_UNIT ( ) NAMED_UNIT ( #1824 ) );
#1706 = AXIS2_PLACEMENT_3D ( 'NONE', #4221, #7535, #568 ) ;
#1707 = CARTESIAN_POINT ( 'NONE',  ( -0.1009842519685039408, 0.000000000000000000, -0.001377952755905492493 ) ) ;
#1708 =( NAMED_UNIT ( * ) SI_UNIT ( $, .STERADIAN. ) SOLID_ANGLE_UNIT ( ) );
#1709 = VERTEX_POINT ( 'NONE', #2813 ) ;
#1710 = DIMENSIONAL_EXPONENTS ( 1.000000000000000000, 0.000000000000000000, 0.000000000000000000, 0.000000000000000000, 0.000000000000000000, 0.000000000000000000, 0.000000000000000000 ) ;
#1711 = ORIENTED_EDGE ( 'NONE', *, *, #684, .T. ) ;
#1712 =( GEOMETRIC_REPRESENTATION_CONTEXT ( 3 ) GLOBAL_UNCERTAINTY_ASSIGNED_CONTEXT ( ( #2432 ) ) GLOBAL_UNIT_ASSIGNED_CONTEXT ( ( #3031, #327, #883 ) ) REPRESENTATION_CONTEXT ( 'NONE', 'WORKASPACE' ) );
#1713 = ORIENTED_EDGE ( 'NONE', *, *, #4258, .F. ) ;
#1714 =( NAMED_UNIT ( * ) SI_UNIT ( $, .STERADIAN. ) SOLID_ANGLE_UNIT ( ) );
#1715 = FILL_AREA_STYLE ('',( #5183 ) ) ;
#1716 = AXIS2_PLACEMENT_3D ( 'NONE', #419, #8756, #1071 ) ;
#1717 = CARTESIAN_POINT ( 'NONE',  ( -0.08307086614173225803, 3.201384367575308459E-18, 0.09695901468261183820 ) ) ;
#1718 = FILL_AREA_STYLE ('',( #5044 ) ) ;
#1719 = FILL_AREA_STYLE_COLOUR ( '', #4291 ) ;
#1720 =( CONVERSION_BASED_UNIT ( 'INCH', #6124 ) LENGTH_UNIT ( ) NAMED_UNIT ( #7700 ) );
#1721 = EDGE_CURVE ( 'NONE', #6789, #638, #457, .T. ) ;
#1722 = LENGTH_MEASURE_WITH_UNIT ( LENGTH_MEASURE( 0.02539999999999999897 ), #6650 );
#1723 =( NAMED_UNIT ( * ) PLANE_ANGLE_UNIT ( ) SI_UNIT ( $, .RADIAN. ) );
#1724 = ORIENTED_EDGE ( 'NONE', *, *, #2220, .T. ) ;
#1725 = AXIS2_PLACEMENT_3D ( 'NONE', #8286, #5779, #4423 ) ;
#1726 = EDGE_CURVE ( 'NONE', #1953, #6286, #8395, .T. ) ;
#1727 = UNCERTAINTY_MEASURE_WITH_UNIT (LENGTH_MEASURE( 1.000000000000000082E-05 ), #6926, 'distance_accuracy_value', 'NONE');
#1728 =( LENGTH_UNIT ( ) NAMED_UNIT ( * ) SI_UNIT ( $, .METRE. ) );
#1729 = LENGTH_MEASURE_WITH_UNIT ( LENGTH_MEASURE( 0.02539999999999999897 ), #4303 );
#1730 = LINE ( 'NONE', #3132, #3483 ) ;
#1731 = PRESENTATION_LAYER_ASSIGNMENT (  '', '', ( #5677 ) ) ;
#1732 = ORIENTED_EDGE ( 'NONE', *, *, #5264, .F. ) ;
#1733 = FILL_AREA_STYLE_COLOUR ( '', #1163 ) ;
#1734 = VERTEX_POINT ( 'NONE', #1452 ) ;
#1735 = DIRECTION ( 'NONE',  ( -1.000000000000000000, -0.000000000000000000, -0.000000000000000000 ) ) ;
#1736 = COLOUR_RGB ( '',0.7921568627450980005, 0.8196078431372548767, 0.9333333333333333481 ) ;
#1737 = PRESENTATION_LAYER_ASSIGNMENT (  '', '', ( #3473 ) ) ;
#1738 = DIRECTION ( 'NONE',  ( -1.000000000000000000, 0.000000000000000000, 0.000000000000000000 ) ) ;
#1739 =( NAMED_UNIT ( * ) SI_UNIT ( $, .STERADIAN. ) SOLID_ANGLE_UNIT ( ) );
#1740 = CIRCLE ( 'NONE', #4802, 0.01377952755905510404 ) ;
#1741 =( CONVERSION_BASED_UNIT ( 'INCH', #289 ) LENGTH_UNIT ( ) NAMED_UNIT ( #6448 ) );
#1742 = LINE ( 'NONE', #1140, #1883 ) ;
#1744 = MECHANICAL_DESIGN_GEOMETRIC_PRESENTATION_REPRESENTATION (  '', ( #594 ), #4196 ) ;
#1743 =( NAMED_UNIT ( * ) SI_UNIT ( $, .STERADIAN. ) SOLID_ANGLE_UNIT ( ) );
#1745 =( LENGTH_UNIT ( ) NAMED_UNIT ( * ) SI_UNIT ( $, .METRE. ) );
#1746 = COLOUR_RGB ( '',0.7921568627450980005, 0.8196078431372548767, 0.9333333333333333481 ) ;
#1747 = EDGE_CURVE ( 'NONE', #3988, #5134, #6973, .T. ) ;
#1748 = ORIENTED_EDGE ( 'NONE', *, *, #4214, .F. ) ;
#1749 = VERTEX_POINT ( 'NONE', #3793 ) ;
#1750 = LINE ( 'NONE', #6016, #6439 ) ;
#1751 = MECHANICAL_DESIGN_GEOMETRIC_PRESENTATION_REPRESENTATION (  '', ( #5846 ), #3765 ) ;
#1752 = VECTOR ( 'NONE', #1959, 39.37007874015748143 ) ;
#1753 = AXIS2_PLACEMENT_3D ( 'NONE', #2859, #8483, #1399 ) ;
#1754 = CARTESIAN_POINT ( 'NONE',  ( -0.08307086614173225803, 0.01358267716535432532, 0.07982518197702757889 ) ) ;
#1755 = DIRECTION ( 'NONE',  ( 0.000000000000000000, 0.000000000000000000, 1.000000000000000000 ) ) ;
#1756 =( GEOMETRIC_REPRESENTATION_CONTEXT ( 3 ) GLOBAL_UNCERTAINTY_ASSIGNED_CONTEXT ( ( #6791 ) ) GLOBAL_UNIT_ASSIGNED_CONTEXT ( ( #1682, #981, #4547 ) ) REPRESENTATION_CONTEXT ( 'NONE', 'WORKASPACE' ) );
#1757 = DIRECTION ( 'NONE',  ( 0.000000000000000000, 0.000000000000000000, -1.000000000000000000 ) ) ;
#1758 = VECTOR ( 'NONE', #4282, 39.37007874015748143 ) ;
#1759 = CARTESIAN_POINT ( 'NONE',  ( -0.09645669291338582196, 0.009842519685039373412, 0.07772391750302322377 ) ) ;
#1760 = ORIENTED_EDGE ( 'NONE', *, *, #6040, .T. ) ;
#1761 = MECHANICAL_DESIGN_GEOMETRIC_PRESENTATION_REPRESENTATION (  '', ( #2914 ), #7586 ) ;
#1762 = VERTEX_POINT ( 'NONE', #4561 ) ;
#1763 = ORIENTED_EDGE ( 'NONE', *, *, #2535, .T. ) ;
#1764 = AXIS2_PLACEMENT_3D ( 'NONE', #637, #8150, #8203 ) ;
#1765 = CARTESIAN_POINT ( 'NONE',  ( -0.03503937007874014659, 0.01173508930892991006, 0.08667802955033566958 ) ) ;
#1766 = LINE ( 'NONE', #268, #4038 ) ;
#1767 =( CONVERSION_BASED_UNIT ( 'INCH', #8606 ) LENGTH_UNIT ( ) NAMED_UNIT ( #6517 ) );
#1768 = SURFACE_STYLE_USAGE ( .BOTH. , #8014 ) ;
#1769 = PRESENTATION_LAYER_ASSIGNMENT (  '', '', ( #7869 ) ) ;
#1770 = DIMENSIONAL_EXPONENTS ( 1.000000000000000000, 0.000000000000000000, 0.000000000000000000, 0.000000000000000000, 0.000000000000000000, 0.000000000000000000, 0.000000000000000000 ) ;
#1771 = FILL_AREA_STYLE_COLOUR ( '', #4466 ) ;
#1772 = PRESENTATION_STYLE_ASSIGNMENT (( #8611 ) ) ;
#1773 = DIRECTION ( 'NONE',  ( 0.000000000000000000, -0.6589684953534060696, -0.7521705405901429886 ) ) ;
#1774 = ORIENTED_EDGE ( 'NONE', *, *, #5428, .F. ) ;
#1775 = DIMENSIONAL_EXPONENTS ( 1.000000000000000000, 0.000000000000000000, 0.000000000000000000, 0.000000000000000000, 0.000000000000000000, 0.000000000000000000, 0.000000000000000000 ) ;
#1776 = UNCERTAINTY_MEASURE_WITH_UNIT (LENGTH_MEASURE( 1.000000000000000082E-05 ), #6374, 'distance_accuracy_value', 'NONE');
#1777 = SURFACE_SIDE_STYLE ('',( #1676 ) ) ;
#1778 = CARTESIAN_POINT ( 'NONE',  ( 0.03503937007874018128, 0.01617704132028901370, 0.08278648331793365955 ) ) ;
#1779 = DIRECTION ( 'NONE',  ( 0.000000000000000000, 0.000000000000000000, -1.000000000000000000 ) ) ;
#1780 = VERTEX_POINT ( 'NONE', #7264 ) ;
#1781 = ORIENTED_EDGE ( 'NONE', *, *, #3893, .F. ) ;
#1782 = CARTESIAN_POINT ( 'NONE',  ( 0.08287401574803150706, 0.000000000000000000, -0.01003937007874015908 ) ) ;
#1783 = SURFACE_STYLE_FILL_AREA ( #7351 ) ;
#1784 = ADVANCED_FACE ( 'NONE', ( #7455 ), #8686, .T. ) ;
#1785 = ORIENTED_EDGE ( 'NONE', *, *, #5224, .T. ) ;
#1786 = ORIENTED_EDGE ( 'NONE', *, *, #2937, .F. ) ;
#1787 = LINE ( 'NONE', #571, #4673 ) ;
#1788 =( NAMED_UNIT ( * ) SI_UNIT ( $, .STERADIAN. ) SOLID_ANGLE_UNIT ( ) );
#1789 = DIRECTION ( 'NONE',  ( 0.000000000000000000, 0.000000000000000000, 1.000000000000000000 ) ) ;
#1790 = DIRECTION ( 'NONE',  ( -0.000000000000000000, -1.000000000000000000, 0.000000000000000000 ) ) ;
#1791 = ADVANCED_FACE ( 'NONE', ( #488 ), #301, .T. ) ;
#1792 = CARTESIAN_POINT ( 'NONE',  ( 0.08307086614173231354, 0.01751968503937008717, 0.07982518197702757889 ) ) ;
#1793 = CARTESIAN_POINT ( 'NONE',  ( -0.09783464566929132855, 0.000000000000000000, 0.001377952755905507238 ) ) ;
#1794 = LENGTH_MEASURE_WITH_UNIT ( LENGTH_MEASURE( 0.02539999999999999897 ), #1153 );
#1795 = ORIENTED_EDGE ( 'NONE', *, *, #6496, .F. ) ;
#1796 = ORIENTED_EDGE ( 'NONE', *, *, #7903, .T. ) ;
#1797 = ORIENTED_EDGE ( 'NONE', *, *, #5814, .T. ) ;
#1798 = DIRECTION ( 'NONE',  ( 0.000000000000000000, 0.000000000000000000, 1.000000000000000000 ) ) ;
#1799 = LENGTH_MEASURE_WITH_UNIT ( LENGTH_MEASURE( 0.02539999999999999897 ), #5294 );
#1800 = EDGE_CURVE ( 'NONE', #2819, #4422, #3356, .T. ) ;
#1801 = DIRECTION ( 'NONE',  ( -1.000000000000000000, -0.000000000000000000, -0.000000000000000000 ) ) ;
#1802 = LINE ( 'NONE', #3846, #2444 ) ;
#1803 = CARTESIAN_POINT ( 'NONE',  ( -0.08307086614173225803, 0.01751968503937007329, 0.07846314444784678599 ) ) ;
#1804 =( LENGTH_UNIT ( ) NAMED_UNIT ( * ) SI_UNIT ( $, .METRE. ) );
#1805 = CARTESIAN_POINT ( 'NONE',  ( -0.09645669291338584972, 0.009842519685039369942, -0.001377952755905514828 ) ) ;
#1806 = EDGE_CURVE ( 'NONE', #3860, #3012, #2371, .T. ) ;
#1807 = PLANE ( 'NONE',  #1764 ) ;
#1808 = LENGTH_MEASURE_WITH_UNIT ( LENGTH_MEASURE( 0.02539999999999999897 ), #6033 );
#1809 = EDGE_LOOP ( 'NONE', ( #6270, #3060, #1353 ) ) ;
#1810 = CIRCLE ( 'NONE', #6915, 0.003937007874015758385 ) ;
#1811 = UNCERTAINTY_MEASURE_WITH_UNIT (LENGTH_MEASURE( 1.000000000000000082E-05 ), #1960, 'distance_accuracy_value', 'NONE');
#1812 = EDGE_CURVE ( 'NONE', #3309, #949, #8510, .T. ) ;
#1813 = CARTESIAN_POINT ( 'NONE',  ( 0.08287401574803150706, 0.009842519685039369942, -0.01003937007874015908 ) ) ;
#1814 = FILL_AREA_STYLE ('',( #3371 ) ) ;
#1815 =( NAMED_UNIT ( * ) SI_UNIT ( $, .STERADIAN. ) SOLID_ANGLE_UNIT ( ) );
#1816 = PLANE ( 'NONE',  #1003 ) ;
#1817 = SURFACE_SIDE_STYLE ('',( #5307 ) ) ;
#1818 = VERTEX_POINT ( 'NONE', #6646 ) ;
#1819 = CARTESIAN_POINT ( 'NONE',  ( 0.01692913385826774753, 0.006485910387336710561, 0.1043622680348770537 ) ) ;
#1820 =( NAMED_UNIT ( * ) PLANE_ANGLE_UNIT ( ) SI_UNIT ( $, .RADIAN. ) );
#1821 = CARTESIAN_POINT ( 'NONE',  ( 0.01692913385826774753, 0.02244094488188976347, 0.07893700787401573826 ) ) ;
#1822 =( GEOMETRIC_REPRESENTATION_CONTEXT ( 3 ) GLOBAL_UNCERTAINTY_ASSIGNED_CONTEXT ( ( #6859 ) ) GLOBAL_UNIT_ASSIGNED_CONTEXT ( ( #4711, #1150, #1884 ) ) REPRESENTATION_CONTEXT ( 'NONE', 'WORKASPACE' ) );
#1823 = LINE ( 'NONE', #6525, #2613 ) ;
#1824 = DIMENSIONAL_EXPONENTS ( 1.000000000000000000, 0.000000000000000000, 0.000000000000000000, 0.000000000000000000, 0.000000000000000000, 0.000000000000000000, 0.000000000000000000 ) ;
#1825 = FILL_AREA_STYLE ('',( #566 ) ) ;
#1826 =( LENGTH_UNIT ( ) NAMED_UNIT ( * ) SI_UNIT ( $, .METRE. ) );
#1827 = LENGTH_MEASURE_WITH_UNIT ( LENGTH_MEASURE( 0.02539999999999999897 ), #2558 );
#1828 = LENGTH_MEASURE_WITH_UNIT ( LENGTH_MEASURE( 0.02539999999999999897 ), #1745 );
#1829 = VERTEX_POINT ( 'NONE', #5142 ) ;
#1830 = VERTEX_POINT ( 'NONE', #3119 ) ;
#1831 = ADVANCED_FACE ( 'NONE', ( #7866 ), #4433, .T. ) ;
#1832 = MECHANICAL_DESIGN_GEOMETRIC_PRESENTATION_REPRESENTATION (  '', ( #4284 ), #5776 ) ;
#1833 = ADVANCED_FACE ( 'NONE', ( #5740 ), #4480, .F. ) ;
#1834 = PLANE ( 'NONE',  #6342 ) ;
#1835 =( LENGTH_UNIT ( ) NAMED_UNIT ( * ) SI_UNIT ( $, .METRE. ) );
#1836 = CARTESIAN_POINT ( 'NONE',  ( 0.01692913385826774753, 0.01728225441254295155, 0.08117171797437273961 ) ) ;
#1837 = CARTESIAN_POINT ( 'NONE',  ( 0.09783464566929132855, 0.009842519685039378616, 0.001377952755905507238 ) ) ;
#1838 = PLANE ( 'NONE',  #6003 ) ;
#1839 = AXIS2_PLACEMENT_3D ( 'NONE', #7561, #6886, #2125 ) ;
#1840 = SURFACE_STYLE_USAGE ( .BOTH. , #8052 ) ;
#1841 = EDGE_LOOP ( 'NONE', ( #4015, #7754, #2050, #5137 ) ) ;
#1842 =( NAMED_UNIT ( * ) PLANE_ANGLE_UNIT ( ) SI_UNIT ( $, .RADIAN. ) );
#1843 = ORIENTED_EDGE ( 'NONE', *, *, #4112, .F. ) ;
#1844 = ORIENTED_EDGE ( 'NONE', *, *, #517, .T. ) ;
#1845 = STYLED_ITEM ( 'NONE', ( #3982 ), #8064 ) ;
#1846 = VECTOR ( 'NONE', #792, 39.37007874015748143 ) ;
#1847 =( CONVERSION_BASED_UNIT ( 'INCH', #6741 ) LENGTH_UNIT ( ) NAMED_UNIT ( #8550 ) );
#1848 = SURFACE_SIDE_STYLE ('',( #3173 ) ) ;
#1849 = UNCERTAINTY_MEASURE_WITH_UNIT (LENGTH_MEASURE( 1.000000000000000082E-05 ), #8269, 'distance_accuracy_value', 'NONE');
#1850 = LINE ( 'NONE', #5385, #5271 ) ;
#1851 = DIRECTION ( 'NONE',  ( 1.000000000000000000, 0.000000000000000000, 0.000000000000000000 ) ) ;
#1852 =( NAMED_UNIT ( * ) PLANE_ANGLE_UNIT ( ) SI_UNIT ( $, .RADIAN. ) );
#1853 = ADVANCED_FACE ( 'NONE', ( #6550 ), #364, .F. ) ;
#1854 = CARTESIAN_POINT ( 'NONE',  ( -0.07480314960629921850, 0.009842519685039369942, -0.09092820213934121876 ) ) ;
#1855 = LENGTH_MEASURE_WITH_UNIT ( LENGTH_MEASURE( 0.02539999999999999897 ), #2492 );
#1856 = EDGE_LOOP ( 'NONE', ( #5417, #6896, #2082, #8635, #4317, #3256 ) ) ;
#1857 =( GEOMETRIC_REPRESENTATION_CONTEXT ( 3 ) GLOBAL_UNCERTAINTY_ASSIGNED_CONTEXT ( ( #7383 ) ) GLOBAL_UNIT_ASSIGNED_CONTEXT ( ( #7235, #3666, #1628 ) ) REPRESENTATION_CONTEXT ( 'NONE', 'WORKASPACE' ) );
#1858 = UNCERTAINTY_MEASURE_WITH_UNIT (LENGTH_MEASURE( 1.000000000000000082E-05 ), #3931, 'distance_accuracy_value', 'NONE');
#1859 = EDGE_CURVE ( 'NONE', #2076, #1524, #1949, .T. ) ;
#1860 = DIRECTION ( 'NONE',  ( 0.000000000000000000, -0.9659258262890682012, 0.2588190451025212946 ) ) ;
#1861 = DIRECTION ( 'NONE',  ( 0.000000000000000000, 1.000000000000000000, 0.000000000000000000 ) ) ;
#1862 = UNCERTAINTY_MEASURE_WITH_UNIT (LENGTH_MEASURE( 1.000000000000000082E-05 ), #667, 'distance_accuracy_value', 'NONE');
#1863 = FILL_AREA_STYLE ('',( #1126 ) ) ;
#1864 = DIRECTION ( 'NONE',  ( 0.000000000000000000, 0.000000000000000000, 1.000000000000000000 ) ) ;
#1865 = FILL_AREA_STYLE_COLOUR ( '', #8552 ) ;
#1866 = ORIENTED_EDGE ( 'NONE', *, *, #3832, .F. ) ;
#1867 = LINE ( 'NONE', #4449, #2630 ) ;
#1868 =( LENGTH_UNIT ( ) NAMED_UNIT ( * ) SI_UNIT ( $, .METRE. ) );
#1869 = FILL_AREA_STYLE ('',( #2504 ) ) ;
#1870 = EDGE_CURVE ( 'NONE', #8488, #2842, #2530, .T. ) ;
#1871 = EDGE_CURVE ( 'NONE', #6240, #197, #5342, .T. ) ;
#1872 = DIRECTION ( 'NONE',  ( -1.000000000000000000, 0.000000000000000000, 0.000000000000000000 ) ) ;
#1873 = LINE ( 'NONE', #522, #4514 ) ;
#1874 =( NAMED_UNIT ( * ) PLANE_ANGLE_UNIT ( ) SI_UNIT ( $, .RADIAN. ) );
#1875 = CIRCLE ( 'NONE', #2877, 0.01062992125984252995 ) ;
#1876 = LINE ( 'NONE', #6146, #4330 ) ;
#1877 = DIRECTION ( 'NONE',  ( 0.1736481776669313026, 0.9848077530122077983, 0.000000000000000000 ) ) ;
#1878 = ORIENTED_EDGE ( 'NONE', *, *, #5603, .F. ) ;
#1879 = ORIENTED_EDGE ( 'NONE', *, *, #4243, .T. ) ;
#1880 = CARTESIAN_POINT ( 'NONE',  ( -0.03307086614173226219, -0.005000000000000000104, 0.1202051600123263675 ) ) ;
#1881 = COLOUR_RGB ( '',0.7921568627450980005, 0.8196078431372548767, 0.9333333333333333481 ) ;
#1882 = DIRECTION ( 'NONE',  ( 0.000000000000000000, 0.000000000000000000, -1.000000000000000000 ) ) ;
#1883 = VECTOR ( 'NONE', #343, 39.37007874015748854 ) ;
#1884 =( NAMED_UNIT ( * ) SI_UNIT ( $, .STERADIAN. ) SOLID_ANGLE_UNIT ( ) );
#1885 = LENGTH_MEASURE_WITH_UNIT ( LENGTH_MEASURE( 0.02539999999999999897 ), #6113 );
#1886 = EDGE_CURVE ( 'NONE', #435, #4734, #5982, .T. ) ;
#1887 =( LENGTH_UNIT ( ) NAMED_UNIT ( * ) SI_UNIT ( $, .METRE. ) );
#1888 = PRESENTATION_LAYER_ASSIGNMENT (  '', '', ( #2750 ) ) ;
#1889 = ORIENTED_EDGE ( 'NONE', *, *, #292, .F. ) ;
#1890 = DIRECTION ( 'NONE',  ( 1.000000000000000000, 0.000000000000000000, 0.000000000000000000 ) ) ;
#1891 = ORIENTED_EDGE ( 'NONE', *, *, #1700, .T. ) ;
#1892 = VECTOR ( 'NONE', #6087, 39.37007874015748854 ) ;
#1893 = COLOUR_RGB ( '',0.7921568627450980005, 0.8196078431372548767, 0.9333333333333333481 ) ;
#1894 = AXIS2_PLACEMENT_3D ( 'NONE', #1932, #3829, #1877 ) ;
#1895 = ORIENTED_EDGE ( 'NONE', *, *, #1870, .F. ) ;
#1896 = FILL_AREA_STYLE ('',( #4719 ) ) ;
#1897 = SURFACE_STYLE_FILL_AREA ( #6246 ) ;
#1898 = AXIS2_PLACEMENT_3D ( 'NONE', #337, #1085, #3861 ) ;
#1899 =( CONVERSION_BASED_UNIT ( 'INCH', #8140 ) LENGTH_UNIT ( ) NAMED_UNIT ( #7367 ) );
#1900 = DIRECTION ( 'NONE',  ( 0.000000000000000000, 0.000000000000000000, 1.000000000000000000 ) ) ;
#1902 = CARTESIAN_POINT ( 'NONE',  ( -0.08287401574803150706, 0.000000000000000000, 0.01003937007874015040 ) ) ;
#1901 = MECHANICAL_DESIGN_GEOMETRIC_PRESENTATION_REPRESENTATION (  '', ( #3221 ), #2051 ) ;
#1903 = VECTOR ( 'NONE', #1585, 39.37007874015748854 ) ;
#1904 = MECHANICAL_DESIGN_GEOMETRIC_PRESENTATION_REPRESENTATION (  '', ( #3494 ), #3780 ) ;
#1905 = LINE ( 'NONE', #4678, #2053 ) ;
#1906 = DIRECTION ( 'NONE',  ( 0.000000000000000000, 0.000000000000000000, -1.000000000000000000 ) ) ;
#1907 =( NAMED_UNIT ( * ) PLANE_ANGLE_UNIT ( ) SI_UNIT ( $, .RADIAN. ) );
#1908 = EDGE_CURVE ( 'NONE', #1762, #1674, #1850, .T. ) ;
#1909 =( GEOMETRIC_REPRESENTATION_CONTEXT ( 3 ) GLOBAL_UNCERTAINTY_ASSIGNED_CONTEXT ( ( #3717 ) ) GLOBAL_UNIT_ASSIGNED_CONTEXT ( ( #6045, #4456, #3777 ) ) REPRESENTATION_CONTEXT ( 'NONE', 'WORKASPACE' ) );
#1910 = DIRECTION ( 'NONE',  ( -1.000000000000000000, 0.000000000000000000, -0.000000000000000000 ) ) ;
#1911 =( GEOMETRIC_REPRESENTATION_CONTEXT ( 3 ) GLOBAL_UNCERTAINTY_ASSIGNED_CONTEXT ( ( #7079 ) ) GLOBAL_UNIT_ASSIGNED_CONTEXT ( ( #7514, #4682, #4726 ) ) REPRESENTATION_CONTEXT ( 'NONE', 'WORKASPACE' ) );
#1912 = CARTESIAN_POINT ( 'NONE',  ( -0.09242075248266307108, 0.000000000000000000, 0.004527559055118104969 ) ) ;
#1913 = ORIENTED_EDGE ( 'NONE', *, *, #485, .T. ) ;
#1914 = CARTESIAN_POINT ( 'NONE',  ( -0.09645669291338584972, 0.009842519685039373412, -0.1049212598425196680 ) ) ;
#1915 = VERTEX_POINT ( 'NONE', #502 ) ;
#1916 = AXIS2_PLACEMENT_3D ( 'NONE', #6679, #5328, #2517 ) ;
#1917 = CARTESIAN_POINT ( 'NONE',  ( 0.05413385826771653642, 0.000000000000000000, -0.07578740157480313988 ) ) ;
#1918 =( CONVERSION_BASED_UNIT ( 'INCH', #8860 ) LENGTH_UNIT ( ) NAMED_UNIT ( #4424 ) );
#1919 = AXIS2_PLACEMENT_3D ( 'NONE', #5719, #152, #1596 ) ;
#1920 = ORIENTED_EDGE ( 'NONE', *, *, #7605, .F. ) ;
#1921 = CARTESIAN_POINT ( 'NONE',  ( 0.07795275590551181688, 0.000000000000000000, 0.07677619065068530535 ) ) ;
#1922 = FACE_OUTER_BOUND ( 'NONE', #330, .T. ) ;
#1923 = ORIENTED_EDGE ( 'NONE', *, *, #3368, .F. ) ;
#1924 = CARTESIAN_POINT ( 'NONE',  ( 0.05413385826771653642, 0.009842519685039369942, -0.07578740157480313988 ) ) ;
#1925 = FILL_AREA_STYLE_COLOUR ( '', #5400 ) ;
#1926 = PLANE ( 'NONE',  #8513 ) ;
#1927 =( CONVERSION_BASED_UNIT ( 'INCH', #12 ) LENGTH_UNIT ( ) NAMED_UNIT ( #4639 ) );
#1928 = FILL_AREA_STYLE ('',( #4740 ) ) ;
#1929 = CARTESIAN_POINT ( 'NONE',  ( 0.01692913385826774406, -0.005000000000000000104, 0.1202051600123263675 ) ) ;
#1930 =( NAMED_UNIT ( * ) PLANE_ANGLE_UNIT ( ) SI_UNIT ( $, .RADIAN. ) );
#1931 = DIRECTION ( 'NONE',  ( 0.000000000000000000, 0.6589684953534065137, 0.7521705405901426555 ) ) ;
#1932 = CARTESIAN_POINT ( 'NONE',  ( -0.09027830658147500964, 0.04488188976377952694, -0.09311023622047244486 ) ) ;
#1933 = ORIENTED_EDGE ( 'NONE', *, *, #5724, .T. ) ;
#1934 = ORIENTED_EDGE ( 'NONE', *, *, #4258, .T. ) ;
#1935 = SURFACE_SIDE_STYLE ('',( #4518 ) ) ;
#1936 = UNCERTAINTY_MEASURE_WITH_UNIT (LENGTH_MEASURE( 1.000000000000000082E-05 ), #275, 'distance_accuracy_value', 'NONE');
#1937 =( NAMED_UNIT ( * ) PLANE_ANGLE_UNIT ( ) SI_UNIT ( $, .RADIAN. ) );
#1938 = CARTESIAN_POINT ( 'NONE',  ( 0.09645669291338584972, -4.553079989440438697E-17, -0.1163385826771653475 ) ) ;
#1939 = DIRECTION ( 'NONE',  ( 1.000000000000000000, 0.000000000000000000, 0.000000000000000000 ) ) ;
#1940 = SURFACE_STYLE_USAGE ( .BOTH. , #3160 ) ;
#1941 = SURFACE_STYLE_FILL_AREA ( #2618 ) ;
#1942 = ORIENTED_EDGE ( 'NONE', *, *, #6925, .T. ) ;
#1943 = DIRECTION ( 'NONE',  ( -0.000000000000000000, 0.000000000000000000, 1.000000000000000000 ) ) ;
#1944 = ORIENTED_EDGE ( 'NONE', *, *, #9017, .T. ) ;
#1945 = ORIENTED_EDGE ( 'NONE', *, *, #5906, .T. ) ;
#1946 = LINE ( 'NONE', #1298, #5164 ) ;
#1947 = SURFACE_SIDE_STYLE ('',( #1897 ) ) ;
#1948 = FILL_AREA_STYLE_COLOUR ( '', #4640 ) ;
#1949 = LINE ( 'NONE', #8803, #6863 ) ;
#1950 = FACE_OUTER_BOUND ( 'NONE', #9012, .T. ) ;
#1951 = STYLED_ITEM ( 'NONE', ( #4507 ), #3682 ) ;
#1952 = FILL_AREA_STYLE_COLOUR ( '', #3058 ) ;
#1953 = VERTEX_POINT ( 'NONE', #5478 ) ;
#1954 = EDGE_CURVE ( 'NONE', #1509, #6779, #3175, .T. ) ;
#1955 = VECTOR ( 'NONE', #5805, 39.37007874015748143 ) ;
#1956 = ORIENTED_EDGE ( 'NONE', *, *, #1954, .T. ) ;
#1957 = UNCERTAINTY_MEASURE_WITH_UNIT (LENGTH_MEASURE( 1.000000000000000082E-05 ), #4628, 'distance_accuracy_value', 'NONE');
#1958 = FILL_AREA_STYLE_COLOUR ( '', #6233 ) ;
#1959 = DIRECTION ( 'NONE',  ( -1.000000000000000000, -0.000000000000000000, -0.000000000000000000 ) ) ;
#1960 =( CONVERSION_BASED_UNIT ( 'INCH', #1129 ) LENGTH_UNIT ( ) NAMED_UNIT ( #153 ) );
#1961 = EDGE_LOOP ( 'NONE', ( #1061, #7461, #6034, #1844, #1209, #5181, #4572 ) ) ;
#1962 =( CONVERSION_BASED_UNIT ( 'INCH', #8210 ) LENGTH_UNIT ( ) NAMED_UNIT ( #7870 ) );
#1963 = MECHANICAL_DESIGN_GEOMETRIC_PRESENTATION_REPRESENTATION (  '', ( #1503 ), #6335 ) ;
#1964 = VECTOR ( 'NONE', #532, 39.37007874015748143 ) ;
#1965 = PLANE ( 'NONE',  #1665 ) ;
#1966 = CARTESIAN_POINT ( 'NONE',  ( 0.08503937007874018406, 0.01822099969626657726, 0.09408128290260084348 ) ) ;
#1967 = MECHANICAL_DESIGN_GEOMETRIC_PRESENTATION_REPRESENTATION (  '', ( #6480 ), #524 ) ;
#1968 = CARTESIAN_POINT ( 'NONE',  ( 0.07795275590551181688, 0.009842519685039373412, 0.01909448818897638636 ) ) ;
#1969 = PRESENTATION_STYLE_ASSIGNMENT (( #8786 ) ) ;
#1970 = LENGTH_MEASURE_WITH_UNIT ( LENGTH_MEASURE( 0.02539999999999999897 ), #1335 );
#1971 = ORIENTED_EDGE ( 'NONE', *, *, #6445, .T. ) ;
#1972 = ORIENTED_EDGE ( 'NONE', *, *, #8035, .T. ) ;
#1973 = SURFACE_STYLE_USAGE ( .BOTH. , #8224 ) ;
#1974 = EDGE_CURVE ( 'NONE', #8739, #2842, #1905, .T. ) ;
#1975 =( GEOMETRIC_REPRESENTATION_CONTEXT ( 3 ) GLOBAL_UNCERTAINTY_ASSIGNED_CONTEXT ( ( #6793 ) ) GLOBAL_UNIT_ASSIGNED_CONTEXT ( ( #8059, #2528, #4619 ) ) REPRESENTATION_CONTEXT ( 'NONE', 'WORKASPACE' ) );
#1976 = UNCERTAINTY_MEASURE_WITH_UNIT (LENGTH_MEASURE( 1.000000000000000082E-05 ), #1352, 'distance_accuracy_value', 'NONE');
#1977 = EDGE_CURVE ( 'NONE', #2526, #6806, #6783, .T. ) ;
#1978 = SURFACE_STYLE_USAGE ( .BOTH. , #4609 ) ;
#1979 = ORIENTED_EDGE ( 'NONE', *, *, #4155, .T. ) ;
#1980 = VERTEX_POINT ( 'NONE', #545 ) ;
#1981 = ORIENTED_EDGE ( 'NONE', *, *, #3423, .F. ) ;
#1982 = FILL_AREA_STYLE ('',( #5438 ) ) ;
#1983 = VECTOR ( 'NONE', #7098, 39.37007874015748143 ) ;
#1984 =( NAMED_UNIT ( * ) SI_UNIT ( $, .STERADIAN. ) SOLID_ANGLE_UNIT ( ) );
#1985 = FILL_AREA_STYLE ('',( #8937 ) ) ;
#1986 = DIRECTION ( 'NONE',  ( 0.000000000000000000, 1.000000000000000000, -3.133916943292842690E-15 ) ) ;
#1987 =( CONVERSION_BASED_UNIT ( 'INCH', #8891 ) LENGTH_UNIT ( ) NAMED_UNIT ( #7037 ) );
#1988 = CARTESIAN_POINT ( 'NONE',  ( -0.07480314960629920462, 0.04488188976377952694, 0.05925196850393700532 ) ) ;
#1989 = COLOUR_RGB ( '',0.7921568627450980005, 0.8196078431372548767, 0.9333333333333333481 ) ;
#1990 = LENGTH_MEASURE_WITH_UNIT ( LENGTH_MEASURE( 0.02539999999999999897 ), #2585 );
#1991 = PRESENTATION_LAYER_ASSIGNMENT (  '', '', ( #8541 ) ) ;
#1992 = COLOUR_RGB ( '',0.7921568627450980005, 0.8196078431372548767, 0.9333333333333333481 ) ;
#1993 = VERTEX_POINT ( 'NONE', #5297 ) ;
#1994 = DIRECTION ( 'NONE',  ( -0.8660254037844379305, 0.000000000000000000, 0.5000000000000012212 ) ) ;
#1995 = AXIS2_PLACEMENT_3D ( 'NONE', #7882, #5019, #3720 ) ;
#1996 = PRESENTATION_STYLE_ASSIGNMENT (( #3278 ) ) ;
#1997 = EDGE_CURVE ( 'NONE', #7323, #701, #8243, .T. ) ;
#1998 = CARTESIAN_POINT ( 'NONE',  ( 0.07480314960629920462, 0.009842519685039369942, -0.09311023622047244486 ) ) ;
#1999 = ORIENTED_EDGE ( 'NONE', *, *, #6290, .F. ) ;
#2000 = EDGE_CURVE ( 'NONE', #3112, #5780, #6123, .T. ) ;
#2001 = FILL_AREA_STYLE_COLOUR ( '', #8153 ) ;
#2002 =( GEOMETRIC_REPRESENTATION_CONTEXT ( 3 ) GLOBAL_UNCERTAINTY_ASSIGNED_CONTEXT ( ( #5942 ) ) GLOBAL_UNIT_ASSIGNED_CONTEXT ( ( #51, #2848, #3446 ) ) REPRESENTATION_CONTEXT ( 'NONE', 'WORKASPACE' ) );
#2003 =( LENGTH_UNIT ( ) NAMED_UNIT ( * ) SI_UNIT ( $, .METRE. ) );
#2004 = FILL_AREA_STYLE_COLOUR ( '', #6868 ) ;
#2005 = DIRECTION ( 'NONE',  ( 0.000000000000000000, 0.000000000000000000, 1.000000000000000000 ) ) ;
#2006 = DIRECTION ( 'NONE',  ( 0.000000000000000000, -0.08715574274765768015, 0.9961946980917456562 ) ) ;
#2007 =( LENGTH_UNIT ( ) NAMED_UNIT ( * ) SI_UNIT ( $, .METRE. ) );
#2008 = VECTOR ( 'NONE', #7330, 39.37007874015748143 ) ;
#2009 = UNCERTAINTY_MEASURE_WITH_UNIT (LENGTH_MEASURE( 1.000000000000000082E-05 ), #1847, 'distance_accuracy_value', 'NONE');
#2010 = LENGTH_MEASURE_WITH_UNIT ( LENGTH_MEASURE( 0.02539999999999999897 ), #4220 );
#2011 = ORIENTED_EDGE ( 'NONE', *, *, #7124, .F. ) ;
#2012 = EDGE_CURVE ( 'NONE', #8204, #7752, #6823, .T. ) ;
#2013 =( LENGTH_UNIT ( ) NAMED_UNIT ( * ) SI_UNIT ( $, .METRE. ) );
#2014 = DIRECTION ( 'NONE',  ( 0.000000000000000000, 0.000000000000000000, 1.000000000000000000 ) ) ;
#2015 = UNCERTAINTY_MEASURE_WITH_UNIT (LENGTH_MEASURE( 1.000000000000000082E-05 ), #4176, 'distance_accuracy_value', 'NONE');
#2016 = SURFACE_STYLE_USAGE ( .BOTH. , #8832 ) ;
#2017 = LINE ( 'NONE', #695, #5265 ) ;
#2018 = LINE ( 'NONE', #4808, #1381 ) ;
#2019 = ADVANCED_FACE ( 'NONE', ( #4771 ), #6174, .T. ) ;
#2020 = CARTESIAN_POINT ( 'NONE',  ( 0.09783464566929132855, 0.009842519685039369942, -0.004527559055118113643 ) ) ;
#2021 = PRESENTATION_STYLE_ASSIGNMENT (( #6201 ) ) ;
#2022 = PRESENTATION_LAYER_ASSIGNMENT (  '', '', ( #2439 ) ) ;
#2023 = ORIENTED_EDGE ( 'NONE', *, *, #8358, .F. ) ;
#2024 = LINE ( 'NONE', #8931, #5398 ) ;
#2025 = ORIENTED_EDGE ( 'NONE', *, *, #5108, .T. ) ;
#2026 = ORIENTED_EDGE ( 'NONE', *, *, #5108, .F. ) ;
#2027 = MECHANICAL_DESIGN_GEOMETRIC_PRESENTATION_REPRESENTATION (  '', ( #8754 ), #8294 ) ;
#2028 = SURFACE_SIDE_STYLE ('',( #632 ) ) ;
#2029 = CIRCLE ( 'NONE', #1310, 0.01377952755905510404 ) ;
#2030 = SURFACE_STYLE_USAGE ( .BOTH. , #1947 ) ;
#2031 =( CONVERSION_BASED_UNIT ( 'INCH', #2710 ) LENGTH_UNIT ( ) NAMED_UNIT ( #5290 ) );
#2032 = CARTESIAN_POINT ( 'NONE',  ( -0.03307086614173226219, 0.004805065926099859851, 0.1210629921259844255 ) ) ;
#2033 = DIRECTION ( 'NONE',  ( 0.000000000000000000, 0.08715574274765876261, -0.9961946980917455452 ) ) ;
#2034 = FILL_AREA_STYLE ('',( #6918 ) ) ;
#2035 = PRESENTATION_LAYER_ASSIGNMENT (  '', '', ( #5995 ) ) ;
#2036 = MECHANICAL_DESIGN_GEOMETRIC_PRESENTATION_REPRESENTATION (  '', ( #7278 ), #3486 ) ;
#2037 = AXIS2_PLACEMENT_3D ( 'NONE', #5166, #1508, #7080 ) ;
#2038 = CARTESIAN_POINT ( 'NONE',  ( -0.01692913385826769201, 0.02736220472440944324, 0.07761836027346888378 ) ) ;
#2039 = CARTESIAN_POINT ( 'NONE',  ( -0.07795275590551181688, 0.009842519685039369942, -0.01003937007874015908 ) ) ;
#2040 = EDGE_LOOP ( 'NONE', ( #5894, #2873, #1343, #6907 ) ) ;
#2041 = MECHANICAL_DESIGN_GEOMETRIC_PRESENTATION_REPRESENTATION (  '', ( #7281 ), #1161 ) ;
#2042 = MECHANICAL_DESIGN_GEOMETRIC_PRESENTATION_REPRESENTATION (  '', ( #6000 ), #5838 ) ;
#2043 = VECTOR ( 'NONE', #8431, 39.37007874015748143 ) ;
#2044 = AXIS2_PLACEMENT_3D ( 'NONE', #6308, #3508, #5628 ) ;
#2045 = LINE ( 'NONE', #4832, #3758 ) ;
#2046 = LENGTH_MEASURE_WITH_UNIT ( LENGTH_MEASURE( 0.02539999999999999897 ), #7773 );
#2047 =( GEOMETRIC_REPRESENTATION_CONTEXT ( 3 ) GLOBAL_UNCERTAINTY_ASSIGNED_CONTEXT ( ( #7192 ) ) GLOBAL_UNIT_ASSIGNED_CONTEXT ( ( #775, #2923, #5721 ) ) REPRESENTATION_CONTEXT ( 'NONE', 'WORKASPACE' ) );
#2048 = VECTOR ( 'NONE', #8095, 39.37007874015748143 ) ;
#2049 =( CONVERSION_BASED_UNIT ( 'INCH', #8346 ) LENGTH_UNIT ( ) NAMED_UNIT ( #8413 ) );
#2050 = ORIENTED_EDGE ( 'NONE', *, *, #5327, .F. ) ;
#2051 =( GEOMETRIC_REPRESENTATION_CONTEXT ( 3 ) GLOBAL_UNCERTAINTY_ASSIGNED_CONTEXT ( ( #4658 ) ) GLOBAL_UNIT_ASSIGNED_CONTEXT ( ( #1899, #4142, #2157 ) ) REPRESENTATION_CONTEXT ( 'NONE', 'WORKASPACE' ) );
#2052 = CARTESIAN_POINT ( 'NONE',  ( 0.09645669291338582196, 0.009842519685039361269, -0.004527559055118113643 ) ) ;
#2053 = VECTOR ( 'NONE', #7468, 39.37007874015748143 ) ;
#2054 =( LENGTH_UNIT ( ) NAMED_UNIT ( * ) SI_UNIT ( $, .METRE. ) );
#2055 = VERTEX_POINT ( 'NONE', #3567 ) ;
#2056 = MECHANICAL_DESIGN_GEOMETRIC_PRESENTATION_REPRESENTATION (  '', ( #8326 ), #615 ) ;
#2057 = MECHANICAL_DESIGN_GEOMETRIC_PRESENTATION_REPRESENTATION (  '', ( #7299 ), #1911 ) ;
#2058 = DIRECTION ( 'NONE',  ( -1.000000000000000000, -0.000000000000000000, -0.000000000000000000 ) ) ;
#2059 =( CONVERSION_BASED_UNIT ( 'INCH', #8307 ) LENGTH_UNIT ( ) NAMED_UNIT ( #8733 ) );
#2060 =( NAMED_UNIT ( * ) SI_UNIT ( $, .STERADIAN. ) SOLID_ANGLE_UNIT ( ) );
#2061 = PLANE ( 'NONE',  #8528 ) ;
#2062 = LINE ( 'NONE', #5544, #3007 ) ;
#2063 = SURFACE_SIDE_STYLE ('',( #1284 ) ) ;
#2064 =( GEOMETRIC_REPRESENTATION_CONTEXT ( 3 ) GLOBAL_UNCERTAINTY_ASSIGNED_CONTEXT ( ( #699 ) ) GLOBAL_UNIT_ASSIGNED_CONTEXT ( ( #66, #5465, #1461 ) ) REPRESENTATION_CONTEXT ( 'NONE', 'WORKASPACE' ) );
#2065 = ORIENTED_EDGE ( 'NONE', *, *, #8939, .T. ) ;
#2066 = CARTESIAN_POINT ( 'NONE',  ( 0.05413385826771653642, 0.2556786355646874509, -0.07578740157480313988 ) ) ;
#2067 = LINE ( 'NONE', #3459, #5583 ) ;
#2068 = FILL_AREA_STYLE ('',( #6274 ) ) ;
#2069 = EDGE_CURVE ( 'NONE', #1084, #3694, #7005, .T. ) ;
#2070 = LENGTH_MEASURE_WITH_UNIT ( LENGTH_MEASURE( 0.02539999999999999897 ), #2702 );
#2071 = UNCERTAINTY_MEASURE_WITH_UNIT (LENGTH_MEASURE( 1.000000000000000082E-05 ), #2391, 'distance_accuracy_value', 'NONE');
#2072 = LENGTH_MEASURE_WITH_UNIT ( LENGTH_MEASURE( 0.02539999999999999897 ), #626 );
#2073 = ORIENTED_EDGE ( 'NONE', *, *, #1507, .T. ) ;
#2074 = SURFACE_STYLE_USAGE ( .BOTH. , #7625 ) ;
#2075 = ORIENTED_EDGE ( 'NONE', *, *, #7202, .F. ) ;
#2076 = VERTEX_POINT ( 'NONE', #8337 ) ;
#2077 = CARTESIAN_POINT ( 'NONE',  ( 0.09645669291338582196, 0.04488188976377952694, -0.08693184988856164641 ) ) ;
#2078 = FACE_OUTER_BOUND ( 'NONE', #346, .T. ) ;
#2079 = LENGTH_MEASURE_WITH_UNIT ( LENGTH_MEASURE( 0.02539999999999999897 ), #2837 );
#2080 = DIRECTION ( 'NONE',  ( -0.000000000000000000, -0.7521705405901403241, 0.6589684953534089562 ) ) ;
#2081 = FACE_OUTER_BOUND ( 'NONE', #8973, .T. ) ;
#2082 = ORIENTED_EDGE ( 'NONE', *, *, #135, .F. ) ;
#2083 = EDGE_CURVE ( 'NONE', #1386, #1915, #4238, .T. ) ;
#2084 =( NAMED_UNIT ( * ) PLANE_ANGLE_UNIT ( ) SI_UNIT ( $, .RADIAN. ) );
#2085 = EDGE_CURVE ( 'NONE', #7833, #3375, #7764, .T. ) ;
#2086 =( NAMED_UNIT ( * ) PLANE_ANGLE_UNIT ( ) SI_UNIT ( $, .RADIAN. ) );
#2087 = EDGE_LOOP ( 'NONE', ( #1474, #1608, #3428, #1344 ) ) ;
#2088 =( LENGTH_UNIT ( ) NAMED_UNIT ( * ) SI_UNIT ( $, .METRE. ) );
#2089 = DIRECTION ( 'NONE',  ( -1.000000000000000000, -0.000000000000000000, -0.000000000000000000 ) ) ;
#2090 = ADVANCED_FACE ( 'NONE', ( #6297 ), #4144, .T. ) ;
#2091 = PRESENTATION_LAYER_ASSIGNMENT (  '', '', ( #5160 ) ) ;
#2092 = FACE_OUTER_BOUND ( 'NONE', #3556, .T. ) ;
#2093 = DIRECTION ( 'NONE',  ( 0.000000000000000000, -0.08715574274765738871, 0.9961946980917454342 ) ) ;
#2094 = LINE ( 'NONE', #60, #8753 ) ;
#2095 = PLANE ( 'NONE',  #1315 ) ;
#2096 = VECTOR ( 'NONE', #2372, 39.37007874015748143 ) ;
#2097 = EDGE_LOOP ( 'NONE', ( #8534, #6545, #7506, #8647, #6414, #4705, #5645, #4489 ) ) ;
#2098 =( NAMED_UNIT ( * ) PLANE_ANGLE_UNIT ( ) SI_UNIT ( $, .RADIAN. ) );
#2099 = DIRECTION ( 'NONE',  ( 0.000000000000000000, 0.000000000000000000, 1.000000000000000000 ) ) ;
#2100 = CARTESIAN_POINT ( 'NONE',  ( -0.07795275590551183076, 0.009842519685039369942, -0.001377952755905514828 ) ) ;
#2101 = STYLED_ITEM ( 'NONE', ( #5266 ), #4703 ) ;
#2102 = CIRCLE ( 'NONE', #5485, 0.01377952755905510404 ) ;
#2103 = DIRECTION ( 'NONE',  ( 1.000000000000000000, 0.000000000000000000, -0.000000000000000000 ) ) ;
#2104 = DIRECTION ( 'NONE',  ( 0.000000000000000000, 0.000000000000000000, 1.000000000000000000 ) ) ;
#2105 =( NAMED_UNIT ( * ) PLANE_ANGLE_UNIT ( ) SI_UNIT ( $, .RADIAN. ) );
#2106 = ADVANCED_FACE ( 'NONE', ( #7634 ), #1428, .F. ) ;
#2107 = ORIENTED_EDGE ( 'NONE', *, *, #1028, .T. ) ;
#2108 = FILL_AREA_STYLE ('',( #1375 ) ) ;
#2109 =( GEOMETRIC_REPRESENTATION_CONTEXT ( 3 ) GLOBAL_UNCERTAINTY_ASSIGNED_CONTEXT ( ( #6085 ) ) GLOBAL_UNIT_ASSIGNED_CONTEXT ( ( #5538, #8306, #8602 ) ) REPRESENTATION_CONTEXT ( 'NONE', 'WORKASPACE' ) );
#2110 = ORIENTED_EDGE ( 'NONE', *, *, #5615, .T. ) ;
#2111 = EDGE_CURVE ( 'NONE', #1040, #7500, #2029, .T. ) ;
#2112 = EDGE_LOOP ( 'NONE', ( #6125, #515, #3151, #4612 ) ) ;
#2113 = DIMENSIONAL_EXPONENTS ( 1.000000000000000000, 0.000000000000000000, 0.000000000000000000, 0.000000000000000000, 0.000000000000000000, 0.000000000000000000, 0.000000000000000000 ) ;
#2114 = PRESENTATION_STYLE_ASSIGNMENT (( #7721 ) ) ;
#2115 =( NAMED_UNIT ( * ) PLANE_ANGLE_UNIT ( ) SI_UNIT ( $, .RADIAN. ) );
#2116 = PRESENTATION_LAYER_ASSIGNMENT (  '', '', ( #5497 ) ) ;
#2117 = CIRCLE ( 'NONE', #7215, 0.005905511811023620231 ) ;
#2118 = CARTESIAN_POINT ( 'NONE',  ( 0.08287401574803150706, 0.009842519685039369942, 0.01003937007874015040 ) ) ;
#2119 = LINE ( 'NONE', #1430, #2849 ) ;
#2120 = PRESENTATION_STYLE_ASSIGNMENT (( #8016 ) ) ;
#2121 = EDGE_LOOP ( 'NONE', ( #4388, #3711, #6081, #8789, #332, #7895, #5278, #3063, #7411, #1797, #6484, #2366, #5758, #999, #6816, #7148, #3447, #5598, #1942, #7580, #74, #2236, #2757, #1913, #6203, #7630, #5220, #820, #297, #6949, #4409, #6753, #6090, #3734 ) ) ;
#2122 = VECTOR ( 'NONE', #4434, 39.37007874015748854 ) ;
#2123 = LINE ( 'NONE', #7679, #442 ) ;
#2124 = LENGTH_MEASURE_WITH_UNIT ( LENGTH_MEASURE( 0.02539999999999999897 ), #2717 );
#2125 = DIRECTION ( 'NONE',  ( 0.000000000000000000, 0.000000000000000000, 1.000000000000000000 ) ) ;
#2126 = AXIS2_PLACEMENT_3D ( 'NONE', #5479, #2033, #3396 ) ;
#2127 = EDGE_CURVE ( 'NONE', #7500, #3011, #8690, .T. ) ;
#2128 = EDGE_LOOP ( 'NONE', ( #6628, #5288, #4199, #8032 ) ) ;
#2129 = DIRECTION ( 'NONE',  ( 0.000000000000000000, -0.9953961983671792968, -0.09584575252021750036 ) ) ;
#2130 = LINE ( 'NONE', #3378, #5334 ) ;
#2131 = ADVANCED_FACE ( 'NONE', ( #4471 ), #2934, .F. ) ;
#2132 = PRESENTATION_LAYER_ASSIGNMENT (  '', '', ( #4300 ) ) ;
#2133 = CARTESIAN_POINT ( 'NONE',  ( 0.09242075248266307108, 0.009842519685039369942, 0.004527559055118104969 ) ) ;
#2134 = AXIS2_PLACEMENT_3D ( 'NONE', #5715, #3546, #4983 ) ;
#2135 = DIRECTION ( 'NONE',  ( 0.000000000000000000, -0.3420201433256699342, 0.9396926207859079838 ) ) ;
#2136 = FILL_AREA_STYLE ('',( #4255 ) ) ;
#2137 = DIRECTION ( 'NONE',  ( -1.000000000000000000, 0.000000000000000000, -0.000000000000000000 ) ) ;
#2138 = CARTESIAN_POINT ( 'NONE',  ( 0.03503937007874018128, 0.01617704132028901370, 0.08278648331793365955 ) ) ;
#2139 = FILL_AREA_STYLE ('',( #8315 ) ) ;
#2140 = VECTOR ( 'NONE', #2595, 39.37007874015748143 ) ;
#2141 = CARTESIAN_POINT ( 'NONE',  ( -0.09645669291338584972, -4.553079989440438697E-17, -0.1163385826771653475 ) ) ;
#2142 = VERTEX_POINT ( 'NONE', #5924 ) ;
#2143 = ORIENTED_EDGE ( 'NONE', *, *, #1693, .F. ) ;
#2144 = CARTESIAN_POINT ( 'NONE',  ( -0.03307086614173226219, 0.02244094488188976347, 0.07893700787401573826 ) ) ;
#2145 = EDGE_CURVE ( 'NONE', #3163, #6388, #5735, .T. ) ;
#2146 = LENGTH_MEASURE_WITH_UNIT ( LENGTH_MEASURE( 0.02539999999999999897 ), #113 );
#2147 = COLOUR_RGB ( '',0.7921568627450980005, 0.8196078431372548767, 0.9333333333333333481 ) ;
#2148 = LINE ( 'NONE', #2961, #997 ) ;
#2149 =( NAMED_UNIT ( * ) SI_UNIT ( $, .STERADIAN. ) SOLID_ANGLE_UNIT ( ) );
#2150 = UNCERTAINTY_MEASURE_WITH_UNIT (LENGTH_MEASURE( 1.000000000000000082E-05 ), #6093, 'distance_accuracy_value', 'NONE');
#2151 = DIRECTION ( 'NONE',  ( 0.000000000000000000, 0.000000000000000000, 1.000000000000000000 ) ) ;
#2152 = ORIENTED_EDGE ( 'NONE', *, *, #1523, .T. ) ;
#2153 = DIRECTION ( 'NONE',  ( 1.000000000000000000, 0.000000000000000000, 0.000000000000000000 ) ) ;
#2154 = ORIENTED_EDGE ( 'NONE', *, *, #88, .F. ) ;
#2155 = ORIENTED_EDGE ( 'NONE', *, *, #3416, .T. ) ;
#2156 = EDGE_CURVE ( 'NONE', #5965, #5113, #3739, .T. ) ;
#2157 =( NAMED_UNIT ( * ) SI_UNIT ( $, .STERADIAN. ) SOLID_ANGLE_UNIT ( ) );
#2158 = DIRECTION ( 'NONE',  ( -1.000000000000000000, -0.000000000000000000, -0.000000000000000000 ) ) ;
#2159 = SURFACE_STYLE_USAGE ( .BOTH. , #2337 ) ;
#2160 = STYLED_ITEM ( 'NONE', ( #831 ), #6139 ) ;
#2161 = STYLED_ITEM ( 'NONE', ( #8474 ), #1233 ) ;
#2162 = CARTESIAN_POINT ( 'NONE',  ( -0.03307086614173226219, 0.01173508930892991006, 0.08667802955033566958 ) ) ;
#2163 = ORIENTED_EDGE ( 'NONE', *, *, #6760, .T. ) ;
#2164 =( GEOMETRIC_REPRESENTATION_CONTEXT ( 3 ) GLOBAL_UNCERTAINTY_ASSIGNED_CONTEXT ( ( #8610 ) ) GLOBAL_UNIT_ASSIGNED_CONTEXT ( ( #3285, #3863, #5310 ) ) REPRESENTATION_CONTEXT ( 'NONE', 'WORKASPACE' ) );
#2165 =( NAMED_UNIT ( * ) PLANE_ANGLE_UNIT ( ) SI_UNIT ( $, .RADIAN. ) );
#2167 = DIRECTION ( 'NONE',  ( 1.000000000000000000, 0.000000000000000000, 0.000000000000000000 ) ) ;
#2166 = COLOUR_RGB ( '',0.7921568627450980005, 0.8196078431372548767, 0.9333333333333333481 ) ;
#2168 = ADVANCED_FACE ( 'NONE', ( #403 ), #3220, .F. ) ;
#2169 = AXIS2_PLACEMENT_3D ( 'NONE', #4577, #635, #7372 ) ;
#2170 = FILL_AREA_STYLE ('',( #4381 ) ) ;
#2171 = DIMENSIONAL_EXPONENTS ( 1.000000000000000000, 0.000000000000000000, 0.000000000000000000, 0.000000000000000000, 0.000000000000000000, 0.000000000000000000, 0.000000000000000000 ) ;
#2172 =( LENGTH_UNIT ( ) NAMED_UNIT ( * ) SI_UNIT ( $, .METRE. ) );
#2173 = VERTEX_POINT ( 'NONE', #7407 ) ;
#2174 = FILL_AREA_STYLE ('',( #4838 ) ) ;
#2175 = CARTESIAN_POINT ( 'NONE',  ( 0.09645669291338582196, 0.000000000000000000, 0.01003937007874015040 ) ) ;
#2176 = PRESENTATION_LAYER_ASSIGNMENT (  '', '', ( #6147 ) ) ;
#2177 = PRESENTATION_LAYER_ASSIGNMENT (  '', '', ( #312 ) ) ;
#2178 = VECTOR ( 'NONE', #7414, 39.37007874015748143 ) ;
#2179 = VECTOR ( 'NONE', #6363, 39.37007874015748854 ) ;
#2180 = EDGE_CURVE ( 'NONE', #2720, #6585, #5086, .T. ) ;
#2181 = CARTESIAN_POINT ( 'NONE',  ( 0.08503937007874018406, 0.01728225441254295502, 0.08117171797437273961 ) ) ;
#2182 = SURFACE_STYLE_FILL_AREA ( #2136 ) ;
#2183 = STYLED_ITEM ( 'NONE', ( #1312 ), #603 ) ;
#2184 = VECTOR ( 'NONE', #3189, 39.37007874015748143 ) ;
#2185 = SURFACE_STYLE_FILL_AREA ( #6225 ) ;
#2186 = LENGTH_MEASURE_WITH_UNIT ( LENGTH_MEASURE( 0.02539999999999999897 ), #1454 );
#2187 =( GEOMETRIC_REPRESENTATION_CONTEXT ( 3 ) GLOBAL_UNCERTAINTY_ASSIGNED_CONTEXT ( ( #6054 ) ) GLOBAL_UNIT_ASSIGNED_CONTEXT ( ( #2031, #5524, #1984 ) ) REPRESENTATION_CONTEXT ( 'NONE', 'WORKASPACE' ) );
#2189 = AXIS2_PLACEMENT_3D ( 'NONE', #5557, #1372, #5384 ) ;
#2188 = SURFACE_SIDE_STYLE ('',( #5671 ) ) ;
#2190 = MECHANICAL_DESIGN_GEOMETRIC_PRESENTATION_REPRESENTATION (  '', ( #158 ), #5852 ) ;
#2191 = SURFACE_STYLE_FILL_AREA ( #3676 ) ;
#2192 = LENGTH_MEASURE_WITH_UNIT ( LENGTH_MEASURE( 0.02539999999999999897 ), #147 );
#2193 = VERTEX_POINT ( 'NONE', #5286 ) ;
#2194 = DIRECTION ( 'NONE',  ( -1.000000000000000000, -0.000000000000000000, -0.000000000000000000 ) ) ;
#2195 = LINE ( 'NONE', #5026, #7457 ) ;
#2196 = COLOUR_RGB ( '',0.7921568627450980005, 0.8196078431372548767, 0.9333333333333333481 ) ;
#2197 = MECHANICAL_DESIGN_GEOMETRIC_PRESENTATION_REPRESENTATION (  '', ( #4211 ), #735 ) ;
#2198 = LINE ( 'NONE', #5027, #370 ) ;
#2199 = PRESENTATION_STYLE_ASSIGNMENT (( #4175 ) ) ;
#2200 = PRESENTATION_STYLE_ASSIGNMENT (( #3465 ) ) ;
#2201 = EDGE_CURVE ( 'NONE', #5104, #8497, #3161, .T. ) ;
#2202 = CARTESIAN_POINT ( 'NONE',  ( 0.07795275590551181688, 0.2556786355646874509, -0.01003937007874015908 ) ) ;
#2203 = ORIENTED_EDGE ( 'NONE', *, *, #3515, .T. ) ;
#2204 = ORIENTED_EDGE ( 'NONE', *, *, #3969, .F. ) ;
#2205 = MECHANICAL_DESIGN_GEOMETRIC_PRESENTATION_REPRESENTATION (  '', ( #4519 ), #8310 ) ;
#2206 = DIMENSIONAL_EXPONENTS ( 1.000000000000000000, 0.000000000000000000, 0.000000000000000000, 0.000000000000000000, 0.000000000000000000, 0.000000000000000000, 0.000000000000000000 ) ;
#2207 = ORIENTED_EDGE ( 'NONE', *, *, #6861, .T. ) ;
#2208 = ADVANCED_FACE ( 'NONE', ( #3971 ), #7498, .F. ) ;
#2209 = FACE_OUTER_BOUND ( 'NONE', #1961, .T. ) ;
#2210 = SURFACE_SIDE_STYLE ('',( #5650 ) ) ;
#2211 = DIRECTION ( 'NONE',  ( 0.000000000000000000, 0.08715574274765877649, -0.9961946980917454342 ) ) ;
#2212 = SURFACE_SIDE_STYLE ('',( #3481 ) ) ;
#2213 = DIRECTION ( 'NONE',  ( 0.000000000000000000, -0.000000000000000000, 1.000000000000000000 ) ) ;
#2214 = ORIENTED_EDGE ( 'NONE', *, *, #640, .T. ) ;
#2215 = DIRECTION ( 'NONE',  ( 0.000000000000000000, 0.7521705405901403241, -0.6589684953534089562 ) ) ;
#2216 = ADVANCED_FACE ( 'NONE', ( #7320 ), #6162, .F. ) ;
#2217 = PRESENTATION_STYLE_ASSIGNMENT (( #970 ) ) ;
#2218 = LINE ( 'NONE', #4213, #2543 ) ;
#2219 = ORIENTED_EDGE ( 'NONE', *, *, #5372, .F. ) ;
#2220 = EDGE_CURVE ( 'NONE', #3276, #6065, #2827, .T. ) ;
#2221 = ORIENTED_EDGE ( 'NONE', *, *, #5065, .T. ) ;
#2222 = CARTESIAN_POINT ( 'NONE',  ( -0.01496062992125982496, 0.02266295170762570518, 0.09018973667019880569 ) ) ;
#2223 = PRESENTATION_STYLE_ASSIGNMENT (( #4980 ) ) ;
#2224 = DIRECTION ( 'NONE',  ( -1.000000000000000000, -0.000000000000000000, -0.000000000000000000 ) ) ;
#2225 = DIRECTION ( 'NONE',  ( -1.000000000000000000, 0.000000000000000000, -0.000000000000000000 ) ) ;
#2226 = ORIENTED_EDGE ( 'NONE', *, *, #3731, .F. ) ;
#2227 = DIMENSIONAL_EXPONENTS ( 1.000000000000000000, 0.000000000000000000, 0.000000000000000000, 0.000000000000000000, 0.000000000000000000, 0.000000000000000000, 0.000000000000000000 ) ;
#2228 = PLANE ( 'NONE',  #5621 ) ;
#2229 = FACE_OUTER_BOUND ( 'NONE', #3789, .T. ) ;
#2230 = DIRECTION ( 'NONE',  ( 6.100900290192956307E-16, 0.000000000000000000, 1.000000000000000000 ) ) ;
#2231 =( GEOMETRIC_REPRESENTATION_CONTEXT ( 3 ) GLOBAL_UNCERTAINTY_ASSIGNED_CONTEXT ( ( #5639 ) ) GLOBAL_UNIT_ASSIGNED_CONTEXT ( ( #4187, #80, #7127 ) ) REPRESENTATION_CONTEXT ( 'NONE', 'WORKASPACE' ) );
#2232 = SURFACE_STYLE_FILL_AREA ( #944 ) ;
#2233 = LENGTH_MEASURE_WITH_UNIT ( LENGTH_MEASURE( 0.02539999999999999897 ), #1602 );
#2234 = ADVANCED_FACE ( 'NONE', ( #2703 ), #8407, .T. ) ;
#2235 = ORIENTED_EDGE ( 'NONE', *, *, #2468, .F. ) ;
#2236 = ORIENTED_EDGE ( 'NONE', *, *, #6685, .T. ) ;
#2237 =( NAMED_UNIT ( * ) SI_UNIT ( $, .STERADIAN. ) SOLID_ANGLE_UNIT ( ) );
#2238 = STYLED_ITEM ( 'NONE', ( #8130 ), #4550 ) ;
#2239 = CIRCLE ( 'NONE', #4571, 0.003937007874015758385 ) ;
#2240 = ORIENTED_EDGE ( 'NONE', *, *, #1128, .T. ) ;
#2241 = FILL_AREA_STYLE ('',( #4319 ) ) ;
#2242 = EDGE_CURVE ( 'NONE', #5773, #540, #8273, .T. ) ;
#2243 = FILL_AREA_STYLE_COLOUR ( '', #7919 ) ;
#2244 = DIRECTION ( 'NONE',  ( 1.971091940197113801E-16, -0.000000000000000000, 1.000000000000000000 ) ) ;
#2245 = MECHANICAL_DESIGN_GEOMETRIC_PRESENTATION_REPRESENTATION (  '', ( #5339 ), #1246 ) ;
#2246 = DIRECTION ( 'NONE',  ( -0.1710878697460365139, 0.9702875252478134760, 0.1710878697460365139 ) ) ;
#2247 = PRESENTATION_STYLE_ASSIGNMENT (( #2159 ) ) ;
#2248 = EDGE_CURVE ( 'NONE', #2986, #4013, #6283, .T. ) ;
#2249 = ORIENTED_EDGE ( 'NONE', *, *, #5936, .F. ) ;
#2250 = VECTOR ( 'NONE', #1378, 39.37007874015748143 ) ;
#2251 =( GEOMETRIC_REPRESENTATION_CONTEXT ( 3 ) GLOBAL_UNCERTAINTY_ASSIGNED_CONTEXT ( ( #7583 ) ) GLOBAL_UNIT_ASSIGNED_CONTEXT ( ( #858, #5867, #5120 ) ) REPRESENTATION_CONTEXT ( 'NONE', 'WORKASPACE' ) );
#2252 = DIMENSIONAL_EXPONENTS ( 1.000000000000000000, 0.000000000000000000, 0.000000000000000000, 0.000000000000000000, 0.000000000000000000, 0.000000000000000000, 0.000000000000000000 ) ;
#2253 =( LENGTH_UNIT ( ) NAMED_UNIT ( * ) SI_UNIT ( $, .METRE. ) );
#2254 = LINE ( 'NONE', #4534, #168 ) ;
#2255 = FILL_AREA_STYLE ('',( #4535 ) ) ;
#2256 = FACE_OUTER_BOUND ( 'NONE', #6135, .T. ) ;
#2257 = SURFACE_SIDE_STYLE ('',( #8511 ) ) ;
#2258 = AXIS2_PLACEMENT_3D ( 'NONE', #5272, #8175, #8721 ) ;
#2259 = LINE ( 'NONE', #5049, #3787 ) ;
#2260 = FILL_AREA_STYLE_COLOUR ( '', #15 ) ;
#2261 = LINE ( 'NONE', #2175, #2824 ) ;
#2262 = VERTEX_POINT ( 'NONE', #4228 ) ;
#2263 = EDGE_LOOP ( 'NONE', ( #2955, #37, #1207, #8086 ) ) ;
#2264 = EDGE_CURVE ( 'NONE', #2705, #2193, #7033, .T. ) ;
#2265 = LINE ( 'NONE', #3087, #8899 ) ;
#2266 = UNCERTAINTY_MEASURE_WITH_UNIT (LENGTH_MEASURE( 1.000000000000000082E-05 ), #5530, 'distance_accuracy_value', 'NONE');
#2267 = FILL_AREA_STYLE_COLOUR ( '', #1250 ) ;
#2268 = DIRECTION ( 'NONE',  ( 0.000000000000000000, -0.7521705405901424335, 0.6589684953534066247 ) ) ;
#2269 = ADVANCED_FACE ( 'NONE', ( #5816 ), #3010, .F. ) ;
#2270 = FACE_OUTER_BOUND ( 'NONE', #1473, .T. ) ;
#2271 = PLANE ( 'NONE',  #2677 ) ;
#2272 = ORIENTED_EDGE ( 'NONE', *, *, #4112, .T. ) ;
#2273 = CARTESIAN_POINT ( 'NONE',  ( 0.06692913385826773642, 0.02266295170762570171, 0.09018973667019880569 ) ) ;
#2274 = LENGTH_MEASURE_WITH_UNIT ( LENGTH_MEASURE( 0.02539999999999999897 ), #7250 );
#2275 = VECTOR ( 'NONE', #4863, 39.37007874015748143 ) ;
#2276 = DIMENSIONAL_EXPONENTS ( 1.000000000000000000, 0.000000000000000000, 0.000000000000000000, 0.000000000000000000, 0.000000000000000000, 0.000000000000000000, 0.000000000000000000 ) ;
#2277 = VECTOR ( 'NONE', #8124, 39.37007874015748854 ) ;
#2278 = AXIS2_PLACEMENT_3D ( 'NONE', #3641, #8755, #6442 ) ;
#2279 = LENGTH_MEASURE_WITH_UNIT ( LENGTH_MEASURE( 0.02539999999999999897 ), #8529 );
#2280 = CONTEXT_DEPENDENT_SHAPE_REPRESENTATION ( #5494, #8549 ) ;
#2281 =( NAMED_UNIT ( * ) SI_UNIT ( $, .STERADIAN. ) SOLID_ANGLE_UNIT ( ) );
#2282 =( CONVERSION_BASED_UNIT ( 'INCH', #4177 ) LENGTH_UNIT ( ) NAMED_UNIT ( #7998 ) );
#2283 =( GEOMETRIC_REPRESENTATION_CONTEXT ( 3 ) GLOBAL_UNCERTAINTY_ASSIGNED_CONTEXT ( ( #8767 ) ) GLOBAL_UNIT_ASSIGNED_CONTEXT ( ( #5274, #1193, #4744 ) ) REPRESENTATION_CONTEXT ( 'NONE', 'WORKASPACE' ) );
#2284 = EDGE_CURVE ( 'NONE', #314, #5292, #345, .T. ) ;
#2285 = DIRECTION ( 'NONE',  ( 0.000000000000000000, -9.757819552369549372E-15, 1.000000000000000000 ) ) ;
#2286 = DIRECTION ( 'NONE',  ( 0.000000000000000000, 0.6589684953534065137, 0.7521705405901425445 ) ) ;
#2287 = ORIENTED_EDGE ( 'NONE', *, *, #4523, .T. ) ;
#2288 = ORIENTED_EDGE ( 'NONE', *, *, #6119, .T. ) ;
#2289 = LINE ( 'NONE', #6586, #2488 ) ;
#2290 = ORIENTED_EDGE ( 'NONE', *, *, #2357, .T. ) ;
#2291 = ADVANCED_FACE ( 'NONE', ( #7842 ), #7750, .T. ) ;
#2292 = FILL_AREA_STYLE_COLOUR ( '', #8916 ) ;
#2293 = ORIENTED_EDGE ( 'NONE', *, *, #8946, .T. ) ;
#2294 = SURFACE_STYLE_USAGE ( .BOTH. , #4878 ) ;
#2295 = CARTESIAN_POINT ( 'NONE',  ( 0.01692913385826774753, 0.004805065926099859851, 0.1210629921259844255 ) ) ;
#2296 = CARTESIAN_POINT ( 'NONE',  ( -0.07795275590551181688, 0.009842519685039369942, -0.09092820213934121876 ) ) ;
#2297 =( NAMED_UNIT ( * ) SI_UNIT ( $, .STERADIAN. ) SOLID_ANGLE_UNIT ( ) );
#2298 = CARTESIAN_POINT ( 'NONE',  ( -0.07795275590551181688, 0.000000000000000000, -0.09092820213934121876 ) ) ;
#2299 = DIRECTION ( 'NONE',  ( 0.8660254037844377084, 0.000000000000000000, -0.5000000000000012212 ) ) ;
#2300 = CARTESIAN_POINT ( 'NONE',  ( -0.09472119113475918617, 0.000000000000000000, 0.004527559055118107571 ) ) ;
#2301 = EDGE_LOOP ( 'NONE', ( #166, #8741, #252, #963 ) ) ;
#2302 = ORIENTED_EDGE ( 'NONE', *, *, #3398, .F. ) ;
#2303 = VECTOR ( 'NONE', #6403, 39.37007874015748143 ) ;
#2304 = VECTOR ( 'NONE', #1860, 39.37007874015748854 ) ;
#2305 = DIRECTION ( 'NONE',  ( 0.000000000000000000, -1.000000000000000000, 0.000000000000000000 ) ) ;
#2306 = CARTESIAN_POINT ( 'NONE',  ( -0.07795275590551181688, 0.000000000000000000, -0.01003937007874015908 ) ) ;
#2307 = CARTESIAN_POINT ( 'NONE',  ( 0.03503937007874018128, -0.003584687981864215830, 0.1040280696203075561 ) ) ;
#2308 = AXIS2_PLACEMENT_3D ( 'NONE', #8569, #8489, #2358 ) ;
#2309 = DIMENSIONAL_EXPONENTS ( 1.000000000000000000, 0.000000000000000000, 0.000000000000000000, 0.000000000000000000, 0.000000000000000000, 0.000000000000000000, 0.000000000000000000 ) ;
#2310 = CARTESIAN_POINT ( 'NONE',  ( 0.08307086614173231354, 0.004805065926099858983, 0.1210629921259844255 ) ) ;
#2311 = EDGE_LOOP ( 'NONE', ( #1652, #8958, #930, #783 ) ) ;
#2312 = COLOUR_RGB ( '',0.7921568627450980005, 0.8196078431372548767, 0.9333333333333333481 ) ;
#2313 = MECHANICAL_DESIGN_GEOMETRIC_PRESENTATION_REPRESENTATION (  '', ( #7853 ), #6549 ) ;
#2314 = LINE ( 'NONE', #2273, #2452 ) ;
#2315 =( GEOMETRIC_REPRESENTATION_CONTEXT ( 3 ) GLOBAL_UNCERTAINTY_ASSIGNED_CONTEXT ( ( #4588 ) ) GLOBAL_UNIT_ASSIGNED_CONTEXT ( ( #3689, #7893, #161 ) ) REPRESENTATION_CONTEXT ( 'NONE', 'WORKASPACE' ) );
#2316 =( CONVERSION_BASED_UNIT ( 'INCH', #284 ) LENGTH_UNIT ( ) NAMED_UNIT ( #326 ) );
#2317 = PRESENTATION_LAYER_ASSIGNMENT (  '', '', ( #8760 ) ) ;
#2318 = APPLICATION_PROTOCOL_DEFINITION ( 'draft international standard', 'automotive_design', 1998, #5007 ) ;
#2319 = AXIS2_PLACEMENT_3D ( 'NONE', #3993, #6795, #1864 ) ;
#2320 =( CONVERSION_BASED_UNIT ( 'INCH', #5811 ) LENGTH_UNIT ( ) NAMED_UNIT ( #3035 ) );
#2321 = AXIS2_PLACEMENT_3D ( 'NONE', #5107, #5856, #5945 ) ;
#2322 = LINE ( 'NONE', #8632, #8403 ) ;
#2323 = CLOSED_SHELL ( 'NONE', ( #2525, #4737, #5209, #7782, #4834, #7417, #5467, #3796, #3965, #6475, #6961, #7144, #5559, #6331, #6520, #6733, #4441, #3023, #4235, #5069, #1853, #5547, #7686 ) ) ;
#2324 = MECHANICAL_DESIGN_GEOMETRIC_PRESENTATION_REPRESENTATION (  '', ( #174 ), #8171 ) ;
#2325 = ORIENTED_EDGE ( 'NONE', *, *, #720, .T. ) ;
#2326 = VERTEX_POINT ( 'NONE', #3785 ) ;
#2327 = CARTESIAN_POINT ( 'NONE',  ( -0.09783464566929132855, 0.2556786355646874509, 0.004527559055118105837 ) ) ;
#2328 = STYLED_ITEM ( 'NONE', ( #669 ), #6939 ) ;
#2329 = ORIENTED_EDGE ( 'NONE', *, *, #98, .T. ) ;
#2330 = EDGE_CURVE ( 'NONE', #1269, #1829, #2966, .T. ) ;
#2331 = LINE ( 'NONE', #2417, #6055 ) ;
#2332 = VECTOR ( 'NONE', #7985, 39.37007874015748143 ) ;
#2333 = DIMENSIONAL_EXPONENTS ( 1.000000000000000000, 0.000000000000000000, 0.000000000000000000, 0.000000000000000000, 0.000000000000000000, 0.000000000000000000, 0.000000000000000000 ) ;
#2334 = LINE ( 'NONE', #5922, #5091 ) ;
#2335 = SURFACE_STYLE_USAGE ( .BOTH. , #3162 ) ;
#2336 = ORIENTED_EDGE ( 'NONE', *, *, #6440, .T. ) ;
#2337 = SURFACE_SIDE_STYLE ('',( #3021 ) ) ;
#2338 = ORIENTED_EDGE ( 'NONE', *, *, #1276, .T. ) ;
#2339 =( GEOMETRIC_REPRESENTATION_CONTEXT ( 3 ) GLOBAL_UNCERTAINTY_ASSIGNED_CONTEXT ( ( #2790 ) ) GLOBAL_UNIT_ASSIGNED_CONTEXT ( ( #8627, #8446, #2359 ) ) REPRESENTATION_CONTEXT ( 'NONE', 'WORKASPACE' ) );
#2340 = ORIENTED_EDGE ( 'NONE', *, *, #4633, .T. ) ;
#2341 = FACE_OUTER_BOUND ( 'NONE', #6614, .T. ) ;
#2342 = DIRECTION ( 'NONE',  ( 0.8660254037844379305, 0.000000000000000000, -0.5000000000000012212 ) ) ;
#2343 = LINE ( 'NONE', #221, #1 ) ;
#2344 =( NAMED_UNIT ( * ) SI_UNIT ( $, .STERADIAN. ) SOLID_ANGLE_UNIT ( ) );
#2345 = DIRECTION ( 'NONE',  ( 0.000000000000000000, 0.000000000000000000, 1.000000000000000000 ) ) ;
#2346 =( NAMED_UNIT ( * ) PLANE_ANGLE_UNIT ( ) SI_UNIT ( $, .RADIAN. ) );
#2347 = EDGE_CURVE ( 'NONE', #1386, #5258, #4991, .T. ) ;
#2348 = DIRECTION ( 'NONE',  ( -0.000000000000000000, -0.6589684953534065137, -0.7521705405901426555 ) ) ;
#2349 = FILL_AREA_STYLE_COLOUR ( '', #4267 ) ;
#2350 = ORIENTED_EDGE ( 'NONE', *, *, #1340, .T. ) ;
#2351 = EDGE_CURVE ( 'NONE', #1016, #8034, #7487, .T. ) ;
#2352 =( NAMED_UNIT ( * ) PLANE_ANGLE_UNIT ( ) SI_UNIT ( $, .RADIAN. ) );
#2353 = PRESENTATION_STYLE_ASSIGNMENT (( #8623 ) ) ;
#2354 = SURFACE_SIDE_STYLE ('',( #7108 ) ) ;
#2355 = DIRECTION ( 'NONE',  ( -1.000000000000000000, -0.000000000000000000, -0.000000000000000000 ) ) ;
#2356 = ORIENTED_EDGE ( 'NONE', *, *, #7877, .F. ) ;
#2357 = EDGE_CURVE ( 'NONE', #7802, #5821, #8157, .T. ) ;
#2358 = DIRECTION ( 'NONE',  ( 0.000000000000000000, 0.000000000000000000, 1.000000000000000000 ) ) ;
#2359 =( NAMED_UNIT ( * ) SI_UNIT ( $, .STERADIAN. ) SOLID_ANGLE_UNIT ( ) );
#2360 = DIRECTION ( 'NONE',  ( 0.000000000000000000, -0.6589684953534060696, -0.7521705405901429886 ) ) ;
#2361 = PLANE ( 'NONE',  #3786 ) ;
#2362 = FILL_AREA_STYLE ('',( #8082 ) ) ;
#2363 = SURFACE_SIDE_STYLE ('',( #6491 ) ) ;
#2364 = VECTOR ( 'NONE', #5099, 39.37007874015748143 ) ;
#2365 = EDGE_LOOP ( 'NONE', ( #5011, #5150, #7048, #1999 ) ) ;
#2366 = ORIENTED_EDGE ( 'NONE', *, *, #897, .T. ) ;
#2367 = DIRECTION ( 'NONE',  ( 0.000000000000000000, -1.000000000000000000, -0.000000000000000000 ) ) ;
#2368 = VERTEX_POINT ( 'NONE', #2459 ) ;
#2369 =( NAMED_UNIT ( * ) SI_UNIT ( $, .STERADIAN. ) SOLID_ANGLE_UNIT ( ) );
#2370 = AXIS2_PLACEMENT_3D ( 'NONE', #453, #8650, #1108 ) ;
#2371 = LINE ( 'NONE', #7942, #8453 ) ;
#2372 = DIRECTION ( 'NONE',  ( 0.000000000000000000, -1.000000000000000000, -0.000000000000000000 ) ) ;
#2373 = FACE_OUTER_BOUND ( 'NONE', #2301, .T. ) ;
#2374 =( NAMED_UNIT ( * ) PLANE_ANGLE_UNIT ( ) SI_UNIT ( $, .RADIAN. ) );
#2375 = ADVANCED_FACE ( 'NONE', ( #5964 ), #1142, .F. ) ;
#2376 = CARTESIAN_POINT ( 'NONE',  ( 0.07795275590551181688, 0.009842519685039369942, 0.01909448818897638636 ) ) ;
#2377 = ADVANCED_FACE ( 'NONE', ( #4651 ), #3961, .T. ) ;
#2378 = ORIENTED_EDGE ( 'NONE', *, *, #3247, .F. ) ;
#2379 =( LENGTH_UNIT ( ) NAMED_UNIT ( * ) SI_UNIT ( $, .METRE. ) );
#2380 = ORIENTED_EDGE ( 'NONE', *, *, #8851, .T. ) ;
#2381 = VECTOR ( 'NONE', #8502, 39.37007874015748143 ) ;
#2382 = ORIENTED_EDGE ( 'NONE', *, *, #6377, .F. ) ;
#2383 = CARTESIAN_POINT ( 'NONE',  ( -0.01496062992125982496, 0.01728225441254295155, 0.08117171797437273961 ) ) ;
#2384 = CARTESIAN_POINT ( 'NONE',  ( 0.08307086614173231354, 0.01751968503937008370, 0.07846314444784678599 ) ) ;
#2385 = STYLED_ITEM ( 'NONE', ( #3647 ), #4677 ) ;
#2386 = FILL_AREA_STYLE ('',( #8553 ) ) ;
#2387 = DIRECTION ( 'NONE',  ( 0.000000000000000000, 9.035018104045863052E-16, 1.000000000000000000 ) ) ;
#2388 = DIMENSIONAL_EXPONENTS ( 1.000000000000000000, 0.000000000000000000, 0.000000000000000000, 0.000000000000000000, 0.000000000000000000, 0.000000000000000000, 0.000000000000000000 ) ;
#2389 = DIRECTION ( 'NONE',  ( 0.000000000000000000, -0.9396926207859079838, -0.3420201433256699342 ) ) ;
#2390 = COLOUR_RGB ( '',0.7921568627450980005, 0.8196078431372548767, 0.9333333333333333481 ) ;
#2391 =( CONVERSION_BASED_UNIT ( 'INCH', #1855 ) LENGTH_UNIT ( ) NAMED_UNIT ( #3665 ) );
#2392 = ORIENTED_EDGE ( 'NONE', *, *, #6766, .T. ) ;
#2393 = DIMENSIONAL_EXPONENTS ( 1.000000000000000000, 0.000000000000000000, 0.000000000000000000, 0.000000000000000000, 0.000000000000000000, 0.000000000000000000, 0.000000000000000000 ) ;
#2394 = ORIENTED_EDGE ( 'NONE', *, *, #1032, .F. ) ;
#2395 =( LENGTH_UNIT ( ) NAMED_UNIT ( * ) SI_UNIT ( $, .METRE. ) );
#2396 = DIRECTION ( 'NONE',  ( -1.000000000000000000, 0.000000000000000000, -0.000000000000000000 ) ) ;
#2397 = ADVANCED_FACE ( 'NONE', ( #482 ), #3253, .F. ) ;
#2398 = SURFACE_STYLE_FILL_AREA ( #1863 ) ;
#2399 = FACE_BOUND ( 'NONE', #2708, .T. ) ;
#2400 = COLOUR_RGB ( '',0.2509803921568627416, 0.2509803921568627416, 0.2509803921568627416 ) ;
#2401 = VERTEX_POINT ( 'NONE', #8221 ) ;
#2402 = ORIENTED_EDGE ( 'NONE', *, *, #5896, .T. ) ;
#2403 =( NAMED_UNIT ( * ) SI_UNIT ( $, .STERADIAN. ) SOLID_ANGLE_UNIT ( ) );
#2404 = DIRECTION ( 'NONE',  ( 0.000000000000000000, 0.7521705405901403241, -0.6589684953534089562 ) ) ;
#2405 = DIRECTION ( 'NONE',  ( 0.000000000000000000, -0.9953961983671792968, -0.09584575252021750036 ) ) ;
#2406 = EDGE_CURVE ( 'NONE', #8896, #6114, #3414, .T. ) ;
#2407 = DIRECTION ( 'NONE',  ( 0.000000000000000000, -0.000000000000000000, 1.000000000000000000 ) ) ;
#2408 = CARTESIAN_POINT ( 'NONE',  ( 0.1009842519685039408, 0.000000000000000000, -0.001377952755905492493 ) ) ;
#2409 = FILL_AREA_STYLE ('',( #2511 ) ) ;
#2410 = VECTOR ( 'NONE', #750, 39.37007874015748854 ) ;
#2411 = VERTEX_POINT ( 'NONE', #22 ) ;
#2412 = VECTOR ( 'NONE', #3598, 39.37007874015748143 ) ;
#2413 = ORIENTED_EDGE ( 'NONE', *, *, #2671, .T. ) ;
#2414 = AXIS2_PLACEMENT_3D ( 'NONE', #1306, #5344, #8849 ) ;
#2415 = CARTESIAN_POINT ( 'NONE',  ( -0.01692913385826769201, -0.004999999999999999237, 0.1202051600123263675 ) ) ;
#2416 = LENGTH_MEASURE_WITH_UNIT ( LENGTH_MEASURE( 0.02539999999999999897 ), #6631 );
#2417 = CARTESIAN_POINT ( 'NONE',  ( 0.09645669291338584972, 0.2556786355646874509, -0.1163385826771653475 ) ) ;
#2418 = SURFACE_STYLE_FILL_AREA ( #913 ) ;
#2419 = CARTESIAN_POINT ( 'NONE',  ( 0.03307086614173231770, 0.01173508930892991180, 0.08667802955033566958 ) ) ;
#2420 = ORIENTED_EDGE ( 'NONE', *, *, #7800, .T. ) ;
#2421 = EDGE_LOOP ( 'NONE', ( #187, #1934, #4887, #4210 ) ) ;
#2422 = VECTOR ( 'NONE', #4293, 39.37007874015748143 ) ;
#2423 = ORIENTED_EDGE ( 'NONE', *, *, #1806, .F. ) ;
#2424 =( NAMED_UNIT ( * ) SI_UNIT ( $, .STERADIAN. ) SOLID_ANGLE_UNIT ( ) );
#2425 = SURFACE_STYLE_USAGE ( .BOTH. , #8697 ) ;
#2426 = STYLED_ITEM ( 'NONE', ( #2120 ), #8700 ) ;
#2427 = DIRECTION ( 'NONE',  ( -1.000000000000000000, -0.000000000000000000, -0.000000000000000000 ) ) ;
#2428 = FILL_AREA_STYLE ('',( #3122 ) ) ;
#2429 = SURFACE_SIDE_STYLE ('',( #2536 ) ) ;
#2430 = DIRECTION ( 'NONE',  ( -0.7071067811865461294, 0.000000000000000000, 0.7071067811865487940 ) ) ;
#2431 = VERTEX_POINT ( 'NONE', #6229 ) ;
#2432 = UNCERTAINTY_MEASURE_WITH_UNIT (LENGTH_MEASURE( 1.000000000000000082E-05 ), #3031, 'distance_accuracy_value', 'NONE');
#2433 = EDGE_CURVE ( 'NONE', #3745, #2262, #2117, .T. ) ;
#2434 = CARTESIAN_POINT ( 'NONE',  ( 0.03307086614173231076, 0.02266295170762570171, 0.09018973667019880569 ) ) ;
#2435 = LINE ( 'NONE', #2991, #4814 ) ;
#2436 = STYLED_ITEM ( 'NONE', ( #3815 ), #1056 ) ;
#2437 = PLANE ( 'NONE',  #4287 ) ;
#2438 =( NAMED_UNIT ( * ) PLANE_ANGLE_UNIT ( ) SI_UNIT ( $, .RADIAN. ) );
#2439 = STYLED_ITEM ( 'NONE', ( #5519 ), #8983 ) ;
#2440 = DIRECTION ( 'NONE',  ( 1.000000000000000000, 0.000000000000000000, 0.000000000000000000 ) ) ;
#2441 = ORIENTED_EDGE ( 'NONE', *, *, #3900, .T. ) ;
#2442 = ORIENTED_EDGE ( 'NONE', *, *, #7851, .T. ) ;
#2443 = PLANE ( 'NONE',  #5622 ) ;
#2444 = VECTOR ( 'NONE', #5296, 39.37007874015748854 ) ;
#2445 = ADVANCED_FACE ( 'NONE', ( #2781 ), #5597, .F. ) ;
#2446 = DIMENSIONAL_EXPONENTS ( 1.000000000000000000, 0.000000000000000000, 0.000000000000000000, 0.000000000000000000, 0.000000000000000000, 0.000000000000000000, 0.000000000000000000 ) ;
#2447 =( GEOMETRIC_REPRESENTATION_CONTEXT ( 3 ) GLOBAL_UNCERTAINTY_ASSIGNED_CONTEXT ( ( #2266 ) ) GLOBAL_UNIT_ASSIGNED_CONTEXT ( ( #5530, #6127, #2681 ) ) REPRESENTATION_CONTEXT ( 'NONE', 'WORKASPACE' ) );
#2448 = AXIS2_PLACEMENT_3D ( 'NONE', #8979, #4999, #6955 ) ;
#2449 = PLANE ( 'NONE',  #3989 ) ;
#2450 =( LENGTH_UNIT ( ) NAMED_UNIT ( * ) SI_UNIT ( $, .METRE. ) );
#2451 = PRESENTATION_STYLE_ASSIGNMENT (( #8719 ) ) ;
#2452 = VECTOR ( 'NONE', #6571, 39.37007874015748854 ) ;
#2453 = DIMENSIONAL_EXPONENTS ( 1.000000000000000000, 0.000000000000000000, 0.000000000000000000, 0.000000000000000000, 0.000000000000000000, 0.000000000000000000, 0.000000000000000000 ) ;
#2454 = CARTESIAN_POINT ( 'NONE',  ( -0.01692913385826769201, 0.02244094488188976694, 0.07893700787401573826 ) ) ;
#2455 =( LENGTH_UNIT ( ) NAMED_UNIT ( * ) SI_UNIT ( $, .METRE. ) );
#2456 = COLOUR_RGB ( '',0.7921568627450980005, 0.8196078431372548767, 0.9333333333333333481 ) ;
#2457 = AXIS2_PLACEMENT_3D ( 'NONE', #5163, #1091, #6579 ) ;
#2458 = AXIS2_PLACEMENT_3D ( 'NONE', #1164, #8242, #1900 ) ;
#2459 = CARTESIAN_POINT ( 'NONE',  ( -0.01692913385826769201, 0.02736220472440943630, 0.07982518197702757889 ) ) ;
#2460 =( GEOMETRIC_REPRESENTATION_CONTEXT ( 3 ) GLOBAL_UNCERTAINTY_ASSIGNED_CONTEXT ( ( #5993 ) ) GLOBAL_UNIT_ASSIGNED_CONTEXT ( ( #4010, #3261, #445 ) ) REPRESENTATION_CONTEXT ( 'NONE', 'WORKASPACE' ) );
#2461 = ORIENTED_EDGE ( 'NONE', *, *, #8001, .T. ) ;
#2462 = EDGE_LOOP ( 'NONE', ( #207, #7210, #2875, #730 ) ) ;
#2463 = LINE ( 'NONE', #3874, #4833 ) ;
#2464 = MECHANICAL_DESIGN_GEOMETRIC_PRESENTATION_REPRESENTATION (  '', ( #724 ), #7133 ) ;
#2465 = AXIS2_PLACEMENT_3D ( 'NONE', #2729, #7021, #5498 ) ;
#2466 = STYLED_ITEM ( 'NONE', ( #5582 ), #6021 ) ;
#2467 = DIRECTION ( 'NONE',  ( 0.000000000000000000, -0.9396926207859079838, -0.3420201433256699342 ) ) ;
#2468 = EDGE_CURVE ( 'NONE', #5773, #4031, #6151, .T. ) ;
#2469 = DIRECTION ( 'NONE',  ( -1.000000000000000000, 0.000000000000000000, -0.000000000000000000 ) ) ;
#2470 = DIRECTION ( 'NONE',  ( 1.000000000000000000, 0.000000000000000000, 0.000000000000000000 ) ) ;
#2471 = PRESENTATION_LAYER_ASSIGNMENT (  '', '', ( #5698 ) ) ;
#2472 = VECTOR ( 'NONE', #2355, 39.37007874015748143 ) ;
#2473 = AXIS2_PLACEMENT_3D ( 'NONE', #4843, #3451, #6264 ) ;
#2474 = FACE_OUTER_BOUND ( 'NONE', #2040, .T. ) ;
#2475 = EDGE_LOOP ( 'NONE', ( #3083, #863, #7779, #528 ) ) ;
#2476 = CARTESIAN_POINT ( 'NONE',  ( 0.09645669291338582196, 0.000000000000000000, 0.004527559055118104969 ) ) ;
#2477 = COLOUR_RGB ( '',0.2509803921568627416, 0.2509803921568627416, 0.2509803921568627416 ) ;
#2478 = COLOUR_RGB ( '',0.7921568627450980005, 0.8196078431372548767, 0.9333333333333333481 ) ;
#2479 = ORIENTED_EDGE ( 'NONE', *, *, #348, .T. ) ;
#2480 = EDGE_CURVE ( 'NONE', #3839, #1040, #5299, .T. ) ;
#2481 = EDGE_LOOP ( 'NONE', ( #5681, #7717, #3578, #2110, #5529, #4370, #2226 ) ) ;
#2482 = CIRCLE ( 'NONE', #324, 0.003149606299212602718 ) ;
#2483 = CARTESIAN_POINT ( 'NONE',  ( -0.09645669291338584972, 0.000000000000000000, -0.1163385826771653475 ) ) ;
#2484 = CARTESIAN_POINT ( 'NONE',  ( 0.05413385826771653642, 0.009842519685039369942, -0.07578740157480313988 ) ) ;
#2485 = PRESENTATION_STYLE_ASSIGNMENT (( #6281 ) ) ;
#2486 = DIRECTION ( 'NONE',  ( -0.000000000000000000, -1.000000000000000000, -0.000000000000000000 ) ) ;
#2487 = CARTESIAN_POINT ( 'NONE',  ( -0.03307086614173225525, 0.01822099969626657726, 0.09408128290260084348 ) ) ;
#2488 = VECTOR ( 'NONE', #4369, 39.37007874015748143 ) ;
#2489 = CARTESIAN_POINT ( 'NONE',  ( 0.03307086614173231076, -0.003584687981864217131, 0.1040280696203075700 ) ) ;
#2490 = LENGTH_MEASURE_WITH_UNIT ( LENGTH_MEASURE( 0.02539999999999999897 ), #3894 );
#2491 = DIRECTION ( 'NONE',  ( 1.000000000000000000, 0.000000000000000000, -1.971091940197113801E-16 ) ) ;
#2492 =( LENGTH_UNIT ( ) NAMED_UNIT ( * ) SI_UNIT ( $, .METRE. ) );
#2493 = ORIENTED_EDGE ( 'NONE', *, *, #7406, .F. ) ;
#2494 = UNCERTAINTY_MEASURE_WITH_UNIT (LENGTH_MEASURE( 1.000000000000000082E-05 ), #2994, 'distance_accuracy_value', 'NONE');
#2495 =( LENGTH_UNIT ( ) NAMED_UNIT ( * ) SI_UNIT ( $, .METRE. ) );
#2496 = EDGE_CURVE ( 'NONE', #5291, #217, #3590, .T. ) ;
#2497 = CARTESIAN_POINT ( 'NONE',  ( -0.07480314960629920462, 0.03700787401574803098, 0.05925196850393700532 ) ) ;
#2498 = EDGE_CURVE ( 'NONE', #5258, #7806, #5803, .T. ) ;
#2499 = CARTESIAN_POINT ( 'NONE',  ( 0.09783464566929131467, 0.009842519685039376881, -0.004527559055118113643 ) ) ;
#2500 = ORIENTED_EDGE ( 'NONE', *, *, #1747, .F. ) ;
#2501 = ORIENTED_EDGE ( 'NONE', *, *, #4073, .T. ) ;
#2502 = EDGE_CURVE ( 'NONE', #1515, #3457, #4396, .T. ) ;
#2503 = DIRECTION ( 'NONE',  ( 0.000000000000000000, -0.000000000000000000, -1.000000000000000000 ) ) ;
#2504 = FILL_AREA_STYLE_COLOUR ( '', #791 ) ;
#2505 = DIRECTION ( 'NONE',  ( 0.000000000000000000, 0.000000000000000000, 1.000000000000000000 ) ) ;
#2506 = FACE_OUTER_BOUND ( 'NONE', #2929, .T. ) ;
#2507 = LINE ( 'NONE', #5364, #9 ) ;
#2508 = PRESENTATION_STYLE_ASSIGNMENT (( #8784 ) ) ;
#2509 = FACE_OUTER_BOUND ( 'NONE', #6570, .T. ) ;
#2510 = SURFACE_STYLE_FILL_AREA ( #8869 ) ;
#2511 = FILL_AREA_STYLE_COLOUR ( '', #3621 ) ;
#2512 = ORIENTED_EDGE ( 'NONE', *, *, #3705, .F. ) ;
#2513 = VERTEX_POINT ( 'NONE', #2489 ) ;
#2514 = DIRECTION ( 'NONE',  ( 0.000000000000000000, 0.08715574274765738871, -0.9961946980917454342 ) ) ;
#2515 = CARTESIAN_POINT ( 'NONE',  ( 0.09645669291338584972, 0.2556786355646874509, -0.1049212598425196818 ) ) ;
#2516 = LINE ( 'NONE', #1836, #5751 ) ;
#2517 = DIRECTION ( 'NONE',  ( 0.000000000000000000, 0.9659258262890679791, -0.2588190451025212391 ) ) ;
#2518 = CARTESIAN_POINT ( 'NONE',  ( 0.09783464566929132855, 0.2556786355646874509, -0.001377952755905514828 ) ) ;
#2519 = EDGE_CURVE ( 'NONE', #2936, #6378, #7109, .T. ) ;
#2520 = FILL_AREA_STYLE_COLOUR ( '', #1149 ) ;
#2521 = DIRECTION ( 'NONE',  ( -0.000000000000000000, 1.000000000000000000, 0.000000000000000000 ) ) ;
#2522 = VERTEX_POINT ( 'NONE', #7883 ) ;
#2523 = DIMENSIONAL_EXPONENTS ( 1.000000000000000000, 0.000000000000000000, 0.000000000000000000, 0.000000000000000000, 0.000000000000000000, 0.000000000000000000, 0.000000000000000000 ) ;
#2524 = ORIENTED_EDGE ( 'NONE', *, *, #70, .F. ) ;
#2525 = ADVANCED_FACE ( 'NONE', ( #7066 ), #767, .F. ) ;
#2526 = VERTEX_POINT ( 'NONE', #235 ) ;
#2527 = FILL_AREA_STYLE_COLOUR ( '', #912 ) ;
#2528 =( NAMED_UNIT ( * ) PLANE_ANGLE_UNIT ( ) SI_UNIT ( $, .RADIAN. ) );
#2529 = FILL_AREA_STYLE ('',( #3890 ) ) ;
#2530 = LINE ( 'NONE', #4621, #7140 ) ;
#2531 = DIRECTION ( 'NONE',  ( -1.000000000000000000, -0.000000000000000000, -0.000000000000000000 ) ) ;
#2532 =( GEOMETRIC_REPRESENTATION_CONTEXT ( 3 ) GLOBAL_UNCERTAINTY_ASSIGNED_CONTEXT ( ( #2592 ) ) GLOBAL_UNIT_ASSIGNED_CONTEXT ( ( #8925, #8185, #5374 ) ) REPRESENTATION_CONTEXT ( 'NONE', 'WORKASPACE' ) );
#2533 = PLANE ( 'NONE',  #2414 ) ;
#2534 = FILL_AREA_STYLE ('',( #1771 ) ) ;
#2535 = EDGE_CURVE ( 'NONE', #6453, #1953, #5048, .T. ) ;
#2536 = SURFACE_STYLE_FILL_AREA ( #6032 ) ;
#2537 = EDGE_CURVE ( 'NONE', #4040, #802, #5020, .T. ) ;
#2538 = FILL_AREA_STYLE ('',( #2349 ) ) ;
#2539 = ORIENTED_EDGE ( 'NONE', *, *, #7397, .T. ) ;
#2540 = VECTOR ( 'NONE', #813, 39.37007874015748143 ) ;
#2541 = UNCERTAINTY_MEASURE_WITH_UNIT (LENGTH_MEASURE( 1.000000000000000082E-05 ), #2845, 'distance_accuracy_value', 'NONE');
#2542 = ORIENTED_EDGE ( 'NONE', *, *, #6043, .T. ) ;
#2543 = VECTOR ( 'NONE', #4252, 39.37007874015748854 ) ;
#2544 = ORIENTED_EDGE ( 'NONE', *, *, #3601, .F. ) ;
#2545 = CARTESIAN_POINT ( 'NONE',  ( -0.06496062992125982427, 0.02266295170762570171, 0.09018973667019880569 ) ) ;
#2546 =( NAMED_UNIT ( * ) SI_UNIT ( $, .STERADIAN. ) SOLID_ANGLE_UNIT ( ) );
#2547 = MECHANICAL_DESIGN_GEOMETRIC_PRESENTATION_REPRESENTATION (  '', ( #84 ), #4733 ) ;
#2548 = EDGE_LOOP ( 'NONE', ( #8838, #8209, #3502, #6738, #7011, #4570 ) ) ;
#2549 = PLANE ( 'NONE',  #6841 ) ;
#2550 = LINE ( 'NONE', #5207, #6778 ) ;
#2551 = EDGE_CURVE ( 'NONE', #8034, #6312, #105, .T. ) ;
#2552 = PRESENTATION_STYLE_ASSIGNMENT (( #4787 ) ) ;
#2553 = PRESENTATION_LAYER_ASSIGNMENT (  '', '', ( #8519 ) ) ;
#2554 = PRESENTATION_STYLE_ASSIGNMENT (( #3050 ) ) ;
#2555 = VECTOR ( 'NONE', #5712, 39.37007874015748143 ) ;
#2556 = PRESENTATION_STYLE_ASSIGNMENT (( #3337 ) ) ;
#2557 = DIRECTION ( 'NONE',  ( -0.000000000000000000, -0.000000000000000000, -1.000000000000000000 ) ) ;
#2558 =( LENGTH_UNIT ( ) NAMED_UNIT ( * ) SI_UNIT ( $, .METRE. ) );
#2559 =( CONVERSION_BASED_UNIT ( 'INCH', #6102 ) LENGTH_UNIT ( ) NAMED_UNIT ( #7157 ) );
#2560 = VERTEX_POINT ( 'NONE', #7743 ) ;
#2561 = EDGE_LOOP ( 'NONE', ( #6528, #8776, #8580, #7593 ) ) ;
#2562 = LINE ( 'NONE', #4655, #2332 ) ;
#2563 = UNCERTAINTY_MEASURE_WITH_UNIT (LENGTH_MEASURE( 1.000000000000000082E-05 ), #3704, 'distance_accuracy_value', 'NONE');
#2564 = SURFACE_SIDE_STYLE ('',( #8047 ) ) ;
#2565 = EDGE_CURVE ( 'NONE', #7546, #553, #7790, .T. ) ;
#2566 = CARTESIAN_POINT ( 'NONE',  ( 0.09783464566929132855, 0.009842519685039369942, 0.004527559055118105837 ) ) ;
#2567 =( CONVERSION_BASED_UNIT ( 'INCH', #6732 ) LENGTH_UNIT ( ) NAMED_UNIT ( #180 ) );
#2568 = AXIS2_PLACEMENT_3D ( 'NONE', #7134, #3740, #7946 ) ;
#2569 = SURFACE_STYLE_USAGE ( .BOTH. , #4565 ) ;
#2570 = ORIENTED_EDGE ( 'NONE', *, *, #7787, .F. ) ;
#2571 = DIRECTION ( 'NONE',  ( -1.000000000000000000, -0.000000000000000000, -0.000000000000000000 ) ) ;
#2572 = ORIENTED_EDGE ( 'NONE', *, *, #7475, .F. ) ;
#2573 = ORIENTED_EDGE ( 'NONE', *, *, #1977, .F. ) ;
#2574 =( GEOMETRIC_REPRESENTATION_CONTEXT ( 3 ) GLOBAL_UNCERTAINTY_ASSIGNED_CONTEXT ( ( #8661 ) ) GLOBAL_UNIT_ASSIGNED_CONTEXT ( ( #6647, #1169, #673 ) ) REPRESENTATION_CONTEXT ( 'NONE', 'WORKASPACE' ) );
#2575 = ADVANCED_FACE ( 'NONE', ( #2270 ), #3176, .F. ) ;
#2576 = STYLED_ITEM ( 'NONE', ( #8284 ), #2651 ) ;
#2577 = DIRECTION ( 'NONE',  ( 0.000000000000000000, 0.000000000000000000, -1.000000000000000000 ) ) ;
#2578 = LINE ( 'NONE', #3229, #2178 ) ;
#2579 = CARTESIAN_POINT ( 'NONE',  ( 0.08307086614173231354, 0.01173508930892991006, 0.08667802955033566958 ) ) ;
#2580 = DIRECTION ( 'NONE',  ( 1.000000000000000000, 0.000000000000000000, -0.000000000000000000 ) ) ;
#2581 = CARTESIAN_POINT ( 'NONE',  ( -0.01496062992125982496, 0.01358267716535432532, 0.07982518197702757889 ) ) ;
#2582 = AXIS2_PLACEMENT_3D ( 'NONE', #7246, #5802, #8566 ) ;
#2583 = CARTESIAN_POINT ( 'NONE',  ( 0.09645669291338582196, 0.000000000000000000, -0.09092820213934121876 ) ) ;
#2584 = SURFACE_SIDE_STYLE ('',( #5242 ) ) ;
#2585 =( LENGTH_UNIT ( ) NAMED_UNIT ( * ) SI_UNIT ( $, .METRE. ) );
#2586 = DIRECTION ( 'NONE',  ( 0.000000000000000000, 0.000000000000000000, 1.000000000000000000 ) ) ;
#2587 = ORIENTED_EDGE ( 'NONE', *, *, #8525, .F. ) ;
#2588 = EDGE_CURVE ( 'NONE', #4084, #6872, #7375, .T. ) ;
#2589 =( GEOMETRIC_REPRESENTATION_CONTEXT ( 3 ) GLOBAL_UNCERTAINTY_ASSIGNED_CONTEXT ( ( #6035 ) ) GLOBAL_UNIT_ASSIGNED_CONTEXT ( ( #3639, #7391, #3859 ) ) REPRESENTATION_CONTEXT ( 'NONE', 'WORKASPACE' ) );
#2590 = UNCERTAINTY_MEASURE_WITH_UNIT (LENGTH_MEASURE( 1.000000000000000082E-05 ), #5972, 'distance_accuracy_value', 'NONE');
#2591 =( NAMED_UNIT ( * ) SI_UNIT ( $, .STERADIAN. ) SOLID_ANGLE_UNIT ( ) );
#2592 = UNCERTAINTY_MEASURE_WITH_UNIT (LENGTH_MEASURE( 1.000000000000000082E-05 ), #8925, 'distance_accuracy_value', 'NONE');
#2593 = CARTESIAN_POINT ( 'NONE',  ( 0.09645669291338582196, 0.009842519685039369942, -0.09311023622047244486 ) ) ;
#2594 = CARTESIAN_POINT ( 'NONE',  ( 0.06692913385826773642, 3.201384367575308459E-18, 0.09695901468261183820 ) ) ;
#2595 = DIRECTION ( 'NONE',  ( 0.8660254037844379305, 0.000000000000000000, 0.5000000000000012212 ) ) ;
#2596 = EDGE_LOOP ( 'NONE', ( #7539, #8840, #1945, #7410 ) ) ;
#2597 =( LENGTH_UNIT ( ) NAMED_UNIT ( * ) SI_UNIT ( $, .METRE. ) );
#2598 =( CONVERSION_BASED_UNIT ( 'INCH', #6092 ) LENGTH_UNIT ( ) NAMED_UNIT ( #5312 ) );
#2599 = DIRECTION ( 'NONE',  ( 0.000000000000000000, 0.000000000000000000, 1.000000000000000000 ) ) ;
#2600 = SURFACE_STYLE_FILL_AREA ( #8867 ) ;
#2601 = AXIS2_PLACEMENT_3D ( 'NONE', #1307, #9021, #1384 ) ;
#2602 = DIRECTION ( 'NONE',  ( 0.000000000000000000, -0.9961946980917454342, -0.08715574274765873486 ) ) ;
#2603 = SURFACE_STYLE_FILL_AREA ( #8997 ) ;
#2604 = SURFACE_SIDE_STYLE ('',( #7981 ) ) ;
#2605 = ORIENTED_EDGE ( 'NONE', *, *, #8443, .F. ) ;
#2606 = AXIS2_PLACEMENT_3D ( 'NONE', #229, #3759, #1633 ) ;
#2607 = ORIENTED_EDGE ( 'NONE', *, *, #8451, .T. ) ;
#2608 = LINE ( 'NONE', #5222, #8470 ) ;
#2609 = VECTOR ( 'NONE', #283, 39.37007874015748143 ) ;
#2610 = LENGTH_MEASURE_WITH_UNIT ( LENGTH_MEASURE( 0.02539999999999999897 ), #8184 );
#2611 = VECTOR ( 'NONE', #8919, 39.37007874015748143 ) ;
#2612 = LINE ( 'NONE', #6057, #3273 ) ;
#2613 = VECTOR ( 'NONE', #8574, 39.37007874015748143 ) ;
#2614 = COLOUR_RGB ( '',0.2509803921568627416, 0.2509803921568627416, 0.2509803921568627416 ) ;
#2615 = AXIS2_PLACEMENT_3D ( 'NONE', #1793, #6734, #1757 ) ;
#2616 = SURFACE_SIDE_STYLE ('',( #5376 ) ) ;
#2617 = VECTOR ( 'NONE', #2299, 39.37007874015748854 ) ;
#2618 = FILL_AREA_STYLE ('',( #1102 ) ) ;
#2619 = EDGE_LOOP ( 'NONE', ( #406, #8065, #5052, #3995 ) ) ;
#2620 = FILL_AREA_STYLE_COLOUR ( '', #285 ) ;
#2621 = ORIENTED_EDGE ( 'NONE', *, *, #2748, .T. ) ;
#2622 =( GEOMETRIC_REPRESENTATION_CONTEXT ( 3 ) GLOBAL_UNCERTAINTY_ASSIGNED_CONTEXT ( ( #6157 ) ) GLOBAL_UNIT_ASSIGNED_CONTEXT ( ( #2815, #4257, #1637 ) ) REPRESENTATION_CONTEXT ( 'NONE', 'WORKASPACE' ) );
#2623 = ADVANCED_FACE ( 'NONE', ( #8244 ), #2533, .F. ) ;
#2624 = AXIS2_PLACEMENT_3D ( 'NONE', #764, #7740, #1362 ) ;
#2625 = VECTOR ( 'NONE', #825, 39.37007874015748143 ) ;
#2626 = COLOUR_RGB ( '',0.7921568627450980005, 0.8196078431372548767, 0.9333333333333333481 ) ;
#2627 = VERTEX_POINT ( 'NONE', #6176 ) ;
#2628 = FACE_OUTER_BOUND ( 'NONE', #569, .T. ) ;
#2629 = STYLED_ITEM ( 'NONE', ( #4362 ), #739 ) ;
#2630 = VECTOR ( 'NONE', #7645, 39.37007874015748143 ) ;
#2631 = SURFACE_SIDE_STYLE ('',( #5899 ) ) ;
#2632 = PRESENTATION_STYLE_ASSIGNMENT (( #8801 ) ) ;
#2633 = MECHANICAL_DESIGN_GEOMETRIC_PRESENTATION_REPRESENTATION (  '', ( #6288 ), #6996 ) ;
#2634 = VECTOR ( 'NONE', #439, 39.37007874015748143 ) ;
#2635 = CARTESIAN_POINT ( 'NONE',  ( 0.05413385826771651560, 0.009842519685039369942, -0.09311023622047244486 ) ) ;
#2636 = PLANE ( 'NONE',  #8539 ) ;
#2637 = DIRECTION ( 'NONE',  ( 0.000000000000000000, -0.9961946980917454342, -0.08715574274765873486 ) ) ;
#2638 = DIRECTION ( 'NONE',  ( 0.000000000000000000, 0.7521705405901403241, -0.6589684953534089562 ) ) ;
#2639 = PRESENTATION_LAYER_ASSIGNMENT (  '', '', ( #6562 ) ) ;
#2640 = LENGTH_MEASURE_WITH_UNIT ( LENGTH_MEASURE( 0.02539999999999999897 ), #6827 );
#2641 = EDGE_LOOP ( 'NONE', ( #6165, #4654, #1748, #1442 ) ) ;
#2642 = PRESENTATION_LAYER_ASSIGNMENT (  '', '', ( #4519 ) ) ;
#2643 = DIRECTION ( 'NONE',  ( -0.5000000000000012212, 0.000000000000000000, -0.8660254037844379305 ) ) ;
#2644 = VECTOR ( 'NONE', #4938, 39.37007874015748143 ) ;
#2645 = ORIENTED_EDGE ( 'NONE', *, *, #7497, .T. ) ;
#2646 = PLANE ( 'NONE',  #2989 ) ;
#2647 = EDGE_CURVE ( 'NONE', #849, #1818, #3233, .T. ) ;
#2648 = SURFACE_STYLE_FILL_AREA ( #3994 ) ;
#2649 = EDGE_LOOP ( 'NONE', ( #6757, #5502, #693, #471, #5180, #8053, #3514, #8516 ) ) ;
#2650 = PLANE ( 'NONE',  #8670 ) ;
#2651 = ADVANCED_FACE ( 'NONE', ( #5387 ), #636, .F. ) ;
#2652 = LINE ( 'NONE', #1234, #3699 ) ;
#2653 = SURFACE_STYLE_USAGE ( .BOTH. , #8914 ) ;
#2654 = PRESENTATION_STYLE_ASSIGNMENT (( #5541 ) ) ;
#2655 = CARTESIAN_POINT ( 'NONE',  ( 0.03307086614173231076, 0.004805065926099859851, 0.1210629921259844255 ) ) ;
#2656 = CARTESIAN_POINT ( 'NONE',  ( 0.1009842519685039408, 0.000000000000000000, -0.001377952755905503769 ) ) ;
#2657 = EDGE_CURVE ( 'NONE', #3115, #4031, #4103, .T. ) ;
#2658 = CARTESIAN_POINT ( 'NONE',  ( -0.06496062992125982427, 0.02736220472440944324, 0.07761836027346888378 ) ) ;
#2659 = ORIENTED_EDGE ( 'NONE', *, *, #1529, .F. ) ;
#2660 = ORIENTED_EDGE ( 'NONE', *, *, #2180, .T. ) ;
#2661 = EDGE_CURVE ( 'NONE', #5562, #907, #751, .T. ) ;
#2662 = FILL_AREA_STYLE_COLOUR ( '', #325 ) ;
#2663 = UNCERTAINTY_MEASURE_WITH_UNIT (LENGTH_MEASURE( 1.000000000000000082E-05 ), #2950, 'distance_accuracy_value', 'NONE');
#2664 = FACE_OUTER_BOUND ( 'NONE', #5501, .T. ) ;
#2665 =( NAMED_UNIT ( * ) SI_UNIT ( $, .STERADIAN. ) SOLID_ANGLE_UNIT ( ) );
#2666 = VERTEX_POINT ( 'NONE', #6424 ) ;
#2667 = FACE_OUTER_BOUND ( 'NONE', #6997, .T. ) ;
#2668 = VERTEX_POINT ( 'NONE', #8339 ) ;
#2669 = EDGE_LOOP ( 'NONE', ( #654, #3390, #1760, #4069 ) ) ;
#2670 = DIRECTION ( 'NONE',  ( 0.000000000000000000, -0.000000000000000000, 1.000000000000000000 ) ) ;
#2671 = EDGE_CURVE ( 'NONE', #3022, #553, #2119, .T. ) ;
#2672 = LINE ( 'NONE', #2077, #2250 ) ;
#2673 = ADVANCED_FACE ( 'NONE', ( #45 ), #8419, .F. ) ;
#2674 = DIRECTION ( 'NONE',  ( -1.000000000000000000, -0.000000000000000000, -0.000000000000000000 ) ) ;
#2675 = SURFACE_STYLE_USAGE ( .BOTH. , #4019 ) ;
#2676 =( CONVERSION_BASED_UNIT ( 'INCH', #8940 ) LENGTH_UNIT ( ) NAMED_UNIT ( #2113 ) );
#2677 = AXIS2_PLACEMENT_3D ( 'NONE', #8399, #1591, #2225 ) ;
#2678 = LINE ( 'NONE', #2038, #8600 ) ;
#2679 = ORIENTED_EDGE ( 'NONE', *, *, #5250, .T. ) ;
#2680 = MECHANICAL_DESIGN_GEOMETRIC_PRESENTATION_REPRESENTATION (  '', ( #7628 ), #917 ) ;
#2681 =( NAMED_UNIT ( * ) SI_UNIT ( $, .STERADIAN. ) SOLID_ANGLE_UNIT ( ) );
#2682 = EDGE_CURVE ( 'NONE', #1000, #3263, #6252, .T. ) ;
#2683 = UNCERTAINTY_MEASURE_WITH_UNIT (LENGTH_MEASURE( 1.000000000000000082E-05 ), #7013, 'distance_accuracy_value', 'NONE');
#2684 = PRESENTATION_STYLE_ASSIGNMENT (( #8947 ) ) ;
#2685 = SURFACE_STYLE_USAGE ( .BOTH. , #8948 ) ;
#2686 = ORIENTED_EDGE ( 'NONE', *, *, #2918, .F. ) ;
#2687 = COLOUR_RGB ( '',0.2509803921568627416, 0.2509803921568627416, 0.2509803921568627416 ) ;
#2688 = MECHANICAL_DESIGN_GEOMETRIC_PRESENTATION_REPRESENTATION (  '', ( #2964 ), #2532 ) ;
#2689 = ORIENTED_EDGE ( 'NONE', *, *, #5743, .F. ) ;
#2690 = ADVANCED_FACE ( 'NONE', ( #8468 ), #7765, .F. ) ;
#2691 = FILL_AREA_STYLE_COLOUR ( '', #7577 ) ;
#2692 = VECTOR ( 'NONE', #4163, 39.37007874015748143 ) ;
#2693 = CARTESIAN_POINT ( 'NONE',  ( -0.01496062992125982496, -0.003584687981864215830, 0.1040280696203075561 ) ) ;
#2694 = STYLED_ITEM ( 'NONE', ( #8301 ), #3796 ) ;
#2695 = CARTESIAN_POINT ( 'NONE',  ( 0.01496062992125986486, 0.01617704132028901370, 0.08278648331793365955 ) ) ;
#2696 = DIRECTION ( 'NONE',  ( 0.000000000000000000, -1.000000000000000000, 0.000000000000000000 ) ) ;
#2697 = VERTEX_POINT ( 'NONE', #1658 ) ;
#2698 = DIRECTION ( 'NONE',  ( 0.000000000000000000, 0.000000000000000000, -1.000000000000000000 ) ) ;
#2699 = MECHANICAL_DESIGN_GEOMETRIC_PRESENTATION_REPRESENTATION (  '', ( #6493 ), #5768 ) ;
#2700 = MECHANICAL_DESIGN_GEOMETRIC_PRESENTATION_REPRESENTATION (  '', ( #8541 ), #5033 ) ;
#2701 =( NAMED_UNIT ( * ) PLANE_ANGLE_UNIT ( ) SI_UNIT ( $, .RADIAN. ) );
#2702 =( LENGTH_UNIT ( ) NAMED_UNIT ( * ) SI_UNIT ( $, .METRE. ) );
#2703 = FACE_OUTER_BOUND ( 'NONE', #869, .T. ) ;
#2704 = VECTOR ( 'NONE', #4792, 39.37007874015748854 ) ;
#2705 = VERTEX_POINT ( 'NONE', #2419 ) ;
#2706 = DIRECTION ( 'NONE',  ( 1.000000000000000000, 0.000000000000000000, 0.000000000000000000 ) ) ;
#2707 = VERTEX_POINT ( 'NONE', #2376 ) ;
#2708 = EDGE_LOOP ( 'NONE', ( #2794, #7318 ) ) ;
#2709 = FACE_OUTER_BOUND ( 'NONE', #4704, .T. ) ;
#2710 = LENGTH_MEASURE_WITH_UNIT ( LENGTH_MEASURE( 0.02539999999999999897 ), #2395 );
#2711 = CARTESIAN_POINT ( 'NONE',  ( -0.01496062992125982496, -0.003584687981864215830, 0.1040280696203075561 ) ) ;
#2712 = AXIS2_PLACEMENT_3D ( 'NONE', #6601, #2427, #323 ) ;
#2713 = PLANE ( 'NONE',  #7143 ) ;
#2714 = VECTOR ( 'NONE', #2637, 39.37007874015748143 ) ;
#2715 = ORIENTED_EDGE ( 'NONE', *, *, #2330, .F. ) ;
#2716 = SURFACE_SIDE_STYLE ('',( #7557 ) ) ;
#2717 =( LENGTH_UNIT ( ) NAMED_UNIT ( * ) SI_UNIT ( $, .METRE. ) );
#2718 = CARTESIAN_POINT ( 'NONE',  ( 0.09173228346456695215, 0.2556786355646874509, -0.1210629921259842590 ) ) ;
#2719 = DIRECTION ( 'NONE',  ( 0.000000000000000000, -0.9659258262890679791, 0.2588190451025212391 ) ) ;
#2720 = VERTEX_POINT ( 'NONE', #7858 ) ;
#2721 = SURFACE_STYLE_FILL_AREA ( #4783 ) ;
#2722 = SURFACE_STYLE_FILL_AREA ( #4785 ) ;
#2723 = PRESENTATION_STYLE_ASSIGNMENT (( #7482 ) ) ;
#2724 = CIRCLE ( 'NONE', #1122, 0.01377952755905510404 ) ;
#2725 = EDGE_CURVE ( 'NONE', #197, #6334, #404, .T. ) ;
#2726 = ORIENTED_EDGE ( 'NONE', *, *, #897, .F. ) ;
#2727 = CARTESIAN_POINT ( 'NONE',  ( 0.08287401574803150706, 0.000000000000000000, 0.01003937007874015040 ) ) ;
#2728 =( LENGTH_UNIT ( ) NAMED_UNIT ( * ) SI_UNIT ( $, .METRE. ) );
#2729 = CARTESIAN_POINT ( 'NONE',  ( 0.03503937007874018128, 0.007004783218323627943, 0.1049545283030582504 ) ) ;
#2730 = CARTESIAN_POINT ( 'NONE',  ( 0.09783464566929132855, 0.009842519685039378616, -0.001377952755905514828 ) ) ;
#2731 = LINE ( 'NONE', #690, #1305 ) ;
#2732 = UNCERTAINTY_MEASURE_WITH_UNIT (LENGTH_MEASURE( 1.000000000000000082E-05 ), #4823, 'distance_accuracy_value', 'NONE');
#2733 = DIRECTION ( 'NONE',  ( 0.000000000000000000, 0.000000000000000000, 1.000000000000000000 ) ) ;
#2734 = EDGE_CURVE ( 'NONE', #1683, #818, #7273, .T. ) ;
#2735 = ORIENTED_EDGE ( 'NONE', *, *, #3114, .F. ) ;
#2736 = CARTESIAN_POINT ( 'NONE',  ( -0.09645669291338584972, 0.000000000000000000, -0.1049212598425196818 ) ) ;
#2737 = DIRECTION ( 'NONE',  ( -0.000000000000000000, 0.000000000000000000, -1.000000000000000000 ) ) ;
#2738 = SURFACE_STYLE_FILL_AREA ( #4087 ) ;
#2739 = SURFACE_SIDE_STYLE ('',( #9005 ) ) ;
#2740 = DIRECTION ( 'NONE',  ( -0.000000000000000000, -1.000000000000000000, 0.000000000000000000 ) ) ;
#2741 = DIRECTION ( 'NONE',  ( -0.000000000000000000, -0.6589684953534065137, -0.7521705405901426555 ) ) ;
#2742 = ADVANCED_FACE ( 'NONE', ( #4375 ), #4421, .F. ) ;
#2743 = EDGE_LOOP ( 'NONE', ( #4027, #5040, #2524, #8388 ) ) ;
#2744 = EDGE_LOOP ( 'NONE', ( #2806, #5769, #5167, #1154 ) ) ;
#2745 = ORIENTED_EDGE ( 'NONE', *, *, #3710, .T. ) ;
#2746 =( GEOMETRIC_REPRESENTATION_CONTEXT ( 3 ) GLOBAL_UNCERTAINTY_ASSIGNED_CONTEXT ( ( #2563 ) ) GLOBAL_UNIT_ASSIGNED_CONTEXT ( ( #3704, #3747, #321 ) ) REPRESENTATION_CONTEXT ( 'NONE', 'WORKASPACE' ) );
#2747 =( GEOMETRIC_REPRESENTATION_CONTEXT ( 3 ) GLOBAL_UNCERTAINTY_ASSIGNED_CONTEXT ( ( #7576 ) ) GLOBAL_UNIT_ASSIGNED_CONTEXT ( ( #7178, #8698, #1066 ) ) REPRESENTATION_CONTEXT ( 'NONE', 'WORKASPACE' ) );
#2748 = EDGE_CURVE ( 'NONE', #4013, #2666, #3716, .T. ) ;
#2749 = PLANE ( 'NONE',  #8094 ) ;
#2750 = STYLED_ITEM ( 'NONE', ( #4636 ), #373 ) ;
#2751 = CARTESIAN_POINT ( 'NONE',  ( 0.09645669291338582196, 0.000000000000000000, -0.09092820213934121876 ) ) ;
#2752 = STYLED_ITEM ( 'NONE', ( #4895 ), #6298 ) ;
#2753 = ADVANCED_FACE ( 'NONE', ( #5925 ), #3659, .F. ) ;
#2754 = CARTESIAN_POINT ( 'NONE',  ( -0.07795275590551181688, 0.009842519685039369942, 0.01003937007874015040 ) ) ;
#2755 = AXIS2_PLACEMENT_3D ( 'NONE', #7798, #4269, #8362 ) ;
#2756 =( GEOMETRIC_REPRESENTATION_CONTEXT ( 3 ) GLOBAL_UNCERTAINTY_ASSIGNED_CONTEXT ( ( #651 ) ) GLOBAL_UNIT_ASSIGNED_CONTEXT ( ( #5340, #1257, #588 ) ) REPRESENTATION_CONTEXT ( 'NONE', 'WORKASPACE' ) );
#2757 = ORIENTED_EDGE ( 'NONE', *, *, #5926, .T. ) ;
#2758 = AXIS2_PLACEMENT_3D ( 'NONE', #1265, #4023, #8981 ) ;
#2759 =( GEOMETRIC_REPRESENTATION_CONTEXT ( 3 ) GLOBAL_UNCERTAINTY_ASSIGNED_CONTEXT ( ( #1957 ) ) GLOBAL_UNIT_ASSIGNED_CONTEXT ( ( #4628, #3327, #7517 ) ) REPRESENTATION_CONTEXT ( 'NONE', 'WORKASPACE' ) );
#2760 = COLOUR_RGB ( '',0.7921568627450980005, 0.8196078431372548767, 0.9333333333333333481 ) ;
#2761 =( NAMED_UNIT ( * ) PLANE_ANGLE_UNIT ( ) SI_UNIT ( $, .RADIAN. ) );
#2762 = CARTESIAN_POINT ( 'NONE',  ( -0.09472119113475917229, -2.259930072708328758E-19, 0.07677619065068530535 ) ) ;
#2763 =( CONVERSION_BASED_UNIT ( 'INCH', #6965 ) LENGTH_UNIT ( ) NAMED_UNIT ( #4247 ) );
#2764 = PRESENTATION_LAYER_ASSIGNMENT (  '', '', ( #4961 ) ) ;
#2765 = AXIS2_PLACEMENT_3D ( 'NONE', #5663, #7146, #8556 ) ;
#2766 = DIRECTION ( 'NONE',  ( 0.000000000000000000, -0.000000000000000000, 1.000000000000000000 ) ) ;
#2767 = ORIENTED_EDGE ( 'NONE', *, *, #1400, .F. ) ;
#2768 = PRESENTATION_LAYER_ASSIGNMENT (  '', '', ( #4511 ) ) ;
#2769 = CARTESIAN_POINT ( 'NONE',  ( -0.08503937007874014242, 0.02653119753051446511, 0.08453805796773562753 ) ) ;
#2770 = FACE_OUTER_BOUND ( 'NONE', #5641, .T. ) ;
#2771 = LENGTH_MEASURE_WITH_UNIT ( LENGTH_MEASURE( 0.02539999999999999897 ), #3449 );
#2772 =( GEOMETRIC_REPRESENTATION_CONTEXT ( 3 ) GLOBAL_UNCERTAINTY_ASSIGNED_CONTEXT ( ( #7827 ) ) GLOBAL_UNIT_ASSIGNED_CONTEXT ( ( #4216, #1489, #761 ) ) REPRESENTATION_CONTEXT ( 'NONE', 'WORKASPACE' ) );
#2773 = MECHANICAL_DESIGN_GEOMETRIC_PRESENTATION_REPRESENTATION (  '', ( #6724 ), #1180 ) ;
#2774 = SURFACE_STYLE_FILL_AREA ( #1360 ) ;
#2775 =( CONVERSION_BASED_UNIT ( 'INCH', #5711 ) LENGTH_UNIT ( ) NAMED_UNIT ( #7396 ) );
#2776 = EDGE_CURVE ( 'NONE', #4084, #9000, #4667, .T. ) ;
#2777 =( LENGTH_UNIT ( ) NAMED_UNIT ( * ) SI_UNIT ( $, .METRE. ) );
#2778 = LINE ( 'NONE', #5594, #3631 ) ;
#2779 = ADVANCED_FACE ( 'NONE', ( #8232 ), #6164, .F. ) ;
#2780 = FACE_OUTER_BOUND ( 'NONE', #740, .T. ) ;
#2781 = FACE_OUTER_BOUND ( 'NONE', #3661, .T. ) ;
#2782 = COLOUR_RGB ( '',0.7921568627450980005, 0.8196078431372548767, 0.9333333333333333481 ) ;
#2783 = ORIENTED_EDGE ( 'NONE', *, *, #1871, .F. ) ;
#2784 = CARTESIAN_POINT ( 'NONE',  ( -0.08307086614173225803, 0.007004783218323627943, 0.1049545283030582504 ) ) ;
#2785 = SURFACE_SIDE_STYLE ('',( #7699 ) ) ;
#2786 = LINE ( 'NONE', #4891, #3277 ) ;
#2787 = LENGTH_MEASURE_WITH_UNIT ( LENGTH_MEASURE( 0.02539999999999999897 ), #1247 );
#2788 = FILL_AREA_STYLE_COLOUR ( '', #2312 ) ;
#2789 = DIRECTION ( 'NONE',  ( -1.000000000000000000, -0.000000000000000000, -0.000000000000000000 ) ) ;
#2790 = UNCERTAINTY_MEASURE_WITH_UNIT (LENGTH_MEASURE( 1.000000000000000082E-05 ), #8627, 'distance_accuracy_value', 'NONE');
#2791 = ORIENTED_EDGE ( 'NONE', *, *, #2406, .F. ) ;
#2792 = SURFACE_SIDE_STYLE ('',( #8234 ) ) ;
#2793 = ORIENTED_EDGE ( 'NONE', *, *, #6536, .F. ) ;
#2794 = ORIENTED_EDGE ( 'NONE', *, *, #6981, .F. ) ;
#2795 = DIRECTION ( 'NONE',  ( 0.000000000000000000, -0.000000000000000000, 1.000000000000000000 ) ) ;
#2796 = EDGE_CURVE ( 'NONE', #1709, #3821, #7460, .T. ) ;
#2797 = FILL_AREA_STYLE ('',( #4860 ) ) ;
#2798 = LINE ( 'NONE', #1348, #6704 ) ;
#2799 = CARTESIAN_POINT ( 'NONE',  ( -0.08287401574803150706, 0.009842519685039369942, -0.01003937007874015908 ) ) ;
#2800 = SURFACE_STYLE_USAGE ( .BOTH. , #4727 ) ;
#2801 = ORIENTED_EDGE ( 'NONE', *, *, #1351, .F. ) ;
#2802 =( NAMED_UNIT ( * ) SI_UNIT ( $, .STERADIAN. ) SOLID_ANGLE_UNIT ( ) );
#2803 = ADVANCED_FACE ( 'NONE', ( #2474 ), #8033, .T. ) ;
#2804 = DIMENSIONAL_EXPONENTS ( 1.000000000000000000, 0.000000000000000000, 0.000000000000000000, 0.000000000000000000, 0.000000000000000000, 0.000000000000000000, 0.000000000000000000 ) ;
#2805 = EDGE_CURVE ( 'NONE', #3340, #1674, #4594, .T. ) ;
#2806 = ORIENTED_EDGE ( 'NONE', *, *, #1870, .T. ) ;
#2807 = LINE ( 'NONE', #5620, #6718 ) ;
#2808 = CIRCLE ( 'NONE', #7040, 0.003937007874015758385 ) ;
#2809 = CARTESIAN_POINT ( 'NONE',  ( 0.03503937007874018128, 0.007004783218323627943, 0.1049545283030582504 ) ) ;
#2810 =( NAMED_UNIT ( * ) PLANE_ANGLE_UNIT ( ) SI_UNIT ( $, .RADIAN. ) );
#2811 = FILL_AREA_STYLE ('',( #2691 ) ) ;
#2812 = DIRECTION ( 'NONE',  ( 0.8660254037844377084, 0.000000000000000000, -0.5000000000000012212 ) ) ;
#2813 = CARTESIAN_POINT ( 'NONE',  ( 0.05413385826771653642, 0.009842519685039376881, -0.07578740157480313988 ) ) ;
#2814 = CARTESIAN_POINT ( 'NONE',  ( 0.01692913385826774753, 0.01822099969626657726, 0.09408128290260084348 ) ) ;
#2815 =( CONVERSION_BASED_UNIT ( 'INCH', #1492 ) LENGTH_UNIT ( ) NAMED_UNIT ( #7239 ) );
#2817 =( NAMED_UNIT ( * ) SI_UNIT ( $, .STERADIAN. ) SOLID_ANGLE_UNIT ( ) );
#2816 = PRESENTATION_LAYER_ASSIGNMENT (  '', '', ( #8505 ) ) ;
#2818 = VECTOR ( 'NONE', #8465, 39.37007874015748143 ) ;
#2819 = VERTEX_POINT ( 'NONE', #6001 ) ;
#2820 = LINE ( 'NONE', #731, #6291 ) ;
#2821 = DIRECTION ( 'NONE',  ( 0.000000000000000000, 0.7521705405901424335, -0.6589684953534068468 ) ) ;
#2822 = EDGE_CURVE ( 'NONE', #7479, #2697, #6758, .T. ) ;
#2823 = DIRECTION ( 'NONE',  ( 0.000000000000000000, 0.000000000000000000, 1.000000000000000000 ) ) ;
#2824 = VECTOR ( 'NONE', #4297, 39.37007874015748143 ) ;
#2825 =( LENGTH_UNIT ( ) NAMED_UNIT ( * ) SI_UNIT ( $, .METRE. ) );
#2826 = LENGTH_MEASURE_WITH_UNIT ( LENGTH_MEASURE( 0.02539999999999999897 ), #1599 );
#2827 = LINE ( 'NONE', #5560, #6705 ) ;
#2828 = EDGE_LOOP ( 'NONE', ( #7160, #2930, #2075, #4854 ) ) ;
#2829 = STYLED_ITEM ( 'NONE', ( #7231 ), #4964 ) ;
#2830 = ORIENTED_EDGE ( 'NONE', *, *, #130, .F. ) ;
#2831 = EDGE_LOOP ( 'NONE', ( #1052, #7304, #5793, #5432 ) ) ;
#2832 = EDGE_CURVE ( 'NONE', #2513, #3527, #516, .T. ) ;
#2833 = LINE ( 'NONE', #5646, #5012 ) ;
#2834 = APPLICATION_CONTEXT ( 'automotive_design' ) ;
#2835 = DIRECTION ( 'NONE',  ( 0.000000000000000000, 0.08715574274765738871, -0.9961946980917454342 ) ) ;
#2836 = VECTOR ( 'NONE', #3718, 39.37007874015748143 ) ;
#2837 =( LENGTH_UNIT ( ) NAMED_UNIT ( * ) SI_UNIT ( $, .METRE. ) );
#2838 =( NAMED_UNIT ( * ) SI_UNIT ( $, .STERADIAN. ) SOLID_ANGLE_UNIT ( ) );
#2839 = CARTESIAN_POINT ( 'NONE',  ( -0.03307086614173226219, 0.006220377944235657569, 0.1048859017339656141 ) ) ;
#2840 = EDGE_CURVE ( 'NONE', #6519, #8943, #7393, .T. ) ;
#2841 = CARTESIAN_POINT ( 'NONE',  ( -0.06496062992125982427, 0.02266295170762570518, 0.09018973667019880569 ) ) ;
#2842 = VERTEX_POINT ( 'NONE', #8775 ) ;
#2843 = CIRCLE ( 'NONE', #4898, 0.01062992125984252995 ) ;
#2844 = CARTESIAN_POINT ( 'NONE',  ( -0.07795275590551181688, 0.009842519685039369942, 0.01003937007874015040 ) ) ;
#2845 =( CONVERSION_BASED_UNIT ( 'INCH', #6338 ) LENGTH_UNIT ( ) NAMED_UNIT ( #7761 ) );
#2846 =( GEOMETRIC_REPRESENTATION_CONTEXT ( 3 ) GLOBAL_UNCERTAINTY_ASSIGNED_CONTEXT ( ( #1077 ) ) GLOBAL_UNIT_ASSIGNED_CONTEXT ( ( #6917, #6956, #6879 ) ) REPRESENTATION_CONTEXT ( 'NONE', 'WORKASPACE' ) );
#2847 = MANIFOLD_SOLID_BREP ( 'Imported5', #5426 ) ;
#2848 =( NAMED_UNIT ( * ) PLANE_ANGLE_UNIT ( ) SI_UNIT ( $, .RADIAN. ) );
#2849 = VECTOR ( 'NONE', #2213, 39.37007874015748143 ) ;
#2850 = ORIENTED_EDGE ( 'NONE', *, *, #3572, .T. ) ;
#2851 = FACE_OUTER_BOUND ( 'NONE', #2112, .T. ) ;
#2852 = EDGE_CURVE ( 'NONE', #5292, #298, #3491, .T. ) ;
#2853 = DIRECTION ( 'NONE',  ( 1.000000000000000000, 0.000000000000000000, 0.000000000000000000 ) ) ;
#2854 = SURFACE_STYLE_USAGE ( .BOTH. , #5050 ) ;
#2855 = AXIS2_PLACEMENT_3D ( 'NONE', #3293, #1283, #4649 ) ;
#2856 = CARTESIAN_POINT ( 'NONE',  ( -0.03307086614173225525, 0.02736220472440944324, 0.07761836027346888378 ) ) ;
#2857 = PRESENTATION_STYLE_ASSIGNMENT (( #2653 ) ) ;
#2858 = SURFACE_STYLE_USAGE ( .BOTH. , #5752 ) ;
#2859 = CARTESIAN_POINT ( 'NONE',  ( 0.03503937007874018128, 0.01358267716535432532, 0.07982518197702757889 ) ) ;
#2860 =( NAMED_UNIT ( * ) SI_UNIT ( $, .STERADIAN. ) SOLID_ANGLE_UNIT ( ) );
#2861 = CARTESIAN_POINT ( 'NONE',  ( -0.08307086614173225803, 0.02736220472440944324, 0.07761836027346888378 ) ) ;
#2862 = PRESENTATION_LAYER_ASSIGNMENT (  '', '', ( #6251 ) ) ;
#2863 = ORIENTED_EDGE ( 'NONE', *, *, #7508, .F. ) ;
#2864 = EDGE_CURVE ( 'NONE', #6378, #836, #3090, .T. ) ;
#2865 = SURFACE_STYLE_FILL_AREA ( #3549 ) ;
#2866 = CARTESIAN_POINT ( 'NONE',  ( 0.09242075248266307108, 0.2556786355646874509, -0.004527559055118113643 ) ) ;
#2867 = DIMENSIONAL_EXPONENTS ( 1.000000000000000000, 0.000000000000000000, 0.000000000000000000, 0.000000000000000000, 0.000000000000000000, 0.000000000000000000, 0.000000000000000000 ) ;
#2868 = CARTESIAN_POINT ( 'NONE',  ( 0.01496062992125986486, 0.01358267716535432532, 0.07982518197702757889 ) ) ;
#2869 =( GEOMETRIC_REPRESENTATION_CONTEXT ( 3 ) GLOBAL_UNCERTAINTY_ASSIGNED_CONTEXT ( ( #4439 ) ) GLOBAL_UNIT_ASSIGNED_CONTEXT ( ( #4624, #5300, #8805 ) ) REPRESENTATION_CONTEXT ( 'NONE', 'WORKASPACE' ) );
#2870 = LINE ( 'NONE', #8080, #6845 ) ;
#2871 = FACE_OUTER_BOUND ( 'NONE', #4124, .T. ) ;
#2872 = UNCERTAINTY_MEASURE_WITH_UNIT (LENGTH_MEASURE( 1.000000000000000082E-05 ), #7110, 'distance_accuracy_value', 'NONE');
#2873 = ORIENTED_EDGE ( 'NONE', *, *, #92, .T. ) ;
#2874 = SHAPE_REPRESENTATION_RELATIONSHIP ( 'NONE' , 'NONE' ,  #8026, #4168 ) ;
#2875 = ORIENTED_EDGE ( 'NONE', *, *, #2949, .F. ) ;
#2876 = CARTESIAN_POINT ( 'NONE',  ( 0.07795275590551181688, 0.009842519685039369942, 0.01003937007874015040 ) ) ;
#2877 = AXIS2_PLACEMENT_3D ( 'NONE', #5694, #1890, #3885 ) ;
#2878 = ORIENTED_EDGE ( 'NONE', *, *, #1668, .F. ) ;
#2879 =( LENGTH_UNIT ( ) NAMED_UNIT ( * ) SI_UNIT ( $, .METRE. ) );
#2880 = CARTESIAN_POINT ( 'NONE',  ( 0.01692913385826774753, 0.01358267716535432532, 0.07982518197702757889 ) ) ;
#2881 = SURFACE_STYLE_USAGE ( .BOTH. , #2210 ) ;
#2882 = CARTESIAN_POINT ( 'NONE',  ( -0.03307086614173226219, 0.007004783218323627943, 0.1049545283030582504 ) ) ;
#2883 = MECHANICAL_DESIGN_GEOMETRIC_PRESENTATION_REPRESENTATION (  '', ( #4179 ), #8139 ) ;
#2884 = DIRECTION ( 'NONE',  ( -1.000000000000000000, -0.000000000000000000, -0.000000000000000000 ) ) ;
#2885 = CARTESIAN_POINT ( 'NONE',  ( 0.08287401574803150706, 0.009842519685039369942, 0.01003937007874015040 ) ) ;
#2886 = EDGE_CURVE ( 'NONE', #1035, #1697, #1131, .T. ) ;
#2887 = DIRECTION ( 'NONE',  ( 0.000000000000000000, -9.757819552369549372E-15, 1.000000000000000000 ) ) ;
#2888 = ORIENTED_EDGE ( 'NONE', *, *, #8617, .T. ) ;
#2889 = CIRCLE ( 'NONE', #2308, 0.003937007874015758385 ) ;
#2890 = DIMENSIONAL_EXPONENTS ( 1.000000000000000000, 0.000000000000000000, 0.000000000000000000, 0.000000000000000000, 0.000000000000000000, 0.000000000000000000, 0.000000000000000000 ) ;
#2891 = CARTESIAN_POINT ( 'NONE',  ( -0.03307086614173226219, 0.02266295170762570171, 0.09018973667019880569 ) ) ;
#2892 = FACE_OUTER_BOUND ( 'NONE', #7280, .T. ) ;
#2893 = COLOUR_RGB ( '',0.7921568627450980005, 0.8196078431372548767, 0.9333333333333333481 ) ;
#2894 = COLOUR_RGB ( '',0.7921568627450980005, 0.8196078431372548767, 0.9333333333333333481 ) ;
#2895 = CARTESIAN_POINT ( 'NONE',  ( -0.07795275590551181688, 0.009842519685039369942, -0.01003937007874015908 ) ) ;
#2896 = COLOUR_RGB ( '',0.2509803921568627416, 0.2509803921568627416, 0.2509803921568627416 ) ;
#2897 = STYLED_ITEM ( 'NONE', ( #4149 ), #575 ) ;
#2898 = PLANE ( 'NONE',  #4067 ) ;
#2899 = PRESENTATION_STYLE_ASSIGNMENT (( #2854 ) ) ;
#2900 = STYLED_ITEM ( 'NONE', ( #8955 ), #6733 ) ;
#2901 = CIRCLE ( 'NONE', #1753, 0.01377952755905510404 ) ;
#2902 = EDGE_LOOP ( 'NONE', ( #6870, #5873, #6492, #2512 ) ) ;
#2903 = PRESENTATION_LAYER_ASSIGNMENT (  '', '', ( #300 ) ) ;
#2904 = DIRECTION ( 'NONE',  ( 0.000000000000000000, -0.9396926207859079838, -0.3420201433256699342 ) ) ;
#2905 = FACE_OUTER_BOUND ( 'NONE', #2421, .T. ) ;
#2906 = FILL_AREA_STYLE ('',( #7062 ) ) ;
#2907 =( GEOMETRIC_REPRESENTATION_CONTEXT ( 3 ) GLOBAL_UNCERTAINTY_ASSIGNED_CONTEXT ( ( #4348 ) ) GLOBAL_UNIT_ASSIGNED_CONTEXT ( ( #8531, #7163, #2281 ) ) REPRESENTATION_CONTEXT ( 'NONE', 'WORKASPACE' ) );
#2908 = EDGE_CURVE ( 'NONE', #6779, #2560, #307, .T. ) ;
#2909 = LINE ( 'NONE', #2951, #7644 ) ;
#2910 = SURFACE_STYLE_USAGE ( .BOTH. , #7064 ) ;
#2911 = STYLED_ITEM ( 'NONE', ( #7739 ), #6803 ) ;
#2913 = AXIS2_PLACEMENT_3D ( 'NONE', #8986, #2167, #4967 ) ;
#2912 = CARTESIAN_POINT ( 'NONE',  ( -0.09242075248266307108, 0.2556786355646874509, 0.004527559055118103234 ) ) ;
#2914 = STYLED_ITEM ( 'NONE', ( #7552 ), #1853 ) ;
#2915 = DIRECTION ( 'NONE',  ( -0.000000000000000000, -1.000000000000000000, 0.000000000000000000 ) ) ;
#2916 = DIRECTION ( 'NONE',  ( -1.000000000000000000, 0.000000000000000000, -0.000000000000000000 ) ) ;
#2917 = ORIENTED_EDGE ( 'NONE', *, *, #2145, .F. ) ;
#2918 = EDGE_CURVE ( 'NONE', #2526, #5135, #475, .T. ) ;
#2919 = LENGTH_MEASURE_WITH_UNIT ( LENGTH_MEASURE( 0.02539999999999999897 ), #2998 );
#2920 = PRESENTATION_STYLE_ASSIGNMENT (( #6400 ) ) ;
#2921 = STYLED_ITEM ( 'NONE', ( #4788 ), #941 ) ;
#2922 = PRESENTATION_STYLE_ASSIGNMENT (( #854 ) ) ;
#2923 =( NAMED_UNIT ( * ) PLANE_ANGLE_UNIT ( ) SI_UNIT ( $, .RADIAN. ) );
#2924 =( NAMED_UNIT ( * ) PLANE_ANGLE_UNIT ( ) SI_UNIT ( $, .RADIAN. ) );
#2925 = SURFACE_STYLE_FILL_AREA ( #1691 ) ;
#2926 = LINE ( 'NONE', #859, #2303 ) ;
#2927 = ORIENTED_EDGE ( 'NONE', *, *, #765, .F. ) ;
#2928 = FILL_AREA_STYLE ('',( #4231 ) ) ;
#2929 = EDGE_LOOP ( 'NONE', ( #7949, #3470, #1075, #8480 ) ) ;
#2930 = ORIENTED_EDGE ( 'NONE', *, *, #4573, .F. ) ;
#2931 = FILL_AREA_STYLE ('',( #4139 ) ) ;
#2932 = DIMENSIONAL_EXPONENTS ( 1.000000000000000000, 0.000000000000000000, 0.000000000000000000, 0.000000000000000000, 0.000000000000000000, 0.000000000000000000, 0.000000000000000000 ) ;
#2933 = CARTESIAN_POINT ( 'NONE',  ( -0.08307086614173225803, 0.01728225441254295155, 0.08117171797437273961 ) ) ;
#2934 = PLANE ( 'NONE',  #7562 ) ;
#2935 =( NAMED_UNIT ( * ) PLANE_ANGLE_UNIT ( ) SI_UNIT ( $, .RADIAN. ) );
#2936 = VERTEX_POINT ( 'NONE', #5158 ) ;
#2937 = EDGE_CURVE ( 'NONE', #919, #6966, #1867, .T. ) ;
#2938 = PRODUCT_DEFINITION_SHAPE ( 'NONE', 'NONE',  #3746 ) ;
#2939 = EDGE_CURVE ( 'NONE', #4899, #5333, #7, .T. ) ;
#2940 = LENGTH_MEASURE_WITH_UNIT ( LENGTH_MEASURE( 0.02539999999999999897 ), #2253 );
#2941 = DIRECTION ( 'NONE',  ( 0.000000000000000000, -1.000000000000000000, -0.000000000000000000 ) ) ;
#2942 =( NAMED_UNIT ( * ) SI_UNIT ( $, .STERADIAN. ) SOLID_ANGLE_UNIT ( ) );
#2943 =( NAMED_UNIT ( * ) PLANE_ANGLE_UNIT ( ) SI_UNIT ( $, .RADIAN. ) );
#2944 = FILL_AREA_STYLE ('',( #926 ) ) ;
#2945 = SURFACE_STYLE_USAGE ( .BOTH. , #7684 ) ;
#2946 = CARTESIAN_POINT ( 'NONE',  ( 0.1009842519685039408, 0.2556786355646874509, 0.001377952755905507455 ) ) ;
#2947 = VERTEX_POINT ( 'NONE', #1924 ) ;
#2948 = VERTEX_POINT ( 'NONE', #4694 ) ;
#2949 = EDGE_CURVE ( 'NONE', #5817, #4113, #6137, .T. ) ;
#2950 =( CONVERSION_BASED_UNIT ( 'INCH', #3585 ) LENGTH_UNIT ( ) NAMED_UNIT ( #8783 ) );
#2951 = CARTESIAN_POINT ( 'NONE',  ( 0.07480314960629921850, 0.009842519685039369942, -0.09092820213934121876 ) ) ;
#2952 = PLANE ( 'NONE',  #6547 ) ;
#2953 = FILL_AREA_STYLE_COLOUR ( '', #8406 ) ;
#2954 = DIMENSIONAL_EXPONENTS ( 1.000000000000000000, 0.000000000000000000, 0.000000000000000000, 0.000000000000000000, 0.000000000000000000, 0.000000000000000000, 0.000000000000000000 ) ;
#2955 = ORIENTED_EDGE ( 'NONE', *, *, #5510, .T. ) ;
#2956 = MECHANICAL_DESIGN_GEOMETRIC_PRESENTATION_REPRESENTATION (  '', ( #7180 ), #3266 ) ;
#2957 = FILL_AREA_STYLE_COLOUR ( '', #7450 ) ;
#2958 = EDGE_CURVE ( 'NONE', #879, #4615, #5587, .T. ) ;
#2959 = PRESENTATION_STYLE_ASSIGNMENT (( #5957 ) ) ;
#2960 = DIRECTION ( 'NONE',  ( 0.000000000000000000, 0.000000000000000000, -1.000000000000000000 ) ) ;
#2961 = CARTESIAN_POINT ( 'NONE',  ( -0.07480314960629921850, 0.000000000000000000, -0.1049212598425196818 ) ) ;
#2962 = STYLED_ITEM ( 'NONE', ( #5322 ), #4441 ) ;
#2963 = FILL_AREA_STYLE_COLOUR ( '', #3419 ) ;
#2964 = STYLED_ITEM ( 'NONE', ( #4089 ), #5389 ) ;
#2965 = FACE_OUTER_BOUND ( 'NONE', #8880, .T. ) ;
#2966 = LINE ( 'NONE', #2202, #8305 ) ;
#2967 = VERTEX_POINT ( 'NONE', #6889 ) ;
#2968 = VERTEX_POINT ( 'NONE', #8950 ) ;
#2969 =( GEOMETRIC_REPRESENTATION_CONTEXT ( 3 ) GLOBAL_UNCERTAINTY_ASSIGNED_CONTEXT ( ( #8366 ) ) GLOBAL_UNIT_ASSIGNED_CONTEXT ( ( #1328, #1359, #5623 ) ) REPRESENTATION_CONTEXT ( 'NONE', 'WORKASPACE' ) );
#2970 = ORIENTED_EDGE ( 'NONE', *, *, #2682, .T. ) ;
#2971 =( LENGTH_UNIT ( ) NAMED_UNIT ( * ) SI_UNIT ( $, .METRE. ) );
#2972 = PRESENTATION_STYLE_ASSIGNMENT (( #872 ) ) ;
#2973 = DIMENSIONAL_EXPONENTS ( 1.000000000000000000, 0.000000000000000000, 0.000000000000000000, 0.000000000000000000, 0.000000000000000000, 0.000000000000000000, 0.000000000000000000 ) ;
#2974 = CARTESIAN_POINT ( 'NONE',  ( 0.06692913385826773642, -0.005000000000000000104, 0.1202051600123263675 ) ) ;
#2975 = CARTESIAN_POINT ( 'NONE',  ( -0.06496062992125982427, 0.02653119753051446511, 0.08453805796773562753 ) ) ;
#2976 = SURFACE_SIDE_STYLE ('',( #3612 ) ) ;
#2977 =( LENGTH_UNIT ( ) NAMED_UNIT ( * ) SI_UNIT ( $, .METRE. ) );
#2978 = ORIENTED_EDGE ( 'NONE', *, *, #4243, .F. ) ;
#2979 = CARTESIAN_POINT ( 'NONE',  ( -0.03503937007874014659, 0.01822099969626657379, 0.09408128290260084348 ) ) ;
#2980 = CARTESIAN_POINT ( 'NONE',  ( 0.07795275590551181688, 0.009842519685039369942, 0.01909448818897638636 ) ) ;
#2981 = SURFACE_SIDE_STYLE ('',( #8013 ) ) ;
#2982 = DIRECTION ( 'NONE',  ( 0.000000000000000000, 1.000000000000000000, -3.133916943292842690E-15 ) ) ;
#2983 = MANIFOLD_SOLID_BREP ( 'Imported6', #2323 ) ;
#2984 = FILL_AREA_STYLE_COLOUR ( '', #1605 ) ;
#2985 = CARTESIAN_POINT ( 'NONE',  ( -0.03503937007874013965, 0.01728225441254295155, 0.08117171797437273961 ) ) ;
#2986 = VERTEX_POINT ( 'NONE', #6259 ) ;
#2987 = ORIENTED_EDGE ( 'NONE', *, *, #1812, .F. ) ;
#2988 = DIRECTION ( 'NONE',  ( 0.8660254037844379305, -0.000000000000000000, 0.5000000000000012212 ) ) ;
#2990 = PLANE ( 'NONE',  #8908 ) ;
#2989 = AXIS2_PLACEMENT_3D ( 'NONE', #968, #2982, #5786 ) ;
#2991 = CARTESIAN_POINT ( 'NONE',  ( -0.07795275590551183076, 0.009842519685039369942, -0.001377952755905514828 ) ) ;
#2992 = UNCERTAINTY_MEASURE_WITH_UNIT (LENGTH_MEASURE( 1.000000000000000082E-05 ), #2775, 'distance_accuracy_value', 'NONE');
#2993 = SURFACE_STYLE_USAGE ( .BOTH. , #6568 ) ;
#2994 =( CONVERSION_BASED_UNIT ( 'INCH', #1070 ) LENGTH_UNIT ( ) NAMED_UNIT ( #7789 ) );
#2995 = DIRECTION ( 'NONE',  ( 0.000000000000000000, 0.000000000000000000, 1.000000000000000000 ) ) ;
#2996 = ORIENTED_EDGE ( 'NONE', *, *, #4373, .T. ) ;
#2997 = EDGE_CURVE ( 'NONE', #5643, #6835, #6218, .T. ) ;
#2998 =( LENGTH_UNIT ( ) NAMED_UNIT ( * ) SI_UNIT ( $, .METRE. ) );
#2999 = VECTOR ( 'NONE', #7600, 39.37007874015748143 ) ;
#3000 = STYLED_ITEM ( 'NONE', ( #8049 ), #7094 ) ;
#3001 =( GEOMETRIC_REPRESENTATION_CONTEXT ( 3 ) GLOBAL_UNCERTAINTY_ASSIGNED_CONTEXT ( ( #2494 ) ) GLOBAL_UNIT_ASSIGNED_CONTEXT ( ( #2994, #8487, #5983 ) ) REPRESENTATION_CONTEXT ( 'NONE', 'WORKASPACE' ) );
#3002 =( LENGTH_UNIT ( ) NAMED_UNIT ( * ) SI_UNIT ( $, .METRE. ) );
#3003 = PRODUCT_CONTEXT ( 'NONE', #5007, 'mechanical' ) ;
#3004 = DIRECTION ( 'NONE',  ( 0.000000000000000000, -0.000000000000000000, 1.000000000000000000 ) ) ;
#3005 = SURFACE_STYLE_USAGE ( .BOTH. , #4457 ) ;
#3006 = PLANE ( 'NONE',  #4185 ) ;
#3007 = VECTOR ( 'NONE', #104, 39.37007874015748143 ) ;
#3008 = EDGE_CURVE ( 'NONE', #1244, #6992, #1394, .T. ) ;
#3009 = LINE ( 'NONE', #2408, #3305 ) ;
#3010 = PLANE ( 'NONE',  #2037 ) ;
#3011 = VERTEX_POINT ( 'NONE', #2769 ) ;
#3012 = VERTEX_POINT ( 'NONE', #8991 ) ;
#3013 = SURFACE_STYLE_USAGE ( .BOTH. , #7755 ) ;
#3014 = DIMENSIONAL_EXPONENTS ( 1.000000000000000000, 0.000000000000000000, 0.000000000000000000, 0.000000000000000000, 0.000000000000000000, 0.000000000000000000, 0.000000000000000000 ) ;
#3015 = ORIENTED_EDGE ( 'NONE', *, *, #5218, .T. ) ;
#3016 = SURFACE_STYLE_USAGE ( .BOTH. , #7170 ) ;
#3017 = DIRECTION ( 'NONE',  ( 1.000000000000000000, 0.000000000000000000, 0.000000000000000000 ) ) ;
#3018 =( LENGTH_UNIT ( ) NAMED_UNIT ( * ) SI_UNIT ( $, .METRE. ) );
#3019 = ADVANCED_FACE ( 'NONE', ( #3284 ), #6967, .T. ) ;
#3020 = VERTEX_POINT ( 'NONE', #7056 ) ;
#3021 = SURFACE_STYLE_FILL_AREA ( #916 ) ;
#3022 = VERTEX_POINT ( 'NONE', #1486 ) ;
#3023 = ADVANCED_FACE ( 'NONE', ( #2851 ), #2898, .F. ) ;
#3024 = ORIENTED_EDGE ( 'NONE', *, *, #3948, .T. ) ;
#3025 = SURFACE_SIDE_STYLE ('',( #5336 ) ) ;
#3026 =( GEOMETRIC_REPRESENTATION_CONTEXT ( 3 ) GLOBAL_UNCERTAINTY_ASSIGNED_CONTEXT ( ( #6413 ) ) GLOBAL_UNIT_ASSIGNED_CONTEXT ( ( #7905, #178, #5654 ) ) REPRESENTATION_CONTEXT ( 'NONE', 'WORKASPACE' ) );
#3027 = DIRECTION ( 'NONE',  ( 0.000000000000000000, -0.6589684953534060696, -0.7521705405901429886 ) ) ;
#3028 = DIRECTION ( 'NONE',  ( 0.000000000000000000, -9.757819552369549372E-15, 1.000000000000000000 ) ) ;
#3029 = EDGE_CURVE ( 'NONE', #939, #4899, #4250, .T. ) ;
#3030 = DIMENSIONAL_EXPONENTS ( 1.000000000000000000, 0.000000000000000000, 0.000000000000000000, 0.000000000000000000, 0.000000000000000000, 0.000000000000000000, 0.000000000000000000 ) ;
#3031 =( CONVERSION_BASED_UNIT ( 'INCH', #3751 ) LENGTH_UNIT ( ) NAMED_UNIT ( #6382 ) );
#3032 = FACE_OUTER_BOUND ( 'NONE', #7451, .T. ) ;
#3033 = VERTEX_POINT ( 'NONE', #5096 ) ;
#3034 = VECTOR ( 'NONE', #339, 39.37007874015748143 ) ;
#3035 = DIMENSIONAL_EXPONENTS ( 1.000000000000000000, 0.000000000000000000, 0.000000000000000000, 0.000000000000000000, 0.000000000000000000, 0.000000000000000000, 0.000000000000000000 ) ;
#3036 = ORIENTED_EDGE ( 'NONE', *, *, #2468, .T. ) ;
#3037 = STYLED_ITEM ( 'NONE', ( #290 ), #6326 ) ;
#3038 = MECHANICAL_DESIGN_GEOMETRIC_PRESENTATION_REPRESENTATION (  '', ( #6130 ), #7419 ) ;
#3039 =( GEOMETRIC_REPRESENTATION_CONTEXT ( 3 ) GLOBAL_UNCERTAINTY_ASSIGNED_CONTEXT ( ( #7335 ) ) GLOBAL_UNIT_ASSIGNED_CONTEXT ( ( #6537, #7811, #958 ) ) REPRESENTATION_CONTEXT ( 'NONE', 'WORKASPACE' ) );
#3040 = DIRECTION ( 'NONE',  ( -1.000000000000000000, 0.000000000000000000, 0.000000000000000000 ) ) ;
#3041 = LINE ( 'NONE', #3763, #2555 ) ;
#3042 = SURFACE_STYLE_FILL_AREA ( #278 ) ;
#3043 = DIRECTION ( 'NONE',  ( -0.000000000000000000, -1.000000000000000000, 0.000000000000000000 ) ) ;
#3044 = ORIENTED_EDGE ( 'NONE', *, *, #5797, .F. ) ;
#3045 = COLOUR_RGB ( '',0.7921568627450980005, 0.8196078431372548767, 0.9333333333333333481 ) ;
#3046 = VECTOR ( 'NONE', #1755, 39.37007874015748143 ) ;
#3047 = VECTOR ( 'NONE', #5318, 39.37007874015748854 ) ;
#3048 = MECHANICAL_DESIGN_GEOMETRIC_PRESENTATION_REPRESENTATION (  '', ( #7995 ), #3351 ) ;
#3049 = VECTOR ( 'NONE', #3906, 39.37007874015748854 ) ;
#3050 = SURFACE_STYLE_USAGE ( .BOTH. , #6720 ) ;
#3051 = COLOUR_RGB ( '',0.7921568627450980005, 0.8196078431372548767, 0.9333333333333333481 ) ;
#3052 = PLANE ( 'NONE',  #3618 ) ;
#3053 = EDGE_CURVE ( 'NONE', #2697, #7984, #7099, .T. ) ;
#3054 = MECHANICAL_DESIGN_GEOMETRIC_PRESENTATION_REPRESENTATION (  '', ( #8316 ), #5565 ) ;
#3055 =( NAMED_UNIT ( * ) PLANE_ANGLE_UNIT ( ) SI_UNIT ( $, .RADIAN. ) );
#3056 = DIRECTION ( 'NONE',  ( -0.000000000000000000, -0.000000000000000000, 1.000000000000000000 ) ) ;
#3057 = AXIS2_PLACEMENT_3D ( 'NONE', #65, #655, #6357 ) ;
#3058 = COLOUR_RGB ( '',0.7921568627450980005, 0.8196078431372548767, 0.9333333333333333481 ) ;
#3059 = ORIENTED_EDGE ( 'NONE', *, *, #6182, .F. ) ;
#3060 = ORIENTED_EDGE ( 'NONE', *, *, #4173, .T. ) ;
#3061 = FILL_AREA_STYLE_COLOUR ( '', #7596 ) ;
#3062 = CIRCLE ( 'NONE', #1024, 0.005905511811023620231 ) ;
#3063 = ORIENTED_EDGE ( 'NONE', *, *, #3783, .T. ) ;
#3064 = FILL_AREA_STYLE ('',( #7987 ) ) ;
#3065 = DIRECTION ( 'NONE',  ( 1.000000000000000000, 0.000000000000000000, -0.000000000000000000 ) ) ;
#3066 = PRESENTATION_LAYER_ASSIGNMENT (  '', '', ( #1470 ) ) ;
#3067 = CARTESIAN_POINT ( 'NONE',  ( -0.01692913385826769201, 0.004805065926099859851, 0.1210629921259844255 ) ) ;
#3068 = VECTOR ( 'NONE', #8831, 39.37007874015748143 ) ;
#3069 = FILL_AREA_STYLE ('',( #5879 ) ) ;
#3070 = ORIENTED_EDGE ( 'NONE', *, *, #7800, .F. ) ;
#3071 = LENGTH_MEASURE_WITH_UNIT ( LENGTH_MEASURE( 0.02539999999999999897 ), #2379 );
#3072 = VERTEX_POINT ( 'NONE', #6435 ) ;
#3073 = ORIENTED_EDGE ( 'NONE', *, *, #7768, .T. ) ;
#3074 = EDGE_CURVE ( 'NONE', #5399, #6286, #5707, .T. ) ;
#3075 = LINE ( 'NONE', #3805, #3541 ) ;
#3076 = DIRECTION ( 'NONE',  ( -0.8660254037844379305, -0.000000000000000000, 0.5000000000000012212 ) ) ;
#3077 = EDGE_CURVE ( 'NONE', #3733, #1218, #884, .T. ) ;
#3078 = SURFACE_STYLE_FILL_AREA ( #1718 ) ;
#3079 = CARTESIAN_POINT ( 'NONE',  ( -0.03307086614173226219, 0.007004783218323627943, 0.1049545283030582504 ) ) ;
#3080 = CARTESIAN_POINT ( 'NONE',  ( 0.07795275590551181688, 0.009842519685039376881, -0.09092820213934121876 ) ) ;
#3081 = CARTESIAN_POINT ( 'NONE',  ( 0.05413385826771653642, 0.009842519685039369942, -0.001377952755905514828 ) ) ;
#3082 = CYLINDRICAL_SURFACE ( 'NONE', #3679, 0.01377952755905510404 ) ;
#3083 = ORIENTED_EDGE ( 'NONE', *, *, #4623, .T. ) ;
#3084 = UNCERTAINTY_MEASURE_WITH_UNIT (LENGTH_MEASURE( 1.000000000000000082E-05 ), #102, 'distance_accuracy_value', 'NONE');
#3085 = VERTEX_POINT ( 'NONE', #7871 ) ;
#3086 =( LENGTH_UNIT ( ) NAMED_UNIT ( * ) SI_UNIT ( $, .METRE. ) );
#3087 = CARTESIAN_POINT ( 'NONE',  ( -0.01496062992125982496, 0.02266295170762570171, 0.09018973667019880569 ) ) ;
#3088 = SURFACE_STYLE_USAGE ( .BOTH. , #3587 ) ;
#3089 = LINE ( 'NONE', #2912, #416 ) ;
#3090 = LINE ( 'NONE', #3136, #4347 ) ;
#3091 = ORIENTED_EDGE ( 'NONE', *, *, #3710, .F. ) ;
#3092 = LINE ( 'NONE', #7793, #8737 ) ;
#3093 = DIRECTION ( 'NONE',  ( 0.8660254037844377084, 0.000000000000000000, 0.5000000000000012212 ) ) ;
#3094 = DIMENSIONAL_EXPONENTS ( 1.000000000000000000, 0.000000000000000000, 0.000000000000000000, 0.000000000000000000, 0.000000000000000000, 0.000000000000000000, 0.000000000000000000 ) ;
#3095 =( NAMED_UNIT ( * ) PLANE_ANGLE_UNIT ( ) SI_UNIT ( $, .RADIAN. ) );
#3096 = SURFACE_STYLE_USAGE ( .BOTH. , #341 ) ;
#3097 = FILL_AREA_STYLE_COLOUR ( '', #2893 ) ;
#3098 = DIMENSIONAL_EXPONENTS ( 1.000000000000000000, 0.000000000000000000, 0.000000000000000000, 0.000000000000000000, 0.000000000000000000, 0.000000000000000000, 0.000000000000000000 ) ;
#3099 = CARTESIAN_POINT ( 'NONE',  ( 0.08287401574803150706, 0.2556786355646874509, -0.01003937007874015908 ) ) ;
#3101 = DIRECTION ( 'NONE',  ( -0.000000000000000000, -0.6589684953534065137, -0.7521705405901426555 ) ) ;
#3100 = VECTOR ( 'NONE', #5062, 39.37007874015748854 ) ;
#3102 = ORIENTED_EDGE ( 'NONE', *, *, #3880, .T. ) ;
#3103 = ORIENTED_EDGE ( 'NONE', *, *, #7627, .F. ) ;
#3104 = SURFACE_STYLE_USAGE ( .BOTH. , #7805 ) ;
#3105 = DIRECTION ( 'NONE',  ( 1.000000000000000000, 0.000000000000000000, 0.000000000000000000 ) ) ;
#3106 = SURFACE_STYLE_USAGE ( .BOTH. , #3799 ) ;
#3107 =( NAMED_UNIT ( * ) SI_UNIT ( $, .STERADIAN. ) SOLID_ANGLE_UNIT ( ) );
#3108 = DIRECTION ( 'NONE',  ( 0.000000000000000000, 0.000000000000000000, 1.000000000000000000 ) ) ;
#3109 = ORIENTED_EDGE ( 'NONE', *, *, #1548, .F. ) ;
#3110 = CARTESIAN_POINT ( 'NONE',  ( -0.03307086614173226219, -0.005000000000000000104, 0.1202051600123263675 ) ) ;
#3111 = COLOUR_RGB ( '',0.2509803921568627416, 0.2509803921568627416, 0.2509803921568627416 ) ;
#3112 = VERTEX_POINT ( 'NONE', #5744 ) ;
#3113 = VECTOR ( 'NONE', #7989, 39.37007874015748143 ) ;
#3114 = EDGE_CURVE ( 'NONE', #2627, #2193, #2259, .T. ) ;
#3115 = VERTEX_POINT ( 'NONE', #3504 ) ;
#3116 = COLOUR_RGB ( '',0.7921568627450980005, 0.8196078431372548767, 0.9333333333333333481 ) ;
#3117 = VECTOR ( 'NONE', #3669, 39.37007874015748143 ) ;
#3118 = DIRECTION ( 'NONE',  ( 0.000000000000000000, 0.000000000000000000, 1.000000000000000000 ) ) ;
#3119 = CARTESIAN_POINT ( 'NONE',  ( 0.03307086614173231770, 0.01751968503937008370, 0.07846314444784678599 ) ) ;
#3120 = LINE ( 'NONE', #8061, #6095 ) ;
#3121 = EDGE_CURVE ( 'NONE', #5821, #5619, #6304, .T. ) ;
#3122 = FILL_AREA_STYLE_COLOUR ( '', #127 ) ;
#3123 =( LENGTH_UNIT ( ) NAMED_UNIT ( * ) SI_UNIT ( $, .METRE. ) );
#3124 = VECTOR ( 'NONE', #1622, 39.37007874015748143 ) ;
#3125 = DIRECTION ( 'NONE',  ( 0.000000000000000000, 0.000000000000000000, 1.000000000000000000 ) ) ;
#3126 = SURFACE_STYLE_USAGE ( .BOTH. , #8658 ) ;
#3127 = EDGE_LOOP ( 'NONE', ( #794, #6356, #5302, #4137, #4855, #5358, #2287 ) ) ;
#3128 = UNCERTAINTY_MEASURE_WITH_UNIT (LENGTH_MEASURE( 1.000000000000000082E-05 ), #8263, 'distance_accuracy_value', 'NONE');
#3129 = LENGTH_MEASURE_WITH_UNIT ( LENGTH_MEASURE( 0.02539999999999999897 ), #2495 );
#3130 = LINE ( 'NONE', #8562, #1903 ) ;
#3131 = DIRECTION ( 'NONE',  ( 1.000000000000000000, 0.000000000000000000, -0.000000000000000000 ) ) ;
#3132 = CARTESIAN_POINT ( 'NONE',  ( 0.07795275590551181688, 0.009842519685039369942, -0.001377952755905514828 ) ) ;
#3133 = MECHANICAL_DESIGN_GEOMETRIC_PRESENTATION_REPRESENTATION (  '', ( #5497 ), #8248 ) ;
#3134 =( NAMED_UNIT ( * ) PLANE_ANGLE_UNIT ( ) SI_UNIT ( $, .RADIAN. ) );
#3135 = ORIENTED_EDGE ( 'NONE', *, *, #2069, .T. ) ;
#3136 = CARTESIAN_POINT ( 'NONE',  ( 0.07795275590551181688, 0.2556786355646874509, 0.01909448818897638636 ) ) ;
#3137 = EDGE_LOOP ( 'NONE', ( #7168, #449, #2573, #6341 ) ) ;
#3138 = SURFACE_SIDE_STYLE ('',( #5457 ) ) ;
#3139 =( LENGTH_UNIT ( ) NAMED_UNIT ( * ) SI_UNIT ( $, .METRE. ) );
#3140 = EDGE_CURVE ( 'NONE', #5484, #1244, #2807, .T. ) ;
#3141 = CIRCLE ( 'NONE', #4601, 0.01062992125984252995 ) ;
#3142 = PLANE ( 'NONE',  #1525 ) ;
#3143 = ITEM_DEFINED_TRANSFORMATION ( 'NONE', 'NONE', #834,  #579 ) ;
#3144 = CARTESIAN_POINT ( 'NONE',  ( -0.09783464566929132855, 0.009842519685039378616, -0.001377952755905514828 ) ) ;
#3145 = FILL_AREA_STYLE ('',( #3097 ) ) ;
#3146 = SURFACE_STYLE_USAGE ( .BOTH. , #6047 ) ;
#3147 = EDGE_CURVE ( 'NONE', #4899, #1709, #4920, .T. ) ;
#3148 = CARTESIAN_POINT ( 'NONE',  ( 0.01496062992125986486, 0.02266295170762570171, 0.09018973667019880569 ) ) ;
#3149 =( NAMED_UNIT ( * ) SI_UNIT ( $, .STERADIAN. ) SOLID_ANGLE_UNIT ( ) );
#3150 = VECTOR ( 'NONE', #4909, 39.37007874015748143 ) ;
#3151 = ORIENTED_EDGE ( 'NONE', *, *, #5043, .F. ) ;
#3152 = MECHANICAL_DESIGN_GEOMETRIC_PRESENTATION_REPRESENTATION (  '', ( #8521 ), #4587 ) ;
#3153 = VERTEX_POINT ( 'NONE', #7914 ) ;
#3154 = COLOUR_RGB ( '',0.7921568627450980005, 0.8196078431372548767, 0.9333333333333333481 ) ;
#3155 = LINE ( 'NONE', #3343, #4977 ) ;
#3156 = PRESENTATION_STYLE_ASSIGNMENT (( #3016 ) ) ;
#3157 = DIRECTION ( 'NONE',  ( 1.000000000000000000, 0.000000000000000000, 0.000000000000000000 ) ) ;
#3158 = DIMENSIONAL_EXPONENTS ( 1.000000000000000000, 0.000000000000000000, 0.000000000000000000, 0.000000000000000000, 0.000000000000000000, 0.000000000000000000, 0.000000000000000000 ) ;
#3159 = CARTESIAN_POINT ( 'NONE',  ( 0.06692913385826773642, 0.01751968503937007676, 0.07982518197702757889 ) ) ;
#3160 = SURFACE_SIDE_STYLE ('',( #6059 ) ) ;
#3161 = LINE ( 'NONE', #3350, #1440 ) ;
#3162 = SURFACE_SIDE_STYLE ('',( #1015 ) ) ;
#3163 = VERTEX_POINT ( 'NONE', #5245 ) ;
#3164 = DIMENSIONAL_EXPONENTS ( 1.000000000000000000, 0.000000000000000000, 0.000000000000000000, 0.000000000000000000, 0.000000000000000000, 0.000000000000000000, 0.000000000000000000 ) ;
#3165 = ORIENTED_EDGE ( 'NONE', *, *, #2433, .T. ) ;
#3166 = VECTOR ( 'NONE', #2440, 39.37007874015748143 ) ;
#3167 = ORIENTED_EDGE ( 'NONE', *, *, #6182, .T. ) ;
#3168 = FILL_AREA_STYLE ('',( #2527 ) ) ;
#3169 = ADVANCED_FACE ( 'NONE', ( #5891 ), #4538, .T. ) ;
#3170 = LINE ( 'NONE', #5979, #4275 ) ;
#3171 = LINE ( 'NONE', #2979, #839 ) ;
#3172 = PRESENTATION_LAYER_ASSIGNMENT (  '', '', ( #8418 ) ) ;
#3173 = SURFACE_STYLE_FILL_AREA ( #2529 ) ;
#3174 = ADVANCED_FACE ( 'NONE', ( #8806 ), #6509, .T. ) ;
#3175 = LINE ( 'NONE', #8144, #169 ) ;
#3176 = PLANE ( 'NONE',  #5656 ) ;
#3177 = PRESENTATION_STYLE_ASSIGNMENT (( #7376 ) ) ;
#3178 = LINE ( 'NONE', #8657, #6013 ) ;
#3179 = LINE ( 'NONE', #6747, #3209 ) ;
#3180 = LINE ( 'NONE', #3811, #1499 ) ;
#3181 = ORIENTED_EDGE ( 'NONE', *, *, #1309, .F. ) ;
#3182 = VECTOR ( 'NONE', #7175, 39.37007874015748143 ) ;
#3183 = UNCERTAINTY_MEASURE_WITH_UNIT (LENGTH_MEASURE( 1.000000000000000082E-05 ), #881, 'distance_accuracy_value', 'NONE');
#3184 = DIRECTION ( 'NONE',  ( 0.000000000000000000, -0.000000000000000000, 1.000000000000000000 ) ) ;
#3185 = FILL_AREA_STYLE_COLOUR ( '', #5938 ) ;
#3186 = DIRECTION ( 'NONE',  ( -0.000000000000000000, 0.9961946980917456562, 0.08715574274765768015 ) ) ;
#3187 = LINE ( 'NONE', #8163, #8270 ) ;
#3188 = VERTEX_POINT ( 'NONE', #3080 ) ;
#3189 = DIRECTION ( 'NONE',  ( -1.000000000000000000, -0.000000000000000000, -0.000000000000000000 ) ) ;
#3190 = ORIENTED_EDGE ( 'NONE', *, *, #1351, .T. ) ;
#3191 = DIRECTION ( 'NONE',  ( -0.000000000000000000, 0.000000000000000000, 1.000000000000000000 ) ) ;
#3192 =( NAMED_UNIT ( * ) SI_UNIT ( $, .STERADIAN. ) SOLID_ANGLE_UNIT ( ) );
#3193 = STYLED_ITEM ( 'NONE', ( #3496 ), #6028 ) ;
#3194 = DIMENSIONAL_EXPONENTS ( 1.000000000000000000, 0.000000000000000000, 0.000000000000000000, 0.000000000000000000, 0.000000000000000000, 0.000000000000000000, 0.000000000000000000 ) ;
#3195 = AXIS2_PLACEMENT_3D ( 'NONE', #6083, #2643, #1994 ) ;
#3196 = EDGE_CURVE ( 'NONE', #5850, #7353, #3178, .T. ) ;
#3197 =( NAMED_UNIT ( * ) PLANE_ANGLE_UNIT ( ) SI_UNIT ( $, .RADIAN. ) );
#3198 = FACE_OUTER_BOUND ( 'NONE', #3137, .T. ) ;
#3199 =( NAMED_UNIT ( * ) PLANE_ANGLE_UNIT ( ) SI_UNIT ( $, .RADIAN. ) );
#3200 = CIRCLE ( 'NONE', #7123, 0.003937007874015758385 ) ;
#3201 = LINE ( 'NONE', #8918, #8389 ) ;
#3202 = MECHANICAL_DESIGN_GEOMETRIC_PRESENTATION_REPRESENTATION (  '', ( #3037 ), #8439 ) ;
#3204 =( GEOMETRIC_REPRESENTATION_CONTEXT ( 3 ) GLOBAL_UNCERTAINTY_ASSIGNED_CONTEXT ( ( #6708 ) ) GLOBAL_UNIT_ASSIGNED_CONTEXT ( ( #8868, #1874, #7485 ) ) REPRESENTATION_CONTEXT ( 'NONE', 'WORKASPACE' ) );
#3203 = SURFACE_SIDE_STYLE ('',( #6148 ) ) ;
#3205 = MECHANICAL_DESIGN_GEOMETRIC_PRESENTATION_REPRESENTATION (  '', ( #300 ), #6552 ) ;
#3206 = ORIENTED_EDGE ( 'NONE', *, *, #8857, .T. ) ;
#3207 = ORIENTED_EDGE ( 'NONE', *, *, #5244, .F. ) ;
#3208 = CARTESIAN_POINT ( 'NONE',  ( 0.06692913385826775030, 0.01173508930892991006, 0.08667802955033566958 ) ) ;
#3209 = VECTOR ( 'NONE', #505, 39.37007874015748143 ) ;
#3210 = COLOUR_RGB ( '',0.7921568627450980005, 0.8196078431372548767, 0.9333333333333333481 ) ;
#3211 = COLOUR_RGB ( '',0.7921568627450980005, 0.8196078431372548767, 0.9333333333333333481 ) ;
#3212 =( NAMED_UNIT ( * ) PLANE_ANGLE_UNIT ( ) SI_UNIT ( $, .RADIAN. ) );
#3213 = SURFACE_STYLE_USAGE ( .BOTH. , #2564 ) ;
#3214 = CARTESIAN_POINT ( 'NONE',  ( 0.1009842519685039408, 0.2556786355646874509, -0.001377952755905492710 ) ) ;
#3215 = CARTESIAN_POINT ( 'NONE',  ( -0.09242075248266307108, 0.000000000000000000, -0.004527559055118112775 ) ) ;
#3216 = ADVANCED_FACE ( 'NONE', ( #8759 ), #1807, .F. ) ;
#3217 = DIRECTION ( 'NONE',  ( -1.000000000000000000, -0.000000000000000000, -0.000000000000000000 ) ) ;
#3218 = AXIS2_PLACEMENT_3D ( 'NONE', #7677, #1432, #4198 ) ;
#3219 = VECTOR ( 'NONE', #8672, 39.37007874015748143 ) ;
#3220 = PLANE ( 'NONE',  #5404 ) ;
#3221 = STYLED_ITEM ( 'NONE', ( #3761 ), #6933 ) ;
#3222 = CARTESIAN_POINT ( 'NONE',  ( 0.09645669291338582196, 0.000000000000000000, 0.07677619065068530535 ) ) ;
#3223 = ORIENTED_EDGE ( 'NONE', *, *, #6485, .T. ) ;
#3224 = SURFACE_STYLE_FILL_AREA ( #495 ) ;
#3225 = ORIENTED_EDGE ( 'NONE', *, *, #1721, .T. ) ;
#3226 = ORIENTED_EDGE ( 'NONE', *, *, #3147, .F. ) ;
#3227 = LENGTH_MEASURE_WITH_UNIT ( LENGTH_MEASURE( 0.02539999999999999897 ), #7370 );
#3228 = FILL_AREA_STYLE_COLOUR ( '', #3843 ) ;
#3229 = CARTESIAN_POINT ( 'NONE',  ( 0.06692913385826773642, 0.01728225441254295502, 0.08117171797437273961 ) ) ;
#3230 = PRESENTATION_STYLE_ASSIGNMENT (( #7327 ) ) ;
#3231 = LINE ( 'NONE', #8702, #1262 ) ;
#3232 = VECTOR ( 'NONE', #6769, 39.37007874015748854 ) ;
#3233 = LINE ( 'NONE', #2583, #956 ) ;
#3234 =( NAMED_UNIT ( * ) SI_UNIT ( $, .STERADIAN. ) SOLID_ANGLE_UNIT ( ) );
#3235 = EDGE_CURVE ( 'NONE', #701, #2368, #2678, .T. ) ;
#3236 = PRESENTATION_STYLE_ASSIGNMENT (( #4582 ) ) ;
#3237 = SURFACE_SIDE_STYLE ('',( #1175 ) ) ;
#3238 = ORIENTED_EDGE ( 'NONE', *, *, #6215, .T. ) ;
#3239 = DIMENSIONAL_EXPONENTS ( 1.000000000000000000, 0.000000000000000000, 0.000000000000000000, 0.000000000000000000, 0.000000000000000000, 0.000000000000000000, 0.000000000000000000 ) ;
#3240 = UNCERTAINTY_MEASURE_WITH_UNIT (LENGTH_MEASURE( 1.000000000000000082E-05 ), #7006, 'distance_accuracy_value', 'NONE');
#3241 = FACE_OUTER_BOUND ( 'NONE', #5684, .T. ) ;
#3242 = UNCERTAINTY_MEASURE_WITH_UNIT (LENGTH_MEASURE( 1.000000000000000082E-05 ), #7130, 'distance_accuracy_value', 'NONE');
#3243 = DIRECTION ( 'NONE',  ( 1.000000000000000000, 0.000000000000000000, 0.000000000000000000 ) ) ;
#3244 = ORIENTED_EDGE ( 'NONE', *, *, #6215, .F. ) ;
#3245 = SURFACE_STYLE_FILL_AREA ( #1184 ) ;
#3246 = DIRECTION ( 'NONE',  ( 6.100900290192956307E-16, 0.000000000000000000, -1.000000000000000000 ) ) ;
#3247 = EDGE_CURVE ( 'NONE', #2326, #2967, #1173, .T. ) ;
#3248 = SURFACE_STYLE_FILL_AREA ( #7570 ) ;
#3249 = SURFACE_STYLE_FILL_AREA ( #1690 ) ;
#3250 =( NAMED_UNIT ( * ) SI_UNIT ( $, .STERADIAN. ) SOLID_ANGLE_UNIT ( ) );
#3251 = FACE_OUTER_BOUND ( 'NONE', #2475, .T. ) ;
#3252 = PLANE ( 'NONE',  #6376 ) ;
#3253 = PLANE ( 'NONE',  #6080 ) ;
#3254 = ADVANCED_FACE ( 'NONE', ( #3985 ), #2713, .F. ) ;
#3255 = ORIENTED_EDGE ( 'NONE', *, *, #8787, .F. ) ;
#3256 = ORIENTED_EDGE ( 'NONE', *, *, #8345, .T. ) ;
#3257 =( LENGTH_UNIT ( ) NAMED_UNIT ( * ) SI_UNIT ( $, .METRE. ) );
#3258 = FILL_AREA_STYLE_COLOUR ( '', #3116 ) ;
#3259 = LENGTH_MEASURE_WITH_UNIT ( LENGTH_MEASURE( 0.02539999999999999897 ), #8131 );
#3260 = DIRECTION ( 'NONE',  ( -1.000000000000000000, 0.000000000000000000, -0.000000000000000000 ) ) ;
#3261 =( NAMED_UNIT ( * ) PLANE_ANGLE_UNIT ( ) SI_UNIT ( $, .RADIAN. ) );
#3262 = CARTESIAN_POINT ( 'NONE',  ( 0.08503937007874018406, 0.004805065926099859851, 0.1210629921259844255 ) ) ;
#3263 = VERTEX_POINT ( 'NONE', #2876 ) ;
#3264 = LINE ( 'NONE', #3110, #1567 ) ;
#3265 = ORIENTED_EDGE ( 'NONE', *, *, #684, .F. ) ;
#3266 =( GEOMETRIC_REPRESENTATION_CONTEXT ( 3 ) GLOBAL_UNCERTAINTY_ASSIGNED_CONTEXT ( ( #2872 ) ) GLOBAL_UNIT_ASSIGNED_CONTEXT ( ( #7110, #6396, #8567 ) ) REPRESENTATION_CONTEXT ( 'NONE', 'WORKASPACE' ) );
#3267 = ORIENTED_EDGE ( 'NONE', *, *, #3405, .T. ) ;
#3268 =( CONVERSION_BASED_UNIT ( 'INCH', #7597 ) LENGTH_UNIT ( ) NAMED_UNIT ( #3094 ) );
#3269 = FILL_AREA_STYLE_COLOUR ( '', #8764 ) ;
#3270 = CARTESIAN_POINT ( 'NONE',  ( 0.08287401574803150706, 0.009842519685039369942, -0.01003937007874015908 ) ) ;
#3271 = DIRECTION ( 'NONE',  ( 0.000000000000000000, -1.000000000000000000, -0.000000000000000000 ) ) ;
#3272 = CARTESIAN_POINT ( 'NONE',  ( 0.08307086614173231354, 0.02244094488188976347, 0.07893700787401573826 ) ) ;
#3273 = VECTOR ( 'NONE', #2740, 39.37007874015748143 ) ;
#3274 = PLANE ( 'NONE',  #1619 ) ;
#3275 = SURFACE_STYLE_FILL_AREA ( #6696 ) ;
#3276 = VERTEX_POINT ( 'NONE', #4828 ) ;
#3277 = VECTOR ( 'NONE', #3594, 39.37007874015748143 ) ;
#3278 = SURFACE_STYLE_USAGE ( .BOTH. , #4071 ) ;
#3279 = SURFACE_STYLE_USAGE ( .BOTH. , #6754 ) ;
#3280 =( NAMED_UNIT ( * ) PLANE_ANGLE_UNIT ( ) SI_UNIT ( $, .RADIAN. ) );
#3281 = CARTESIAN_POINT ( 'NONE',  ( 0.03503937007874018128, 0.01728225441254295155, 0.08117171797437273961 ) ) ;
#3282 = VECTOR ( 'NONE', #5625, 39.37007874015748143 ) ;
#3283 = ORIENTED_EDGE ( 'NONE', *, *, #6074, .F. ) ;
#3284 = FACE_OUTER_BOUND ( 'NONE', #6725, .T. ) ;
#3285 =( CONVERSION_BASED_UNIT ( 'INCH', #7440 ) LENGTH_UNIT ( ) NAMED_UNIT ( #6694 ) );
#3286 = FILL_AREA_STYLE_COLOUR ( '', #1462 ) ;
#3287 = VECTOR ( 'NONE', #3290, 39.37007874015748143 ) ;
#3288 = DIRECTION ( 'NONE',  ( -0.000000000000000000, 1.000000000000000000, -0.000000000000000000 ) ) ;
#3289 = COLOUR_RGB ( '',0.2509803921568627416, 0.2509803921568627416, 0.2509803921568627416 ) ;
#3290 = DIRECTION ( 'NONE',  ( -1.000000000000000000, -0.000000000000000000, -0.000000000000000000 ) ) ;
#3291 = DIRECTION ( 'NONE',  ( -0.000000000000000000, 0.000000000000000000, -1.000000000000000000 ) ) ;
#3292 = ADVANCED_FACE ( 'NONE', ( #1350 ), #3274, .F. ) ;
#3293 = CARTESIAN_POINT ( 'NONE',  ( -0.03307086614173226219, 0.01728225441254295502, 0.08117171797437273961 ) ) ;
#3294 =( LENGTH_UNIT ( ) NAMED_UNIT ( * ) SI_UNIT ( $, .METRE. ) );
#3295 = EDGE_LOOP ( 'NONE', ( #5434, #3691, #1051, #5931 ) ) ;
#3296 = ORIENTED_EDGE ( 'NONE', *, *, #1859, .F. ) ;
#3297 = FILL_AREA_STYLE ('',( #8182 ) ) ;
#3298 = VECTOR ( 'NONE', #1483, 39.37007874015748143 ) ;
#3299 = UNCERTAINTY_MEASURE_WITH_UNIT (LENGTH_MEASURE( 1.000000000000000082E-05 ), #8903, 'distance_accuracy_value', 'NONE');
#3300 = PLANE ( 'NONE',  #8963 ) ;
#3301 = CARTESIAN_POINT ( 'NONE',  ( 0.09242075248266307108, 0.009842519685039369942, -0.004527559055118113643 ) ) ;
#3302 = CARTESIAN_POINT ( 'NONE',  ( 0.09242075248266307108, 0.009842519685039373412, -0.004527559055118115378 ) ) ;
#3303 = DIRECTION ( 'NONE',  ( -1.000000000000000000, 0.000000000000000000, -0.000000000000000000 ) ) ;
#3304 = PRESENTATION_STYLE_ASSIGNMENT (( #1940 ) ) ;
#3305 = VECTOR ( 'NONE', #6583, 39.37007874015748143 ) ;
#3306 = PRESENTATION_LAYER_ASSIGNMENT (  '', '', ( #950 ) ) ;
#3307 =( NAMED_UNIT ( * ) PLANE_ANGLE_UNIT ( ) SI_UNIT ( $, .RADIAN. ) );
#3308 =( NAMED_UNIT ( * ) PLANE_ANGLE_UNIT ( ) SI_UNIT ( $, .RADIAN. ) );
#3309 = VERTEX_POINT ( 'NONE', #3652 ) ;
#3310 =( LENGTH_UNIT ( ) NAMED_UNIT ( * ) SI_UNIT ( $, .METRE. ) );
#3311 = ORIENTED_EDGE ( 'NONE', *, *, #8091, .F. ) ;
#3312 = ORIENTED_EDGE ( 'NONE', *, *, #5615, .F. ) ;
#3313 = COLOUR_RGB ( '',0.7921568627450980005, 0.8196078431372548767, 0.9333333333333333481 ) ;
#3314 = VECTOR ( 'NONE', #2915, 39.37007874015748143 ) ;
#3315 = CARTESIAN_POINT ( 'NONE',  ( 0.09783464566929132855, 0.009842519685039369942, -0.09311023622047244486 ) ) ;
#3316 = EDGE_CURVE ( 'NONE', #1094, #3022, #1001, .T. ) ;
#3317 = CARTESIAN_POINT ( 'NONE',  ( -0.07480314960629921850, 0.009842519685039373412, -0.1049212598425196680 ) ) ;
#3318 = CARTESIAN_POINT ( 'NONE',  ( -0.01692913385826769201, 0.02244094488188976347, 0.07893700787401573826 ) ) ;
#3319 = LINE ( 'NONE', #546, #2275 ) ;
#3320 = SURFACE_STYLE_USAGE ( .BOTH. , #5526 ) ;
#3321 = EDGE_CURVE ( 'NONE', #608, #6585, #6410, .T. ) ;
#3322 =( LENGTH_UNIT ( ) NAMED_UNIT ( * ) SI_UNIT ( $, .METRE. ) );
#3323 = CARTESIAN_POINT ( 'NONE',  ( -0.01692913385826769201, 0.006485910387336710561, 0.1043622680348770537 ) ) ;
#3324 = ORIENTED_EDGE ( 'NONE', *, *, #2822, .F. ) ;
#3325 = AXIS2_PLACEMENT_3D ( 'NONE', #8063, #4681, #2638 ) ;
#3326 = EDGE_CURVE ( 'NONE', #7463, #3352, #2289, .T. ) ;
#3327 =( NAMED_UNIT ( * ) PLANE_ANGLE_UNIT ( ) SI_UNIT ( $, .RADIAN. ) );
#3328 = VERTEX_POINT ( 'NONE', #4994 ) ;
#3329 = UNCERTAINTY_MEASURE_WITH_UNIT (LENGTH_MEASURE( 1.000000000000000082E-05 ), #521, 'distance_accuracy_value', 'NONE');
#3330 = CARTESIAN_POINT ( 'NONE',  ( 0.08287401574803150706, -1.600692183787654230E-18, 0.01003937007874015040 ) ) ;
#3331 = DIRECTION ( 'NONE',  ( 0.000000000000000000, 1.000000000000000000, 0.000000000000000000 ) ) ;
#3332 = VERTEX_POINT ( 'NONE', #7938 ) ;
#3333 =( NAMED_UNIT ( * ) PLANE_ANGLE_UNIT ( ) SI_UNIT ( $, .RADIAN. ) );
#3334 =( GEOMETRIC_REPRESENTATION_CONTEXT ( 3 ) GLOBAL_UNCERTAINTY_ASSIGNED_CONTEXT ( ( #743 ) ) GLOBAL_UNIT_ASSIGNED_CONTEXT ( ( #2676, #5527, #6881 ) ) REPRESENTATION_CONTEXT ( 'NONE', 'WORKASPACE' ) );
#3335 =( NAMED_UNIT ( * ) SI_UNIT ( $, .STERADIAN. ) SOLID_ANGLE_UNIT ( ) );
#3336 = FACE_OUTER_BOUND ( 'NONE', #2831, .T. ) ;
#3337 = SURFACE_STYLE_USAGE ( .BOTH. , #8996 ) ;
#3338 = LINE ( 'NONE', #6622, #5932 ) ;
#3339 = FILL_AREA_STYLE ('',( #4167 ) ) ;
#3340 = VERTEX_POINT ( 'NONE', #1698 ) ;
#3341 = PRESENTATION_LAYER_ASSIGNMENT (  '', '', ( #2161 ) ) ;
#3342 = ORIENTED_EDGE ( 'NONE', *, *, #5531, .T. ) ;
#3343 = CARTESIAN_POINT ( 'NONE',  ( 0.09645669291338584972, 0.000000000000000000, -0.1163385826771653475 ) ) ;
#3344 = VECTOR ( 'NONE', #5549, 39.37007874015748143 ) ;
#3345 = ADVANCED_FACE ( 'N', ( #7262 ), #6495, .F. ) ;
#3346 =( NAMED_UNIT ( * ) SI_UNIT ( $, .STERADIAN. ) SOLID_ANGLE_UNIT ( ) );
#3347 = PRESENTATION_LAYER_ASSIGNMENT (  '', '', ( #712 ) ) ;
#3348 = VECTOR ( 'NONE', #7945, 39.37007874015748143 ) ;
#3349 = DIRECTION ( 'NONE',  ( 0.000000000000000000, -0.000000000000000000, 1.000000000000000000 ) ) ;
#3350 = CARTESIAN_POINT ( 'NONE',  ( 0.08307086614173231354, 0.01173508930892991006, 0.08667802955033566958 ) ) ;
#3351 =( GEOMETRIC_REPRESENTATION_CONTEXT ( 3 ) GLOBAL_UNCERTAINTY_ASSIGNED_CONTEXT ( ( #1368 ) ) GLOBAL_UNIT_ASSIGNED_CONTEXT ( ( #4876, #6343, #4159 ) ) REPRESENTATION_CONTEXT ( 'NONE', 'WORKASPACE' ) );
#3352 = VERTEX_POINT ( 'NONE', #7212 ) ;
#3353 = ORIENTED_EDGE ( 'NONE', *, *, #2085, .F. ) ;
#3354 = VECTOR ( 'NONE', #7785, 39.37007874015748143 ) ;
#3355 =( GEOMETRIC_REPRESENTATION_CONTEXT ( 3 ) GLOBAL_UNCERTAINTY_ASSIGNED_CONTEXT ( ( #7519 ) ) GLOBAL_UNIT_ASSIGNED_CONTEXT ( ( #1918, #7096, #2802 ) ) REPRESENTATION_CONTEXT ( 'NONE', 'WORKASPACE' ) );
#3356 = CIRCLE ( 'NONE', #3925, 0.003937007874015758385 ) ;
#3357 = ORIENTED_EDGE ( 'NONE', *, *, #8285, .T. ) ;
#3358 = AXIS2_PLACEMENT_3D ( 'NONE', #4311, #3004, #855 ) ;
#3359 = DIRECTION ( 'NONE',  ( 0.000000000000000000, -0.000000000000000000, 1.000000000000000000 ) ) ;
#3360 = AXIS2_PLACEMENT_3D ( 'NONE', #7927, #5204, #3820 ) ;
#3361 = FILL_AREA_STYLE ('',( #3269 ) ) ;
#3362 = VECTOR ( 'NONE', #4978, 39.37007874015748143 ) ;
#3363 = PRESENTATION_LAYER_ASSIGNMENT (  '', '', ( #4796 ) ) ;
#3364 = PRESENTATION_LAYER_ASSIGNMENT (  '', '', ( #6559 ) ) ;
#3365 = DIRECTION ( 'NONE',  ( 0.000000000000000000, 1.000000000000000000, 0.000000000000000000 ) ) ;
#3366 = DIRECTION ( 'NONE',  ( 0.000000000000000000, 0.9961946980917454342, 0.08715574274765874874 ) ) ;
#3367 = PRESENTATION_LAYER_ASSIGNMENT (  '', '', ( #7299 ) ) ;
#3368 = EDGE_CURVE ( 'NONE', #4006, #5780, #8728, .T. ) ;
#3369 = ORIENTED_EDGE ( 'NONE', *, *, #3008, .T. ) ;
#3370 = AXIS2_PLACEMENT_3D ( 'NONE', #5079, #6459, #7268 ) ;
#3371 = FILL_AREA_STYLE_COLOUR ( '', #1004 ) ;
#3372 = VECTOR ( 'NONE', #7405, 39.37007874015748143 ) ;
#3373 = SURFACE_SIDE_STYLE ('',( #7520 ) ) ;
#3374 = SURFACE_STYLE_FILL_AREA ( #607 ) ;
#3375 = VERTEX_POINT ( 'NONE', #5280 ) ;
#3376 = DIRECTION ( 'NONE',  ( -1.000000000000000000, -0.000000000000000000, -0.000000000000000000 ) ) ;
#3377 = EDGE_CURVE ( 'NONE', #1345, #7093, #7453, .T. ) ;
#3378 = CARTESIAN_POINT ( 'NONE',  ( -0.07480314960629921850, 0.009842519685039369942, -0.001377952755905514828 ) ) ;
#3379 = CARTESIAN_POINT ( 'NONE',  ( 0.01496062992125986486, 0.01358267716535432532, 0.07982518197702757889 ) ) ;
#3380 = DIRECTION ( 'NONE',  ( -1.000000000000000000, -0.000000000000000000, -0.000000000000000000 ) ) ;
#3381 = SURFACE_STYLE_USAGE ( .BOTH. , #8218 ) ;
#3382 = UNCERTAINTY_MEASURE_WITH_UNIT (LENGTH_MEASURE( 1.000000000000000082E-05 ), #3847, 'distance_accuracy_value', 'NONE');
#3383 = ORIENTED_EDGE ( 'NONE', *, *, #6861, .F. ) ;
#3384 = VERTEX_POINT ( 'NONE', #8045 ) ;
#3385 = LINE ( 'NONE', #8268, #6873 ) ;
#3386 = UNCERTAINTY_MEASURE_WITH_UNIT (LENGTH_MEASURE( 1.000000000000000082E-05 ), #7663, 'distance_accuracy_value', 'NONE');
#3387 = CARTESIAN_POINT ( 'NONE',  ( 0.09027830658147500964, 0.04488188976377952694, 0.07292397481552202743 ) ) ;
#3388 = PRESENTATION_STYLE_ASSIGNMENT (( #4042 ) ) ;
#3389 = DIRECTION ( 'NONE',  ( -1.000000000000000000, -0.000000000000000000, -0.000000000000000000 ) ) ;
#3390 = ORIENTED_EDGE ( 'NONE', *, *, #2012, .T. ) ;
#3391 = CARTESIAN_POINT ( 'NONE',  ( -0.06692913385826769479, 0.01358267716535432532, 0.07982518197702757889 ) ) ;
#3392 = ORIENTED_EDGE ( 'NONE', *, *, #479, .F. ) ;
#3393 = ORIENTED_EDGE ( 'NONE', *, *, #7188, .F. ) ;
#3394 = DIRECTION ( 'NONE',  ( 1.000000000000000000, 0.000000000000000000, 0.000000000000000000 ) ) ;
#3395 = LINE ( 'NONE', #6687, #1308 ) ;
#3396 = DIRECTION ( 'NONE',  ( 0.000000000000000000, 0.9961946980917454342, 0.08715574274765874874 ) ) ;
#3397 = SURFACE_STYLE_FILL_AREA ( #3984 ) ;
#3398 = EDGE_CURVE ( 'NONE', #2142, #5435, #3155, .T. ) ;
#3399 = VECTOR ( 'NONE', #4428, 39.37007874015748143 ) ;
#3400 = DIRECTION ( 'NONE',  ( 0.000000000000000000, 0.000000000000000000, -1.000000000000000000 ) ) ;
#3401 = VERTEX_POINT ( 'NONE', #8872 ) ;
#3402 = STYLED_ITEM ( 'NONE', ( #3156 ), #4407 ) ;
#3403 = DIRECTION ( 'NONE',  ( 0.000000000000000000, -0.08715574274765877649, 0.9961946980917454342 ) ) ;
#3404 = CARTESIAN_POINT ( 'NONE',  ( 0.07795275590551181688, 0.2556786355646874509, -0.01003937007874015908 ) ) ;
#3405 = EDGE_CURVE ( 'NONE', #627, #1041, #1787, .T. ) ;
#3406 = VERTEX_POINT ( 'NONE', #2415 ) ;
#3407 = SURFACE_STYLE_FILL_AREA ( #55 ) ;
#3408 = DIRECTION ( 'NONE',  ( 1.000000000000000000, 0.000000000000000000, 0.000000000000000000 ) ) ;
#3409 = FACE_OUTER_BOUND ( 'NONE', #2743, .T. ) ;
#3410 = FACE_OUTER_BOUND ( 'NONE', #2744, .T. ) ;
#3411 = PRESENTATION_LAYER_ASSIGNMENT (  '', '', ( #5923 ) ) ;
#3412 =( CONVERSION_BASED_UNIT ( 'INCH', #650 ) LENGTH_UNIT ( ) NAMED_UNIT ( #2393 ) );
#3413 = SURFACE_SIDE_STYLE ('',( #1493 ) ) ;
#3414 = LINE ( 'NONE', #1406, #4002 ) ;
#3415 = ORIENTED_EDGE ( 'NONE', *, *, #6389, .T. ) ;
#3416 = EDGE_CURVE ( 'NONE', #1509, #5977, #1145, .T. ) ;
#3417 = DIRECTION ( 'NONE',  ( -0.1728726807823771361, 0.9804096916296644038, 0.09440271605065581051 ) ) ;
#3418 = COLOUR_RGB ( '',0.7921568627450980005, 0.8196078431372548767, 0.9333333333333333481 ) ;
#3419 = COLOUR_RGB ( '',0.2509803921568627416, 0.2509803921568627416, 0.2509803921568627416 ) ;
#3420 =( NAMED_UNIT ( * ) SI_UNIT ( $, .STERADIAN. ) SOLID_ANGLE_UNIT ( ) );
#3421 = SURFACE_STYLE_FILL_AREA ( #2068 ) ;
#3422 = PRESENTATION_STYLE_ASSIGNMENT (( #1008 ) ) ;
#3423 = EDGE_CURVE ( 'NONE', #5484, #5829, #7355, .T. ) ;
#3424 = FACE_OUTER_BOUND ( 'NONE', #2649, .T. ) ;
#3425 = DIRECTION ( 'NONE',  ( 0.000000000000000000, 0.6589684953534065137, 0.7521705405901425445 ) ) ;
#3426 = UNCERTAINTY_MEASURE_WITH_UNIT (LENGTH_MEASURE( 1.000000000000000082E-05 ), #7085, 'distance_accuracy_value', 'NONE');
#3427 = PRESENTATION_LAYER_ASSIGNMENT (  '', '', ( #6501 ) ) ;
#3428 = ORIENTED_EDGE ( 'NONE', *, *, #2864, .F. ) ;
#3429 = CARTESIAN_POINT ( 'NONE',  ( 0.08307086614173231354, 0.02736220472440944324, 0.07761836027346888378 ) ) ;
#3430 = VERTEX_POINT ( 'NONE', #6727 ) ;
#3431 = VERTEX_POINT ( 'NONE', #1880 ) ;
#3432 =( CONVERSION_BASED_UNIT ( 'INCH', #4766 ) LENGTH_UNIT ( ) NAMED_UNIT ( #986 ) );
#3433 = VECTOR ( 'NONE', #3497, 39.37007874015748143 ) ;
#3434 = LINE ( 'NONE', #3315, #3850 ) ;
#3435 = PLANE ( 'NONE',  #3370 ) ;
#3436 = SURFACE_STYLE_USAGE ( .BOTH. , #8377 ) ;
#3437 =( LENGTH_UNIT ( ) NAMED_UNIT ( * ) SI_UNIT ( $, .METRE. ) );
#3438 =( NAMED_UNIT ( * ) SI_UNIT ( $, .STERADIAN. ) SOLID_ANGLE_UNIT ( ) );
#3439 = CARTESIAN_POINT ( 'NONE',  ( 0.07795275590551181688, 0.000000000000000000, 0.01003937007874015040 ) ) ;
#3440 = COLOUR_RGB ( '',0.7921568627450980005, 0.8196078431372548767, 0.9333333333333333481 ) ;
#3441 = FILL_AREA_STYLE_COLOUR ( '', #2196 ) ;
#3442 = VECTOR ( 'NONE', #6903, 39.37007874015748854 ) ;
#3443 = ORIENTED_EDGE ( 'NONE', *, *, #3235, .T. ) ;
#3444 = EDGE_CURVE ( 'NONE', #3115, #4136, #2562, .T. ) ;
#3445 = CIRCLE ( 'NONE', #6805, 0.0007874015748031346334 ) ;
#3446 =( NAMED_UNIT ( * ) SI_UNIT ( $, .STERADIAN. ) SOLID_ANGLE_UNIT ( ) );
#3447 = ORIENTED_EDGE ( 'NONE', *, *, #5536, .T. ) ;
#3448 = SURFACE_STYLE_USAGE ( .BOTH. , #8391 ) ;
#3449 =( LENGTH_UNIT ( ) NAMED_UNIT ( * ) SI_UNIT ( $, .METRE. ) );
#3450 = CARTESIAN_POINT ( 'NONE',  ( -0.03503937007874013965, 0.02266295170762570518, 0.09018973667019880569 ) ) ;
#3451 = DIRECTION ( 'NONE',  ( 0.000000000000000000, -1.000000000000000000, 0.000000000000000000 ) ) ;
#3452 = PLANE ( 'NONE',  #2624 ) ;
#3453 =( NAMED_UNIT ( * ) SI_UNIT ( $, .STERADIAN. ) SOLID_ANGLE_UNIT ( ) );
#3454 = CARTESIAN_POINT ( 'NONE',  ( -0.08503937007874014242, 0.01173508930892991006, 0.08667802955033566958 ) ) ;
#3455 = DIRECTION ( 'NONE',  ( 0.000000000000000000, 0.000000000000000000, 1.000000000000000000 ) ) ;
#3456 = PRESENTATION_STYLE_ASSIGNMENT (( #5630 ) ) ;
#3457 = VERTEX_POINT ( 'NONE', #4605 ) ;
#3458 = ORIENTED_EDGE ( 'NONE', *, *, #1974, .T. ) ;
#3459 = CARTESIAN_POINT ( 'NONE',  ( -0.06496062992125982427, 0.01173508930892990486, 0.08667802955033566958 ) ) ;
#3460 = EDGE_CURVE ( 'NONE', #8637, #8276, #2608, .T. ) ;
#3461 = UNCERTAINTY_MEASURE_WITH_UNIT (LENGTH_MEASURE( 1.000000000000000082E-05 ), #186, 'distance_accuracy_value', 'NONE');
#3462 = STYLED_ITEM ( 'NONE', ( #2247 ), #8845 ) ;
#3463 = CYLINDRICAL_SURFACE ( 'NONE', #2755, 0.0007874015748031346334 ) ;
#3464 = EDGE_CURVE ( 'NONE', #3153, #1749, #2463, .T. ) ;
#3465 = SURFACE_STYLE_USAGE ( .BOTH. , #6945 ) ;
#3466 = LINE ( 'NONE', #29, #6404 ) ;
#3467 = DIRECTION ( 'NONE',  ( 0.000000000000000000, -0.000000000000000000, -1.000000000000000000 ) ) ;
#3468 = AXIS2_PLACEMENT_3D ( 'NONE', #5606, #4900, #34 ) ;
#3469 = EDGE_LOOP ( 'NONE', ( #4074, #7149, #1095, #5747 ) ) ;
#3470 = ORIENTED_EDGE ( 'NONE', *, *, #8168, .F. ) ;
#3471 = EDGE_LOOP ( 'NONE', ( #3754, #7733, #7122, #8233 ) ) ;
#3472 = AXIS2_PLACEMENT_3D ( 'NONE', #8397, #7155, #3588 ) ;
#3473 = STYLED_ITEM ( 'NONE', ( #8652 ), #1260 ) ;
#3474 = COLOUR_RGB ( '',0.7921568627450980005, 0.8196078431372548767, 0.9333333333333333481 ) ;
#3475 = EDGE_CURVE ( 'NONE', #7430, #79, #1750, .T. ) ;
#3476 = LENGTH_MEASURE_WITH_UNIT ( LENGTH_MEASURE( 0.02539999999999999897 ), #4819 );
#3477 = EDGE_CURVE ( 'NONE', #951, #4685, #4007, .T. ) ;
#3478 = FACE_OUTER_BOUND ( 'NONE', #2619, .T. ) ;
#3479 = CARTESIAN_POINT ( 'NONE',  ( -0.07795275590551181688, 0.2556786355646874509, -0.09092820213934121876 ) ) ;
#3480 = VECTOR ( 'NONE', #5114, 39.37007874015748143 ) ;
#3481 = SURFACE_STYLE_FILL_AREA ( #1985 ) ;
#3482 = LINE ( 'NONE', #2118, #3150 ) ;
#3483 = VECTOR ( 'NONE', #8667, 39.37007874015748143 ) ;
#3484 = DIRECTION ( 'NONE',  ( 0.000000000000000000, 9.035018104045863052E-16, 1.000000000000000000 ) ) ;
#3485 = CIRCLE ( 'NONE', #5555, 0.0007874015748031346334 ) ;
#3486 =( GEOMETRIC_REPRESENTATION_CONTEXT ( 3 ) GLOBAL_UNCERTAINTY_ASSIGNED_CONTEXT ( ( #2732 ) ) GLOBAL_UNIT_ASSIGNED_CONTEXT ( ( #4823, #2115, #4907 ) ) REPRESENTATION_CONTEXT ( 'NONE', 'WORKASPACE' ) );
#3487 = COLOUR_RGB ( '',0.2509803921568627416, 0.2509803921568627416, 0.2509803921568627416 ) ;
#3488 = FILL_AREA_STYLE ('',( #1952 ) ) ;
#3489 = VERTEX_POINT ( 'NONE', #3208 ) ;
#3490 = MECHANICAL_DESIGN_GEOMETRIC_PRESENTATION_REPRESENTATION (  '', ( #4051 ), #5690 ) ;
#3491 = CIRCLE ( 'NONE', #1898, 0.0007874015748031346334 ) ;
#3492 = MECHANICAL_DESIGN_GEOMETRIC_PRESENTATION_REPRESENTATION (  '', ( #4350 ), #5431 ) ;
#3493 = STYLED_ITEM ( 'NONE', ( #688 ), #5774 ) ;
#3494 = STYLED_ITEM ( 'NONE', ( #923 ), #1833 ) ;
#3495 = CARTESIAN_POINT ( 'NONE',  ( -0.06692913385826769479, 0.01173508930892991006, 0.08667802955033566958 ) ) ;
#3496 = PRESENTATION_STYLE_ASSIGNMENT (( #6924 ) ) ;
#3497 = DIRECTION ( 'NONE',  ( 1.000000000000000000, -0.000000000000000000, 0.000000000000000000 ) ) ;
#3498 = COLOUR_RGB ( '',0.7921568627450980005, 0.8196078431372548767, 0.9333333333333333481 ) ;
#3499 = ADVANCED_FACE ( 'NONE', ( #6107 ), #6675, .F. ) ;
#3500 = COLOUR_RGB ( '',0.7921568627450980005, 0.8196078431372548767, 0.9333333333333333481 ) ;
#3501 = VECTOR ( 'NONE', #53, 39.37007874015748854 ) ;
#3502 = ORIENTED_EDGE ( 'NONE', *, *, #640, .F. ) ;
#3503 = VECTOR ( 'NONE', #2093, 39.37007874015748854 ) ;
#3504 = CARTESIAN_POINT ( 'NONE',  ( -0.08287401574803152093, -1.600692183787654230E-18, -0.01003937007874015387 ) ) ;
#3505 = SURFACE_STYLE_USAGE ( .BOTH. , #1273 ) ;
#3506 = DIRECTION ( 'NONE',  ( -1.000000000000000000, 0.000000000000000000, -0.000000000000000000 ) ) ;
#3507 = SURFACE_SIDE_STYLE ('',( #2182 ) ) ;
#3508 = DIRECTION ( 'NONE',  ( 1.000000000000000000, 0.000000000000000000, 0.000000000000000000 ) ) ;
#3509 = CARTESIAN_POINT ( 'NONE',  ( -0.08307086614173225803, 0.02653119753051446511, 0.08453805796773562753 ) ) ;
#3510 = DIRECTION ( 'NONE',  ( -0.000000000000000000, 0.6589684953534067358, 0.7521705405901425445 ) ) ;
#3511 = CARTESIAN_POINT ( 'NONE',  ( -0.07795275590551181688, 0.009842519685039369942, -0.01003937007874015908 ) ) ;
#3512 =( NAMED_UNIT ( * ) PLANE_ANGLE_UNIT ( ) SI_UNIT ( $, .RADIAN. ) );
#3513 = AXIS2_PLACEMENT_3D ( 'NONE', #7794, #7113, #6447 ) ;
#3514 = ORIENTED_EDGE ( 'NONE', *, *, #5874, .T. ) ;
#3515 = EDGE_CURVE ( 'NONE', #3401, #6856, #7617, .T. ) ;
#3516 = DIRECTION ( 'NONE',  ( -1.000000000000000000, -0.000000000000000000, -0.000000000000000000 ) ) ;
#3517 = PRESENTATION_STYLE_ASSIGNMENT (( #8402 ) ) ;
#3518 = DIMENSIONAL_EXPONENTS ( 1.000000000000000000, 0.000000000000000000, 0.000000000000000000, 0.000000000000000000, 0.000000000000000000, 0.000000000000000000, 0.000000000000000000 ) ;
#3519 =( LENGTH_UNIT ( ) NAMED_UNIT ( * ) SI_UNIT ( $, .METRE. ) );
#3520 = DIRECTION ( 'NONE',  ( -1.000000000000000000, 0.000000000000000000, -0.000000000000000000 ) ) ;
#3521 = SURFACE_STYLE_USAGE ( .BOTH. , #856 ) ;
#3522 = UNCERTAINTY_MEASURE_WITH_UNIT (LENGTH_MEASURE( 1.000000000000000082E-05 ), #3268, 'distance_accuracy_value', 'NONE');
#3523 = EDGE_CURVE ( 'NONE', #3332, #3821, #4801, .T. ) ;
#3524 = FILL_AREA_STYLE_COLOUR ( '', #8454 ) ;
#3525 = ORIENTED_EDGE ( 'NONE', *, *, #6988, .T. ) ;
#3526 = LINE ( 'NONE', #1607, #3752 ) ;
#3527 = VERTEX_POINT ( 'NONE', #1367 ) ;
#3528 = ORIENTED_EDGE ( 'NONE', *, *, #1806, .T. ) ;
#3529 = SURFACE_STYLE_USAGE ( .BOTH. , #3655 ) ;
#3530 =( NAMED_UNIT ( * ) SI_UNIT ( $, .STERADIAN. ) SOLID_ANGLE_UNIT ( ) );
#3531 = LINE ( 'NONE', #8723, #8852 ) ;
#3532 =( NAMED_UNIT ( * ) PLANE_ANGLE_UNIT ( ) SI_UNIT ( $, .RADIAN. ) );
#3533 = SURFACE_STYLE_USAGE ( .BOTH. , #6212 ) ;
#3534 = VERTEX_POINT ( 'NONE', #1338 ) ;
#3535 = SURFACE_STYLE_USAGE ( .BOTH. , #4204 ) ;
#3536 = COLOUR_RGB ( '',0.7921568627450980005, 0.8196078431372548767, 0.9333333333333333481 ) ;
#3537 = CARTESIAN_POINT ( 'NONE',  ( 0.08503937007874018406, 0.02736220472440944324, 0.07761836027346888378 ) ) ;
#3538 = ORIENTED_EDGE ( 'NONE', *, *, #5743, .T. ) ;
#3539 = LENGTH_MEASURE_WITH_UNIT ( LENGTH_MEASURE( 0.02539999999999999897 ), #3579 );
#3540 = DIRECTION ( 'NONE',  ( 0.000000000000000000, 0.000000000000000000, 1.000000000000000000 ) ) ;
#3541 = VECTOR ( 'NONE', #5293, 39.37007874015748854 ) ;
#3542 =( LENGTH_UNIT ( ) NAMED_UNIT ( * ) SI_UNIT ( $, .METRE. ) );
#3543 = DIRECTION ( 'NONE',  ( 0.000000000000000000, -0.9953961983671795188, -0.09584575252021751424 ) ) ;
#3544 = PRESENTATION_STYLE_ASSIGNMENT (( #2858 ) ) ;
#3545 = DIRECTION ( 'NONE',  ( 0.000000000000000000, 1.000000000000000000, 0.000000000000000000 ) ) ;
#3546 = DIRECTION ( 'NONE',  ( 0.000000000000000000, -0.6589684953534090672, -0.7521705405901404351 ) ) ;
#3547 = MECHANICAL_DESIGN_GEOMETRIC_PRESENTATION_REPRESENTATION (  '', ( #6474 ), #6911 ) ;
#3548 = VERTEX_POINT ( 'NONE', #6940 ) ;
#3549 = FILL_AREA_STYLE ('',( #5599 ) ) ;
#3550 = SURFACE_STYLE_FILL_AREA ( #109 ) ;
#3551 =( CONVERSION_BASED_UNIT ( 'INCH', #4851 ) LENGTH_UNIT ( ) NAMED_UNIT ( #3797 ) );
#3552 = PRESENTATION_LAYER_ASSIGNMENT (  '', '', ( #2385 ) ) ;
#3553 = EDGE_CURVE ( 'NONE', #1749, #4972, #6272, .T. ) ;
#3554 = SURFACE_SIDE_STYLE ('',( #4364 ) ) ;
#3555 = CARTESIAN_POINT ( 'NONE',  ( 0.03307086614173231076, 0.01173508930892991006, 0.08667802955033566958 ) ) ;
#3556 = EDGE_LOOP ( 'NONE', ( #5989, #2420, #358, #8164 ) ) ;
#3557 =( LENGTH_UNIT ( ) NAMED_UNIT ( * ) SI_UNIT ( $, .METRE. ) );
#3558 = VECTOR ( 'NONE', #7413, 39.37007874015748143 ) ;
#3559 = VERTEX_POINT ( 'NONE', #5503 ) ;
#3560 = ORIENTED_EDGE ( 'NONE', *, *, #3321, .F. ) ;
#3561 = DIRECTION ( 'NONE',  ( -1.000000000000000000, 0.000000000000000000, -0.000000000000000000 ) ) ;
#3562 = DIMENSIONAL_EXPONENTS ( 1.000000000000000000, 0.000000000000000000, 0.000000000000000000, 0.000000000000000000, 0.000000000000000000, 0.000000000000000000, 0.000000000000000000 ) ;
#3563 = LINE ( 'NONE', #5689, #8077 ) ;
#3564 = PLANE ( 'NONE',  #8165 ) ;
#3565 = CARTESIAN_POINT ( 'NONE',  ( 0.09645669291338582196, 0.009842519685039369942, -0.09311023622047244486 ) ) ;
#3566 = MECHANICAL_DESIGN_GEOMETRIC_PRESENTATION_REPRESENTATION (  '', ( #6501 ), #5182 ) ;
#3567 = CARTESIAN_POINT ( 'NONE',  ( -0.06496062992125982427, 0.01728225441254295155, 0.08117171797437273961 ) ) ;
#3568 =( NAMED_UNIT ( * ) SI_UNIT ( $, .STERADIAN. ) SOLID_ANGLE_UNIT ( ) );
#3569 = ORIENTED_EDGE ( 'NONE', *, *, #7922, .F. ) ;
#3570 = EDGE_CURVE ( 'NONE', #1086, #5333, #25, .T. ) ;
#3571 = FILL_AREA_STYLE ('',( #7772 ) ) ;
#3572 = EDGE_CURVE ( 'NONE', #8943, #1267, #3385, .T. ) ;
#3573 = DIRECTION ( 'NONE',  ( -1.000000000000000000, 0.000000000000000000, 0.000000000000000000 ) ) ;
#3574 = AXIS2_PLACEMENT_3D ( 'NONE', #5935, #4622, #1069 ) ;
#3575 = MECHANICAL_DESIGN_GEOMETRIC_PRESENTATION_REPRESENTATION (  '', ( #5349 ), #6637 ) ;
#3576 = LENGTH_MEASURE_WITH_UNIT ( LENGTH_MEASURE( 0.02539999999999999897 ), #4248 );
#3577 =( GEOMETRIC_REPRESENTATION_CONTEXT ( 3 ) GLOBAL_UNCERTAINTY_ASSIGNED_CONTEXT ( ( #3240 ) ) GLOBAL_UNIT_ASSIGNED_CONTEXT ( ( #7006, #3532, #3438 ) ) REPRESENTATION_CONTEXT ( 'NONE', 'WORKASPACE' ) );
#3578 = ORIENTED_EDGE ( 'NONE', *, *, #7872, .T. ) ;
#3579 =( LENGTH_UNIT ( ) NAMED_UNIT ( * ) SI_UNIT ( $, .METRE. ) );
#3580 = CARTESIAN_POINT ( 'NONE',  ( -0.07480314960629920462, 0.03700787401574803098, 0.05925196850393700532 ) ) ;
#3581 = ADVANCED_FACE ( 'NONE', ( #6898 ), #6195, .F. ) ;
#3582 = ORIENTED_EDGE ( 'NONE', *, *, #8617, .F. ) ;
#3583 = COLOUR_RGB ( '',0.7921568627450980005, 0.8196078431372548767, 0.9333333333333333481 ) ;
#3584 = EDGE_CURVE ( 'NONE', #8412, #3839, #7307, .T. ) ;
#3585 = LENGTH_MEASURE_WITH_UNIT ( LENGTH_MEASURE( 0.02539999999999999897 ), #5798 );
#3586 = FACE_OUTER_BOUND ( 'NONE', #1809, .T. ) ;
#3587 = SURFACE_SIDE_STYLE ('',( #5056 ) ) ;
#3588 = DIRECTION ( 'NONE',  ( 1.000000000000000000, 0.000000000000000000, -1.971091940197113801E-16 ) ) ;
#3589 = DIMENSIONAL_EXPONENTS ( 1.000000000000000000, 0.000000000000000000, 0.000000000000000000, 0.000000000000000000, 0.000000000000000000, 0.000000000000000000, 0.000000000000000000 ) ;
#3590 = LINE ( 'NONE', #145, #6372 ) ;
#3591 = CARTESIAN_POINT ( 'NONE',  ( 0.03307086614173231770, 0.02244094488188976694, 0.07893700787401573826 ) ) ;
#3592 = ORIENTED_EDGE ( 'NONE', *, *, #1668, .T. ) ;
#3593 = DIRECTION ( 'NONE',  ( -1.000000000000000000, 0.000000000000000000, 0.000000000000000000 ) ) ;
#3594 = DIRECTION ( 'NONE',  ( 0.000000000000000000, 1.000000000000000000, 0.000000000000000000 ) ) ;
#3595 = SURFACE_STYLE_FILL_AREA ( #4224 ) ;
#3596 = MECHANICAL_DESIGN_GEOMETRIC_PRESENTATION_REPRESENTATION (  '', ( #8418 ), #4025 ) ;
#3597 = FACE_OUTER_BOUND ( 'NONE', #2311, .T. ) ;
#3598 = DIRECTION ( 'NONE',  ( 0.000000000000000000, 0.000000000000000000, -1.000000000000000000 ) ) ;
#3599 = CARTESIAN_POINT ( 'NONE',  ( 0.06496062992125986590, 0.01358267716535432532, 0.07982518197702757889 ) ) ;
#3600 =( LENGTH_UNIT ( ) NAMED_UNIT ( * ) SI_UNIT ( $, .METRE. ) );
#3601 = EDGE_CURVE ( 'NONE', #5258, #8637, #2067, .T. ) ;
#3602 = ORIENTED_EDGE ( 'NONE', *, *, #4821, .F. ) ;
#3603 = ORIENTED_EDGE ( 'NONE', *, *, #3235, .F. ) ;
#3604 = CARTESIAN_POINT ( 'NONE',  ( -0.03307086614173226219, 0.01822099969626658419, 0.09408128290260084348 ) ) ;
#3605 = VECTOR ( 'NONE', #4526, 39.37007874015748143 ) ;
#3606 = ADVANCED_FACE ( 'NONE', ( #8923 ), #5600, .T. ) ;
#3607 = ORIENTED_EDGE ( 'NONE', *, *, #2734, .T. ) ;
#3608 = PLANE ( 'NONE',  #4868 ) ;
#3609 = LINE ( 'NONE', #7598, #4650 ) ;
#3610 =( NAMED_UNIT ( * ) PLANE_ANGLE_UNIT ( ) SI_UNIT ( $, .RADIAN. ) );
#3611 = LENGTH_MEASURE_WITH_UNIT ( LENGTH_MEASURE( 0.02539999999999999897 ), #7174 );
#3612 = SURFACE_STYLE_FILL_AREA ( #4285 ) ;
#3613 = COLOUR_RGB ( '',0.7921568627450980005, 0.8196078431372548767, 0.9333333333333333481 ) ;
#3614 = ADVANCED_FACE ( 'NONE', ( #239 ), #5676, .T. ) ;
#3615 = PRESENTATION_LAYER_ASSIGNMENT (  '', '', ( #6544 ) ) ;
#3616 = ORIENTED_EDGE ( 'NONE', *, *, #4633, .F. ) ;
#3617 = VECTOR ( 'NONE', #3649, 39.37007874015748143 ) ;
#3618 = AXIS2_PLACEMENT_3D ( 'NONE', #7311, #1046, #3826 ) ;
#3619 = CIRCLE ( 'NONE', #2169, 0.0007874015748031346334 ) ;
#3620 = DIRECTION ( 'NONE',  ( -0.000000000000000000, 1.000000000000000000, -0.000000000000000000 ) ) ;
#3621 = COLOUR_RGB ( '',1.000000000000000000, 1.000000000000000000, 1.000000000000000000 ) ;
#3622 = DIMENSIONAL_EXPONENTS ( 1.000000000000000000, 0.000000000000000000, 0.000000000000000000, 0.000000000000000000, 0.000000000000000000, 0.000000000000000000, 0.000000000000000000 ) ;
#3623 = EDGE_CURVE ( 'NONE', #4013, #8426, #2195, .T. ) ;
#3624 = CARTESIAN_POINT ( 'NONE',  ( -0.06692913385826769479, 0.02653119753051446858, 0.08453805796773562753 ) ) ;
#3625 =( GEOMETRIC_REPRESENTATION_CONTEXT ( 3 ) GLOBAL_UNCERTAINTY_ASSIGNED_CONTEXT ( ( #1976 ) ) GLOBAL_UNIT_ASSIGNED_CONTEXT ( ( #1352, #4775, #8289 ) ) REPRESENTATION_CONTEXT ( 'NONE', 'WORKASPACE' ) );
#3626 = SURFACE_STYLE_USAGE ( .BOTH. , #5791 ) ;
#3627 = CARTESIAN_POINT ( 'NONE',  ( 0.06496062992125986590, 0.01173508930892991006, 0.08667802955033566958 ) ) ;
#3628 = EDGE_LOOP ( 'NONE', ( #447, #3788, #1889, #2340, #5205, #2203, #1421 ) ) ;
#3629 = STYLED_ITEM ( 'NONE', ( #893 ), #6520 ) ;
#3630 = PRESENTATION_LAYER_ASSIGNMENT (  '', '', ( #2466 ) ) ;
#3631 = VECTOR ( 'NONE', #3217, 39.37007874015748143 ) ;
#3632 = ORIENTED_EDGE ( 'NONE', *, *, #2284, .F. ) ;
#3633 = STYLED_ITEM ( 'NONE', ( #3868 ), #2375 ) ;
#3634 = SURFACE_STYLE_FILL_AREA ( #191 ) ;
#3635 = COLOUR_RGB ( '',0.7921568627450980005, 0.8196078431372548767, 0.9333333333333333481 ) ;
#3636 =( NAMED_UNIT ( * ) SI_UNIT ( $, .STERADIAN. ) SOLID_ANGLE_UNIT ( ) );
#3637 = MECHANICAL_DESIGN_GEOMETRIC_PRESENTATION_REPRESENTATION (  '', ( #4511 ), #2187 ) ;
#3638 = EDGE_CURVE ( 'NONE', #3011, #1524, #4680, .T. ) ;
#3639 =( CONVERSION_BASED_UNIT ( 'INCH', #844 ) LENGTH_UNIT ( ) NAMED_UNIT ( #713 ) );
#3640 = AXIS2_PLACEMENT_3D ( 'NONE', #3981, #3891, #1258 ) ;
#3641 = CARTESIAN_POINT ( 'NONE',  ( 0.09783464566929132855, 0.000000000000000000, -0.001377952755905514828 ) ) ;
#3642 = CARTESIAN_POINT ( 'NONE',  ( 0.03503937007874018128, 0.006485910387336710561, 0.1043622680348770537 ) ) ;
#3643 = ORIENTED_EDGE ( 'NONE', *, *, #2734, .F. ) ;
#3644 = LINE ( 'NONE', #898, #6136 ) ;
#3645 =( GEOMETRIC_REPRESENTATION_CONTEXT ( 3 ) GLOBAL_UNCERTAINTY_ASSIGNED_CONTEXT ( ( #5858 ) ) GLOBAL_UNIT_ASSIGNED_CONTEXT ( ( #2059, #4842, #1330 ) ) REPRESENTATION_CONTEXT ( 'NONE', 'WORKASPACE' ) );
#3646 =( GEOMETRIC_REPRESENTATION_CONTEXT ( 3 ) GLOBAL_UNCERTAINTY_ASSIGNED_CONTEXT ( ( #6282 ) ) GLOBAL_UNIT_ASSIGNED_CONTEXT ( ( #6555, #969, #7378 ) ) REPRESENTATION_CONTEXT ( 'NONE', 'WORKASPACE' ) );
#3647 = PRESENTATION_STYLE_ASSIGNMENT (( #6983 ) ) ;
#3648 = LINE ( 'NONE', #7117, #8257 ) ;
#3649 = DIRECTION ( 'NONE',  ( -0.000000000000000000, 0.000000000000000000, -1.000000000000000000 ) ) ;
#3650 = ORIENTED_EDGE ( 'NONE', *, *, #7053, .T. ) ;
#3651 = ORIENTED_EDGE ( 'NONE', *, *, #8472, .T. ) ;
#3652 = CARTESIAN_POINT ( 'NONE',  ( -0.09645669291338582196, 0.009842519685039369942, 0.004527559055118116245 ) ) ;
#3653 = DIMENSIONAL_EXPONENTS ( 1.000000000000000000, 0.000000000000000000, 0.000000000000000000, 0.000000000000000000, 0.000000000000000000, 0.000000000000000000, 0.000000000000000000 ) ;
#3654 = ORIENTED_EDGE ( 'NONE', *, *, #906, .T. ) ;
#3655 = SURFACE_SIDE_STYLE ('',( #39 ) ) ;
#3656 = DIRECTION ( 'NONE',  ( -0.000000000000000000, 0.000000000000000000, -1.000000000000000000 ) ) ;
#3657 = LINE ( 'NONE', #351, #1465 ) ;
#3658 =( NAMED_UNIT ( * ) SI_UNIT ( $, .STERADIAN. ) SOLID_ANGLE_UNIT ( ) );
#3659 = PLANE ( 'NONE',  #16 ) ;
#3660 = LINE ( 'NONE', #7226, #3182 ) ;
#3661 = EDGE_LOOP ( 'NONE', ( #4264, #3972, #3654, #556 ) ) ;
#3662 = CARTESIAN_POINT ( 'NONE',  ( 0.08287401574803150706, 0.009842519685039369942, 0.01003937007874015040 ) ) ;
#3663 = LINE ( 'NONE', #2980, #8731 ) ;
#3664 = EDGE_CURVE ( 'NONE', #8708, #8004, #5807, .T. ) ;
#3665 = DIMENSIONAL_EXPONENTS ( 1.000000000000000000, 0.000000000000000000, 0.000000000000000000, 0.000000000000000000, 0.000000000000000000, 0.000000000000000000, 0.000000000000000000 ) ;
#3666 =( NAMED_UNIT ( * ) PLANE_ANGLE_UNIT ( ) SI_UNIT ( $, .RADIAN. ) );
#3667 = UNCERTAINTY_MEASURE_WITH_UNIT (LENGTH_MEASURE( 1.000000000000000082E-05 ), #2598, 'distance_accuracy_value', 'NONE');
#3668 =( NAMED_UNIT ( * ) PLANE_ANGLE_UNIT ( ) SI_UNIT ( $, .RADIAN. ) );
#3669 = DIRECTION ( 'NONE',  ( 0.000000000000000000, 0.9961946980917454342, 0.08715574274765873486 ) ) ;
#3670 = ORIENTED_EDGE ( 'NONE', *, *, #8490, .F. ) ;
#3671 = ORIENTED_EDGE ( 'NONE', *, *, #1582, .T. ) ;
#3672 = ADVANCED_FACE ( 'NONE', ( #3681 ), #1501, .T. ) ;
#3673 = DIRECTION ( 'NONE',  ( 0.000000000000000000, 0.6589684953534065137, 0.7521705405901425445 ) ) ;
#3674 = CARTESIAN_POINT ( 'NONE',  ( -0.08503937007874014242, 0.01728225441254295155, 0.08117171797437273961 ) ) ;
#3675 = FACE_OUTER_BOUND ( 'NONE', #3990, .T. ) ;
#3676 = FILL_AREA_STYLE ('',( #7831 ) ) ;
#3677 = CARTESIAN_POINT ( 'NONE',  ( -0.03307086614173225525, 0.01173508930892991006, 0.08667802955033566958 ) ) ;
#3678 = ORIENTED_EDGE ( 'NONE', *, *, #4077, .F. ) ;
#3679 = AXIS2_PLACEMENT_3D ( 'NONE', #5893, #1034, #4585 ) ;
#3680 = FILL_AREA_STYLE ('',( #1642 ) ) ;
#3681 = FACE_OUTER_BOUND ( 'NONE', #6683, .T. ) ;
#3682 = ADVANCED_FACE ( 'NONE', ( #477 ), #2443, .F. ) ;
#3683 = SURFACE_STYLE_FILL_AREA ( #6360 ) ;
#3684 = DIRECTION ( 'NONE',  ( -0.000000000000000000, 1.000000000000000000, 0.000000000000000000 ) ) ;
#3686 = MECHANICAL_DESIGN_GEOMETRIC_PRESENTATION_REPRESENTATION (  '', ( #8820 ), #3983 ) ;
#3685 =( NAMED_UNIT ( * ) PLANE_ANGLE_UNIT ( ) SI_UNIT ( $, .RADIAN. ) );
#3687 = PLANE ( 'NONE',  #2855 ) ;
#3688 = EDGE_CURVE ( 'NONE', #6204, #2401, #5401, .T. ) ;
#3689 =( CONVERSION_BASED_UNIT ( 'INCH', #8457 ) LENGTH_UNIT ( ) NAMED_UNIT ( #1623 ) );
#3690 = ORIENTED_EDGE ( 'NONE', *, *, #1134, .T. ) ;
#3691 = ORIENTED_EDGE ( 'NONE', *, *, #1726, .T. ) ;
#3692 = VECTOR ( 'NONE', #2823, 39.37007874015748143 ) ;
#3693 = AXIS2_PLACEMENT_3D ( 'NONE', #3580, #7020, #6470 ) ;
#3694 = VERTEX_POINT ( 'NONE', #8821 ) ;
#3695 = EDGE_CURVE ( 'NONE', #4992, #4776, #2550, .T. ) ;
#3696 = CARTESIAN_POINT ( 'NONE',  ( 0.09645669291338584972, 0.009842519685039376881, -0.1049212598425196818 ) ) ;
#3697 =( NAMED_UNIT ( * ) PLANE_ANGLE_UNIT ( ) SI_UNIT ( $, .RADIAN. ) );
#3698 = DIRECTION ( 'NONE',  ( 0.000000000000000000, 0.000000000000000000, -1.000000000000000000 ) ) ;
#3699 = VECTOR ( 'NONE', #8954, 39.37007874015748143 ) ;
#3700 =( NAMED_UNIT ( * ) PLANE_ANGLE_UNIT ( ) SI_UNIT ( $, .RADIAN. ) );
#3701 =( CONVERSION_BASED_UNIT ( 'INCH', #7859 ) LENGTH_UNIT ( ) NAMED_UNIT ( #1531 ) );
#3702 = ORIENTED_EDGE ( 'NONE', *, *, #4674, .F. ) ;
#3703 = DIMENSIONAL_EXPONENTS ( 1.000000000000000000, 0.000000000000000000, 0.000000000000000000, 0.000000000000000000, 0.000000000000000000, 0.000000000000000000, 0.000000000000000000 ) ;
#3704 =( CONVERSION_BASED_UNIT ( 'INCH', #3807 ) LENGTH_UNIT ( ) NAMED_UNIT ( #993 ) );
#3705 = EDGE_CURVE ( 'NONE', #1285, #5192, #5361, .T. ) ;
#3706 = PRESENTATION_LAYER_ASSIGNMENT (  '', '', ( #248 ) ) ;
#3707 = LENGTH_MEASURE_WITH_UNIT ( LENGTH_MEASURE( 0.02539999999999999897 ), #7873 );
#3708 = SURFACE_STYLE_FILL_AREA ( #835 ) ;
#3709 = ORIENTED_EDGE ( 'NONE', *, *, #3008, .F. ) ;
#3710 = EDGE_CURVE ( 'NONE', #2411, #6240, #3957, .T. ) ;
#3711 = ORIENTED_EDGE ( 'NONE', *, *, #7072, .T. ) ;
#3712 = SURFACE_SIDE_STYLE ('',( #933 ) ) ;
#3714 = PLANE ( 'NONE',  #1455 ) ;
#3713 = AXIS2_PLACEMENT_3D ( 'NONE', #2497, #6659, #6131 ) ;
#3715 = CARTESIAN_POINT ( 'NONE',  ( 0.08503937007874018406, 0.02266295170762570518, 0.09018973667019880569 ) ) ;
#3716 = CIRCLE ( 'NONE', #4531, 0.0007874015748031346334 ) ;
#3717 = UNCERTAINTY_MEASURE_WITH_UNIT (LENGTH_MEASURE( 1.000000000000000082E-05 ), #6045, 'distance_accuracy_value', 'NONE');
#3718 = DIRECTION ( 'NONE',  ( 0.000000000000000000, 0.7521705405901424335, -0.6589684953534068468 ) ) ;
#3719 = CARTESIAN_POINT ( 'NONE',  ( 0.03307086614173231076, 0.01173508930892991006, 0.08667802955033566958 ) ) ;
#3720 = DIRECTION ( 'NONE',  ( -1.000000000000000000, 0.000000000000000000, -0.000000000000000000 ) ) ;
#3721 = LINE ( 'NONE', #6443, #8654 ) ;
#3722 = ORIENTED_EDGE ( 'NONE', *, *, #6580, .F. ) ;
#3723 =( NAMED_UNIT ( * ) PLANE_ANGLE_UNIT ( ) SI_UNIT ( $, .RADIAN. ) );
#3724 = CIRCLE ( 'NONE', #110, 0.003937007874015758385 ) ;
#3725 = DIMENSIONAL_EXPONENTS ( 1.000000000000000000, 0.000000000000000000, 0.000000000000000000, 0.000000000000000000, 0.000000000000000000, 0.000000000000000000, 0.000000000000000000 ) ;
#3726 = MECHANICAL_DESIGN_GEOMETRIC_PRESENTATION_REPRESENTATION (  '', ( #5516 ), #7390 ) ;
#3727 = LINE ( 'NONE', #1821, #8464 ) ;
#3728 = DIMENSIONAL_EXPONENTS ( 1.000000000000000000, 0.000000000000000000, 0.000000000000000000, 0.000000000000000000, 0.000000000000000000, 0.000000000000000000, 0.000000000000000000 ) ;
#3729 = DIRECTION ( 'NONE',  ( 0.5000000000000013323, 0.000000000000000000, -0.8660254037844379305 ) ) ;
#3730 = SURFACE_STYLE_USAGE ( .BOTH. , #1694 ) ;
#3731 = EDGE_CURVE ( 'NONE', #5850, #5818, #2102, .T. ) ;
#3732 = ORIENTED_EDGE ( 'NONE', *, *, #1529, .T. ) ;
#3733 = VERTEX_POINT ( 'NONE', #7306 ) ;
#3734 = ORIENTED_EDGE ( 'NONE', *, *, #3688, .T. ) ;
#3735 = LINE ( 'NONE', #4467, #8076 ) ;
#3736 = EDGE_CURVE ( 'NONE', #8152, #2513, #5908, .T. ) ;
#3737 = CARTESIAN_POINT ( 'NONE',  ( -0.01496062992125982496, 0.01822099969626658073, 0.09408128290260084348 ) ) ;
#3738 = PRESENTATION_STYLE_ASSIGNMENT (( #6634 ) ) ;
#3739 = LINE ( 'NONE', #5177, #3348 ) ;
#3740 = DIRECTION ( 'NONE',  ( -0.9848077530122079093, -0.1736481776669314692, 0.000000000000000000 ) ) ;
#3741 = EDGE_CURVE ( 'NONE', #3020, #5030, #4160, .T. ) ;
#3742 = ORIENTED_EDGE ( 'NONE', *, *, #7015, .F. ) ;
#3743 = FILL_AREA_STYLE ('',( #1522 ) ) ;
#3744 = ORIENTED_EDGE ( 'NONE', *, *, #6496, .T. ) ;
#3745 = VERTEX_POINT ( 'NONE', #6891 ) ;
#3746 = PRODUCT_DEFINITION ( 'UNKNOWN', '', #5980, #36 ) ;
#3747 =( NAMED_UNIT ( * ) PLANE_ANGLE_UNIT ( ) SI_UNIT ( $, .RADIAN. ) );
#3748 = CARTESIAN_POINT ( 'NONE',  ( -0.09645669291338582196, 0.009842519685039369942, -0.09311023622047244486 ) ) ;
#3749 = DIRECTION ( 'NONE',  ( 0.000000000000000000, 0.000000000000000000, 1.000000000000000000 ) ) ;
#3750 = PRESENTATION_LAYER_ASSIGNMENT (  '', '', ( #2160 ) ) ;
#3751 = LENGTH_MEASURE_WITH_UNIT ( LENGTH_MEASURE( 0.02539999999999999897 ), #7820 );
#3752 = VECTOR ( 'NONE', #7035, 39.37007874015748143 ) ;
#3753 = DIRECTION ( 'NONE',  ( 1.000000000000000000, 0.000000000000000000, 0.000000000000000000 ) ) ;
#3754 = ORIENTED_EDGE ( 'NONE', *, *, #5947, .F. ) ;
#3755 = ORIENTED_EDGE ( 'NONE', *, *, #3477, .T. ) ;
#3756 = STYLED_ITEM ( 'NONE', ( #3916 ), #6331 ) ;
#3757 = VECTOR ( 'NONE', #5408, 39.37007874015748143 ) ;
#3758 = VECTOR ( 'NONE', #7604, 39.37007874015748143 ) ;
#3759 = DIRECTION ( 'NONE',  ( -0.000000000000000000, 1.000000000000000000, 0.000000000000000000 ) ) ;
#3760 = EDGE_CURVE ( 'NONE', #5643, #3072, #4877, .T. ) ;
#3761 = PRESENTATION_STYLE_ASSIGNMENT (( #975 ) ) ;
#3762 = CARTESIAN_POINT ( 'NONE',  ( -0.09472119113475918617, 0.000000000000000000, -0.09311023622047244486 ) ) ;
#3763 = CARTESIAN_POINT ( 'NONE',  ( 0.08503937007874018406, 0.01751968503937007329, 0.07846314444784678599 ) ) ;
#3764 =( LENGTH_UNIT ( ) NAMED_UNIT ( * ) SI_UNIT ( $, .METRE. ) );
#3765 =( GEOMETRIC_REPRESENTATION_CONTEXT ( 3 ) GLOBAL_UNCERTAINTY_ASSIGNED_CONTEXT ( ( #656 ) ) GLOBAL_UNIT_ASSIGNED_CONTEXT ( ( #8706, #4625, #5246 ) ) REPRESENTATION_CONTEXT ( 'NONE', 'WORKASPACE' ) );
#3766 = FACE_OUTER_BOUND ( 'NONE', #8463, .T. ) ;
#3767 = MECHANICAL_DESIGN_GEOMETRIC_PRESENTATION_REPRESENTATION (  '', ( #1446 ), #5101 ) ;
#3768 = CARTESIAN_POINT ( 'NONE',  ( 0.08503937007874018406, 0.01728225441254295155, 0.08117171797437273961 ) ) ;
#3769 = ORIENTED_EDGE ( 'NONE', *, *, #4858, .F. ) ;
#3770 = VECTOR ( 'NONE', #8518, 39.37007874015748854 ) ;
#3771 = STYLED_ITEM ( 'NONE', ( #2632 ), #1416 ) ;
#3772 = LINE ( 'NONE', #6521, #5249 ) ;
#3773 = DIRECTION ( 'NONE',  ( -0.000000000000000000, 0.000000000000000000, -1.000000000000000000 ) ) ;
#3774 = AXIS2_PLACEMENT_3D ( 'NONE', #6450, #2960, #3520 ) ;
#3775 = VECTOR ( 'NONE', #7545, 39.37007874015748143 ) ;
#3776 = LENGTH_MEASURE_WITH_UNIT ( LENGTH_MEASURE( 0.02539999999999999897 ), #7976 );
#3777 =( NAMED_UNIT ( * ) SI_UNIT ( $, .STERADIAN. ) SOLID_ANGLE_UNIT ( ) );
#3778 =( NAMED_UNIT ( * ) SI_UNIT ( $, .STERADIAN. ) SOLID_ANGLE_UNIT ( ) );
#3779 = VECTOR ( 'NONE', #5238, 39.37007874015748854 ) ;
#3780 =( GEOMETRIC_REPRESENTATION_CONTEXT ( 3 ) GLOBAL_UNCERTAINTY_ASSIGNED_CONTEXT ( ( #8956 ) ) GLOBAL_UNIT_ASSIGNED_CONTEXT ( ( #1767, #6506, #1571 ) ) REPRESENTATION_CONTEXT ( 'NONE', 'WORKASPACE' ) );
#3781 = PLANE ( 'NONE',  #6370 ) ;
#3782 = CARTESIAN_POINT ( 'NONE',  ( -0.07795275590551181688, 0.2556786355646874509, 0.01003937007874015040 ) ) ;
#3783 = EDGE_CURVE ( 'NONE', #6909, #6116, #2130, .T. ) ;
#3784 = DIRECTION ( 'NONE',  ( -0.8660254037844377084, 0.000000000000000000, -0.5000000000000012212 ) ) ;
#3785 = CARTESIAN_POINT ( 'NONE',  ( 0.07795275590551181688, 0.000000000000000000, -0.09092820213934121876 ) ) ;
#3786 = AXIS2_PLACEMENT_3D ( 'NONE', #4698, #5539, #5407 ) ;
#3787 = VECTOR ( 'NONE', #4384, 39.37007874015748143 ) ;
#3788 = ORIENTED_EDGE ( 'NONE', *, *, #3475, .T. ) ;
#3789 = EDGE_LOOP ( 'NONE', ( #3986, #3135, #4408, #1785 ) ) ;
#3790 = SURFACE_STYLE_FILL_AREA ( #6455 ) ;
#3791 = MECHANICAL_DESIGN_GEOMETRIC_PRESENTATION_REPRESENTATION (  '', ( #7723 ), #4973 ) ;
#3792 = PLANE ( 'NONE',  #1068 ) ;
#3793 = CARTESIAN_POINT ( 'NONE',  ( -0.06692913385826769479, -0.003584687981864217131, 0.1040280696203075700 ) ) ;
#3794 = LINE ( 'NONE', #3067, #3113 ) ;
#3795 = PRESENTATION_LAYER_ASSIGNMENT (  '', '', ( #6724 ) ) ;
#3796 = ADVANCED_FACE ( 'NONE', ( #4839 ), #1965, .T. ) ;
#3797 = DIMENSIONAL_EXPONENTS ( 1.000000000000000000, 0.000000000000000000, 0.000000000000000000, 0.000000000000000000, 0.000000000000000000, 0.000000000000000000, 0.000000000000000000 ) ;
#3798 = DIRECTION ( 'NONE',  ( -1.000000000000000000, 0.000000000000000000, 0.000000000000000000 ) ) ;
#3799 = SURFACE_SIDE_STYLE ('',( #8590 ) ) ;
#3800 = LENGTH_MEASURE_WITH_UNIT ( LENGTH_MEASURE( 0.02539999999999999897 ), #6422 );
#3801 = ORIENTED_EDGE ( 'NONE', *, *, #890, .T. ) ;
#3802 = DIMENSIONAL_EXPONENTS ( 1.000000000000000000, 0.000000000000000000, 0.000000000000000000, 0.000000000000000000, 0.000000000000000000, 0.000000000000000000, 0.000000000000000000 ) ;
#3803 = ORIENTED_EDGE ( 'NONE', *, *, #7077, .F. ) ;
#3804 = ORIENTED_EDGE ( 'NONE', *, *, #7475, .T. ) ;
#3805 = CARTESIAN_POINT ( 'NONE',  ( -0.03307086614173226219, -0.003584687981864220167, 0.1040280696203075561 ) ) ;
#3806 = LINE ( 'NONE', #7282, #3558 ) ;
#3807 = LENGTH_MEASURE_WITH_UNIT ( LENGTH_MEASURE( 0.02539999999999999897 ), #5839 );
#3808 = DIRECTION ( 'NONE',  ( -0.1736481776669320243, 0.9848077530122076872, 0.000000000000000000 ) ) ;
#3809 = CARTESIAN_POINT ( 'NONE',  ( 0.06496062992125986590, 0.01358267716535432532, 0.07982518197702757889 ) ) ;
#3810 = DIRECTION ( 'NONE',  ( 0.000000000000000000, 1.000000000000000000, 0.000000000000000000 ) ) ;
#3811 = CARTESIAN_POINT ( 'NONE',  ( -0.05413385826771659887, 0.009842519685039369942, -0.09311023622047244486 ) ) ;
#3812 = VERTEX_POINT ( 'NONE', #7527 ) ;
#3813 = UNCERTAINTY_MEASURE_WITH_UNIT (LENGTH_MEASURE( 1.000000000000000082E-05 ), #6895, 'distance_accuracy_value', 'NONE');
#3814 = ADVANCED_FACE ( 'NONE', ( #1395 ), #2650, .F. ) ;
#3815 = PRESENTATION_STYLE_ASSIGNMENT (( #5898 ) ) ;
#3816 = CARTESIAN_POINT ( 'NONE',  ( 0.08307086614173231354, 0.02244094488188976694, 0.07893700787401573826 ) ) ;
#3817 =( NAMED_UNIT ( * ) SI_UNIT ( $, .STERADIAN. ) SOLID_ANGLE_UNIT ( ) );
#3818 =( CONVERSION_BASED_UNIT ( 'INCH', #7302 ) LENGTH_UNIT ( ) NAMED_UNIT ( #5634 ) );
#3819 = ORIENTED_EDGE ( 'NONE', *, *, #5824, .F. ) ;
#3820 = DIRECTION ( 'NONE',  ( 1.000000000000000000, 0.000000000000000000, 0.000000000000000000 ) ) ;
#3821 = VERTEX_POINT ( 'NONE', #8613 ) ;
#3822 = FACE_OUTER_BOUND ( 'NONE', #421, .T. ) ;
#3823 = FILL_AREA_STYLE_COLOUR ( '', #4729 ) ;
#3824 = DIRECTION ( 'NONE',  ( -1.000000000000000000, 1.110223024625156294E-16, 0.000000000000000000 ) ) ;
#3825 = CARTESIAN_POINT ( 'NONE',  ( -0.09472119113475918617, 0.000000000000000000, -0.09311023622047244486 ) ) ;
#3826 = DIRECTION ( 'NONE',  ( 0.000000000000000000, 0.08715574274765738871, -0.9961946980917454342 ) ) ;
#3827 = LINE ( 'NONE', #3148, #2410 ) ;
#3829 = DIRECTION ( 'NONE',  ( 0.9848077530122079093, -0.1736481776669313304, 0.000000000000000000 ) ) ;
#3828 =( GEOMETRIC_REPRESENTATION_CONTEXT ( 3 ) GLOBAL_UNCERTAINTY_ASSIGNED_CONTEXT ( ( #2071 ) ) GLOBAL_UNIT_ASSIGNED_CONTEXT ( ( #2391, #1723, #1119 ) ) REPRESENTATION_CONTEXT ( 'NONE', 'WORKASPACE' ) );
#3830 = ORIENTED_EDGE ( 'NONE', *, *, #3464, .T. ) ;
#3831 = VERTEX_POINT ( 'NONE', #7778 ) ;
#3832 = EDGE_CURVE ( 'NONE', #7369, #907, #1536, .T. ) ;
#3833 = VECTOR ( 'NONE', #1798, 39.37007874015748143 ) ;
#3834 = LINE ( 'NONE', #6018, #2096 ) ;
#3835 = CARTESIAN_POINT ( 'NONE',  ( -0.08307086614173225803, 0.01358267716535432532, 0.07982518197702757889 ) ) ;
#3836 = SURFACE_STYLE_USAGE ( .BOTH. , #2976 ) ;
#3837 = EDGE_LOOP ( 'NONE', ( #2927, #2878, #1485, #3103, #6912 ) ) ;
#3838 = LINE ( 'NONE', #5975, #3605 ) ;
#3839 = VERTEX_POINT ( 'NONE', #929 ) ;
#3840 = STYLED_ITEM ( 'NONE', ( #6985 ), #5467 ) ;
#3841 = ORIENTED_EDGE ( 'NONE', *, *, #4641, .F. ) ;
#3842 = PLANE ( 'NONE',  #2370 ) ;
#3843 = COLOUR_RGB ( '',0.7921568627450980005, 0.8196078431372548767, 0.9333333333333333481 ) ;
#3844 = AXIS2_PLACEMENT_3D ( 'NONE', #8120, #520, #3246 ) ;
#3845 = LINE ( 'NONE', #2295, #6141 ) ;
#3846 = CARTESIAN_POINT ( 'NONE',  ( -0.06496062992125982427, 0.02266295170762570171, 0.09018973667019880569 ) ) ;
#3847 =( CONVERSION_BASED_UNIT ( 'INCH', #5093 ) LENGTH_UNIT ( ) NAMED_UNIT ( #5002 ) );
#3848 = DIRECTION ( 'NONE',  ( 0.000000000000000000, -0.000000000000000000, 1.000000000000000000 ) ) ;
#3849 = EDGE_CURVE ( 'NONE', #4948, #5829, #2218, .T. ) ;
#3850 = VECTOR ( 'NONE', #5611, 39.37007874015748143 ) ;
#3851 = SURFACE_STYLE_USAGE ( .BOTH. , #3237 ) ;
#3852 = ORIENTED_EDGE ( 'NONE', *, *, #4454, .T. ) ;
#3853 = DIMENSIONAL_EXPONENTS ( 1.000000000000000000, 0.000000000000000000, 0.000000000000000000, 0.000000000000000000, 0.000000000000000000, 0.000000000000000000, 0.000000000000000000 ) ;
#3854 = VERTEX_POINT ( 'NONE', #8427 ) ;
#3855 = UNCERTAINTY_MEASURE_WITH_UNIT (LENGTH_MEASURE( 1.000000000000000082E-05 ), #7665, 'distance_accuracy_value', 'NONE');
#3856 = EDGE_CURVE ( 'NONE', #7833, #7463, #2261, .T. ) ;
#3857 = DIRECTION ( 'NONE',  ( -1.000000000000000000, -0.000000000000000000, -0.000000000000000000 ) ) ;
#3858 = STYLED_ITEM ( 'NONE', ( #7107 ), #7611 ) ;
#3859 =( NAMED_UNIT ( * ) SI_UNIT ( $, .STERADIAN. ) SOLID_ANGLE_UNIT ( ) );
#3860 = VERTEX_POINT ( 'NONE', #5010 ) ;
#3861 = DIRECTION ( 'NONE',  ( 0.000000000000000000, -2.168404344971050204E-14, 1.000000000000000000 ) ) ;
#3862 = ORIENTED_EDGE ( 'NONE', *, *, #7809, .F. ) ;
#3863 =( NAMED_UNIT ( * ) PLANE_ANGLE_UNIT ( ) SI_UNIT ( $, .RADIAN. ) );
#3864 = DIRECTION ( 'NONE',  ( 0.000000000000000000, 0.000000000000000000, 1.000000000000000000 ) ) ;
#3865 = MECHANICAL_DESIGN_GEOMETRIC_PRESENTATION_REPRESENTATION (  '', ( #8252 ), #6941 ) ;
#3866 = CARTESIAN_POINT ( 'NONE',  ( -0.06692913385826769479, 0.007004783218323627943, 0.1049545283030582504 ) ) ;
#3867 = FILL_AREA_STYLE_COLOUR ( '', #7233 ) ;
#3868 = PRESENTATION_STYLE_ASSIGNMENT (( #5219 ) ) ;
#3869 = MECHANICAL_DESIGN_GEOMETRIC_PRESENTATION_REPRESENTATION (  '', ( #1845 ), #2846 ) ;
#3870 = ORIENTED_EDGE ( 'NONE', *, *, #135, .T. ) ;
#3871 = PRESENTATION_LAYER_ASSIGNMENT (  '', '', ( #5514 ) ) ;
#3872 = ORIENTED_EDGE ( 'NONE', *, *, #292, .T. ) ;
#3873 = VECTOR ( 'NONE', #4037, 39.37007874015748854 ) ;
#3874 = CARTESIAN_POINT ( 'NONE',  ( -0.06692913385826769479, -0.005000000000000000104, 0.1202051600123263675 ) ) ;
#3875 = CARTESIAN_POINT ( 'NONE',  ( 0.03307086614173231076, 0.02653119753051446858, 0.08453805796773562753 ) ) ;
#3876 = MECHANICAL_DESIGN_GEOMETRIC_PRESENTATION_REPRESENTATION (  '', ( #6103 ), #6513 ) ;
#3877 =( NAMED_UNIT ( * ) PLANE_ANGLE_UNIT ( ) SI_UNIT ( $, .RADIAN. ) );
#3878 = DIMENSIONAL_EXPONENTS ( 1.000000000000000000, 0.000000000000000000, 0.000000000000000000, 0.000000000000000000, 0.000000000000000000, 0.000000000000000000, 0.000000000000000000 ) ;
#3879 = CARTESIAN_POINT ( 'NONE',  ( -0.03307086614173226219, 0.01728225441254295155, 0.08117171797437273961 ) ) ;
#3880 = EDGE_CURVE ( 'NONE', #3559, #7474, #1445, .T. ) ;
#3881 = LENGTH_MEASURE_WITH_UNIT ( LENGTH_MEASURE( 0.02539999999999999897 ), #1887 );
#3882 = SURFACE_STYLE_USAGE ( .BOTH. , #1206 ) ;
#3883 = EDGE_CURVE ( 'NONE', #4341, #6541, #7736, .T. ) ;
#3884 = ORIENTED_EDGE ( 'NONE', *, *, #2661, .F. ) ;
#3885 = DIRECTION ( 'NONE',  ( 0.000000000000000000, 9.035018104045863052E-16, 1.000000000000000000 ) ) ;
#3886 = EDGE_LOOP ( 'NONE', ( #3803, #3324, #8471, #7968 ) ) ;
#3887 = MECHANICAL_DESIGN_GEOMETRIC_PRESENTATION_REPRESENTATION (  '', ( #6117 ), #2002 ) ;
#3888 = ORIENTED_EDGE ( 'NONE', *, *, #3623, .F. ) ;
#3889 = CARTESIAN_POINT ( 'NONE',  ( -0.09645669291338584972, 0.009842519685039369942, -0.001377952755905514828 ) ) ;
#3890 = FILL_AREA_STYLE_COLOUR ( '', #3613 ) ;
#3891 = DIRECTION ( 'NONE',  ( 0.000000000000000000, 1.000000000000000000, -3.133916943292842690E-15 ) ) ;
#3892 = PRESENTATION_STYLE_ASSIGNMENT (( #1768 ) ) ;
#3893 = EDGE_CURVE ( 'NONE', #5619, #7102, #1488, .T. ) ;
#3894 =( LENGTH_UNIT ( ) NAMED_UNIT ( * ) SI_UNIT ( $, .METRE. ) );
#3895 = FACE_OUTER_BOUND ( 'NONE', #7321, .T. ) ;
#3896 = CARTESIAN_POINT ( 'NONE',  ( -0.06496062992125982427, 0.01617704132028901370, 0.08278648331793365955 ) ) ;
#3897 = ORIENTED_EDGE ( 'NONE', *, *, #8779, .F. ) ;
#3898 = UNCERTAINTY_MEASURE_WITH_UNIT (LENGTH_MEASURE( 1.000000000000000082E-05 ), #4599, 'distance_accuracy_value', 'NONE');
#3899 = DIRECTION ( 'NONE',  ( -1.000000000000000000, 0.000000000000000000, -0.000000000000000000 ) ) ;
#3900 = EDGE_CURVE ( 'NONE', #8180, #6002, #6344, .T. ) ;
#3901 = ORIENTED_EDGE ( 'NONE', *, *, #8265, .T. ) ;
#3902 = DIRECTION ( 'NONE',  ( 0.000000000000000000, -0.9762960071199346945, 0.2164396139380967699 ) ) ;
#3903 = DIRECTION ( 'NONE',  ( -0.000000000000000000, 0.2588190451025212946, 0.9659258262890682012 ) ) ;
#3904 =( GEOMETRIC_REPRESENTATION_CONTEXT ( 3 ) GLOBAL_UNCERTAINTY_ASSIGNED_CONTEXT ( ( #8411 ) ) GLOBAL_UNIT_ASSIGNED_CONTEXT ( ( #165, #741, #7803 ) ) REPRESENTATION_CONTEXT ( 'NONE', 'WORKASPACE' ) );
#3905 = VERTEX_POINT ( 'NONE', #3627 ) ;
#3906 = DIRECTION ( 'NONE',  ( 0.000000000000000000, 0.7521705405901403241, -0.6589684953534089562 ) ) ;
#3907 = AXIS2_PLACEMENT_3D ( 'NONE', #6464, #7232, #3028 ) ;
#3908 = VECTOR ( 'NONE', #220, 39.37007874015748854 ) ;
#3909 = DIRECTION ( 'NONE',  ( 1.000000000000000000, 0.000000000000000000, 0.000000000000000000 ) ) ;
#3910 = CARTESIAN_POINT ( 'NONE',  ( 0.06692913385826773642, 0.02653119753051446511, 0.08453805796773562753 ) ) ;
#3911 = DIRECTION ( 'NONE',  ( -1.000000000000000000, -0.000000000000000000, -0.000000000000000000 ) ) ;
#3912 = VECTOR ( 'NONE', #8911, 39.37007874015748854 ) ;
#3913 = ADVANCED_FACE ( 'NONE', ( #7184 ), #886, .T. ) ;
#3914 = DIMENSIONAL_EXPONENTS ( 1.000000000000000000, 0.000000000000000000, 0.000000000000000000, 0.000000000000000000, 0.000000000000000000, 0.000000000000000000, 0.000000000000000000 ) ;
#3915 = CARTESIAN_POINT ( 'NONE',  ( -0.06692913385826769479, 0.01358267716535432532, 0.07982518197702757889 ) ) ;
#3916 = PRESENTATION_STYLE_ASSIGNMENT (( #7892 ) ) ;
#3917 =( NAMED_UNIT ( * ) PLANE_ANGLE_UNIT ( ) SI_UNIT ( $, .RADIAN. ) );
#3918 = DIRECTION ( 'NONE',  ( 0.000000000000000000, 0.000000000000000000, 1.000000000000000000 ) ) ;
#3919 = AXIS2_PLACEMENT_3D ( 'NONE', #5515, #5640, #2151 ) ;
#3920 = ORIENTED_EDGE ( 'NONE', *, *, #3664, .F. ) ;
#3921 = VERTEX_POINT ( 'NONE', #2300 ) ;
#3922 = DIRECTION ( 'NONE',  ( -1.000000000000000000, -0.000000000000000000, -0.000000000000000000 ) ) ;
#3923 = COLOUR_RGB ( '',0.7921568627450980005, 0.8196078431372548767, 0.9333333333333333481 ) ;
#3924 = VECTOR ( 'NONE', #1404, 39.37007874015748143 ) ;
#3925 = AXIS2_PLACEMENT_3D ( 'NONE', #5325, #5876, #8639 ) ;
#3926 =( NAMED_UNIT ( * ) SI_UNIT ( $, .STERADIAN. ) SOLID_ANGLE_UNIT ( ) );
#3927 = DIRECTION ( 'NONE',  ( 0.000000000000000000, 0.7521705405901426555, -0.6589684953534065137 ) ) ;
#3928 = CARTESIAN_POINT ( 'NONE',  ( -0.09173228346456695215, -1.365923996832131609E-16, -0.1210629921259842590 ) ) ;
#3929 = VECTOR ( 'NONE', #6333, 39.37007874015748143 ) ;
#3930 = AXIS2_PLACEMENT_3D ( 'NONE', #7332, #7182, #420 ) ;
#3931 =( CONVERSION_BASED_UNIT ( 'INCH', #1794 ) LENGTH_UNIT ( ) NAMED_UNIT ( #5836 ) );
#3932 = ORIENTED_EDGE ( 'NONE', *, *, #2406, .T. ) ;
#3933 = VERTEX_POINT ( 'NONE', #1630 ) ;
#3934 = VERTEX_POINT ( 'NONE', #7874 ) ;
#3935 = COLOUR_RGB ( '',0.7921568627450980005, 0.8196078431372548767, 0.9333333333333333481 ) ;
#3936 =( NAMED_UNIT ( * ) PLANE_ANGLE_UNIT ( ) SI_UNIT ( $, .RADIAN. ) );
#3937 = FILL_AREA_STYLE ('',( #4770 ) ) ;
#3938 =( LENGTH_UNIT ( ) NAMED_UNIT ( * ) SI_UNIT ( $, .METRE. ) );
#3939 =( LENGTH_UNIT ( ) NAMED_UNIT ( * ) SI_UNIT ( $, .METRE. ) );
#3940 = DIRECTION ( 'NONE',  ( -1.000000000000000000, -0.000000000000000000, -0.000000000000000000 ) ) ;
#3941 = STYLED_ITEM ( 'NONE', ( #899 ), #3672 ) ;
#3942 = DIMENSIONAL_EXPONENTS ( 1.000000000000000000, 0.000000000000000000, 0.000000000000000000, 0.000000000000000000, 0.000000000000000000, 0.000000000000000000, 0.000000000000000000 ) ;
#3943 = FILL_AREA_STYLE ('',( #3441 ) ) ;
#3944 = FILL_AREA_STYLE ('',( #7422 ) ) ;
#3945 = EDGE_LOOP ( 'NONE', ( #1433, #1891, #3311, #2686 ) ) ;
#3946 = ORIENTED_EDGE ( 'NONE', *, *, #31, .F. ) ;
#3947 = UNCERTAINTY_MEASURE_WITH_UNIT (LENGTH_MEASURE( 1.000000000000000082E-05 ), #5827, 'distance_accuracy_value', 'NONE');
#3948 = EDGE_CURVE ( 'NONE', #6116, #3812, #4386, .T. ) ;
#3949 = DIRECTION ( 'NONE',  ( 0.000000000000000000, -0.7521705405901424335, 0.6589684953534066247 ) ) ;
#3950 =( NAMED_UNIT ( * ) PLANE_ANGLE_UNIT ( ) SI_UNIT ( $, .RADIAN. ) );
#3951 = UNCERTAINTY_MEASURE_WITH_UNIT (LENGTH_MEASURE( 1.000000000000000082E-05 ), #4608, 'distance_accuracy_value', 'NONE');
#3952 = PLANE ( 'NONE',  #7377 ) ;
#3953 = LINE ( 'NONE', #2545, #1598 ) ;
#3954 = ORIENTED_EDGE ( 'NONE', *, *, #2330, .T. ) ;
#3955 = PRESENTATION_STYLE_ASSIGNMENT (( #4635 ) ) ;
#3956 = SURFACE_STYLE_FILL_AREA ( #3997 ) ;
#3957 = LINE ( 'NONE', #7347, #1239 ) ;
#3958 = ADVANCED_FACE ( 'NONE', ( #3032 ), #97, .F. ) ;
#3959 = FACE_OUTER_BOUND ( 'NONE', #7436, .T. ) ;
#3960 = FILL_AREA_STYLE ('',( #6226 ) ) ;
#3961 = CYLINDRICAL_SURFACE ( 'NONE', #1595, 0.005905511811023620231 ) ;
#3962 = VERTEX_POINT ( 'NONE', #8107 ) ;
#3963 = ORIENTED_EDGE ( 'NONE', *, *, #2588, .F. ) ;
#3964 =( CONVERSION_BASED_UNIT ( 'INCH', #6053 ) LENGTH_UNIT ( ) NAMED_UNIT ( #383 ) );
#3965 = ADVANCED_FACE ( 'NONE', ( #8762 ), #3082, .T. ) ;
#3966 =( LENGTH_UNIT ( ) NAMED_UNIT ( * ) SI_UNIT ( $, .METRE. ) );
#3967 = CARTESIAN_POINT ( 'NONE',  ( 0.09645669291338584972, 0.009842519685039373412, -0.1163385826771653475 ) ) ;
#3968 = CARTESIAN_POINT ( 'NONE',  ( 0.07480314960629921850, 0.000000000000000000, -0.1049212598425196818 ) ) ;
#3969 = EDGE_CURVE ( 'NONE', #4006, #8671, #3180, .T. ) ;
#3970 = CARTESIAN_POINT ( 'NONE',  ( -0.07795275590551181688, 0.000000000000000000, 0.07677619065068530535 ) ) ;
#3971 = FACE_OUTER_BOUND ( 'NONE', #1271, .T. ) ;
#3972 = ORIENTED_EDGE ( 'NONE', *, *, #8345, .F. ) ;
#3973 = ORIENTED_EDGE ( 'NONE', *, *, #4942, .T. ) ;
#3974 = EDGE_CURVE ( 'NONE', #7093, #4151, #5940, .T. ) ;
#3975 = VECTOR ( 'NONE', #8523, 39.37007874015748854 ) ;
#3976 = ORIENTED_EDGE ( 'NONE', *, *, #8984, .T. ) ;
#3977 =( NAMED_UNIT ( * ) SI_UNIT ( $, .STERADIAN. ) SOLID_ANGLE_UNIT ( ) );
#3978 = FACE_OUTER_BOUND ( 'NONE', #4249, .T. ) ;
#3979 =( LENGTH_UNIT ( ) NAMED_UNIT ( * ) SI_UNIT ( $, .METRE. ) );
#3980 = MECHANICAL_DESIGN_GEOMETRIC_PRESENTATION_REPRESENTATION (  '', ( #1364 ), #2231 ) ;
#3981 = CARTESIAN_POINT ( 'NONE',  ( 0.03503937007874018128, 0.01751968503937007329, 0.07846314444784678599 ) ) ;
#3982 = PRESENTATION_STYLE_ASSIGNMENT (( #590 ) ) ;
#3983 =( GEOMETRIC_REPRESENTATION_CONTEXT ( 3 ) GLOBAL_UNCERTAINTY_ASSIGNED_CONTEXT ( ( #3951 ) ) GLOBAL_UNIT_ASSIGNED_CONTEXT ( ( #4608, #3877, #7266 ) ) REPRESENTATION_CONTEXT ( 'NONE', 'WORKASPACE' ) );
#3984 = FILL_AREA_STYLE ('',( #7416 ) ) ;
#3985 = FACE_OUTER_BOUND ( 'NONE', #6289, .T. ) ;
#3986 = ORIENTED_EDGE ( 'NONE', *, *, #7188, .T. ) ;
#3987 = CARTESIAN_POINT ( 'NONE',  ( 0.08287401574803150706, -8.003460918938271148E-19, -0.01003937007874015908 ) ) ;
#3988 = VERTEX_POINT ( 'NONE', #5247 ) ;
#3989 = AXIS2_PLACEMENT_3D ( 'NONE', #6577, #4361, #2404 ) ;
#3990 = EDGE_LOOP ( 'NONE', ( #6673, #2501, #1323, #2290, #542, #7125 ) ) ;
#3991 = DIRECTION ( 'NONE',  ( 0.000000000000000000, -0.7521705405901417674, 0.6589684953534074019 ) ) ;
#3992 = LINE ( 'NONE', #7388, #7650 ) ;
#3993 = CARTESIAN_POINT ( 'NONE',  ( -0.01692913385826769201, 0.01358267716535432532, 0.07982518197702757889 ) ) ;
#3994 = FILL_AREA_STYLE ('',( #1865 ) ) ;
#3995 = ORIENTED_EDGE ( 'NONE', *, *, #2496, .T. ) ;
#3996 = EDGE_CURVE ( 'NONE', #6585, #2411, #8021, .T. ) ;
#3997 = FILL_AREA_STYLE ('',( #1925 ) ) ;
#3998 =( NAMED_UNIT ( * ) SI_UNIT ( $, .STERADIAN. ) SOLID_ANGLE_UNIT ( ) );
#3999 =( CONVERSION_BASED_UNIT ( 'INCH', #2279 ) LENGTH_UNIT ( ) NAMED_UNIT ( #5208 ) );
#4000 = CARTESIAN_POINT ( 'NONE',  ( -0.05413385826771653642, 0.009842519685039376881, -0.1072834645669291237 ) ) ;
#4001 = SURFACE_STYLE_FILL_AREA ( #1928 ) ;
#4002 = VECTOR ( 'NONE', #6266, 39.37007874015748143 ) ;
#4003 = FILL_AREA_STYLE_COLOUR ( '', #7073 ) ;
#4004 = DIRECTION ( 'NONE',  ( 0.000000000000000000, 0.7521705405901419894, -0.6589684953534071798 ) ) ;
#4005 = ORIENTED_EDGE ( 'NONE', *, *, #3475, .F. ) ;
#4006 = VERTEX_POINT ( 'NONE', #7381 ) ;
#4007 = LINE ( 'NONE', #1096, #6300 ) ;
#4008 = UNCERTAINTY_MEASURE_WITH_UNIT (LENGTH_MEASURE( 1.000000000000000082E-05 ), #2282, 'distance_accuracy_value', 'NONE');
#4009 = EDGE_CURVE ( 'NONE', #4413, #4151, #8151, .T. ) ;
#4010 =( CONVERSION_BASED_UNIT ( 'INCH', #3881 ) LENGTH_UNIT ( ) NAMED_UNIT ( #234 ) );
#4011 = STYLED_ITEM ( 'NONE', ( #1639 ), #2525 ) ;
#4012 = FILL_AREA_STYLE ('',( #493 ) ) ;
#4013 = VERTEX_POINT ( 'NONE', #3323 ) ;
#4014 = ORIENTED_EDGE ( 'NONE', *, *, #8573, .F. ) ;
#4015 = ORIENTED_EDGE ( 'NONE', *, *, #6339, .T. ) ;
#4016 = PRESENTATION_LAYER_ASSIGNMENT (  '', '', ( #7956 ) ) ;
#4017 = STYLED_ITEM ( 'NONE', ( #3456 ), #2397 ) ;
#4018 = CARTESIAN_POINT ( 'NONE',  ( -0.07480314960629920462, 0.02030456422393982566, 0.05334645669291337988 ) ) ;
#4019 = SURFACE_SIDE_STYLE ('',( #8938 ) ) ;
#4020 = CIRCLE ( 'NONE', #5216, 0.003937007874015758385 ) ;
#4021 = DIRECTION ( 'NONE',  ( -1.000000000000000000, -0.000000000000000000, -0.000000000000000000 ) ) ;
#4022 = SURFACE_SIDE_STYLE ('',( #1263 ) ) ;
#4023 = DIRECTION ( 'NONE',  ( 1.000000000000000000, 0.000000000000000000, 0.000000000000000000 ) ) ;
#4024 = ORIENTED_EDGE ( 'NONE', *, *, #5024, .F. ) ;
#4025 =( GEOMETRIC_REPRESENTATION_CONTEXT ( 3 ) GLOBAL_UNCERTAINTY_ASSIGNED_CONTEXT ( ( #8025 ) ) GLOBAL_UNIT_ASSIGNED_CONTEXT ( ( #1720, #8106, #3234 ) ) REPRESENTATION_CONTEXT ( 'NONE', 'WORKASPACE' ) );
#4026 = LINE ( 'NONE', #8811, #5243 ) ;
#4027 = ORIENTED_EDGE ( 'NONE', *, *, #7768, .F. ) ;
#4028 = UNCERTAINTY_MEASURE_WITH_UNIT (LENGTH_MEASURE( 1.000000000000000082E-05 ), #3551, 'distance_accuracy_value', 'NONE');
#4029 =( NAMED_UNIT ( * ) SI_UNIT ( $, .STERADIAN. ) SOLID_ANGLE_UNIT ( ) );
#4030 = DIRECTION ( 'NONE',  ( 0.000000000000000000, 0.000000000000000000, 1.000000000000000000 ) ) ;
#4031 = VERTEX_POINT ( 'NONE', #1219 ) ;
#4032 = AXIS2_PLACEMENT_3D ( 'NONE', #6253, #8340, #3484 ) ;
#4033 = FILL_AREA_STYLE ('',( #7646 ) ) ;
#4034 = LENGTH_MEASURE_WITH_UNIT ( LENGTH_MEASURE( 0.02539999999999999897 ), #7533 );
#4035 = DIRECTION ( 'NONE',  ( -0.7071067811865461294, 0.000000000000000000, -0.7071067811865487940 ) ) ;
#4036 = FACE_OUTER_BOUND ( 'NONE', #5831, .T. ) ;
#4037 = DIRECTION ( 'NONE',  ( 0.8660254037844379305, -0.000000000000000000, -0.5000000000000012212 ) ) ;
#4038 = VECTOR ( 'NONE', #1569, 39.37007874015748143 ) ;
#4039 = ORIENTED_EDGE ( 'NONE', *, *, #6664, .F. ) ;
#4040 = VERTEX_POINT ( 'NONE', #3987 ) ;
#4041 = AXIS2_PLACEMENT_3D ( 'NONE', #2784, #3516, #6313 ) ;
#4042 = SURFACE_STYLE_USAGE ( .BOTH. , #624 ) ;
#4043 =( GEOMETRIC_REPRESENTATION_CONTEXT ( 3 ) GLOBAL_UNCERTAINTY_ASSIGNED_CONTEXT ( ( #1199 ) ) GLOBAL_UNIT_ASSIGNED_CONTEXT ( ( #3412, #103, #8354 ) ) REPRESENTATION_CONTEXT ( 'NONE', 'WORKASPACE' ) );
#4044 = CARTESIAN_POINT ( 'NONE',  ( 0.07795275590551181688, 0.2556786355646874509, -0.09092820213934121876 ) ) ;
#4045 = EDGE_CURVE ( 'NONE', #951, #8204, #8952, .T. ) ;
#4046 = PRESENTATION_LAYER_ASSIGNMENT (  '', '', ( #594 ) ) ;
#4047 = PRESENTATION_LAYER_ASSIGNMENT (  '', '', ( #8002 ) ) ;
#4048 = STYLED_ITEM ( 'NONE', ( #4809 ), #2216 ) ;
#4049 = CARTESIAN_POINT ( 'NONE',  ( 0.08307086614173231354, 0.01822099969626658073, 0.09408128290260084348 ) ) ;
#4050 = DIRECTION ( 'NONE',  ( 0.000000000000000000, 0.000000000000000000, -1.000000000000000000 ) ) ;
#4051 = STYLED_ITEM ( 'NONE', ( #8807 ), #535 ) ;
#4052 = FILL_AREA_STYLE_COLOUR ( '', #4657 ) ;
#4053 = VERTEX_POINT ( 'NONE', #1914 ) ;
#4054 =( CONVERSION_BASED_UNIT ( 'INCH', #5472 ) LENGTH_UNIT ( ) NAMED_UNIT ( #773 ) );
#4055 = ORIENTED_EDGE ( 'NONE', *, *, #1388, .F. ) ;
#4056 = COLOUR_RGB ( '',0.7921568627450980005, 0.8196078431372548767, 0.9333333333333333481 ) ;
#4057 = ORIENTED_EDGE ( 'NONE', *, *, #1242, .F. ) ;
#4058 = CARTESIAN_POINT ( 'NONE',  ( -0.06692913385826769479, 0.01751968503937008370, 0.07846314444784678599 ) ) ;
#4059 = STYLED_ITEM ( 'NONE', ( #3955 ), #2847 ) ;
#4060 = DIRECTION ( 'NONE',  ( -1.000000000000000000, 0.000000000000000000, -0.000000000000000000 ) ) ;
#4061 =( LENGTH_UNIT ( ) NAMED_UNIT ( * ) SI_UNIT ( $, .METRE. ) );
#4062 = VECTOR ( 'NONE', #2486, 39.37007874015748143 ) ;
#4063 = DIRECTION ( 'NONE',  ( 0.000000000000000000, 0.7521705405901403241, -0.6589684953534089562 ) ) ;
#4064 = SURFACE_SIDE_STYLE ('',( #7635 ) ) ;
#4065 = SURFACE_STYLE_USAGE ( .BOTH. , #6481 ) ;
#4066 = MECHANICAL_DESIGN_GEOMETRIC_PRESENTATION_REPRESENTATION (  '', ( #1470 ), #6433 ) ;
#4067 = AXIS2_PLACEMENT_3D ( 'NONE', #6468, #4974, #7018 ) ;
#4068 =( LENGTH_UNIT ( ) NAMED_UNIT ( * ) SI_UNIT ( $, .METRE. ) );
#4069 = ORIENTED_EDGE ( 'NONE', *, *, #3477, .F. ) ;
#4070 = LENGTH_MEASURE_WITH_UNIT ( LENGTH_MEASURE( 0.02539999999999999897 ), #6751 );
#4071 = SURFACE_SIDE_STYLE ('',( #7386 ) ) ;
#4072 = MECHANICAL_DESIGN_GEOMETRIC_PRESENTATION_REPRESENTATION (  '', ( #7869 ), #8037 ) ;
#4073 = EDGE_CURVE ( 'NONE', #8400, #3340, #5613, .T. ) ;
#4074 = ORIENTED_EDGE ( 'NONE', *, *, #7202, .T. ) ;
#4075 = CARTESIAN_POINT ( 'NONE',  ( 0.03503937007874018128, 0.02244094488188976347, 0.07893700787401573826 ) ) ;
#4076 = CARTESIAN_POINT ( 'NONE',  ( -0.01496062992125982496, 0.006220377944235639354, 0.1048859017339656141 ) ) ;
#4077 = EDGE_CURVE ( 'NONE', #1267, #8745, #2808, .T. ) ;
#4078 = LENGTH_MEASURE_WITH_UNIT ( LENGTH_MEASURE( 0.02539999999999999897 ), #2777 );
#4079 = LINE ( 'NONE', #1137, #1156 ) ;
#4080 = CARTESIAN_POINT ( 'NONE',  ( 0.03307086614173231076, 0.006485910387336710561, 0.1043622680348770537 ) ) ;
#4081 = PRESENTATION_STYLE_ASSIGNMENT (( #567 ) ) ;
#4082 = UNCERTAINTY_MEASURE_WITH_UNIT (LENGTH_MEASURE( 1.000000000000000082E-05 ), #7613, 'distance_accuracy_value', 'NONE');
#4083 = SURFACE_SIDE_STYLE ('',( #4745 ) ) ;
#4084 = VERTEX_POINT ( 'NONE', #2310 ) ;
#4085 = ORIENTED_EDGE ( 'NONE', *, *, #630, .F. ) ;
#4086 = UNCERTAINTY_MEASURE_WITH_UNIT (LENGTH_MEASURE( 1.000000000000000082E-05 ), #1741, 'distance_accuracy_value', 'NONE');
#4087 = FILL_AREA_STYLE ('',( #5507 ) ) ;
#4088 = CARTESIAN_POINT ( 'NONE',  ( 0.09783464566929131467, 0.2556786355646874509, -0.004527559055118113643 ) ) ;
#4089 = PRESENTATION_STYLE_ASSIGNMENT (( #4661 ) ) ;
#4090 = CARTESIAN_POINT ( 'NONE',  ( 0.03307086614173231076, 0.006220377944235661906, 0.1048859017339656141 ) ) ;
#4091 = CARTESIAN_POINT ( 'NONE',  ( 0.08307086614173231354, -0.003584687981864217131, 0.1040280696203075700 ) ) ;
#4092 =( NAMED_UNIT ( * ) PLANE_ANGLE_UNIT ( ) SI_UNIT ( $, .RADIAN. ) );
#4093 = ORIENTED_EDGE ( 'NONE', *, *, #2776, .F. ) ;
#4094 =( NAMED_UNIT ( * ) SI_UNIT ( $, .STERADIAN. ) SOLID_ANGLE_UNIT ( ) );
#4095 = ORIENTED_EDGE ( 'NONE', *, *, #3900, .F. ) ;
#4096 = EDGE_CURVE ( 'NONE', #7423, #298, #4262, .T. ) ;
#4097 = EDGE_LOOP ( 'NONE', ( #6038, #1763, #6978, #4995 ) ) ;
#4098 =( NAMED_UNIT ( * ) PLANE_ANGLE_UNIT ( ) SI_UNIT ( $, .RADIAN. ) );
#4099 = LENGTH_MEASURE_WITH_UNIT ( LENGTH_MEASURE( 0.02539999999999999897 ), #7509 );
#4100 = CARTESIAN_POINT ( 'NONE',  ( 0.09783464566929132855, 0.009842519685039369942, -0.01003937007874015908 ) ) ;
#4101 = DIRECTION ( 'NONE',  ( 1.000000000000000000, 0.000000000000000000, 0.000000000000000000 ) ) ;
#4102 = CARTESIAN_POINT ( 'NONE',  ( 0.08503937007874018406, -0.004999999999999999237, 0.1202051600123263675 ) ) ;
#4103 = LINE ( 'NONE', #2799, #1846 ) ;
#4104 = AXIS2_PLACEMENT_3D ( 'NONE', #5757, #4934, #1496 ) ;
#4105 = FILL_AREA_STYLE_COLOUR ( '', #5430 ) ;
#4106 = CARTESIAN_POINT ( 'NONE',  ( -0.1009842519685039408, 0.000000000000000000, -0.001377952755905503552 ) ) ;
#4107 = ORIENTED_EDGE ( 'NONE', *, *, #2588, .T. ) ;
#4108 = PRESENTATION_LAYER_ASSIGNMENT (  '', '', ( #1503 ) ) ;
#4109 = VECTOR ( 'NONE', #3656, 39.37007874015748143 ) ;
#4110 = LINE ( 'NONE', #2844, #6542 ) ;
#4111 = PRESENTATION_STYLE_ASSIGNMENT (( #6837 ) ) ;
#4112 = EDGE_CURVE ( 'NONE', #6192, #8343, #3721, .T. ) ;
#4113 = VERTEX_POINT ( 'NONE', #3591 ) ;
#4114 = DIRECTION ( 'NONE',  ( 0.1736481776669338839, 0.9848077530122073542, -0.000000000000000000 ) ) ;
#4115 = VECTOR ( 'NONE', #8924, 39.37007874015748143 ) ;
#4116 = COLOUR_RGB ( '',0.7921568627450980005, 0.8196078431372548767, 0.9333333333333333481 ) ;
#4117 = EDGE_CURVE ( 'NONE', #3921, #3309, #7884, .T. ) ;
#4118 = LENGTH_MEASURE_WITH_UNIT ( LENGTH_MEASURE( 0.02539999999999999897 ), #8259 );
#4119 = CARTESIAN_POINT ( 'NONE',  ( -0.09242075248266305720, 0.009842519685039369942, -0.004527559055118116245 ) ) ;
#4120 = PRESENTATION_LAYER_ASSIGNMENT (  '', '', ( #2829 ) ) ;
#4121 = DIRECTION ( 'NONE',  ( 0.000000000000000000, 0.000000000000000000, -1.000000000000000000 ) ) ;
#4122 = DIRECTION ( 'NONE',  ( 1.000000000000000000, 0.000000000000000000, -0.000000000000000000 ) ) ;
#4123 = PRESENTATION_STYLE_ASSIGNMENT (( #5596 ) ) ;
#4124 = EDGE_LOOP ( 'NONE', ( #8693, #6592, #4593, #1611, #2155, #3852, #3830, #4517 ) ) ;
#4125 = DIRECTION ( 'NONE',  ( 0.000000000000000000, 1.000000000000000000, 0.000000000000000000 ) ) ;
#4126 = FILL_AREA_STYLE ('',( #6857 ) ) ;
#4127 = EDGE_CURVE ( 'NONE', #2560, #7403, #1640, .T. ) ;
#4128 = PRESENTATION_LAYER_ASSIGNMENT (  '', '', ( #6493 ) ) ;
#4129 = VECTOR ( 'NONE', #1202, 39.37007874015748143 ) ;
#4130 =( NAMED_UNIT ( * ) SI_UNIT ( $, .STERADIAN. ) SOLID_ANGLE_UNIT ( ) );
#4131 = FILL_AREA_STYLE_COLOUR ( '', #7786 ) ;
#4132 = LENGTH_MEASURE_WITH_UNIT ( LENGTH_MEASURE( 0.02539999999999999897 ), #3938 );
#4133 = UNCERTAINTY_MEASURE_WITH_UNIT (LENGTH_MEASURE( 1.000000000000000082E-05 ), #596, 'distance_accuracy_value', 'NONE');
#4134 = FILL_AREA_STYLE ('',( #1373 ) ) ;
#4135 = VECTOR ( 'NONE', #8261, 39.37007874015748854 ) ;
#4136 = VERTEX_POINT ( 'NONE', #848 ) ;
#4137 = ORIENTED_EDGE ( 'NONE', *, *, #5144, .T. ) ;
#4138 = EDGE_LOOP ( 'NONE', ( #164, #2152, #5941, #7382, #631 ) ) ;
#4139 = FILL_AREA_STYLE_COLOUR ( '', #5749 ) ;
#4140 = ADVANCED_FACE ( 'NONE', ( #7791 ), #2271, .T. ) ;
#4141 = PRESENTATION_LAYER_ASSIGNMENT (  '', '', ( #8533 ) ) ;
#4142 =( NAMED_UNIT ( * ) PLANE_ANGLE_UNIT ( ) SI_UNIT ( $, .RADIAN. ) );
#4143 = DIRECTION ( 'NONE',  ( 0.000000000000000000, 0.000000000000000000, 1.000000000000000000 ) ) ;
#4144 = PLANE ( 'NONE',  #5687 ) ;
#4145 = CARTESIAN_POINT ( 'NONE',  ( 0.03307086614173231770, -0.004999999999999999237, 0.1202051600123263675 ) ) ;
#4146 = SURFACE_STYLE_FILL_AREA ( #85 ) ;
#4147 = VECTOR ( 'NONE', #8145, 39.37007874015748143 ) ;
#4148 = PRESENTATION_LAYER_ASSIGNMENT (  '', '', ( #5349 ) ) ;
#4149 = PRESENTATION_STYLE_ASSIGNMENT (( #3533 ) ) ;
#4150 = PRESENTATION_LAYER_ASSIGNMENT (  '', '', ( #2576 ) ) ;
#4151 = VERTEX_POINT ( 'NONE', #2141 ) ;
#4152 = FACE_OUTER_BOUND ( 'NONE', #5905, .T. ) ;
#4153 = STYLED_ITEM ( 'NONE', ( #1969 ), #8341 ) ;
#4154 = SURFACE_STYLE_USAGE ( .BOTH. , #4289 ) ;
#4155 = EDGE_CURVE ( 'NONE', #627, #5883, #7620, .T. ) ;
#4156 =( LENGTH_UNIT ( ) NAMED_UNIT ( * ) SI_UNIT ( $, .METRE. ) );
#4157 = ORIENTED_EDGE ( 'NONE', *, *, #2796, .T. ) ;
#4158 =( NAMED_UNIT ( * ) SI_UNIT ( $, .STERADIAN. ) SOLID_ANGLE_UNIT ( ) );
#4159 =( NAMED_UNIT ( * ) SI_UNIT ( $, .STERADIAN. ) SOLID_ANGLE_UNIT ( ) );
#4160 = LINE ( 'NONE', #6843, #5917 ) ;
#4161 = COLOUR_RGB ( '',0.7921568627450980005, 0.8196078431372548767, 0.9333333333333333481 ) ;
#4162 = EDGE_CURVE ( 'NONE', #7518, #7409, #7832, .T. ) ;
#4163 = DIRECTION ( 'NONE',  ( -0.000000000000000000, -1.000000000000000000, 0.000000000000000000 ) ) ;
#4164 = CARTESIAN_POINT ( 'NONE',  ( -0.08287401574803150706, 0.000000000000000000, -0.01003937007874015908 ) ) ;
#4165 = LINE ( 'NONE', #6971, #8452 ) ;
#4166 = CARTESIAN_POINT ( 'NONE',  ( 0.09645669291338582196, 2.134256245050205639E-18, -0.09092820213934120488 ) ) ;
#4167 = FILL_AREA_STYLE_COLOUR ( '', #3289 ) ;
#4168 = ADVANCED_BREP_SHAPE_REPRESENTATION ( '', ( #30, #5996, #5946, #8928, #2847, #2983, #8953, #579 ), #3904 ) ;
#4169 = ORIENTED_EDGE ( 'NONE', *, *, #5029, .T. ) ;
#4170 = PRESENTATION_STYLE_ASSIGNMENT (( #8401 ) ) ;
#4171 = DIRECTION ( 'NONE',  ( 0.000000000000000000, -0.9953961983671792968, -0.09584575252021750036 ) ) ;
#4172 = STYLED_ITEM ( 'NONE', ( #961 ), #8835 ) ;
#4173 = EDGE_CURVE ( 'NONE', #8548, #1734, #7695, .T. ) ;
#4174 = SURFACE_SIDE_STYLE ('',( #7660 ) ) ;
#4175 = SURFACE_STYLE_USAGE ( .BOTH. , #5762 ) ;
#4176 =( CONVERSION_BASED_UNIT ( 'INCH', #1417 ) LENGTH_UNIT ( ) NAMED_UNIT ( #2867 ) );
#4177 = LENGTH_MEASURE_WITH_UNIT ( LENGTH_MEASURE( 0.02539999999999999897 ), #5679 );
#4178 = SURFACE_STYLE_USAGE ( .BOTH. , #1291 ) ;
#4179 = STYLED_ITEM ( 'NONE', ( #4274 ), #9016 ) ;
#4180 = VERTEX_POINT ( 'NONE', #3677 ) ;
#4181 = DIRECTION ( 'NONE',  ( 0.000000000000000000, -0.08715574274765768015, 0.9961946980917456562 ) ) ;
#4182 = ORIENTED_EDGE ( 'NONE', *, *, #8894, .F. ) ;
#4183 = VECTOR ( 'NONE', #476, 39.37007874015748854 ) ;
#4184 = VERTEX_POINT ( 'NONE', #7198 ) ;
#4185 = AXIS2_PLACEMENT_3D ( 'NONE', #1505, #7710, #5638 ) ;
#4186 = COLOUR_RGB ( '',0.2509803921568627416, 0.2509803921568627416, 0.2509803921568627416 ) ;
#4187 =( CONVERSION_BASED_UNIT ( 'INCH', #5686 ) LENGTH_UNIT ( ) NAMED_UNIT ( #3158 ) );
#4188 = DIMENSIONAL_EXPONENTS ( 1.000000000000000000, 0.000000000000000000, 0.000000000000000000, 0.000000000000000000, 0.000000000000000000, 0.000000000000000000, 0.000000000000000000 ) ;
#4189 = DIRECTION ( 'NONE',  ( -1.971091940197113801E-16, 0.000000000000000000, 1.000000000000000000 ) ) ;
#4190 = CARTESIAN_POINT ( 'NONE',  ( -0.03307086614173226219, 0.01751968503937007329, 0.07982518197702757889 ) ) ;
#4191 = AXIS2_PLACEMENT_3D ( 'NONE', #1487, #329, #4251 ) ;
#4192 = FILL_AREA_STYLE_COLOUR ( '', #443 ) ;
#4193 = DIRECTION ( 'NONE',  ( 1.000000000000000000, 0.000000000000000000, 0.000000000000000000 ) ) ;
#4194 = SURFACE_STYLE_FILL_AREA ( #2034 ) ;
#4195 = CARTESIAN_POINT ( 'NONE',  ( 0.07795275590551181688, 0.000000000000000000, 0.01909448818897638636 ) ) ;
#4196 =( GEOMETRIC_REPRESENTATION_CONTEXT ( 3 ) GLOBAL_UNCERTAINTY_ASSIGNED_CONTEXT ( ( #8161 ) ) GLOBAL_UNIT_ASSIGNED_CONTEXT ( ( #7748, #2924, #7076 ) ) REPRESENTATION_CONTEXT ( 'NONE', 'WORKASPACE' ) );
#4197 = VECTOR ( 'NONE', #4405, 39.37007874015748143 ) ;
#4198 = DIRECTION ( 'NONE',  ( 0.000000000000000000, 3.133916943292842690E-15, 1.000000000000000000 ) ) ;
#4199 = ORIENTED_EDGE ( 'NONE', *, *, #5092, .T. ) ;
#4200 = VECTOR ( 'NONE', #1672, 39.37007874015748143 ) ;
#4201 = STYLED_ITEM ( 'NONE', ( #5287 ), #2779 ) ;
#4202 = MECHANICAL_DESIGN_GEOMETRIC_PRESENTATION_REPRESENTATION (  '', ( #2911 ), #167 ) ;
#4203 = VECTOR ( 'NONE', #2470, 39.37007874015748143 ) ;
#4204 = SURFACE_SIDE_STYLE ('',( #756 ) ) ;
#4205 = DIRECTION ( 'NONE',  ( 0.000000000000000000, -0.9953961983671795188, -0.09584575252021751424 ) ) ;
#4206 = VECTOR ( 'NONE', #2194, 39.37007874015748143 ) ;
#4207 = MECHANICAL_DESIGN_GEOMETRIC_PRESENTATION_REPRESENTATION (  '', ( #5698 ), #1010 ) ;
#4208 = MECHANICAL_DESIGN_GEOMETRIC_PRESENTATION_REPRESENTATION (  '', ( #462 ), #3646 ) ;
#4209 = FACE_OUTER_BOUND ( 'NONE', #5125, .T. ) ;
#4210 = ORIENTED_EDGE ( 'NONE', *, *, #4272, .F. ) ;
#4211 = STYLED_ITEM ( 'NONE', ( #7943 ), #6962 ) ;
#4212 =( NAMED_UNIT ( * ) PLANE_ANGLE_UNIT ( ) SI_UNIT ( $, .RADIAN. ) );
#4213 = CARTESIAN_POINT ( 'NONE',  ( 0.08307086614173231354, 0.01751968503937007329, 0.07846314444784678599 ) ) ;
#4214 = EDGE_CURVE ( 'NONE', #1218, #2720, #236, .T. ) ;
#4215 =( GEOMETRIC_REPRESENTATION_CONTEXT ( 3 ) GLOBAL_UNCERTAINTY_ASSIGNED_CONTEXT ( ( #4990 ) ) GLOBAL_UNIT_ASSIGNED_CONTEXT ( ( #3964, #5321, #395 ) ) REPRESENTATION_CONTEXT ( 'NONE', 'WORKASPACE' ) );
#4216 =( CONVERSION_BASED_UNIT ( 'INCH', #7649 ) LENGTH_UNIT ( ) NAMED_UNIT ( #8090 ) );
#4217 = CARTESIAN_POINT ( 'NONE',  ( 0.06496062992125986590, 0.01728225441254295155, 0.08117171797437273961 ) ) ;
#4218 = LINE ( 'NONE', #6894, #7516 ) ;
#4219 = SURFACE_STYLE_USAGE ( .BOTH. , #4349 ) ;
#4220 =( LENGTH_UNIT ( ) NAMED_UNIT ( * ) SI_UNIT ( $, .METRE. ) );
#4221 = CARTESIAN_POINT ( 'NONE',  ( 0.09645669291338582196, 0.009842519685039361269, -0.09311023622047244486 ) ) ;
#4222 = ORIENTED_EDGE ( 'NONE', *, *, #6284, .T. ) ;
#4223 = LENGTH_MEASURE_WITH_UNIT ( LENGTH_MEASURE( 0.02539999999999999897 ), #2013 );
#4224 = FILL_AREA_STYLE ('',( #5119 ) ) ;
#4225 = DIRECTION ( 'NONE',  ( 0.000000000000000000, 0.6589684953534065137, 0.7521705405901426555 ) ) ;
#4226 = SURFACE_SIDE_STYLE ('',( #8968 ) ) ;
#4227 = UNCERTAINTY_MEASURE_WITH_UNIT (LENGTH_MEASURE( 1.000000000000000082E-05 ), #8046, 'distance_accuracy_value', 'NONE');
#4228 = CARTESIAN_POINT ( 'NONE',  ( -0.07480314960629920462, 0.04488188976377952694, 0.06515748031496061687 ) ) ;
#4229 = EDGE_CURVE ( 'NONE', #3860, #3988, #938, .T. ) ;
#4230 = EDGE_LOOP ( 'NONE', ( #494, #665, #3862, #6213 ) ) ;
#4231 = FILL_AREA_STYLE_COLOUR ( '', #1434 ) ;
#4232 = ORIENTED_EDGE ( 'NONE', *, *, #7097, .F. ) ;
#4233 = ORIENTED_EDGE ( 'NONE', *, *, #4073, .F. ) ;
#4234 = CARTESIAN_POINT ( 'NONE',  ( 0.08307086614173231354, 0.02736220472440943630, 0.07982518197702757889 ) ) ;
#4235 = ADVANCED_FACE ( 'NONE', ( #537 ), #3842, .T. ) ;
#4236 = CARTESIAN_POINT ( 'NONE',  ( 0.08503937007874018406, 0.01173508930892990659, 0.08667802955033566958 ) ) ;
#4237 = CARTESIAN_POINT ( 'NONE',  ( -0.06692913385826769479, 0.006220377944235657569, 0.1048859017339656141 ) ) ;
#4238 = LINE ( 'NONE', #708, #5253 ) ;
#4239 = SURFACE_SIDE_STYLE ('',( #4194 ) ) ;
#4240 = EDGE_CURVE ( 'NONE', #4184, #3431, #3075, .T. ) ;
#4241 =( LENGTH_UNIT ( ) NAMED_UNIT ( * ) SI_UNIT ( $, .METRE. ) );
#4242 = LINE ( 'NONE', #2162, #861 ) ;
#4243 = EDGE_CURVE ( 'NONE', #4422, #1267, #265, .T. ) ;
#4244 = ORIENTED_EDGE ( 'NONE', *, *, #3572, .F. ) ;
#4245 = VECTOR ( 'NONE', #895, 39.37007874015748143 ) ;
#4246 = CARTESIAN_POINT ( 'NONE',  ( -0.07795275590551181688, 0.000000000000000000, 0.01003937007874015040 ) ) ;
#4247 = DIMENSIONAL_EXPONENTS ( 1.000000000000000000, 0.000000000000000000, 0.000000000000000000, 0.000000000000000000, 0.000000000000000000, 0.000000000000000000, 0.000000000000000000 ) ;
#4248 =( LENGTH_UNIT ( ) NAMED_UNIT ( * ) SI_UNIT ( $, .METRE. ) );
#4249 = EDGE_LOOP ( 'NONE', ( #4761, #3744, #1155, #8133 ) ) ;
#4250 = LINE ( 'NONE', #1575, #7864 ) ;
#4251 = DIRECTION ( 'NONE',  ( 0.000000000000000000, 0.000000000000000000, -1.000000000000000000 ) ) ;
#4252 = DIRECTION ( 'NONE',  ( 0.000000000000000000, 0.9953961983671792968, 0.09584575252021750036 ) ) ;
#4253 = ADVANCED_FACE ( 'NONE', ( #6597 ), #8005, .T. ) ;
#4254 = FILL_AREA_STYLE ('',( #6476 ) ) ;
#4255 = FILL_AREA_STYLE_COLOUR ( '', #728 ) ;
#4256 =( NAMED_UNIT ( * ) SI_UNIT ( $, .STERADIAN. ) SOLID_ANGLE_UNIT ( ) );
#4257 =( NAMED_UNIT ( * ) PLANE_ANGLE_UNIT ( ) SI_UNIT ( $, .RADIAN. ) );
#4258 = EDGE_CURVE ( 'NONE', #4151, #1780, #5978, .T. ) ;
#4260 = DIRECTION ( 'NONE',  ( 0.000000000000000000, 1.000000000000000000, -0.000000000000000000 ) ) ;
#4259 = COLOUR_RGB ( '',0.7921568627450980005, 0.8196078431372548767, 0.9333333333333333481 ) ;
#4261 = VECTOR ( 'NONE', #7588, 39.37007874015748854 ) ;
#4262 = LINE ( 'NONE', #3642, #357 ) ;
#4263 = ORIENTED_EDGE ( 'NONE', *, *, #3883, .T. ) ;
#4264 = ORIENTED_EDGE ( 'NONE', *, *, #2997, .F. ) ;
#4265 =( NAMED_UNIT ( * ) SI_UNIT ( $, .STERADIAN. ) SOLID_ANGLE_UNIT ( ) );
#4266 = DIRECTION ( 'NONE',  ( 0.7071067811865489050, 0.000000000000000000, -0.7071067811865462405 ) ) ;
#4267 = COLOUR_RGB ( '',0.7921568627450980005, 0.8196078431372548767, 0.9333333333333333481 ) ;
#4268 = PLANE ( 'NONE',  #3358 ) ;
#4269 = DIRECTION ( 'NONE',  ( -1.000000000000000000, -0.000000000000000000, -0.000000000000000000 ) ) ;
#4270 =( LENGTH_UNIT ( ) NAMED_UNIT ( * ) SI_UNIT ( $, .METRE. ) );
#4271 = SURFACE_STYLE_USAGE ( .BOTH. , #7749 ) ;
#4272 = EDGE_CURVE ( 'NONE', #4413, #4053, #4574, .T. ) ;
#4273 = ORIENTED_EDGE ( 'NONE', *, *, #5317, .F. ) ;
#4274 = PRESENTATION_STYLE_ASSIGNMENT (( #5767 ) ) ;
#4275 = VECTOR ( 'NONE', #500, 39.37007874015748143 ) ;
#4276 = ORIENTED_EDGE ( 'NONE', *, *, #8490, .T. ) ;
#4277 = DIMENSIONAL_EXPONENTS ( 1.000000000000000000, 0.000000000000000000, 0.000000000000000000, 0.000000000000000000, 0.000000000000000000, 0.000000000000000000, 0.000000000000000000 ) ;
#4278 = ORIENTED_EDGE ( 'NONE', *, *, #6642, .T. ) ;
#4279 = DIRECTION ( 'NONE',  ( 0.000000000000000000, -0.9659258262890679791, 0.2588190451025212391 ) ) ;
#4280 = DIRECTION ( 'NONE',  ( 1.000000000000000000, 0.000000000000000000, 0.000000000000000000 ) ) ;
#4281 = ADVANCED_FACE ( 'NONE', ( #2628 ), #6818, .T. ) ;
#4282 = DIRECTION ( 'NONE',  ( -1.000000000000000000, -0.000000000000000000, -0.000000000000000000 ) ) ;
#4283 = CARTESIAN_POINT ( 'NONE',  ( -0.07795275590551181688, 0.009842519685039369942, 0.01909448818897638636 ) ) ;
#4284 = STYLED_ITEM ( 'NONE', ( #5315 ), #7356 ) ;
#4285 = FILL_AREA_STYLE ('',( #1521 ) ) ;
#4286 = EDGE_LOOP ( 'NONE', ( #3643, #4919, #3742, #2500, #4501, #3342 ) ) ;
#4287 = AXIS2_PLACEMENT_3D ( 'NONE', #4871, #3, #4205 ) ;
#4288 = LENGTH_MEASURE_WITH_UNIT ( LENGTH_MEASURE( 0.02539999999999999897 ), #6963 );
#4289 = SURFACE_SIDE_STYLE ('',( #50 ) ) ;
#4290 = CARTESIAN_POINT ( 'NONE',  ( 0.08503937007874018406, 0.02653119753051446511, 0.08453805796773562753 ) ) ;
#4291 = COLOUR_RGB ( '',0.7921568627450980005, 0.8196078431372548767, 0.9333333333333333481 ) ;
#4292 = COLOUR_RGB ( '',0.2509803921568627416, 0.2509803921568627416, 0.2509803921568627416 ) ;
#4293 = DIRECTION ( 'NONE',  ( 0.000000000000000000, -0.000000000000000000, 1.000000000000000000 ) ) ;
#4294 = MECHANICAL_DESIGN_GEOMETRIC_PRESENTATION_REPRESENTATION (  '', ( #950 ), #4446 ) ;
#4295 =( NAMED_UNIT ( * ) SI_UNIT ( $, .STERADIAN. ) SOLID_ANGLE_UNIT ( ) );
#4296 =( NAMED_UNIT ( * ) PLANE_ANGLE_UNIT ( ) SI_UNIT ( $, .RADIAN. ) );
#4297 = DIRECTION ( 'NONE',  ( -1.000000000000000000, -0.000000000000000000, -0.000000000000000000 ) ) ;
#4298 = ORIENTED_EDGE ( 'NONE', *, *, #7605, .T. ) ;
#4299 = EDGE_LOOP ( 'NONE', ( #6318, #5100, #7548, #1724, #8921, #7624, #3369 ) ) ;
#4300 = STYLED_ITEM ( 'NONE', ( #8828 ), #8344 ) ;
#4301 = CARTESIAN_POINT ( 'NONE',  ( -0.01692913385826769201, 0.02653119753051446858, 0.08453805796773562753 ) ) ;
#4302 =( LENGTH_UNIT ( ) NAMED_UNIT ( * ) SI_UNIT ( $, .METRE. ) );
#4303 =( LENGTH_UNIT ( ) NAMED_UNIT ( * ) SI_UNIT ( $, .METRE. ) );
#4304 =( CONVERSION_BASED_UNIT ( 'INCH', #2186 ) LENGTH_UNIT ( ) NAMED_UNIT ( #3098 ) );
#4305 = COLOUR_RGB ( '',0.7921568627450980005, 0.8196078431372548767, 0.9333333333333333481 ) ;
#4306 = PRESENTATION_STYLE_ASSIGNMENT (( #1542 ) ) ;
#4307 = ORIENTED_EDGE ( 'NONE', *, *, #8668, .T. ) ;
#4308 = SURFACE_STYLE_USAGE ( .BOTH. , #238 ) ;
#4309 = DIMENSIONAL_EXPONENTS ( 1.000000000000000000, 0.000000000000000000, 0.000000000000000000, 0.000000000000000000, 0.000000000000000000, 0.000000000000000000, 0.000000000000000000 ) ;
#4310 = PLANE ( 'NONE',  #921 ) ;
#4311 = CARTESIAN_POINT ( 'NONE',  ( 0.08287401574803150706, 0.009842519685039369942, 0.01003937007874015040 ) ) ;
#4312 = CARTESIAN_POINT ( 'NONE',  ( 0.09645669291338584972, 0.2556786355646874509, -0.1049212598425196818 ) ) ;
#4313 =( LENGTH_UNIT ( ) NAMED_UNIT ( * ) SI_UNIT ( $, .METRE. ) );
#4314 =( NAMED_UNIT ( * ) SI_UNIT ( $, .STERADIAN. ) SOLID_ANGLE_UNIT ( ) );
#4315 = ORIENTED_EDGE ( 'NONE', *, *, #7641, .T. ) ;
#4316 = ORIENTED_EDGE ( 'NONE', *, *, #4391, .T. ) ;
#4317 = ORIENTED_EDGE ( 'NONE', *, *, #2647, .F. ) ;
#4318 = ADVANCED_FACE ( 'NONE', ( #2709 ), #4859, .T. ) ;
#4319 = FILL_AREA_STYLE_COLOUR ( '', #7916 ) ;
#4320 = SURFACE_SIDE_STYLE ('',( #5036 ) ) ;
#4321 = VECTOR ( 'NONE', #3899, 39.37007874015748143 ) ;
#4322 = DIRECTION ( 'NONE',  ( 1.000000000000000000, 0.000000000000000000, 0.000000000000000000 ) ) ;
#4323 = DIRECTION ( 'NONE',  ( -1.000000000000000000, -0.000000000000000000, -0.000000000000000000 ) ) ;
#4324 =( GEOMETRIC_REPRESENTATION_CONTEXT ( 3 ) GLOBAL_UNCERTAINTY_ASSIGNED_CONTEXT ( ( #8250 ) ) GLOBAL_UNIT_ASSIGNED_CONTEXT ( ( #4870, #91, #1387 ) ) REPRESENTATION_CONTEXT ( 'NONE', 'WORKASPACE' ) );
#4325 = MECHANICAL_DESIGN_GEOMETRIC_PRESENTATION_REPRESENTATION (  '', ( #5550 ), #3039 ) ;
#4326 = ORIENTED_EDGE ( 'NONE', *, *, #5124, .T. ) ;
#4327 = STYLED_ITEM ( 'NONE', ( #6616 ), #303 ) ;
#4328 = DIMENSIONAL_EXPONENTS ( 1.000000000000000000, 0.000000000000000000, 0.000000000000000000, 0.000000000000000000, 0.000000000000000000, 0.000000000000000000, 0.000000000000000000 ) ;
#4329 = LENGTH_MEASURE_WITH_UNIT ( LENGTH_MEASURE( 0.02539999999999999897 ), #1568 );
#4331 = SURFACE_STYLE_USAGE ( .BOTH. , #8699 ) ;
#4330 = VECTOR ( 'NONE', #525, 39.37007874015748143 ) ;
#4332 = AXIS2_PLACEMENT_3D ( 'NONE', #2730, #3288, #6098 ) ;
#4333 = VECTOR ( 'NONE', #1801, 39.37007874015748143 ) ;
#4334 =( LENGTH_UNIT ( ) NAMED_UNIT ( * ) SI_UNIT ( $, .METRE. ) );
#4335 = PRESENTATION_STYLE_ASSIGNMENT (( #1573 ) ) ;
#4336 = VECTOR ( 'NONE', #3753, 39.37007874015748143 ) ;
#4337 = CARTESIAN_POINT ( 'NONE',  ( 0.08503937007874018406, 0.02266295170762570171, 0.09018973667019880569 ) ) ;
#4338 = MECHANICAL_DESIGN_GEOMETRIC_PRESENTATION_REPRESENTATION (  '', ( #8459 ), #5699 ) ;
#4339 = LINE ( 'NONE', #3081, #7434 ) ;
#4340 =( NAMED_UNIT ( * ) SI_UNIT ( $, .STERADIAN. ) SOLID_ANGLE_UNIT ( ) );
#4341 = VERTEX_POINT ( 'NONE', #8884 ) ;
#4342 = MECHANICAL_DESIGN_GEOMETRIC_PRESENTATION_REPRESENTATION (  '', ( #6147 ), #719 ) ;
#4343 = VECTOR ( 'NONE', #6657, 39.37007874015748143 ) ;
#4344 = EDGE_LOOP ( 'NONE', ( #3223, #1923, #5952, #962, #8160, #2221, #2917, #7918 ) ) ;
#4345 = EDGE_CURVE ( 'NONE', #7984, #5234, #543, .T. ) ;
#4346 = SURFACE_STYLE_USAGE ( .BOTH. , #6390 ) ;
#4347 = VECTOR ( 'NONE', #6662, 39.37007874015748143 ) ;
#4348 = UNCERTAINTY_MEASURE_WITH_UNIT (LENGTH_MEASURE( 1.000000000000000082E-05 ), #8531, 'distance_accuracy_value', 'NONE');
#4349 = SURFACE_SIDE_STYLE ('',( #7692 ) ) ;
#4350 = STYLED_ITEM ( 'NONE', ( #6247 ), #6961 ) ;
#4351 = PRESENTATION_STYLE_ASSIGNMENT (( #2993 ) ) ;
#4352 = VECTOR ( 'NONE', #8060, 39.37007874015748854 ) ;
#4353 = SURFACE_STYLE_FILL_AREA ( #5060 ) ;
#4354 = CARTESIAN_POINT ( 'NONE',  ( -0.08307086614173225803, 0.01173508930892991006, 0.08667802955033566958 ) ) ;
#4355 = ORIENTED_EDGE ( 'NONE', *, *, #8532, .T. ) ;
#4356 = EDGE_CURVE ( 'NONE', #4422, #6519, #1946, .T. ) ;
#4357 = DIRECTION ( 'NONE',  ( 0.000000000000000000, 0.000000000000000000, 1.000000000000000000 ) ) ;
#4358 = DIRECTION ( 'NONE',  ( -1.000000000000000000, -0.000000000000000000, -0.000000000000000000 ) ) ;
#4359 = COLOUR_RGB ( '',0.7921568627450980005, 0.8196078431372548767, 0.9333333333333333481 ) ;
#4360 = DIMENSIONAL_EXPONENTS ( 1.000000000000000000, 0.000000000000000000, 0.000000000000000000, 0.000000000000000000, 0.000000000000000000, 0.000000000000000000, 0.000000000000000000 ) ;
#4361 = DIRECTION ( 'NONE',  ( 0.000000000000000000, -0.6589684953534090672, -0.7521705405901404351 ) ) ;
#4362 = PRESENTATION_STYLE_ASSIGNMENT (( #7838 ) ) ;
#4363 = DIRECTION ( 'NONE',  ( -1.000000000000000000, 0.000000000000000000, -0.000000000000000000 ) ) ;
#4364 = SURFACE_STYLE_FILL_AREA ( #902 ) ;
#4365 = VECTOR ( 'NONE', #4171, 39.37007874015748854 ) ;
#4366 = CARTESIAN_POINT ( 'NONE',  ( -0.07480314960629920462, 0.03700787401574803098, 0.05334645669291337988 ) ) ;
#4367 = VERTEX_POINT ( 'NONE', #4058 ) ;
#4368 = VERTEX_POINT ( 'NONE', #6205 ) ;
#4369 = DIRECTION ( 'NONE',  ( -0.8660254037844379305, 0.000000000000000000, -0.5000000000000012212 ) ) ;
#4370 = ORIENTED_EDGE ( 'NONE', *, *, #274, .T. ) ;
#4371 = LINE ( 'NONE', #211, #2818 ) ;
#4372 = CARTESIAN_POINT ( 'NONE',  ( 0.07795275590551181688, 0.009842519685039369942, -0.01003937007874015908 ) ) ;
#4373 = EDGE_CURVE ( 'NONE', #1040, #8370, #171, .T. ) ;
#4374 = CARTESIAN_POINT ( 'NONE',  ( -0.08307086614173225803, 0.01358267716535432532, 0.07982518197702757889 ) ) ;
#4375 = FACE_OUTER_BOUND ( 'NONE', #3127, .T. ) ;
#4376 = ADVANCED_FACE ( 'NONE', ( #1559 ), #1516, .F. ) ;
#4377 = FILL_AREA_STYLE_COLOUR ( '', #9018 ) ;
#4378 = VERTEX_POINT ( 'NONE', #4234 ) ;
#4379 = DIRECTION ( 'NONE',  ( 0.000000000000000000, 0.000000000000000000, -1.000000000000000000 ) ) ;
#4380 = CARTESIAN_POINT ( 'NONE',  ( -0.07480314960629921850, 0.009842519685039373412, -0.09092820213934121876 ) ) ;
#4381 = FILL_AREA_STYLE_COLOUR ( '', #101 ) ;
#4382 = DIRECTION ( 'NONE',  ( 0.000000000000000000, -0.3420201433256699342, 0.9396926207859079838 ) ) ;
#4383 = UNCERTAINTY_MEASURE_WITH_UNIT (LENGTH_MEASURE( 1.000000000000000082E-05 ), #5206, 'distance_accuracy_value', 'NONE');
#4384 = DIRECTION ( 'NONE',  ( -1.000000000000000000, -0.000000000000000000, -0.000000000000000000 ) ) ;
#4385 =( NAMED_UNIT ( * ) SI_UNIT ( $, .STERADIAN. ) SOLID_ANGLE_UNIT ( ) );
#4386 = LINE ( 'NONE', #6510, #4730 ) ;
#4387 = ORIENTED_EDGE ( 'NONE', *, *, #4077, .T. ) ;
#4388 = ORIENTED_EDGE ( 'NONE', *, *, #1566, .T. ) ;
#4389 = FILL_AREA_STYLE_COLOUR ( '', #7687 ) ;
#4390 = SURFACE_STYLE_FILL_AREA ( #1634 ) ;
#4391 = EDGE_CURVE ( 'NONE', #4378, #3276, #6322, .T. ) ;
#4392 = CARTESIAN_POINT ( 'NONE',  ( 0.09783464566929132855, 0.009842519685039369942, -0.004527559055118113643 ) ) ;
#4393 = CARTESIAN_POINT ( 'NONE',  ( 0.09645669291338582196, 0.04488188976377952694, 0.07292397481552202743 ) ) ;
#4394 =( LENGTH_UNIT ( ) NAMED_UNIT ( * ) SI_UNIT ( $, .METRE. ) );
#4395 = DIMENSIONAL_EXPONENTS ( 1.000000000000000000, 0.000000000000000000, 0.000000000000000000, 0.000000000000000000, 0.000000000000000000, 0.000000000000000000, 0.000000000000000000 ) ;
#4396 = LINE ( 'NONE', #5112, #3314 ) ;
#4397 = ORIENTED_EDGE ( 'NONE', *, *, #3996, .T. ) ;
#4398 = EDGE_CURVE ( 'NONE', #527, #2627, #2833, .T. ) ;
#4399 = COLOUR_RGB ( '',0.7921568627450980005, 0.8196078431372548767, 0.9333333333333333481 ) ;
#4400 = CARTESIAN_POINT ( 'NONE',  ( 0.09645669291338584972, 0.009842519685039369942, -0.1163385826771653475 ) ) ;
#4401 = LINE ( 'NONE', #7890, #7581 ) ;
#4402 = VECTOR ( 'NONE', #8333, 39.37007874015748143 ) ;
#4403 = PRESENTATION_STYLE_ASSIGNMENT (( #5911 ) ) ;
#4404 = VECTOR ( 'NONE', #4905, 39.37007874015748143 ) ;
#4405 = DIRECTION ( 'NONE',  ( -1.000000000000000000, -0.000000000000000000, -0.000000000000000000 ) ) ;
#4406 = ADVANCED_FACE ( 'NONE', ( #5732 ), #1423, .T. ) ;
#4407 = ADVANCED_FACE ( 'NONE', ( #7263 ), #3792, .T. ) ;
#4408 = ORIENTED_EDGE ( 'NONE', *, *, #7589, .F. ) ;
#4409 = ORIENTED_EDGE ( 'NONE', *, *, #6944, .T. ) ;
#4410 =( CONVERSION_BASED_UNIT ( 'INCH', #1512 ) LENGTH_UNIT ( ) NAMED_UNIT ( #8704 ) );
#4411 = VECTOR ( 'NONE', #6728, 39.37007874015748143 ) ;
#4412 = PRESENTATION_LAYER_ASSIGNMENT (  '', '', ( #7926 ) ) ;
#4413 = VERTEX_POINT ( 'NONE', #7218 ) ;
#4414 = DIRECTION ( 'NONE',  ( 0.000000000000000000, -0.9961946980917454342, -0.08715574274765873486 ) ) ;
#4415 = CARTESIAN_POINT ( 'NONE',  ( -0.07795275590551181688, 0.009842519685039369942, -0.09092820213934121876 ) ) ;
#4416 = DIMENSIONAL_EXPONENTS ( 1.000000000000000000, 0.000000000000000000, 0.000000000000000000, 0.000000000000000000, 0.000000000000000000, 0.000000000000000000, 0.000000000000000000 ) ;
#4417 = SURFACE_STYLE_FILL_AREA ( #1655 ) ;
#4418 = SURFACE_STYLE_FILL_AREA ( #5080 ) ;
#4419 = MECHANICAL_DESIGN_GEOMETRIC_PRESENTATION_REPRESENTATION (  '', ( #4882 ), #2109 ) ;
#4420 = CARTESIAN_POINT ( 'NONE',  ( -0.05413385826771653642, 0.2556786355646874509, -0.1072834645669291237 ) ) ;
#4421 = PLANE ( 'NONE',  #2568 ) ;
#4422 = VERTEX_POINT ( 'NONE', #8586 ) ;
#4423 = DIRECTION ( 'NONE',  ( 6.100900290192956307E-16, 0.000000000000000000, 1.000000000000000000 ) ) ;
#4424 = DIMENSIONAL_EXPONENTS ( 1.000000000000000000, 0.000000000000000000, 0.000000000000000000, 0.000000000000000000, 0.000000000000000000, 0.000000000000000000, 0.000000000000000000 ) ;
#4425 = ORIENTED_EDGE ( 'NONE', *, *, #752, .F. ) ;
#4426 = ORIENTED_EDGE ( 'NONE', *, *, #2000, .F. ) ;
#4427 = EDGE_CURVE ( 'NONE', #1683, #3309, #3735, .T. ) ;
#4428 = DIRECTION ( 'NONE',  ( -1.000000000000000000, -0.000000000000000000, -0.000000000000000000 ) ) ;
#4429 = VECTOR ( 'NONE', #7063, 39.37007874015748854 ) ;
#4430 = STYLED_ITEM ( 'NONE', ( #6977 ), #2445 ) ;
#4431 = LINE ( 'NONE', #2484, #4798 ) ;
#4432 = DIRECTION ( 'NONE',  ( -1.000000000000000000, -0.000000000000000000, -0.000000000000000000 ) ) ;
#4433 = PLANE ( 'NONE',  #1458 ) ;
#4434 = DIRECTION ( 'NONE',  ( -0.000000000000000000, -0.7521705405901403241, 0.6589684953534089562 ) ) ;
#4435 =( GEOMETRIC_REPRESENTATION_CONTEXT ( 3 ) GLOBAL_UNCERTAINTY_ASSIGNED_CONTEXT ( ( #1727 ) ) GLOBAL_UNIT_ASSIGNED_CONTEXT ( ( #6926, #2086, #6257 ) ) REPRESENTATION_CONTEXT ( 'NONE', 'WORKASPACE' ) );
#4436 = FILL_AREA_STYLE ('',( #2260 ) ) ;
#4437 =( NAMED_UNIT ( * ) PLANE_ANGLE_UNIT ( ) SI_UNIT ( $, .RADIAN. ) );
#4438 = ORIENTED_EDGE ( 'NONE', *, *, #5947, .T. ) ;
#4439 = UNCERTAINTY_MEASURE_WITH_UNIT (LENGTH_MEASURE( 1.000000000000000082E-05 ), #4624, 'distance_accuracy_value', 'NONE');
#4440 = ORIENTED_EDGE ( 'NONE', *, *, #614, .T. ) ;
#4441 = ADVANCED_FACE ( 'NONE', ( #5822 ), #254, .F. ) ;
#4442 = DIRECTION ( 'NONE',  ( 0.000000000000000000, 0.000000000000000000, -1.000000000000000000 ) ) ;
#4444 = DIRECTION ( 'NONE',  ( 1.000000000000000000, 0.000000000000000000, 0.000000000000000000 ) ) ;
#4443 = VECTOR ( 'NONE', #6526, 39.37007874015748143 ) ;
#4445 = LINE ( 'NONE', #8620, #3770 ) ;
#4446 =( GEOMETRIC_REPRESENTATION_CONTEXT ( 3 ) GLOBAL_UNCERTAINTY_ASSIGNED_CONTEXT ( ( #6082 ) ) GLOBAL_UNIT_ASSIGNED_CONTEXT ( ( #8644, #959, #8546 ) ) REPRESENTATION_CONTEXT ( 'NONE', 'WORKASPACE' ) );
#4447 = CARTESIAN_POINT ( 'NONE',  ( -0.01692913385826769201, 0.01751968503937008370, 0.07846314444784678599 ) ) ;
#4448 = LENGTH_MEASURE_WITH_UNIT ( LENGTH_MEASURE( 0.02539999999999999897 ), #3764 );
#4449 = CARTESIAN_POINT ( 'NONE',  ( 0.09645669291338582196, 0.04488188976377952694, 0.07292397481552204130 ) ) ;
#4450 = ORIENTED_EDGE ( 'NONE', *, *, #7935, .T. ) ;
#4451 = DIRECTION ( 'NONE',  ( 1.000000000000000000, 0.000000000000000000, 0.000000000000000000 ) ) ;
#4452 =( NAMED_UNIT ( * ) PLANE_ANGLE_UNIT ( ) SI_UNIT ( $, .RADIAN. ) );
#4453 = STYLED_ITEM ( 'NONE', ( #4351 ), #8447 ) ;
#4454 = EDGE_CURVE ( 'NONE', #5977, #3153, #5281, .T. ) ;
#4455 = CARTESIAN_POINT ( 'NONE',  ( 0.000000000000000000, 0.000000000000000000, 0.000000000000000000 ) ) ;
#4456 =( NAMED_UNIT ( * ) PLANE_ANGLE_UNIT ( ) SI_UNIT ( $, .RADIAN. ) );
#4457 = SURFACE_SIDE_STYLE ('',( #243 ) ) ;
#4458 =( NAMED_UNIT ( * ) SI_UNIT ( $, .STERADIAN. ) SOLID_ANGLE_UNIT ( ) );
#4459 = STYLED_ITEM ( 'NONE', ( #5488 ), #8575 ) ;
#4460 =( CONVERSION_BASED_UNIT ( 'INCH', #294 ) LENGTH_UNIT ( ) NAMED_UNIT ( #5059 ) );
#4461 = ORIENTED_EDGE ( 'NONE', *, *, #4398, .F. ) ;
#4462 = ORIENTED_EDGE ( 'NONE', *, *, #720, .F. ) ;
#4463 = DIRECTION ( 'NONE',  ( 0.000000000000000000, -0.09584575252021751424, 0.9953961983671795188 ) ) ;
#4464 = EDGE_CURVE ( 'NONE', #5871, #8560, #5173, .T. ) ;
#4465 = EDGE_LOOP ( 'NONE', ( #5518, #7237, #5063, #3525 ) ) ;
#4466 = COLOUR_RGB ( '',0.2509803921568627416, 0.2509803921568627416, 0.2509803921568627416 ) ;
#4467 = CARTESIAN_POINT ( 'NONE',  ( -0.09645669291338582196, 0.009842519685039361269, -0.09311023622047244486 ) ) ;
#4468 =( CONVERSION_BASED_UNIT ( 'INCH', #3259 ) LENGTH_UNIT ( ) NAMED_UNIT ( #6353 ) );
#4469 = CARTESIAN_POINT ( 'NONE',  ( 0.09645669291338582196, 2.134256245050205639E-18, -0.09092820213934120488 ) ) ;
#4470 = FACE_OUTER_BOUND ( 'NONE', #4985, .T. ) ;
#4471 = FACE_OUTER_BOUND ( 'NONE', #137, .T. ) ;
#4472 = DIRECTION ( 'NONE',  ( -0.000000000000000000, 0.2164396139380967699, 0.9762960071199346945 ) ) ;
#4473 = ORIENTED_EDGE ( 'NONE', *, *, #3638, .T. ) ;
#4474 = LINE ( 'NONE', #1017, #4632 ) ;
#4475 = ORIENTED_EDGE ( 'NONE', *, *, #5, .F. ) ;
#4476 = EDGE_CURVE ( 'NONE', #7185, #7086, #9004, .T. ) ;
#4477 = ORIENTED_EDGE ( 'NONE', *, *, #876, .F. ) ;
#4478 = DIRECTION ( 'NONE',  ( -1.000000000000000000, -0.000000000000000000, -0.000000000000000000 ) ) ;
#4479 = LINE ( 'NONE', #7284, #3779 ) ;
#4480 = PLANE ( 'NONE',  #1019 ) ;
#4481 = AXIS2_PLACEMENT_3D ( 'NONE', #8604, #1027, #6600 ) ;
#4482 = DIMENSIONAL_EXPONENTS ( 1.000000000000000000, 0.000000000000000000, 0.000000000000000000, 0.000000000000000000, 0.000000000000000000, 0.000000000000000000, 0.000000000000000000 ) ;
#4483 = VECTOR ( 'NONE', #414, 39.37007874015748143 ) ;
#4484 =( GEOMETRIC_REPRESENTATION_CONTEXT ( 3 ) GLOBAL_UNCERTAINTY_ASSIGNED_CONTEXT ( ( #7038 ) ) GLOBAL_UNIT_ASSIGNED_CONTEXT ( ( #1689, #7115, #5864 ) ) REPRESENTATION_CONTEXT ( 'NONE', 'WORKASPACE' ) );
#4485 =( NAMED_UNIT ( * ) SI_UNIT ( $, .STERADIAN. ) SOLID_ANGLE_UNIT ( ) );
#4486 = ORIENTED_EDGE ( 'NONE', *, *, #2248, .F. ) ;
#4487 = COLOUR_RGB ( '',0.7921568627450980005, 0.8196078431372548767, 0.9333333333333333481 ) ;
#4488 = DIMENSIONAL_EXPONENTS ( 1.000000000000000000, 0.000000000000000000, 0.000000000000000000, 0.000000000000000000, 0.000000000000000000, 0.000000000000000000, 0.000000000000000000 ) ;
#4489 = ORIENTED_EDGE ( 'NONE', *, *, #3053, .F. ) ;
#4490 =( GEOMETRIC_REPRESENTATION_CONTEXT ( 3 ) GLOBAL_UNCERTAINTY_ASSIGNED_CONTEXT ( ( #8901 ) ) GLOBAL_UNIT_ASSIGNED_CONTEXT ( ( #6315, #200, #4941 ) ) REPRESENTATION_CONTEXT ( 'NONE', 'WORKASPACE' ) );
#4491 = PRESENTATION_LAYER_ASSIGNMENT (  '', '', ( #7853 ) ) ;
#4492 = STYLED_ITEM ( 'NONE', ( #8878 ), #2168 ) ;
#4493 = DIRECTION ( 'NONE',  ( 0.000000000000000000, 0.000000000000000000, -1.000000000000000000 ) ) ;
#4494 = CARTESIAN_POINT ( 'NONE',  ( 0.09783464566929132855, 0.009842519685039369942, 0.01003937007874015040 ) ) ;
#4495 = LINE ( 'NONE', #334, #8752 ) ;
#4496 =( CONVERSION_BASED_UNIT ( 'INCH', #4448 ) LENGTH_UNIT ( ) NAMED_UNIT ( #8709 ) );
#4497 = AXIS2_PLACEMENT_3D ( 'NONE', #1576, #7776, #139 ) ;
#4498 = PRESENTATION_STYLE_ASSIGNMENT (( #7924 ) ) ;
#4499 = ORIENTED_EDGE ( 'NONE', *, *, #4117, .F. ) ;
#4500 = VECTOR ( 'NONE', #3243, 39.37007874015748143 ) ;
#4501 = ORIENTED_EDGE ( 'NONE', *, *, #24, .T. ) ;
#4502 = EDGE_CURVE ( 'NONE', #1419, #7069, #623, .T. ) ;
#4503 =( GEOMETRIC_REPRESENTATION_CONTEXT ( 3 ) GLOBAL_UNCERTAINTY_ASSIGNED_CONTEXT ( ( #4689 ) ) GLOBAL_UNIT_ASSIGNED_CONTEXT ( ( #5198, #276, #6515 ) ) REPRESENTATION_CONTEXT ( 'NONE', 'WORKASPACE' ) );
#4504 = MECHANICAL_DESIGN_GEOMETRIC_PRESENTATION_REPRESENTATION (  '', ( #313 ), #6715 ) ;
#4505 = PLANE ( 'NONE',  #6411 ) ;
#4506 = STYLED_ITEM ( 'NONE', ( #32 ), #2234 ) ;
#4507 = PRESENTATION_STYLE_ASSIGNMENT (( #7394 ) ) ;
#4508 = PRESENTATION_LAYER_ASSIGNMENT (  '', '', ( #862 ) ) ;
#4509 = SURFACE_STYLE_FILL_AREA ( #7975 ) ;
#4510 =( LENGTH_UNIT ( ) NAMED_UNIT ( * ) SI_UNIT ( $, .METRE. ) );
#4511 = STYLED_ITEM ( 'NONE', ( #4720 ), #6890 ) ;
#4512 =( LENGTH_UNIT ( ) NAMED_UNIT ( * ) SI_UNIT ( $, .METRE. ) );
#4513 = DIRECTION ( 'NONE',  ( -0.000000000000000000, 1.000000000000000000, 0.000000000000000000 ) ) ;
#4514 = VECTOR ( 'NONE', #7484, 39.37007874015748854 ) ;
#4515 = STYLED_ITEM ( 'NONE', ( #1534 ), #3023 ) ;
#4516 = ORIENTED_EDGE ( 'NONE', *, *, #7538, .T. ) ;
#4517 = ORIENTED_EDGE ( 'NONE', *, *, #8757, .T. ) ;
#4518 = SURFACE_STYLE_FILL_AREA ( #3297 ) ;
#4519 = STYLED_ITEM ( 'NONE', ( #1292 ), #2753 ) ;
#4520 = DIRECTION ( 'NONE',  ( 1.000000000000000000, 0.000000000000000000, -0.000000000000000000 ) ) ;
#4521 = DIRECTION ( 'NONE',  ( 0.000000000000000000, 1.000000000000000000, 0.000000000000000000 ) ) ;
#4522 = VECTOR ( 'NONE', #4849, 39.37007874015748143 ) ;
#4523 = EDGE_CURVE ( 'NONE', #6388, #919, #8875, .T. ) ;
#4524 =( LENGTH_UNIT ( ) NAMED_UNIT ( * ) SI_UNIT ( $, .METRE. ) );
#4525 = ORIENTED_EDGE ( 'NONE', *, *, #6981, .T. ) ;
#4526 = DIRECTION ( 'NONE',  ( -1.000000000000000000, -0.000000000000000000, -0.000000000000000000 ) ) ;
#4527 = ORIENTED_EDGE ( 'NONE', *, *, #8779, .T. ) ;
#4528 = ADVANCED_FACE ( 'NONE', ( #6808 ), #1834, .T. ) ;
#4529 = ORIENTED_EDGE ( 'NONE', *, *, #5936, .T. ) ;
#4530 = PRESENTATION_STYLE_ASSIGNMENT (( #7412 ) ) ;
#4531 = AXIS2_PLACEMENT_3D ( 'NONE', #353, #875, #3108 ) ;
#4532 = PLANE ( 'NONE',  #668 ) ;
#4533 = SURFACE_STYLE_FILL_AREA ( #8008 ) ;
#4534 = CARTESIAN_POINT ( 'NONE',  ( -0.06496062992125982427, 0.01728225441254295155, 0.08117171797437273961 ) ) ;
#4535 = FILL_AREA_STYLE_COLOUR ( '', #4056 ) ;
#4536 = LENGTH_MEASURE_WITH_UNIT ( LENGTH_MEASURE( 0.02539999999999999897 ), #458 );
#4537 = CARTESIAN_POINT ( 'NONE',  ( -0.06496062992125982427, 0.01617704132028901370, 0.08278648331793365955 ) ) ;
#4538 = CYLINDRICAL_SURFACE ( 'NONE', #3930, 0.01377952755905510404 ) ;
#4539 = FACE_OUTER_BOUND ( 'NONE', #769, .T. ) ;
#4540 =( LENGTH_UNIT ( ) NAMED_UNIT ( * ) SI_UNIT ( $, .METRE. ) );
#4541 = ORIENTED_EDGE ( 'NONE', *, *, #7124, .T. ) ;
#4542 = UNCERTAINTY_MEASURE_WITH_UNIT (LENGTH_MEASURE( 1.000000000000000082E-05 ), #8681, 'distance_accuracy_value', 'NONE');
#4543 =( CONVERSION_BASED_UNIT ( 'INCH', #3129 ) LENGTH_UNIT ( ) NAMED_UNIT ( #1187 ) );
#4544 = CARTESIAN_POINT ( 'NONE',  ( 0.05413385826771653642, 0.009842519685039369942, -0.09311023622047244486 ) ) ;
#4545 = CARTESIAN_POINT ( 'NONE',  ( -0.08287401574803150706, 0.000000000000000000, -0.01003937007874015908 ) ) ;
#4546 = ORIENTED_EDGE ( 'NONE', *, *, #1106, .T. ) ;
#4547 =( NAMED_UNIT ( * ) SI_UNIT ( $, .STERADIAN. ) SOLID_ANGLE_UNIT ( ) );
#4548 = ORIENTED_EDGE ( 'NONE', *, *, #8966, .T. ) ;
#4549 = LENGTH_MEASURE_WITH_UNIT ( LENGTH_MEASURE( 0.02539999999999999897 ), #382 );
#4550 = ADVANCED_FACE ( 'NONE', ( #1289 ), #3300, .F. ) ;
#4551 = CARTESIAN_POINT ( 'NONE',  ( 0.03307086614173231770, 0.004805065926099858983, 0.1210629921259844255 ) ) ;
#4552 = EDGE_CURVE ( 'NONE', #5737, #3328, #774, .T. ) ;
#4553 = DIMENSIONAL_EXPONENTS ( 1.000000000000000000, 0.000000000000000000, 0.000000000000000000, 0.000000000000000000, 0.000000000000000000, 0.000000000000000000, 0.000000000000000000 ) ;
#4554 = LINE ( 'NONE', #1139, #2277 ) ;
#4555 = LENGTH_MEASURE_WITH_UNIT ( LENGTH_MEASURE( 0.02539999999999999897 ), #1826 );
#4556 = SURFACE_SIDE_STYLE ('',( #1195 ) ) ;
#4557 = ORIENTED_EDGE ( 'NONE', *, *, #8100, .F. ) ;
#4558 = ORIENTED_EDGE ( 'NONE', *, *, #7861, .F. ) ;
#4559 = DIRECTION ( 'NONE',  ( -0.000000000000000000, 0.9396926207859079838, 0.3420201433256699342 ) ) ;
#4560 = VECTOR ( 'NONE', #5227, 39.37007874015748143 ) ;
#4561 = CARTESIAN_POINT ( 'NONE',  ( 0.08307086614173231354, 0.02653119753051446511, 0.08453805796773562753 ) ) ;
#4562 = EDGE_CURVE ( 'NONE', #8409, #5291, #1810, .T. ) ;
#4563 = LENGTH_MEASURE_WITH_UNIT ( LENGTH_MEASURE( 0.02539999999999999897 ), #4755 );
#4564 = FACE_OUTER_BOUND ( 'NONE', #8223, .T. ) ;
#4565 = SURFACE_SIDE_STYLE ('',( #1101 ) ) ;
#4566 = FILL_AREA_STYLE ('',( #4052 ) ) ;
#4567 = ORIENTED_EDGE ( 'NONE', *, *, #7861, .T. ) ;
#4568 =( CONVERSION_BASED_UNIT ( 'INCH', #3071 ) LENGTH_UNIT ( ) NAMED_UNIT ( #3518 ) );
#4569 =( GEOMETRIC_REPRESENTATION_CONTEXT ( 3 ) GLOBAL_UNCERTAINTY_ASSIGNED_CONTEXT ( ( #6362 ) ) GLOBAL_UNIT_ASSIGNED_CONTEXT ( ( #487, #1937, #3926 ) ) REPRESENTATION_CONTEXT ( 'NONE', 'WORKASPACE' ) );
#4570 = ORIENTED_EDGE ( 'NONE', *, *, #8109, .F. ) ;
#4571 = AXIS2_PLACEMENT_3D ( 'NONE', #1754, #3157, #1054 ) ;
#4572 = ORIENTED_EDGE ( 'NONE', *, *, #4674, .T. ) ;
#4573 = EDGE_CURVE ( 'NONE', #7086, #3839, #67, .T. ) ;
#4574 = LINE ( 'NONE', #3889, #5474 ) ;
#4575 = FILL_AREA_STYLE ('',( #3228 ) ) ;
#4576 = COLOUR_RGB ( '',0.7921568627450980005, 0.8196078431372548767, 0.9333333333333333481 ) ;
#4577 = CARTESIAN_POINT ( 'NONE',  ( -0.03307086614173226219, 0.007004783218323627943, 0.1049545283030582504 ) ) ;
#4578 = CARTESIAN_POINT ( 'NONE',  ( 0.03307086614173231076, 0.01751968503937008717, 0.07982518197702757889 ) ) ;
#4579 = PRESENTATION_STYLE_ASSIGNMENT (( #4065 ) ) ;
#4580 = DIMENSIONAL_EXPONENTS ( 1.000000000000000000, 0.000000000000000000, 0.000000000000000000, 0.000000000000000000, 0.000000000000000000, 0.000000000000000000, 0.000000000000000000 ) ;
#4581 = DIRECTION ( 'NONE',  ( -1.000000000000000000, -0.000000000000000000, -0.000000000000000000 ) ) ;
#4582 = SURFACE_STYLE_USAGE ( .BOTH. , #2429 ) ;
#4583 = STYLED_ITEM ( 'NONE', ( #2114 ), #5069 ) ;
#4584 = SURFACE_SIDE_STYLE ('',( #3275 ) ) ;
#4585 = DIRECTION ( 'NONE',  ( 0.000000000000000000, 0.000000000000000000, 1.000000000000000000 ) ) ;
#4586 = ORIENTED_EDGE ( 'NONE', *, *, #5892, .T. ) ;
#4587 =( GEOMETRIC_REPRESENTATION_CONTEXT ( 3 ) GLOBAL_UNCERTAINTY_ASSIGNED_CONTEXT ( ( #4086 ) ) GLOBAL_UNIT_ASSIGNED_CONTEXT ( ( #1741, #342, #4458 ) ) REPRESENTATION_CONTEXT ( 'NONE', 'WORKASPACE' ) );
#4588 = UNCERTAINTY_MEASURE_WITH_UNIT (LENGTH_MEASURE( 1.000000000000000082E-05 ), #3689, 'distance_accuracy_value', 'NONE');
#4589 = UNCERTAINTY_MEASURE_WITH_UNIT (LENGTH_MEASURE( 1.000000000000000082E-05 ), #7496, 'distance_accuracy_value', 'NONE');
#4590 = DIRECTION ( 'NONE',  ( 0.000000000000000000, -0.000000000000000000, -1.000000000000000000 ) ) ;
#4591 = MECHANICAL_DESIGN_GEOMETRIC_PRESENTATION_REPRESENTATION (  '', ( #5635 ), #8837 ) ;
#4592 = CARTESIAN_POINT ( 'NONE',  ( 0.03503937007874018128, 0.01751968503937007329, 0.07846314444784678599 ) ) ;
#4593 = ORIENTED_EDGE ( 'NONE', *, *, #8078, .T. ) ;
#4594 = LINE ( 'NONE', #3768, #2184 ) ;
#4595 = CARTESIAN_POINT ( 'NONE',  ( -0.05413385826771653642, 0.2556786355646874509, -0.1072834645669291237 ) ) ;
#4596 = FILL_AREA_STYLE ('',( #8079 ) ) ;
#4597 = CARTESIAN_POINT ( 'NONE',  ( 0.06496062992125986590, 0.01728225441254295155, 0.08117171797437273961 ) ) ;
#4598 = CARTESIAN_POINT ( 'NONE',  ( -0.08503937007874014242, 0.01173508930892991006, 0.08667802955033566958 ) ) ;
#4599 =( CONVERSION_BASED_UNIT ( 'INCH', #1827 ) LENGTH_UNIT ( ) NAMED_UNIT ( #94 ) );
#4600 = CARTESIAN_POINT ( 'NONE',  ( -0.08307086614173225803, 0.02244094488188976347, 0.07893700787401573826 ) ) ;
#4601 = AXIS2_PLACEMENT_3D ( 'NONE', #5188, #1851, #2387 ) ;
#4602 = ORIENTED_EDGE ( 'NONE', *, *, #2496, .F. ) ;
#4603 = VECTOR ( 'NONE', #3303, 39.37007874015748143 ) ;
#4604 = EDGE_LOOP ( 'NONE', ( #663, #3603, #3670, #3616 ) ) ;
#4605 = CARTESIAN_POINT ( 'NONE',  ( 0.09242075248266307108, 0.000000000000000000, 0.004527559055118104969 ) ) ;
#4606 = DIRECTION ( 'NONE',  ( -0.7071067811865489050, 0.000000000000000000, -0.7071067811865462405 ) ) ;
#4607 = LENGTH_MEASURE_WITH_UNIT ( LENGTH_MEASURE( 0.02539999999999999897 ), #1835 );
#4608 =( CONVERSION_BASED_UNIT ( 'INCH', #7219 ) LENGTH_UNIT ( ) NAMED_UNIT ( #5151 ) );
#4609 = SURFACE_SIDE_STYLE ('',( #576 ) ) ;
#4610 = PRESENTATION_STYLE_ASSIGNMENT (( #8188 ) ) ;
#4611 =( LENGTH_UNIT ( ) NAMED_UNIT ( * ) SI_UNIT ( $, .METRE. ) );
#4612 = ORIENTED_EDGE ( 'NONE', *, *, #517, .F. ) ;
#4613 = DIRECTION ( 'NONE',  ( 0.000000000000000000, 0.9961946980917454342, 0.08715574274765873486 ) ) ;
#4614 = DIMENSIONAL_EXPONENTS ( 1.000000000000000000, 0.000000000000000000, 0.000000000000000000, 0.000000000000000000, 0.000000000000000000, 0.000000000000000000, 0.000000000000000000 ) ;
#4615 = VERTEX_POINT ( 'NONE', #7747 ) ;
#4616 = ADVANCED_FACE ( 'NONE', ( #112 ), #2228, .T. ) ;
#4617 = EDGE_LOOP ( 'NONE', ( #3932, #7167, #2715, #5309 ) ) ;
#4618 = FILL_AREA_STYLE_COLOUR ( '', #6199 ) ;
#4619 =( NAMED_UNIT ( * ) SI_UNIT ( $, .STERADIAN. ) SOLID_ANGLE_UNIT ( ) );
#4620 =( NAMED_UNIT ( * ) PLANE_ANGLE_UNIT ( ) SI_UNIT ( $, .RADIAN. ) );
#4621 = CARTESIAN_POINT ( 'NONE',  ( 0.08287401574803150706, 0.2556786355646874509, 0.01003937007874015040 ) ) ;
#4622 = DIRECTION ( 'NONE',  ( -0.000000000000000000, 1.000000000000000000, -0.000000000000000000 ) ) ;
#4623 = EDGE_CURVE ( 'NONE', #3352, #949, #2786, .T. ) ;
#4624 =( CONVERSION_BASED_UNIT ( 'INCH', #2490 ) LENGTH_UNIT ( ) NAMED_UNIT ( #7016 ) );
#4625 =( NAMED_UNIT ( * ) PLANE_ANGLE_UNIT ( ) SI_UNIT ( $, .RADIAN. ) );
#4626 = ORIENTED_EDGE ( 'NONE', *, *, #3969, .T. ) ;
#4627 = UNCERTAINTY_MEASURE_WITH_UNIT (LENGTH_MEASURE( 1.000000000000000082E-05 ), #6228, 'distance_accuracy_value', 'NONE');
#4628 =( CONVERSION_BASED_UNIT ( 'INCH', #8113 ) LENGTH_UNIT ( ) NAMED_UNIT ( #388 ) );
#4629 = ORIENTED_EDGE ( 'NONE', *, *, #1106, .F. ) ;
#4630 = LINE ( 'NONE', #1921, #5504 ) ;
#4631 = CARTESIAN_POINT ( 'NONE',  ( -0.09027830658147500964, 0.04488188976377952694, 0.07292397481552209682 ) ) ;
#4632 = VECTOR ( 'NONE', #8881, 39.37007874015748143 ) ;
#4633 = EDGE_CURVE ( 'NONE', #2522, #4873, #5601, .T. ) ;
#4634 = ORIENTED_EDGE ( 'NONE', *, *, #92, .F. ) ;
#4635 = SURFACE_STYLE_USAGE ( .BOTH. , #8717 ) ;
#4636 = PRESENTATION_STYLE_ASSIGNMENT (( #4695 ) ) ;
#4637 = DIRECTION ( 'NONE',  ( -1.000000000000000000, 0.000000000000000000, 0.000000000000000000 ) ) ;
#4638 = COLOUR_RGB ( '',0.7921568627450980005, 0.8196078431372548767, 0.9333333333333333481 ) ;
#4639 = DIMENSIONAL_EXPONENTS ( 1.000000000000000000, 0.000000000000000000, 0.000000000000000000, 0.000000000000000000, 0.000000000000000000, 0.000000000000000000, 0.000000000000000000 ) ;
#4640 = COLOUR_RGB ( '',0.2509803921568627416, 0.2509803921568627416, 0.2509803921568627416 ) ;
#4641 = EDGE_CURVE ( 'NONE', #5619, #5104, #2198, .T. ) ;
#4642 = MECHANICAL_DESIGN_GEOMETRIC_PRESENTATION_REPRESENTATION (  '', ( #6418 ), #8445 ) ;
#4643 = FACE_OUTER_BOUND ( 'NONE', #982, .T. ) ;
#4644 = CARTESIAN_POINT ( 'NONE',  ( -0.06496062992125982427, 0.01751968503937007329, 0.07846314444784678599 ) ) ;
#4645 = CARTESIAN_POINT ( 'NONE',  ( -0.08287401574803150706, 0.009842519685039369942, 0.01003937007874015040 ) ) ;
#4646 = DIRECTION ( 'NONE',  ( 0.000000000000000000, 0.7521705405901419894, -0.6589684953534071798 ) ) ;
#4647 = MECHANICAL_DESIGN_GEOMETRIC_PRESENTATION_REPRESENTATION (  '', ( #2900 ), #5259 ) ;
#4648 = EDGE_CURVE ( 'NONE', #5806, #2936, #7074, .T. ) ;
#4649 = DIRECTION ( 'NONE',  ( 0.000000000000000000, -0.9396926207859079838, -0.3420201433256699342 ) ) ;
#4650 = VECTOR ( 'NONE', #4101, 39.37007874015748143 ) ;
#4651 = FACE_OUTER_BOUND ( 'NONE', #2669, .T. ) ;
#4652 = PRESENTATION_LAYER_ASSIGNMENT (  '', '', ( #3633 ) ) ;
#4653 = ORIENTED_EDGE ( 'NONE', *, *, #4523, .F. ) ;
#4654 = ORIENTED_EDGE ( 'NONE', *, *, #1604, .T. ) ;
#4655 = CARTESIAN_POINT ( 'NONE',  ( 0.09645669291338582196, 0.000000000000000000, -0.01003937007874015908 ) ) ;
#4656 = PRESENTATION_LAYER_ASSIGNMENT (  '', '', ( #724 ) ) ;
#4657 = COLOUR_RGB ( '',0.7921568627450980005, 0.8196078431372548767, 0.9333333333333333481 ) ;
#4658 = UNCERTAINTY_MEASURE_WITH_UNIT (LENGTH_MEASURE( 1.000000000000000082E-05 ), #1899, 'distance_accuracy_value', 'NONE');
#4659 = VECTOR ( 'NONE', #3673, 39.37007874015748854 ) ;
#4660 = CARTESIAN_POINT ( 'NONE',  ( -0.09242075248266307108, 0.2556786355646874509, -0.004527559055118113643 ) ) ;
#4661 = SURFACE_STYLE_USAGE ( .BOTH. , #1201 ) ;
#4662 = LINE ( 'NONE', #8793, #7529 ) ;
#4663 = CLOSED_SHELL ( 'NONE', ( #8634, #6262, #405, #4746, #5486, #6803, #6939, #7611, #3169, #1072, #2269, #6298, #1687, #2575, #9016, #2234, #2673, #6745, #6028, #189, #8064, #8547, #1012 ) ) ;
#4664 =( NAMED_UNIT ( * ) PLANE_ANGLE_UNIT ( ) SI_UNIT ( $, .RADIAN. ) );
#4665 = MECHANICAL_DESIGN_GEOMETRIC_PRESENTATION_REPRESENTATION (  '', ( #4515 ), #5857 ) ;
#4666 = PRESENTATION_LAYER_ASSIGNMENT (  '', '', ( #4211 ) ) ;
#4667 = LINE ( 'NONE', #3262, #2048 ) ;
#4668 = EDGE_LOOP ( 'NONE', ( #4901, #7744, #7594, #1796, #5607, #6830, #817, #4315 ) ) ;
#4669 = CARTESIAN_POINT ( 'NONE',  ( 0.09242075248266307108, 0.009842519685039369942, -0.004527559055118113643 ) ) ;
#4670 = ORIENTED_EDGE ( 'NONE', *, *, #788, .T. ) ;
#4671 = ORIENTED_EDGE ( 'NONE', *, *, #5394, .F. ) ;
#4672 = VECTOR ( 'NONE', #7977, 39.37007874015748143 ) ;
#4673 = VECTOR ( 'NONE', #5967, 39.37007874015748143 ) ;
#4674 = EDGE_CURVE ( 'NONE', #2668, #6951, #5553, .T. ) ;
#4675 = SURFACE_STYLE_USAGE ( .BOTH. , #7510 ) ;
#4676 =( LENGTH_UNIT ( ) NAMED_UNIT ( * ) SI_UNIT ( $, .METRE. ) );
#4677 = ADVANCED_FACE ( 'NONE', ( #6401 ), #4310, .T. ) ;
#4678 = CARTESIAN_POINT ( 'NONE',  ( 0.08287401574803150706, 0.000000000000000000, 0.01003937007874015040 ) ) ;
#4679 = LINE ( 'NONE', #4578, #804 ) ;
#4680 = CIRCLE ( 'NONE', #3513, 0.01377952755905510404 ) ;
#4681 = DIRECTION ( 'NONE',  ( 0.000000000000000000, -0.6589684953534090672, -0.7521705405901404351 ) ) ;
#4682 =( NAMED_UNIT ( * ) PLANE_ANGLE_UNIT ( ) SI_UNIT ( $, .RADIAN. ) );
#4683 = DIRECTION ( 'NONE',  ( -1.000000000000000000, -0.000000000000000000, -0.000000000000000000 ) ) ;
#4684 = DIRECTION ( 'NONE',  ( -1.000000000000000000, -0.000000000000000000, -0.000000000000000000 ) ) ;
#4685 = VERTEX_POINT ( 'NONE', #6487 ) ;
#4686 = UNCERTAINTY_MEASURE_WITH_UNIT (LENGTH_MEASURE( 1.000000000000000082E-05 ), #7592, 'distance_accuracy_value', 'NONE');
#4687 =( LENGTH_UNIT ( ) NAMED_UNIT ( * ) SI_UNIT ( $, .METRE. ) );
#4688 = ORIENTED_EDGE ( 'NONE', *, *, #2284, .T. ) ;
#4689 = UNCERTAINTY_MEASURE_WITH_UNIT (LENGTH_MEASURE( 1.000000000000000082E-05 ), #5198, 'distance_accuracy_value', 'NONE');
#4690 = FACE_OUTER_BOUND ( 'NONE', #3837, .T. ) ;
#4691 = CARTESIAN_POINT ( 'NONE',  ( -0.06496062992125982427, 0.02736220472440944324, 0.07761836027346888378 ) ) ;
#4692 = CARTESIAN_POINT ( 'NONE',  ( -0.07480314960629920462, 0.03700787401574803098, 0.05925196850393700532 ) ) ;
#4693 = EDGE_LOOP ( 'NONE', ( #271, #4836, #837, #6105 ) ) ;
#4694 = CARTESIAN_POINT ( 'NONE',  ( -0.05413385826771653642, 0.000000000000000000, -0.1072834645669291237 ) ) ;
#4695 = SURFACE_STYLE_USAGE ( .BOTH. , #3138 ) ;
#4696 = LENGTH_MEASURE_WITH_UNIT ( LENGTH_MEASURE( 0.02539999999999999897 ), #3139 );
#4697 = EDGE_CURVE ( 'NONE', #2076, #7409, #6523, .T. ) ;
#4698 = CARTESIAN_POINT ( 'NONE',  ( 0.07795275590551181688, 0.009842519685039369942, 0.01909448818897638636 ) ) ;
#4699 = CARTESIAN_POINT ( 'NONE',  ( 0.03307086614173231076, 0.007004783218323627943, 0.1049545283030582504 ) ) ;
#4700 = FACE_OUTER_BOUND ( 'NONE', #5416, .T. ) ;
#4701 = CARTESIAN_POINT ( 'NONE',  ( 0.07795275590551181688, 0.2556786355646874509, 0.01003937007874015040 ) ) ;
#4702 = LENGTH_MEASURE_WITH_UNIT ( LENGTH_MEASURE( 0.02539999999999999897 ), #1647 );
#4703 = ADVANCED_FACE ( 'NONE', ( #6618 ), #2449, .F. ) ;
#4704 = EDGE_LOOP ( 'NONE', ( #7757, #2207, #4626, #5657 ) ) ;
#4705 = ORIENTED_EDGE ( 'NONE', *, *, #8198, .F. ) ;
#4706 = CARTESIAN_POINT ( 'NONE',  ( -0.06692913385826769479, 0.006220377944235661906, 0.1048859017339656141 ) ) ;
#4707 = DIRECTION ( 'NONE',  ( 0.000000000000000000, 0.9396926207859079838, 0.3420201433256699897 ) ) ;
#4708 = DIRECTION ( 'NONE',  ( 0.000000000000000000, 0.000000000000000000, -1.000000000000000000 ) ) ;
#4709 = LENGTH_MEASURE_WITH_UNIT ( LENGTH_MEASURE( 0.02539999999999999897 ), #7619 );
#4710 =( GEOMETRIC_REPRESENTATION_CONTEXT ( 3 ) GLOBAL_UNCERTAINTY_ASSIGNED_CONTEXT ( ( #2150 ) ) GLOBAL_UNIT_ASSIGNED_CONTEXT ( ( #6093, #1820, #8865 ) ) REPRESENTATION_CONTEXT ( 'NONE', 'WORKASPACE' ) );
#4711 =( CONVERSION_BASED_UNIT ( 'INCH', #4563 ) LENGTH_UNIT ( ) NAMED_UNIT ( #3914 ) );
#4712 =( LENGTH_UNIT ( ) NAMED_UNIT ( * ) SI_UNIT ( $, .METRE. ) );
#4713 = EDGE_CURVE ( 'NONE', #7102, #627, #241, .T. ) ;
#4714 = ORIENTED_EDGE ( 'NONE', *, *, #4502, .F. ) ;
#4715 = SURFACE_STYLE_USAGE ( .BOTH. , #2792 ) ;
#4716 = ORIENTED_EDGE ( 'NONE', *, *, #7992, .T. ) ;
#4717 = PRESENTATION_LAYER_ASSIGNMENT (  '', '', ( #6332 ) ) ;
#4718 = ORIENTED_EDGE ( 'NONE', *, *, #6719, .F. ) ;
#4719 = FILL_AREA_STYLE_COLOUR ( '', #3111 ) ;
#4720 = PRESENTATION_STYLE_ASSIGNMENT (( #8196 ) ) ;
#4721 = SURFACE_SIDE_STYLE ('',( #1212 ) ) ;
#4722 = AXIS2_PLACEMENT_3D ( 'NONE', #6170, #6739, #8278 ) ;
#4723 = DIRECTION ( 'NONE',  ( -0.000000000000000000, 0.9762960071199346945, -0.2164396139380967699 ) ) ;
#4724 = PLANE ( 'NONE',  #8695 ) ;
#4725 = SURFACE_STYLE_USAGE ( .BOTH. , #7512 ) ;
#4726 =( NAMED_UNIT ( * ) SI_UNIT ( $, .STERADIAN. ) SOLID_ANGLE_UNIT ( ) );
#4727 = SURFACE_SIDE_STYLE ('',( #7555 ) ) ;
#4728 = ORIENTED_EDGE ( 'NONE', *, *, #2852, .T. ) ;
#4729 = COLOUR_RGB ( '',0.7921568627450980005, 0.8196078431372548767, 0.9333333333333333481 ) ;
#4730 = VECTOR ( 'NONE', #270, 39.37007874015748143 ) ;
#4731 = FILL_AREA_STYLE ('',( #1958 ) ) ;
#4732 = CARTESIAN_POINT ( 'NONE',  ( -0.08307086614173225803, 0.007004783218323627943, 0.1049545283030582504 ) ) ;
#4733 =( GEOMETRIC_REPRESENTATION_CONTEXT ( 3 ) GLOBAL_UNCERTAINTY_ASSIGNED_CONTEXT ( ( #1226 ) ) GLOBAL_UNIT_ASSIGNED_CONTEXT ( ( #3999, #7530, #6847 ) ) REPRESENTATION_CONTEXT ( 'NONE', 'WORKASPACE' ) );
#4734 = VERTEX_POINT ( 'NONE', #286 ) ;
#4735 =( NAMED_UNIT ( * ) SI_UNIT ( $, .STERADIAN. ) SOLID_ANGLE_UNIT ( ) );
#4736 = SURFACE_STYLE_FILL_AREA ( #5458 ) ;
#4737 = ADVANCED_FACE ( 'NONE', ( #7162 ), #3142, .F. ) ;
#4738 =( NAMED_UNIT ( * ) PLANE_ANGLE_UNIT ( ) SI_UNIT ( $, .RADIAN. ) );
#4739 = SURFACE_SIDE_STYLE ('',( #8915 ) ) ;
#4740 = FILL_AREA_STYLE_COLOUR ( '', #1893 ) ;
#4741 = SURFACE_STYLE_FILL_AREA ( #8217 ) ;
#4742 = FACE_OUTER_BOUND ( 'NONE', #5726, .T. ) ;
#4743 = UNCERTAINTY_MEASURE_WITH_UNIT (LENGTH_MEASURE( 1.000000000000000082E-05 ), #2567, 'distance_accuracy_value', 'NONE');
#4744 =( NAMED_UNIT ( * ) SI_UNIT ( $, .STERADIAN. ) SOLID_ANGLE_UNIT ( ) );
#4745 = SURFACE_STYLE_FILL_AREA ( #3339 ) ;
#4746 = ADVANCED_FACE ( 'NONE', ( #6800 ), #8780, .T. ) ;
#4747 = EDGE_LOOP ( 'NONE', ( #1511, #6473, #4840, #3709 ) ) ;
#4748 = ORIENTED_EDGE ( 'NONE', *, *, #7137, .T. ) ;
#4749 = PRESENTATION_STYLE_ASSIGNMENT (( #1973 ) ) ;
#4750 = VECTOR ( 'NONE', #5045, 39.37007874015748143 ) ;
#4751 = UNCERTAINTY_MEASURE_WITH_UNIT (LENGTH_MEASURE( 1.000000000000000082E-05 ), #5273, 'distance_accuracy_value', 'NONE');
#4752 =( LENGTH_UNIT ( ) NAMED_UNIT ( * ) SI_UNIT ( $, .METRE. ) );
#4753 = CARTESIAN_POINT ( 'NONE',  ( 0.05413385826771653642, 0.2556786355646874509, -0.1072834645669291237 ) ) ;
#4754 = LINE ( 'NONE', #7543, #372 ) ;
#4755 =( LENGTH_UNIT ( ) NAMED_UNIT ( * ) SI_UNIT ( $, .METRE. ) );
#4756 = CIRCLE ( 'NONE', #3574, 0.003149606299212603152 ) ;
#4757 = PRESENTATION_LAYER_ASSIGNMENT (  '', '', ( #8521 ) ) ;
#4758 =( NAMED_UNIT ( * ) PLANE_ANGLE_UNIT ( ) SI_UNIT ( $, .RADIAN. ) );
#4759 = AXIS2_PLACEMENT_3D ( 'NONE', #6375, #674, #128 ) ;
#4760 = CARTESIAN_POINT ( 'NONE',  ( -0.06496062992125982427, -0.003584687981864215830, 0.1040280696203075561 ) ) ;
#4761 = ORIENTED_EDGE ( 'NONE', *, *, #2502, .T. ) ;
#4762 = PRESENTATION_STYLE_ASSIGNMENT (( #2074 ) ) ;
#4763 = ORIENTED_EDGE ( 'NONE', *, *, #4713, .T. ) ;
#4764 = ORIENTED_EDGE ( 'NONE', *, *, #4713, .F. ) ;
#4765 = PRESENTATION_LAYER_ASSIGNMENT (  '', '', ( #8703 ) ) ;
#4766 = LENGTH_MEASURE_WITH_UNIT ( LENGTH_MEASURE( 0.02539999999999999897 ), #585 );
#4767 = EDGE_CURVE ( 'NONE', #7403, #7518, #2652, .T. ) ;
#4768 = CARTESIAN_POINT ( 'NONE',  ( 0.09783464566929132855, 0.009842519685039369942, -0.001377952755905514828 ) ) ;
#4769 = PLANE ( 'NONE',  #27 ) ;
#4770 = FILL_AREA_STYLE_COLOUR ( '', #8744 ) ;
#4771 = FACE_OUTER_BOUND ( 'NONE', #1286, .T. ) ;
#4772 = STYLED_ITEM ( 'NONE', ( #1532 ), #8601 ) ;
#4773 = SURFACE_STYLE_FILL_AREA ( #459 ) ;
#4774 = ADVANCED_FACE ( 'NONE', ( #4643 ), #1926, .T. ) ;
#4775 =( NAMED_UNIT ( * ) PLANE_ANGLE_UNIT ( ) SI_UNIT ( $, .RADIAN. ) );
#4776 = VERTEX_POINT ( 'NONE', #3450 ) ;
#4777 = MECHANICAL_DESIGN_GEOMETRIC_PRESENTATION_REPRESENTATION (  '', ( #2426 ), #6822 ) ;
#4778 = DIRECTION ( 'NONE',  ( -0.000000000000000000, 0.6589684953534067358, 0.7521705405901425445 ) ) ;
#4779 = CARTESIAN_POINT ( 'NONE',  ( -0.08287401574803150706, 0.009842519685039373412, 0.01003937007874015561 ) ) ;
#4780 = UNCERTAINTY_MEASURE_WITH_UNIT (LENGTH_MEASURE( 1.000000000000000082E-05 ), #288, 'distance_accuracy_value', 'NONE');
#4781 =( NAMED_UNIT ( * ) PLANE_ANGLE_UNIT ( ) SI_UNIT ( $, .RADIAN. ) );
#4782 = ORIENTED_EDGE ( 'NONE', *, *, #8279, .F. ) ;
#4783 = FILL_AREA_STYLE ('',( #7565 ) ) ;
#4784 = STYLED_ITEM ( 'NONE', ( #8839 ), #8953 ) ;
#4785 = FILL_AREA_STYLE ('',( #2001 ) ) ;
#4786 = CARTESIAN_POINT ( 'NONE',  ( 0.03503937007874018128, 0.01358267716535432532, 0.07982518197702757889 ) ) ;
#4787 = SURFACE_STYLE_USAGE ( .BOTH. , #6096 ) ;
#4788 = PRESENTATION_STYLE_ASSIGNMENT (( #8215 ) ) ;
#4789 = SURFACE_STYLE_FILL_AREA ( #6143 ) ;
#4790 = FACE_OUTER_BOUND ( 'NONE', #8799, .T. ) ;
#4791 = MECHANICAL_DESIGN_GEOMETRIC_PRESENTATION_REPRESENTATION (  '', ( #2439 ), #7270 ) ;
#4792 = DIRECTION ( 'NONE',  ( 0.000000000000000000, 0.08715574274765877649, -0.9961946980917454342 ) ) ;
#4793 = EDGE_CURVE ( 'NONE', #2842, #3457, #1397, .T. ) ;
#4794 = SURFACE_STYLE_USAGE ( .BOTH. , #3413 ) ;
#4795 = DIRECTION ( 'NONE',  ( 0.000000000000000000, -0.000000000000000000, -1.000000000000000000 ) ) ;
#4796 = STYLED_ITEM ( 'NONE', ( #3230 ), #6262 ) ;
#4797 = ORIENTED_EDGE ( 'NONE', *, *, #3444, .T. ) ;
#4798 = VECTOR ( 'NONE', #8749, 39.37007874015748143 ) ;
#4799 = ORIENTED_EDGE ( 'NONE', *, *, #2886, .T. ) ;
#4800 = PRESENTATION_LAYER_ASSIGNMENT (  '', '', ( #7279 ) ) ;
#4801 = LINE ( 'NONE', #6980, #4522 ) ;
#4802 = AXIS2_PLACEMENT_3D ( 'NONE', #7481, #5954, #428 ) ;
#4803 = MECHANICAL_DESIGN_GEOMETRIC_PRESENTATION_REPRESENTATION (  '', ( #6844 ), #8000 ) ;
#4804 = CYLINDRICAL_SURFACE ( 'NONE', #8228, 0.003937007874015758385 ) ;
#4805 = UNCERTAINTY_MEASURE_WITH_UNIT (LENGTH_MEASURE( 1.000000000000000082E-05 ), #597, 'distance_accuracy_value', 'NONE');
#4806 = COLOUR_RGB ( '',1.000000000000000000, 1.000000000000000000, 1.000000000000000000 ) ;
#4807 = MECHANICAL_DESIGN_GEOMETRIC_PRESENTATION_REPRESENTATION (  '', ( #5696 ), #6854 ) ;
#4808 = CARTESIAN_POINT ( 'NONE',  ( 0.07795275590551181688, 0.009842519685039369942, -0.09092820213934121876 ) ) ;
#4809 = PRESENTATION_STYLE_ASSIGNMENT (( #4178 ) ) ;
#4810 = EDGE_LOOP ( 'NONE', ( #8990, #8524, #960, #4440 ) ) ;
#4811 =( CONVERSION_BASED_UNIT ( 'INCH', #7547 ) LENGTH_UNIT ( ) NAMED_UNIT ( #4188 ) );
#4812 = ORIENTED_EDGE ( 'NONE', *, *, #614, .F. ) ;
#4813 = COLOUR_RGB ( '',0.7921568627450980005, 0.8196078431372548767, 0.9333333333333333481 ) ;
#4814 = VECTOR ( 'NONE', #3184, 39.37007874015748143 ) ;
#4815 = MECHANICAL_DESIGN_GEOMETRIC_PRESENTATION_REPRESENTATION (  '', ( #8002 ), #857 ) ;
#4816 = PRESENTATION_LAYER_ASSIGNMENT (  '', '', ( #8754 ) ) ;
#4817 = ORIENTED_EDGE ( 'NONE', *, *, #1165, .F. ) ;
#4818 = AXIS2_PLACEMENT_3D ( 'NONE', #3301, #4708, #659 ) ;
#4819 =( LENGTH_UNIT ( ) NAMED_UNIT ( * ) SI_UNIT ( $, .METRE. ) );
#4820 =( GEOMETRIC_REPRESENTATION_CONTEXT ( 3 ) GLOBAL_UNCERTAINTY_ASSIGNED_CONTEXT ( ( #4686 ) ) GLOBAL_UNIT_ASSIGNED_CONTEXT ( ( #7592, #4092, #5904 ) ) REPRESENTATION_CONTEXT ( 'NONE', 'WORKASPACE' ) );
#4821 = EDGE_CURVE ( 'NONE', #6653, #1243, #5590, .T. ) ;
#4822 = DIRECTION ( 'NONE',  ( 1.000000000000000000, 0.000000000000000000, 1.971091940197113801E-16 ) ) ;
#4823 =( CONVERSION_BASED_UNIT ( 'INCH', #1380 ) LENGTH_UNIT ( ) NAMED_UNIT ( #8498 ) );
#4824 = VECTOR ( 'NONE', #4723, 39.37007874015748143 ) ;
#4825 = FILL_AREA_STYLE_COLOUR ( '', #409 ) ;
#4826 = PRODUCT_RELATED_PRODUCT_CATEGORY ( 'part', '', ( #1401 ) ) ;
#4827 = PRESENTATION_LAYER_ASSIGNMENT (  '', '', ( #2921 ) ) ;
#4828 = CARTESIAN_POINT ( 'NONE',  ( 0.06692913385826773642, 0.02736220472440943630, 0.07982518197702757889 ) ) ;
#4829 = PRESENTATION_LAYER_ASSIGNMENT (  '', '', ( #174 ) ) ;
#4830 = FILL_AREA_STYLE_COLOUR ( '', #5256 ) ;
#4831 = ORIENTED_EDGE ( 'NONE', *, *, #2201, .F. ) ;
#4832 = CARTESIAN_POINT ( 'NONE',  ( -0.06496062992125982427, 0.01728225441254295502, 0.08117171797437273961 ) ) ;
#4833 = VECTOR ( 'NONE', #2514, 39.37007874015748854 ) ;
#4834 = ADVANCED_FACE ( 'NONE', ( #2341 ), #6222, .F. ) ;
#4835 = CARTESIAN_POINT ( 'NONE',  ( 0.03503937007874018128, 0.02653119753051446164, 0.08453805796773562753 ) ) ;
#4836 = ORIENTED_EDGE ( 'NONE', *, *, #4454, .F. ) ;
#4837 = SURFACE_STYLE_USAGE ( .BOTH. , #8299 ) ;
#4838 = FILL_AREA_STYLE_COLOUR ( '', #4487 ) ;
#4839 = FACE_OUTER_BOUND ( 'NONE', #8538, .T. ) ;
#4840 = ORIENTED_EDGE ( 'NONE', *, *, #6689, .T. ) ;
#4841 = CARTESIAN_POINT ( 'NONE',  ( 0.05413385826771653642, 0.009842519685039376881, -0.1072834645669291237 ) ) ;
#4842 =( NAMED_UNIT ( * ) PLANE_ANGLE_UNIT ( ) SI_UNIT ( $, .RADIAN. ) );
#4843 = CARTESIAN_POINT ( 'NONE',  ( 0.08503937007874018406, 0.02736220472440944324, 0.07761836027346888378 ) ) ;
#4844 =( NAMED_UNIT ( * ) SI_UNIT ( $, .STERADIAN. ) SOLID_ANGLE_UNIT ( ) );
#4845 =( NAMED_UNIT ( * ) PLANE_ANGLE_UNIT ( ) SI_UNIT ( $, .RADIAN. ) );
#4846 =( LENGTH_UNIT ( ) NAMED_UNIT ( * ) SI_UNIT ( $, .METRE. ) );
#4847 = ORIENTED_EDGE ( 'NONE', *, *, #7103, .F. ) ;
#4848 = DIRECTION ( 'NONE',  ( -0.000000000000000000, 1.000000000000000000, 0.000000000000000000 ) ) ;
#4849 = DIRECTION ( 'NONE',  ( 0.000000000000000000, 1.000000000000000000, -0.000000000000000000 ) ) ;
#4850 = EDGE_CURVE ( 'NONE', #5914, #226, #5139, .T. ) ;
#4851 = LENGTH_MEASURE_WITH_UNIT ( LENGTH_MEASURE( 0.02539999999999999897 ), #3519 );
#4852 =( NAMED_UNIT ( * ) SI_UNIT ( $, .STERADIAN. ) SOLID_ANGLE_UNIT ( ) );
#4853 =( LENGTH_UNIT ( ) NAMED_UNIT ( * ) SI_UNIT ( $, .METRE. ) );
#4854 = ORIENTED_EDGE ( 'NONE', *, *, #4373, .F. ) ;
#4855 = ORIENTED_EDGE ( 'NONE', *, *, #8382, .F. ) ;
#4856 = PRODUCT_DEFINITION_CONTEXT ( 'detailed design', #7621, 'design' ) ;
#4857 = ORIENTED_EDGE ( 'NONE', *, *, #468, .F. ) ;
#4858 = EDGE_CURVE ( 'NONE', #3375, #1579, #4925, .T. ) ;
#4859 = PLANE ( 'NONE',  #7493 ) ;
#4860 = FILL_AREA_STYLE_COLOUR ( '', #6296 ) ;
#4861 =( LENGTH_UNIT ( ) NAMED_UNIT ( * ) SI_UNIT ( $, .METRE. ) );
#4862 = PRESENTATION_STYLE_ASSIGNMENT (( #672 ) ) ;
#4863 = DIRECTION ( 'NONE',  ( 0.000000000000000000, 0.9961946980917454342, 0.08715574274765873486 ) ) ;
#4864 = LENGTH_MEASURE_WITH_UNIT ( LENGTH_MEASURE( 0.02539999999999999897 ), #4910 );
#4865 = DIRECTION ( 'NONE',  ( 1.000000000000000000, 0.000000000000000000, -0.000000000000000000 ) ) ;
#4866 = EDGE_CURVE ( 'NONE', #8671, #3020, #8349, .T. ) ;
#4867 = ORIENTED_EDGE ( 'NONE', *, *, #3029, .T. ) ;
#4868 = AXIS2_PLACEMENT_3D ( 'NONE', #8732, #3927, #5282 ) ;
#4869 = FILL_AREA_STYLE ('',( #797 ) ) ;
#4870 =( CONVERSION_BASED_UNIT ( 'INCH', #2046 ) LENGTH_UNIT ( ) NAMED_UNIT ( #448 ) );
#4871 = CARTESIAN_POINT ( 'NONE',  ( 0.03503937007874018128, 0.02244094488188976347, 0.07893700787401573826 ) ) ;
#4872 = DIRECTION ( 'NONE',  ( -0.000000000000000000, 0.2588190451025212946, 0.9659258262890682012 ) ) ;
#4873 = VERTEX_POINT ( 'NONE', #2856 ) ;
#4874 = EDGE_CURVE ( 'NONE', #3489, #3905, #5667, .T. ) ;
#4875 =( GEOMETRIC_REPRESENTATION_CONTEXT ( 3 ) GLOBAL_UNCERTAINTY_ASSIGNED_CONTEXT ( ( #8456 ) ) GLOBAL_UNIT_ASSIGNED_CONTEXT ( ( #8962, #2701, #3420 ) ) REPRESENTATION_CONTEXT ( 'NONE', 'WORKASPACE' ) );
#4876 =( CONVERSION_BASED_UNIT ( 'INCH', #1327 ) LENGTH_UNIT ( ) NAMED_UNIT ( #5889 ) );
#4877 = LINE ( 'NONE', #5589, #6323 ) ;
#4878 = SURFACE_SIDE_STYLE ('',( #2774 ) ) ;
#4879 = SURFACE_STYLE_USAGE ( .BOTH. , #841 ) ;
#4880 = SURFACE_STYLE_USAGE ( .BOTH. , #4739 ) ;
#4881 = DIRECTION ( 'NONE',  ( -1.000000000000000000, -0.000000000000000000, -0.000000000000000000 ) ) ;
#4882 = STYLED_ITEM ( 'NONE', ( #7648 ), #4834 ) ;
#4883 = SURFACE_SIDE_STYLE ('',( #2185 ) ) ;
#4884 =( LENGTH_UNIT ( ) NAMED_UNIT ( * ) SI_UNIT ( $, .METRE. ) );
#4885 = LENGTH_MEASURE_WITH_UNIT ( LENGTH_MEASURE( 0.02539999999999999897 ), #4846 );
#4886 = LENGTH_MEASURE_WITH_UNIT ( LENGTH_MEASURE( 0.02539999999999999897 ), #652 );
#4887 = ORIENTED_EDGE ( 'NONE', *, *, #7962, .F. ) ;
#4888 = CARTESIAN_POINT ( 'NONE',  ( 0.09645669291338582196, 0.000000000000000000, -0.07578740157480313988 ) ) ;
#4889 = SURFACE_STYLE_FILL_AREA ( #8357 ) ;
#4890 = VECTOR ( 'NONE', #6566, 39.37007874015748143 ) ;
#4891 = CARTESIAN_POINT ( 'NONE',  ( -0.09242075248266307108, 0.009842519685039369942, 0.004527559055118104969 ) ) ;
#4892 =( GEOMETRIC_REPRESENTATION_CONTEXT ( 3 ) GLOBAL_UNCERTAINTY_ASSIGNED_CONTEXT ( ( #3128 ) ) GLOBAL_UNIT_ASSIGNED_CONTEXT ( ( #8263, #6937, #7578 ) ) REPRESENTATION_CONTEXT ( 'NONE', 'WORKASPACE' ) );
#4893 = CARTESIAN_POINT ( 'NONE',  ( -0.01692913385826769201, 0.02736220472440944324, 0.07761836027346888378 ) ) ;
#4894 = PLANE ( 'NONE',  #6703 ) ;
#4895 = PRESENTATION_STYLE_ASSIGNMENT (( #6452 ) ) ;
#4896 = UNCERTAINTY_MEASURE_WITH_UNIT (LENGTH_MEASURE( 1.000000000000000082E-05 ), #5746, 'distance_accuracy_value', 'NONE');
#4897 = LENGTH_MEASURE_WITH_UNIT ( LENGTH_MEASURE( 0.02539999999999999897 ), #4853 );
#4898 = AXIS2_PLACEMENT_3D ( 'NONE', #8555, #5094, #7867 ) ;
#4899 = VERTEX_POINT ( 'NONE', #4841 ) ;
#4900 = DIRECTION ( 'NONE',  ( 0.000000000000000000, 1.000000000000000000, 0.000000000000000000 ) ) ;
#4901 = ORIENTED_EDGE ( 'NONE', *, *, #3731, .T. ) ;
#4902 = EDGE_LOOP ( 'NONE', ( #2572, #2325, #7343, #4477 ) ) ;
#4903 =( NAMED_UNIT ( * ) PLANE_ANGLE_UNIT ( ) SI_UNIT ( $, .RADIAN. ) );
#4904 = VECTOR ( 'NONE', #7207, 39.37007874015748143 ) ;
#4905 = DIRECTION ( 'NONE',  ( -1.000000000000000000, 0.000000000000000000, -0.000000000000000000 ) ) ;
#4906 = LENGTH_MEASURE_WITH_UNIT ( LENGTH_MEASURE( 0.02539999999999999897 ), #5572 );
#4907 =( NAMED_UNIT ( * ) SI_UNIT ( $, .STERADIAN. ) SOLID_ANGLE_UNIT ( ) );
#4908 = CARTESIAN_POINT ( 'NONE',  ( -0.1009842519685039408, 0.2556786355646874509, -0.001377952755905492493 ) ) ;
#4909 = DIRECTION ( 'NONE',  ( 0.000000000000000000, 1.000000000000000000, 0.000000000000000000 ) ) ;
#4910 =( LENGTH_UNIT ( ) NAMED_UNIT ( * ) SI_UNIT ( $, .METRE. ) );
#4911 = ADVANCED_FACE ( 'NONE', ( #7612 ), #6892, .F. ) ;
#4912 = VECTOR ( 'NONE', #7673, 39.37007874015748854 ) ;
#4913 =( GEOMETRIC_REPRESENTATION_CONTEXT ( 3 ) GLOBAL_UNCERTAINTY_ASSIGNED_CONTEXT ( ( #508 ) ) GLOBAL_UNIT_ASSIGNED_CONTEXT ( ( #6880, #1907, #592 ) ) REPRESENTATION_CONTEXT ( 'NONE', 'WORKASPACE' ) );
#4914 = ORIENTED_EDGE ( 'NONE', *, *, #7974, .F. ) ;
#4915 = FILL_AREA_STYLE_COLOUR ( '', #6426 ) ;
#4916 = SURFACE_SIDE_STYLE ('',( #1320 ) ) ;
#4917 = DIMENSIONAL_EXPONENTS ( 1.000000000000000000, 0.000000000000000000, 0.000000000000000000, 0.000000000000000000, 0.000000000000000000, 0.000000000000000000, 0.000000000000000000 ) ;
#4918 = CARTESIAN_POINT ( 'NONE',  ( 0.09783464566929132855, 0.000000000000000000, -0.001377952755905514828 ) ) ;
#4919 = ORIENTED_EDGE ( 'NONE', *, *, #762, .T. ) ;
#4920 = LINE ( 'NONE', #6603, #8912 ) ;
#4921 = PLANE ( 'NONE',  #8747 ) ;
#4922 = FILL_AREA_STYLE_COLOUR ( '', #3536 ) ;
#4923 = VECTOR ( 'NONE', #5357, 39.37007874015748143 ) ;
#4924 = ORIENTED_EDGE ( 'NONE', *, *, #8136, .T. ) ;
#4925 = LINE ( 'NONE', #5835, #3124 ) ;
#4926 = LINE ( 'NONE', #1279, #6852 ) ;
#4927 = CARTESIAN_POINT ( 'NONE',  ( 0.08287401574803150706, 0.2556786355646874509, 0.01003937007874015040 ) ) ;
#4928 = EDGE_CURVE ( 'NONE', #3401, #7323, #3806, .T. ) ;
#4929 = CARTESIAN_POINT ( 'NONE',  ( 0.09242075248266307108, 0.000000000000000000, -0.004527559055118113643 ) ) ;
#4930 = LINE ( 'NONE', #6350, #4135 ) ;
#4931 = LINE ( 'NONE', #843, #3924 ) ;
#4932 = DIRECTION ( 'NONE',  ( -0.1736481776669338839, -0.9848077530122073542, 0.000000000000000000 ) ) ;
#4933 = SURFACE_STYLE_USAGE ( .BOTH. , #4083 ) ;
#4934 = DIRECTION ( 'NONE',  ( -1.000000000000000000, -0.000000000000000000, -0.000000000000000000 ) ) ;
#4935 = ORIENTED_EDGE ( 'NONE', *, *, #6111, .T. ) ;
#4936 = EDGE_CURVE ( 'NONE', #6966, #7169, #3170, .T. ) ;
#4937 = ORIENTED_EDGE ( 'NONE', *, *, #5187, .T. ) ;
#4938 = DIRECTION ( 'NONE',  ( -1.000000000000000000, -0.000000000000000000, -0.000000000000000000 ) ) ;
#4939 = MECHANICAL_DESIGN_GEOMETRIC_PRESENTATION_REPRESENTATION (  '', ( #4172 ), #3026 ) ;
#4940 = PLANE ( 'NONE',  #3774 ) ;
#4941 =( NAMED_UNIT ( * ) SI_UNIT ( $, .STERADIAN. ) SOLID_ANGLE_UNIT ( ) );
#4942 = EDGE_CURVE ( 'NONE', #6789, #8412, #6644, .T. ) ;
#4943 = VECTOR ( 'NONE', #2941, 39.37007874015748143 ) ;
#4944 = AXIS2_PLACEMENT_3D ( 'NONE', #7920, #2305, #4493 ) ;
#4945 = CARTESIAN_POINT ( 'NONE',  ( -0.01692913385826769201, 0.02266295170762570171, 0.09018973667019880569 ) ) ;
#4946 = ORIENTED_EDGE ( 'NONE', *, *, #932, .F. ) ;
#4947 =( CONVERSION_BASED_UNIT ( 'INCH', #7845 ) LENGTH_UNIT ( ) NAMED_UNIT ( #3622 ) );
#4948 = VERTEX_POINT ( 'NONE', #2384 ) ;
#4949 = EDGE_LOOP ( 'NONE', ( #3207, #496, #8074, #8137 ) ) ;
#4950 = AXIS2_PLACEMENT_3D ( 'NONE', #5185, #4478, #3118 ) ;
#4951 =( NAMED_UNIT ( * ) SI_UNIT ( $, .STERADIAN. ) SOLID_ANGLE_UNIT ( ) );
#4952 =( GEOMETRIC_REPRESENTATION_CONTEXT ( 3 ) GLOBAL_UNCERTAINTY_ASSIGNED_CONTEXT ( ( #3947 ) ) GLOBAL_UNIT_ASSIGNED_CONTEXT ( ( #5827, #3700, #3107 ) ) REPRESENTATION_CONTEXT ( 'NONE', 'WORKASPACE' ) );
#4953 =( NAMED_UNIT ( * ) PLANE_ANGLE_UNIT ( ) SI_UNIT ( $, .RADIAN. ) );
#4954 = DIRECTION ( 'NONE',  ( 0.000000000000000000, 0.7521705405901426555, -0.6589684953534065137 ) ) ;
#4955 = SURFACE_SIDE_STYLE ('',( #1426 ) ) ;
#4956 =( CONVERSION_BASED_UNIT ( 'INCH', #7599 ) LENGTH_UNIT ( ) NAMED_UNIT ( #4395 ) );
#4957 =( GEOMETRIC_REPRESENTATION_CONTEXT ( 3 ) GLOBAL_UNCERTAINTY_ASSIGNED_CONTEXT ( ( #6851 ) ) GLOBAL_UNIT_ASSIGNED_CONTEXT ( ( #8688, #7132, #3658 ) ) REPRESENTATION_CONTEXT ( 'NONE', 'WORKASPACE' ) );
#4958 = PRESENTATION_LAYER_ASSIGNMENT (  '', '', ( #5696 ) ) ;
#4959 = DIRECTION ( 'NONE',  ( -1.000000000000000000, 0.000000000000000000, -0.000000000000000000 ) ) ;
#4960 = ORIENTED_EDGE ( 'NONE', *, *, #1747, .T. ) ;
#4961 = STYLED_ITEM ( 'NONE', ( #8448 ), #746 ) ;
#4962 = VECTOR ( 'NONE', #1325, 39.37007874015748143 ) ;
#4963 = VECTOR ( 'NONE', #4060, 39.37007874015748143 ) ;
#4964 = ADVANCED_FACE ( 'NONE', ( #6598 ), #1065, .T. ) ;
#4965 = AXIS2_PLACEMENT_3D ( 'NONE', #3404, #6256, #6964 ) ;
#4966 = DIRECTION ( 'NONE',  ( -0.000000000000000000, -0.000000000000000000, -1.000000000000000000 ) ) ;
#4967 = DIRECTION ( 'NONE',  ( 0.000000000000000000, 0.000000000000000000, -1.000000000000000000 ) ) ;
#4968 = LINE ( 'NONE', #2895, #3298 ) ;
#4969 = CLOSED_SHELL ( 'NONE', ( #4911, #373, #8341, #8458, #6187, #6267, #4550, #562, #8845, #3958, #2623, #535, #3216, #8056, #2779, #401, #8601, #2397, #9003, #6962, #603, #6596, #3345 ) ) ;
#4970 = AXIS2_PLACEMENT_3D ( 'NONE', #190, #100, #3543 ) ;
#4971 = PRESENTATION_LAYER_ASSIGNMENT (  '', '', ( #462 ) ) ;
#4972 = VERTEX_POINT ( 'NONE', #8103 ) ;
#4973 =( GEOMETRIC_REPRESENTATION_CONTEXT ( 3 ) GLOBAL_UNCERTAINTY_ASSIGNED_CONTEXT ( ( #8225 ) ) GLOBAL_UNIT_ASSIGNED_CONTEXT ( ( #5970, #1561, #7131 ) ) REPRESENTATION_CONTEXT ( 'NONE', 'WORKASPACE' ) );
#4974 = DIRECTION ( 'NONE',  ( 0.000000000000000000, -1.000000000000000000, 0.000000000000000000 ) ) ;
#4975 = LINE ( 'NONE', #5848, #4200 ) ;
#4976 = DIRECTION ( 'NONE',  ( -0.000000000000000000, -1.000000000000000000, -0.000000000000000000 ) ) ;
#4977 = VECTOR ( 'NONE', #438, 39.37007874015748143 ) ;
#4978 = DIRECTION ( 'NONE',  ( 0.000000000000000000, 0.9396926207859079838, 0.3420201433256699897 ) ) ;
#4979 = DIRECTION ( 'NONE',  ( 0.5000000000000013323, 0.000000000000000000, 0.8660254037844379305 ) ) ;
#4980 = SURFACE_STYLE_USAGE ( .BOTH. , #8484 ) ;
#4981 =( NAMED_UNIT ( * ) PLANE_ANGLE_UNIT ( ) SI_UNIT ( $, .RADIAN. ) );
#4982 = CARTESIAN_POINT ( 'NONE',  ( 0.09645669291338582196, 0.009842519685039361269, -0.09311023622047244486 ) ) ;
#4983 = DIRECTION ( 'NONE',  ( 0.000000000000000000, 0.7521705405901403241, -0.6589684953534089562 ) ) ;
#4984 = DIRECTION ( 'NONE',  ( 0.000000000000000000, 0.000000000000000000, 1.000000000000000000 ) ) ;
#4985 = EDGE_LOOP ( 'NONE', ( #7275, #7668, #6456, #3870 ) ) ;
#4986 = DIMENSIONAL_EXPONENTS ( 1.000000000000000000, 0.000000000000000000, 0.000000000000000000, 0.000000000000000000, 0.000000000000000000, 0.000000000000000000, 0.000000000000000000 ) ;
#4987 = ADVANCED_FACE ( 'NONE', ( #1162 ), #4532, .F. ) ;
#4988 = DIRECTION ( 'NONE',  ( -0.000000000000000000, -0.6589684953534065137, -0.7521705405901426555 ) ) ;
#4989 =( NAMED_UNIT ( * ) SI_UNIT ( $, .STERADIAN. ) SOLID_ANGLE_UNIT ( ) );
#4990 = UNCERTAINTY_MEASURE_WITH_UNIT (LENGTH_MEASURE( 1.000000000000000082E-05 ), #3964, 'distance_accuracy_value', 'NONE');
#4991 = LINE ( 'NONE', #816, #8015 ) ;
#4992 = VERTEX_POINT ( 'NONE', #8885 ) ;
#4993 = VERTEX_POINT ( 'NONE', #6876 ) ;
#4994 = CARTESIAN_POINT ( 'NONE',  ( 0.06692913385826773642, 0.01728225441254295155, 0.08117171797437273961 ) ) ;
#4995 = ORIENTED_EDGE ( 'NONE', *, *, #5644, .F. ) ;
#4996 = SURFACE_SIDE_STYLE ('',( #5775 ) ) ;
#4997 =( NAMED_UNIT ( * ) PLANE_ANGLE_UNIT ( ) SI_UNIT ( $, .RADIAN. ) );
#4998 = DIRECTION ( 'NONE',  ( 0.000000000000000000, 0.08715574274765877649, -0.9961946980917454342 ) ) ;
#4999 = DIRECTION ( 'NONE',  ( -0.5000000000000013323, 0.000000000000000000, 0.8660254037844379305 ) ) ;
#5000 = CARTESIAN_POINT ( 'NONE',  ( 0.06496062992125986590, 0.01358267716535432532, 0.07982518197702757889 ) ) ;
#5001 = ORIENTED_EDGE ( 'NONE', *, *, #3405, .F. ) ;
#5002 = DIMENSIONAL_EXPONENTS ( 1.000000000000000000, 0.000000000000000000, 0.000000000000000000, 0.000000000000000000, 0.000000000000000000, 0.000000000000000000, 0.000000000000000000 ) ;
#5003 = CARTESIAN_POINT ( 'NONE',  ( 0.08307086614173231354, 3.734948428837859484E-18, 0.09695901468261183820 ) ) ;
#5004 = SURFACE_SIDE_STYLE ('',( #5703 ) ) ;
#5005 = PRESENTATION_LAYER_ASSIGNMENT (  '', '', ( #7180 ) ) ;
#5006 = CARTESIAN_POINT ( 'NONE',  ( 0.08503937007874018406, 0.02653119753051446164, 0.08453805796773562753 ) ) ;
#5007 = APPLICATION_CONTEXT ( 'automotive_design' ) ;
#5008 = DIRECTION ( 'NONE',  ( -1.000000000000000000, -0.000000000000000000, -0.000000000000000000 ) ) ;
#5009 = DIRECTION ( 'NONE',  ( -0.000000000000000000, -1.000000000000000000, -0.000000000000000000 ) ) ;
#5010 = CARTESIAN_POINT ( 'NONE',  ( 0.09645669291338582196, 0.009842519685039368207, 0.004527559055118107571 ) ) ;
#5011 = ORIENTED_EDGE ( 'NONE', *, *, #3523, .F. ) ;
#5012 = VECTOR ( 'NONE', #7758, 39.37007874015748854 ) ;
#5013 = ORIENTED_EDGE ( 'NONE', *, *, #7097, .T. ) ;
#5014 = PLANE ( 'NONE',  #4970 ) ;
#5015 = SURFACE_STYLE_USAGE ( .BOTH. , #5855 ) ;
#5016 = CARTESIAN_POINT ( 'NONE',  ( 0.09423525063674373370, 0.02244094488188976694, 0.07893700787401573826 ) ) ;
#5017 = DIRECTION ( 'NONE',  ( 0.000000000000000000, 0.7521705405901417674, -0.6589684953534074019 ) ) ;
#5018 = FILL_AREA_STYLE_COLOUR ( '', #4638 ) ;
#5019 = DIRECTION ( 'NONE',  ( 0.000000000000000000, 0.000000000000000000, -1.000000000000000000 ) ) ;
#5020 = LINE ( 'NONE', #6648, #6508 ) ;
#5021 = MECHANICAL_DESIGN_GEOMETRIC_PRESENTATION_REPRESENTATION (  '', ( #3840 ), #4490 ) ;
#5022 = CARTESIAN_POINT ( 'NONE',  ( -0.08307086614173225803, 0.02266295170762570171, 0.09018973667019880569 ) ) ;
#5023 = EDGE_LOOP ( 'NONE', ( #2423, #6776, #4960, #1565 ) ) ;
#5024 = EDGE_CURVE ( 'NONE', #4006, #3022, #3434, .T. ) ;
#5025 = CARTESIAN_POINT ( 'NONE',  ( -0.08307086614173225803, 0.02736220472440944324, 0.07761836027346888378 ) ) ;
#5026 = CARTESIAN_POINT ( 'NONE',  ( -0.01496062992125982496, 0.006485910387336710561, 0.1043622680348770537 ) ) ;
#5027 = CARTESIAN_POINT ( 'NONE',  ( 0.08503937007874018406, 0.01822099969626658419, 0.09408128290260084348 ) ) ;
#5028 = COLOUR_RGB ( '',0.2509803921568627416, 0.2509803921568627416, 0.2509803921568627416 ) ;
#5029 = EDGE_CURVE ( 'NONE', #6002, #2262, #6292, .T. ) ;
#5030 = VERTEX_POINT ( 'NONE', #41 ) ;
#5031 = VECTOR ( 'NONE', #1256, 39.37007874015748143 ) ;
#5032 = ORIENTED_EDGE ( 'NONE', *, *, #8857, .F. ) ;
#5033 =( GEOMETRIC_REPRESENTATION_CONTEXT ( 3 ) GLOBAL_UNCERTAINTY_ASSIGNED_CONTEXT ( ( #2015 ) ) GLOBAL_UNIT_ASSIGNED_CONTEXT ( ( #4176, #778, #4989 ) ) REPRESENTATION_CONTEXT ( 'NONE', 'WORKASPACE' ) );
#5034 = VERTEX_POINT ( 'NONE', #8975 ) ;
#5035 = DIMENSIONAL_EXPONENTS ( 1.000000000000000000, 0.000000000000000000, 0.000000000000000000, 0.000000000000000000, 0.000000000000000000, 0.000000000000000000, 0.000000000000000000 ) ;
#5036 = SURFACE_STYLE_FILL_AREA ( #6419 ) ;
#5037 = CARTESIAN_POINT ( 'NONE',  ( 0.03503937007874018128, 0.01822099969626658073, 0.09408128290260084348 ) ) ;
#5038 = FILL_AREA_STYLE_COLOUR ( '', #1392 ) ;
#5039 = ADVANCED_FACE ( 'NONE', ( #5439, #7632 ), #2749, .T. ) ;
#5040 = ORIENTED_EDGE ( 'NONE', *, *, #2832, .T. ) ;
#5041 = SURFACE_STYLE_FILL_AREA ( #4869 ) ;
#5042 = SURFACE_STYLE_FILL_AREA ( #2386 ) ;
#5043 = EDGE_CURVE ( 'NONE', #8691, #6254, #5570, .T. ) ;
#5044 = FILL_AREA_STYLE_COLOUR ( '', #8012 ) ;
#5045 = DIRECTION ( 'NONE',  ( 0.000000000000000000, 0.7521705405901424335, -0.6589684953534068468 ) ) ;
#5046 = MECHANICAL_DESIGN_GEOMETRIC_PRESENTATION_REPRESENTATION (  '', ( #6946 ), #2574 ) ;
#5047 = MECHANICAL_DESIGN_GEOMETRIC_PRESENTATION_REPRESENTATION (  '', ( #5514 ), #6503 ) ;
#5048 = CIRCLE ( 'NONE', #2278, 0.003149606299212602718 ) ;
#5049 = CARTESIAN_POINT ( 'NONE',  ( 0.03503937007874018128, 0.01822099969626658073, 0.09408128290260084348 ) ) ;
#5050 = SURFACE_SIDE_STYLE ('',( #3708 ) ) ;
#5051 = ORIENTED_EDGE ( 'NONE', *, *, #1800, .F. ) ;
#5052 = ORIENTED_EDGE ( 'NONE', *, *, #5351, .F. ) ;
#5053 =( NAMED_UNIT ( * ) SI_UNIT ( $, .STERADIAN. ) SOLID_ANGLE_UNIT ( ) );
#5054 = CARTESIAN_POINT ( 'NONE',  ( 0.08307086614173231354, 0.007004783218323627943, 0.1049545283030582504 ) ) ;
#5055 = CARTESIAN_POINT ( 'NONE',  ( 0.09242075248266307108, 0.009842519685039369942, 0.004527559055118104969 ) ) ;
#5056 = SURFACE_STYLE_FILL_AREA ( #231 ) ;
#5057 = FACE_OUTER_BOUND ( 'NONE', #2128, .T. ) ;
#5058 = CARTESIAN_POINT ( 'NONE',  ( -0.03307086614173226219, 0.006485910387336710561, 0.1043622680348770537 ) ) ;
#5059 = DIMENSIONAL_EXPONENTS ( 1.000000000000000000, 0.000000000000000000, 0.000000000000000000, 0.000000000000000000, 0.000000000000000000, 0.000000000000000000, 0.000000000000000000 ) ;
#5060 = FILL_AREA_STYLE ('',( #8062 ) ) ;
#5061 = AXIS2_PLACEMENT_3D ( 'NONE', #4918, #7607, #2766 ) ;
#5062 = DIRECTION ( 'NONE',  ( 0.000000000000000000, 0.7521705405901403241, -0.6589684953534089562 ) ) ;
#5063 = ORIENTED_EDGE ( 'NONE', *, *, #122, .F. ) ;
#5064 = CARTESIAN_POINT ( 'NONE',  ( 0.09645669291338582196, 0.000000000000000000, 0.01909448818897638636 ) ) ;
#5065 = EDGE_CURVE ( 'NONE', #7169, #6388, #2672, .T. ) ;
#5066 = EDGE_CURVE ( 'NONE', #6909, #785, #8239, .T. ) ;
#5067 = FILL_AREA_STYLE ('',( #3823 ) ) ;
#5068 = DIRECTION ( 'NONE',  ( 0.1728726807823776357, -0.9804096916296640707, -0.09440271605065636562 ) ) ;
#5069 = ADVANCED_FACE ( 'NONE', ( #2209 ), #1475, .T. ) ;
#5070 = SURFACE_STYLE_FILL_AREA ( #8455 ) ;
#5071 = PRESENTATION_STYLE_ASSIGNMENT (( #5763 ) ) ;
#5072 = VERTEX_POINT ( 'NONE', #3696 ) ;
#5073 = ORIENTED_EDGE ( 'NONE', *, *, #7886, .T. ) ;
#5074 =( LENGTH_UNIT ( ) NAMED_UNIT ( * ) SI_UNIT ( $, .METRE. ) );
#5075 = CIRCLE ( 'NONE', #2601, 0.005905511811023620231 ) ;
#5076 = ORIENTED_EDGE ( 'NONE', *, *, #5892, .F. ) ;
#5077 = DIRECTION ( 'NONE',  ( 0.000000000000000000, -1.000000000000000000, -0.000000000000000000 ) ) ;
#5078 = DIMENSIONAL_EXPONENTS ( 1.000000000000000000, 0.000000000000000000, 0.000000000000000000, 0.000000000000000000, 0.000000000000000000, 0.000000000000000000, 0.000000000000000000 ) ;
#5079 = CARTESIAN_POINT ( 'NONE',  ( 0.01692913385826774753, 0.01728225441254295502, 0.08117171797437273961 ) ) ;
#5080 = FILL_AREA_STYLE ('',( #1009 ) ) ;
#5081 = AXIS2_PLACEMENT_3D ( 'NONE', #1044, #5760, #7252 ) ;
#5082 = SURFACE_SIDE_STYLE ('',( #8545 ) ) ;
#5083 = CARTESIAN_POINT ( 'NONE',  ( -0.01496062992125982496, 0.007004783218323627943, 0.1049545283030582504 ) ) ;
#5084 =( GEOMETRIC_REPRESENTATION_CONTEXT ( 3 ) GLOBAL_UNCERTAINTY_ASSIGNED_CONTEXT ( ( #4008 ) ) GLOBAL_UNIT_ASSIGNED_CONTEXT ( ( #2282, #3685, #245 ) ) REPRESENTATION_CONTEXT ( 'NONE', 'WORKASPACE' ) );
#5085 = CIRCLE ( 'NONE', #4950, 0.01062992125984252995 ) ;
#5086 = CIRCLE ( 'NONE', #2615, 0.003149606299212603152 ) ;
#5087 = ORIENTED_EDGE ( 'NONE', *, *, #255, .T. ) ;
#5088 = CARTESIAN_POINT ( 'NONE',  ( 0.09645669291338582196, 0.000000000000000000, 0.01003937007874015040 ) ) ;
#5090 = DIRECTION ( 'NONE',  ( -1.000000000000000000, -0.000000000000000000, -0.000000000000000000 ) ) ;
#5089 = COLOUR_RGB ( '',0.7921568627450980005, 0.8196078431372548767, 0.9333333333333333481 ) ;
#5091 = VECTOR ( 'NONE', #305, 39.37007874015748854 ) ;
#5092 = EDGE_CURVE ( 'NONE', #8152, #7369, #8414, .T. ) ;
#5093 = LENGTH_MEASURE_WITH_UNIT ( LENGTH_MEASURE( 0.02539999999999999897 ), #222 );
#5094 = DIRECTION ( 'NONE',  ( 1.000000000000000000, 0.000000000000000000, 0.000000000000000000 ) ) ;
#5095 = CARTESIAN_POINT ( 'NONE',  ( 0.09242075248266307108, 0.009842519685039369942, 0.004527559055118104969 ) ) ;
#5096 = CARTESIAN_POINT ( 'NONE',  ( 0.01496062992125986486, 0.01822099969626657726, 0.09408128290260084348 ) ) ;
#5097 = PRESENTATION_LAYER_ASSIGNMENT (  '', '', ( #8459 ) ) ;
#5098 = LINE ( 'NONE', #8612, #5409 ) ;
#5099 = DIRECTION ( 'NONE',  ( 1.000000000000000000, 0.000000000000000000, 0.000000000000000000 ) ) ;
#5100 = ORIENTED_EDGE ( 'NONE', *, *, #1400, .T. ) ;
#5101 =( GEOMETRIC_REPRESENTATION_CONTEXT ( 3 ) GLOBAL_UNCERTAINTY_ASSIGNED_CONTEXT ( ( #6770 ) ) GLOBAL_UNIT_ASSIGNED_CONTEXT ( ( #4496, #2438, #3817 ) ) REPRESENTATION_CONTEXT ( 'NONE', 'WORKASPACE' ) );
#5102 = PRESENTATION_LAYER_ASSIGNMENT (  '', '', ( #157 ) ) ;
#5103 = COLOUR_RGB ( '',0.7921568627450980005, 0.8196078431372548767, 0.9333333333333333481 ) ;
#5104 = VERTEX_POINT ( 'NONE', #4236 ) ;
#5105 = FILL_AREA_STYLE_COLOUR ( '', #7983 ) ;
#5106 = CARTESIAN_POINT ( 'NONE',  ( -0.06496062992125982427, 0.02653119753051446164, 0.08453805796773562753 ) ) ;
#5107 = CARTESIAN_POINT ( 'NONE',  ( 0.1009842519685039408, 0.2556786355646874509, -0.001377952755905492493 ) ) ;
#5108 = EDGE_CURVE ( 'NONE', #380, #8222, #4371, .T. ) ;
#5109 = UNCERTAINTY_MEASURE_WITH_UNIT (LENGTH_MEASURE( 1.000000000000000082E-05 ), #8858, 'distance_accuracy_value', 'NONE');
#5110 = PLANE ( 'NONE',  #6223 ) ;
#5111 = FACE_OUTER_BOUND ( 'NONE', #6641, .T. ) ;
#5112 = CARTESIAN_POINT ( 'NONE',  ( 0.09242075248266307108, 0.2556786355646874509, 0.004527559055118104969 ) ) ;
#5113 = VERTEX_POINT ( 'NONE', #2933 ) ;
#5114 = DIRECTION ( 'NONE',  ( -0.7071067811865462405, 0.000000000000000000, -0.7071067811865487940 ) ) ;
#5115 = DIRECTION ( 'NONE',  ( 0.000000000000000000, 0.000000000000000000, -1.000000000000000000 ) ) ;
#5116 = AXIS2_PLACEMENT_3D ( 'NONE', #5363, #3408, #616 ) ;
#5117 = LENGTH_MEASURE_WITH_UNIT ( LENGTH_MEASURE( 0.02539999999999999897 ), #736 );
#5118 = APPLICATION_PROTOCOL_DEFINITION ( 'draft international standard', 'automotive_design', 1998, #8927 ) ;
#5119 = FILL_AREA_STYLE_COLOUR ( '', #6858 ) ;
#5120 =( NAMED_UNIT ( * ) SI_UNIT ( $, .STERADIAN. ) SOLID_ANGLE_UNIT ( ) );
#5121 = DIRECTION ( 'NONE',  ( 0.000000000000000000, 0.9961946980917454342, 0.08715574274765874874 ) ) ;
#5122 = FILL_AREA_STYLE_COLOUR ( '', #1989 ) ;
#5123 = PRESENTATION_STYLE_ASSIGNMENT (( #1603 ) ) ;
#5124 = EDGE_CURVE ( 'NONE', #1538, #8739, #7089, .T. ) ;
#5125 = EDGE_LOOP ( 'NONE', ( #5895, #6407, #3528, #1337 ) ) ;
#5126 = EDGE_LOOP ( 'NONE', ( #2587, #7937, #7904, #3702 ) ) ;
#5127 = PRESENTATION_STYLE_ASSIGNMENT (( #3013 ) ) ;
#5128 = DIMENSIONAL_EXPONENTS ( 1.000000000000000000, 0.000000000000000000, 0.000000000000000000, 0.000000000000000000, 0.000000000000000000, 0.000000000000000000, 0.000000000000000000 ) ;
#5129 = ORIENTED_EDGE ( 'NONE', *, *, #3705, .T. ) ;
#5130 = DIRECTION ( 'NONE',  ( 0.000000000000000000, 0.9961946980917454342, 0.08715574274765873486 ) ) ;
#5131 = CARTESIAN_POINT ( 'NONE',  ( -0.09242075248266307108, 0.009842519685039369942, 0.004527559055118104969 ) ) ;
#5132 = SURFACE_STYLE_USAGE ( .BOTH. , #5082 ) ;
#5133 =( LENGTH_UNIT ( ) NAMED_UNIT ( * ) SI_UNIT ( $, .METRE. ) );
#5134 = VERTEX_POINT ( 'NONE', #7041 ) ;
#5135 = VERTEX_POINT ( 'NONE', #7855 ) ;
#5136 = EDGE_CURVE ( 'NONE', #6065, #3934, #3563, .T. ) ;
#5137 = ORIENTED_EDGE ( 'NONE', *, *, #4648, .F. ) ;
#5138 =( NAMED_UNIT ( * ) PLANE_ANGLE_UNIT ( ) SI_UNIT ( $, .RADIAN. ) );
#5139 = LINE ( 'NONE', #2133, #2692 ) ;
#5140 = LINE ( 'NONE', #1765, #3908 ) ;
#5141 = DIRECTION ( 'NONE',  ( 0.000000000000000000, 1.000000000000000000, 0.000000000000000000 ) ) ;
#5142 = CARTESIAN_POINT ( 'NONE',  ( 0.07795275590551181688, 0.000000000000000000, -0.01003937007874015908 ) ) ;
#5143 = PLANE ( 'NONE',  #7222 ) ;
#5144 = EDGE_CURVE ( 'NONE', #3860, #6835, #5733, .T. ) ;
#5145 = DIMENSIONAL_EXPONENTS ( 1.000000000000000000, 0.000000000000000000, 0.000000000000000000, 0.000000000000000000, 0.000000000000000000, 0.000000000000000000, 0.000000000000000000 ) ;
#5146 = FILL_AREA_STYLE_COLOUR ( '', #7542 ) ;
#5147 =( NAMED_UNIT ( * ) SI_UNIT ( $, .STERADIAN. ) SOLID_ANGLE_UNIT ( ) );
#5148 = CARTESIAN_POINT ( 'NONE',  ( 0.03503937007874018128, 0.02266295170762570171, 0.09018973667019880569 ) ) ;
#5149 = SURFACE_STYLE_USAGE ( .BOTH. , #6749 ) ;
#5150 = ORIENTED_EDGE ( 'NONE', *, *, #7156, .F. ) ;
#5151 = DIMENSIONAL_EXPONENTS ( 1.000000000000000000, 0.000000000000000000, 0.000000000000000000, 0.000000000000000000, 0.000000000000000000, 0.000000000000000000, 0.000000000000000000 ) ;
#5152 = ORIENTED_EDGE ( 'NONE', *, *, #6284, .F. ) ;
#5153 = VECTOR ( 'NONE', #8392, 39.37007874015748854 ) ;
#5154 = CARTESIAN_POINT ( 'NONE',  ( -0.01692913385826769201, 0.01751968503937008717, 0.07982518197702757889 ) ) ;
#5155 = CARTESIAN_POINT ( 'NONE',  ( 0.09242075248266307108, 0.009842519685039369942, -0.004527559055118113643 ) ) ;
#5156 = LENGTH_MEASURE_WITH_UNIT ( LENGTH_MEASURE( 0.02539999999999999897 ), #7880 );
#5157 = SURFACE_STYLE_FILL_AREA ( #5949 ) ;
#5158 = CARTESIAN_POINT ( 'NONE',  ( -0.07795275590551183076, 0.009842519685039373412, 0.01909448818897638636 ) ) ;
#5159 = ORIENTED_EDGE ( 'NONE', *, *, #1566, .F. ) ;
#5160 = STYLED_ITEM ( 'NONE', ( #6697 ), #3958 ) ;
#5161 = LINE ( 'NONE', #150, #3034 ) ;
#5162 = DIRECTION ( 'NONE',  ( 0.000000000000000000, 0.000000000000000000, 1.000000000000000000 ) ) ;
#5163 = CARTESIAN_POINT ( 'NONE',  ( 0.03503937007874018128, 0.02736220472440944324, 0.07761836027346888378 ) ) ;
#5164 = VECTOR ( 'NONE', #6875, 39.37007874015748143 ) ;
#5165 = VECTOR ( 'NONE', #7899, 39.37007874015748143 ) ;
#5166 = CARTESIAN_POINT ( 'NONE',  ( 0.06692913385826773642, 0.01728225441254295502, 0.08117171797437273961 ) ) ;
#5167 = ORIENTED_EDGE ( 'NONE', *, *, #2502, .F. ) ;
#5168 = ORIENTED_EDGE ( 'NONE', *, *, #3783, .F. ) ;
#5169 = PRESENTATION_STYLE_ASSIGNMENT (( #3104 ) ) ;
#5170 = COLOUR_RGB ( '',0.7921568627450980005, 0.8196078431372548767, 0.9333333333333333481 ) ;
#5171 = MECHANICAL_DESIGN_GEOMETRIC_PRESENTATION_REPRESENTATION (  '', ( #7926 ), #7504 ) ;
#5172 = ORIENTED_EDGE ( 'NONE', *, *, #5187, .F. ) ;
#5173 = LINE ( 'NONE', #7941, #7633 ) ;
#5174 = SURFACE_SIDE_STYLE ('',( #6017 ) ) ;
#5175 = PLANE ( 'NONE',  #318 ) ;
#5176 = LINE ( 'NONE', #5037, #5685 ) ;
#5177 = CARTESIAN_POINT ( 'NONE',  ( -0.08307086614173225803, 0.01728225441254295155, 0.08117171797437273961 ) ) ;
#5178 = DIRECTION ( 'NONE',  ( 0.1728726807823773026, 0.9804096916296642927, 0.09440271605065590765 ) ) ;
#5179 = ORIENTED_EDGE ( 'NONE', *, *, #4936, .T. ) ;
#5180 = ORIENTED_EDGE ( 'NONE', *, *, #8481, .F. ) ;
#5181 = ORIENTED_EDGE ( 'NONE', *, *, #828, .T. ) ;
#5182 =( GEOMETRIC_REPRESENTATION_CONTEXT ( 3 ) GLOBAL_UNCERTAINTY_ASSIGNED_CONTEXT ( ( #7296 ) ) GLOBAL_UNIT_ASSIGNED_CONTEXT ( ( #7691, #4845, #6974 ) ) REPRESENTATION_CONTEXT ( 'NONE', 'WORKASPACE' ) );
#5183 = FILL_AREA_STYLE_COLOUR ( '', #5028 ) ;
#5184 = MECHANICAL_DESIGN_GEOMETRIC_PRESENTATION_REPRESENTATION (  '', ( #4430 ), #7950 ) ;
#5185 = CARTESIAN_POINT ( 'NONE',  ( 0.06692913385826773642, 0.007004783218323627943, 0.1049545283030582504 ) ) ;
#5186 = PLANE ( 'NONE',  #5680 ) ;
#5187 = EDGE_CURVE ( 'NONE', #8400, #3085, #824, .T. ) ;
#5188 = CARTESIAN_POINT ( 'NONE',  ( -0.01692913385826769201, 0.007004783218323627943, 0.1049545283030582504 ) ) ;
#5189 = STYLED_ITEM ( 'NONE', ( #8425 ), #7782 ) ;
#5190 = FILL_AREA_STYLE ('',( #5939 ) ) ;
#5191 = SURFACE_STYLE_FILL_AREA ( #2538 ) ;
#5192 = VERTEX_POINT ( 'NONE', #7808 ) ;
#5193 = UNCERTAINTY_MEASURE_WITH_UNIT (LENGTH_MEASURE( 1.000000000000000082E-05 ), #5412, 'distance_accuracy_value', 'NONE');
#5194 = ORIENTED_EDGE ( 'NONE', *, *, #4427, .F. ) ;
#5195 = LINE ( 'NONE', #8711, #4321 ) ;
#5197 = SURFACE_STYLE_FILL_AREA ( #8936 ) ;
#5196 = PRESENTATION_LAYER_ASSIGNMENT (  '', '', ( #1845 ) ) ;
#5198 =( CONVERSION_BASED_UNIT ( 'INCH', #230 ) LENGTH_UNIT ( ) NAMED_UNIT ( #3802 ) );
#5199 = MECHANICAL_DESIGN_GEOMETRIC_PRESENTATION_REPRESENTATION (  '', ( #3000 ), #1822 ) ;
#5200 = SURFACE_STYLE_USAGE ( .BOTH. , #5306 ) ;
#5201 = DIRECTION ( 'NONE',  ( -1.000000000000000000, -0.000000000000000000, -0.000000000000000000 ) ) ;
#5202 = PRESENTATION_LAYER_ASSIGNMENT (  '', '', ( #4011 ) ) ;
#5203 = VERTEX_POINT ( 'NONE', #5648 ) ;
#5204 = DIRECTION ( 'NONE',  ( -0.000000000000000000, 0.000000000000000000, 1.000000000000000000 ) ) ;
#5205 = ORIENTED_EDGE ( 'NONE', *, *, #1160, .T. ) ;
#5206 =( CONVERSION_BASED_UNIT ( 'INCH', #2919 ) LENGTH_UNIT ( ) NAMED_UNIT ( #6020 ) );
#5207 = CARTESIAN_POINT ( 'NONE',  ( -0.03503937007874013965, 0.02266295170762570171, 0.09018973667019880569 ) ) ;
#5208 = DIMENSIONAL_EXPONENTS ( 1.000000000000000000, 0.000000000000000000, 0.000000000000000000, 0.000000000000000000, 0.000000000000000000, 0.000000000000000000, 0.000000000000000000 ) ;
#5209 = ADVANCED_FACE ( 'NONE', ( #81 ), #3608, .F. ) ;
#5210 = FILL_AREA_STYLE_COLOUR ( '', #5170 ) ;
#5211 = DIRECTION ( 'NONE',  ( -0.000000000000000000, 0.000000000000000000, -1.000000000000000000 ) ) ;
#5212 = LENGTH_MEASURE_WITH_UNIT ( LENGTH_MEASURE( 0.02539999999999999897 ), #7164 );
#5213 = DIMENSIONAL_EXPONENTS ( 1.000000000000000000, 0.000000000000000000, 0.000000000000000000, 0.000000000000000000, 0.000000000000000000, 0.000000000000000000, 0.000000000000000000 ) ;
#5214 = DIRECTION ( 'NONE',  ( 1.000000000000000000, 0.000000000000000000, 0.000000000000000000 ) ) ;
#5215 =( NAMED_UNIT ( * ) SI_UNIT ( $, .STERADIAN. ) SOLID_ANGLE_UNIT ( ) );
#5216 = AXIS2_PLACEMENT_3D ( 'NONE', #8609, #5008, #2345 ) ;
#5217 = CARTESIAN_POINT ( 'NONE',  ( -0.08503937007874014242, 0.01617704132028901370, 0.08278648331793365955 ) ) ;
#5218 = EDGE_CURVE ( 'NONE', #8044, #4992, #302, .T. ) ;
#5219 = SURFACE_STYLE_USAGE ( .BOTH. , #4556 ) ;
#5220 = ORIENTED_EDGE ( 'NONE', *, *, #8213, .T. ) ;
#5221 = ORIENTED_EDGE ( 'NONE', *, *, #7787, .T. ) ;
#5222 = CARTESIAN_POINT ( 'NONE',  ( -0.06496062992125982427, 0.01617704132028901370, 0.08278648331793365955 ) ) ;
#5223 = MECHANICAL_DESIGN_GEOMETRIC_PRESENTATION_REPRESENTATION (  '', ( #5962 ), #2869 ) ;
#5224 = EDGE_CURVE ( 'NONE', #1734, #1818, #5969, .T. ) ;
#5225 =( LENGTH_UNIT ( ) NAMED_UNIT ( * ) SI_UNIT ( $, .METRE. ) );
#5226 = FILL_AREA_STYLE_COLOUR ( '', #8462 ) ;
#5227 = DIRECTION ( 'NONE',  ( 0.000000000000000000, -0.9396926207859079838, -0.3420201433256699342 ) ) ;
#5228 = CARTESIAN_POINT ( 'NONE',  ( 0.03503937007874018128, 0.01617704132028901370, 0.08278648331793365955 ) ) ;
#5229 = SURFACE_STYLE_USAGE ( .BOTH. , #874 ) ;
#5230 = CARTESIAN_POINT ( 'NONE',  ( -0.07795275590551181688, 0.000000000000000000, 0.01003937007874015040 ) ) ;
#5231 =( GEOMETRIC_REPRESENTATION_CONTEXT ( 3 ) GLOBAL_UNCERTAINTY_ASSIGNED_CONTEXT ( ( #819 ) ) GLOBAL_UNIT_ASSIGNED_CONTEXT ( ( #3701, #2935, #3568 ) ) REPRESENTATION_CONTEXT ( 'NONE', 'WORKASPACE' ) );
#5232 = ORIENTED_EDGE ( 'NONE', *, *, #7702, .T. ) ;
#5233 = CARTESIAN_POINT ( 'NONE',  ( -0.01692913385826769201, 0.02653119753051446511, 0.08453805796773562753 ) ) ;
#5234 = VERTEX_POINT ( 'NONE', #8687 ) ;
#5235 = ORIENTED_EDGE ( 'NONE', *, *, #1721, .F. ) ;
#5236 = DIRECTION ( 'NONE',  ( 0.000000000000000000, 0.7521705405901403241, -0.6589684953534089562 ) ) ;
#5237 = CARTESIAN_POINT ( 'NONE',  ( 0.09783464566929132855, 0.009842519685039369942, -0.1049212598425196818 ) ) ;
#5238 = DIRECTION ( 'NONE',  ( 0.000000000000000000, -0.08715574274765877649, 0.9961946980917454342 ) ) ;
#5239 = SURFACE_SIDE_STYLE ('',( #3078 ) ) ;
#5240 = SURFACE_STYLE_FILL_AREA ( #8105 ) ;
#5241 = DIMENSIONAL_EXPONENTS ( 1.000000000000000000, 0.000000000000000000, 0.000000000000000000, 0.000000000000000000, 0.000000000000000000, 0.000000000000000000, 0.000000000000000000 ) ;
#5242 = SURFACE_STYLE_FILL_AREA ( #2428 ) ;
#5243 = VECTOR ( 'NONE', #3991, 39.37007874015748854 ) ;
#5244 = EDGE_CURVE ( 'NONE', #2948, #939, #5326, .T. ) ;
#5245 = CARTESIAN_POINT ( 'NONE',  ( 0.09645669291338582196, 0.009842519685039366473, -0.09311023622047244486 ) ) ;
#5246 =( NAMED_UNIT ( * ) SI_UNIT ( $, .STERADIAN. ) SOLID_ANGLE_UNIT ( ) );
#5247 = CARTESIAN_POINT ( 'NONE',  ( 0.09645669291338582196, 0.009842519685039369942, 0.07772391750302322377 ) ) ;
#5248 = ORIENTED_EDGE ( 'NONE', *, *, #7751, .T. ) ;
#5249 = VECTOR ( 'NONE', #4451, 39.37007874015748143 ) ;
#5250 = EDGE_CURVE ( 'NONE', #8412, #1980, #1654, .T. ) ;
#5251 = UNCERTAINTY_MEASURE_WITH_UNIT (LENGTH_MEASURE( 1.000000000000000082E-05 ), #800, 'distance_accuracy_value', 'NONE');
#5252 = PRESENTATION_LAYER_ASSIGNMENT (  '', '', ( #721 ) ) ;
#5253 = VECTOR ( 'NONE', #2158, 39.37007874015748143 ) ;
#5254 = LINE ( 'NONE', #5154, #8288 ) ;
#5255 = DIRECTION ( 'NONE',  ( -1.000000000000000000, -0.000000000000000000, -0.000000000000000000 ) ) ;
#5256 = COLOUR_RGB ( '',0.2509803921568627416, 0.2509803921568627416, 0.2509803921568627416 ) ;
#5257 = LINE ( 'NONE', #6089, #2140 ) ;
#5258 = VERTEX_POINT ( 'NONE', #349 ) ;
#5259 =( GEOMETRIC_REPRESENTATION_CONTEXT ( 3 ) GLOBAL_UNCERTAINTY_ASSIGNED_CONTEXT ( ( #6234 ) ) GLOBAL_UNIT_ASSIGNED_CONTEXT ( ( #5626, #8995, #8393 ) ) REPRESENTATION_CONTEXT ( 'NONE', 'WORKASPACE' ) );
#5260 = LENGTH_MEASURE_WITH_UNIT ( LENGTH_MEASURE( 0.02539999999999999897 ), #7344 );
#5261 = ORIENTED_EDGE ( 'NONE', *, *, #8255, .F. ) ;
#5262 = AXIS2_PLACEMENT_3D ( 'NONE', #1224, #8769, #6792 ) ;
#5263 =( GEOMETRIC_REPRESENTATION_CONTEXT ( 3 ) GLOBAL_UNCERTAINTY_ASSIGNED_CONTEXT ( ( #4082 ) ) GLOBAL_UNIT_ASSIGNED_CONTEXT ( ( #7613, #4664, #3453 ) ) REPRESENTATION_CONTEXT ( 'NONE', 'WORKASPACE' ) );
#5264 = EDGE_CURVE ( 'NONE', #3831, #6453, #1099, .T. ) ;
#5265 = VECTOR ( 'NONE', #2103, 39.37007874015748143 ) ;
#5266 = PRESENTATION_STYLE_ASSIGNMENT (( #7888 ) ) ;
#5267 = DIRECTION ( 'NONE',  ( 0.000000000000000000, 0.000000000000000000, -1.000000000000000000 ) ) ;
#5268 = COLOUR_RGB ( '',0.7921568627450980005, 0.8196078431372548767, 0.9333333333333333481 ) ;
#5269 =( NAMED_UNIT ( * ) PLANE_ANGLE_UNIT ( ) SI_UNIT ( $, .RADIAN. ) );
#5270 = COLOUR_RGB ( '',0.7921568627450980005, 0.8196078431372548767, 0.9333333333333333481 ) ;
#5271 = VECTOR ( 'NONE', #7415, 39.37007874015748143 ) ;
#5272 = CARTESIAN_POINT ( 'NONE',  ( 0.08307086614173231354, 0.01358267716535432532, 0.07982518197702757889 ) ) ;
#5273 =( CONVERSION_BASED_UNIT ( 'INCH', #6623 ) LENGTH_UNIT ( ) NAMED_UNIT ( #5213 ) );
#5274 =( CONVERSION_BASED_UNIT ( 'INCH', #4702 ) LENGTH_UNIT ( ) NAMED_UNIT ( #8527 ) );
#5275 =( NAMED_UNIT ( * ) SI_UNIT ( $, .STERADIAN. ) SOLID_ANGLE_UNIT ( ) );
#5276 = STYLED_ITEM ( 'NONE', ( #5169 ), #3292 ) ;
#5277 = EDGE_CURVE ( 'NONE', #5435, #703, #2331, .T. ) ;
#5278 = ORIENTED_EDGE ( 'NONE', *, *, #1321, .T. ) ;
#5279 = EDGE_LOOP ( 'NONE', ( #3102, #3901, #1732, #1459 ) ) ;
#5280 = CARTESIAN_POINT ( 'NONE',  ( -0.07795275590551181688, 0.009842519685039369942, 0.01003937007874015040 ) ) ;
#5281 = LINE ( 'NONE', #7898, #5916 ) ;
#5282 = DIRECTION ( 'NONE',  ( 0.000000000000000000, 0.6589684953534065137, 0.7521705405901426555 ) ) ;
#5283 = VECTOR ( 'NONE', #8684, 39.37007874015748143 ) ;
#5284 = FILL_AREA_STYLE ('',( #8092 ) ) ;
#5285 = EDGE_CURVE ( 'NONE', #380, #3406, #3794, .T. ) ;
#5286 = CARTESIAN_POINT ( 'NONE',  ( 0.03307086614173231770, 0.01822099969626658073, 0.09408128290260084348 ) ) ;
#5287 = PRESENTATION_STYLE_ASSIGNMENT (( #3882 ) ) ;
#5288 = ORIENTED_EDGE ( 'NONE', *, *, #3736, .F. ) ;
#5289 =( LENGTH_UNIT ( ) NAMED_UNIT ( * ) SI_UNIT ( $, .METRE. ) );
#5290 = DIMENSIONAL_EXPONENTS ( 1.000000000000000000, 0.000000000000000000, 0.000000000000000000, 0.000000000000000000, 0.000000000000000000, 0.000000000000000000, 0.000000000000000000 ) ;
#5291 = VERTEX_POINT ( 'NONE', #6678 ) ;
#5292 = VERTEX_POINT ( 'NONE', #5919 ) ;
#5293 = DIRECTION ( 'NONE',  ( 0.000000000000000000, -0.08715574274765738871, 0.9961946980917454342 ) ) ;
#5294 =( LENGTH_UNIT ( ) NAMED_UNIT ( * ) SI_UNIT ( $, .METRE. ) );
#5295 = SURFACE_SIDE_STYLE ('',( #4533 ) ) ;
#5296 = DIRECTION ( 'NONE',  ( -0.000000000000000000, -0.7521705405901403241, 0.6589684953534089562 ) ) ;
#5297 = CARTESIAN_POINT ( 'NONE',  ( -0.07795275590551181688, 0.009842519685039369942, -0.09092820213934121876 ) ) ;
#5298 = DIRECTION ( 'NONE',  ( 0.000000000000000000, 0.000000000000000000, 1.000000000000000000 ) ) ;
#5299 = LINE ( 'NONE', #6395, #6239 ) ;
#5300 =( NAMED_UNIT ( * ) PLANE_ANGLE_UNIT ( ) SI_UNIT ( $, .RADIAN. ) );
#5301 = SURFACE_STYLE_FILL_AREA ( #3944 ) ;
#5302 = ORIENTED_EDGE ( 'NONE', *, *, #4229, .F. ) ;
#5303 = UNCERTAINTY_MEASURE_WITH_UNIT (LENGTH_MEASURE( 1.000000000000000082E-05 ), #1038, 'distance_accuracy_value', 'NONE');
#5304 = ORIENTED_EDGE ( 'NONE', *, *, #8433, .T. ) ;
#5305 = PLANE ( 'NONE',  #2606 ) ;
#5306 = SURFACE_SIDE_STYLE ('',( #2398 ) ) ;
#5307 = SURFACE_STYLE_FILL_AREA ( #6134 ) ;
#5308 = ORIENTED_EDGE ( 'NONE', *, *, #6040, .F. ) ;
#5309 = ORIENTED_EDGE ( 'NONE', *, *, #6944, .F. ) ;
#5310 =( NAMED_UNIT ( * ) SI_UNIT ( $, .STERADIAN. ) SOLID_ANGLE_UNIT ( ) );
#5311 = SURFACE_SIDE_STYLE ('',( #8777 ) ) ;
#5312 = DIMENSIONAL_EXPONENTS ( 1.000000000000000000, 0.000000000000000000, 0.000000000000000000, 0.000000000000000000, 0.000000000000000000, 0.000000000000000000, 0.000000000000000000 ) ;
#5313 = LINE ( 'NONE', #4597, #7868 ) ;
#5314 = DIRECTION ( 'NONE',  ( -1.000000000000000000, -0.000000000000000000, -0.000000000000000000 ) ) ;
#5315 = PRESENTATION_STYLE_ASSIGNMENT (( #3146 ) ) ;
#5316 = DIRECTION ( 'NONE',  ( -1.000000000000000000, -0.000000000000000000, -0.000000000000000000 ) ) ;
#5317 = EDGE_CURVE ( 'NONE', #6312, #5113, #2239, .T. ) ;
#5318 = DIRECTION ( 'NONE',  ( 0.000000000000000000, -0.9953961983671792968, -0.09584575252021750036 ) ) ;
#5319 = EDGE_LOOP ( 'NONE', ( #9014, #4867, #1497, #4157 ) ) ;
#5320 = EDGE_LOOP ( 'NONE', ( #5861, #4799, #7293, #6052, #742, #1196 ) ) ;
#5321 =( NAMED_UNIT ( * ) PLANE_ANGLE_UNIT ( ) SI_UNIT ( $, .RADIAN. ) );
#5322 = PRESENTATION_STYLE_ASSIGNMENT (( #397 ) ) ;
#5323 =( GEOMETRIC_REPRESENTATION_CONTEXT ( 3 ) GLOBAL_UNCERTAINTY_ASSIGNED_CONTEXT ( ( #5558 ) ) GLOBAL_UNIT_ASSIGNED_CONTEXT ( ( #8746, #5138, #1714 ) ) REPRESENTATION_CONTEXT ( 'NONE', 'WORKASPACE' ) );
#5324 = PRESENTATION_LAYER_ASSIGNMENT (  '', '', ( #2964 ) ) ;
#5325 = CARTESIAN_POINT ( 'NONE',  ( -0.01496062992125982496, 0.01358267716535432532, 0.07982518197702757889 ) ) ;
#5326 = LINE ( 'NONE', #6588, #5165 ) ;
#5327 = EDGE_CURVE ( 'NONE', #2936, #6334, #3834, .T. ) ;
#5328 = DIRECTION ( 'NONE',  ( 0.000000000000000000, -0.2588190451025212946, -0.9659258262890682012 ) ) ;
#5329 = SURFACE_SIDE_STYLE ('',( #8735 ) ) ;
#5330 = FILL_AREA_STYLE ('',( #2520 ) ) ;
#5331 =( NAMED_UNIT ( * ) PLANE_ANGLE_UNIT ( ) SI_UNIT ( $, .RADIAN. ) );
#5332 = EDGE_LOOP ( 'NONE', ( #2026, #8461, #6051, #2659 ) ) ;
#5333 = VERTEX_POINT ( 'NONE', #6632 ) ;
#5334 = VECTOR ( 'NONE', #6305, 39.37007874015748143 ) ;
#5335 = ORIENTED_EDGE ( 'NONE', *, *, #2805, .F. ) ;
#5336 = SURFACE_STYLE_FILL_AREA ( #3168 ) ;
#5337 = CARTESIAN_POINT ( 'NONE',  ( -0.09242075248266307108, 0.2556786355646874509, -0.004527559055118113643 ) ) ;
#5338 = EDGE_CURVE ( 'NONE', #1993, #5381, #399, .T. ) ;
#5339 = STYLED_ITEM ( 'NONE', ( #2552 ), #4746 ) ;
#5340 =( CONVERSION_BASED_UNIT ( 'INCH', #6782 ) LENGTH_UNIT ( ) NAMED_UNIT ( #3653 ) );
#5341 = CARTESIAN_POINT ( 'NONE',  ( 0.07480314960629921850, 0.009842519685039376881, -0.09092820213934121876 ) ) ;
#5342 = LINE ( 'NONE', #1213, #8321 ) ;
#5343 = CARTESIAN_POINT ( 'NONE',  ( -0.06692913385826769479, 3.734948428837859484E-18, 0.09695901468261183820 ) ) ;
#5344 = DIRECTION ( 'NONE',  ( 0.000000000000000000, -0.3420201433256699342, 0.9396926207859079838 ) ) ;
#5345 = EDGE_CURVE ( 'NONE', #263, #5750, #8792, .T. ) ;
#5346 = FILL_AREA_STYLE ('',( #5847 ) ) ;
#5347 =( NAMED_UNIT ( * ) PLANE_ANGLE_UNIT ( ) SI_UNIT ( $, .RADIAN. ) );
#5348 = ORIENTED_EDGE ( 'NONE', *, *, #6485, .F. ) ;
#5349 = STYLED_ITEM ( 'NONE', ( #115 ), #7144 ) ;
#5350 = UNCERTAINTY_MEASURE_WITH_UNIT (LENGTH_MEASURE( 1.000000000000000082E-05 ), #8836, 'distance_accuracy_value', 'NONE');
#5351 = EDGE_CURVE ( 'NONE', #5291, #5730, #2516, .T. ) ;
#5352 = LINE ( 'NONE', #8111, #2304 ) ;
#5353 = LINE ( 'NONE', #8206, #1600 ) ;
#5354 = UNCERTAINTY_MEASURE_WITH_UNIT (LENGTH_MEASURE( 1.000000000000000082E-05 ), #5863, 'distance_accuracy_value', 'NONE');
#5355 =( NAMED_UNIT ( * ) SI_UNIT ( $, .STERADIAN. ) SOLID_ANGLE_UNIT ( ) );
#5356 = COLOUR_RGB ( '',0.7921568627450980005, 0.8196078431372548767, 0.9333333333333333481 ) ;
#5357 = DIRECTION ( 'NONE',  ( -1.000000000000000000, -0.000000000000000000, -0.000000000000000000 ) ) ;
#5358 = ORIENTED_EDGE ( 'NONE', *, *, #2145, .T. ) ;
#5359 = DIRECTION ( 'NONE',  ( -1.000000000000000000, -0.000000000000000000, -0.000000000000000000 ) ) ;
#5360 = DIRECTION ( 'NONE',  ( 0.000000000000000000, -1.000000000000000000, 0.000000000000000000 ) ) ;
#5361 = LINE ( 'NONE', #7441, #6482 ) ;
#5362 = PRESENTATION_LAYER_ASSIGNMENT (  '', '', ( #5189 ) ) ;
#5363 = CARTESIAN_POINT ( 'NONE',  ( 0.06692913385826773642, 0.01358267716535432532, 0.07982518197702757889 ) ) ;
#5364 = CARTESIAN_POINT ( 'NONE',  ( 0.09783464566929132855, 0.009842519685039369942, -0.09092820213934121876 ) ) ;
#5365 = CARTESIAN_POINT ( 'NONE',  ( -0.08287401574803150706, 0.009842519685039369942, 0.01003937007874015040 ) ) ;
#5366 = PLANE ( 'NONE',  #7126 ) ;
#5367 = EDGE_LOOP ( 'NONE', ( #3255, #8422, #8277, #5533 ) ) ;
#5368 = ORIENTED_EDGE ( 'NONE', *, *, #3570, .T. ) ;
#5369 = PRESENTATION_LAYER_ASSIGNMENT (  '', '', ( #259 ) ) ;
#5370 = DIRECTION ( 'NONE',  ( 0.000000000000000000, 1.000000000000000000, 0.000000000000000000 ) ) ;
#5371 = ADVANCED_FACE ( 'NONE', ( #6729 ), #489, .T. ) ;
#5372 = EDGE_CURVE ( 'NONE', #3733, #582, #2612, .T. ) ;
#5373 =( CONVERSION_BASED_UNIT ( 'INCH', #4607 ) LENGTH_UNIT ( ) NAMED_UNIT ( #2206 ) );
#5374 =( NAMED_UNIT ( * ) SI_UNIT ( $, .STERADIAN. ) SOLID_ANGLE_UNIT ( ) );
#5375 = FILL_AREA_STYLE ('',( #8877 ) ) ;
#5376 = SURFACE_STYLE_FILL_AREA ( #5330 ) ;
#5377 = ORIENTED_EDGE ( 'NONE', *, *, #208, .T. ) ;
#5378 = SURFACE_SIDE_STYLE ('',( #3224 ) ) ;
#5379 = ORIENTED_EDGE ( 'NONE', *, *, #6221, .T. ) ;
#5380 = CIRCLE ( 'NONE', #7674, 0.003149606299212602718 ) ;
#5381 = VERTEX_POINT ( 'NONE', #1370 ) ;
#5382 = CARTESIAN_POINT ( 'NONE',  ( 0.07795275590551181688, 0.000000000000000000, -0.01003937007874015908 ) ) ;
#5383 = PLANE ( 'NONE',  #852 ) ;
#5384 = DIRECTION ( 'NONE',  ( 0.000000000000000000, 0.000000000000000000, 1.000000000000000000 ) ) ;
#5385 = CARTESIAN_POINT ( 'NONE',  ( 0.08307086614173231354, 0.02653119753051446858, 0.08453805796773562753 ) ) ;
#5386 = CARTESIAN_POINT ( 'NONE',  ( 0.01692913385826774753, 0.01728225441254295502, 0.08117171797437273961 ) ) ;
#5387 = FACE_OUTER_BOUND ( 'NONE', #702, .T. ) ;
#5388 = SURFACE_SIDE_STYLE ('',( #8850 ) ) ;
#5389 = ADVANCED_FACE ( 'NONE', ( #2664 ), #4804, .F. ) ;
#5390 = ORIENTED_EDGE ( 'NONE', *, *, #490, .T. ) ;
#5391 = CARTESIAN_POINT ( 'NONE',  ( 0.08503937007874018406, 0.01358267716535432532, 0.07982518197702757889 ) ) ;
#5392 = VERTEX_POINT ( 'NONE', #3968 ) ;
#5393 = COLOUR_RGB ( '',1.000000000000000000, 1.000000000000000000, 1.000000000000000000 ) ;
#5394 = EDGE_CURVE ( 'NONE', #4031, #8372, #8230, .T. ) ;
#5395 = SURFACE_STYLE_USAGE ( .BOTH. , #2716 ) ;
#5396 = DIRECTION ( 'NONE',  ( 0.000000000000000000, 0.9659258262890682012, -0.2588190451025212946 ) ) ;
#5397 = LINE ( 'NONE', #472, #4500 ) ;
#5398 = VECTOR ( 'NONE', #8535, 39.37007874015748854 ) ;
#5399 = VERTEX_POINT ( 'NONE', #3302 ) ;
#5400 = COLOUR_RGB ( '',0.7921568627450980005, 0.8196078431372548767, 0.9333333333333333481 ) ;
#5401 = LINE ( 'NONE', #1133, #7483 ) ;
#5402 = PRESENTATION_LAYER_ASSIGNMENT (  '', '', ( #3037 ) ) ;
#5403 = PRESENTATION_LAYER_ASSIGNMENT (  '', '', ( #6130 ) ) ;
#5404 = AXIS2_PLACEMENT_3D ( 'NONE', #6023, #6061, #8795 ) ;
#5405 = PRODUCT_DEFINITION ( 'UNKNOWN', '', #1146, #4856 ) ;
#5406 =( NAMED_UNIT ( * ) PLANE_ANGLE_UNIT ( ) SI_UNIT ( $, .RADIAN. ) );
#5407 = DIRECTION ( 'NONE',  ( 1.000000000000000000, 0.000000000000000000, -0.000000000000000000 ) ) ;
#5408 = DIRECTION ( 'NONE',  ( 0.000000000000000000, 1.000000000000000000, -0.000000000000000000 ) ) ;
#5409 = VECTOR ( 'NONE', #2348, 39.37007874015748143 ) ;
#5410 =( CONVERSION_BASED_UNIT ( 'INCH', #1191 ) LENGTH_UNIT ( ) NAMED_UNIT ( #5035 ) );
#5411 = LINE ( 'NONE', #6936, #7850 ) ;
#5413 = PRESENTATION_LAYER_ASSIGNMENT (  '', '', ( #6986 ) ) ;
#5412 =( CONVERSION_BASED_UNIT ( 'INCH', #6672 ) LENGTH_UNIT ( ) NAMED_UNIT ( #4986 ) );
#5414 = VECTOR ( 'NONE', #1476, 39.37007874015748143 ) ;
#5415 = FILL_AREA_STYLE ('',( #6050 ) ) ;
#5416 = EDGE_LOOP ( 'NONE', ( #8863, #1296, #5475, #6319, #4748, #1183, #5974, #3073 ) ) ;
#5417 = ORIENTED_EDGE ( 'NONE', *, *, #3760, .T. ) ;
#5418 = CARTESIAN_POINT ( 'NONE',  ( -0.09173228346456695215, 0.2556786355646874509, -0.1210629921259842590 ) ) ;
#5419 = AXIS2_PLACEMENT_3D ( 'NONE', #4760, #8929, #5470 ) ;
#5420 = UNCERTAINTY_MEASURE_WITH_UNIT (LENGTH_MEASURE( 1.000000000000000082E-05 ), #6371, 'distance_accuracy_value', 'NONE');
#5421 =( GEOMETRIC_REPRESENTATION_CONTEXT ( 3 ) GLOBAL_UNCERTAINTY_ASSIGNED_CONTEXT ( ( #1936 ) ) GLOBAL_UNIT_ASSIGNED_CONTEXT ( ( #275, #7152, #8517 ) ) REPRESENTATION_CONTEXT ( 'NONE', 'WORKASPACE' ) );
#5422 = AXIS2_PLACEMENT_3D ( 'NONE', #2515, #1789, #3065 ) ;
#5423 = CARTESIAN_POINT ( 'NONE',  ( -0.06692913385826769479, 0.01822099969626658419, 0.09408128290260084348 ) ) ;
#5424 = DIRECTION ( 'NONE',  ( 0.000000000000000000, -0.000000000000000000, -1.000000000000000000 ) ) ;
#5425 = LINE ( 'NONE', #533, #5490 ) ;
#5426 = CLOSED_SHELL ( 'NONE', ( #5039, #2106, #3682, #6890, #678, #4407, #1791, #3672, #4253, #5371, #6021, #8177, #3614, #1627, #5774, #1021, #6933, #5704, #2291, #6398, #1831, #5994, #1416, #2019, #6462, #3913, #2090, #424, #4964, #3606, #4406, #821, #1205, #8420, #2803, #6826, #4528, #4140, #4616, #8554 ) ) ;
#5427 = FILL_AREA_STYLE_COLOUR ( '', #6158 ) ;
#5428 = EDGE_CURVE ( 'NONE', #7615, #7323, #6198, .T. ) ;
#5429 = COLOUR_RGB ( '',0.2509803921568627416, 0.2509803921568627416, 0.2509803921568627416 ) ;
#5430 = COLOUR_RGB ( '',0.7921568627450980005, 0.8196078431372548767, 0.9333333333333333481 ) ;
#5431 =( GEOMETRIC_REPRESENTATION_CONTEXT ( 3 ) GLOBAL_UNCERTAINTY_ASSIGNED_CONTEXT ( ( #5420 ) ) GLOBAL_UNIT_ASSIGNED_CONTEXT ( ( #6371, #42, #6294 ) ) REPRESENTATION_CONTEXT ( 'NONE', 'WORKASPACE' ) );
#5432 = ORIENTED_EDGE ( 'NONE', *, *, #2220, .F. ) ;
#5433 = SURFACE_STYLE_FILL_AREA ( #2108 ) ;
#5434 = ORIENTED_EDGE ( 'NONE', *, *, #671, .T. ) ;
#5435 = VERTEX_POINT ( 'NONE', #1938 ) ;
#5436 = STYLED_ITEM ( 'NONE', ( #7151 ), #1021 ) ;
#5437 = VECTOR ( 'NONE', #8537, 39.37007874015748143 ) ;
#5438 = FILL_AREA_STYLE_COLOUR ( '', #4259 ) ;
#5439 = FACE_BOUND ( 'NONE', #5319, .T. ) ;
#5440 = DIRECTION ( 'NONE',  ( 0.000000000000000000, 0.000000000000000000, -1.000000000000000000 ) ) ;
#5441 = CARTESIAN_POINT ( 'NONE',  ( -0.07795275590551181688, 0.2556786355646874509, -0.01003937007874015908 ) ) ;
#5442 = CARTESIAN_POINT ( 'NONE',  ( 0.07795275590551181688, 0.009842519685039369942, 0.01909448818897638636 ) ) ;
#5443 = EDGE_CURVE ( 'NONE', #4367, #7185, #4754, .T. ) ;
#5444 =( NAMED_UNIT ( * ) PLANE_ANGLE_UNIT ( ) SI_UNIT ( $, .RADIAN. ) );
#5445 = FILL_AREA_STYLE ('',( #4105 ) ) ;
#5446 = FACE_OUTER_BOUND ( 'NONE', #272, .T. ) ;
#5447 = ORIENTED_EDGE ( 'NONE', *, *, #6310, .T. ) ;
#5448 = CARTESIAN_POINT ( 'NONE',  ( -0.09645669291338586360, 0.009842519685039369942, -0.09311023622047244486 ) ) ;
#5449 = FILL_AREA_STYLE ('',( #6834 ) ) ;
#5450 = EDGE_CURVE ( 'NONE', #6871, #7430, #5480, .T. ) ;
#5451 = UNCERTAINTY_MEASURE_WITH_UNIT (LENGTH_MEASURE( 1.000000000000000082E-05 ), #6752, 'distance_accuracy_value', 'NONE');
#5452 =( LENGTH_UNIT ( ) NAMED_UNIT ( * ) SI_UNIT ( $, .METRE. ) );
#5453 = DIRECTION ( 'NONE',  ( 1.000000000000000000, 0.000000000000000000, 0.000000000000000000 ) ) ;
#5454 = PRESENTATION_STYLE_ASSIGNMENT (( #6041 ) ) ;
#5455 = ORIENTED_EDGE ( 'NONE', *, *, #1800, .T. ) ;
#5456 = DIRECTION ( 'NONE',  ( 0.000000000000000000, 0.000000000000000000, 1.000000000000000000 ) ) ;
#5457 = SURFACE_STYLE_FILL_AREA ( #1132 ) ;
#5458 = FILL_AREA_STYLE ('',( #6220 ) ) ;
#5459 = LINE ( 'NONE', #4644, #7591 ) ;
#5460 = PLANE ( 'NONE',  #2473 ) ;
#5461 = DIRECTION ( 'NONE',  ( -0.000000000000000000, 0.000000000000000000, -1.000000000000000000 ) ) ;
#5462 = SURFACE_STYLE_FILL_AREA ( #3960 ) ;
#5463 = ORIENTED_EDGE ( 'NONE', *, *, #3247, .T. ) ;
#5464 = ORIENTED_EDGE ( 'NONE', *, *, #5285, .T. ) ;
#5465 =( NAMED_UNIT ( * ) PLANE_ANGLE_UNIT ( ) SI_UNIT ( $, .RADIAN. ) );
#5466 = PRESENTATION_STYLE_ASSIGNMENT (( #6899 ) ) ;
#5467 = ADVANCED_FACE ( 'NONE', ( #3597 ), #4894, .F. ) ;
#5468 = MECHANICAL_DESIGN_GEOMETRIC_PRESENTATION_REPRESENTATION (  '', ( #5160 ), #3828 ) ;
#5469 = LINE ( 'NONE', #2566, #1526 ) ;
#5470 = DIRECTION ( 'NONE',  ( 0.000000000000000000, -0.08715574274765768015, 0.9961946980917456562 ) ) ;
#5471 = EDGE_LOOP ( 'NONE', ( #7608, #7556, #2329, #3226 ) ) ;
#5472 = LENGTH_MEASURE_WITH_UNIT ( LENGTH_MEASURE( 0.02539999999999999897 ), #1294 );
#5473 = ORIENTED_EDGE ( 'NONE', *, *, #514, .F. ) ;
#5474 = VECTOR ( 'NONE', #2670, 39.37007874015748143 ) ;
#5475 = ORIENTED_EDGE ( 'NONE', *, *, #1047, .T. ) ;
#5476 = CARTESIAN_POINT ( 'NONE',  ( -0.03307086614173226219, 0.01751968503937007676, 0.07982518197702757889 ) ) ;
#5477 = DIRECTION ( 'NONE',  ( 0.5000000000000012212, 0.000000000000000000, -0.8660254037844379305 ) ) ;
#5478 = CARTESIAN_POINT ( 'NONE',  ( 0.09783464566929131467, 0.000000000000000000, -0.004527559055118113643 ) ) ;
#5479 = CARTESIAN_POINT ( 'NONE',  ( -0.06496062992125982427, 0.004805065926099859851, 0.1210629921259844255 ) ) ;
#5480 = CIRCLE ( 'NONE', #1514, 0.003937007874015758385 ) ;
#5481 =( NAMED_UNIT ( * ) SI_UNIT ( $, .STERADIAN. ) SOLID_ANGLE_UNIT ( ) );
#5482 = CARTESIAN_POINT ( 'NONE',  ( 0.07480314960629921850, 0.000000000000000000, -0.09092820213934121876 ) ) ;
#5483 = EDGE_CURVE ( 'NONE', #785, #3812, #2148, .T. ) ;
#5484 = VERTEX_POINT ( 'NONE', #737 ) ;
#5485 = AXIS2_PLACEMENT_3D ( 'NONE', #7973, #1735, #3864 ) ;
#5486 = ADVANCED_FACE ( 'NONE', ( #8450 ), #3463, .F. ) ;
#5487 = SURFACE_SIDE_STYLE ('',( #7559 ) ) ;
#5488 = PRESENTATION_STYLE_ASSIGNMENT (( #2685 ) ) ;
#5489 = ORIENTED_EDGE ( 'NONE', *, *, #5450, .F. ) ;
#5490 = VECTOR ( 'NONE', #6867, 39.37007874015748854 ) ;
#5491 =( CONVERSION_BASED_UNIT ( 'INCH', #1272 ) LENGTH_UNIT ( ) NAMED_UNIT ( #5862 ) );
#5492 = DIRECTION ( 'NONE',  ( 0.000000000000000000, 0.7521705405901426555, -0.6589684953534065137 ) ) ;
#5493 = FILL_AREA_STYLE_COLOUR ( '', #4116 ) ;
#5494 =( REPRESENTATION_RELATIONSHIP ('NONE','NONE', #8967, #8026 ) REPRESENTATION_RELATIONSHIP_WITH_TRANSFORMATION ( #3143 )SHAPE_REPRESENTATION_RELATIONSHIP( ) );
#5495 =( CONVERSION_BASED_UNIT ( 'INCH', #563 ) LENGTH_UNIT ( ) NAMED_UNIT ( #257 ) );
#5496 = CARTESIAN_POINT ( 'NONE',  ( 0.01692913385826774406, 0.004805065926099858983, 0.1210629921259844255 ) ) ;
#5498 = DIRECTION ( 'NONE',  ( 0.000000000000000000, 0.000000000000000000, 1.000000000000000000 ) ) ;
#5497 = STYLED_ITEM ( 'NONE', ( #2508 ), #7417 ) ;
#5499 = UNCERTAINTY_MEASURE_WITH_UNIT (LENGTH_MEASURE( 1.000000000000000082E-05 ), #1113, 'distance_accuracy_value', 'NONE');
#5500 = FILL_AREA_STYLE_COLOUR ( '', #2626 ) ;
#5501 = EDGE_LOOP ( 'NONE', ( #4541, #5489, #7959, #3678, #2978, #5051, #8057, #1972 ) ) ;
#5502 = ORIENTED_EDGE ( 'NONE', *, *, #1409, .F. ) ;
#5503 = CARTESIAN_POINT ( 'NONE',  ( 0.1009842519685039408, 0.009842519685039376881, 0.001377952755905507455 ) ) ;
#5504 = VECTOR ( 'NONE', #8713, 39.37007874015748143 ) ;
#5505 = UNCERTAINTY_MEASURE_WITH_UNIT (LENGTH_MEASURE( 1.000000000000000082E-05 ), #1033, 'distance_accuracy_value', 'NONE');
#5506 = UNCERTAINTY_MEASURE_WITH_UNIT (LENGTH_MEASURE( 1.000000000000000082E-05 ), #4304, 'distance_accuracy_value', 'NONE');
#5507 = FILL_AREA_STYLE_COLOUR ( '', #7502 ) ;
#5508 = PRESENTATION_STYLE_ASSIGNMENT (( #6900 ) ) ;
#5509 = CARTESIAN_POINT ( 'NONE',  ( -0.01496062992125982496, 0.01358267716535432532, 0.07982518197702757889 ) ) ;
#5510 = EDGE_CURVE ( 'NONE', #5072, #2142, #6361, .T. ) ;
#5511 = CARTESIAN_POINT ( 'NONE',  ( -0.06692913385826769479, 0.02244094488188976694, 0.07893700787401573826 ) ) ;
#5512 = VECTOR ( 'NONE', #2080, 39.37007874015748854 ) ;
#5513 = COLOUR_RGB ( '',0.7921568627450980005, 0.8196078431372548767, 0.9333333333333333481 ) ;
#5514 = STYLED_ITEM ( 'NONE', ( #1563 ), #2742 ) ;
#5515 = CARTESIAN_POINT ( 'NONE',  ( 0.08503937007874018406, 0.007004783218323627943, 0.1049545283030582504 ) ) ;
#5516 = STYLED_ITEM ( 'NONE', ( #4579 ), #2575 ) ;
#5517 =( LENGTH_UNIT ( ) NAMED_UNIT ( * ) SI_UNIT ( $, .METRE. ) );
#5518 = ORIENTED_EDGE ( 'NONE', *, *, #8757, .F. ) ;
#5519 = PRESENTATION_STYLE_ASSIGNMENT (( #4715 ) ) ;
#5520 = ORIENTED_EDGE ( 'NONE', *, *, #4214, .T. ) ;
#5521 = ORIENTED_EDGE ( 'NONE', *, *, #3377, .F. ) ;
#5522 = VECTOR ( 'NONE', #5713, 39.37007874015748143 ) ;
#5523 =( NAMED_UNIT ( * ) PLANE_ANGLE_UNIT ( ) SI_UNIT ( $, .RADIAN. ) );
#5524 =( NAMED_UNIT ( * ) PLANE_ANGLE_UNIT ( ) SI_UNIT ( $, .RADIAN. ) );
#5525 = SURFACE_STYLE_USAGE ( .BOTH. , #4955 ) ;
#5526 = SURFACE_SIDE_STYLE ('',( #3397 ) ) ;
#5527 =( NAMED_UNIT ( * ) PLANE_ANGLE_UNIT ( ) SI_UNIT ( $, .RADIAN. ) );
#5528 = DIRECTION ( 'NONE',  ( 0.000000000000000000, -0.09584575252021751424, 0.9953961983671795188 ) ) ;
#5529 = ORIENTED_EDGE ( 'NONE', *, *, #7659, .T. ) ;
#5530 =( CONVERSION_BASED_UNIT ( 'INCH', #1223 ) LENGTH_UNIT ( ) NAMED_UNIT ( #7848 ) );
#5531 = EDGE_CURVE ( 'NONE', #5728, #818, #2870, .T. ) ;
#5532 = PLANE ( 'NONE',  #5061 ) ;
#5533 = ORIENTED_EDGE ( 'NONE', *, *, #4240, .F. ) ;
#5534 = FILL_AREA_STYLE_COLOUR ( '', #3635 ) ;
#5535 = AXIS2_PLACEMENT_3D ( 'NONE', #5000, #8504, #2887 ) ;
#5536 = EDGE_CURVE ( 'NONE', #608, #4993, #1823, .T. ) ;
#5537 = SURFACE_SIDE_STYLE ('',( #2722 ) ) ;
#5538 =( CONVERSION_BASED_UNIT ( 'INCH', #266 ) LENGTH_UNIT ( ) NAMED_UNIT ( #925 ) );
#5539 = DIRECTION ( 'NONE',  ( 0.000000000000000000, -0.000000000000000000, 1.000000000000000000 ) ) ;
#5540 = SURFACE_SIDE_STYLE ('',( #4789 ) ) ;
#5541 = SURFACE_STYLE_USAGE ( .BOTH. , #8917 ) ;
#5542 = DIRECTION ( 'NONE',  ( 0.1736481776669320243, -0.9848077530122076872, -0.000000000000000000 ) ) ;
#5543 =( LENGTH_UNIT ( ) NAMED_UNIT ( * ) SI_UNIT ( $, .METRE. ) );
#5544 = CARTESIAN_POINT ( 'NONE',  ( 0.09472119113475917229, -2.134256245050205639E-18, -0.09311023622047244486 ) ) ;
#5545 = AXIS2_PLACEMENT_3D ( 'NONE', #3599, #5813, #7166 ) ;
#5546 = EDGE_LOOP ( 'NONE', ( #829, #6365, #7728, #8598, #2735, #4461, #570, #4782 ) ) ;
#5547 = ADVANCED_FACE ( 'NONE', ( #7254 ), #991, .F. ) ;
#5548 = MECHANICAL_DESIGN_GEOMETRIC_PRESENTATION_REPRESENTATION (  '', ( #2161 ), #6269 ) ;
#5549 = DIRECTION ( 'NONE',  ( 1.000000000000000000, 0.000000000000000000, 0.000000000000000000 ) ) ;
#5550 = STYLED_ITEM ( 'NONE', ( #7271 ), #2106 ) ;
#5551 = DIRECTION ( 'NONE',  ( -1.000000000000000000, -0.000000000000000000, -0.000000000000000000 ) ) ;
#5552 = AXIS2_PLACEMENT_3D ( 'NONE', #7616, #4125, #694 ) ;
#5553 = LINE ( 'NONE', #5636, #3692 ) ;
#5554 =( NAMED_UNIT ( * ) PLANE_ANGLE_UNIT ( ) SI_UNIT ( $, .RADIAN. ) );
#5555 = AXIS2_PLACEMENT_3D ( 'NONE', #4699, #3911, #648 ) ;
#5556 = FILL_AREA_STYLE ('',( #28 ) ) ;
#5557 = CARTESIAN_POINT ( 'NONE',  ( -0.06496062992125982427, 0.007004783218323627943, 0.1049545283030582504 ) ) ;
#5558 = UNCERTAINTY_MEASURE_WITH_UNIT (LENGTH_MEASURE( 1.000000000000000082E-05 ), #8746, 'distance_accuracy_value', 'NONE');
#5559 = ADVANCED_FACE ( 'NONE', ( #431 ), #3052, .F. ) ;
#5560 = CARTESIAN_POINT ( 'NONE',  ( 0.06692913385826773642, 0.02736220472440944324, 0.07761836027346888378 ) ) ;
#5561 = VECTOR ( 'NONE', #1773, 39.37007874015748854 ) ;
#5562 = VERTEX_POINT ( 'NONE', #4551 ) ;
#5563 = DIRECTION ( 'NONE',  ( -0.1710878697460359588, -0.9702875252478136980, -0.1710878697460364306 ) ) ;
#5564 = EDGE_LOOP ( 'NONE', ( #148, #3312, #6062, #8236 ) ) ;
#5565 =( GEOMETRIC_REPRESENTATION_CONTEXT ( 3 ) GLOBAL_UNCERTAINTY_ASSIGNED_CONTEXT ( ( #5451 ) ) GLOBAL_UNIT_ASSIGNED_CONTEXT ( ( #6752, #3950, #511 ) ) REPRESENTATION_CONTEXT ( 'NONE', 'WORKASPACE' ) );
#5566 = AXIS2_PLACEMENT_3D ( 'NONE', #5968, #1053, #1882 ) ;
#5567 = ORIENTED_EDGE ( 'NONE', *, *, #6831, .F. ) ;
#5568 = CARTESIAN_POINT ( 'NONE',  ( 0.03503937007874018128, -2.134256245050205639E-18, 0.09695901468261183820 ) ) ;
#5569 =( GEOMETRIC_REPRESENTATION_CONTEXT ( 3 ) GLOBAL_UNCERTAINTY_ASSIGNED_CONTEXT ( ( #8143 ) ) GLOBAL_UNIT_ASSIGNED_CONTEXT ( ( #6197, #6809, #3346 ) ) REPRESENTATION_CONTEXT ( 'NONE', 'WORKASPACE' ) );
#5570 = LINE ( 'NONE', #8334, #7784 ) ;
#5571 = COLOUR_RGB ( '',0.7921568627450980005, 0.8196078431372548767, 0.9333333333333333481 ) ;
#5572 =( LENGTH_UNIT ( ) NAMED_UNIT ( * ) SI_UNIT ( $, .METRE. ) );
#5573 = FILL_AREA_STYLE_COLOUR ( '', #6150 ) ;
#5574 = VECTOR ( 'NONE', #3394, 39.37007874015748143 ) ;
#5575 = EDGE_CURVE ( 'NONE', #2173, #1509, #8743, .T. ) ;
#5576 = FACE_OUTER_BOUND ( 'NONE', #4747, .T. ) ;
#5577 =( NAMED_UNIT ( * ) PLANE_ANGLE_UNIT ( ) SI_UNIT ( $, .RADIAN. ) );
#5578 = LENGTH_MEASURE_WITH_UNIT ( LENGTH_MEASURE( 0.02539999999999999897 ), #1261 );
#5579 = VECTOR ( 'NONE', #185, 39.37007874015748143 ) ;
#5580 = ORIENTED_EDGE ( 'NONE', *, *, #6339, .F. ) ;
#5581 = SURFACE_STYLE_USAGE ( .BOTH. , #133 ) ;
#5582 = PRESENTATION_STYLE_ASSIGNMENT (( #4154 ) ) ;
#5583 = VECTOR ( 'NONE', #2821, 39.37007874015748143 ) ;
#5584 = FILL_AREA_STYLE ('',( #8207 ) ) ;
#5585 = FILL_AREA_STYLE ('',( #680 ) ) ;
#5586 = ORIENTED_EDGE ( 'NONE', *, *, #3695, .F. ) ;
#5587 = LINE ( 'NONE', #1357, #1011 ) ;
#5588 = SURFACE_STYLE_FILL_AREA ( #2174 ) ;
#5589 = CARTESIAN_POINT ( 'NONE',  ( 0.09242075248266307108, 0.000000000000000000, -0.004527559055118113643 ) ) ;
#5590 = LINE ( 'NONE', #5088, #3282 ) ;
#5591 = CARTESIAN_POINT ( 'NONE',  ( 0.08287401574803150706, 0.009842519685039369942, 0.01003937007874015040 ) ) ;
#5592 = CARTESIAN_POINT ( 'NONE',  ( -0.08307086614173225803, -0.003584687981864220167, 0.1040280696203075561 ) ) ;
#5593 =( NAMED_UNIT ( * ) PLANE_ANGLE_UNIT ( ) SI_UNIT ( $, .RADIAN. ) );
#5594 = CARTESIAN_POINT ( 'NONE',  ( 0.09783464566929132855, 0.009842519685039369942, -0.09092820213934121876 ) ) ;
#5595 = CARTESIAN_POINT ( 'NONE',  ( -0.08287401574803147930, -8.003460918938271148E-19, 0.01003937007874015387 ) ) ;
#5596 = SURFACE_STYLE_USAGE ( .BOTH. , #2188 ) ;
#5597 = PLANE ( 'NONE',  #1706 ) ;
#5598 = ORIENTED_EDGE ( 'NONE', *, *, #367, .T. ) ;
#5599 = FILL_AREA_STYLE_COLOUR ( '', #3498 ) ;
#5600 = PLANE ( 'NONE',  #1919 ) ;
#5601 = LINE ( 'NONE', #6359, #1664 ) ;
#5602 = LINE ( 'NONE', #4088, #6554 ) ;
#5603 = EDGE_CURVE ( 'NONE', #6116, #140, #2507, .T. ) ;
#5604 = SURFACE_STYLE_FILL_AREA ( #4134 ) ;
#5605 = EDGE_LOOP ( 'NONE', ( #7940, #1786, #4653, #1557 ) ) ;
#5606 = CARTESIAN_POINT ( 'NONE',  ( -0.07480314960629920462, 0.03700787401574803098, 0.05925196850393700532 ) ) ;
#5607 = ORIENTED_EDGE ( 'NONE', *, *, #8308, .T. ) ;
#5608 = UNCERTAINTY_MEASURE_WITH_UNIT (LENGTH_MEASURE( 1.000000000000000082E-05 ), #4811, 'distance_accuracy_value', 'NONE');
#5609 = ORIENTED_EDGE ( 'NONE', *, *, #7315, .F. ) ;
#5610 = LENGTH_MEASURE_WITH_UNIT ( LENGTH_MEASURE( 0.02539999999999999897 ), #2971 );
#5611 = DIRECTION ( 'NONE',  ( -1.000000000000000000, -0.000000000000000000, -0.000000000000000000 ) ) ;
#5612 = CARTESIAN_POINT ( 'NONE',  ( -0.08287401574803150706, 0.2556786355646874509, -0.01003937007874015908 ) ) ;
#5613 = CIRCLE ( 'NONE', #1653, 0.003937007874015758385 ) ;
#5614 = ORIENTED_EDGE ( 'NONE', *, *, #2776, .T. ) ;
#5615 = EDGE_CURVE ( 'NONE', #1830, #4113, #4079, .T. ) ;
#5616 = CARTESIAN_POINT ( 'NONE',  ( -0.07480314960629921850, 0.2556786355646874509, -0.09092820213934121876 ) ) ;
#5617 = EDGE_CURVE ( 'NONE', #7463, #1579, #565, .T. ) ;
#5618 = CARTESIAN_POINT ( 'NONE',  ( 0.01496062992125986486, 0.01173508930892991006, 0.08667802955033566958 ) ) ;
#5619 = VERTEX_POINT ( 'NONE', #1966 ) ;
#5620 = CARTESIAN_POINT ( 'NONE',  ( 0.06692913385826773642, 0.02244094488188976347, 0.07893700787401573826 ) ) ;
#5621 = AXIS2_PLACEMENT_3D ( 'NONE', #7796, #4266, #1502 ) ;
#5622 = AXIS2_PLACEMENT_3D ( 'NONE', #4595, #4637, #2599 ) ;
#5623 =( NAMED_UNIT ( * ) SI_UNIT ( $, .STERADIAN. ) SOLID_ANGLE_UNIT ( ) );
#5624 = ADVANCED_FACE ( 'NONE', ( #4790 ), #6046, .T. ) ;
#5625 = DIRECTION ( 'NONE',  ( -1.000000000000000000, -0.000000000000000000, -0.000000000000000000 ) ) ;
#5626 =( CONVERSION_BASED_UNIT ( 'INCH', #4118 ) LENGTH_UNIT ( ) NAMED_UNIT ( #1060 ) );
#5627 = MECHANICAL_DESIGN_GEOMETRIC_PRESENTATION_REPRESENTATION (  '', ( #7357 ), #1975 ) ;
#5628 = DIRECTION ( 'NONE',  ( 0.000000000000000000, -3.562378566738089716E-15, 1.000000000000000000 ) ) ;
#5629 = CARTESIAN_POINT ( 'NONE',  ( 0.09783464566929132855, 0.009842519685039369942, -0.09311023622047244486 ) ) ;
#5630 = SURFACE_STYLE_USAGE ( .BOTH. , #2063 ) ;
#5631 = ORIENTED_EDGE ( 'NONE', *, *, #2864, .T. ) ;
#5632 = ORIENTED_EDGE ( 'NONE', *, *, #4155, .F. ) ;
#5633 = CARTESIAN_POINT ( 'NONE',  ( 0.05413385826771653642, 0.000000000000000000, -0.1072834645669291237 ) ) ;
#5634 = DIMENSIONAL_EXPONENTS ( 1.000000000000000000, 0.000000000000000000, 0.000000000000000000, 0.000000000000000000, 0.000000000000000000, 0.000000000000000000, 0.000000000000000000 ) ;
#5635 = STYLED_ITEM ( 'NONE', ( #2223 ), #7623 ) ;
#5636 = CARTESIAN_POINT ( 'NONE',  ( 0.01692913385826774753, 0.01751968503937007329, 0.07982518197702757889 ) ) ;
#5637 = DIRECTION ( 'NONE',  ( 0.000000000000000000, 0.000000000000000000, 1.000000000000000000 ) ) ;
#5638 = DIRECTION ( 'NONE',  ( 0.000000000000000000, 0.000000000000000000, -1.000000000000000000 ) ) ;
#5639 = UNCERTAINTY_MEASURE_WITH_UNIT (LENGTH_MEASURE( 1.000000000000000082E-05 ), #4187, 'distance_accuracy_value', 'NONE');
#5640 = DIRECTION ( 'NONE',  ( -1.000000000000000000, -0.000000000000000000, -0.000000000000000000 ) ) ;
#5641 = EDGE_LOOP ( 'NONE', ( #7248, #7714, #3538, #1422 ) ) ;
#5642 = DIRECTION ( 'NONE',  ( 0.000000000000000000, 0.000000000000000000, 1.000000000000000000 ) ) ;
#5643 = VERTEX_POINT ( 'NONE', #6189 ) ;
#5644 = EDGE_CURVE ( 'NONE', #3831, #8515, #8303, .T. ) ;
#5645 = ORIENTED_EDGE ( 'NONE', *, *, #4345, .F. ) ;
#5646 = CARTESIAN_POINT ( 'NONE',  ( 0.03503937007874018128, 0.02266295170762570171, 0.09018973667019880569 ) ) ;
#5647 = AXIS2_PLACEMENT_3D ( 'NONE', #3079, #2531, #5298 ) ;
#5648 = CARTESIAN_POINT ( 'NONE',  ( -0.01692913385826769201, -0.003584687981864217131, 0.1040280696203075700 ) ) ;
#5649 = VECTOR ( 'NONE', #5178, 39.37007874015748854 ) ;
#5650 = SURFACE_STYLE_FILL_AREA ( #2797 ) ;
#5651 = FACE_OUTER_BOUND ( 'NONE', #6594, .T. ) ;
#5652 = CARTESIAN_POINT ( 'NONE',  ( -0.07795275590551181688, 0.009842519685039369942, 0.01003937007874015040 ) ) ;
#5653 = DIRECTION ( 'NONE',  ( 0.000000000000000000, 0.000000000000000000, -1.000000000000000000 ) ) ;
#5654 =( NAMED_UNIT ( * ) SI_UNIT ( $, .STERADIAN. ) SOLID_ANGLE_UNIT ( ) );
#5655 = LINE ( 'NONE', #8421, #26 ) ;
#5656 = AXIS2_PLACEMENT_3D ( 'NONE', #6743, #6031, #3366 ) ;
#5657 = ORIENTED_EDGE ( 'NONE', *, *, #4866, .T. ) ;
#5658 = DIMENSIONAL_EXPONENTS ( 1.000000000000000000, 0.000000000000000000, 0.000000000000000000, 0.000000000000000000, 0.000000000000000000, 0.000000000000000000, 0.000000000000000000 ) ;
#5659 = PLANE ( 'NONE',  #8148 ) ;
#5660 = EDGE_CURVE ( 'NONE', #7423, #314, #3485, .T. ) ;
#5661 = FACE_BOUND ( 'NONE', #7228, .T. ) ;
#5662 = ORIENTED_EDGE ( 'NONE', *, *, #4356, .F. ) ;
#5663 = CARTESIAN_POINT ( 'NONE',  ( -0.01496062992125982496, 0.01358267716535432532, 0.07982518197702757889 ) ) ;
#5664 = PRESENTATION_STYLE_ASSIGNMENT (( #3505 ) ) ;
#5665 = CARTESIAN_POINT ( 'NONE',  ( 0.01692913385826774753, -0.005000000000000000104, 0.1202051600123263675 ) ) ;
#5666 = AXIS2_PLACEMENT_3D ( 'NONE', #5984, #7418, #6695 ) ;
#5667 = LINE ( 'NONE', #1663, #530 ) ;
#5668 = CARTESIAN_POINT ( 'NONE',  ( 0.01692913385826774753, 0.01728225441254295155, 0.08117171797437273961 ) ) ;
#5669 =( LENGTH_UNIT ( ) NAMED_UNIT ( * ) SI_UNIT ( $, .METRE. ) );
#5670 = MECHANICAL_DESIGN_GEOMETRIC_PRESENTATION_REPRESENTATION (  '', ( #3462 ), #5231 ) ;
#5671 = SURFACE_STYLE_FILL_AREA ( #2139 ) ;
#5672 = DIRECTION ( 'NONE',  ( 0.000000000000000000, 0.000000000000000000, 1.000000000000000000 ) ) ;
#5673 = CARTESIAN_POINT ( 'NONE',  ( 0.09645669291338582196, 0.009842519685039366473, -0.09311023622047244486 ) ) ;
#5674 = ORIENTED_EDGE ( 'NONE', *, *, #1908, .F. ) ;
#5675 = ORIENTED_EDGE ( 'NONE', *, *, #3377, .T. ) ;
#5676 = PLANE ( 'NONE',  #1186 ) ;
#5677 = STYLED_ITEM ( 'NONE', ( #4762 ), #9003 ) ;
#5678 = CARTESIAN_POINT ( 'NONE',  ( -0.01692913385826769201, 0.01822099969626658419, 0.09408128290260084348 ) ) ;
#5679 =( LENGTH_UNIT ( ) NAMED_UNIT ( * ) SI_UNIT ( $, .METRE. ) );
#5680 = AXIS2_PLACEMENT_3D ( 'NONE', #2296, #6432, #7953 ) ;
#5681 = ORIENTED_EDGE ( 'NONE', *, *, #3196, .T. ) ;
#5682 = EDGE_LOOP ( 'NONE', ( #8726, #5473, #8356, #8592 ) ) ;
#5683 = MECHANICAL_DESIGN_GEOMETRIC_PRESENTATION_REPRESENTATION (  '', ( #2750 ), #2164 ) ;
#5684 = EDGE_LOOP ( 'NONE', ( #6768, #2235, #2336, #2214 ) ) ;
#5685 = VECTOR ( 'NONE', #5734, 39.37007874015748143 ) ;
#5686 = LENGTH_MEASURE_WITH_UNIT ( LENGTH_MEASURE( 0.02539999999999999897 ), #2879 );
#5687 = AXIS2_PLACEMENT_3D ( 'NONE', #4908, #6916, #5691 ) ;
#5688 = DIMENSIONAL_EXPONENTS ( 1.000000000000000000, 0.000000000000000000, 0.000000000000000000, 0.000000000000000000, 0.000000000000000000, 0.000000000000000000, 0.000000000000000000 ) ;
#5689 = CARTESIAN_POINT ( 'NONE',  ( 0.08503937007874018406, 0.02736220472440944324, 0.07761836027346888378 ) ) ;
#5690 =( GEOMETRIC_REPRESENTATION_CONTEXT ( 3 ) GLOBAL_UNCERTAINTY_ASSIGNED_CONTEXT ( ( #5505 ) ) GLOBAL_UNIT_ASSIGNED_CONTEXT ( ( #1033, #5347, #7958 ) ) REPRESENTATION_CONTEXT ( 'NONE', 'WORKASPACE' ) );
#5691 = DIRECTION ( 'NONE',  ( 0.000000000000000000, 0.000000000000000000, 1.000000000000000000 ) ) ;
#5692 = VECTOR ( 'NONE', #8564, 39.37007874015748143 ) ;
#5693 = DIRECTION ( 'NONE',  ( -1.000000000000000000, -0.000000000000000000, 0.000000000000000000 ) ) ;
#5694 = CARTESIAN_POINT ( 'NONE',  ( 0.08307086614173231354, 0.007004783218323627943, 0.1049545283030582504 ) ) ;
#5695 = VECTOR ( 'NONE', #7826, 39.37007874015748143 ) ;
#5696 = STYLED_ITEM ( 'NONE', ( #7934 ), #2291 ) ;
#5697 = EDGE_LOOP ( 'NONE', ( #7138, #5194, #3607, #4039, #5179, #3976, #4462 ) ) ;
#5698 = STYLED_ITEM ( 'NONE', ( #5508 ), #678 ) ;
#5699 =( GEOMETRIC_REPRESENTATION_CONTEXT ( 3 ) GLOBAL_UNCERTAINTY_ASSIGNED_CONTEXT ( ( #1036 ) ) GLOBAL_UNIT_ASSIGNED_CONTEXT ( ( #5491, #7525, #4158 ) ) REPRESENTATION_CONTEXT ( 'NONE', 'WORKASPACE' ) );
#5700 =( GEOMETRIC_REPRESENTATION_CONTEXT ( 3 ) GLOBAL_UNCERTAINTY_ASSIGNED_CONTEXT ( ( #8873 ) ) GLOBAL_UNIT_ASSIGNED_CONTEXT ( ( #6913, #4997, #7762 ) ) REPRESENTATION_CONTEXT ( 'NONE', 'WORKASPACE' ) );
#5701 = MECHANICAL_DESIGN_GEOMETRIC_PRESENTATION_REPRESENTATION (  '', ( #6692 ), #5992 ) ;
#5702 =( CONVERSION_BASED_UNIT ( 'INCH', #4288 ) LENGTH_UNIT ( ) NAMED_UNIT ( #8438 ) );
#5703 = SURFACE_STYLE_FILL_AREA ( #7052 ) ;
#5704 = ADVANCED_FACE ( 'NONE', ( #3410 ), #6224, .T. ) ;
#5705 = AXIS2_PLACEMENT_3D ( 'NONE', #7236, #3810, #3848 ) ;
#5706 = SURFACE_SIDE_STYLE ('',( #6553 ) ) ;
#5707 = LINE ( 'NONE', #8477, #6293 ) ;
#5708 = VERTEX_POINT ( 'NONE', #2222 ) ;
#5709 = AXIS2_PLACEMENT_3D ( 'NONE', #6232, #7026, #2698 ) ;
#5710 = EDGE_CURVE ( 'NONE', #8560, #527, #2901, .T. ) ;
#5711 = LENGTH_MEASURE_WITH_UNIT ( LENGTH_MEASURE( 0.02539999999999999897 ), #7781 );
#5712 = DIRECTION ( 'NONE',  ( -1.000000000000000000, 0.000000000000000000, -0.000000000000000000 ) ) ;
#5713 = DIRECTION ( 'NONE',  ( 0.000000000000000000, -1.000000000000000000, -0.000000000000000000 ) ) ;
#5714 = DIMENSIONAL_EXPONENTS ( 1.000000000000000000, 0.000000000000000000, 0.000000000000000000, 0.000000000000000000, 0.000000000000000000, 0.000000000000000000, 0.000000000000000000 ) ;
#5715 = CARTESIAN_POINT ( 'NONE',  ( 0.03503937007874018128, 0.02266295170762570171, 0.09018973667019880569 ) ) ;
#5716 = FILL_AREA_STYLE_COLOUR ( '', #6465 ) ;
#5717 = ORIENTED_EDGE ( 'NONE', *, *, #2242, .T. ) ;
#5718 = CARTESIAN_POINT ( 'NONE',  ( 0.07480314960629921850, 0.000000000000000000, -0.1049212598425196818 ) ) ;
#5719 = CARTESIAN_POINT ( 'NONE',  ( -0.08287401574803150706, 0.2556786355646874509, -0.01003937007874015908 ) ) ;
#5720 = FILL_AREA_STYLE_COLOUR ( '', #377 ) ;
#5721 =( NAMED_UNIT ( * ) SI_UNIT ( $, .STERADIAN. ) SOLID_ANGLE_UNIT ( ) );
#5722 = CARTESIAN_POINT ( 'NONE',  ( 0.03307086614173231076, 0.01822099969626658419, 0.09408128290260084348 ) ) ;
#5723 = CARTESIAN_POINT ( 'NONE',  ( -0.05413385826771653642, 0.009842519685039369942, -0.001377952755905514828 ) ) ;
#5724 = EDGE_CURVE ( 'NONE', #1020, #3430, #4165, .T. ) ;
#5725 = FILL_AREA_STYLE_COLOUR ( '', #8900 ) ;
#5726 = EDGE_LOOP ( 'NONE', ( #5631, #8191, #6884, #8763 ) ) ;
#5727 = FACE_OUTER_BOUND ( 'NONE', #6471, .T. ) ;
#5728 = VERTEX_POINT ( 'NONE', #5016 ) ;
#5729 =( NAMED_UNIT ( * ) PLANE_ANGLE_UNIT ( ) SI_UNIT ( $, .RADIAN. ) );
#5730 = VERTEX_POINT ( 'NONE', #5668 ) ;
#5731 = EDGE_CURVE ( 'NONE', #3188, #2326, #6348, .T. ) ;
#5732 = FACE_OUTER_BOUND ( 'NONE', #3945, .T. ) ;
#5733 = LINE ( 'NONE', #6325, #4109 ) ;
#5734 = DIRECTION ( 'NONE',  ( -1.000000000000000000, -0.000000000000000000, -0.000000000000000000 ) ) ;
#5735 = LINE ( 'NONE', #8503, #4 ) ;
#5736 = CYLINDRICAL_SURFACE ( 'NONE', #707, 0.01377952755905510404 ) ;
#5737 = VERTEX_POINT ( 'NONE', #4217 ) ;
#5738 = LINE ( 'NONE', #3495, #584 ) ;
#5739 = FACE_OUTER_BOUND ( 'NONE', #2561, .T. ) ;
#5740 = FACE_OUTER_BOUND ( 'NONE', #4902, .T. ) ;
#5741 = DIMENSIONAL_EXPONENTS ( 1.000000000000000000, 0.000000000000000000, 0.000000000000000000, 0.000000000000000000, 0.000000000000000000, 0.000000000000000000, 0.000000000000000000 ) ;
#5742 = PLANE ( 'NONE',  #3325 ) ;
#5743 = EDGE_CURVE ( 'NONE', #6303, #1035, #8394, .T. ) ;
#5744 = CARTESIAN_POINT ( 'NONE',  ( 0.05413385826771653642, -2.603046924997102811E-19, -0.09092820213934121876 ) ) ;
#5745 = CYLINDRICAL_SURFACE ( 'NONE', #4191, 0.003149606299212602718 ) ;
#5746 =( CONVERSION_BASED_UNIT ( 'INCH', #225 ) LENGTH_UNIT ( ) NAMED_UNIT ( #5078 ) );
#5747 = ORIENTED_EDGE ( 'NONE', *, *, #255, .F. ) ;
#5748 = EDGE_CURVE ( 'NONE', #226, #6653, #192, .T. ) ;
#5749 = COLOUR_RGB ( '',0.7921568627450980005, 0.8196078431372548767, 0.9333333333333333481 ) ;
#5750 = VERTEX_POINT ( 'NONE', #8352 ) ;
#5751 = VECTOR ( 'NONE', #5823, 39.37007874015748143 ) ;
#5752 = SURFACE_SIDE_STYLE ('',( #3634 ) ) ;
#5753 = CARTESIAN_POINT ( 'NONE',  ( 0.08503937007874018406, 0.01173508930892990486, 0.08667802955033566958 ) ) ;
#5754 = LINE ( 'NONE', #5629, #3354 ) ;
#5755 = CARTESIAN_POINT ( 'NONE',  ( -0.07480314960629921850, 0.009842519685039369942, -0.09092820213934121876 ) ) ;
#5756 = MECHANICAL_DESIGN_GEOMETRIC_PRESENTATION_REPRESENTATION (  '', ( #3941 ), #6630 ) ;
#5757 = CARTESIAN_POINT ( 'NONE',  ( 0.08307086614173231354, 0.007004783218323627943, 0.1049545283030582504 ) ) ;
#5758 = ORIENTED_EDGE ( 'NONE', *, *, #8255, .T. ) ;
#5759 = FACE_OUTER_BOUND ( 'NONE', #4299, .T. ) ;
#5760 = DIRECTION ( 'NONE',  ( 0.000000000000000000, 0.000000000000000000, 1.000000000000000000 ) ) ;
#5761 = LINE ( 'NONE', #900, #6429 ) ;
#5762 = SURFACE_SIDE_STYLE ('',( #7706 ) ) ;
#5763 = SURFACE_STYLE_USAGE ( .BOTH. , #2363 ) ;
#5764 = DIRECTION ( 'NONE',  ( -0.000000000000000000, -1.000000000000000000, -0.000000000000000000 ) ) ;
#5765 = ADVANCED_FACE ( 'NONE', ( #3586 ), #3452, .F. ) ;
#5766 = ORIENTED_EDGE ( 'NONE', *, *, #850, .T. ) ;
#5767 = SURFACE_STYLE_USAGE ( .BOTH. , #1510 ) ;
#5768 =( GEOMETRIC_REPRESENTATION_CONTEXT ( 3 ) GLOBAL_UNCERTAINTY_ASSIGNED_CONTEXT ( ( #8071 ) ) GLOBAL_UNIT_ASSIGNED_CONTEXT ( ( #6171, #5523, #1347 ) ) REPRESENTATION_CONTEXT ( 'NONE', 'WORKASPACE' ) );
#5769 = ORIENTED_EDGE ( 'NONE', *, *, #4793, .T. ) ;
#5770 =( LENGTH_UNIT ( ) NAMED_UNIT ( * ) SI_UNIT ( $, .METRE. ) );
#5771 = VECTOR ( 'NONE', #2469, 39.37007874015748143 ) ;
#5772 = DIMENSIONAL_EXPONENTS ( 1.000000000000000000, 0.000000000000000000, 0.000000000000000000, 0.000000000000000000, 0.000000000000000000, 0.000000000000000000, 0.000000000000000000 ) ;
#5773 = VERTEX_POINT ( 'NONE', #4119 ) ;
#5774 = ADVANCED_FACE ( 'NONE', ( #1491 ), #14, .T. ) ;
#5775 = SURFACE_STYLE_FILL_AREA ( #6458 ) ;
#5776 =( GEOMETRIC_REPRESENTATION_CONTEXT ( 3 ) GLOBAL_UNCERTAINTY_ASSIGNED_CONTEXT ( ( #467 ) ) GLOBAL_UNIT_ASSIGNED_CONTEXT ( ( #5410, #1092, #7399 ) ) REPRESENTATION_CONTEXT ( 'NONE', 'WORKASPACE' ) );
#5777 = FILL_AREA_STYLE ('',( #826 ) ) ;
#5778 =( NAMED_UNIT ( * ) PLANE_ANGLE_UNIT ( ) SI_UNIT ( $, .RADIAN. ) );
#5779 = DIRECTION ( 'NONE',  ( -1.000000000000000000, 0.000000000000000000, 6.100900290192956307E-16 ) ) ;
#5780 = VERTEX_POINT ( 'NONE', #4544 ) ;
#5781 = COLOUR_RGB ( '',0.7921568627450980005, 0.8196078431372548767, 0.9333333333333333481 ) ;
#5782 = EDGE_CURVE ( 'NONE', #3072, #8949, #8712, .T. ) ;
#5783 = CARTESIAN_POINT ( 'NONE',  ( -0.01496062992125982496, 0.01173508930892990486, 0.08667802955033566958 ) ) ;
#5784 = CARTESIAN_POINT ( 'NONE',  ( 0.09783464566929132855, 0.009842519685039369942, -0.09092820213934121876 ) ) ;
#5785 = PRESENTATION_STYLE_ASSIGNMENT (( #5887 ) ) ;
#5786 = DIRECTION ( 'NONE',  ( 0.000000000000000000, 3.133916943292842690E-15, 1.000000000000000000 ) ) ;
#5787 = AXIS2_PLACEMENT_3D ( 'NONE', #2581, #7287, #6742 ) ;
#5788 = DIMENSIONAL_EXPONENTS ( 1.000000000000000000, 0.000000000000000000, 0.000000000000000000, 0.000000000000000000, 0.000000000000000000, 0.000000000000000000, 0.000000000000000000 ) ;
#5789 = MECHANICAL_DESIGN_GEOMETRIC_PRESENTATION_REPRESENTATION (  '', ( #8696 ), #2251 ) ;
#5790 = AXIS2_PLACEMENT_3D ( 'NONE', #1478, #7601, #5653 ) ;
#5791 = SURFACE_SIDE_STYLE ('',( #8514 ) ) ;
#5792 = CARTESIAN_POINT ( 'NONE',  ( -0.09783464566929132855, 0.2556786355646874509, 0.001377952755905507238 ) ) ;
#5793 = ORIENTED_EDGE ( 'NONE', *, *, #5136, .F. ) ;
#5794 = EDGE_LOOP ( 'NONE', ( #6168, #1641, #8275, #6817 ) ) ;
#5795 = AXIS2_PLACEMENT_3D ( 'NONE', #1334, #7022, #6265 ) ;
#5796 = FACE_OUTER_BOUND ( 'NONE', #484, .T. ) ;
#5797 = EDGE_CURVE ( 'NONE', #1345, #4413, #4445, .T. ) ;
#5798 =( LENGTH_UNIT ( ) NAMED_UNIT ( * ) SI_UNIT ( $, .METRE. ) );
#5799 = FILL_AREA_STYLE_COLOUR ( '', #8594 ) ;
#5800 =( CONVERSION_BASED_UNIT ( 'INCH', #5156 ) LENGTH_UNIT ( ) NAMED_UNIT ( #2171 ) );
#5801 = FILL_AREA_STYLE_COLOUR ( '', #8313 ) ;
#5802 = DIRECTION ( 'NONE',  ( -1.000000000000000000, 0.000000000000000000, 6.100900290192956307E-16 ) ) ;
#5803 = LINE ( 'NONE', #7158, #7091 ) ;
#5804 = PRESENTATION_LAYER_ASSIGNMENT (  '', '', ( #4459 ) ) ;
#5805 = DIRECTION ( 'NONE',  ( 0.000000000000000000, -1.000000000000000000, 0.000000000000000000 ) ) ;
#5806 = VERTEX_POINT ( 'NONE', #7153 ) ;
#5807 = LINE ( 'NONE', #5064, #38 ) ;
#5808 = CARTESIAN_POINT ( 'NONE',  ( 0.05413385826771653642, 0.009842519685039369942, -0.07578740157480313988 ) ) ;
#5809 = APPLICATION_PROTOCOL_DEFINITION ( 'draft international standard', 'automotive_design', 1998, #2834 ) ;
#5810 = LENGTH_MEASURE_WITH_UNIT ( LENGTH_MEASURE( 0.02539999999999999897 ), #2825 );
#5811 = LENGTH_MEASURE_WITH_UNIT ( LENGTH_MEASURE( 0.02539999999999999897 ), #4512 );
#5812 = SURFACE_STYLE_USAGE ( .BOTH. , #7165 ) ;
#5813 = DIRECTION ( 'NONE',  ( 1.000000000000000000, 0.000000000000000000, 0.000000000000000000 ) ) ;
#5814 = EDGE_CURVE ( 'NONE', #140, #2526, #2435, .T. ) ;
#5815 = FILL_AREA_STYLE ('',( #5122 ) ) ;
#5816 = FACE_OUTER_BOUND ( 'NONE', #393, .T. ) ;
#5817 = VERTEX_POINT ( 'NONE', #7244 ) ;
#5818 = VERTEX_POINT ( 'NONE', #7298 ) ;
#5819 = CARTESIAN_POINT ( 'NONE',  ( -0.06496062992125982427, 0.02244094488188976347, 0.07893700787401573826 ) ) ;
#5820 = AXIS2_PLACEMENT_3D ( 'NONE', #2754, #1431, #4865 ) ;
#5821 = VERTEX_POINT ( 'NONE', #3715 ) ;
#5822 = FACE_OUTER_BOUND ( 'NONE', #8384, .T. ) ;
#5823 = DIRECTION ( 'NONE',  ( 1.000000000000000000, 0.000000000000000000, 0.000000000000000000 ) ) ;
#5824 = EDGE_CURVE ( 'NONE', #79, #4734, #4495, .T. ) ;
#5825 = DIRECTION ( 'NONE',  ( 0.000000000000000000, 0.000000000000000000, 1.000000000000000000 ) ) ;
#5826 = CARTESIAN_POINT ( 'NONE',  ( -0.08287401574803150706, 0.009842519685039369942, 0.01003937007874015387 ) ) ;
#5827 =( CONVERSION_BASED_UNIT ( 'INCH', #3800 ) LENGTH_UNIT ( ) NAMED_UNIT ( #4328 ) );
#5828 = DIRECTION ( 'NONE',  ( 0.000000000000000000, -0.9762960071199346945, 0.2164396139380967699 ) ) ;
#5829 = VERTEX_POINT ( 'NONE', #3816 ) ;
#5830 = CYLINDRICAL_SURFACE ( 'NONE', #132, 0.01062992125984252995 ) ;
#5831 = EDGE_LOOP ( 'NONE', ( #6258, #6748, #6502, #5999 ) ) ;
#5832 = AXIS2_PLACEMENT_3D ( 'NONE', #6179, #4778, #3949 ) ;
#5833 = ORIENTED_EDGE ( 'NONE', *, *, #4858, .T. ) ;
#5834 =( LENGTH_UNIT ( ) NAMED_UNIT ( * ) SI_UNIT ( $, .METRE. ) );
#5835 = CARTESIAN_POINT ( 'NONE',  ( -0.07795275590551181688, 0.009842519685039369942, 0.01003937007874015040 ) ) ;
#5836 = DIMENSIONAL_EXPONENTS ( 1.000000000000000000, 0.000000000000000000, 0.000000000000000000, 0.000000000000000000, 0.000000000000000000, 0.000000000000000000, 0.000000000000000000 ) ;
#5837 = LINE ( 'NONE', #5783, #5985 ) ;
#5839 =( LENGTH_UNIT ( ) NAMED_UNIT ( * ) SI_UNIT ( $, .METRE. ) );
#5838 =( GEOMETRIC_REPRESENTATION_CONTEXT ( 3 ) GLOBAL_UNCERTAINTY_ASSIGNED_CONTEXT ( ( #486 ) ) GLOBAL_UNIT_ASSIGNED_CONTEXT ( ( #8351, #7572, #2060 ) ) REPRESENTATION_CONTEXT ( 'NONE', 'WORKASPACE' ) );
#5840 = MECHANICAL_DESIGN_GEOMETRIC_PRESENTATION_REPRESENTATION (  '', ( #5995 ), #3204 ) ;
#5841 = AXIS2_PLACEMENT_3D ( 'NONE', #5131, #2244, #7901 ) ;
#5842 =( LENGTH_UNIT ( ) NAMED_UNIT ( * ) SI_UNIT ( $, .METRE. ) );
#5843 = SURFACE_STYLE_FILL_AREA ( #2170 ) ;
#5844 =( GEOMETRIC_REPRESENTATION_CONTEXT ( 3 ) GLOBAL_UNCERTAINTY_ASSIGNED_CONTEXT ( ( #1123 ) ) GLOBAL_UNIT_ASSIGNED_CONTEXT ( ( #2559, #1241, #5275 ) ) REPRESENTATION_CONTEXT ( 'NONE', 'WORKASPACE' ) );
#5845 = DIRECTION ( 'NONE',  ( 0.000000000000000000, 0.000000000000000000, -1.000000000000000000 ) ) ;
#5846 = STYLED_ITEM ( 'NONE', ( #7421 ), #562 ) ;
#5847 = FILL_AREA_STYLE_COLOUR ( '', #1174 ) ;
#5848 = CARTESIAN_POINT ( 'NONE',  ( -0.01496062992125982496, 0.01822099969626658073, 0.09408128290260084348 ) ) ;
#5849 = DIRECTION ( 'NONE',  ( 0.000000000000000000, 0.08715574274765738871, -0.9961946980917454342 ) ) ;
#5850 = VERTEX_POINT ( 'NONE', #7339 ) ;
#5851 = AXIS2_PLACEMENT_3D ( 'NONE', #4927, #4979, #2812 ) ;
#5852 =( GEOMETRIC_REPRESENTATION_CONTEXT ( 3 ) GLOBAL_UNCERTAINTY_ASSIGNED_CONTEXT ( ( #1281 ) ) GLOBAL_UNIT_ASSIGNED_CONTEXT ( ( #4468, #398, #1098 ) ) REPRESENTATION_CONTEXT ( 'NONE', 'WORKASPACE' ) );
#5853 = ORIENTED_EDGE ( 'NONE', *, *, #6723, .F. ) ;
#5854 = CIRCLE ( 'NONE', #3057, 0.01062992125984252995 ) ;
#5855 = SURFACE_SIDE_STYLE ('',( #6347 ) ) ;
#5856 = DIRECTION ( 'NONE',  ( 1.000000000000000000, 0.000000000000000000, -0.000000000000000000 ) ) ;
#5857 =( GEOMETRIC_REPRESENTATION_CONTEXT ( 3 ) GLOBAL_UNCERTAINTY_ASSIGNED_CONTEXT ( ( #5251 ) ) GLOBAL_UNIT_ASSIGNED_CONTEXT ( ( #800, #4212, #4295 ) ) REPRESENTATION_CONTEXT ( 'NONE', 'WORKASPACE' ) );
#5858 = UNCERTAINTY_MEASURE_WITH_UNIT (LENGTH_MEASURE( 1.000000000000000082E-05 ), #2059, 'distance_accuracy_value', 'NONE');
#5859 = SURFACE_SIDE_STYLE ('',( #3042 ) ) ;
#5860 = CARTESIAN_POINT ( 'NONE',  ( 0.07480314960629921850, 0.2556786355646874509, -0.09092820213934121876 ) ) ;
#5861 = ORIENTED_EDGE ( 'NONE', *, *, #541, .F. ) ;
#5862 = DIMENSIONAL_EXPONENTS ( 1.000000000000000000, 0.000000000000000000, 0.000000000000000000, 0.000000000000000000, 0.000000000000000000, 0.000000000000000000, 0.000000000000000000 ) ;
#5863 =( CONVERSION_BASED_UNIT ( 'INCH', #5117 ) LENGTH_UNIT ( ) NAMED_UNIT ( #1055 ) );
#5864 =( NAMED_UNIT ( * ) SI_UNIT ( $, .STERADIAN. ) SOLID_ANGLE_UNIT ( ) );
#5865 = CARTESIAN_POINT ( 'NONE',  ( 0.09472119113475917229, -1.981645084152817380E-20, -0.09092820213934121876 ) ) ;
#5866 = DIMENSIONAL_EXPONENTS ( 1.000000000000000000, 0.000000000000000000, 0.000000000000000000, 0.000000000000000000, 0.000000000000000000, 0.000000000000000000, 0.000000000000000000 ) ;
#5867 =( NAMED_UNIT ( * ) PLANE_ANGLE_UNIT ( ) SI_UNIT ( $, .RADIAN. ) );
#5868 = CARTESIAN_POINT ( 'NONE',  ( 0.06692913385826775030, 0.01822099969626657726, 0.09408128290260084348 ) ) ;
#5869 = CARTESIAN_POINT ( 'NONE',  ( -0.03307086614173226219, 0.004805065926099858983, 0.1210629921259844255 ) ) ;
#5870 = ORIENTED_EDGE ( 'NONE', *, *, #7015, .T. ) ;
#5871 = VERTEX_POINT ( 'NONE', #8027 ) ;
#5872 = DIRECTION ( 'NONE',  ( 0.000000000000000000, 0.6589684953534065137, 0.7521705405901426555 ) ) ;
#5873 = ORIENTED_EDGE ( 'NONE', *, *, #6820, .F. ) ;
#5874 = EDGE_CURVE ( 'NONE', #1606, #8409, #1080, .T. ) ;
#5875 = SURFACE_SIDE_STYLE ('',( #6676 ) ) ;
#5876 = DIRECTION ( 'NONE',  ( -1.000000000000000000, -0.000000000000000000, -0.000000000000000000 ) ) ;
#5877 = SURFACE_STYLE_FILL_AREA ( #1703 ) ;
#5878 = LENGTH_MEASURE_WITH_UNIT ( LENGTH_MEASURE( 0.02539999999999999897 ), #258 );
#5879 = FILL_AREA_STYLE_COLOUR ( '', #1448 ) ;
#5880 = DIRECTION ( 'NONE',  ( 0.000000000000000000, 0.000000000000000000, -1.000000000000000000 ) ) ;
#5881 = CARTESIAN_POINT ( 'NONE',  ( 0.09645669291338582196, 0.009842519685039369942, -0.09311023622047244486 ) ) ;
#5882 = ORIENTED_EDGE ( 'NONE', *, *, #8481, .T. ) ;
#5883 = VERTEX_POINT ( 'NONE', #976 ) ;
#5884 = EDGE_LOOP ( 'NONE', ( #1632, #2392, #4714, #2726 ) ) ;
#5885 = LENGTH_MEASURE_WITH_UNIT ( LENGTH_MEASURE( 0.02539999999999999897 ), #5834 );
#5886 = CARTESIAN_POINT ( 'NONE',  ( 0.08287401574803150706, 0.009842519685039369942, 0.01003937007874015040 ) ) ;
#5887 = SURFACE_STYLE_USAGE ( .BOTH. , #2981 ) ;
#5888 = FACE_OUTER_BOUND ( 'NONE', #4693, .T. ) ;
#5889 = DIMENSIONAL_EXPONENTS ( 1.000000000000000000, 0.000000000000000000, 0.000000000000000000, 0.000000000000000000, 0.000000000000000000, 0.000000000000000000, 0.000000000000000000 ) ;
#5890 = CARTESIAN_POINT ( 'NONE',  ( 0.08307086614173231354, 0.01751968503937008717, 0.07982518197702757889 ) ) ;
#5891 = FACE_OUTER_BOUND ( 'NONE', #7804, .T. ) ;
#5892 = EDGE_CURVE ( 'NONE', #6014, #3921, #889, .T. ) ;
#5893 = CARTESIAN_POINT ( 'NONE',  ( 0.03503937007874018128, 0.01358267716535432532, 0.07982518197702757889 ) ) ;
#5894 = ORIENTED_EDGE ( 'NONE', *, *, #7962, .T. ) ;
#5895 = ORIENTED_EDGE ( 'NONE', *, *, #4850, .F. ) ;
#5896 = EDGE_CURVE ( 'NONE', #4776, #5708, #2265, .T. ) ;
#5897 = COLOUR_RGB ( '',0.7921568627450980005, 0.8196078431372548767, 0.9333333333333333481 ) ;
#5898 = SURFACE_STYLE_USAGE ( .BOTH. , #1777 ) ;
#5899 = SURFACE_STYLE_FILL_AREA ( #3361 ) ;
#5900 = LINE ( 'NONE', #8666, #1316 ) ;
#5901 = CARTESIAN_POINT ( 'NONE',  ( -0.08307086614173225803, 0.01173508930892991006, 0.08667802955033566958 ) ) ;
#5902 =( LENGTH_UNIT ( ) NAMED_UNIT ( * ) SI_UNIT ( $, .METRE. ) );
#5903 = VERTEX_POINT ( 'NONE', #7964 ) ;
#5904 =( NAMED_UNIT ( * ) SI_UNIT ( $, .STERADIAN. ) SOLID_ANGLE_UNIT ( ) );
#5905 = EDGE_LOOP ( 'NONE', ( #3024, #5304, #6067, #1878 ) ) ;
#5906 = EDGE_CURVE ( 'NONE', #3153, #2431, #5900, .T. ) ;
#5907 = SURFACE_STYLE_FILL_AREA ( #3680 ) ;
#5908 = LINE ( 'NONE', #8036, #5153 ) ;
#5909 =( NAMED_UNIT ( * ) SI_UNIT ( $, .STERADIAN. ) SOLID_ANGLE_UNIT ( ) );
#5910 = PRESENTATION_STYLE_ASSIGNMENT (( #3096 ) ) ;
#5911 = SURFACE_STYLE_USAGE ( .BOTH. , #1645 ) ;
#5912 = LENGTH_MEASURE_WITH_UNIT ( LENGTH_MEASURE( 0.02539999999999999897 ), #6625 );
#5913 = CARTESIAN_POINT ( 'NONE',  ( 0.08503937007874018406, 0.01358267716535432532, 0.07982518197702757889 ) ) ;
#5914 = VERTEX_POINT ( 'NONE', #5055 ) ;
#5915 = EDGE_LOOP ( 'NONE', ( #6202, #5717, #3804, #4263 ) ) ;
#5916 = VECTOR ( 'NONE', #4414, 39.37007874015748143 ) ;
#5917 = VECTOR ( 'NONE', #8212, 39.37007874015748143 ) ;
#5918 = LENGTH_MEASURE_WITH_UNIT ( LENGTH_MEASURE( 0.02539999999999999897 ), #5225 );
#5919 = CARTESIAN_POINT ( 'NONE',  ( 0.01692913385826774753, 0.006220377944235657569, 0.1048859017339656141 ) ) ;
#5920 = DIMENSIONAL_EXPONENTS ( 1.000000000000000000, 0.000000000000000000, 0.000000000000000000, 0.000000000000000000, 0.000000000000000000, 0.000000000000000000, 0.000000000000000000 ) ;
#5921 =( LENGTH_UNIT ( ) NAMED_UNIT ( * ) SI_UNIT ( $, .METRE. ) );
#5922 = CARTESIAN_POINT ( 'NONE',  ( 0.06692913385826773642, -0.003584687981864220167, 0.1040280696203075561 ) ) ;
#5923 = STYLED_ITEM ( 'NONE', ( #1135 ), #4774 ) ;
#5924 = CARTESIAN_POINT ( 'NONE',  ( 0.09645669291338584972, 0.000000000000000000, -0.1049212598425196818 ) ) ;
#5925 = FACE_OUTER_BOUND ( 'NONE', #2548, .T. ) ;
#5926 = EDGE_CURVE ( 'NONE', #1538, #8488, #1037, .T. ) ;
#5927 = ORIENTED_EDGE ( 'NONE', *, *, #2565, .F. ) ;
#5928 = SURFACE_STYLE_FILL_AREA ( #7997 ) ;
#5929 = DIMENSIONAL_EXPONENTS ( 1.000000000000000000, 0.000000000000000000, 0.000000000000000000, 0.000000000000000000, 0.000000000000000000, 0.000000000000000000, 0.000000000000000000 ) ;
#5930 = ORIENTED_EDGE ( 'NONE', *, *, #7544, .F. ) ;
#5931 = ORIENTED_EDGE ( 'NONE', *, *, #227, .F. ) ;
#5932 = VECTOR ( 'NONE', #4646, 39.37007874015748854 ) ;
#5933 = SURFACE_STYLE_FILL_AREA ( #1715 ) ;
#5934 = DIRECTION ( 'NONE',  ( 0.000000000000000000, 0.08715574274765877649, -0.9961946980917454342 ) ) ;
#5935 = CARTESIAN_POINT ( 'NONE',  ( -0.09783464566929132855, 0.009842519685039378616, 0.001377952755905507238 ) ) ;
#5936 = EDGE_CURVE ( 'NONE', #7518, #6154, #3130, .T. ) ;
#5937 = LINE ( 'NONE', #1805, #2008 ) ;
#5938 = COLOUR_RGB ( '',0.7921568627450980005, 0.8196078431372548767, 0.9333333333333333481 ) ;
#5939 = FILL_AREA_STYLE_COLOUR ( '', #3923 ) ;
#5940 = LINE ( 'NONE', #8707, #7046 ) ;
#5941 = ORIENTED_EDGE ( 'NONE', *, *, #906, .F. ) ;
#5942 = UNCERTAINTY_MEASURE_WITH_UNIT (LENGTH_MEASURE( 1.000000000000000082E-05 ), #51, 'distance_accuracy_value', 'NONE');
#5943 = CARTESIAN_POINT ( 'NONE',  ( 0.06496062992125986590, 0.01822099969626657726, 0.09408128290260084348 ) ) ;
#5944 =( GEOMETRIC_REPRESENTATION_CONTEXT ( 3 ) GLOBAL_UNCERTAINTY_ASSIGNED_CONTEXT ( ( #4542 ) ) GLOBAL_UNIT_ASSIGNED_CONTEXT ( ( #8681, #7933, #1743 ) ) REPRESENTATION_CONTEXT ( 'NONE', 'WORKASPACE' ) );
#5945 = DIRECTION ( 'NONE',  ( -0.000000000000000000, 0.000000000000000000, -1.000000000000000000 ) ) ;
#5946 = MANIFOLD_SOLID_BREP ( 'Imported3', #8169 ) ;
#5947 = EDGE_CURVE ( 'NONE', #5034, #2947, #5353, .T. ) ;
#5948 = VECTOR ( 'NONE', #2104, 39.37007874015748143 ) ;
#5949 = FILL_AREA_STYLE ('',( #5801 ) ) ;
#5950 = PRESENTATION_LAYER_ASSIGNMENT (  '', '', ( #5516 ) ) ;
#5951 =( LENGTH_UNIT ( ) NAMED_UNIT ( * ) SI_UNIT ( $, .METRE. ) );
#5952 = ORIENTED_EDGE ( 'NONE', *, *, #5024, .T. ) ;
#5953 = ORIENTED_EDGE ( 'NONE', *, *, #6043, .F. ) ;
#5954 = DIRECTION ( 'NONE',  ( 1.000000000000000000, 0.000000000000000000, 0.000000000000000000 ) ) ;
#5955 = COLOUR_RGB ( '',0.7921568627450980005, 0.8196078431372548767, 0.9333333333333333481 ) ;
#5956 = DIMENSIONAL_EXPONENTS ( 1.000000000000000000, 0.000000000000000000, 0.000000000000000000, 0.000000000000000000, 0.000000000000000000, 0.000000000000000000, 0.000000000000000000 ) ;
#5957 = SURFACE_STYLE_USAGE ( .BOTH. , #7309 ) ;
#5958 = PRODUCT_CONTEXT ( 'NONE', #2834, 'mechanical' ) ;
#5959 = DIRECTION ( 'NONE',  ( 0.000000000000000000, 0.9396926207859079838, 0.3420201433256698786 ) ) ;
#5960 = SURFACE_STYLE_FILL_AREA ( #3145 ) ;
#5961 = CARTESIAN_POINT ( 'NONE',  ( 0.09783464566929132855, 0.009842519685039369942, -0.1210629921259842590 ) ) ;
#5962 = STYLED_ITEM ( 'NONE', ( #4335 ), #8634 ) ;
#5963 = LINE ( 'NONE', #391, #6369 ) ;
#5964 = FACE_OUTER_BOUND ( 'NONE', #5697, .T. ) ;
#5965 = VERTEX_POINT ( 'NONE', #3674 ) ;
#5966 = ORIENTED_EDGE ( 'NONE', *, *, #762, .F. ) ;
#5967 = DIRECTION ( 'NONE',  ( -1.000000000000000000, -0.000000000000000000, -0.000000000000000000 ) ) ;
#5968 = CARTESIAN_POINT ( 'NONE',  ( -0.01496062992125982496, 0.01358267716535432532, 0.07982518197702757889 ) ) ;
#5969 = LINE ( 'NONE', #4469, #6624 ) ;
#5970 =( CONVERSION_BASED_UNIT ( 'INCH', #400 ) LENGTH_UNIT ( ) NAMED_UNIT ( #2523 ) );
#5971 = DIRECTION ( 'NONE',  ( -1.000000000000000000, 0.000000000000000000, -0.000000000000000000 ) ) ;
#5972 =( CONVERSION_BASED_UNIT ( 'INCH', #8189 ) LENGTH_UNIT ( ) NAMED_UNIT ( #7729 ) );
#5973 = MECHANICAL_DESIGN_GEOMETRIC_PRESENTATION_REPRESENTATION (  '', ( #4784 ), #8729 ) ;
#5974 = ORIENTED_EDGE ( 'NONE', *, *, #3736, .T. ) ;
#5975 = CARTESIAN_POINT ( 'NONE',  ( -0.01496062992125982496, 0.01751968503937008370, 0.07982518197702757889 ) ) ;
#5976 = VERTEX_POINT ( 'NONE', #4779 ) ;
#5977 = VERTEX_POINT ( 'NONE', #6180 ) ;
#5978 = LINE ( 'NONE', #2483, #3833 ) ;
#5979 = CARTESIAN_POINT ( 'NONE',  ( -0.09027830658147502352, 0.04488188976377952694, 0.07292397481552202743 ) ) ;
#5980 = PRODUCT_DEFINITION_FORMATION_WITH_SPECIFIED_SOURCE ( 'ANY', '', #48, .NOT_KNOWN. ) ;
#5981 = DIRECTION ( 'NONE',  ( 0.000000000000000000, -0.1736481776669313304, 0.9848077530122079093 ) ) ;
#5982 = LINE ( 'NONE', #415, #8024 ) ;
#5983 =( NAMED_UNIT ( * ) SI_UNIT ( $, .STERADIAN. ) SOLID_ANGLE_UNIT ( ) );
#5984 = CARTESIAN_POINT ( 'NONE',  ( -0.09645669291338582196, 0.009842519685039369942, -0.09311023622047244486 ) ) ;
#5985 = VECTOR ( 'NONE', #7865, 39.37007874015748143 ) ;
#5986 = AXIS2_PLACEMENT_3D ( 'NONE', #4420, #6591, #1617 ) ;
#5987 = DIRECTION ( 'NONE',  ( 0.000000000000000000, -0.000000000000000000, 1.000000000000000000 ) ) ;
#5988 = DIRECTION ( 'NONE',  ( 1.000000000000000000, 0.000000000000000000, -1.971091940197113801E-16 ) ) ;
#5989 = ORIENTED_EDGE ( 'NONE', *, *, #8827, .T. ) ;
#5990 = STYLED_ITEM ( 'NONE', ( #5664 ), #401 ) ;
#5991 = DIMENSIONAL_EXPONENTS ( 1.000000000000000000, 0.000000000000000000, 0.000000000000000000, 0.000000000000000000, 0.000000000000000000, 0.000000000000000000, 0.000000000000000000 ) ;
#5992 =( GEOMETRIC_REPRESENTATION_CONTEXT ( 3 ) GLOBAL_UNCERTAINTY_ASSIGNED_CONTEXT ( ( #1287 ) ) GLOBAL_UNIT_ASSIGNED_CONTEXT ( ( #1469, #72, #4314 ) ) REPRESENTATION_CONTEXT ( 'NONE', 'WORKASPACE' ) );
#5993 = UNCERTAINTY_MEASURE_WITH_UNIT (LENGTH_MEASURE( 1.000000000000000082E-05 ), #4010, 'distance_accuracy_value', 'NONE');
#5994 = ADVANCED_FACE ( 'NONE', ( #8070 ), #602, .T. ) ;
#5995 = STYLED_ITEM ( 'NONE', ( #2556 ), #5624 ) ;
#5996 = MANIFOLD_SOLID_BREP ( 'Imported2', #1172 ) ;
#5997 = SURFACE_STYLE_FILL_AREA ( #1182 ) ;
#5998 = PLANE ( 'NONE',  #7241 ) ;
#5999 = ORIENTED_EDGE ( 'NONE', *, *, #4697, .T. ) ;
#6000 = STYLED_ITEM ( 'NONE', ( #8309 ), #6745 ) ;
#6001 = CARTESIAN_POINT ( 'NONE',  ( -0.01496062992125982496, 0.01617704132028901370, 0.08278648331793365955 ) ) ;
#6002 = VERTEX_POINT ( 'NONE', #6380 ) ;
#6003 = AXIS2_PLACEMENT_3D ( 'NONE', #534, #7459, #17 ) ;
#6004 = SURFACE_SIDE_STYLE ('',( #3956 ) ) ;
#6005 = MECHANICAL_DESIGN_GEOMETRIC_PRESENTATION_REPRESENTATION (  '', ( #2629 ), #2047 ) ;
#6006 = MECHANICAL_DESIGN_GEOMETRIC_PRESENTATION_REPRESENTATION (  '', ( #8760 ), #7857 ) ;
#6007 = LINE ( 'NONE', #3825, #7720 ) ;
#6008 = AXIS2_PLACEMENT_3D ( 'NONE', #1425, #4189, #4822 ) ;
#6009 = MECHANICAL_DESIGN_GEOMETRIC_PRESENTATION_REPRESENTATION (  '', ( #8766 ), #1581 ) ;
#6010 = SURFACE_SIDE_STYLE ('',( #4741 ) ) ;
#6011 = CARTESIAN_POINT ( 'NONE',  ( 0.03503937007874018128, 0.004805065926099859851, 0.1210629921259844255 ) ) ;
#6012 = AXIS2_PLACEMENT_3D ( 'NONE', #4301, #2135, #2904 ) ;
#6013 = VECTOR ( 'NONE', #2389, 39.37007874015748143 ) ;
#6014 = VERTEX_POINT ( 'NONE', #2762 ) ;
#6015 = ORIENTED_EDGE ( 'NONE', *, *, #2886, .F. ) ;
#6016 = CARTESIAN_POINT ( 'NONE',  ( -0.03307086614173226219, 0.01728225441254295502, 0.08117171797437273961 ) ) ;
#6017 = SURFACE_STYLE_FILL_AREA ( #7988 ) ;
#6018 = CARTESIAN_POINT ( 'NONE',  ( -0.07795275590551181688, 0.2556786355646874509, 0.01909448818897638636 ) ) ;
#6019 = COLOUR_RGB ( '',0.7921568627450980005, 0.8196078431372548767, 0.9333333333333333481 ) ;
#6020 = DIMENSIONAL_EXPONENTS ( 1.000000000000000000, 0.000000000000000000, 0.000000000000000000, 0.000000000000000000, 0.000000000000000000, 0.000000000000000000, 0.000000000000000000 ) ;
#6021 = ADVANCED_FACE ( 'NONE', ( #1482 ), #8945, .T. ) ;
#6022 = CARTESIAN_POINT ( 'NONE',  ( 0.06496062992125986590, 0.02266295170762570518, 0.09018973667019880569 ) ) ;
#6023 = CARTESIAN_POINT ( 'NONE',  ( -0.01496062992125982496, 0.01617704132028901370, 0.08278648331793365955 ) ) ;
#6024 = SURFACE_SIDE_STYLE ('',( #446 ) ) ;
#6025 = ORIENTED_EDGE ( 'NONE', *, *, #5748, .F. ) ;
#6026 = LENGTH_MEASURE_WITH_UNIT ( LENGTH_MEASURE( 0.02539999999999999897 ), #5289 );
#6027 = EDGE_LOOP ( 'NONE', ( #887, #3265, #8829, #580 ) ) ;
#6028 = ADVANCED_FACE ( 'NONE', ( #2892 ), #8424, .T. ) ;
#6029 = VERTEX_POINT ( 'NONE', #7731 ) ;
#6030 = SURFACE_STYLE_USAGE ( .BOTH. , #1168 ) ;
#6031 = DIRECTION ( 'NONE',  ( 0.000000000000000000, 0.08715574274765876261, -0.9961946980917455452 ) ) ;
#6032 = FILL_AREA_STYLE ('',( #7290 ) ) ;
#6033 =( LENGTH_UNIT ( ) NAMED_UNIT ( * ) SI_UNIT ( $, .METRE. ) );
#6034 = ORIENTED_EDGE ( 'NONE', *, *, #1141, .F. ) ;
#6035 = UNCERTAINTY_MEASURE_WITH_UNIT (LENGTH_MEASURE( 1.000000000000000082E-05 ), #3639, 'distance_accuracy_value', 'NONE');
#6036 = DIRECTION ( 'NONE',  ( 1.000000000000000000, 0.000000000000000000, 0.000000000000000000 ) ) ;
#6037 = PRESENTATION_STYLE_ASSIGNMENT (( #934 ) ) ;
#6038 = ORIENTED_EDGE ( 'NONE', *, *, #5264, .T. ) ;
#6039 =( LENGTH_UNIT ( ) NAMED_UNIT ( * ) SI_UNIT ( $, .METRE. ) );
#6040 = EDGE_CURVE ( 'NONE', #7752, #4685, #8023, .T. ) ;
#6041 = SURFACE_STYLE_USAGE ( .BOTH. , #6611 ) ;
#6042 = VERTEX_POINT ( 'NONE', #8653 ) ;
#6043 = EDGE_CURVE ( 'NONE', #4734, #4776, #7118, .T. ) ;
#6044 =( NAMED_UNIT ( * ) PLANE_ANGLE_UNIT ( ) SI_UNIT ( $, .RADIAN. ) );
#6045 =( CONVERSION_BASED_UNIT ( 'INCH', #7349 ) LENGTH_UNIT ( ) NAMED_UNIT ( #6633 ) );
#6046 = CYLINDRICAL_SURFACE ( 'NONE', #6277, 0.005905511811023620231 ) ;
#6047 = SURFACE_SIDE_STYLE ('',( #480 ) ) ;
#6048 =( NAMED_UNIT ( * ) SI_UNIT ( $, .STERADIAN. ) SOLID_ANGLE_UNIT ( ) );
#6050 = FILL_AREA_STYLE_COLOUR ( '', #3487 ) ;
#6049 = PRESENTATION_LAYER_ASSIGNMENT (  '', '', ( #777 ) ) ;
#6051 = ORIENTED_EDGE ( 'NONE', *, *, #6076, .T. ) ;
#6052 = ORIENTED_EDGE ( 'NONE', *, *, #890, .F. ) ;
#6053 = LENGTH_MEASURE_WITH_UNIT ( LENGTH_MEASURE( 0.02539999999999999897 ), #3257 );
#6054 = UNCERTAINTY_MEASURE_WITH_UNIT (LENGTH_MEASURE( 1.000000000000000082E-05 ), #2031, 'distance_accuracy_value', 'NONE');
#6055 = VECTOR ( 'NONE', #4521, 39.37007874015748143 ) ;
#6056 = PRESENTATION_STYLE_ASSIGNMENT (( #8730 ) ) ;
#6057 = CARTESIAN_POINT ( 'NONE',  ( -0.1009842519685039408, 0.2556786355646874509, -0.001377952755905492059 ) ) ;
#6058 = PLANE ( 'NONE',  #8115 ) ;
#6059 = SURFACE_STYLE_FILL_AREA ( #7653 ) ;
#6060 = EDGE_CURVE ( 'NONE', #836, #8739, #2343, .T. ) ;
#6061 = DIRECTION ( 'NONE',  ( -0.000000000000000000, 0.6589684953534067358, 0.7521705405901425445 ) ) ;
#6062 = ORIENTED_EDGE ( 'NONE', *, *, #8525, .T. ) ;
#6063 = FILL_AREA_STYLE_COLOUR ( '', #5393 ) ;
#6064 = VECTOR ( 'NONE', #2360, 39.37007874015748854 ) ;
#6065 = VERTEX_POINT ( 'NONE', #7142 ) ;
#6066 = PRODUCT_RELATED_PRODUCT_CATEGORY ( 'part', '', ( #48 ) ) ;
#6067 = ORIENTED_EDGE ( 'NONE', *, *, #1436, .F. ) ;
#6068 = DIRECTION ( 'NONE',  ( -1.000000000000000000, -0.000000000000000000, -0.000000000000000000 ) ) ;
#6069 =( NAMED_UNIT ( * ) SI_UNIT ( $, .STERADIAN. ) SOLID_ANGLE_UNIT ( ) );
#6070 =( NAMED_UNIT ( * ) PLANE_ANGLE_UNIT ( ) SI_UNIT ( $, .RADIAN. ) );
#6071 = CARTESIAN_POINT ( 'NONE',  ( 0.03503937007874018128, 0.01358267716535432532, 0.07982518197702757889 ) ) ;
#6072 = DIMENSIONAL_EXPONENTS ( 1.000000000000000000, 0.000000000000000000, 0.000000000000000000, 0.000000000000000000, 0.000000000000000000, 0.000000000000000000, 0.000000000000000000 ) ;
#6073 = CARTESIAN_POINT ( 'NONE',  ( -0.06496062992125982427, 0.01822099969626658073, 0.09408128290260084348 ) ) ;
#6074 = EDGE_CURVE ( 'NONE', #2055, #1980, #2254, .T. ) ;
#6075 = FILL_AREA_STYLE_COLOUR ( '', #8028 ) ;
#6076 = EDGE_CURVE ( 'NONE', #2666, #8808, #7817, .T. ) ;
#6077 = DIRECTION ( 'NONE',  ( 0.000000000000000000, -0.7521705405901424335, 0.6589684953534066247 ) ) ;
#6078 = EDGE_LOOP ( 'NONE', ( #8718, #2441 ) ) ;
#6079 = PRESENTATION_LAYER_ASSIGNMENT (  '', '', ( #3858 ) ) ;
#6080 = AXIS2_PLACEMENT_3D ( 'NONE', #2658, #2696, #4795 ) ;
#6081 = ORIENTED_EDGE ( 'NONE', *, *, #249, .T. ) ;
#6082 = UNCERTAINTY_MEASURE_WITH_UNIT (LENGTH_MEASURE( 1.000000000000000082E-05 ), #8644, 'distance_accuracy_value', 'NONE');
#6083 = CARTESIAN_POINT ( 'NONE',  ( -0.08287401574803150706, 0.009842519685039369942, -0.01003937007874015908 ) ) ;
#6084 = ORIENTED_EDGE ( 'NONE', *, *, #249, .F. ) ;
#6085 = UNCERTAINTY_MEASURE_WITH_UNIT (LENGTH_MEASURE( 1.000000000000000082E-05 ), #5538, 'distance_accuracy_value', 'NONE');
#6086 = PRESENTATION_STYLE_ASSIGNMENT (( #3279 ) ) ;
#6087 = DIRECTION ( 'NONE',  ( -0.1679009179374290062, -0.9522134233956619509, 0.2551448178209432260 ) ) ;
#6088 =( GEOMETRIC_REPRESENTATION_CONTEXT ( 3 ) GLOBAL_UNCERTAINTY_ASSIGNED_CONTEXT ( ( #972 ) ) GLOBAL_UNIT_ASSIGNED_CONTEXT ( ( #2763, #4781, #4029 ) ) REPRESENTATION_CONTEXT ( 'NONE', 'WORKASPACE' ) );
#6089 = CARTESIAN_POINT ( 'NONE',  ( 0.08287401574803150706, 0.000000000000000000, -0.01003937007874015908 ) ) ;
#6090 = ORIENTED_EDGE ( 'NONE', *, *, #1693, .T. ) ;
#6091 = SURFACE_STYLE_FILL_AREA ( #8166 ) ;
#6092 = LENGTH_MEASURE_WITH_UNIT ( LENGTH_MEASURE( 0.02539999999999999897 ), #1185 );
#6093 =( CONVERSION_BASED_UNIT ( 'INCH', #4549 ) LENGTH_UNIT ( ) NAMED_UNIT ( #2276 ) );
#6094 = EDGE_CURVE ( 'NONE', #8708, #2707, #3663, .T. ) ;
#6095 = VECTOR ( 'NONE', #7329, 39.37007874015748143 ) ;
#6096 = SURFACE_SIDE_STYLE ('',( #3248 ) ) ;
#6097 = FACE_OUTER_BOUND ( 'NONE', #3471, .T. ) ;
#6098 = DIRECTION ( 'NONE',  ( 1.626303258728254442E-14, 0.000000000000000000, -1.000000000000000000 ) ) ;
#6099 = CARTESIAN_POINT ( 'NONE',  ( -0.08307086614173225803, 0.01822099969626657726, 0.09408128290260084348 ) ) ;
#6100 = SURFACE_SIDE_STYLE ('',( #2603 ) ) ;
#6101 = FILL_AREA_STYLE_COLOUR ( '', #5955 ) ;
#6102 = LENGTH_MEASURE_WITH_UNIT ( LENGTH_MEASURE( 0.02539999999999999897 ), #3294 );
#6103 = STYLED_ITEM ( 'NONE', ( #4123 ), #8420 ) ;
#6104 = ORIENTED_EDGE ( 'NONE', *, *, #8443, .T. ) ;
#6105 = ORIENTED_EDGE ( 'NONE', *, *, #8136, .F. ) ;
#6106 = PRESENTATION_LAYER_ASSIGNMENT (  '', '', ( #8862 ) ) ;
#6107 = FACE_OUTER_BOUND ( 'NONE', #8460, .T. ) ;
#6108 = CARTESIAN_POINT ( 'NONE',  ( -0.09645669291338582196, 0.009842519685039361269, -0.09311023622047244486 ) ) ;
#6109 = PRESENTATION_LAYER_ASSIGNMENT (  '', '', ( #4453 ) ) ;
#6110 = CARTESIAN_POINT ( 'NONE',  ( -0.01692913385826769201, 0.01751968503937007329, 0.07846314444784678599 ) ) ;
#6111 = EDGE_CURVE ( 'NONE', #3263, #2707, #1766, .T. ) ;
#6112 = DIRECTION ( 'NONE',  ( 0.000000000000000000, 0.000000000000000000, -1.000000000000000000 ) ) ;
#6113 =( LENGTH_UNIT ( ) NAMED_UNIT ( * ) SI_UNIT ( $, .METRE. ) );
#6114 = VERTEX_POINT ( 'NONE', #922 ) ;
#6115 = LINE ( 'NONE', #3429, #988 ) ;
#6116 = VERTEX_POINT ( 'NONE', #4380 ) ;
#6117 = STYLED_ITEM ( 'NONE', ( #8387 ), #8547 ) ;
#6118 = ORIENTED_EDGE ( 'NONE', *, *, #752, .T. ) ;
#6119 = EDGE_CURVE ( 'NONE', #553, #1993, #362, .T. ) ;
#6120 =( NAMED_UNIT ( * ) SI_UNIT ( $, .STERADIAN. ) SOLID_ANGLE_UNIT ( ) );
#6121 = PLANE ( 'NONE',  #6008 ) ;
#6122 = FACE_OUTER_BOUND ( 'NONE', #282, .T. ) ;
#6123 = LINE ( 'NONE', #2635, #4824 ) ;
#6124 = LENGTH_MEASURE_WITH_UNIT ( LENGTH_MEASURE( 0.02539999999999999897 ), #460 );
#6125 = ORIENTED_EDGE ( 'NONE', *, *, #6367, .F. ) ;
#6126 = MECHANICAL_DESIGN_GEOMETRIC_PRESENTATION_REPRESENTATION (  '', ( #6394 ), #8423 ) ;
#6127 =( NAMED_UNIT ( * ) PLANE_ANGLE_UNIT ( ) SI_UNIT ( $, .RADIAN. ) );
#6129 = LENGTH_MEASURE_WITH_UNIT ( LENGTH_MEASURE( 0.02539999999999999897 ), #8159 );
#6128 =( GEOMETRIC_REPRESENTATION_CONTEXT ( 3 ) GLOBAL_UNCERTAINTY_ASSIGNED_CONTEXT ( ( #2683 ) ) GLOBAL_UNIT_ASSIGNED_CONTEXT ( ( #7013, #2084, #8293 ) ) REPRESENTATION_CONTEXT ( 'NONE', 'WORKASPACE' ) );
#6130 = STYLED_ITEM ( 'NONE', ( #677 ), #1205 ) ;
#6131 = DIRECTION ( 'NONE',  ( 0.000000000000000000, 0.000000000000000000, 1.000000000000000000 ) ) ;
#6132 = LINE ( 'NONE', #8208, #1752 ) ;
#6133 = VECTOR ( 'NONE', #5563, 39.37007874015748143 ) ;
#6134 = FILL_AREA_STYLE ('',( #1228 ) ) ;
#6135 = EDGE_LOOP ( 'NONE', ( #6428, #4728, #5447, #8368, #8596, #6807, #7792, #7034 ) ) ;
#6136 = VECTOR ( 'NONE', #3191, 39.37007874015748143 ) ;
#6137 = LINE ( 'NONE', #4075, #6430 ) ;
#6138 = LINE ( 'NONE', #1782, #4183 ) ;
#6139 = ADVANCED_FACE ( 'NONE', ( #7910 ), #5186, .F. ) ;
#6140 =( GEOMETRIC_REPRESENTATION_CONTEXT ( 3 ) GLOBAL_UNCERTAINTY_ASSIGNED_CONTEXT ( ( #6181 ) ) GLOBAL_UNIT_ASSIGNED_CONTEXT ( ( #617, #8260, #3250 ) ) REPRESENTATION_CONTEXT ( 'NONE', 'WORKASPACE' ) );
#6141 = VECTOR ( 'NONE', #5934, 39.37007874015748854 ) ;
#6142 =( GEOMETRIC_REPRESENTATION_CONTEXT ( 3 ) GLOBAL_UNCERTAINTY_ASSIGNED_CONTEXT ( ( #5350 ) ) GLOBAL_UNIT_ASSIGNED_CONTEXT ( ( #8836, #3307, #2665 ) ) REPRESENTATION_CONTEXT ( 'NONE', 'WORKASPACE' ) );
#6143 = FILL_AREA_STYLE ('',( #8216 ) ) ;
#6144 = PRESENTATION_LAYER_ASSIGNMENT (  '', '', ( #7281 ) ) ;
#6145 = LINE ( 'NONE', #5961, #3287 ) ;
#6146 = CARTESIAN_POINT ( 'NONE',  ( -0.09242075248266307108, 0.009842519685039369942, -0.004527559055118113643 ) ) ;
#6147 = STYLED_ITEM ( 'NONE', ( #2353 ), #6596 ) ;
#6149 = COLOUR_RGB ( '',0.7921568627450980005, 0.8196078431372548767, 0.9333333333333333481 ) ;
#6148 = SURFACE_STYLE_FILL_AREA ( #434 ) ;
#6150 = COLOUR_RGB ( '',0.7921568627450980005, 0.8196078431372548767, 0.9333333333333333481 ) ;
#6151 = LINE ( 'NONE', #8920, #3873 ) ;
#6152 = AXIS2_PLACEMENT_3D ( 'NONE', #6947, #4050, #700 ) ;
#6153 = EDGE_LOOP ( 'NONE', ( #2302, #3722, #2830, #2378, #33, #7039, #7669, #7121, #407, #498, #3070, #1795, #6661, #1675, #7084, #973, #7515, #2783, #3091, #8347, #8479, #8128, #6230, #1661, #507, #1130, #744, #6938, #8856, #4634, #1713, #7875, #6494, #121 ) ) ;
#6154 = VERTEX_POINT ( 'NONE', #1717 ) ;
#6155 = DIRECTION ( 'NONE',  ( -1.000000000000000000, 0.000000000000000000, 0.000000000000000000 ) ) ;
#6156 = COLOUR_RGB ( '',0.7921568627450980005, 0.8196078431372548767, 0.9333333333333333481 ) ;
#6157 = UNCERTAINTY_MEASURE_WITH_UNIT (LENGTH_MEASURE( 1.000000000000000082E-05 ), #2815, 'distance_accuracy_value', 'NONE');
#6158 = COLOUR_RGB ( '',0.7921568627450980005, 0.8196078431372548767, 0.9333333333333333481 ) ;
#6159 = CARTESIAN_POINT ( 'NONE',  ( -0.06692913385826769479, 0.02244094488188976347, 0.07893700787401573826 ) ) ;
#6160 = DIRECTION ( 'NONE',  ( 1.000000000000000000, 0.000000000000000000, -0.000000000000000000 ) ) ;
#6161 = CARTESIAN_POINT ( 'NONE',  ( 0.09783464566929132855, 0.009842519685039369942, -0.001377952755905514828 ) ) ;
#6162 = PLANE ( 'NONE',  #6152 ) ;
#6163 = COLOUR_RGB ( '',0.2509803921568627416, 0.2509803921568627416, 0.2509803921568627416 ) ;
#6164 = PLANE ( 'NONE',  #5419 ) ;
#6165 = ORIENTED_EDGE ( 'NONE', *, *, #5372, .T. ) ;
#6166 = ORIENTED_EDGE ( 'NONE', *, *, #490, .F. ) ;
#6167 = EDGE_CURVE ( 'NONE', #5883, #4084, #4479, .T. ) ;
#6168 = ORIENTED_EDGE ( 'NONE', *, *, #182, .T. ) ;
#6169 = PRESENTATION_LAYER_ASSIGNMENT (  '', '', ( #878 ) ) ;
#6170 = CARTESIAN_POINT ( 'NONE',  ( -0.01692913385826769201, 0.007004783218323627943, 0.1049545283030582504 ) ) ;
#6171 =( CONVERSION_BASED_UNIT ( 'INCH', #4099 ) LENGTH_UNIT ( ) NAMED_UNIT ( #8641 ) );
#6172 = FACE_OUTER_BOUND ( 'NONE', #6027, .T. ) ;
#6173 = SURFACE_STYLE_FILL_AREA ( #1302 ) ;
#6174 = PLANE ( 'NONE',  #2448 ) ;
#6175 = FILL_AREA_STYLE ('',( #7511 ) ) ;
#6176 = CARTESIAN_POINT ( 'NONE',  ( 0.03503937007874018128, 0.01822099969626657726, 0.09408128290260084348 ) ) ;
#6177 = CARTESIAN_POINT ( 'NONE',  ( -0.01692913385826769201, 0.01751968503937008717, 0.07982518197702757889 ) ) ;
#6178 = ORIENTED_EDGE ( 'NONE', *, *, #5218, .F. ) ;
#6179 = CARTESIAN_POINT ( 'NONE',  ( 0.08503937007874018406, 0.01617704132028901370, 0.08278648331793365955 ) ) ;
#6180 = CARTESIAN_POINT ( 'NONE',  ( -0.06692913385826769479, 0.004805065926099858983, 0.1210629921259844255 ) ) ;
#6181 = UNCERTAINTY_MEASURE_WITH_UNIT (LENGTH_MEASURE( 1.000000000000000082E-05 ), #617, 'distance_accuracy_value', 'NONE');
#6182 = EDGE_CURVE ( 'NONE', #2401, #5392, #8010, .T. ) ;
#6183 = SURFACE_STYLE_FILL_AREA ( #5585 ) ;
#6184 = ORIENTED_EDGE ( 'NONE', *, *, #1300, .T. ) ;
#6185 = DIRECTION ( 'NONE',  ( 1.000000000000000000, 0.000000000000000000, 0.000000000000000000 ) ) ;
#6186 = SURFACE_SIDE_STYLE ('',( #4736 ) ) ;
#6187 = ADVANCED_FACE ( 'NONE', ( #5739 ), #8509, .F. ) ;
#6188 = CARTESIAN_POINT ( 'NONE',  ( 0.09027830658147500964, 0.04488188976377952694, 0.07292397481552205518 ) ) ;
#6189 = CARTESIAN_POINT ( 'NONE',  ( 0.09472119113475917229, -5.335640612625514099E-19, -0.004527559055118113643 ) ) ;
#6190 = PRESENTATION_STYLE_ASSIGNMENT (( #3381 ) ) ;
#6191 =( LENGTH_UNIT ( ) NAMED_UNIT ( * ) SI_UNIT ( $, .METRE. ) );
#6192 = VERTEX_POINT ( 'NONE', #4091 ) ;
#6193 = SURFACE_SIDE_STYLE ('',( #2865 ) ) ;
#6194 = EDGE_CURVE ( 'NONE', #2627, #8114, #455, .T. ) ;
#6195 = PLANE ( 'NONE',  #6730 ) ;
#6196 = FILL_AREA_STYLE ('',( #3258 ) ) ;
#6197 =( CONVERSION_BASED_UNIT ( 'INCH', #2787 ) LENGTH_UNIT ( ) NAMED_UNIT ( #4580 ) );
#6198 = LINE ( 'NONE', #6110, #4261 ) ;
#6199 = COLOUR_RGB ( '',0.7921568627450980005, 0.8196078431372548767, 0.9333333333333333481 ) ;
#6200 =( NAMED_UNIT ( * ) PLANE_ANGLE_UNIT ( ) SI_UNIT ( $, .RADIAN. ) );
#6201 = SURFACE_STYLE_USAGE ( .BOTH. , #6024 ) ;
#6202 = ORIENTED_EDGE ( 'NONE', *, *, #6440, .F. ) ;
#6203 = ORIENTED_EDGE ( 'NONE', *, *, #7025, .T. ) ;
#6204 = VERTEX_POINT ( 'NONE', #5341 ) ;
#6205 = CARTESIAN_POINT ( 'NONE',  ( -0.01692913385826769201, 3.734948428837859484E-18, 0.09695901468261183820 ) ) ;
#6206 = CARTESIAN_POINT ( 'NONE',  ( 0.09645669291338582196, 0.000000000000000000, 0.07677619065068530535 ) ) ;
#6207 = CARTESIAN_POINT ( 'NONE',  ( -0.05413385826771653642, 0.009842519685039369942, -0.001377952755905514828 ) ) ;
#6208 = EDGE_CURVE ( 'NONE', #3854, #6951, #3466, .T. ) ;
#6209 =( NAMED_UNIT ( * ) SI_UNIT ( $, .STERADIAN. ) SOLID_ANGLE_UNIT ( ) );
#6210 =( GEOMETRIC_REPRESENTATION_CONTEXT ( 3 ) GLOBAL_UNCERTAINTY_ASSIGNED_CONTEXT ( ( #3242 ) ) GLOBAL_UNIT_ASSIGNED_CONTEXT ( ( #7130, #4953, #3530 ) ) REPRESENTATION_CONTEXT ( 'NONE', 'WORKASPACE' ) );
#6211 = SURFACE_STYLE_FILL_AREA ( #3943 ) ;
#6212 = SURFACE_SIDE_STYLE ('',( #8895 ) ) ;
#6213 = ORIENTED_EDGE ( 'NONE', *, *, #7379, .T. ) ;
#6214 = PRESENTATION_LAYER_ASSIGNMENT (  '', '', ( #5339 ) ) ;
#6215 = EDGE_CURVE ( 'NONE', #638, #1386, #1802, .T. ) ;
#6216 = ORIENTED_EDGE ( 'NONE', *, *, #1871, .T. ) ;
#6217 = AXIS2_PLACEMENT_3D ( 'NONE', #1837, #625, #6112 ) ;
#6218 = LINE ( 'NONE', #2052, #8019 ) ;
#6219 = DIRECTION ( 'NONE',  ( 0.000000000000000000, 0.6589684953534065137, 0.7521705405901426555 ) ) ;
#6220 = FILL_AREA_STYLE_COLOUR ( '', #5897 ) ;
#6221 = EDGE_CURVE ( 'NONE', #8497, #7102, #8325, .T. ) ;
#6222 = CYLINDRICAL_SURFACE ( 'NONE', #6488, 0.0007874015748031346334 ) ;
#6223 = AXIS2_PLACEMENT_3D ( 'NONE', #1636, #6392, #193 ) ;
#6224 = PLANE ( 'NONE',  #5851 ) ;
#6225 = FILL_AREA_STYLE ('',( #8353 ) ) ;
#6226 = FILL_AREA_STYLE_COLOUR ( '', #8 ) ;
#6227 = UNCERTAINTY_MEASURE_WITH_UNIT (LENGTH_MEASURE( 1.000000000000000082E-05 ), #6590, 'distance_accuracy_value', 'NONE');
#6228 =( CONVERSION_BASED_UNIT ( 'INCH', #4885 ) LENGTH_UNIT ( ) NAMED_UNIT ( #1411 ) );
#6229 = CARTESIAN_POINT ( 'NONE',  ( -0.08307086614173225803, -0.005000000000000000104, 0.1202051600123263675 ) ) ;
#6230 = ORIENTED_EDGE ( 'NONE', *, *, #8472, .F. ) ;
#6231 = LINE ( 'NONE', #1410, #4206 ) ;
#6232 = CARTESIAN_POINT ( 'NONE',  ( -0.03503937007874014659, 0.01358267716535432532, 0.07982518197702757889 ) ) ;
#6233 = COLOUR_RGB ( '',0.7921568627450980005, 0.8196078431372548767, 0.9333333333333333481 ) ;
#6234 = UNCERTAINTY_MEASURE_WITH_UNIT (LENGTH_MEASURE( 1.000000000000000082E-05 ), #5626, 'distance_accuracy_value', 'NONE');
#6235 = PLANE ( 'NONE',  #4818 ) ;
#6236 = SURFACE_STYLE_FILL_AREA ( #6688 ) ;
#6237 = VECTOR ( 'NONE', #4363, 39.37007874015748143 ) ;
#6238 = SURFACE_SIDE_STYLE ('',( #8327 ) ) ;
#6239 = VECTOR ( 'NONE', #2224, 39.37007874015748143 ) ;
#6240 = VERTEX_POINT ( 'NONE', #1902 ) ;
#6241 = FILL_AREA_STYLE ('',( #2620 ) ) ;
#6242 = EDGE_LOOP ( 'NONE', ( #1058, #6438, #558, #1408, #6698, #3244, #953, #3296 ) ) ;
#6243 = VERTEX_POINT ( 'NONE', #7373 ) ;
#6244 = PRESENTATION_LAYER_ASSIGNMENT (  '', '', ( #4153 ) ) ;
#6245 =( LENGTH_UNIT ( ) NAMED_UNIT ( * ) SI_UNIT ( $, .METRE. ) );
#6246 = FILL_AREA_STYLE ('',( #8195 ) ) ;
#6247 = PRESENTATION_STYLE_ASSIGNMENT (( #7722 ) ) ;
#6248 = PLANE ( 'NONE',  #5841 ) ;
#6249 =( LENGTH_UNIT ( ) NAMED_UNIT ( * ) SI_UNIT ( $, .METRE. ) );
#6250 = DIRECTION ( 'NONE',  ( -1.000000000000000000, 0.000000000000000000, -0.000000000000000000 ) ) ;
#6251 = STYLED_ITEM ( 'NONE', ( #5454 ), #8473 ) ;
#6252 = LINE ( 'NONE', #2885, #6801 ) ;
#6253 = CARTESIAN_POINT ( 'NONE',  ( -0.06692913385826769479, 0.007004783218323627943, 0.1049545283030582504 ) ) ;
#6254 = VERTEX_POINT ( 'NONE', #1112 ) ;
#6255 = CARTESIAN_POINT ( 'NONE',  ( 0.07480314960629921850, 0.009842519685039369942, -0.001377952755905514828 ) ) ;
#6256 = DIRECTION ( 'NONE',  ( 0.000000000000000000, 0.000000000000000000, -1.000000000000000000 ) ) ;
#6257 =( NAMED_UNIT ( * ) SI_UNIT ( $, .STERADIAN. ) SOLID_ANGLE_UNIT ( ) );
#6258 = ORIENTED_EDGE ( 'NONE', *, *, #4162, .F. ) ;
#6259 = CARTESIAN_POINT ( 'NONE',  ( -0.01692913385826769201, 0.01822099969626658073, 0.09408128290260084348 ) ) ;
#6260 = AXIS2_PLACEMENT_3D ( 'NONE', #1988, #6299, #753 ) ;
#6261 = CARTESIAN_POINT ( 'NONE',  ( -0.01692913385826769201, 0.004805065926099858983, 0.1210629921259844255 ) ) ;
#6262 = ADVANCED_FACE ( 'NONE', ( #6904 ), #8802, .F. ) ;
#6263 = CARTESIAN_POINT ( 'NONE',  ( -0.01692913385826769201, 0.01358267716535432532, 0.07982518197702757889 ) ) ;
#6264 = DIRECTION ( 'NONE',  ( 0.000000000000000000, -0.000000000000000000, -1.000000000000000000 ) ) ;
#6265 = DIRECTION ( 'NONE',  ( 0.000000000000000000, 0.000000000000000000, 1.000000000000000000 ) ) ;
#6266 = DIRECTION ( 'NONE',  ( -0.000000000000000000, -1.000000000000000000, -0.000000000000000000 ) ) ;
#6267 = ADVANCED_FACE ( 'NONE', ( #2871 ), #3006, .T. ) ;
#6268 = ORIENTED_EDGE ( 'NONE', *, *, #5, .T. ) ;
#6269 =( GEOMETRIC_REPRESENTATION_CONTEXT ( 3 ) GLOBAL_UNCERTAINTY_ASSIGNED_CONTEXT ( ( #1635 ) ) GLOBAL_UNIT_ASSIGNED_CONTEXT ( ( #7815, #2761, #7639 ) ) REPRESENTATION_CONTEXT ( 'NONE', 'WORKASPACE' ) );
#6270 = ORIENTED_EDGE ( 'NONE', *, *, #1165, .T. ) ;
#6271 = PRESENTATION_LAYER_ASSIGNMENT (  '', '', ( #6418 ) ) ;
#6272 = LINE ( 'NONE', #7540, #2644 ) ;
#6273 = DIRECTION ( 'NONE',  ( 0.000000000000000000, 0.000000000000000000, 1.000000000000000000 ) ) ;
#6274 = FILL_AREA_STYLE_COLOUR ( '', #606 ) ;
#6275 = COLOUR_RGB ( '',0.7921568627450980005, 0.8196078431372548767, 0.9333333333333333481 ) ;
#6276 = FILL_AREA_STYLE ('',( #114 ) ) ;
#6277 = AXIS2_PLACEMENT_3D ( 'NONE', #523, #8174, #2005 ) ;
#6278 = MECHANICAL_DESIGN_GEOMETRIC_PRESENTATION_REPRESENTATION (  '', ( #7708 ), #4957 ) ;
#6279 = PRESENTATION_LAYER_ASSIGNMENT (  '', '', ( #4506 ) ) ;
#6280 =( NAMED_UNIT ( * ) PLANE_ANGLE_UNIT ( ) SI_UNIT ( $, .RADIAN. ) );
#6281 = SURFACE_STYLE_USAGE ( .BOTH. , #8751 ) ;
#6282 = UNCERTAINTY_MEASURE_WITH_UNIT (LENGTH_MEASURE( 1.000000000000000082E-05 ), #6555, 'distance_accuracy_value', 'NONE');
#6283 = LINE ( 'NONE', #4945, #2179 ) ;
#6284 = EDGE_CURVE ( 'NONE', #5965, #3011, #2926, .T. ) ;
#6285 = ORIENTED_EDGE ( 'NONE', *, *, #5029, .F. ) ;
#6286 = VERTEX_POINT ( 'NONE', #7031 ) ;
#6287 = PRESENTATION_LAYER_ASSIGNMENT (  '', '', ( #6000 ) ) ;
#6288 = STYLED_ITEM ( 'NONE', ( #6307 ), #5765 ) ;
#6289 = EDGE_LOOP ( 'NONE', ( #7274, #1774, #6627, #7227 ) ) ;
#6290 = EDGE_CURVE ( 'NONE', #3821, #939, #160, .T. ) ;
#6291 = VECTOR ( 'NONE', #3417, 39.37007874015748143 ) ;
#6292 = LINE ( 'NONE', #633, #5031 ) ;
#6293 = VECTOR ( 'NONE', #5009, 39.37007874015748143 ) ;
#6294 =( NAMED_UNIT ( * ) SI_UNIT ( $, .STERADIAN. ) SOLID_ANGLE_UNIT ( ) );
#6295 = LINE ( 'NONE', #8467, #10 ) ;
#6296 = COLOUR_RGB ( '',0.7921568627450980005, 0.8196078431372548767, 0.9333333333333333481 ) ;
#6297 = FACE_OUTER_BOUND ( 'NONE', #2641, .T. ) ;
#6298 = ADVANCED_FACE ( 'NONE', ( #8493 ), #779, .F. ) ;
#6299 = DIRECTION ( 'NONE',  ( -0.000000000000000000, -1.000000000000000000, -0.000000000000000000 ) ) ;
#6300 = VECTOR ( 'NONE', #5370, 39.37007874015748143 ) ;
#6301 = LINE ( 'NONE', #7602, #7856 ) ;
#6302 = ORIENTED_EDGE ( 'NONE', *, *, #3423, .T. ) ;
#6303 = VERTEX_POINT ( 'NONE', #5868 ) ;
#6304 = LINE ( 'NONE', #4337, #3501 ) ;
#6305 = DIRECTION ( 'NONE',  ( 0.000000000000000000, -0.000000000000000000, 1.000000000000000000 ) ) ;
#6306 = DIRECTION ( 'NONE',  ( 0.8660254037844377084, 0.000000000000000000, -0.5000000000000012212 ) ) ;
#6307 = PRESENTATION_STYLE_ASSIGNMENT (( #7783 ) ) ;
#6308 = CARTESIAN_POINT ( 'NONE',  ( -0.06496062992125982427, 0.01358267716535432532, 0.07982518197702757889 ) ) ;
#6309 = DIRECTION ( 'NONE',  ( 0.000000000000000000, -0.7521705405901417674, 0.6589684953534074019 ) ) ;
#6310 = EDGE_CURVE ( 'NONE', #298, #7479, #1742, .T. ) ;
#6311 = CARTESIAN_POINT ( 'NONE',  ( -0.06692913385826769479, 0.02653119753051446511, 0.08453805796773562753 ) ) ;
#6312 = VERTEX_POINT ( 'NONE', #7979 ) ;
#6313 = DIRECTION ( 'NONE',  ( 0.000000000000000000, 0.000000000000000000, 1.000000000000000000 ) ) ;
#6314 =( LENGTH_UNIT ( ) NAMED_UNIT ( * ) SI_UNIT ( $, .METRE. ) );
#6315 =( CONVERSION_BASED_UNIT ( 'INCH', #2826 ) LENGTH_UNIT ( ) NAMED_UNIT ( #4488 ) );
#6316 = CARTESIAN_POINT ( 'NONE',  ( 0.08503937007874018406, 0.01358267716535432532, 0.07982518197702757889 ) ) ;
#6317 =( NAMED_UNIT ( * ) SI_UNIT ( $, .STERADIAN. ) SOLID_ANGLE_UNIT ( ) );
#6318 = ORIENTED_EDGE ( 'NONE', *, *, #202, .T. ) ;
#6319 = ORIENTED_EDGE ( 'NONE', *, *, #5660, .T. ) ;
#6320 = UNCERTAINTY_MEASURE_WITH_UNIT (LENGTH_MEASURE( 1.000000000000000082E-05 ), #4568, 'distance_accuracy_value', 'NONE');
#6321 = ORIENTED_EDGE ( 'NONE', *, *, #1340, .F. ) ;
#6322 = LINE ( 'NONE', #6998, #77 ) ;
#6323 = VECTOR ( 'NONE', #613, 39.37007874015748143 ) ;
#6324 = DIMENSIONAL_EXPONENTS ( 1.000000000000000000, 0.000000000000000000, 0.000000000000000000, 0.000000000000000000, 0.000000000000000000, 0.000000000000000000, 0.000000000000000000 ) ;
#6325 = CARTESIAN_POINT ( 'NONE',  ( 0.09645669291338582196, 0.009842519685039369942, -0.001377952755905514828 ) ) ;
#6326 = ADVANCED_FACE ( 'NONE', ( #2509 ), #8040, .F. ) ;
#6327 = CARTESIAN_POINT ( 'NONE',  ( 0.06692913385826775030, -0.005000000000000000104, 0.1202051600123263675 ) ) ;
#6328 = FILL_AREA_STYLE_COLOUR ( '', #3474 ) ;
#6329 = DIRECTION ( 'NONE',  ( -1.000000000000000000, 0.000000000000000000, -0.000000000000000000 ) ) ;
#6330 = CARTESIAN_POINT ( 'NONE',  ( 0.09173228346456695215, 0.009842519685039373412, -0.1210629921259842590 ) ) ;
#6331 = ADVANCED_FACE ( 'NONE', ( #7257 ), #8722, .F. ) ;
#6332 = STYLED_ITEM ( 'NONE', ( #4530 ), #4235 ) ;
#6333 = DIRECTION ( 'NONE',  ( 1.000000000000000000, 0.000000000000000000, 0.000000000000000000 ) ) ;
#6334 = VERTEX_POINT ( 'NONE', #7206 ) ;
#6335 =( GEOMETRIC_REPRESENTATION_CONTEXT ( 3 ) GLOBAL_UNCERTAINTY_ASSIGNED_CONTEXT ( ( #3522 ) ) GLOBAL_UNIT_ASSIGNED_CONTEXT ( ( #3268, #4098, #3977 ) ) REPRESENTATION_CONTEXT ( 'NONE', 'WORKASPACE' ) );
#6336 = PRESENTATION_LAYER_ASSIGNMENT (  '', '', ( #6474 ) ) ;
#6337 = DIRECTION ( 'NONE',  ( 0.000000000000000000, 0.6589684953534065137, 0.7521705405901425445 ) ) ;
#6338 = LENGTH_MEASURE_WITH_UNIT ( LENGTH_MEASURE( 0.02539999999999999897 ), #1354 );
#6339 = EDGE_CURVE ( 'NONE', #5806, #197, #945, .T. ) ;
#6340 = PLANE ( 'NONE',  #6957 ) ;
#6341 = ORIENTED_EDGE ( 'NONE', *, *, #5814, .F. ) ;
#6342 = AXIS2_PLACEMENT_3D ( 'NONE', #1200, #4606, #7541 ) ;
#6343 =( NAMED_UNIT ( * ) PLANE_ANGLE_UNIT ( ) SI_UNIT ( $, .RADIAN. ) );
#6344 = CIRCLE ( 'NONE', #3693, 0.005905511811023620231 ) ;
#6345 = DIRECTION ( 'NONE',  ( 0.000000000000000000, -0.9961946980917456562, -0.08715574274765740259 ) ) ;
#6346 = CARTESIAN_POINT ( 'NONE',  ( 0.07795275590551181688, 0.000000000000000000, -0.01003937007874015908 ) ) ;
#6347 = SURFACE_STYLE_FILL_AREA ( #4254 ) ;
#6348 = LINE ( 'NONE', #143, #2043 ) ;
#6349 =( GEOMETRIC_REPRESENTATION_CONTEXT ( 3 ) GLOBAL_UNCERTAINTY_ASSIGNED_CONTEXT ( ( #3329 ) ) GLOBAL_UNIT_ASSIGNED_CONTEXT ( ( #521, #5406, #1277 ) ) REPRESENTATION_CONTEXT ( 'NONE', 'WORKASPACE' ) );
#6350 = CARTESIAN_POINT ( 'NONE',  ( 0.09027830658147500964, 0.04488188976377952694, 0.07292397481552202743 ) ) ;
#6351 = PRESENTATION_STYLE_ASSIGNMENT (( #2910 ) ) ;
#6352 = CYLINDRICAL_SURFACE ( 'NONE', #5795, 0.005905511811023620231 ) ;
#6353 = DIMENSIONAL_EXPONENTS ( 1.000000000000000000, 0.000000000000000000, 0.000000000000000000, 0.000000000000000000, 0.000000000000000000, 0.000000000000000000, 0.000000000000000000 ) ;
#6354 = DIRECTION ( 'NONE',  ( 0.000000000000000000, 1.000000000000000000, 0.000000000000000000 ) ) ;
#6355 = CARTESIAN_POINT ( 'NONE',  ( -0.1009842519685039408, 0.2556786355646874509, 0.001377952755905507672 ) ) ;
#6356 = ORIENTED_EDGE ( 'NONE', *, *, #24, .F. ) ;
#6357 = DIRECTION ( 'NONE',  ( 0.000000000000000000, 0.000000000000000000, 1.000000000000000000 ) ) ;
#6358 =( GEOMETRIC_REPRESENTATION_CONTEXT ( 3 ) GLOBAL_UNCERTAINTY_ASSIGNED_CONTEXT ( ( #8110 ) ) GLOBAL_UNIT_ASSIGNED_CONTEXT ( ( #5800, #7923, #4256 ) ) REPRESENTATION_CONTEXT ( 'NONE', 'WORKASPACE' ) );
#6359 = CARTESIAN_POINT ( 'NONE',  ( -0.03307086614173226219, 0.02736220472440944324, 0.07761836027346888378 ) ) ;
#6360 = FILL_AREA_STYLE ('',( #155 ) ) ;
#6361 = LINE ( 'NONE', #4312, #1439 ) ;
#6362 = UNCERTAINTY_MEASURE_WITH_UNIT (LENGTH_MEASURE( 1.000000000000000082E-05 ), #487, 'distance_accuracy_value', 'NONE');
#6363 = DIRECTION ( 'NONE',  ( -0.000000000000000000, -0.7521705405901403241, 0.6589684953534089562 ) ) ;
#6364 = ORIENTED_EDGE ( 'NONE', *, *, #7505, .F. ) ;
#6365 = ORIENTED_EDGE ( 'NONE', *, *, #6310, .F. ) ;
#6366 = ORIENTED_EDGE ( 'NONE', *, *, #4127, .T. ) ;
#6367 = EDGE_CURVE ( 'NONE', #5818, #3933, #5411, .T. ) ;
#6368 = CARTESIAN_POINT ( 'NONE',  ( -0.08307086614173225803, 0.02736220472440944324, 0.07761836027346888378 ) ) ;
#6369 = VECTOR ( 'NONE', #3056, 39.37007874015748143 ) ;
#6370 = AXIS2_PLACEMENT_3D ( 'NONE', #8492, #7256, #7799 ) ;
#6371 =( CONVERSION_BASED_UNIT ( 'INCH', #4906 ) LENGTH_UNIT ( ) NAMED_UNIT ( #1121 ) );
#6372 = VECTOR ( 'NONE', #195, 39.37007874015748143 ) ;
#6373 = LINE ( 'NONE', #2032, #8442 ) ;
#6374 =( CONVERSION_BASED_UNIT ( 'INCH', #2079 ) LENGTH_UNIT ( ) NAMED_UNIT ( #2954 ) );
#6375 = CARTESIAN_POINT ( 'NONE',  ( 0.08307086614173231354, 0.02653119753051446858, 0.08453805796773562753 ) ) ;
#6376 = AXIS2_PLACEMENT_3D ( 'NONE', #8178, #7352, #1931 ) ;
#6377 = EDGE_CURVE ( 'NONE', #7409, #8276, #1192, .T. ) ;
#6378 = VERTEX_POINT ( 'NONE', #1968 ) ;
#6379 =( GEOMETRIC_REPRESENTATION_CONTEXT ( 3 ) GLOBAL_UNCERTAINTY_ASSIGNED_CONTEXT ( ( #1811 ) ) GLOBAL_UNIT_ASSIGNED_CONTEXT ( ( #1960, #3134, #2546 ) ) REPRESENTATION_CONTEXT ( 'NONE', 'WORKASPACE' ) );
#6380 = CARTESIAN_POINT ( 'NONE',  ( -0.07480314960629920462, 0.03700787401574803098, 0.06515748031496061687 ) ) ;
#6381 = LINE ( 'NONE', #134, #4750 ) ;
#6382 = DIMENSIONAL_EXPONENTS ( 1.000000000000000000, 0.000000000000000000, 0.000000000000000000, 0.000000000000000000, 0.000000000000000000, 0.000000000000000000, 0.000000000000000000 ) ;
#6383 = DIRECTION ( 'NONE',  ( -1.971091940197113801E-16, 0.000000000000000000, 1.000000000000000000 ) ) ;
#6384 = ORIENTED_EDGE ( 'NONE', *, *, #7137, .F. ) ;
#6385 = DIRECTION ( 'NONE',  ( 0.000000000000000000, -0.7521705405901417674, 0.6589684953534074019 ) ) ;
#6386 = DIRECTION ( 'NONE',  ( 0.000000000000000000, -1.000000000000000000, 0.000000000000000000 ) ) ;
#6387 = CIRCLE ( 'NONE', #1716, 0.003937007874015758385 ) ;
#6388 = VERTEX_POINT ( 'NONE', #8262 ) ;
#6389 = EDGE_CURVE ( 'NONE', #1016, #7185, #2731, .T. ) ;
#6390 = SURFACE_SIDE_STYLE ('',( #1583 ) ) ;
#6391 = SURFACE_STYLE_USAGE ( .BOTH. , #805 ) ;
#6392 = DIRECTION ( 'NONE',  ( 1.000000000000000000, 0.000000000000000000, 0.000000000000000000 ) ) ;
#6393 = FACE_OUTER_BOUND ( 'NONE', #2097, .T. ) ;
#6394 = STYLED_ITEM ( 'NONE', ( #8097 ), #8928 ) ;
#6395 = CARTESIAN_POINT ( 'NONE',  ( -0.06496062992125982427, 0.02736220472440943283, 0.07982518197702757889 ) ) ;
#6396 =( NAMED_UNIT ( * ) PLANE_ANGLE_UNIT ( ) SI_UNIT ( $, .RADIAN. ) );
#6397 = ORIENTED_EDGE ( 'NONE', *, *, #6076, .F. ) ;
#6398 = ADVANCED_FACE ( 'NONE', ( #4742 ), #5366, .T. ) ;
#6399 = CARTESIAN_POINT ( 'NONE',  ( -0.09783464566929132855, 0.009842519685039376881, -0.004527559055118114510 ) ) ;
#6400 = SURFACE_STYLE_USAGE ( .BOTH. , #6522 ) ;
#6401 = FACE_OUTER_BOUND ( 'NONE', #7862, .T. ) ;
#6402 = FILL_AREA_STYLE ('',( #2788 ) ) ;
#6403 = DIRECTION ( 'NONE',  ( 0.000000000000000000, 0.9396926207859079838, 0.3420201433256698786 ) ) ;
#6404 = VECTOR ( 'NONE', #2789, 39.37007874015748143 ) ;
#6405 = FILL_AREA_STYLE ('',( #947 ) ) ;
#6406 = MECHANICAL_DESIGN_GEOMETRIC_PRESENTATION_REPRESENTATION (  '', ( #6544 ), #6142 ) ;
#6407 = ORIENTED_EDGE ( 'NONE', *, *, #7922, .T. ) ;
#6408 = DIRECTION ( 'NONE',  ( -0.000000000000000000, 0.9961946980917456562, 0.08715574274765768015 ) ) ;
#6409 = ORIENTED_EDGE ( 'NONE', *, *, #8451, .F. ) ;
#6410 = LINE ( 'NONE', #2327, #7150 ) ;
#6411 = AXIS2_PLACEMENT_3D ( 'NONE', #984, #3593, #7887 ) ;
#6412 = DIMENSIONAL_EXPONENTS ( 1.000000000000000000, 0.000000000000000000, 0.000000000000000000, 0.000000000000000000, 0.000000000000000000, 0.000000000000000000, 0.000000000000000000 ) ;
#6413 = UNCERTAINTY_MEASURE_WITH_UNIT (LENGTH_MEASURE( 1.000000000000000082E-05 ), #7905, 'distance_accuracy_value', 'NONE');
#6414 = ORIENTED_EDGE ( 'NONE', *, *, #6576, .T. ) ;
#6415 = PRESENTATION_LAYER_ASSIGNMENT (  '', '', ( #711 ) ) ;
#6416 = CIRCLE ( 'NONE', #2458, 0.003937007874015758385 ) ;
#6417 = PRESENTATION_STYLE_ASSIGNMENT (( #3529 ) ) ;
#6418 = STYLED_ITEM ( 'NONE', ( #44 ), #2090 ) ;
#6419 = FILL_AREA_STYLE ('',( #2243 ) ) ;
#6420 = LENGTH_MEASURE_WITH_UNIT ( LENGTH_MEASURE( 0.02539999999999999897 ), #82 );
#6421 = CARTESIAN_POINT ( 'NONE',  ( -0.08503937007874014242, 0.02266295170762570518, 0.09018973667019880569 ) ) ;
#6422 =( LENGTH_UNIT ( ) NAMED_UNIT ( * ) SI_UNIT ( $, .METRE. ) );
#6423 = VECTOR ( 'NONE', #5201, 39.37007874015748143 ) ;
#6424 = CARTESIAN_POINT ( 'NONE',  ( -0.01692913385826769201, 0.006220377944235657569, 0.1048859017339656141 ) ) ;
#6425 = EDGE_CURVE ( 'NONE', #5435, #310, #1280, .T. ) ;
#6426 = COLOUR_RGB ( '',0.7921568627450980005, 0.8196078431372548767, 0.9333333333333333481 ) ;
#6427 = VECTOR ( 'NONE', #2286, 39.37007874015748854 ) ;
#6428 = ORIENTED_EDGE ( 'NONE', *, *, #1309, .T. ) ;
#6429 = VECTOR ( 'NONE', #6489, 39.37007874015748143 ) ;
#6430 = VECTOR ( 'NONE', #6185, 39.37007874015748143 ) ;
#6431 = VECTOR ( 'NONE', #1667, 39.37007874015748143 ) ;
#6432 = DIRECTION ( 'NONE',  ( -1.000000000000000000, 0.000000000000000000, 0.000000000000000000 ) ) ;
#6433 =( GEOMETRIC_REPRESENTATION_CONTEXT ( 3 ) GLOBAL_UNCERTAINTY_ASSIGNED_CONTEXT ( ( #2992 ) ) GLOBAL_UNIT_ASSIGNED_CONTEXT ( ( #2775, #2810, #5053 ) ) REPRESENTATION_CONTEXT ( 'NONE', 'WORKASPACE' ) );
#6434 = LINE ( 'NONE', #5890, #7961 ) ;
#6435 = CARTESIAN_POINT ( 'NONE',  ( 0.09242075248266307108, -8.003460918938271148E-19, -0.004527559055118113643 ) ) ;
#6436 =( LENGTH_UNIT ( ) NAMED_UNIT ( * ) SI_UNIT ( $, .METRE. ) );
#6437 = ORIENTED_EDGE ( 'NONE', *, *, #7259, .F. ) ;
#6438 = ORIENTED_EDGE ( 'NONE', *, *, #4127, .F. ) ;
#6439 = VECTOR ( 'NONE', #4559, 39.37007874015748143 ) ;
#6440 = EDGE_CURVE ( 'NONE', #5773, #6541, #1876, .T. ) ;
#6441 = LINE ( 'NONE', #977, #7795 ) ;
#6442 = DIRECTION ( 'NONE',  ( 1.626303258728254442E-14, 0.000000000000000000, -1.000000000000000000 ) ) ;
#6443 = CARTESIAN_POINT ( 'NONE',  ( 0.08503937007874018406, -0.003584687981864215830, 0.1040280696203075561 ) ) ;
#6444 = ORIENTED_EDGE ( 'NONE', *, *, #4045, .F. ) ;
#6445 = EDGE_CURVE ( 'NONE', #310, #7093, #6850, .T. ) ;
#6446 = CARTESIAN_POINT ( 'NONE',  ( 0.07795275590551181688, 0.009842519685039369942, 0.01003937007874015040 ) ) ;
#6447 = DIRECTION ( 'NONE',  ( 0.000000000000000000, -9.757819552369549372E-15, 1.000000000000000000 ) ) ;
#6448 = DIMENSIONAL_EXPONENTS ( 1.000000000000000000, 0.000000000000000000, 0.000000000000000000, 0.000000000000000000, 0.000000000000000000, 0.000000000000000000, 0.000000000000000000 ) ;
#6449 =( NAMED_UNIT ( * ) PLANE_ANGLE_UNIT ( ) SI_UNIT ( $, .RADIAN. ) );
#6450 = CARTESIAN_POINT ( 'NONE',  ( 0.07480314960629921850, 0.009842519685039369942, -0.09092820213934121876 ) ) ;
#6451 = PLANE ( 'NONE',  #7365 ) ;
#6452 = SURFACE_STYLE_USAGE ( .BOTH. , #3554 ) ;
#6453 = VERTEX_POINT ( 'NONE', #2656 ) ;
#6454 = ORIENTED_EDGE ( 'NONE', *, *, #6988, .F. ) ;
#6455 = FILL_AREA_STYLE ('',( #3061 ) ) ;
#6456 = ORIENTED_EDGE ( 'NONE', *, *, #5724, .F. ) ;
#6457 = DIRECTION ( 'NONE',  ( -1.000000000000000000, -0.000000000000000000, -0.000000000000000000 ) ) ;
#6458 = FILL_AREA_STYLE ('',( #173 ) ) ;
#6459 = DIRECTION ( 'NONE',  ( 0.000000000000000000, -0.3420201433256699342, 0.9396926207859079838 ) ) ;
#6460 = LENGTH_MEASURE_WITH_UNIT ( LENGTH_MEASURE( 0.02539999999999999897 ), #1618 );
#6461 = ORIENTED_EDGE ( 'NONE', *, *, #5710, .T. ) ;
#6462 = ADVANCED_FACE ( 'NONE', ( #619 ), #7447, .T. ) ;
#6463 = DIMENSIONAL_EXPONENTS ( 1.000000000000000000, 0.000000000000000000, 0.000000000000000000, 0.000000000000000000, 0.000000000000000000, 0.000000000000000000, 0.000000000000000000 ) ;
#6464 = CARTESIAN_POINT ( 'NONE',  ( -0.03503937007874013965, 0.01358267716535432532, 0.07982518197702757889 ) ) ;
#6465 = COLOUR_RGB ( '',0.7921568627450980005, 0.8196078431372548767, 0.9333333333333333481 ) ;
#6466 = DIRECTION ( 'NONE',  ( 1.000000000000000000, 0.000000000000000000, 0.000000000000000000 ) ) ;
#6467 = DIRECTION ( 'NONE',  ( 0.000000000000000000, -0.9396926207859079838, -0.3420201433256699342 ) ) ;
#6468 = CARTESIAN_POINT ( 'NONE',  ( 0.03503937007874018128, 0.02736220472440944324, 0.07761836027346888378 ) ) ;
#6469 = CARTESIAN_POINT ( 'NONE',  ( 0.08287401574803150706, 0.009842519685039369942, 0.01003937007874015214 ) ) ;
#6470 = DIRECTION ( 'NONE',  ( 0.000000000000000000, 0.000000000000000000, 1.000000000000000000 ) ) ;
#6471 = EDGE_LOOP ( 'NONE', ( #1843, #1143, #170, #6735 ) ) ;
#6472 = AXIS2_PLACEMENT_3D ( 'NONE', #870, #745, #4279 ) ;
#6473 = ORIENTED_EDGE ( 'NONE', *, *, #8605, .F. ) ;
#6474 = STYLED_ITEM ( 'NONE', ( #3422 ), #5371 ) ;
#6475 = ADVANCED_FACE ( 'NONE', ( #6393 ), #2952, .F. ) ;
#6476 = FILL_AREA_STYLE_COLOUR ( '', #7584 ) ;
#6477 = UNCERTAINTY_MEASURE_WITH_UNIT (LENGTH_MEASURE( 1.000000000000000082E-05 ), #4543, 'distance_accuracy_value', 'NONE');
#6478 = DIRECTION ( 'NONE',  ( 0.000000000000000000, 1.000000000000000000, 0.000000000000000000 ) ) ;
#6479 = DIRECTION ( 'NONE',  ( -1.000000000000000000, 0.000000000000000000, -0.000000000000000000 ) ) ;
#6481 = SURFACE_SIDE_STYLE ('',( #2191 ) ) ;
#6480 = STYLED_ITEM ( 'NONE', ( #2922 ), #4616 ) ;
#6482 = VECTOR ( 'NONE', #340, 39.37007874015748143 ) ;
#6483 = SURFACE_SIDE_STYLE ('',( #196 ) ) ;
#6484 = ORIENTED_EDGE ( 'NONE', *, *, #2918, .T. ) ;
#6485 = EDGE_CURVE ( 'NONE', #8548, #5780, #5754, .T. ) ;
#6486 = DIMENSIONAL_EXPONENTS ( 1.000000000000000000, 0.000000000000000000, 0.000000000000000000, 0.000000000000000000, 0.000000000000000000, 0.000000000000000000, 0.000000000000000000 ) ;
#6487 = CARTESIAN_POINT ( 'NONE',  ( -0.07480314960629920462, 0.04488188976377952694, 0.06515748031496061687 ) ) ;
#6488 = AXIS2_PLACEMENT_3D ( 'NONE', #2809, #2058, #11 ) ;
#6489 = DIRECTION ( 'NONE',  ( -0.000000000000000000, 0.9762960071199346945, -0.2164396139380967699 ) ) ;
#6490 = FACE_OUTER_BOUND ( 'NONE', #4138, .T. ) ;
#6491 = SURFACE_STYLE_FILL_AREA ( #5815 ) ;
#6492 = ORIENTED_EDGE ( 'NONE', *, *, #8314, .F. ) ;
#6493 = STYLED_ITEM ( 'NONE', ( #586 ), #5039 ) ;
#6494 = ORIENTED_EDGE ( 'NONE', *, *, #6445, .F. ) ;
#6495 = PLANE ( 'NONE',  #1471 ) ;
#6496 = EDGE_CURVE ( 'NONE', #3457, #5903, #4931, .T. ) ;
#6497 = ORIENTED_EDGE ( 'NONE', *, *, #7497, .F. ) ;
#6498 =( LENGTH_UNIT ( ) NAMED_UNIT ( * ) SI_UNIT ( $, .METRE. ) );
#6499 = CARTESIAN_POINT ( 'NONE',  ( -0.09027830658147507903, 0.04488188976377952694, 0.07292397481552205518 ) ) ;
#6500 = DIRECTION ( 'NONE',  ( -1.000000000000000000, 0.000000000000000000, -0.000000000000000000 ) ) ;
#6501 = STYLED_ITEM ( 'NONE', ( #649 ), #7490 ) ;
#6502 = ORIENTED_EDGE ( 'NONE', *, *, #8656, .T. ) ;
#6503 =( GEOMETRIC_REPRESENTATION_CONTEXT ( 3 ) GLOBAL_UNCERTAINTY_ASSIGNED_CONTEXT ( ( #8809 ) ) GLOBAL_UNIT_ASSIGNED_CONTEXT ( ( #7902, #5778, #1708 ) ) REPRESENTATION_CONTEXT ( 'NONE', 'WORKASPACE' ) );
#6504 = SURFACE_STYLE_USAGE ( .BOTH. , #760 ) ;
#6505 = DIRECTION ( 'NONE',  ( 0.5000000000000012212, -0.000000000000000000, 0.8660254037844379305 ) ) ;
#6506 =( NAMED_UNIT ( * ) PLANE_ANGLE_UNIT ( ) SI_UNIT ( $, .RADIAN. ) );
#6507 = FACE_OUTER_BOUND ( 'NONE', #6512, .T. ) ;
#6508 = VECTOR ( 'NONE', #6354, 39.37007874015748143 ) ;
#6509 = PLANE ( 'NONE',  #5705 ) ;
#6510 = CARTESIAN_POINT ( 'NONE',  ( -0.07480314960629921850, 0.2556786355646874509, -0.09092820213934121876 ) ) ;
#6511 = ORIENTED_EDGE ( 'NONE', *, *, #3326, .F. ) ;
#6512 = EDGE_LOOP ( 'NONE', ( #7638, #8922, #250, #8266 ) ) ;
#6513 =( GEOMETRIC_REPRESENTATION_CONTEXT ( 3 ) GLOBAL_UNCERTAINTY_ASSIGNED_CONTEXT ( ( #3813 ) ) GLOBAL_UNIT_ASSIGNED_CONTEXT ( ( #6895, #19, #8522 ) ) REPRESENTATION_CONTEXT ( 'NONE', 'WORKASPACE' ) );
#6514 = PRESENTATION_STYLE_ASSIGNMENT (( #273 ) ) ;
#6515 =( NAMED_UNIT ( * ) SI_UNIT ( $, .STERADIAN. ) SOLID_ANGLE_UNIT ( ) );
#6516 = FILL_AREA_STYLE_COLOUR ( '', #6275 ) ;
#6517 = DIMENSIONAL_EXPONENTS ( 1.000000000000000000, 0.000000000000000000, 0.000000000000000000, 0.000000000000000000, 0.000000000000000000, 0.000000000000000000, 0.000000000000000000 ) ;
#6518 = FILL_AREA_STYLE ('',( #5716 ) ) ;
#6519 = VERTEX_POINT ( 'NONE', #194 ) ;
#6520 = ADVANCED_FACE ( 'NONE', ( #5057 ), #2095, .F. ) ;
#6521 = CARTESIAN_POINT ( 'NONE',  ( 0.09645669291338582196, 0.000000000000000000, -0.01003937007874015908 ) ) ;
#6522 = SURFACE_SIDE_STYLE ('',( #3550 ) ) ;
#6523 = LINE ( 'NONE', #7837, #6064 ) ;
#6524 = CARTESIAN_POINT ( 'NONE',  ( 0.07795275590551181688, 0.000000000000000000, 0.01909448818897638636 ) ) ;
#6525 = CARTESIAN_POINT ( 'NONE',  ( 0.09783464566929132855, 0.009842519685039369942, 0.004527559055118105837 ) ) ;
#6526 = DIRECTION ( 'NONE',  ( -1.000000000000000000, -0.000000000000000000, -0.000000000000000000 ) ) ;
#6527 =( LENGTH_UNIT ( ) NAMED_UNIT ( * ) SI_UNIT ( $, .METRE. ) );
#6528 = ORIENTED_EDGE ( 'NONE', *, *, #1954, .F. ) ;
#6529 = ORIENTED_EDGE ( 'NONE', *, *, #8194, .T. ) ;
#6530 = SURFACE_STYLE_FILL_AREA ( #8853 ) ;
#6531 = VECTOR ( 'NONE', #4021, 39.37007874015748143 ) ;
#6532 = ORIENTED_EDGE ( 'NONE', *, *, #6820, .T. ) ;
#6533 = DIRECTION ( 'NONE',  ( 0.000000000000000000, -0.000000000000000000, -1.000000000000000000 ) ) ;
#6534 = DIRECTION ( 'NONE',  ( -1.000000000000000000, -0.000000000000000000, -0.000000000000000000 ) ) ;
#6535 = DIMENSIONAL_EXPONENTS ( 1.000000000000000000, 0.000000000000000000, 0.000000000000000000, 0.000000000000000000, 0.000000000000000000, 0.000000000000000000, 0.000000000000000000 ) ;
#6536 = EDGE_CURVE ( 'NONE', #5977, #2968, #7389, .T. ) ;
#6537 =( CONVERSION_BASED_UNIT ( 'INCH', #3611 ) LENGTH_UNIT ( ) NAMED_UNIT ( #3703 ) );
#6538 = CIRCLE ( 'NONE', #5552, 0.005905511811023620231 ) ;
#6539 = ORIENTED_EDGE ( 'NONE', *, *, #3368, .T. ) ;
#6540 = DIMENSIONAL_EXPONENTS ( 1.000000000000000000, 0.000000000000000000, 0.000000000000000000, 0.000000000000000000, 0.000000000000000000, 0.000000000000000000, 0.000000000000000000 ) ;
#6541 = VERTEX_POINT ( 'NONE', #6610 ) ;
#6542 = VECTOR ( 'NONE', #4966, 39.37007874015748143 ) ;
#6543 = EDGE_CURVE ( 'NONE', #1269, #3188, #1730, .T. ) ;
#6544 = STYLED_ITEM ( 'NONE', ( #4610 ), #2208 ) ;
#6545 = ORIENTED_EDGE ( 'NONE', *, *, #7358, .T. ) ;
#6546 =( NAMED_UNIT ( * ) SI_UNIT ( $, .STERADIAN. ) SOLID_ANGLE_UNIT ( ) );
#6547 = AXIS2_PLACEMENT_3D ( 'NONE', #2138, #3510, #2268 ) ;
#6548 = ADVANCED_FACE ( 'NONE', ( #6660, #2399 ), #1816, .F. ) ;
#6549 =( GEOMETRIC_REPRESENTATION_CONTEXT ( 3 ) GLOBAL_UNCERTAINTY_ASSIGNED_CONTEXT ( ( #6227 ) ) GLOBAL_UNIT_ASSIGNED_CONTEXT ( ( #6590, #2374, #6635 ) ) REPRESENTATION_CONTEXT ( 'NONE', 'WORKASPACE' ) );
#6550 = FACE_OUTER_BOUND ( 'NONE', #5126, .T. ) ;
#6551 = CARTESIAN_POINT ( 'NONE',  ( -0.07795275590551181688, 0.000000000000000000, 0.01909448818897638636 ) ) ;
#6552 =( GEOMETRIC_REPRESENTATION_CONTEXT ( 3 ) GLOBAL_UNCERTAINTY_ASSIGNED_CONTEXT ( ( #423 ) ) GLOBAL_UNIT_ASSIGNED_CONTEXT ( ( #1050, #6626, #3149 ) ) REPRESENTATION_CONTEXT ( 'NONE', 'WORKASPACE' ) );
#6553 = SURFACE_STYLE_FILL_AREA ( #2944 ) ;
#6554 = VECTOR ( 'NONE', #6772, 39.37007874015748143 ) ;
#6555 =( CONVERSION_BASED_UNIT ( 'INCH', #8018 ) LENGTH_UNIT ( ) NAMED_UNIT ( #6535 ) );
#6556 = MECHANICAL_DESIGN_GEOMETRIC_PRESENTATION_REPRESENTATION (  '', ( #862 ), #4820 ) ;
#6557 = EDGE_LOOP ( 'NONE', ( #7476, #7111, #2293, #7667 ) ) ;
#6558 = PRESENTATION_LAYER_ASSIGNMENT (  '', '', ( #1610 ) ) ;
#6559 = STYLED_ITEM ( 'NONE', ( #3304 ), #1687 ) ;
#6560 = UNCERTAINTY_MEASURE_WITH_UNIT (LENGTH_MEASURE( 1.000000000000000082E-05 ), #7676, 'distance_accuracy_value', 'NONE');
#6561 = EDGE_LOOP ( 'NONE', ( #6, #2493, #7936, #1866 ) ) ;
#6562 = STYLED_ITEM ( 'NONE', ( #4170 ), #30 ) ;
#6563 = DIRECTION ( 'NONE',  ( -0.000000000000000000, 0.000000000000000000, -1.000000000000000000 ) ) ;
#6564 = PRESENTATION_LAYER_ASSIGNMENT (  '', '', ( #5436 ) ) ;
#6565 = PRESENTATION_LAYER_ASSIGNMENT (  '', '', ( #4515 ) ) ;
#6566 = DIRECTION ( 'NONE',  ( 1.000000000000000000, 0.000000000000000000, 0.000000000000000000 ) ) ;
#6567 = FACE_OUTER_BOUND ( 'NONE', #3469, .T. ) ;
#6568 = SURFACE_SIDE_STYLE ('',( #980 ) ) ;
#6569 = CARTESIAN_POINT ( 'NONE',  ( -0.01496062992125982496, 0.02653119753051446511, 0.08453805796773562753 ) ) ;
#6570 = EDGE_LOOP ( 'NONE', ( #2394, #1374, #2025, #437 ) ) ;
#6571 = DIRECTION ( 'NONE',  ( 0.000000000000000000, 0.7521705405901403241, -0.6589684953534089562 ) ) ;
#6572 = DIRECTION ( 'NONE',  ( 0.000000000000000000, 0.7521705405901403241, -0.6589684953534089562 ) ) ;
#6573 = MECHANICAL_DESIGN_GEOMETRIC_PRESENTATION_REPRESENTATION (  '', ( #5436 ), #7571 ) ;
#6574 =( GEOMETRIC_REPRESENTATION_CONTEXT ( 3 ) GLOBAL_UNCERTAINTY_ASSIGNED_CONTEXT ( ( #7622 ) ) GLOBAL_UNIT_ASSIGNED_CONTEXT ( ( #4410, #5729, #7896 ) ) REPRESENTATION_CONTEXT ( 'NONE', 'WORKASPACE' ) );
#6575 = DIMENSIONAL_EXPONENTS ( 1.000000000000000000, 0.000000000000000000, 0.000000000000000000, 0.000000000000000000, 0.000000000000000000, 0.000000000000000000, 0.000000000000000000 ) ;
#6576 = EDGE_CURVE ( 'NONE', #8114, #2705, #1679, .T. ) ;
#6577 = CARTESIAN_POINT ( 'NONE',  ( -0.01496062992125982496, 0.02266295170762570171, 0.09018973667019880569 ) ) ;
#6578 = FILL_AREA_STYLE_COLOUR ( '', #7008 ) ;
#6579 = DIRECTION ( 'NONE',  ( 0.000000000000000000, -0.9659258262890679791, 0.2588190451025212391 ) ) ;
#6580 = EDGE_CURVE ( 'NONE', #5392, #2142, #1082, .T. ) ;
#6581 = LINE ( 'NONE', #244, #2412 ) ;
#6582 =( CONVERSION_BASED_UNIT ( 'INCH', #4555 ) LENGTH_UNIT ( ) NAMED_UNIT ( #3853 ) );
#6583 = DIRECTION ( 'NONE',  ( -0.000000000000000000, 0.000000000000000000, -1.000000000000000000 ) ) ;
#6584 = VERTEX_POINT ( 'NONE', #4545 ) ;
#6585 = VERTEX_POINT ( 'NONE', #7341 ) ;
#6586 = CARTESIAN_POINT ( 'NONE',  ( -0.08287401574803150706, 0.000000000000000000, 0.01003937007874015040 ) ) ;
#6587 = DIRECTION ( 'NONE',  ( 0.000000000000000000, -0.3420201433256699342, 0.9396926207859079838 ) ) ;
#6588 = CARTESIAN_POINT ( 'NONE',  ( -0.05413385826771653642, 0.2556786355646874509, -0.1072834645669291237 ) ) ;
#6589 = CARTESIAN_POINT ( 'NONE',  ( -0.07480314960629920462, 0.04488188976377952694, 0.05925196850393700532 ) ) ;
#6590 =( CONVERSION_BASED_UNIT ( 'INCH', #1562 ) LENGTH_UNIT ( ) NAMED_UNIT ( #5658 ) );
#6591 = DIRECTION ( 'NONE',  ( 0.000000000000000000, 0.000000000000000000, -1.000000000000000000 ) ) ;
#6592 = ORIENTED_EDGE ( 'NONE', *, *, #1188, .T. ) ;
#6593 =( NAMED_UNIT ( * ) SI_UNIT ( $, .STERADIAN. ) SOLID_ANGLE_UNIT ( ) );
#6594 = EDGE_LOOP ( 'NONE', ( #3732, #3190, #8192, #5390, #8715, #8267, #6928, #2065 ) ) ;
#6595 = VERTEX_POINT ( 'NONE', #936 ) ;
#6596 = ADVANCED_FACE ( 'NONE', ( #6567 ), #978, .F. ) ;
#6597 = FACE_OUTER_BOUND ( 'NONE', #8181, .T. ) ;
#6598 = FACE_OUTER_BOUND ( 'NONE', #1376, .T. ) ;
#6599 = LINE ( 'NONE', #5886, #8577 ) ;
#6600 = DIRECTION ( 'NONE',  ( 0.000000000000000000, 0.000000000000000000, 1.000000000000000000 ) ) ;
#6601 = CARTESIAN_POINT ( 'NONE',  ( -0.03503937007874013965, 0.01358267716535432532, 0.07982518197702757889 ) ) ;
#6602 = DIMENSIONAL_EXPONENTS ( 1.000000000000000000, 0.000000000000000000, 0.000000000000000000, 0.000000000000000000, 0.000000000000000000, 0.000000000000000000, 0.000000000000000000 ) ;
#6603 = CARTESIAN_POINT ( 'NONE',  ( 0.05413385826771653642, 0.009842519685039369942, -0.001377952755905514828 ) ) ;
#6604 = ORIENTED_EDGE ( 'NONE', *, *, #4398, .T. ) ;
#6605 = DIMENSIONAL_EXPONENTS ( 1.000000000000000000, 0.000000000000000000, 0.000000000000000000, 0.000000000000000000, 0.000000000000000000, 0.000000000000000000, 0.000000000000000000 ) ;
#6606 = UNCERTAINTY_MEASURE_WITH_UNIT (LENGTH_MEASURE( 1.000000000000000082E-05 ), #1962, 'distance_accuracy_value', 'NONE');
#6607 = VECTOR ( 'NONE', #5988, 39.37007874015748143 ) ;
#6608 = DIRECTION ( 'NONE',  ( 0.000000000000000000, 1.000000000000000000, 0.000000000000000000 ) ) ;
#6609 = DIRECTION ( 'NONE',  ( -0.000000000000000000, 0.2164396139380967699, 0.9762960071199346945 ) ) ;
#6610 = CARTESIAN_POINT ( 'NONE',  ( -0.09242075248266309884, -8.003460918938271148E-19, -0.004527559055118109306 ) ) ;
#6611 = SURFACE_SIDE_STYLE ('',( #2648 ) ) ;
#6612 = ORIENTED_EDGE ( 'NONE', *, *, #7809, .T. ) ;
#6613 = CARTESIAN_POINT ( 'NONE',  ( 0.01692913385826774753, 0.01822099969626658419, 0.09408128290260084348 ) ) ;
#6614 = EDGE_LOOP ( 'NONE', ( #3632, #621, #681, #7960 ) ) ;
#6615 = VECTOR ( 'NONE', #7718, 39.37007874015748143 ) ;
#6616 = PRESENTATION_STYLE_ASSIGNMENT (( #1042 ) ) ;
#6617 =( CONVERSION_BASED_UNIT ( 'INCH', #4696 ) LENGTH_UNIT ( ) NAMED_UNIT ( #5145 ) );
#6618 = FACE_OUTER_BOUND ( 'NONE', #1356, .T. ) ;
#6619 = CARTESIAN_POINT ( 'NONE',  ( 0.08287401574803150706, 0.009842519685039369942, -0.01003937007874015908 ) ) ;
#6620 = FILL_AREA_STYLE ('',( #8677 ) ) ;
#6621 = VECTOR ( 'NONE', #8226, 39.37007874015748854 ) ;
#6622 = CARTESIAN_POINT ( 'NONE',  ( 0.01496062992125986486, 0.01173508930892991006, 0.08667802955033566958 ) ) ;
#6624 = VECTOR ( 'NONE', #3105, 39.37007874015748143 ) ;
#6623 = LENGTH_MEASURE_WITH_UNIT ( LENGTH_MEASURE( 0.02539999999999999897 ), #2455 );
#6625 =( LENGTH_UNIT ( ) NAMED_UNIT ( * ) SI_UNIT ( $, .METRE. ) );
#6626 =( NAMED_UNIT ( * ) PLANE_ANGLE_UNIT ( ) SI_UNIT ( $, .RADIAN. ) );
#6627 = ORIENTED_EDGE ( 'NONE', *, *, #7238, .T. ) ;
#6628 = ORIENTED_EDGE ( 'NONE', *, *, #2832, .F. ) ;
#6629 = COLOUR_RGB ( '',0.7921568627450980005, 0.8196078431372548767, 0.9333333333333333481 ) ;
#6630 =( GEOMETRIC_REPRESENTATION_CONTEXT ( 3 ) GLOBAL_UNCERTAINTY_ASSIGNED_CONTEXT ( ( #1418 ) ) GLOBAL_UNIT_ASSIGNED_CONTEXT ( ( #6617, #429, #3192 ) ) REPRESENTATION_CONTEXT ( 'NONE', 'WORKASPACE' ) );
#6631 =( LENGTH_UNIT ( ) NAMED_UNIT ( * ) SI_UNIT ( $, .METRE. ) );
#6632 = CARTESIAN_POINT ( 'NONE',  ( 0.05413385826771653642, 0.000000000000000000, -0.1072834645669291237 ) ) ;
#6633 = DIMENSIONAL_EXPONENTS ( 1.000000000000000000, 0.000000000000000000, 0.000000000000000000, 0.000000000000000000, 0.000000000000000000, 0.000000000000000000, 0.000000000000000000 ) ;
#6634 = SURFACE_STYLE_USAGE ( .BOTH. , #7220 ) ;
#6635 =( NAMED_UNIT ( * ) SI_UNIT ( $, .STERADIAN. ) SOLID_ANGLE_UNIT ( ) );
#6636 = MECHANICAL_DESIGN_GEOMETRIC_PRESENTATION_REPRESENTATION (  '', ( #5923 ), #6349 ) ;
#6637 =( GEOMETRIC_REPRESENTATION_CONTEXT ( 3 ) GLOBAL_UNCERTAINTY_ASSIGNED_CONTEXT ( ( #3386 ) ) GLOBAL_UNIT_ASSIGNED_CONTEXT ( ( #7663, #6280, #2149 ) ) REPRESENTATION_CONTEXT ( 'NONE', 'WORKASPACE' ) );
#6638 = DIRECTION ( 'NONE',  ( 0.000000000000000000, 0.000000000000000000, 1.000000000000000000 ) ) ;
#6639 = VERTEX_POINT ( 'NONE', #2594 ) ;
#6640 = CARTESIAN_POINT ( 'NONE',  ( -0.01692913385826769201, 0.01173508930892991180, 0.08667802955033566958 ) ) ;
#6641 = EDGE_LOOP ( 'NONE', ( #629, #2288, #8812, #3592 ) ) ;
#6642 = EDGE_CURVE ( 'NONE', #1524, #638, #3953, .T. ) ;
#6643 = ORIENTED_EDGE ( 'NONE', *, *, #6094, .T. ) ;
#6644 = LINE ( 'NONE', #7951, #7775 ) ;
#6645 = LINE ( 'NONE', #5237, #4483 ) ;
#6646 = CARTESIAN_POINT ( 'NONE',  ( 0.07795275590551181688, 5.335640612625514099E-19, -0.09092820213934121876 ) ) ;
#6647 =( CONVERSION_BASED_UNIT ( 'INCH', #4536 ) LENGTH_UNIT ( ) NAMED_UNIT ( #40 ) );
#6648 = CARTESIAN_POINT ( 'NONE',  ( 0.08287401574803150706, 0.009842519685039369942, -0.01003937007874015908 ) ) ;
#6649 = VECTOR ( 'NONE', #7681, 39.37007874015748143 ) ;
#6650 =( LENGTH_UNIT ( ) NAMED_UNIT ( * ) SI_UNIT ( $, .METRE. ) );
#6651 = LENGTH_MEASURE_WITH_UNIT ( LENGTH_MEASURE( 0.02539999999999999897 ), #3322 );
#6652 = CARTESIAN_POINT ( 'NONE',  ( -0.09242075248266307108, 0.000000000000000000, 0.004527559055118104969 ) ) ;
#6653 = VERTEX_POINT ( 'NONE', #3330 ) ;
#6654 = UNCERTAINTY_MEASURE_WITH_UNIT (LENGTH_MEASURE( 1.000000000000000082E-05 ), #7965, 'distance_accuracy_value', 'NONE');
#6655 =( NAMED_UNIT ( * ) PLANE_ANGLE_UNIT ( ) SI_UNIT ( $, .RADIAN. ) );
#6656 = CIRCLE ( 'NONE', #2712, 0.003937007874015758385 ) ;
#6657 = DIRECTION ( 'NONE',  ( -1.000000000000000000, -0.000000000000000000, -0.000000000000000000 ) ) ;
#6658 = AXIS2_PLACEMENT_3D ( 'NONE', #1468, #698, #5637 ) ;
#6659 = DIRECTION ( 'NONE',  ( -0.000000000000000000, 1.000000000000000000, -0.000000000000000000 ) ) ;
#6660 = FACE_OUTER_BOUND ( 'NONE', #5605, .T. ) ;
#6661 = ORIENTED_EDGE ( 'NONE', *, *, #4793, .F. ) ;
#6662 = DIRECTION ( 'NONE',  ( -0.000000000000000000, -1.000000000000000000, -0.000000000000000000 ) ) ;
#6663 = ORIENTED_EDGE ( 'NONE', *, *, #7992, .F. ) ;
#6664 = EDGE_CURVE ( 'NONE', #6966, #818, #1227, .T. ) ;
#6665 = LENGTH_MEASURE_WITH_UNIT ( LENGTH_MEASURE( 0.02539999999999999897 ), #3002 );
#6666 = FILL_AREA_STYLE ('',( #7253 ) ) ;
#6667 = DIRECTION ( 'NONE',  ( -1.000000000000000000, -0.000000000000000000, -0.000000000000000000 ) ) ;
#6668 = DIMENSIONAL_EXPONENTS ( 1.000000000000000000, 0.000000000000000000, 0.000000000000000000, 0.000000000000000000, 0.000000000000000000, 0.000000000000000000, 0.000000000000000000 ) ;
#6669 =( NAMED_UNIT ( * ) SI_UNIT ( $, .STERADIAN. ) SOLID_ANGLE_UNIT ( ) );
#6670 = PRESENTATION_LAYER_ASSIGNMENT (  '', '', ( #125 ) ) ;
#6671 = EDGE_CURVE ( 'NONE', #8943, #2368, #8449, .T. ) ;
#6672 = LENGTH_MEASURE_WITH_UNIT ( LENGTH_MEASURE( 0.02539999999999999897 ), #6191 );
#6673 = ORIENTED_EDGE ( 'NONE', *, *, #7526, .T. ) ;
#6674 = VERTEX_POINT ( 'NONE', #1127 ) ;
#6675 = PLANE ( 'NONE',  #5709 ) ;
#6676 = SURFACE_STYLE_FILL_AREA ( #3064 ) ;
#6677 = FILL_AREA_STYLE_COLOUR ( '', #2760 ) ;
#6678 = CARTESIAN_POINT ( 'NONE',  ( 0.01496062992125986486, 0.01728225441254295155, 0.08117171797437273961 ) ) ;
#6679 = CARTESIAN_POINT ( 'NONE',  ( 0.09645669291338582196, 0.02244094488188976347, 0.07893700787401573826 ) ) ;
#6680 = ORIENTED_EDGE ( 'NONE', *, *, #7521, .T. ) ;
#6681 = LINE ( 'NONE', #2476, #279 ) ;
#6682 = EDGE_LOOP ( 'NONE', ( #465, #5379, #4763, #1979, #8817, #4107, #7846, #3206 ) ) ;
#6683 = EDGE_LOOP ( 'NONE', ( #2607, #1251, #3059, #1480 ) ) ;
#6684 = FILL_AREA_STYLE ('',( #4618 ) ) ;
#6685 = EDGE_CURVE ( 'NONE', #6378, #1538, #6755, .T. ) ;
#6686 = AXIS2_PLACEMENT_3D ( 'NONE', #3391, #2706, #8329 ) ;
#6687 = CARTESIAN_POINT ( 'NONE',  ( -0.06496062992125982427, 0.01751968503937008370, 0.07982518197702757889 ) ) ;
#6688 = FILL_AREA_STYLE ('',( #8365 ) ) ;
#6689 = EDGE_CURVE ( 'NONE', #1659, #6992, #6132, .T. ) ;
#6690 =( NAMED_UNIT ( * ) SI_UNIT ( $, .STERADIAN. ) SOLID_ANGLE_UNIT ( ) );
#6691 = LINE ( 'NONE', #3272, #7081 ) ;
#6692 = STYLED_ITEM ( 'NONE', ( #1553 ), #6267 ) ;
#6693 =( LENGTH_UNIT ( ) NAMED_UNIT ( * ) SI_UNIT ( $, .METRE. ) );
#6694 = DIMENSIONAL_EXPONENTS ( 1.000000000000000000, 0.000000000000000000, 0.000000000000000000, 0.000000000000000000, 0.000000000000000000, 0.000000000000000000, 0.000000000000000000 ) ;
#6695 = DIRECTION ( 'NONE',  ( -0.1736481776669320243, 0.9848077530122076872, 0.000000000000000000 ) ) ;
#6696 = FILL_AREA_STYLE ('',( #6787 ) ) ;
#6697 = PRESENTATION_STYLE_ASSIGNMENT (( #3126 ) ) ;
#6698 = ORIENTED_EDGE ( 'NONE', *, *, #2083, .F. ) ;
#6699 = COLOUR_RGB ( '',0.7921568627450980005, 0.8196078431372548767, 0.9333333333333333481 ) ;
#6700 = EDGE_LOOP ( 'NONE', ( #8871, #5674, #4558, #5567 ) ) ;
#6701 = MECHANICAL_DESIGN_GEOMETRIC_PRESENTATION_REPRESENTATION (  '', ( #2752 ), #5084 ) ;
#6702 = UNCERTAINTY_MEASURE_WITH_UNIT (LENGTH_MEASURE( 1.000000000000000082E-05 ), #7614, 'distance_accuracy_value', 'NONE');
#6703 = AXIS2_PLACEMENT_3D ( 'NONE', #5722, #1415, #4225 ) ;
#6704 = VECTOR ( 'NONE', #4998, 39.37007874015748854 ) ;
#6705 = VECTOR ( 'NONE', #3467, 39.37007874015748143 ) ;
#6706 = PLANE ( 'NONE',  #3195 ) ;
#6707 = ORIENTED_EDGE ( 'NONE', *, *, #2012, .F. ) ;
#6708 = UNCERTAINTY_MEASURE_WITH_UNIT (LENGTH_MEASURE( 1.000000000000000082E-05 ), #8868, 'distance_accuracy_value', 'NONE');
#6709 = LINE ( 'NONE', #8116, #8843 ) ;
#6710 = VECTOR ( 'NONE', #8761, 39.37007874015748143 ) ;
#6711 = ORIENTED_EDGE ( 'NONE', *, *, #4162, .T. ) ;
#6712 = VECTOR ( 'NONE', #8815, 39.37007874015748143 ) ;
#6713 = DIRECTION ( 'NONE',  ( 0.000000000000000000, -2.168404344971050204E-14, 1.000000000000000000 ) ) ;
#6714 = MECHANICAL_DESIGN_GEOMETRIC_PRESENTATION_REPRESENTATION (  '', ( #3493 ), #4503 ) ;
#6715 =( GEOMETRIC_REPRESENTATION_CONTEXT ( 3 ) GLOBAL_UNCERTAINTY_ASSIGNED_CONTEXT ( ( #8219 ) ) GLOBAL_UNIT_ASSIGNED_CONTEXT ( ( #5373, #8088, #7360 ) ) REPRESENTATION_CONTEXT ( 'NONE', 'WORKASPACE' ) );
#6716 = CARTESIAN_POINT ( 'NONE',  ( 0.09173228346456695215, -4.553079989440438697E-17, -0.1210629921259842590 ) ) ;
#6717 = PRESENTATION_LAYER_ASSIGNMENT (  '', '', ( #2629 ) ) ;
#6718 = VECTOR ( 'NONE', #2129, 39.37007874015748854 ) ;
#6719 = EDGE_CURVE ( 'NONE', #8671, #3112, #5397, .T. ) ;
#6720 = SURFACE_SIDE_STYLE ('',( #287 ) ) ;
#6721 = DIRECTION ( 'NONE',  ( 0.000000000000000000, 0.000000000000000000, 1.000000000000000000 ) ) ;
#6722 = SURFACE_SIDE_STYLE ('',( #8631 ) ) ;
#6723 = EDGE_CURVE ( 'NONE', #1697, #5821, #4926, .T. ) ;
#6724 = STYLED_ITEM ( 'NONE', ( #4749 ), #3606 ) ;
#6725 = EDGE_LOOP ( 'NONE', ( #7928, #8055, #3872, #7876, #2542, #2402, #6663, #1159 ) ) ;
#6726 = EDGE_LOOP ( 'NONE', ( #5520, #2660, #3560, #4914 ) ) ;
#6727 = CARTESIAN_POINT ( 'NONE',  ( 0.07795275590551181688, 0.009842519685039369942, -0.01003937007874015908 ) ) ;
#6728 = DIRECTION ( 'NONE',  ( -0.000000000000000000, 0.000000000000000000, 1.000000000000000000 ) ) ;
#6729 = FACE_OUTER_BOUND ( 'NONE', #8098, .T. ) ;
#6730 = AXIS2_PLACEMENT_3D ( 'NONE', #9002, #6155, #2014 ) ;
#6731 = CARTESIAN_POINT ( 'NONE',  ( 0.09645669291338582196, 4.268512490100411279E-18, 0.07677619065068530535 ) ) ;
#6732 = LENGTH_MEASURE_WITH_UNIT ( LENGTH_MEASURE( 0.02539999999999999897 ), #4712 );
#6733 = ADVANCED_FACE ( 'NONE', ( #3409 ), #687, .T. ) ;
#6734 = DIRECTION ( 'NONE',  ( -0.000000000000000000, 1.000000000000000000, -0.000000000000000000 ) ) ;
#6735 = ORIENTED_EDGE ( 'NONE', *, *, #1582, .F. ) ;
#6736 = SURFACE_STYLE_USAGE ( .BOTH. , #1104 ) ;
#6737 = ORIENTED_EDGE ( 'NONE', *, *, #3849, .F. ) ;
#6738 = ORIENTED_EDGE ( 'NONE', *, *, #3883, .F. ) ;
#6739 = DIRECTION ( 'NONE',  ( 1.000000000000000000, 0.000000000000000000, 0.000000000000000000 ) ) ;
#6740 = CARTESIAN_POINT ( 'NONE',  ( 0.05413385826771653642, 0.2556786355646874509, -0.07578740157480313988 ) ) ;
#6741 = LENGTH_MEASURE_WITH_UNIT ( LENGTH_MEASURE( 0.02539999999999999897 ), #4061 );
#6742 = DIRECTION ( 'NONE',  ( 0.000000000000000000, -3.562378566738089716E-15, 1.000000000000000000 ) ) ;
#6743 = CARTESIAN_POINT ( 'NONE',  ( 0.08503937007874018406, 0.004805065926099859851, 0.1210629921259844255 ) ) ;
#6744 = PLANE ( 'NONE',  #5820 ) ;
#6745 = ADVANCED_FACE ( 'NONE', ( #3336 ), #5460, .F. ) ;
#6746 = SURFACE_STYLE_USAGE ( .BOTH. , #4022 ) ;
#6747 = CARTESIAN_POINT ( 'NONE',  ( 0.01692913385826774753, 0.02736220472440944324, 0.07761836027346888378 ) ) ;
#6748 = ORIENTED_EDGE ( 'NONE', *, *, #4767, .F. ) ;
#6749 = SURFACE_SIDE_STYLE ('',( #5301 ) ) ;
#6750 = ORIENTED_EDGE ( 'NONE', *, *, #6719, .T. ) ;
#6751 =( LENGTH_UNIT ( ) NAMED_UNIT ( * ) SI_UNIT ( $, .METRE. ) );
#6752 =( CONVERSION_BASED_UNIT ( 'INCH', #6129 ) LENGTH_UNIT ( ) NAMED_UNIT ( #331 ) );
#6753 = ORIENTED_EDGE ( 'NONE', *, *, #6543, .T. ) ;
#6754 = SURFACE_SIDE_STYLE ('',( #5997 ) ) ;
#6755 = LINE ( 'NONE', #557, #6712 ) ;
#6756 = DIRECTION ( 'NONE',  ( 0.000000000000000000, -0.000000000000000000, 1.000000000000000000 ) ) ;
#6757 = ORIENTED_EDGE ( 'NONE', *, *, #5351, .T. ) ;
#6758 = LINE ( 'NONE', #6613, #3219 ) ;
#6759 = CARTESIAN_POINT ( 'NONE',  ( 0.03307086614173231076, 0.006220377944235657569, 0.1048859017339656141 ) ) ;
#6760 = EDGE_CURVE ( 'NONE', #4972, #2431, #13, .T. ) ;
#6761 =( LENGTH_UNIT ( ) NAMED_UNIT ( * ) SI_UNIT ( $, .METRE. ) );
#6762 = PLANE ( 'NONE',  #6012 ) ;
#6763 = CARTESIAN_POINT ( 'NONE',  ( -0.07795275590551181688, 0.000000000000000000, 0.07677619065068530535 ) ) ;
#6764 = CARTESIAN_POINT ( 'NONE',  ( 0.09173228346456695215, -1.365923996832131609E-16, -0.1210629921259842590 ) ) ;
#6765 = MECHANICAL_DESIGN_GEOMETRIC_PRESENTATION_REPRESENTATION (  '', ( #6332 ), #71 ) ;
#6766 = EDGE_CURVE ( 'NONE', #6584, #7069, #7651, .T. ) ;
#6767 = ORIENTED_EDGE ( 'NONE', *, *, #2997, .T. ) ;
#6768 = ORIENTED_EDGE ( 'NONE', *, *, #2657, .T. ) ;
#6769 = DIRECTION ( 'NONE',  ( 0.000000000000000000, -0.08715574274765877649, 0.9961946980917454342 ) ) ;
#6770 = UNCERTAINTY_MEASURE_WITH_UNIT (LENGTH_MEASURE( 1.000000000000000082E-05 ), #4496, 'distance_accuracy_value', 'NONE');
#6771 =( GEOMETRIC_REPRESENTATION_CONTEXT ( 3 ) GLOBAL_UNCERTAINTY_ASSIGNED_CONTEXT ( ( #780 ) ) GLOBAL_UNIT_ASSIGNED_CONTEXT ( ( #8638, #3212, #2369 ) ) REPRESENTATION_CONTEXT ( 'NONE', 'WORKASPACE' ) );
#6772 = DIRECTION ( 'NONE',  ( -0.000000000000000000, -1.000000000000000000, -0.000000000000000000 ) ) ;
#6773 =( NAMED_UNIT ( * ) SI_UNIT ( $, .STERADIAN. ) SOLID_ANGLE_UNIT ( ) );
#6774 = DIRECTION ( 'NONE',  ( -0.000000000000000000, 0.000000000000000000, -1.000000000000000000 ) ) ;
#6775 = CARTESIAN_POINT ( 'NONE',  ( 0.08307086614173231354, 0.01728225441254295155, 0.08117171797437273961 ) ) ;
#6776 = ORIENTED_EDGE ( 'NONE', *, *, #4229, .T. ) ;
#6777 = ORIENTED_EDGE ( 'NONE', *, *, #2958, .F. ) ;
#6778 = VECTOR ( 'NONE', #6572, 39.37007874015748854 ) ;
#6779 = VERTEX_POINT ( 'NONE', #58 ) ;
#6780 = PRESENTATION_LAYER_ASSIGNMENT (  '', '', ( #7357 ) ) ;
#6781 = CARTESIAN_POINT ( 'NONE',  ( -0.03307086614173225525, 0.01751968503937007329, 0.07846314444784678599 ) ) ;
#6782 = LENGTH_MEASURE_WITH_UNIT ( LENGTH_MEASURE( 0.02539999999999999897 ), #3979 );
#6783 = LINE ( 'NONE', #5441, #4062 ) ;
#6784 = CARTESIAN_POINT ( 'NONE',  ( 0.03503937007874018128, 0.01173508930892990659, 0.08667802955033566958 ) ) ;
#6785 = FILL_AREA_STYLE_COLOUR ( '', #1992 ) ;
#6786 = CARTESIAN_POINT ( 'NONE',  ( -0.01496062992125982496, 0.02244094488188976347, 0.07893700787401573826 ) ) ;
#6787 = FILL_AREA_STYLE_COLOUR ( '', #1314 ) ;
#6788 = CARTESIAN_POINT ( 'NONE',  ( -0.09645669291338584972, 0.2556786355646874509, -0.1163385826771653475 ) ) ;
#6789 = VERTEX_POINT ( 'NONE', #5106 ) ;
#6790 = AXIS2_PLACEMENT_3D ( 'NONE', #5365, #389, #8824 ) ;
#6791 = UNCERTAINTY_MEASURE_WITH_UNIT (LENGTH_MEASURE( 1.000000000000000082E-05 ), #1682, 'distance_accuracy_value', 'NONE');
#6792 = DIRECTION ( 'NONE',  ( 0.000000000000000000, 0.000000000000000000, 1.000000000000000000 ) ) ;
#6793 = UNCERTAINTY_MEASURE_WITH_UNIT (LENGTH_MEASURE( 1.000000000000000082E-05 ), #8059, 'distance_accuracy_value', 'NONE');
#6794 = CARTESIAN_POINT ( 'NONE',  ( 0.03503937007874018128, 0.02653119753051446511, 0.08453805796773562753 ) ) ;
#6795 = DIRECTION ( 'NONE',  ( -1.000000000000000000, -0.000000000000000000, -0.000000000000000000 ) ) ;
#6796 = PRESENTATION_LAYER_ASSIGNMENT (  '', '', ( #8252 ) ) ;
#6797 = EDGE_LOOP ( 'NONE', ( #758, #356, #52, #5013 ) ) ;
#6798 =( LENGTH_UNIT ( ) NAMED_UNIT ( * ) SI_UNIT ( $, .METRE. ) );
#6799 = CIRCLE ( 'NONE', #8256, 0.003937007874015758385 ) ;
#6800 = FACE_OUTER_BOUND ( 'NONE', #8290, .T. ) ;
#6801 = VECTOR ( 'NONE', #5693, 39.37007874015748143 ) ;
#6802 = DIRECTION ( 'NONE',  ( -1.000000000000000000, -0.000000000000000000, -0.000000000000000000 ) ) ;
#6803 = ADVANCED_FACE ( 'NONE', ( #1677 ), #2990, .T. ) ;
#6804 = DIRECTION ( 'NONE',  ( 1.000000000000000000, 0.000000000000000000, 0.000000000000000000 ) ) ;
#6805 = AXIS2_PLACEMENT_3D ( 'NONE', #691, #7065, #766 ) ;
#6806 = VERTEX_POINT ( 'NONE', #2306 ) ;
#6807 = ORIENTED_EDGE ( 'NONE', *, *, #70, .T. ) ;
#6808 = FACE_OUTER_BOUND ( 'NONE', #8662, .T. ) ;
#6809 =( NAMED_UNIT ( * ) PLANE_ANGLE_UNIT ( ) SI_UNIT ( $, .RADIAN. ) );
#6810 = AXIS2_PLACEMENT_3D ( 'NONE', #3624, #4382, #6467 ) ;
#6811 = CARTESIAN_POINT ( 'NONE',  ( -0.09242075248266307108, 0.000000000000000000, -0.004527559055118113643 ) ) ;
#6812 = DIRECTION ( 'NONE',  ( -1.000000000000000000, -0.000000000000000000, -0.000000000000000000 ) ) ;
#6813 = DIRECTION ( 'NONE',  ( 0.000000000000000000, -0.000000000000000000, 1.000000000000000000 ) ) ;
#6814 = ORIENTED_EDGE ( 'NONE', *, *, #5510, .F. ) ;
#6815 =( NAMED_UNIT ( * ) SI_UNIT ( $, .STERADIAN. ) SOLID_ANGLE_UNIT ( ) );
#6816 = ORIENTED_EDGE ( 'NONE', *, *, #3077, .T. ) ;
#6817 = ORIENTED_EDGE ( 'NONE', *, *, #4821, .T. ) ;
#6818 = PLANE ( 'NONE',  #4722 ) ;
#6819 = DIRECTION ( 'NONE',  ( -0.000000000000000000, 1.000000000000000000, 0.000000000000000000 ) ) ;
#6820 = EDGE_CURVE ( 'NONE', #8870, #2986, #763, .T. ) ;
#6821 = DIRECTION ( 'NONE',  ( 0.000000000000000000, 0.000000000000000000, 1.000000000000000000 ) ) ;
#6822 =( GEOMETRIC_REPRESENTATION_CONTEXT ( 3 ) GLOBAL_UNCERTAINTY_ASSIGNED_CONTEXT ( ( #6560 ) ) GLOBAL_UNIT_ASSIGNED_CONTEXT ( ( #7676, #5444, #1349 ) ) REPRESENTATION_CONTEXT ( 'NONE', 'WORKASPACE' ) );
#6823 = LINE ( 'NONE', #4018, #611 ) ;
#6824 = CARTESIAN_POINT ( 'NONE',  ( 0.08503937007874018406, 0.01751968503937007329, 0.07846314444784678599 ) ) ;
#6825 = SURFACE_STYLE_USAGE ( .BOTH. , #6959 ) ;
#6826 = ADVANCED_FACE ( 'NONE', ( #2905 ), #3714, .T. ) ;
#6827 =( LENGTH_UNIT ( ) NAMED_UNIT ( * ) SI_UNIT ( $, .METRE. ) );
#6828 = VECTOR ( 'NONE', #2988, 39.37007874015748854 ) ;
#6829 =( LENGTH_UNIT ( ) NAMED_UNIT ( * ) SI_UNIT ( $, .METRE. ) );
#6830 = ORIENTED_EDGE ( 'NONE', *, *, #497, .T. ) ;
#6831 = EDGE_CURVE ( 'NONE', #3340, #7802, #7921, .T. ) ;
#6832 = FILL_AREA_STYLE ('',( #8944 ) ) ;
#6834 = FILL_AREA_STYLE_COLOUR ( '', #6149 ) ;
#6833 = PRESENTATION_LAYER_ASSIGNMENT (  '', '', ( #8910 ) ) ;
#6835 = VERTEX_POINT ( 'NONE', #1490 ) ;
#6836 = COLOUR_RGB ( '',0.7921568627450980005, 0.8196078431372548767, 0.9333333333333333481 ) ;
#6837 = SURFACE_STYLE_USAGE ( .BOTH. , #4916 ) ;
#6838 = EDGE_CURVE ( 'NONE', #4368, #8870, #7061, .T. ) ;
#6839 = FILL_AREA_STYLE_COLOUR ( '', #696 ) ;
#6840 = ORIENTED_EDGE ( 'NONE', *, *, #1908, .T. ) ;
#6841 = AXIS2_PLACEMENT_3D ( 'NONE', #8211, #5360, #2503 ) ;
#6842 = SURFACE_STYLE_FILL_AREA ( #4033 ) ;
#6843 = CARTESIAN_POINT ( 'NONE',  ( -0.05413385826771653642, 0.009842519685039369942, -0.07578740157480313988 ) ) ;
#6844 = STYLED_ITEM ( 'NONE', ( #4081 ), #6398 ) ;
#6845 = VECTOR ( 'NONE', #5314, 39.37007874015748143 ) ;
#6846 = AXIS2_PLACEMENT_3D ( 'NONE', #4372, #3698, #6500 ) ;
#6847 =( NAMED_UNIT ( * ) SI_UNIT ( $, .STERADIAN. ) SOLID_ANGLE_UNIT ( ) );
#6848 = LENGTH_MEASURE_WITH_UNIT ( LENGTH_MEASURE( 0.02539999999999999897 ), #1331 );
#6849 = FACE_OUTER_BOUND ( 'NONE', #5367, .T. ) ;
#6850 = LINE ( 'NONE', #1333, #2611 ) ;
#6851 = UNCERTAINTY_MEASURE_WITH_UNIT (LENGTH_MEASURE( 1.000000000000000082E-05 ), #8688, 'distance_accuracy_value', 'NONE');
#6852 = VECTOR ( 'NONE', #7689, 39.37007874015748143 ) ;
#6853 = MECHANICAL_DESIGN_GEOMETRIC_PRESENTATION_REPRESENTATION (  '', ( #6559 ), #5263 ) ;
#6854 =( GEOMETRIC_REPRESENTATION_CONTEXT ( 3 ) GLOBAL_UNCERTAINTY_ASSIGNED_CONTEXT ( ( #8154 ) ) GLOBAL_UNIT_ASSIGNED_CONTEXT ( ( #4460, #8633, #247 ) ) REPRESENTATION_CONTEXT ( 'NONE', 'WORKASPACE' ) );
#6855 = EDGE_LOOP ( 'NONE', ( #7745, #4425, #7524, #4222 ) ) ;
#6856 = VERTEX_POINT ( 'NONE', #6781 ) ;
#6857 = FILL_AREA_STYLE_COLOUR ( '', #8778 ) ;
#6858 = COLOUR_RGB ( '',0.2509803921568627416, 0.2509803921568627416, 0.2509803921568627416 ) ;
#6859 = UNCERTAINTY_MEASURE_WITH_UNIT (LENGTH_MEASURE( 1.000000000000000082E-05 ), #4711, 'distance_accuracy_value', 'NONE');
#6860 = VECTOR ( 'NONE', #6970, 39.37007874015748854 ) ;
#6861 = EDGE_CURVE ( 'NONE', #5030, #4006, #8665, .T. ) ;
#6862 = MECHANICAL_DESIGN_GEOMETRIC_PRESENTATION_REPRESENTATION (  '', ( #3193 ), #4324 ) ;
#6863 = VECTOR ( 'NONE', #4063, 39.37007874015748854 ) ;
#6864 = LENGTH_MEASURE_WITH_UNIT ( LENGTH_MEASURE( 0.02539999999999999897 ), #3966 );
#6865 =( NAMED_UNIT ( * ) SI_UNIT ( $, .STERADIAN. ) SOLID_ANGLE_UNIT ( ) );
#6866 = FILL_AREA_STYLE ('',( #8323 ) ) ;
#6867 = DIRECTION ( 'NONE',  ( 0.000000000000000000, 0.7521705405901417674, -0.6589684953534074019 ) ) ;
#6868 = COLOUR_RGB ( '',0.2509803921568627416, 0.2509803921568627416, 0.2509803921568627416 ) ;
#6869 = STYLED_ITEM ( 'NONE', ( #8245 ), #3254 ) ;
#6870 = ORIENTED_EDGE ( 'NONE', *, *, #479, .T. ) ;
#6871 = VERTEX_POINT ( 'NONE', #5476 ) ;
#6872 = VERTEX_POINT ( 'NONE', #8977 ) ;
#6873 = VECTOR ( 'NONE', #733, 39.37007874015748143 ) ;
#6874 = EDGE_CURVE ( 'NONE', #5034, #3112, #8241, .T. ) ;
#6875 = DIRECTION ( 'NONE',  ( 0.000000000000000000, 0.9396926207859079838, 0.3420201433256699897 ) ) ;
#6876 = CARTESIAN_POINT ( 'NONE',  ( -0.09242075248266312659, 0.009842519685039373412, 0.004527559055118073744 ) ) ;
#6877 = CARTESIAN_POINT ( 'NONE',  ( -0.01692913385826769201, 1.387266559282633743E-17, 0.09695901468261186595 ) ) ;
#6878 =( NAMED_UNIT ( * ) SI_UNIT ( $, .STERADIAN. ) SOLID_ANGLE_UNIT ( ) );
#6879 =( NAMED_UNIT ( * ) SI_UNIT ( $, .STERADIAN. ) SOLID_ANGLE_UNIT ( ) );
#6880 =( CONVERSION_BASED_UNIT ( 'INCH', #504 ) LENGTH_UNIT ( ) NAMED_UNIT ( #909 ) );
#6881 =( NAMED_UNIT ( * ) SI_UNIT ( $, .STERADIAN. ) SOLID_ANGLE_UNIT ( ) );
#6882 = SURFACE_STYLE_USAGE ( .BOTH. , #548 ) ;
#6883 = EDGE_CURVE ( 'NONE', #6872, #6192, #1301, .T. ) ;
#6884 = ORIENTED_EDGE ( 'NONE', *, *, #5124, .F. ) ;
#6885 =( LENGTH_UNIT ( ) NAMED_UNIT ( * ) SI_UNIT ( $, .METRE. ) );
#6886 = DIRECTION ( 'NONE',  ( -1.000000000000000000, 0.000000000000000000, 0.000000000000000000 ) ) ;
#6887 =( NAMED_UNIT ( * ) PLANE_ANGLE_UNIT ( ) SI_UNIT ( $, .RADIAN. ) );
#6888 = ORIENTED_EDGE ( 'NONE', *, *, #6580, .T. ) ;
#6889 = CARTESIAN_POINT ( 'NONE',  ( 0.07480314960629921850, 0.000000000000000000, -0.09092820213934121876 ) ) ;
#6890 = ADVANCED_FACE ( 'NONE', ( #6172 ), #4769, .F. ) ;
#6891 = CARTESIAN_POINT ( 'NONE',  ( -0.07480314960629920462, 0.04488188976377952694, 0.05334645669291337988 ) ) ;
#6892 = PLANE ( 'NONE',  #8240 ) ;
#6893 = PLANE ( 'NONE',  #871 ) ;
#6894 = CARTESIAN_POINT ( 'NONE',  ( -0.09645669291338582196, 0.009842519685039369942, -0.004527559055118113643 ) ) ;
#6895 =( CONVERSION_BASED_UNIT ( 'INCH', #2010 ) LENGTH_UNIT ( ) NAMED_UNIT ( #4917 ) );
#6896 = ORIENTED_EDGE ( 'NONE', *, *, #8532, .F. ) ;
#6897 = DIRECTION ( 'NONE',  ( 1.000000000000000000, 0.000000000000000000, 0.000000000000000000 ) ) ;
#6898 = FACE_OUTER_BOUND ( 'NONE', #6797, .T. ) ;
#6899 = SURFACE_STYLE_USAGE ( .BOTH. , #7492 ) ;
#6900 = SURFACE_STYLE_USAGE ( .BOTH. , #2739 ) ;
#6901 = LENGTH_MEASURE_WITH_UNIT ( LENGTH_MEASURE( 0.02539999999999999897 ), #8834 );
#6902 = AXIS2_PLACEMENT_3D ( 'NONE', #8855, #552, #2586 ) ;
#6903 = DIRECTION ( 'NONE',  ( 0.000000000000000000, -0.08715574274765877649, 0.9961946980917454342 ) ) ;
#6904 = FACE_OUTER_BOUND ( 'NONE', #5320, .T. ) ;
#6905 = UNCERTAINTY_MEASURE_WITH_UNIT (LENGTH_MEASURE( 1.000000000000000082E-05 ), #927, 'distance_accuracy_value', 'NONE');
#6906 = FILL_AREA_STYLE ('',( #3524 ) ) ;
#6907 = ORIENTED_EDGE ( 'NONE', *, *, #1321, .F. ) ;
#6908 = LINE ( 'NONE', #1252, #6133 ) ;
#6909 = VERTEX_POINT ( 'NONE', #3317 ) ;
#6910 = COLOUR_RGB ( '',0.7921568627450980005, 0.8196078431372548767, 0.9333333333333333481 ) ;
#6911 =( GEOMETRIC_REPRESENTATION_CONTEXT ( 3 ) GLOBAL_UNCERTAINTY_ASSIGNED_CONTEXT ( ( #4589 ) ) GLOBAL_UNIT_ASSIGNED_CONTEXT ( ( #7496, #5554, #6773 ) ) REPRESENTATION_CONTEXT ( 'NONE', 'WORKASPACE' ) );
#6912 = ORIENTED_EDGE ( 'NONE', *, *, #3316, .T. ) ;
#6913 =( CONVERSION_BASED_UNIT ( 'INCH', #6420 ) LENGTH_UNIT ( ) NAMED_UNIT ( #8066 ) );
#6914 = CARTESIAN_POINT ( 'NONE',  ( -0.07795275590551181688, 0.2556786355646874509, 0.01003937007874015040 ) ) ;
#6915 = AXIS2_PLACEMENT_3D ( 'NONE', #2868, #7703, #6273 ) ;
#6916 = DIRECTION ( 'NONE',  ( -1.000000000000000000, 0.000000000000000000, 0.000000000000000000 ) ) ;
#6917 =( CONVERSION_BASED_UNIT ( 'INCH', #8980 ) LENGTH_UNIT ( ) NAMED_UNIT ( #8475 ) );
#6918 = FILL_AREA_STYLE_COLOUR ( '', #7531 ) ;
#6919 = EDGE_CURVE ( 'NONE', #6114, #1829, #7551, .T. ) ;
#6920 = DIRECTION ( 'NONE',  ( -0.000000000000000000, 0.000000000000000000, 1.000000000000000000 ) ) ;
#6921 = FACE_OUTER_BOUND ( 'NONE', #1537, .T. ) ;
#6922 = ORIENTED_EDGE ( 'NONE', *, *, #5345, .T. ) ;
#6923 = VECTOR ( 'NONE', #6306, 39.37007874015748854 ) ;
#6924 = SURFACE_STYLE_USAGE ( .BOTH. , #5004 ) ;
#6925 = EDGE_CURVE ( 'NONE', #5976, #5806, #634, .T. ) ;
#6926 =( CONVERSION_BASED_UNIT ( 'INCH', #639 ) LENGTH_UNIT ( ) NAMED_UNIT ( #882 ) );
#6927 =( NAMED_UNIT ( * ) SI_UNIT ( $, .STERADIAN. ) SOLID_ANGLE_UNIT ( ) );
#6928 = ORIENTED_EDGE ( 'NONE', *, *, #4240, .T. ) ;
#6929 = FACE_OUTER_BOUND ( 'NONE', #4286, .T. ) ;
#6930 = CARTESIAN_POINT ( 'NONE',  ( 0.05413385826771653642, 0.009842519685039369942, -0.1072834645669291237 ) ) ;
#6931 = VECTOR ( 'NONE', #6309, 39.37007874015748854 ) ;
#6932 = SURFACE_STYLE_FILL_AREA ( #2906 ) ;
#6933 = ADVANCED_FACE ( 'NONE', ( #3978 ), #6121, .T. ) ;
#6934 = DIRECTION ( 'NONE',  ( 0.000000000000000000, 0.000000000000000000, -1.000000000000000000 ) ) ;
#6935 = LINE ( 'NONE', #18, #2704 ) ;
#6936 = CARTESIAN_POINT ( 'NONE',  ( 0.03503937007874018128, 0.02736220472440943283, 0.07982518197702757889 ) ) ;
#6937 =( NAMED_UNIT ( * ) PLANE_ANGLE_UNIT ( ) SI_UNIT ( $, .RADIAN. ) );
#6938 = ORIENTED_EDGE ( 'NONE', *, *, #8433, .F. ) ;
#6939 = ADVANCED_FACE ( 'NONE', ( #2078 ), #3564, .F. ) ;
#6940 = CARTESIAN_POINT ( 'NONE',  ( 0.09783464566929132855, 0.009842519685039378616, 0.004527559055118107571 ) ) ;
#6941 =( GEOMETRIC_REPRESENTATION_CONTEXT ( 3 ) GLOBAL_UNCERTAINTY_ASSIGNED_CONTEXT ( ( #2541 ) ) GLOBAL_UNIT_ASSIGNED_CONTEXT ( ( #2845, #2943, #2297 ) ) REPRESENTATION_CONTEXT ( 'NONE', 'WORKASPACE' ) );
#6942 = UNCERTAINTY_MEASURE_WITH_UNIT (LENGTH_MEASURE( 1.000000000000000082E-05 ), #1535, 'distance_accuracy_value', 'NONE');
#6943 = DIRECTION ( 'NONE',  ( -0.000000000000000000, 0.000000000000000000, -1.000000000000000000 ) ) ;
#6944 = EDGE_CURVE ( 'NONE', #8896, #1269, #6954, .T. ) ;
#6945 = SURFACE_SIDE_STYLE ('',( #8364 ) ) ;
#6946 = STYLED_ITEM ( 'NONE', ( #3892 ), #8056 ) ;
#6947 = CARTESIAN_POINT ( 'NONE',  ( -0.09242075248266307108, 0.009842519685039369942, -0.004527559055118113643 ) ) ;
#6948 = VECTOR ( 'NONE', #6958, 39.37007874015748143 ) ;
#6949 = ORIENTED_EDGE ( 'NONE', *, *, #262, .T. ) ;
#6950 = ORIENTED_EDGE ( 'NONE', *, *, #5136, .T. ) ;
#6951 = VERTEX_POINT ( 'NONE', #175 ) ;
#6952 = MECHANICAL_DESIGN_GEOMETRIC_PRESENTATION_REPRESENTATION (  '', ( #4300 ), #1115 ) ;
#6953 =( NAMED_UNIT ( * ) PLANE_ANGLE_UNIT ( ) SI_UNIT ( $, .RADIAN. ) );
#6954 = LINE ( 'NONE', #4100, #1758 ) ;
#6955 = DIRECTION ( 'NONE',  ( 0.8660254037844377084, 0.000000000000000000, 0.5000000000000012212 ) ) ;
#6956 =( NAMED_UNIT ( * ) PLANE_ANGLE_UNIT ( ) SI_UNIT ( $, .RADIAN. ) );
#6957 = AXIS2_PLACEMENT_3D ( 'NONE', #5095, #6383, #136 ) ;
#6958 = DIRECTION ( 'NONE',  ( -1.000000000000000000, -0.000000000000000000, -0.000000000000000000 ) ) ;
#6959 = SURFACE_SIDE_STYLE ('',( #4146 ) ) ;
#6960 = ORIENTED_EDGE ( 'NONE', *, *, #6671, .F. ) ;
#6961 = ADVANCED_FACE ( 'NONE', ( #3478 ), #3435, .F. ) ;
#6962 = ADVANCED_FACE ( 'NONE', ( #7172 ), #5175, .T. ) ;
#6963 =( LENGTH_UNIT ( ) NAMED_UNIT ( * ) SI_UNIT ( $, .METRE. ) );
#6964 = DIRECTION ( 'NONE',  ( -1.000000000000000000, 0.000000000000000000, -0.000000000000000000 ) ) ;
#6965 = LENGTH_MEASURE_WITH_UNIT ( LENGTH_MEASURE( 0.02539999999999999897 ), #8251 );
#6966 = VERTEX_POINT ( 'NONE', #6499 ) ;
#6967 = CYLINDRICAL_SURFACE ( 'NONE', #2765, 0.01377952755905510404 ) ;
#6968 =( CONVERSION_BASED_UNIT ( 'INCH', #7566 ) LENGTH_UNIT ( ) NAMED_UNIT ( #5241 ) );
#6969 =( LENGTH_UNIT ( ) NAMED_UNIT ( * ) SI_UNIT ( $, .METRE. ) );
#6970 = DIRECTION ( 'NONE',  ( -0.8660254037844377084, 0.000000000000000000, 0.5000000000000012212 ) ) ;
#6971 = CARTESIAN_POINT ( 'NONE',  ( 0.07795275590551181688, 0.009842519685039369942, -0.01003937007874015908 ) ) ;
#6972 = AXIS2_PLACEMENT_3D ( 'NONE', #7753, #6408, #4181 ) ;
#6973 = LINE ( 'NONE', #725, #2634 ) ;
#6974 =( NAMED_UNIT ( * ) SI_UNIT ( $, .STERADIAN. ) SOLID_ANGLE_UNIT ( ) );
#6975 = FILL_AREA_STYLE ('',( #5018 ) ) ;
#6976 = MECHANICAL_DESIGN_GEOMETRIC_PRESENTATION_REPRESENTATION (  '', ( #5990 ), #8888 ) ;
#6977 = PRESENTATION_STYLE_ASSIGNMENT (( #4933 ) ) ;
#6978 = ORIENTED_EDGE ( 'NONE', *, *, #671, .F. ) ;
#6979 = DIRECTION ( 'NONE',  ( -0.000000000000000000, 1.000000000000000000, -0.000000000000000000 ) ) ;
#6980 = CARTESIAN_POINT ( 'NONE',  ( -0.05413385826771653642, 0.2556786355646874509, -0.07578740157480313988 ) ) ;
#6981 = EDGE_CURVE ( 'NONE', #2262, #3745, #3062, .T. ) ;
#6982 = PRESENTATION_LAYER_ASSIGNMENT (  '', '', ( #5990 ) ) ;
#6983 = SURFACE_STYLE_USAGE ( .BOTH. , #4174 ) ;
#6984 =( GEOMETRIC_REPRESENTATION_CONTEXT ( 3 ) GLOBAL_UNCERTAINTY_ASSIGNED_CONTEXT ( ( #5506 ) ) GLOBAL_UNIT_ASSIGNED_CONTEXT ( ( #4304, #4981, #3636 ) ) REPRESENTATION_CONTEXT ( 'NONE', 'WORKASPACE' ) );
#6985 = PRESENTATION_STYLE_ASSIGNMENT (( #3521 ) ) ;
#6986 = STYLED_ITEM ( 'NONE', ( #2654 ), #5704 ) ;
#6987 = PRESENTATION_LAYER_ASSIGNMENT (  '', '', ( #7278 ) ) ;
#6988 = EDGE_CURVE ( 'NONE', #6154, #7982, #3657, .T. ) ;
#6989 = COLOUR_RGB ( '',0.7921568627450980005, 0.8196078431372548767, 0.9333333333333333481 ) ;
#6990 = UNCERTAINTY_MEASURE_WITH_UNIT (LENGTH_MEASURE( 1.000000000000000082E-05 ), #3432, 'distance_accuracy_value', 'NONE');
#6991 = MECHANICAL_DESIGN_GEOMETRIC_PRESENTATION_REPRESENTATION (  '', ( #2897 ), #3625 ) ;
#6992 = VERTEX_POINT ( 'NONE', #3159 ) ;
#6993 = LENGTH_MEASURE_WITH_UNIT ( LENGTH_MEASURE( 0.02539999999999999897 ), #3557 );
#6994 = ORIENTED_EDGE ( 'NONE', *, *, #8168, .T. ) ;
#6995 = PRESENTATION_LAYER_ASSIGNMENT (  '', '', ( #3221 ) ) ;
#6996 =( GEOMETRIC_REPRESENTATION_CONTEXT ( 3 ) GLOBAL_UNCERTAINTY_ASSIGNED_CONTEXT ( ( #8813 ) ) GLOBAL_UNIT_ASSIGNED_CONTEXT ( ( #842, #5593, #4844 ) ) REPRESENTATION_CONTEXT ( 'NONE', 'WORKASPACE' ) );
#6997 = EDGE_LOOP ( 'NONE', ( #2679, #1592, #8127, #8933, #1107, #1105, #8882 ) ) ;
#6998 = CARTESIAN_POINT ( 'NONE',  ( 0.08503937007874018406, 0.02736220472440943283, 0.07982518197702757889 ) ) ;
#6999 = EDGE_CURVE ( 'NONE', #1500, #9000, #7319, .T. ) ;
#7000 = AXIS2_PLACEMENT_3D ( 'NONE', #385, #1738, #8676 ) ;
#7001 = DIRECTION ( 'NONE',  ( 0.000000000000000000, 0.000000000000000000, 1.000000000000000000 ) ) ;
#7002 = MECHANICAL_DESIGN_GEOMETRIC_PRESENTATION_REPRESENTATION (  '', ( #6869 ), #1463 ) ;
#7003 = ADVANCED_FACE ( 'NONE', ( #2373 ), #8542, .F. ) ;
#7004 = DIRECTION ( 'NONE',  ( -0.000000000000000000, -1.000000000000000000, 0.000000000000000000 ) ) ;
#7005 = LINE ( 'NONE', #8282, #7420 ) ;
#7006 =( CONVERSION_BASED_UNIT ( 'INCH', #177 ) LENGTH_UNIT ( ) NAMED_UNIT ( #6463 ) );
#7007 = LINE ( 'NONE', #8202, #7978 ) ;
#7008 = COLOUR_RGB ( '',0.2509803921568627416, 0.2509803921568627416, 0.2509803921568627416 ) ;
#7009 = PRESENTATION_LAYER_ASSIGNMENT (  '', '', ( #8608 ) ) ;
#7010 = CARTESIAN_POINT ( 'NONE',  ( -0.09783464566929132855, 0.009842519685039376881, 0.004527559055118105837 ) ) ;
#7011 = ORIENTED_EDGE ( 'NONE', *, *, #876, .T. ) ;
#7012 =( NAMED_UNIT ( * ) SI_UNIT ( $, .STERADIAN. ) SOLID_ANGLE_UNIT ( ) );
#7013 =( CONVERSION_BASED_UNIT ( 'INCH', #2124 ) LENGTH_UNIT ( ) NAMED_UNIT ( #3239 ) );
#7014 = CARTESIAN_POINT ( 'NONE',  ( -0.07480314960629920462, 0.04488188976377952694, 0.05334645669291337988 ) ) ;
#7015 = EDGE_CURVE ( 'NONE', #5134, #6014, #8926, .T. ) ;
#7016 = DIMENSIONAL_EXPONENTS ( 1.000000000000000000, 0.000000000000000000, 0.000000000000000000, 0.000000000000000000, 0.000000000000000000, 0.000000000000000000, 0.000000000000000000 ) ;
#7017 = ORIENTED_EDGE ( 'NONE', *, *, #2351, .T. ) ;
#7018 = DIRECTION ( 'NONE',  ( 0.000000000000000000, -0.000000000000000000, -1.000000000000000000 ) ) ;
#7019 =( LENGTH_UNIT ( ) NAMED_UNIT ( * ) SI_UNIT ( $, .METRE. ) );
#7020 = DIRECTION ( 'NONE',  ( -0.000000000000000000, 1.000000000000000000, -0.000000000000000000 ) ) ;
#7021 = DIRECTION ( 'NONE',  ( -1.000000000000000000, -0.000000000000000000, -0.000000000000000000 ) ) ;
#7022 = DIRECTION ( 'NONE',  ( -0.000000000000000000, 1.000000000000000000, -0.000000000000000000 ) ) ;
#7023 = DIRECTION ( 'NONE',  ( -1.000000000000000000, -0.000000000000000000, -0.000000000000000000 ) ) ;
#7024 = ORIENTED_EDGE ( 'NONE', *, *, #1886, .F. ) ;
#7025 = EDGE_CURVE ( 'NONE', #1515, #3548, #5469, .T. ) ;
#7026 = DIRECTION ( 'NONE',  ( 1.000000000000000000, 0.000000000000000000, 0.000000000000000000 ) ) ;
#7027 = CARTESIAN_POINT ( 'NONE',  ( 0.06692913385826773642, 0.01728225441254295155, 0.08117171797437273961 ) ) ;
#7028 = SURFACE_STYLE_USAGE ( .BOTH. , #1413 ) ;
#7029 = LENGTH_MEASURE_WITH_UNIT ( LENGTH_MEASURE( 0.02539999999999999897 ), #776 );
#7030 = CARTESIAN_POINT ( 'NONE',  ( -0.09027830658147502352, 0.04488188976377951306, -0.08693184988856164641 ) ) ;
#7031 = CARTESIAN_POINT ( 'NONE',  ( 0.09242075248266307108, 0.000000000000000000, -0.004527559055118111908 ) ) ;
#7032 = EDGE_CURVE ( 'NONE', #3548, #3559, #1264, .T. ) ;
#7033 = LINE ( 'NONE', #3555, #6427 ) ;
#7034 = ORIENTED_EDGE ( 'NONE', *, *, #3832, .T. ) ;
#7035 = DIRECTION ( 'NONE',  ( -0.000000000000000000, -0.6589684953534065137, -0.7521705405901426555 ) ) ;
#7036 = ORIENTED_EDGE ( 'NONE', *, *, #1064, .F. ) ;
#7037 = DIMENSIONAL_EXPONENTS ( 1.000000000000000000, 0.000000000000000000, 0.000000000000000000, 0.000000000000000000, 0.000000000000000000, 0.000000000000000000, 0.000000000000000000 ) ;
#7038 = UNCERTAINTY_MEASURE_WITH_UNIT (LENGTH_MEASURE( 1.000000000000000082E-05 ), #1689, 'distance_accuracy_value', 'NONE');
#7039 = ORIENTED_EDGE ( 'NONE', *, *, #6919, .F. ) ;
#7040 = AXIS2_PLACEMENT_3D ( 'NONE', #768, #7067, #2995 ) ;
#7041 = CARTESIAN_POINT ( 'NONE',  ( 0.09472119113475917229, 1.333910153156378525E-18, 0.07677619065068530535 ) ) ;
#7042 = CARTESIAN_POINT ( 'NONE',  ( 0.08307086614173231354, 0.01822099969626658419, 0.09408128290260084348 ) ) ;
#7043 = CARTESIAN_POINT ( 'NONE',  ( 0.09242075248266307108, 0.009842519685039373412, 0.004527559055118104969 ) ) ;
#7044 =( NAMED_UNIT ( * ) PLANE_ANGLE_UNIT ( ) SI_UNIT ( $, .RADIAN. ) );
#7045 =( LENGTH_UNIT ( ) NAMED_UNIT ( * ) SI_UNIT ( $, .METRE. ) );
#7046 = VECTOR ( 'NONE', #2430, 39.37007874015748854 ) ;
#7047 = DIRECTION ( 'NONE',  ( 0.8660254037844379305, 0.000000000000000000, -0.5000000000000012212 ) ) ;
#7048 = ORIENTED_EDGE ( 'NONE', *, *, #5244, .T. ) ;
#7049 = PRESENTATION_LAYER_ASSIGNMENT (  '', '', ( #2962 ) ) ;
#7050 = AXIS2_PLACEMENT_3D ( 'NONE', #4044, #6160, #6943 ) ;
#7051 = PLANE ( 'NONE',  #7698 ) ;
#7052 = FILL_AREA_STYLE ('',( #1528 ) ) ;
#7053 = EDGE_CURVE ( 'NONE', #7069, #5750, #1248, .T. ) ;
#7054 = LENGTH_MEASURE_WITH_UNIT ( LENGTH_MEASURE( 0.02539999999999999897 ), #4334 );
#7055 = EDGE_LOOP ( 'NONE', ( #6444, #1650 ) ) ;
#7056 = CARTESIAN_POINT ( 'NONE',  ( -0.05413385826771653642, -1.067128122525102820E-18, -0.07578740157480313988 ) ) ;
#7057 = PRESENTATION_LAYER_ASSIGNMENT (  '', '', ( #6480 ) ) ;
#7058 =( GEOMETRIC_REPRESENTATION_CONTEXT ( 3 ) GLOBAL_UNCERTAINTY_ASSIGNED_CONTEXT ( ( #1342 ) ) GLOBAL_UNIT_ASSIGNED_CONTEXT ( ( #560, #718, #3998 ) ) REPRESENTATION_CONTEXT ( 'NONE', 'WORKASPACE' ) );
#7059 = CARTESIAN_POINT ( 'NONE',  ( 0.08503937007874018406, 0.01822099969626658073, 0.09408128290260084348 ) ) ;
#7060 = PRESENTATION_STYLE_ASSIGNMENT (( #4879 ) ) ;
#7061 = LINE ( 'NONE', #6877, #867 ) ;
#7062 = FILL_AREA_STYLE_COLOUR ( '', #3211 ) ;
#7063 = DIRECTION ( 'NONE',  ( -0.8660254037844379305, -0.000000000000000000, -0.5000000000000012212 ) ) ;
#7064 = SURFACE_SIDE_STYLE ('',( #8485 ) ) ;
#7065 = DIRECTION ( 'NONE',  ( 1.000000000000000000, 0.000000000000000000, 0.000000000000000000 ) ) ;
#7066 = FACE_OUTER_BOUND ( 'NONE', #5546, .T. ) ;
#7067 = DIRECTION ( 'NONE',  ( -1.000000000000000000, -0.000000000000000000, -0.000000000000000000 ) ) ;
#7068 = ORIENTED_EDGE ( 'NONE', *, *, #208, .F. ) ;
#7069 = VERTEX_POINT ( 'NONE', #3215 ) ;
#7070 = SURFACE_SIDE_STYLE ('',( #7835 ) ) ;
#7071 = DIMENSIONAL_EXPONENTS ( 1.000000000000000000, 0.000000000000000000, 0.000000000000000000, 0.000000000000000000, 0.000000000000000000, 0.000000000000000000, 0.000000000000000000 ) ;
#7072 = EDGE_CURVE ( 'NONE', #5072, #703, #444, .T. ) ;
#7073 = COLOUR_RGB ( '',0.7921568627450980005, 0.8196078431372548767, 0.9333333333333333481 ) ;
#7074 = LINE ( 'NONE', #2100, #2540 ) ;
#7075 = CARTESIAN_POINT ( 'NONE',  ( -0.08307086614173225803, 0.01728225441254295502, 0.08117171797437273961 ) ) ;
#7076 =( NAMED_UNIT ( * ) SI_UNIT ( $, .STERADIAN. ) SOLID_ANGLE_UNIT ( ) );
#7077 = EDGE_CURVE ( 'NONE', #2697, #8568, #4662, .T. ) ;
#7078 = DIRECTION ( 'NONE',  ( 0.000000000000000000, 0.7521705405901426555, -0.6589684953534065137 ) ) ;
#7079 = UNCERTAINTY_MEASURE_WITH_UNIT (LENGTH_MEASURE( 1.000000000000000082E-05 ), #7514, 'distance_accuracy_value', 'NONE');
#7080 = DIRECTION ( 'NONE',  ( 0.000000000000000000, -0.9396926207859079838, -0.3420201433256699342 ) ) ;
#7081 = VECTOR ( 'NONE', #8848, 39.37007874015748854 ) ;
#7082 = EDGE_LOOP ( 'NONE', ( #131, #8774, #260, #6084 ) ) ;
#7083 =( LENGTH_UNIT ( ) NAMED_UNIT ( * ) SI_UNIT ( $, .METRE. ) );
#7084 = ORIENTED_EDGE ( 'NONE', *, *, #6060, .F. ) ;
#7085 =( CONVERSION_BASED_UNIT ( 'INCH', #952 ) LENGTH_UNIT ( ) NAMED_UNIT ( #7234 ) );
#7086 = VERTEX_POINT ( 'NONE', #8876 ) ;
#7087 = SURFACE_STYLE_FILL_AREA ( #2931 ) ;
#7088 = CIRCLE ( 'NONE', #5647, 0.01062992125984252995 ) ;
#7089 = LINE ( 'NONE', #7672, #1078 ) ;
#7090 = FILL_AREA_STYLE ('',( #8375 ) ) ;
#7091 = VECTOR ( 'NONE', #846, 39.37007874015748143 ) ;
#7092 = FILL_AREA_STYLE ('',( #5573 ) ) ;
#7093 = VERTEX_POINT ( 'NONE', #3928 ) ;
#7094 = ADVANCED_FACE ( 'NONE', ( #8734 ), #6058, .F. ) ;
#7095 = DIMENSIONAL_EXPONENTS ( 1.000000000000000000, 0.000000000000000000, 0.000000000000000000, 0.000000000000000000, 0.000000000000000000, 0.000000000000000000, 0.000000000000000000 ) ;
#7096 =( NAMED_UNIT ( * ) PLANE_ANGLE_UNIT ( ) SI_UNIT ( $, .RADIAN. ) );
#7097 = EDGE_CURVE ( 'NONE', #8004, #7833, #7458, .T. ) ;
#7098 = DIRECTION ( 'NONE',  ( -1.000000000000000000, -0.000000000000000000, -0.000000000000000000 ) ) ;
#7099 = LINE ( 'NONE', #8390, #873 ) ;
#7100 = CARTESIAN_POINT ( 'NONE',  ( 0.09645669291338582196, 0.000000000000000000, -0.004527559055118113643 ) ) ;
#7101 = EDGE_LOOP ( 'NONE', ( #6922, #3651, #2219, #7780 ) ) ;
#7102 = VERTEX_POINT ( 'NONE', #4049 ) ;
#7103 = EDGE_CURVE ( 'NONE', #7982, #7806, #5425, .T. ) ;
#7104 = FILL_AREA_STYLE_COLOUR ( '', #4359 ) ;
#7105 = CARTESIAN_POINT ( 'NONE',  ( -0.09645669291338584972, 0.2556786355646874509, -0.1163385826771653475 ) ) ;
#7106 = CARTESIAN_POINT ( 'NONE',  ( 0.08503937007874018406, 0.01822099969626658073, 0.09408128290260084348 ) ) ;
#7107 = PRESENTATION_STYLE_ASSIGNMENT (( #3088 ) ) ;
#7108 = SURFACE_STYLE_FILL_AREA ( #8624 ) ;
#7109 = LINE ( 'NONE', #808, #7810 ) ;
#7110 =( CONVERSION_BASED_UNIT ( 'INCH', #2192 ) LENGTH_UNIT ( ) NAMED_UNIT ( #2446 ) );
#7111 = ORIENTED_EDGE ( 'NONE', *, *, #1028, .F. ) ;
#7112 = LINE ( 'NONE', #4400, #3480 ) ;
#7113 = DIRECTION ( 'NONE',  ( 1.000000000000000000, 0.000000000000000000, 0.000000000000000000 ) ) ;
#7114 = DIRECTION ( 'NONE',  ( -0.000000000000000000, 0.000000000000000000, 1.000000000000000000 ) ) ;
#7115 =( NAMED_UNIT ( * ) PLANE_ANGLE_UNIT ( ) SI_UNIT ( $, .RADIAN. ) );
#7116 = DIRECTION ( 'NONE',  ( -0.000000000000000000, -1.000000000000000000, -0.000000000000000000 ) ) ;
#7117 = CARTESIAN_POINT ( 'NONE',  ( -0.06496062992125982427, 0.02736220472440944324, 0.07761836027346888378 ) ) ;
#7118 = CIRCLE ( 'NONE', #3907, 0.01377952755905510404 ) ;
#7119 = PRESENTATION_LAYER_ASSIGNMENT (  '', '', ( #7991 ) ) ;
#7120 = VECTOR ( 'NONE', #7223, 39.37007874015748143 ) ;
#7121 = ORIENTED_EDGE ( 'NONE', *, *, #1726, .F. ) ;
#7122 = ORIENTED_EDGE ( 'NONE', *, *, #2000, .T. ) ;
#7123 = AXIS2_PLACEMENT_3D ( 'NONE', #940, #1544, #4357 ) ;
#7124 = EDGE_CURVE ( 'NONE', #435, #7430, #8186, .T. ) ;
#7125 = ORIENTED_EDGE ( 'NONE', *, *, #4641, .T. ) ;
#7126 = AXIS2_PLACEMENT_3D ( 'NONE', #4701, #4122, #3291 ) ;
#7127 =( NAMED_UNIT ( * ) SI_UNIT ( $, .STERADIAN. ) SOLID_ANGLE_UNIT ( ) );
#7128 = MECHANICAL_DESIGN_GEOMETRIC_PRESENTATION_REPRESENTATION (  '', ( #3633 ), #5844 ) ;
#7129 = DIMENSIONAL_EXPONENTS ( 1.000000000000000000, 0.000000000000000000, 0.000000000000000000, 0.000000000000000000, 0.000000000000000000, 0.000000000000000000, 0.000000000000000000 ) ;
#7130 =( CONVERSION_BASED_UNIT ( 'INCH', #1614 ) LENGTH_UNIT ( ) NAMED_UNIT ( #6540 ) );
#7131 =( NAMED_UNIT ( * ) SI_UNIT ( $, .STERADIAN. ) SOLID_ANGLE_UNIT ( ) );
#7132 =( NAMED_UNIT ( * ) PLANE_ANGLE_UNIT ( ) SI_UNIT ( $, .RADIAN. ) );
#7133 =( GEOMETRIC_REPRESENTATION_CONTEXT ( 3 ) GLOBAL_UNCERTAINTY_ASSIGNED_CONTEXT ( ( #3461 ) ) GLOBAL_UNIT_ASSIGNED_CONTEXT ( ( #186, #3668, #4385 ) ) REPRESENTATION_CONTEXT ( 'NONE', 'WORKASPACE' ) );
#7134 = CARTESIAN_POINT ( 'NONE',  ( 0.09027830658147500964, 0.04488188976377949224, -0.09311023622047244486 ) ) ;
#7135 = DIRECTION ( 'NONE',  ( -1.000000000000000000, -0.000000000000000000, -0.000000000000000000 ) ) ;
#7136 = VECTOR ( 'NONE', #7690, 39.37007874015748143 ) ;
#7137 = EDGE_CURVE ( 'NONE', #314, #5562, #661, .T. ) ;
#7138 = ORIENTED_EDGE ( 'NONE', *, *, #8648, .T. ) ;
#7139 = AXIS2_PLACEMENT_3D ( 'NONE', #8818, #8625, #6713 ) ;
#7140 = VECTOR ( 'NONE', #3271, 39.37007874015748143 ) ;
#7141 = CARTESIAN_POINT ( 'NONE',  ( 0.07795275590551181688, 0.000000000000000000, 0.01003937007874015040 ) ) ;
#7142 = CARTESIAN_POINT ( 'NONE',  ( 0.06692913385826775030, 0.02736220472440944324, 0.07761836027346888378 ) ) ;
#7143 = AXIS2_PLACEMENT_3D ( 'NONE', #6786, #5528, #8287 ) ;
#7144 = ADVANCED_FACE ( 'NONE', ( #3424 ), #8272, .F. ) ;
#7145 = UNCERTAINTY_MEASURE_WITH_UNIT (LENGTH_MEASURE( 1.000000000000000082E-05 ), #1366, 'distance_accuracy_value', 'NONE');
#7146 = DIRECTION ( 'NONE',  ( -1.000000000000000000, -0.000000000000000000, -0.000000000000000000 ) ) ;
#7147 = DIRECTION ( 'NONE',  ( 0.000000000000000000, -0.000000000000000000, 1.000000000000000000 ) ) ;
#7148 = ORIENTED_EDGE ( 'NONE', *, *, #7974, .T. ) ;
#7149 = ORIENTED_EDGE ( 'NONE', *, *, #4476, .F. ) ;
#7150 = VECTOR ( 'NONE', #2367, 39.37007874015748143 ) ;
#7151 = PRESENTATION_STYLE_ASSIGNMENT (( #4346 ) ) ;
#7152 =( NAMED_UNIT ( * ) PLANE_ANGLE_UNIT ( ) SI_UNIT ( $, .RADIAN. ) );
#7153 = CARTESIAN_POINT ( 'NONE',  ( -0.07795275590551183076, 0.009842519685039373412, 0.01003937007874015040 ) ) ;
#7154 = CARTESIAN_POINT ( 'NONE',  ( 0.08503937007874018406, -2.134256245050205639E-18, 0.09695901468261183820 ) ) ;
#7155 = DIRECTION ( 'NONE',  ( 1.971091940197113801E-16, 0.000000000000000000, 1.000000000000000000 ) ) ;
#7156 = EDGE_CURVE ( 'NONE', #2948, #3332, #8405, .T. ) ;
#7157 = DIMENSIONAL_EXPONENTS ( 1.000000000000000000, 0.000000000000000000, 0.000000000000000000, 0.000000000000000000, 0.000000000000000000, 0.000000000000000000, 0.000000000000000000 ) ;
#7158 = CARTESIAN_POINT ( 'NONE',  ( -0.06692913385826769479, 0.01173508930892991006, 0.08667802955033566958 ) ) ;
#7159 = CARTESIAN_POINT ( 'NONE',  ( 0.07480314960629920462, 0.009842519685039369942, -0.09311023622047244486 ) ) ;
#7160 = ORIENTED_EDGE ( 'NONE', *, *, #2480, .F. ) ;
#7161 = LINE ( 'NONE', #5025, #7272 ) ;
#7162 = FACE_OUTER_BOUND ( 'NONE', #8247, .T. ) ;
#7163 =( NAMED_UNIT ( * ) PLANE_ANGLE_UNIT ( ) SI_UNIT ( $, .RADIAN. ) );
#7164 =( LENGTH_UNIT ( ) NAMED_UNIT ( * ) SI_UNIT ( $, .METRE. ) );
#7165 = SURFACE_SIDE_STYLE ('',( #2925 ) ) ;
#7166 = DIRECTION ( 'NONE',  ( 0.000000000000000000, 0.000000000000000000, -1.000000000000000000 ) ) ;
#7167 = ORIENTED_EDGE ( 'NONE', *, *, #6919, .T. ) ;
#7168 = ORIENTED_EDGE ( 'NONE', *, *, #1436, .T. ) ;
#7169 = VERTEX_POINT ( 'NONE', #7030 ) ;
#7170 = SURFACE_SIDE_STYLE ('',( #1097 ) ) ;
#7171 = DIMENSIONAL_EXPONENTS ( 1.000000000000000000, 0.000000000000000000, 0.000000000000000000, 0.000000000000000000, 0.000000000000000000, 0.000000000000000000, 0.000000000000000000 ) ;
#7172 = FACE_OUTER_BOUND ( 'NONE', #228, .T. ) ;
#7173 = SURFACE_SIDE_STYLE ('',( #4418 ) ) ;
#7174 =( LENGTH_UNIT ( ) NAMED_UNIT ( * ) SI_UNIT ( $, .METRE. ) );
#7175 = DIRECTION ( 'NONE',  ( 0.000000000000000000, -1.000000000000000000, 0.000000000000000000 ) ) ;
#7176 = EDGE_LOOP ( 'NONE', ( #7303, #7036, #7844, #4355 ) ) ;
#7177 = FILL_AREA_STYLE_COLOUR ( '', #6629 ) ;
#7178 =( CONVERSION_BASED_UNIT ( 'INCH', #4329 ) LENGTH_UNIT ( ) NAMED_UNIT ( #7214 ) );
#7179 = ADVANCED_FACE ( 'NONE', ( #1504 ), #7709, .F. ) ;
#7180 = STYLED_ITEM ( 'NONE', ( #4306 ), #4140 ) ;
#7181 = SURFACE_SIDE_STYLE ('',( #5843 ) ) ;
#7182 = DIRECTION ( 'NONE',  ( -1.000000000000000000, -0.000000000000000000, -0.000000000000000000 ) ) ;
#7183 = LENGTH_MEASURE_WITH_UNIT ( LENGTH_MEASURE( 0.02539999999999999897 ), #6436 );
#7184 = FACE_OUTER_BOUND ( 'NONE', #6726, .T. ) ;
#7185 = VERTEX_POINT ( 'NONE', #5511 ) ;
#7186 = PRESENTATION_LAYER_ASSIGNMENT (  '', '', ( #1364 ) ) ;
#7187 = ORIENTED_EDGE ( 'NONE', *, *, #8605, .T. ) ;
#7188 = EDGE_CURVE ( 'NONE', #1818, #1084, #2018, .T. ) ;
#7189 = FILL_AREA_STYLE ('',( #4389 ) ) ;
#7190 =( LENGTH_UNIT ( ) NAMED_UNIT ( * ) SI_UNIT ( $, .METRE. ) );
#7191 = SURFACE_SIDE_STYLE ('',( #4390 ) ) ;
#7192 = UNCERTAINTY_MEASURE_WITH_UNIT (LENGTH_MEASURE( 1.000000000000000082E-05 ), #775, 'distance_accuracy_value', 'NONE');
#7193 = CYLINDRICAL_SURFACE ( 'NONE', #3713, 0.005905511811023620231 ) ;
#7194 = DIRECTION ( 'NONE',  ( 0.000000000000000000, -1.000000000000000000, 0.000000000000000000 ) ) ;
#7196 = DIRECTION ( 'NONE',  ( 1.000000000000000000, 0.000000000000000000, 0.000000000000000000 ) ) ;
#7195 = MECHANICAL_DESIGN_GEOMETRIC_PRESENTATION_REPRESENTATION (  '', ( #2101 ), #7925 ) ;
#7197 = MECHANICAL_DESIGN_GEOMETRIC_PRESENTATION_REPRESENTATION (  '', ( #1951 ), #4710 ) ;
#7198 = CARTESIAN_POINT ( 'NONE',  ( -0.03307086614173226219, -0.003584687981864217131, 0.1040280696203075700 ) ) ;
#7199 = ORIENTED_EDGE ( 'NONE', *, *, #6925, .F. ) ;
#7200 = DIRECTION ( 'NONE',  ( 0.000000000000000000, -0.9659258262890682012, 0.2588190451025212946 ) ) ;
#7201 = SURFACE_STYLE_USAGE ( .BOTH. , #7070 ) ;
#7202 = EDGE_CURVE ( 'NONE', #8370, #7086, #3648, .T. ) ;
#7203 = DIRECTION ( 'NONE',  ( -0.000000000000000000, -0.7521705405901403241, 0.6589684953534089562 ) ) ;
#7204 = COLOUR_RGB ( '',0.7921568627450980005, 0.8196078431372548767, 0.9333333333333333481 ) ;
#7205 = SHAPE_DEFINITION_REPRESENTATION ( #689, #8967 ) ;
#7206 = CARTESIAN_POINT ( 'NONE',  ( -0.07795275590551181688, 0.000000000000000000, 0.01909448818897638636 ) ) ;
#7207 = DIRECTION ( 'NONE',  ( -0.000000000000000000, 0.000000000000000000, -1.000000000000000000 ) ) ;
#7208 = ADVANCED_FACE ( 'NONE', ( #8678 ), #6451, .F. ) ;
#7209 = DIRECTION ( 'NONE',  ( 1.000000000000000000, 0.000000000000000000, -0.000000000000000000 ) ) ;
#7210 = ORIENTED_EDGE ( 'NONE', *, *, #7659, .F. ) ;
#7211 = ORIENTED_EDGE ( 'NONE', *, *, #4767, .T. ) ;
#7212 = CARTESIAN_POINT ( 'NONE',  ( -0.09242075248266307108, -8.003460918938271148E-19, 0.004527559055118104102 ) ) ;
#7213 = AXIS2_PLACEMENT_3D ( 'NONE', #3915, #6802, #6721 ) ;
#7214 = DIMENSIONAL_EXPONENTS ( 1.000000000000000000, 0.000000000000000000, 0.000000000000000000, 0.000000000000000000, 0.000000000000000000, 0.000000000000000000, 0.000000000000000000 ) ;
#7215 = AXIS2_PLACEMENT_3D ( 'NONE', #7655, #8999, #2733 ) ;
#7216 = ORIENTED_EDGE ( 'NONE', *, *, #2201, .T. ) ;
#7217 = ADVANCED_FACE ( 'NONE', ( #6490 ), #3781, .F. ) ;
#7218 = CARTESIAN_POINT ( 'NONE',  ( -0.09645669291338584972, 0.009842519685039373412, -0.1163385826771653475 ) ) ;
#7219 = LENGTH_MEASURE_WITH_UNIT ( LENGTH_MEASURE( 0.02539999999999999897 ), #6498 );
#7220 = SURFACE_SIDE_STYLE ('',( #4417 ) ) ;
#7221 = PRESENTATION_STYLE_ASSIGNMENT (( #914 ) ) ;
#7222 = AXIS2_PLACEMENT_3D ( 'NONE', #7912, #3573, #832 ) ;
#7223 = DIRECTION ( 'NONE',  ( -1.000000000000000000, -0.000000000000000000, -0.000000000000000000 ) ) ;
#7224 = PRESENTATION_STYLE_ASSIGNMENT (( #3836 ) ) ;
#7225 = ORIENTED_EDGE ( 'NONE', *, *, #8648, .F. ) ;
#7226 = CARTESIAN_POINT ( 'NONE',  ( 0.09783464566929132855, 0.2556786355646874509, 0.004527559055118110173 ) ) ;
#7227 = ORIENTED_EDGE ( 'NONE', *, *, #3515, .F. ) ;
#7228 = EDGE_LOOP ( 'NONE', ( #1711, #5368, #5766, #8536 ) ) ;
#7229 = VECTOR ( 'NONE', #8378, 39.37007874015748143 ) ;
#7230 = PRESENTATION_STYLE_ASSIGNMENT (( #8058 ) ) ;
#7231 = PRESENTATION_STYLE_ASSIGNMENT (( #413 ) ) ;
#7232 = DIRECTION ( 'NONE',  ( 1.000000000000000000, 0.000000000000000000, 0.000000000000000000 ) ) ;
#7233 = COLOUR_RGB ( '',0.2509803921568627416, 0.2509803921568627416, 0.2509803921568627416 ) ;
#7234 = DIMENSIONAL_EXPONENTS ( 1.000000000000000000, 0.000000000000000000, 0.000000000000000000, 0.000000000000000000, 0.000000000000000000, 0.000000000000000000, 0.000000000000000000 ) ;
#7235 =( CONVERSION_BASED_UNIT ( 'INCH', #3576 ) LENGTH_UNIT ( ) NAMED_UNIT ( #823 ) );
#7236 = CARTESIAN_POINT ( 'NONE',  ( -0.07480314960629920462, 0.04488188976377952694, 0.05925196850393700532 ) ) ;
#7237 = ORIENTED_EDGE ( 'NONE', *, *, #3553, .T. ) ;
#7238 = EDGE_CURVE ( 'NONE', #7615, #6856, #7313, .T. ) ;
#7239 = DIMENSIONAL_EXPONENTS ( 1.000000000000000000, 0.000000000000000000, 0.000000000000000000, 0.000000000000000000, 0.000000000000000000, 0.000000000000000000, 0.000000000000000000 ) ;
#7240 = ORIENTED_EDGE ( 'NONE', *, *, #3140, .F. ) ;
#7241 = AXIS2_PLACEMENT_3D ( 'NONE', #4692, #3331, #6756 ) ;
#7242 = CARTESIAN_POINT ( 'NONE',  ( 0.06692913385826773642, 0.006485910387336710561, 0.1043622680348770537 ) ) ;
#7243 = FILL_AREA_STYLE_COLOUR ( '', #7716 ) ;
#7244 = CARTESIAN_POINT ( 'NONE',  ( 0.01692913385826774059, 0.02244094488188976694, 0.07893700787401573826 ) ) ;
#7245 = LINE ( 'NONE', #1678, #4429 ) ;
#7246 = CARTESIAN_POINT ( 'NONE',  ( -0.07480314960629921850, 0.2556786355646874509, -0.1049212598425196818 ) ) ;
#7247 =( GEOMETRIC_REPRESENTATION_CONTEXT ( 3 ) GLOBAL_UNCERTAINTY_ASSIGNED_CONTEXT ( ( #7917 ) ) GLOBAL_UNIT_ASSIGNED_CONTEXT ( ( #2049, #6887, #6927 ) ) REPRESENTATION_CONTEXT ( 'NONE', 'WORKASPACE' ) );
#7248 = ORIENTED_EDGE ( 'NONE', *, *, #4874, .F. ) ;
#7249 = CARTESIAN_POINT ( 'NONE',  ( 0.01496062992125986486, 0.02653119753051446511, 0.08453805796773562753 ) ) ;
#7250 =( LENGTH_UNIT ( ) NAMED_UNIT ( * ) SI_UNIT ( $, .METRE. ) );
#7251 = SURFACE_STYLE_FILL_AREA ( #5067 ) ;
#7252 = DIRECTION ( 'NONE',  ( 1.000000000000000000, 0.000000000000000000, 0.000000000000000000 ) ) ;
#7253 = FILL_AREA_STYLE_COLOUR ( '', #3500 ) ;
#7254 = FACE_OUTER_BOUND ( 'NONE', #2462, .T. ) ;
#7255 = PRESENTATION_LAYER_ASSIGNMENT (  '', '', ( #573 ) ) ;
#7256 = DIRECTION ( 'NONE',  ( -0.000000000000000000, 0.2164396139380967699, 0.9762960071199346945 ) ) ;
#7257 = FACE_OUTER_BOUND ( 'NONE', #6561, .T. ) ;
#7258 = SURFACE_SIDE_STYLE ('',( #8494 ) ) ;
#7259 = EDGE_CURVE ( 'NONE', #6029, #4367, #6581, .T. ) ;
#7260 = ORIENTED_EDGE ( 'NONE', *, *, #1194, .F. ) ;
#7261 = ORIENTED_EDGE ( 'NONE', *, *, #5144, .F. ) ;
#7262 = FACE_OUTER_BOUND ( 'NONE', #7999, .T. ) ;
#7263 = FACE_OUTER_BOUND ( 'NONE', #2263, .T. ) ;
#7264 = CARTESIAN_POINT ( 'NONE',  ( -0.09645669291338584972, 0.000000000000000000, -0.1049212598425196680 ) ) ;
#7265 = MECHANICAL_DESIGN_GEOMETRIC_PRESENTATION_REPRESENTATION (  '', ( #2160 ), #2746 ) ;
#7266 =( NAMED_UNIT ( * ) SI_UNIT ( $, .STERADIAN. ) SOLID_ANGLE_UNIT ( ) );
#7267 = AXIS2_PLACEMENT_3D ( 'NONE', #3662, #6505, #2342 ) ;
#7268 = DIRECTION ( 'NONE',  ( 0.000000000000000000, -0.9396926207859079838, -0.3420201433256699342 ) ) ;
#7269 = LINE ( 'NONE', #1707, #3046 ) ;
#7270 =( GEOMETRIC_REPRESENTATION_CONTEXT ( 3 ) GLOBAL_UNCERTAINTY_ASSIGNED_CONTEXT ( ( #5608 ) ) GLOBAL_UNIT_ASSIGNED_CONTEXT ( ( #4811, #9013, #4094 ) ) REPRESENTATION_CONTEXT ( 'NONE', 'WORKASPACE' ) );
#7271 = PRESENTATION_STYLE_ASSIGNMENT (( #5229 ) ) ;
#7272 = VECTOR ( 'NONE', #7200, 39.37007874015748854 ) ;
#7273 = LINE ( 'NONE', #1759, #5649 ) ;
#7274 = ORIENTED_EDGE ( 'NONE', *, *, #4928, .T. ) ;
#7275 = ORIENTED_EDGE ( 'NONE', *, *, #2537, .T. ) ;
#7276 = VECTOR ( 'NONE', #4035, 39.37007874015748854 ) ;
#7277 =( GEOMETRIC_REPRESENTATION_CONTEXT ( 3 ) GLOBAL_UNCERTAINTY_ASSIGNED_CONTEXT ( ( #604 ) ) GLOBAL_UNIT_ASSIGNED_CONTEXT ( ( #2320, #3199, #3778 ) ) REPRESENTATION_CONTEXT ( 'NONE', 'WORKASPACE' ) );
#7278 = STYLED_ITEM ( 'NONE', ( #8376 ), #1464 ) ;
#7279 = STYLED_ITEM ( 'NONE', ( #1013 ), #2131 ) ;
#7280 = EDGE_LOOP ( 'NONE', ( #6840, #7297, #7187, #8673, #452, #4548, #4014 ) ) ;
#7281 = STYLED_ITEM ( 'NONE', ( #2217 ), #418 ) ;
#7282 = CARTESIAN_POINT ( 'NONE',  ( -0.01496062992125982496, 0.02244094488188976347, 0.07893700787401573826 ) ) ;
#7283 = CARTESIAN_POINT ( 'NONE',  ( 0.06692913385826775030, 0.01751968503937007329, 0.07846314444784678599 ) ) ;
#7284 = CARTESIAN_POINT ( 'NONE',  ( 0.08307086614173231354, 0.006220377944235661906, 0.1048859017339656141 ) ) ;
#7285 = AXIS2_PLACEMENT_3D ( 'NONE', #6914, #4143, #126 ) ;
#7286 = DIRECTION ( 'NONE',  ( 0.9848077530122077983, 0.1736481776669320520, 0.000000000000000000 ) ) ;
#7287 = DIRECTION ( 'NONE',  ( 1.000000000000000000, 0.000000000000000000, 0.000000000000000000 ) ) ;
#7288 = AXIS2_PLACEMENT_3D ( 'NONE', #860, #203, #7209 ) ;
#7289 = COLOUR_RGB ( '',0.7921568627450980005, 0.8196078431372548767, 0.9333333333333333481 ) ;
#7290 = FILL_AREA_STYLE_COLOUR ( '', #5571 ) ;
#7291 = PRESENTATION_LAYER_ASSIGNMENT (  '', '', ( #4059 ) ) ;
#7292 = LINE ( 'NONE', #1912, #1597 ) ;
#7293 = ORIENTED_EDGE ( 'NONE', *, *, #8851, .F. ) ;
#7294 = MECHANICAL_DESIGN_GEOMETRIC_PRESENTATION_REPRESENTATION (  '', ( #2328 ), #5700 ) ;
#7295 = STYLED_ITEM ( 'NONE', ( #5785 ), #1831 ) ;
#7296 = UNCERTAINTY_MEASURE_WITH_UNIT (LENGTH_MEASURE( 1.000000000000000082E-05 ), #7691, 'distance_accuracy_value', 'NONE');
#7297 = ORIENTED_EDGE ( 'NONE', *, *, #7331, .T. ) ;
#7298 = CARTESIAN_POINT ( 'NONE',  ( 0.03307086614173231076, 0.02736220472440943630, 0.07982518197702757889 ) ) ;
#7299 = STYLED_ITEM ( 'NONE', ( #8893 ), #3216 ) ;
#7300 = LENGTH_MEASURE_WITH_UNIT ( LENGTH_MEASURE( 0.02539999999999999897 ), #6039 );
#7301 = PRESENTATION_LAYER_ASSIGNMENT (  '', '', ( #7723 ) ) ;
#7302 = LENGTH_MEASURE_WITH_UNIT ( LENGTH_MEASURE( 0.02539999999999999897 ), #4394 );
#7303 = ORIENTED_EDGE ( 'NONE', *, *, #5782, .T. ) ;
#7304 = ORIENTED_EDGE ( 'NONE', *, *, #8966, .F. ) ;
#7305 = PRESENTATION_STYLE_ASSIGNMENT (( #4308 ) ) ;
#7306 = CARTESIAN_POINT ( 'NONE',  ( -0.1009842519685039408, 0.009842519685039376881, -0.001377952755905503552 ) ) ;
#7307 = CIRCLE ( 'NONE', #478, 0.01377952755905510404 ) ;
#7308 = DIMENSIONAL_EXPONENTS ( 1.000000000000000000, 0.000000000000000000, 0.000000000000000000, 0.000000000000000000, 0.000000000000000000, 0.000000000000000000, 0.000000000000000000 ) ;
#7309 = SURFACE_SIDE_STYLE ('',( #4509 ) ) ;
#7310 = DIRECTION ( 'NONE',  ( 1.000000000000000000, 0.000000000000000000, 0.000000000000000000 ) ) ;
#7311 = CARTESIAN_POINT ( 'NONE',  ( 0.03503937007874018128, 0.006220377944235639354, 0.1048859017339656141 ) ) ;
#7312 = DIMENSIONAL_EXPONENTS ( 1.000000000000000000, 0.000000000000000000, 0.000000000000000000, 0.000000000000000000, 0.000000000000000000, 0.000000000000000000, 0.000000000000000000 ) ;
#7313 = LINE ( 'NONE', #1552, #6237 ) ;
#7314 = FILL_AREA_STYLE_COLOUR ( '', #146 ) ;
#7315 = EDGE_CURVE ( 'NONE', #6065, #5484, #4554, .T. ) ;
#7316 = LINE ( 'NONE', #7980, #4912 ) ;
#7317 = ORIENTED_EDGE ( 'NONE', *, *, #3893, .T. ) ;
#7318 = ORIENTED_EDGE ( 'NONE', *, *, #2433, .F. ) ;
#7319 = LINE ( 'NONE', #2974, #8173 ) ;
#7320 = FACE_OUTER_BOUND ( 'NONE', #5915, .T. ) ;
#7321 = EDGE_LOOP ( 'NONE', ( #7678, #4273, #4055, #7392, #3283, #8907, #408, #4307 ) ) ;
#7322 =( NAMED_UNIT ( * ) SI_UNIT ( $, .STERADIAN. ) SOLID_ANGLE_UNIT ( ) );
#7323 = VERTEX_POINT ( 'NONE', #2454 ) ;
#7324 = ORIENTED_EDGE ( 'NONE', *, *, #2908, .T. ) ;
#7325 = CARTESIAN_POINT ( 'NONE',  ( 0.07480314960629921850, 0.2556786355646874509, -0.09092820213934121876 ) ) ;
#7326 = CARTESIAN_POINT ( 'NONE',  ( -0.06496062992125982427, 0.02266295170762570171, 0.09018973667019880569 ) ) ;
#7327 = SURFACE_STYLE_USAGE ( .BOTH. , #1848 ) ;
#7328 = FILL_AREA_STYLE_COLOUR ( '', #5103 ) ;
#7329 = DIRECTION ( 'NONE',  ( -1.000000000000000000, -0.000000000000000000, -0.000000000000000000 ) ) ;
#7330 = DIRECTION ( 'NONE',  ( 0.000000000000000000, -0.000000000000000000, 1.000000000000000000 ) ) ;
#7331 = EDGE_CURVE ( 'NONE', #1674, #1659, #7387, .T. ) ;
#7332 = CARTESIAN_POINT ( 'NONE',  ( 0.08503937007874018406, 0.01358267716535432532, 0.07982518197702757889 ) ) ;
#7333 = CARTESIAN_POINT ( 'NONE',  ( 0.03503937007874018128, 0.02266295170762570518, 0.09018973667019880569 ) ) ;
#7334 = EDGE_LOOP ( 'NONE', ( #3897, #5308 ) ) ;
#7335 = UNCERTAINTY_MEASURE_WITH_UNIT (LENGTH_MEASURE( 1.000000000000000082E-05 ), #6537, 'distance_accuracy_value', 'NONE');
#7336 = EDGE_CURVE ( 'NONE', #1980, #6029, #240, .T. ) ;
#7337 = AXIS2_PLACEMENT_3D ( 'NONE', #3896, #1176, #6077 ) ;
#7338 = LINE ( 'NONE', #2434, #436 ) ;
#7339 = CARTESIAN_POINT ( 'NONE',  ( 0.03307086614173231076, 0.02653119753051446511, 0.08453805796773562753 ) ) ;
#7340 =( NAMED_UNIT ( * ) SI_UNIT ( $, .STERADIAN. ) SOLID_ANGLE_UNIT ( ) );
#7341 = CARTESIAN_POINT ( 'NONE',  ( -0.09783464566929132855, 0.000000000000000000, 0.004527559055118105837 ) ) ;
#7342 = DIRECTION ( 'NONE',  ( 0.000000000000000000, 0.000000000000000000, 1.000000000000000000 ) ) ;
#7343 = ORIENTED_EDGE ( 'NONE', *, *, #7627, .T. ) ;
#7344 =( LENGTH_UNIT ( ) NAMED_UNIT ( * ) SI_UNIT ( $, .METRE. ) );
#7345 = ORIENTED_EDGE ( 'NONE', *, *, #5617, .T. ) ;
#7346 = PRESENTATION_LAYER_ASSIGNMENT (  '', '', ( #3402 ) ) ;
#7347 = CARTESIAN_POINT ( 'NONE',  ( -0.08287401574803150706, 0.000000000000000000, 0.01003937007874015040 ) ) ;
#7348 = CARTESIAN_POINT ( 'NONE',  ( 0.08307086614173231354, 0.02266295170762570171, 0.09018973667019880569 ) ) ;
#7349 = LENGTH_MEASURE_WITH_UNIT ( LENGTH_MEASURE( 0.02539999999999999897 ), #4510 );
#7350 =( GEOMETRIC_REPRESENTATION_CONTEXT ( 3 ) GLOBAL_UNCERTAINTY_ASSIGNED_CONTEXT ( ( #5354 ) ) GLOBAL_UNIT_ASSIGNED_CONTEXT ( ( #5863, #3095, #1087 ) ) REPRESENTATION_CONTEXT ( 'NONE', 'WORKASPACE' ) );
#7351 = FILL_AREA_STYLE ('',( #7314 ) ) ;
#7352 = DIRECTION ( 'NONE',  ( 0.000000000000000000, 0.7521705405901426555, -0.6589684953534065137 ) ) ;
#7353 = VERTEX_POINT ( 'NONE', #7446 ) ;
#7354 = ORIENTED_EDGE ( 'NONE', *, *, #5345, .F. ) ;
#7355 = LINE ( 'NONE', #529, #3372 ) ;
#7356 = ADVANCED_FACE ( 'NONE', ( #3251 ), #8081, .F. ) ;
#7357 = STYLED_ITEM ( 'NONE', ( #646 ), #4911 ) ;
#7358 = EDGE_CURVE ( 'NONE', #8568, #8409, #3338, .T. ) ;
#7359 = CARTESIAN_POINT ( 'NONE',  ( 0.09645669291338584972, 0.2556786355646874509, -0.1163385826771653475 ) ) ;
#7360 =( NAMED_UNIT ( * ) SI_UNIT ( $, .STERADIAN. ) SOLID_ANGLE_UNIT ( ) );
#7361 = CARTESIAN_POINT ( 'NONE',  ( -0.09783464566929132855, 0.2556786355646874509, -0.004527559055118117112 ) ) ;
#7362 = DIRECTION ( 'NONE',  ( -0.000000000000000000, 1.000000000000000000, 0.000000000000000000 ) ) ;
#7363 = CYLINDRICAL_SURFACE ( 'NONE', #1317, 0.003149606299212602718 ) ;
#7364 = VECTOR ( 'NONE', #256, 39.37007874015748143 ) ;
#7365 = AXIS2_PLACEMENT_3D ( 'NONE', #994, #4513, #2407 ) ;
#7366 = EDGE_LOOP ( 'NONE', ( #4276, #120, #8108, #426 ) ) ;
#7367 = DIMENSIONAL_EXPONENTS ( 1.000000000000000000, 0.000000000000000000, 0.000000000000000000, 0.000000000000000000, 0.000000000000000000, 0.000000000000000000, 0.000000000000000000 ) ;
#7368 = ORIENTED_EDGE ( 'NONE', *, *, #630, .T. ) ;
#7369 = VERTEX_POINT ( 'NONE', #1929 ) ;
#7370 =( LENGTH_UNIT ( ) NAMED_UNIT ( * ) SI_UNIT ( $, .METRE. ) );
#7371 = DIRECTION ( 'NONE',  ( 0.000000000000000000, -0.6589684953534090672, -0.7521705405901404351 ) ) ;
#7372 = DIRECTION ( 'NONE',  ( 0.000000000000000000, -2.168404344971050204E-14, 1.000000000000000000 ) ) ;
#7373 = CARTESIAN_POINT ( 'NONE',  ( -0.03307086614173226219, 3.201384367575308459E-18, 0.09695901468261183820 ) ) ;
#7374 = LINE ( 'NONE', #1029, #1695 ) ;
#7375 = LINE ( 'NONE', #1170, #2714 ) ;
#7376 = SURFACE_STYLE_USAGE ( .BOTH. , #5388 ) ;
#7377 = AXIS2_PLACEMENT_3D ( 'NONE', #2593, #6609, #3902 ) ;
#7378 =( NAMED_UNIT ( * ) SI_UNIT ( $, .STERADIAN. ) SOLID_ANGLE_UNIT ( ) );
#7379 = EDGE_CURVE ( 'NONE', #4136, #5381, #433, .T. ) ;
#7380 = SURFACE_STYLE_USAGE ( .BOTH. , #4584 ) ;
#7381 = CARTESIAN_POINT ( 'NONE',  ( -0.05413385826771655029, 0.009842519685039369942, -0.09311023622047244486 ) ) ;
#7382 = ORIENTED_EDGE ( 'NONE', *, *, #2647, .T. ) ;
#7383 = UNCERTAINTY_MEASURE_WITH_UNIT (LENGTH_MEASURE( 1.000000000000000082E-05 ), #7235, 'distance_accuracy_value', 'NONE');
#7384 = EDGE_CURVE ( 'NONE', #8727, #1345, #6145, .T. ) ;
#7385 =( NAMED_UNIT ( * ) SI_UNIT ( $, .STERADIAN. ) SOLID_ANGLE_UNIT ( ) );
#7386 = SURFACE_STYLE_FILL_AREA ( #5449 ) ;
#7387 = CIRCLE ( 'NONE', #2258, 0.003937007874015758385 ) ;
#7388 = CARTESIAN_POINT ( 'NONE',  ( -0.09645669291338589135, 0.009842519685039369942, -0.09311023622047244486 ) ) ;
#7389 = LINE ( 'NONE', #375, #6423 ) ;
#7390 =( GEOMETRIC_REPRESENTATION_CONTEXT ( 3 ) GLOBAL_UNCERTAINTY_ASSIGNED_CONTEXT ( ( #1221 ) ) GLOBAL_UNIT_ASSIGNED_CONTEXT ( ( #1987, #1852, #5481 ) ) REPRESENTATION_CONTEXT ( 'NONE', 'WORKASPACE' ) );
#7391 =( NAMED_UNIT ( * ) PLANE_ANGLE_UNIT ( ) SI_UNIT ( $, .RADIAN. ) );
#7392 = ORIENTED_EDGE ( 'NONE', *, *, #7336, .F. ) ;
#7393 = LINE ( 'NONE', #6569, #8905 ) ;
#7394 = SURFACE_STYLE_USAGE ( .BOTH. , #5311 ) ;
#7395 = AXIS2_PLACEMENT_3D ( 'NONE', #4982, #1456, #4932 ) ;
#7396 = DIMENSIONAL_EXPONENTS ( 1.000000000000000000, 0.000000000000000000, 0.000000000000000000, 0.000000000000000000, 0.000000000000000000, 0.000000000000000000, 0.000000000000000000 ) ;
#7397 = EDGE_CURVE ( 'NONE', #8372, #1993, #3201, .T. ) ;
#7398 = SURFACE_STYLE_USAGE ( .BOTH. , #8913 ) ;
#7399 =( NAMED_UNIT ( * ) SI_UNIT ( $, .STERADIAN. ) SOLID_ANGLE_UNIT ( ) );
#7400 = DIRECTION ( 'NONE',  ( 0.000000000000000000, 0.9961946980917454342, 0.08715574274765874874 ) ) ;
#7401 = MECHANICAL_DESIGN_GEOMETRIC_PRESENTATION_REPRESENTATION (  '', ( #125 ), #7247 ) ;
#7402 = DIRECTION ( 'NONE',  ( 0.000000000000000000, 1.000000000000000000, 0.000000000000000000 ) ) ;
#7403 = VERTEX_POINT ( 'NONE', #6099 ) ;
#7404 = ORIENTED_EDGE ( 'NONE', *, *, #8621, .T. ) ;
#7405 = DIRECTION ( 'NONE',  ( 1.000000000000000000, 0.000000000000000000, 0.000000000000000000 ) ) ;
#7406 = EDGE_CURVE ( 'NONE', #5562, #8152, #1237, .T. ) ;
#7407 = CARTESIAN_POINT ( 'NONE',  ( -0.06692913385826769479, 0.006485910387336710561, 0.1043622680348770537 ) ) ;
#7408 = CIRCLE ( 'NONE', #4032, 0.01062992125984252995 ) ;
#7409 = VERTEX_POINT ( 'NONE', #4598 ) ;
#7410 = ORIENTED_EDGE ( 'NONE', *, *, #6760, .F. ) ;
#7411 = ORIENTED_EDGE ( 'NONE', *, *, #5603, .T. ) ;
#7412 = SURFACE_STYLE_USAGE ( .BOTH. , #8101 ) ;
#7413 = DIRECTION ( 'NONE',  ( 1.000000000000000000, 0.000000000000000000, 0.000000000000000000 ) ) ;
#7414 = DIRECTION ( 'NONE',  ( -0.000000000000000000, 0.9396926207859079838, 0.3420201433256699342 ) ) ;
#7415 = DIRECTION ( 'NONE',  ( 0.000000000000000000, -0.9396926207859079838, -0.3420201433256699342 ) ) ;
#7416 = FILL_AREA_STYLE_COLOUR ( '', #1266 ) ;
#7417 = ADVANCED_FACE ( 'NONE', ( #4700 ), #7486, .T. ) ;
#7418 = DIRECTION ( 'NONE',  ( 0.9848077530122077983, 0.1736481776669320520, 0.000000000000000000 ) ) ;
#7419 =( GEOMETRIC_REPRESENTATION_CONTEXT ( 3 ) GLOBAL_UNCERTAINTY_ASSIGNED_CONTEXT ( ( #8563 ) ) GLOBAL_UNIT_ASSIGNED_CONTEXT ( ( #5702, #2165, #7012 ) ) REPRESENTATION_CONTEXT ( 'NONE', 'WORKASPACE' ) );
#7420 = VECTOR ( 'NONE', #2884, 39.37007874015748143 ) ;
#7421 = PRESENTATION_STYLE_ASSIGNMENT (( #3851 ) ) ;
#7422 = FILL_AREA_STYLE_COLOUR ( '', #4399 ) ;
#7423 = VERTEX_POINT ( 'NONE', #4080 ) ;
#7424 =( GEOMETRIC_REPRESENTATION_CONTEXT ( 3 ) GLOBAL_UNCERTAINTY_ASSIGNED_CONTEXT ( ( #4383 ) ) GLOBAL_UNIT_ASSIGNED_CONTEXT ( ( #5206, #3723, #2403 ) ) REPRESENTATION_CONTEXT ( 'NONE', 'WORKASPACE' ) );
#7425 = UNCERTAINTY_MEASURE_WITH_UNIT (LENGTH_MEASURE( 1.000000000000000082E-05 ), #8367, 'distance_accuracy_value', 'NONE');
#7426 = PRESENTATION_LAYER_ASSIGNMENT (  '', '', ( #3771 ) ) ;
#7427 = DIRECTION ( 'NONE',  ( 0.000000000000000000, 2.633062418893370729E-15, 1.000000000000000000 ) ) ;
#7428 = SURFACE_STYLE_USAGE ( .BOTH. , #5487 ) ;
#7429 = EDGE_CURVE ( 'NONE', #919, #5728, #4930, .T. ) ;
#7430 = VERTEX_POINT ( 'NONE', #7534 ) ;
#7431 = UNCERTAINTY_MEASURE_WITH_UNIT (LENGTH_MEASURE( 1.000000000000000082E-05 ), #384, 'distance_accuracy_value', 'NONE');
#7432 = FACE_OUTER_BOUND ( 'NONE', #5564, .T. ) ;
#7433 = DIRECTION ( 'NONE',  ( 0.000000000000000000, -0.9659258262890679791, 0.2588190451025212391 ) ) ;
#7434 = VECTOR ( 'NONE', #7147, 39.37007874015748143 ) ;
#7435 = COLOUR_RGB ( '',0.7921568627450980005, 0.8196078431372548767, 0.9333333333333333481 ) ;
#7436 = EDGE_LOOP ( 'NONE', ( #1879, #4244, #1631, #5662 ) ) ;
#7437 = VECTOR ( 'NONE', #1211, 39.37007874015748143 ) ;
#7438 = MECHANICAL_DESIGN_GEOMETRIC_PRESENTATION_REPRESENTATION (  '', ( #312 ), #3355 ) ;
#7439 =( GEOMETRIC_REPRESENTATION_CONTEXT ( 3 ) GLOBAL_UNCERTAINTY_ASSIGNED_CONTEXT ( ( #3382 ) ) GLOBAL_UNIT_ASSIGNED_CONTEXT ( ( #3847, #8701, #2942 ) ) REPRESENTATION_CONTEXT ( 'NONE', 'WORKASPACE' ) );
#7440 = LENGTH_MEASURE_WITH_UNIT ( LENGTH_MEASURE( 0.02539999999999999897 ), #1868 );
#7441 = CARTESIAN_POINT ( 'NONE',  ( -0.01496062992125982496, 0.01822099969626658419, 0.09408128290260084348 ) ) ;
#7442 =( GEOMETRIC_REPRESENTATION_CONTEXT ( 3 ) GLOBAL_UNCERTAINTY_ASSIGNED_CONTEXT ( ( #7145 ) ) GLOBAL_UNIT_ASSIGNED_CONTEXT ( ( #1366, #2098, #771 ) ) REPRESENTATION_CONTEXT ( 'NONE', 'WORKASPACE' ) );
#7443 = SURFACE_STYLE_FILL_AREA ( #4596 ) ;
#7444 = VECTOR ( 'NONE', #5440, 39.37007874015748143 ) ;
#7445 = FILL_AREA_STYLE ('',( #7573 ) ) ;
#7446 = CARTESIAN_POINT ( 'NONE',  ( 0.03307086614173231076, 0.01728225441254295155, 0.08117171797437273961 ) ) ;
#7447 = PLANE ( 'NONE',  #3472 ) ;
#7448 = SURFACE_SIDE_STYLE ('',( #2510 ) ) ;
#7449 = PRESENTATION_LAYER_ASSIGNMENT (  '', '', ( #8326 ) ) ;
#7450 = COLOUR_RGB ( '',0.7921568627450980005, 0.8196078431372548767, 0.9333333333333333481 ) ;
#7451 = EDGE_LOOP ( 'NONE', ( #6711, #237, #8659, #2544, #538, #4847, #6454, #2249 ) ) ;
#7452 = ORIENTED_EDGE ( 'NONE', *, *, #6838, .F. ) ;
#7453 = LINE ( 'NONE', #5418, #3068 ) ;
#7454 = SURFACE_STYLE_FILL_AREA ( #6196 ) ;
#7455 = FACE_OUTER_BOUND ( 'NONE', #7715, .T. ) ;
#7456 = DIRECTION ( 'NONE',  ( 0.000000000000000000, 0.000000000000000000, 1.000000000000000000 ) ) ;
#7457 = VECTOR ( 'NONE', #4358, 39.37007874015748143 ) ;
#7458 = LINE ( 'NONE', #3970, #1090 ) ;
#7459 = DIRECTION ( 'NONE',  ( 0.000000000000000000, -0.9961946980917456562, -0.08715574274765740259 ) ) ;
#7460 = LINE ( 'NONE', #7499, #3775 ) ;
#7461 = ORIENTED_EDGE ( 'NONE', *, *, #7929, .T. ) ;
#7462 = ORIENTED_EDGE ( 'NONE', *, *, #1282, .F. ) ;
#7463 = VERTEX_POINT ( 'NONE', #5595 ) ;
#7464 = PRESENTATION_STYLE_ASSIGNMENT (( #8934 ) ) ;
#7465 = DIRECTION ( 'NONE',  ( -0.000000000000000000, 1.000000000000000000, 0.000000000000000000 ) ) ;
#7466 = DIRECTION ( 'NONE',  ( 0.000000000000000000, 0.7521705405901417674, -0.6589684953534074019 ) ) ;
#7467 = PLANE ( 'NONE',  #7285 ) ;
#7468 = DIRECTION ( 'NONE',  ( 1.000000000000000000, 0.000000000000000000, -0.000000000000000000 ) ) ;
#7469 = DIRECTION ( 'NONE',  ( 1.000000000000000000, 0.000000000000000000, 0.000000000000000000 ) ) ;
#7470 = DIRECTION ( 'NONE',  ( -1.000000000000000000, -0.000000000000000000, -0.000000000000000000 ) ) ;
#7471 = PLANE ( 'NONE',  #5666 ) ;
#7472 = LINE ( 'NONE', #1217, #5561 ) ;
#7473 = DIRECTION ( 'NONE',  ( -0.000000000000000000, -1.000000000000000000, 0.000000000000000000 ) ) ;
#7474 = VERTEX_POINT ( 'NONE', #726 ) ;
#7475 = EDGE_CURVE ( 'NONE', #540, #4341, #4218, .T. ) ;
#7476 = ORIENTED_EDGE ( 'NONE', *, *, #7238, .F. ) ;
#7477 =( NAMED_UNIT ( * ) PLANE_ANGLE_UNIT ( ) SI_UNIT ( $, .RADIAN. ) );
#7478 = PLANE ( 'NONE',  #1558 ) ;
#7479 = VERTEX_POINT ( 'NONE', #2814 ) ;
#7480 = CARTESIAN_POINT ( 'NONE',  ( 0.06692913385826773642, 0.01751968503937007329, 0.07982518197702757889 ) ) ;
#7481 = CARTESIAN_POINT ( 'NONE',  ( -0.03307086614173226219, 0.01358267716535432532, 0.07982518197702757889 ) ) ;
#7482 = SURFACE_STYLE_USAGE ( .BOTH. , #682 ) ;
#7483 = VECTOR ( 'NONE', #3773, 39.37007874015748143 ) ;
#7484 = DIRECTION ( 'NONE',  ( 0.1696518885279535704, 0.9621436710723731967, -0.2133021165724233170 ) ) ;
#7485 =( NAMED_UNIT ( * ) SI_UNIT ( $, .STERADIAN. ) SOLID_ANGLE_UNIT ( ) );
#7486 = PLANE ( 'NONE',  #1533 ) ;
#7487 = LINE ( 'NONE', #4600, #3047 ) ;
#7488 = ORIENTED_EDGE ( 'NONE', *, *, #8279, .T. ) ;
#7489 = EDGE_LOOP ( 'NONE', ( #5248, #1971, #5521, #1022 ) ) ;
#7490 = ADVANCED_FACE ( 'NONE', ( #6849 ), #2061, .F. ) ;
#7491 = UNCERTAINTY_MEASURE_WITH_UNIT (LENGTH_MEASURE( 1.000000000000000082E-05 ), #1705, 'distance_accuracy_value', 'NONE');
#7492 = SURFACE_SIDE_STYLE ('',( #2738 ) ) ;
#7493 = AXIS2_PLACEMENT_3D ( 'NONE', #7550, #499, #666 ) ;
#7494 = VECTOR ( 'NONE', #1790, 39.37007874015748143 ) ;
#7495 = FILL_AREA_STYLE_COLOUR ( '', #7289 ) ;
#7496 =( CONVERSION_BASED_UNIT ( 'INCH', #4709 ) LENGTH_UNIT ( ) NAMED_UNIT ( #1775 ) );
#7497 = EDGE_CURVE ( 'NONE', #2968, #6779, #6935, .T. ) ;
#7498 = CYLINDRICAL_SURFACE ( 'NONE', #8003, 0.0007874015748031346334 ) ;
#7499 = CARTESIAN_POINT ( 'NONE',  ( 0.09783464566929132855, 0.009842519685039369942, -0.07578740157480313988 ) ) ;
#7500 = VERTEX_POINT ( 'NONE', #3509 ) ;
#7501 = PLANE ( 'NONE',  #3468 ) ;
#7502 = COLOUR_RGB ( '',0.7921568627450980005, 0.8196078431372548767, 0.9333333333333333481 ) ;
#7503 = EDGE_LOOP ( 'NONE', ( #6302, #6737, #4516, #7240 ) ) ;
#7504 =( GEOMETRIC_REPRESENTATION_CONTEXT ( 3 ) GLOBAL_UNCERTAINTY_ASSIGNED_CONTEXT ( ( #4896 ) ) GLOBAL_UNIT_ASSIGNED_CONTEXT ( ( #5746, #1577, #4340 ) ) REPRESENTATION_CONTEXT ( 'NONE', 'WORKASPACE' ) );
#7505 = EDGE_CURVE ( 'NONE', #4180, #6243, #7574, .T. ) ;
#7506 = ORIENTED_EDGE ( 'NONE', *, *, #5874, .F. ) ;
#7507 = SURFACE_STYLE_USAGE ( .BOTH. , #8842 ) ;
#7508 = EDGE_CURVE ( 'NONE', #1197, #8497, #6441, .T. ) ;
#7509 =( LENGTH_UNIT ( ) NAMED_UNIT ( * ) SI_UNIT ( $, .METRE. ) );
#7510 = SURFACE_SIDE_STYLE ('',( #6173 ) ) ;
#7511 = FILL_AREA_STYLE_COLOUR ( '', #3440 ) ;
#7512 = SURFACE_SIDE_STYLE ('',( #4773 ) ) ;
#7513 = LINE ( 'NONE', #2711, #6531 ) ;
#7514 =( CONVERSION_BASED_UNIT ( 'INCH', #1990 ) LENGTH_UNIT ( ) NAMED_UNIT ( #7990 ) );
#7515 = ORIENTED_EDGE ( 'NONE', *, *, #2725, .F. ) ;
#7516 = VECTOR ( 'NONE', #5542, 39.37007874015748854 ) ;
#7517 =( NAMED_UNIT ( * ) SI_UNIT ( $, .STERADIAN. ) SOLID_ANGLE_UNIT ( ) );
#7518 = VERTEX_POINT ( 'NONE', #5901 ) ;
#7519 = UNCERTAINTY_MEASURE_WITH_UNIT (LENGTH_MEASURE( 1.000000000000000082E-05 ), #1918, 'distance_accuracy_value', 'NONE');
#7520 = SURFACE_STYLE_FILL_AREA ( #4731 ) ;
#7521 = EDGE_CURVE ( 'NONE', #1579, #949, #7245, .T. ) ;
#7522 =( GEOMETRIC_REPRESENTATION_CONTEXT ( 3 ) GLOBAL_UNCERTAINTY_ASSIGNED_CONTEXT ( ( #3183 ) ) GLOBAL_UNIT_ASSIGNED_CONTEXT ( ( #881, #924, #2344 ) ) REPRESENTATION_CONTEXT ( 'NONE', 'WORKASPACE' ) );
#7523 = FACE_OUTER_BOUND ( 'NONE', #7055, .T. ) ;
#7524 = ORIENTED_EDGE ( 'NONE', *, *, #2156, .F. ) ;
#7525 =( NAMED_UNIT ( * ) PLANE_ANGLE_UNIT ( ) SI_UNIT ( $, .RADIAN. ) );
#7526 = EDGE_CURVE ( 'NONE', #5104, #8400, #806, .T. ) ;
#7527 = CARTESIAN_POINT ( 'NONE',  ( -0.07480314960629921850, 0.000000000000000000, -0.09092820213934121876 ) ) ;
#7528 = AXIS2_PLACEMENT_3D ( 'NONE', #1429, #4193, #2285 ) ;
#7529 = VECTOR ( 'NONE', #3260, 39.37007874015748143 ) ;
#7530 =( NAMED_UNIT ( * ) PLANE_ANGLE_UNIT ( ) SI_UNIT ( $, .RADIAN. ) );
#7531 = COLOUR_RGB ( '',0.7921568627450980005, 0.8196078431372548767, 0.9333333333333333481 ) ;
#7532 = SURFACE_STYLE_USAGE ( .BOTH. , #5540 ) ;
#7533 =( LENGTH_UNIT ( ) NAMED_UNIT ( * ) SI_UNIT ( $, .METRE. ) );
#7534 = CARTESIAN_POINT ( 'NONE',  ( -0.03307086614173226219, 0.01728225441254295155, 0.08117171797437273961 ) ) ;
#7535 = DIRECTION ( 'NONE',  ( -0.9848077530122074652, 0.1736481776669339117, 0.000000000000000000 ) ) ;
#7536 =( GEOMETRIC_REPRESENTATION_CONTEXT ( 3 ) GLOBAL_UNCERTAINTY_ASSIGNED_CONTEXT ( ( #371 ) ) GLOBAL_UNIT_ASSIGNED_CONTEXT ( ( #3818, #280, #894 ) ) REPRESENTATION_CONTEXT ( 'NONE', 'WORKASPACE' ) );
#7537 = ORIENTED_EDGE ( 'NONE', *, *, #3321, .T. ) ;
#7538 = EDGE_CURVE ( 'NONE', #4948, #1244, #3041, .T. ) ;
#7539 = ORIENTED_EDGE ( 'NONE', *, *, #3553, .F. ) ;
#7540 = CARTESIAN_POINT ( 'NONE',  ( -0.06496062992125982427, -0.003584687981864215830, 0.1040280696203075561 ) ) ;
#7541 = DIRECTION ( 'NONE',  ( -0.7071067811865461294, 0.000000000000000000, 0.7071067811865487940 ) ) ;
#7542 = COLOUR_RGB ( '',0.7921568627450980005, 0.8196078431372548767, 0.9333333333333333481 ) ;
#7543 = CARTESIAN_POINT ( 'NONE',  ( -0.06692913385826769479, 0.01751968503937007329, 0.07846314444784678599 ) ) ;
#7544 = EDGE_CURVE ( 'NONE', #6639, #1197, #8520, .T. ) ;
#7545 = DIRECTION ( 'NONE',  ( -1.000000000000000000, -0.000000000000000000, -0.000000000000000000 ) ) ;
#7546 = VERTEX_POINT ( 'NONE', #7741 ) ;
#7547 = LENGTH_MEASURE_WITH_UNIT ( LENGTH_MEASURE( 0.02539999999999999897 ), #3310 );
#7548 = ORIENTED_EDGE ( 'NONE', *, *, #920, .F. ) ;
#7549 = ORIENTED_EDGE ( 'NONE', *, *, #3638, .F. ) ;
#7550 = CARTESIAN_POINT ( 'NONE',  ( -0.05413385826771653642, 0.009842519685039369942, -0.1072834645669291237 ) ) ;
#7551 = LINE ( 'NONE', #5382, #4963 ) ;
#7552 = PRESENTATION_STYLE_ASSIGNMENT (( #6030 ) ) ;
#7553 = LINE ( 'NONE', #1304, #5512 ) ;
#7554 = PLANE ( 'NONE',  #1725 ) ;
#7555 = SURFACE_STYLE_FILL_AREA ( #3488 ) ;
#7556 = ORIENTED_EDGE ( 'NONE', *, *, #3570, .F. ) ;
#7557 = SURFACE_STYLE_FILL_AREA ( #6832 ) ;
#7559 = SURFACE_STYLE_FILL_AREA ( #1814 ) ;
#7558 = VECTOR ( 'NONE', #3425, 39.37007874015748854 ) ;
#7560 = VECTOR ( 'NONE', #2215, 39.37007874015748854 ) ;
#7561 = CARTESIAN_POINT ( 'NONE',  ( -0.03307086614173226219, 0.01358267716535432532, 0.07982518197702757889 ) ) ;
#7562 = AXIS2_PLACEMENT_3D ( 'NONE', #308, #1657, #5880 ) ;
#7563 = ORIENTED_EDGE ( 'NONE', *, *, #6723, .T. ) ;
#7564 = VECTOR ( 'NONE', #8526, 39.37007874015748143 ) ;
#7565 = FILL_AREA_STYLE_COLOUR ( '', #6156 ) ;
#7566 = LENGTH_MEASURE_WITH_UNIT ( LENGTH_MEASURE( 0.02539999999999999897 ), #7019 );
#7567 = MECHANICAL_DESIGN_GEOMETRIC_PRESENTATION_REPRESENTATION (  '', ( #711 ), #6984 ) ;
#7568 = STYLED_ITEM ( 'NONE', ( #8038 ), #5559 ) ;
#7569 = STYLED_ITEM ( 'NONE', ( #5123 ), #2269 ) ;
#7570 = FILL_AREA_STYLE ('',( #8822 ) ) ;
#7571 =( GEOMETRIC_REPRESENTATION_CONTEXT ( 3 ) GLOBAL_UNCERTAINTY_ASSIGNED_CONTEXT ( ( #277 ) ) GLOBAL_UNIT_ASSIGNED_CONTEXT ( ( #1124, #333, #8618 ) ) REPRESENTATION_CONTEXT ( 'NONE', 'WORKASPACE' ) );
#7572 =( NAMED_UNIT ( * ) PLANE_ANGLE_UNIT ( ) SI_UNIT ( $, .RADIAN. ) );
#7573 = FILL_AREA_STYLE_COLOUR ( '', #4806 ) ;
#7574 = LINE ( 'NONE', #1332, #6931 ) ;
#7575 =( NAMED_UNIT ( * ) SI_UNIT ( $, .STERADIAN. ) SOLID_ANGLE_UNIT ( ) );
#7576 = UNCERTAINTY_MEASURE_WITH_UNIT (LENGTH_MEASURE( 1.000000000000000082E-05 ), #7178, 'distance_accuracy_value', 'NONE');
#7577 = COLOUR_RGB ( '',0.7921568627450980005, 0.8196078431372548767, 0.9333333333333333481 ) ;
#7578 =( NAMED_UNIT ( * ) SI_UNIT ( $, .STERADIAN. ) SOLID_ANGLE_UNIT ( ) );
#7579 = MECHANICAL_DESIGN_GEOMETRIC_PRESENTATION_REPRESENTATION (  '', ( #7569 ), #2315 ) ;
#7580 = ORIENTED_EDGE ( 'NONE', *, *, #4648, .T. ) ;
#7581 = VECTOR ( 'NONE', #5162, 39.37007874015748143 ) ;
#7582 = VECTOR ( 'NONE', #5456, 39.37007874015748143 ) ;
#7583 = UNCERTAINTY_MEASURE_WITH_UNIT (LENGTH_MEASURE( 1.000000000000000082E-05 ), #858, 'distance_accuracy_value', 'NONE');
#7584 = COLOUR_RGB ( '',0.7921568627450980005, 0.8196078431372548767, 0.9333333333333333481 ) ;
#7585 = MECHANICAL_DESIGN_GEOMETRIC_PRESENTATION_REPRESENTATION (  '', ( #2466 ), #6128 ) ;
#7586 =( GEOMETRIC_REPRESENTATION_CONTEXT ( 3 ) GLOBAL_UNCERTAINTY_ASSIGNED_CONTEXT ( ( #5499 ) ) GLOBAL_UNIT_ASSIGNED_CONTEXT ( ( #1113, #6070, #6690 ) ) REPRESENTATION_CONTEXT ( 'NONE', 'WORKASPACE' ) );
#7587 =( NAMED_UNIT ( * ) PLANE_ANGLE_UNIT ( ) SI_UNIT ( $, .RADIAN. ) );
#7588 = DIRECTION ( 'NONE',  ( 0.000000000000000000, 0.9953961983671792968, 0.09584575252021750036 ) ) ;
#7589 = EDGE_CURVE ( 'NONE', #1734, #3694, #2909, .T. ) ;
#7590 = LENGTH_MEASURE_WITH_UNIT ( LENGTH_MEASURE( 0.02539999999999999897 ), #4676 );
#7591 = VECTOR ( 'NONE', #1235, 39.37007874015748143 ) ;
#7592 =( CONVERSION_BASED_UNIT ( 'INCH', #8274 ) LENGTH_UNIT ( ) NAMED_UNIT ( #123 ) );
#7593 = ORIENTED_EDGE ( 'NONE', *, *, #2908, .F. ) ;
#7594 = ORIENTED_EDGE ( 'NONE', *, *, #1141, .T. ) ;
#7595 = ORIENTED_EDGE ( 'NONE', *, *, #7358, .F. ) ;
#7596 = COLOUR_RGB ( '',0.7921568627450980005, 0.8196078431372548767, 0.9333333333333333481 ) ;
#7597 = LENGTH_MEASURE_WITH_UNIT ( LENGTH_MEASURE( 0.02539999999999999897 ), #6245 );
#7598 = CARTESIAN_POINT ( 'NONE',  ( 0.09783464566929132855, 0.009842519685039369942, -0.1049212598425196818 ) ) ;
#7599 = LENGTH_MEASURE_WITH_UNIT ( LENGTH_MEASURE( 0.02539999999999999897 ), #6249 );
#7600 = DIRECTION ( 'NONE',  ( -0.000000000000000000, -1.000000000000000000, -0.000000000000000000 ) ) ;
#7601 = DIRECTION ( 'NONE',  ( 1.000000000000000000, 0.000000000000000000, 0.000000000000000000 ) ) ;
#7602 = CARTESIAN_POINT ( 'NONE',  ( 0.01692913385826774753, -0.003584687981864220167, 0.1040280696203075561 ) ) ;
#7603 = EDGE_LOOP ( 'NONE', ( #581, #427, #598, #1181, #5335, #4233, #4937, #2461 ) ) ;
#7604 = DIRECTION ( 'NONE',  ( 0.000000000000000000, 0.9396926207859079838, 0.3420201433256699897 ) ) ;
#7605 = EDGE_CURVE ( 'NONE', #6835, #8949, #892, .T. ) ;
#7606 = FACE_OUTER_BOUND ( 'NONE', #3628, .T. ) ;
#7607 = DIRECTION ( 'NONE',  ( -0.000000000000000000, 1.000000000000000000, 0.000000000000000000 ) ) ;
#7608 = ORIENTED_EDGE ( 'NONE', *, *, #2939, .T. ) ;
#7609 = PRESENTATION_STYLE_ASSIGNMENT (( #4837 ) ) ;
#7610 = DIRECTION ( 'NONE',  ( 0.000000000000000000, 0.000000000000000000, -1.000000000000000000 ) ) ;
#7611 = ADVANCED_FACE ( 'NONE', ( #3675 ), #5110, .T. ) ;
#7612 = FACE_OUTER_BOUND ( 'NONE', #6242, .T. ) ;
#7613 =( CONVERSION_BASED_UNIT ( 'INCH', #1885 ) LENGTH_UNIT ( ) NAMED_UNIT ( #2890 ) );
#7614 =( CONVERSION_BASED_UNIT ( 'INCH', #4886 ) LENGTH_UNIT ( ) NAMED_UNIT ( #2252 ) );
#7615 = VERTEX_POINT ( 'NONE', #4447 ) ;
#7616 = CARTESIAN_POINT ( 'NONE',  ( -0.07480314960629920462, 0.03700787401574803098, 0.05925196850393700532 ) ) ;
#7617 = LINE ( 'NONE', #2144, #4365 ) ;
#7618 = SURFACE_STYLE_FILL_AREA ( #8322 ) ;
#7619 =( LENGTH_UNIT ( ) NAMED_UNIT ( * ) SI_UNIT ( $, .METRE. ) );
#7620 = CIRCLE ( 'NONE', #4104, 0.0007874015748031346334 ) ;
#7621 = APPLICATION_CONTEXT ( 'automotive_design' ) ;
#7622 = UNCERTAINTY_MEASURE_WITH_UNIT (LENGTH_MEASURE( 1.000000000000000082E-05 ), #4410, 'distance_accuracy_value', 'NONE');
#7623 = ADVANCED_FACE ( 'NONE', ( #1587 ), #7193, .F. ) ;
#7624 = ORIENTED_EDGE ( 'NONE', *, *, #3140, .T. ) ;
#7625 = SURFACE_SIDE_STYLE ('',( #5433 ) ) ;
#7626 = EDGE_LOOP ( 'NONE', ( #4085, #6166, #3015, #7683 ) ) ;
#7627 = EDGE_CURVE ( 'NONE', #1094, #3384, #3992, .T. ) ;
#7628 = STYLED_ITEM ( 'NONE', ( #704 ), #4406 ) ;
#7629 = AXIS2_PLACEMENT_3D ( 'NONE', #2880, #8540, #7001 ) ;
#7630 = ORIENTED_EDGE ( 'NONE', *, *, #7032, .T. ) ;
#7631 = PRESENTATION_STYLE_ASSIGNMENT (( #7507 ) ) ;
#7632 = FACE_OUTER_BOUND ( 'NONE', #2121, .T. ) ;
#7633 = VECTOR ( 'NONE', #4707, 39.37007874015748143 ) ;
#7634 = FACE_OUTER_BOUND ( 'NONE', #4949, .T. ) ;
#7635 = SURFACE_STYLE_FILL_AREA ( #8338 ) ;
#7636 = VECTOR ( 'NONE', #4976, 39.37007874015748143 ) ;
#7637 = DIRECTION ( 'NONE',  ( -1.000000000000000000, -0.000000000000000000, -0.000000000000000000 ) ) ;
#7638 = ORIENTED_EDGE ( 'NONE', *, *, #6074, .T. ) ;
#7639 =( NAMED_UNIT ( * ) SI_UNIT ( $, .STERADIAN. ) SOLID_ANGLE_UNIT ( ) );
#7640 = LINE ( 'NONE', #1389, #3433 ) ;
#7641 = EDGE_CURVE ( 'NONE', #8560, #5850, #8814, .T. ) ;
#7642 = SURFACE_STYLE_USAGE ( .BOTH. , #8296 ) ;
#7643 = ORIENTED_EDGE ( 'NONE', *, *, #1282, .T. ) ;
#7644 = VECTOR ( 'NONE', #6478, 39.37007874015748143 ) ;
#7645 = DIRECTION ( 'NONE',  ( -1.000000000000000000, -0.000000000000000000, -0.000000000000000000 ) ) ;
#7646 = FILL_AREA_STYLE_COLOUR ( '', #8436 ) ;
#7647 = ADVANCED_FACE ( 'NONE', ( #4690 ), #3952, .F. ) ;
#7648 = PRESENTATION_STYLE_ASSIGNMENT (( #6504 ) ) ;
#7649 = LENGTH_MEASURE_WITH_UNIT ( LENGTH_MEASURE( 0.02539999999999999897 ), #7738 );
#7651 = LINE ( 'NONE', #4164, #6860 ) ;
#7650 = VECTOR ( 'NONE', #8772, 39.37007874015748854 ) ;
#7652 = CARTESIAN_POINT ( 'NONE',  ( 0.09242075248266307108, 0.000000000000000000, 0.004527559055118104969 ) ) ;
#7653 = FILL_AREA_STYLE ('',( #5427 ) ) ;
#7654 = SURFACE_STYLE_USAGE ( .BOTH. , #4883 ) ;
#7655 = CARTESIAN_POINT ( 'NONE',  ( -0.07480314960629920462, 0.04488188976377952694, 0.05925196850393700532 ) ) ;
#7656 = ORIENTED_EDGE ( 'NONE', *, *, #2480, .T. ) ;
#7657 = CARTESIAN_POINT ( 'NONE',  ( -0.03307086614173226219, 0.02653119753051446511, 0.08453805796773562753 ) ) ;
#7658 = AXIS2_PLACEMENT_3D ( 'NONE', #93, #3620, #183 ) ;
#7659 = EDGE_CURVE ( 'NONE', #4113, #6254, #1081, .T. ) ;
#7660 = SURFACE_STYLE_FILL_AREA ( #8360 ) ;
#7661 = FILL_AREA_STYLE ('',( #7495 ) ) ;
#7662 = DIRECTION ( 'NONE',  ( 1.000000000000000000, 0.000000000000000000, 0.000000000000000000 ) ) ;
#7663 =( CONVERSION_BASED_UNIT ( 'INCH', #2070 ) LENGTH_UNIT ( ) NAMED_UNIT ( #4614 ) );
#7664 = VECTOR ( 'NONE', #6250, 39.37007874015748143 ) ;
#7665 =( CONVERSION_BASED_UNIT ( 'INCH', #4897 ) LENGTH_UNIT ( ) NAMED_UNIT ( #1556 ) );
#7666 = MECHANICAL_DESIGN_GEOMETRIC_PRESENTATION_REPRESENTATION (  '', ( #259 ), #3577 ) ;
#7667 = ORIENTED_EDGE ( 'NONE', *, *, #1498, .F. ) ;
#7668 = ORIENTED_EDGE ( 'NONE', *, *, #7702, .F. ) ;
#7669 = ORIENTED_EDGE ( 'NONE', *, *, #348, .F. ) ;
#7670 = VECTOR ( 'NONE', #1589, 39.37007874015748143 ) ;
#7671 = EDGE_CURVE ( 'NONE', #6334, #836, #6709, .T. ) ;
#7672 = CARTESIAN_POINT ( 'NONE',  ( 0.07795275590551181688, 0.2556786355646874509, 0.01003937007874015040 ) ) ;
#7673 = DIRECTION ( 'NONE',  ( 0.000000000000000000, 0.7521705405901417674, -0.6589684953534074019 ) ) ;
#7674 = AXIS2_PLACEMENT_3D ( 'NONE', #376, #8816, #1779 ) ;
#7675 = PRESENTATION_STYLE_ASSIGNMENT (( #7725 ) ) ;
#7676 =( CONVERSION_BASED_UNIT ( 'INCH', #5578 ) LENGTH_UNIT ( ) NAMED_UNIT ( #5741 ) );
#7677 = CARTESIAN_POINT ( 'NONE',  ( -0.06496062992125982427, 0.01751968503937007329, 0.07846314444784678599 ) ) ;
#7678 = ORIENTED_EDGE ( 'NONE', *, *, #2156, .T. ) ;
#7679 = CARTESIAN_POINT ( 'NONE',  ( -0.07795275590551181688, 0.000000000000000000, -0.09092820213934121876 ) ) ;
#7680 = EDGE_CURVE ( 'NONE', #1818, #1020, #4630, .T. ) ;
#7681 = DIRECTION ( 'NONE',  ( -0.000000000000000000, -1.000000000000000000, -0.000000000000000000 ) ) ;
#7682 = CARTESIAN_POINT ( 'NONE',  ( 0.08307086614173231354, 0.01358267716535432532, 0.07982518197702757889 ) ) ;
#7683 = ORIENTED_EDGE ( 'NONE', *, *, #1339, .T. ) ;
#7684 = SURFACE_SIDE_STYLE ('',( #8512 ) ) ;
#7685 = MECHANICAL_DESIGN_GEOMETRIC_PRESENTATION_REPRESENTATION (  '', ( #573 ), #3334 ) ;
#7686 = ADVANCED_FACE ( 'NONE', ( #7432 ), #2437, .F. ) ;
#7687 = COLOUR_RGB ( '',0.7921568627450980005, 0.8196078431372548767, 0.9333333333333333481 ) ;
#7688 = DIRECTION ( 'NONE',  ( 1.000000000000000000, 0.000000000000000000, 0.000000000000000000 ) ) ;
#7689 = DIRECTION ( 'NONE',  ( 1.000000000000000000, 0.000000000000000000, 0.000000000000000000 ) ) ;
#7690 = DIRECTION ( 'NONE',  ( -1.000000000000000000, 0.000000000000000000, -0.000000000000000000 ) ) ;
#7691 =( CONVERSION_BASED_UNIT ( 'INCH', #618 ) LENGTH_UNIT ( ) NAMED_UNIT ( #7129 ) );
#7692 = SURFACE_STYLE_FILL_AREA ( #7829 ) ;
#7693 =( NAMED_UNIT ( * ) SI_UNIT ( $, .STERADIAN. ) SOLID_ANGLE_UNIT ( ) );
#7694 = STYLED_ITEM ( 'NONE', ( #6190 ), #6462 ) ;
#7695 = LINE ( 'NONE', #7159, #4245 ) ;
#7696 = ORIENTED_EDGE ( 'NONE', *, *, #2347, .T. ) ;
#7697 = MECHANICAL_DESIGN_GEOMETRIC_PRESENTATION_REPRESENTATION (  '', ( #6986 ), #6140 ) ;
#7698 = AXIS2_PLACEMENT_3D ( 'NONE', #1624, #5981, #8551 ) ;
#7699 = SURFACE_STYLE_FILL_AREA ( #4126 ) ;
#7700 = DIMENSIONAL_EXPONENTS ( 1.000000000000000000, 0.000000000000000000, 0.000000000000000000, 0.000000000000000000, 0.000000000000000000, 0.000000000000000000, 0.000000000000000000 ) ;
#7701 = PRESENTATION_LAYER_ASSIGNMENT (  '', '', ( #4051 ) ) ;
#7702 = EDGE_CURVE ( 'NONE', #3430, #802, #7640, .T. ) ;
#7703 = DIRECTION ( 'NONE',  ( -1.000000000000000000, -0.000000000000000000, -0.000000000000000000 ) ) ;
#7704 = LINE ( 'NONE', #1550, #8904 ) ;
#7705 = PRESENTATION_LAYER_ASSIGNMENT (  '', '', ( #3629 ) ) ;
#7706 = SURFACE_STYLE_FILL_AREA ( #6402 ) ;
#7707 = VECTOR ( 'NONE', #6608, 39.37007874015748143 ) ;
#7708 = STYLED_ITEM ( 'NONE', ( #7221 ), #1620 ) ;
#7709 = PLANE ( 'NONE',  #8978 ) ;
#7710 = DIRECTION ( 'NONE',  ( 1.000000000000000000, 0.000000000000000000, 0.000000000000000000 ) ) ;
#7711 = UNCERTAINTY_MEASURE_WITH_UNIT (LENGTH_MEASURE( 1.000000000000000082E-05 ), #8374, 'distance_accuracy_value', 'NONE');
#7712 = MECHANICAL_DESIGN_GEOMETRIC_PRESENTATION_REPRESENTATION (  '', ( #4961 ), #2907 ) ;
#7713 = PRESENTATION_LAYER_ASSIGNMENT (  '', '', ( #4201 ) ) ;
#7714 = ORIENTED_EDGE ( 'NONE', *, *, #9017, .F. ) ;
#7715 = EDGE_LOOP ( 'NONE', ( #2350, #5455, #8800, #4716, #5221, #5129 ) ) ;
#7716 = COLOUR_RGB ( '',0.7921568627450980005, 0.8196078431372548767, 0.9333333333333333481 ) ;
#7717 = ORIENTED_EDGE ( 'NONE', *, *, #264, .T. ) ;
#7718 = DIRECTION ( 'NONE',  ( 0.000000000000000000, -0.000000000000000000, -1.000000000000000000 ) ) ;
#7719 = VECTOR ( 'NONE', #6979, 39.37007874015748143 ) ;
#7720 = VECTOR ( 'NONE', #5211, 39.37007874015748143 ) ;
#7721 = SURFACE_STYLE_USAGE ( .BOTH. , #4996 ) ;
#7722 = SURFACE_STYLE_USAGE ( .BOTH. , #8415 ) ;
#7723 = STYLED_ITEM ( 'NONE', ( #3738 ), #7003 ) ;
#7724 =( NAMED_UNIT ( * ) SI_UNIT ( $, .STERADIAN. ) SOLID_ANGLE_UNIT ( ) );
#7725 = SURFACE_STYLE_USAGE ( .BOTH. , #4239 ) ;
#7726 = STYLED_ITEM ( 'NONE', ( #1198 ), #3499 ) ;
#7727 = CARTESIAN_POINT ( 'NONE',  ( -0.01496062992125982496, -2.134256245050205639E-18, 0.09695901468261183820 ) ) ;
#7728 = ORIENTED_EDGE ( 'NONE', *, *, #4096, .F. ) ;
#7729 = DIMENSIONAL_EXPONENTS ( 1.000000000000000000, 0.000000000000000000, 0.000000000000000000, 0.000000000000000000, 0.000000000000000000, 0.000000000000000000, 0.000000000000000000 ) ;
#7730 = CARTESIAN_POINT ( 'NONE',  ( -0.1009842519685039408, 0.009842519685039376881, 0.001377952755905507455 ) ) ;
#7731 = CARTESIAN_POINT ( 'NONE',  ( -0.06692913385826769479, 0.01751968503937008717, 0.07982518197702757889 ) ) ;
#7732 = CARTESIAN_POINT ( 'NONE',  ( -0.06692913385826769479, 0.01173508930892991180, 0.08667802955033566958 ) ) ;
#7733 = ORIENTED_EDGE ( 'NONE', *, *, #6874, .T. ) ;
#7734 = DIRECTION ( 'NONE',  ( 1.000000000000000000, 0.000000000000000000, 0.000000000000000000 ) ) ;
#7735 = LINE ( 'NONE', #5148, #4336 ) ;
#7736 = LINE ( 'NONE', #7100, #2364 ) ;
#7737 = ADVANCED_FACE ( 'NONE', ( #7606 ), #605, .T. ) ;
#7738 =( LENGTH_UNIT ( ) NAMED_UNIT ( * ) SI_UNIT ( $, .METRE. ) );
#7739 = PRESENTATION_STYLE_ASSIGNMENT (( #5015 ) ) ;
#7740 = DIRECTION ( 'NONE',  ( 1.000000000000000000, -0.000000000000000000, 6.100900290192956307E-16 ) ) ;
#7741 = CARTESIAN_POINT ( 'NONE',  ( -0.07480314960629921850, 2.667820306312757049E-19, -0.09092820213934121876 ) ) ;
#7742 = FILL_AREA_STYLE_COLOUR ( '', #955 ) ;
#7743 = CARTESIAN_POINT ( 'NONE',  ( -0.08307086614173225803, 0.006485910387336710561, 0.1043622680348770537 ) ) ;
#7744 = ORIENTED_EDGE ( 'NONE', *, *, #6367, .T. ) ;
#7745 = ORIENTED_EDGE ( 'NONE', *, *, #2127, .F. ) ;
#7746 = FILL_AREA_STYLE_COLOUR ( '', #2782 ) ;
#7747 = CARTESIAN_POINT ( 'NONE',  ( 0.06496062992125986590, 0.02653119753051446511, 0.08453805796773562753 ) ) ;
#7748 =( CONVERSION_BASED_UNIT ( 'INCH', #7029 ) LENGTH_UNIT ( ) NAMED_UNIT ( #6605 ) );
#7749 = SURFACE_SIDE_STYLE ('',( #5070 ) ) ;
#7750 = PLANE ( 'NONE',  #7288 ) ;
#7751 = EDGE_CURVE ( 'NONE', #8727, #310, #8987, .T. ) ;
#7752 = VERTEX_POINT ( 'NONE', #7014 ) ;
#7753 = CARTESIAN_POINT ( 'NONE',  ( 0.08503937007874018406, -0.003584687981864215830, 0.1040280696203075561 ) ) ;
#7754 = ORIENTED_EDGE ( 'NONE', *, *, #2725, .T. ) ;
#7755 = SURFACE_SIDE_STYLE ('',( #3790 ) ) ;
#7756 = UNCERTAINTY_MEASURE_WITH_UNIT (LENGTH_MEASURE( 1.000000000000000082E-05 ), #8054, 'distance_accuracy_value', 'NONE');
#7757 = ORIENTED_EDGE ( 'NONE', *, *, #3741, .T. ) ;
#7758 = DIRECTION ( 'NONE',  ( -0.000000000000000000, -0.7521705405901403241, 0.6589684953534089562 ) ) ;
#7759 = ADVANCED_FACE ( 'NONE', ( #8902 ), #2646, .F. ) ;
#7760 = STYLED_ITEM ( 'NONE', ( #464 ), #3965 ) ;
#7761 = DIMENSIONAL_EXPONENTS ( 1.000000000000000000, 0.000000000000000000, 0.000000000000000000, 0.000000000000000000, 0.000000000000000000, 0.000000000000000000, 0.000000000000000000 ) ;
#7762 =( NAMED_UNIT ( * ) SI_UNIT ( $, .STERADIAN. ) SOLID_ANGLE_UNIT ( ) );
#7763 = LINE ( 'NONE', #4283, #2625 ) ;
#7764 = LINE ( 'NONE', #5652, #595 ) ;
#7765 = PLANE ( 'NONE',  #812 ) ;
#7766 = FACE_OUTER_BOUND ( 'NONE', #4810, .T. ) ;
#7767 = AXIS2_PLACEMENT_3D ( 'NONE', #7325, #317, #411 ) ;
#7768 = EDGE_CURVE ( 'NONE', #2513, #5234, #2843, .T. ) ;
#7769 = ORIENTED_EDGE ( 'NONE', *, *, #3948, .F. ) ;
#7770 = VECTOR ( 'NONE', #7114, 39.37007874015748143 ) ;
#7771 = COLOUR_RGB ( '',0.7921568627450980005, 0.8196078431372548767, 0.9333333333333333481 ) ;
#7772 = FILL_AREA_STYLE_COLOUR ( '', #6836 ) ;
#7773 =( LENGTH_UNIT ( ) NAMED_UNIT ( * ) SI_UNIT ( $, .METRE. ) );
#7774 = LINE ( 'NONE', #4290, #1983 ) ;
#7775 = VECTOR ( 'NONE', #1110, 39.37007874015748143 ) ;
#7776 = DIRECTION ( 'NONE',  ( 0.000000000000000000, 0.09584575252021734770, -0.9953961983671795188 ) ) ;
#7777 = MECHANICAL_DESIGN_GEOMETRIC_PRESENTATION_REPRESENTATION (  '', ( #2694 ), #2969 ) ;
#7778 = CARTESIAN_POINT ( 'NONE',  ( 0.1009842519685039408, 0.009842519685039376881, -0.001377952755905503769 ) ) ;
#7779 = ORIENTED_EDGE ( 'NONE', *, *, #5617, .F. ) ;
#7780 = ORIENTED_EDGE ( 'NONE', *, *, #840, .F. ) ;
#7781 =( LENGTH_UNIT ( ) NAMED_UNIT ( * ) SI_UNIT ( $, .METRE. ) );
#7782 = ADVANCED_FACE ( 'NONE', ( #2256 ), #5143, .T. ) ;
#7783 = SURFACE_STYLE_USAGE ( .BOTH. , #3507 ) ;
#7784 = VECTOR ( 'NONE', #8935, 39.37007874015748143 ) ;
#7785 = DIRECTION ( 'NONE',  ( -1.000000000000000000, -0.000000000000000000, -0.000000000000000000 ) ) ;
#7786 = COLOUR_RGB ( '',0.7921568627450980005, 0.8196078431372548767, 0.9333333333333333481 ) ;
#7787 = EDGE_CURVE ( 'NONE', #5708, #1285, #1530, .T. ) ;
#7788 = LINE ( 'NONE', #5860, #5522 ) ;
#7789 = DIMENSIONAL_EXPONENTS ( 1.000000000000000000, 0.000000000000000000, 0.000000000000000000, 0.000000000000000000, 0.000000000000000000, 0.000000000000000000, 0.000000000000000000 ) ;
#7790 = LINE ( 'NONE', #5755, #412 ) ;
#7791 = FACE_OUTER_BOUND ( 'NONE', #7489, .T. ) ;
#7792 = ORIENTED_EDGE ( 'NONE', *, *, #583, .T. ) ;
#7793 = CARTESIAN_POINT ( 'NONE',  ( 0.09242075248266307108, 0.009842519685039369942, -0.004527559055118109306 ) ) ;
#7794 = CARTESIAN_POINT ( 'NONE',  ( -0.08503937007874014242, 0.01358267716535432532, 0.07982518197702757889 ) ) ;
#7795 = VECTOR ( 'NONE', #5017, 39.37007874015748854 ) ;
#7796 = CARTESIAN_POINT ( 'NONE',  ( 0.09173228346456695215, 0.2556786355646874509, -0.1210629921259842590 ) ) ;
#7797 = APPLICATION_PROTOCOL_DEFINITION ( 'draft international standard', 'automotive_design', 1998, #7621 ) ;
#7798 = CARTESIAN_POINT ( 'NONE',  ( 0.08503937007874018406, 0.007004783218323627943, 0.1049545283030582504 ) ) ;
#7799 = DIRECTION ( 'NONE',  ( 0.000000000000000000, -0.9762960071199346945, 0.2164396139380967699 ) ) ;
#7800 = EDGE_CURVE ( 'NONE', #5903, #7474, #8689, .T. ) ;
#7801 = COLOUR_RGB ( '',0.2509803921568627416, 0.2509803921568627416, 0.2509803921568627416 ) ;
#7802 = VERTEX_POINT ( 'NONE', #5006 ) ;
#7803 =( NAMED_UNIT ( * ) SI_UNIT ( $, .STERADIAN. ) SOLID_ANGLE_UNIT ( ) );
#7804 = EDGE_LOOP ( 'NONE', ( #1555, #4316, #8649, #124, #2380, #7563, #23, #4567 ) ) ;
#7805 = SURFACE_SIDE_STYLE ('',( #6530 ) ) ;
#7806 = VERTEX_POINT ( 'NONE', #7732 ) ;
#7807 = PRESENTATION_LAYER_ASSIGNMENT (  '', '', ( #1396 ) ) ;
#7808 = CARTESIAN_POINT ( 'NONE',  ( -0.01496062992125982496, 0.01173508930892990659, 0.08667802955033566958 ) ) ;
#7809 = EDGE_CURVE ( 'NONE', #4136, #8372, #4968, .T. ) ;
#7810 = VECTOR ( 'NONE', #7196, 39.37007874015748143 ) ;
#7811 =( NAMED_UNIT ( * ) PLANE_ANGLE_UNIT ( ) SI_UNIT ( $, .RADIAN. ) );
#7812 = FILL_AREA_STYLE ('',( #5038 ) ) ;
#7813 = DIRECTION ( 'NONE',  ( 0.000000000000000000, 0.000000000000000000, 1.000000000000000000 ) ) ;
#7814 = ORIENTED_EDGE ( 'NONE', *, *, #5896, .F. ) ;
#7815 =( CONVERSION_BASED_UNIT ( 'INCH', #2940 ) LENGTH_UNIT ( ) NAMED_UNIT ( #6412 ) );
#7816 = MECHANICAL_DESIGN_GEOMETRIC_PRESENTATION_REPRESENTATION (  '', ( #6251 ), #6379 ) ;
#7817 = LINE ( 'NONE', #880, #6431 ) ;
#7818 = SURFACE_STYLE_USAGE ( .BOTH. , #5239 ) ;
#7819 = DIMENSIONAL_EXPONENTS ( 1.000000000000000000, 0.000000000000000000, 0.000000000000000000, 0.000000000000000000, 0.000000000000000000, 0.000000000000000000, 0.000000000000000000 ) ;
#7820 =( LENGTH_UNIT ( ) NAMED_UNIT ( * ) SI_UNIT ( $, .METRE. ) );
#7821 = FACE_OUTER_BOUND ( 'NONE', #7101, .T. ) ;
#7822 = EDGE_LOOP ( 'NONE', ( #2689, #7068, #5001, #4764, #1781, #664, #5853, #6015 ) ) ;
#7823 = EDGE_LOOP ( 'NONE', ( #7849, #1696, #7769, #5168 ) ) ;
#7824 = CARTESIAN_POINT ( 'NONE',  ( -0.08307086614173225803, 0.02244094488188976694, 0.07893700787401573826 ) ) ;
#7825 = DIRECTION ( 'NONE',  ( 0.000000000000000000, 0.000000000000000000, -1.000000000000000000 ) ) ;
#7826 = DIRECTION ( 'NONE',  ( 1.000000000000000000, 0.000000000000000000, 0.000000000000000000 ) ) ;
#7827 = UNCERTAINTY_MEASURE_WITH_UNIT (LENGTH_MEASURE( 1.000000000000000082E-05 ), #4216, 'distance_accuracy_value', 'NONE');
#7828 = FILL_AREA_STYLE ('',( #935 ) ) ;
#7829 = FILL_AREA_STYLE ('',( #8435 ) ) ;
#7830 = LINE ( 'NONE', #1039, #7670 ) ;
#7831 = FILL_AREA_STYLE_COLOUR ( '', #8408 ) ;
#7832 = LINE ( 'NONE', #4354, #1062 ) ;
#7833 = VERTEX_POINT ( 'NONE', #4246 ) ;
#7834 = CARTESIAN_POINT ( 'NONE',  ( 0.09242075248266307108, -8.003460918938271148E-19, 0.004527559055118104969 ) ) ;
#7835 = SURFACE_STYLE_FILL_AREA ( #8570 ) ;
#7836 =( GEOMETRIC_REPRESENTATION_CONTEXT ( 3 ) GLOBAL_UNCERTAINTY_ASSIGNED_CONTEXT ( ( #8499 ) ) GLOBAL_UNIT_ASSIGNED_CONTEXT ( ( #4054, #1420, #6815 ) ) REPRESENTATION_CONTEXT ( 'NONE', 'WORKASPACE' ) );
#7837 = CARTESIAN_POINT ( 'NONE',  ( -0.08503937007874014242, 0.01822099969626657379, 0.09408128290260084348 ) ) ;
#7838 = SURFACE_STYLE_USAGE ( .BOTH. , #814 ) ;
#7839 =( LENGTH_UNIT ( ) NAMED_UNIT ( * ) SI_UNIT ( $, .METRE. ) );
#7840 = FILL_AREA_STYLE_COLOUR ( '', #5089 ) ;
#7841 = PRESENTATION_LAYER_ASSIGNMENT (  '', '', ( #6692 ) ) ;
#7842 = FACE_OUTER_BOUND ( 'NONE', #1313, .T. ) ;
#7843 = MECHANICAL_DESIGN_GEOMETRIC_PRESENTATION_REPRESENTATION (  '', ( #4492 ), #2460 ) ;
#7844 = ORIENTED_EDGE ( 'NONE', *, *, #2537, .F. ) ;
#7845 = LENGTH_MEASURE_WITH_UNIT ( LENGTH_MEASURE( 0.02539999999999999897 ), #7083 );
#7846 = ORIENTED_EDGE ( 'NONE', *, *, #6883, .T. ) ;
#7847 =( GEOMETRIC_REPRESENTATION_CONTEXT ( 3 ) GLOBAL_UNCERTAINTY_ASSIGNED_CONTEXT ( ( #3667 ) ) GLOBAL_UNIT_ASSIGNED_CONTEXT ( ( #2598, #6044, #4735 ) ) REPRESENTATION_CONTEXT ( 'NONE', 'WORKASPACE' ) );
#7848 = DIMENSIONAL_EXPONENTS ( 1.000000000000000000, 0.000000000000000000, 0.000000000000000000, 0.000000000000000000, 0.000000000000000000, 0.000000000000000000, 0.000000000000000000 ) ;
#7849 = ORIENTED_EDGE ( 'NONE', *, *, #5066, .T. ) ;
#7850 = VECTOR ( 'NONE', #1363, 39.37007874015748143 ) ;
#7851 = EDGE_CURVE ( 'NONE', #8114, #1606, #6381, .T. ) ;
#7852 =( GEOMETRIC_REPRESENTATION_CONTEXT ( 3 ) GLOBAL_UNCERTAINTY_ASSIGNED_CONTEXT ( ( #4780 ) ) GLOBAL_UNIT_ASSIGNED_CONTEXT ( ( #288, #5269, #1739 ) ) REPRESENTATION_CONTEXT ( 'NONE', 'WORKASPACE' ) );
#7853 = STYLED_ITEM ( 'NONE', ( #8642 ), #1570 ) ;
#7854 = MECHANICAL_DESIGN_GEOMETRIC_PRESENTATION_REPRESENTATION (  '', ( #4506 ), #1318 ) ;
#7855 = CARTESIAN_POINT ( 'NONE',  ( -0.08287401574803152093, 0.009842519685039373412, -0.01003937007874015908 ) ) ;
#7856 = VECTOR ( 'NONE', #709, 39.37007874015748854 ) ;
#7857 =( GEOMETRIC_REPRESENTATION_CONTEXT ( 3 ) GLOBAL_UNCERTAINTY_ASSIGNED_CONTEXT ( ( #6606 ) ) GLOBAL_UNIT_ASSIGNED_CONTEXT ( ( #1962, #3333, #138 ) ) REPRESENTATION_CONTEXT ( 'NONE', 'WORKASPACE' ) );
#7858 = CARTESIAN_POINT ( 'NONE',  ( -0.1009842519685039408, 0.000000000000000000, 0.001377952755905507455 ) ) ;
#7859 = LENGTH_MEASURE_WITH_UNIT ( LENGTH_MEASURE( 0.02539999999999999897 ), #4241 );
#7860 = VECTOR ( 'NONE', #4881, 39.37007874015748143 ) ;
#7861 = EDGE_CURVE ( 'NONE', #7802, #1762, #7774, .T. ) ;
#7862 = EDGE_LOOP ( 'NONE', ( #710, #8297, #188, #4438 ) ) ;
#7863 = MECHANICAL_DESIGN_GEOMETRIC_PRESENTATION_REPRESENTATION (  '', ( #2183 ), #8758 ) ;
#7864 = VECTOR ( 'NONE', #7734, 39.37007874015748143 ) ;
#7865 = DIRECTION ( 'NONE',  ( 0.000000000000000000, 0.7521705405901424335, -0.6589684953534068468 ) ) ;
#7866 = FACE_OUTER_BOUND ( 'NONE', #2087, .T. ) ;
#7867 = DIRECTION ( 'NONE',  ( 0.000000000000000000, 9.035018104045863052E-16, 1.000000000000000000 ) ) ;
#7868 = VECTOR ( 'NONE', #5959, 39.37007874015748143 ) ;
#7869 = STYLED_ITEM ( 'NONE', ( #5127 ), #3345 ) ;
#7870 = DIMENSIONAL_EXPONENTS ( 1.000000000000000000, 0.000000000000000000, 0.000000000000000000, 0.000000000000000000, 0.000000000000000000, 0.000000000000000000, 0.000000000000000000 ) ;
#7871 = CARTESIAN_POINT ( 'NONE',  ( 0.06496062992125986590, 0.01617704132028901370, 0.08278648331793365955 ) ) ;
#7872 = EDGE_CURVE ( 'NONE', #3854, #1830, #4679, .T. ) ;
#7873 =( LENGTH_UNIT ( ) NAMED_UNIT ( * ) SI_UNIT ( $, .METRE. ) );
#7874 = CARTESIAN_POINT ( 'NONE',  ( 0.08307086614173231354, 0.02736220472440944324, 0.07761836027346888378 ) ) ;
#7875 = ORIENTED_EDGE ( 'NONE', *, *, #3974, .F. ) ;
#7876 = ORIENTED_EDGE ( 'NONE', *, *, #5824, .T. ) ;
#7877 = EDGE_CURVE ( 'NONE', #5829, #3934, #6691, .T. ) ;
#7878 = FILL_AREA_STYLE_COLOUR ( '', #5268 ) ;
#7879 = DIRECTION ( 'NONE',  ( 1.000000000000000000, 0.000000000000000000, 0.000000000000000000 ) ) ;
#7880 =( LENGTH_UNIT ( ) NAMED_UNIT ( * ) SI_UNIT ( $, .METRE. ) );
#7881 = SURFACE_STYLE_USAGE ( .BOTH. , #8073 ) ;
#7882 = CARTESIAN_POINT ( 'NONE',  ( -0.07480314960629921850, 0.009842519685039369942, -0.09092820213934121876 ) ) ;
#7883 = CARTESIAN_POINT ( 'NONE',  ( -0.03307086614173226219, 0.02736220472440943630, 0.07982518197702757889 ) ) ;
#7884 = LINE ( 'NONE', #106, #3975 ) ;
#7885 = ORIENTED_EDGE ( 'NONE', *, *, #367, .F. ) ;
#7886 = EDGE_CURVE ( 'NONE', #5203, #4368, #3141, .T. ) ;
#7887 = DIRECTION ( 'NONE',  ( 0.000000000000000000, 0.000000000000000000, 1.000000000000000000 ) ) ;
#7888 = SURFACE_STYLE_USAGE ( .BOTH. , #1688 ) ;
#7889 = SHAPE_DEFINITION_REPRESENTATION ( #2938, #8026 ) ;
#7890 = CARTESIAN_POINT ( 'NONE',  ( 0.09472119113475917229, 0.000000000000000000, -0.09311023622047244486 ) ) ;
#7891 = FILL_AREA_STYLE_COLOUR ( '', #1547 ) ;
#7892 = SURFACE_STYLE_USAGE ( .BOTH. , #1692 ) ;
#7893 =( NAMED_UNIT ( * ) PLANE_ANGLE_UNIT ( ) SI_UNIT ( $, .RADIAN. ) );
#7894 = ORIENTED_EDGE ( 'NONE', *, *, #2671, .F. ) ;
#7895 = ORIENTED_EDGE ( 'NONE', *, *, #4272, .T. ) ;
#7896 =( NAMED_UNIT ( * ) SI_UNIT ( $, .STERADIAN. ) SOLID_ANGLE_UNIT ( ) );
#7897 = ORIENTED_EDGE ( 'NONE', *, *, #8765, .F. ) ;
#7898 = CARTESIAN_POINT ( 'NONE',  ( -0.06692913385826769479, 0.004805065926099859851, 0.1210629921259844255 ) ) ;
#7899 = DIRECTION ( 'NONE',  ( 0.000000000000000000, 1.000000000000000000, 0.000000000000000000 ) ) ;
#7900 = FILL_AREA_STYLE_COLOUR ( '', #6163 ) ;
#7901 = DIRECTION ( 'NONE',  ( 1.000000000000000000, 0.000000000000000000, -1.971091940197113801E-16 ) ) ;
#7902 =( CONVERSION_BASED_UNIT ( 'INCH', #915 ) LENGTH_UNIT ( ) NAMED_UNIT ( #2309 ) );
#7903 = EDGE_CURVE ( 'NONE', #8441, #217, #3120, .T. ) ;
#7904 = ORIENTED_EDGE ( 'NONE', *, *, #6208, .T. ) ;
#7905 =( CONVERSION_BASED_UNIT ( 'INCH', #1660 ) LENGTH_UNIT ( ) NAMED_UNIT ( #2804 ) );
#7906 = EDGE_LOOP ( 'NONE', ( #3946, #1295, #6750, #8841 ) ) ;
#7907 = EDGE_LOOP ( 'NONE', ( #4718, #2204, #6539, #4426 ) ) ;
#7908 = CARTESIAN_POINT ( 'NONE',  ( -0.05413385826771653642, 0.000000000000000000, 0.07677619065068530535 ) ) ;
#7909 = CARTESIAN_POINT ( 'NONE',  ( -0.09173228346456689664, 0.009842519685039328309, -0.1210629921259842590 ) ) ;
#7910 = FACE_OUTER_BOUND ( 'NONE', #4230, .T. ) ;
#7911 = CARTESIAN_POINT ( 'NONE',  ( 0.07795275590551181688, 0.2556786355646874509, 0.01909448818897638636 ) ) ;
#7912 = CARTESIAN_POINT ( 'NONE',  ( 0.01692913385826774753, 0.007004783218323627943, 0.1049545283030582504 ) ) ;
#7913 = FILL_AREA_STYLE ('',( #5146 ) ) ;
#7914 = CARTESIAN_POINT ( 'NONE',  ( -0.06692913385826769479, -0.004999999999999999237, 0.1202051600123263675 ) ) ;
#7915 = ORIENTED_EDGE ( 'NONE', *, *, #8308, .F. ) ;
#7916 = COLOUR_RGB ( '',0.7921568627450980005, 0.8196078431372548767, 0.9333333333333333481 ) ;
#7917 = UNCERTAINTY_MEASURE_WITH_UNIT (LENGTH_MEASURE( 1.000000000000000082E-05 ), #2049, 'distance_accuracy_value', 'NONE');
#7918 = ORIENTED_EDGE ( 'NONE', *, *, #1523, .F. ) ;
#7919 = COLOUR_RGB ( '',0.7921568627450980005, 0.8196078431372548767, 0.9333333333333333481 ) ;
#7920 = CARTESIAN_POINT ( 'NONE',  ( 0.09783464566929132855, 0.2556786355646874509, 0.001377952755905507238 ) ) ;
#7921 = LINE ( 'NONE', #2181, #3362 ) ;
#7922 = EDGE_CURVE ( 'NONE', #5914, #3860, #3231, .T. ) ;
#7923 =( NAMED_UNIT ( * ) PLANE_ANGLE_UNIT ( ) SI_UNIT ( $, .RADIAN. ) );
#7924 = SURFACE_STYLE_USAGE ( .BOTH. , #2354 ) ;
#7925 =( GEOMETRIC_REPRESENTATION_CONTEXT ( 3 ) GLOBAL_UNCERTAINTY_ASSIGNED_CONTEXT ( ( #7431 ) ) GLOBAL_UNIT_ASSIGNED_CONTEXT ( ( #384, #943, #5909 ) ) REPRESENTATION_CONTEXT ( 'NONE', 'WORKASPACE' ) );
#7926 = STYLED_ITEM ( 'NONE', ( #2899 ), #3913 ) ;
#7927 = CARTESIAN_POINT ( 'NONE',  ( -0.09645669291338584972, 0.2556786355646874509, -0.1049212598425196818 ) ) ;
#7928 = ORIENTED_EDGE ( 'NONE', *, *, #6671, .T. ) ;
#7929 = EDGE_CURVE ( 'NONE', #5730, #8441, #8804, .T. ) ;
#7930 = CARTESIAN_POINT ( 'NONE',  ( -0.07795275590551181688, 0.000000000000000000, 0.01003937007874015040 ) ) ;
#7931 = DIMENSIONAL_EXPONENTS ( 1.000000000000000000, 0.000000000000000000, 0.000000000000000000, 0.000000000000000000, 0.000000000000000000, 0.000000000000000000, 0.000000000000000000 ) ;
#7932 = DIMENSIONAL_EXPONENTS ( 1.000000000000000000, 0.000000000000000000, 0.000000000000000000, 0.000000000000000000, 0.000000000000000000, 0.000000000000000000, 0.000000000000000000 ) ;
#7933 =( NAMED_UNIT ( * ) PLANE_ANGLE_UNIT ( ) SI_UNIT ( $, .RADIAN. ) );
#7934 = PRESENTATION_STYLE_ASSIGNMENT (( #3730 ) ) ;
#7935 = EDGE_CURVE ( 'NONE', #1606, #5871, #3724, .T. ) ;
#7936 = ORIENTED_EDGE ( 'NONE', *, *, #2661, .T. ) ;
#7937 = ORIENTED_EDGE ( 'NONE', *, *, #7872, .F. ) ;
#7938 = CARTESIAN_POINT ( 'NONE',  ( -0.05413385826771653642, 0.000000000000000000, -0.07578740157480313988 ) ) ;
#7939 = VECTOR ( 'NONE', #5461, 39.37007874015748143 ) ;
#7940 = ORIENTED_EDGE ( 'NONE', *, *, #4936, .F. ) ;
#7941 = CARTESIAN_POINT ( 'NONE',  ( 0.03503937007874018128, 0.01728225441254295502, 0.08117171797437273961 ) ) ;
#7942 = CARTESIAN_POINT ( 'NONE',  ( 0.09645669291338582196, 0.009842519685039361269, 0.004527559055118113643 ) ) ;
#7943 = PRESENTATION_STYLE_ASSIGNMENT (( #304 ) ) ;
#7944 = MECHANICAL_DESIGN_GEOMETRIC_PRESENTATION_REPRESENTATION (  '', ( #1686 ), #4435 ) ;
#7945 = DIRECTION ( 'NONE',  ( 1.000000000000000000, 0.000000000000000000, 0.000000000000000000 ) ) ;
#7946 = DIRECTION ( 'NONE',  ( 0.1736481776669314414, -0.9848077530122077983, 0.000000000000000000 ) ) ;
#7947 = EDGE_LOOP ( 'NONE', ( #2793, #8328, #1956, #6497 ) ) ;
#7948 = ORIENTED_EDGE ( 'NONE', *, *, #8194, .F. ) ;
#7949 = ORIENTED_EDGE ( 'NONE', *, *, #1551, .T. ) ;
#7950 =( GEOMETRIC_REPRESENTATION_CONTEXT ( 3 ) GLOBAL_UNCERTAINTY_ASSIGNED_CONTEXT ( ( #6702 ) ) GLOBAL_UNIT_ASSIGNED_CONTEXT ( ( #7614, #3512, #2817 ) ) REPRESENTATION_CONTEXT ( 'NONE', 'WORKASPACE' ) );
#7951 = CARTESIAN_POINT ( 'NONE',  ( -0.06496062992125982427, 0.02653119753051446511, 0.08453805796773562753 ) ) ;
#7952 = CARTESIAN_POINT ( 'NONE',  ( -0.01692913385826769201, 0.01728225441254295155, 0.08117171797437273961 ) ) ;
#7953 = DIRECTION ( 'NONE',  ( 0.000000000000000000, 0.000000000000000000, 1.000000000000000000 ) ) ;
#7954 = DIRECTION ( 'NONE',  ( 1.000000000000000000, 0.000000000000000000, -0.000000000000000000 ) ) ;
#7955 = DIRECTION ( 'NONE',  ( -1.000000000000000000, -0.000000000000000000, -0.000000000000000000 ) ) ;
#7956 = STYLED_ITEM ( 'NONE', ( #1405 ), #8373 ) ;
#7957 = DIMENSIONAL_EXPONENTS ( 1.000000000000000000, 0.000000000000000000, 0.000000000000000000, 0.000000000000000000, 0.000000000000000000, 0.000000000000000000, 0.000000000000000000 ) ;
#7958 =( NAMED_UNIT ( * ) SI_UNIT ( $, .STERADIAN. ) SOLID_ANGLE_UNIT ( ) );
#7959 = ORIENTED_EDGE ( 'NONE', *, *, #8946, .F. ) ;
#7960 = ORIENTED_EDGE ( 'NONE', *, *, #2852, .F. ) ;
#7961 = VECTOR ( 'NONE', #5845, 39.37007874015748143 ) ;
#7962 = EDGE_CURVE ( 'NONE', #4053, #1780, #7374, .T. ) ;
#7963 = CARTESIAN_POINT ( 'NONE',  ( 0.08307086614173231354, -0.005000000000000000104, 0.1202051600123263675 ) ) ;
#7964 = CARTESIAN_POINT ( 'NONE',  ( 0.09783464566929132855, 0.000000000000000000, 0.004527559055118108439 ) ) ;
#7965 =( CONVERSION_BASED_UNIT ( 'INCH', #1729 ) LENGTH_UNIT ( ) NAMED_UNIT ( #7071 ) );
#7966 = PRESENTATION_STYLE_ASSIGNMENT (( #7881 ) ) ;
#7967 = FILL_AREA_STYLE_COLOUR ( '', #3583 ) ;
#7968 = ORIENTED_EDGE ( 'NONE', *, *, #8544, .T. ) ;
#7969 = VECTOR ( 'NONE', #4581, 39.37007874015748143 ) ;
#7970 = DIRECTION ( 'NONE',  ( -1.000000000000000000, -0.000000000000000000, -0.000000000000000000 ) ) ;
#7971 = ORIENTED_EDGE ( 'NONE', *, *, #5731, .F. ) ;
#7972 = LINE ( 'NONE', #6446, #2609 ) ;
#7973 = CARTESIAN_POINT ( 'NONE',  ( 0.03307086614173231076, 0.01358267716535432532, 0.07982518197702757889 ) ) ;
#7974 = EDGE_CURVE ( 'NONE', #1218, #608, #4756, .T. ) ;
#7975 = FILL_AREA_STYLE ('',( #5210 ) ) ;
#7976 =( LENGTH_UNIT ( ) NAMED_UNIT ( * ) SI_UNIT ( $, .METRE. ) );
#7977 = DIRECTION ( 'NONE',  ( -1.000000000000000000, 0.000000000000000000, -0.000000000000000000 ) ) ;
#7978 = VECTOR ( 'NONE', #7637, 39.37007874015748143 ) ;
#7979 = CARTESIAN_POINT ( 'NONE',  ( -0.08307086614173225803, 0.01751968503937007676, 0.07982518197702757889 ) ) ;
#7980 = CARTESIAN_POINT ( 'NONE',  ( 0.03307086614173231076, 1.387266559282633743E-17, 0.09695901468261186595 ) ) ;
#7981 = SURFACE_STYLE_FILL_AREA ( #2409 ) ;
#7982 = VERTEX_POINT ( 'NONE', #5343 ) ;
#7983 = COLOUR_RGB ( '',0.2509803921568627416, 0.2509803921568627416, 0.2509803921568627416 ) ;
#7984 = VERTEX_POINT ( 'NONE', #1114 ) ;
#7985 = DIRECTION ( 'NONE',  ( 1.000000000000000000, 0.000000000000000000, 0.000000000000000000 ) ) ;
#7986 = PRESENTATION_LAYER_ASSIGNMENT (  '', '', ( #4179 ) ) ;
#7987 = FILL_AREA_STYLE_COLOUR ( '', #6910 ) ;
#7988 = FILL_AREA_STYLE ('',( #5226 ) ) ;
#7989 = DIRECTION ( 'NONE',  ( 0.000000000000000000, -0.9961946980917454342, -0.08715574274765873486 ) ) ;
#7990 = DIMENSIONAL_EXPONENTS ( 1.000000000000000000, 0.000000000000000000, 0.000000000000000000, 0.000000000000000000, 0.000000000000000000, 0.000000000000000000, 0.000000000000000000 ) ;
#7991 = STYLED_ITEM ( 'NONE', ( #8158 ), #1116 ) ;
#7992 = EDGE_CURVE ( 'NONE', #6519, #5708, #8859, .T. ) ;
#7993 =( NAMED_UNIT ( * ) SI_UNIT ( $, .STERADIAN. ) SOLID_ANGLE_UNIT ( ) );
#7994 = FILL_AREA_STYLE ('',( #4192 ) ) ;
#7995 = STYLED_ITEM ( 'NONE', ( #8348 ), #405 ) ;
#7996 = ORIENTED_EDGE ( 'NONE', *, *, #6119, .F. ) ;
#7997 = FILL_AREA_STYLE ('',( #355 ) ) ;
#7998 = DIMENSIONAL_EXPONENTS ( 1.000000000000000000, 0.000000000000000000, 0.000000000000000000, 0.000000000000000000, 0.000000000000000000, 0.000000000000000000, 0.000000000000000000 ) ;
#7999 = EDGE_LOOP ( 'NONE', ( #3415, #1254, #9015, #8495 ) ) ;
#8000 =( GEOMETRIC_REPRESENTATION_CONTEXT ( 3 ) GLOBAL_UNCERTAINTY_ASSIGNED_CONTEXT ( ( #8129 ) ) GLOBAL_UNIT_ASSIGNED_CONTEXT ( ( #8176, #1930, #7575 ) ) REPRESENTATION_CONTEXT ( 'NONE', 'WORKASPACE' ) );
#8001 = EDGE_CURVE ( 'NONE', #3085, #5737, #6799, .T. ) ;
#8002 = STYLED_ITEM ( 'NONE', ( #1402 ), #1627 ) ;
#8003 = AXIS2_PLACEMENT_3D ( 'NONE', #1249, #6812, #577 ) ;
#8004 = VERTEX_POINT ( 'NONE', #6551 ) ;
#8005 = PLANE ( 'NONE',  #7767 ) ;
#8006 = PRESENTATION_LAYER_ASSIGNMENT (  '', '', ( #7995 ) ) ;
#8007 = PRESENTATION_STYLE_ASSIGNMENT (( #2425 ) ) ;
#8008 = FILL_AREA_STYLE ('',( #965 ) ) ;
#8010 = LINE ( 'NONE', #181, #4943 ) ;
#8009 = PRESENTATION_LAYER_ASSIGNMENT (  '', '', ( #2900 ) ) ;
#8011 = PRESENTATION_LAYER_ASSIGNMENT (  '', '', ( #3493 ) ) ;
#8012 = COLOUR_RGB ( '',0.2509803921568627416, 0.2509803921568627416, 0.2509803921568627416 ) ;
#8013 = SURFACE_STYLE_FILL_AREA ( #269 ) ;
#8014 = SURFACE_SIDE_STYLE ('',( #5240 ) ) ;
#8015 = VECTOR ( 'NONE', #3101, 39.37007874015748143 ) ;
#8016 = SURFACE_STYLE_USAGE ( .BOTH. , #2584 ) ;
#8017 = VECTOR ( 'NONE', #5424, 39.37007874015748143 ) ;
#8018 = LENGTH_MEASURE_WITH_UNIT ( LENGTH_MEASURE( 0.02539999999999999897 ), #3123 );
#8019 = VECTOR ( 'NONE', #4114, 39.37007874015748854 ) ;
#8020 = CYLINDRICAL_SURFACE ( 'NONE', #1002, 0.003937007874015758385 ) ;
#8021 = LINE ( 'NONE', #6652, #6607 ) ;
#8022 = ORIENTED_EDGE ( 'NONE', *, *, #2498, .F. ) ;
#8023 = CIRCLE ( 'NONE', #4481, 0.005905511811023620231 ) ;
#8024 = VECTOR ( 'NONE', #8104, 39.37007874015748143 ) ;
#8025 = UNCERTAINTY_MEASURE_WITH_UNIT (LENGTH_MEASURE( 1.000000000000000082E-05 ), #1720, 'distance_accuracy_value', 'NONE');
#8026 = SHAPE_REPRESENTATION ( 'SQJ148EP-T1_GE3_SQJ148EP-T1_GE3', ( #579 ), #3904 ) ;
#8027 = CARTESIAN_POINT ( 'NONE',  ( 0.03503937007874018128, 0.01728225441254295155, 0.08117171797437273961 ) ) ;
#8028 = COLOUR_RGB ( '',0.7921568627450980005, 0.8196078431372548767, 0.9333333333333333481 ) ;
#8029 = CARTESIAN_POINT ( 'NONE',  ( 0.03307086614173231076, 0.02244094488188976347, 0.07893700787401573826 ) ) ;
#8030 = DIRECTION ( 'NONE',  ( 0.000000000000000000, -0.08715574274765768015, 0.9961946980917456562 ) ) ;
#8031 = CARTESIAN_POINT ( 'NONE',  ( 0.08307086614173231354, 0.01173508930892991180, 0.08667802955033566958 ) ) ;
#8032 = ORIENTED_EDGE ( 'NONE', *, *, #583, .F. ) ;
#8033 = PLANE ( 'NONE',  #3360 ) ;
#8034 = VERTEX_POINT ( 'NONE', #1803 ) ;
#8035 = EDGE_CURVE ( 'NONE', #3962, #435, #6656, .T. ) ;
#8036 = CARTESIAN_POINT ( 'NONE',  ( 0.03307086614173231076, -0.005000000000000000104, 0.1202051600123263675 ) ) ;
#8037 =( GEOMETRIC_REPRESENTATION_CONTEXT ( 3 ) GLOBAL_UNCERTAINTY_ASSIGNED_CONTEXT ( ( #3426 ) ) GLOBAL_UNIT_ASSIGNED_CONTEXT ( ( #7085, #1609, #2237 ) ) REPRESENTATION_CONTEXT ( 'NONE', 'WORKASPACE' ) );
#8038 = PRESENTATION_STYLE_ASSIGNMENT (( #3005 ) ) ;
#8039 =( LENGTH_UNIT ( ) NAMED_UNIT ( * ) SI_UNIT ( $, .METRE. ) );
#8040 = PLANE ( 'NONE',  #995 ) ;
#8041 =( NAMED_UNIT ( * ) PLANE_ANGLE_UNIT ( ) SI_UNIT ( $, .RADIAN. ) );
#8042 = SURFACE_STYLE_USAGE ( .BOTH. , #2604 ) ;
#8043 = ORIENTED_EDGE ( 'NONE', *, *, #7641, .F. ) ;
#8044 = VERTEX_POINT ( 'NONE', #2487 ) ;
#8045 = CARTESIAN_POINT ( 'NONE',  ( -0.09472119113475921393, 2.667820306312757049E-18, -0.09092820213934121876 ) ) ;
#8046 =( CONVERSION_BASED_UNIT ( 'INCH', #5918 ) LENGTH_UNIT ( ) NAMED_UNIT ( #5788 ) );
#8047 = SURFACE_STYLE_FILL_AREA ( #1007 ) ;
#8048 = CARTESIAN_POINT ( 'NONE',  ( -0.06692913385826769479, 0.02653119753051446858, 0.08453805796773562753 ) ) ;
#8049 = PRESENTATION_STYLE_ASSIGNMENT (( #1978 ) ) ;
#8050 = EDGE_CURVE ( 'NONE', #6243, #4184, #7088, .T. ) ;
#8051 = FILL_AREA_STYLE ('',( #8736 ) ) ;
#8052 = SURFACE_SIDE_STYLE ('',( #8738 ) ) ;
#8053 = ORIENTED_EDGE ( 'NONE', *, *, #7935, .F. ) ;
#8054 =( CONVERSION_BASED_UNIT ( 'INCH', #6026 ) LENGTH_UNIT ( ) NAMED_UNIT ( #3562 ) );
#8055 = ORIENTED_EDGE ( 'NONE', *, *, #549, .T. ) ;
#8056 = ADVANCED_FACE ( 'NONE', ( #5888 ), #8655, .F. ) ;
#8057 = ORIENTED_EDGE ( 'NONE', *, *, #88, .T. ) ;
#8058 = SURFACE_STYLE_USAGE ( .BOTH. , #3025 ) ;
#8059 =( CONVERSION_BASED_UNIT ( 'INCH', #319 ) LENGTH_UNIT ( ) NAMED_UNIT ( #6602 ) );
#8060 = DIRECTION ( 'NONE',  ( 0.000000000000000000, 0.9659258262890682012, -0.2588190451025212946 ) ) ;
#8061 = CARTESIAN_POINT ( 'NONE',  ( 0.03503937007874018128, 0.02653119753051446511, 0.08453805796773562753 ) ) ;
#8062 = FILL_AREA_STYLE_COLOUR ( '', #3154 ) ;
#8063 = CARTESIAN_POINT ( 'NONE',  ( 0.08503937007874018406, 0.02266295170762570171, 0.09018973667019880569 ) ) ;
#8064 = ADVANCED_FACE ( 'NONE', ( #5576 ), #2636, .F. ) ;
#8065 = ORIENTED_EDGE ( 'NONE', *, *, #7929, .F. ) ;
#8066 = DIMENSIONAL_EXPONENTS ( 1.000000000000000000, 0.000000000000000000, 0.000000000000000000, 0.000000000000000000, 0.000000000000000000, 0.000000000000000000, 0.000000000000000000 ) ;
#8067 = UNCERTAINTY_MEASURE_WITH_UNIT (LENGTH_MEASURE( 1.000000000000000082E-05 ), #8380, 'distance_accuracy_value', 'NONE');
#8068 = VECTOR ( 'NONE', #8440, 39.37007874015748143 ) ;
#8069 = LINE ( 'NONE', #1813, #6828 ) ;
#8070 = FACE_OUTER_BOUND ( 'NONE', #1841, .T. ) ;
#8071 = UNCERTAINTY_MEASURE_WITH_UNIT (LENGTH_MEASURE( 1.000000000000000082E-05 ), #6171, 'distance_accuracy_value', 'NONE');
#8072 = PRESENTATION_STYLE_ASSIGNMENT (( #5200 ) ) ;
#8073 = SURFACE_SIDE_STYLE ('',( #5157 ) ) ;
#8074 = ORIENTED_EDGE ( 'NONE', *, *, #2939, .F. ) ;
#8075 = CARTESIAN_POINT ( 'NONE',  ( 0.06496062992125986590, 0.02266295170762570171, 0.09018973667019880569 ) ) ;
#8076 = VECTOR ( 'NONE', #6533, 39.37007874015748143 ) ;
#8077 = VECTOR ( 'NONE', #4280, 39.37007874015748143 ) ;
#8078 = EDGE_CURVE ( 'NONE', #1915, #2173, #7553, .T. ) ;
#8079 = FILL_AREA_STYLE_COLOUR ( '', #4576 ) ;
#8080 = CARTESIAN_POINT ( 'NONE',  ( 0.09645669291338582196, 0.02244094488188976347, 0.07893700787401573826 ) ) ;
#8081 = PLANE ( 'NONE',  #6790 ) ;
#8082 = FILL_AREA_STYLE_COLOUR ( '', #2166 ) ;
#8083 = SURFACE_STYLE_USAGE ( .BOTH. , #3203 ) ;
#8084 = CARTESIAN_POINT ( 'NONE',  ( -0.07480314960629920462, 0.02030456422393982566, 0.05925196850393700532 ) ) ;
#8085 = EDGE_LOOP ( 'NONE', ( #1543, #6529, #5232, #1229, #1920, #7261, #3569, #2338, #2970, #4935, #6994, #1699, #5833, #6680, #2987, #7225, #1177, #3036, #8683, #2539, #7996, #7894, #4024, #3383, #4057, #4857, #5348, #4817 ) ) ;
#8086 = ORIENTED_EDGE ( 'NONE', *, *, #7072, .F. ) ;
#8087 = LENGTH_MEASURE_WITH_UNIT ( LENGTH_MEASURE( 0.02539999999999999897 ), #4752 );
#8088 =( NAMED_UNIT ( * ) PLANE_ANGLE_UNIT ( ) SI_UNIT ( $, .RADIAN. ) );
#8089 = DIRECTION ( 'NONE',  ( 0.000000000000000000, -1.000000000000000000, 0.000000000000000000 ) ) ;
#8090 = DIMENSIONAL_EXPONENTS ( 1.000000000000000000, 0.000000000000000000, 0.000000000000000000, 0.000000000000000000, 0.000000000000000000, 0.000000000000000000, 0.000000000000000000 ) ;
#8091 = EDGE_CURVE ( 'NONE', #5135, #6584, #8283, .T. ) ;
#8092 = FILL_AREA_STYLE_COLOUR ( '', #4292 ) ;
#8093 = CARTESIAN_POINT ( 'NONE',  ( -0.09645669291338582196, 0.009842519685039361269, 0.07772391750302325153 ) ) ;
#8094 = AXIS2_PLACEMENT_3D ( 'NONE', #4768, #6819, #3359 ) ;
#8095 = DIRECTION ( 'NONE',  ( -1.000000000000000000, -0.000000000000000000, -0.000000000000000000 ) ) ;
#8096 = ORIENTED_EDGE ( 'NONE', *, *, #6194, .T. ) ;
#8097 = PRESENTATION_STYLE_ASSIGNMENT (( #311 ) ) ;
#8098 = EDGE_LOOP ( 'NONE', ( #3954, #3357, #7971, #296 ) ) ;
#8099 = ORIENTED_EDGE ( 'NONE', *, *, #8035, .F. ) ;
#8100 = EDGE_CURVE ( 'NONE', #6872, #1500, #1259, .T. ) ;
#8101 = SURFACE_SIDE_STYLE ('',( #359 ) ) ;
#8102 = COLOUR_RGB ( '',0.2509803921568627416, 0.2509803921568627416, 0.2509803921568627416 ) ;
#8103 = CARTESIAN_POINT ( 'NONE',  ( -0.08307086614173225803, -0.003584687981864217131, 0.1040280696203075700 ) ) ;
#8104 = DIRECTION ( 'NONE',  ( 0.000000000000000000, 0.9396926207859079838, 0.3420201433256698786 ) ) ;
#8105 = FILL_AREA_STYLE ('',( #1719 ) ) ;
#8106 =( NAMED_UNIT ( * ) PLANE_ANGLE_UNIT ( ) SI_UNIT ( $, .RADIAN. ) );
#8107 = CARTESIAN_POINT ( 'NONE',  ( -0.03503937007874013965, 0.01617704132028901370, 0.08278648331793365955 ) ) ;
#8108 = ORIENTED_EDGE ( 'NONE', *, *, #4928, .F. ) ;
#8109 = EDGE_CURVE ( 'NONE', #5381, #3384, #9019, .T. ) ;
#8110 = UNCERTAINTY_MEASURE_WITH_UNIT (LENGTH_MEASURE( 1.000000000000000082E-05 ), #5800, 'distance_accuracy_value', 'NONE');
#8111 = CARTESIAN_POINT ( 'NONE',  ( -0.03307086614173226219, 0.02736220472440944324, 0.07761836027346888378 ) ) ;
#8112 = MECHANICAL_DESIGN_GEOMETRIC_PRESENTATION_REPRESENTATION (  '', ( #1396 ), #5944 ) ;
#8113 = LENGTH_MEASURE_WITH_UNIT ( LENGTH_MEASURE( 0.02539999999999999897 ), #6885 );
#8114 = VERTEX_POINT ( 'NONE', #6784 ) ;
#8115 = AXIS2_PLACEMENT_3D ( 'NONE', #6161, #7362, #3349 ) ;
#8116 = CARTESIAN_POINT ( 'NONE',  ( 0.07795275590551181688, 0.000000000000000000, 0.01909448818897638636 ) ) ;
#8117 = DIRECTION ( 'NONE',  ( -1.000000000000000000, 0.000000000000000000, -0.000000000000000000 ) ) ;
#8118 = EDGE_LOOP ( 'NONE', ( #908, #8969, #8022, #87 ) ) ;
#8119 = CARTESIAN_POINT ( 'NONE',  ( 0.09783464566929132855, 0.009842519685039369942, -0.01003937007874015908 ) ) ;
#8120 = CARTESIAN_POINT ( 'NONE',  ( 0.07480314960629921850, 0.2556786355646874509, -0.1049212598425196818 ) ) ;
#8121 = MECHANICAL_DESIGN_GEOMETRIC_PRESENTATION_REPRESENTATION (  '', ( #7956 ), #8866 ) ;
#8122 = DIRECTION ( 'NONE',  ( 0.000000000000000000, 0.000000000000000000, -1.000000000000000000 ) ) ;
#8123 = SURFACE_STYLE_FILL_AREA ( #7445 ) ;
#8124 = DIRECTION ( 'NONE',  ( 0.000000000000000000, -0.9659258262890682012, 0.2588190451025212946 ) ) ;
#8125 = DIRECTION ( 'NONE',  ( 1.000000000000000000, 0.000000000000000000, 0.000000000000000000 ) ) ;
#8126 = CARTESIAN_POINT ( 'NONE',  ( 0.06692913385826773642, -0.003584687981864217131, 0.1040280696203075700 ) ) ;
#8127 = ORIENTED_EDGE ( 'NONE', *, *, #7259, .T. ) ;
#8128 = ORIENTED_EDGE ( 'NONE', *, *, #1604, .F. ) ;
#8129 = UNCERTAINTY_MEASURE_WITH_UNIT (LENGTH_MEASURE( 1.000000000000000082E-05 ), #8176, 'distance_accuracy_value', 'NONE');
#8130 = PRESENTATION_STYLE_ASSIGNMENT (( #2016 ) ) ;
#8131 =( LENGTH_UNIT ( ) NAMED_UNIT ( * ) SI_UNIT ( $, .METRE. ) );
#8132 = SURFACE_STYLE_FILL_AREA ( #6866 ) ;
#8133 = ORIENTED_EDGE ( 'NONE', *, *, #7025, .F. ) ;
#8134 =( NAMED_UNIT ( * ) PLANE_ANGLE_UNIT ( ) SI_UNIT ( $, .RADIAN. ) );
#8135 = ORIENTED_EDGE ( 'NONE', *, *, #3856, .T. ) ;
#8136 = EDGE_CURVE ( 'NONE', #2431, #2968, #3319, .T. ) ;
#8137 = ORIENTED_EDGE ( 'NONE', *, *, #3029, .F. ) ;
#8138 = PRESENTATION_LAYER_ASSIGNMENT (  '', '', ( #2436 ) ) ;
#8139 =( GEOMETRIC_REPRESENTATION_CONTEXT ( 3 ) GLOBAL_UNCERTAINTY_ASSIGNED_CONTEXT ( ( #8331 ) ) GLOBAL_UNIT_ASSIGNED_CONTEXT ( ( #4947, #782, #8496 ) ) REPRESENTATION_CONTEXT ( 'NONE', 'WORKASPACE' ) );
#8140 = LENGTH_MEASURE_WITH_UNIT ( LENGTH_MEASURE( 0.02539999999999999897 ), #3086 );
#8141 = PRESENTATION_STYLE_ASSIGNMENT (( #4675 ) ) ;
#8142 = MECHANICAL_DESIGN_GEOMETRIC_PRESENTATION_REPRESENTATION (  '', ( #4327 ), #7847 ) ;
#8143 = UNCERTAINTY_MEASURE_WITH_UNIT (LENGTH_MEASURE( 1.000000000000000082E-05 ), #6197, 'distance_accuracy_value', 'NONE');
#8144 = CARTESIAN_POINT ( 'NONE',  ( -0.06496062992125982427, 0.006220377944235653232, 0.1048859017339656141 ) ) ;
#8145 = DIRECTION ( 'NONE',  ( -0.000000000000000000, 0.9396926207859079838, 0.3420201433256699342 ) ) ;
#8146 = PRESENTATION_LAYER_ASSIGNMENT (  '', '', ( #3756 ) ) ;
#8147 = CARTESIAN_POINT ( 'NONE',  ( -0.05413385826771655723, -5.335640612625514099E-19, -0.09092820213934121876 ) ) ;
#8148 = AXIS2_PLACEMENT_3D ( 'NONE', #5616, #1437, #49 ) ;
#8149 = COLOUR_RGB ( '',0.2509803921568627416, 0.2509803921568627416, 0.2509803921568627416 ) ;
#8150 = DIRECTION ( 'NONE',  ( 0.000000000000000000, -0.9961946980917456562, -0.08715574274765740259 ) ) ;
#8151 = LINE ( 'NONE', #6788, #8810 ) ;
#8152 = VERTEX_POINT ( 'NONE', #4145 ) ;
#8153 = COLOUR_RGB ( '',0.2509803921568627416, 0.2509803921568627416, 0.2509803921568627416 ) ;
#8154 = UNCERTAINTY_MEASURE_WITH_UNIT (LENGTH_MEASURE( 1.000000000000000082E-05 ), #4460, 'distance_accuracy_value', 'NONE');
#8155 = MECHANICAL_DESIGN_GEOMETRIC_PRESENTATION_REPRESENTATION (  '', ( #721 ), #7852 ) ;
#8156 = COLOUR_RGB ( '',0.2509803921568627416, 0.2509803921568627416, 0.2509803921568627416 ) ;
#8157 = CIRCLE ( 'NONE', #1006, 0.01377952755905510404 ) ;
#8158 = PRESENTATION_STYLE_ASSIGNMENT (( #5395 ) ) ;
#8159 =( LENGTH_UNIT ( ) NAMED_UNIT ( * ) SI_UNIT ( $, .METRE. ) );
#8160 = ORIENTED_EDGE ( 'NONE', *, *, #8984, .F. ) ;
#8161 = UNCERTAINTY_MEASURE_WITH_UNIT (LENGTH_MEASURE( 1.000000000000000082E-05 ), #7748, 'distance_accuracy_value', 'NONE');
#8162 = EDGE_CURVE ( 'NONE', #6653, #1000, #3482, .T. ) ;
#8163 = CARTESIAN_POINT ( 'NONE',  ( 0.01496062992125986486, 0.01822099969626657379, 0.09408128290260084348 ) ) ;
#8164 = ORIENTED_EDGE ( 'NONE', *, *, #7032, .F. ) ;
#8165 = AXIS2_PLACEMENT_3D ( 'NONE', #7042, #4954, #1517 ) ;
#8166 = FILL_AREA_STYLE ('',( #5534 ) ) ;
#8167 = LINE ( 'NONE', #518, #3912 ) ;
#8168 = EDGE_CURVE ( 'NONE', #2707, #3534, #8889, .T. ) ;
#8169 = CLOSED_SHELL ( 'NONE', ( #4703, #3499, #3292, #1464, #2208, #4281, #7179, #1784, #3019, #2168, #8335, #5389, #3814, #6326, #7490, #8835, #983, #303, #4774, #7737, #7759, #4376, #3254 ) ) ;
#8170 = PRESENTATION_LAYER_ASSIGNMENT (  '', '', ( #2183 ) ) ;
#8171 =( GEOMETRIC_REPRESENTATION_CONTEXT ( 3 ) GLOBAL_UNCERTAINTY_ASSIGNED_CONTEXT ( ( #6905 ) ) GLOBAL_UNIT_ASSIGNED_CONTEXT ( ( #927, #2346, #5147 ) ) REPRESENTATION_CONTEXT ( 'NONE', 'WORKASPACE' ) );
#8172 = DIRECTION ( 'NONE',  ( 0.000000000000000000, 0.000000000000000000, -1.000000000000000000 ) ) ;
#8173 = VECTOR ( 'NONE', #5130, 39.37007874015748143 ) ;
#8174 = DIRECTION ( 'NONE',  ( 0.000000000000000000, 1.000000000000000000, 0.000000000000000000 ) ) ;
#8175 = DIRECTION ( 'NONE',  ( -1.000000000000000000, -0.000000000000000000, -0.000000000000000000 ) ) ;
#8176 =( CONVERSION_BASED_UNIT ( 'INCH', #8312 ) LENGTH_UNIT ( ) NAMED_UNIT ( #5866 ) );
#8177 = ADVANCED_FACE ( 'NONE', ( #1950 ), #4724, .T. ) ;
#8178 = CARTESIAN_POINT ( 'NONE',  ( -0.08307086614173225803, 0.01822099969626658419, 0.09408128290260084348 ) ) ;
#8179 = MECHANICAL_DESIGN_GEOMETRIC_PRESENTATION_REPRESENTATION (  '', ( #470 ), #2772 ) ;
#8180 = VERTEX_POINT ( 'NONE', #4366 ) ;
#8181 = EDGE_LOOP ( 'NONE', ( #253, #5463, #6409, #2143 ) ) ;
#8182 = FILL_AREA_STYLE_COLOUR ( '', #6019 ) ;
#8183 = DIRECTION ( 'NONE',  ( 0.000000000000000000, 0.7521705405901426555, -0.6589684953534065137 ) ) ;
#8184 =( LENGTH_UNIT ( ) NAMED_UNIT ( * ) SI_UNIT ( $, .METRE. ) );
#8185 =( NAMED_UNIT ( * ) PLANE_ANGLE_UNIT ( ) SI_UNIT ( $, .RADIAN. ) );
#8186 = LINE ( 'NONE', #3879, #410 ) ;
#8187 = LINE ( 'NONE', #4166, #4203 ) ;
#8188 = SURFACE_STYLE_USAGE ( .BOTH. , #2616 ) ;
#8189 = LENGTH_MEASURE_WITH_UNIT ( LENGTH_MEASURE( 0.02539999999999999897 ), #4611 );
#8190 = ORIENTED_EDGE ( 'NONE', *, *, #5782, .F. ) ;
#8191 = ORIENTED_EDGE ( 'NONE', *, *, #6060, .T. ) ;
#8192 = ORIENTED_EDGE ( 'NONE', *, *, #1194, .T. ) ;
#8193 = SURFACE_STYLE_FILL_AREA ( #1982 ) ;
#8194 = EDGE_CURVE ( 'NONE', #1084, #3430, #5963, .T. ) ;
#8195 = FILL_AREA_STYLE_COLOUR ( '', #8976 ) ;
#8196 = SURFACE_STYLE_USAGE ( .BOTH. , #587 ) ;
#8197 = LINE ( 'NONE', #544, #4333 ) ;
#8198 = EDGE_CURVE ( 'NONE', #5234, #2705, #7316, .T. ) ;
#8199 = LENGTH_MEASURE_WITH_UNIT ( LENGTH_MEASURE( 0.02539999999999999897 ), #3939 );
#8200 = DIRECTION ( 'NONE',  ( -1.000000000000000000, -0.000000000000000000, 0.000000000000000000 ) ) ;
#8201 =( LENGTH_UNIT ( ) NAMED_UNIT ( * ) SI_UNIT ( $, .METRE. ) );
#8202 = CARTESIAN_POINT ( 'NONE',  ( 0.08503937007874018406, 0.006220377944235653232, 0.1048859017339656141 ) ) ;
#8203 = DIRECTION ( 'NONE',  ( 0.000000000000000000, 0.08715574274765738871, -0.9961946980917454342 ) ) ;
#8204 = VERTEX_POINT ( 'NONE', #903 ) ;
#8205 =( NAMED_UNIT ( * ) PLANE_ANGLE_UNIT ( ) SI_UNIT ( $, .RADIAN. ) );
#8206 = CARTESIAN_POINT ( 'NONE',  ( 0.05413385826771653642, 0.009842519685039369942, -0.07578740157480313988 ) ) ;
#8207 = FILL_AREA_STYLE_COLOUR ( '', #5781 ) ;
#8208 = CARTESIAN_POINT ( 'NONE',  ( 0.08503937007874018406, 0.01751968503937008370, 0.07982518197702757889 ) ) ;
#8209 = ORIENTED_EDGE ( 'NONE', *, *, #3444, .F. ) ;
#8210 = LENGTH_MEASURE_WITH_UNIT ( LENGTH_MEASURE( 0.02539999999999999897 ), #2597 );
#8211 = CARTESIAN_POINT ( 'NONE',  ( -0.01496062992125982496, 0.02736220472440944324, 0.07761836027346888378 ) ) ;
#8212 = DIRECTION ( 'NONE',  ( 0.000000000000000000, 1.000000000000000000, -0.000000000000000000 ) ) ;
#8213 = EDGE_CURVE ( 'NONE', #3559, #3831, #344, .T. ) ;
#8214 = LENGTH_MEASURE_WITH_UNIT ( LENGTH_MEASURE( 0.02539999999999999897 ), #6761 );
#8215 = SURFACE_STYLE_USAGE ( .BOTH. , #8994 ) ;
#8216 = FILL_AREA_STYLE_COLOUR ( '', #4813 ) ;
#8217 = FILL_AREA_STYLE ('',( #4003 ) ) ;
#8218 = SURFACE_SIDE_STYLE ('',( #5462 ) ) ;
#8219 = UNCERTAINTY_MEASURE_WITH_UNIT (LENGTH_MEASURE( 1.000000000000000082E-05 ), #5373, 'distance_accuracy_value', 'NONE');
#8221 = CARTESIAN_POINT ( 'NONE',  ( 0.07480314960629921850, 0.009842519685039376881, -0.1049212598425196818 ) ) ;
#8220 = MECHANICAL_DESIGN_GEOMETRIC_PRESENTATION_REPRESENTATION (  '', ( #8505 ), #363 ) ;
#8222 = VERTEX_POINT ( 'NONE', #5869 ) ;
#8223 = EDGE_LOOP ( 'NONE', ( #4093, #9022, #179, #3109 ) ) ;
#8224 = SURFACE_SIDE_STYLE ('',( #4889 ) ) ;
#8225 = UNCERTAINTY_MEASURE_WITH_UNIT (LENGTH_MEASURE( 1.000000000000000082E-05 ), #5970, 'distance_accuracy_value', 'NONE');
#8226 = DIRECTION ( 'NONE',  ( 0.000000000000000000, 0.9659258262890682012, -0.2588190451025212946 ) ) ;
#8227 = PRESENTATION_LAYER_ASSIGNMENT (  '', '', ( #7628 ) ) ;
#8228 = AXIS2_PLACEMENT_3D ( 'NONE', #5509, #3389, #7456 ) ;
#8229 = PLANE ( 'NONE',  #316 ) ;
#8230 = LINE ( 'NONE', #8271, #1964 ) ;
#8231 = DIRECTION ( 'NONE',  ( 1.000000000000000000, 0.000000000000000000, 0.000000000000000000 ) ) ;
#8232 = FACE_OUTER_BOUND ( 'NONE', #2596, .T. ) ;
#8233 = ORIENTED_EDGE ( 'NONE', *, *, #468, .T. ) ;
#8234 = SURFACE_STYLE_FILL_AREA ( #6241 ) ;
#8235 = PRESENTATION_LAYER_ASSIGNMENT (  '', '', ( #2238 ) ) ;
#8236 = ORIENTED_EDGE ( 'NONE', *, *, #828, .F. ) ;
#8237 = AXIS2_PLACEMENT_3D ( 'NONE', #5792, #6386, #8558 ) ;
#8238 = EDGE_LOOP ( 'NONE', ( #4475, #7897, #4169, #4525 ) ) ;
#8239 = LINE ( 'NONE', #705, #7364 ) ;
#8240 = AXIS2_PLACEMENT_3D ( 'NONE', #7326, #7371, #5236 ) ;
#8241 = LINE ( 'NONE', #501, #7444 ) ;
#8242 = DIRECTION ( 'NONE',  ( 1.000000000000000000, 0.000000000000000000, 0.000000000000000000 ) ) ;
#8243 = LINE ( 'NONE', #3318, #4352 ) ;
#8244 = FACE_OUTER_BOUND ( 'NONE', #6855, .T. ) ;
#8245 = PRESENTATION_STYLE_ASSIGNMENT (( #6882 ) ) ;
#8246 = PLANE ( 'NONE',  #853 ) ;
#8247 = EDGE_LOOP ( 'NONE', ( #347, #7488, #7915, #4602, #622, #7595 ) ) ;
#8248 =( GEOMETRIC_REPRESENTATION_CONTEXT ( 3 ) GLOBAL_UNCERTAINTY_ASSIGNED_CONTEXT ( ( #3084 ) ) GLOBAL_UNIT_ASSIGNED_CONTEXT ( ( #102, #8434, #2860 ) ) REPRESENTATION_CONTEXT ( 'NONE', 'WORKASPACE' ) );
#8249 =( LENGTH_UNIT ( ) NAMED_UNIT ( * ) SI_UNIT ( $, .METRE. ) );
#8250 = UNCERTAINTY_MEASURE_WITH_UNIT (LENGTH_MEASURE( 1.000000000000000082E-05 ), #4870, 'distance_accuracy_value', 'NONE');
#8251 =( LENGTH_UNIT ( ) NAMED_UNIT ( * ) SI_UNIT ( $, .METRE. ) );
#8252 = STYLED_ITEM ( 'NONE', ( #2684 ), #7759 ) ;
#8253 = ORIENTED_EDGE ( 'NONE', *, *, #7544, .T. ) ;
#8254 = PLANE ( 'NONE',  #4497 ) ;
#8255 = EDGE_CURVE ( 'NONE', #1419, #263, #996, .T. ) ;
#8256 = AXIS2_PLACEMENT_3D ( 'NONE', #3809, #3940, #3749 ) ;
#8257 = VECTOR ( 'NONE', #5214, 39.37007874015748143 ) ;
#8258 = CARTESIAN_POINT ( 'NONE',  ( 0.06692913385826773642, 0.007004783218323627943, 0.1049545283030582504 ) ) ;
#8259 =( LENGTH_UNIT ( ) NAMED_UNIT ( * ) SI_UNIT ( $, .METRE. ) );
#8260 =( NAMED_UNIT ( * ) PLANE_ANGLE_UNIT ( ) SI_UNIT ( $, .RADIAN. ) );
#8261 = DIRECTION ( 'NONE',  ( 0.1679009179374290617, -0.9522134233956621729, 0.2551448178209429485 ) ) ;
#8262 = CARTESIAN_POINT ( 'NONE',  ( 0.09027830658147500964, 0.04488188976377952000, -0.08693184988856164641 ) ) ;
#8263 =( CONVERSION_BASED_UNIT ( 'INCH', #1970 ) LENGTH_UNIT ( ) NAMED_UNIT ( #5128 ) );
#8264 = MECHANICAL_DESIGN_GEOMETRIC_PRESENTATION_REPRESENTATION (  '', ( #8703 ), #2589 ) ;
#8265 = EDGE_CURVE ( 'NONE', #7474, #6453, #3009, .T. ) ;
#8266 = ORIENTED_EDGE ( 'NONE', *, *, #1134, .F. ) ;
#8267 = ORIENTED_EDGE ( 'NONE', *, *, #8050, .T. ) ;
#8268 = CARTESIAN_POINT ( 'NONE',  ( -0.01692913385826769201, 0.02653119753051446858, 0.08453805796773562753 ) ) ;
#8269 =( CONVERSION_BASED_UNIT ( 'INCH', #2610 ) LENGTH_UNIT ( ) NAMED_UNIT ( #1031 ) );
#8270 = VECTOR ( 'NONE', #8773, 39.37007874015748854 ) ;
#8271 = CARTESIAN_POINT ( 'NONE',  ( -0.07795275590551181688, 0.009842519685039369942, -0.01003937007874015908 ) ) ;
#8272 = CYLINDRICAL_SURFACE ( 'NONE', #6658, 0.003937007874015758385 ) ;
#8273 = LINE ( 'NONE', #2020, #601 ) ;
#8274 = LENGTH_MEASURE_WITH_UNIT ( LENGTH_MEASURE( 0.02539999999999999897 ), #5517 );
#8275 = ORIENTED_EDGE ( 'NONE', *, *, #8162, .F. ) ;
#8276 = VERTEX_POINT ( 'NONE', #5217 ) ;
#8277 = ORIENTED_EDGE ( 'NONE', *, *, #1032, .T. ) ;
#8278 = DIRECTION ( 'NONE',  ( 0.000000000000000000, 0.000000000000000000, -1.000000000000000000 ) ) ;
#8279 = EDGE_CURVE ( 'NONE', #3033, #6674, #3827, .T. ) ;
#8280 = DIRECTION ( 'NONE',  ( 0.000000000000000000, 0.08715574274765738871, -0.9961946980917454342 ) ) ;
#8281 = COLOUR_RGB ( '',0.7921568627450980005, 0.8196078431372548767, 0.9333333333333333481 ) ;
#8282 = CARTESIAN_POINT ( 'NONE',  ( 0.09783464566929132855, 0.009842519685039369942, -0.09092820213934121876 ) ) ;
#8283 = LINE ( 'NONE', #5612, #2999 ) ;
#8284 = PRESENTATION_STYLE_ASSIGNMENT (( #3320 ) ) ;
#8285 = EDGE_CURVE ( 'NONE', #1829, #2326, #3531, .T. ) ;
#8286 = CARTESIAN_POINT ( 'NONE',  ( -0.07480314960629921850, 0.009842519685039369942, -0.1049212598425196818 ) ) ;
#8287 = DIRECTION ( 'NONE',  ( 0.000000000000000000, -0.9953961983671795188, -0.09584575252021751424 ) ) ;
#8288 = VECTOR ( 'NONE', #4442, 39.37007874015748143 ) ;
#8289 =( NAMED_UNIT ( * ) SI_UNIT ( $, .STERADIAN. ) SOLID_ANGLE_UNIT ( ) );
#8290 = EDGE_LOOP ( 'NONE', ( #8972, #8317, #5377, #1944, #4546, #6184, #3671, #1621 ) ) ;
#8291 = LINE ( 'NONE', #1319, #987 ) ;
#8293 =( NAMED_UNIT ( * ) SI_UNIT ( $, .STERADIAN. ) SOLID_ANGLE_UNIT ( ) );
#8292 = MECHANICAL_DESIGN_GEOMETRIC_PRESENTATION_REPRESENTATION (  '', ( #8910 ), #1018 ) ;
#8294 =( GEOMETRIC_REPRESENTATION_CONTEXT ( 3 ) GLOBAL_UNCERTAINTY_ASSIGNED_CONTEXT ( ( #5109 ) ) GLOBAL_UNIT_ASSIGNED_CONTEXT ( ( #8858, #8205, #2591 ) ) REPRESENTATION_CONTEXT ( 'NONE', 'WORKASPACE' ) );
#8295 = PRESENTATION_LAYER_ASSIGNMENT (  '', '', ( #5550 ) ) ;
#8296 = SURFACE_SIDE_STYLE ('',( #6183 ) ) ;
#8297 = ORIENTED_EDGE ( 'NONE', *, *, #3741, .F. ) ;
#8298 = STYLED_ITEM ( 'NONE', ( #7305 ), #189 ) ;
#8299 = SURFACE_SIDE_STYLE ('',( #6091 ) ) ;
#8300 = FACE_OUTER_BOUND ( 'NONE', #4465, .T. ) ;
#8301 = PRESENTATION_STYLE_ASSIGNMENT (( #1274 ) ) ;
#8302 = PRESENTATION_LAYER_ASSIGNMENT (  '', '', ( #2752 ) ) ;
#8303 = CIRCLE ( 'NONE', #4332, 0.003149606299212602718 ) ;
#8304 = VECTOR ( 'NONE', #8336, 39.37007874015748143 ) ;
#8305 = VECTOR ( 'NONE', #5764, 39.37007874015748143 ) ;
#8306 =( NAMED_UNIT ( * ) PLANE_ANGLE_UNIT ( ) SI_UNIT ( $, .RADIAN. ) );
#8307 = LENGTH_MEASURE_WITH_UNIT ( LENGTH_MEASURE( 0.02539999999999999897 ), #2728 );
#8308 = EDGE_CURVE ( 'NONE', #217, #6674, #948, .T. ) ;
#8309 = PRESENTATION_STYLE_ASSIGNMENT (( #7532 ) ) ;
#8310 =( GEOMETRIC_REPRESENTATION_CONTEXT ( 3 ) GLOBAL_UNCERTAINTY_ASSIGNED_CONTEXT ( ( #1858 ) ) GLOBAL_UNIT_ASSIGNED_CONTEXT ( ( #3931, #5331, #8796 ) ) REPRESENTATION_CONTEXT ( 'NONE', 'WORKASPACE' ) );
#8311 = DIRECTION ( 'NONE',  ( 1.000000000000000000, 0.000000000000000000, 0.000000000000000000 ) ) ;
#8312 = LENGTH_MEASURE_WITH_UNIT ( LENGTH_MEASURE( 0.02539999999999999897 ), #5543 );
#8313 = COLOUR_RGB ( '',0.2509803921568627416, 0.2509803921568627416, 0.2509803921568627416 ) ;
#8314 = EDGE_CURVE ( 'NONE', #5192, #8870, #2322, .T. ) ;
#8316 = STYLED_ITEM ( 'NONE', ( #6037 ), #5946 ) ;
#8315 = FILL_AREA_STYLE_COLOUR ( '', #3313 ) ;
#8317 = ORIENTED_EDGE ( 'NONE', *, *, #8358, .T. ) ;
#8318 = LINE ( 'NONE', #2066, #8583 ) ;
#8319 = STYLED_ITEM ( 'NONE', ( #2554 ), #821 ) ;
#8320 = VECTOR ( 'NONE', #7970, 39.37007874015748143 ) ;
#8321 = VECTOR ( 'NONE', #2580, 39.37007874015748143 ) ;
#8322 = FILL_AREA_STYLE ('',( #5720 ) ) ;
#8323 = FILL_AREA_STYLE_COLOUR ( '', #519 ) ;
#8324 = SURFACE_STYLE_USAGE ( .BOTH. , #4226 ) ;
#8325 = LINE ( 'NONE', #2579, #7558 ) ;
#8326 = STYLED_ITEM ( 'NONE', ( #5910 ), #905 ) ;
#8327 = SURFACE_STYLE_FILL_AREA ( #6906 ) ;
#8328 = ORIENTED_EDGE ( 'NONE', *, *, #3416, .F. ) ;
#8329 = DIRECTION ( 'NONE',  ( 0.000000000000000000, 0.000000000000000000, -1.000000000000000000 ) ) ;
#8330 = ORIENTED_EDGE ( 'NONE', *, *, #2551, .F. ) ;
#8331 = UNCERTAINTY_MEASURE_WITH_UNIT (LENGTH_MEASURE( 1.000000000000000082E-05 ), #4947, 'distance_accuracy_value', 'NONE');
#8332 = ORIENTED_EDGE ( 'NONE', *, *, #1886, .T. ) ;
#8333 = DIRECTION ( 'NONE',  ( 1.000000000000000000, 0.000000000000000000, 0.000000000000000000 ) ) ;
#8334 = CARTESIAN_POINT ( 'NONE',  ( 0.03503937007874018128, 0.02736220472440944324, 0.07761836027346888378 ) ) ;
#8335 = ADVANCED_FACE ( 'NONE', ( #2965 ), #3687, .F. ) ;
#8336 = DIRECTION ( 'NONE',  ( 1.000000000000000000, 0.000000000000000000, 0.000000000000000000 ) ) ;
#8337 = CARTESIAN_POINT ( 'NONE',  ( -0.08503937007874014242, 0.01822099969626657726, 0.09408128290260084348 ) ) ;
#8338 = FILL_AREA_STYLE ('',( #4825 ) ) ;
#8339 = CARTESIAN_POINT ( 'NONE',  ( 0.01692913385826774753, 0.01751968503937007329, 0.07846314444784678599 ) ) ;
#8340 = DIRECTION ( 'NONE',  ( 1.000000000000000000, 0.000000000000000000, 0.000000000000000000 ) ) ;
#8341 = ADVANCED_FACE ( 'NONE', ( #4036 ), #3252, .F. ) ;
#8342 = FILL_AREA_STYLE ('',( #4830 ) ) ;
#8343 = VERTEX_POINT ( 'NONE', #8126 ) ;
#8344 = ADVANCED_FACE ( 'NONE', ( #1093 ), #1240, .F. ) ;
#8345 = EDGE_CURVE ( 'NONE', #849, #5643, #2062, .T. ) ;
#8346 = LENGTH_MEASURE_WITH_UNIT ( LENGTH_MEASURE( 0.02539999999999999897 ), #4156 );
#8347 = ORIENTED_EDGE ( 'NONE', *, *, #3996, .F. ) ;
#8348 = PRESENTATION_STYLE_ASSIGNMENT (( #3448 ) ) ;
#8349 = LINE ( 'NONE', #7908, #8385 ) ;
#8350 = FILL_AREA_STYLE ('',( #7104 ) ) ;
#8351 =( CONVERSION_BASED_UNIT ( 'INCH', #4078 ) LENGTH_UNIT ( ) NAMED_UNIT ( #3728 ) );
#8352 = CARTESIAN_POINT ( 'NONE',  ( -0.09783464566929132855, 0.000000000000000000, -0.004527559055118116245 ) ) ;
#8353 = FILL_AREA_STYLE_COLOUR ( '', #5356 ) ;
#8354 =( NAMED_UNIT ( * ) SI_UNIT ( $, .STERADIAN. ) SOLID_ANGLE_UNIT ( ) );
#8355 =( NAMED_UNIT ( * ) PLANE_ANGLE_UNIT ( ) SI_UNIT ( $, .RADIAN. ) );
#8356 = ORIENTED_EDGE ( 'NONE', *, *, #4117, .T. ) ;
#8357 = FILL_AREA_STYLE ('',( #2662 ) ) ;
#8358 = EDGE_CURVE ( 'NONE', #6595, #1041, #3445, .T. ) ;
#8359 = DIMENSIONAL_EXPONENTS ( 1.000000000000000000, 0.000000000000000000, 0.000000000000000000, 0.000000000000000000, 0.000000000000000000, 0.000000000000000000, 0.000000000000000000 ) ;
#8360 = FILL_AREA_STYLE ('',( #154 ) ) ;
#8361 = DIRECTION ( 'NONE',  ( 1.000000000000000000, 0.000000000000000000, -0.000000000000000000 ) ) ;
#8362 = DIRECTION ( 'NONE',  ( 0.000000000000000000, 0.000000000000000000, 1.000000000000000000 ) ) ;
#8363 =( GEOMETRIC_REPRESENTATION_CONTEXT ( 3 ) GLOBAL_UNCERTAINTY_ASSIGNED_CONTEXT ( ( #1506 ) ) GLOBAL_UNIT_ASSIGNED_CONTEXT ( ( #1074, #4437, #4485 ) ) REPRESENTATION_CONTEXT ( 'NONE', 'WORKASPACE' ) );
#8364 = SURFACE_STYLE_FILL_AREA ( #9008 ) ;
#8365 = FILL_AREA_STYLE_COLOUR ( '', #1736 ) ;
#8366 = UNCERTAINTY_MEASURE_WITH_UNIT (LENGTH_MEASURE( 1.000000000000000082E-05 ), #1328, 'distance_accuracy_value', 'NONE');
#8367 =( CONVERSION_BASED_UNIT ( 'INCH', #2072 ) LENGTH_UNIT ( ) NAMED_UNIT ( #7095 ) );
#8368 = ORIENTED_EDGE ( 'NONE', *, *, #2822, .T. ) ;
#8369 = CARTESIAN_POINT ( 'NONE',  ( 0.06692913385826775030, 0.004805065926099858983, 0.1210629921259844255 ) ) ;
#8370 = VERTEX_POINT ( 'NONE', #2861 ) ;
#8371 = MECHANICAL_DESIGN_GEOMETRIC_PRESENTATION_REPRESENTATION (  '', ( #2962 ), #6771 ) ;
#8372 = VERTEX_POINT ( 'NONE', #3511 ) ;
#8373 = ADVANCED_FACE ( 'NONE', ( #2780 ), #6352, .F. ) ;
#8374 =( CONVERSION_BASED_UNIT ( 'INCH', #5610 ) LENGTH_UNIT ( ) NAMED_UNIT ( #1770 ) );
#8375 = FILL_AREA_STYLE_COLOUR ( '', #3051 ) ;
#8376 = PRESENTATION_STYLE_ASSIGNMENT (( #5525 ) ) ;
#8377 = SURFACE_SIDE_STYLE ('',( #749 ) ) ;
#8378 = DIRECTION ( 'NONE',  ( -1.000000000000000000, -0.000000000000000000, -0.000000000000000000 ) ) ;
#8379 = VECTOR ( 'NONE', #801, 39.37007874015748143 ) ;
#8380 =( CONVERSION_BASED_UNIT ( 'INCH', #4864 ) LENGTH_UNIT ( ) NAMED_UNIT ( #5772 ) );
#8381 = FILL_AREA_STYLE_COLOUR ( '', #432 ) ;
#8382 = EDGE_CURVE ( 'NONE', #3163, #6835, #727, .T. ) ;
#8383 = LENGTH_MEASURE_WITH_UNIT ( LENGTH_MEASURE( 0.02539999999999999897 ), #4068 );
#8384 = EDGE_LOOP ( 'NONE', ( #5882, #865, #8043, #1365 ) ) ;
#8385 = VECTOR ( 'NONE', #99, 39.37007874015748143 ) ;
#8386 = LINE ( 'NONE', #2891, #7560 ) ;
#8387 = PRESENTATION_STYLE_ASSIGNMENT (( #8989 ) ) ;
#8388 = ORIENTED_EDGE ( 'NONE', *, *, #4345, .T. ) ;
#8389 = VECTOR ( 'NONE', #2557, 39.37007874015748143 ) ;
#8390 = CARTESIAN_POINT ( 'NONE',  ( 0.01692913385826774753, 0.01173508930892991006, 0.08667802955033566958 ) ) ;
#8391 = SURFACE_SIDE_STYLE ('',( #5588 ) ) ;
#8392 = DIRECTION ( 'NONE',  ( 0.000000000000000000, 0.08715574274765738871, -0.9961946980917454342 ) ) ;
#8393 =( NAMED_UNIT ( * ) SI_UNIT ( $, .STERADIAN. ) SOLID_ANGLE_UNIT ( ) );
#8394 = LINE ( 'NONE', #7106, #7860 ) ;
#8395 = LINE ( 'NONE', #4929, #7136 ) ;
#8396 = LENGTH_MEASURE_WITH_UNIT ( LENGTH_MEASURE( 0.02539999999999999897 ), #61 );
#8397 = CARTESIAN_POINT ( 'NONE',  ( -0.09242075248266307108, 0.2556786355646874509, 0.004527559055118104969 ) ) ;
#8398 = PLANE ( 'NONE',  #2582 ) ;
#8399 = CARTESIAN_POINT ( 'NONE',  ( -0.09173228346456695215, 0.2556786355646874509, -0.1210629921259842590 ) ) ;
#8400 = VERTEX_POINT ( 'NONE', #8998 ) ;
#8401 = SURFACE_STYLE_USAGE ( .BOTH. , #6193 ) ;
#8402 = SURFACE_STYLE_USAGE ( .BOTH. , #2785 ) ;
#8403 = VECTOR ( 'NONE', #6329, 39.37007874015748143 ) ;
#8404 = DIRECTION ( 'NONE',  ( 1.000000000000000000, 0.000000000000000000, 0.000000000000000000 ) ) ;
#8405 = LINE ( 'NONE', #1371, #5948 ) ;
#8406 = COLOUR_RGB ( '',0.2509803921568627416, 0.2509803921568627416, 0.2509803921568627416 ) ;
#8407 = CYLINDRICAL_SURFACE ( 'NONE', #3919, 0.01062992125984252995 ) ;
#8408 = COLOUR_RGB ( '',0.7921568627450980005, 0.8196078431372548767, 0.9333333333333333481 ) ;
#8409 = VERTEX_POINT ( 'NONE', #2695 ) ;
#8410 = ORIENTED_EDGE ( 'NONE', *, *, #8959, .T. ) ;
#8411 = UNCERTAINTY_MEASURE_WITH_UNIT (LENGTH_MEASURE( 1.000000000000000082E-05 ), #165, 'distance_accuracy_value', 'NONE');
#8412 = VERTEX_POINT ( 'NONE', #6311 ) ;
#8413 = DIMENSIONAL_EXPONENTS ( 1.000000000000000000, 0.000000000000000000, 0.000000000000000000, 0.000000000000000000, 0.000000000000000000, 0.000000000000000000, 0.000000000000000000 ) ;
#8414 = LINE ( 'NONE', #787, #4404 ) ;
#8415 = SURFACE_SIDE_STYLE ('',( #747 ) ) ;
#8416 = LINE ( 'NONE', #4190, #5414 ) ;
#8417 = FILL_AREA_STYLE ('',( #6328 ) ) ;
#8418 = STYLED_ITEM ( 'NONE', ( #3177 ), #8680 ) ;
#8419 = PLANE ( 'NONE',  #4759 ) ;
#8420 = ADVANCED_FACE ( 'NONE', ( #62 ), #8398, .T. ) ;
#8421 = CARTESIAN_POINT ( 'NONE',  ( -0.09242075248266307108, 0.000000000000000000, -0.004527559055118113643 ) ) ;
#8422 = ORIENTED_EDGE ( 'NONE', *, *, #1507, .F. ) ;
#8423 =( GEOMETRIC_REPRESENTATION_CONTEXT ( 3 ) GLOBAL_UNCERTAINTY_ASSIGNED_CONTEXT ( ( #7756 ) ) GLOBAL_UNIT_ASSIGNED_CONTEXT ( ( #8054, #8134, #6593 ) ) REPRESENTATION_CONTEXT ( 'NONE', 'WORKASPACE' ) );
#8424 = PLANE ( 'NONE',  #2913 ) ;
#8425 = PRESENTATION_STYLE_ASSIGNMENT (( #1626 ) ) ;
#8426 = VERTEX_POINT ( 'NONE', #5058 ) ;
#8427 = CARTESIAN_POINT ( 'NONE',  ( 0.03307086614173231076, 0.01751968503937008717, 0.07982518197702757889 ) ) ;
#8428 = COLOUR_RGB ( '',0.2509803921568627416, 0.2509803921568627416, 0.2509803921568627416 ) ;
#8429 = FILL_AREA_STYLE_COLOUR ( '', #2390 ) ;
#8430 = FILL_AREA_STYLE_COLOUR ( '', #3935 ) ;
#8431 = DIRECTION ( 'NONE',  ( -0.000000000000000000, -1.000000000000000000, -0.000000000000000000 ) ) ;
#8432 = AXIS2_PLACEMENT_3D ( 'NONE', #8629, #989, #7310 ) ;
#8433 = EDGE_CURVE ( 'NONE', #3812, #8626, #7830, .T. ) ;
#8434 =( NAMED_UNIT ( * ) PLANE_ANGLE_UNIT ( ) SI_UNIT ( $, .RADIAN. ) );
#8435 = FILL_AREA_STYLE_COLOUR ( '', #3210 ) ;
#8436 = COLOUR_RGB ( '',0.7921568627450980005, 0.8196078431372548767, 0.9333333333333333481 ) ;
#8437 = FILL_AREA_STYLE ('',( #7742 ) ) ;
#8438 = DIMENSIONAL_EXPONENTS ( 1.000000000000000000, 0.000000000000000000, 0.000000000000000000, 0.000000000000000000, 0.000000000000000000, 0.000000000000000000, 0.000000000000000000 ) ;
#8439 =( GEOMETRIC_REPRESENTATION_CONTEXT ( 3 ) GLOBAL_UNCERTAINTY_ASSIGNED_CONTEXT ( ( #657 ) ) GLOBAL_UNIT_ASSIGNED_CONTEXT ( ( #6582, #3055, #5215 ) ) REPRESENTATION_CONTEXT ( 'NONE', 'WORKASPACE' ) );
#8440 = DIRECTION ( 'NONE',  ( 0.000000000000000000, 0.000000000000000000, 1.000000000000000000 ) ) ;
#8441 = VERTEX_POINT ( 'NONE', #1638 ) ;
#8442 = VECTOR ( 'NONE', #2211, 39.37007874015748854 ) ;
#8443 = EDGE_CURVE ( 'NONE', #4993, #2411, #3089, .T. ) ;
#8444 = LINE ( 'NONE', #4888, #8597 ) ;
#8445 =( GEOMETRIC_REPRESENTATION_CONTEXT ( 3 ) GLOBAL_UNCERTAINTY_ASSIGNED_CONTEXT ( ( #1776 ) ) GLOBAL_UNIT_ASSIGNED_CONTEXT ( ( #6374, #1477, #6209 ) ) REPRESENTATION_CONTEXT ( 'NONE', 'WORKASPACE' ) );
#8446 =( NAMED_UNIT ( * ) PLANE_ANGLE_UNIT ( ) SI_UNIT ( $, .RADIAN. ) );
#8447 = ADVANCED_FACE ( 'NONE', ( #5111 ), #8486, .F. ) ;
#8448 = PRESENTATION_STYLE_ASSIGNMENT (( #7028 ) ) ;
#8449 = CIRCLE ( 'NONE', #2319, 0.01377952755905510404 ) ;
#8450 = FACE_OUTER_BOUND ( 'NONE', #8694, .T. ) ;
#8451 = EDGE_CURVE ( 'NONE', #6204, #2967, #7788, .T. ) ;
#8452 = VECTOR ( 'NONE', #3545, 39.37007874015748143 ) ;
#8453 = VECTOR ( 'NONE', #1701, 39.37007874015748854 ) ;
#8454 = COLOUR_RGB ( '',0.7921568627450980005, 0.8196078431372548767, 0.9333333333333333481 ) ;
#8455 = FILL_AREA_STYLE ('',( #116 ) ) ;
#8456 = UNCERTAINTY_MEASURE_WITH_UNIT (LENGTH_MEASURE( 1.000000000000000082E-05 ), #8962, 'distance_accuracy_value', 'NONE');
#8457 = LENGTH_MEASURE_WITH_UNIT ( LENGTH_MEASURE( 0.02539999999999999897 ), #3600 );
#8458 = ADVANCED_FACE ( 'NONE', ( #3766 ), #336, .T. ) ;
#8459 = STYLED_ITEM ( 'NONE', ( #642 ), #2983 ) ;
#8460 = EDGE_LOOP ( 'NONE', ( #1293, #394, #5953, #7024, #8099, #7462 ) ) ;
#8461 = ORIENTED_EDGE ( 'NONE', *, *, #1128, .F. ) ;
#8462 = COLOUR_RGB ( '',0.7921568627450980005, 0.8196078431372548767, 0.9333333333333333481 ) ;
#8463 = EDGE_LOOP ( 'NONE', ( #2645, #7324, #6366, #7211, #4529, #8932, #2163, #4924 ) ) ;
#8464 = VECTOR ( 'NONE', #2405, 39.37007874015748854 ) ;
#8465 = DIRECTION ( 'NONE',  ( -1.000000000000000000, -0.000000000000000000, -0.000000000000000000 ) ) ;
#8466 = PRESENTATION_LAYER_ASSIGNMENT (  '', '', ( #6869 ) ) ;
#8467 = CARTESIAN_POINT ( 'NONE',  ( -0.01692913385826769201, -0.005000000000000000104, 0.1202051600123263675 ) ) ;
#8468 = FACE_OUTER_BOUND ( 'NONE', #7907, .T. ) ;
#8469 = SURFACE_STYLE_USAGE ( .BOTH. , #877 ) ;
#8470 = VECTOR ( 'NONE', #3922, 39.37007874015748143 ) ;
#8471 = ORIENTED_EDGE ( 'NONE', *, *, #1586, .T. ) ;
#8472 = EDGE_CURVE ( 'NONE', #5750, #582, #5380, .T. ) ;
#8473 = ADVANCED_FACE ( 'NONE', ( #7523 ), #5998, .F. ) ;
#8474 = PRESENTATION_STYLE_ASSIGNMENT (( #5581 ) ) ;
#8475 = DIMENSIONAL_EXPONENTS ( 1.000000000000000000, 0.000000000000000000, 0.000000000000000000, 0.000000000000000000, 0.000000000000000000, 0.000000000000000000, 0.000000000000000000 ) ;
#8476 = LINE ( 'NONE', #1484, #2422 ) ;
#8477 = CARTESIAN_POINT ( 'NONE',  ( 0.09242075248266307108, 0.2556786355646874509, -0.004527559055118111908 ) ) ;
#8478 =( LENGTH_UNIT ( ) NAMED_UNIT ( * ) SI_UNIT ( $, .METRE. ) );
#8479 = ORIENTED_EDGE ( 'NONE', *, *, #2180, .F. ) ;
#8480 = ORIENTED_EDGE ( 'NONE', *, *, #3664, .T. ) ;
#8481 = EDGE_CURVE ( 'NONE', #5871, #7353, #425, .T. ) ;
#8482 = FACE_OUTER_BOUND ( 'NONE', #7503, .T. ) ;
#8483 = DIRECTION ( 'NONE',  ( 1.000000000000000000, 0.000000000000000000, 0.000000000000000000 ) ) ;
#8484 = SURFACE_SIDE_STYLE ('',( #8622 ) ) ;
#8485 = SURFACE_STYLE_FILL_AREA ( #6975 ) ;
#8486 = PLANE ( 'NONE',  #1995 ) ;
#8487 =( NAMED_UNIT ( * ) PLANE_ANGLE_UNIT ( ) SI_UNIT ( $, .RADIAN. ) );
#8488 = VERTEX_POINT ( 'NONE', #1270 ) ;
#8489 = DIRECTION ( 'NONE',  ( 1.000000000000000000, 0.000000000000000000, 0.000000000000000000 ) ) ;
#8490 = EDGE_CURVE ( 'NONE', #4873, #701, #8714, .T. ) ;
#8491 = DIRECTION ( 'NONE',  ( -0.000000000000000000, 0.9396926207859079838, 0.3420201433256699342 ) ) ;
#8492 = CARTESIAN_POINT ( 'NONE',  ( 0.09645669291338582196, 0.009842519685039369942, -0.09311023622047244486 ) ) ;
#8493 = FACE_OUTER_BOUND ( 'NONE', #7603, .T. ) ;
#8494 = SURFACE_STYLE_FILL_AREA ( #8578 ) ;
#8495 = ORIENTED_EDGE ( 'NONE', *, *, #2351, .F. ) ;
#8496 =( NAMED_UNIT ( * ) SI_UNIT ( $, .STERADIAN. ) SOLID_ANGLE_UNIT ( ) );
#8497 = VERTEX_POINT ( 'NONE', #8031 ) ;
#8498 = DIMENSIONAL_EXPONENTS ( 1.000000000000000000, 0.000000000000000000, 0.000000000000000000, 0.000000000000000000, 0.000000000000000000, 0.000000000000000000, 0.000000000000000000 ) ;
#8499 = UNCERTAINTY_MEASURE_WITH_UNIT (LENGTH_MEASURE( 1.000000000000000082E-05 ), #4054, 'distance_accuracy_value', 'NONE');
#8500 = ORIENTED_EDGE ( 'NONE', *, *, #3974, .T. ) ;
#8501 = SURFACE_STYLE_USAGE ( .BOTH. , #822 ) ;
#8502 = DIRECTION ( 'NONE',  ( -1.000000000000000000, -0.000000000000000000, -0.000000000000000000 ) ) ;
#8503 = CARTESIAN_POINT ( 'NONE',  ( 0.09645669291338582196, 0.009842519685039361269, -0.09311023622047244486 ) ) ;
#8504 = DIRECTION ( 'NONE',  ( 1.000000000000000000, 0.000000000000000000, 0.000000000000000000 ) ) ;
#8505 = STYLED_ITEM ( 'NONE', ( #7631 ), #4281 ) ;
#8506 = ORIENTED_EDGE ( 'NONE', *, *, #4697, .F. ) ;
#8507 = VECTOR ( 'NONE', #7203, 39.37007874015748854 ) ;
#8508 = PRESENTATION_LAYER_ASSIGNMENT (  '', '', ( #8820 ) ) ;
#8509 = CYLINDRICAL_SURFACE ( 'NONE', #2189, 0.0007874015748031346334 ) ;
#8510 = LINE ( 'NONE', #967, #21 ) ;
#8511 = SURFACE_STYLE_FILL_AREA ( #7913 ) ;
#8512 = SURFACE_STYLE_FILL_AREA ( #716 ) ;
#8513 = AXIS2_PLACEMENT_3D ( 'NONE', #6263, #7688, #4379 ) ;
#8514 = SURFACE_STYLE_FILL_AREA ( #4436 ) ;
#8515 = VERTEX_POINT ( 'NONE', #2499 ) ;
#8516 = ORIENTED_EDGE ( 'NONE', *, *, #4562, .T. ) ;
#8517 =( NAMED_UNIT ( * ) SI_UNIT ( $, .STERADIAN. ) SOLID_ANGLE_UNIT ( ) );
#8518 = DIRECTION ( 'NONE',  ( -0.7071067811865474617, 0.000000000000000000, 0.7071067811865474617 ) ) ;
#8519 = STYLED_ITEM ( 'NONE', ( #8007 ), #4987 ) ;
#8520 = LINE ( 'NONE', #7154, #4890 ) ;
#8521 = STYLED_ITEM ( 'NONE', ( #4403 ), #7217 ) ;
#8522 =( NAMED_UNIT ( * ) SI_UNIT ( $, .STERADIAN. ) SOLID_ANGLE_UNIT ( ) );
#8523 = DIRECTION ( 'NONE',  ( -0.1736481776669320243, 0.9848077530122076872, 0.000000000000000000 ) ) ;
#8524 = ORIENTED_EDGE ( 'NONE', *, *, #8787, .T. ) ;
#8525 = EDGE_CURVE ( 'NONE', #1830, #2668, #1083, .T. ) ;
#8526 = DIRECTION ( 'NONE',  ( 6.100900290192956307E-16, 0.000000000000000000, -1.000000000000000000 ) ) ;
#8527 = DIMENSIONAL_EXPONENTS ( 1.000000000000000000, 0.000000000000000000, 0.000000000000000000, 0.000000000000000000, 0.000000000000000000, 0.000000000000000000, 0.000000000000000000 ) ;
#8528 = AXIS2_PLACEMENT_3D ( 'NONE', #2693, #1453, #2006 ) ;
#8529 =( LENGTH_UNIT ( ) NAMED_UNIT ( * ) SI_UNIT ( $, .METRE. ) );
#8530 = DIRECTION ( 'NONE',  ( 0.000000000000000000, 0.000000000000000000, 1.000000000000000000 ) ) ;
#8531 =( CONVERSION_BASED_UNIT ( 'INCH', #2146 ) LENGTH_UNIT ( ) NAMED_UNIT ( #5956 ) );
#8532 = EDGE_CURVE ( 'NONE', #4040, #3072, #5257, .T. ) ;
#8533 = STYLED_ITEM ( 'NONE', ( #8072 ), #7647 ) ;
#8534 = ORIENTED_EDGE ( 'NONE', *, *, #7077, .T. ) ;
#8535 = DIRECTION ( 'NONE',  ( 0.000000000000000000, -0.9659258262890682012, 0.2588190451025212946 ) ) ;
#8536 = ORIENTED_EDGE ( 'NONE', *, *, #7156, .T. ) ;
#8537 = DIRECTION ( 'NONE',  ( 1.000000000000000000, 0.000000000000000000, 0.000000000000000000 ) ) ;
#8538 = EDGE_LOOP ( 'NONE', ( #2442, #4450, #1103, #6461, #6604, #8096 ) ) ;
#8539 = AXIS2_PLACEMENT_3D ( 'NONE', #6824, #1986, #1382 ) ;
#8540 = DIRECTION ( 'NONE',  ( -1.000000000000000000, 0.000000000000000000, 0.000000000000000000 ) ) ;
#8541 = STYLED_ITEM ( 'NONE', ( #2200 ), #7179 ) ;
#8542 = PLANE ( 'NONE',  #1916 ) ;
#8543 = MECHANICAL_DESIGN_GEOMETRIC_PRESENTATION_REPRESENTATION (  '', ( #2576 ), #685 ) ;
#8544 = EDGE_CURVE ( 'NONE', #3033, #8568, #3187, .T. ) ;
#8545 = SURFACE_STYLE_FILL_AREA ( #5777 ) ;
#8546 =( NAMED_UNIT ( * ) SI_UNIT ( $, .STERADIAN. ) SOLID_ANGLE_UNIT ( ) );
#8547 = ADVANCED_FACE ( 'NONE', ( #1922 ), #7478, .F. ) ;
#8548 = VERTEX_POINT ( 'NONE', #1998 ) ;
#8549 = PRODUCT_DEFINITION_SHAPE ( 'NONE', 'NONE',  #9023 ) ;
#8550 = DIMENSIONAL_EXPONENTS ( 1.000000000000000000, 0.000000000000000000, 0.000000000000000000, 0.000000000000000000, 0.000000000000000000, 0.000000000000000000, 0.000000000000000000 ) ;
#8551 = DIRECTION ( 'NONE',  ( 0.000000000000000000, -0.9848077530122077983, -0.1736481776669313026 ) ) ;
#8552 = COLOUR_RGB ( '',1.000000000000000000, 1.000000000000000000, 1.000000000000000000 ) ;
#8553 = FILL_AREA_STYLE_COLOUR ( '', #2477 ) ;
#8554 = ADVANCED_FACE ( 'NONE', ( #1355, #5661 ), #5532, .F. ) ;
#8555 = CARTESIAN_POINT ( 'NONE',  ( 0.03307086614173231076, 0.007004783218323627943, 0.1049545283030582504 ) ) ;
#8556 = DIRECTION ( 'NONE',  ( 0.000000000000000000, 0.000000000000000000, 1.000000000000000000 ) ) ;
#8557 = PRESENTATION_STYLE_ASSIGNMENT (( #3626 ) ) ;
#8558 = DIRECTION ( 'NONE',  ( 0.000000000000000000, 0.000000000000000000, -1.000000000000000000 ) ) ;
#8559 = ORIENTED_EDGE ( 'NONE', *, *, #2551, .T. ) ;
#8560 = VERTEX_POINT ( 'NONE', #4835 ) ;
#8561 = PLANE ( 'NONE',  #5832 ) ;
#8562 = CARTESIAN_POINT ( 'NONE',  ( -0.08307086614173225803, 0.01173508930892991006, 0.08667802955033566958 ) ) ;
#8563 = UNCERTAINTY_MEASURE_WITH_UNIT (LENGTH_MEASURE( 1.000000000000000082E-05 ), #5702, 'distance_accuracy_value', 'NONE');
#8564 = DIRECTION ( 'NONE',  ( 1.000000000000000000, 0.000000000000000000, -0.000000000000000000 ) ) ;
#8565 = PRESENTATION_LAYER_ASSIGNMENT (  '', '', ( #3462 ) ) ;
#8566 = DIRECTION ( 'NONE',  ( 6.100900290192956307E-16, 0.000000000000000000, 1.000000000000000000 ) ) ;
#8567 =( NAMED_UNIT ( * ) SI_UNIT ( $, .STERADIAN. ) SOLID_ANGLE_UNIT ( ) );
#8568 = VERTEX_POINT ( 'NONE', #5618 ) ;
#8569 = CARTESIAN_POINT ( 'NONE',  ( 0.06692913385826773642, 0.01358267716535432532, 0.07982518197702757889 ) ) ;
#8570 = FILL_AREA_STYLE ('',( #7746 ) ) ;
#8571 = DIMENSIONAL_EXPONENTS ( 1.000000000000000000, 0.000000000000000000, 0.000000000000000000, 0.000000000000000000, 0.000000000000000000, 0.000000000000000000, 0.000000000000000000 ) ;
#8572 =( GEOMETRIC_REPRESENTATION_CONTEXT ( 3 ) GLOBAL_UNCERTAINTY_ASSIGNED_CONTEXT ( ( #6477 ) ) GLOBAL_UNIT_ASSIGNED_CONTEXT ( ( #4543, #6655, #7385 ) ) REPRESENTATION_CONTEXT ( 'NONE', 'WORKASPACE' ) );
#8573 = EDGE_CURVE ( 'NONE', #1762, #4378, #2724, .T. ) ;
#8574 = DIRECTION ( 'NONE',  ( 1.000000000000000000, 0.000000000000000000, 0.000000000000000000 ) ) ;
#8575 = ADVANCED_FACE ( 'NONE', ( #4209 ), #6340, .F. ) ;
#8576 = LENGTH_MEASURE_WITH_UNIT ( LENGTH_MEASURE( 0.02539999999999999897 ), #4313 );
#8577 = VECTOR ( 'NONE', #3076, 39.37007874015748854 ) ;
#8578 = FILL_AREA_STYLE ('',( #5725 ) ) ;
#8579 = MECHANICAL_DESIGN_GEOMETRIC_PRESENTATION_REPRESENTATION (  '', ( #7279 ), #4952 ) ;
#8580 = ORIENTED_EDGE ( 'NONE', *, *, #1383, .T. ) ;
#8581 = ORIENTED_EDGE ( 'NONE', *, *, #3623, .T. ) ;
#8582 = CARTESIAN_POINT ( 'NONE',  ( 0.09645669291338582196, 0.009842519685039369942, -0.09311023622047244486 ) ) ;
#8583 = VECTOR ( 'NONE', #4848, 39.37007874015748143 ) ;
#8584 = EDGE_LOOP ( 'NONE', ( #4499, #5076, #5966, #8788 ) ) ;
#8585 =( GEOMETRIC_REPRESENTATION_CONTEXT ( 3 ) GLOBAL_UNCERTAINTY_ASSIGNED_CONTEXT ( ( #2009 ) ) GLOBAL_UNIT_ASSIGNED_CONTEXT ( ( #1847, #4620, #6878 ) ) REPRESENTATION_CONTEXT ( 'NONE', 'WORKASPACE' ) );
#8586 = CARTESIAN_POINT ( 'NONE',  ( -0.01496062992125982496, 0.01728225441254295155, 0.08117171797437273961 ) ) ;
#8587 = PRESENTATION_LAYER_ASSIGNMENT (  '', '', ( #7569 ) ) ;
#8588 = FILL_AREA_STYLE_COLOUR ( '', #1232 ) ;
#8589 = DIRECTION ( 'NONE',  ( 0.000000000000000000, 0.000000000000000000, 1.000000000000000000 ) ) ;
#8590 = SURFACE_STYLE_FILL_AREA ( #3069 ) ;
#8591 = MECHANICAL_DESIGN_GEOMETRIC_PRESENTATION_REPRESENTATION (  '', ( #4201 ), #163 ) ;
#8592 = ORIENTED_EDGE ( 'NONE', *, *, #1812, .T. ) ;
#8593 = CARTESIAN_POINT ( 'NONE',  ( -0.06496062992125982427, 0.01358267716535432532, 0.07982518197702757889 ) ) ;
#8594 = COLOUR_RGB ( '',0.7921568627450980005, 0.8196078431372548767, 0.9333333333333333481 ) ;
#8595 = PRESENTATION_LAYER_ASSIGNMENT (  '', '', ( #3494 ) ) ;
#8596 = ORIENTED_EDGE ( 'NONE', *, *, #3053, .T. ) ;
#8597 = VECTOR ( 'NONE', #6897, 39.37007874015748143 ) ;
#8598 = ORIENTED_EDGE ( 'NONE', *, *, #1047, .F. ) ;
#8599 = MECHANICAL_DESIGN_GEOMETRIC_PRESENTATION_REPRESENTATION (  '', ( #8319 ), #1909 ) ;
#8600 = VECTOR ( 'NONE', #6920, 39.37007874015748143 ) ;
#8601 = ADVANCED_FACE ( 'NONE', ( #6507 ), #1670, .F. ) ;
#8602 =( NAMED_UNIT ( * ) SI_UNIT ( $, .STERADIAN. ) SOLID_ANGLE_UNIT ( ) );
#8603 = CARTESIAN_POINT ( 'NONE',  ( 0.07795275590551181688, 0.009842519685039376881, -0.01003937007874015908 ) ) ;
#8604 = CARTESIAN_POINT ( 'NONE',  ( -0.07480314960629920462, 0.04488188976377952694, 0.05925196850393700532 ) ) ;
#8605 = EDGE_CURVE ( 'NONE', #1659, #4948, #6434, .T. ) ;
#8606 = LENGTH_MEASURE_WITH_UNIT ( LENGTH_MEASURE( 0.02539999999999999897 ), #5842 );
#8607 = MECHANICAL_DESIGN_GEOMETRIC_PRESENTATION_REPRESENTATION (  '', ( #2921 ), #3645 ) ;
#8608 = STYLED_ITEM ( 'NONE', ( #2920 ), #3614 ) ;
#8609 = CARTESIAN_POINT ( 'NONE',  ( -0.06496062992125982427, 0.01358267716535432532, 0.07982518197702757889 ) ) ;
#8610 = UNCERTAINTY_MEASURE_WITH_UNIT (LENGTH_MEASURE( 1.000000000000000082E-05 ), #3285, 'distance_accuracy_value', 'NONE');
#8611 = SURFACE_STYLE_USAGE ( .BOTH. , #8705 ) ;
#8612 = CARTESIAN_POINT ( 'NONE',  ( -0.03307086614173226219, 0.01822099969626658419, 0.09408128290260084348 ) ) ;
#8613 = CARTESIAN_POINT ( 'NONE',  ( -0.05413385826771653642, 0.009842519685039376881, -0.07578740157480313988 ) ) ;
#8614 = ORIENTED_EDGE ( 'NONE', *, *, #5536, .F. ) ;
#8615 = ORIENTED_EDGE ( 'NONE', *, *, #8959, .F. ) ;
#8616 = MECHANICAL_DESIGN_GEOMETRIC_PRESENTATION_REPRESENTATION (  '', ( #8608 ), #2339 ) ;
#8617 = EDGE_CURVE ( 'NONE', #1243, #8708, #8476, .T. ) ;
#8618 =( NAMED_UNIT ( * ) SI_UNIT ( $, .STERADIAN. ) SOLID_ANGLE_UNIT ( ) );
#8619 = DIRECTION ( 'NONE',  ( 0.000000000000000000, 0.000000000000000000, 1.000000000000000000 ) ) ;
#8620 = CARTESIAN_POINT ( 'NONE',  ( -0.09173228346456693827, 0.009842519685039369942, -0.1210629921259842590 ) ) ;
#8621 = EDGE_CURVE ( 'NONE', #8637, #2055, #4020, .T. ) ;
#8622 = SURFACE_STYLE_FILL_AREA ( #7828 ) ;
#8623 = SURFACE_STYLE_USAGE ( .BOTH. , #5859 ) ;
#8624 = FILL_AREA_STYLE ('',( #7967 ) ) ;
#8625 = DIRECTION ( 'NONE',  ( 1.000000000000000000, 0.000000000000000000, 0.000000000000000000 ) ) ;
#8626 = VERTEX_POINT ( 'NONE', #2298 ) ;
#8627 =( CONVERSION_BASED_UNIT ( 'INCH', #2274 ) LENGTH_UNIT ( ) NAMED_UNIT ( #7308 ) );
#8628 = DIRECTION ( 'NONE',  ( 1.000000000000000000, 0.000000000000000000, -0.000000000000000000 ) ) ;
#8629 = CARTESIAN_POINT ( 'NONE',  ( 0.000000000000000000, 0.000000000000000000, 0.000000000000000000 ) ) ;
#8630 = LINE ( 'NONE', #990, #4672 ) ;
#8631 = SURFACE_STYLE_FILL_AREA ( #2362 ) ;
#8632 = CARTESIAN_POINT ( 'NONE',  ( -0.01692913385826769201, 0.01173508930892991006, 0.08667802955033566958 ) ) ;
#8633 =( NAMED_UNIT ( * ) PLANE_ANGLE_UNIT ( ) SI_UNIT ( $, .RADIAN. ) );
#8634 = ADVANCED_FACE ( 'NONE', ( #184 ), #5742, .F. ) ;
#8635 = ORIENTED_EDGE ( 'NONE', *, *, #7680, .F. ) ;
#8636 = EDGE_LOOP ( 'NONE', ( #7345, #3769, #3353, #8135 ) ) ;
#8637 = VERTEX_POINT ( 'NONE', #4537 ) ;
#8638 =( CONVERSION_BASED_UNIT ( 'INCH', #2416 ) LENGTH_UNIT ( ) NAMED_UNIT ( #1704 ) );
#8639 = DIRECTION ( 'NONE',  ( 0.000000000000000000, 0.000000000000000000, 1.000000000000000000 ) ) ;
#8640 = SURFACE_SIDE_STYLE ('',( #5877 ) ) ;
#8641 = DIMENSIONAL_EXPONENTS ( 1.000000000000000000, 0.000000000000000000, 0.000000000000000000, 0.000000000000000000, 0.000000000000000000, 0.000000000000000000, 0.000000000000000000 ) ;
#8642 = PRESENTATION_STYLE_ASSIGNMENT (( #3106 ) ) ;
#8643 = SURFACE_STYLE_FILL_AREA ( #7994 ) ;
#8644 =( CONVERSION_BASED_UNIT ( 'INCH', #6460 ) LENGTH_UNIT ( ) NAMED_UNIT ( #796 ) );
#8645 = ORIENTED_EDGE ( 'NONE', *, *, #3584, .T. ) ;
#8646 = DIMENSIONAL_EXPONENTS ( 1.000000000000000000, 0.000000000000000000, 0.000000000000000000, 0.000000000000000000, 0.000000000000000000, 0.000000000000000000, 0.000000000000000000 ) ;
#8647 = ORIENTED_EDGE ( 'NONE', *, *, #7851, .F. ) ;
#8648 = EDGE_CURVE ( 'NONE', #540, #3309, #5937, .T. ) ;
#8649 = ORIENTED_EDGE ( 'NONE', *, *, #920, .T. ) ;
#8650 = DIRECTION ( 'NONE',  ( 1.000000000000000000, 0.000000000000000000, 0.000000000000000000 ) ) ;
#8651 = DIRECTION ( 'NONE',  ( -1.000000000000000000, 0.000000000000000000, -0.000000000000000000 ) ) ;
#8652 = PRESENTATION_STYLE_ASSIGNMENT (( #1026 ) ) ;
#8653 = CARTESIAN_POINT ( 'NONE',  ( -0.03503937007874014659, 0.01173508930892991006, 0.08667802955033566958 ) ) ;
#8654 = VECTOR ( 'NONE', #281, 39.37007874015748143 ) ;
#8655 = PLANE ( 'NONE',  #2126 ) ;
#8656 = EDGE_CURVE ( 'NONE', #7403, #2076, #366, .T. ) ;
#8657 = CARTESIAN_POINT ( 'NONE',  ( 0.03307086614173231076, 0.02653119753051446858, 0.08453805796773562753 ) ) ;
#8658 = SURFACE_SIDE_STYLE ('',( #5191 ) ) ;
#8659 = ORIENTED_EDGE ( 'NONE', *, *, #3460, .F. ) ;
#8660 =( GEOMETRIC_REPRESENTATION_CONTEXT ( 3 ) GLOBAL_UNCERTAINTY_ASSIGNED_CONTEXT ( ( #4227 ) ) GLOBAL_UNIT_ASSIGNED_CONTEXT ( ( #8046, #911, #1788 ) ) REPRESENTATION_CONTEXT ( 'NONE', 'WORKASPACE' ) );
#8661 = UNCERTAINTY_MEASURE_WITH_UNIT (LENGTH_MEASURE( 1.000000000000000082E-05 ), #6647, 'distance_accuracy_value', 'NONE');
#8662 = EDGE_LOOP ( 'NONE', ( #5675, #8500, #8930, #3044 ) ) ;
#8663 = MECHANICAL_DESIGN_GEOMETRIC_PRESENTATION_REPRESENTATION (  '', ( #4583 ), #6210 ) ;
#8664 = DIRECTION ( 'NONE',  ( -0.000000000000000000, -0.7521705405901403241, 0.6589684953534089562 ) ) ;
#8665 = LINE ( 'NONE', #6207, #7437 ) ;
#8666 = CARTESIAN_POINT ( 'NONE',  ( -0.06496062992125982427, -0.004999999999999999237, 0.1202051600123263675 ) ) ;
#8667 = DIRECTION ( 'NONE',  ( -0.000000000000000000, 0.000000000000000000, -1.000000000000000000 ) ) ;
#8668 = EDGE_CURVE ( 'NONE', #8276, #5965, #6387, .T. ) ;
#8669 = MECHANICAL_DESIGN_GEOMETRIC_PRESENTATION_REPRESENTATION (  '', ( #2385 ), #7350 ) ;
#8670 = AXIS2_PLACEMENT_3D ( 'NONE', #4076, #6345, #5849 ) ;
#8671 = VERTEX_POINT ( 'NONE', #8147 ) ;
#8672 = DIRECTION ( 'NONE',  ( -0.000000000000000000, -0.6589684953534065137, -0.7521705405901426555 ) ) ;
#8673 = ORIENTED_EDGE ( 'NONE', *, *, #3849, .T. ) ;
#8674 = DIMENSIONAL_EXPONENTS ( 1.000000000000000000, 0.000000000000000000, 0.000000000000000000, 0.000000000000000000, 0.000000000000000000, 0.000000000000000000, 0.000000000000000000 ) ;
#8675 = AXIS2_PLACEMENT_3D ( 'NONE', #5337, #2577, #8651 ) ;
#8676 = DIRECTION ( 'NONE',  ( 0.000000000000000000, 0.000000000000000000, 1.000000000000000000 ) ) ;
#8677 = FILL_AREA_STYLE_COLOUR ( '', #3045 ) ;
#8678 = FACE_OUTER_BOUND ( 'NONE', #7906, .T. ) ;
#8679 =( NAMED_UNIT ( * ) PLANE_ANGLE_UNIT ( ) SI_UNIT ( $, .RADIAN. ) );
#8680 = ADVANCED_FACE ( 'NONE', ( #1117 ), #7471, .F. ) ;
#8681 =( CONVERSION_BASED_UNIT ( 'INCH', #5912 ) LENGTH_UNIT ( ) NAMED_UNIT ( #6324 ) );
#8682 = ORIENTED_EDGE ( 'NONE', *, *, #119, .T. ) ;
#8683 = ORIENTED_EDGE ( 'NONE', *, *, #5394, .T. ) ;
#8684 = DIRECTION ( 'NONE',  ( 1.000000000000000000, 0.000000000000000000, 0.000000000000000000 ) ) ;
#8685 = VECTOR ( 'NONE', #335, 39.37007874015748143 ) ;
#8686 = PLANE ( 'NONE',  #5566 ) ;
#8687 = CARTESIAN_POINT ( 'NONE',  ( 0.03307086614173231076, 3.734948428837859484E-18, 0.09695901468261183820 ) ) ;
#8688 =( CONVERSION_BASED_UNIT ( 'INCH', #352 ) LENGTH_UNIT ( ) NAMED_UNIT ( #845 ) );
#8689 = CIRCLE ( 'NONE', #7658, 0.003149606299212603152 ) ;
#8690 = LINE ( 'NONE', #2975, #7120 ) ;
#8691 = VERTEX_POINT ( 'NONE', #1215 ) ;
#8692 = CARTESIAN_POINT ( 'NONE',  ( 0.08287401574803150706, 0.009842519685039376881, -0.01003937007874015908 ) ) ;
#8693 = ORIENTED_EDGE ( 'NONE', *, *, #7103, .T. ) ;
#8694 = EDGE_LOOP ( 'NONE', ( #506, #5632, #3267, #2023 ) ) ;
#8695 = AXIS2_PLACEMENT_3D ( 'NONE', #3099, #3729, #3784 ) ;
#8696 = STYLED_ITEM ( 'NONE', ( #901 ), #7208 ) ;
#8697 = SURFACE_SIDE_STYLE ('',( #5933 ) ) ;
#8698 =( NAMED_UNIT ( * ) PLANE_ANGLE_UNIT ( ) SI_UNIT ( $, .RADIAN. ) );
#8699 = SURFACE_SIDE_STYLE ('',( #5042 ) ) ;
#8700 = ADVANCED_FACE ( 'NONE', ( #1171 ), #6744, .F. ) ;
#8701 =( NAMED_UNIT ( * ) PLANE_ANGLE_UNIT ( ) SI_UNIT ( $, .RADIAN. ) );
#8702 = CARTESIAN_POINT ( 'NONE',  ( 0.09783464566929132855, 0.009842519685039369942, 0.004527559055118105837 ) ) ;
#8703 = STYLED_ITEM ( 'NONE', ( #4498 ), #8458 ) ;
#8704 = DIMENSIONAL_EXPONENTS ( 1.000000000000000000, 0.000000000000000000, 0.000000000000000000, 0.000000000000000000, 0.000000000000000000, 0.000000000000000000, 0.000000000000000000 ) ;
#8705 = SURFACE_SIDE_STYLE ('',( #328 ) ) ;
#8706 =( CONVERSION_BASED_UNIT ( 'INCH', #1808 ) LENGTH_UNIT ( ) NAMED_UNIT ( #3878 ) );
#8707 = CARTESIAN_POINT ( 'NONE',  ( -0.09173228346456695215, -1.365923996832131609E-16, -0.1210629921259842590 ) ) ;
#8708 = VERTEX_POINT ( 'NONE', #4195 ) ;
#8709 = DIMENSIONAL_EXPONENTS ( 1.000000000000000000, 0.000000000000000000, 0.000000000000000000, 0.000000000000000000, 0.000000000000000000, 0.000000000000000000, 0.000000000000000000 ) ;
#8710 = UNCERTAINTY_MEASURE_WITH_UNIT (LENGTH_MEASURE( 1.000000000000000082E-05 ), #4956, 'distance_accuracy_value', 'NONE');
#8711 = CARTESIAN_POINT ( 'NONE',  ( -0.01496062992125982496, -0.004999999999999999237, 0.1202051600123263675 ) ) ;
#8712 = LINE ( 'NONE', #5155, #7707 ) ;
#8713 = DIRECTION ( 'NONE',  ( 0.000000000000000000, -0.000000000000000000, 1.000000000000000000 ) ) ;
#8714 = LINE ( 'NONE', #473, #3166 ) ;
#8715 = ORIENTED_EDGE ( 'NONE', *, *, #7505, .T. ) ;
#8716 = PRESENTATION_LAYER_ASSIGNMENT (  '', '', ( #2426 ) ) ;
#8717 = SURFACE_SIDE_STYLE ('',( #3245 ) ) ;
#8718 = ORIENTED_EDGE ( 'NONE', *, *, #8765, .T. ) ;
#8719 = SURFACE_STYLE_USAGE ( .BOTH. , #387 ) ;
#8720 = COLOUR_RGB ( '',0.7921568627450980005, 0.8196078431372548767, 0.9333333333333333481 ) ;
#8721 = DIRECTION ( 'NONE',  ( 0.000000000000000000, 0.000000000000000000, 1.000000000000000000 ) ) ;
#8722 = PLANE ( 'NONE',  #8742 ) ;
#8723 = CARTESIAN_POINT ( 'NONE',  ( 0.07795275590551181688, 0.000000000000000000, -0.09092820213934121876 ) ) ;
#8724 = EDGE_CURVE ( 'NONE', #5883, #6595, #7007, .T. ) ;
#8725 = DIRECTION ( 'NONE',  ( 0.000000000000000000, -3.562378566738089716E-15, 1.000000000000000000 ) ) ;
#8726 = ORIENTED_EDGE ( 'NONE', *, *, #4623, .F. ) ;
#8727 = VERTEX_POINT ( 'NONE', #6330 ) ;
#8728 = LINE ( 'NONE', #1245, #5283 ) ;
#8729 =( GEOMETRIC_REPRESENTATION_CONTEXT ( 3 ) GLOBAL_UNCERTAINTY_ASSIGNED_CONTEXT ( ( #6320 ) ) GLOBAL_UNIT_ASSIGNED_CONTEXT ( ( #4568, #1842, #7322 ) ) REPRESENTATION_CONTEXT ( 'NONE', 'WORKASPACE' ) );
#8730 = SURFACE_STYLE_USAGE ( .BOTH. , #5174 ) ;
#8731 = VECTOR ( 'NONE', #5141, 39.37007874015748143 ) ;
#8732 = CARTESIAN_POINT ( 'NONE',  ( 0.01692913385826774753, 0.01822099969626658419, 0.09408128290260084348 ) ) ;
#8733 = DIMENSIONAL_EXPONENTS ( 1.000000000000000000, 0.000000000000000000, 0.000000000000000000, 0.000000000000000000, 0.000000000000000000, 0.000000000000000000, 0.000000000000000000 ) ;
#8734 = FACE_OUTER_BOUND ( 'NONE', #8085, .T. ) ;
#8735 = SURFACE_STYLE_FILL_AREA ( #5375 ) ;
#8736 = FILL_AREA_STYLE_COLOUR ( '', #1746 ) ;
#8737 = VECTOR ( 'NONE', #1594, 39.37007874015748854 ) ;
#8738 = SURFACE_STYLE_FILL_AREA ( #4012 ) ;
#8739 = VERTEX_POINT ( 'NONE', #3439 ) ;
#8740 = CARTESIAN_POINT ( 'NONE',  ( 0.06496062992125986590, 0.01173508930892991006, 0.08667802955033566958 ) ) ;
#8741 = ORIENTED_EDGE ( 'NONE', *, *, #5531, .F. ) ;
#8742 = AXIS2_PLACEMENT_3D ( 'NONE', #6011, #8785, #5121 ) ;
#8743 = CIRCLE ( 'NONE', #851, 0.0007874015748031346334 ) ;
#8744 = COLOUR_RGB ( '',0.7921568627450980005, 0.8196078431372548767, 0.9333333333333333481 ) ;
#8745 = VERTEX_POINT ( 'NONE', #6177 ) ;
#8746 =( CONVERSION_BASED_UNIT ( 'INCH', #5885 ) LENGTH_UNIT ( ) NAMED_UNIT ( #8571 ) );
#8747 = AXIS2_PLACEMENT_3D ( 'NONE', #1358, #5492, #6219 ) ;
#8748 = SURFACE_STYLE_FILL_AREA ( #4575 ) ;
#8749 = DIRECTION ( 'NONE',  ( -1.000000000000000000, -0.000000000000000000, 0.000000000000000000 ) ) ;
#8751 = SURFACE_SIDE_STYLE ('',( #6236 ) ) ;
#8750 = AXIS2_PLACEMENT_3D ( 'NONE', #4691, #3903, #7433 ) ;
#8752 = VECTOR ( 'NONE', #5255, 39.37007874015748143 ) ;
#8753 = VECTOR ( 'NONE', #2137, 39.37007874015748143 ) ;
#8754 = STYLED_ITEM ( 'NONE', ( #6514 ), #1072 ) ;
#8755 = DIRECTION ( 'NONE',  ( -0.000000000000000000, 1.000000000000000000, -0.000000000000000000 ) ) ;
#8756 = DIRECTION ( 'NONE',  ( -1.000000000000000000, -0.000000000000000000, -0.000000000000000000 ) ) ;
#8757 = EDGE_CURVE ( 'NONE', #1749, #7982, #7408, .T. ) ;
#8758 =( GEOMETRIC_REPRESENTATION_CONTEXT ( 3 ) GLOBAL_UNCERTAINTY_ASSIGNED_CONTEXT ( ( #4805 ) ) GLOBAL_UNIT_ASSIGNED_CONTEXT ( ( #597, #3610, #1385 ) ) REPRESENTATION_CONTEXT ( 'NONE', 'WORKASPACE' ) );
#8759 = FACE_OUTER_BOUND ( 'NONE', #7947, .T. ) ;
#8760 = STYLED_ITEM ( 'NONE', ( #7609 ), #3019 ) ;
#8761 = DIRECTION ( 'NONE',  ( -1.000000000000000000, -0.000000000000000000, -0.000000000000000000 ) ) ;
#8762 = FACE_OUTER_BOUND ( 'NONE', #4668, .T. ) ;
#8763 = ORIENTED_EDGE ( 'NONE', *, *, #6685, .F. ) ;
#8764 = COLOUR_RGB ( '',0.7921568627450980005, 0.8196078431372548767, 0.9333333333333333481 ) ;
#8765 = EDGE_CURVE ( 'NONE', #6002, #8180, #5075, .T. ) ;
#8766 = STYLED_ITEM ( 'NONE', ( #4862 ), #2019 ) ;
#8767 = UNCERTAINTY_MEASURE_WITH_UNIT (LENGTH_MEASURE( 1.000000000000000082E-05 ), #5274, 'distance_accuracy_value', 'NONE');
#8768 = FILL_AREA_STYLE ('',( #5105 ) ) ;
#8769 = DIRECTION ( 'NONE',  ( -1.000000000000000000, 0.000000000000000000, 0.000000000000000000 ) ) ;
#8770 = VECTOR ( 'NONE', #8781, 39.37007874015748854 ) ;
#8771 = MECHANICAL_DESIGN_GEOMETRIC_PRESENTATION_REPRESENTATION (  '', ( #5276 ), #6574 ) ;
#8772 = DIRECTION ( 'NONE',  ( 0.1696518885279518218, -0.9621436710723735297, 0.2133021165724232893 ) ) ;
#8773 = DIRECTION ( 'NONE',  ( 0.000000000000000000, -0.6589684953534060696, -0.7521705405901429886 ) ) ;
#8774 = ORIENTED_EDGE ( 'NONE', *, *, #6425, .T. ) ;
#8775 = CARTESIAN_POINT ( 'NONE',  ( 0.08287401574803150706, 0.000000000000000000, 0.01003937007874015040 ) ) ;
#8776 = ORIENTED_EDGE ( 'NONE', *, *, #5575, .F. ) ;
#8777 = SURFACE_STYLE_FILL_AREA ( #1869 ) ;
#8778 = COLOUR_RGB ( '',0.2509803921568627416, 0.2509803921568627416, 0.2509803921568627416 ) ;
#8779 = EDGE_CURVE ( 'NONE', #4685, #7752, #1138, .T. ) ;
#8780 = PLANE ( 'NONE',  #795 ) ;
#8781 = DIRECTION ( 'NONE',  ( -0.8660254037844370423, 0.000000000000000000, 0.5000000000000026645 ) ) ;
#8782 = DIRECTION ( 'NONE',  ( 0.000000000000000000, 0.000000000000000000, 1.000000000000000000 ) ) ;
#8783 = DIMENSIONAL_EXPONENTS ( 1.000000000000000000, 0.000000000000000000, 0.000000000000000000, 0.000000000000000000, 0.000000000000000000, 0.000000000000000000, 0.000000000000000000 ) ;
#8784 = SURFACE_STYLE_USAGE ( .BOTH. , #6010 ) ;
#8785 = DIRECTION ( 'NONE',  ( 0.000000000000000000, 0.08715574274765876261, -0.9961946980917455452 ) ) ;
#8786 = SURFACE_STYLE_USAGE ( .BOTH. , #7448 ) ;
#8787 = EDGE_CURVE ( 'NONE', #5203, #4184, #7513, .T. ) ;
#8788 = ORIENTED_EDGE ( 'NONE', *, *, #4427, .T. ) ;
#8789 = ORIENTED_EDGE ( 'NONE', *, *, #7384, .T. ) ;
#8790 = SURFACE_STYLE_USAGE ( .BOTH. , #1935 ) ;
#8791 = FILL_AREA_STYLE_COLOUR ( '', #784 ) ;
#8792 = LINE ( 'NONE', #7361, #653 ) ;
#8793 = CARTESIAN_POINT ( 'NONE',  ( 0.01692913385826774753, 0.01173508930892991006, 0.08667802955033566958 ) ) ;
#8794 =( NAMED_UNIT ( * ) SI_UNIT ( $, .STERADIAN. ) SOLID_ANGLE_UNIT ( ) );
#8795 = DIRECTION ( 'NONE',  ( 0.000000000000000000, -0.7521705405901424335, 0.6589684953534066247 ) ) ;
#8796 =( NAMED_UNIT ( * ) SI_UNIT ( $, .STERADIAN. ) SOLID_ANGLE_UNIT ( ) );
#8797 = ADVANCED_FACE ( 'NONE', ( #2081 ), #7554, .F. ) ;
#8798 = ORIENTED_EDGE ( 'NONE', *, *, #262, .F. ) ;
#8799 = EDGE_LOOP ( 'NONE', ( #6707, #8682, #3755, #4527 ) ) ;
#8800 = ORIENTED_EDGE ( 'NONE', *, *, #4356, .T. ) ;
#8801 = SURFACE_STYLE_USAGE ( .BOTH. , #4721 ) ;
#8802 = PLANE ( 'NONE',  #5545 ) ;
#8803 = CARTESIAN_POINT ( 'NONE',  ( -0.08503937007874014242, 0.02266295170762570171, 0.09018973667019880569 ) ) ;
#8804 = LINE ( 'NONE', #5386, #4147 ) ;
#8805 =( NAMED_UNIT ( * ) SI_UNIT ( $, .STERADIAN. ) SOLID_ANGLE_UNIT ( ) );
#8806 = FACE_OUTER_BOUND ( 'NONE', #7334, .T. ) ;
#8807 = PRESENTATION_STYLE_ASSIGNMENT (( #7380 ) ) ;
#8808 = VERTEX_POINT ( 'NONE', #2839 ) ;
#8809 = UNCERTAINTY_MEASURE_WITH_UNIT (LENGTH_MEASURE( 1.000000000000000082E-05 ), #7902, 'distance_accuracy_value', 'NONE');
#8810 = VECTOR ( 'NONE', #7473, 39.37007874015748143 ) ;
#8811 = CARTESIAN_POINT ( 'NONE',  ( 0.06692913385826773642, 0.01173508930892991006, 0.08667802955033566958 ) ) ;
#8812 = ORIENTED_EDGE ( 'NONE', *, *, #5338, .T. ) ;
#8813 = UNCERTAINTY_MEASURE_WITH_UNIT (LENGTH_MEASURE( 1.000000000000000082E-05 ), #842, 'distance_accuracy_value', 'NONE');
#8814 = LINE ( 'NONE', #6794, #8988 ) ;
#8815 = DIRECTION ( 'NONE',  ( -0.000000000000000000, 0.000000000000000000, -1.000000000000000000 ) ) ;
#8816 = DIRECTION ( 'NONE',  ( -0.000000000000000000, 1.000000000000000000, -0.000000000000000000 ) ) ;
#8817 = ORIENTED_EDGE ( 'NONE', *, *, #6167, .T. ) ;
#8818 = CARTESIAN_POINT ( 'NONE',  ( -0.08307086614173225803, 0.007004783218323627943, 0.1049545283030582504 ) ) ;
#8819 = FACE_OUTER_BOUND ( 'NONE', #4604, .T. ) ;
#8820 = STYLED_ITEM ( 'NONE', ( #2972 ), #5209 ) ;
#8821 = CARTESIAN_POINT ( 'NONE',  ( 0.07480314960629921850, 0.009842519685039369942, -0.09092820213934121876 ) ) ;
#8822 = FILL_AREA_STYLE_COLOUR ( '', #7204 ) ;
#8823 = AXIS2_PLACEMENT_3D ( 'NONE', #3875, #6587, #2467 ) ;
#8824 = DIRECTION ( 'NONE',  ( 0.8660254037844379305, 0.000000000000000000, 0.5000000000000012212 ) ) ;
#8826 = MECHANICAL_DESIGN_GEOMETRIC_PRESENTATION_REPRESENTATION (  '', ( #219 ), #7058 ) ;
#8825 = FILL_AREA_STYLE_COLOUR ( '', #2456 ) ;
#8827 = EDGE_CURVE ( 'NONE', #3548, #5903, #3660, .T. ) ;
#8828 = PRESENTATION_STYLE_ASSIGNMENT (( #8083 ) ) ;
#8829 = ORIENTED_EDGE ( 'NONE', *, *, #3523, .T. ) ;
#8830 = ORIENTED_EDGE ( 'NONE', *, *, #1276, .F. ) ;
#8831 = DIRECTION ( 'NONE',  ( -0.000000000000000000, -1.000000000000000000, -0.000000000000000000 ) ) ;
#8832 = SURFACE_SIDE_STYLE ('',( #7454 ) ) ;
#8833 = PRESENTATION_STYLE_ASSIGNMENT (( #3213 ) ) ;
#8834 =( LENGTH_UNIT ( ) NAMED_UNIT ( * ) SI_UNIT ( $, .METRE. ) );
#8835 = ADVANCED_FACE ( 'NONE', ( #7766 ), #5830, .T. ) ;
#8836 =( CONVERSION_BASED_UNIT ( 'INCH', #492 ) LENGTH_UNIT ( ) NAMED_UNIT ( #4277 ) );
#8837 =( GEOMETRIC_REPRESENTATION_CONTEXT ( 3 ) GLOBAL_UNCERTAINTY_ASSIGNED_CONTEXT ( ( #6654 ) ) GLOBAL_UNIT_ASSIGNED_CONTEXT ( ( #7965, #8861, #7340 ) ) REPRESENTATION_CONTEXT ( 'NONE', 'WORKASPACE' ) );
#8838 = ORIENTED_EDGE ( 'NONE', *, *, #7379, .F. ) ;
#8839 = PRESENTATION_STYLE_ASSIGNMENT (( #6736 ) ) ;
#8840 = ORIENTED_EDGE ( 'NONE', *, *, #3464, .F. ) ;
#8841 = ORIENTED_EDGE ( 'NONE', *, *, #6874, .F. ) ;
#8842 = SURFACE_SIDE_STYLE ('',( #8193 ) ) ;
#8843 = VECTOR ( 'NONE', #3131, 39.37007874015748143 ) ;
#8844 =( NAMED_UNIT ( * ) PLANE_ANGLE_UNIT ( ) SI_UNIT ( $, .RADIAN. ) );
#8845 = ADVANCED_FACE ( 'NONE', ( #1564 ), #5736, .T. ) ;
#8846 = CARTESIAN_POINT ( 'NONE',  ( -0.06496062992125982427, 0.01822099969626657726, 0.09408128290260084348 ) ) ;
#8847 = CARTESIAN_POINT ( 'NONE',  ( 0.03503937007874018128, 0.01822099969626658419, 0.09408128290260084348 ) ) ;
#8848 = DIRECTION ( 'NONE',  ( 0.000000000000000000, 0.9659258262890682012, -0.2588190451025212946 ) ) ;
#8849 = DIRECTION ( 'NONE',  ( 0.000000000000000000, -0.9396926207859079838, -0.3420201433256699342 ) ) ;
#8850 = SURFACE_STYLE_FILL_AREA ( #2534 ) ;
#8851 = EDGE_CURVE ( 'NONE', #4615, #1697, #1288, .T. ) ;
#8852 = VECTOR ( 'NONE', #201, 39.37007874015748143 ) ;
#8853 = FILL_AREA_STYLE ('',( #6075 ) ) ;
#8854 = LINE ( 'NONE', #1118, #6710 ) ;
#8855 = CARTESIAN_POINT ( 'NONE',  ( -0.07480314960629920462, 0.03700787401574803098, 0.05925196850393700532 ) ) ;
#8856 = ORIENTED_EDGE ( 'NONE', *, *, #5483, .F. ) ;
#8857 = EDGE_CURVE ( 'NONE', #6192, #1197, #1875, .T. ) ;
#8858 =( CONVERSION_BASED_UNIT ( 'INCH', #4070 ) LENGTH_UNIT ( ) NAMED_UNIT ( #3589 ) );
#8859 = CIRCLE ( 'NONE', #5787, 0.01377952755905510404 ) ;
#8860 = LENGTH_MEASURE_WITH_UNIT ( LENGTH_MEASURE( 0.02539999999999999897 ), #8249 );
#8861 =( NAMED_UNIT ( * ) PLANE_ANGLE_UNIT ( ) SI_UNIT ( $, .RADIAN. ) );
#8862 = STYLED_ITEM ( 'NONE', ( #1214 ), #2623 ) ;
#8863 = ORIENTED_EDGE ( 'NONE', *, *, #8198, .T. ) ;
#8864 = SURFACE_STYLE_USAGE ( .BOTH. , #559 ) ;
#8865 =( NAMED_UNIT ( * ) SI_UNIT ( $, .STERADIAN. ) SOLID_ANGLE_UNIT ( ) );
#8866 =( GEOMETRIC_REPRESENTATION_CONTEXT ( 3 ) GLOBAL_UNCERTAINTY_ASSIGNED_CONTEXT ( ( #4627 ) ) GLOBAL_UNIT_ASSIGNED_CONTEXT ( ( #6228, #8355, #7693 ) ) REPRESENTATION_CONTEXT ( 'NONE', 'WORKASPACE' ) );
#8867 = FILL_AREA_STYLE ('',( #3286 ) ) ;
#8868 =( CONVERSION_BASED_UNIT ( 'INCH', #6848 ) LENGTH_UNIT ( ) NAMED_UNIT ( #3164 ) );
#8869 = FILL_AREA_STYLE ('',( #6101 ) ) ;
#8870 = VERTEX_POINT ( 'NONE', #6640 ) ;
#8871 = ORIENTED_EDGE ( 'NONE', *, *, #2805, .T. ) ;
#8872 = CARTESIAN_POINT ( 'NONE',  ( -0.03307086614173226913, 0.02244094488188976694, 0.07893700787401573826 ) ) ;
#8873 = UNCERTAINTY_MEASURE_WITH_UNIT (LENGTH_MEASURE( 1.000000000000000082E-05 ), #6913, 'distance_accuracy_value', 'NONE');
#8874 = EDGE_CURVE ( 'NONE', #3905, #3085, #1208, .T. ) ;
#8875 = LINE ( 'NONE', #3387, #4411 ) ;
#8876 = CARTESIAN_POINT ( 'NONE',  ( -0.06692913385826769479, 0.02736220472440944324, 0.07761836027346888378 ) ) ;
#8877 = FILL_AREA_STYLE_COLOUR ( '', #2894 ) ;
#8878 = PRESENTATION_STYLE_ASSIGNMENT (( #2569 ) ) ;
#8879 = PRESENTATION_LAYER_ASSIGNMENT (  '', '', ( #4172 ) ) ;
#8880 = EDGE_LOOP ( 'NONE', ( #3819, #4005, #2011, #8332 ) ) ;
#8881 = DIRECTION ( 'NONE',  ( 0.000000000000000000, -1.000000000000000000, -0.000000000000000000 ) ) ;
#8882 = ORIENTED_EDGE ( 'NONE', *, *, #3584, .F. ) ;
#8883 = ORIENTED_EDGE ( 'NONE', *, *, #6999, .F. ) ;
#8884 = CARTESIAN_POINT ( 'NONE',  ( -0.09472119113475918617, 0.000000000000000000, -0.004527559055118113643 ) ) ;
#8885 = CARTESIAN_POINT ( 'NONE',  ( -0.03503937007874014659, 0.01822099969626657726, 0.09408128290260084348 ) ) ;
#8886 = MECHANICAL_DESIGN_GEOMETRIC_PRESENTATION_REPRESENTATION (  '', ( #5677 ), #7836 ) ;
#8887 = DIRECTION ( 'NONE',  ( 1.000000000000000000, 0.000000000000000000, -0.000000000000000000 ) ) ;
#8888 =( GEOMETRIC_REPRESENTATION_CONTEXT ( 3 ) GLOBAL_UNCERTAINTY_ASSIGNED_CONTEXT ( ( #224 ) ) GLOBAL_UNIT_ASSIGNED_CONTEXT ( ( #6968, #1444, #54 ) ) REPRESENTATION_CONTEXT ( 'NONE', 'WORKASPACE' ) );
#8889 = LINE ( 'NONE', #5442, #1546 ) ;
#8890 = PRESENTATION_LAYER_ASSIGNMENT (  '', '', ( #7694 ) ) ;
#8891 = LENGTH_MEASURE_WITH_UNIT ( LENGTH_MEASURE( 0.02539999999999999897 ), #8201 );
#8892 = VECTOR ( 'NONE', #1527, 39.37007874015748143 ) ;
#8893 = PRESENTATION_STYLE_ASSIGNMENT (( #6746 ) ) ;
#8894 = EDGE_CURVE ( 'NONE', #3012, #226, #6681, .T. ) ;
#8895 = SURFACE_STYLE_FILL_AREA ( #8342 ) ;
#8896 = VERTEX_POINT ( 'NONE', #8692 ) ;
#8897 = PRESENTATION_LAYER_ASSIGNMENT (  '', '', ( #5846 ) ) ;
#8898 = PRESENTATION_LAYER_ASSIGNMENT (  '', '', ( #1446 ) ) ;
#8899 = VECTOR ( 'NONE', #7879, 39.37007874015748143 ) ;
#8900 = COLOUR_RGB ( '',0.7921568627450980005, 0.8196078431372548767, 0.9333333333333333481 ) ;
#8901 = UNCERTAINTY_MEASURE_WITH_UNIT (LENGTH_MEASURE( 1.000000000000000082E-05 ), #6315, 'distance_accuracy_value', 'NONE');
#8902 = FACE_OUTER_BOUND ( 'NONE', #6557, .T. ) ;
#8903 =( CONVERSION_BASED_UNIT ( 'INCH', #513 ) LENGTH_UNIT ( ) NAMED_UNIT ( #5929 ) );
#8904 = VECTOR ( 'NONE', #5068, 39.37007874015748854 ) ;
#8905 = VECTOR ( 'NONE', #5359, 39.37007874015748143 ) ;
#8906 = DIRECTION ( 'NONE',  ( -1.000000000000000000, 0.000000000000000000, 0.000000000000000000 ) ) ;
#8907 = ORIENTED_EDGE ( 'NONE', *, *, #8621, .F. ) ;
#8908 = AXIS2_PLACEMENT_3D ( 'NONE', #5054, #4444, #7825 ) ;
#8909 = CARTESIAN_POINT ( 'NONE',  ( 0.05413385826771653642, 0.2556786355646874509, -0.1072834645669291237 ) ) ;
#8910 = STYLED_ITEM ( 'NONE', ( #2485 ), #6187 ) ;
#8911 = DIRECTION ( 'NONE',  ( 0.8660254037844370423, 0.000000000000000000, 0.5000000000000027756 ) ) ;
#8912 = VECTOR ( 'NONE', #5987, 39.37007874015748143 ) ;
#8913 = SURFACE_SIDE_STYLE ('',( #7443 ) ) ;
#8914 = SURFACE_SIDE_STYLE ('',( #2600 ) ) ;
#8915 = SURFACE_STYLE_FILL_AREA ( #2811 ) ;
#8916 = COLOUR_RGB ( '',0.7921568627450980005, 0.8196078431372548767, 0.9333333333333333481 ) ;
#8917 = SURFACE_SIDE_STYLE ('',( #4001 ) ) ;
#8918 = CARTESIAN_POINT ( 'NONE',  ( -0.07795275590551181688, 0.009842519685039369942, -0.09092820213934121876 ) ) ;
#8919 = DIRECTION ( 'NONE',  ( -1.000000000000000000, 0.000000000000000000, -0.000000000000000000 ) ) ;
#8920 = CARTESIAN_POINT ( 'NONE',  ( -0.08287401574803150706, 0.009842519685039369942, -0.01003937007874015908 ) ) ;
#8921 = ORIENTED_EDGE ( 'NONE', *, *, #7315, .T. ) ;
#8922 = ORIENTED_EDGE ( 'NONE', *, *, #5250, .F. ) ;
#8923 = FACE_OUTER_BOUND ( 'NONE', #5884, .T. ) ;
#8924 = DIRECTION ( 'NONE',  ( -0.000000000000000000, -1.000000000000000000, -0.000000000000000000 ) ) ;
#8925 =( CONVERSION_BASED_UNIT ( 'INCH', #6901 ) LENGTH_UNIT ( ) NAMED_UNIT ( #8646 ) );
#8926 = LINE ( 'NONE', #6731, #4603 ) ;
#8927 = APPLICATION_CONTEXT ( 'automotive_design' ) ;
#8928 = MANIFOLD_SOLID_BREP ( 'Imported4', #1460 ) ;
#8929 = DIRECTION ( 'NONE',  ( -0.000000000000000000, 0.9961946980917456562, 0.08715574274765768015 ) ) ;
#8930 = ORIENTED_EDGE ( 'NONE', *, *, #4009, .F. ) ;
#8931 = CARTESIAN_POINT ( 'NONE',  ( 0.01692913385826774753, 0.02736220472440944324, 0.07761836027346888378 ) ) ;
#8932 = ORIENTED_EDGE ( 'NONE', *, *, #122, .T. ) ;
#8933 = ORIENTED_EDGE ( 'NONE', *, *, #5443, .T. ) ;
#8934 = SURFACE_STYLE_USAGE ( .BOTH. , #2028 ) ;
#8935 = DIRECTION ( 'NONE',  ( 1.000000000000000000, 0.000000000000000000, 0.000000000000000000 ) ) ;
#8936 = FILL_AREA_STYLE ('',( #7243 ) ) ;
#8937 = FILL_AREA_STYLE_COLOUR ( '', #2478 ) ;
#8938 = SURFACE_STYLE_FILL_AREA ( #6175 ) ;
#8939 = EDGE_CURVE ( 'NONE', #3431, #8222, #3264, .T. ) ;
#8940 = LENGTH_MEASURE_WITH_UNIT ( LENGTH_MEASURE( 0.02539999999999999897 ), #593 );
#8941 =( NAMED_UNIT ( * ) PLANE_ANGLE_UNIT ( ) SI_UNIT ( $, .RADIAN. ) );
#8942 = DIRECTION ( 'NONE',  ( -1.000000000000000000, 0.000000000000000000, -0.000000000000000000 ) ) ;
#8943 = VERTEX_POINT ( 'NONE', #5233 ) ;
#8944 = FILL_AREA_STYLE_COLOUR ( '', #4186 ) ;
#8945 = PLANE ( 'NONE',  #4965 ) ;
#8946 = EDGE_CURVE ( 'NONE', #8745, #6871, #3838, .T. ) ;
#8947 = SURFACE_STYLE_USAGE ( .BOTH. , #3373 ) ;
#8948 = SURFACE_SIDE_STYLE ('',( #3374 ) ) ;
#8949 = VERTEX_POINT ( 'NONE', #4669 ) ;
#8950 = CARTESIAN_POINT ( 'NONE',  ( -0.08307086614173225803, 0.004805065926099858983, 0.1210629921259844255 ) ) ;
#8951 = LENGTH_MEASURE_WITH_UNIT ( LENGTH_MEASURE( 0.02539999999999999897 ), #6798 );
#8952 = CIRCLE ( 'NONE', #6902, 0.005905511811023620231 ) ;
#8953 = MANIFOLD_SOLID_BREP ( 'Imported7', #4663 ) ;
#8954 = DIRECTION ( 'NONE',  ( -0.000000000000000000, -0.6589684953534065137, -0.7521705405901426555 ) ) ;
#8955 = PRESENTATION_STYLE_ASSIGNMENT (( #4880 ) ) ;
#8956 = UNCERTAINTY_MEASURE_WITH_UNIT (LENGTH_MEASURE( 1.000000000000000082E-05 ), #1767, 'distance_accuracy_value', 'NONE');
#8957 =( NAMED_UNIT ( * ) SI_UNIT ( $, .STERADIAN. ) SOLID_ANGLE_UNIT ( ) );
#8958 = ORIENTED_EDGE ( 'NONE', *, *, #2264, .F. ) ;
#8959 = EDGE_CURVE ( 'NONE', #5976, #6240, #4474, .T. ) ;
#8960 = CARTESIAN_POINT ( 'NONE',  ( -0.06692913385826769479, 0.01358267716535432532, 0.07982518197702757889 ) ) ;
#8961 = UNCERTAINTY_MEASURE_WITH_UNIT (LENGTH_MEASURE( 1.000000000000000082E-05 ), #9009, 'distance_accuracy_value', 'NONE');
#8962 =( CONVERSION_BASED_UNIT ( 'INCH', #6864 ) LENGTH_UNIT ( ) NAMED_UNIT ( #6486 ) );
#8963 = AXIS2_PLACEMENT_3D ( 'NONE', #5423, #8183, #574 ) ;
#8964 = PRESENTATION_LAYER_ASSIGNMENT (  '', '', ( #3840 ) ) ;
#8965 = DIRECTION ( 'NONE',  ( 0.000000000000000000, 0.9953961983671792968, 0.09584575252021750036 ) ) ;
#8966 = EDGE_CURVE ( 'NONE', #3934, #4378, #6115, .T. ) ;
#8967 = SHAPE_REPRESENTATION ( 'SQJ444EP-T1_GE3', ( #5081, #834 ), #4484 ) ;
#8968 = SURFACE_STYLE_FILL_AREA ( #5556 ) ;
#8969 = ORIENTED_EDGE ( 'NONE', *, *, #1188, .F. ) ;
#8970 = FACE_OUTER_BOUND ( 'NONE', #6078, .T. ) ;
#8971 = MECHANICAL_DESIGN_GEOMETRIC_PRESENTATION_REPRESENTATION (  '', ( #2829 ), #89 ) ;
#8972 = ORIENTED_EDGE ( 'NONE', *, *, #1548, .T. ) ;
#8973 = EDGE_LOOP ( 'NONE', ( #5927, #1063, #2413 ) ) ;
#8974 =( NAMED_UNIT ( * ) PLANE_ANGLE_UNIT ( ) SI_UNIT ( $, .RADIAN. ) );
#8975 = CARTESIAN_POINT ( 'NONE',  ( 0.05413385826771653642, 0.000000000000000000, -0.07578740157480313988 ) ) ;
#8976 = COLOUR_RGB ( '',0.7921568627450980005, 0.8196078431372548767, 0.9333333333333333481 ) ;
#8977 = CARTESIAN_POINT ( 'NONE',  ( 0.08307086614173231354, -0.004999999999999999237, 0.1202051600123263675 ) ) ;
#8978 = AXIS2_PLACEMENT_3D ( 'NONE', #5678, #7078, #815 ) ;
#8979 = CARTESIAN_POINT ( 'NONE',  ( -0.08287401574803150706, 0.2556786355646874509, 0.01003937007874015040 ) ) ;
#8980 = LENGTH_MEASURE_WITH_UNIT ( LENGTH_MEASURE( 0.02539999999999999897 ), #3437 );
#8981 = DIRECTION ( 'NONE',  ( 0.000000000000000000, 0.000000000000000000, -1.000000000000000000 ) ) ;
#8982 = ORIENTED_EDGE ( 'NONE', *, *, #1388, .T. ) ;
#8983 = ADVANCED_FACE ( 'NONE', ( #8970 ), #7501, .T. ) ;
#8984 = EDGE_CURVE ( 'NONE', #7169, #1094, #6908, .T. ) ;
#8985 = CARTESIAN_POINT ( 'NONE',  ( 0.07795275590551181688, 0.009842519685039369942, -0.09092820213934121876 ) ) ;
#8986 = CARTESIAN_POINT ( 'NONE',  ( 0.08307086614173231354, 0.01358267716535432532, 0.07982518197702757889 ) ) ;
#8987 = LINE ( 'NONE', #2718, #6649 ) ;
#8988 = VECTOR ( 'NONE', #3857, 39.37007874015748143 ) ;
#8989 = SURFACE_STYLE_USAGE ( .BOTH. , #1817 ) ;
#8990 = ORIENTED_EDGE ( 'NONE', *, *, #7886, .F. ) ;
#8991 = CARTESIAN_POINT ( 'NONE',  ( 0.09472119113475917229, 0.000000000000000000, 0.004527559055118107571 ) ) ;
#8992 = DIRECTION ( 'NONE',  ( 1.000000000000000000, 0.000000000000000000, 0.000000000000000000 ) ) ;
#8993 = MECHANICAL_DESIGN_GEOMETRIC_PRESENTATION_REPRESENTATION (  '', ( #4011 ), #3001 ) ;
#8994 = SURFACE_SIDE_STYLE ('',( #1361 ) ) ;
#8995 =( NAMED_UNIT ( * ) PLANE_ANGLE_UNIT ( ) SI_UNIT ( $, .RADIAN. ) );
#8996 = SURFACE_SIDE_STYLE ('',( #8123 ) ) ;
#8997 = FILL_AREA_STYLE ('',( #8825 ) ) ;
#8998 = CARTESIAN_POINT ( 'NONE',  ( 0.08503937007874018406, 0.01617704132028901370, 0.08278648331793365955 ) ) ;
#8999 = DIRECTION ( 'NONE',  ( -0.000000000000000000, 1.000000000000000000, -0.000000000000000000 ) ) ;
#9000 = VERTEX_POINT ( 'NONE', #8369 ) ;
#9001 = LINE ( 'NONE', #2736, #3344 ) ;
#9002 = CARTESIAN_POINT ( 'NONE',  ( -0.07795275590551181688, 0.009842519685039369942, 0.01003937007874015040 ) ) ;
#9003 = ADVANCED_FACE ( 'NONE', ( #2667 ), #628, .T. ) ;
#9004 = LINE ( 'NONE', #6159, #6621 ) ;
#9005 = SURFACE_STYLE_FILL_AREA ( #7661 ) ;
#9006 = AXIS2_PLACEMENT_3D ( 'NONE', #4732, #8906, #7342 ) ;
#9007 = EDGE_CURVE ( 'NONE', #8691, #5817, #2024, .T. ) ;
#9008 = FILL_AREA_STYLE ('',( #4131 ) ) ;
#9009 =( CONVERSION_BASED_UNIT ( 'INCH', #4132 ) LENGTH_UNIT ( ) NAMED_UNIT ( #2453 ) );
#9010 = UNCERTAINTY_MEASURE_WITH_UNIT (LENGTH_MEASURE( 1.000000000000000082E-05 ), #2316, 'distance_accuracy_value', 'NONE');
#9011 = SURFACE_STYLE_USAGE ( .BOTH. , #6238 ) ;
#9012 = EDGE_LOOP ( 'NONE', ( #910, #2479, #2791, #8798 ) ) ;
#9013 =( NAMED_UNIT ( * ) PLANE_ANGLE_UNIT ( ) SI_UNIT ( $, .RADIAN. ) );
#9014 = ORIENTED_EDGE ( 'NONE', *, *, #6290, .T. ) ;
#9015 = ORIENTED_EDGE ( 'NONE', *, *, #932, .T. ) ;
#9016 = ADVANCED_FACE ( 'NONE', ( #5727 ), #864, .F. ) ;
#9017 = EDGE_CURVE ( 'NONE', #6303, #3489, #3526, .T. ) ;
#9018 = COLOUR_RGB ( '',0.7921568627450980005, 0.8196078431372548767, 0.9333333333333333481 ) ;
#9019 = LINE ( 'NONE', #2751, #7229 ) ;
#9020 = CARTESIAN_POINT ( 'NONE',  ( 0.03503937007874018128, 0.004805065926099859851, 0.1210629921259844255 ) ) ;
#9021 = DIRECTION ( 'NONE',  ( -0.000000000000000000, 1.000000000000000000, -0.000000000000000000 ) ) ;
#9022 = ORIENTED_EDGE ( 'NONE', *, *, #6167, .F. ) ;
#9023 = NEXT_ASSEMBLY_USAGE_OCCURRENCE ( 'NAUO1', ' ', ' ', #5405, #3746, $ ) ;
ENDSEC;
END-ISO-10303-21;
