ISO-10303-21;
HEADER;
FILE_DESCRIPTION((''),'2;1');
FILE_NAME('C-1932788-1','2021-09-24T06:08:48',('workeradm'),(
'TE Connectivity Ltd.'),'CREO PARAMETRIC BY PTC INC, 2021072',
'CREO PARAMETRIC BY PTC INC, 2021072','');
FILE_SCHEMA(('AUTOMOTIVE_DESIGN { 1 0 10303 214 1 1 1 1 }'));
ENDSEC;
DATA;
#134=DIRECTION('',(-1.E0,0.E0,0.E0));
#135=VECTOR('',#134,5.189079313330E0);
#136=CARTESIAN_POINT('',(2.594539656665E0,1.08E0,0.E0));
#137=LINE('',#136,#135);
#138=CARTESIAN_POINT('',(2.594539656665E0,5.3E-1,0.E0));
#139=DIRECTION('',(0.E0,0.E0,1.E0));
#140=DIRECTION('',(7.162295881449E-1,6.978647269104E-1,0.E0));
#141=AXIS2_PLACEMENT_3D('',#138,#139,#140);
#143=DIRECTION('',(-6.978647269104E-1,7.162295881449E-1,0.E0));
#144=VECTOR('',#143,8.819192597105E-1);
#145=CARTESIAN_POINT('',(3.603926273480E0,2.821689316412E-1,0.E0));
#146=LINE('',#145,#144);
#147=CARTESIAN_POINT('',(3.21E0,-1.016566681595E-1,0.E0));
#148=DIRECTION('',(0.E0,0.E0,1.E0));
#149=DIRECTION('',(1.E0,0.E0,0.E0));
#150=AXIS2_PLACEMENT_3D('',#147,#148,#149);
#152=DIRECTION('',(0.E0,1.E0,0.E0));
#153=VECTOR('',#152,7.483433318405E-1);
#154=CARTESIAN_POINT('',(3.76E0,-8.5E-1,0.E0));
#155=LINE('',#154,#153);
#156=CARTESIAN_POINT('',(3.21E0,-8.5E-1,0.E0));
#157=DIRECTION('',(0.E0,0.E0,1.E0));
#158=DIRECTION('',(0.E0,-1.E0,0.E0));
#159=AXIS2_PLACEMENT_3D('',#156,#157,#158);
#161=DIRECTION('',(1.E0,0.E0,0.E0));
#162=VECTOR('',#161,6.42E0);
#163=CARTESIAN_POINT('',(-3.21E0,-1.4E0,0.E0));
#164=LINE('',#163,#162);
#165=CARTESIAN_POINT('',(-3.21E0,-8.5E-1,0.E0));
#166=DIRECTION('',(0.E0,0.E0,1.E0));
#167=DIRECTION('',(-1.E0,0.E0,0.E0));
#168=AXIS2_PLACEMENT_3D('',#165,#166,#167);
#170=DIRECTION('',(0.E0,-1.E0,0.E0));
#171=VECTOR('',#170,7.483433318405E-1);
#172=CARTESIAN_POINT('',(-3.76E0,-1.016566681595E-1,0.E0));
#173=LINE('',#172,#171);
#174=CARTESIAN_POINT('',(-3.21E0,-1.016566681595E-1,0.E0));
#175=DIRECTION('',(0.E0,0.E0,1.E0));
#176=DIRECTION('',(-7.162295881449E-1,6.978647269104E-1,0.E0));
#177=AXIS2_PLACEMENT_3D('',#174,#175,#176);
#179=DIRECTION('',(-6.978647269104E-1,-7.162295881449E-1,0.E0));
#180=VECTOR('',#179,8.819192597105E-1);
#181=CARTESIAN_POINT('',(-2.988465930145E0,9.138255998007E-1,0.E0));
#182=LINE('',#181,#180);
#183=CARTESIAN_POINT('',(-2.594539656665E0,5.3E-1,0.E0));
#184=DIRECTION('',(0.E0,0.E0,1.E0));
#185=DIRECTION('',(0.E0,1.E0,0.E0));
#186=AXIS2_PLACEMENT_3D('',#183,#184,#185);
#188=DIRECTION('',(3.300484240725E-9,1.E0,-3.300484537440E-9));
#189=VECTOR('',#188,7.483433396952E-1);
#190=CARTESIAN_POINT('',(-3.609999999787E0,-8.499999985529E-1,
-2.125533036616E-10));
#191=LINE('',#190,#189);
#192=CARTESIAN_POINT('',(-3.21E0,-8.5E-1,0.E0));
#193=DIRECTION('',(0.E0,0.E0,-1.E0));
#194=DIRECTION('',(0.E0,-1.E0,0.E0));
#195=AXIS2_PLACEMENT_3D('',#192,#193,#194);
#197=DIRECTION('',(-1.E0,-2.466355261277E-13,2.466355261277E-13));
#198=VECTOR('',#197,6.419999999921E0);
#199=CARTESIAN_POINT('',(3.209999998553E0,-1.249999999787E0,
-2.125535950951E-10));
#200=LINE('',#199,#198);
#201=CARTESIAN_POINT('',(3.21E0,-8.5E-1,0.E0));
#202=DIRECTION('',(0.E0,0.E0,-1.E0));
#203=DIRECTION('',(1.E0,0.E0,0.E0));
#204=AXIS2_PLACEMENT_3D('',#201,#202,#203);
#206=DIRECTION('',(3.093500214606E-9,-1.E0,3.093498310685E-9));
#207=VECTOR('',#206,7.483433104719E-1);
#208=CARTESIAN_POINT('',(3.609999997474E0,-1.016566908965E-1,
-2.525969174568E-9));
#209=LINE('',#208,#207);
#210=CARTESIAN_POINT('',(3.21E0,-1.016566681595E-1,0.E0));
#211=DIRECTION('',(0.E0,0.E0,-1.E0));
#212=DIRECTION('',(7.162295881449E-1,6.978647269104E-1,0.E0));
#213=AXIS2_PLACEMENT_3D('',#210,#211,#212);
#215=DIRECTION('',(6.978647251804E-1,-7.162295898305E-1,-2.415406195108E-9));
#216=VECTOR('',#215,8.819192675912E-1);
#217=CARTESIAN_POINT('',(2.881031492519E0,8.091458893609E-1,
-5.522556069855E-10));
#218=LINE('',#217,#216);
#219=CARTESIAN_POINT('',(2.594539656665E0,5.3E-1,0.E0));
#220=DIRECTION('',(0.E0,0.E0,-1.E0));
#221=DIRECTION('',(0.E0,1.E0,0.E0));
#222=AXIS2_PLACEMENT_3D('',#219,#220,#221);
#224=DIRECTION('',(1.E0,1.370940802401E-11,1.370940802401E-11));
#225=VECTOR('',#224,5.189079317854E0);
#226=CARTESIAN_POINT('',(-2.594539655244E0,9.299999994477E-1,
-5.522555329707E-10));
#227=LINE('',#226,#225);
#228=CARTESIAN_POINT('',(-2.594539656665E0,5.3E-1,0.E0));
#229=DIRECTION('',(0.E0,0.E0,-1.E0));
#230=DIRECTION('',(-7.162295881449E-1,6.978647269104E-1,0.E0));
#231=AXIS2_PLACEMENT_3D('',#228,#229,#230);
#233=DIRECTION('',(6.978647252498E-1,7.162295897630E-1,2.318639845376E-9));
#234=VECTOR('',#233,8.819192429186E-1);
#235=CARTESIAN_POINT('',(-3.496491817581E0,1.774892371267E-1,
-2.525969262461E-9));
#236=LINE('',#235,#234);
#237=CARTESIAN_POINT('',(-3.21E0,-1.016566681595E-1,0.E0));
#238=DIRECTION('',(0.E0,0.E0,-1.E0));
#239=DIRECTION('',(-1.E0,0.E0,0.E0));
#240=AXIS2_PLACEMENT_3D('',#237,#238,#239);
#242=DIRECTION('',(-1.E0,0.E0,0.E0));
#243=VECTOR('',#242,1.3E0);
#244=CARTESIAN_POINT('',(6.5E-1,1.08E0,-4.55E0));
#245=LINE('',#244,#243);
#246=DIRECTION('',(1.E0,0.E0,0.E0));
#247=VECTOR('',#246,1.5E0);
#248=CARTESIAN_POINT('',(6.5E-1,1.08E0,-3.7E0));
#249=LINE('',#248,#247);
#250=DIRECTION('',(0.E0,0.E0,1.E0));
#251=VECTOR('',#250,5.5E-1);
#252=CARTESIAN_POINT('',(2.15E0,1.08E0,-4.55E0));
#253=LINE('',#252,#251);
#254=DIRECTION('',(1.E0,0.E0,0.E0));
#255=VECTOR('',#254,4.445396566651E-1);
#256=CARTESIAN_POINT('',(2.15E0,1.08E0,-4.55E0));
#257=LINE('',#256,#255);
#258=DIRECTION('',(0.E0,0.E0,-1.E0));
#259=VECTOR('',#258,4.55E0);
#260=CARTESIAN_POINT('',(2.594539656665E0,1.08E0,0.E0));
#261=LINE('',#260,#259);
#262=DIRECTION('',(1.E0,0.E0,0.E0));
#263=VECTOR('',#262,4.445396566651E-1);
#264=CARTESIAN_POINT('',(-2.594539656665E0,1.08E0,-4.55E0));
#265=LINE('',#264,#263);
#266=DIRECTION('',(1.E0,0.E0,0.E0));
#267=VECTOR('',#266,1.5E0);
#268=CARTESIAN_POINT('',(-2.15E0,1.08E0,-3.7E0));
#269=LINE('',#268,#267);
#270=DIRECTION('',(0.E0,0.E0,-1.E0));
#271=VECTOR('',#270,2.8E-1);
#272=CARTESIAN_POINT('',(-6.5E-1,7.8E-1,-4.42E0));
#273=LINE('',#272,#271);
#274=DIRECTION('',(0.E0,-1.E0,0.E0));
#275=VECTOR('',#274,3.E-1);
#276=CARTESIAN_POINT('',(-6.5E-1,7.8E-1,-4.7E0));
#277=LINE('',#276,#275);
#278=DIRECTION('',(0.E0,0.E0,-1.E0));
#279=VECTOR('',#278,3.E-1);
#280=CARTESIAN_POINT('',(-6.5E-1,4.8E-1,-4.7E0));
#281=LINE('',#280,#279);
#282=DIRECTION('',(0.E0,1.E0,0.E0));
#283=VECTOR('',#282,1.5E-1);
#284=CARTESIAN_POINT('',(-6.5E-1,4.8E-1,-5.E0));
#285=LINE('',#284,#283);
#286=CARTESIAN_POINT('',(-6.5E-1,6.3E-1,-4.55E0));
#287=DIRECTION('',(-1.E0,0.E0,0.E0));
#288=DIRECTION('',(0.E0,1.E0,0.E0));
#289=AXIS2_PLACEMENT_3D('',#286,#287,#288);
#291=DIRECTION('',(0.E0,0.E0,1.E0));
#292=VECTOR('',#291,8.5E-1);
#293=CARTESIAN_POINT('',(-6.5E-1,1.08E0,-4.55E0));
#294=LINE('',#293,#292);
#295=DIRECTION('',(0.E0,-1.E0,0.E0));
#296=VECTOR('',#295,3.E-1);
#297=CARTESIAN_POINT('',(-6.5E-1,1.08E0,-3.7E0));
#298=LINE('',#297,#296);
#299=DIRECTION('',(0.E0,0.E0,-1.E0));
#300=VECTOR('',#299,4.2E-1);
#301=CARTESIAN_POINT('',(-6.773844092735E-1,7.8E-1,-4.E0));
#302=LINE('',#301,#300);
#303=DIRECTION('',(0.E0,0.E0,1.E0));
#304=VECTOR('',#303,7.2E-1);
#305=CARTESIAN_POINT('',(-6.5E-1,7.8E-1,-4.42E0));
#306=LINE('',#305,#304);
#307=DIRECTION('',(0.E0,0.E0,-1.E0));
#308=VECTOR('',#307,7.2E-1);
#309=CARTESIAN_POINT('',(6.5E-1,7.8E-1,-3.7E0));
#310=LINE('',#309,#308);
#311=DIRECTION('',(7.647098368886E-1,-6.443747864138E-1,0.E0));
#312=VECTOR('',#311,1.288070262059E0);
#313=CARTESIAN_POINT('',(-2.175E0,7.8E-1,-4.E0));
#314=LINE('',#313,#312);
#315=DIRECTION('',(1.E0,0.E0,0.E0));
#316=VECTOR('',#315,4.4E-1);
#317=CARTESIAN_POINT('',(-1.19E0,-5.E-2,-4.E0));
#318=LINE('',#317,#316);
#319=DIRECTION('',(8.715574274766E-2,9.961946980917E-1,0.E0));
#320=VECTOR('',#319,8.331704651610E-1);
#321=CARTESIAN_POINT('',(-7.5E-1,-5.E-2,-4.E0));
#322=LINE('',#321,#320);
#323=DIRECTION('',(-1.E0,0.E0,0.E0));
#324=VECTOR('',#323,9.022867337083E-1);
#325=CARTESIAN_POINT('',(-6.773844092735E-1,7.8E-1,-4.E0));
#326=LINE('',#325,#324);
#327=DIRECTION('',(8.715574274766E-2,-9.961946980917E-1,0.E0));
#328=VECTOR('',#327,8.331704651610E-1);
#329=CARTESIAN_POINT('',(6.773844092735E-1,7.8E-1,-4.E0));
#330=LINE('',#329,#328);
#331=DIRECTION('',(1.E0,0.E0,0.E0));
#332=VECTOR('',#331,4.4E-1);
#333=CARTESIAN_POINT('',(7.5E-1,-5.E-2,-4.E0));
#334=LINE('',#333,#332);
#335=DIRECTION('',(7.647098368886E-1,6.443747864138E-1,0.E0));
#336=VECTOR('',#335,1.288070262059E0);
#337=CARTESIAN_POINT('',(1.19E0,-5.E-2,-4.E0));
#338=LINE('',#337,#336);
#339=DIRECTION('',(-1.E0,0.E0,0.E0));
#340=VECTOR('',#339,9.022867337083E-1);
#341=CARTESIAN_POINT('',(1.579671142982E0,7.8E-1,-4.E0));
#342=LINE('',#341,#340);
#343=DIRECTION('',(0.E0,1.E0,0.E0));
#344=VECTOR('',#343,2.E-1);
#345=CARTESIAN_POINT('',(1.805E0,-1.06E0,-4.E0));
#346=LINE('',#345,#344);
#347=DIRECTION('',(1.E0,0.E0,0.E0));
#348=VECTOR('',#347,1.405E0);
#349=CARTESIAN_POINT('',(1.805E0,-1.06E0,-4.E0));
#350=LINE('',#349,#348);
#351=CARTESIAN_POINT('',(3.21E0,-8.6E-1,-4.E0));
#352=DIRECTION('',(0.E0,0.E0,1.E0));
#353=DIRECTION('',(0.E0,-1.E0,0.E0));
#354=AXIS2_PLACEMENT_3D('',#351,#352,#353);
#356=DIRECTION('',(1.E0,0.E0,0.E0));
#357=VECTOR('',#356,1.605E0);
#358=CARTESIAN_POINT('',(1.805E0,-8.6E-1,-4.E0));
#359=LINE('',#358,#357);
#360=DIRECTION('',(0.E0,1.E0,0.E0));
#361=VECTOR('',#360,2.E-1);
#362=CARTESIAN_POINT('',(-1.805E0,-1.06E0,-4.E0));
#363=LINE('',#362,#361);
#364=DIRECTION('',(1.E0,0.E0,0.E0));
#365=VECTOR('',#364,1.605E0);
#366=CARTESIAN_POINT('',(-3.41E0,-8.6E-1,-4.E0));
#367=LINE('',#366,#365);
#368=CARTESIAN_POINT('',(-3.21E0,-8.6E-1,-4.E0));
#369=DIRECTION('',(0.E0,0.E0,1.E0));
#370=DIRECTION('',(-1.E0,0.E0,0.E0));
#371=AXIS2_PLACEMENT_3D('',#368,#369,#370);
#373=DIRECTION('',(1.E0,0.E0,0.E0));
#374=VECTOR('',#373,1.405E0);
#375=CARTESIAN_POINT('',(-3.21E0,-1.06E0,-4.E0));
#376=LINE('',#375,#374);
#377=DIRECTION('',(0.E0,0.E0,-1.E0));
#378=VECTOR('',#377,5.2E-1);
#379=CARTESIAN_POINT('',(-2.175E0,7.8E-1,-4.E0));
#380=LINE('',#379,#378);
#381=DIRECTION('',(1.E0,0.E0,0.E0));
#382=VECTOR('',#381,3.954525088697E-1);
#383=CARTESIAN_POINT('',(-2.570452508870E0,7.8E-1,-4.52E0));
#384=LINE('',#383,#382);
#385=DIRECTION('',(1.E0,1.332267629550E-14,0.E0));
#386=VECTOR('',#385,2.500000000001E-2);
#387=CARTESIAN_POINT('',(-2.175E0,7.8E-1,-4.E0));
#388=LINE('',#387,#386);
#389=DIRECTION('',(1.211152390500E-14,0.E0,1.E0));
#390=VECTOR('',#389,5.5E-1);
#391=CARTESIAN_POINT('',(-2.15E0,7.8E-1,-4.55E0));
#392=LINE('',#391,#390);
#393=DIRECTION('',(-1.E0,0.E0,0.E0));
#394=VECTOR('',#393,4.445396566651E-1);
#395=CARTESIAN_POINT('',(-2.15E0,7.8E-1,-4.55E0));
#396=LINE('',#395,#394);
#397=DIRECTION('',(-1.513972785611E-10,5.883404874742E-11,-1.E0));
#398=VECTOR('',#397,4.399999999741E0);
#399=CARTESIAN_POINT('',(-2.594539655999E0,7.799999997411E-1,
-1.500000002589E-1));
#400=LINE('',#399,#398);
#401=DIRECTION('',(1.E0,6.426293706101E-12,6.426283008413E-12));
#402=VECTOR('',#401,5.189079315451E0);
#403=CARTESIAN_POINT('',(-2.594539655999E0,7.799999997411E-1,
-1.500000002589E-1));
#404=LINE('',#403,#402);
#405=DIRECTION('',(-1.E0,0.E0,0.E0));
#406=VECTOR('',#405,4.445396566651E-1);
#407=CARTESIAN_POINT('',(2.594539656665E0,7.8E-1,-4.55E0));
#408=LINE('',#407,#406);
#409=DIRECTION('',(1.E0,0.E0,0.E0));
#410=VECTOR('',#409,2.500000000001E-2);
#411=CARTESIAN_POINT('',(2.15E0,7.8E-1,-4.E0));
#412=LINE('',#411,#410);
#413=DIRECTION('',(1.E0,0.E0,0.E0));
#414=VECTOR('',#413,3.954525088697E-1);
#415=CARTESIAN_POINT('',(2.175E0,7.8E-1,-4.52E0));
#416=LINE('',#415,#414);
#417=DIRECTION('',(1.E0,0.E0,0.E0));
#418=VECTOR('',#417,5.140905017739E0);
#419=CARTESIAN_POINT('',(-2.570452508870E0,7.8E-1,-3.5E0));
#420=LINE('',#419,#418);
#421=DIRECTION('',(0.E0,1.554312234475E-14,-1.E0));
#422=VECTOR('',#421,5.E-2);
#423=CARTESIAN_POINT('',(-4.75E-1,7.8E-1,-4.42E0));
#424=LINE('',#423,#422);
#425=DIRECTION('',(1.E0,0.E0,0.E0));
#426=VECTOR('',#425,9.5E-1);
#427=CARTESIAN_POINT('',(-4.75E-1,7.8E-1,-4.47E0));
#428=LINE('',#427,#426);
#429=DIRECTION('',(0.E0,1.554312234475E-14,-1.E0));
#430=VECTOR('',#429,5.E-2);
#431=CARTESIAN_POINT('',(4.75E-1,7.8E-1,-4.42E0));
#432=LINE('',#431,#430);
#433=DIRECTION('',(1.E0,0.E0,0.E0));
#434=VECTOR('',#433,1.75E-1);
#435=CARTESIAN_POINT('',(4.75E-1,7.8E-1,-4.42E0));
#436=LINE('',#435,#434);
#437=DIRECTION('',(1.E0,0.E0,0.E0));
#438=VECTOR('',#437,1.75E-1);
#439=CARTESIAN_POINT('',(-6.5E-1,7.8E-1,-4.42E0));
#440=LINE('',#439,#438);
#441=DIRECTION('',(0.E0,1.E0,0.E0));
#442=VECTOR('',#441,9.E-1);
#443=CARTESIAN_POINT('',(3.21E0,-8.6E-1,-4.52E0));
#444=LINE('',#443,#442);
#445=DIRECTION('',(-1.E0,0.E0,0.E0));
#446=VECTOR('',#445,2.E-1);
#447=CARTESIAN_POINT('',(3.41E0,-8.6E-1,-4.52E0));
#448=LINE('',#447,#446);
#449=DIRECTION('',(0.E0,-1.E0,0.E0));
#450=VECTOR('',#449,7.237068099340E-1);
#451=CARTESIAN_POINT('',(3.41E0,-1.362931900660E-1,-4.52E0));
#452=LINE('',#451,#450);
#453=CARTESIAN_POINT('',(3.21E0,-1.362931900660E-1,-4.52E0));
#454=DIRECTION('',(0.E0,0.E0,-1.E0));
#455=DIRECTION('',(7.459376616259E-1,6.660157693089E-1,0.E0));
#456=AXIS2_PLACEMENT_3D('',#453,#454,#455);
#458=DIRECTION('',(6.660157693089E-1,-7.459376616259E-1,0.E0));
#459=VECTOR('',#458,9.602587815511E-1);
#460=CARTESIAN_POINT('',(2.719640041195E0,7.132031538618E-1,-4.52E0));
#461=LINE('',#460,#459);
#462=CARTESIAN_POINT('',(2.570452508870E0,5.8E-1,-4.52E0));
#463=DIRECTION('',(0.E0,0.E0,-1.E0));
#464=DIRECTION('',(8.215650382226E-14,1.E0,0.E0));
#465=AXIS2_PLACEMENT_3D('',#462,#463,#464);
#467=DIRECTION('',(7.647098368886E-1,6.443747864138E-1,0.E0));
#468=VECTOR('',#467,2.615371090475E-1);
#469=CARTESIAN_POINT('',(1.975E0,6.114720812183E-1,-4.52E0));
#470=LINE('',#469,#468);
#471=DIRECTION('',(0.E0,1.E0,0.E0));
#472=VECTOR('',#471,5.714720812183E-1);
#473=CARTESIAN_POINT('',(1.975E0,4.E-2,-4.52E0));
#474=LINE('',#473,#472);
#475=DIRECTION('',(-1.E0,0.E0,0.E0));
#476=VECTOR('',#475,1.235E0);
#477=CARTESIAN_POINT('',(3.21E0,4.E-2,-4.52E0));
#478=LINE('',#477,#476);
#479=DIRECTION('',(0.E0,1.E0,0.E0));
#480=VECTOR('',#479,9.E-1);
#481=CARTESIAN_POINT('',(-3.21E0,-8.6E-1,-4.52E0));
#482=LINE('',#481,#480);
#483=DIRECTION('',(-1.E0,0.E0,0.E0));
#484=VECTOR('',#483,1.235E0);
#485=CARTESIAN_POINT('',(-1.975E0,4.E-2,-4.52E0));
#486=LINE('',#485,#484);
#487=DIRECTION('',(0.E0,-1.E0,0.E0));
#488=VECTOR('',#487,5.714720812183E-1);
#489=CARTESIAN_POINT('',(-1.975E0,6.114720812183E-1,-4.52E0));
#490=LINE('',#489,#488);
#491=DIRECTION('',(7.647098368886E-1,-6.443747864138E-1,0.E0));
#492=VECTOR('',#491,2.615371090475E-1);
#493=CARTESIAN_POINT('',(-2.175E0,7.8E-1,-4.52E0));
#494=LINE('',#493,#492);
#495=CARTESIAN_POINT('',(-2.570452508870E0,5.8E-1,-4.52E0));
#496=DIRECTION('',(0.E0,0.E0,-1.E0));
#497=DIRECTION('',(-7.459376616259E-1,6.660157693088E-1,0.E0));
#498=AXIS2_PLACEMENT_3D('',#495,#496,#497);
#500=DIRECTION('',(6.660157693089E-1,7.459376616259E-1,0.E0));
#501=VECTOR('',#500,9.602587815511E-1);
#502=CARTESIAN_POINT('',(-3.359187532325E0,-3.090036204205E-3,-4.52E0));
#503=LINE('',#502,#501);
#504=CARTESIAN_POINT('',(-3.21E0,-1.362931900660E-1,-4.52E0));
#505=DIRECTION('',(0.E0,0.E0,-1.E0));
#506=DIRECTION('',(-1.E0,0.E0,0.E0));
#507=AXIS2_PLACEMENT_3D('',#504,#505,#506);
#509=DIRECTION('',(0.E0,1.E0,0.E0));
#510=VECTOR('',#509,7.237068099340E-1);
#511=CARTESIAN_POINT('',(-3.41E0,-8.6E-1,-4.52E0));
#512=LINE('',#511,#510);
#513=DIRECTION('',(-1.E0,0.E0,0.E0));
#514=VECTOR('',#513,2.E-1);
#515=CARTESIAN_POINT('',(-3.21E0,-8.6E-1,-4.52E0));
#516=LINE('',#515,#514);
#517=DIRECTION('',(-1.E0,0.E0,0.E0));
#518=VECTOR('',#517,3.8E-1);
#519=CARTESIAN_POINT('',(-1.425E0,-1.06E0,-4.42E0));
#520=LINE('',#519,#518);
#521=DIRECTION('',(1.E0,0.E0,0.E0));
#522=VECTOR('',#521,2.5E-1);
#523=CARTESIAN_POINT('',(-1.425E0,-1.15E0,-4.42E0));
#524=LINE('',#523,#522);
#525=DIRECTION('',(-1.E0,0.E0,0.E0));
#526=VECTOR('',#525,4.E-1);
#527=CARTESIAN_POINT('',(-7.75E-1,-1.06E0,-4.42E0));
#528=LINE('',#527,#526);
#529=DIRECTION('',(1.E0,0.E0,0.E0));
#530=VECTOR('',#529,2.5E-1);
#531=CARTESIAN_POINT('',(-7.75E-1,-1.15E0,-4.42E0));
#532=LINE('',#531,#530);
#533=DIRECTION('',(-1.E0,0.E0,0.E0));
#534=VECTOR('',#533,4.E-1);
#535=CARTESIAN_POINT('',(-1.25E-1,-1.06E0,-4.42E0));
#536=LINE('',#535,#534);
#537=DIRECTION('',(1.E0,0.E0,0.E0));
#538=VECTOR('',#537,2.5E-1);
#539=CARTESIAN_POINT('',(-1.25E-1,-1.15E0,-4.42E0));
#540=LINE('',#539,#538);
#541=DIRECTION('',(-1.E0,0.E0,0.E0));
#542=VECTOR('',#541,4.E-1);
#543=CARTESIAN_POINT('',(5.25E-1,-1.06E0,-4.42E0));
#544=LINE('',#543,#542);
#545=DIRECTION('',(1.E0,0.E0,0.E0));
#546=VECTOR('',#545,2.5E-1);
#547=CARTESIAN_POINT('',(5.25E-1,-1.15E0,-4.42E0));
#548=LINE('',#547,#546);
#549=DIRECTION('',(-1.E0,0.E0,0.E0));
#550=VECTOR('',#549,4.E-1);
#551=CARTESIAN_POINT('',(1.175E0,-1.06E0,-4.42E0));
#552=LINE('',#551,#550);
#553=DIRECTION('',(1.E0,0.E0,0.E0));
#554=VECTOR('',#553,2.5E-1);
#555=CARTESIAN_POINT('',(1.175E0,-1.15E0,-4.42E0));
#556=LINE('',#555,#554);
#557=DIRECTION('',(-1.E0,0.E0,0.E0));
#558=VECTOR('',#557,3.8E-1);
#559=CARTESIAN_POINT('',(1.805E0,-1.06E0,-4.42E0));
#560=LINE('',#559,#558);
#561=DIRECTION('',(0.E0,-1.E0,0.E0));
#562=VECTOR('',#561,2.E-1);
#563=CARTESIAN_POINT('',(1.805E0,-8.6E-1,-4.42E0));
#564=LINE('',#563,#562);
#565=DIRECTION('',(-1.E0,0.E0,0.E0));
#566=VECTOR('',#565,1.075861243868E0);
#567=CARTESIAN_POINT('',(2.880861243868E0,-8.6E-1,-4.42E0));
#568=LINE('',#567,#566);
#569=DIRECTION('',(0.E0,1.E0,0.E0));
#570=VECTOR('',#569,9.E-1);
#571=CARTESIAN_POINT('',(2.880861243868E0,-8.6E-1,-4.42E0));
#572=LINE('',#571,#570);
#573=DIRECTION('',(-1.E0,0.E0,0.E0));
#574=VECTOR('',#573,9.058612438680E-1);
#575=CARTESIAN_POINT('',(2.880861243868E0,4.E-2,-4.42E0));
#576=LINE('',#575,#574);
#577=DIRECTION('',(0.E0,1.E0,0.E0));
#578=VECTOR('',#577,5.714720812183E-1);
#579=CARTESIAN_POINT('',(1.975E0,4.E-2,-4.42E0));
#580=LINE('',#579,#578);
#581=DIRECTION('',(7.647098368886E-1,6.443747864138E-1,0.E0));
#582=VECTOR('',#581,1.026533153011E0);
#583=CARTESIAN_POINT('',(1.19E0,-5.E-2,-4.42E0));
#584=LINE('',#583,#582);
#585=DIRECTION('',(1.E0,0.E0,0.E0));
#586=VECTOR('',#585,4.4E-1);
#587=CARTESIAN_POINT('',(7.5E-1,-5.E-2,-4.42E0));
#588=LINE('',#587,#586);
#589=DIRECTION('',(8.715574274766E-2,-9.961946980917E-1,0.E0));
#590=VECTOR('',#589,8.331704651610E-1);
#591=CARTESIAN_POINT('',(6.773844092735E-1,7.8E-1,-4.42E0));
#592=LINE('',#591,#590);
#593=DIRECTION('',(1.E0,0.E0,3.243372573168E-14));
#594=VECTOR('',#593,2.738440927348E-2);
#595=CARTESIAN_POINT('',(6.5E-1,7.8E-1,-4.42E0));
#596=LINE('',#595,#594);
#597=DIRECTION('',(0.E0,-1.E0,0.E0));
#598=VECTOR('',#597,5.3E-1);
#599=CARTESIAN_POINT('',(4.75E-1,7.8E-1,-4.42E0));
#600=LINE('',#599,#598);
#601=DIRECTION('',(1.E0,0.E0,0.E0));
#602=VECTOR('',#601,9.5E-1);
#603=CARTESIAN_POINT('',(-4.75E-1,2.5E-1,-4.42E0));
#604=LINE('',#603,#602);
#605=DIRECTION('',(0.E0,-1.E0,0.E0));
#606=VECTOR('',#605,5.3E-1);
#607=CARTESIAN_POINT('',(-4.75E-1,7.8E-1,-4.42E0));
#608=LINE('',#607,#606);
#609=DIRECTION('',(1.E0,0.E0,-3.243372573168E-14));
#610=VECTOR('',#609,2.738440927348E-2);
#611=CARTESIAN_POINT('',(-6.773844092735E-1,7.8E-1,-4.42E0));
#612=LINE('',#611,#610);
#613=DIRECTION('',(8.715574274766E-2,9.961946980917E-1,0.E0));
#614=VECTOR('',#613,8.331704651610E-1);
#615=CARTESIAN_POINT('',(-7.5E-1,-5.E-2,-4.42E0));
#616=LINE('',#615,#614);
#617=DIRECTION('',(1.E0,0.E0,0.E0));
#618=VECTOR('',#617,4.4E-1);
#619=CARTESIAN_POINT('',(-1.19E0,-5.E-2,-4.42E0));
#620=LINE('',#619,#618);
#621=DIRECTION('',(7.647098368886E-1,-6.443747864138E-1,0.E0));
#622=VECTOR('',#621,1.026533153011E0);
#623=CARTESIAN_POINT('',(-1.975E0,6.114720812183E-1,-4.42E0));
#624=LINE('',#623,#622);
#625=DIRECTION('',(0.E0,-1.E0,0.E0));
#626=VECTOR('',#625,5.714720812183E-1);
#627=CARTESIAN_POINT('',(-1.975E0,6.114720812183E-1,-4.42E0));
#628=LINE('',#627,#626);
#629=DIRECTION('',(-1.E0,0.E0,0.E0));
#630=VECTOR('',#629,9.058612438680E-1);
#631=CARTESIAN_POINT('',(-1.975E0,4.E-2,-4.42E0));
#632=LINE('',#631,#630);
#633=DIRECTION('',(0.E0,1.E0,0.E0));
#634=VECTOR('',#633,9.E-1);
#635=CARTESIAN_POINT('',(-2.880861243868E0,-8.6E-1,-4.42E0));
#636=LINE('',#635,#634);
#637=DIRECTION('',(-1.E0,0.E0,0.E0));
#638=VECTOR('',#637,1.075861243868E0);
#639=CARTESIAN_POINT('',(-1.805E0,-8.6E-1,-4.42E0));
#640=LINE('',#639,#638);
#641=DIRECTION('',(0.E0,1.E0,0.E0));
#642=VECTOR('',#641,2.E-1);
#643=CARTESIAN_POINT('',(-1.805E0,-1.06E0,-4.42E0));
#644=LINE('',#643,#642);
#645=DIRECTION('',(0.E0,0.E0,1.E0));
#646=VECTOR('',#645,1.5E-1);
#647=CARTESIAN_POINT('',(-1.425E0,-1.06E0,-4.42E0));
#648=LINE('',#647,#646);
#649=DIRECTION('',(0.E0,0.E0,-1.E0));
#650=VECTOR('',#649,5.E-1);
#651=CARTESIAN_POINT('',(-3.21E0,-1.06E0,-3.5E0));
#652=LINE('',#651,#650);
#653=DIRECTION('',(0.E0,0.E0,-1.E0));
#654=VECTOR('',#653,4.E-1);
#655=CARTESIAN_POINT('',(-1.74E0,-1.06E0,-3.5E0));
#656=LINE('',#655,#654);
#657=DIRECTION('',(1.E0,0.E0,0.E0));
#658=VECTOR('',#657,3.48E0);
#659=CARTESIAN_POINT('',(-1.74E0,-1.06E0,-3.9E0));
#660=LINE('',#659,#658);
#661=DIRECTION('',(0.E0,0.E0,-1.E0));
#662=VECTOR('',#661,4.E-1);
#663=CARTESIAN_POINT('',(1.74E0,-1.06E0,-3.5E0));
#664=LINE('',#663,#662);
#665=DIRECTION('',(0.E0,0.E0,-1.E0));
#666=VECTOR('',#665,4.2E-1);
#667=CARTESIAN_POINT('',(1.805E0,-1.06E0,-4.E0));
#668=LINE('',#667,#666);
#669=DIRECTION('',(0.E0,0.E0,1.E0));
#670=VECTOR('',#669,1.5E-1);
#671=CARTESIAN_POINT('',(1.425E0,-1.06E0,-4.42E0));
#672=LINE('',#671,#670);
#673=DIRECTION('',(1.E0,0.E0,0.E0));
#674=VECTOR('',#673,2.5E-1);
#675=CARTESIAN_POINT('',(1.175E0,-1.06E0,-4.27E0));
#676=LINE('',#675,#674);
#677=DIRECTION('',(0.E0,0.E0,1.E0));
#678=VECTOR('',#677,1.5E-1);
#679=CARTESIAN_POINT('',(1.175E0,-1.06E0,-4.42E0));
#680=LINE('',#679,#678);
#681=DIRECTION('',(0.E0,0.E0,1.E0));
#682=VECTOR('',#681,1.5E-1);
#683=CARTESIAN_POINT('',(7.75E-1,-1.06E0,-4.42E0));
#684=LINE('',#683,#682);
#685=DIRECTION('',(1.E0,0.E0,0.E0));
#686=VECTOR('',#685,2.5E-1);
#687=CARTESIAN_POINT('',(5.25E-1,-1.06E0,-4.27E0));
#688=LINE('',#687,#686);
#689=DIRECTION('',(0.E0,0.E0,1.E0));
#690=VECTOR('',#689,1.5E-1);
#691=CARTESIAN_POINT('',(5.25E-1,-1.06E0,-4.42E0));
#692=LINE('',#691,#690);
#693=DIRECTION('',(0.E0,0.E0,1.E0));
#694=VECTOR('',#693,1.5E-1);
#695=CARTESIAN_POINT('',(1.25E-1,-1.06E0,-4.42E0));
#696=LINE('',#695,#694);
#697=DIRECTION('',(1.E0,0.E0,0.E0));
#698=VECTOR('',#697,2.5E-1);
#699=CARTESIAN_POINT('',(-1.25E-1,-1.06E0,-4.27E0));
#700=LINE('',#699,#698);
#701=DIRECTION('',(0.E0,0.E0,1.E0));
#702=VECTOR('',#701,1.5E-1);
#703=CARTESIAN_POINT('',(-1.25E-1,-1.06E0,-4.42E0));
#704=LINE('',#703,#702);
#705=DIRECTION('',(0.E0,0.E0,1.E0));
#706=VECTOR('',#705,1.5E-1);
#707=CARTESIAN_POINT('',(-5.25E-1,-1.06E0,-4.42E0));
#708=LINE('',#707,#706);
#709=DIRECTION('',(1.E0,0.E0,0.E0));
#710=VECTOR('',#709,2.5E-1);
#711=CARTESIAN_POINT('',(-7.75E-1,-1.06E0,-4.27E0));
#712=LINE('',#711,#710);
#713=DIRECTION('',(0.E0,0.E0,1.E0));
#714=VECTOR('',#713,1.5E-1);
#715=CARTESIAN_POINT('',(-7.75E-1,-1.06E0,-4.42E0));
#716=LINE('',#715,#714);
#717=DIRECTION('',(0.E0,0.E0,1.E0));
#718=VECTOR('',#717,1.5E-1);
#719=CARTESIAN_POINT('',(-1.175E0,-1.06E0,-4.42E0));
#720=LINE('',#719,#718);
#721=DIRECTION('',(1.E0,0.E0,0.E0));
#722=VECTOR('',#721,2.5E-1);
#723=CARTESIAN_POINT('',(-1.425E0,-1.06E0,-4.27E0));
#724=LINE('',#723,#722);
#725=DIRECTION('',(0.E0,1.E0,0.E0));
#726=VECTOR('',#725,9.E-2);
#727=CARTESIAN_POINT('',(-1.425E0,-1.15E0,-4.42E0));
#728=LINE('',#727,#726);
#729=DIRECTION('',(0.E0,-1.E0,0.E0));
#730=VECTOR('',#729,9.E-2);
#731=CARTESIAN_POINT('',(-1.425E0,-1.06E0,-4.27E0));
#732=LINE('',#731,#730);
#733=CARTESIAN_POINT('',(-1.425E0,-1.15E0,-4.52E0));
#734=DIRECTION('',(1.E0,0.E0,0.E0));
#735=DIRECTION('',(0.E0,0.E0,1.E0));
#736=AXIS2_PLACEMENT_3D('',#733,#734,#735);
#738=DIRECTION('',(0.E0,0.E0,-1.E0));
#739=VECTOR('',#738,6.3E-1);
#740=CARTESIAN_POINT('',(-1.425E0,-1.4E0,-4.52E0));
#741=LINE('',#740,#739);
#742=DIRECTION('',(0.E0,1.E0,0.E0));
#743=VECTOR('',#742,1.5E-1);
#744=CARTESIAN_POINT('',(-1.425E0,-1.4E0,-5.15E0));
#745=LINE('',#744,#743);
#746=DIRECTION('',(0.E0,0.E0,1.E0));
#747=VECTOR('',#746,6.3E-1);
#748=CARTESIAN_POINT('',(-1.425E0,-1.25E0,-5.15E0));
#749=LINE('',#748,#747);
#750=CARTESIAN_POINT('',(-1.425E0,-1.15E0,-4.52E0));
#751=DIRECTION('',(-1.E0,0.E0,0.E0));
#752=DIRECTION('',(0.E0,-1.E0,0.E0));
#753=AXIS2_PLACEMENT_3D('',#750,#751,#752);
#755=DIRECTION('',(0.E0,1.E0,0.E0));
#756=VECTOR('',#755,9.E-2);
#757=CARTESIAN_POINT('',(-1.175E0,-1.15E0,-4.42E0));
#758=LINE('',#757,#756);
#759=CARTESIAN_POINT('',(-1.175E0,-1.15E0,-4.52E0));
#760=DIRECTION('',(-1.E0,0.E0,0.E0));
#761=DIRECTION('',(0.E0,-1.E0,0.E0));
#762=AXIS2_PLACEMENT_3D('',#759,#760,#761);
#764=DIRECTION('',(0.E0,0.E0,1.E0));
#765=VECTOR('',#764,6.3E-1);
#766=CARTESIAN_POINT('',(-1.175E0,-1.25E0,-5.15E0));
#767=LINE('',#766,#765);
#768=DIRECTION('',(0.E0,1.E0,0.E0));
#769=VECTOR('',#768,1.5E-1);
#770=CARTESIAN_POINT('',(-1.175E0,-1.4E0,-5.15E0));
#771=LINE('',#770,#769);
#772=DIRECTION('',(0.E0,0.E0,-1.E0));
#773=VECTOR('',#772,6.3E-1);
#774=CARTESIAN_POINT('',(-1.175E0,-1.4E0,-4.52E0));
#775=LINE('',#774,#773);
#776=CARTESIAN_POINT('',(-1.175E0,-1.15E0,-4.52E0));
#777=DIRECTION('',(1.E0,0.E0,0.E0));
#778=DIRECTION('',(0.E0,0.E0,1.E0));
#779=AXIS2_PLACEMENT_3D('',#776,#777,#778);
#781=DIRECTION('',(0.E0,-1.E0,0.E0));
#782=VECTOR('',#781,9.E-2);
#783=CARTESIAN_POINT('',(-1.175E0,-1.06E0,-4.27E0));
#784=LINE('',#783,#782);
#785=DIRECTION('',(1.E0,0.E0,0.E0));
#786=VECTOR('',#785,2.5E-1);
#787=CARTESIAN_POINT('',(-1.425E0,-1.25E0,-4.52E0));
#788=LINE('',#787,#786);
#789=DIRECTION('',(1.E0,0.E0,0.E0));
#790=VECTOR('',#789,2.5E-1);
#791=CARTESIAN_POINT('',(-1.425E0,-1.25E0,-5.15E0));
#792=LINE('',#791,#790);
#793=DIRECTION('',(1.E0,0.E0,0.E0));
#794=VECTOR('',#793,2.5E-1);
#795=CARTESIAN_POINT('',(-1.425E0,-1.4E0,-5.15E0));
#796=LINE('',#795,#794);
#797=DIRECTION('',(1.E0,0.E0,0.E0));
#798=VECTOR('',#797,2.5E-1);
#799=CARTESIAN_POINT('',(-1.425E0,-1.4E0,-4.52E0));
#800=LINE('',#799,#798);
#801=DIRECTION('',(1.E0,0.E0,0.E0));
#802=VECTOR('',#801,2.5E-1);
#803=CARTESIAN_POINT('',(-1.425E0,-1.15E0,-4.27E0));
#804=LINE('',#803,#802);
#805=DIRECTION('',(0.E0,0.E0,-1.E0));
#806=VECTOR('',#805,4.2E-1);
#807=CARTESIAN_POINT('',(-1.805E0,-1.06E0,-4.E0));
#808=LINE('',#807,#806);
#809=DIRECTION('',(0.E0,0.E0,-1.E0));
#810=VECTOR('',#809,4.2E-1);
#811=CARTESIAN_POINT('',(1.805E0,-8.6E-1,-4.E0));
#812=LINE('',#811,#810);
#813=DIRECTION('',(0.E0,0.E0,-1.E0));
#814=VECTOR('',#813,5.2E-1);
#815=CARTESIAN_POINT('',(3.41E0,-8.6E-1,-4.E0));
#816=LINE('',#815,#814);
#817=DIRECTION('',(9.568135840576E-1,0.E0,-2.907021935983E-1));
#818=VECTOR('',#817,3.439946522667E-1);
#819=CARTESIAN_POINT('',(2.880861243868E0,-8.6E-1,-4.42E0));
#820=LINE('',#819,#818);
#821=DIRECTION('',(0.E0,0.E0,-1.E0));
#822=VECTOR('',#821,4.2E-1);
#823=CARTESIAN_POINT('',(-1.805E0,-8.6E-1,-4.E0));
#824=LINE('',#823,#822);
#825=DIRECTION('',(9.568135840576E-1,0.E0,2.907021935983E-1));
#826=VECTOR('',#825,3.439946522667E-1);
#827=CARTESIAN_POINT('',(-3.21E0,-8.6E-1,-4.52E0));
#828=LINE('',#827,#826);
#829=DIRECTION('',(0.E0,0.E0,-1.E0));
#830=VECTOR('',#829,1.02E0);
#831=CARTESIAN_POINT('',(3.41E0,-1.362931900660E-1,-3.5E0));
#832=LINE('',#831,#830);
#833=DIRECTION('',(0.E0,0.E0,-1.E0));
#834=VECTOR('',#833,5.E-1);
#835=CARTESIAN_POINT('',(3.41E0,-8.6E-1,-3.5E0));
#836=LINE('',#835,#834);
#837=DIRECTION('',(0.E0,0.E0,-1.E0));
#838=VECTOR('',#837,1.02E0);
#839=CARTESIAN_POINT('',(3.359187532325E0,-3.090036204205E-3,-3.5E0));
#840=LINE('',#839,#838);
#841=DIRECTION('',(0.E0,0.E0,-1.E0));
#842=VECTOR('',#841,1.02E0);
#843=CARTESIAN_POINT('',(2.570452508870E0,7.8E-1,-3.5E0));
#844=LINE('',#843,#842);
#845=DIRECTION('',(0.E0,0.E0,1.E0));
#846=VECTOR('',#845,1.02E0);
#847=CARTESIAN_POINT('',(2.719640041195E0,7.132031538618E-1,-4.52E0));
#848=LINE('',#847,#846);
#849=DIRECTION('',(1.E0,0.E0,0.E0));
#850=VECTOR('',#849,1.47E0);
#851=CARTESIAN_POINT('',(1.74E0,-1.06E0,-3.5E0));
#852=LINE('',#851,#850);
#853=DIRECTION('',(0.E0,1.E0,0.E0));
#854=VECTOR('',#853,4.E-2);
#855=CARTESIAN_POINT('',(1.74E0,-1.1E0,-3.5E0));
#856=LINE('',#855,#854);
#857=DIRECTION('',(0.E0,-1.E0,0.E0));
#858=VECTOR('',#857,4.E-2);
#859=CARTESIAN_POINT('',(-1.74E0,-1.06E0,-3.5E0));
#860=LINE('',#859,#858);
#861=DIRECTION('',(1.E0,0.E0,0.E0));
#862=VECTOR('',#861,1.47E0);
#863=CARTESIAN_POINT('',(-3.21E0,-1.06E0,-3.5E0));
#864=LINE('',#863,#862);
#865=CARTESIAN_POINT('',(-3.21E0,-8.6E-1,-3.5E0));
#866=DIRECTION('',(0.E0,0.E0,1.E0));
#867=DIRECTION('',(-1.E0,0.E0,0.E0));
#868=AXIS2_PLACEMENT_3D('',#865,#866,#867);
#870=DIRECTION('',(0.E0,-1.E0,0.E0));
#871=VECTOR('',#870,7.237068099340E-1);
#872=CARTESIAN_POINT('',(-3.41E0,-1.362931900660E-1,-3.5E0));
#873=LINE('',#872,#871);
#874=CARTESIAN_POINT('',(-3.21E0,-1.362931900660E-1,-3.5E0));
#875=DIRECTION('',(0.E0,0.E0,1.E0));
#876=DIRECTION('',(-7.459376616259E-1,6.660157693089E-1,0.E0));
#877=AXIS2_PLACEMENT_3D('',#874,#875,#876);
#879=DIRECTION('',(-6.660157693089E-1,-7.459376616259E-1,0.E0));
#880=VECTOR('',#879,9.602587815511E-1);
#881=CARTESIAN_POINT('',(-2.719640041195E0,7.132031538618E-1,-3.5E0));
#882=LINE('',#881,#880);
#883=CARTESIAN_POINT('',(-2.570452508870E0,5.8E-1,-3.5E0));
#884=DIRECTION('',(0.E0,0.E0,1.E0));
#885=DIRECTION('',(-7.549516567451E-14,1.E0,0.E0));
#886=AXIS2_PLACEMENT_3D('',#883,#884,#885);
#888=CARTESIAN_POINT('',(2.570452508870E0,5.8E-1,-3.5E0));
#889=DIRECTION('',(0.E0,0.E0,1.E0));
#890=DIRECTION('',(7.459376616259E-1,6.660157693089E-1,0.E0));
#891=AXIS2_PLACEMENT_3D('',#888,#889,#890);
#893=DIRECTION('',(-6.660157693089E-1,7.459376616259E-1,0.E0));
#894=VECTOR('',#893,9.602587815511E-1);
#895=CARTESIAN_POINT('',(3.359187532325E0,-3.090036204205E-3,-3.5E0));
#896=LINE('',#895,#894);
#897=CARTESIAN_POINT('',(3.21E0,-1.362931900660E-1,-3.5E0));
#898=DIRECTION('',(0.E0,0.E0,1.E0));
#899=DIRECTION('',(1.E0,0.E0,0.E0));
#900=AXIS2_PLACEMENT_3D('',#897,#898,#899);
#902=DIRECTION('',(0.E0,1.E0,0.E0));
#903=VECTOR('',#902,7.237068099340E-1);
#904=CARTESIAN_POINT('',(3.41E0,-8.6E-1,-3.5E0));
#905=LINE('',#904,#903);
#906=CARTESIAN_POINT('',(3.21E0,-8.6E-1,-3.5E0));
#907=DIRECTION('',(0.E0,0.E0,1.E0));
#908=DIRECTION('',(0.E0,-1.E0,0.E0));
#909=AXIS2_PLACEMENT_3D('',#906,#907,#908);
#911=DIRECTION('',(0.E0,-1.E0,0.E0));
#912=VECTOR('',#911,5.6E-1);
#913=CARTESIAN_POINT('',(-1.65E0,-2.15E-1,-3.5E0));
#914=LINE('',#913,#912);
#915=DIRECTION('',(1.E0,0.E0,0.E0));
#916=VECTOR('',#915,3.18E0);
#917=CARTESIAN_POINT('',(-1.59E0,-7.95E-1,-3.5E0));
#918=LINE('',#917,#916);
#919=DIRECTION('',(1.E0,0.E0,0.E0));
#920=VECTOR('',#919,9.E-2);
#921=CARTESIAN_POINT('',(1.5E0,-1.95E-1,-3.5E0));
#922=LINE('',#921,#920);
#923=DIRECTION('',(1.E0,0.E0,0.E0));
#924=VECTOR('',#923,4.E-1);
#925=CARTESIAN_POINT('',(1.1E0,-2.85E-1,-3.5E0));
#926=LINE('',#925,#924);
#927=DIRECTION('',(1.E0,0.E0,0.E0));
#928=VECTOR('',#927,2.5E-1);
#929=CARTESIAN_POINT('',(8.5E-1,-1.95E-1,-3.5E0));
#930=LINE('',#929,#928);
#931=DIRECTION('',(1.E0,0.E0,0.E0));
#932=VECTOR('',#931,4.E-1);
#933=CARTESIAN_POINT('',(4.5E-1,-2.85E-1,-3.5E0));
#934=LINE('',#933,#932);
#935=DIRECTION('',(1.E0,0.E0,0.E0));
#936=VECTOR('',#935,2.5E-1);
#937=CARTESIAN_POINT('',(2.E-1,-1.95E-1,-3.5E0));
#938=LINE('',#937,#936);
#939=DIRECTION('',(1.E0,0.E0,0.E0));
#940=VECTOR('',#939,4.E-1);
#941=CARTESIAN_POINT('',(-2.E-1,-2.85E-1,-3.5E0));
#942=LINE('',#941,#940);
#943=DIRECTION('',(1.E0,0.E0,0.E0));
#944=VECTOR('',#943,2.5E-1);
#945=CARTESIAN_POINT('',(-4.5E-1,-1.95E-1,-3.5E0));
#946=LINE('',#945,#944);
#947=DIRECTION('',(1.E0,0.E0,0.E0));
#948=VECTOR('',#947,4.E-1);
#949=CARTESIAN_POINT('',(-8.5E-1,-2.85E-1,-3.5E0));
#950=LINE('',#949,#948);
#951=DIRECTION('',(1.E0,0.E0,0.E0));
#952=VECTOR('',#951,2.5E-1);
#953=CARTESIAN_POINT('',(-1.1E0,-1.95E-1,-3.5E0));
#954=LINE('',#953,#952);
#955=DIRECTION('',(1.E0,0.E0,0.E0));
#956=VECTOR('',#955,4.E-1);
#957=CARTESIAN_POINT('',(-1.5E0,-2.85E-1,-3.5E0));
#958=LINE('',#957,#956);
#959=DIRECTION('',(1.E0,0.E0,0.E0));
#960=VECTOR('',#959,9.E-2);
#961=CARTESIAN_POINT('',(-1.59E0,-1.95E-1,-3.5E0));
#962=LINE('',#961,#960);
#963=DIRECTION('',(0.E0,0.E0,-1.E0));
#964=VECTOR('',#963,4.E-1);
#965=CARTESIAN_POINT('',(1.74E0,-1.305E0,-3.5E0));
#966=LINE('',#965,#964);
#967=DIRECTION('',(0.E0,-1.E0,0.E0));
#968=VECTOR('',#967,2.05E-1);
#969=CARTESIAN_POINT('',(-1.74E0,-1.1E0,-3.5E0));
#970=LINE('',#969,#968);
#971=DIRECTION('',(0.E0,1.E0,0.E0));
#972=VECTOR('',#971,3.E-1);
#973=CARTESIAN_POINT('',(1.79E0,-1.4E0,-3.5E0));
#974=LINE('',#973,#972);
#975=DIRECTION('',(0.E0,-1.E0,0.E0));
#976=VECTOR('',#975,2.05E-1);
#977=CARTESIAN_POINT('',(1.74E0,-1.1E0,-3.5E0));
#978=LINE('',#977,#976);
#979=DIRECTION('',(1.E0,0.E0,0.E0));
#980=VECTOR('',#979,3.48E0);
#981=CARTESIAN_POINT('',(-1.74E0,-1.305E0,-3.5E0));
#982=LINE('',#981,#980);
#983=DIRECTION('',(0.E0,0.E0,-1.E0));
#984=VECTOR('',#983,4.E-1);
#985=CARTESIAN_POINT('',(-1.74E0,-1.305E0,-3.5E0));
#986=LINE('',#985,#984);
#987=DIRECTION('',(0.E0,-1.E0,0.E0));
#988=VECTOR('',#987,2.45E-1);
#989=CARTESIAN_POINT('',(-1.74E0,-1.06E0,-3.9E0));
#990=LINE('',#989,#988);
#991=DIRECTION('',(1.E0,0.E0,0.E0));
#992=VECTOR('',#991,3.48E0);
#993=CARTESIAN_POINT('',(-1.74E0,-1.305E0,-3.9E0));
#994=LINE('',#993,#992);
#995=DIRECTION('',(0.E0,1.E0,0.E0));
#996=VECTOR('',#995,2.45E-1);
#997=CARTESIAN_POINT('',(1.74E0,-1.305E0,-3.9E0));
#998=LINE('',#997,#996);
#999=DIRECTION('',(1.E0,0.E0,0.E0));
#1000=VECTOR('',#999,3.48E0);
#1001=CARTESIAN_POINT('',(-1.74E0,-1.1E0,-3.5E0));
#1002=LINE('',#1001,#1000);
#1003=DIRECTION('',(-1.E0,0.E0,0.E0));
#1004=VECTOR('',#1003,5.E-2);
#1005=CARTESIAN_POINT('',(1.79E0,-1.1E0,-3.5E0));
#1006=LINE('',#1005,#1004);
#1007=DIRECTION('',(0.E0,0.E0,1.E0));
#1008=VECTOR('',#1007,4.E-1);
#1009=CARTESIAN_POINT('',(1.79E0,-1.1E0,-3.9E0));
#1010=LINE('',#1009,#1008);
#1011=DIRECTION('',(-1.E0,0.E0,0.E0));
#1012=VECTOR('',#1011,1.42E0);
#1013=CARTESIAN_POINT('',(3.21E0,-1.1E0,-3.9E0));
#1014=LINE('',#1013,#1012);
#1015=DIRECTION('',(0.E0,0.E0,-1.E0));
#1016=VECTOR('',#1015,1.E0);
#1017=CARTESIAN_POINT('',(3.21E0,-1.1E0,-2.9E0));
#1018=LINE('',#1017,#1016);
#1019=DIRECTION('',(-1.E0,0.E0,0.E0));
#1020=VECTOR('',#1019,1.35E-1);
#1021=CARTESIAN_POINT('',(3.21E0,-1.1E0,-2.9E0));
#1022=LINE('',#1021,#1020);
#1023=CARTESIAN_POINT('',(3.075E0,-1.1E0,-3.E0));
#1024=DIRECTION('',(0.E0,1.E0,0.E0));
#1025=DIRECTION('',(-1.E0,0.E0,0.E0));
#1026=AXIS2_PLACEMENT_3D('',#1023,#1024,#1025);
#1028=DIRECTION('',(0.E0,0.E0,1.E0));
#1029=VECTOR('',#1028,1.E-1);
#1030=CARTESIAN_POINT('',(2.975E0,-1.1E0,-3.1E0));
#1031=LINE('',#1030,#1029);
#1032=DIRECTION('',(1.E0,0.E0,0.E0));
#1033=VECTOR('',#1032,7.5E-1);
#1034=CARTESIAN_POINT('',(2.125E0,-1.1E0,-3.2E0));
#1035=LINE('',#1034,#1033);
#1036=DIRECTION('',(0.E0,0.E0,-1.E0));
#1037=VECTOR('',#1036,1.75E0);
#1038=CARTESIAN_POINT('',(2.025E0,-1.1E0,-1.35E0));
#1039=LINE('',#1038,#1037);
#1040=CARTESIAN_POINT('',(1.925E0,-1.1E0,-1.35E0));
#1041=DIRECTION('',(0.E0,1.E0,0.E0));
#1042=DIRECTION('',(0.E0,0.E0,1.E0));
#1043=AXIS2_PLACEMENT_3D('',#1040,#1041,#1042);
#1045=DIRECTION('',(1.E0,0.E0,0.E0));
#1046=VECTOR('',#1045,5.E-2);
#1047=CARTESIAN_POINT('',(1.875E0,-1.1E0,-1.25E0));
#1048=LINE('',#1047,#1046);
#1049=DIRECTION('',(0.E0,0.E0,-1.E0));
#1050=VECTOR('',#1049,5.E-2);
#1051=CARTESIAN_POINT('',(1.775E0,-1.1E0,-1.1E0));
#1052=LINE('',#1051,#1050);
#1053=DIRECTION('',(-1.E0,0.E0,0.E0));
#1054=VECTOR('',#1053,5.E-2);
#1055=CARTESIAN_POINT('',(1.925E0,-1.1E0,-1.E0));
#1056=LINE('',#1055,#1054);
#1057=CARTESIAN_POINT('',(1.925E0,-1.1E0,-9.E-1));
#1058=DIRECTION('',(0.E0,1.E0,0.E0));
#1059=DIRECTION('',(1.E0,0.E0,0.E0));
#1060=AXIS2_PLACEMENT_3D('',#1057,#1058,#1059);
#1062=DIRECTION('',(0.E0,0.E0,-1.E0));
#1063=VECTOR('',#1062,3.231174209354E-1);
#1064=CARTESIAN_POINT('',(2.025E0,-1.1E0,-5.768825790646E-1));
#1065=LINE('',#1064,#1063);
#1066=DIRECTION('',(1.E0,0.E0,0.E0));
#1067=VECTOR('',#1066,7.E-1);
#1068=CARTESIAN_POINT('',(2.025E0,-1.1E0,-5.768825790646E-1));
#1069=LINE('',#1068,#1067);
#1070=DIRECTION('',(0.E0,0.E0,-1.E0));
#1071=VECTOR('',#1070,3.231174209354E-1);
#1072=CARTESIAN_POINT('',(2.725E0,-1.1E0,-5.768825790646E-1));
#1073=LINE('',#1072,#1071);
#1074=CARTESIAN_POINT('',(2.825E0,-1.1E0,-9.E-1));
#1075=DIRECTION('',(0.E0,1.E0,0.E0));
#1076=DIRECTION('',(0.E0,0.E0,-1.E0));
#1077=AXIS2_PLACEMENT_3D('',#1074,#1075,#1076);
#1079=DIRECTION('',(-1.E0,0.E0,0.E0));
#1080=VECTOR('',#1079,5.E-2);
#1081=CARTESIAN_POINT('',(2.875E0,-1.1E0,-1.E0));
#1082=LINE('',#1081,#1080);
#1083=DIRECTION('',(0.E0,0.E0,1.E0));
#1084=VECTOR('',#1083,2.E-1);
#1085=CARTESIAN_POINT('',(2.975E0,-1.1E0,-1.3E0));
#1086=LINE('',#1085,#1084);
#1087=CARTESIAN_POINT('',(3.075E0,-1.1E0,-1.3E0));
#1088=DIRECTION('',(0.E0,1.E0,0.E0));
#1089=DIRECTION('',(0.E0,0.E0,-1.E0));
#1090=AXIS2_PLACEMENT_3D('',#1087,#1088,#1089);
#1092=DIRECTION('',(-1.E0,0.E0,0.E0));
#1093=VECTOR('',#1092,1.35E-1);
#1094=CARTESIAN_POINT('',(3.21E0,-1.1E0,-1.4E0));
#1095=LINE('',#1094,#1093);
#1096=DIRECTION('',(5.426723959522E-10,-7.970761828982E-11,-1.E0));
#1097=VECTOR('',#1096,1.249999999900E0);
#1098=CARTESIAN_POINT('',(3.209999999322E0,-1.099999999900E0,
-1.500000000996E-1));
#1099=LINE('',#1098,#1097);
#1100=DIRECTION('',(-1.E0,-1.156222919422E-13,1.156093220470E-13));
#1101=VECTOR('',#1100,6.419999999963E0);
#1102=CARTESIAN_POINT('',(3.209999999322E0,-1.099999999900E0,
-1.500000000996E-1));
#1103=LINE('',#1102,#1101);
#1104=DIRECTION('',(1.E0,0.E0,0.E0));
#1105=VECTOR('',#1104,1.35E-1);
#1106=CARTESIAN_POINT('',(-3.21E0,-1.1E0,-1.4E0));
#1107=LINE('',#1106,#1105);
#1108=CARTESIAN_POINT('',(-3.075E0,-1.1E0,-1.3E0));
#1109=DIRECTION('',(0.E0,1.E0,0.E0));
#1110=DIRECTION('',(1.E0,0.E0,0.E0));
#1111=AXIS2_PLACEMENT_3D('',#1108,#1109,#1110);
#1113=DIRECTION('',(0.E0,0.E0,-1.E0));
#1114=VECTOR('',#1113,2.E-1);
#1115=CARTESIAN_POINT('',(-2.975E0,-1.1E0,-1.1E0));
#1116=LINE('',#1115,#1114);
#1117=DIRECTION('',(-1.E0,0.E0,0.E0));
#1118=VECTOR('',#1117,5.E-2);
#1119=CARTESIAN_POINT('',(-2.825E0,-1.1E0,-1.E0));
#1120=LINE('',#1119,#1118);
#1121=CARTESIAN_POINT('',(-2.825E0,-1.1E0,-9.E-1));
#1122=DIRECTION('',(0.E0,1.E0,0.E0));
#1123=DIRECTION('',(1.E0,0.E0,0.E0));
#1124=AXIS2_PLACEMENT_3D('',#1121,#1122,#1123);
#1126=DIRECTION('',(0.E0,0.E0,-1.E0));
#1127=VECTOR('',#1126,3.231174209354E-1);
#1128=CARTESIAN_POINT('',(-2.725E0,-1.1E0,-5.768825790646E-1));
#1129=LINE('',#1128,#1127);
#1130=DIRECTION('',(1.E0,0.E0,0.E0));
#1131=VECTOR('',#1130,7.E-1);
#1132=CARTESIAN_POINT('',(-2.725E0,-1.1E0,-5.768825790646E-1));
#1133=LINE('',#1132,#1131);
#1134=DIRECTION('',(0.E0,0.E0,-1.E0));
#1135=VECTOR('',#1134,3.231174209354E-1);
#1136=CARTESIAN_POINT('',(-2.025E0,-1.1E0,-5.768825790646E-1));
#1137=LINE('',#1136,#1135);
#1138=CARTESIAN_POINT('',(-1.925E0,-1.1E0,-9.E-1));
#1139=DIRECTION('',(0.E0,1.E0,0.E0));
#1140=DIRECTION('',(0.E0,0.E0,-1.E0));
#1141=AXIS2_PLACEMENT_3D('',#1138,#1139,#1140);
#1143=DIRECTION('',(-1.E0,0.E0,0.E0));
#1144=VECTOR('',#1143,5.E-2);
#1145=CARTESIAN_POINT('',(-1.875E0,-1.1E0,-1.E0));
#1146=LINE('',#1145,#1144);
#1147=DIRECTION('',(0.E0,0.E0,1.E0));
#1148=VECTOR('',#1147,5.E-2);
#1149=CARTESIAN_POINT('',(-1.775E0,-1.1E0,-1.15E0));
#1150=LINE('',#1149,#1148);
#1151=DIRECTION('',(1.E0,0.E0,0.E0));
#1152=VECTOR('',#1151,5.E-2);
#1153=CARTESIAN_POINT('',(-1.925E0,-1.1E0,-1.25E0));
#1154=LINE('',#1153,#1152);
#1155=CARTESIAN_POINT('',(-1.925E0,-1.1E0,-1.35E0));
#1156=DIRECTION('',(0.E0,1.E0,0.E0));
#1157=DIRECTION('',(-1.E0,0.E0,0.E0));
#1158=AXIS2_PLACEMENT_3D('',#1155,#1156,#1157);
#1160=DIRECTION('',(0.E0,0.E0,1.E0));
#1161=VECTOR('',#1160,1.75E0);
#1162=CARTESIAN_POINT('',(-2.025E0,-1.1E0,-3.1E0));
#1163=LINE('',#1162,#1161);
#1164=DIRECTION('',(1.E0,0.E0,0.E0));
#1165=VECTOR('',#1164,7.5E-1);
#1166=CARTESIAN_POINT('',(-2.875E0,-1.1E0,-3.2E0));
#1167=LINE('',#1166,#1165);
#1168=DIRECTION('',(0.E0,0.E0,-1.E0));
#1169=VECTOR('',#1168,1.E-1);
#1170=CARTESIAN_POINT('',(-2.975E0,-1.1E0,-3.E0));
#1171=LINE('',#1170,#1169);
#1172=CARTESIAN_POINT('',(-3.075E0,-1.1E0,-3.E0));
#1173=DIRECTION('',(0.E0,1.E0,0.E0));
#1174=DIRECTION('',(0.E0,0.E0,1.E0));
#1175=AXIS2_PLACEMENT_3D('',#1172,#1173,#1174);
#1177=DIRECTION('',(1.E0,0.E0,0.E0));
#1178=VECTOR('',#1177,1.35E-1);
#1179=CARTESIAN_POINT('',(-3.21E0,-1.1E0,-2.9E0));
#1180=LINE('',#1179,#1178);
#1181=DIRECTION('',(1.E0,0.E0,0.E0));
#1182=VECTOR('',#1181,1.42E0);
#1183=CARTESIAN_POINT('',(-3.21E0,-1.1E0,-3.9E0));
#1184=LINE('',#1183,#1182);
#1185=DIRECTION('',(0.E0,0.E0,-1.E0));
#1186=VECTOR('',#1185,4.E-1);
#1187=CARTESIAN_POINT('',(-1.79E0,-1.1E0,-3.5E0));
#1188=LINE('',#1187,#1186);
#1189=DIRECTION('',(-1.E0,0.E0,0.E0));
#1190=VECTOR('',#1189,5.E-2);
#1191=CARTESIAN_POINT('',(-1.74E0,-1.1E0,-3.5E0));
#1192=LINE('',#1191,#1190);
#1193=DIRECTION('',(0.E0,1.E0,0.E0));
#1194=VECTOR('',#1193,3.E-1);
#1195=CARTESIAN_POINT('',(1.79E0,-1.4E0,-3.9E0));
#1196=LINE('',#1195,#1194);
#1197=CARTESIAN_POINT('',(3.075E0,-1.4E0,-1.3E0));
#1198=DIRECTION('',(0.E0,-1.E0,0.E0));
#1199=DIRECTION('',(-1.E0,0.E0,0.E0));
#1200=AXIS2_PLACEMENT_3D('',#1197,#1198,#1199);
#1202=DIRECTION('',(0.E0,0.E0,1.E0));
#1203=VECTOR('',#1202,2.E-1);
#1204=CARTESIAN_POINT('',(2.975E0,-1.4E0,-1.3E0));
#1205=LINE('',#1204,#1203);
#1206=DIRECTION('',(-1.E0,0.E0,0.E0));
#1207=VECTOR('',#1206,5.E-2);
#1208=CARTESIAN_POINT('',(2.875E0,-1.4E0,-1.E0));
#1209=LINE('',#1208,#1207);
#1210=CARTESIAN_POINT('',(2.825E0,-1.4E0,-9.E-1));
#1211=DIRECTION('',(0.E0,-1.E0,0.E0));
#1212=DIRECTION('',(-9.724941252444E-1,0.E0,-2.329274057836E-1));
#1213=AXIS2_PLACEMENT_3D('',#1210,#1211,#1212);
#1215=DIRECTION('',(1.E0,8.072624735558E-14,2.018156183889E-13));
#1216=VECTOR('',#1215,2.750587475558E-3);
#1217=CARTESIAN_POINT('',(2.725E0,-1.4E0,-9.232927405784E-1));
#1218=LINE('',#1217,#1216);
#1219=DIRECTION('',(0.E0,0.E0,-1.E0));
#1220=VECTOR('',#1219,3.464101615138E-1);
#1221=CARTESIAN_POINT('',(2.725E0,-1.4E0,-5.768825790646E-1));
#1222=LINE('',#1221,#1220);
#1223=DIRECTION('',(1.E0,0.E0,0.E0));
#1224=VECTOR('',#1223,7.E-1);
#1225=CARTESIAN_POINT('',(2.025E0,-1.4E0,-5.768825790646E-1));
#1226=LINE('',#1225,#1224);
#1227=DIRECTION('',(0.E0,0.E0,-1.E0));
#1228=VECTOR('',#1227,3.464101615138E-1);
#1229=CARTESIAN_POINT('',(2.025E0,-1.4E0,-5.768825790646E-1));
#1230=LINE('',#1229,#1228);
#1231=DIRECTION('',(-1.E0,0.E0,2.018156183889E-13));
#1232=VECTOR('',#1231,2.750587475558E-3);
#1233=CARTESIAN_POINT('',(2.025E0,-1.4E0,-9.232927405784E-1));
#1234=LINE('',#1233,#1232);
#1235=CARTESIAN_POINT('',(1.925E0,-1.4E0,-9.E-1));
#1236=DIRECTION('',(0.E0,-1.E0,0.E0));
#1237=DIRECTION('',(0.E0,0.E0,-1.E0));
#1238=AXIS2_PLACEMENT_3D('',#1235,#1236,#1237);
#1240=DIRECTION('',(-1.E0,0.E0,0.E0));
#1241=VECTOR('',#1240,5.E-2);
#1242=CARTESIAN_POINT('',(1.925E0,-1.4E0,-1.E0));
#1243=LINE('',#1242,#1241);
#1244=DIRECTION('',(0.E0,0.E0,-1.E0));
#1245=VECTOR('',#1244,5.E-2);
#1246=CARTESIAN_POINT('',(1.775E0,-1.4E0,-1.1E0));
#1247=LINE('',#1246,#1245);
#1248=DIRECTION('',(1.E0,0.E0,0.E0));
#1249=VECTOR('',#1248,5.E-2);
#1250=CARTESIAN_POINT('',(1.875E0,-1.4E0,-1.25E0));
#1251=LINE('',#1250,#1249);
#1252=CARTESIAN_POINT('',(1.925E0,-1.4E0,-1.35E0));
#1253=DIRECTION('',(0.E0,-1.E0,0.E0));
#1254=DIRECTION('',(1.E0,0.E0,0.E0));
#1255=AXIS2_PLACEMENT_3D('',#1252,#1253,#1254);
#1257=DIRECTION('',(0.E0,0.E0,-1.E0));
#1258=VECTOR('',#1257,1.75E0);
#1259=CARTESIAN_POINT('',(2.025E0,-1.4E0,-1.35E0));
#1260=LINE('',#1259,#1258);
#1261=DIRECTION('',(1.E0,0.E0,0.E0));
#1262=VECTOR('',#1261,7.5E-1);
#1263=CARTESIAN_POINT('',(2.125E0,-1.4E0,-3.2E0));
#1264=LINE('',#1263,#1262);
#1265=DIRECTION('',(0.E0,0.E0,1.E0));
#1266=VECTOR('',#1265,1.E-1);
#1267=CARTESIAN_POINT('',(2.975E0,-1.4E0,-3.1E0));
#1268=LINE('',#1267,#1266);
#1269=CARTESIAN_POINT('',(3.075E0,-1.4E0,-3.E0));
#1270=DIRECTION('',(0.E0,-1.E0,0.E0));
#1271=DIRECTION('',(0.E0,0.E0,1.E0));
#1272=AXIS2_PLACEMENT_3D('',#1269,#1270,#1271);
#1274=DIRECTION('',(-1.E0,0.E0,0.E0));
#1275=VECTOR('',#1274,1.35E-1);
#1276=CARTESIAN_POINT('',(3.21E0,-1.4E0,-2.9E0));
#1277=LINE('',#1276,#1275);
#1278=DIRECTION('',(-1.E0,0.E0,0.E0));
#1279=VECTOR('',#1278,1.42E0);
#1280=CARTESIAN_POINT('',(3.21E0,-1.4E0,-3.9E0));
#1281=LINE('',#1280,#1279);
#1282=DIRECTION('',(0.E0,0.E0,1.E0));
#1283=VECTOR('',#1282,4.E-1);
#1284=CARTESIAN_POINT('',(1.79E0,-1.4E0,-3.9E0));
#1285=LINE('',#1284,#1283);
#1286=DIRECTION('',(-1.E0,0.E0,0.E0));
#1287=VECTOR('',#1286,3.58E0);
#1288=CARTESIAN_POINT('',(1.79E0,-1.4E0,-3.5E0));
#1289=LINE('',#1288,#1287);
#1290=DIRECTION('',(0.E0,0.E0,-1.E0));
#1291=VECTOR('',#1290,4.E-1);
#1292=CARTESIAN_POINT('',(-1.79E0,-1.4E0,-3.5E0));
#1293=LINE('',#1292,#1291);
#1294=DIRECTION('',(1.E0,0.E0,0.E0));
#1295=VECTOR('',#1294,1.42E0);
#1296=CARTESIAN_POINT('',(-3.21E0,-1.4E0,-3.9E0));
#1297=LINE('',#1296,#1295);
#1298=DIRECTION('',(0.E0,0.E0,-1.E0));
#1299=VECTOR('',#1298,1.E0);
#1300=CARTESIAN_POINT('',(-3.21E0,-1.4E0,-2.9E0));
#1301=LINE('',#1300,#1299);
#1302=DIRECTION('',(1.E0,0.E0,0.E0));
#1303=VECTOR('',#1302,1.35E-1);
#1304=CARTESIAN_POINT('',(-3.21E0,-1.4E0,-2.9E0));
#1305=LINE('',#1304,#1303);
#1306=CARTESIAN_POINT('',(-3.075E0,-1.4E0,-3.E0));
#1307=DIRECTION('',(0.E0,-1.E0,0.E0));
#1308=DIRECTION('',(1.E0,0.E0,0.E0));
#1309=AXIS2_PLACEMENT_3D('',#1306,#1307,#1308);
#1311=DIRECTION('',(0.E0,0.E0,-1.E0));
#1312=VECTOR('',#1311,1.E-1);
#1313=CARTESIAN_POINT('',(-2.975E0,-1.4E0,-3.E0));
#1314=LINE('',#1313,#1312);
#1315=DIRECTION('',(1.E0,0.E0,0.E0));
#1316=VECTOR('',#1315,7.5E-1);
#1317=CARTESIAN_POINT('',(-2.875E0,-1.4E0,-3.2E0));
#1318=LINE('',#1317,#1316);
#1319=DIRECTION('',(0.E0,0.E0,1.E0));
#1320=VECTOR('',#1319,1.75E0);
#1321=CARTESIAN_POINT('',(-2.025E0,-1.4E0,-3.1E0));
#1322=LINE('',#1321,#1320);
#1323=CARTESIAN_POINT('',(-1.925E0,-1.4E0,-1.35E0));
#1324=DIRECTION('',(0.E0,-1.E0,0.E0));
#1325=DIRECTION('',(0.E0,0.E0,1.E0));
#1326=AXIS2_PLACEMENT_3D('',#1323,#1324,#1325);
#1328=DIRECTION('',(1.E0,0.E0,0.E0));
#1329=VECTOR('',#1328,5.E-2);
#1330=CARTESIAN_POINT('',(-1.925E0,-1.4E0,-1.25E0));
#1331=LINE('',#1330,#1329);
#1332=DIRECTION('',(0.E0,0.E0,1.E0));
#1333=VECTOR('',#1332,5.E-2);
#1334=CARTESIAN_POINT('',(-1.775E0,-1.4E0,-1.15E0));
#1335=LINE('',#1334,#1333);
#1336=DIRECTION('',(-1.E0,0.E0,0.E0));
#1337=VECTOR('',#1336,5.E-2);
#1338=CARTESIAN_POINT('',(-1.875E0,-1.4E0,-1.E0));
#1339=LINE('',#1338,#1337);
#1340=CARTESIAN_POINT('',(-1.925E0,-1.4E0,-9.E-1));
#1341=DIRECTION('',(0.E0,-1.E0,0.E0));
#1342=DIRECTION('',(-9.724941252444E-1,0.E0,-2.329274057836E-1));
#1343=AXIS2_PLACEMENT_3D('',#1340,#1341,#1342);
#1345=DIRECTION('',(1.E0,0.E0,-4.036312367778E-14));
#1346=VECTOR('',#1345,2.750587475558E-3);
#1347=CARTESIAN_POINT('',(-2.025E0,-1.4E0,-9.232927405784E-1));
#1348=LINE('',#1347,#1346);
#1349=DIRECTION('',(0.E0,0.E0,-1.E0));
#1350=VECTOR('',#1349,3.464101615138E-1);
#1351=CARTESIAN_POINT('',(-2.025E0,-1.4E0,-5.768825790646E-1));
#1352=LINE('',#1351,#1350);
#1353=DIRECTION('',(-1.E0,0.E0,0.E0));
#1354=VECTOR('',#1353,7.E-1);
#1355=CARTESIAN_POINT('',(-2.025E0,-1.4E0,-5.768825790646E-1));
#1356=LINE('',#1355,#1354);
#1357=DIRECTION('',(0.E0,0.E0,-1.E0));
#1358=VECTOR('',#1357,3.464101615138E-1);
#1359=CARTESIAN_POINT('',(-2.725E0,-1.4E0,-5.768825790646E-1));
#1360=LINE('',#1359,#1358);
#1361=DIRECTION('',(-1.E0,-8.072624735558E-14,0.E0));
#1362=VECTOR('',#1361,2.750587475558E-3);
#1363=CARTESIAN_POINT('',(-2.725E0,-1.4E0,-9.232927405784E-1));
#1364=LINE('',#1363,#1362);
#1365=CARTESIAN_POINT('',(-2.825E0,-1.4E0,-9.E-1));
#1366=DIRECTION('',(0.E0,-1.E0,0.E0));
#1367=DIRECTION('',(0.E0,0.E0,-1.E0));
#1368=AXIS2_PLACEMENT_3D('',#1365,#1366,#1367);
#1370=DIRECTION('',(-1.E0,0.E0,0.E0));
#1371=VECTOR('',#1370,5.E-2);
#1372=CARTESIAN_POINT('',(-2.825E0,-1.4E0,-1.E0));
#1373=LINE('',#1372,#1371);
#1374=DIRECTION('',(0.E0,0.E0,-1.E0));
#1375=VECTOR('',#1374,2.E-1);
#1376=CARTESIAN_POINT('',(-2.975E0,-1.4E0,-1.1E0));
#1377=LINE('',#1376,#1375);
#1378=CARTESIAN_POINT('',(-3.075E0,-1.4E0,-1.3E0));
#1379=DIRECTION('',(0.E0,-1.E0,0.E0));
#1380=DIRECTION('',(0.E0,0.E0,-1.E0));
#1381=AXIS2_PLACEMENT_3D('',#1378,#1379,#1380);
#1383=DIRECTION('',(1.E0,0.E0,0.E0));
#1384=VECTOR('',#1383,1.35E-1);
#1385=CARTESIAN_POINT('',(-3.21E0,-1.4E0,-1.4E0));
#1386=LINE('',#1385,#1384);
#1387=DIRECTION('',(0.E0,0.E0,-1.E0));
#1388=VECTOR('',#1387,1.4E0);
#1389=CARTESIAN_POINT('',(-3.21E0,-1.4E0,0.E0));
#1390=LINE('',#1389,#1388);
#1391=DIRECTION('',(-1.E0,0.E0,0.E0));
#1392=VECTOR('',#1391,1.35E-1);
#1393=CARTESIAN_POINT('',(3.21E0,-1.4E0,-1.4E0));
#1394=LINE('',#1393,#1392);
#1395=DIRECTION('',(0.E0,-1.E0,0.E0));
#1396=VECTOR('',#1395,3.E-1);
#1397=CARTESIAN_POINT('',(3.075E0,-1.1E0,-1.4E0));
#1398=LINE('',#1397,#1396);
#1399=DIRECTION('',(1.E0,0.E0,0.E0));
#1400=VECTOR('',#1399,3.E-1);
#1401=CARTESIAN_POINT('',(3.46E0,-4.5E-1,-1.4E0));
#1402=LINE('',#1401,#1400);
#1403=CARTESIAN_POINT('',(3.21E0,-8.5E-1,-1.4E0));
#1404=DIRECTION('',(0.E0,0.E0,1.E0));
#1405=DIRECTION('',(0.E0,-1.E0,0.E0));
#1406=AXIS2_PLACEMENT_3D('',#1403,#1404,#1405);
#1408=DIRECTION('',(0.E0,0.E0,-1.E0));
#1409=VECTOR('',#1408,1.4E0);
#1410=CARTESIAN_POINT('',(3.21E0,-1.4E0,0.E0));
#1411=LINE('',#1410,#1409);
#1412=DIRECTION('',(1.358836212472E-10,0.E0,-1.E0));
#1413=VECTOR('',#1412,1.149999607957E0);
#1414=CARTESIAN_POINT('',(3.76E0,-8.5E-1,-2.9E0));
#1415=LINE('',#1414,#1413);
#1416=CARTESIAN_POINT('',(3.21E0,-8.5E-1,-3.9E0));
#1417=DIRECTION('',(0.E0,0.E0,1.E0));
#1418=DIRECTION('',(0.E0,-1.E0,0.E0));
#1419=AXIS2_PLACEMENT_3D('',#1416,#1417,#1418);
#1421=DIRECTION('',(0.E0,0.E0,-1.E0));
#1422=VECTOR('',#1421,1.E0);
#1423=CARTESIAN_POINT('',(3.21E0,-1.4E0,-2.9E0));
#1424=LINE('',#1423,#1422);
#1425=CARTESIAN_POINT('',(3.21E0,-8.5E-1,-2.9E0));
#1426=DIRECTION('',(0.E0,0.E0,1.E0));
#1427=DIRECTION('',(0.E0,-1.E0,0.E0));
#1428=AXIS2_PLACEMENT_3D('',#1425,#1426,#1427);
#1430=DIRECTION('',(0.E0,1.E0,0.E0));
#1431=VECTOR('',#1430,4.E-1);
#1432=CARTESIAN_POINT('',(3.76E0,-8.5E-1,-2.9E0));
#1433=LINE('',#1432,#1431);
#1434=DIRECTION('',(0.E0,0.E0,-1.E0));
#1435=VECTOR('',#1434,1.E-1);
#1436=CARTESIAN_POINT('',(3.76E0,-3.5E-1,-2.7E0));
#1437=LINE('',#1436,#1435);
#1438=DIRECTION('',(0.E0,0.E0,1.E0));
#1439=VECTOR('',#1438,9.E-1);
#1440=CARTESIAN_POINT('',(3.76E0,-6.87E-1,-2.6E0));
#1441=LINE('',#1440,#1439);
#1442=DIRECTION('',(0.E0,0.E0,-1.E0));
#1443=VECTOR('',#1442,1.E-1);
#1444=CARTESIAN_POINT('',(3.76E0,-3.5E-1,-1.5E0));
#1445=LINE('',#1444,#1443);
#1446=DIRECTION('',(0.E0,1.E0,0.E0));
#1447=VECTOR('',#1446,4.E-1);
#1448=CARTESIAN_POINT('',(3.76E0,-8.5E-1,-1.4E0));
#1449=LINE('',#1448,#1447);
#1450=DIRECTION('',(0.E0,0.E0,-1.E0));
#1451=VECTOR('',#1450,1.4E0);
#1452=CARTESIAN_POINT('',(3.76E0,-8.5E-1,0.E0));
#1453=LINE('',#1452,#1451);
#1454=DIRECTION('',(3.125293127387E-10,0.E0,1.E0));
#1455=VECTOR('',#1454,5.000003920434E-1);
#1456=CARTESIAN_POINT('',(3.76E0,-8.5E-1,-4.55E0));
#1457=LINE('',#1456,#1455);
#1458=DIRECTION('',(0.E0,-1.E0,0.E0));
#1459=VECTOR('',#1458,3.E-1);
#1460=CARTESIAN_POINT('',(3.075E0,-1.1E0,-2.9E0));
#1461=LINE('',#1460,#1459);
#1462=DIRECTION('',(-1.E0,0.E0,0.E0));
#1463=VECTOR('',#1462,3.E-1);
#1464=CARTESIAN_POINT('',(3.76E0,-4.5E-1,-2.9E0));
#1465=LINE('',#1464,#1463);
#1466=DIRECTION('',(0.E0,-1.E0,0.E0));
#1467=VECTOR('',#1466,3.E-1);
#1468=CARTESIAN_POINT('',(2.975E0,-1.1E0,-3.E0));
#1469=LINE('',#1468,#1467);
#1470=DIRECTION('',(0.E0,1.E0,0.E0));
#1471=VECTOR('',#1470,3.E-1);
#1472=CARTESIAN_POINT('',(2.975E0,-1.4E0,-3.1E0));
#1473=LINE('',#1472,#1471);
#1474=CARTESIAN_POINT('',(2.875E0,-1.4E0,-3.1E0));
#1475=DIRECTION('',(0.E0,1.E0,0.E0));
#1476=DIRECTION('',(1.E0,0.E0,0.E0));
#1477=AXIS2_PLACEMENT_3D('',#1474,#1475,#1476);
#1479=CARTESIAN_POINT('',(2.875E0,-1.1E0,-3.1E0));
#1480=DIRECTION('',(0.E0,-1.E0,0.E0));
#1481=DIRECTION('',(0.E0,0.E0,-1.E0));
#1482=AXIS2_PLACEMENT_3D('',#1479,#1480,#1481);
#1484=DIRECTION('',(0.E0,1.E0,0.E0));
#1485=VECTOR('',#1484,3.E-1);
#1486=CARTESIAN_POINT('',(2.875E0,-1.4E0,-3.2E0));
#1487=LINE('',#1486,#1485);
#1488=DIRECTION('',(0.E0,1.E0,0.E0));
#1489=VECTOR('',#1488,3.E-1);
#1490=CARTESIAN_POINT('',(2.125E0,-1.4E0,-3.2E0));
#1491=LINE('',#1490,#1489);
#1492=CARTESIAN_POINT('',(2.125E0,-1.4E0,-3.1E0));
#1493=DIRECTION('',(0.E0,1.E0,0.E0));
#1494=DIRECTION('',(0.E0,0.E0,-1.E0));
#1495=AXIS2_PLACEMENT_3D('',#1492,#1493,#1494);
#1497=CARTESIAN_POINT('',(2.125E0,-1.1E0,-3.1E0));
#1498=DIRECTION('',(0.E0,-1.E0,0.E0));
#1499=DIRECTION('',(-1.E0,0.E0,0.E0));
#1500=AXIS2_PLACEMENT_3D('',#1497,#1498,#1499);
#1502=DIRECTION('',(0.E0,-1.E0,0.E0));
#1503=VECTOR('',#1502,3.E-1);
#1504=CARTESIAN_POINT('',(2.025E0,-1.1E0,-1.35E0));
#1505=LINE('',#1504,#1503);
#1506=DIRECTION('',(0.E0,1.E0,0.E0));
#1507=VECTOR('',#1506,3.E-1);
#1508=CARTESIAN_POINT('',(2.025E0,-1.4E0,-3.1E0));
#1509=LINE('',#1508,#1507);
#1510=DIRECTION('',(0.E0,-1.E0,0.E0));
#1511=VECTOR('',#1510,3.E-1);
#1512=CARTESIAN_POINT('',(1.925E0,-1.1E0,-1.25E0));
#1513=LINE('',#1512,#1511);
#1514=DIRECTION('',(0.E0,1.E0,0.E0));
#1515=VECTOR('',#1514,3.E-1);
#1516=CARTESIAN_POINT('',(1.875E0,-1.4E0,-1.25E0));
#1517=LINE('',#1516,#1515);
#1518=CARTESIAN_POINT('',(1.875E0,-1.4E0,-1.15E0));
#1519=DIRECTION('',(0.E0,1.E0,0.E0));
#1520=DIRECTION('',(0.E0,0.E0,-1.E0));
#1521=AXIS2_PLACEMENT_3D('',#1518,#1519,#1520);
#1523=CARTESIAN_POINT('',(1.875E0,-1.1E0,-1.15E0));
#1524=DIRECTION('',(0.E0,-1.E0,0.E0));
#1525=DIRECTION('',(-1.E0,0.E0,0.E0));
#1526=AXIS2_PLACEMENT_3D('',#1523,#1524,#1525);
#1528=DIRECTION('',(0.E0,1.E0,0.E0));
#1529=VECTOR('',#1528,3.E-1);
#1530=CARTESIAN_POINT('',(1.775E0,-1.4E0,-1.1E0));
#1531=LINE('',#1530,#1529);
#1532=DIRECTION('',(0.E0,1.E0,0.E0));
#1533=VECTOR('',#1532,3.E-1);
#1534=CARTESIAN_POINT('',(1.775E0,-1.4E0,-1.15E0));
#1535=LINE('',#1534,#1533);
#1536=CARTESIAN_POINT('',(1.875E0,-1.4E0,-1.1E0));
#1537=DIRECTION('',(0.E0,1.E0,0.E0));
#1538=DIRECTION('',(-1.E0,0.E0,0.E0));
#1539=AXIS2_PLACEMENT_3D('',#1536,#1537,#1538);
#1541=CARTESIAN_POINT('',(1.875E0,-1.1E0,-1.1E0));
#1542=DIRECTION('',(0.E0,-1.E0,0.E0));
#1543=DIRECTION('',(0.E0,0.E0,1.E0));
#1544=AXIS2_PLACEMENT_3D('',#1541,#1542,#1543);
#1546=DIRECTION('',(0.E0,-1.E0,0.E0));
#1547=VECTOR('',#1546,3.E-1);
#1548=CARTESIAN_POINT('',(1.925E0,-1.1E0,-1.E0));
#1549=LINE('',#1548,#1547);
#1550=DIRECTION('',(0.E0,1.E0,0.E0));
#1551=VECTOR('',#1550,3.E-1);
#1552=CARTESIAN_POINT('',(1.875E0,-1.4E0,-1.E0));
#1553=LINE('',#1552,#1551);
#1554=DIRECTION('',(0.E0,1.E0,0.E0));
#1555=VECTOR('',#1554,3.E-1);
#1556=CARTESIAN_POINT('',(2.825E0,-1.4E0,-1.E0));
#1557=LINE('',#1556,#1555);
#1558=DIRECTION('',(0.E0,1.E0,0.E0));
#1559=VECTOR('',#1558,3.E-1);
#1560=CARTESIAN_POINT('',(2.875E0,-1.4E0,-1.E0));
#1561=LINE('',#1560,#1559);
#1562=CARTESIAN_POINT('',(2.022249412524E0,-1.4E0,-9.232927405784E-1));
#1563=CARTESIAN_POINT('',(2.024102381026E0,-1.386600300441E0,
-9.155564204308E-1));
#1564=CARTESIAN_POINT('',(2.025E0,-1.373151236046E0,-9.077915994823E-1));
#1565=CARTESIAN_POINT('',(2.025E0,-1.359655789871E0,-9.E-1));
#1567=CARTESIAN_POINT('',(2.725E0,-1.359655789871E0,-9.E-1));
#1568=CARTESIAN_POINT('',(2.725E0,-1.373151236046E0,-9.077915994823E-1));
#1569=CARTESIAN_POINT('',(2.725897618974E0,-1.386600300441E0,
-9.155564204308E-1));
#1570=CARTESIAN_POINT('',(2.727750587476E0,-1.4E0,-9.232927405784E-1));
#1572=DIRECTION('',(-1.E0,0.E0,0.E0));
#1573=VECTOR('',#1572,7.E-1);
#1574=CARTESIAN_POINT('',(2.725E0,-1.25E0,-8.366902001999E-1));
#1575=LINE('',#1574,#1573);
#1576=DIRECTION('',(1.E0,0.E0,0.E0));
#1577=VECTOR('',#1576,7.E-1);
#1578=CARTESIAN_POINT('',(2.025E0,-1.446258330249E0,-9.5E-1));
#1579=LINE('',#1578,#1577);
#1580=DIRECTION('',(0.E0,8.660254037844E-1,5.E-1));
#1581=VECTOR('',#1580,5.341451884327E-2);
#1582=CARTESIAN_POINT('',(2.725E0,-1.446258330249E0,-9.5E-1));
#1583=LINE('',#1582,#1581);
#1584=DIRECTION('',(0.E0,5.E-1,-8.660254037844E-1));
#1585=VECTOR('',#1584,2.774833395016E-1);
#1586=CARTESIAN_POINT('',(2.725E0,-1.585E0,-7.096923788647E-1));
#1587=LINE('',#1586,#1585);
#1588=DIRECTION('',(0.E0,0.E0,-1.E0));
#1589=VECTOR('',#1588,2.6E-2);
#1590=CARTESIAN_POINT('',(2.725E0,-1.585E0,-6.836923788647E-1));
#1591=LINE('',#1590,#1589);
#1592=DIRECTION('',(0.E0,-8.660254037844E-1,-5.E-1));
#1593=VECTOR('',#1592,2.136195996002E-1);
#1594=CARTESIAN_POINT('',(2.725E0,-1.4E0,-5.768825790646E-1));
#1595=LINE('',#1594,#1593);
#1596=DIRECTION('',(1.E0,0.E0,0.E0));
#1597=VECTOR('',#1596,7.E-1);
#1598=CARTESIAN_POINT('',(2.025E0,-1.585E0,-7.096923788647E-1));
#1599=LINE('',#1598,#1597);
#1600=DIRECTION('',(0.E0,-8.660254037844E-1,-5.E-1));
#1601=VECTOR('',#1600,2.136195996002E-1);
#1602=CARTESIAN_POINT('',(2.025E0,-1.4E0,-5.768825790646E-1));
#1603=LINE('',#1602,#1601);
#1604=DIRECTION('',(0.E0,0.E0,-1.E0));
#1605=VECTOR('',#1604,2.6E-2);
#1606=CARTESIAN_POINT('',(2.025E0,-1.585E0,-6.836923788647E-1));
#1607=LINE('',#1606,#1605);
#1608=DIRECTION('',(0.E0,5.E-1,-8.660254037844E-1));
#1609=VECTOR('',#1608,2.774833395016E-1);
#1610=CARTESIAN_POINT('',(2.025E0,-1.585E0,-7.096923788647E-1));
#1611=LINE('',#1610,#1609);
#1612=DIRECTION('',(0.E0,8.660254037844E-1,5.E-1));
#1613=VECTOR('',#1612,5.341451884327E-2);
#1614=CARTESIAN_POINT('',(2.025E0,-1.446258330249E0,-9.5E-1));
#1615=LINE('',#1614,#1613);
#1616=DIRECTION('',(1.E0,0.E0,0.E0));
#1617=VECTOR('',#1616,7.E-1);
#1618=CARTESIAN_POINT('',(2.025E0,-1.585E0,-6.836923788647E-1));
#1619=LINE('',#1618,#1617);
#1620=DIRECTION('',(0.E0,1.E0,0.E0));
#1621=VECTOR('',#1620,2.596557898708E-1);
#1622=CARTESIAN_POINT('',(2.725E0,-1.359655789871E0,-9.E-1));
#1623=LINE('',#1622,#1621);
#1624=CARTESIAN_POINT('',(2.725E0,-1.4E0,-5.768825790646E-1));
#1625=DIRECTION('',(-1.E0,0.E0,0.E0));
#1626=DIRECTION('',(0.E0,1.E0,-1.110223024625E-14));
#1627=AXIS2_PLACEMENT_3D('',#1624,#1625,#1626);
#1629=DIRECTION('',(0.E0,-8.660254037844E-1,-5.E-1));
#1630=VECTOR('',#1629,1.266195996002E-1);
#1631=CARTESIAN_POINT('',(2.725E0,-1.25E0,-8.366902001999E-1));
#1632=LINE('',#1631,#1630);
#1633=DIRECTION('',(0.E0,-1.E0,0.E0));
#1634=VECTOR('',#1633,2.596557898708E-1);
#1635=CARTESIAN_POINT('',(2.025E0,-1.1E0,-9.E-1));
#1636=LINE('',#1635,#1634);
#1637=DIRECTION('',(0.E0,-8.660254037844E-1,-5.E-1));
#1638=VECTOR('',#1637,1.266195996002E-1);
#1639=CARTESIAN_POINT('',(2.025E0,-1.25E0,-8.366902001999E-1));
#1640=LINE('',#1639,#1638);
#1641=CARTESIAN_POINT('',(2.025E0,-1.4E0,-5.768825790646E-1));
#1642=DIRECTION('',(-1.E0,0.E0,0.E0));
#1643=DIRECTION('',(0.E0,1.E0,-2.257453483404E-14));
#1644=AXIS2_PLACEMENT_3D('',#1641,#1642,#1643);
#1646=CARTESIAN_POINT('',(2.875E0,-1.4E0,-1.1E0));
#1647=DIRECTION('',(0.E0,1.E0,0.E0));
#1648=DIRECTION('',(0.E0,0.E0,1.E0));
#1649=AXIS2_PLACEMENT_3D('',#1646,#1647,#1648);
#1651=CARTESIAN_POINT('',(2.875E0,-1.1E0,-1.1E0));
#1652=DIRECTION('',(0.E0,-1.E0,0.E0));
#1653=DIRECTION('',(1.E0,0.E0,0.E0));
#1654=AXIS2_PLACEMENT_3D('',#1651,#1652,#1653);
#1656=DIRECTION('',(0.E0,-1.E0,0.E0));
#1657=VECTOR('',#1656,3.E-1);
#1658=CARTESIAN_POINT('',(2.975E0,-1.1E0,-1.3E0));
#1659=LINE('',#1658,#1657);
#1660=DIRECTION('',(0.E0,1.E0,0.E0));
#1661=VECTOR('',#1660,3.E-1);
#1662=CARTESIAN_POINT('',(2.975E0,-1.4E0,-1.1E0));
#1663=LINE('',#1662,#1661);
#1664=CARTESIAN_POINT('',(3.21E0,-8.5E-1,-3.9E0));
#1665=DIRECTION('',(0.E0,0.E0,1.E0));
#1666=DIRECTION('',(0.E0,-1.E0,0.E0));
#1667=AXIS2_PLACEMENT_3D('',#1664,#1665,#1666);
#1669=DIRECTION('',(-7.350187983274E-9,1.205776893587E-9,1.E0));
#1670=VECTOR('',#1669,1.149987510176E0);
#1671=CARTESIAN_POINT('',(3.460000008453E0,-8.500000013866E-1,
-4.049987510176E0));
#1672=LINE('',#1671,#1670);
#1673=CARTESIAN_POINT('',(3.21E0,-8.5E-1,-2.9E0));
#1674=DIRECTION('',(0.E0,0.E0,1.E0));
#1675=DIRECTION('',(0.E0,-1.E0,0.E0));
#1676=AXIS2_PLACEMENT_3D('',#1673,#1674,#1675);
#1678=CARTESIAN_POINT('',(3.21E0,-8.5E-1,-1.5E-1));
#1679=DIRECTION('',(0.E0,0.E0,-1.E0));
#1680=DIRECTION('',(1.E0,0.E0,0.E0));
#1681=AXIS2_PLACEMENT_3D('',#1678,#1679,#1680);
#1683=CARTESIAN_POINT('',(3.21E0,-8.5E-1,-1.4E0));
#1684=DIRECTION('',(0.E0,0.E0,1.E0));
#1685=DIRECTION('',(0.E0,-1.E0,0.E0));
#1686=AXIS2_PLACEMENT_3D('',#1683,#1684,#1685);
#1688=DIRECTION('',(7.911395983400E-11,5.131611580517E-10,-1.E0));
#1689=VECTOR('',#1688,1.249999999901E0);
#1690=CARTESIAN_POINT('',(3.459999999901E0,-8.500000006415E-1,
-1.500000000989E-1));
#1691=LINE('',#1690,#1689);
#1692=DIRECTION('',(1.E0,0.E0,0.E0));
#1693=VECTOR('',#1692,3.291502622129E-1);
#1694=CARTESIAN_POINT('',(3.41E0,-1.E0,-3.9E0));
#1695=LINE('',#1694,#1693);
#1696=CARTESIAN_POINT('',(3.460000008453E0,-8.500000013866E-1,
-4.049987510176E0));
#1697=CARTESIAN_POINT('',(3.460000008453E0,-8.500000013866E-1,
-4.037471244208E0));
#1698=CARTESIAN_POINT('',(3.460021094364E0,-8.531640060306E-1,
-4.013581295281E0));
#1699=CARTESIAN_POINT('',(3.459708007608E0,-8.645072342795E-1,
-3.983204938642E0));
#1700=CARTESIAN_POINT('',(3.458341461220E0,-8.805042302570E-1,
-3.957812971977E0));
#1701=CARTESIAN_POINT('',(3.455285279664E0,-8.999888301442E-1,
-3.936966578914E0));
#1702=CARTESIAN_POINT('',(3.449326391665E0,-9.238432673038E-1,
-3.919676459799E0));
#1703=CARTESIAN_POINT('',(3.439832388192E0,-9.497938904749E-1,
-3.907721668651E0));
#1704=CARTESIAN_POINT('',(3.426379127759E0,-9.763796611579E-1,
-3.901121633855E0));
#1705=CARTESIAN_POINT('',(3.415723730332E0,-9.923683595578E-1,-3.9E0));
#1706=CARTESIAN_POINT('',(3.41E0,-1.E0,-3.9E0));
#1708=CARTESIAN_POINT('',(3.739150262213E0,-1.E0,-3.9E0));
#1709=CARTESIAN_POINT('',(3.742798530507E0,-9.871301191721E-1,-3.9E0));
#1710=CARTESIAN_POINT('',(3.749122271888E0,-9.612274844847E-1,
-3.903264296334E0));
#1711=CARTESIAN_POINT('',(3.755413764641E0,-9.237031614386E-1,
-3.918806153160E0));
#1712=CARTESIAN_POINT('',(3.758562119816E0,-8.927577740691E-1,
-3.942783494981E0));
#1713=CARTESIAN_POINT('',(3.759797295575E0,-8.688106874373E-1,
-3.973722721089E0));
#1714=CARTESIAN_POINT('',(3.760017821706E0,-8.533205624417E-1,
-4.011039514855E0));
#1715=CARTESIAN_POINT('',(3.760000000156E0,-8.5E-1,-4.037051515630E0));
#1716=CARTESIAN_POINT('',(3.760000000156E0,-8.5E-1,-4.049999607957E0));
#1718=DIRECTION('',(0.E0,0.E0,-1.E0));
#1719=VECTOR('',#1718,3.E-1);
#1720=CARTESIAN_POINT('',(-3.1E0,-8.5E-1,-4.7E0));
#1721=LINE('',#1720,#1719);
#1722=DIRECTION('',(1.E0,0.E0,0.E0));
#1723=VECTOR('',#1722,2.1E-1);
#1724=CARTESIAN_POINT('',(-3.31E0,-8.5E-1,-5.E0));
#1725=LINE('',#1724,#1723);
#1726=CARTESIAN_POINT('',(-3.31E0,-8.5E-1,-4.55E0));
#1727=DIRECTION('',(0.E0,-1.E0,0.E0));
#1728=DIRECTION('',(-1.E0,0.E0,-6.908054375445E-14));
#1729=AXIS2_PLACEMENT_3D('',#1726,#1727,#1728);
#1731=DIRECTION('',(1.E0,0.E0,5.155659604816E-9));
#1732=VECTOR('',#1731,2.999999998910E-1);
#1733=CARTESIAN_POINT('',(-3.760000000156E0,-8.5E-1,-4.049999609871E0));
#1734=LINE('',#1733,#1732);
#1735=CARTESIAN_POINT('',(-3.31E0,-8.5E-1,-4.55E0));
#1736=DIRECTION('',(0.E0,1.E0,0.E0));
#1737=DIRECTION('',(0.E0,0.E0,-1.E0));
#1738=AXIS2_PLACEMENT_3D('',#1735,#1736,#1737);
#1740=DIRECTION('',(-1.E0,0.E0,0.E0));
#1741=VECTOR('',#1740,2.1E-1);
#1742=CARTESIAN_POINT('',(-3.1E0,-8.5E-1,-4.7E0));
#1743=LINE('',#1742,#1741);
#1744=DIRECTION('',(0.E0,0.E0,1.E0));
#1745=VECTOR('',#1744,3.E-1);
#1746=CARTESIAN_POINT('',(3.1E0,-8.5E-1,-5.E0));
#1747=LINE('',#1746,#1745);
#1748=DIRECTION('',(-1.E0,0.E0,0.E0));
#1749=VECTOR('',#1748,2.1E-1);
#1750=CARTESIAN_POINT('',(3.31E0,-8.5E-1,-4.7E0));
#1751=LINE('',#1750,#1749);
#1752=CARTESIAN_POINT('',(3.31E0,-8.5E-1,-4.55E0));
#1753=DIRECTION('',(0.E0,1.E0,0.E0));
#1754=DIRECTION('',(1.E0,0.E0,0.E0));
#1755=AXIS2_PLACEMENT_3D('',#1752,#1753,#1754);
#1757=DIRECTION('',(9.999999991869E-1,4.622095793231E-9,-4.032593772272E-5));
#1758=VECTOR('',#1757,2.999999919476E-1);
#1759=CARTESIAN_POINT('',(3.460000008453E0,-8.500000013866E-1,
-4.049987510176E0));
#1760=LINE('',#1759,#1758);
#1761=CARTESIAN_POINT('',(3.31E0,-8.5E-1,-4.55E0));
#1762=DIRECTION('',(0.E0,-1.E0,0.E0));
#1763=DIRECTION('',(0.E0,0.E0,-1.E0));
#1764=AXIS2_PLACEMENT_3D('',#1761,#1762,#1763);
#1766=DIRECTION('',(1.E0,0.E0,0.E0));
#1767=VECTOR('',#1766,2.1E-1);
#1768=CARTESIAN_POINT('',(3.1E0,-8.5E-1,-5.E0));
#1769=LINE('',#1768,#1767);
#1770=CARTESIAN_POINT('',(-3.1E0,-9.5E-1,-4.7E0));
#1771=DIRECTION('',(0.E0,0.E0,-1.E0));
#1772=DIRECTION('',(0.E0,1.E0,0.E0));
#1773=AXIS2_PLACEMENT_3D('',#1770,#1771,#1772);
#1775=CARTESIAN_POINT('',(-3.1E0,-9.5E-1,-5.E0));
#1776=DIRECTION('',(0.E0,0.E0,1.E0));
#1777=DIRECTION('',(1.E0,0.E0,0.E0));
#1778=AXIS2_PLACEMENT_3D('',#1775,#1776,#1777);
#1780=CARTESIAN_POINT('',(-2.2E0,-4.E-1,-4.7E0));
#1781=DIRECTION('',(0.E0,0.E0,1.E0));
#1782=DIRECTION('',(1.E0,0.E0,0.E0));
#1783=AXIS2_PLACEMENT_3D('',#1780,#1781,#1782);
#1785=DIRECTION('',(0.E0,-1.E0,0.E0));
#1786=VECTOR('',#1785,6.E-1);
#1787=CARTESIAN_POINT('',(-2.E0,-4.E-1,-4.7E0));
#1788=LINE('',#1787,#1786);
#1789=DIRECTION('',(-1.E0,0.E0,0.E0));
#1790=VECTOR('',#1789,1.E0);
#1791=CARTESIAN_POINT('',(-2.E0,-1.E0,-4.7E0));
#1792=LINE('',#1791,#1790);
#1793=CARTESIAN_POINT('',(-2.2E0,-4.E-1,-5.E0));
#1794=DIRECTION('',(0.E0,0.E0,-1.E0));
#1795=DIRECTION('',(0.E0,1.E0,0.E0));
#1796=AXIS2_PLACEMENT_3D('',#1793,#1794,#1795);
#1798=DIRECTION('',(0.E0,1.E0,0.E0));
#1799=VECTOR('',#1798,6.5E-1);
#1800=CARTESIAN_POINT('',(-3.31E0,-8.5E-1,-5.E0));
#1801=LINE('',#1800,#1799);
#1802=DIRECTION('',(0.E0,1.E0,0.E0));
#1803=VECTOR('',#1802,6.E-1);
#1804=CARTESIAN_POINT('',(-2.E0,-1.E0,-5.E0));
#1805=LINE('',#1804,#1803);
#1806=DIRECTION('',(0.E0,0.E0,-1.E0));
#1807=VECTOR('',#1806,3.E-1);
#1808=CARTESIAN_POINT('',(-2.2E0,-2.E-1,-4.7E0));
#1809=LINE('',#1808,#1807);
#1810=DIRECTION('',(-1.E0,0.E0,0.E0));
#1811=VECTOR('',#1810,1.11E0);
#1812=CARTESIAN_POINT('',(-2.2E0,-2.E-1,-4.7E0));
#1813=LINE('',#1812,#1811);
#1814=CARTESIAN_POINT('',(-3.31E0,-2.E-1,-4.55E0));
#1815=DIRECTION('',(0.E0,1.E0,0.E0));
#1816=DIRECTION('',(3.848773152034E-14,0.E0,-1.E0));
#1817=AXIS2_PLACEMENT_3D('',#1814,#1815,#1816);
#1819=DIRECTION('',(1.E0,0.E0,0.E0));
#1820=VECTOR('',#1819,3.269448204946E-1);
#1821=CARTESIAN_POINT('',(-3.748748219370E0,-2.E-1,-4.65E0));
#1822=LINE('',#1821,#1820);
#1823=CARTESIAN_POINT('',(-3.31E0,-2.E-1,-4.55E0));
#1824=DIRECTION('',(0.E0,-1.E0,0.E0));
#1825=DIRECTION('',(-9.749960430436E-1,0.E0,-2.222222222222E-1));
#1826=AXIS2_PLACEMENT_3D('',#1823,#1824,#1825);
#1828=DIRECTION('',(1.E0,0.E0,0.E0));
#1829=VECTOR('',#1828,1.11E0);
#1830=CARTESIAN_POINT('',(-3.31E0,-2.E-1,-5.E0));
#1831=LINE('',#1830,#1829);
#1832=DIRECTION('',(0.E0,0.E0,1.E0));
#1833=VECTOR('',#1832,3.E-1);
#1834=CARTESIAN_POINT('',(2.2E0,-2.E-1,-5.E0));
#1835=LINE('',#1834,#1833);
#1836=DIRECTION('',(1.E0,0.E0,0.E0));
#1837=VECTOR('',#1836,1.11E0);
#1838=CARTESIAN_POINT('',(2.2E0,-2.E-1,-5.E0));
#1839=LINE('',#1838,#1837);
#1840=CARTESIAN_POINT('',(3.31E0,-2.E-1,-4.55E0));
#1841=DIRECTION('',(0.E0,-1.E0,0.E0));
#1842=DIRECTION('',(0.E0,0.E0,-1.E0));
#1843=AXIS2_PLACEMENT_3D('',#1840,#1841,#1842);
#1845=DIRECTION('',(1.E0,0.E0,0.E0));
#1846=VECTOR('',#1845,3.269448204946E-1);
#1847=CARTESIAN_POINT('',(3.421803398875E0,-2.E-1,-4.65E0));
#1848=LINE('',#1847,#1846);
#1849=CARTESIAN_POINT('',(3.31E0,-2.E-1,-4.55E0));
#1850=DIRECTION('',(0.E0,1.E0,0.E0));
#1851=DIRECTION('',(7.453559924999E-1,0.E0,-6.666666666667E-1));
#1852=AXIS2_PLACEMENT_3D('',#1849,#1850,#1851);
#1854=DIRECTION('',(-1.E0,0.E0,0.E0));
#1855=VECTOR('',#1854,1.11E0);
#1856=CARTESIAN_POINT('',(3.31E0,-2.E-1,-4.7E0));
#1857=LINE('',#1856,#1855);
#1858=DIRECTION('',(7.733498945081E-11,9.999999999580E-1,-9.165702479138E-6));
#1859=VECTOR('',#1858,7.483680867650E-1);
#1860=CARTESIAN_POINT('',(-3.46E0,-8.5E-1,-4.55E0));
#1861=LINE('',#1860,#1859);
#1862=DIRECTION('',(0.E0,1.E0,0.E0));
#1863=VECTOR('',#1862,6.5E-1);
#1864=CARTESIAN_POINT('',(-3.31E0,-8.5E-1,-4.7E0));
#1865=LINE('',#1864,#1863);
#1866=DIRECTION('',(1.547101662662E-9,1.E0,-1.547102219003E-9));
#1867=VECTOR('',#1866,7.483433355224E-1);
#1868=CARTESIAN_POINT('',(-3.459999999900E0,-8.499999993217E-1,
-1.500000000996E-1));
#1869=LINE('',#1868,#1867);
#1870=DIRECTION('',(-5.289320390521E-10,0.E0,1.E0));
#1871=VECTOR('',#1870,5.000003916759E-1);
#1872=CARTESIAN_POINT('',(-3.46E0,-8.5E-1,-4.55E0));
#1873=LINE('',#1872,#1871);
#1874=DIRECTION('',(0.E0,1.E0,0.E0));
#1875=VECTOR('',#1874,4.E-1);
#1876=CARTESIAN_POINT('',(-3.46E0,-8.5E-1,-2.9E0));
#1877=LINE('',#1876,#1875);
#1878=DIRECTION('',(0.E0,0.E0,-1.E0));
#1879=VECTOR('',#1878,1.E-1);
#1880=CARTESIAN_POINT('',(-3.46E0,-3.5E-1,-2.7E0));
#1881=LINE('',#1880,#1879);
#1882=DIRECTION('',(0.E0,0.E0,1.E0));
#1883=VECTOR('',#1882,9.E-1);
#1884=CARTESIAN_POINT('',(-3.46E0,-6.87E-1,-2.6E0));
#1885=LINE('',#1884,#1883);
#1886=DIRECTION('',(0.E0,0.E0,-1.E0));
#1887=VECTOR('',#1886,1.E-1);
#1888=CARTESIAN_POINT('',(-3.46E0,-3.5E-1,-1.5E0));
#1889=LINE('',#1888,#1887);
#1890=DIRECTION('',(0.E0,1.E0,0.E0));
#1891=VECTOR('',#1890,4.E-1);
#1892=CARTESIAN_POINT('',(-3.46E0,-8.5E-1,-1.4E0));
#1893=LINE('',#1892,#1891);
#1894=DIRECTION('',(-7.970726301845E-11,-5.426716854095E-10,-1.E0));
#1895=VECTOR('',#1894,1.249999999900E0);
#1896=CARTESIAN_POINT('',(-3.459999999900E0,-8.499999993217E-1,
-1.500000000996E-1));
#1897=LINE('',#1896,#1895);
#1898=DIRECTION('',(7.071067811865E-1,-3.624086892498E-9,-7.071067811865E-1));
#1899=VECTOR('',#1898,2.121320341963E-1);
#1900=CARTESIAN_POINT('',(-3.609999999787E0,-8.499999985529E-1,
-2.125533036616E-10));
#1901=LINE('',#1900,#1899);
#1902=DIRECTION('',(7.071067811865E-1,-2.329491158255E-8,-7.071067811865E-1));
#1903=VECTOR('',#1902,2.121320323406E-1);
#1904=CARTESIAN_POINT('',(-3.609999997318E0,-1.016566588577E-1,
-2.682448925021E-9));
#1905=LINE('',#1904,#1903);
#1906=DIRECTION('',(5.064507589266E-1,-4.934649215321E-1,-7.071067811866E-1));
#1907=VECTOR('',#1906,2.121320324582E-1);
#1908=CARTESIAN_POINT('',(-3.496491817581E0,1.774892371267E-1,
-2.525969262461E-9));
#1909=LINE('',#1908,#1907);
#1910=DIRECTION('',(5.064507882736E-1,-4.934648914128E-1,-7.071067811865E-1));
#1911=VECTOR('',#1910,2.121320339945E-1);
#1912=CARTESIAN_POINT('',(-2.881031487430E0,8.091458946864E-1,
-4.811161654258E-10));
#1913=LINE('',#1912,#1911);
#1914=DIRECTION('',(-3.558953704539E-9,-7.071067811865E-1,-7.071067811865E-1));
#1915=VECTOR('',#1914,2.121320339411E-1);
#1916=CARTESIAN_POINT('',(-2.594539655244E0,9.299999994477E-1,
-5.522555329707E-10));
#1917=LINE('',#1916,#1915);
#1918=DIRECTION('',(-1.488838083027E-8,-7.071067811865E-1,-7.071067811865E-1));
#1919=VECTOR('',#1918,2.121320339945E-1);
#1920=CARTESIAN_POINT('',(2.594539662610E0,9.299999995189E-1,
-4.811163273333E-10));
#1921=LINE('',#1920,#1919);
#1922=DIRECTION('',(-5.064508011474E-1,-4.934648782002E-1,-7.071067811865E-1));
#1923=VECTOR('',#1922,2.121320339411E-1);
#1924=CARTESIAN_POINT('',(2.881031492519E0,8.091458893609E-1,
-5.522556069855E-10));
#1925=LINE('',#1924,#1923);
#1926=DIRECTION('',(-5.064508149204E-1,-4.934648640648E-1,-7.071067811865E-1));
#1927=VECTOR('',#1926,2.121320323406E-1);
#1928=CARTESIAN_POINT('',(3.496491839828E0,1.774892140704E-1,
-2.682448869510E-9));
#1929=LINE('',#1928,#1927);
#1930=DIRECTION('',(-7.071067811865E-1,5.694099546648E-8,-7.071067811865E-1));
#1931=VECTOR('',#1930,2.121320324582E-1);
#1932=CARTESIAN_POINT('',(3.609999997474E0,-1.016566908965E-1,
-2.525969174568E-9));
#1933=LINE('',#1932,#1931);
#1934=DIRECTION('',(-7.071067811865E-1,3.427008363552E-9,-7.071067811865E-1));
#1935=VECTOR('',#1934,2.121320341975E-1);
#1936=CARTESIAN_POINT('',(3.609999999789E0,-8.500000013684E-1,
-2.109704078102E-10));
#1937=LINE('',#1936,#1935);
#1938=DIRECTION('',(3.624087415862E-9,7.071067811865E-1,-7.071067811865E-1));
#1939=VECTOR('',#1938,2.121320341963E-1);
#1940=CARTESIAN_POINT('',(3.209999998553E0,-1.249999999787E0,
-2.125535950951E-10));
#1941=LINE('',#1940,#1939);
#1942=DIRECTION('',(3.427011503737E-9,7.071067811865E-1,-7.071067811865E-1));
#1943=VECTOR('',#1942,2.121320341975E-1);
#1944=CARTESIAN_POINT('',(-3.210000001368E0,-1.249999999789E0,
-2.109701950174E-10));
#1945=LINE('',#1944,#1943);
#1946=DIRECTION('',(-2.299707102347E-10,0.E0,-1.E0));
#1947=VECTOR('',#1946,1.149999608324E0);
#1948=CARTESIAN_POINT('',(-3.46E0,-8.5E-1,-2.9E0));
#1949=LINE('',#1948,#1947);
#1950=CARTESIAN_POINT('',(-3.21E0,-8.5E-1,-3.9E0));
#1951=DIRECTION('',(0.E0,0.E0,1.E0));
#1952=DIRECTION('',(-8.E-1,-6.E-1,0.E0));
#1953=AXIS2_PLACEMENT_3D('',#1950,#1951,#1952);
#1955=DIRECTION('',(0.E0,0.E0,-1.E0));
#1956=VECTOR('',#1955,1.E0);
#1957=CARTESIAN_POINT('',(-3.21E0,-1.1E0,-2.9E0));
#1958=LINE('',#1957,#1956);
#1959=CARTESIAN_POINT('',(-3.21E0,-8.5E-1,-2.9E0));
#1960=DIRECTION('',(0.E0,0.E0,1.E0));
#1961=DIRECTION('',(-1.E0,0.E0,0.E0));
#1962=AXIS2_PLACEMENT_3D('',#1959,#1960,#1961);
#1964=CARTESIAN_POINT('',(-3.21E0,-8.5E-1,-1.5E-1));
#1965=DIRECTION('',(0.E0,0.E0,-1.E0));
#1966=DIRECTION('',(0.E0,-1.E0,0.E0));
#1967=AXIS2_PLACEMENT_3D('',#1964,#1965,#1966);
#1969=CARTESIAN_POINT('',(-3.21E0,-8.5E-1,-1.4E0));
#1970=DIRECTION('',(0.E0,0.E0,1.E0));
#1971=DIRECTION('',(-1.E0,0.E0,0.E0));
#1972=AXIS2_PLACEMENT_3D('',#1969,#1970,#1971);
#1974=DIRECTION('',(5.131607139625E-10,-7.911378219831E-11,-1.E0));
#1975=VECTOR('',#1974,1.249999999901E0);
#1976=CARTESIAN_POINT('',(-3.210000000641E0,-1.099999999901E0,
-1.500000000989E-1));
#1977=LINE('',#1976,#1975);
#1978=CARTESIAN_POINT('',(-3.760000000156E0,-8.5E-1,-4.049999609871E0));
#1979=CARTESIAN_POINT('',(-3.760000000156E0,-8.5E-1,-4.037051519852E0));
#1980=CARTESIAN_POINT('',(-3.760017821708E0,-8.533205610248E-1,
-4.011039519364E0));
#1981=CARTESIAN_POINT('',(-3.759797295630E0,-8.688106857740E-1,
-3.973722723789E0));
#1982=CARTESIAN_POINT('',(-3.758562119957E0,-8.927577722734E-1,
-3.942783496692E0));
#1983=CARTESIAN_POINT('',(-3.755413764849E0,-9.237031599842E-1,
-3.918806153918E0));
#1984=CARTESIAN_POINT('',(-3.749122272077E0,-9.612274836566E-1,
-3.903264296480E0));
#1985=CARTESIAN_POINT('',(-3.742798530585E0,-9.871301188952E-1,-3.9E0));
#1986=CARTESIAN_POINT('',(-3.739150262213E0,-1.E0,-3.9E0));
#1988=CARTESIAN_POINT('',(-3.41E0,-1.E0,-3.9E0));
#1989=CARTESIAN_POINT('',(-3.415724401149E0,-9.923674651352E-1,-3.9E0));
#1990=CARTESIAN_POINT('',(-3.426380025103E0,-9.763779032730E-1,
-3.901122043914E0));
#1991=CARTESIAN_POINT('',(-3.439830767890E0,-9.497970523186E-1,
-3.907720937312E0));
#1992=CARTESIAN_POINT('',(-3.449324047125E0,-9.238505654387E-1,
-3.919672530512E0));
#1993=CARTESIAN_POINT('',(-3.455283680382E0,-8.999970107808E-1,
-3.936959288183E0));
#1994=CARTESIAN_POINT('',(-3.458341120483E0,-8.805080452336E-1,
-3.957807360727E0));
#1995=CARTESIAN_POINT('',(-3.459708195727E0,-8.645059295741E-1,
-3.983205885370E0));
#1996=CARTESIAN_POINT('',(-3.460021159234E0,-8.531576275989E-1,
-4.013599013542E0));
#1997=CARTESIAN_POINT('',(-3.460000000264E0,-8.5E-1,-4.037493944709E0));
#1998=CARTESIAN_POINT('',(-3.460000000264E0,-8.5E-1,-4.049999608324E0));
#2000=CARTESIAN_POINT('',(-3.21E0,-8.5E-1,-1.4E0));
#2001=DIRECTION('',(0.E0,0.E0,1.E0));
#2002=DIRECTION('',(-1.E0,-2.886579864025E-14,0.E0));
#2003=AXIS2_PLACEMENT_3D('',#2000,#2001,#2002);
#2005=DIRECTION('',(0.E0,0.E0,-1.E0));
#2006=VECTOR('',#2005,1.4E0);
#2007=CARTESIAN_POINT('',(-3.76E0,-8.5E-1,0.E0));
#2008=LINE('',#2007,#2006);
#2009=CARTESIAN_POINT('',(-3.21E0,-8.5E-1,-3.9E0));
#2010=DIRECTION('',(0.E0,0.E0,1.E0));
#2011=DIRECTION('',(-9.620913858417E-1,-2.727272727273E-1,0.E0));
#2012=AXIS2_PLACEMENT_3D('',#2009,#2010,#2011);
#2014=DIRECTION('',(1.352190316389E-10,0.E0,1.E0));
#2015=VECTOR('',#2014,1.149999609871E0);
#2016=CARTESIAN_POINT('',(-3.760000000156E0,-8.5E-1,-4.049999609871E0));
#2017=LINE('',#2016,#2015);
#2018=CARTESIAN_POINT('',(-3.21E0,-8.5E-1,-2.9E0));
#2019=DIRECTION('',(0.E0,0.E0,1.E0));
#2020=DIRECTION('',(-1.E0,-3.310483200700E-14,0.E0));
#2021=AXIS2_PLACEMENT_3D('',#2018,#2019,#2020);
#2023=DIRECTION('',(0.E0,-1.E0,0.E0));
#2024=VECTOR('',#2023,3.E-1);
#2025=CARTESIAN_POINT('',(-3.075E0,-1.1E0,-1.4E0));
#2026=LINE('',#2025,#2024);
#2027=DIRECTION('',(1.E0,0.E0,0.E0));
#2028=VECTOR('',#2027,3.E-1);
#2029=CARTESIAN_POINT('',(-3.76E0,-4.5E-1,-1.4E0));
#2030=LINE('',#2029,#2028);
#2031=DIRECTION('',(0.E0,-1.E0,0.E0));
#2032=VECTOR('',#2031,3.E-1);
#2033=CARTESIAN_POINT('',(-2.975E0,-1.1E0,-1.3E0));
#2034=LINE('',#2033,#2032);
#2035=DIRECTION('',(0.E0,1.E0,0.E0));
#2036=VECTOR('',#2035,3.E-1);
#2037=CARTESIAN_POINT('',(-2.975E0,-1.4E0,-1.1E0));
#2038=LINE('',#2037,#2036);
#2039=CARTESIAN_POINT('',(-2.875E0,-1.4E0,-1.1E0));
#2040=DIRECTION('',(0.E0,1.E0,0.E0));
#2041=DIRECTION('',(-1.E0,0.E0,0.E0));
#2042=AXIS2_PLACEMENT_3D('',#2039,#2040,#2041);
#2044=CARTESIAN_POINT('',(-2.875E0,-1.1E0,-1.1E0));
#2045=DIRECTION('',(0.E0,-1.E0,0.E0));
#2046=DIRECTION('',(0.E0,0.E0,1.E0));
#2047=AXIS2_PLACEMENT_3D('',#2044,#2045,#2046);
#2049=DIRECTION('',(0.E0,-1.E0,0.E0));
#2050=VECTOR('',#2049,3.E-1);
#2051=CARTESIAN_POINT('',(-2.825E0,-1.1E0,-1.E0));
#2052=LINE('',#2051,#2050);
#2053=DIRECTION('',(0.E0,1.E0,0.E0));
#2054=VECTOR('',#2053,3.E-1);
#2055=CARTESIAN_POINT('',(-2.875E0,-1.4E0,-1.E0));
#2056=LINE('',#2055,#2054);
#2057=DIRECTION('',(0.E0,1.E0,0.E0));
#2058=VECTOR('',#2057,3.E-1);
#2059=CARTESIAN_POINT('',(-1.925E0,-1.4E0,-1.E0));
#2060=LINE('',#2059,#2058);
#2061=DIRECTION('',(0.E0,1.E0,0.E0));
#2062=VECTOR('',#2061,3.E-1);
#2063=CARTESIAN_POINT('',(-1.875E0,-1.4E0,-1.E0));
#2064=LINE('',#2063,#2062);
#2065=CARTESIAN_POINT('',(-2.727750587476E0,-1.4E0,-9.232927405784E-1));
#2066=CARTESIAN_POINT('',(-2.725897618974E0,-1.386600300441E0,
-9.155564204308E-1));
#2067=CARTESIAN_POINT('',(-2.725E0,-1.373151236046E0,-9.077915994823E-1));
#2068=CARTESIAN_POINT('',(-2.725E0,-1.359655789871E0,-9.E-1));
#2070=DIRECTION('',(-1.E0,0.E0,0.E0));
#2071=VECTOR('',#2070,7.E-1);
#2072=CARTESIAN_POINT('',(-2.025E0,-1.446258330249E0,-9.5E-1));
#2073=LINE('',#2072,#2071);
#2074=CARTESIAN_POINT('',(-2.025E0,-1.359655789871E0,-9.E-1));
#2075=CARTESIAN_POINT('',(-2.025E0,-1.373151236046E0,-9.077915994823E-1));
#2076=CARTESIAN_POINT('',(-2.024102381026E0,-1.386600300441E0,
-9.155564204308E-1));
#2077=CARTESIAN_POINT('',(-2.022249412524E0,-1.4E0,-9.232927405784E-1));
#2079=DIRECTION('',(1.E0,0.E0,0.E0));
#2080=VECTOR('',#2079,7.E-1);
#2081=CARTESIAN_POINT('',(-2.725E0,-1.25E0,-8.366902001999E-1));
#2082=LINE('',#2081,#2080);
#2083=DIRECTION('',(0.E0,-1.E0,0.E0));
#2084=VECTOR('',#2083,2.596557898708E-1);
#2085=CARTESIAN_POINT('',(-2.725E0,-1.1E0,-9.E-1));
#2086=LINE('',#2085,#2084);
#2087=DIRECTION('',(0.E0,-8.660254037844E-1,-5.E-1));
#2088=VECTOR('',#2087,1.266195996002E-1);
#2089=CARTESIAN_POINT('',(-2.725E0,-1.25E0,-8.366902001999E-1));
#2090=LINE('',#2089,#2088);
#2091=CARTESIAN_POINT('',(-2.725E0,-1.4E0,-5.768825790646E-1));
#2092=DIRECTION('',(-1.E0,0.E0,0.E0));
#2093=DIRECTION('',(0.E0,1.E0,0.E0));
#2094=AXIS2_PLACEMENT_3D('',#2091,#2092,#2093);
#2096=DIRECTION('',(0.E0,1.E0,0.E0));
#2097=VECTOR('',#2096,2.596557898708E-1);
#2098=CARTESIAN_POINT('',(-2.025E0,-1.359655789871E0,-9.E-1));
#2099=LINE('',#2098,#2097);
#2100=CARTESIAN_POINT('',(-2.025E0,-1.4E0,-5.768825790646E-1));
#2101=DIRECTION('',(-1.E0,0.E0,0.E0));
#2102=DIRECTION('',(0.E0,1.E0,0.E0));
#2103=AXIS2_PLACEMENT_3D('',#2100,#2101,#2102);
#2105=DIRECTION('',(0.E0,-8.660254037844E-1,-5.E-1));
#2106=VECTOR('',#2105,1.266195996002E-1);
#2107=CARTESIAN_POINT('',(-2.025E0,-1.25E0,-8.366902001999E-1));
#2108=LINE('',#2107,#2106);
#2109=DIRECTION('',(0.E0,8.660254037844E-1,5.E-1));
#2110=VECTOR('',#2109,5.341451884327E-2);
#2111=CARTESIAN_POINT('',(-2.725E0,-1.446258330249E0,-9.5E-1));
#2112=LINE('',#2111,#2110);
#2113=DIRECTION('',(0.E0,-8.660254037844E-1,-5.E-1));
#2114=VECTOR('',#2113,2.136195996002E-1);
#2115=CARTESIAN_POINT('',(-2.725E0,-1.4E0,-5.768825790646E-1));
#2116=LINE('',#2115,#2114);
#2117=DIRECTION('',(0.E0,0.E0,-1.E0));
#2118=VECTOR('',#2117,2.6E-2);
#2119=CARTESIAN_POINT('',(-2.725E0,-1.585E0,-6.836923788647E-1));
#2120=LINE('',#2119,#2118);
#2121=DIRECTION('',(0.E0,5.E-1,-8.660254037844E-1));
#2122=VECTOR('',#2121,2.774833395016E-1);
#2123=CARTESIAN_POINT('',(-2.725E0,-1.585E0,-7.096923788647E-1));
#2124=LINE('',#2123,#2122);
#2125=DIRECTION('',(0.E0,8.660254037844E-1,5.E-1));
#2126=VECTOR('',#2125,5.341451884327E-2);
#2127=CARTESIAN_POINT('',(-2.025E0,-1.446258330249E0,-9.5E-1));
#2128=LINE('',#2127,#2126);
#2129=DIRECTION('',(0.E0,5.E-1,-8.660254037844E-1));
#2130=VECTOR('',#2129,2.774833395016E-1);
#2131=CARTESIAN_POINT('',(-2.025E0,-1.585E0,-7.096923788647E-1));
#2132=LINE('',#2131,#2130);
#2133=DIRECTION('',(0.E0,0.E0,-1.E0));
#2134=VECTOR('',#2133,2.6E-2);
#2135=CARTESIAN_POINT('',(-2.025E0,-1.585E0,-6.836923788647E-1));
#2136=LINE('',#2135,#2134);
#2137=DIRECTION('',(0.E0,-8.660254037844E-1,-5.E-1));
#2138=VECTOR('',#2137,2.136195996002E-1);
#2139=CARTESIAN_POINT('',(-2.025E0,-1.4E0,-5.768825790646E-1));
#2140=LINE('',#2139,#2138);
#2141=DIRECTION('',(-1.E0,0.E0,0.E0));
#2142=VECTOR('',#2141,7.E-1);
#2143=CARTESIAN_POINT('',(-2.025E0,-1.585E0,-7.096923788647E-1));
#2144=LINE('',#2143,#2142);
#2145=DIRECTION('',(-1.E0,0.E0,0.E0));
#2146=VECTOR('',#2145,7.E-1);
#2147=CARTESIAN_POINT('',(-2.025E0,-1.585E0,-6.836923788647E-1));
#2148=LINE('',#2147,#2146);
#2149=CARTESIAN_POINT('',(-1.875E0,-1.4E0,-1.1E0));
#2150=DIRECTION('',(0.E0,1.E0,0.E0));
#2151=DIRECTION('',(0.E0,0.E0,1.E0));
#2152=AXIS2_PLACEMENT_3D('',#2149,#2150,#2151);
#2154=CARTESIAN_POINT('',(-1.875E0,-1.1E0,-1.1E0));
#2155=DIRECTION('',(0.E0,-1.E0,0.E0));
#2156=DIRECTION('',(1.E0,0.E0,0.E0));
#2157=AXIS2_PLACEMENT_3D('',#2154,#2155,#2156);
#2159=DIRECTION('',(0.E0,1.E0,0.E0));
#2160=VECTOR('',#2159,3.E-1);
#2161=CARTESIAN_POINT('',(-1.775E0,-1.4E0,-1.1E0));
#2162=LINE('',#2161,#2160);
#2163=DIRECTION('',(0.E0,1.E0,0.E0));
#2164=VECTOR('',#2163,3.E-1);
#2165=CARTESIAN_POINT('',(-1.775E0,-1.4E0,-1.15E0));
#2166=LINE('',#2165,#2164);
#2167=CARTESIAN_POINT('',(-1.875E0,-1.4E0,-1.15E0));
#2168=DIRECTION('',(0.E0,1.E0,0.E0));
#2169=DIRECTION('',(1.E0,0.E0,0.E0));
#2170=AXIS2_PLACEMENT_3D('',#2167,#2168,#2169);
#2172=CARTESIAN_POINT('',(-1.875E0,-1.1E0,-1.15E0));
#2173=DIRECTION('',(0.E0,-1.E0,0.E0));
#2174=DIRECTION('',(0.E0,0.E0,-1.E0));
#2175=AXIS2_PLACEMENT_3D('',#2172,#2173,#2174);
#2177=DIRECTION('',(0.E0,-1.E0,0.E0));
#2178=VECTOR('',#2177,3.E-1);
#2179=CARTESIAN_POINT('',(-1.925E0,-1.1E0,-1.25E0));
#2180=LINE('',#2179,#2178);
#2181=DIRECTION('',(0.E0,1.E0,0.E0));
#2182=VECTOR('',#2181,3.E-1);
#2183=CARTESIAN_POINT('',(-1.875E0,-1.4E0,-1.25E0));
#2184=LINE('',#2183,#2182);
#2185=DIRECTION('',(0.E0,-1.E0,0.E0));
#2186=VECTOR('',#2185,3.E-1);
#2187=CARTESIAN_POINT('',(-2.025E0,-1.1E0,-1.35E0));
#2188=LINE('',#2187,#2186);
#2189=DIRECTION('',(0.E0,1.E0,0.E0));
#2190=VECTOR('',#2189,3.E-1);
#2191=CARTESIAN_POINT('',(-2.025E0,-1.4E0,-3.1E0));
#2192=LINE('',#2191,#2190);
#2193=CARTESIAN_POINT('',(-2.125E0,-1.4E0,-3.1E0));
#2194=DIRECTION('',(0.E0,1.E0,0.E0));
#2195=DIRECTION('',(1.E0,0.E0,0.E0));
#2196=AXIS2_PLACEMENT_3D('',#2193,#2194,#2195);
#2198=CARTESIAN_POINT('',(-2.125E0,-1.1E0,-3.1E0));
#2199=DIRECTION('',(0.E0,-1.E0,0.E0));
#2200=DIRECTION('',(0.E0,0.E0,-1.E0));
#2201=AXIS2_PLACEMENT_3D('',#2198,#2199,#2200);
#2203=DIRECTION('',(0.E0,1.E0,0.E0));
#2204=VECTOR('',#2203,3.E-1);
#2205=CARTESIAN_POINT('',(-2.125E0,-1.4E0,-3.2E0));
#2206=LINE('',#2205,#2204);
#2207=DIRECTION('',(0.E0,1.E0,0.E0));
#2208=VECTOR('',#2207,3.E-1);
#2209=CARTESIAN_POINT('',(-2.875E0,-1.4E0,-3.2E0));
#2210=LINE('',#2209,#2208);
#2211=CARTESIAN_POINT('',(-2.875E0,-1.4E0,-3.1E0));
#2212=DIRECTION('',(0.E0,1.E0,0.E0));
#2213=DIRECTION('',(0.E0,0.E0,-1.E0));
#2214=AXIS2_PLACEMENT_3D('',#2211,#2212,#2213);
#2216=CARTESIAN_POINT('',(-2.875E0,-1.1E0,-3.1E0));
#2217=DIRECTION('',(0.E0,-1.E0,0.E0));
#2218=DIRECTION('',(-1.E0,0.E0,0.E0));
#2219=AXIS2_PLACEMENT_3D('',#2216,#2217,#2218);
#2221=DIRECTION('',(0.E0,-1.E0,0.E0));
#2222=VECTOR('',#2221,3.E-1);
#2223=CARTESIAN_POINT('',(-2.975E0,-1.1E0,-3.E0));
#2224=LINE('',#2223,#2222);
#2225=DIRECTION('',(0.E0,1.E0,0.E0));
#2226=VECTOR('',#2225,3.E-1);
#2227=CARTESIAN_POINT('',(-2.975E0,-1.4E0,-3.1E0));
#2228=LINE('',#2227,#2226);
#2229=DIRECTION('',(0.E0,-1.E0,0.E0));
#2230=VECTOR('',#2229,3.E-1);
#2231=CARTESIAN_POINT('',(-3.075E0,-1.1E0,-2.9E0));
#2232=LINE('',#2231,#2230);
#2233=DIRECTION('',(-1.E0,0.E0,0.E0));
#2234=VECTOR('',#2233,3.E-1);
#2235=CARTESIAN_POINT('',(-3.46E0,-4.5E-1,-2.9E0));
#2236=LINE('',#2235,#2234);
#2237=DIRECTION('',(0.E0,1.E0,0.E0));
#2238=VECTOR('',#2237,4.E-1);
#2239=CARTESIAN_POINT('',(-3.76E0,-8.5E-1,-1.4E0));
#2240=LINE('',#2239,#2238);
#2241=DIRECTION('',(0.E0,0.E0,-1.E0));
#2242=VECTOR('',#2241,1.E-1);
#2243=CARTESIAN_POINT('',(-3.76E0,-3.5E-1,-1.5E0));
#2244=LINE('',#2243,#2242);
#2245=DIRECTION('',(0.E0,0.E0,-1.E0));
#2246=VECTOR('',#2245,1.E-1);
#2247=CARTESIAN_POINT('',(-3.76E0,-3.5E-1,-2.7E0));
#2248=LINE('',#2247,#2246);
#2249=DIRECTION('',(0.E0,1.E0,0.E0));
#2250=VECTOR('',#2249,4.E-1);
#2251=CARTESIAN_POINT('',(-3.76E0,-8.5E-1,-2.9E0));
#2252=LINE('',#2251,#2250);
#2253=DIRECTION('',(-3.110034246007E-10,0.E0,1.E0));
#2254=VECTOR('',#2253,5.000003901292E-1);
#2255=CARTESIAN_POINT('',(-3.76E0,-8.5E-1,-4.55E0));
#2256=LINE('',#2255,#2254);
#2257=DIRECTION('',(4.919622609583E-12,4.377190978196E-6,-9.999999999904E-1));
#2258=VECTOR('',#2257,4.550006860057E0);
#2259=CARTESIAN_POINT('',(-3.76E0,-1.016566681595E-1,0.E0));
#2260=LINE('',#2259,#2258);
#2261=CARTESIAN_POINT('',(-3.76E0,-4.5E-1,-1.5E0));
#2262=DIRECTION('',(1.E0,0.E0,0.E0));
#2263=DIRECTION('',(0.E0,1.E0,0.E0));
#2264=AXIS2_PLACEMENT_3D('',#2261,#2262,#2263);
#2266=CARTESIAN_POINT('',(-3.46E0,-4.5E-1,-1.5E0));
#2267=DIRECTION('',(-1.E0,0.E0,0.E0));
#2268=DIRECTION('',(0.E0,0.E0,1.E0));
#2269=AXIS2_PLACEMENT_3D('',#2266,#2267,#2268);
#2271=DIRECTION('',(-1.E0,0.E0,0.E0));
#2272=VECTOR('',#2271,3.E-1);
#2273=CARTESIAN_POINT('',(-3.46E0,-3.5E-1,-2.8E0));
#2274=LINE('',#2273,#2272);
#2275=DIRECTION('',(1.E0,0.E0,0.E0));
#2276=VECTOR('',#2275,3.E-1);
#2277=CARTESIAN_POINT('',(-3.76E0,-3.5E-1,-2.7E0));
#2278=LINE('',#2277,#2276);
#2279=DIRECTION('',(1.E0,0.E0,0.E0));
#2280=VECTOR('',#2279,3.E-1);
#2281=CARTESIAN_POINT('',(-3.76E0,-3.5E-1,-1.5E0));
#2282=LINE('',#2281,#2280);
#2283=DIRECTION('',(-1.E0,0.E0,0.E0));
#2284=VECTOR('',#2283,3.E-1);
#2285=CARTESIAN_POINT('',(-3.46E0,-3.5E-1,-1.6E0));
#2286=LINE('',#2285,#2284);
#2287=DIRECTION('',(1.E0,0.E0,0.E0));
#2288=VECTOR('',#2287,3.E-1);
#2289=CARTESIAN_POINT('',(3.46E0,-3.5E-1,-1.5E0));
#2290=LINE('',#2289,#2288);
#2291=DIRECTION('',(-1.E0,0.E0,0.E0));
#2292=VECTOR('',#2291,3.E-1);
#2293=CARTESIAN_POINT('',(3.76E0,-3.5E-1,-1.6E0));
#2294=LINE('',#2293,#2292);
#2295=DIRECTION('',(-1.E0,0.E0,0.E0));
#2296=VECTOR('',#2295,3.E-1);
#2297=CARTESIAN_POINT('',(3.76E0,-3.5E-1,-2.8E0));
#2298=LINE('',#2297,#2296);
#2299=DIRECTION('',(1.E0,0.E0,0.E0));
#2300=VECTOR('',#2299,3.E-1);
#2301=CARTESIAN_POINT('',(3.46E0,-3.5E-1,-2.7E0));
#2302=LINE('',#2301,#2300);
#2303=CARTESIAN_POINT('',(-3.46E0,-4.5E-1,-2.8E0));
#2304=DIRECTION('',(-1.E0,0.E0,0.E0));
#2305=DIRECTION('',(0.E0,1.E0,0.E0));
#2306=AXIS2_PLACEMENT_3D('',#2303,#2304,#2305);
#2308=CARTESIAN_POINT('',(-3.76E0,-4.5E-1,-2.8E0));
#2309=DIRECTION('',(1.E0,0.E0,0.E0));
#2310=DIRECTION('',(0.E0,0.E0,-1.E0));
#2311=AXIS2_PLACEMENT_3D('',#2308,#2309,#2310);
#2313=CARTESIAN_POINT('',(-3.76E0,-4.5E-1,-2.7E0));
#2314=DIRECTION('',(1.E0,0.E0,0.E0));
#2315=DIRECTION('',(0.E0,1.E0,0.E0));
#2316=AXIS2_PLACEMENT_3D('',#2313,#2314,#2315);
#2318=CARTESIAN_POINT('',(-3.46E0,-4.5E-1,-2.7E0));
#2319=DIRECTION('',(-1.E0,0.E0,0.E0));
#2320=DIRECTION('',(0.E0,0.E0,1.E0));
#2321=AXIS2_PLACEMENT_3D('',#2318,#2319,#2320);
#2323=DIRECTION('',(1.E0,0.E0,0.E0));
#2324=VECTOR('',#2323,3.E-1);
#2325=CARTESIAN_POINT('',(-3.76E0,-4.5E-1,-2.6E0));
#2326=LINE('',#2325,#2324);
#2327=DIRECTION('',(0.E0,-1.E0,0.E0));
#2328=VECTOR('',#2327,2.37E-1);
#2329=CARTESIAN_POINT('',(-3.76E0,-4.5E-1,-2.6E0));
#2330=LINE('',#2329,#2328);
#2331=CARTESIAN_POINT('',(-4.01E0,-6.87E-1,-2.6E0));
#2332=DIRECTION('',(0.E0,0.E0,-1.E0));
#2333=DIRECTION('',(1.E0,1.199040866595E-14,0.E0));
#2334=AXIS2_PLACEMENT_3D('',#2331,#2332,#2333);
#2336=DIRECTION('',(-7.499182587899E-1,-6.615305020432E-1,0.E0));
#2337=VECTOR('',#2336,9.230926280716E-2);
#2338=CARTESIAN_POINT('',(-3.844617374489E0,-8.744795646975E-1,-2.6E0));
#2339=LINE('',#2338,#2337);
#2340=CARTESIAN_POINT('',(-3.55E0,-1.348E0,-2.6E0));
#2341=DIRECTION('',(0.E0,0.E0,1.E0));
#2342=DIRECTION('',(-6.615305020432E-1,7.499182587899E-1,0.E0));
#2343=AXIS2_PLACEMENT_3D('',#2340,#2341,#2342);
#2345=DIRECTION('',(0.E0,-1.E0,0.E0));
#2346=VECTOR('',#2345,7.220961894323E-1);
#2347=CARTESIAN_POINT('',(-4.1E0,-1.348E0,-2.6E0));
#2348=LINE('',#2347,#2346);
#2349=DIRECTION('',(-5.E-1,8.660254037844E-1,0.E0));
#2350=VECTOR('',#2349,1.5E-1);
#2351=CARTESIAN_POINT('',(-4.025E0,-2.2E0,-2.6E0));
#2352=LINE('',#2351,#2350);
#2353=DIRECTION('',(1.E0,0.E0,0.E0));
#2354=VECTOR('',#2353,1.5E-1);
#2355=CARTESIAN_POINT('',(-4.025E0,-2.2E0,-2.6E0));
#2356=LINE('',#2355,#2354);
#2357=DIRECTION('',(-5.E-1,-8.660254037844E-1,0.E0));
#2358=VECTOR('',#2357,1.5E-1);
#2359=CARTESIAN_POINT('',(-3.8E0,-2.070096189432E0,-2.6E0));
#2360=LINE('',#2359,#2358);
#2361=DIRECTION('',(0.E0,1.E0,0.E0));
#2362=VECTOR('',#2361,7.220961894323E-1);
#2363=CARTESIAN_POINT('',(-3.8E0,-2.070096189432E0,-2.6E0));
#2364=LINE('',#2363,#2362);
#2365=CARTESIAN_POINT('',(-3.55E0,-1.348E0,-2.6E0));
#2366=DIRECTION('',(0.E0,0.E0,-1.E0));
#2367=DIRECTION('',(-1.E0,0.E0,0.E0));
#2368=AXIS2_PLACEMENT_3D('',#2365,#2366,#2367);
#2370=DIRECTION('',(7.499182587899E-1,6.615305020432E-1,0.E0));
#2371=VECTOR('',#2370,9.230926280716E-2);
#2372=CARTESIAN_POINT('',(-3.715382625511E0,-1.160520435303E0,-2.6E0));
#2373=LINE('',#2372,#2371);
#2374=CARTESIAN_POINT('',(-4.01E0,-6.87E-1,-2.6E0));
#2375=DIRECTION('',(0.E0,0.E0,1.E0));
#2376=DIRECTION('',(6.615305020432E-1,-7.499182587899E-1,0.E0));
#2377=AXIS2_PLACEMENT_3D('',#2374,#2375,#2376);
#2379=DIRECTION('',(0.E0,1.E0,0.E0));
#2380=VECTOR('',#2379,2.37E-1);
#2381=CARTESIAN_POINT('',(-3.46E0,-6.87E-1,-2.6E0));
#2382=LINE('',#2381,#2380);
#2383=DIRECTION('',(1.E0,0.E0,0.E0));
#2384=VECTOR('',#2383,3.E-1);
#2385=CARTESIAN_POINT('',(3.46E0,-4.5E-1,-2.6E0));
#2386=LINE('',#2385,#2384);
#2387=DIRECTION('',(0.E0,-1.E0,0.E0));
#2388=VECTOR('',#2387,2.37E-1);
#2389=CARTESIAN_POINT('',(3.46E0,-4.5E-1,-2.6E0));
#2390=LINE('',#2389,#2388);
#2391=CARTESIAN_POINT('',(4.01E0,-6.87E-1,-2.6E0));
#2392=DIRECTION('',(0.E0,0.E0,1.E0));
#2393=DIRECTION('',(-1.E0,0.E0,0.E0));
#2394=AXIS2_PLACEMENT_3D('',#2391,#2392,#2393);
#2396=DIRECTION('',(7.499182587899E-1,-6.615305020432E-1,0.E0));
#2397=VECTOR('',#2396,9.230926280717E-2);
#2398=CARTESIAN_POINT('',(3.646158223876E0,-1.099455042334E0,-2.6E0));
#2399=LINE('',#2398,#2397);
#2400=CARTESIAN_POINT('',(3.55E0,-1.348E0,-2.6E0));
#2401=DIRECTION('',(0.E0,0.E0,-1.E0));
#2402=DIRECTION('',(6.615305020432E-1,7.499182587899E-1,0.E0));
#2403=AXIS2_PLACEMENT_3D('',#2400,#2401,#2402);
#2405=DIRECTION('',(0.E0,-1.E0,0.E0));
#2406=VECTOR('',#2405,7.220961894323E-1);
#2407=CARTESIAN_POINT('',(3.8E0,-1.348E0,-2.6E0));
#2408=LINE('',#2407,#2406);
#2409=DIRECTION('',(-5.E-1,8.660254037844E-1,0.E0));
#2410=VECTOR('',#2409,1.5E-1);
#2411=CARTESIAN_POINT('',(3.875E0,-2.2E0,-2.6E0));
#2412=LINE('',#2411,#2410);
#2413=DIRECTION('',(1.E0,0.E0,0.E0));
#2414=VECTOR('',#2413,1.5E-1);
#2415=CARTESIAN_POINT('',(3.875E0,-2.2E0,-2.6E0));
#2416=LINE('',#2415,#2414);
#2417=DIRECTION('',(-5.E-1,-8.660254037844E-1,0.E0));
#2418=VECTOR('',#2417,1.5E-1);
#2419=CARTESIAN_POINT('',(4.1E0,-2.070096189432E0,-2.6E0));
#2420=LINE('',#2419,#2418);
#2421=DIRECTION('',(0.E0,1.E0,0.E0));
#2422=VECTOR('',#2421,7.220961894323E-1);
#2423=CARTESIAN_POINT('',(4.1E0,-2.070096189432E0,-2.6E0));
#2424=LINE('',#2423,#2422);
#2425=CARTESIAN_POINT('',(3.55E0,-1.348E0,-2.6E0));
#2426=DIRECTION('',(0.E0,0.E0,1.E0));
#2427=DIRECTION('',(1.E0,0.E0,0.E0));
#2428=AXIS2_PLACEMENT_3D('',#2425,#2426,#2427);
#2430=DIRECTION('',(-7.499182587899E-1,6.615305020432E-1,0.E0));
#2431=VECTOR('',#2430,9.230926280716E-2);
#2432=CARTESIAN_POINT('',(3.913841776124E0,-9.355449576655E-1,-2.6E0));
#2433=LINE('',#2432,#2431);
#2434=CARTESIAN_POINT('',(4.01E0,-6.87E-1,-2.6E0));
#2435=DIRECTION('',(0.E0,0.E0,-1.E0));
#2436=DIRECTION('',(-6.615305020431E-1,-7.499182587899E-1,0.E0));
#2437=AXIS2_PLACEMENT_3D('',#2434,#2435,#2436);
#2439=DIRECTION('',(0.E0,1.E0,0.E0));
#2440=VECTOR('',#2439,2.37E-1);
#2441=CARTESIAN_POINT('',(3.76E0,-6.87E-1,-2.6E0));
#2442=LINE('',#2441,#2440);
#2443=DIRECTION('',(0.E0,0.E0,1.E0));
#2444=VECTOR('',#2443,9.E-1);
#2445=CARTESIAN_POINT('',(-3.76E0,-6.87E-1,-2.6E0));
#2446=LINE('',#2445,#2444);
#2447=DIRECTION('',(-1.E0,0.E0,0.E0));
#2448=VECTOR('',#2447,3.E-1);
#2449=CARTESIAN_POINT('',(-3.46E0,-4.5E-1,-1.7E0));
#2450=LINE('',#2449,#2448);
#2451=DIRECTION('',(0.E0,1.E0,0.E0));
#2452=VECTOR('',#2451,2.37E-1);
#2453=CARTESIAN_POINT('',(-3.46E0,-6.87E-1,-1.7E0));
#2454=LINE('',#2453,#2452);
#2455=CARTESIAN_POINT('',(-4.01E0,-6.87E-1,-1.7E0));
#2456=DIRECTION('',(0.E0,0.E0,1.E0));
#2457=DIRECTION('',(6.615305020432E-1,-7.499182587899E-1,0.E0));
#2458=AXIS2_PLACEMENT_3D('',#2455,#2456,#2457);
#2460=DIRECTION('',(7.499182587899E-1,6.615305020432E-1,0.E0));
#2461=VECTOR('',#2460,9.230926280716E-2);
#2462=CARTESIAN_POINT('',(-3.715382625511E0,-1.160520435303E0,-1.7E0));
#2463=LINE('',#2462,#2461);
#2464=CARTESIAN_POINT('',(-3.55E0,-1.348E0,-1.7E0));
#2465=DIRECTION('',(0.E0,0.E0,-1.E0));
#2466=DIRECTION('',(-1.E0,0.E0,0.E0));
#2467=AXIS2_PLACEMENT_3D('',#2464,#2465,#2466);
#2469=DIRECTION('',(0.E0,1.E0,0.E0));
#2470=VECTOR('',#2469,7.220961894323E-1);
#2471=CARTESIAN_POINT('',(-3.8E0,-2.070096189432E0,-1.7E0));
#2472=LINE('',#2471,#2470);
#2473=DIRECTION('',(-5.E-1,-8.660254037844E-1,0.E0));
#2474=VECTOR('',#2473,1.5E-1);
#2475=CARTESIAN_POINT('',(-3.8E0,-2.070096189432E0,-1.7E0));
#2476=LINE('',#2475,#2474);
#2477=DIRECTION('',(1.E0,0.E0,0.E0));
#2478=VECTOR('',#2477,1.5E-1);
#2479=CARTESIAN_POINT('',(-4.025E0,-2.2E0,-1.7E0));
#2480=LINE('',#2479,#2478);
#2481=DIRECTION('',(-5.E-1,8.660254037844E-1,0.E0));
#2482=VECTOR('',#2481,1.5E-1);
#2483=CARTESIAN_POINT('',(-4.025E0,-2.2E0,-1.7E0));
#2484=LINE('',#2483,#2482);
#2485=DIRECTION('',(0.E0,-1.E0,0.E0));
#2486=VECTOR('',#2485,7.220961894323E-1);
#2487=CARTESIAN_POINT('',(-4.1E0,-1.348E0,-1.7E0));
#2488=LINE('',#2487,#2486);
#2489=CARTESIAN_POINT('',(-3.55E0,-1.348E0,-1.7E0));
#2490=DIRECTION('',(0.E0,0.E0,1.E0));
#2491=DIRECTION('',(-6.615305020432E-1,7.499182587899E-1,0.E0));
#2492=AXIS2_PLACEMENT_3D('',#2489,#2490,#2491);
#2494=DIRECTION('',(-7.499182587899E-1,-6.615305020432E-1,0.E0));
#2495=VECTOR('',#2494,9.230926280716E-2);
#2496=CARTESIAN_POINT('',(-3.844617374489E0,-8.744795646975E-1,-1.7E0));
#2497=LINE('',#2496,#2495);
#2498=CARTESIAN_POINT('',(-4.01E0,-6.87E-1,-1.7E0));
#2499=DIRECTION('',(0.E0,0.E0,-1.E0));
#2500=DIRECTION('',(1.E0,1.199040866595E-14,0.E0));
#2501=AXIS2_PLACEMENT_3D('',#2498,#2499,#2500);
#2503=DIRECTION('',(0.E0,-1.E0,0.E0));
#2504=VECTOR('',#2503,2.37E-1);
#2505=CARTESIAN_POINT('',(-3.76E0,-4.5E-1,-1.7E0));
#2506=LINE('',#2505,#2504);
#2507=DIRECTION('',(-1.E0,0.E0,0.E0));
#2508=VECTOR('',#2507,3.E-1);
#2509=CARTESIAN_POINT('',(3.76E0,-4.5E-1,-1.7E0));
#2510=LINE('',#2509,#2508);
#2511=DIRECTION('',(0.E0,1.E0,0.E0));
#2512=VECTOR('',#2511,2.37E-1);
#2513=CARTESIAN_POINT('',(3.76E0,-6.87E-1,-1.7E0));
#2514=LINE('',#2513,#2512);
#2515=CARTESIAN_POINT('',(4.01E0,-6.87E-1,-1.7E0));
#2516=DIRECTION('',(0.E0,0.E0,-1.E0));
#2517=DIRECTION('',(-6.615305020431E-1,-7.499182587899E-1,0.E0));
#2518=AXIS2_PLACEMENT_3D('',#2515,#2516,#2517);
#2520=DIRECTION('',(-7.499182587899E-1,6.615305020432E-1,0.E0));
#2521=VECTOR('',#2520,9.230926280716E-2);
#2522=CARTESIAN_POINT('',(3.913841776124E0,-9.355449576655E-1,-1.7E0));
#2523=LINE('',#2522,#2521);
#2524=CARTESIAN_POINT('',(3.55E0,-1.348E0,-1.7E0));
#2525=DIRECTION('',(0.E0,0.E0,1.E0));
#2526=DIRECTION('',(1.E0,0.E0,0.E0));
#2527=AXIS2_PLACEMENT_3D('',#2524,#2525,#2526);
#2529=DIRECTION('',(0.E0,1.E0,0.E0));
#2530=VECTOR('',#2529,7.220961894323E-1);
#2531=CARTESIAN_POINT('',(4.1E0,-2.070096189432E0,-1.7E0));
#2532=LINE('',#2531,#2530);
#2533=DIRECTION('',(-5.E-1,-8.660254037844E-1,0.E0));
#2534=VECTOR('',#2533,1.5E-1);
#2535=CARTESIAN_POINT('',(4.1E0,-2.070096189432E0,-1.7E0));
#2536=LINE('',#2535,#2534);
#2537=DIRECTION('',(1.E0,0.E0,0.E0));
#2538=VECTOR('',#2537,1.5E-1);
#2539=CARTESIAN_POINT('',(3.875E0,-2.2E0,-1.7E0));
#2540=LINE('',#2539,#2538);
#2541=DIRECTION('',(-5.E-1,8.660254037844E-1,0.E0));
#2542=VECTOR('',#2541,1.5E-1);
#2543=CARTESIAN_POINT('',(3.875E0,-2.2E0,-1.7E0));
#2544=LINE('',#2543,#2542);
#2545=DIRECTION('',(0.E0,-1.E0,0.E0));
#2546=VECTOR('',#2545,7.220961894323E-1);
#2547=CARTESIAN_POINT('',(3.8E0,-1.348E0,-1.7E0));
#2548=LINE('',#2547,#2546);
#2549=CARTESIAN_POINT('',(3.55E0,-1.348E0,-1.7E0));
#2550=DIRECTION('',(0.E0,0.E0,-1.E0));
#2551=DIRECTION('',(6.615305020432E-1,7.499182587899E-1,0.E0));
#2552=AXIS2_PLACEMENT_3D('',#2549,#2550,#2551);
#2554=DIRECTION('',(7.499182587899E-1,-6.615305020432E-1,0.E0));
#2555=VECTOR('',#2554,9.230926280717E-2);
#2556=CARTESIAN_POINT('',(3.646158223876E0,-1.099455042334E0,-1.7E0));
#2557=LINE('',#2556,#2555);
#2558=CARTESIAN_POINT('',(4.01E0,-6.87E-1,-1.7E0));
#2559=DIRECTION('',(0.E0,0.E0,1.E0));
#2560=DIRECTION('',(-1.E0,0.E0,0.E0));
#2561=AXIS2_PLACEMENT_3D('',#2558,#2559,#2560);
#2563=DIRECTION('',(0.E0,-1.E0,0.E0));
#2564=VECTOR('',#2563,2.37E-1);
#2565=CARTESIAN_POINT('',(3.46E0,-4.5E-1,-1.7E0));
#2566=LINE('',#2565,#2564);
#2567=CARTESIAN_POINT('',(-3.46E0,-4.5E-1,-1.6E0));
#2568=DIRECTION('',(-1.E0,0.E0,0.E0));
#2569=DIRECTION('',(0.E0,1.E0,0.E0));
#2570=AXIS2_PLACEMENT_3D('',#2567,#2568,#2569);
#2572=CARTESIAN_POINT('',(-3.76E0,-4.5E-1,-1.6E0));
#2573=DIRECTION('',(1.E0,0.E0,0.E0));
#2574=DIRECTION('',(0.E0,0.E0,-1.E0));
#2575=AXIS2_PLACEMENT_3D('',#2572,#2573,#2574);
#2577=DIRECTION('',(0.E0,0.E0,1.E0));
#2578=VECTOR('',#2577,9.E-1);
#2579=CARTESIAN_POINT('',(-3.646158223876E0,-1.099455042334E0,-2.6E0));
#2580=LINE('',#2579,#2578);
#2581=DIRECTION('',(0.E0,0.E0,1.E0));
#2582=VECTOR('',#2581,9.E-1);
#2583=CARTESIAN_POINT('',(-3.715382625511E0,-1.160520435303E0,-2.6E0));
#2584=LINE('',#2583,#2582);
#2585=DIRECTION('',(0.E0,0.E0,1.E0));
#2586=VECTOR('',#2585,9.E-1);
#2587=CARTESIAN_POINT('',(-3.8E0,-1.348E0,-2.6E0));
#2588=LINE('',#2587,#2586);
#2589=DIRECTION('',(0.E0,0.E0,1.E0));
#2590=VECTOR('',#2589,9.E-1);
#2591=CARTESIAN_POINT('',(-3.8E0,-2.070096189432E0,-2.6E0));
#2592=LINE('',#2591,#2590);
#2593=DIRECTION('',(0.E0,0.E0,1.E0));
#2594=VECTOR('',#2593,9.E-1);
#2595=CARTESIAN_POINT('',(-4.025E0,-2.2E0,-2.6E0));
#2596=LINE('',#2595,#2594);
#2597=DIRECTION('',(0.E0,0.E0,1.E0));
#2598=VECTOR('',#2597,9.E-1);
#2599=CARTESIAN_POINT('',(-3.875E0,-2.2E0,-2.6E0));
#2600=LINE('',#2599,#2598);
#2601=DIRECTION('',(0.E0,0.E0,1.E0));
#2602=VECTOR('',#2601,9.E-1);
#2603=CARTESIAN_POINT('',(-4.1E0,-2.070096189432E0,-2.6E0));
#2604=LINE('',#2603,#2602);
#2605=DIRECTION('',(0.E0,0.E0,1.E0));
#2606=VECTOR('',#2605,9.E-1);
#2607=CARTESIAN_POINT('',(-4.1E0,-1.348E0,-2.6E0));
#2608=LINE('',#2607,#2606);
#2609=DIRECTION('',(0.E0,0.E0,1.E0));
#2610=VECTOR('',#2609,9.E-1);
#2611=CARTESIAN_POINT('',(-3.913841776124E0,-9.355449576655E-1,-2.6E0));
#2612=LINE('',#2611,#2610);
#2613=DIRECTION('',(0.E0,0.E0,1.E0));
#2614=VECTOR('',#2613,9.E-1);
#2615=CARTESIAN_POINT('',(-3.844617374489E0,-8.744795646975E-1,-2.6E0));
#2616=LINE('',#2615,#2614);
#2617=CARTESIAN_POINT('',(3.76E0,-4.5E-1,-1.6E0));
#2618=DIRECTION('',(-1.E0,0.E0,0.E0));
#2619=DIRECTION('',(0.E0,1.E0,0.E0));
#2620=AXIS2_PLACEMENT_3D('',#2617,#2618,#2619);
#2622=CARTESIAN_POINT('',(3.46E0,-4.5E-1,-1.6E0));
#2623=DIRECTION('',(1.E0,0.E0,0.E0));
#2624=DIRECTION('',(0.E0,0.E0,-1.E0));
#2625=AXIS2_PLACEMENT_3D('',#2622,#2623,#2624);
#2627=DIRECTION('',(1.450078296323E-9,-1.E0,1.450077220731E-9));
#2628=VECTOR('',#2627,7.483433218240E-1);
#2629=CARTESIAN_POINT('',(3.459999998816E0,-1.016566788175E-1,
-1.500000011840E-1));
#2630=LINE('',#2629,#2628);
#2631=DIRECTION('',(0.E0,1.E0,0.E0));
#2632=VECTOR('',#2631,4.E-1);
#2633=CARTESIAN_POINT('',(3.46E0,-8.5E-1,-1.4E0));
#2634=LINE('',#2633,#2632);
#2635=DIRECTION('',(0.E0,0.E0,-1.E0));
#2636=VECTOR('',#2635,1.E-1);
#2637=CARTESIAN_POINT('',(3.46E0,-3.5E-1,-1.5E0));
#2638=LINE('',#2637,#2636);
#2639=DIRECTION('',(0.E0,0.E0,-1.E0));
#2640=VECTOR('',#2639,1.E-1);
#2641=CARTESIAN_POINT('',(3.46E0,-3.5E-1,-2.7E0));
#2642=LINE('',#2641,#2640);
#2643=DIRECTION('',(0.E0,1.E0,0.E0));
#2644=VECTOR('',#2643,4.E-1);
#2645=CARTESIAN_POINT('',(3.46E0,-8.5E-1,-2.9E0));
#2646=LINE('',#2645,#2644);
#2647=DIRECTION('',(1.690482559163E-8,-2.773187906196E-9,1.E0));
#2648=VECTOR('',#2647,5.000124898243E-1);
#2649=CARTESIAN_POINT('',(3.46E0,-8.5E-1,-4.55E0));
#2650=LINE('',#2649,#2648);
#2651=DIRECTION('',(2.559433521069E-10,5.629294617916E-6,-9.999999999842E-1));
#2652=VECTOR('',#2651,4.400006858205E0);
#2653=CARTESIAN_POINT('',(3.459999998816E0,-1.016566788175E-1,
-1.500000011840E-1));
#2654=LINE('',#2653,#2652);
#2655=CARTESIAN_POINT('',(3.46E0,-4.5E-1,-1.5E0));
#2656=DIRECTION('',(1.E0,0.E0,0.E0));
#2657=DIRECTION('',(0.E0,1.E0,0.E0));
#2658=AXIS2_PLACEMENT_3D('',#2655,#2656,#2657);
#2660=CARTESIAN_POINT('',(3.76E0,-4.5E-1,-1.5E0));
#2661=DIRECTION('',(-1.E0,0.E0,0.E0));
#2662=DIRECTION('',(0.E0,0.E0,1.E0));
#2663=AXIS2_PLACEMENT_3D('',#2660,#2661,#2662);
#2665=DIRECTION('',(0.E0,0.E0,1.E0));
#2666=VECTOR('',#2665,9.E-1);
#2667=CARTESIAN_POINT('',(3.46E0,-6.87E-1,-2.6E0));
#2668=LINE('',#2667,#2666);
#2669=DIRECTION('',(0.E0,0.E0,1.E0));
#2670=VECTOR('',#2669,9.E-1);
#2671=CARTESIAN_POINT('',(3.646158223876E0,-1.099455042334E0,-2.6E0));
#2672=LINE('',#2671,#2670);
#2673=DIRECTION('',(0.E0,0.E0,1.E0));
#2674=VECTOR('',#2673,9.E-1);
#2675=CARTESIAN_POINT('',(3.715382625511E0,-1.160520435303E0,-2.6E0));
#2676=LINE('',#2675,#2674);
#2677=DIRECTION('',(0.E0,0.E0,1.E0));
#2678=VECTOR('',#2677,9.E-1);
#2679=CARTESIAN_POINT('',(3.8E0,-2.070096189432E0,-2.6E0));
#2680=LINE('',#2679,#2678);
#2681=DIRECTION('',(0.E0,0.E0,1.E0));
#2682=VECTOR('',#2681,9.E-1);
#2683=CARTESIAN_POINT('',(3.8E0,-1.348E0,-2.6E0));
#2684=LINE('',#2683,#2682);
#2685=DIRECTION('',(0.E0,0.E0,1.E0));
#2686=VECTOR('',#2685,9.E-1);
#2687=CARTESIAN_POINT('',(4.025E0,-2.2E0,-2.6E0));
#2688=LINE('',#2687,#2686);
#2689=DIRECTION('',(0.E0,0.E0,1.E0));
#2690=VECTOR('',#2689,9.E-1);
#2691=CARTESIAN_POINT('',(3.875E0,-2.2E0,-2.6E0));
#2692=LINE('',#2691,#2690);
#2693=DIRECTION('',(0.E0,0.E0,1.E0));
#2694=VECTOR('',#2693,9.E-1);
#2695=CARTESIAN_POINT('',(4.1E0,-2.070096189432E0,-2.6E0));
#2696=LINE('',#2695,#2694);
#2697=DIRECTION('',(0.E0,0.E0,1.E0));
#2698=VECTOR('',#2697,9.E-1);
#2699=CARTESIAN_POINT('',(4.1E0,-1.348E0,-2.6E0));
#2700=LINE('',#2699,#2698);
#2701=DIRECTION('',(0.E0,0.E0,1.E0));
#2702=VECTOR('',#2701,9.E-1);
#2703=CARTESIAN_POINT('',(3.913841776124E0,-9.355449576655E-1,-2.6E0));
#2704=LINE('',#2703,#2702);
#2705=DIRECTION('',(0.E0,0.E0,1.E0));
#2706=VECTOR('',#2705,9.E-1);
#2707=CARTESIAN_POINT('',(3.844617374489E0,-8.744795646975E-1,-2.6E0));
#2708=LINE('',#2707,#2706);
#2709=CARTESIAN_POINT('',(3.46E0,-4.5E-1,-2.7E0));
#2710=DIRECTION('',(1.E0,0.E0,0.E0));
#2711=DIRECTION('',(0.E0,1.E0,0.E0));
#2712=AXIS2_PLACEMENT_3D('',#2709,#2710,#2711);
#2714=CARTESIAN_POINT('',(3.76E0,-4.5E-1,-2.7E0));
#2715=DIRECTION('',(-1.E0,0.E0,0.E0));
#2716=DIRECTION('',(0.E0,0.E0,1.E0));
#2717=AXIS2_PLACEMENT_3D('',#2714,#2715,#2716);
#2719=CARTESIAN_POINT('',(3.76E0,-4.5E-1,-2.8E0));
#2720=DIRECTION('',(-1.E0,0.E0,0.E0));
#2721=DIRECTION('',(0.E0,1.E0,0.E0));
#2722=AXIS2_PLACEMENT_3D('',#2719,#2720,#2721);
#2724=CARTESIAN_POINT('',(3.46E0,-4.5E-1,-2.8E0));
#2725=DIRECTION('',(1.E0,0.E0,0.E0));
#2726=DIRECTION('',(0.E0,0.E0,-1.E0));
#2727=AXIS2_PLACEMENT_3D('',#2724,#2725,#2726);
#2729=DIRECTION('',(7.736287937749E-11,-9.999999999580E-1,9.165702463803E-6));
#2730=VECTOR('',#2729,7.483680901489E-1);
#2731=CARTESIAN_POINT('',(3.459999999942E0,-1.016319098825E-1,
-4.550006859319E0));
#2732=LINE('',#2731,#2730);
#2733=CARTESIAN_POINT('',(3.459999999942E0,-1.016319098825E-1,
-4.550006859319E0));
#2734=CARTESIAN_POINT('',(3.459999999942E0,-1.101807884525E-1,
-4.550148461196E0));
#2735=CARTESIAN_POINT('',(3.460016811833E0,-1.264291277382E-1,
-4.552618611877E0));
#2736=CARTESIAN_POINT('',(3.459712152529E0,-1.469843230473E-1,
-4.560913856479E0));
#2737=CARTESIAN_POINT('',(3.458559493662E0,-1.631427856034E-1,
-4.571759195533E0));
#2738=CARTESIAN_POINT('',(3.456306999339E0,-1.759983631353E-1,
-4.584118467105E0));
#2739=CARTESIAN_POINT('',(3.451744393255E0,-1.874784787557E-1,
-4.600198986416E0));
#2740=CARTESIAN_POINT('',(3.444256939366E0,-1.952959068213E-1,
-4.617861718893E0));
#2741=CARTESIAN_POINT('',(3.434140120028E0,-1.993171188228E-1,
-4.634964375815E0));
#2742=CARTESIAN_POINT('',(3.426114472012E0,-2.E-1,-4.645180073705E0));
#2743=CARTESIAN_POINT('',(3.421803398875E0,-2.E-1,-4.65E0));
#2745=CARTESIAN_POINT('',(3.748748219370E0,-2.E-1,-4.65E0));
#2746=CARTESIAN_POINT('',(3.751097657628E0,-2.E-1,-4.639691881474E0));
#2747=CARTESIAN_POINT('',(3.755024282207E0,-1.968256843413E-1,
-4.619036361043E0));
#2748=CARTESIAN_POINT('',(3.758410104063E0,-1.824444097911E-1,
-4.590594329259E0));
#2749=CARTESIAN_POINT('',(3.759743839567E0,-1.606782480814E-1,
-4.568505374151E0));
#2750=CARTESIAN_POINT('',(3.760019572431E0,-1.326283665992E-1,
-4.553731453078E0));
#2751=CARTESIAN_POINT('',(3.759999999978E0,-1.119723917100E-1,
-4.550178071745E0));
#2752=CARTESIAN_POINT('',(3.759999999978E0,-1.016367519103E-1,
-4.550006860013E0));
#2754=CARTESIAN_POINT('',(3.759999999978E0,-1.016367519103E-1,
-4.550006860013E0));
#2755=CARTESIAN_POINT('',(3.759999999978E0,-1.013607419335E-1,
-4.550002287858E0));
#2756=CARTESIAN_POINT('',(3.759999583800E0,-1.008379778815E-1,
-4.550005715235E0));
#2757=CARTESIAN_POINT('',(3.759998336529E0,-1.002760768229E-1,-4.55E0));
#2758=CARTESIAN_POINT('',(3.759997504959E0,-1.000000025051E-1,-4.55E0));
#2760=DIRECTION('',(-5.735764363510E-1,8.191520442890E-1,0.E0));
#2761=VECTOR('',#2760,3.E-1);
#2762=CARTESIAN_POINT('',(1.411533624468E0,2.960364654527E-1,-4.55E0));
#2763=LINE('',#2762,#2761);
#2764=DIRECTION('',(-8.191520442890E-1,-5.735764363510E-1,0.E0));
#2765=VECTOR('',#2764,7.964698551722E-1);
#2766=CARTESIAN_POINT('',(2.063963534547E0,7.528728066433E-1,-4.55E0));
#2767=LINE('',#2766,#2765);
#2768=CARTESIAN_POINT('',(2.15E0,6.3E-1,-4.55E0));
#2769=DIRECTION('',(0.E0,0.E0,1.E0));
#2770=DIRECTION('',(0.E0,1.E0,0.E0));
#2771=AXIS2_PLACEMENT_3D('',#2768,#2769,#2770);
#2773=CARTESIAN_POINT('',(2.594539656665E0,5.3E-1,-4.55E0));
#2774=DIRECTION('',(0.E0,0.E0,-1.E0));
#2775=DIRECTION('',(0.E0,1.E0,0.E0));
#2776=AXIS2_PLACEMENT_3D('',#2773,#2774,#2775);
#2778=DIRECTION('',(6.978647269104E-1,-7.162295881449E-1,0.E0));
#2779=VECTOR('',#2778,8.819192597105E-1);
#2780=CARTESIAN_POINT('',(2.773597053701E0,7.044661817276E-1,-4.55E0));
#2781=LINE('',#2780,#2779);
#2782=CARTESIAN_POINT('',(3.21E0,-1.016566681595E-1,-4.55E0));
#2783=DIRECTION('',(0.E0,0.E0,-1.E0));
#2784=DIRECTION('',(7.162295881449E-1,6.978647269104E-1,0.E0));
#2785=AXIS2_PLACEMENT_3D('',#2782,#2783,#2784);
#2787=DIRECTION('',(1.E0,3.206238065821E-8,0.E0));
#2788=VECTOR('',#2787,3.000029940175E-1);
#2789=CARTESIAN_POINT('',(3.459994510941E0,-1.000000121239E-1,-4.55E0));
#2790=LINE('',#2789,#2788);
#2791=CARTESIAN_POINT('',(3.21E0,-1.016566681595E-1,-4.55E0));
#2792=DIRECTION('',(0.E0,0.E0,1.E0));
#2793=DIRECTION('',(9.999954635444E-1,3.012123926411E-3,0.E0));
#2794=AXIS2_PLACEMENT_3D('',#2791,#2792,#2793);
#2796=DIRECTION('',(-6.978647269104E-1,7.162295881449E-1,0.E0));
#2797=VECTOR('',#2796,8.819192597105E-1);
#2798=CARTESIAN_POINT('',(3.603926273480E0,2.821689316412E-1,-4.55E0));
#2799=LINE('',#2798,#2797);
#2800=CARTESIAN_POINT('',(2.594539656665E0,5.3E-1,-4.55E0));
#2801=DIRECTION('',(0.E0,0.E0,1.E0));
#2802=DIRECTION('',(7.162295881449E-1,6.978647269104E-1,0.E0));
#2803=AXIS2_PLACEMENT_3D('',#2800,#2801,#2802);
#2805=CARTESIAN_POINT('',(2.15E0,6.3E-1,-4.55E0));
#2806=DIRECTION('',(0.E0,0.E0,-1.E0));
#2807=DIRECTION('',(-5.735764363510E-1,8.191520442890E-1,0.E0));
#2808=AXIS2_PLACEMENT_3D('',#2805,#2806,#2807);
#2810=DIRECTION('',(8.191520442890E-1,5.735764363510E-1,0.E0));
#2811=VECTOR('',#2810,7.964698551722E-1);
#2812=CARTESIAN_POINT('',(1.239460693563E0,5.417820787394E-1,-4.55E0));
#2813=LINE('',#2812,#2811);
#2814=DIRECTION('',(-5.735764363510E-1,-8.191520442890E-1,0.E0));
#2815=VECTOR('',#2814,3.E-1);
#2816=CARTESIAN_POINT('',(-1.239460693563E0,5.417820787394E-1,-4.55E0));
#2817=LINE('',#2816,#2815);
#2818=DIRECTION('',(8.191520442890E-1,-5.735764363510E-1,0.E0));
#2819=VECTOR('',#2818,7.964698551722E-1);
#2820=CARTESIAN_POINT('',(-1.891890603642E0,9.986184199300E-1,-4.55E0));
#2821=LINE('',#2820,#2819);
#2822=CARTESIAN_POINT('',(-2.15E0,6.3E-1,-4.55E0));
#2823=DIRECTION('',(0.E0,0.E0,-1.E0));
#2824=DIRECTION('',(0.E0,1.E0,0.E0));
#2825=AXIS2_PLACEMENT_3D('',#2822,#2823,#2824);
#2827=CARTESIAN_POINT('',(-2.594539656665E0,5.3E-1,-4.55E0));
#2828=DIRECTION('',(0.E0,0.E0,1.E0));
#2829=DIRECTION('',(0.E0,1.E0,0.E0));
#2830=AXIS2_PLACEMENT_3D('',#2827,#2828,#2829);
#2832=DIRECTION('',(-6.978647269104E-1,-7.162295881449E-1,0.E0));
#2833=VECTOR('',#2832,8.819192597105E-1);
#2834=CARTESIAN_POINT('',(-2.988465930145E0,9.138255998007E-1,-4.55E0));
#2835=LINE('',#2834,#2833);
#2836=CARTESIAN_POINT('',(-3.21E0,-1.016566681595E-1,-4.55E0));
#2837=DIRECTION('',(0.E0,0.E0,1.E0));
#2838=DIRECTION('',(-7.162295881449E-1,6.978647269104E-1,0.E0));
#2839=AXIS2_PLACEMENT_3D('',#2836,#2837,#2838);
#2841=DIRECTION('',(1.E0,-3.206238042692E-8,0.E0));
#2842=VECTOR('',#2841,3.000029940175E-1);
#2843=CARTESIAN_POINT('',(-3.759997504959E0,-1.000000025051E-1,-4.55E0));
#2844=LINE('',#2843,#2842);
#2845=CARTESIAN_POINT('',(-3.21E0,-1.016566681595E-1,-4.55E0));
#2846=DIRECTION('',(0.E0,0.E0,-1.E0));
#2847=DIRECTION('',(-9.999780433638E-1,6.626672638104E-3,0.E0));
#2848=AXIS2_PLACEMENT_3D('',#2845,#2846,#2847);
#2850=DIRECTION('',(6.978647269104E-1,7.162295881449E-1,0.E0));
#2851=VECTOR('',#2850,8.819192597105E-1);
#2852=CARTESIAN_POINT('',(-3.389057397036E0,7.280951356808E-2,-4.55E0));
#2853=LINE('',#2852,#2851);
#2854=CARTESIAN_POINT('',(-2.594539656665E0,5.3E-1,-4.55E0));
#2855=DIRECTION('',(0.E0,0.E0,-1.E0));
#2856=DIRECTION('',(-7.162295881449E-1,6.978647269104E-1,0.E0));
#2857=AXIS2_PLACEMENT_3D('',#2854,#2855,#2856);
#2859=CARTESIAN_POINT('',(-2.15E0,6.3E-1,-4.55E0));
#2860=DIRECTION('',(0.E0,0.E0,1.E0));
#2861=DIRECTION('',(5.735764363510E-1,8.191520442890E-1,0.E0));
#2862=AXIS2_PLACEMENT_3D('',#2859,#2860,#2861);
#2864=DIRECTION('',(-8.191520442890E-1,5.735764363510E-1,0.E0));
#2865=VECTOR('',#2864,7.964698551722E-1);
#2866=CARTESIAN_POINT('',(-1.411533624468E0,2.960364654527E-1,-4.55E0));
#2867=LINE('',#2866,#2865);
#2868=DIRECTION('',(8.191520442890E-1,5.735764363510E-1,0.E0));
#2869=VECTOR('',#2868,4.153202714814E-1);
#2870=CARTESIAN_POINT('',(1.239460693563E0,5.417820787394E-1,-4.E0));
#2871=LINE('',#2870,#2869);
#2872=CARTESIAN_POINT('',(1.239460693563E0,5.417820787394E-1,-4.15E0));
#2873=DIRECTION('',(-5.735764363510E-1,8.191520442890E-1,0.E0));
#2874=DIRECTION('',(-8.191520442890E-1,-5.735764363510E-1,0.E0));
#2875=AXIS2_PLACEMENT_3D('',#2872,#2873,#2874);
#2877=DIRECTION('',(0.E0,0.E0,1.E0));
#2878=VECTOR('',#2877,2.5E-1);
#2879=CARTESIAN_POINT('',(1.116587886920E0,4.557456132867E-1,-4.4E0));
#2880=LINE('',#2879,#2878);
#2881=CARTESIAN_POINT('',(1.239460693563E0,5.417820787394E-1,-4.4E0));
#2882=DIRECTION('',(-5.735764363510E-1,8.191520442890E-1,0.E0));
#2883=DIRECTION('',(0.E0,0.E0,-1.E0));
#2884=AXIS2_PLACEMENT_3D('',#2881,#2882,#2883);
#2886=DIRECTION('',(1.E0,0.E0,0.E0));
#2887=VECTOR('',#2886,5.703288570182E-1);
#2888=CARTESIAN_POINT('',(-2.15E0,7.8E-1,-4.E0));
#2889=LINE('',#2888,#2887);
#2890=DIRECTION('',(0.E0,1.E0,0.E0));
#2891=VECTOR('',#2890,3.E-1);
#2892=CARTESIAN_POINT('',(-2.15E0,7.8E-1,-4.E0));
#2893=LINE('',#2892,#2891);
#2894=CARTESIAN_POINT('',(-2.15E0,6.3E-1,-4.E0));
#2895=DIRECTION('',(0.E0,0.E0,-1.E0));
#2896=DIRECTION('',(0.E0,1.E0,0.E0));
#2897=AXIS2_PLACEMENT_3D('',#2894,#2895,#2896);
#2899=DIRECTION('',(8.191520442890E-1,-5.735764363510E-1,0.E0));
#2900=VECTOR('',#2899,3.811495836908E-1);
#2901=CARTESIAN_POINT('',(-1.891890603642E0,9.986184199300E-1,-4.E0));
#2902=LINE('',#2901,#2900);
#2903=DIRECTION('',(1.E0,0.E0,0.E0));
#2904=VECTOR('',#2903,5.703288570182E-1);
#2905=CARTESIAN_POINT('',(1.579671142982E0,7.8E-1,-4.E0));
#2906=LINE('',#2905,#2904);
#2907=DIRECTION('',(8.191520442890E-1,5.735764363510E-1,0.E0));
#2908=VECTOR('',#2907,3.811495836908E-1);
#2909=CARTESIAN_POINT('',(1.579671142982E0,7.8E-1,-4.E0));
#2910=LINE('',#2909,#2908);
#2911=CARTESIAN_POINT('',(2.15E0,6.3E-1,-4.E0));
#2912=DIRECTION('',(0.E0,0.E0,-1.E0));
#2913=DIRECTION('',(-5.735764363510E-1,8.191520442890E-1,0.E0));
#2914=AXIS2_PLACEMENT_3D('',#2911,#2912,#2913);
#2916=DIRECTION('',(0.E0,-1.E0,0.E0));
#2917=VECTOR('',#2916,3.E-1);
#2918=CARTESIAN_POINT('',(2.15E0,1.08E0,-4.E0));
#2919=LINE('',#2918,#2917);
#2920=CARTESIAN_POINT('',(-2.15E0,7.8E-1,-3.85E0));
#2921=DIRECTION('',(0.E0,1.E0,0.E0));
#2922=DIRECTION('',(1.184237892934E-14,0.E0,-1.E0));
#2923=AXIS2_PLACEMENT_3D('',#2920,#2921,#2922);
#2925=CARTESIAN_POINT('',(-2.15E0,1.08E0,-3.85E0));
#2926=DIRECTION('',(0.E0,-1.E0,0.E0));
#2927=DIRECTION('',(0.E0,0.E0,1.E0));
#2928=AXIS2_PLACEMENT_3D('',#2925,#2926,#2927);
#2930=DIRECTION('',(0.E0,1.E0,0.E0));
#2931=VECTOR('',#2930,3.E-1);
#2932=CARTESIAN_POINT('',(-2.15E0,7.8E-1,-3.7E0));
#2933=LINE('',#2932,#2931);
#2934=DIRECTION('',(1.E0,0.E0,0.E0));
#2935=VECTOR('',#2934,1.5E0);
#2936=CARTESIAN_POINT('',(-2.15E0,7.8E-1,-3.7E0));
#2937=LINE('',#2936,#2935);
#2938=DIRECTION('',(0.E0,0.E0,1.E0));
#2939=VECTOR('',#2938,5.5E-1);
#2940=CARTESIAN_POINT('',(-2.15E0,1.08E0,-4.55E0));
#2941=LINE('',#2940,#2939);
#2942=DIRECTION('',(0.E0,0.E0,1.E0));
#2943=VECTOR('',#2942,5.5E-1);
#2944=CARTESIAN_POINT('',(-1.891890603642E0,9.986184199300E-1,-4.55E0));
#2945=LINE('',#2944,#2943);
#2946=CARTESIAN_POINT('',(-1.239460693563E0,5.417820787394E-1,-4.4E0));
#2947=DIRECTION('',(5.735764363510E-1,8.191520442890E-1,0.E0));
#2948=DIRECTION('',(8.191520442890E-1,-5.735764363510E-1,-1.184237892934E-14));
#2949=AXIS2_PLACEMENT_3D('',#2946,#2947,#2948);
#2951=CARTESIAN_POINT('',(-1.239460693563E0,5.417820787394E-1,-4.15E0));
#2952=DIRECTION('',(5.735764363510E-1,8.191520442890E-1,0.E0));
#2953=DIRECTION('',(0.E0,0.E0,1.E0));
#2954=AXIS2_PLACEMENT_3D('',#2951,#2952,#2953);
#2956=DIRECTION('',(-8.191520442890E-1,5.735764363510E-1,0.E0));
#2957=VECTOR('',#2956,4.153202714814E-1);
#2958=CARTESIAN_POINT('',(-1.239460693563E0,5.417820787394E-1,-4.E0));
#2959=LINE('',#2958,#2957);
#2960=DIRECTION('',(-8.191520442890E-1,5.735764363510E-1,0.E0));
#2961=VECTOR('',#2960,7.964698551722E-1);
#2962=CARTESIAN_POINT('',(-1.411533624469E0,2.960364654527E-1,-4.E0));
#2963=LINE('',#2962,#2961);
#2964=CARTESIAN_POINT('',(-1.411533624469E0,2.960364654527E-1,-4.15E0));
#2965=DIRECTION('',(-5.735764363510E-1,-8.191520442890E-1,0.E0));
#2966=DIRECTION('',(8.191520442890E-1,-5.735764363510E-1,0.E0));
#2967=AXIS2_PLACEMENT_3D('',#2964,#2965,#2966);
#2969=DIRECTION('',(0.E0,0.E0,1.E0));
#2970=VECTOR('',#2969,2.5E-1);
#2971=CARTESIAN_POINT('',(-1.288660817825E0,2.1E-1,-4.4E0));
#2972=LINE('',#2971,#2970);
#2973=CARTESIAN_POINT('',(-1.411533624469E0,2.960364654527E-1,-4.4E0));
#2974=DIRECTION('',(-5.735764363510E-1,-8.191520442890E-1,0.E0));
#2975=DIRECTION('',(1.036208156317E-14,0.E0,-1.E0));
#2976=AXIS2_PLACEMENT_3D('',#2973,#2974,#2975);
#2978=DIRECTION('',(0.E0,0.E0,1.E0));
#2979=VECTOR('',#2978,5.5E-1);
#2980=CARTESIAN_POINT('',(-2.063963534547E0,7.528728066433E-1,-4.55E0));
#2981=LINE('',#2980,#2979);
#2982=CARTESIAN_POINT('',(-2.15E0,6.3E-1,-4.E0));
#2983=DIRECTION('',(0.E0,0.E0,-1.E0));
#2984=DIRECTION('',(1.361873576874E-13,1.E0,0.E0));
#2985=AXIS2_PLACEMENT_3D('',#2982,#2983,#2984);
#2987=DIRECTION('',(5.735764363510E-1,8.191520442890E-1,0.E0));
#2988=VECTOR('',#2987,3.E-1);
#2989=CARTESIAN_POINT('',(-1.411533624469E0,2.960364654527E-1,-4.E0));
#2990=LINE('',#2989,#2988);
#2991=DIRECTION('',(-5.735764363510E-1,-8.191520442890E-1,0.E0));
#2992=VECTOR('',#2991,3.E-1);
#2993=CARTESIAN_POINT('',(-1.116587886920E0,4.557456132867E-1,-4.4E0));
#2994=LINE('',#2993,#2992);
#2995=DIRECTION('',(5.735764363510E-1,8.191520442890E-1,0.E0));
#2996=VECTOR('',#2995,3.E-1);
#2997=CARTESIAN_POINT('',(-1.288660817825E0,2.1E-1,-4.15E0));
#2998=LINE('',#2997,#2996);
#2999=DIRECTION('',(0.E0,0.E0,1.E0));
#3000=VECTOR('',#2999,2.5E-1);
#3001=CARTESIAN_POINT('',(-1.116587886920E0,4.557456132867E-1,-4.4E0));
#3002=LINE('',#3001,#3000);
#3003=DIRECTION('',(0.E0,0.E0,1.E0));
#3004=VECTOR('',#3003,5.5E-1);
#3005=CARTESIAN_POINT('',(1.891890603642E0,9.986184199300E-1,-4.55E0));
#3006=LINE('',#3005,#3004);
#3007=CARTESIAN_POINT('',(2.15E0,1.08E0,-3.85E0));
#3008=DIRECTION('',(0.E0,-1.E0,0.E0));
#3009=DIRECTION('',(0.E0,0.E0,-1.E0));
#3010=AXIS2_PLACEMENT_3D('',#3007,#3008,#3009);
#3012=CARTESIAN_POINT('',(2.15E0,7.8E-1,-3.85E0));
#3013=DIRECTION('',(0.E0,-1.E0,0.E0));
#3014=DIRECTION('',(0.E0,0.E0,-1.E0));
#3015=AXIS2_PLACEMENT_3D('',#3012,#3013,#3014);
#3017=DIRECTION('',(0.E0,-1.E0,0.E0));
#3018=VECTOR('',#3017,3.E-1);
#3019=CARTESIAN_POINT('',(6.5E-1,1.08E0,-3.7E0));
#3020=LINE('',#3019,#3018);
#3021=DIRECTION('',(1.E0,0.E0,0.E0));
#3022=VECTOR('',#3021,1.5E0);
#3023=CARTESIAN_POINT('',(6.5E-1,7.8E-1,-3.7E0));
#3024=LINE('',#3023,#3022);
#3025=DIRECTION('',(0.E0,-1.E0,0.E0));
#3026=VECTOR('',#3025,3.E-1);
#3027=CARTESIAN_POINT('',(2.15E0,1.08E0,-3.7E0));
#3028=LINE('',#3027,#3026);
#3029=DIRECTION('',(0.E0,0.E0,-1.E0));
#3030=VECTOR('',#3029,8.5E-1);
#3031=CARTESIAN_POINT('',(6.5E-1,1.08E0,-3.7E0));
#3032=LINE('',#3031,#3030);
#3033=CARTESIAN_POINT('',(6.5E-1,6.3E-1,-4.55E0));
#3034=DIRECTION('',(1.E0,0.E0,0.E0));
#3035=DIRECTION('',(0.E0,0.E0,-1.E0));
#3036=AXIS2_PLACEMENT_3D('',#3033,#3034,#3035);
#3038=DIRECTION('',(0.E0,1.E0,0.E0));
#3039=VECTOR('',#3038,1.5E-1);
#3040=CARTESIAN_POINT('',(6.5E-1,4.8E-1,-5.E0));
#3041=LINE('',#3040,#3039);
#3042=DIRECTION('',(0.E0,0.E0,1.E0));
#3043=VECTOR('',#3042,3.E-1);
#3044=CARTESIAN_POINT('',(6.5E-1,4.8E-1,-5.E0));
#3045=LINE('',#3044,#3043);
#3046=DIRECTION('',(0.E0,-1.E0,0.E0));
#3047=VECTOR('',#3046,3.E-1);
#3048=CARTESIAN_POINT('',(6.5E-1,7.8E-1,-4.7E0));
#3049=LINE('',#3048,#3047);
#3050=DIRECTION('',(0.E0,0.E0,1.E0));
#3051=VECTOR('',#3050,2.8E-1);
#3052=CARTESIAN_POINT('',(6.5E-1,7.8E-1,-4.7E0));
#3053=LINE('',#3052,#3051);
#3054=CARTESIAN_POINT('',(-1.575E0,1.3E-1,-5.E0));
#3055=DIRECTION('',(0.E0,0.E0,-1.E0));
#3056=DIRECTION('',(-1.E0,0.E0,0.E0));
#3057=AXIS2_PLACEMENT_3D('',#3054,#3055,#3056);
#3059=DIRECTION('',(0.E0,1.E0,0.E0));
#3060=VECTOR('',#3059,8.9E-1);
#3061=CARTESIAN_POINT('',(-1.775E0,-7.6E-1,-5.E0));
#3062=LINE('',#3061,#3060);
#3063=DIRECTION('',(-1.E0,0.E0,0.E0));
#3064=VECTOR('',#3063,6.E-1);
#3065=CARTESIAN_POINT('',(-1.175E0,-7.6E-1,-5.E0));
#3066=LINE('',#3065,#3064);
#3067=DIRECTION('',(0.E0,-1.E0,0.E0));
#3068=VECTOR('',#3067,1.E-1);
#3069=CARTESIAN_POINT('',(-1.175E0,-6.6E-1,-5.E0));
#3070=LINE('',#3069,#3068);
#3071=CARTESIAN_POINT('',(-1.025E0,-6.6E-1,-5.E0));
#3072=DIRECTION('',(0.E0,0.E0,1.E0));
#3073=DIRECTION('',(1.E0,0.E0,0.E0));
#3074=AXIS2_PLACEMENT_3D('',#3071,#3072,#3073);
#3076=DIRECTION('',(0.E0,1.E0,0.E0));
#3077=VECTOR('',#3076,1.E-1);
#3078=CARTESIAN_POINT('',(-8.75E-1,-7.6E-1,-5.E0));
#3079=LINE('',#3078,#3077);
#3080=DIRECTION('',(-1.E0,0.E0,0.E0));
#3081=VECTOR('',#3080,1.75E0);
#3082=CARTESIAN_POINT('',(8.75E-1,-7.6E-1,-5.E0));
#3083=LINE('',#3082,#3081);
#3084=DIRECTION('',(0.E0,-1.E0,0.E0));
#3085=VECTOR('',#3084,1.E-1);
#3086=CARTESIAN_POINT('',(8.75E-1,-6.6E-1,-5.E0));
#3087=LINE('',#3086,#3085);
#3088=CARTESIAN_POINT('',(1.025E0,-6.6E-1,-5.E0));
#3089=DIRECTION('',(0.E0,0.E0,1.E0));
#3090=DIRECTION('',(1.E0,0.E0,0.E0));
#3091=AXIS2_PLACEMENT_3D('',#3088,#3089,#3090);
#3093=DIRECTION('',(0.E0,1.E0,0.E0));
#3094=VECTOR('',#3093,1.E-1);
#3095=CARTESIAN_POINT('',(1.175E0,-7.6E-1,-5.E0));
#3096=LINE('',#3095,#3094);
#3097=DIRECTION('',(-1.E0,0.E0,0.E0));
#3098=VECTOR('',#3097,6.E-1);
#3099=CARTESIAN_POINT('',(1.775E0,-7.6E-1,-5.E0));
#3100=LINE('',#3099,#3098);
#3101=DIRECTION('',(0.E0,-1.E0,0.E0));
#3102=VECTOR('',#3101,8.9E-1);
#3103=CARTESIAN_POINT('',(1.775E0,1.3E-1,-5.E0));
#3104=LINE('',#3103,#3102);
#3105=CARTESIAN_POINT('',(1.575E0,1.3E-1,-5.E0));
#3106=DIRECTION('',(0.E0,0.E0,-1.E0));
#3107=DIRECTION('',(0.E0,1.E0,0.E0));
#3108=AXIS2_PLACEMENT_3D('',#3105,#3106,#3107);
#3110=DIRECTION('',(1.E0,0.E0,0.E0));
#3111=VECTOR('',#3110,7.75E-1);
#3112=CARTESIAN_POINT('',(8.E-1,3.3E-1,-5.E0));
#3113=LINE('',#3112,#3111);
#3114=DIRECTION('',(-1.E0,0.E0,0.E0));
#3115=VECTOR('',#3114,1.3E0);
#3116=CARTESIAN_POINT('',(6.5E-1,6.3E-1,-5.E0));
#3117=LINE('',#3116,#3115);
#3118=DIRECTION('',(1.E0,0.E0,0.E0));
#3119=VECTOR('',#3118,7.75E-1);
#3120=CARTESIAN_POINT('',(-1.575E0,3.3E-1,-5.E0));
#3121=LINE('',#3120,#3119);
#3122=CARTESIAN_POINT('',(-1.575E0,1.3E-1,-4.7E0));
#3123=DIRECTION('',(0.E0,0.E0,1.E0));
#3124=DIRECTION('',(0.E0,1.E0,0.E0));
#3125=AXIS2_PLACEMENT_3D('',#3122,#3123,#3124);
#3127=DIRECTION('',(1.E0,0.E0,0.E0));
#3128=VECTOR('',#3127,7.75E-1);
#3129=CARTESIAN_POINT('',(-1.575E0,3.3E-1,-4.7E0));
#3130=LINE('',#3129,#3128);
#3131=DIRECTION('',(1.E0,0.E0,0.E0));
#3132=VECTOR('',#3131,1.3E0);
#3133=CARTESIAN_POINT('',(-6.5E-1,7.8E-1,-4.7E0));
#3134=LINE('',#3133,#3132);
#3135=DIRECTION('',(1.E0,0.E0,0.E0));
#3136=VECTOR('',#3135,7.75E-1);
#3137=CARTESIAN_POINT('',(8.E-1,3.3E-1,-4.7E0));
#3138=LINE('',#3137,#3136);
#3139=CARTESIAN_POINT('',(1.575E0,1.3E-1,-4.7E0));
#3140=DIRECTION('',(0.E0,0.E0,1.E0));
#3141=DIRECTION('',(1.E0,0.E0,0.E0));
#3142=AXIS2_PLACEMENT_3D('',#3139,#3140,#3141);
#3144=DIRECTION('',(0.E0,-1.E0,0.E0));
#3145=VECTOR('',#3144,8.9E-1);
#3146=CARTESIAN_POINT('',(1.775E0,1.3E-1,-4.7E0));
#3147=LINE('',#3146,#3145);
#3148=DIRECTION('',(-1.E0,0.E0,0.E0));
#3149=VECTOR('',#3148,6.E-1);
#3150=CARTESIAN_POINT('',(1.775E0,-7.6E-1,-4.7E0));
#3151=LINE('',#3150,#3149);
#3152=DIRECTION('',(0.E0,1.E0,0.E0));
#3153=VECTOR('',#3152,1.E-1);
#3154=CARTESIAN_POINT('',(1.175E0,-7.6E-1,-4.7E0));
#3155=LINE('',#3154,#3153);
#3156=CARTESIAN_POINT('',(1.025E0,-6.6E-1,-4.7E0));
#3157=DIRECTION('',(0.E0,0.E0,1.E0));
#3158=DIRECTION('',(1.E0,0.E0,0.E0));
#3159=AXIS2_PLACEMENT_3D('',#3156,#3157,#3158);
#3161=DIRECTION('',(0.E0,-1.E0,0.E0));
#3162=VECTOR('',#3161,1.E-1);
#3163=CARTESIAN_POINT('',(8.75E-1,-6.6E-1,-4.7E0));
#3164=LINE('',#3163,#3162);
#3165=DIRECTION('',(-1.E0,0.E0,0.E0));
#3166=VECTOR('',#3165,1.75E0);
#3167=CARTESIAN_POINT('',(8.75E-1,-7.6E-1,-4.7E0));
#3168=LINE('',#3167,#3166);
#3169=DIRECTION('',(0.E0,1.E0,0.E0));
#3170=VECTOR('',#3169,1.E-1);
#3171=CARTESIAN_POINT('',(-8.75E-1,-7.6E-1,-4.7E0));
#3172=LINE('',#3171,#3170);
#3173=CARTESIAN_POINT('',(-1.025E0,-6.6E-1,-4.7E0));
#3174=DIRECTION('',(0.E0,0.E0,1.E0));
#3175=DIRECTION('',(1.E0,0.E0,0.E0));
#3176=AXIS2_PLACEMENT_3D('',#3173,#3174,#3175);
#3178=DIRECTION('',(0.E0,-1.E0,0.E0));
#3179=VECTOR('',#3178,1.E-1);
#3180=CARTESIAN_POINT('',(-1.175E0,-6.6E-1,-4.7E0));
#3181=LINE('',#3180,#3179);
#3182=DIRECTION('',(-1.E0,0.E0,0.E0));
#3183=VECTOR('',#3182,6.E-1);
#3184=CARTESIAN_POINT('',(-1.175E0,-7.6E-1,-4.7E0));
#3185=LINE('',#3184,#3183);
#3186=DIRECTION('',(0.E0,1.E0,0.E0));
#3187=VECTOR('',#3186,8.9E-1);
#3188=CARTESIAN_POINT('',(-1.775E0,-7.6E-1,-4.7E0));
#3189=LINE('',#3188,#3187);
#3190=DIRECTION('',(0.E0,0.E0,1.E0));
#3191=VECTOR('',#3190,3.E-1);
#3192=CARTESIAN_POINT('',(-1.575E0,3.3E-1,-5.E0));
#3193=LINE('',#3192,#3191);
#3194=DIRECTION('',(0.E0,0.E0,-1.E0));
#3195=VECTOR('',#3194,3.E-1);
#3196=CARTESIAN_POINT('',(-8.E-1,3.3E-1,-4.7E0));
#3197=LINE('',#3196,#3195);
#3198=DIRECTION('',(0.E0,0.E0,1.E0));
#3199=VECTOR('',#3198,3.E-1);
#3200=CARTESIAN_POINT('',(1.575E0,3.3E-1,-5.E0));
#3201=LINE('',#3200,#3199);
#3202=DIRECTION('',(0.E0,0.E0,1.E0));
#3203=VECTOR('',#3202,3.E-1);
#3204=CARTESIAN_POINT('',(8.E-1,3.3E-1,-5.E0));
#3205=LINE('',#3204,#3203);
#3206=CARTESIAN_POINT('',(-8.E-1,4.8E-1,-4.7E0));
#3207=DIRECTION('',(0.E0,0.E0,-1.E0));
#3208=DIRECTION('',(1.E0,0.E0,0.E0));
#3209=AXIS2_PLACEMENT_3D('',#3206,#3207,#3208);
#3211=CARTESIAN_POINT('',(-8.E-1,4.8E-1,-5.E0));
#3212=DIRECTION('',(0.E0,0.E0,1.E0));
#3213=DIRECTION('',(0.E0,-1.E0,0.E0));
#3214=AXIS2_PLACEMENT_3D('',#3211,#3212,#3213);
#3216=DIRECTION('',(0.E0,0.E0,1.E0));
#3217=VECTOR('',#3216,3.E-1);
#3218=CARTESIAN_POINT('',(1.775E0,1.3E-1,-5.E0));
#3219=LINE('',#3218,#3217);
#3220=DIRECTION('',(0.E0,0.E0,1.E0));
#3221=VECTOR('',#3220,3.E-1);
#3222=CARTESIAN_POINT('',(1.775E0,-7.6E-1,-5.E0));
#3223=LINE('',#3222,#3221);
#3224=DIRECTION('',(0.E0,0.E0,1.E0));
#3225=VECTOR('',#3224,3.E-1);
#3226=CARTESIAN_POINT('',(1.175E0,-7.6E-1,-5.E0));
#3227=LINE('',#3226,#3225);
#3228=DIRECTION('',(0.E0,0.E0,1.E0));
#3229=VECTOR('',#3228,3.E-1);
#3230=CARTESIAN_POINT('',(1.175E0,-6.6E-1,-5.E0));
#3231=LINE('',#3230,#3229);
#3232=DIRECTION('',(0.E0,0.E0,1.E0));
#3233=VECTOR('',#3232,3.E-1);
#3234=CARTESIAN_POINT('',(8.75E-1,-6.6E-1,-5.E0));
#3235=LINE('',#3234,#3233);
#3236=DIRECTION('',(0.E0,0.E0,1.E0));
#3237=VECTOR('',#3236,3.E-1);
#3238=CARTESIAN_POINT('',(8.75E-1,-7.6E-1,-5.E0));
#3239=LINE('',#3238,#3237);
#3240=DIRECTION('',(0.E0,0.E0,1.E0));
#3241=VECTOR('',#3240,3.E-1);
#3242=CARTESIAN_POINT('',(-8.75E-1,-7.6E-1,-5.E0));
#3243=LINE('',#3242,#3241);
#3244=DIRECTION('',(0.E0,0.E0,1.E0));
#3245=VECTOR('',#3244,3.E-1);
#3246=CARTESIAN_POINT('',(-8.75E-1,-6.6E-1,-5.E0));
#3247=LINE('',#3246,#3245);
#3248=DIRECTION('',(0.E0,0.E0,1.E0));
#3249=VECTOR('',#3248,3.E-1);
#3250=CARTESIAN_POINT('',(-1.175E0,-6.6E-1,-5.E0));
#3251=LINE('',#3250,#3249);
#3252=DIRECTION('',(0.E0,0.E0,1.E0));
#3253=VECTOR('',#3252,3.E-1);
#3254=CARTESIAN_POINT('',(-1.175E0,-7.6E-1,-5.E0));
#3255=LINE('',#3254,#3253);
#3256=DIRECTION('',(0.E0,0.E0,1.E0));
#3257=VECTOR('',#3256,3.E-1);
#3258=CARTESIAN_POINT('',(-1.775E0,1.3E-1,-5.E0));
#3259=LINE('',#3258,#3257);
#3260=DIRECTION('',(0.E0,0.E0,1.E0));
#3261=VECTOR('',#3260,3.E-1);
#3262=CARTESIAN_POINT('',(-1.775E0,-7.6E-1,-5.E0));
#3263=LINE('',#3262,#3261);
#3264=CARTESIAN_POINT('',(8.E-1,4.8E-1,-5.E0));
#3265=DIRECTION('',(0.E0,0.E0,1.E0));
#3266=DIRECTION('',(-1.E0,0.E0,0.E0));
#3267=AXIS2_PLACEMENT_3D('',#3264,#3265,#3266);
#3269=CARTESIAN_POINT('',(8.E-1,4.8E-1,-4.7E0));
#3270=DIRECTION('',(0.E0,0.E0,-1.E0));
#3271=DIRECTION('',(0.E0,-1.E0,0.E0));
#3272=AXIS2_PLACEMENT_3D('',#3269,#3270,#3271);
#3274=DIRECTION('',(5.735764363510E-1,-8.191520442890E-1,0.E0));
#3275=VECTOR('',#3274,3.E-1);
#3276=CARTESIAN_POINT('',(1.239460693563E0,5.417820787394E-1,-4.E0));
#3277=LINE('',#3276,#3275);
#3278=DIRECTION('',(0.E0,0.E0,1.E0));
#3279=VECTOR('',#3278,5.5E-1);
#3280=CARTESIAN_POINT('',(2.063963534547E0,7.528728066433E-1,-4.55E0));
#3281=LINE('',#3280,#3279);
#3282=CARTESIAN_POINT('',(1.411533624468E0,2.960364654527E-1,-4.4E0));
#3283=DIRECTION('',(5.735764363510E-1,-8.191520442890E-1,0.E0));
#3284=DIRECTION('',(-8.191520442890E-1,-5.735764363510E-1,0.E0));
#3285=AXIS2_PLACEMENT_3D('',#3282,#3283,#3284);
#3287=CARTESIAN_POINT('',(1.411533624468E0,2.960364654527E-1,-4.15E0));
#3288=DIRECTION('',(5.735764363510E-1,-8.191520442890E-1,0.E0));
#3289=DIRECTION('',(0.E0,0.E0,1.E0));
#3290=AXIS2_PLACEMENT_3D('',#3287,#3288,#3289);
#3292=DIRECTION('',(-8.191520442890E-1,-5.735764363510E-1,0.E0));
#3293=VECTOR('',#3292,7.964698551722E-1);
#3294=CARTESIAN_POINT('',(2.063963534547E0,7.528728066433E-1,-4.E0));
#3295=LINE('',#3294,#3293);
#3296=CARTESIAN_POINT('',(2.15E0,6.3E-1,-4.E0));
#3297=DIRECTION('',(0.E0,0.E0,-1.E0));
#3298=DIRECTION('',(-5.735764363510E-1,8.191520442890E-1,0.E0));
#3299=AXIS2_PLACEMENT_3D('',#3296,#3297,#3298);
#3301=DIRECTION('',(-1.130408897800E-14,0.E0,1.E0));
#3302=VECTOR('',#3301,5.5E-1);
#3303=CARTESIAN_POINT('',(2.15E0,7.8E-1,-4.55E0));
#3304=LINE('',#3303,#3302);
#3305=DIRECTION('',(-5.735764363510E-1,8.191520442890E-1,0.E0));
#3306=VECTOR('',#3305,3.E-1);
#3307=CARTESIAN_POINT('',(1.288660817825E0,2.1E-1,-4.4E0));
#3308=LINE('',#3307,#3306);
#3309=DIRECTION('',(5.735764363510E-1,-8.191520442890E-1,0.E0));
#3310=VECTOR('',#3309,3.E-1);
#3311=CARTESIAN_POINT('',(1.116587886920E0,4.557456132867E-1,-4.15E0));
#3312=LINE('',#3311,#3310);
#3313=DIRECTION('',(0.E0,0.E0,1.E0));
#3314=VECTOR('',#3313,2.5E-1);
#3315=CARTESIAN_POINT('',(1.288660817825E0,2.1E-1,-4.4E0));
#3316=LINE('',#3315,#3314);
#3317=CARTESIAN_POINT('',(2.594539656665E0,5.3E-1,-1.5E-1));
#3318=DIRECTION('',(0.E0,0.E0,-1.E0));
#3319=DIRECTION('',(0.E0,1.E0,0.E0));
#3320=AXIS2_PLACEMENT_3D('',#3317,#3318,#3319);
#3322=DIRECTION('',(-6.333495344666E-10,5.125528789537E-11,-1.E0));
#3323=VECTOR('',#3322,4.399999999774E0);
#3324=CARTESIAN_POINT('',(2.594539659452E0,7.799999997745E-1,
-1.500000002255E-1));
#3325=LINE('',#3324,#3323);
#3326=DIRECTION('',(6.978647260995E-1,-7.162295889350E-1,-1.132221661299E-9));
#3327=VECTOR('',#3326,8.819192634046E-1);
#3328=CARTESIAN_POINT('',(2.773597053981E0,7.044661810698E-1,
-1.500000002589E-1));
#3329=LINE('',#3328,#3327);
#3330=DIRECTION('',(-6.351606110127E-11,1.494934479325E-10,-1.E0));
#3331=VECTOR('',#3330,4.399999999741E0);
#3332=CARTESIAN_POINT('',(2.773597053981E0,7.044661810698E-1,
-1.500000002589E-1));
#3333=LINE('',#3332,#3331);
#3334=CARTESIAN_POINT('',(3.21E0,-1.016566681595E-1,-1.5E-1));
#3335=DIRECTION('',(0.E0,0.E0,-1.E0));
#3336=DIRECTION('',(7.162295881449E-1,6.978647269104E-1,0.E0));
#3337=AXIS2_PLACEMENT_3D('',#3334,#3335,#3336);
#3339=CARTESIAN_POINT('',(3.459994510941E0,-1.000000121239E-1,-4.55E0));
#3340=CARTESIAN_POINT('',(3.459996345588E0,-1.002768700436E-1,-4.55E0));
#3341=CARTESIAN_POINT('',(3.459999090284E0,-1.008422508767E-1,
-4.550005731302E0));
#3342=CARTESIAN_POINT('',(3.459999999942E0,-1.013565591325E-1,
-4.550002298466E0));
#3343=CARTESIAN_POINT('',(3.459999999942E0,-1.016319098825E-1,
-4.550006859319E0));
#3345=DIRECTION('',(-4.868788202281E-10,9.091866687621E-10,-1.E0));
#3346=VECTOR('',#3345,4.399999998743E0);
#3347=CARTESIAN_POINT('',(3.389057399178E0,7.280950956766E-2,
-1.500000012574E-1));
#3348=LINE('',#3347,#3346);
#3349=DIRECTION('',(-4.919720211460E-12,4.377191033896E-6,-9.999999999904E-1));
#3350=VECTOR('',#3349,4.550006860057E0);
#3351=CARTESIAN_POINT('',(3.76E0,-1.016566681595E-1,0.E0));
#3352=LINE('',#3351,#3350);
#3353=DIRECTION('',(0.E0,0.E0,-1.E0));
#3354=VECTOR('',#3353,4.55E0);
#3355=CARTESIAN_POINT('',(3.603926273480E0,2.821689316412E-1,0.E0));
#3356=LINE('',#3355,#3354);
#3357=DIRECTION('',(0.E0,0.E0,-1.E0));
#3358=VECTOR('',#3357,4.55E0);
#3359=CARTESIAN_POINT('',(2.988465930145E0,9.138255998007E-1,0.E0));
#3360=LINE('',#3359,#3358);
#3361=DIRECTION('',(0.E0,0.E0,-1.E0));
#3362=VECTOR('',#3361,4.55E0);
#3363=CARTESIAN_POINT('',(-2.594539656665E0,1.08E0,0.E0));
#3364=LINE('',#3363,#3362);
#3365=DIRECTION('',(0.E0,0.E0,-1.E0));
#3366=VECTOR('',#3365,4.55E0);
#3367=CARTESIAN_POINT('',(-2.988465930145E0,9.138255998007E-1,0.E0));
#3368=LINE('',#3367,#3366);
#3369=DIRECTION('',(0.E0,0.E0,-1.E0));
#3370=VECTOR('',#3369,4.55E0);
#3371=CARTESIAN_POINT('',(-3.603926273480E0,2.821689316412E-1,0.E0));
#3372=LINE('',#3371,#3370);
#3373=CARTESIAN_POINT('',(-3.759997504959E0,-1.000000025051E-1,-4.55E0));
#3374=CARTESIAN_POINT('',(-3.759998336529E0,-1.002760768228E-1,-4.55E0));
#3375=CARTESIAN_POINT('',(-3.759999583800E0,-1.008379778817E-1,
-4.550005715235E0));
#3376=CARTESIAN_POINT('',(-3.759999999978E0,-1.013607419332E-1,
-4.550002287858E0));
#3377=CARTESIAN_POINT('',(-3.759999999978E0,-1.016367519105E-1,
-4.550006860013E0));
#3379=CARTESIAN_POINT('',(-3.759999999978E0,-1.016367519105E-1,
-4.550006860013E0));
#3380=CARTESIAN_POINT('',(-3.759999999978E0,-1.119723917097E-1,
-4.550178071745E0));
#3381=CARTESIAN_POINT('',(-3.760019572431E0,-1.326283665993E-1,
-4.553731453078E0));
#3382=CARTESIAN_POINT('',(-3.759743839567E0,-1.606782480814E-1,
-4.568505374151E0));
#3383=CARTESIAN_POINT('',(-3.758410104063E0,-1.824444097911E-1,
-4.590594329259E0));
#3384=CARTESIAN_POINT('',(-3.755024282207E0,-1.968256843413E-1,
-4.619036361043E0));
#3385=CARTESIAN_POINT('',(-3.751097657628E0,-2.E-1,-4.639691881474E0));
#3386=CARTESIAN_POINT('',(-3.748748219370E0,-2.E-1,-4.65E0));
#3388=CARTESIAN_POINT('',(-3.421803398875E0,-2.E-1,-4.65E0));
#3389=CARTESIAN_POINT('',(-3.426114197662E0,-2.E-1,-4.645180380438E0));
#3390=CARTESIAN_POINT('',(-3.434138885058E0,-1.993170760015E-1,
-4.634965780082E0));
#3391=CARTESIAN_POINT('',(-3.444252945732E0,-1.952980368260E-1,
-4.617869106959E0));
#3392=CARTESIAN_POINT('',(-3.451740444792E0,-1.874842243346E-1,
-4.600209806734E0));
#3393=CARTESIAN_POINT('',(-3.456303916982E0,-1.760097481545E-1,
-4.584131808194E0));
#3394=CARTESIAN_POINT('',(-3.458558343012E0,-1.631545348233E-1,
-4.571768206962E0));
#3395=CARTESIAN_POINT('',(-3.459711988126E0,-1.469918443735E-1,
-4.560917370173E0));
#3396=CARTESIAN_POINT('',(-3.460016821068E0,-1.264327712196E-1,
-4.552619272494E0));
#3397=CARTESIAN_POINT('',(-3.459999999942E0,-1.101818882136E-1,
-4.550148479357E0));
#3398=CARTESIAN_POINT('',(-3.459999999942E0,-1.016319132665E-1,
-4.550006859319E0));
#3400=CARTESIAN_POINT('',(-3.21E0,-1.016566681595E-1,-1.5E-1));
#3401=DIRECTION('',(0.E0,0.E0,-1.E0));
#3402=DIRECTION('',(-1.E0,0.E0,0.E0));
#3403=AXIS2_PLACEMENT_3D('',#3400,#3401,#3402);
#3405=CARTESIAN_POINT('',(-3.459999999942E0,-1.016319132665E-1,
-4.550006859319E0));
#3406=CARTESIAN_POINT('',(-3.459999999942E0,-1.013565619494E-1,
-4.550002298456E0));
#3407=CARTESIAN_POINT('',(-3.459999090281E0,-1.008422480505E-1,
-4.550005731292E0));
#3408=CARTESIAN_POINT('',(-3.459996345584E0,-1.002768694765E-1,-4.55E0));
#3409=CARTESIAN_POINT('',(-3.459994510941E0,-1.000000121239E-1,-4.55E0));
#3411=DIRECTION('',(-2.726185731619E-10,5.625112327608E-6,-9.999999999842E-1));
#3412=VECTOR('',#3411,4.400006858131E0);
#3413=CARTESIAN_POINT('',(-3.459999998743E0,-1.016566637993E-1,
-1.500000012574E-1));
#3414=LINE('',#3413,#3412);
#3415=DIRECTION('',(6.978647261320E-1,7.162295889034E-1,1.086862521268E-9));
#3416=VECTOR('',#3415,8.819192518393E-1);
#3417=CARTESIAN_POINT('',(-3.389057388750E0,7.280952037531E-2,
-1.500000011840E-1));
#3418=LINE('',#3417,#3416);
#3419=DIRECTION('',(-1.883149394504E-9,-1.547098321082E-9,-1.E0));
#3420=VECTOR('',#3419,4.399999998816E0);
#3421=CARTESIAN_POINT('',(-3.389057388750E0,7.280952037531E-2,
-1.500000011840E-1));
#3422=LINE('',#3421,#3420);
#3423=CARTESIAN_POINT('',(-2.594539656665E0,5.3E-1,-1.5E-1));
#3424=DIRECTION('',(0.E0,0.E0,-1.E0));
#3425=DIRECTION('',(-7.162295881449E-1,6.978647269104E-1,0.E0));
#3426=AXIS2_PLACEMENT_3D('',#3423,#3424,#3425);
#3428=DIRECTION('',(-4.787028349721E-10,-4.178544127085E-10,-1.E0));
#3429=VECTOR('',#3428,4.399999999774E0);
#3430=CARTESIAN_POINT('',(-2.773597051595E0,7.044661835662E-1,
-1.500000002255E-1));
#3431=LINE('',#3430,#3429);
#3432=DIRECTION('',(-2.991221824043E-11,-9.999999999580E-1,9.166689100107E-6));
#3433=VECTOR('',#3432,7.483632481209E-1);
#3434=CARTESIAN_POINT('',(-3.759999999978E0,-1.016367519105E-1,
-4.550006860013E0));
#3435=LINE('',#3434,#3433);
#3436=DIRECTION('',(0.E0,1.E0,0.E0));
#3437=VECTOR('',#3436,6.5E-1);
#3438=CARTESIAN_POINT('',(3.31E0,-8.5E-1,-5.E0));
#3439=LINE('',#3438,#3437);
#3440=DIRECTION('',(-2.991221824042E-11,9.999999999580E-1,-9.166689092983E-6));
#3441=VECTOR('',#3440,7.483632481211E-1);
#3442=CARTESIAN_POINT('',(3.76E0,-8.5E-1,-4.55E0));
#3443=LINE('',#3442,#3441);
#3444=CARTESIAN_POINT('',(2.2E0,-4.E-1,-5.E0));
#3445=DIRECTION('',(0.E0,0.E0,-1.E0));
#3446=DIRECTION('',(-1.E0,0.E0,0.E0));
#3447=AXIS2_PLACEMENT_3D('',#3444,#3445,#3446);
#3449=DIRECTION('',(0.E0,-1.E0,0.E0));
#3450=VECTOR('',#3449,6.E-1);
#3451=CARTESIAN_POINT('',(2.E0,-4.E-1,-5.E0));
#3452=LINE('',#3451,#3450);
#3453=CARTESIAN_POINT('',(2.2E0,-4.E-1,-4.7E0));
#3454=DIRECTION('',(0.E0,0.E0,1.E0));
#3455=DIRECTION('',(0.E0,1.E0,0.E0));
#3456=AXIS2_PLACEMENT_3D('',#3453,#3454,#3455);
#3458=DIRECTION('',(0.E0,1.E0,0.E0));
#3459=VECTOR('',#3458,6.5E-1);
#3460=CARTESIAN_POINT('',(3.31E0,-8.5E-1,-4.7E0));
#3461=LINE('',#3460,#3459);
#3462=DIRECTION('',(1.E0,0.E0,0.E0));
#3463=VECTOR('',#3462,1.E0);
#3464=CARTESIAN_POINT('',(2.E0,-1.E0,-4.7E0));
#3465=LINE('',#3464,#3463);
#3466=DIRECTION('',(0.E0,1.E0,0.E0));
#3467=VECTOR('',#3466,6.E-1);
#3468=CARTESIAN_POINT('',(2.E0,-1.E0,-4.7E0));
#3469=LINE('',#3468,#3467);
#3470=CARTESIAN_POINT('',(3.1E0,-9.5E-1,-5.E0));
#3471=DIRECTION('',(0.E0,0.E0,1.E0));
#3472=DIRECTION('',(0.E0,1.E0,0.E0));
#3473=AXIS2_PLACEMENT_3D('',#3470,#3471,#3472);
#3475=CARTESIAN_POINT('',(3.1E0,-9.5E-1,-4.7E0));
#3476=DIRECTION('',(0.E0,0.E0,-1.E0));
#3477=DIRECTION('',(-1.E0,0.E0,0.E0));
#3478=AXIS2_PLACEMENT_3D('',#3475,#3476,#3477);
#3480=DIRECTION('',(0.E0,0.E0,1.E0));
#3481=VECTOR('',#3480,3.E-1);
#3482=CARTESIAN_POINT('',(3.E0,-9.5E-1,-5.E0));
#3483=LINE('',#3482,#3481);
#3484=DIRECTION('',(0.E0,-1.E0,0.E0));
#3485=VECTOR('',#3484,5.E-2);
#3486=CARTESIAN_POINT('',(3.E0,-9.5E-1,-5.E0));
#3487=LINE('',#3486,#3485);
#3488=CARTESIAN_POINT('',(3.E0,-1.E0,-4.6E0));
#3489=DIRECTION('',(-1.E0,0.E0,0.E0));
#3490=DIRECTION('',(0.E0,0.E0,-1.E0));
#3491=AXIS2_PLACEMENT_3D('',#3488,#3489,#3490);
#3493=DIRECTION('',(0.E0,0.E0,1.E0));
#3494=VECTOR('',#3493,4.E-1);
#3495=CARTESIAN_POINT('',(3.E0,-1.4E0,-4.6E0));
#3496=LINE('',#3495,#3494);
#3497=DIRECTION('',(0.E0,1.E0,0.E0));
#3498=VECTOR('',#3497,3.E-1);
#3499=CARTESIAN_POINT('',(3.E0,-1.4E0,-4.2E0));
#3500=LINE('',#3499,#3498);
#3501=DIRECTION('',(0.E0,0.E0,-1.E0));
#3502=VECTOR('',#3501,4.E-1);
#3503=CARTESIAN_POINT('',(3.E0,-1.1E0,-4.2E0));
#3504=LINE('',#3503,#3502);
#3505=CARTESIAN_POINT('',(3.E0,-1.E0,-4.6E0));
#3506=DIRECTION('',(1.E0,0.E0,0.E0));
#3507=DIRECTION('',(0.E0,-1.E0,0.E0));
#3508=AXIS2_PLACEMENT_3D('',#3505,#3506,#3507);
#3510=DIRECTION('',(0.E0,1.E0,0.E0));
#3511=VECTOR('',#3510,5.E-2);
#3512=CARTESIAN_POINT('',(3.E0,-1.E0,-4.7E0));
#3513=LINE('',#3512,#3511);
#3514=DIRECTION('',(1.E0,0.E0,0.E0));
#3515=VECTOR('',#3514,1.E0);
#3516=CARTESIAN_POINT('',(2.E0,-1.E0,-5.E0));
#3517=LINE('',#3516,#3515);
#3518=DIRECTION('',(0.E0,0.E0,1.E0));
#3519=VECTOR('',#3518,3.E-1);
#3520=CARTESIAN_POINT('',(2.E0,-4.E-1,-5.E0));
#3521=LINE('',#3520,#3519);
#3522=CARTESIAN_POINT('',(2.E0,-1.E0,-4.6E0));
#3523=DIRECTION('',(1.E0,0.E0,0.E0));
#3524=DIRECTION('',(0.E0,-1.E0,0.E0));
#3525=AXIS2_PLACEMENT_3D('',#3522,#3523,#3524);
#3527=DIRECTION('',(0.E0,0.E0,-1.E0));
#3528=VECTOR('',#3527,4.E-1);
#3529=CARTESIAN_POINT('',(2.E0,-1.1E0,-4.2E0));
#3530=LINE('',#3529,#3528);
#3531=DIRECTION('',(0.E0,1.E0,0.E0));
#3532=VECTOR('',#3531,3.E-1);
#3533=CARTESIAN_POINT('',(2.E0,-1.4E0,-4.2E0));
#3534=LINE('',#3533,#3532);
#3535=DIRECTION('',(0.E0,0.E0,1.E0));
#3536=VECTOR('',#3535,4.E-1);
#3537=CARTESIAN_POINT('',(2.E0,-1.4E0,-4.6E0));
#3538=LINE('',#3537,#3536);
#3539=CARTESIAN_POINT('',(2.E0,-1.E0,-4.6E0));
#3540=DIRECTION('',(-1.E0,0.E0,0.E0));
#3541=DIRECTION('',(0.E0,0.E0,-1.E0));
#3542=AXIS2_PLACEMENT_3D('',#3539,#3540,#3541);
#3544=DIRECTION('',(1.E0,0.E0,0.E0));
#3545=VECTOR('',#3544,1.E0);
#3546=CARTESIAN_POINT('',(2.E0,-1.1E0,-4.6E0));
#3547=LINE('',#3546,#3545);
#3548=DIRECTION('',(1.E0,0.E0,0.E0));
#3549=VECTOR('',#3548,1.E0);
#3550=CARTESIAN_POINT('',(2.E0,-1.1E0,-4.2E0));
#3551=LINE('',#3550,#3549);
#3552=DIRECTION('',(1.E0,0.E0,0.E0));
#3553=VECTOR('',#3552,1.E0);
#3554=CARTESIAN_POINT('',(2.E0,-1.4E0,-4.2E0));
#3555=LINE('',#3554,#3553);
#3556=DIRECTION('',(1.E0,0.E0,0.E0));
#3557=VECTOR('',#3556,1.E0);
#3558=CARTESIAN_POINT('',(2.E0,-1.4E0,-4.6E0));
#3559=LINE('',#3558,#3557);
#3560=DIRECTION('',(1.E0,0.E0,0.E0));
#3561=VECTOR('',#3560,3.291502622129E-1);
#3562=CARTESIAN_POINT('',(-3.739150262213E0,-1.E0,-3.9E0));
#3563=LINE('',#3562,#3561);
#3564=DIRECTION('',(0.E0,1.E0,0.E0));
#3565=VECTOR('',#3564,3.E-1);
#3566=CARTESIAN_POINT('',(-1.79E0,-1.4E0,-3.9E0));
#3567=LINE('',#3566,#3565);
#3568=DIRECTION('',(0.E0,1.E0,0.E0));
#3569=VECTOR('',#3568,3.E-1);
#3570=CARTESIAN_POINT('',(-1.79E0,-1.4E0,-3.5E0));
#3571=LINE('',#3570,#3569);
#3572=DIRECTION('',(0.E0,0.E0,-1.E0));
#3573=VECTOR('',#3572,3.E-1);
#3574=CARTESIAN_POINT('',(-3.E0,-9.5E-1,-4.7E0));
#3575=LINE('',#3574,#3573);
#3576=DIRECTION('',(0.E0,1.E0,0.E0));
#3577=VECTOR('',#3576,5.E-2);
#3578=CARTESIAN_POINT('',(-3.E0,-1.E0,-4.7E0));
#3579=LINE('',#3578,#3577);
#3580=CARTESIAN_POINT('',(-3.E0,-1.E0,-4.6E0));
#3581=DIRECTION('',(1.E0,0.E0,0.E0));
#3582=DIRECTION('',(0.E0,-1.E0,0.E0));
#3583=AXIS2_PLACEMENT_3D('',#3580,#3581,#3582);
#3585=DIRECTION('',(0.E0,0.E0,-1.E0));
#3586=VECTOR('',#3585,4.E-1);
#3587=CARTESIAN_POINT('',(-3.E0,-1.1E0,-4.2E0));
#3588=LINE('',#3587,#3586);
#3589=DIRECTION('',(0.E0,1.E0,0.E0));
#3590=VECTOR('',#3589,3.E-1);
#3591=CARTESIAN_POINT('',(-3.E0,-1.4E0,-4.2E0));
#3592=LINE('',#3591,#3590);
#3593=DIRECTION('',(0.E0,0.E0,1.E0));
#3594=VECTOR('',#3593,4.E-1);
#3595=CARTESIAN_POINT('',(-3.E0,-1.4E0,-4.6E0));
#3596=LINE('',#3595,#3594);
#3597=CARTESIAN_POINT('',(-3.E0,-1.E0,-4.6E0));
#3598=DIRECTION('',(-1.E0,0.E0,0.E0));
#3599=DIRECTION('',(0.E0,0.E0,-1.E0));
#3600=AXIS2_PLACEMENT_3D('',#3597,#3598,#3599);
#3602=DIRECTION('',(0.E0,-1.E0,0.E0));
#3603=VECTOR('',#3602,5.E-2);
#3604=CARTESIAN_POINT('',(-3.E0,-9.5E-1,-5.E0));
#3605=LINE('',#3604,#3603);
#3606=DIRECTION('',(-1.E0,0.E0,0.E0));
#3607=VECTOR('',#3606,1.E0);
#3608=CARTESIAN_POINT('',(-2.E0,-1.1E0,-4.6E0));
#3609=LINE('',#3608,#3607);
#3610=DIRECTION('',(0.E0,0.E0,-1.E0));
#3611=VECTOR('',#3610,3.E-1);
#3612=CARTESIAN_POINT('',(-2.E0,-4.E-1,-4.7E0));
#3613=LINE('',#3612,#3611);
#3614=CARTESIAN_POINT('',(-2.E0,-1.E0,-4.6E0));
#3615=DIRECTION('',(-1.E0,0.E0,0.E0));
#3616=DIRECTION('',(0.E0,0.E0,-1.E0));
#3617=AXIS2_PLACEMENT_3D('',#3614,#3615,#3616);
#3619=DIRECTION('',(0.E0,0.E0,1.E0));
#3620=VECTOR('',#3619,4.E-1);
#3621=CARTESIAN_POINT('',(-2.E0,-1.4E0,-4.6E0));
#3622=LINE('',#3621,#3620);
#3623=DIRECTION('',(0.E0,1.E0,0.E0));
#3624=VECTOR('',#3623,3.E-1);
#3625=CARTESIAN_POINT('',(-2.E0,-1.4E0,-4.2E0));
#3626=LINE('',#3625,#3624);
#3627=DIRECTION('',(0.E0,0.E0,-1.E0));
#3628=VECTOR('',#3627,4.E-1);
#3629=CARTESIAN_POINT('',(-2.E0,-1.1E0,-4.2E0));
#3630=LINE('',#3629,#3628);
#3631=CARTESIAN_POINT('',(-2.E0,-1.E0,-4.6E0));
#3632=DIRECTION('',(1.E0,0.E0,0.E0));
#3633=DIRECTION('',(0.E0,-1.E0,0.E0));
#3634=AXIS2_PLACEMENT_3D('',#3631,#3632,#3633);
#3636=DIRECTION('',(-1.E0,0.E0,0.E0));
#3637=VECTOR('',#3636,1.E0);
#3638=CARTESIAN_POINT('',(-2.E0,-1.E0,-5.E0));
#3639=LINE('',#3638,#3637);
#3640=DIRECTION('',(-1.E0,0.E0,0.E0));
#3641=VECTOR('',#3640,1.E0);
#3642=CARTESIAN_POINT('',(-2.E0,-1.4E0,-4.6E0));
#3643=LINE('',#3642,#3641);
#3644=DIRECTION('',(-1.E0,0.E0,0.E0));
#3645=VECTOR('',#3644,1.E0);
#3646=CARTESIAN_POINT('',(-2.E0,-1.4E0,-4.2E0));
#3647=LINE('',#3646,#3645);
#3648=DIRECTION('',(-1.E0,0.E0,0.E0));
#3649=VECTOR('',#3648,1.E0);
#3650=CARTESIAN_POINT('',(-2.E0,-1.1E0,-4.2E0));
#3651=LINE('',#3650,#3649);
#3652=DIRECTION('',(0.E0,0.E0,-1.E0));
#3653=VECTOR('',#3652,5.E-1);
#3654=CARTESIAN_POINT('',(-3.41E0,-8.6E-1,-3.5E0));
#3655=LINE('',#3654,#3653);
#3656=DIRECTION('',(0.E0,0.E0,-1.E0));
#3657=VECTOR('',#3656,5.2E-1);
#3658=CARTESIAN_POINT('',(-3.41E0,-8.6E-1,-4.E0));
#3659=LINE('',#3658,#3657);
#3660=DIRECTION('',(0.E0,0.E0,-1.E0));
#3661=VECTOR('',#3660,1.02E0);
#3662=CARTESIAN_POINT('',(-3.41E0,-1.362931900660E-1,-3.5E0));
#3663=LINE('',#3662,#3661);
#3664=DIRECTION('',(0.E0,0.E0,-1.E0));
#3665=VECTOR('',#3664,1.02E0);
#3666=CARTESIAN_POINT('',(-3.359187532325E0,-3.090036204205E-3,-3.5E0));
#3667=LINE('',#3666,#3665);
#3668=DIRECTION('',(0.E0,0.E0,1.E0));
#3669=VECTOR('',#3668,1.02E0);
#3670=CARTESIAN_POINT('',(-2.719640041195E0,7.132031538618E-1,-4.52E0));
#3671=LINE('',#3670,#3669);
#3672=DIRECTION('',(0.E0,0.E0,1.E0));
#3673=VECTOR('',#3672,1.02E0);
#3674=CARTESIAN_POINT('',(-2.570452508870E0,7.8E-1,-4.52E0));
#3675=LINE('',#3674,#3673);
#3676=DIRECTION('',(0.E0,0.E0,-1.E0));
#3677=VECTOR('',#3676,5.E-1);
#3678=CARTESIAN_POINT('',(3.21E0,-1.06E0,-3.5E0));
#3679=LINE('',#3678,#3677);
#3680=CARTESIAN_POINT('',(-1.69E0,-2.95E-1,-2.4E0));
#3681=CARTESIAN_POINT('',(-1.69E0,-2.759947929376E-1,-2.4E0));
#3682=CARTESIAN_POINT('',(-1.680572787158E0,-2.460048729412E-1,
-2.409427212842E0));
#3683=CARTESIAN_POINT('',(-1.661872458730E0,-2.239043440472E-1,
-2.428127541270E0));
#3684=CARTESIAN_POINT('',(-1.65E0,-2.15E-1,-2.44E0));
#3686=DIRECTION('',(0.E0,0.E0,-1.E0));
#3687=VECTOR('',#3686,1.06E0);
#3688=CARTESIAN_POINT('',(-1.65E0,-2.15E-1,-2.44E0));
#3689=LINE('',#3688,#3687);
#3690=CARTESIAN_POINT('',(-1.59E0,-2.95E-1,-3.5E0));
#3691=DIRECTION('',(0.E0,0.E0,-1.E0));
#3692=DIRECTION('',(-6.E-1,8.E-1,0.E0));
#3693=AXIS2_PLACEMENT_3D('',#3690,#3691,#3692);
#3695=DIRECTION('',(0.E0,1.E0,0.E0));
#3696=VECTOR('',#3695,4.E-1);
#3697=CARTESIAN_POINT('',(-1.69E0,-6.95E-1,-2.4E0));
#3698=LINE('',#3697,#3696);
#3699=DIRECTION('',(0.E0,0.E0,-1.E0));
#3700=VECTOR('',#3699,1.340909090909E0);
#3701=CARTESIAN_POINT('',(-1.69E0,-2.95E-1,-1.059090909091E0));
#3702=LINE('',#3701,#3700);
#3703=DIRECTION('',(0.E0,-7.399400733959E-1,6.726727939963E-1));
#3704=VECTOR('',#3703,1.621752954253E-1);
#3705=CARTESIAN_POINT('',(-1.69E0,-2.95E-1,-1.059090909091E0));
#3706=LINE('',#3705,#3704);
#3707=DIRECTION('',(0.E0,1.E0,0.E0));
#3708=VECTOR('',#3707,2.8E-1);
#3709=CARTESIAN_POINT('',(-1.69E0,-6.95E-1,-9.5E-1));
#3710=LINE('',#3709,#3708);
#3711=DIRECTION('',(0.E0,0.E0,1.E0));
#3712=VECTOR('',#3711,1.45E0);
#3713=CARTESIAN_POINT('',(-1.69E0,-6.95E-1,-2.4E0));
#3714=LINE('',#3713,#3712);
#3715=DIRECTION('',(0.E0,-7.399400733959E-1,6.726727939963E-1));
#3716=VECTOR('',#3715,2.973213749464E-1);
#3717=CARTESIAN_POINT('',(8.5E-1,-1.95E-1,-1.15E0));
#3718=LINE('',#3717,#3716);
#3719=DIRECTION('',(1.E0,0.E0,0.E0));
#3720=VECTOR('',#3719,2.5E-1);
#3721=CARTESIAN_POINT('',(8.5E-1,-1.95E-1,-1.15E0));
#3722=LINE('',#3721,#3720);
#3723=DIRECTION('',(0.E0,-7.399400733959E-1,6.726727939963E-1));
#3724=VECTOR('',#3723,2.973213749464E-1);
#3725=CARTESIAN_POINT('',(1.1E0,-1.95E-1,-1.15E0));
#3726=LINE('',#3725,#3724);
#3727=DIRECTION('',(0.E0,-7.399400733959E-1,6.726727939963E-1));
#3728=VECTOR('',#3727,2.973213749464E-1);
#3729=CARTESIAN_POINT('',(2.E-1,-1.95E-1,-1.15E0));
#3730=LINE('',#3729,#3728);
#3731=DIRECTION('',(1.E0,0.E0,0.E0));
#3732=VECTOR('',#3731,2.5E-1);
#3733=CARTESIAN_POINT('',(2.E-1,-1.95E-1,-1.15E0));
#3734=LINE('',#3733,#3732);
#3735=DIRECTION('',(0.E0,-7.399400733959E-1,6.726727939963E-1));
#3736=VECTOR('',#3735,2.973213749464E-1);
#3737=CARTESIAN_POINT('',(4.5E-1,-1.95E-1,-1.15E0));
#3738=LINE('',#3737,#3736);
#3739=DIRECTION('',(0.E0,-7.399400733959E-1,6.726727939963E-1));
#3740=VECTOR('',#3739,2.973213749464E-1);
#3741=CARTESIAN_POINT('',(-4.5E-1,-1.95E-1,-1.15E0));
#3742=LINE('',#3741,#3740);
#3743=DIRECTION('',(1.E0,0.E0,0.E0));
#3744=VECTOR('',#3743,2.5E-1);
#3745=CARTESIAN_POINT('',(-4.5E-1,-1.95E-1,-1.15E0));
#3746=LINE('',#3745,#3744);
#3747=DIRECTION('',(0.E0,-7.399400733959E-1,6.726727939963E-1));
#3748=VECTOR('',#3747,2.973213749464E-1);
#3749=CARTESIAN_POINT('',(-2.E-1,-1.95E-1,-1.15E0));
#3750=LINE('',#3749,#3748);
#3751=DIRECTION('',(0.E0,-7.399400733959E-1,6.726727939963E-1));
#3752=VECTOR('',#3751,2.973213749464E-1);
#3753=CARTESIAN_POINT('',(-1.1E0,-1.95E-1,-1.15E0));
#3754=LINE('',#3753,#3752);
#3755=DIRECTION('',(1.E0,0.E0,0.E0));
#3756=VECTOR('',#3755,2.5E-1);
#3757=CARTESIAN_POINT('',(-1.1E0,-1.95E-1,-1.15E0));
#3758=LINE('',#3757,#3756);
#3759=DIRECTION('',(0.E0,-7.399400733959E-1,6.726727939963E-1));
#3760=VECTOR('',#3759,2.973213749464E-1);
#3761=CARTESIAN_POINT('',(-8.5E-1,-1.95E-1,-1.15E0));
#3762=LINE('',#3761,#3760);
#3763=DIRECTION('',(0.E0,-7.399400733959E-1,6.726727939963E-1));
#3764=VECTOR('',#3763,2.973213749464E-1);
#3765=CARTESIAN_POINT('',(1.5E0,-1.95E-1,-1.15E0));
#3766=LINE('',#3765,#3764);
#3767=DIRECTION('',(1.E0,0.E0,0.E0));
#3768=VECTOR('',#3767,9.E-2);
#3769=CARTESIAN_POINT('',(1.5E0,-1.95E-1,-1.15E0));
#3770=LINE('',#3769,#3768);
#3771=CARTESIAN_POINT('',(1.69E0,-2.95E-1,-1.059090909091E0));
#3772=CARTESIAN_POINT('',(1.69E0,-2.805004993884E-1,-1.072272273283E0));
#3773=CARTESIAN_POINT('',(1.684192324326E0,-2.557988301297E-1,
-1.094728336246E0));
#3774=CARTESIAN_POINT('',(1.665417097434E0,-2.261928710593E-1,
-1.121642844492E0));
#3775=CARTESIAN_POINT('',(1.636511977970E0,-2.040824254418E-1,
-1.141743249598E0));
#3776=CARTESIAN_POINT('',(1.609595506627E0,-1.95E-1,-1.15E0));
#3777=CARTESIAN_POINT('',(1.59E0,-1.95E-1,-1.15E0));
#3779=CARTESIAN_POINT('',(-1.59E0,-1.95E-1,-1.15E0));
#3780=CARTESIAN_POINT('',(-1.609595506627E0,-1.95E-1,-1.15E0));
#3781=CARTESIAN_POINT('',(-1.636511977970E0,-2.040824254418E-1,
-1.141743249598E0));
#3782=CARTESIAN_POINT('',(-1.665417097434E0,-2.261928710593E-1,
-1.121642844492E0));
#3783=CARTESIAN_POINT('',(-1.684192324326E0,-2.557988301297E-1,
-1.094728336246E0));
#3784=CARTESIAN_POINT('',(-1.69E0,-2.805004993884E-1,-1.072272273283E0));
#3785=CARTESIAN_POINT('',(-1.69E0,-2.95E-1,-1.059090909091E0));
#3787=DIRECTION('',(1.E0,0.E0,0.E0));
#3788=VECTOR('',#3787,9.E-2);
#3789=CARTESIAN_POINT('',(-1.59E0,-1.95E-1,-1.15E0));
#3790=LINE('',#3789,#3788);
#3791=DIRECTION('',(0.E0,-7.399400733959E-1,6.726727939963E-1));
#3792=VECTOR('',#3791,2.973213749464E-1);
#3793=CARTESIAN_POINT('',(-1.5E0,-1.95E-1,-1.15E0));
#3794=LINE('',#3793,#3792);
#3795=DIRECTION('',(0.E0,1.E0,0.E0));
#3796=VECTOR('',#3795,9.E-2);
#3797=CARTESIAN_POINT('',(8.5E-1,-2.85E-1,-3.5E0));
#3798=LINE('',#3797,#3796);
#3799=DIRECTION('',(0.E0,0.E0,-1.E0));
#3800=VECTOR('',#3799,1.175899682605E-1);
#3801=CARTESIAN_POINT('',(8.5E-1,-4.15E-1,-9.5E-1));
#3802=LINE('',#3801,#3800);
#3803=DIRECTION('',(0.E0,6.520984038304E-1,-7.581343361977E-1));
#3804=VECTOR('',#3803,8.808532657325E-2);
#3805=CARTESIAN_POINT('',(8.5E-1,-4.15E-1,-1.067589968261E0));
#3806=LINE('',#3805,#3804);
#3807=CARTESIAN_POINT('',(8.5E-1,-5.85E-1,-1.33E0));
#3808=DIRECTION('',(-1.E0,0.E0,0.E0));
#3809=DIRECTION('',(0.E0,7.581343361977E-1,6.520984038304E-1));
#3810=AXIS2_PLACEMENT_3D('',#3807,#3808,#3809);
#3812=DIRECTION('',(0.E0,0.E0,-1.E0));
#3813=VECTOR('',#3812,2.17E0);
#3814=CARTESIAN_POINT('',(8.5E-1,-2.85E-1,-1.33E0));
#3815=LINE('',#3814,#3813);
#3816=DIRECTION('',(0.E0,0.E0,1.E0));
#3817=VECTOR('',#3816,2.35E0);
#3818=CARTESIAN_POINT('',(8.5E-1,-1.95E-1,-3.5E0));
#3819=LINE('',#3818,#3817);
#3820=DIRECTION('',(0.E0,0.E0,1.E0));
#3821=VECTOR('',#3820,2.35E0);
#3822=CARTESIAN_POINT('',(1.1E0,-1.95E-1,-3.5E0));
#3823=LINE('',#3822,#3821);
#3824=DIRECTION('',(0.E0,0.E0,1.E0));
#3825=VECTOR('',#3824,2.35E0);
#3826=CARTESIAN_POINT('',(2.E-1,-1.95E-1,-3.5E0));
#3827=LINE('',#3826,#3825);
#3828=DIRECTION('',(0.E0,0.E0,1.E0));
#3829=VECTOR('',#3828,2.35E0);
#3830=CARTESIAN_POINT('',(4.5E-1,-1.95E-1,-3.5E0));
#3831=LINE('',#3830,#3829);
#3832=DIRECTION('',(0.E0,0.E0,1.E0));
#3833=VECTOR('',#3832,2.35E0);
#3834=CARTESIAN_POINT('',(-4.5E-1,-1.95E-1,-3.5E0));
#3835=LINE('',#3834,#3833);
#3836=DIRECTION('',(0.E0,0.E0,1.E0));
#3837=VECTOR('',#3836,2.35E0);
#3838=CARTESIAN_POINT('',(-2.E-1,-1.95E-1,-3.5E0));
#3839=LINE('',#3838,#3837);
#3840=DIRECTION('',(0.E0,0.E0,1.E0));
#3841=VECTOR('',#3840,2.35E0);
#3842=CARTESIAN_POINT('',(-1.1E0,-1.95E-1,-3.5E0));
#3843=LINE('',#3842,#3841);
#3844=DIRECTION('',(0.E0,0.E0,1.E0));
#3845=VECTOR('',#3844,2.35E0);
#3846=CARTESIAN_POINT('',(-8.5E-1,-1.95E-1,-3.5E0));
#3847=LINE('',#3846,#3845);
#3848=DIRECTION('',(0.E0,0.E0,1.E0));
#3849=VECTOR('',#3848,2.35E0);
#3850=CARTESIAN_POINT('',(1.59E0,-1.95E-1,-3.5E0));
#3851=LINE('',#3850,#3849);
#3852=DIRECTION('',(0.E0,0.E0,1.E0));
#3853=VECTOR('',#3852,2.35E0);
#3854=CARTESIAN_POINT('',(1.5E0,-1.95E-1,-3.5E0));
#3855=LINE('',#3854,#3853);
#3856=DIRECTION('',(0.E0,0.E0,-1.E0));
#3857=VECTOR('',#3856,2.35E0);
#3858=CARTESIAN_POINT('',(-1.59E0,-1.95E-1,-1.15E0));
#3859=LINE('',#3858,#3857);
#3860=DIRECTION('',(0.E0,0.E0,1.E0));
#3861=VECTOR('',#3860,2.35E0);
#3862=CARTESIAN_POINT('',(-1.5E0,-1.95E-1,-3.5E0));
#3863=LINE('',#3862,#3861);
#3864=DIRECTION('',(0.E0,1.E0,0.E0));
#3865=VECTOR('',#3864,9.E-2);
#3866=CARTESIAN_POINT('',(1.1E0,-2.85E-1,-3.5E0));
#3867=LINE('',#3866,#3865);
#3868=DIRECTION('',(0.E0,0.E0,-1.E0));
#3869=VECTOR('',#3868,2.17E0);
#3870=CARTESIAN_POINT('',(1.1E0,-2.85E-1,-1.33E0));
#3871=LINE('',#3870,#3869);
#3872=CARTESIAN_POINT('',(1.1E0,-5.85E-1,-1.33E0));
#3873=DIRECTION('',(-1.E0,0.E0,0.E0));
#3874=DIRECTION('',(0.E0,7.581343361977E-1,6.520984038304E-1));
#3875=AXIS2_PLACEMENT_3D('',#3872,#3873,#3874);
#3877=DIRECTION('',(0.E0,6.520984038304E-1,-7.581343361977E-1));
#3878=VECTOR('',#3877,8.808532657325E-2);
#3879=CARTESIAN_POINT('',(1.1E0,-4.15E-1,-1.067589968261E0));
#3880=LINE('',#3879,#3878);
#3881=DIRECTION('',(0.E0,0.E0,-1.E0));
#3882=VECTOR('',#3881,1.175899682605E-1);
#3883=CARTESIAN_POINT('',(1.1E0,-4.15E-1,-9.5E-1));
#3884=LINE('',#3883,#3882);
#3885=DIRECTION('',(1.E0,0.E0,0.E0));
#3886=VECTOR('',#3885,4.E-1);
#3887=CARTESIAN_POINT('',(1.1E0,-2.85E-1,-1.33E0));
#3888=LINE('',#3887,#3886);
#3889=DIRECTION('',(0.E0,0.E0,-1.E0));
#3890=VECTOR('',#3889,1.175899682605E-1);
#3891=CARTESIAN_POINT('',(1.5E0,-4.15E-1,-9.5E-1));
#3892=LINE('',#3891,#3890);
#3893=DIRECTION('',(0.E0,6.520984038304E-1,-7.581343361977E-1));
#3894=VECTOR('',#3893,8.808532657325E-2);
#3895=CARTESIAN_POINT('',(1.5E0,-4.15E-1,-1.067589968261E0));
#3896=LINE('',#3895,#3894);
#3897=CARTESIAN_POINT('',(1.5E0,-5.85E-1,-1.33E0));
#3898=DIRECTION('',(-1.E0,0.E0,0.E0));
#3899=DIRECTION('',(0.E0,7.581343361977E-1,6.520984038304E-1));
#3900=AXIS2_PLACEMENT_3D('',#3897,#3898,#3899);
#3902=DIRECTION('',(0.E0,0.E0,-1.E0));
#3903=VECTOR('',#3902,2.17E0);
#3904=CARTESIAN_POINT('',(1.5E0,-2.85E-1,-1.33E0));
#3905=LINE('',#3904,#3903);
#3906=DIRECTION('',(0.E0,1.E0,0.E0));
#3907=VECTOR('',#3906,9.E-2);
#3908=CARTESIAN_POINT('',(1.5E0,-2.85E-1,-3.5E0));
#3909=LINE('',#3908,#3907);
#3910=DIRECTION('',(1.E0,0.E0,0.E0));
#3911=VECTOR('',#3910,1.9E-1);
#3912=CARTESIAN_POINT('',(1.5E0,-4.15E-1,-9.5E-1));
#3913=LINE('',#3912,#3911);
#3914=DIRECTION('',(7.071067811865E-1,0.E0,-7.071067811865E-1));
#3915=VECTOR('',#3914,1.414213562373E-1);
#3916=CARTESIAN_POINT('',(1.59E0,-4.15E-1,-8.5E-1));
#3917=LINE('',#3916,#3915);
#3918=DIRECTION('',(-1.E0,0.E0,0.E0));
#3919=VECTOR('',#3918,3.18E0);
#3920=CARTESIAN_POINT('',(1.59E0,-4.15E-1,-8.5E-1));
#3921=LINE('',#3920,#3919);
#3922=DIRECTION('',(-7.071067811865E-1,0.E0,-7.071067811866E-1));
#3923=VECTOR('',#3922,1.414213562373E-1);
#3924=CARTESIAN_POINT('',(-1.59E0,-4.15E-1,-8.5E-1));
#3925=LINE('',#3924,#3923);
#3926=DIRECTION('',(1.E0,0.E0,0.E0));
#3927=VECTOR('',#3926,1.9E-1);
#3928=CARTESIAN_POINT('',(-1.69E0,-4.15E-1,-9.5E-1));
#3929=LINE('',#3928,#3927);
#3930=DIRECTION('',(1.E0,0.E0,0.E0));
#3931=VECTOR('',#3930,2.5E-1);
#3932=CARTESIAN_POINT('',(-1.1E0,-4.15E-1,-9.5E-1));
#3933=LINE('',#3932,#3931);
#3934=DIRECTION('',(1.E0,0.E0,0.E0));
#3935=VECTOR('',#3934,2.5E-1);
#3936=CARTESIAN_POINT('',(-4.5E-1,-4.15E-1,-9.5E-1));
#3937=LINE('',#3936,#3935);
#3938=DIRECTION('',(1.E0,0.E0,0.E0));
#3939=VECTOR('',#3938,2.5E-1);
#3940=CARTESIAN_POINT('',(2.E-1,-4.15E-1,-9.5E-1));
#3941=LINE('',#3940,#3939);
#3942=DIRECTION('',(1.E0,0.E0,0.E0));
#3943=VECTOR('',#3942,2.5E-1);
#3944=CARTESIAN_POINT('',(8.5E-1,-4.15E-1,-9.5E-1));
#3945=LINE('',#3944,#3943);
#3946=DIRECTION('',(0.E0,0.E0,-1.E0));
#3947=VECTOR('',#3946,1.06E0);
#3948=CARTESIAN_POINT('',(1.65E0,-7.75E-1,-2.44E0));
#3949=LINE('',#3948,#3947);
#3950=CARTESIAN_POINT('',(1.59E0,-6.95E-1,-3.5E0));
#3951=DIRECTION('',(0.E0,0.E0,-1.E0));
#3952=DIRECTION('',(6.E-1,-8.E-1,0.E0));
#3953=AXIS2_PLACEMENT_3D('',#3950,#3951,#3952);
#3955=CARTESIAN_POINT('',(1.69E0,-6.95E-1,-9.5E-1));
#3956=CARTESIAN_POINT('',(1.69E0,-7.168084992329E-1,-9.5E-1));
#3957=CARTESIAN_POINT('',(1.678084967132E0,-7.492905581964E-1,
-9.380849671324E-1));
#3958=CARTESIAN_POINT('',(1.655811431793E0,-7.720922998972E-1,
-9.158114317932E-1));
#3959=CARTESIAN_POINT('',(1.641625404136E0,-7.806435499483E-1,
-9.016254041365E-1));
#3961=CARTESIAN_POINT('',(1.69E0,-6.95E-1,-2.4E0));
#3962=CARTESIAN_POINT('',(1.69E0,-7.140052070624E-1,-2.4E0));
#3963=CARTESIAN_POINT('',(1.680572787158E0,-7.439951270588E-1,
-2.409427212842E0));
#3964=CARTESIAN_POINT('',(1.661872458730E0,-7.660956559528E-1,
-2.428127541270E0));
#3965=CARTESIAN_POINT('',(1.65E0,-7.75E-1,-2.44E0));
#3967=DIRECTION('',(0.E0,-1.E0,0.E0));
#3968=VECTOR('',#3967,5.6E-1);
#3969=CARTESIAN_POINT('',(1.65E0,-2.15E-1,-3.5E0));
#3970=LINE('',#3969,#3968);
#3971=DIRECTION('',(0.E0,-1.E0,0.E0));
#3972=VECTOR('',#3971,5.6E-1);
#3973=CARTESIAN_POINT('',(1.65E0,-2.15E-1,-2.44E0));
#3974=LINE('',#3973,#3972);
#3975=DIRECTION('',(0.E0,1.E0,0.E0));
#3976=VECTOR('',#3975,4.E-1);
#3977=CARTESIAN_POINT('',(1.69E0,-6.95E-1,-2.4E0));
#3978=LINE('',#3977,#3976);
#3979=DIRECTION('',(0.E0,0.E0,-1.E0));
#3980=VECTOR('',#3979,1.45E0);
#3981=CARTESIAN_POINT('',(1.69E0,-6.95E-1,-9.5E-1));
#3982=LINE('',#3981,#3980);
#3983=DIRECTION('',(0.E0,1.E0,0.E0));
#3984=VECTOR('',#3983,2.8E-1);
#3985=CARTESIAN_POINT('',(1.69E0,-6.95E-1,-9.5E-1));
#3986=LINE('',#3985,#3984);
#3987=DIRECTION('',(0.E0,-7.399400733959E-1,6.726727939963E-1));
#3988=VECTOR('',#3987,1.621752954253E-1);
#3989=CARTESIAN_POINT('',(1.69E0,-2.95E-1,-1.059090909091E0));
#3990=LINE('',#3989,#3988);
#3991=DIRECTION('',(0.E0,0.E0,1.E0));
#3992=VECTOR('',#3991,1.340909090909E0);
#3993=CARTESIAN_POINT('',(1.69E0,-2.95E-1,-2.4E0));
#3994=LINE('',#3993,#3992);
#3995=DIRECTION('',(0.E0,0.E0,1.E0));
#3996=VECTOR('',#3995,1.06E0);
#3997=CARTESIAN_POINT('',(1.65E0,-2.15E-1,-3.5E0));
#3998=LINE('',#3997,#3996);
#3999=CARTESIAN_POINT('',(1.69E0,-2.95E-1,-2.4E0));
#4000=CARTESIAN_POINT('',(1.69E0,-2.759947929376E-1,-2.4E0));
#4001=CARTESIAN_POINT('',(1.680572787158E0,-2.460048729412E-1,
-2.409427212842E0));
#4002=CARTESIAN_POINT('',(1.661872458730E0,-2.239043440472E-1,
-2.428127541270E0));
#4003=CARTESIAN_POINT('',(1.65E0,-2.15E-1,-2.44E0));
#4005=CARTESIAN_POINT('',(1.59E0,-2.95E-1,-3.5E0));
#4006=DIRECTION('',(0.E0,0.E0,-1.E0));
#4007=DIRECTION('',(0.E0,1.E0,0.E0));
#4008=AXIS2_PLACEMENT_3D('',#4005,#4006,#4007);
#4010=DIRECTION('',(-1.E0,0.E0,0.E0));
#4011=VECTOR('',#4010,3.18E0);
#4012=CARTESIAN_POINT('',(1.59E0,-7.95E-1,-9.7E-1));
#4013=LINE('',#4012,#4011);
#4014=DIRECTION('',(0.E0,0.E0,-1.E0));
#4015=VECTOR('',#4014,2.53E0);
#4016=CARTESIAN_POINT('',(1.59E0,-7.95E-1,-9.7E-1));
#4017=LINE('',#4016,#4015);
#4018=DIRECTION('',(0.E0,0.E0,1.E0));
#4019=VECTOR('',#4018,2.53E0);
#4020=CARTESIAN_POINT('',(-1.59E0,-7.95E-1,-3.5E0));
#4021=LINE('',#4020,#4019);
#4022=CARTESIAN_POINT('',(1.641625404136E0,-7.806435499483E-1,
-9.016254041365E-1));
#4023=CARTESIAN_POINT('',(1.612195294325E0,-7.677148300287E-1,
-8.721952943251E-1));
#4024=CARTESIAN_POINT('',(1.577279386993E0,-7.387088219754E-1,
-8.372793869928E-1));
#4025=CARTESIAN_POINT('',(1.547517460898E0,-6.825434392538E-1,
-8.075174608978E-1));
#4026=CARTESIAN_POINT('',(1.54E0,-6.467911365341E-1,-8.E-1));
#4027=CARTESIAN_POINT('',(1.54E0,-6.25E-1,-8.E-1));
#4029=CARTESIAN_POINT('',(1.59E0,-7.95E-1,-9.7E-1));
#4030=CARTESIAN_POINT('',(1.595805687765E0,-7.95E-1,-9.624303092721E-1));
#4031=CARTESIAN_POINT('',(1.607482517904E0,-7.939949386894E-1,
-9.472065218603E-1));
#4032=CARTESIAN_POINT('',(1.624967086462E0,-7.892828550267E-1,
-9.241870825532E-1));
#4033=CARTESIAN_POINT('',(1.636187361150E0,-7.839215687488E-1,
-9.090872761441E-1));
#4034=CARTESIAN_POINT('',(1.641625404136E0,-7.806435499483E-1,
-9.016254041365E-1));
#4036=CARTESIAN_POINT('',(-1.641625404136E0,-7.806435499483E-1,
-9.016254041365E-1));
#4037=CARTESIAN_POINT('',(-1.612195294325E0,-7.677148300287E-1,
-8.721952943251E-1));
#4038=CARTESIAN_POINT('',(-1.577279386993E0,-7.387088219754E-1,
-8.372793869928E-1));
#4039=CARTESIAN_POINT('',(-1.547517460898E0,-6.825434392538E-1,
-8.075174608978E-1));
#4040=CARTESIAN_POINT('',(-1.54E0,-6.467911365341E-1,-8.E-1));
#4041=CARTESIAN_POINT('',(-1.54E0,-6.25E-1,-8.E-1));
#4043=DIRECTION('',(-1.E0,0.E0,0.E0));
#4044=VECTOR('',#4043,3.08E0);
#4045=CARTESIAN_POINT('',(1.54E0,-4.65E-1,-8.E-1));
#4046=LINE('',#4045,#4044);
#4047=DIRECTION('',(0.E0,-1.E0,0.E0));
#4048=VECTOR('',#4047,1.6E-1);
#4049=CARTESIAN_POINT('',(1.54E0,-4.65E-1,-8.E-1));
#4050=LINE('',#4049,#4048);
#4051=DIRECTION('',(-1.E0,0.E0,0.E0));
#4052=VECTOR('',#4051,3.08E0);
#4053=CARTESIAN_POINT('',(1.54E0,-6.25E-1,-8.E-1));
#4054=LINE('',#4053,#4052);
#4055=DIRECTION('',(0.E0,-1.E0,0.E0));
#4056=VECTOR('',#4055,1.6E-1);
#4057=CARTESIAN_POINT('',(-1.54E0,-4.65E-1,-8.E-1));
#4058=LINE('',#4057,#4056);
#4059=DIRECTION('',(-5.773502691896E-1,5.773502691896E-1,-5.773502691896E-1));
#4060=VECTOR('',#4059,8.660254037844E-2);
#4061=CARTESIAN_POINT('',(-1.54E0,-4.65E-1,-8.E-1));
#4062=LINE('',#4061,#4060);
#4063=DIRECTION('',(5.773502691896E-1,5.773502691896E-1,-5.773502691896E-1));
#4064=VECTOR('',#4063,8.660254037844E-2);
#4065=CARTESIAN_POINT('',(1.54E0,-4.65E-1,-8.E-1));
#4066=LINE('',#4065,#4064);
#4067=CARTESIAN_POINT('',(-1.69E0,-6.95E-1,-2.4E0));
#4068=CARTESIAN_POINT('',(-1.69E0,-7.140052070624E-1,-2.4E0));
#4069=CARTESIAN_POINT('',(-1.680572787158E0,-7.439951270588E-1,
-2.409427212842E0));
#4070=CARTESIAN_POINT('',(-1.661872458730E0,-7.660956559528E-1,
-2.428127541270E0));
#4071=CARTESIAN_POINT('',(-1.65E0,-7.75E-1,-2.44E0));
#4073=CARTESIAN_POINT('',(-1.69E0,-6.95E-1,-9.5E-1));
#4074=CARTESIAN_POINT('',(-1.69E0,-7.168084992329E-1,-9.5E-1));
#4075=CARTESIAN_POINT('',(-1.678084967132E0,-7.492905581964E-1,
-9.380849671324E-1));
#4076=CARTESIAN_POINT('',(-1.655811431793E0,-7.720922998972E-1,
-9.158114317932E-1));
#4077=CARTESIAN_POINT('',(-1.641625404136E0,-7.806435499483E-1,
-9.016254041365E-1));
#4079=CARTESIAN_POINT('',(-1.59E0,-7.95E-1,-9.7E-1));
#4080=CARTESIAN_POINT('',(-1.595805600465E0,-7.95E-1,-9.624304230973E-1));
#4081=CARTESIAN_POINT('',(-1.607482901979E0,-7.939948422694E-1,
-9.472060141517E-1));
#4082=CARTESIAN_POINT('',(-1.624966616143E0,-7.892830606106E-1,
-9.241877153673E-1));
#4083=CARTESIAN_POINT('',(-1.636187805127E0,-7.839213011221E-1,
-9.090866669360E-1));
#4084=CARTESIAN_POINT('',(-1.641625404136E0,-7.806435499483E-1,
-9.016254041365E-1));
#4086=CARTESIAN_POINT('',(-1.59E0,-6.95E-1,-3.5E0));
#4087=DIRECTION('',(0.E0,0.E0,-1.E0));
#4088=DIRECTION('',(0.E0,-1.E0,0.E0));
#4089=AXIS2_PLACEMENT_3D('',#4086,#4087,#4088);
#4091=DIRECTION('',(0.E0,0.E0,1.E0));
#4092=VECTOR('',#4091,1.06E0);
#4093=CARTESIAN_POINT('',(-1.65E0,-7.75E-1,-3.5E0));
#4094=LINE('',#4093,#4092);
#4095=DIRECTION('',(0.E0,-1.E0,0.E0));
#4096=VECTOR('',#4095,5.6E-1);
#4097=CARTESIAN_POINT('',(-1.65E0,-2.15E-1,-2.44E0));
#4098=LINE('',#4097,#4096);
#4099=DIRECTION('',(0.E0,1.E0,0.E0));
#4100=VECTOR('',#4099,9.E-2);
#4101=CARTESIAN_POINT('',(-1.5E0,-2.85E-1,-3.5E0));
#4102=LINE('',#4101,#4100);
#4103=DIRECTION('',(0.E0,0.E0,-1.E0));
#4104=VECTOR('',#4103,2.17E0);
#4105=CARTESIAN_POINT('',(-1.5E0,-2.85E-1,-1.33E0));
#4106=LINE('',#4105,#4104);
#4107=CARTESIAN_POINT('',(-1.5E0,-5.85E-1,-1.33E0));
#4108=DIRECTION('',(-1.E0,0.E0,0.E0));
#4109=DIRECTION('',(0.E0,7.581343361977E-1,6.520984038304E-1));
#4110=AXIS2_PLACEMENT_3D('',#4107,#4108,#4109);
#4112=DIRECTION('',(0.E0,6.520984038304E-1,-7.581343361977E-1));
#4113=VECTOR('',#4112,8.808532657325E-2);
#4114=CARTESIAN_POINT('',(-1.5E0,-4.15E-1,-1.067589968261E0));
#4115=LINE('',#4114,#4113);
#4116=DIRECTION('',(0.E0,0.E0,-1.E0));
#4117=VECTOR('',#4116,1.175899682605E-1);
#4118=CARTESIAN_POINT('',(-1.5E0,-4.15E-1,-9.5E-1));
#4119=LINE('',#4118,#4117);
#4120=DIRECTION('',(1.E0,0.E0,0.E0));
#4121=VECTOR('',#4120,4.E-1);
#4122=CARTESIAN_POINT('',(-1.5E0,-2.85E-1,-1.33E0));
#4123=LINE('',#4122,#4121);
#4124=DIRECTION('',(0.E0,1.E0,0.E0));
#4125=VECTOR('',#4124,9.E-2);
#4126=CARTESIAN_POINT('',(-1.1E0,-2.85E-1,-3.5E0));
#4127=LINE('',#4126,#4125);
#4128=DIRECTION('',(0.E0,0.E0,-1.E0));
#4129=VECTOR('',#4128,1.175899682605E-1);
#4130=CARTESIAN_POINT('',(-1.1E0,-4.15E-1,-9.5E-1));
#4131=LINE('',#4130,#4129);
#4132=DIRECTION('',(0.E0,6.520984038304E-1,-7.581343361977E-1));
#4133=VECTOR('',#4132,8.808532657325E-2);
#4134=CARTESIAN_POINT('',(-1.1E0,-4.15E-1,-1.067589968261E0));
#4135=LINE('',#4134,#4133);
#4136=CARTESIAN_POINT('',(-1.1E0,-5.85E-1,-1.33E0));
#4137=DIRECTION('',(-1.E0,0.E0,0.E0));
#4138=DIRECTION('',(0.E0,7.581343361977E-1,6.520984038304E-1));
#4139=AXIS2_PLACEMENT_3D('',#4136,#4137,#4138);
#4141=DIRECTION('',(0.E0,0.E0,-1.E0));
#4142=VECTOR('',#4141,2.17E0);
#4143=CARTESIAN_POINT('',(-1.1E0,-2.85E-1,-1.33E0));
#4144=LINE('',#4143,#4142);
#4145=DIRECTION('',(1.E0,0.E0,0.E0));
#4146=VECTOR('',#4145,4.E-1);
#4147=CARTESIAN_POINT('',(-1.5E0,-4.15E-1,-1.067589968261E0));
#4148=LINE('',#4147,#4146);
#4149=DIRECTION('',(1.E0,0.E0,0.E0));
#4150=VECTOR('',#4149,4.E-1);
#4151=CARTESIAN_POINT('',(-1.5E0,-3.575596991407E-1,-1.134370478851E0));
#4152=LINE('',#4151,#4150);
#4153=DIRECTION('',(0.E0,1.E0,0.E0));
#4154=VECTOR('',#4153,9.E-2);
#4155=CARTESIAN_POINT('',(-8.5E-1,-2.85E-1,-3.5E0));
#4156=LINE('',#4155,#4154);
#4157=DIRECTION('',(0.E0,0.E0,-1.E0));
#4158=VECTOR('',#4157,2.17E0);
#4159=CARTESIAN_POINT('',(-8.5E-1,-2.85E-1,-1.33E0));
#4160=LINE('',#4159,#4158);
#4161=CARTESIAN_POINT('',(-8.5E-1,-5.85E-1,-1.33E0));
#4162=DIRECTION('',(-1.E0,0.E0,0.E0));
#4163=DIRECTION('',(0.E0,7.581343361977E-1,6.520984038304E-1));
#4164=AXIS2_PLACEMENT_3D('',#4161,#4162,#4163);
#4166=DIRECTION('',(0.E0,6.520984038304E-1,-7.581343361977E-1));
#4167=VECTOR('',#4166,8.808532657325E-2);
#4168=CARTESIAN_POINT('',(-8.5E-1,-4.15E-1,-1.067589968261E0));
#4169=LINE('',#4168,#4167);
#4170=DIRECTION('',(0.E0,0.E0,-1.E0));
#4171=VECTOR('',#4170,1.175899682605E-1);
#4172=CARTESIAN_POINT('',(-8.5E-1,-4.15E-1,-9.5E-1));
#4173=LINE('',#4172,#4171);
#4174=DIRECTION('',(1.E0,0.E0,0.E0));
#4175=VECTOR('',#4174,4.E-1);
#4176=CARTESIAN_POINT('',(-8.5E-1,-2.85E-1,-1.33E0));
#4177=LINE('',#4176,#4175);
#4178=DIRECTION('',(0.E0,1.E0,0.E0));
#4179=VECTOR('',#4178,9.E-2);
#4180=CARTESIAN_POINT('',(-4.5E-1,-2.85E-1,-3.5E0));
#4181=LINE('',#4180,#4179);
#4182=DIRECTION('',(0.E0,0.E0,-1.E0));
#4183=VECTOR('',#4182,1.175899682605E-1);
#4184=CARTESIAN_POINT('',(-4.5E-1,-4.15E-1,-9.5E-1));
#4185=LINE('',#4184,#4183);
#4186=DIRECTION('',(0.E0,6.520984038304E-1,-7.581343361977E-1));
#4187=VECTOR('',#4186,8.808532657325E-2);
#4188=CARTESIAN_POINT('',(-4.5E-1,-4.15E-1,-1.067589968261E0));
#4189=LINE('',#4188,#4187);
#4190=CARTESIAN_POINT('',(-4.5E-1,-5.85E-1,-1.33E0));
#4191=DIRECTION('',(-1.E0,0.E0,0.E0));
#4192=DIRECTION('',(0.E0,7.581343361977E-1,6.520984038304E-1));
#4193=AXIS2_PLACEMENT_3D('',#4190,#4191,#4192);
#4195=DIRECTION('',(0.E0,0.E0,-1.E0));
#4196=VECTOR('',#4195,2.17E0);
#4197=CARTESIAN_POINT('',(-4.5E-1,-2.85E-1,-1.33E0));
#4198=LINE('',#4197,#4196);
#4199=DIRECTION('',(1.E0,0.E0,0.E0));
#4200=VECTOR('',#4199,4.E-1);
#4201=CARTESIAN_POINT('',(-8.5E-1,-4.15E-1,-1.067589968261E0));
#4202=LINE('',#4201,#4200);
#4203=DIRECTION('',(1.E0,0.E0,0.E0));
#4204=VECTOR('',#4203,4.E-1);
#4205=CARTESIAN_POINT('',(-8.5E-1,-3.575596991407E-1,-1.134370478851E0));
#4206=LINE('',#4205,#4204);
#4207=DIRECTION('',(0.E0,1.E0,0.E0));
#4208=VECTOR('',#4207,9.E-2);
#4209=CARTESIAN_POINT('',(-2.E-1,-2.85E-1,-3.5E0));
#4210=LINE('',#4209,#4208);
#4211=DIRECTION('',(0.E0,0.E0,-1.E0));
#4212=VECTOR('',#4211,2.17E0);
#4213=CARTESIAN_POINT('',(-2.E-1,-2.85E-1,-1.33E0));
#4214=LINE('',#4213,#4212);
#4215=CARTESIAN_POINT('',(-2.E-1,-5.85E-1,-1.33E0));
#4216=DIRECTION('',(-1.E0,0.E0,0.E0));
#4217=DIRECTION('',(0.E0,7.581343361977E-1,6.520984038304E-1));
#4218=AXIS2_PLACEMENT_3D('',#4215,#4216,#4217);
#4220=DIRECTION('',(0.E0,6.520984038304E-1,-7.581343361977E-1));
#4221=VECTOR('',#4220,8.808532657325E-2);
#4222=CARTESIAN_POINT('',(-2.E-1,-4.15E-1,-1.067589968261E0));
#4223=LINE('',#4222,#4221);
#4224=DIRECTION('',(0.E0,0.E0,-1.E0));
#4225=VECTOR('',#4224,1.175899682605E-1);
#4226=CARTESIAN_POINT('',(-2.E-1,-4.15E-1,-9.5E-1));
#4227=LINE('',#4226,#4225);
#4228=DIRECTION('',(1.E0,0.E0,0.E0));
#4229=VECTOR('',#4228,4.E-1);
#4230=CARTESIAN_POINT('',(-2.E-1,-2.85E-1,-1.33E0));
#4231=LINE('',#4230,#4229);
#4232=DIRECTION('',(0.E0,1.E0,0.E0));
#4233=VECTOR('',#4232,9.E-2);
#4234=CARTESIAN_POINT('',(2.E-1,-2.85E-1,-3.5E0));
#4235=LINE('',#4234,#4233);
#4236=DIRECTION('',(0.E0,0.E0,-1.E0));
#4237=VECTOR('',#4236,1.175899682605E-1);
#4238=CARTESIAN_POINT('',(2.E-1,-4.15E-1,-9.5E-1));
#4239=LINE('',#4238,#4237);
#4240=DIRECTION('',(0.E0,6.520984038304E-1,-7.581343361977E-1));
#4241=VECTOR('',#4240,8.808532657325E-2);
#4242=CARTESIAN_POINT('',(2.E-1,-4.15E-1,-1.067589968261E0));
#4243=LINE('',#4242,#4241);
#4244=CARTESIAN_POINT('',(2.E-1,-5.85E-1,-1.33E0));
#4245=DIRECTION('',(-1.E0,0.E0,0.E0));
#4246=DIRECTION('',(0.E0,7.581343361977E-1,6.520984038304E-1));
#4247=AXIS2_PLACEMENT_3D('',#4244,#4245,#4246);
#4249=DIRECTION('',(0.E0,0.E0,-1.E0));
#4250=VECTOR('',#4249,2.17E0);
#4251=CARTESIAN_POINT('',(2.E-1,-2.85E-1,-1.33E0));
#4252=LINE('',#4251,#4250);
#4253=DIRECTION('',(1.E0,0.E0,0.E0));
#4254=VECTOR('',#4253,4.E-1);
#4255=CARTESIAN_POINT('',(-2.E-1,-4.15E-1,-1.067589968261E0));
#4256=LINE('',#4255,#4254);
#4257=DIRECTION('',(1.E0,0.E0,0.E0));
#4258=VECTOR('',#4257,4.E-1);
#4259=CARTESIAN_POINT('',(-2.E-1,-3.575596991407E-1,-1.134370478851E0));
#4260=LINE('',#4259,#4258);
#4261=DIRECTION('',(0.E0,1.E0,0.E0));
#4262=VECTOR('',#4261,9.E-2);
#4263=CARTESIAN_POINT('',(4.5E-1,-2.85E-1,-3.5E0));
#4264=LINE('',#4263,#4262);
#4265=DIRECTION('',(0.E0,0.E0,-1.E0));
#4266=VECTOR('',#4265,2.17E0);
#4267=CARTESIAN_POINT('',(4.5E-1,-2.85E-1,-1.33E0));
#4268=LINE('',#4267,#4266);
#4269=CARTESIAN_POINT('',(4.5E-1,-5.85E-1,-1.33E0));
#4270=DIRECTION('',(-1.E0,0.E0,0.E0));
#4271=DIRECTION('',(0.E0,7.581343361977E-1,6.520984038304E-1));
#4272=AXIS2_PLACEMENT_3D('',#4269,#4270,#4271);
#4274=DIRECTION('',(0.E0,6.520984038304E-1,-7.581343361977E-1));
#4275=VECTOR('',#4274,8.808532657325E-2);
#4276=CARTESIAN_POINT('',(4.5E-1,-4.15E-1,-1.067589968261E0));
#4277=LINE('',#4276,#4275);
#4278=DIRECTION('',(0.E0,0.E0,-1.E0));
#4279=VECTOR('',#4278,1.175899682605E-1);
#4280=CARTESIAN_POINT('',(4.5E-1,-4.15E-1,-9.5E-1));
#4281=LINE('',#4280,#4279);
#4282=DIRECTION('',(1.E0,0.E0,0.E0));
#4283=VECTOR('',#4282,4.E-1);
#4284=CARTESIAN_POINT('',(4.5E-1,-2.85E-1,-1.33E0));
#4285=LINE('',#4284,#4283);
#4286=DIRECTION('',(1.E0,0.E0,0.E0));
#4287=VECTOR('',#4286,4.E-1);
#4288=CARTESIAN_POINT('',(4.5E-1,-3.575596991407E-1,-1.134370478851E0));
#4289=LINE('',#4288,#4287);
#4290=DIRECTION('',(1.E0,0.E0,0.E0));
#4291=VECTOR('',#4290,4.E-1);
#4292=CARTESIAN_POINT('',(4.5E-1,-4.15E-1,-1.067589968261E0));
#4293=LINE('',#4292,#4291);
#4294=DIRECTION('',(1.E0,0.E0,0.E0));
#4295=VECTOR('',#4294,4.E-1);
#4296=CARTESIAN_POINT('',(1.1E0,-4.15E-1,-1.067589968261E0));
#4297=LINE('',#4296,#4295);
#4298=DIRECTION('',(1.E0,0.E0,0.E0));
#4299=VECTOR('',#4298,4.E-1);
#4300=CARTESIAN_POINT('',(1.1E0,-3.575596991407E-1,-1.134370478851E0));
#4301=LINE('',#4300,#4299);
#4302=DIRECTION('',(9.568135840576E-1,0.E0,2.907021935983E-1));
#4303=VECTOR('',#4302,3.439946522667E-1);
#4304=CARTESIAN_POINT('',(-3.21E0,4.E-2,-4.52E0));
#4305=LINE('',#4304,#4303);
#4306=DIRECTION('',(0.E0,0.E0,-1.E0));
#4307=VECTOR('',#4306,1.E-1);
#4308=CARTESIAN_POINT('',(-1.975E0,4.E-2,-4.42E0));
#4309=LINE('',#4308,#4307);
#4310=DIRECTION('',(0.E0,0.E0,-1.E0));
#4311=VECTOR('',#4310,1.E-1);
#4312=CARTESIAN_POINT('',(-1.975E0,6.114720812183E-1,-4.42E0));
#4313=LINE('',#4312,#4311);
#4314=DIRECTION('',(0.E0,1.E0,0.E0));
#4315=VECTOR('',#4314,9.E-2);
#4316=CARTESIAN_POINT('',(1.425E0,-1.15E0,-4.42E0));
#4317=LINE('',#4316,#4315);
#4318=CARTESIAN_POINT('',(1.425E0,-1.15E0,-4.52E0));
#4319=DIRECTION('',(-1.E0,0.E0,0.E0));
#4320=DIRECTION('',(0.E0,-1.E0,0.E0));
#4321=AXIS2_PLACEMENT_3D('',#4318,#4319,#4320);
#4323=DIRECTION('',(0.E0,0.E0,1.E0));
#4324=VECTOR('',#4323,6.3E-1);
#4325=CARTESIAN_POINT('',(1.425E0,-1.25E0,-5.15E0));
#4326=LINE('',#4325,#4324);
#4327=DIRECTION('',(0.E0,1.E0,0.E0));
#4328=VECTOR('',#4327,1.5E-1);
#4329=CARTESIAN_POINT('',(1.425E0,-1.4E0,-5.15E0));
#4330=LINE('',#4329,#4328);
#4331=DIRECTION('',(0.E0,0.E0,-1.E0));
#4332=VECTOR('',#4331,6.3E-1);
#4333=CARTESIAN_POINT('',(1.425E0,-1.4E0,-4.52E0));
#4334=LINE('',#4333,#4332);
#4335=CARTESIAN_POINT('',(1.425E0,-1.15E0,-4.52E0));
#4336=DIRECTION('',(1.E0,0.E0,0.E0));
#4337=DIRECTION('',(0.E0,0.E0,1.E0));
#4338=AXIS2_PLACEMENT_3D('',#4335,#4336,#4337);
#4340=DIRECTION('',(0.E0,-1.E0,0.E0));
#4341=VECTOR('',#4340,9.E-2);
#4342=CARTESIAN_POINT('',(1.425E0,-1.06E0,-4.27E0));
#4343=LINE('',#4342,#4341);
#4344=DIRECTION('',(1.E0,0.E0,0.E0));
#4345=VECTOR('',#4344,2.5E-1);
#4346=CARTESIAN_POINT('',(1.175E0,-1.25E0,-4.52E0));
#4347=LINE('',#4346,#4345);
#4348=DIRECTION('',(0.E0,-1.E0,0.E0));
#4349=VECTOR('',#4348,9.E-2);
#4350=CARTESIAN_POINT('',(1.175E0,-1.06E0,-4.27E0));
#4351=LINE('',#4350,#4349);
#4352=CARTESIAN_POINT('',(1.175E0,-1.15E0,-4.52E0));
#4353=DIRECTION('',(1.E0,0.E0,0.E0));
#4354=DIRECTION('',(0.E0,0.E0,1.E0));
#4355=AXIS2_PLACEMENT_3D('',#4352,#4353,#4354);
#4357=DIRECTION('',(0.E0,0.E0,-1.E0));
#4358=VECTOR('',#4357,6.3E-1);
#4359=CARTESIAN_POINT('',(1.175E0,-1.4E0,-4.52E0));
#4360=LINE('',#4359,#4358);
#4361=DIRECTION('',(0.E0,1.E0,0.E0));
#4362=VECTOR('',#4361,1.5E-1);
#4363=CARTESIAN_POINT('',(1.175E0,-1.4E0,-5.15E0));
#4364=LINE('',#4363,#4362);
#4365=DIRECTION('',(0.E0,0.E0,1.E0));
#4366=VECTOR('',#4365,6.3E-1);
#4367=CARTESIAN_POINT('',(1.175E0,-1.25E0,-5.15E0));
#4368=LINE('',#4367,#4366);
#4369=CARTESIAN_POINT('',(1.175E0,-1.15E0,-4.52E0));
#4370=DIRECTION('',(-1.E0,0.E0,0.E0));
#4371=DIRECTION('',(0.E0,-1.E0,0.E0));
#4372=AXIS2_PLACEMENT_3D('',#4369,#4370,#4371);
#4374=DIRECTION('',(0.E0,1.E0,0.E0));
#4375=VECTOR('',#4374,9.E-2);
#4376=CARTESIAN_POINT('',(1.175E0,-1.15E0,-4.42E0));
#4377=LINE('',#4376,#4375);
#4378=DIRECTION('',(1.E0,0.E0,0.E0));
#4379=VECTOR('',#4378,2.5E-1);
#4380=CARTESIAN_POINT('',(1.175E0,-1.15E0,-4.27E0));
#4381=LINE('',#4380,#4379);
#4382=DIRECTION('',(1.E0,0.E0,0.E0));
#4383=VECTOR('',#4382,2.5E-1);
#4384=CARTESIAN_POINT('',(1.175E0,-1.4E0,-4.52E0));
#4385=LINE('',#4384,#4383);
#4386=DIRECTION('',(1.E0,0.E0,0.E0));
#4387=VECTOR('',#4386,2.5E-1);
#4388=CARTESIAN_POINT('',(1.175E0,-1.4E0,-5.15E0));
#4389=LINE('',#4388,#4387);
#4390=DIRECTION('',(1.E0,0.E0,0.E0));
#4391=VECTOR('',#4390,2.5E-1);
#4392=CARTESIAN_POINT('',(1.175E0,-1.25E0,-5.15E0));
#4393=LINE('',#4392,#4391);
#4394=DIRECTION('',(0.E0,1.E0,0.E0));
#4395=VECTOR('',#4394,9.E-2);
#4396=CARTESIAN_POINT('',(7.75E-1,-1.15E0,-4.42E0));
#4397=LINE('',#4396,#4395);
#4398=CARTESIAN_POINT('',(7.75E-1,-1.15E0,-4.52E0));
#4399=DIRECTION('',(-1.E0,0.E0,0.E0));
#4400=DIRECTION('',(0.E0,-1.E0,0.E0));
#4401=AXIS2_PLACEMENT_3D('',#4398,#4399,#4400);
#4403=DIRECTION('',(0.E0,0.E0,1.E0));
#4404=VECTOR('',#4403,6.3E-1);
#4405=CARTESIAN_POINT('',(7.75E-1,-1.25E0,-5.15E0));
#4406=LINE('',#4405,#4404);
#4407=DIRECTION('',(0.E0,1.E0,0.E0));
#4408=VECTOR('',#4407,1.5E-1);
#4409=CARTESIAN_POINT('',(7.75E-1,-1.4E0,-5.15E0));
#4410=LINE('',#4409,#4408);
#4411=DIRECTION('',(0.E0,0.E0,-1.E0));
#4412=VECTOR('',#4411,6.3E-1);
#4413=CARTESIAN_POINT('',(7.75E-1,-1.4E0,-4.52E0));
#4414=LINE('',#4413,#4412);
#4415=CARTESIAN_POINT('',(7.75E-1,-1.15E0,-4.52E0));
#4416=DIRECTION('',(1.E0,0.E0,0.E0));
#4417=DIRECTION('',(0.E0,0.E0,1.E0));
#4418=AXIS2_PLACEMENT_3D('',#4415,#4416,#4417);
#4420=DIRECTION('',(0.E0,-1.E0,0.E0));
#4421=VECTOR('',#4420,9.E-2);
#4422=CARTESIAN_POINT('',(7.75E-1,-1.06E0,-4.27E0));
#4423=LINE('',#4422,#4421);
#4424=DIRECTION('',(1.E0,0.E0,0.E0));
#4425=VECTOR('',#4424,2.5E-1);
#4426=CARTESIAN_POINT('',(5.25E-1,-1.25E0,-4.52E0));
#4427=LINE('',#4426,#4425);
#4428=DIRECTION('',(0.E0,1.E0,0.E0));
#4429=VECTOR('',#4428,9.E-2);
#4430=CARTESIAN_POINT('',(5.25E-1,-1.15E0,-4.42E0));
#4431=LINE('',#4430,#4429);
#4432=DIRECTION('',(0.E0,-1.E0,0.E0));
#4433=VECTOR('',#4432,9.E-2);
#4434=CARTESIAN_POINT('',(5.25E-1,-1.06E0,-4.27E0));
#4435=LINE('',#4434,#4433);
#4436=CARTESIAN_POINT('',(5.25E-1,-1.15E0,-4.52E0));
#4437=DIRECTION('',(1.E0,0.E0,0.E0));
#4438=DIRECTION('',(0.E0,0.E0,1.E0));
#4439=AXIS2_PLACEMENT_3D('',#4436,#4437,#4438);
#4441=DIRECTION('',(0.E0,0.E0,-1.E0));
#4442=VECTOR('',#4441,6.3E-1);
#4443=CARTESIAN_POINT('',(5.25E-1,-1.4E0,-4.52E0));
#4444=LINE('',#4443,#4442);
#4445=DIRECTION('',(0.E0,1.E0,0.E0));
#4446=VECTOR('',#4445,1.5E-1);
#4447=CARTESIAN_POINT('',(5.25E-1,-1.4E0,-5.15E0));
#4448=LINE('',#4447,#4446);
#4449=DIRECTION('',(0.E0,0.E0,1.E0));
#4450=VECTOR('',#4449,6.3E-1);
#4451=CARTESIAN_POINT('',(5.25E-1,-1.25E0,-5.15E0));
#4452=LINE('',#4451,#4450);
#4453=CARTESIAN_POINT('',(5.25E-1,-1.15E0,-4.52E0));
#4454=DIRECTION('',(-1.E0,0.E0,0.E0));
#4455=DIRECTION('',(0.E0,-1.E0,0.E0));
#4456=AXIS2_PLACEMENT_3D('',#4453,#4454,#4455);
#4458=DIRECTION('',(1.E0,0.E0,0.E0));
#4459=VECTOR('',#4458,2.5E-1);
#4460=CARTESIAN_POINT('',(5.25E-1,-1.15E0,-4.27E0));
#4461=LINE('',#4460,#4459);
#4462=DIRECTION('',(1.E0,0.E0,0.E0));
#4463=VECTOR('',#4462,2.5E-1);
#4464=CARTESIAN_POINT('',(5.25E-1,-1.4E0,-4.52E0));
#4465=LINE('',#4464,#4463);
#4466=DIRECTION('',(1.E0,0.E0,0.E0));
#4467=VECTOR('',#4466,2.5E-1);
#4468=CARTESIAN_POINT('',(5.25E-1,-1.4E0,-5.15E0));
#4469=LINE('',#4468,#4467);
#4470=DIRECTION('',(1.E0,0.E0,0.E0));
#4471=VECTOR('',#4470,2.5E-1);
#4472=CARTESIAN_POINT('',(5.25E-1,-1.25E0,-5.15E0));
#4473=LINE('',#4472,#4471);
#4474=DIRECTION('',(0.E0,1.E0,0.E0));
#4475=VECTOR('',#4474,9.E-2);
#4476=CARTESIAN_POINT('',(1.25E-1,-1.15E0,-4.42E0));
#4477=LINE('',#4476,#4475);
#4478=CARTESIAN_POINT('',(1.25E-1,-1.15E0,-4.52E0));
#4479=DIRECTION('',(-1.E0,0.E0,0.E0));
#4480=DIRECTION('',(0.E0,-1.E0,0.E0));
#4481=AXIS2_PLACEMENT_3D('',#4478,#4479,#4480);
#4483=DIRECTION('',(0.E0,0.E0,1.E0));
#4484=VECTOR('',#4483,6.3E-1);
#4485=CARTESIAN_POINT('',(1.25E-1,-1.25E0,-5.15E0));
#4486=LINE('',#4485,#4484);
#4487=DIRECTION('',(0.E0,1.E0,0.E0));
#4488=VECTOR('',#4487,1.5E-1);
#4489=CARTESIAN_POINT('',(1.25E-1,-1.4E0,-5.15E0));
#4490=LINE('',#4489,#4488);
#4491=DIRECTION('',(0.E0,0.E0,-1.E0));
#4492=VECTOR('',#4491,6.3E-1);
#4493=CARTESIAN_POINT('',(1.25E-1,-1.4E0,-4.52E0));
#4494=LINE('',#4493,#4492);
#4495=CARTESIAN_POINT('',(1.25E-1,-1.15E0,-4.52E0));
#4496=DIRECTION('',(1.E0,0.E0,0.E0));
#4497=DIRECTION('',(0.E0,0.E0,1.E0));
#4498=AXIS2_PLACEMENT_3D('',#4495,#4496,#4497);
#4500=DIRECTION('',(0.E0,-1.E0,0.E0));
#4501=VECTOR('',#4500,9.E-2);
#4502=CARTESIAN_POINT('',(1.25E-1,-1.06E0,-4.27E0));
#4503=LINE('',#4502,#4501);
#4504=DIRECTION('',(1.E0,0.E0,0.E0));
#4505=VECTOR('',#4504,2.5E-1);
#4506=CARTESIAN_POINT('',(-1.25E-1,-1.25E0,-4.52E0));
#4507=LINE('',#4506,#4505);
#4508=DIRECTION('',(0.E0,1.E0,0.E0));
#4509=VECTOR('',#4508,9.E-2);
#4510=CARTESIAN_POINT('',(-1.25E-1,-1.15E0,-4.42E0));
#4511=LINE('',#4510,#4509);
#4512=DIRECTION('',(0.E0,-1.E0,0.E0));
#4513=VECTOR('',#4512,9.E-2);
#4514=CARTESIAN_POINT('',(-1.25E-1,-1.06E0,-4.27E0));
#4515=LINE('',#4514,#4513);
#4516=CARTESIAN_POINT('',(-1.25E-1,-1.15E0,-4.52E0));
#4517=DIRECTION('',(1.E0,0.E0,0.E0));
#4518=DIRECTION('',(0.E0,0.E0,1.E0));
#4519=AXIS2_PLACEMENT_3D('',#4516,#4517,#4518);
#4521=DIRECTION('',(0.E0,0.E0,-1.E0));
#4522=VECTOR('',#4521,6.3E-1);
#4523=CARTESIAN_POINT('',(-1.25E-1,-1.4E0,-4.52E0));
#4524=LINE('',#4523,#4522);
#4525=DIRECTION('',(0.E0,1.E0,0.E0));
#4526=VECTOR('',#4525,1.5E-1);
#4527=CARTESIAN_POINT('',(-1.25E-1,-1.4E0,-5.15E0));
#4528=LINE('',#4527,#4526);
#4529=DIRECTION('',(0.E0,0.E0,1.E0));
#4530=VECTOR('',#4529,6.3E-1);
#4531=CARTESIAN_POINT('',(-1.25E-1,-1.25E0,-5.15E0));
#4532=LINE('',#4531,#4530);
#4533=CARTESIAN_POINT('',(-1.25E-1,-1.15E0,-4.52E0));
#4534=DIRECTION('',(-1.E0,0.E0,0.E0));
#4535=DIRECTION('',(0.E0,-1.E0,0.E0));
#4536=AXIS2_PLACEMENT_3D('',#4533,#4534,#4535);
#4538=DIRECTION('',(1.E0,0.E0,0.E0));
#4539=VECTOR('',#4538,2.5E-1);
#4540=CARTESIAN_POINT('',(-1.25E-1,-1.15E0,-4.27E0));
#4541=LINE('',#4540,#4539);
#4542=DIRECTION('',(1.E0,0.E0,0.E0));
#4543=VECTOR('',#4542,2.5E-1);
#4544=CARTESIAN_POINT('',(-1.25E-1,-1.4E0,-4.52E0));
#4545=LINE('',#4544,#4543);
#4546=DIRECTION('',(1.E0,0.E0,0.E0));
#4547=VECTOR('',#4546,2.5E-1);
#4548=CARTESIAN_POINT('',(-1.25E-1,-1.4E0,-5.15E0));
#4549=LINE('',#4548,#4547);
#4550=DIRECTION('',(1.E0,0.E0,0.E0));
#4551=VECTOR('',#4550,2.5E-1);
#4552=CARTESIAN_POINT('',(-1.25E-1,-1.25E0,-5.15E0));
#4553=LINE('',#4552,#4551);
#4554=DIRECTION('',(0.E0,1.E0,0.E0));
#4555=VECTOR('',#4554,9.E-2);
#4556=CARTESIAN_POINT('',(-5.25E-1,-1.15E0,-4.42E0));
#4557=LINE('',#4556,#4555);
#4558=CARTESIAN_POINT('',(-5.25E-1,-1.15E0,-4.52E0));
#4559=DIRECTION('',(-1.E0,0.E0,0.E0));
#4560=DIRECTION('',(0.E0,-1.E0,0.E0));
#4561=AXIS2_PLACEMENT_3D('',#4558,#4559,#4560);
#4563=DIRECTION('',(0.E0,0.E0,1.E0));
#4564=VECTOR('',#4563,6.3E-1);
#4565=CARTESIAN_POINT('',(-5.25E-1,-1.25E0,-5.15E0));
#4566=LINE('',#4565,#4564);
#4567=DIRECTION('',(0.E0,1.E0,0.E0));
#4568=VECTOR('',#4567,1.5E-1);
#4569=CARTESIAN_POINT('',(-5.25E-1,-1.4E0,-5.15E0));
#4570=LINE('',#4569,#4568);
#4571=DIRECTION('',(0.E0,0.E0,-1.E0));
#4572=VECTOR('',#4571,6.3E-1);
#4573=CARTESIAN_POINT('',(-5.25E-1,-1.4E0,-4.52E0));
#4574=LINE('',#4573,#4572);
#4575=CARTESIAN_POINT('',(-5.25E-1,-1.15E0,-4.52E0));
#4576=DIRECTION('',(1.E0,0.E0,0.E0));
#4577=DIRECTION('',(0.E0,0.E0,1.E0));
#4578=AXIS2_PLACEMENT_3D('',#4575,#4576,#4577);
#4580=DIRECTION('',(0.E0,-1.E0,0.E0));
#4581=VECTOR('',#4580,9.E-2);
#4582=CARTESIAN_POINT('',(-5.25E-1,-1.06E0,-4.27E0));
#4583=LINE('',#4582,#4581);
#4584=DIRECTION('',(1.E0,0.E0,0.E0));
#4585=VECTOR('',#4584,2.5E-1);
#4586=CARTESIAN_POINT('',(-7.75E-1,-1.25E0,-4.52E0));
#4587=LINE('',#4586,#4585);
#4588=DIRECTION('',(0.E0,1.E0,0.E0));
#4589=VECTOR('',#4588,9.E-2);
#4590=CARTESIAN_POINT('',(-7.75E-1,-1.15E0,-4.42E0));
#4591=LINE('',#4590,#4589);
#4592=DIRECTION('',(0.E0,-1.E0,0.E0));
#4593=VECTOR('',#4592,9.E-2);
#4594=CARTESIAN_POINT('',(-7.75E-1,-1.06E0,-4.27E0));
#4595=LINE('',#4594,#4593);
#4596=CARTESIAN_POINT('',(-7.75E-1,-1.15E0,-4.52E0));
#4597=DIRECTION('',(1.E0,0.E0,0.E0));
#4598=DIRECTION('',(0.E0,0.E0,1.E0));
#4599=AXIS2_PLACEMENT_3D('',#4596,#4597,#4598);
#4601=DIRECTION('',(0.E0,0.E0,-1.E0));
#4602=VECTOR('',#4601,6.3E-1);
#4603=CARTESIAN_POINT('',(-7.75E-1,-1.4E0,-4.52E0));
#4604=LINE('',#4603,#4602);
#4605=DIRECTION('',(0.E0,1.E0,0.E0));
#4606=VECTOR('',#4605,1.5E-1);
#4607=CARTESIAN_POINT('',(-7.75E-1,-1.4E0,-5.15E0));
#4608=LINE('',#4607,#4606);
#4609=DIRECTION('',(0.E0,0.E0,1.E0));
#4610=VECTOR('',#4609,6.3E-1);
#4611=CARTESIAN_POINT('',(-7.75E-1,-1.25E0,-5.15E0));
#4612=LINE('',#4611,#4610);
#4613=CARTESIAN_POINT('',(-7.75E-1,-1.15E0,-4.52E0));
#4614=DIRECTION('',(-1.E0,0.E0,0.E0));
#4615=DIRECTION('',(0.E0,-1.E0,0.E0));
#4616=AXIS2_PLACEMENT_3D('',#4613,#4614,#4615);
#4618=DIRECTION('',(1.E0,0.E0,0.E0));
#4619=VECTOR('',#4618,2.5E-1);
#4620=CARTESIAN_POINT('',(-7.75E-1,-1.15E0,-4.27E0));
#4621=LINE('',#4620,#4619);
#4622=DIRECTION('',(1.E0,0.E0,0.E0));
#4623=VECTOR('',#4622,2.5E-1);
#4624=CARTESIAN_POINT('',(-7.75E-1,-1.4E0,-4.52E0));
#4625=LINE('',#4624,#4623);
#4626=DIRECTION('',(1.E0,0.E0,0.E0));
#4627=VECTOR('',#4626,2.5E-1);
#4628=CARTESIAN_POINT('',(-7.75E-1,-1.4E0,-5.15E0));
#4629=LINE('',#4628,#4627);
#4630=DIRECTION('',(1.E0,0.E0,0.E0));
#4631=VECTOR('',#4630,2.5E-1);
#4632=CARTESIAN_POINT('',(-7.75E-1,-1.25E0,-5.15E0));
#4633=LINE('',#4632,#4631);
#4634=DIRECTION('',(9.568135840576E-1,0.E0,-2.907021935983E-1));
#4635=VECTOR('',#4634,3.439946522667E-1);
#4636=CARTESIAN_POINT('',(2.880861243868E0,4.E-2,-4.42E0));
#4637=LINE('',#4636,#4635);
#4638=DIRECTION('',(0.E0,0.E0,-1.E0));
#4639=VECTOR('',#4638,1.E-1);
#4640=CARTESIAN_POINT('',(1.975E0,4.E-2,-4.42E0));
#4641=LINE('',#4640,#4639);
#4642=DIRECTION('',(0.E0,0.E0,-1.E0));
#4643=VECTOR('',#4642,1.E-1);
#4644=CARTESIAN_POINT('',(1.975E0,6.114720812183E-1,-4.42E0));
#4645=LINE('',#4644,#4643);
#4646=DIRECTION('',(0.E0,0.E0,1.E0));
#4647=VECTOR('',#4646,5.2E-1);
#4648=CARTESIAN_POINT('',(2.175E0,7.8E-1,-4.52E0));
#4649=LINE('',#4648,#4647);
#4650=DIRECTION('',(0.E0,0.E0,-1.E0));
#4651=VECTOR('',#4650,4.2E-1);
#4652=CARTESIAN_POINT('',(1.19E0,-5.E-2,-4.E0));
#4653=LINE('',#4652,#4651);
#4654=DIRECTION('',(0.E0,0.E0,-1.E0));
#4655=VECTOR('',#4654,4.2E-1);
#4656=CARTESIAN_POINT('',(7.5E-1,-5.E-2,-4.E0));
#4657=LINE('',#4656,#4655);
#4658=DIRECTION('',(0.E0,0.E0,-1.E0));
#4659=VECTOR('',#4658,4.2E-1);
#4660=CARTESIAN_POINT('',(6.773844092735E-1,7.8E-1,-4.E0));
#4661=LINE('',#4660,#4659);
#4662=CARTESIAN_POINT('',(4.75E-1,6.3E-1,-4.47E0));
#4663=DIRECTION('',(1.E0,0.E0,0.E0));
#4664=DIRECTION('',(0.E0,0.E0,-1.E0));
#4665=AXIS2_PLACEMENT_3D('',#4662,#4663,#4664);
#4667=DIRECTION('',(0.E0,8.849182223820E-1,-4.657464328326E-1));
#4668=VECTOR('',#4667,4.294182110717E-1);
#4669=CARTESIAN_POINT('',(4.75E-1,2.5E-1,-4.42E0));
#4670=LINE('',#4669,#4668);
#4671=DIRECTION('',(1.E0,0.E0,0.E0));
#4672=VECTOR('',#4671,9.5E-1);
#4673=CARTESIAN_POINT('',(-4.75E-1,6.3E-1,-4.62E0));
#4674=LINE('',#4673,#4672);
#4675=DIRECTION('',(0.E0,8.849182223820E-1,-4.657464328326E-1));
#4676=VECTOR('',#4675,4.294182110717E-1);
#4677=CARTESIAN_POINT('',(-4.75E-1,2.5E-1,-4.42E0));
#4678=LINE('',#4677,#4676);
#4679=CARTESIAN_POINT('',(-4.75E-1,6.3E-1,-4.47E0));
#4680=DIRECTION('',(1.E0,0.E0,0.E0));
#4681=DIRECTION('',(0.E0,0.E0,-1.E0));
#4682=AXIS2_PLACEMENT_3D('',#4679,#4680,#4681);
#4684=DIRECTION('',(0.E0,0.E0,-1.E0));
#4685=VECTOR('',#4684,4.2E-1);
#4686=CARTESIAN_POINT('',(-7.5E-1,-5.E-2,-4.E0));
#4687=LINE('',#4686,#4685);
#4688=DIRECTION('',(0.E0,0.E0,-1.E0));
#4689=VECTOR('',#4688,4.2E-1);
#4690=CARTESIAN_POINT('',(-1.19E0,-5.E-2,-4.E0));
#4691=LINE('',#4690,#4689);
#4692=CARTESIAN_POINT('',(2.594539656665E0,1.08E0,0.E0));
#4693=CARTESIAN_POINT('',(-2.594539656665E0,1.08E0,0.E0));
#4694=VERTEX_POINT('',#4692);
#4695=VERTEX_POINT('',#4693);
#4696=CARTESIAN_POINT('',(-2.988465930145E0,9.138255998007E-1,0.E0));
#4697=VERTEX_POINT('',#4696);
#4698=CARTESIAN_POINT('',(-3.603926273480E0,2.821689316412E-1,0.E0));
#4699=VERTEX_POINT('',#4698);
#4700=CARTESIAN_POINT('',(-3.76E0,-1.016566681595E-1,0.E0));
#4701=VERTEX_POINT('',#4700);
#4702=CARTESIAN_POINT('',(-3.76E0,-8.5E-1,0.E0));
#4703=VERTEX_POINT('',#4702);
#4704=CARTESIAN_POINT('',(-3.21E0,-1.4E0,0.E0));
#4705=VERTEX_POINT('',#4704);
#4706=CARTESIAN_POINT('',(3.21E0,-1.4E0,0.E0));
#4707=VERTEX_POINT('',#4706);
#4708=CARTESIAN_POINT('',(3.76E0,-8.5E-1,0.E0));
#4709=VERTEX_POINT('',#4708);
#4710=CARTESIAN_POINT('',(3.76E0,-1.016566681595E-1,0.E0));
#4711=VERTEX_POINT('',#4710);
#4712=CARTESIAN_POINT('',(3.603926273480E0,2.821689316412E-1,0.E0));
#4713=VERTEX_POINT('',#4712);
#4714=CARTESIAN_POINT('',(2.988465930145E0,9.138255998007E-1,0.E0));
#4715=VERTEX_POINT('',#4714);
#4716=CARTESIAN_POINT('',(2.594539656665E0,7.8E-1,-4.55E0));
#4717=CARTESIAN_POINT('',(2.773597053701E0,7.044661817276E-1,-4.55E0));
#4718=VERTEX_POINT('',#4716);
#4719=VERTEX_POINT('',#4717);
#4720=CARTESIAN_POINT('',(3.389057397036E0,7.280951356808E-2,-4.55E0));
#4721=VERTEX_POINT('',#4720);
#4722=CARTESIAN_POINT('',(-3.389057397036E0,7.280951356808E-2,-4.55E0));
#4723=CARTESIAN_POINT('',(-2.773597053701E0,7.044661817276E-1,-4.55E0));
#4724=VERTEX_POINT('',#4722);
#4725=VERTEX_POINT('',#4723);
#4726=CARTESIAN_POINT('',(-2.594539656665E0,7.8E-1,-4.55E0));
#4727=VERTEX_POINT('',#4726);
#4728=CARTESIAN_POINT('',(-2.594539656665E0,1.08E0,-4.55E0));
#4729=CARTESIAN_POINT('',(-2.988465930145E0,9.138255998007E-1,-4.55E0));
#4730=VERTEX_POINT('',#4728);
#4731=VERTEX_POINT('',#4729);
#4732=CARTESIAN_POINT('',(-3.603926273480E0,2.821689316412E-1,-4.55E0));
#4733=VERTEX_POINT('',#4732);
#4734=CARTESIAN_POINT('',(3.603926273480E0,2.821689316412E-1,-4.55E0));
#4735=CARTESIAN_POINT('',(2.988465930145E0,9.138255998007E-1,-4.55E0));
#4736=VERTEX_POINT('',#4734);
#4737=VERTEX_POINT('',#4735);
#4738=CARTESIAN_POINT('',(2.594539656665E0,1.08E0,-4.55E0));
#4739=VERTEX_POINT('',#4738);
#4740=CARTESIAN_POINT('',(-3.76E0,-8.5E-1,-2.9E0));
#4741=CARTESIAN_POINT('',(-3.21E0,-1.4E0,-2.9E0));
#4742=VERTEX_POINT('',#4740);
#4743=VERTEX_POINT('',#4741);
#4744=CARTESIAN_POINT('',(-3.76E0,-8.5E-1,-1.4E0));
#4745=CARTESIAN_POINT('',(-3.21E0,-1.4E0,-1.4E0));
#4746=VERTEX_POINT('',#4744);
#4747=VERTEX_POINT('',#4745);
#4748=CARTESIAN_POINT('',(3.21E0,-1.4E0,-1.4E0));
#4749=CARTESIAN_POINT('',(3.76E0,-8.5E-1,-1.4E0));
#4750=VERTEX_POINT('',#4748);
#4751=VERTEX_POINT('',#4749);
#4752=CARTESIAN_POINT('',(3.21E0,-1.4E0,-2.9E0));
#4753=CARTESIAN_POINT('',(3.76E0,-8.5E-1,-2.9E0));
#4754=VERTEX_POINT('',#4752);
#4755=VERTEX_POINT('',#4753);
#4756=CARTESIAN_POINT('',(3.21E0,-1.1E0,-1.4E0));
#4757=CARTESIAN_POINT('',(3.46E0,-8.5E-1,-1.4E0));
#4758=VERTEX_POINT('',#4756);
#4759=VERTEX_POINT('',#4757);
#4760=CARTESIAN_POINT('',(3.21E0,-1.1E0,-2.9E0));
#4761=CARTESIAN_POINT('',(3.46E0,-8.5E-1,-2.9E0));
#4762=VERTEX_POINT('',#4760);
#4763=VERTEX_POINT('',#4761);
#4764=CARTESIAN_POINT('',(-3.46E0,-8.5E-1,-2.9E0));
#4765=CARTESIAN_POINT('',(-3.21E0,-1.1E0,-2.9E0));
#4766=VERTEX_POINT('',#4764);
#4767=VERTEX_POINT('',#4765);
#4768=CARTESIAN_POINT('',(-3.46E0,-8.5E-1,-1.4E0));
#4769=CARTESIAN_POINT('',(-3.21E0,-1.1E0,-1.4E0));
#4770=VERTEX_POINT('',#4768);
#4771=VERTEX_POINT('',#4769);
#4772=CARTESIAN_POINT('',(3.46E0,-6.87E-1,-2.6E0));
#4773=CARTESIAN_POINT('',(3.646158223876E0,-1.099455042334E0,-2.6E0));
#4774=VERTEX_POINT('',#4772);
#4775=VERTEX_POINT('',#4773);
#4776=CARTESIAN_POINT('',(3.715382625511E0,-1.160520435303E0,-2.6E0));
#4777=VERTEX_POINT('',#4776);
#4778=CARTESIAN_POINT('',(3.8E0,-1.348E0,-2.6E0));
#4779=VERTEX_POINT('',#4778);
#4780=CARTESIAN_POINT('',(4.1E0,-1.348E0,-2.6E0));
#4781=CARTESIAN_POINT('',(3.913841776124E0,-9.355449576655E-1,-2.6E0));
#4782=VERTEX_POINT('',#4780);
#4783=VERTEX_POINT('',#4781);
#4784=CARTESIAN_POINT('',(3.844617374489E0,-8.744795646975E-1,-2.6E0));
#4785=VERTEX_POINT('',#4784);
#4786=CARTESIAN_POINT('',(3.76E0,-6.87E-1,-2.6E0));
#4787=VERTEX_POINT('',#4786);
#4788=CARTESIAN_POINT('',(-3.76E0,-6.87E-1,-2.6E0));
#4789=CARTESIAN_POINT('',(-3.844617374489E0,-8.744795646975E-1,-2.6E0));
#4790=VERTEX_POINT('',#4788);
#4791=VERTEX_POINT('',#4789);
#4792=CARTESIAN_POINT('',(-3.913841776124E0,-9.355449576655E-1,-2.6E0));
#4793=VERTEX_POINT('',#4792);
#4794=CARTESIAN_POINT('',(-4.1E0,-1.348E0,-2.6E0));
#4795=VERTEX_POINT('',#4794);
#4796=CARTESIAN_POINT('',(-3.8E0,-1.348E0,-2.6E0));
#4797=CARTESIAN_POINT('',(-3.715382625511E0,-1.160520435303E0,-2.6E0));
#4798=VERTEX_POINT('',#4796);
#4799=VERTEX_POINT('',#4797);
#4800=CARTESIAN_POINT('',(-3.646158223876E0,-1.099455042334E0,-2.6E0));
#4801=VERTEX_POINT('',#4800);
#4802=CARTESIAN_POINT('',(-3.46E0,-6.87E-1,-2.6E0));
#4803=VERTEX_POINT('',#4802);
#4804=CARTESIAN_POINT('',(3.46E0,-6.87E-1,-1.7E0));
#4805=CARTESIAN_POINT('',(3.646158223876E0,-1.099455042334E0,-1.7E0));
#4806=VERTEX_POINT('',#4804);
#4807=VERTEX_POINT('',#4805);
#4808=CARTESIAN_POINT('',(3.715382625511E0,-1.160520435303E0,-1.7E0));
#4809=VERTEX_POINT('',#4808);
#4810=CARTESIAN_POINT('',(3.8E0,-1.348E0,-1.7E0));
#4811=VERTEX_POINT('',#4810);
#4812=CARTESIAN_POINT('',(4.1E0,-1.348E0,-1.7E0));
#4813=CARTESIAN_POINT('',(3.913841776124E0,-9.355449576655E-1,-1.7E0));
#4814=VERTEX_POINT('',#4812);
#4815=VERTEX_POINT('',#4813);
#4816=CARTESIAN_POINT('',(3.844617374489E0,-8.744795646975E-1,-1.7E0));
#4817=VERTEX_POINT('',#4816);
#4818=CARTESIAN_POINT('',(3.76E0,-6.87E-1,-1.7E0));
#4819=VERTEX_POINT('',#4818);
#4820=CARTESIAN_POINT('',(-3.76E0,-6.87E-1,-1.7E0));
#4821=CARTESIAN_POINT('',(-3.844617374489E0,-8.744795646975E-1,-1.7E0));
#4822=VERTEX_POINT('',#4820);
#4823=VERTEX_POINT('',#4821);
#4824=CARTESIAN_POINT('',(-3.913841776124E0,-9.355449576655E-1,-1.7E0));
#4825=VERTEX_POINT('',#4824);
#4826=CARTESIAN_POINT('',(-4.1E0,-1.348E0,-1.7E0));
#4827=VERTEX_POINT('',#4826);
#4828=CARTESIAN_POINT('',(-3.8E0,-1.348E0,-1.7E0));
#4829=CARTESIAN_POINT('',(-3.715382625511E0,-1.160520435303E0,-1.7E0));
#4830=VERTEX_POINT('',#4828);
#4831=VERTEX_POINT('',#4829);
#4832=CARTESIAN_POINT('',(-3.646158223876E0,-1.099455042334E0,-1.7E0));
#4833=VERTEX_POINT('',#4832);
#4834=CARTESIAN_POINT('',(-3.46E0,-6.87E-1,-1.7E0));
#4835=VERTEX_POINT('',#4834);
#4836=CARTESIAN_POINT('',(3.21E0,-1.1E0,-3.9E0));
#4837=CARTESIAN_POINT('',(1.79E0,-1.1E0,-3.9E0));
#4838=VERTEX_POINT('',#4836);
#4839=VERTEX_POINT('',#4837);
#4840=CARTESIAN_POINT('',(1.79E0,-1.1E0,-3.5E0));
#4841=VERTEX_POINT('',#4840);
#4842=CARTESIAN_POINT('',(-1.79E0,-1.1E0,-3.5E0));
#4843=CARTESIAN_POINT('',(-1.79E0,-1.1E0,-3.9E0));
#4844=VERTEX_POINT('',#4842);
#4845=VERTEX_POINT('',#4843);
#4846=CARTESIAN_POINT('',(-3.21E0,-1.1E0,-3.9E0));
#4847=VERTEX_POINT('',#4846);
#4848=CARTESIAN_POINT('',(3.21E0,-1.4E0,-3.9E0));
#4849=CARTESIAN_POINT('',(1.79E0,-1.4E0,-3.9E0));
#4850=VERTEX_POINT('',#4848);
#4851=VERTEX_POINT('',#4849);
#4852=CARTESIAN_POINT('',(1.79E0,-1.4E0,-3.5E0));
#4853=VERTEX_POINT('',#4852);
#4854=CARTESIAN_POINT('',(-1.79E0,-1.4E0,-3.5E0));
#4855=VERTEX_POINT('',#4854);
#4856=CARTESIAN_POINT('',(-1.79E0,-1.4E0,-3.9E0));
#4857=VERTEX_POINT('',#4856);
#4858=CARTESIAN_POINT('',(-3.21E0,-1.4E0,-3.9E0));
#4859=VERTEX_POINT('',#4858);
#4860=CARTESIAN_POINT('',(2.15E0,7.8E-1,-4.55E0));
#4861=CARTESIAN_POINT('',(2.063963534547E0,7.528728066433E-1,-4.55E0));
#4862=VERTEX_POINT('',#4860);
#4863=VERTEX_POINT('',#4861);
#4864=CARTESIAN_POINT('',(1.891890603642E0,9.986184199300E-1,-4.55E0));
#4865=CARTESIAN_POINT('',(2.15E0,1.08E0,-4.55E0));
#4866=VERTEX_POINT('',#4864);
#4867=VERTEX_POINT('',#4865);
#4868=CARTESIAN_POINT('',(-2.15E0,1.08E0,-4.55E0));
#4869=CARTESIAN_POINT('',(-1.891890603642E0,9.986184199301E-1,-4.55E0));
#4870=VERTEX_POINT('',#4868);
#4871=VERTEX_POINT('',#4869);
#4872=CARTESIAN_POINT('',(-2.063963534547E0,7.528728066434E-1,-4.55E0));
#4873=CARTESIAN_POINT('',(-2.15E0,7.8E-1,-4.55E0));
#4874=VERTEX_POINT('',#4872);
#4875=VERTEX_POINT('',#4873);
#4876=CARTESIAN_POINT('',(1.891890603642E0,9.986184199300E-1,-4.E0));
#4877=VERTEX_POINT('',#4876);
#4878=CARTESIAN_POINT('',(-1.891890603642E0,9.986184199300E-1,-4.E0));
#4879=VERTEX_POINT('',#4878);
#4880=CARTESIAN_POINT('',(-3.31E0,-8.5E-1,-5.E0));
#4881=CARTESIAN_POINT('',(-3.31E0,-2.E-1,-5.E0));
#4882=VERTEX_POINT('',#4880);
#4883=VERTEX_POINT('',#4881);
#4884=CARTESIAN_POINT('',(-3.31E0,-8.5E-1,-4.7E0));
#4885=CARTESIAN_POINT('',(-3.31E0,-2.E-1,-4.7E0));
#4886=VERTEX_POINT('',#4884);
#4887=VERTEX_POINT('',#4885);
#4888=CARTESIAN_POINT('',(3.31E0,-8.5E-1,-5.E0));
#4889=CARTESIAN_POINT('',(3.31E0,-2.E-1,-5.E0));
#4890=VERTEX_POINT('',#4888);
#4891=VERTEX_POINT('',#4889);
#4892=CARTESIAN_POINT('',(3.31E0,-8.5E-1,-4.7E0));
#4893=CARTESIAN_POINT('',(3.31E0,-2.E-1,-4.7E0));
#4894=VERTEX_POINT('',#4892);
#4895=VERTEX_POINT('',#4893);
#4896=CARTESIAN_POINT('',(-3.46E0,-8.5E-1,-4.55E0));
#4897=VERTEX_POINT('',#4896);
#4898=CARTESIAN_POINT('',(-3.76E0,-8.5E-1,-4.55E0));
#4899=VERTEX_POINT('',#4898);
#4900=CARTESIAN_POINT('',(3.76E0,-8.5E-1,-4.55E0));
#4901=VERTEX_POINT('',#4900);
#4902=CARTESIAN_POINT('',(3.46E0,-8.5E-1,-4.55E0));
#4903=VERTEX_POINT('',#4902);
#4904=CARTESIAN_POINT('',(2.E0,-1.E0,-5.E0));
#4905=CARTESIAN_POINT('',(2.E0,-1.4E0,-4.6E0));
#4906=VERTEX_POINT('',#4904);
#4907=VERTEX_POINT('',#4905);
#4908=CARTESIAN_POINT('',(2.E0,-1.4E0,-4.2E0));
#4909=VERTEX_POINT('',#4908);
#4910=CARTESIAN_POINT('',(2.E0,-1.1E0,-4.2E0));
#4911=VERTEX_POINT('',#4910);
#4912=CARTESIAN_POINT('',(2.E0,-1.1E0,-4.6E0));
#4913=VERTEX_POINT('',#4912);
#4914=CARTESIAN_POINT('',(2.E0,-1.E0,-4.7E0));
#4915=VERTEX_POINT('',#4914);
#4916=CARTESIAN_POINT('',(3.E0,-1.E0,-5.E0));
#4917=CARTESIAN_POINT('',(3.E0,-1.4E0,-4.6E0));
#4918=VERTEX_POINT('',#4916);
#4919=VERTEX_POINT('',#4917);
#4920=CARTESIAN_POINT('',(3.E0,-1.4E0,-4.2E0));
#4921=VERTEX_POINT('',#4920);
#4922=CARTESIAN_POINT('',(3.E0,-1.1E0,-4.2E0));
#4923=VERTEX_POINT('',#4922);
#4924=CARTESIAN_POINT('',(3.E0,-1.1E0,-4.6E0));
#4925=VERTEX_POINT('',#4924);
#4926=CARTESIAN_POINT('',(3.E0,-1.E0,-4.7E0));
#4927=VERTEX_POINT('',#4926);
#4928=CARTESIAN_POINT('',(-2.E0,-1.E0,-5.E0));
#4929=CARTESIAN_POINT('',(-2.E0,-1.4E0,-4.6E0));
#4930=VERTEX_POINT('',#4928);
#4931=VERTEX_POINT('',#4929);
#4932=CARTESIAN_POINT('',(-2.E0,-1.4E0,-4.2E0));
#4933=VERTEX_POINT('',#4932);
#4934=CARTESIAN_POINT('',(-2.E0,-1.1E0,-4.2E0));
#4935=VERTEX_POINT('',#4934);
#4936=CARTESIAN_POINT('',(-2.E0,-1.1E0,-4.6E0));
#4937=VERTEX_POINT('',#4936);
#4938=CARTESIAN_POINT('',(-2.E0,-1.E0,-4.7E0));
#4939=VERTEX_POINT('',#4938);
#4940=CARTESIAN_POINT('',(-3.E0,-1.E0,-5.E0));
#4941=CARTESIAN_POINT('',(-3.E0,-1.4E0,-4.6E0));
#4942=VERTEX_POINT('',#4940);
#4943=VERTEX_POINT('',#4941);
#4944=CARTESIAN_POINT('',(-3.E0,-1.4E0,-4.2E0));
#4945=VERTEX_POINT('',#4944);
#4946=CARTESIAN_POINT('',(-3.E0,-1.1E0,-4.2E0));
#4947=VERTEX_POINT('',#4946);
#4948=CARTESIAN_POINT('',(-3.E0,-1.1E0,-4.6E0));
#4949=VERTEX_POINT('',#4948);
#4950=CARTESIAN_POINT('',(-3.E0,-1.E0,-4.7E0));
#4951=VERTEX_POINT('',#4950);
#4952=CARTESIAN_POINT('',(-6.5E-1,7.8E-1,-4.7E0));
#4953=CARTESIAN_POINT('',(6.5E-1,7.8E-1,-4.7E0));
#4954=VERTEX_POINT('',#4952);
#4955=VERTEX_POINT('',#4953);
#4956=CARTESIAN_POINT('',(1.775E0,-7.6E-1,-5.E0));
#4957=CARTESIAN_POINT('',(1.175E0,-7.6E-1,-5.E0));
#4958=VERTEX_POINT('',#4956);
#4959=VERTEX_POINT('',#4957);
#4960=CARTESIAN_POINT('',(1.175E0,-6.6E-1,-5.E0));
#4961=VERTEX_POINT('',#4960);
#4962=CARTESIAN_POINT('',(8.75E-1,-6.6E-1,-5.E0));
#4963=VERTEX_POINT('',#4962);
#4964=CARTESIAN_POINT('',(8.75E-1,-7.6E-1,-5.E0));
#4965=VERTEX_POINT('',#4964);
#4966=CARTESIAN_POINT('',(-8.75E-1,-7.6E-1,-5.E0));
#4967=VERTEX_POINT('',#4966);
#4968=CARTESIAN_POINT('',(-8.75E-1,-6.6E-1,-5.E0));
#4969=VERTEX_POINT('',#4968);
#4970=CARTESIAN_POINT('',(-1.175E0,-6.6E-1,-5.E0));
#4971=VERTEX_POINT('',#4970);
#4972=CARTESIAN_POINT('',(-1.175E0,-7.6E-1,-5.E0));
#4973=VERTEX_POINT('',#4972);
#4974=CARTESIAN_POINT('',(-1.775E0,-7.6E-1,-5.E0));
#4975=VERTEX_POINT('',#4974);
#4976=CARTESIAN_POINT('',(1.775E0,-7.6E-1,-4.7E0));
#4977=CARTESIAN_POINT('',(1.175E0,-7.6E-1,-4.7E0));
#4978=VERTEX_POINT('',#4976);
#4979=VERTEX_POINT('',#4977);
#4980=CARTESIAN_POINT('',(1.175E0,-6.6E-1,-4.7E0));
#4981=VERTEX_POINT('',#4980);
#4982=CARTESIAN_POINT('',(8.75E-1,-6.6E-1,-4.7E0));
#4983=VERTEX_POINT('',#4982);
#4984=CARTESIAN_POINT('',(8.75E-1,-7.6E-1,-4.7E0));
#4985=VERTEX_POINT('',#4984);
#4986=CARTESIAN_POINT('',(-8.75E-1,-7.6E-1,-4.7E0));
#4987=VERTEX_POINT('',#4986);
#4988=CARTESIAN_POINT('',(-8.75E-1,-6.6E-1,-4.7E0));
#4989=VERTEX_POINT('',#4988);
#4990=CARTESIAN_POINT('',(-1.175E0,-6.6E-1,-4.7E0));
#4991=VERTEX_POINT('',#4990);
#4992=CARTESIAN_POINT('',(-1.175E0,-7.6E-1,-4.7E0));
#4993=VERTEX_POINT('',#4992);
#4994=CARTESIAN_POINT('',(-1.775E0,-7.6E-1,-4.7E0));
#4995=VERTEX_POINT('',#4994);
#4996=CARTESIAN_POINT('',(2.025E0,-1.585E0,-6.836923788647E-1));
#4997=CARTESIAN_POINT('',(2.025E0,-1.585E0,-7.096923788647E-1));
#4998=VERTEX_POINT('',#4996);
#4999=VERTEX_POINT('',#4997);
#5000=CARTESIAN_POINT('',(2.025E0,-1.446258330249E0,-9.5E-1));
#5001=VERTEX_POINT('',#5000);
#5002=CARTESIAN_POINT('',(2.725E0,-1.585E0,-6.836923788647E-1));
#5003=CARTESIAN_POINT('',(2.725E0,-1.585E0,-7.096923788647E-1));
#5004=VERTEX_POINT('',#5002);
#5005=VERTEX_POINT('',#5003);
#5006=CARTESIAN_POINT('',(2.725E0,-1.446258330249E0,-9.5E-1));
#5007=VERTEX_POINT('',#5006);
#5008=CARTESIAN_POINT('',(2.025E0,-1.4E0,-5.768825790646E-1));
#5009=CARTESIAN_POINT('',(2.725E0,-1.4E0,-5.768825790646E-1));
#5010=VERTEX_POINT('',#5008);
#5011=VERTEX_POINT('',#5009);
#5012=CARTESIAN_POINT('',(2.725E0,-1.25E0,-8.366902001999E-1));
#5013=CARTESIAN_POINT('',(2.025E0,-1.25E0,-8.366902001999E-1));
#5014=VERTEX_POINT('',#5012);
#5015=VERTEX_POINT('',#5013);
#5016=CARTESIAN_POINT('',(2.025E0,-1.1E0,-5.768825790646E-1));
#5017=CARTESIAN_POINT('',(2.725E0,-1.1E0,-5.768825790646E-1));
#5018=VERTEX_POINT('',#5016);
#5019=VERTEX_POINT('',#5017);
#5020=CARTESIAN_POINT('',(-2.025E0,-1.585E0,-6.836923788647E-1));
#5021=CARTESIAN_POINT('',(-2.025E0,-1.585E0,-7.096923788647E-1));
#5022=VERTEX_POINT('',#5020);
#5023=VERTEX_POINT('',#5021);
#5024=CARTESIAN_POINT('',(-2.025E0,-1.446258330249E0,-9.5E-1));
#5025=VERTEX_POINT('',#5024);
#5026=CARTESIAN_POINT('',(-2.725E0,-1.585E0,-6.836923788647E-1));
#5027=CARTESIAN_POINT('',(-2.725E0,-1.585E0,-7.096923788647E-1));
#5028=VERTEX_POINT('',#5026);
#5029=VERTEX_POINT('',#5027);
#5030=CARTESIAN_POINT('',(-2.725E0,-1.446258330249E0,-9.5E-1));
#5031=VERTEX_POINT('',#5030);
#5032=CARTESIAN_POINT('',(-2.025E0,-1.4E0,-5.768825790646E-1));
#5033=VERTEX_POINT('',#5032);
#5034=CARTESIAN_POINT('',(-2.725E0,-1.4E0,-5.768825790646E-1));
#5035=VERTEX_POINT('',#5034);
#5036=CARTESIAN_POINT('',(-2.725E0,-1.25E0,-8.366902001999E-1));
#5037=CARTESIAN_POINT('',(-2.025E0,-1.25E0,-8.366902001999E-1));
#5038=VERTEX_POINT('',#5036);
#5039=VERTEX_POINT('',#5037);
#5040=CARTESIAN_POINT('',(-2.725E0,-1.1E0,-5.768825790646E-1));
#5041=VERTEX_POINT('',#5040);
#5042=CARTESIAN_POINT('',(-2.025E0,-1.1E0,-5.768825790646E-1));
#5043=VERTEX_POINT('',#5042);
#5044=CARTESIAN_POINT('',(-3.46E0,-3.5E-1,-2.8E0));
#5045=CARTESIAN_POINT('',(-3.76E0,-3.5E-1,-2.8E0));
#5046=VERTEX_POINT('',#5044);
#5047=VERTEX_POINT('',#5045);
#5048=CARTESIAN_POINT('',(-3.46E0,-4.5E-1,-2.9E0));
#5049=CARTESIAN_POINT('',(-3.76E0,-4.5E-1,-2.9E0));
#5050=VERTEX_POINT('',#5048);
#5051=VERTEX_POINT('',#5049);
#5052=CARTESIAN_POINT('',(-3.76E0,-3.5E-1,-2.7E0));
#5053=CARTESIAN_POINT('',(-3.46E0,-3.5E-1,-2.7E0));
#5054=VERTEX_POINT('',#5052);
#5055=VERTEX_POINT('',#5053);
#5056=CARTESIAN_POINT('',(-3.76E0,-4.5E-1,-2.6E0));
#5057=CARTESIAN_POINT('',(-3.46E0,-4.5E-1,-2.6E0));
#5058=VERTEX_POINT('',#5056);
#5059=VERTEX_POINT('',#5057);
#5060=CARTESIAN_POINT('',(-3.76E0,-3.5E-1,-1.5E0));
#5061=CARTESIAN_POINT('',(-3.46E0,-3.5E-1,-1.5E0));
#5062=VERTEX_POINT('',#5060);
#5063=VERTEX_POINT('',#5061);
#5064=CARTESIAN_POINT('',(-3.76E0,-4.5E-1,-1.4E0));
#5065=CARTESIAN_POINT('',(-3.46E0,-4.5E-1,-1.4E0));
#5066=VERTEX_POINT('',#5064);
#5067=VERTEX_POINT('',#5065);
#5068=CARTESIAN_POINT('',(-3.46E0,-3.5E-1,-1.6E0));
#5069=CARTESIAN_POINT('',(-3.76E0,-3.5E-1,-1.6E0));
#5070=VERTEX_POINT('',#5068);
#5071=VERTEX_POINT('',#5069);
#5072=CARTESIAN_POINT('',(-3.46E0,-4.5E-1,-1.7E0));
#5073=CARTESIAN_POINT('',(-3.76E0,-4.5E-1,-1.7E0));
#5074=VERTEX_POINT('',#5072);
#5075=VERTEX_POINT('',#5073);
#5076=CARTESIAN_POINT('',(3.46E0,-3.5E-1,-1.5E0));
#5077=CARTESIAN_POINT('',(3.76E0,-3.5E-1,-1.5E0));
#5078=VERTEX_POINT('',#5076);
#5079=VERTEX_POINT('',#5077);
#5080=CARTESIAN_POINT('',(3.46E0,-4.5E-1,-1.4E0));
#5081=CARTESIAN_POINT('',(3.76E0,-4.5E-1,-1.4E0));
#5082=VERTEX_POINT('',#5080);
#5083=VERTEX_POINT('',#5081);
#5084=CARTESIAN_POINT('',(3.76E0,-3.5E-1,-1.6E0));
#5085=CARTESIAN_POINT('',(3.46E0,-3.5E-1,-1.6E0));
#5086=VERTEX_POINT('',#5084);
#5087=VERTEX_POINT('',#5085);
#5088=CARTESIAN_POINT('',(3.76E0,-4.5E-1,-1.7E0));
#5089=CARTESIAN_POINT('',(3.46E0,-4.5E-1,-1.7E0));
#5090=VERTEX_POINT('',#5088);
#5091=VERTEX_POINT('',#5089);
#5092=CARTESIAN_POINT('',(3.76E0,-3.5E-1,-2.8E0));
#5093=CARTESIAN_POINT('',(3.46E0,-3.5E-1,-2.8E0));
#5094=VERTEX_POINT('',#5092);
#5095=VERTEX_POINT('',#5093);
#5096=CARTESIAN_POINT('',(3.76E0,-4.5E-1,-2.9E0));
#5097=CARTESIAN_POINT('',(3.46E0,-4.5E-1,-2.9E0));
#5098=VERTEX_POINT('',#5096);
#5099=VERTEX_POINT('',#5097);
#5100=CARTESIAN_POINT('',(3.46E0,-3.5E-1,-2.7E0));
#5101=CARTESIAN_POINT('',(3.76E0,-3.5E-1,-2.7E0));
#5102=VERTEX_POINT('',#5100);
#5103=VERTEX_POINT('',#5101);
#5104=CARTESIAN_POINT('',(3.46E0,-4.5E-1,-2.6E0));
#5105=CARTESIAN_POINT('',(3.76E0,-4.5E-1,-2.6E0));
#5106=VERTEX_POINT('',#5104);
#5107=VERTEX_POINT('',#5105);
#5108=CARTESIAN_POINT('',(2.975E0,-1.4E0,-3.1E0));
#5109=CARTESIAN_POINT('',(2.975E0,-1.1E0,-3.1E0));
#5110=VERTEX_POINT('',#5108);
#5111=VERTEX_POINT('',#5109);
#5112=CARTESIAN_POINT('',(2.875E0,-1.4E0,-3.2E0));
#5113=CARTESIAN_POINT('',(2.875E0,-1.1E0,-3.2E0));
#5114=VERTEX_POINT('',#5112);
#5115=VERTEX_POINT('',#5113);
#5116=CARTESIAN_POINT('',(2.125E0,-1.4E0,-3.2E0));
#5117=CARTESIAN_POINT('',(2.125E0,-1.1E0,-3.2E0));
#5118=VERTEX_POINT('',#5116);
#5119=VERTEX_POINT('',#5117);
#5120=CARTESIAN_POINT('',(2.025E0,-1.4E0,-3.1E0));
#5121=CARTESIAN_POINT('',(2.025E0,-1.1E0,-3.1E0));
#5122=VERTEX_POINT('',#5120);
#5123=VERTEX_POINT('',#5121);
#5124=CARTESIAN_POINT('',(-2.975E0,-1.4E0,-1.1E0));
#5125=CARTESIAN_POINT('',(-2.975E0,-1.1E0,-1.1E0));
#5126=VERTEX_POINT('',#5124);
#5127=VERTEX_POINT('',#5125);
#5128=CARTESIAN_POINT('',(-2.875E0,-1.4E0,-1.E0));
#5129=CARTESIAN_POINT('',(-2.875E0,-1.1E0,-1.E0));
#5130=VERTEX_POINT('',#5128);
#5131=VERTEX_POINT('',#5129);
#5132=CARTESIAN_POINT('',(-1.875E0,-1.4E0,-1.E0));
#5133=CARTESIAN_POINT('',(-1.875E0,-1.1E0,-1.E0));
#5134=VERTEX_POINT('',#5132);
#5135=VERTEX_POINT('',#5133);
#5136=CARTESIAN_POINT('',(-1.775E0,-1.4E0,-1.1E0));
#5137=CARTESIAN_POINT('',(-1.775E0,-1.1E0,-1.1E0));
#5138=VERTEX_POINT('',#5136);
#5139=VERTEX_POINT('',#5137);
#5140=CARTESIAN_POINT('',(-1.775E0,-1.4E0,-1.15E0));
#5141=CARTESIAN_POINT('',(-1.775E0,-1.1E0,-1.15E0));
#5142=VERTEX_POINT('',#5140);
#5143=VERTEX_POINT('',#5141);
#5144=CARTESIAN_POINT('',(-1.875E0,-1.4E0,-1.25E0));
#5145=CARTESIAN_POINT('',(-1.875E0,-1.1E0,-1.25E0));
#5146=VERTEX_POINT('',#5144);
#5147=VERTEX_POINT('',#5145);
#5148=CARTESIAN_POINT('',(-2.025E0,-1.4E0,-3.1E0));
#5149=CARTESIAN_POINT('',(-2.025E0,-1.1E0,-3.1E0));
#5150=VERTEX_POINT('',#5148);
#5151=VERTEX_POINT('',#5149);
#5152=CARTESIAN_POINT('',(-2.125E0,-1.4E0,-3.2E0));
#5153=CARTESIAN_POINT('',(-2.125E0,-1.1E0,-3.2E0));
#5154=VERTEX_POINT('',#5152);
#5155=VERTEX_POINT('',#5153);
#5156=CARTESIAN_POINT('',(-2.875E0,-1.4E0,-3.2E0));
#5157=CARTESIAN_POINT('',(-2.875E0,-1.1E0,-3.2E0));
#5158=VERTEX_POINT('',#5156);
#5159=VERTEX_POINT('',#5157);
#5160=CARTESIAN_POINT('',(-2.975E0,-1.4E0,-3.1E0));
#5161=CARTESIAN_POINT('',(-2.975E0,-1.1E0,-3.1E0));
#5162=VERTEX_POINT('',#5160);
#5163=VERTEX_POINT('',#5161);
#5164=CARTESIAN_POINT('',(1.775E0,-1.4E0,-1.1E0));
#5165=CARTESIAN_POINT('',(1.775E0,-1.1E0,-1.1E0));
#5166=VERTEX_POINT('',#5164);
#5167=VERTEX_POINT('',#5165);
#5168=CARTESIAN_POINT('',(1.875E0,-1.4E0,-1.E0));
#5169=CARTESIAN_POINT('',(1.875E0,-1.1E0,-1.E0));
#5170=VERTEX_POINT('',#5168);
#5171=VERTEX_POINT('',#5169);
#5172=CARTESIAN_POINT('',(1.875E0,-1.4E0,-1.25E0));
#5173=CARTESIAN_POINT('',(1.875E0,-1.1E0,-1.25E0));
#5174=VERTEX_POINT('',#5172);
#5175=VERTEX_POINT('',#5173);
#5176=CARTESIAN_POINT('',(1.775E0,-1.4E0,-1.15E0));
#5177=CARTESIAN_POINT('',(1.775E0,-1.1E0,-1.15E0));
#5178=VERTEX_POINT('',#5176);
#5179=VERTEX_POINT('',#5177);
#5180=CARTESIAN_POINT('',(2.875E0,-1.4E0,-1.E0));
#5181=CARTESIAN_POINT('',(2.875E0,-1.1E0,-1.E0));
#5182=VERTEX_POINT('',#5180);
#5183=VERTEX_POINT('',#5181);
#5184=CARTESIAN_POINT('',(2.975E0,-1.4E0,-1.1E0));
#5185=CARTESIAN_POINT('',(2.975E0,-1.1E0,-1.1E0));
#5186=VERTEX_POINT('',#5184);
#5187=VERTEX_POINT('',#5185);
#5188=CARTESIAN_POINT('',(2.975E0,-1.4E0,-1.3E0));
#5189=CARTESIAN_POINT('',(3.075E0,-1.4E0,-1.4E0));
#5190=VERTEX_POINT('',#5188);
#5191=VERTEX_POINT('',#5189);
#5192=CARTESIAN_POINT('',(3.075E0,-1.1E0,-1.4E0));
#5193=VERTEX_POINT('',#5192);
#5194=CARTESIAN_POINT('',(2.975E0,-1.1E0,-1.3E0));
#5195=VERTEX_POINT('',#5194);
#5196=CARTESIAN_POINT('',(3.075E0,-1.4E0,-2.9E0));
#5197=CARTESIAN_POINT('',(2.975E0,-1.4E0,-3.E0));
#5198=VERTEX_POINT('',#5196);
#5199=VERTEX_POINT('',#5197);
#5200=CARTESIAN_POINT('',(2.975E0,-1.1E0,-3.E0));
#5201=VERTEX_POINT('',#5200);
#5202=CARTESIAN_POINT('',(3.075E0,-1.1E0,-2.9E0));
#5203=VERTEX_POINT('',#5202);
#5204=CARTESIAN_POINT('',(-2.825E0,-1.4E0,-1.E0));
#5205=CARTESIAN_POINT('',(-2.727750587476E0,-1.4E0,-9.232927405784E-1));
#5206=VERTEX_POINT('',#5204);
#5207=VERTEX_POINT('',#5205);
#5208=CARTESIAN_POINT('',(-2.725E0,-1.1E0,-9.E-1));
#5209=CARTESIAN_POINT('',(-2.725E0,-1.359655789871E0,-9.E-1));
#5210=VERTEX_POINT('',#5208);
#5211=VERTEX_POINT('',#5209);
#5212=CARTESIAN_POINT('',(-2.825E0,-1.1E0,-1.E0));
#5213=VERTEX_POINT('',#5212);
#5214=CARTESIAN_POINT('',(-2.725E0,-1.4E0,-9.232927405784E-1));
#5215=VERTEX_POINT('',#5214);
#5216=CARTESIAN_POINT('',(-3.075E0,-1.4E0,-1.4E0));
#5217=CARTESIAN_POINT('',(-2.975E0,-1.4E0,-1.3E0));
#5218=VERTEX_POINT('',#5216);
#5219=VERTEX_POINT('',#5217);
#5220=CARTESIAN_POINT('',(-2.975E0,-1.1E0,-1.3E0));
#5221=VERTEX_POINT('',#5220);
#5222=CARTESIAN_POINT('',(-3.075E0,-1.1E0,-1.4E0));
#5223=VERTEX_POINT('',#5222);
#5224=CARTESIAN_POINT('',(-1.925E0,-1.1E0,-1.E0));
#5225=CARTESIAN_POINT('',(-2.025E0,-1.1E0,-9.E-1));
#5226=VERTEX_POINT('',#5224);
#5227=VERTEX_POINT('',#5225);
#5228=CARTESIAN_POINT('',(-2.025E0,-1.359655789871E0,-9.E-1));
#5229=VERTEX_POINT('',#5228);
#5230=CARTESIAN_POINT('',(-2.022249412524E0,-1.4E0,-9.232927405784E-1));
#5231=CARTESIAN_POINT('',(-1.925E0,-1.4E0,-1.E0));
#5232=VERTEX_POINT('',#5230);
#5233=VERTEX_POINT('',#5231);
#5234=CARTESIAN_POINT('',(-2.025E0,-1.4E0,-9.232927405784E-1));
#5235=VERTEX_POINT('',#5234);
#5236=CARTESIAN_POINT('',(-1.925E0,-1.4E0,-1.25E0));
#5237=CARTESIAN_POINT('',(-2.025E0,-1.4E0,-1.35E0));
#5238=VERTEX_POINT('',#5236);
#5239=VERTEX_POINT('',#5237);
#5240=CARTESIAN_POINT('',(-2.025E0,-1.1E0,-1.35E0));
#5241=VERTEX_POINT('',#5240);
#5242=CARTESIAN_POINT('',(-1.925E0,-1.1E0,-1.25E0));
#5243=VERTEX_POINT('',#5242);
#5244=CARTESIAN_POINT('',(-2.975E0,-1.4E0,-3.E0));
#5245=CARTESIAN_POINT('',(-3.075E0,-1.4E0,-2.9E0));
#5246=VERTEX_POINT('',#5244);
#5247=VERTEX_POINT('',#5245);
#5248=CARTESIAN_POINT('',(-3.075E0,-1.1E0,-2.9E0));
#5249=VERTEX_POINT('',#5248);
#5250=CARTESIAN_POINT('',(-2.975E0,-1.1E0,-3.E0));
#5251=VERTEX_POINT('',#5250);
#5252=CARTESIAN_POINT('',(1.925E0,-1.4E0,-1.E0));
#5253=CARTESIAN_POINT('',(2.022249412524E0,-1.4E0,-9.232927405784E-1));
#5254=VERTEX_POINT('',#5252);
#5255=VERTEX_POINT('',#5253);
#5256=CARTESIAN_POINT('',(2.025E0,-1.1E0,-9.E-1));
#5257=CARTESIAN_POINT('',(2.025E0,-1.359655789871E0,-9.E-1));
#5258=VERTEX_POINT('',#5256);
#5259=VERTEX_POINT('',#5257);
#5260=CARTESIAN_POINT('',(1.925E0,-1.1E0,-1.E0));
#5261=VERTEX_POINT('',#5260);
#5262=CARTESIAN_POINT('',(2.025E0,-1.4E0,-9.232927405784E-1));
#5263=VERTEX_POINT('',#5262);
#5264=CARTESIAN_POINT('',(2.025E0,-1.4E0,-1.35E0));
#5265=CARTESIAN_POINT('',(1.925E0,-1.4E0,-1.25E0));
#5266=VERTEX_POINT('',#5264);
#5267=VERTEX_POINT('',#5265);
#5268=CARTESIAN_POINT('',(1.925E0,-1.1E0,-1.25E0));
#5269=VERTEX_POINT('',#5268);
#5270=CARTESIAN_POINT('',(2.025E0,-1.1E0,-1.35E0));
#5271=VERTEX_POINT('',#5270);
#5272=CARTESIAN_POINT('',(2.825E0,-1.1E0,-1.E0));
#5273=CARTESIAN_POINT('',(2.725E0,-1.1E0,-9.E-1));
#5274=VERTEX_POINT('',#5272);
#5275=VERTEX_POINT('',#5273);
#5276=CARTESIAN_POINT('',(2.725E0,-1.359655789871E0,-9.E-1));
#5277=VERTEX_POINT('',#5276);
#5278=CARTESIAN_POINT('',(2.727750587476E0,-1.4E0,-9.232927405784E-1));
#5279=CARTESIAN_POINT('',(2.825E0,-1.4E0,-1.E0));
#5280=VERTEX_POINT('',#5278);
#5281=VERTEX_POINT('',#5279);
#5282=CARTESIAN_POINT('',(2.725E0,-1.4E0,-9.232927405784E-1));
#5283=VERTEX_POINT('',#5282);
#5284=CARTESIAN_POINT('',(4.1E0,-2.070096189432E0,-2.6E0));
#5285=CARTESIAN_POINT('',(4.025E0,-2.2E0,-2.6E0));
#5286=VERTEX_POINT('',#5284);
#5287=VERTEX_POINT('',#5285);
#5288=CARTESIAN_POINT('',(3.875E0,-2.2E0,-2.6E0));
#5289=CARTESIAN_POINT('',(3.8E0,-2.070096189432E0,-2.6E0));
#5290=VERTEX_POINT('',#5288);
#5291=VERTEX_POINT('',#5289);
#5292=CARTESIAN_POINT('',(-4.025E0,-2.2E0,-2.6E0));
#5293=CARTESIAN_POINT('',(-4.1E0,-2.070096189432E0,-2.6E0));
#5294=VERTEX_POINT('',#5292);
#5295=VERTEX_POINT('',#5293);
#5296=CARTESIAN_POINT('',(-3.8E0,-2.070096189432E0,-2.6E0));
#5297=CARTESIAN_POINT('',(-3.875E0,-2.2E0,-2.6E0));
#5298=VERTEX_POINT('',#5296);
#5299=VERTEX_POINT('',#5297);
#5300=CARTESIAN_POINT('',(4.1E0,-2.070096189432E0,-1.7E0));
#5301=CARTESIAN_POINT('',(4.025E0,-2.2E0,-1.7E0));
#5302=VERTEX_POINT('',#5300);
#5303=VERTEX_POINT('',#5301);
#5304=CARTESIAN_POINT('',(3.875E0,-2.2E0,-1.7E0));
#5305=CARTESIAN_POINT('',(3.8E0,-2.070096189432E0,-1.7E0));
#5306=VERTEX_POINT('',#5304);
#5307=VERTEX_POINT('',#5305);
#5308=CARTESIAN_POINT('',(-4.025E0,-2.2E0,-1.7E0));
#5309=CARTESIAN_POINT('',(-4.1E0,-2.070096189432E0,-1.7E0));
#5310=VERTEX_POINT('',#5308);
#5311=VERTEX_POINT('',#5309);
#5312=CARTESIAN_POINT('',(-3.8E0,-2.070096189432E0,-1.7E0));
#5313=CARTESIAN_POINT('',(-3.875E0,-2.2E0,-1.7E0));
#5314=VERTEX_POINT('',#5312);
#5315=VERTEX_POINT('',#5313);
#5316=CARTESIAN_POINT('',(-2.15E0,1.08E0,-3.7E0));
#5317=CARTESIAN_POINT('',(-6.5E-1,1.08E0,-3.7E0));
#5318=VERTEX_POINT('',#5316);
#5319=VERTEX_POINT('',#5317);
#5320=CARTESIAN_POINT('',(6.5E-1,1.08E0,-3.7E0));
#5321=CARTESIAN_POINT('',(2.15E0,1.08E0,-3.7E0));
#5322=VERTEX_POINT('',#5320);
#5323=VERTEX_POINT('',#5321);
#5324=CARTESIAN_POINT('',(2.15E0,1.08E0,-4.E0));
#5325=VERTEX_POINT('',#5324);
#5326=CARTESIAN_POINT('',(-2.15E0,1.08E0,-4.E0));
#5327=VERTEX_POINT('',#5326);
#5328=CARTESIAN_POINT('',(-6.5E-1,4.8E-1,-4.7E0));
#5329=VERTEX_POINT('',#5328);
#5330=CARTESIAN_POINT('',(6.5E-1,4.8E-1,-4.7E0));
#5331=VERTEX_POINT('',#5330);
#5332=CARTESIAN_POINT('',(3.1E0,-8.5E-1,-5.E0));
#5333=CARTESIAN_POINT('',(3.E0,-9.5E-1,-5.E0));
#5334=VERTEX_POINT('',#5332);
#5335=VERTEX_POINT('',#5333);
#5336=CARTESIAN_POINT('',(3.E0,-9.5E-1,-4.7E0));
#5337=CARTESIAN_POINT('',(3.1E0,-8.5E-1,-4.7E0));
#5338=VERTEX_POINT('',#5336);
#5339=VERTEX_POINT('',#5337);
#5340=CARTESIAN_POINT('',(-3.1E0,-8.5E-1,-4.7E0));
#5341=CARTESIAN_POINT('',(-3.E0,-9.5E-1,-4.7E0));
#5342=VERTEX_POINT('',#5340);
#5343=VERTEX_POINT('',#5341);
#5344=CARTESIAN_POINT('',(-3.E0,-9.5E-1,-5.E0));
#5345=CARTESIAN_POINT('',(-3.1E0,-8.5E-1,-5.E0));
#5346=VERTEX_POINT('',#5344);
#5347=VERTEX_POINT('',#5345);
#5348=CARTESIAN_POINT('',(1.239460693563E0,5.417820787394E-1,-4.55E0));
#5349=CARTESIAN_POINT('',(1.116587886920E0,4.557456132867E-1,-4.4E0));
#5350=VERTEX_POINT('',#5348);
#5351=VERTEX_POINT('',#5349);
#5352=CARTESIAN_POINT('',(1.288660817825E0,2.1E-1,-4.4E0));
#5353=VERTEX_POINT('',#5352);
#5354=CARTESIAN_POINT('',(1.411533624468E0,2.960364654527E-1,-4.55E0));
#5355=VERTEX_POINT('',#5354);
#5356=CARTESIAN_POINT('',(1.116587886920E0,4.557456132867E-1,-4.15E0));
#5357=CARTESIAN_POINT('',(1.288660817825E0,2.1E-1,-4.15E0));
#5358=VERTEX_POINT('',#5356);
#5359=VERTEX_POINT('',#5357);
#5360=CARTESIAN_POINT('',(-1.411533624468E0,2.960364654527E-1,-4.55E0));
#5361=CARTESIAN_POINT('',(-1.288660817825E0,2.1E-1,-4.4E0));
#5362=VERTEX_POINT('',#5360);
#5363=VERTEX_POINT('',#5361);
#5364=CARTESIAN_POINT('',(-1.116587886920E0,4.557456132867E-1,-4.4E0));
#5365=VERTEX_POINT('',#5364);
#5366=CARTESIAN_POINT('',(-1.239460693563E0,5.417820787394E-1,-4.55E0));
#5367=VERTEX_POINT('',#5366);
#5368=CARTESIAN_POINT('',(-1.288660817825E0,2.1E-1,-4.15E0));
#5369=CARTESIAN_POINT('',(-1.116587886920E0,4.557456132867E-1,-4.15E0));
#5370=VERTEX_POINT('',#5368);
#5371=VERTEX_POINT('',#5369);
#5372=CARTESIAN_POINT('',(-1.575E0,3.3E-1,-4.7E0));
#5373=CARTESIAN_POINT('',(-1.775E0,1.3E-1,-4.7E0));
#5374=VERTEX_POINT('',#5372);
#5375=VERTEX_POINT('',#5373);
#5376=CARTESIAN_POINT('',(-1.775E0,1.3E-1,-5.E0));
#5377=VERTEX_POINT('',#5376);
#5378=CARTESIAN_POINT('',(-1.575E0,3.3E-1,-5.E0));
#5379=VERTEX_POINT('',#5378);
#5380=CARTESIAN_POINT('',(1.775E0,1.3E-1,-4.7E0));
#5381=CARTESIAN_POINT('',(1.575E0,3.3E-1,-4.7E0));
#5382=VERTEX_POINT('',#5380);
#5383=VERTEX_POINT('',#5381);
#5384=CARTESIAN_POINT('',(1.575E0,3.3E-1,-5.E0));
#5385=VERTEX_POINT('',#5384);
#5386=CARTESIAN_POINT('',(1.775E0,1.3E-1,-5.E0));
#5387=VERTEX_POINT('',#5386);
#5388=CARTESIAN_POINT('',(-6.5E-1,1.08E0,-4.55E0));
#5389=CARTESIAN_POINT('',(-6.5E-1,6.3E-1,-5.E0));
#5390=VERTEX_POINT('',#5388);
#5391=VERTEX_POINT('',#5389);
#5392=CARTESIAN_POINT('',(6.5E-1,6.3E-1,-5.E0));
#5393=VERTEX_POINT('',#5392);
#5394=CARTESIAN_POINT('',(6.5E-1,1.08E0,-4.55E0));
#5395=VERTEX_POINT('',#5394);
#5396=VERTEX_POINT('',#3405);
#5397=VERTEX_POINT('',#3409);
#5398=CARTESIAN_POINT('',(-3.759997504959E0,-1.000000025051E-1,-4.55E0));
#5399=VERTEX_POINT('',#5398);
#5400=CARTESIAN_POINT('',(-3.748748219370E0,-2.E-1,-4.65E0));
#5401=CARTESIAN_POINT('',(-3.421803398875E0,-2.E-1,-4.65E0));
#5402=VERTEX_POINT('',#5400);
#5403=VERTEX_POINT('',#5401);
#5404=CARTESIAN_POINT('',(3.459994510941E0,-1.000000121239E-1,-4.55E0));
#5405=CARTESIAN_POINT('',(3.759997504959E0,-1.000000025051E-1,-4.55E0));
#5406=VERTEX_POINT('',#5404);
#5407=VERTEX_POINT('',#5405);
#5408=VERTEX_POINT('',#3343);
#5409=CARTESIAN_POINT('',(3.421803398875E0,-2.E-1,-4.65E0));
#5410=CARTESIAN_POINT('',(3.748748219370E0,-2.E-1,-4.65E0));
#5411=VERTEX_POINT('',#5409);
#5412=VERTEX_POINT('',#5410);
#5413=CARTESIAN_POINT('',(-3.760000000156E0,-8.5E-1,-4.049999609871E0));
#5414=CARTESIAN_POINT('',(-3.460000000264E0,-8.5E-1,-4.049999608324E0));
#5415=VERTEX_POINT('',#5413);
#5416=VERTEX_POINT('',#5414);
#5417=CARTESIAN_POINT('',(-3.739150262213E0,-1.E0,-3.9E0));
#5418=CARTESIAN_POINT('',(-3.41E0,-1.E0,-3.9E0));
#5419=VERTEX_POINT('',#5417);
#5420=VERTEX_POINT('',#5418);
#5421=CARTESIAN_POINT('',(3.460000008453E0,-8.500000013866E-1,
-4.049987510176E0));
#5422=CARTESIAN_POINT('',(3.760000000156E0,-8.5E-1,-4.049999607957E0));
#5423=VERTEX_POINT('',#5421);
#5424=VERTEX_POINT('',#5422);
#5425=CARTESIAN_POINT('',(3.41E0,-1.E0,-3.9E0));
#5426=CARTESIAN_POINT('',(3.739150262213E0,-1.E0,-3.9E0));
#5427=VERTEX_POINT('',#5425);
#5428=VERTEX_POINT('',#5426);
#5429=CARTESIAN_POINT('',(-3.759999999978E0,-1.016367519105E-1,
-4.550006860013E0));
#5430=VERTEX_POINT('',#5429);
#5431=CARTESIAN_POINT('',(3.759999999978E0,-1.016367519103E-1,
-4.550006860013E0));
#5432=VERTEX_POINT('',#5431);
#5433=CARTESIAN_POINT('',(-2.2E0,-2.E-1,-5.E0));
#5434=CARTESIAN_POINT('',(-2.E0,-4.E-1,-5.E0));
#5435=VERTEX_POINT('',#5433);
#5436=VERTEX_POINT('',#5434);
#5437=CARTESIAN_POINT('',(-2.E0,-4.E-1,-4.7E0));
#5438=VERTEX_POINT('',#5437);
#5439=CARTESIAN_POINT('',(-2.2E0,-2.E-1,-4.7E0));
#5440=VERTEX_POINT('',#5439);
#5441=CARTESIAN_POINT('',(2.2E0,-2.E-1,-4.7E0));
#5442=CARTESIAN_POINT('',(2.E0,-4.E-1,-4.7E0));
#5443=VERTEX_POINT('',#5441);
#5444=VERTEX_POINT('',#5442);
#5445=CARTESIAN_POINT('',(2.E0,-4.E-1,-5.E0));
#5446=VERTEX_POINT('',#5445);
#5447=CARTESIAN_POINT('',(2.2E0,-2.E-1,-5.E0));
#5448=VERTEX_POINT('',#5447);
#5449=CARTESIAN_POINT('',(-6.5E-1,4.8E-1,-5.E0));
#5450=VERTEX_POINT('',#5449);
#5451=CARTESIAN_POINT('',(-8.E-1,3.3E-1,-4.7E0));
#5452=CARTESIAN_POINT('',(-8.E-1,3.3E-1,-5.E0));
#5453=VERTEX_POINT('',#5451);
#5454=VERTEX_POINT('',#5452);
#5455=CARTESIAN_POINT('',(6.5E-1,4.8E-1,-5.E0));
#5456=VERTEX_POINT('',#5455);
#5457=CARTESIAN_POINT('',(8.E-1,3.3E-1,-5.E0));
#5458=CARTESIAN_POINT('',(8.E-1,3.3E-1,-4.7E0));
#5459=VERTEX_POINT('',#5457);
#5460=VERTEX_POINT('',#5458);
#5461=CARTESIAN_POINT('',(-3.609999999787E0,-8.499999985529E-1,
-2.125533036616E-10));
#5462=CARTESIAN_POINT('',(-3.609999997318E0,-1.016566588577E-1,
-2.682448925021E-9));
#5463=VERTEX_POINT('',#5461);
#5464=VERTEX_POINT('',#5462);
#5465=CARTESIAN_POINT('',(-3.459999999900E0,-8.499999993217E-1,
-1.500000000996E-1));
#5466=CARTESIAN_POINT('',(-3.459999998743E0,-1.016566637993E-1,
-1.500000012574E-1));
#5467=VERTEX_POINT('',#5465);
#5468=VERTEX_POINT('',#5466);
#5469=CARTESIAN_POINT('',(-3.496491835258E0,1.774892226046E-1,0.E0));
#5470=VERTEX_POINT('',#5469);
#5471=CARTESIAN_POINT('',(-3.389057397036E0,7.280951356808E-2,-1.5E-1));
#5472=VERTEX_POINT('',#5471);
#5473=CARTESIAN_POINT('',(-2.881031487430E0,8.091458946864E-1,
-4.811161654258E-10));
#5474=VERTEX_POINT('',#5473);
#5475=CARTESIAN_POINT('',(-2.773597051595E0,7.044661835662E-1,
-1.500000002255E-1));
#5476=VERTEX_POINT('',#5475);
#5477=CARTESIAN_POINT('',(-2.594539656665E0,9.3E-1,0.E0));
#5478=VERTEX_POINT('',#5477);
#5479=CARTESIAN_POINT('',(-2.594539656665E0,7.8E-1,-1.5E-1));
#5480=VERTEX_POINT('',#5479);
#5481=CARTESIAN_POINT('',(2.594539662610E0,9.299999995189E-1,
-4.811163273333E-10));
#5482=VERTEX_POINT('',#5481);
#5483=CARTESIAN_POINT('',(2.594539659452E0,7.799999997745E-1,
-1.500000002255E-1));
#5484=VERTEX_POINT('',#5483);
#5485=CARTESIAN_POINT('',(2.881031491923E0,8.091458907642E-1,0.E0));
#5486=VERTEX_POINT('',#5485);
#5487=CARTESIAN_POINT('',(2.773597053701E0,7.044661817276E-1,-1.5E-1));
#5488=VERTEX_POINT('',#5487);
#5489=CARTESIAN_POINT('',(3.496491839828E0,1.774892140704E-1,
-2.682448869510E-9));
#5490=VERTEX_POINT('',#5489);
#5491=CARTESIAN_POINT('',(3.389057399178E0,7.280950956766E-2,
-1.500000012574E-1));
#5492=VERTEX_POINT('',#5491);
#5493=CARTESIAN_POINT('',(3.61E0,-1.016566681595E-1,0.E0));
#5494=VERTEX_POINT('',#5493);
#5495=CARTESIAN_POINT('',(3.46E0,-1.016566681595E-1,-1.5E-1));
#5496=VERTEX_POINT('',#5495);
#5497=CARTESIAN_POINT('',(3.609999999789E0,-8.500000013684E-1,
-2.109704078102E-10));
#5498=VERTEX_POINT('',#5497);
#5499=CARTESIAN_POINT('',(3.459999999901E0,-8.500000006415E-1,
-1.500000000989E-1));
#5500=VERTEX_POINT('',#5499);
#5501=CARTESIAN_POINT('',(3.21E0,-1.25E0,0.E0));
#5502=VERTEX_POINT('',#5501);
#5503=CARTESIAN_POINT('',(3.21E0,-1.1E0,-1.5E-1));
#5504=VERTEX_POINT('',#5503);
#5505=CARTESIAN_POINT('',(-3.210000001368E0,-1.249999999789E0,
-2.109701950174E-10));
#5506=VERTEX_POINT('',#5505);
#5507=CARTESIAN_POINT('',(-3.210000000641E0,-1.099999999901E0,
-1.500000000989E-1));
#5508=VERTEX_POINT('',#5507);
#5509=CARTESIAN_POINT('',(-2.570452508870E0,7.8E-1,-3.5E0));
#5510=CARTESIAN_POINT('',(2.570452508870E0,7.8E-1,-3.5E0));
#5511=VERTEX_POINT('',#5509);
#5512=VERTEX_POINT('',#5510);
#5513=CARTESIAN_POINT('',(-2.15E0,7.8E-1,-4.E0));
#5514=CARTESIAN_POINT('',(-1.579671142982E0,7.8E-1,-4.E0));
#5515=VERTEX_POINT('',#5513);
#5516=VERTEX_POINT('',#5514);
#5517=CARTESIAN_POINT('',(1.579671142982E0,7.8E-1,-4.E0));
#5518=CARTESIAN_POINT('',(2.15E0,7.8E-1,-4.E0));
#5519=VERTEX_POINT('',#5517);
#5520=VERTEX_POINT('',#5518);
#5521=CARTESIAN_POINT('',(-6.5E-1,7.8E-1,-3.7E0));
#5522=VERTEX_POINT('',#5521);
#5523=CARTESIAN_POINT('',(6.5E-1,7.8E-1,-3.7E0));
#5524=VERTEX_POINT('',#5523);
#5525=CARTESIAN_POINT('',(2.063963534547E0,7.528728066433E-1,-4.E0));
#5526=VERTEX_POINT('',#5525);
#5527=CARTESIAN_POINT('',(-2.063963534547E0,7.528728066433E-1,-4.E0));
#5528=VERTEX_POINT('',#5527);
#5529=CARTESIAN_POINT('',(2.15E0,7.8E-1,-3.7E0));
#5530=VERTEX_POINT('',#5529);
#5531=CARTESIAN_POINT('',(-2.15E0,7.8E-1,-3.7E0));
#5532=VERTEX_POINT('',#5531);
#5533=CARTESIAN_POINT('',(2.15E0,7.8E-1,-4.E0));
#5534=VERTEX_POINT('',#5533);
#5535=CARTESIAN_POINT('',(-2.15E0,7.8E-1,-4.E0));
#5536=VERTEX_POINT('',#5535);
#5537=CARTESIAN_POINT('',(-2.719640041195E0,7.132031538618E-1,-3.5E0));
#5538=CARTESIAN_POINT('',(-3.359187532325E0,-3.090036204205E-3,-3.5E0));
#5539=VERTEX_POINT('',#5537);
#5540=VERTEX_POINT('',#5538);
#5541=CARTESIAN_POINT('',(-3.41E0,-1.362931900660E-1,-3.5E0));
#5542=VERTEX_POINT('',#5541);
#5543=CARTESIAN_POINT('',(-3.41E0,-8.6E-1,-3.5E0));
#5544=VERTEX_POINT('',#5543);
#5545=CARTESIAN_POINT('',(-3.21E0,-1.06E0,-3.5E0));
#5546=VERTEX_POINT('',#5545);
#5547=CARTESIAN_POINT('',(3.21E0,-1.06E0,-3.5E0));
#5548=CARTESIAN_POINT('',(3.41E0,-8.6E-1,-3.5E0));
#5549=VERTEX_POINT('',#5547);
#5550=VERTEX_POINT('',#5548);
#5551=CARTESIAN_POINT('',(3.41E0,-1.362931900660E-1,-3.5E0));
#5552=VERTEX_POINT('',#5551);
#5553=CARTESIAN_POINT('',(3.359187532325E0,-3.090036204205E-3,-3.5E0));
#5554=VERTEX_POINT('',#5553);
#5555=CARTESIAN_POINT('',(2.719640041195E0,7.132031538618E-1,-3.5E0));
#5556=VERTEX_POINT('',#5555);
#5557=CARTESIAN_POINT('',(-3.21E0,-1.06E0,-4.E0));
#5558=VERTEX_POINT('',#5557);
#5559=CARTESIAN_POINT('',(3.21E0,-1.06E0,-4.E0));
#5560=VERTEX_POINT('',#5559);
#5561=CARTESIAN_POINT('',(1.411533624468E0,2.960364654527E-1,-4.E0));
#5562=VERTEX_POINT('',#5561);
#5563=CARTESIAN_POINT('',(1.239460693563E0,5.417820787394E-1,-4.E0));
#5564=VERTEX_POINT('',#5563);
#5565=CARTESIAN_POINT('',(-1.239460693563E0,5.417820787394E-1,-4.E0));
#5566=VERTEX_POINT('',#5565);
#5567=CARTESIAN_POINT('',(-1.411533624469E0,2.960364654527E-1,-4.E0));
#5568=VERTEX_POINT('',#5567);
#5569=CARTESIAN_POINT('',(-1.74E0,-1.305E0,-3.9E0));
#5570=CARTESIAN_POINT('',(1.74E0,-1.305E0,-3.9E0));
#5571=VERTEX_POINT('',#5569);
#5572=VERTEX_POINT('',#5570);
#5573=CARTESIAN_POINT('',(-1.74E0,-1.1E0,-3.5E0));
#5574=CARTESIAN_POINT('',(1.74E0,-1.1E0,-3.5E0));
#5575=VERTEX_POINT('',#5573);
#5576=VERTEX_POINT('',#5574);
#5577=CARTESIAN_POINT('',(-1.74E0,-1.305E0,-3.5E0));
#5578=VERTEX_POINT('',#5577);
#5579=CARTESIAN_POINT('',(1.74E0,-1.305E0,-3.5E0));
#5580=VERTEX_POINT('',#5579);
#5581=CARTESIAN_POINT('',(-1.74E0,-1.06E0,-3.9E0));
#5582=CARTESIAN_POINT('',(1.74E0,-1.06E0,-3.9E0));
#5583=VERTEX_POINT('',#5581);
#5584=VERTEX_POINT('',#5582);
#5585=CARTESIAN_POINT('',(-1.74E0,-1.06E0,-3.5E0));
#5586=VERTEX_POINT('',#5585);
#5587=CARTESIAN_POINT('',(1.74E0,-1.06E0,-3.5E0));
#5588=VERTEX_POINT('',#5587);
#5589=CARTESIAN_POINT('',(-1.19E0,-5.E-2,-4.42E0));
#5590=CARTESIAN_POINT('',(-7.5E-1,-5.E-2,-4.42E0));
#5591=VERTEX_POINT('',#5589);
#5592=VERTEX_POINT('',#5590);
#5593=CARTESIAN_POINT('',(-6.773844092735E-1,7.8E-1,-4.42E0));
#5594=VERTEX_POINT('',#5593);
#5595=CARTESIAN_POINT('',(6.773844092735E-1,7.8E-1,-4.42E0));
#5596=CARTESIAN_POINT('',(7.5E-1,-5.E-2,-4.42E0));
#5597=VERTEX_POINT('',#5595);
#5598=VERTEX_POINT('',#5596);
#5599=CARTESIAN_POINT('',(1.19E0,-5.E-2,-4.42E0));
#5600=VERTEX_POINT('',#5599);
#5601=CARTESIAN_POINT('',(-2.175E0,7.8E-1,-4.E0));
#5602=CARTESIAN_POINT('',(-1.19E0,-5.E-2,-4.E0));
#5603=VERTEX_POINT('',#5601);
#5604=VERTEX_POINT('',#5602);
#5605=CARTESIAN_POINT('',(-7.5E-1,-5.E-2,-4.E0));
#5606=VERTEX_POINT('',#5605);
#5607=CARTESIAN_POINT('',(-6.773844092735E-1,7.8E-1,-4.E0));
#5608=VERTEX_POINT('',#5607);
#5609=CARTESIAN_POINT('',(6.773844092735E-1,7.8E-1,-4.E0));
#5610=CARTESIAN_POINT('',(7.5E-1,-5.E-2,-4.E0));
#5611=VERTEX_POINT('',#5609);
#5612=VERTEX_POINT('',#5610);
#5613=CARTESIAN_POINT('',(1.19E0,-5.E-2,-4.E0));
#5614=VERTEX_POINT('',#5613);
#5615=CARTESIAN_POINT('',(2.175E0,7.8E-1,-4.E0));
#5616=VERTEX_POINT('',#5615);
#5617=CARTESIAN_POINT('',(-6.5E-1,7.8E-1,-4.42E0));
#5618=VERTEX_POINT('',#5617);
#5619=CARTESIAN_POINT('',(6.5E-1,7.8E-1,-4.42E0));
#5620=VERTEX_POINT('',#5619);
#5621=CARTESIAN_POINT('',(-3.41E0,-8.6E-1,-4.E0));
#5622=VERTEX_POINT('',#5621);
#5623=CARTESIAN_POINT('',(3.41E0,-8.6E-1,-4.E0));
#5624=VERTEX_POINT('',#5623);
#5625=CARTESIAN_POINT('',(2.719640041195E0,7.132031538618E-1,-4.52E0));
#5626=CARTESIAN_POINT('',(3.359187532325E0,-3.090036204205E-3,-4.52E0));
#5627=VERTEX_POINT('',#5625);
#5628=VERTEX_POINT('',#5626);
#5629=CARTESIAN_POINT('',(3.41E0,-1.362931900660E-1,-4.52E0));
#5630=VERTEX_POINT('',#5629);
#5631=CARTESIAN_POINT('',(3.41E0,-8.6E-1,-4.52E0));
#5632=VERTEX_POINT('',#5631);
#5633=CARTESIAN_POINT('',(1.975E0,4.E-2,-4.52E0));
#5634=CARTESIAN_POINT('',(1.975E0,6.114720812183E-1,-4.52E0));
#5635=VERTEX_POINT('',#5633);
#5636=VERTEX_POINT('',#5634);
#5637=CARTESIAN_POINT('',(-1.975E0,6.114720812183E-1,-4.52E0));
#5638=CARTESIAN_POINT('',(-1.975E0,4.E-2,-4.52E0));
#5639=VERTEX_POINT('',#5637);
#5640=VERTEX_POINT('',#5638);
#5641=CARTESIAN_POINT('',(-3.41E0,-8.6E-1,-4.52E0));
#5642=CARTESIAN_POINT('',(-3.41E0,-1.362931900660E-1,-4.52E0));
#5643=VERTEX_POINT('',#5641);
#5644=VERTEX_POINT('',#5642);
#5645=CARTESIAN_POINT('',(-3.359187532325E0,-3.090036204205E-3,-4.52E0));
#5646=VERTEX_POINT('',#5645);
#5647=CARTESIAN_POINT('',(-2.719640041195E0,7.132031538618E-1,-4.52E0));
#5648=VERTEX_POINT('',#5647);
#5649=CARTESIAN_POINT('',(-2.570452508870E0,7.8E-1,-4.52E0));
#5650=CARTESIAN_POINT('',(-2.175E0,7.8E-1,-4.52E0));
#5651=VERTEX_POINT('',#5649);
#5652=VERTEX_POINT('',#5650);
#5653=CARTESIAN_POINT('',(2.175E0,7.8E-1,-4.52E0));
#5654=CARTESIAN_POINT('',(2.570452508870E0,7.8E-1,-4.52E0));
#5655=VERTEX_POINT('',#5653);
#5656=VERTEX_POINT('',#5654);
#5657=CARTESIAN_POINT('',(1.975E0,4.E-2,-4.42E0));
#5658=CARTESIAN_POINT('',(1.975E0,6.114720812183E-1,-4.42E0));
#5659=VERTEX_POINT('',#5657);
#5660=VERTEX_POINT('',#5658);
#5661=CARTESIAN_POINT('',(-1.975E0,6.114720812183E-1,-4.42E0));
#5662=CARTESIAN_POINT('',(-1.975E0,4.E-2,-4.42E0));
#5663=VERTEX_POINT('',#5661);
#5664=VERTEX_POINT('',#5662);
#5665=CARTESIAN_POINT('',(2.880861243868E0,-8.6E-1,-4.42E0));
#5666=CARTESIAN_POINT('',(2.880861243868E0,4.E-2,-4.42E0));
#5667=VERTEX_POINT('',#5665);
#5668=VERTEX_POINT('',#5666);
#5669=CARTESIAN_POINT('',(-2.880861243868E0,-8.6E-1,-4.42E0));
#5670=CARTESIAN_POINT('',(-2.880861243868E0,4.E-2,-4.42E0));
#5671=VERTEX_POINT('',#5669);
#5672=VERTEX_POINT('',#5670);
#5673=CARTESIAN_POINT('',(3.21E0,-8.6E-1,-4.52E0));
#5674=CARTESIAN_POINT('',(3.21E0,4.E-2,-4.52E0));
#5675=VERTEX_POINT('',#5673);
#5676=VERTEX_POINT('',#5674);
#5677=CARTESIAN_POINT('',(-3.21E0,-8.6E-1,-4.52E0));
#5678=CARTESIAN_POINT('',(-3.21E0,4.E-2,-4.52E0));
#5679=VERTEX_POINT('',#5677);
#5680=VERTEX_POINT('',#5678);
#5681=CARTESIAN_POINT('',(1.805E0,-1.06E0,-4.E0));
#5682=CARTESIAN_POINT('',(1.805E0,-8.6E-1,-4.E0));
#5683=VERTEX_POINT('',#5681);
#5684=VERTEX_POINT('',#5682);
#5685=CARTESIAN_POINT('',(-1.805E0,-1.06E0,-4.E0));
#5686=CARTESIAN_POINT('',(-1.805E0,-8.6E-1,-4.E0));
#5687=VERTEX_POINT('',#5685);
#5688=VERTEX_POINT('',#5686);
#5689=CARTESIAN_POINT('',(1.805E0,-8.6E-1,-4.42E0));
#5690=VERTEX_POINT('',#5689);
#5691=CARTESIAN_POINT('',(-1.805E0,-8.6E-1,-4.42E0));
#5692=VERTEX_POINT('',#5691);
#5693=CARTESIAN_POINT('',(1.805E0,-1.06E0,-4.42E0));
#5694=VERTEX_POINT('',#5693);
#5695=CARTESIAN_POINT('',(-1.805E0,-1.06E0,-4.42E0));
#5696=VERTEX_POINT('',#5695);
#5697=CARTESIAN_POINT('',(-4.75E-1,6.3E-1,-4.62E0));
#5698=CARTESIAN_POINT('',(4.75E-1,6.3E-1,-4.62E0));
#5699=VERTEX_POINT('',#5697);
#5700=VERTEX_POINT('',#5698);
#5701=CARTESIAN_POINT('',(-4.75E-1,7.8E-1,-4.42E0));
#5702=CARTESIAN_POINT('',(-4.75E-1,7.8E-1,-4.47E0));
#5703=VERTEX_POINT('',#5701);
#5704=VERTEX_POINT('',#5702);
#5705=CARTESIAN_POINT('',(4.75E-1,7.8E-1,-4.42E0));
#5706=CARTESIAN_POINT('',(4.75E-1,7.8E-1,-4.47E0));
#5707=VERTEX_POINT('',#5705);
#5708=VERTEX_POINT('',#5706);
#5709=CARTESIAN_POINT('',(-4.75E-1,2.5E-1,-4.42E0));
#5710=VERTEX_POINT('',#5709);
#5711=CARTESIAN_POINT('',(4.75E-1,2.5E-1,-4.42E0));
#5712=VERTEX_POINT('',#5711);
#5713=CARTESIAN_POINT('',(1.175E0,-1.4E0,-5.15E0));
#5714=CARTESIAN_POINT('',(1.175E0,-1.25E0,-5.15E0));
#5715=VERTEX_POINT('',#5713);
#5716=VERTEX_POINT('',#5714);
#5717=CARTESIAN_POINT('',(1.175E0,-1.25E0,-4.52E0));
#5718=VERTEX_POINT('',#5717);
#5719=CARTESIAN_POINT('',(1.175E0,-1.15E0,-4.42E0));
#5720=VERTEX_POINT('',#5719);
#5721=CARTESIAN_POINT('',(1.175E0,-1.15E0,-4.27E0));
#5722=CARTESIAN_POINT('',(1.175E0,-1.4E0,-4.52E0));
#5723=VERTEX_POINT('',#5721);
#5724=VERTEX_POINT('',#5722);
#5725=CARTESIAN_POINT('',(1.425E0,-1.4E0,-5.15E0));
#5726=CARTESIAN_POINT('',(1.425E0,-1.25E0,-5.15E0));
#5727=VERTEX_POINT('',#5725);
#5728=VERTEX_POINT('',#5726);
#5729=CARTESIAN_POINT('',(1.425E0,-1.25E0,-4.52E0));
#5730=VERTEX_POINT('',#5729);
#5731=CARTESIAN_POINT('',(1.425E0,-1.15E0,-4.42E0));
#5732=VERTEX_POINT('',#5731);
#5733=CARTESIAN_POINT('',(1.425E0,-1.15E0,-4.27E0));
#5734=CARTESIAN_POINT('',(1.425E0,-1.4E0,-4.52E0));
#5735=VERTEX_POINT('',#5733);
#5736=VERTEX_POINT('',#5734);
#5737=CARTESIAN_POINT('',(1.175E0,-1.06E0,-4.42E0));
#5738=CARTESIAN_POINT('',(1.175E0,-1.06E0,-4.27E0));
#5739=VERTEX_POINT('',#5737);
#5740=VERTEX_POINT('',#5738);
#5741=CARTESIAN_POINT('',(1.425E0,-1.06E0,-4.42E0));
#5742=CARTESIAN_POINT('',(1.425E0,-1.06E0,-4.27E0));
#5743=VERTEX_POINT('',#5741);
#5744=VERTEX_POINT('',#5742);
#5745=CARTESIAN_POINT('',(1.1E0,-4.15E-1,-1.067589968261E0));
#5746=CARTESIAN_POINT('',(1.1E0,-3.575596991407E-1,-1.134370478851E0));
#5747=VERTEX_POINT('',#5745);
#5748=VERTEX_POINT('',#5746);
#5749=CARTESIAN_POINT('',(1.1E0,-2.85E-1,-1.33E0));
#5750=VERTEX_POINT('',#5749);
#5751=CARTESIAN_POINT('',(1.1E0,-2.85E-1,-3.5E0));
#5752=VERTEX_POINT('',#5751);
#5753=CARTESIAN_POINT('',(1.5E0,-4.15E-1,-1.067589968261E0));
#5754=CARTESIAN_POINT('',(1.5E0,-3.575596991407E-1,-1.134370478851E0));
#5755=VERTEX_POINT('',#5753);
#5756=VERTEX_POINT('',#5754);
#5757=CARTESIAN_POINT('',(1.5E0,-2.85E-1,-1.33E0));
#5758=VERTEX_POINT('',#5757);
#5759=CARTESIAN_POINT('',(1.5E0,-2.85E-1,-3.5E0));
#5760=VERTEX_POINT('',#5759);
#5761=CARTESIAN_POINT('',(1.1E0,-1.95E-1,-3.5E0));
#5762=CARTESIAN_POINT('',(1.1E0,-1.95E-1,-1.15E0));
#5763=VERTEX_POINT('',#5761);
#5764=VERTEX_POINT('',#5762);
#5765=CARTESIAN_POINT('',(1.5E0,-1.95E-1,-3.5E0));
#5766=CARTESIAN_POINT('',(1.5E0,-1.95E-1,-1.15E0));
#5767=VERTEX_POINT('',#5765);
#5768=VERTEX_POINT('',#5766);
#5769=CARTESIAN_POINT('',(1.1E0,-4.15E-1,-9.5E-1));
#5770=VERTEX_POINT('',#5769);
#5771=CARTESIAN_POINT('',(1.5E0,-4.15E-1,-9.5E-1));
#5772=VERTEX_POINT('',#5771);
#5773=CARTESIAN_POINT('',(5.25E-1,-1.4E0,-5.15E0));
#5774=CARTESIAN_POINT('',(5.25E-1,-1.25E0,-5.15E0));
#5775=VERTEX_POINT('',#5773);
#5776=VERTEX_POINT('',#5774);
#5777=CARTESIAN_POINT('',(5.25E-1,-1.25E0,-4.52E0));
#5778=VERTEX_POINT('',#5777);
#5779=CARTESIAN_POINT('',(5.25E-1,-1.15E0,-4.42E0));
#5780=VERTEX_POINT('',#5779);
#5781=CARTESIAN_POINT('',(5.25E-1,-1.15E0,-4.27E0));
#5782=CARTESIAN_POINT('',(5.25E-1,-1.4E0,-4.52E0));
#5783=VERTEX_POINT('',#5781);
#5784=VERTEX_POINT('',#5782);
#5785=CARTESIAN_POINT('',(7.75E-1,-1.4E0,-5.15E0));
#5786=CARTESIAN_POINT('',(7.75E-1,-1.25E0,-5.15E0));
#5787=VERTEX_POINT('',#5785);
#5788=VERTEX_POINT('',#5786);
#5789=CARTESIAN_POINT('',(7.75E-1,-1.25E0,-4.52E0));
#5790=VERTEX_POINT('',#5789);
#5791=CARTESIAN_POINT('',(7.75E-1,-1.15E0,-4.42E0));
#5792=VERTEX_POINT('',#5791);
#5793=CARTESIAN_POINT('',(7.75E-1,-1.15E0,-4.27E0));
#5794=CARTESIAN_POINT('',(7.75E-1,-1.4E0,-4.52E0));
#5795=VERTEX_POINT('',#5793);
#5796=VERTEX_POINT('',#5794);
#5797=CARTESIAN_POINT('',(5.25E-1,-1.06E0,-4.42E0));
#5798=VERTEX_POINT('',#5797);
#5799=CARTESIAN_POINT('',(5.25E-1,-1.06E0,-4.27E0));
#5800=VERTEX_POINT('',#5799);
#5801=CARTESIAN_POINT('',(7.75E-1,-1.06E0,-4.42E0));
#5802=VERTEX_POINT('',#5801);
#5803=CARTESIAN_POINT('',(7.75E-1,-1.06E0,-4.27E0));
#5804=VERTEX_POINT('',#5803);
#5805=CARTESIAN_POINT('',(4.5E-1,-4.15E-1,-1.067589968261E0));
#5806=CARTESIAN_POINT('',(4.5E-1,-3.575596991407E-1,-1.134370478851E0));
#5807=VERTEX_POINT('',#5805);
#5808=VERTEX_POINT('',#5806);
#5809=CARTESIAN_POINT('',(4.5E-1,-2.85E-1,-1.33E0));
#5810=VERTEX_POINT('',#5809);
#5811=CARTESIAN_POINT('',(4.5E-1,-2.85E-1,-3.5E0));
#5812=VERTEX_POINT('',#5811);
#5813=CARTESIAN_POINT('',(8.5E-1,-4.15E-1,-1.067589968261E0));
#5814=CARTESIAN_POINT('',(8.5E-1,-3.575596991407E-1,-1.134370478851E0));
#5815=VERTEX_POINT('',#5813);
#5816=VERTEX_POINT('',#5814);
#5817=CARTESIAN_POINT('',(8.5E-1,-2.85E-1,-1.33E0));
#5818=VERTEX_POINT('',#5817);
#5819=CARTESIAN_POINT('',(8.5E-1,-2.85E-1,-3.5E0));
#5820=VERTEX_POINT('',#5819);
#5821=CARTESIAN_POINT('',(4.5E-1,-1.95E-1,-3.5E0));
#5822=VERTEX_POINT('',#5821);
#5823=CARTESIAN_POINT('',(4.5E-1,-4.15E-1,-9.5E-1));
#5824=VERTEX_POINT('',#5823);
#5825=CARTESIAN_POINT('',(8.5E-1,-1.95E-1,-3.5E0));
#5826=VERTEX_POINT('',#5825);
#5827=CARTESIAN_POINT('',(8.5E-1,-4.15E-1,-9.5E-1));
#5828=VERTEX_POINT('',#5827);
#5829=CARTESIAN_POINT('',(-1.25E-1,-1.4E0,-5.15E0));
#5830=CARTESIAN_POINT('',(-1.25E-1,-1.25E0,-5.15E0));
#5831=VERTEX_POINT('',#5829);
#5832=VERTEX_POINT('',#5830);
#5833=CARTESIAN_POINT('',(-1.25E-1,-1.25E0,-4.52E0));
#5834=VERTEX_POINT('',#5833);
#5835=CARTESIAN_POINT('',(-1.25E-1,-1.15E0,-4.42E0));
#5836=VERTEX_POINT('',#5835);
#5837=CARTESIAN_POINT('',(-1.25E-1,-1.15E0,-4.27E0));
#5838=CARTESIAN_POINT('',(-1.25E-1,-1.4E0,-4.52E0));
#5839=VERTEX_POINT('',#5837);
#5840=VERTEX_POINT('',#5838);
#5841=CARTESIAN_POINT('',(1.25E-1,-1.4E0,-5.15E0));
#5842=CARTESIAN_POINT('',(1.25E-1,-1.25E0,-5.15E0));
#5843=VERTEX_POINT('',#5841);
#5844=VERTEX_POINT('',#5842);
#5845=CARTESIAN_POINT('',(1.25E-1,-1.25E0,-4.52E0));
#5846=VERTEX_POINT('',#5845);
#5847=CARTESIAN_POINT('',(1.25E-1,-1.15E0,-4.42E0));
#5848=VERTEX_POINT('',#5847);
#5849=CARTESIAN_POINT('',(1.25E-1,-1.15E0,-4.27E0));
#5850=CARTESIAN_POINT('',(1.25E-1,-1.4E0,-4.52E0));
#5851=VERTEX_POINT('',#5849);
#5852=VERTEX_POINT('',#5850);
#5853=CARTESIAN_POINT('',(-1.25E-1,-1.06E0,-4.42E0));
#5854=VERTEX_POINT('',#5853);
#5855=CARTESIAN_POINT('',(-1.25E-1,-1.06E0,-4.27E0));
#5856=VERTEX_POINT('',#5855);
#5857=CARTESIAN_POINT('',(1.25E-1,-1.06E0,-4.42E0));
#5858=VERTEX_POINT('',#5857);
#5859=CARTESIAN_POINT('',(1.25E-1,-1.06E0,-4.27E0));
#5860=VERTEX_POINT('',#5859);
#5861=CARTESIAN_POINT('',(-2.E-1,-4.15E-1,-1.067589968261E0));
#5862=CARTESIAN_POINT('',(-2.E-1,-3.575596991407E-1,-1.134370478851E0));
#5863=VERTEX_POINT('',#5861);
#5864=VERTEX_POINT('',#5862);
#5865=CARTESIAN_POINT('',(-2.E-1,-2.85E-1,-1.33E0));
#5866=VERTEX_POINT('',#5865);
#5867=CARTESIAN_POINT('',(-2.E-1,-2.85E-1,-3.5E0));
#5868=VERTEX_POINT('',#5867);
#5869=CARTESIAN_POINT('',(2.E-1,-4.15E-1,-1.067589968261E0));
#5870=CARTESIAN_POINT('',(2.E-1,-3.575596991407E-1,-1.134370478851E0));
#5871=VERTEX_POINT('',#5869);
#5872=VERTEX_POINT('',#5870);
#5873=CARTESIAN_POINT('',(2.E-1,-2.85E-1,-1.33E0));
#5874=VERTEX_POINT('',#5873);
#5875=CARTESIAN_POINT('',(2.E-1,-2.85E-1,-3.5E0));
#5876=VERTEX_POINT('',#5875);
#5877=CARTESIAN_POINT('',(-2.E-1,-1.95E-1,-3.5E0));
#5878=VERTEX_POINT('',#5877);
#5879=CARTESIAN_POINT('',(-2.E-1,-4.15E-1,-9.5E-1));
#5880=VERTEX_POINT('',#5879);
#5881=CARTESIAN_POINT('',(2.E-1,-1.95E-1,-3.5E0));
#5882=VERTEX_POINT('',#5881);
#5883=CARTESIAN_POINT('',(2.E-1,-4.15E-1,-9.5E-1));
#5884=VERTEX_POINT('',#5883);
#5885=CARTESIAN_POINT('',(-7.75E-1,-1.4E0,-5.15E0));
#5886=CARTESIAN_POINT('',(-7.75E-1,-1.25E0,-5.15E0));
#5887=VERTEX_POINT('',#5885);
#5888=VERTEX_POINT('',#5886);
#5889=CARTESIAN_POINT('',(-7.75E-1,-1.25E0,-4.52E0));
#5890=VERTEX_POINT('',#5889);
#5891=CARTESIAN_POINT('',(-7.75E-1,-1.15E0,-4.42E0));
#5892=VERTEX_POINT('',#5891);
#5893=CARTESIAN_POINT('',(-7.75E-1,-1.15E0,-4.27E0));
#5894=CARTESIAN_POINT('',(-7.75E-1,-1.4E0,-4.52E0));
#5895=VERTEX_POINT('',#5893);
#5896=VERTEX_POINT('',#5894);
#5897=CARTESIAN_POINT('',(-5.25E-1,-1.4E0,-5.15E0));
#5898=CARTESIAN_POINT('',(-5.25E-1,-1.25E0,-5.15E0));
#5899=VERTEX_POINT('',#5897);
#5900=VERTEX_POINT('',#5898);
#5901=CARTESIAN_POINT('',(-5.25E-1,-1.25E0,-4.52E0));
#5902=VERTEX_POINT('',#5901);
#5903=CARTESIAN_POINT('',(-5.25E-1,-1.15E0,-4.42E0));
#5904=VERTEX_POINT('',#5903);
#5905=CARTESIAN_POINT('',(-5.25E-1,-1.15E0,-4.27E0));
#5906=CARTESIAN_POINT('',(-5.25E-1,-1.4E0,-4.52E0));
#5907=VERTEX_POINT('',#5905);
#5908=VERTEX_POINT('',#5906);
#5909=CARTESIAN_POINT('',(-7.75E-1,-1.06E0,-4.42E0));
#5910=VERTEX_POINT('',#5909);
#5911=CARTESIAN_POINT('',(-7.75E-1,-1.06E0,-4.27E0));
#5912=VERTEX_POINT('',#5911);
#5913=CARTESIAN_POINT('',(-5.25E-1,-1.06E0,-4.42E0));
#5914=VERTEX_POINT('',#5913);
#5915=CARTESIAN_POINT('',(-5.25E-1,-1.06E0,-4.27E0));
#5916=VERTEX_POINT('',#5915);
#5917=CARTESIAN_POINT('',(-8.5E-1,-4.15E-1,-1.067589968261E0));
#5918=CARTESIAN_POINT('',(-8.5E-1,-3.575596991407E-1,-1.134370478851E0));
#5919=VERTEX_POINT('',#5917);
#5920=VERTEX_POINT('',#5918);
#5921=CARTESIAN_POINT('',(-8.5E-1,-2.85E-1,-1.33E0));
#5922=VERTEX_POINT('',#5921);
#5923=CARTESIAN_POINT('',(-8.5E-1,-2.85E-1,-3.5E0));
#5924=VERTEX_POINT('',#5923);
#5925=CARTESIAN_POINT('',(-4.5E-1,-4.15E-1,-1.067589968261E0));
#5926=CARTESIAN_POINT('',(-4.5E-1,-3.575596991407E-1,-1.134370478851E0));
#5927=VERTEX_POINT('',#5925);
#5928=VERTEX_POINT('',#5926);
#5929=CARTESIAN_POINT('',(-4.5E-1,-2.85E-1,-1.33E0));
#5930=VERTEX_POINT('',#5929);
#5931=CARTESIAN_POINT('',(-4.5E-1,-2.85E-1,-3.5E0));
#5932=VERTEX_POINT('',#5931);
#5933=CARTESIAN_POINT('',(-8.5E-1,-1.95E-1,-3.5E0));
#5934=VERTEX_POINT('',#5933);
#5935=CARTESIAN_POINT('',(-8.5E-1,-4.15E-1,-9.5E-1));
#5936=VERTEX_POINT('',#5935);
#5937=CARTESIAN_POINT('',(-4.5E-1,-1.95E-1,-3.5E0));
#5938=VERTEX_POINT('',#5937);
#5939=CARTESIAN_POINT('',(-4.5E-1,-4.15E-1,-9.5E-1));
#5940=VERTEX_POINT('',#5939);
#5941=CARTESIAN_POINT('',(-1.425E0,-1.4E0,-5.15E0));
#5942=CARTESIAN_POINT('',(-1.425E0,-1.25E0,-5.15E0));
#5943=VERTEX_POINT('',#5941);
#5944=VERTEX_POINT('',#5942);
#5945=CARTESIAN_POINT('',(-1.425E0,-1.25E0,-4.52E0));
#5946=VERTEX_POINT('',#5945);
#5947=CARTESIAN_POINT('',(-1.425E0,-1.15E0,-4.42E0));
#5948=VERTEX_POINT('',#5947);
#5949=CARTESIAN_POINT('',(-1.425E0,-1.15E0,-4.27E0));
#5950=CARTESIAN_POINT('',(-1.425E0,-1.4E0,-4.52E0));
#5951=VERTEX_POINT('',#5949);
#5952=VERTEX_POINT('',#5950);
#5953=CARTESIAN_POINT('',(-1.175E0,-1.4E0,-5.15E0));
#5954=CARTESIAN_POINT('',(-1.175E0,-1.25E0,-5.15E0));
#5955=VERTEX_POINT('',#5953);
#5956=VERTEX_POINT('',#5954);
#5957=CARTESIAN_POINT('',(-1.175E0,-1.25E0,-4.52E0));
#5958=VERTEX_POINT('',#5957);
#5959=CARTESIAN_POINT('',(-1.175E0,-1.15E0,-4.42E0));
#5960=VERTEX_POINT('',#5959);
#5961=CARTESIAN_POINT('',(-1.175E0,-1.15E0,-4.27E0));
#5962=CARTESIAN_POINT('',(-1.175E0,-1.4E0,-4.52E0));
#5963=VERTEX_POINT('',#5961);
#5964=VERTEX_POINT('',#5962);
#5965=CARTESIAN_POINT('',(-1.425E0,-1.06E0,-4.42E0));
#5966=VERTEX_POINT('',#5965);
#5967=CARTESIAN_POINT('',(-1.425E0,-1.06E0,-4.27E0));
#5968=VERTEX_POINT('',#5967);
#5969=CARTESIAN_POINT('',(-1.175E0,-1.06E0,-4.42E0));
#5970=VERTEX_POINT('',#5969);
#5971=CARTESIAN_POINT('',(-1.175E0,-1.06E0,-4.27E0));
#5972=VERTEX_POINT('',#5971);
#5973=CARTESIAN_POINT('',(-1.5E0,-4.15E-1,-1.067589968261E0));
#5974=CARTESIAN_POINT('',(-1.5E0,-3.575596991407E-1,-1.134370478851E0));
#5975=VERTEX_POINT('',#5973);
#5976=VERTEX_POINT('',#5974);
#5977=CARTESIAN_POINT('',(-1.5E0,-2.85E-1,-1.33E0));
#5978=VERTEX_POINT('',#5977);
#5979=CARTESIAN_POINT('',(-1.5E0,-2.85E-1,-3.5E0));
#5980=VERTEX_POINT('',#5979);
#5981=CARTESIAN_POINT('',(-1.1E0,-4.15E-1,-1.067589968261E0));
#5982=CARTESIAN_POINT('',(-1.1E0,-3.575596991407E-1,-1.134370478851E0));
#5983=VERTEX_POINT('',#5981);
#5984=VERTEX_POINT('',#5982);
#5985=CARTESIAN_POINT('',(-1.1E0,-2.85E-1,-1.33E0));
#5986=VERTEX_POINT('',#5985);
#5987=CARTESIAN_POINT('',(-1.1E0,-2.85E-1,-3.5E0));
#5988=VERTEX_POINT('',#5987);
#5989=CARTESIAN_POINT('',(-1.5E0,-1.95E-1,-3.5E0));
#5990=VERTEX_POINT('',#5989);
#5991=CARTESIAN_POINT('',(-1.5E0,-4.15E-1,-9.5E-1));
#5992=VERTEX_POINT('',#5991);
#5993=CARTESIAN_POINT('',(-1.1E0,-1.95E-1,-3.5E0));
#5994=VERTEX_POINT('',#5993);
#5995=CARTESIAN_POINT('',(-1.1E0,-4.15E-1,-9.5E-1));
#5996=VERTEX_POINT('',#5995);
#5997=CARTESIAN_POINT('',(4.5E-1,-1.95E-1,-1.15E0));
#5998=VERTEX_POINT('',#5997);
#5999=CARTESIAN_POINT('',(8.5E-1,-1.95E-1,-1.15E0));
#6000=VERTEX_POINT('',#5999);
#6001=CARTESIAN_POINT('',(-2.E-1,-1.95E-1,-1.15E0));
#6002=VERTEX_POINT('',#6001);
#6003=CARTESIAN_POINT('',(2.E-1,-1.95E-1,-1.15E0));
#6004=VERTEX_POINT('',#6003);
#6005=CARTESIAN_POINT('',(-8.5E-1,-1.95E-1,-1.15E0));
#6006=VERTEX_POINT('',#6005);
#6007=CARTESIAN_POINT('',(-4.5E-1,-1.95E-1,-1.15E0));
#6008=VERTEX_POINT('',#6007);
#6009=CARTESIAN_POINT('',(-1.5E0,-1.95E-1,-1.15E0));
#6010=VERTEX_POINT('',#6009);
#6011=CARTESIAN_POINT('',(-1.1E0,-1.95E-1,-1.15E0));
#6012=VERTEX_POINT('',#6011);
#6013=CARTESIAN_POINT('',(-1.69E0,-6.95E-1,-2.4E0));
#6014=CARTESIAN_POINT('',(-1.69E0,-2.95E-1,-2.4E0));
#6015=VERTEX_POINT('',#6013);
#6016=VERTEX_POINT('',#6014);
#6017=CARTESIAN_POINT('',(1.69E0,-6.95E-1,-2.4E0));
#6018=CARTESIAN_POINT('',(1.69E0,-2.95E-1,-2.4E0));
#6019=VERTEX_POINT('',#6017);
#6020=VERTEX_POINT('',#6018);
#6021=CARTESIAN_POINT('',(1.69E0,-4.15E-1,-9.5E-1));
#6022=VERTEX_POINT('',#6021);
#6023=CARTESIAN_POINT('',(-1.69E0,-4.15E-1,-9.5E-1));
#6024=VERTEX_POINT('',#6023);
#6025=CARTESIAN_POINT('',(1.65E0,-2.15E-1,-3.5E0));
#6026=CARTESIAN_POINT('',(1.65E0,-7.75E-1,-3.5E0));
#6027=VERTEX_POINT('',#6025);
#6028=VERTEX_POINT('',#6026);
#6029=CARTESIAN_POINT('',(1.65E0,-2.15E-1,-2.44E0));
#6030=CARTESIAN_POINT('',(1.65E0,-7.75E-1,-2.44E0));
#6031=VERTEX_POINT('',#6029);
#6032=VERTEX_POINT('',#6030);
#6033=CARTESIAN_POINT('',(-1.65E0,-2.15E-1,-2.44E0));
#6034=CARTESIAN_POINT('',(-1.65E0,-7.75E-1,-2.44E0));
#6035=VERTEX_POINT('',#6033);
#6036=VERTEX_POINT('',#6034);
#6037=CARTESIAN_POINT('',(-1.65E0,-2.15E-1,-3.5E0));
#6038=CARTESIAN_POINT('',(-1.65E0,-7.75E-1,-3.5E0));
#6039=VERTEX_POINT('',#6037);
#6040=VERTEX_POINT('',#6038);
#6041=CARTESIAN_POINT('',(1.59E0,-7.95E-1,-9.7E-1));
#6042=CARTESIAN_POINT('',(-1.59E0,-7.95E-1,-9.7E-1));
#6043=VERTEX_POINT('',#6041);
#6044=VERTEX_POINT('',#6042);
#6045=CARTESIAN_POINT('',(1.54E0,-4.65E-1,-8.E-1));
#6046=CARTESIAN_POINT('',(-1.54E0,-4.65E-1,-8.E-1));
#6047=VERTEX_POINT('',#6045);
#6048=VERTEX_POINT('',#6046);
#6049=CARTESIAN_POINT('',(1.54E0,-6.25E-1,-8.E-1));
#6050=CARTESIAN_POINT('',(-1.54E0,-6.25E-1,-8.E-1));
#6051=VERTEX_POINT('',#6049);
#6052=VERTEX_POINT('',#6050);
#6053=CARTESIAN_POINT('',(-1.59E0,-7.95E-1,-3.5E0));
#6054=VERTEX_POINT('',#6053);
#6055=CARTESIAN_POINT('',(1.59E0,-7.95E-1,-3.5E0));
#6056=VERTEX_POINT('',#6055);
#6057=VERTEX_POINT('',#3771);
#6058=VERTEX_POINT('',#3777);
#6059=CARTESIAN_POINT('',(1.59E0,-1.95E-1,-3.5E0));
#6060=VERTEX_POINT('',#6059);
#6061=CARTESIAN_POINT('',(-1.59E0,-1.95E-1,-1.15E0));
#6062=CARTESIAN_POINT('',(-1.59E0,-1.95E-1,-3.5E0));
#6063=VERTEX_POINT('',#6061);
#6064=VERTEX_POINT('',#6062);
#6065=VERTEX_POINT('',#3785);
#6066=CARTESIAN_POINT('',(-1.69E0,-6.95E-1,-9.5E-1));
#6067=VERTEX_POINT('',#6066);
#6068=CARTESIAN_POINT('',(1.69E0,-6.95E-1,-9.5E-1));
#6069=VERTEX_POINT('',#6068);
#6070=CARTESIAN_POINT('',(1.59E0,-4.15E-1,-8.5E-1));
#6071=VERTEX_POINT('',#6070);
#6072=CARTESIAN_POINT('',(-1.59E0,-4.15E-1,-8.5E-1));
#6073=VERTEX_POINT('',#6072);
#6074=VERTEX_POINT('',#4022);
#6075=VERTEX_POINT('',#4036);
#6076=CARTESIAN_POINT('',(0.E0,0.E0,0.E0));
#6077=DIRECTION('',(0.E0,0.E0,1.E0));
#6078=DIRECTION('',(1.E0,0.E0,0.E0));
#6079=AXIS2_PLACEMENT_3D('',#6076,#6077,#6078);
#6080=PLANE('',#6079);
#6082=ORIENTED_EDGE('',*,*,#6081,.F.);
#6084=ORIENTED_EDGE('',*,*,#6083,.F.);
#6086=ORIENTED_EDGE('',*,*,#6085,.F.);
#6088=ORIENTED_EDGE('',*,*,#6087,.F.);
#6090=ORIENTED_EDGE('',*,*,#6089,.F.);
#6092=ORIENTED_EDGE('',*,*,#6091,.F.);
#6094=ORIENTED_EDGE('',*,*,#6093,.F.);
#6096=ORIENTED_EDGE('',*,*,#6095,.F.);
#6098=ORIENTED_EDGE('',*,*,#6097,.F.);
#6100=ORIENTED_EDGE('',*,*,#6099,.F.);
#6102=ORIENTED_EDGE('',*,*,#6101,.F.);
#6104=ORIENTED_EDGE('',*,*,#6103,.F.);
#6105=EDGE_LOOP('',(#6082,#6084,#6086,#6088,#6090,#6092,#6094,#6096,#6098,#6100,
#6102,#6104));
#6106=FACE_OUTER_BOUND('',#6105,.F.);
#6108=ORIENTED_EDGE('',*,*,#6107,.F.);
#6110=ORIENTED_EDGE('',*,*,#6109,.F.);
#6112=ORIENTED_EDGE('',*,*,#6111,.F.);
#6114=ORIENTED_EDGE('',*,*,#6113,.F.);
#6116=ORIENTED_EDGE('',*,*,#6115,.F.);
#6118=ORIENTED_EDGE('',*,*,#6117,.F.);
#6120=ORIENTED_EDGE('',*,*,#6119,.F.);
#6122=ORIENTED_EDGE('',*,*,#6121,.F.);
#6124=ORIENTED_EDGE('',*,*,#6123,.F.);
#6126=ORIENTED_EDGE('',*,*,#6125,.F.);
#6128=ORIENTED_EDGE('',*,*,#6127,.F.);
#6130=ORIENTED_EDGE('',*,*,#6129,.F.);
#6131=EDGE_LOOP('',(#6108,#6110,#6112,#6114,#6116,#6118,#6120,#6122,#6124,#6126,
#6128,#6130));
#6132=FACE_BOUND('',#6131,.F.);
#6134=CARTESIAN_POINT('',(2.594539656665E0,1.08E0,0.E0));
#6135=DIRECTION('',(0.E0,1.E0,0.E0));
#6136=DIRECTION('',(-1.E0,0.E0,0.E0));
#6137=AXIS2_PLACEMENT_3D('',#6134,#6135,#6136);
#6138=PLANE('',#6137);
#6140=ORIENTED_EDGE('',*,*,#6139,.F.);
#6142=ORIENTED_EDGE('',*,*,#6141,.F.);
#6144=ORIENTED_EDGE('',*,*,#6143,.T.);
#6146=ORIENTED_EDGE('',*,*,#6145,.F.);
#6148=ORIENTED_EDGE('',*,*,#6147,.F.);
#6150=ORIENTED_EDGE('',*,*,#6149,.T.);
#6152=ORIENTED_EDGE('',*,*,#6151,.F.);
#6153=ORIENTED_EDGE('',*,*,#6081,.T.);
#6155=ORIENTED_EDGE('',*,*,#6154,.T.);
#6157=ORIENTED_EDGE('',*,*,#6156,.T.);
#6159=ORIENTED_EDGE('',*,*,#6158,.T.);
#6161=ORIENTED_EDGE('',*,*,#6160,.F.);
#6163=ORIENTED_EDGE('',*,*,#6162,.T.);
#6165=ORIENTED_EDGE('',*,*,#6164,.F.);
#6166=EDGE_LOOP('',(#6140,#6142,#6144,#6146,#6148,#6150,#6152,#6153,#6155,#6157,
#6159,#6161,#6163,#6165));
#6167=FACE_OUTER_BOUND('',#6166,.F.);
#6169=CARTESIAN_POINT('',(1.478952E1,6.3E-1,-4.55E0));
#6170=DIRECTION('',(-1.E0,0.E0,0.E0));
#6171=DIRECTION('',(0.E0,1.E0,0.E0));
#6172=AXIS2_PLACEMENT_3D('',#6169,#6170,#6171);
#6173=CYLINDRICAL_SURFACE('',#6172,4.5E-1);
#6175=ORIENTED_EDGE('',*,*,#6174,.T.);
#6177=ORIENTED_EDGE('',*,*,#6176,.F.);
#6179=ORIENTED_EDGE('',*,*,#6178,.T.);
#6180=ORIENTED_EDGE('',*,*,#6139,.T.);
#6181=EDGE_LOOP('',(#6175,#6177,#6179,#6180));
#6182=FACE_OUTER_BOUND('',#6181,.F.);
#6184=CARTESIAN_POINT('',(-6.5E-1,1.08E0,-3.7E0));
#6185=DIRECTION('',(1.E0,0.E0,0.E0));
#6186=DIRECTION('',(0.E0,0.E0,-1.E0));
#6187=AXIS2_PLACEMENT_3D('',#6184,#6185,#6186);
#6188=PLANE('',#6187);
#6190=ORIENTED_EDGE('',*,*,#6189,.F.);
#6192=ORIENTED_EDGE('',*,*,#6191,.T.);
#6194=ORIENTED_EDGE('',*,*,#6193,.T.);
#6196=ORIENTED_EDGE('',*,*,#6195,.T.);
#6198=ORIENTED_EDGE('',*,*,#6197,.T.);
#6199=ORIENTED_EDGE('',*,*,#6174,.F.);
#6200=ORIENTED_EDGE('',*,*,#6164,.T.);
#6202=ORIENTED_EDGE('',*,*,#6201,.T.);
#6203=EDGE_LOOP('',(#6190,#6192,#6194,#6196,#6198,#6199,#6200,#6202));
#6204=FACE_OUTER_BOUND('',#6203,.F.);
#6206=CARTESIAN_POINT('',(2.570452508870E0,7.8E-1,-3.5E0));
#6207=DIRECTION('',(0.E0,1.E0,0.E0));
#6208=DIRECTION('',(-1.E0,0.E0,0.E0));
#6209=AXIS2_PLACEMENT_3D('',#6206,#6207,#6208);
#6210=PLANE('',#6209);
#6212=ORIENTED_EDGE('',*,*,#6211,.F.);
#6214=ORIENTED_EDGE('',*,*,#6213,.T.);
#6216=ORIENTED_EDGE('',*,*,#6215,.T.);
#6217=ORIENTED_EDGE('',*,*,#6189,.T.);
#6219=ORIENTED_EDGE('',*,*,#6218,.F.);
#6221=ORIENTED_EDGE('',*,*,#6220,.F.);
#6223=ORIENTED_EDGE('',*,*,#6222,.T.);
#6224=EDGE_LOOP('',(#6212,#6214,#6216,#6217,#6219,#6221,#6223));
#6225=FACE_OUTER_BOUND('',#6224,.F.);
#6227=CARTESIAN_POINT('',(2.570452508870E0,7.8E-1,-3.5E0));
#6228=DIRECTION('',(0.E0,1.E0,0.E0));
#6229=DIRECTION('',(-1.E0,0.E0,0.E0));
#6230=AXIS2_PLACEMENT_3D('',#6227,#6228,#6229);
#6231=PLANE('',#6230);
#6233=ORIENTED_EDGE('',*,*,#6232,.T.);
#6235=ORIENTED_EDGE('',*,*,#6234,.T.);
#6237=ORIENTED_EDGE('',*,*,#6236,.F.);
#6239=ORIENTED_EDGE('',*,*,#6238,.F.);
#6241=ORIENTED_EDGE('',*,*,#6240,.T.);
#6243=ORIENTED_EDGE('',*,*,#6242,.T.);
#6245=ORIENTED_EDGE('',*,*,#6244,.F.);
#6246=EDGE_LOOP('',(#6233,#6235,#6237,#6239,#6241,#6243,#6245));
#6247=FACE_OUTER_BOUND('',#6246,.F.);
#6249=CARTESIAN_POINT('',(0.E0,0.E0,-4.E0));
#6250=DIRECTION('',(0.E0,0.E0,1.E0));
#6251=DIRECTION('',(1.E0,0.E0,0.E0));
#6252=AXIS2_PLACEMENT_3D('',#6249,#6250,#6251);
#6253=PLANE('',#6252);
#6255=ORIENTED_EDGE('',*,*,#6254,.T.);
#6257=ORIENTED_EDGE('',*,*,#6256,.T.);
#6259=ORIENTED_EDGE('',*,*,#6258,.T.);
#6260=ORIENTED_EDGE('',*,*,#6211,.T.);
#6262=ORIENTED_EDGE('',*,*,#6261,.F.);
#6264=ORIENTED_EDGE('',*,*,#6263,.F.);
#6266=ORIENTED_EDGE('',*,*,#6265,.T.);
#6268=ORIENTED_EDGE('',*,*,#6267,.F.);
#6270=ORIENTED_EDGE('',*,*,#6269,.F.);
#6271=EDGE_LOOP('',(#6255,#6257,#6259,#6260,#6262,#6264,#6266,#6268,#6270));
#6272=FACE_OUTER_BOUND('',#6271,.F.);
#6274=CARTESIAN_POINT('',(0.E0,0.E0,-4.E0));
#6275=DIRECTION('',(0.E0,0.E0,1.E0));
#6276=DIRECTION('',(1.E0,0.E0,0.E0));
#6277=AXIS2_PLACEMENT_3D('',#6274,#6275,#6276);
#6278=PLANE('',#6277);
#6280=ORIENTED_EDGE('',*,*,#6279,.T.);
#6282=ORIENTED_EDGE('',*,*,#6281,.T.);
#6284=ORIENTED_EDGE('',*,*,#6283,.T.);
#6286=ORIENTED_EDGE('',*,*,#6285,.F.);
#6288=ORIENTED_EDGE('',*,*,#6287,.F.);
#6290=ORIENTED_EDGE('',*,*,#6289,.T.);
#6292=ORIENTED_EDGE('',*,*,#6291,.F.);
#6294=ORIENTED_EDGE('',*,*,#6293,.T.);
#6295=ORIENTED_EDGE('',*,*,#6238,.T.);
#6296=EDGE_LOOP('',(#6280,#6282,#6284,#6286,#6288,#6290,#6292,#6294,#6295));
#6297=FACE_OUTER_BOUND('',#6296,.F.);
#6299=CARTESIAN_POINT('',(0.E0,0.E0,-4.E0));
#6300=DIRECTION('',(0.E0,0.E0,1.E0));
#6301=DIRECTION('',(1.E0,0.E0,0.E0));
#6302=AXIS2_PLACEMENT_3D('',#6299,#6300,#6301);
#6303=PLANE('',#6302);
#6305=ORIENTED_EDGE('',*,*,#6304,.F.);
#6307=ORIENTED_EDGE('',*,*,#6306,.T.);
#6309=ORIENTED_EDGE('',*,*,#6308,.T.);
#6311=ORIENTED_EDGE('',*,*,#6310,.F.);
#6312=EDGE_LOOP('',(#6305,#6307,#6309,#6311));
#6313=FACE_OUTER_BOUND('',#6312,.F.);
#6315=CARTESIAN_POINT('',(0.E0,0.E0,-4.E0));
#6316=DIRECTION('',(0.E0,0.E0,1.E0));
#6317=DIRECTION('',(1.E0,0.E0,0.E0));
#6318=AXIS2_PLACEMENT_3D('',#6315,#6316,#6317);
#6319=PLANE('',#6318);
#6321=ORIENTED_EDGE('',*,*,#6320,.T.);
#6323=ORIENTED_EDGE('',*,*,#6322,.F.);
#6325=ORIENTED_EDGE('',*,*,#6324,.T.);
#6327=ORIENTED_EDGE('',*,*,#6326,.T.);
#6328=EDGE_LOOP('',(#6321,#6323,#6325,#6327));
#6329=FACE_OUTER_BOUND('',#6328,.F.);
#6331=CARTESIAN_POINT('',(-2.175E0,7.8E-1,-4.E0));
#6332=DIRECTION('',(6.443747864138E-1,7.647098368886E-1,0.E0));
#6333=DIRECTION('',(7.647098368886E-1,-6.443747864138E-1,0.E0));
#6334=AXIS2_PLACEMENT_3D('',#6331,#6332,#6333);
#6335=PLANE('',#6334);
#6337=ORIENTED_EDGE('',*,*,#6336,.T.);
#6339=ORIENTED_EDGE('',*,*,#6338,.T.);
#6341=ORIENTED_EDGE('',*,*,#6340,.F.);
#6343=ORIENTED_EDGE('',*,*,#6342,.T.);
#6345=ORIENTED_EDGE('',*,*,#6344,.F.);
#6346=ORIENTED_EDGE('',*,*,#6254,.F.);
#6347=EDGE_LOOP('',(#6337,#6339,#6341,#6343,#6345,#6346));
#6348=FACE_OUTER_BOUND('',#6347,.F.);
#6350=CARTESIAN_POINT('',(-2.594539656665E0,7.8E-1,0.E0));
#6351=DIRECTION('',(0.E0,-1.E0,0.E0));
#6352=DIRECTION('',(1.E0,0.E0,0.E0));
#6353=AXIS2_PLACEMENT_3D('',#6350,#6351,#6352);
#6354=PLANE('',#6353);
#6356=ORIENTED_EDGE('',*,*,#6355,.T.);
#6357=ORIENTED_EDGE('',*,*,#6336,.F.);
#6358=ORIENTED_EDGE('',*,*,#6269,.T.);
#6360=ORIENTED_EDGE('',*,*,#6359,.F.);
#6362=ORIENTED_EDGE('',*,*,#6361,.T.);
#6364=ORIENTED_EDGE('',*,*,#6363,.F.);
#6366=ORIENTED_EDGE('',*,*,#6365,.T.);
#6368=ORIENTED_EDGE('',*,*,#6367,.T.);
#6370=ORIENTED_EDGE('',*,*,#6369,.T.);
#6372=ORIENTED_EDGE('',*,*,#6371,.T.);
#6373=ORIENTED_EDGE('',*,*,#6285,.T.);
#6375=ORIENTED_EDGE('',*,*,#6374,.F.);
#6377=ORIENTED_EDGE('',*,*,#6376,.T.);
#6379=ORIENTED_EDGE('',*,*,#6378,.F.);
#6381=ORIENTED_EDGE('',*,*,#6380,.F.);
#6383=ORIENTED_EDGE('',*,*,#6382,.F.);
#6384=EDGE_LOOP('',(#6356,#6357,#6358,#6360,#6362,#6364,#6366,#6368,#6370,#6372,
#6373,#6375,#6377,#6379,#6381,#6383));
#6385=FACE_OUTER_BOUND('',#6384,.F.);
#6387=CARTESIAN_POINT('',(-2.594539656665E0,7.8E-1,0.E0));
#6388=DIRECTION('',(0.E0,-1.E0,0.E0));
#6389=DIRECTION('',(1.E0,0.E0,0.E0));
#6390=AXIS2_PLACEMENT_3D('',#6387,#6388,#6389);
#6391=PLANE('',#6390);
#6393=ORIENTED_EDGE('',*,*,#6392,.T.);
#6395=ORIENTED_EDGE('',*,*,#6394,.T.);
#6397=ORIENTED_EDGE('',*,*,#6396,.F.);
#6399=ORIENTED_EDGE('',*,*,#6398,.T.);
#6401=ORIENTED_EDGE('',*,*,#6400,.F.);
#6403=ORIENTED_EDGE('',*,*,#6402,.F.);
#6404=ORIENTED_EDGE('',*,*,#6191,.F.);
#6406=ORIENTED_EDGE('',*,*,#6405,.T.);
#6407=EDGE_LOOP('',(#6393,#6395,#6397,#6399,#6401,#6403,#6404,#6406));
#6408=FACE_OUTER_BOUND('',#6407,.F.);
#6410=CARTESIAN_POINT('',(0.E0,0.E0,-4.52E0));
#6411=DIRECTION('',(0.E0,0.E0,-1.E0));
#6412=DIRECTION('',(-1.E0,0.E0,0.E0));
#6413=AXIS2_PLACEMENT_3D('',#6410,#6411,#6412);
#6414=PLANE('',#6413);
#6416=ORIENTED_EDGE('',*,*,#6415,.F.);
#6418=ORIENTED_EDGE('',*,*,#6417,.F.);
#6420=ORIENTED_EDGE('',*,*,#6419,.F.);
#6422=ORIENTED_EDGE('',*,*,#6421,.F.);
#6424=ORIENTED_EDGE('',*,*,#6423,.F.);
#6426=ORIENTED_EDGE('',*,*,#6425,.F.);
#6427=ORIENTED_EDGE('',*,*,#6376,.F.);
#6429=ORIENTED_EDGE('',*,*,#6428,.F.);
#6431=ORIENTED_EDGE('',*,*,#6430,.F.);
#6433=ORIENTED_EDGE('',*,*,#6432,.F.);
#6434=EDGE_LOOP('',(#6416,#6418,#6420,#6422,#6424,#6426,#6427,#6429,#6431,
#6433));
#6435=FACE_OUTER_BOUND('',#6434,.F.);
#6437=CARTESIAN_POINT('',(0.E0,0.E0,-4.52E0));
#6438=DIRECTION('',(0.E0,0.E0,-1.E0));
#6439=DIRECTION('',(-1.E0,0.E0,0.E0));
#6440=AXIS2_PLACEMENT_3D('',#6437,#6438,#6439);
#6441=PLANE('',#6440);
#6443=ORIENTED_EDGE('',*,*,#6442,.T.);
#6445=ORIENTED_EDGE('',*,*,#6444,.F.);
#6447=ORIENTED_EDGE('',*,*,#6446,.F.);
#6448=ORIENTED_EDGE('',*,*,#6338,.F.);
#6449=ORIENTED_EDGE('',*,*,#6355,.F.);
#6451=ORIENTED_EDGE('',*,*,#6450,.F.);
#6453=ORIENTED_EDGE('',*,*,#6452,.F.);
#6455=ORIENTED_EDGE('',*,*,#6454,.F.);
#6457=ORIENTED_EDGE('',*,*,#6456,.F.);
#6459=ORIENTED_EDGE('',*,*,#6458,.F.);
#6460=EDGE_LOOP('',(#6443,#6445,#6447,#6448,#6449,#6451,#6453,#6455,#6457,
#6459));
#6461=FACE_OUTER_BOUND('',#6460,.F.);
#6463=CARTESIAN_POINT('',(2.880861243868E0,-8.6E-1,-4.42E0));
#6464=DIRECTION('',(-2.907021935983E-1,0.E0,-9.568135840576E-1));
#6465=DIRECTION('',(9.568135840576E-1,0.E0,-2.907021935983E-1));
#6466=AXIS2_PLACEMENT_3D('',#6463,#6464,#6465);
#6467=PLANE('',#6466);
#6469=ORIENTED_EDGE('',*,*,#6468,.F.);
#6471=ORIENTED_EDGE('',*,*,#6470,.T.);
#6472=ORIENTED_EDGE('',*,*,#6415,.T.);
#6474=ORIENTED_EDGE('',*,*,#6473,.F.);
#6475=EDGE_LOOP('',(#6469,#6471,#6472,#6474));
#6476=FACE_OUTER_BOUND('',#6475,.F.);
#6478=CARTESIAN_POINT('',(0.E0,0.E0,-4.42E0));
#6479=DIRECTION('',(0.E0,0.E0,-1.E0));
#6480=DIRECTION('',(-1.E0,0.E0,0.E0));
#6481=AXIS2_PLACEMENT_3D('',#6478,#6479,#6480);
#6482=PLANE('',#6481);
#6484=ORIENTED_EDGE('',*,*,#6483,.F.);
#6486=ORIENTED_EDGE('',*,*,#6485,.F.);
#6488=ORIENTED_EDGE('',*,*,#6487,.T.);
#6490=ORIENTED_EDGE('',*,*,#6489,.T.);
#6492=ORIENTED_EDGE('',*,*,#6491,.F.);
#6494=ORIENTED_EDGE('',*,*,#6493,.F.);
#6496=ORIENTED_EDGE('',*,*,#6495,.T.);
#6498=ORIENTED_EDGE('',*,*,#6497,.T.);
#6500=ORIENTED_EDGE('',*,*,#6499,.F.);
#6502=ORIENTED_EDGE('',*,*,#6501,.F.);
#6504=ORIENTED_EDGE('',*,*,#6503,.T.);
#6506=ORIENTED_EDGE('',*,*,#6505,.T.);
#6508=ORIENTED_EDGE('',*,*,#6507,.F.);
#6510=ORIENTED_EDGE('',*,*,#6509,.F.);
#6512=ORIENTED_EDGE('',*,*,#6511,.T.);
#6514=ORIENTED_EDGE('',*,*,#6513,.T.);
#6516=ORIENTED_EDGE('',*,*,#6515,.F.);
#6518=ORIENTED_EDGE('',*,*,#6517,.F.);
#6520=ORIENTED_EDGE('',*,*,#6519,.T.);
#6522=ORIENTED_EDGE('',*,*,#6521,.T.);
#6524=ORIENTED_EDGE('',*,*,#6523,.F.);
#6526=ORIENTED_EDGE('',*,*,#6525,.F.);
#6528=ORIENTED_EDGE('',*,*,#6527,.F.);
#6529=ORIENTED_EDGE('',*,*,#6468,.T.);
#6531=ORIENTED_EDGE('',*,*,#6530,.T.);
#6533=ORIENTED_EDGE('',*,*,#6532,.T.);
#6535=ORIENTED_EDGE('',*,*,#6534,.F.);
#6537=ORIENTED_EDGE('',*,*,#6536,.F.);
#6539=ORIENTED_EDGE('',*,*,#6538,.F.);
#6540=ORIENTED_EDGE('',*,*,#6234,.F.);
#6541=ORIENTED_EDGE('',*,*,#6398,.F.);
#6543=ORIENTED_EDGE('',*,*,#6542,.T.);
#6545=ORIENTED_EDGE('',*,*,#6544,.F.);
#6547=ORIENTED_EDGE('',*,*,#6546,.F.);
#6548=ORIENTED_EDGE('',*,*,#6405,.F.);
#6549=ORIENTED_EDGE('',*,*,#6215,.F.);
#6551=ORIENTED_EDGE('',*,*,#6550,.F.);
#6553=ORIENTED_EDGE('',*,*,#6552,.F.);
#6554=ORIENTED_EDGE('',*,*,#6342,.F.);
#6556=ORIENTED_EDGE('',*,*,#6555,.T.);
#6558=ORIENTED_EDGE('',*,*,#6557,.T.);
#6560=ORIENTED_EDGE('',*,*,#6559,.F.);
#6562=ORIENTED_EDGE('',*,*,#6561,.F.);
#6564=ORIENTED_EDGE('',*,*,#6563,.F.);
#6565=EDGE_LOOP('',(#6484,#6486,#6488,#6490,#6492,#6494,#6496,#6498,#6500,#6502,
#6504,#6506,#6508,#6510,#6512,#6514,#6516,#6518,#6520,#6522,#6524,#6526,#6528,
#6529,#6531,#6533,#6535,#6537,#6539,#6540,#6541,#6543,#6545,#6547,#6548,#6549,
#6551,#6553,#6554,#6556,#6558,#6560,#6562,#6564));
#6566=FACE_OUTER_BOUND('',#6565,.F.);
#6568=CARTESIAN_POINT('',(-3.21E0,-1.06E0,-3.5E0));
#6569=DIRECTION('',(0.E0,-1.E0,0.E0));
#6570=DIRECTION('',(1.E0,0.E0,0.E0));
#6571=AXIS2_PLACEMENT_3D('',#6568,#6569,#6570);
#6572=PLANE('',#6571);
#6574=ORIENTED_EDGE('',*,*,#6573,.F.);
#6575=ORIENTED_EDGE('',*,*,#6483,.T.);
#6577=ORIENTED_EDGE('',*,*,#6576,.F.);
#6578=ORIENTED_EDGE('',*,*,#6326,.F.);
#6580=ORIENTED_EDGE('',*,*,#6579,.F.);
#6582=ORIENTED_EDGE('',*,*,#6581,.T.);
#6584=ORIENTED_EDGE('',*,*,#6583,.T.);
#6586=ORIENTED_EDGE('',*,*,#6585,.T.);
#6588=ORIENTED_EDGE('',*,*,#6587,.F.);
#6590=ORIENTED_EDGE('',*,*,#6589,.T.);
#6592=ORIENTED_EDGE('',*,*,#6591,.T.);
#6593=ORIENTED_EDGE('',*,*,#6306,.F.);
#6595=ORIENTED_EDGE('',*,*,#6594,.T.);
#6596=ORIENTED_EDGE('',*,*,#6523,.T.);
#6598=ORIENTED_EDGE('',*,*,#6597,.T.);
#6600=ORIENTED_EDGE('',*,*,#6599,.F.);
#6602=ORIENTED_EDGE('',*,*,#6601,.F.);
#6603=ORIENTED_EDGE('',*,*,#6515,.T.);
#6605=ORIENTED_EDGE('',*,*,#6604,.T.);
#6607=ORIENTED_EDGE('',*,*,#6606,.F.);
#6609=ORIENTED_EDGE('',*,*,#6608,.F.);
#6610=ORIENTED_EDGE('',*,*,#6507,.T.);
#6612=ORIENTED_EDGE('',*,*,#6611,.T.);
#6614=ORIENTED_EDGE('',*,*,#6613,.F.);
#6616=ORIENTED_EDGE('',*,*,#6615,.F.);
#6617=ORIENTED_EDGE('',*,*,#6499,.T.);
#6619=ORIENTED_EDGE('',*,*,#6618,.T.);
#6621=ORIENTED_EDGE('',*,*,#6620,.F.);
#6623=ORIENTED_EDGE('',*,*,#6622,.F.);
#6624=ORIENTED_EDGE('',*,*,#6491,.T.);
#6626=ORIENTED_EDGE('',*,*,#6625,.T.);
#6628=ORIENTED_EDGE('',*,*,#6627,.F.);
#6629=EDGE_LOOP('',(#6574,#6575,#6577,#6578,#6580,#6582,#6584,#6586,#6588,#6590,
#6592,#6593,#6595,#6596,#6598,#6600,#6602,#6603,#6605,#6607,#6609,#6610,#6612,
#6614,#6616,#6617,#6619,#6621,#6623,#6624,#6626,#6628));
#6630=FACE_OUTER_BOUND('',#6629,.F.);
#6632=CARTESIAN_POINT('',(-1.425E0,0.E0,0.E0));
#6633=DIRECTION('',(1.E0,0.E0,0.E0));
#6634=DIRECTION('',(0.E0,0.E0,-1.E0));
#6635=AXIS2_PLACEMENT_3D('',#6632,#6633,#6634);
#6636=PLANE('',#6635);
#6637=ORIENTED_EDGE('',*,*,#6485,.T.);
#6638=ORIENTED_EDGE('',*,*,#6573,.T.);
#6640=ORIENTED_EDGE('',*,*,#6639,.T.);
#6642=ORIENTED_EDGE('',*,*,#6641,.T.);
#6644=ORIENTED_EDGE('',*,*,#6643,.T.);
#6646=ORIENTED_EDGE('',*,*,#6645,.T.);
#6648=ORIENTED_EDGE('',*,*,#6647,.T.);
#6650=ORIENTED_EDGE('',*,*,#6649,.T.);
#6651=EDGE_LOOP('',(#6637,#6638,#6640,#6642,#6644,#6646,#6648,#6650));
#6652=FACE_OUTER_BOUND('',#6651,.F.);
#6654=CARTESIAN_POINT('',(-1.425E0,-2.9E-1,-4.27E0));
#6655=DIRECTION('',(0.E0,0.E0,1.E0));
#6656=DIRECTION('',(0.E0,-1.E0,0.E0));
#6657=AXIS2_PLACEMENT_3D('',#6654,#6655,#6656);
#6658=PLANE('',#6657);
#6659=ORIENTED_EDGE('',*,*,#6639,.F.);
#6660=ORIENTED_EDGE('',*,*,#6627,.T.);
#6662=ORIENTED_EDGE('',*,*,#6661,.T.);
#6664=ORIENTED_EDGE('',*,*,#6663,.F.);
#6665=EDGE_LOOP('',(#6659,#6660,#6662,#6664));
#6666=FACE_OUTER_BOUND('',#6665,.F.);
#6668=CARTESIAN_POINT('',(-1.175E0,0.E0,0.E0));
#6669=DIRECTION('',(1.E0,0.E0,0.E0));
#6670=DIRECTION('',(0.E0,0.E0,-1.E0));
#6671=AXIS2_PLACEMENT_3D('',#6668,#6669,#6670);
#6672=PLANE('',#6671);
#6673=ORIENTED_EDGE('',*,*,#6489,.F.);
#6675=ORIENTED_EDGE('',*,*,#6674,.F.);
#6677=ORIENTED_EDGE('',*,*,#6676,.F.);
#6679=ORIENTED_EDGE('',*,*,#6678,.F.);
#6681=ORIENTED_EDGE('',*,*,#6680,.F.);
#6683=ORIENTED_EDGE('',*,*,#6682,.F.);
#6684=ORIENTED_EDGE('',*,*,#6661,.F.);
#6685=ORIENTED_EDGE('',*,*,#6625,.F.);
#6686=EDGE_LOOP('',(#6673,#6675,#6677,#6679,#6681,#6683,#6684,#6685));
#6687=FACE_OUTER_BOUND('',#6686,.F.);
#6689=CARTESIAN_POINT('',(-1.425E0,-1.15E0,-4.52E0));
#6690=DIRECTION('',(1.E0,0.E0,0.E0));
#6691=DIRECTION('',(0.E0,0.E0,-1.E0));
#6692=AXIS2_PLACEMENT_3D('',#6689,#6690,#6691);
#6693=CYLINDRICAL_SURFACE('',#6692,1.E-1);
#6694=ORIENTED_EDGE('',*,*,#6649,.F.);
#6696=ORIENTED_EDGE('',*,*,#6695,.T.);
#6697=ORIENTED_EDGE('',*,*,#6674,.T.);
#6698=ORIENTED_EDGE('',*,*,#6487,.F.);
#6699=EDGE_LOOP('',(#6694,#6696,#6697,#6698));
#6700=FACE_OUTER_BOUND('',#6699,.F.);
#6702=CARTESIAN_POINT('',(-1.425E0,-1.25E0,-5.15E0));
#6703=DIRECTION('',(0.E0,1.E0,0.E0));
#6704=DIRECTION('',(0.E0,0.E0,1.E0));
#6705=AXIS2_PLACEMENT_3D('',#6702,#6703,#6704);
#6706=PLANE('',#6705);
#6707=ORIENTED_EDGE('',*,*,#6647,.F.);
#6709=ORIENTED_EDGE('',*,*,#6708,.T.);
#6710=ORIENTED_EDGE('',*,*,#6676,.T.);
#6711=ORIENTED_EDGE('',*,*,#6695,.F.);
#6712=EDGE_LOOP('',(#6707,#6709,#6710,#6711));
#6713=FACE_OUTER_BOUND('',#6712,.F.);
#6715=CARTESIAN_POINT('',(-1.425E0,-1.4E0,-5.15E0));
#6716=DIRECTION('',(0.E0,0.E0,-1.E0));
#6717=DIRECTION('',(0.E0,1.E0,0.E0));
#6718=AXIS2_PLACEMENT_3D('',#6715,#6716,#6717);
#6719=PLANE('',#6718);
#6720=ORIENTED_EDGE('',*,*,#6645,.F.);
#6722=ORIENTED_EDGE('',*,*,#6721,.T.);
#6723=ORIENTED_EDGE('',*,*,#6678,.T.);
#6724=ORIENTED_EDGE('',*,*,#6708,.F.);
#6725=EDGE_LOOP('',(#6720,#6722,#6723,#6724));
#6726=FACE_OUTER_BOUND('',#6725,.F.);
#6728=CARTESIAN_POINT('',(-1.425E0,-1.4E0,-4.52E0));
#6729=DIRECTION('',(0.E0,-1.E0,0.E0));
#6730=DIRECTION('',(0.E0,0.E0,-1.E0));
#6731=AXIS2_PLACEMENT_3D('',#6728,#6729,#6730);
#6732=PLANE('',#6731);
#6733=ORIENTED_EDGE('',*,*,#6643,.F.);
#6735=ORIENTED_EDGE('',*,*,#6734,.T.);
#6736=ORIENTED_EDGE('',*,*,#6680,.T.);
#6737=ORIENTED_EDGE('',*,*,#6721,.F.);
#6738=EDGE_LOOP('',(#6733,#6735,#6736,#6737));
#6739=FACE_OUTER_BOUND('',#6738,.F.);
#6741=CARTESIAN_POINT('',(-1.425E0,-1.15E0,-4.52E0));
#6742=DIRECTION('',(1.E0,0.E0,0.E0));
#6743=DIRECTION('',(0.E0,0.E0,-1.E0));
#6744=AXIS2_PLACEMENT_3D('',#6741,#6742,#6743);
#6745=CYLINDRICAL_SURFACE('',#6744,2.5E-1);
#6746=ORIENTED_EDGE('',*,*,#6641,.F.);
#6747=ORIENTED_EDGE('',*,*,#6663,.T.);
#6748=ORIENTED_EDGE('',*,*,#6682,.T.);
#6749=ORIENTED_EDGE('',*,*,#6734,.F.);
#6750=EDGE_LOOP('',(#6746,#6747,#6748,#6749));
#6751=FACE_OUTER_BOUND('',#6750,.F.);
#6753=CARTESIAN_POINT('',(-1.805E0,-1.06E0,-4.E0));
#6754=DIRECTION('',(-1.E0,0.E0,0.E0));
#6755=DIRECTION('',(0.E0,1.E0,0.E0));
#6756=AXIS2_PLACEMENT_3D('',#6753,#6754,#6755);
#6757=PLANE('',#6756);
#6758=ORIENTED_EDGE('',*,*,#6320,.F.);
#6759=ORIENTED_EDGE('',*,*,#6576,.T.);
#6760=ORIENTED_EDGE('',*,*,#6563,.T.);
#6762=ORIENTED_EDGE('',*,*,#6761,.F.);
#6763=EDGE_LOOP('',(#6758,#6759,#6760,#6762));
#6764=FACE_OUTER_BOUND('',#6763,.F.);
#6766=CARTESIAN_POINT('',(3.41E0,-8.6E-1,-4.E0));
#6767=DIRECTION('',(0.E0,-1.E0,0.E0));
#6768=DIRECTION('',(-1.E0,0.E0,0.E0));
#6769=AXIS2_PLACEMENT_3D('',#6766,#6767,#6768);
#6770=PLANE('',#6769);
#6772=ORIENTED_EDGE('',*,*,#6771,.F.);
#6773=ORIENTED_EDGE('',*,*,#6310,.T.);
#6775=ORIENTED_EDGE('',*,*,#6774,.T.);
#6776=ORIENTED_EDGE('',*,*,#6417,.T.);
#6777=ORIENTED_EDGE('',*,*,#6470,.F.);
#6778=ORIENTED_EDGE('',*,*,#6527,.T.);
#6779=EDGE_LOOP('',(#6772,#6773,#6775,#6776,#6777,#6778));
#6780=FACE_OUTER_BOUND('',#6779,.F.);
#6782=CARTESIAN_POINT('',(3.41E0,-8.6E-1,-4.E0));
#6783=DIRECTION('',(0.E0,-1.E0,0.E0));
#6784=DIRECTION('',(-1.E0,0.E0,0.E0));
#6785=AXIS2_PLACEMENT_3D('',#6782,#6783,#6784);
#6786=PLANE('',#6785);
#6787=ORIENTED_EDGE('',*,*,#6761,.T.);
#6788=ORIENTED_EDGE('',*,*,#6561,.T.);
#6790=ORIENTED_EDGE('',*,*,#6789,.F.);
#6791=ORIENTED_EDGE('',*,*,#6458,.T.);
#6793=ORIENTED_EDGE('',*,*,#6792,.F.);
#6794=ORIENTED_EDGE('',*,*,#6322,.T.);
#6795=EDGE_LOOP('',(#6787,#6788,#6790,#6791,#6793,#6794));
#6796=FACE_OUTER_BOUND('',#6795,.F.);
#6798=CARTESIAN_POINT('',(1.805E0,-8.6E-1,-4.E0));
#6799=DIRECTION('',(1.E0,0.E0,0.E0));
#6800=DIRECTION('',(0.E0,-1.E0,0.E0));
#6801=AXIS2_PLACEMENT_3D('',#6798,#6799,#6800);
#6802=PLANE('',#6801);
#6803=ORIENTED_EDGE('',*,*,#6304,.T.);
#6804=ORIENTED_EDGE('',*,*,#6771,.T.);
#6805=ORIENTED_EDGE('',*,*,#6525,.T.);
#6806=ORIENTED_EDGE('',*,*,#6594,.F.);
#6807=EDGE_LOOP('',(#6803,#6804,#6805,#6806));
#6808=FACE_OUTER_BOUND('',#6807,.F.);
#6810=CARTESIAN_POINT('',(3.41E0,-8.6E-1,-3.5E0));
#6811=DIRECTION('',(1.E0,0.E0,0.E0));
#6812=DIRECTION('',(0.E0,1.E0,0.E0));
#6813=AXIS2_PLACEMENT_3D('',#6810,#6811,#6812);
#6814=PLANE('',#6813);
#6816=ORIENTED_EDGE('',*,*,#6815,.T.);
#6817=ORIENTED_EDGE('',*,*,#6419,.T.);
#6818=ORIENTED_EDGE('',*,*,#6774,.F.);
#6820=ORIENTED_EDGE('',*,*,#6819,.F.);
#6822=ORIENTED_EDGE('',*,*,#6821,.T.);
#6823=EDGE_LOOP('',(#6816,#6817,#6818,#6820,#6822));
#6824=FACE_OUTER_BOUND('',#6823,.F.);
#6826=CARTESIAN_POINT('',(3.21E0,-1.362931900660E-1,-3.5E0));
#6827=DIRECTION('',(0.E0,0.E0,1.E0));
#6828=DIRECTION('',(1.E0,0.E0,0.E0));
#6829=AXIS2_PLACEMENT_3D('',#6826,#6827,#6828);
#6830=CYLINDRICAL_SURFACE('',#6829,2.E-1);
#6832=ORIENTED_EDGE('',*,*,#6831,.T.);
#6833=ORIENTED_EDGE('',*,*,#6421,.T.);
#6834=ORIENTED_EDGE('',*,*,#6815,.F.);
#6836=ORIENTED_EDGE('',*,*,#6835,.T.);
#6837=EDGE_LOOP('',(#6832,#6833,#6834,#6836));
#6838=FACE_OUTER_BOUND('',#6837,.F.);
#6840=CARTESIAN_POINT('',(3.359187532325E0,-3.090036204205E-3,-3.5E0));
#6841=DIRECTION('',(7.459376616259E-1,6.660157693089E-1,0.E0));
#6842=DIRECTION('',(-6.660157693089E-1,7.459376616259E-1,0.E0));
#6843=AXIS2_PLACEMENT_3D('',#6840,#6841,#6842);
#6844=PLANE('',#6843);
#6846=ORIENTED_EDGE('',*,*,#6845,.F.);
#6847=ORIENTED_EDGE('',*,*,#6423,.T.);
#6848=ORIENTED_EDGE('',*,*,#6831,.F.);
#6850=ORIENTED_EDGE('',*,*,#6849,.T.);
#6851=EDGE_LOOP('',(#6846,#6847,#6848,#6850));
#6852=FACE_OUTER_BOUND('',#6851,.F.);
#6854=CARTESIAN_POINT('',(2.570452508870E0,5.8E-1,-3.5E0));
#6855=DIRECTION('',(0.E0,0.E0,1.E0));
#6856=DIRECTION('',(1.E0,0.E0,0.E0));
#6857=AXIS2_PLACEMENT_3D('',#6854,#6855,#6856);
#6858=CYLINDRICAL_SURFACE('',#6857,2.E-1);
#6859=ORIENTED_EDGE('',*,*,#6378,.T.);
#6860=ORIENTED_EDGE('',*,*,#6425,.T.);
#6861=ORIENTED_EDGE('',*,*,#6845,.T.);
#6863=ORIENTED_EDGE('',*,*,#6862,.T.);
#6864=EDGE_LOOP('',(#6859,#6860,#6861,#6863));
#6865=FACE_OUTER_BOUND('',#6864,.F.);
#6867=CARTESIAN_POINT('',(0.E0,0.E0,-3.5E0));
#6868=DIRECTION('',(0.E0,0.E0,1.E0));
#6869=DIRECTION('',(1.E0,0.E0,0.E0));
#6870=AXIS2_PLACEMENT_3D('',#6867,#6868,#6869);
#6871=PLANE('',#6870);
#6872=ORIENTED_EDGE('',*,*,#6589,.F.);
#6874=ORIENTED_EDGE('',*,*,#6873,.F.);
#6876=ORIENTED_EDGE('',*,*,#6875,.F.);
#6878=ORIENTED_EDGE('',*,*,#6877,.F.);
#6879=ORIENTED_EDGE('',*,*,#6581,.F.);
#6881=ORIENTED_EDGE('',*,*,#6880,.F.);
#6883=ORIENTED_EDGE('',*,*,#6882,.F.);
#6885=ORIENTED_EDGE('',*,*,#6884,.F.);
#6887=ORIENTED_EDGE('',*,*,#6886,.F.);
#6889=ORIENTED_EDGE('',*,*,#6888,.F.);
#6890=ORIENTED_EDGE('',*,*,#6380,.T.);
#6891=ORIENTED_EDGE('',*,*,#6862,.F.);
#6892=ORIENTED_EDGE('',*,*,#6849,.F.);
#6893=ORIENTED_EDGE('',*,*,#6835,.F.);
#6894=ORIENTED_EDGE('',*,*,#6821,.F.);
#6896=ORIENTED_EDGE('',*,*,#6895,.F.);
#6897=EDGE_LOOP('',(#6872,#6874,#6876,#6878,#6879,#6881,#6883,#6885,#6887,#6889,
#6890,#6891,#6892,#6893,#6894,#6896));
#6898=FACE_OUTER_BOUND('',#6897,.F.);
#6900=ORIENTED_EDGE('',*,*,#6899,.F.);
#6902=ORIENTED_EDGE('',*,*,#6901,.T.);
#6904=ORIENTED_EDGE('',*,*,#6903,.F.);
#6906=ORIENTED_EDGE('',*,*,#6905,.T.);
#6908=ORIENTED_EDGE('',*,*,#6907,.F.);
#6910=ORIENTED_EDGE('',*,*,#6909,.F.);
#6912=ORIENTED_EDGE('',*,*,#6911,.F.);
#6914=ORIENTED_EDGE('',*,*,#6913,.F.);
#6916=ORIENTED_EDGE('',*,*,#6915,.F.);
#6918=ORIENTED_EDGE('',*,*,#6917,.F.);
#6920=ORIENTED_EDGE('',*,*,#6919,.T.);
#6922=ORIENTED_EDGE('',*,*,#6921,.F.);
#6924=ORIENTED_EDGE('',*,*,#6923,.F.);
#6926=ORIENTED_EDGE('',*,*,#6925,.F.);
#6928=ORIENTED_EDGE('',*,*,#6927,.T.);
#6930=ORIENTED_EDGE('',*,*,#6929,.F.);
#6932=ORIENTED_EDGE('',*,*,#6931,.F.);
#6934=ORIENTED_EDGE('',*,*,#6933,.F.);
#6936=ORIENTED_EDGE('',*,*,#6935,.T.);
#6938=ORIENTED_EDGE('',*,*,#6937,.F.);
#6940=ORIENTED_EDGE('',*,*,#6939,.F.);
#6942=ORIENTED_EDGE('',*,*,#6941,.F.);
#6944=ORIENTED_EDGE('',*,*,#6943,.T.);
#6946=ORIENTED_EDGE('',*,*,#6945,.F.);
#6948=ORIENTED_EDGE('',*,*,#6947,.F.);
#6950=ORIENTED_EDGE('',*,*,#6949,.F.);
#6952=ORIENTED_EDGE('',*,*,#6951,.T.);
#6954=ORIENTED_EDGE('',*,*,#6953,.F.);
#6955=EDGE_LOOP('',(#6900,#6902,#6904,#6906,#6908,#6910,#6912,#6914,#6916,#6918,
#6920,#6922,#6924,#6926,#6928,#6930,#6932,#6934,#6936,#6938,#6940,#6942,#6944,
#6946,#6948,#6950,#6952,#6954));
#6956=FACE_BOUND('',#6955,.F.);
#6958=CARTESIAN_POINT('',(1.74E0,-1.305E0,-3.5E0));
#6959=DIRECTION('',(1.E0,0.E0,0.E0));
#6960=DIRECTION('',(0.E0,1.E0,0.E0));
#6961=AXIS2_PLACEMENT_3D('',#6958,#6959,#6960);
#6962=PLANE('',#6961);
#6964=ORIENTED_EDGE('',*,*,#6963,.F.);
#6965=ORIENTED_EDGE('',*,*,#6873,.T.);
#6966=ORIENTED_EDGE('',*,*,#6587,.T.);
#6968=ORIENTED_EDGE('',*,*,#6967,.F.);
#6970=ORIENTED_EDGE('',*,*,#6969,.F.);
#6971=EDGE_LOOP('',(#6964,#6965,#6966,#6968,#6970));
#6972=FACE_OUTER_BOUND('',#6971,.F.);
#6974=CARTESIAN_POINT('',(1.79E0,-1.4E0,-3.5E0));
#6975=DIRECTION('',(0.E0,0.E0,1.E0));
#6976=DIRECTION('',(-1.E0,0.E0,0.E0));
#6977=AXIS2_PLACEMENT_3D('',#6974,#6975,#6976);
#6978=PLANE('',#6977);
#6980=ORIENTED_EDGE('',*,*,#6979,.F.);
#6982=ORIENTED_EDGE('',*,*,#6981,.T.);
#6984=ORIENTED_EDGE('',*,*,#6983,.F.);
#6986=ORIENTED_EDGE('',*,*,#6985,.F.);
#6988=ORIENTED_EDGE('',*,*,#6987,.T.);
#6990=ORIENTED_EDGE('',*,*,#6989,.T.);
#6991=ORIENTED_EDGE('',*,*,#6963,.T.);
#6993=ORIENTED_EDGE('',*,*,#6992,.F.);
#6994=EDGE_LOOP('',(#6980,#6982,#6984,#6986,#6988,#6990,#6991,#6993));
#6995=FACE_OUTER_BOUND('',#6994,.F.);
#6997=CARTESIAN_POINT('',(-1.74E0,-1.06E0,-3.5E0));
#6998=DIRECTION('',(-1.E0,0.E0,0.E0));
#6999=DIRECTION('',(0.E0,-1.E0,0.E0));
#7000=AXIS2_PLACEMENT_3D('',#6997,#6998,#6999);
#7001=PLANE('',#7000);
#7002=ORIENTED_EDGE('',*,*,#6979,.T.);
#7004=ORIENTED_EDGE('',*,*,#7003,.T.);
#7006=ORIENTED_EDGE('',*,*,#7005,.F.);
#7007=ORIENTED_EDGE('',*,*,#6583,.F.);
#7008=ORIENTED_EDGE('',*,*,#6877,.T.);
#7009=EDGE_LOOP('',(#7002,#7004,#7006,#7007,#7008));
#7010=FACE_OUTER_BOUND('',#7009,.F.);
#7012=CARTESIAN_POINT('',(-1.74E0,-1.305E0,-3.5E0));
#7013=DIRECTION('',(0.E0,-1.E0,0.E0));
#7014=DIRECTION('',(1.E0,0.E0,0.E0));
#7015=AXIS2_PLACEMENT_3D('',#7012,#7013,#7014);
#7016=PLANE('',#7015);
#7017=ORIENTED_EDGE('',*,*,#6992,.T.);
#7018=ORIENTED_EDGE('',*,*,#6969,.T.);
#7020=ORIENTED_EDGE('',*,*,#7019,.F.);
#7021=ORIENTED_EDGE('',*,*,#7003,.F.);
#7022=EDGE_LOOP('',(#7017,#7018,#7020,#7021));
#7023=FACE_OUTER_BOUND('',#7022,.F.);
#7025=CARTESIAN_POINT('',(0.E0,0.E0,-3.9E0));
#7026=DIRECTION('',(0.E0,0.E0,1.E0));
#7027=DIRECTION('',(1.E0,0.E0,0.E0));
#7028=AXIS2_PLACEMENT_3D('',#7025,#7026,#7027);
#7029=PLANE('',#7028);
#7030=ORIENTED_EDGE('',*,*,#6585,.F.);
#7031=ORIENTED_EDGE('',*,*,#7005,.T.);
#7032=ORIENTED_EDGE('',*,*,#7019,.T.);
#7033=ORIENTED_EDGE('',*,*,#6967,.T.);
#7034=EDGE_LOOP('',(#7030,#7031,#7032,#7033));
#7035=FACE_OUTER_BOUND('',#7034,.F.);
#7037=CARTESIAN_POINT('',(3.21E0,-1.1E0,0.E0));
#7038=DIRECTION('',(0.E0,1.E0,0.E0));
#7039=DIRECTION('',(-1.E0,0.E0,0.E0));
#7040=AXIS2_PLACEMENT_3D('',#7037,#7038,#7039);
#7041=PLANE('',#7040);
#7042=ORIENTED_EDGE('',*,*,#6875,.T.);
#7043=ORIENTED_EDGE('',*,*,#6989,.F.);
#7045=ORIENTED_EDGE('',*,*,#7044,.F.);
#7047=ORIENTED_EDGE('',*,*,#7046,.F.);
#7049=ORIENTED_EDGE('',*,*,#7048,.F.);
#7051=ORIENTED_EDGE('',*,*,#7050,.T.);
#7053=ORIENTED_EDGE('',*,*,#7052,.F.);
#7055=ORIENTED_EDGE('',*,*,#7054,.F.);
#7057=ORIENTED_EDGE('',*,*,#7056,.F.);
#7059=ORIENTED_EDGE('',*,*,#7058,.F.);
#7061=ORIENTED_EDGE('',*,*,#7060,.F.);
#7063=ORIENTED_EDGE('',*,*,#7062,.F.);
#7065=ORIENTED_EDGE('',*,*,#7064,.F.);
#7067=ORIENTED_EDGE('',*,*,#7066,.F.);
#7069=ORIENTED_EDGE('',*,*,#7068,.F.);
#7071=ORIENTED_EDGE('',*,*,#7070,.F.);
#7073=ORIENTED_EDGE('',*,*,#7072,.F.);
#7075=ORIENTED_EDGE('',*,*,#7074,.F.);
#7077=ORIENTED_EDGE('',*,*,#7076,.F.);
#7079=ORIENTED_EDGE('',*,*,#7078,.F.);
#7081=ORIENTED_EDGE('',*,*,#7080,.T.);
#7083=ORIENTED_EDGE('',*,*,#7082,.T.);
#7085=ORIENTED_EDGE('',*,*,#7084,.F.);
#7087=ORIENTED_EDGE('',*,*,#7086,.F.);
#7089=ORIENTED_EDGE('',*,*,#7088,.F.);
#7091=ORIENTED_EDGE('',*,*,#7090,.F.);
#7093=ORIENTED_EDGE('',*,*,#7092,.F.);
#7095=ORIENTED_EDGE('',*,*,#7094,.F.);
#7097=ORIENTED_EDGE('',*,*,#7096,.F.);
#7099=ORIENTED_EDGE('',*,*,#7098,.T.);
#7101=ORIENTED_EDGE('',*,*,#7100,.T.);
#7103=ORIENTED_EDGE('',*,*,#7102,.T.);
#7105=ORIENTED_EDGE('',*,*,#7104,.F.);
#7107=ORIENTED_EDGE('',*,*,#7106,.F.);
#7109=ORIENTED_EDGE('',*,*,#7108,.F.);
#7111=ORIENTED_EDGE('',*,*,#7110,.F.);
#7113=ORIENTED_EDGE('',*,*,#7112,.F.);
#7115=ORIENTED_EDGE('',*,*,#7114,.F.);
#7117=ORIENTED_EDGE('',*,*,#7116,.T.);
#7119=ORIENTED_EDGE('',*,*,#7118,.T.);
#7121=ORIENTED_EDGE('',*,*,#7120,.F.);
#7123=ORIENTED_EDGE('',*,*,#7122,.F.);
#7125=ORIENTED_EDGE('',*,*,#7124,.F.);
#7127=ORIENTED_EDGE('',*,*,#7126,.F.);
#7129=ORIENTED_EDGE('',*,*,#7128,.F.);
#7131=ORIENTED_EDGE('',*,*,#7130,.F.);
#7133=ORIENTED_EDGE('',*,*,#7132,.F.);
#7135=ORIENTED_EDGE('',*,*,#7134,.F.);
#7137=ORIENTED_EDGE('',*,*,#7136,.F.);
#7139=ORIENTED_EDGE('',*,*,#7138,.F.);
#7141=ORIENTED_EDGE('',*,*,#7140,.F.);
#7143=ORIENTED_EDGE('',*,*,#7142,.F.);
#7145=ORIENTED_EDGE('',*,*,#7144,.F.);
#7147=ORIENTED_EDGE('',*,*,#7146,.F.);
#7149=ORIENTED_EDGE('',*,*,#7148,.T.);
#7151=ORIENTED_EDGE('',*,*,#7150,.T.);
#7153=ORIENTED_EDGE('',*,*,#7152,.F.);
#7154=ORIENTED_EDGE('',*,*,#6981,.F.);
#7155=EDGE_LOOP('',(#7042,#7043,#7045,#7047,#7049,#7051,#7053,#7055,#7057,#7059,
#7061,#7063,#7065,#7067,#7069,#7071,#7073,#7075,#7077,#7079,#7081,#7083,#7085,
#7087,#7089,#7091,#7093,#7095,#7097,#7099,#7101,#7103,#7105,#7107,#7109,#7111,
#7113,#7115,#7117,#7119,#7121,#7123,#7125,#7127,#7129,#7131,#7133,#7135,#7137,
#7139,#7141,#7143,#7145,#7147,#7149,#7151,#7153,#7154));
#7156=FACE_OUTER_BOUND('',#7155,.F.);
#7158=CARTESIAN_POINT('',(1.79E0,-1.4E0,-3.9E0));
#7159=DIRECTION('',(1.E0,0.E0,0.E0));
#7160=DIRECTION('',(0.E0,0.E0,1.E0));
#7161=AXIS2_PLACEMENT_3D('',#7158,#7159,#7160);
#7162=PLANE('',#7161);
#7163=ORIENTED_EDGE('',*,*,#7044,.T.);
#7164=ORIENTED_EDGE('',*,*,#6987,.F.);
#7166=ORIENTED_EDGE('',*,*,#7165,.F.);
#7168=ORIENTED_EDGE('',*,*,#7167,.T.);
#7169=EDGE_LOOP('',(#7163,#7164,#7166,#7168));
#7170=FACE_OUTER_BOUND('',#7169,.F.);
#7172=CARTESIAN_POINT('',(-3.21E0,-1.4E0,0.E0));
#7173=DIRECTION('',(0.E0,-1.E0,0.E0));
#7174=DIRECTION('',(1.E0,0.E0,0.E0));
#7175=AXIS2_PLACEMENT_3D('',#7172,#7173,#7174);
#7176=PLANE('',#7175);
#7178=ORIENTED_EDGE('',*,*,#7177,.F.);
#7180=ORIENTED_EDGE('',*,*,#7179,.T.);
#7182=ORIENTED_EDGE('',*,*,#7181,.F.);
#7184=ORIENTED_EDGE('',*,*,#7183,.T.);
#7186=ORIENTED_EDGE('',*,*,#7185,.F.);
#7188=ORIENTED_EDGE('',*,*,#7187,.F.);
#7190=ORIENTED_EDGE('',*,*,#7189,.F.);
#7192=ORIENTED_EDGE('',*,*,#7191,.F.);
#7194=ORIENTED_EDGE('',*,*,#7193,.T.);
#7196=ORIENTED_EDGE('',*,*,#7195,.T.);
#7198=ORIENTED_EDGE('',*,*,#7197,.F.);
#7200=ORIENTED_EDGE('',*,*,#7199,.T.);
#7202=ORIENTED_EDGE('',*,*,#7201,.F.);
#7204=ORIENTED_EDGE('',*,*,#7203,.T.);
#7206=ORIENTED_EDGE('',*,*,#7205,.F.);
#7208=ORIENTED_EDGE('',*,*,#7207,.T.);
#7210=ORIENTED_EDGE('',*,*,#7209,.F.);
#7212=ORIENTED_EDGE('',*,*,#7211,.T.);
#7214=ORIENTED_EDGE('',*,*,#7213,.F.);
#7216=ORIENTED_EDGE('',*,*,#7215,.T.);
#7218=ORIENTED_EDGE('',*,*,#7217,.F.);
#7220=ORIENTED_EDGE('',*,*,#7219,.T.);
#7222=ORIENTED_EDGE('',*,*,#7221,.F.);
#7224=ORIENTED_EDGE('',*,*,#7223,.F.);
#7226=ORIENTED_EDGE('',*,*,#7225,.T.);
#7228=ORIENTED_EDGE('',*,*,#7227,.T.);
#7229=ORIENTED_EDGE('',*,*,#7165,.T.);
#7230=ORIENTED_EDGE('',*,*,#6985,.T.);
#7232=ORIENTED_EDGE('',*,*,#7231,.T.);
#7234=ORIENTED_EDGE('',*,*,#7233,.F.);
#7236=ORIENTED_EDGE('',*,*,#7235,.F.);
#7238=ORIENTED_EDGE('',*,*,#7237,.T.);
#7240=ORIENTED_EDGE('',*,*,#7239,.F.);
#7242=ORIENTED_EDGE('',*,*,#7241,.T.);
#7244=ORIENTED_EDGE('',*,*,#7243,.F.);
#7246=ORIENTED_EDGE('',*,*,#7245,.T.);
#7248=ORIENTED_EDGE('',*,*,#7247,.F.);
#7250=ORIENTED_EDGE('',*,*,#7249,.T.);
#7252=ORIENTED_EDGE('',*,*,#7251,.F.);
#7254=ORIENTED_EDGE('',*,*,#7253,.T.);
#7256=ORIENTED_EDGE('',*,*,#7255,.F.);
#7258=ORIENTED_EDGE('',*,*,#7257,.T.);
#7260=ORIENTED_EDGE('',*,*,#7259,.F.);
#7262=ORIENTED_EDGE('',*,*,#7261,.T.);
#7264=ORIENTED_EDGE('',*,*,#7263,.F.);
#7266=ORIENTED_EDGE('',*,*,#7265,.F.);
#7268=ORIENTED_EDGE('',*,*,#7267,.F.);
#7270=ORIENTED_EDGE('',*,*,#7269,.T.);
#7272=ORIENTED_EDGE('',*,*,#7271,.T.);
#7274=ORIENTED_EDGE('',*,*,#7273,.T.);
#7276=ORIENTED_EDGE('',*,*,#7275,.F.);
#7278=ORIENTED_EDGE('',*,*,#7277,.T.);
#7280=ORIENTED_EDGE('',*,*,#7279,.F.);
#7282=ORIENTED_EDGE('',*,*,#7281,.T.);
#7284=ORIENTED_EDGE('',*,*,#7283,.F.);
#7286=ORIENTED_EDGE('',*,*,#7285,.F.);
#7288=ORIENTED_EDGE('',*,*,#7287,.F.);
#7289=ORIENTED_EDGE('',*,*,#6093,.T.);
#7291=ORIENTED_EDGE('',*,*,#7290,.T.);
#7293=ORIENTED_EDGE('',*,*,#7292,.T.);
#7294=EDGE_LOOP('',(#7178,#7180,#7182,#7184,#7186,#7188,#7190,#7192,#7194,#7196,
#7198,#7200,#7202,#7204,#7206,#7208,#7210,#7212,#7214,#7216,#7218,#7220,#7222,
#7224,#7226,#7228,#7229,#7230,#7232,#7234,#7236,#7238,#7240,#7242,#7244,#7246,
#7248,#7250,#7252,#7254,#7256,#7258,#7260,#7262,#7264,#7266,#7268,#7270,#7272,
#7274,#7276,#7278,#7280,#7282,#7284,#7286,#7288,#7289,#7291,#7293));
#7295=FACE_OUTER_BOUND('',#7294,.F.);
#7297=CARTESIAN_POINT('',(3.075E0,5.355808E0,-1.3E0));
#7298=DIRECTION('',(0.E0,-1.E0,0.E0));
#7299=DIRECTION('',(-1.E0,0.E0,0.E0));
#7300=AXIS2_PLACEMENT_3D('',#7297,#7298,#7299);
#7301=CYLINDRICAL_SURFACE('',#7300,1.E-1);
#7302=ORIENTED_EDGE('',*,*,#7177,.T.);
#7304=ORIENTED_EDGE('',*,*,#7303,.F.);
#7305=ORIENTED_EDGE('',*,*,#7092,.T.);
#7307=ORIENTED_EDGE('',*,*,#7306,.T.);
#7308=EDGE_LOOP('',(#7302,#7304,#7305,#7307));
#7309=FACE_OUTER_BOUND('',#7308,.F.);
#7311=CARTESIAN_POINT('',(3.76E0,-1.4E0,-1.4E0));
#7312=DIRECTION('',(0.E0,0.E0,1.E0));
#7313=DIRECTION('',(-1.E0,0.E0,0.E0));
#7314=AXIS2_PLACEMENT_3D('',#7311,#7312,#7313);
#7315=PLANE('',#7314);
#7316=ORIENTED_EDGE('',*,*,#7303,.T.);
#7317=ORIENTED_EDGE('',*,*,#7292,.F.);
#7319=ORIENTED_EDGE('',*,*,#7318,.T.);
#7321=ORIENTED_EDGE('',*,*,#7320,.T.);
#7323=ORIENTED_EDGE('',*,*,#7322,.F.);
#7325=ORIENTED_EDGE('',*,*,#7324,.F.);
#7327=ORIENTED_EDGE('',*,*,#7326,.F.);
#7328=ORIENTED_EDGE('',*,*,#7094,.T.);
#7329=EDGE_LOOP('',(#7316,#7317,#7319,#7321,#7323,#7325,#7327,#7328));
#7330=FACE_OUTER_BOUND('',#7329,.F.);
#7332=CARTESIAN_POINT('',(3.21E0,-8.5E-1,0.E0));
#7333=DIRECTION('',(0.E0,0.E0,1.E0));
#7334=DIRECTION('',(1.E0,0.E0,0.E0));
#7335=AXIS2_PLACEMENT_3D('',#7332,#7333,#7334);
#7336=CYLINDRICAL_SURFACE('',#7335,5.5E-1);
#7337=ORIENTED_EDGE('',*,*,#7318,.F.);
#7338=ORIENTED_EDGE('',*,*,#7290,.F.);
#7339=ORIENTED_EDGE('',*,*,#6091,.T.);
#7341=ORIENTED_EDGE('',*,*,#7340,.T.);
#7342=EDGE_LOOP('',(#7337,#7338,#7339,#7341));
#7343=FACE_OUTER_BOUND('',#7342,.F.);
#7345=CARTESIAN_POINT('',(3.21E0,-8.5E-1,0.E0));
#7346=DIRECTION('',(0.E0,0.E0,1.E0));
#7347=DIRECTION('',(1.E0,0.E0,0.E0));
#7348=AXIS2_PLACEMENT_3D('',#7345,#7346,#7347);
#7349=CYLINDRICAL_SURFACE('',#7348,5.5E-1);
#7351=ORIENTED_EDGE('',*,*,#7350,.T.);
#7353=ORIENTED_EDGE('',*,*,#7352,.F.);
#7355=ORIENTED_EDGE('',*,*,#7354,.F.);
#7356=ORIENTED_EDGE('',*,*,#7225,.F.);
#7358=ORIENTED_EDGE('',*,*,#7357,.T.);
#7359=EDGE_LOOP('',(#7351,#7353,#7355,#7356,#7358));
#7360=FACE_OUTER_BOUND('',#7359,.F.);
#7362=CARTESIAN_POINT('',(3.76E0,-8.5E-1,0.E0));
#7363=DIRECTION('',(1.E0,0.E0,0.E0));
#7364=DIRECTION('',(0.E0,1.E0,0.E0));
#7365=AXIS2_PLACEMENT_3D('',#7362,#7363,#7364);
#7366=PLANE('',#7365);
#7368=ORIENTED_EDGE('',*,*,#7367,.T.);
#7370=ORIENTED_EDGE('',*,*,#7369,.F.);
#7372=ORIENTED_EDGE('',*,*,#7371,.F.);
#7374=ORIENTED_EDGE('',*,*,#7373,.F.);
#7376=ORIENTED_EDGE('',*,*,#7375,.F.);
#7378=ORIENTED_EDGE('',*,*,#7377,.T.);
#7380=ORIENTED_EDGE('',*,*,#7379,.T.);
#7382=ORIENTED_EDGE('',*,*,#7381,.F.);
#7384=ORIENTED_EDGE('',*,*,#7383,.F.);
#7386=ORIENTED_EDGE('',*,*,#7385,.F.);
#7387=ORIENTED_EDGE('',*,*,#7320,.F.);
#7388=ORIENTED_EDGE('',*,*,#7340,.F.);
#7389=ORIENTED_EDGE('',*,*,#6089,.T.);
#7391=ORIENTED_EDGE('',*,*,#7390,.T.);
#7393=ORIENTED_EDGE('',*,*,#7392,.F.);
#7395=ORIENTED_EDGE('',*,*,#7394,.T.);
#7396=ORIENTED_EDGE('',*,*,#7350,.F.);
#7397=EDGE_LOOP('',(#7368,#7370,#7372,#7374,#7376,#7378,#7380,#7382,#7384,#7386,
#7387,#7388,#7389,#7391,#7393,#7395,#7396));
#7398=FACE_OUTER_BOUND('',#7397,.F.);
#7400=CARTESIAN_POINT('',(2.975E0,-1.4E0,-2.9E0));
#7401=DIRECTION('',(0.E0,0.E0,-1.E0));
#7402=DIRECTION('',(1.E0,0.E0,0.E0));
#7403=AXIS2_PLACEMENT_3D('',#7400,#7401,#7402);
#7404=PLANE('',#7403);
#7406=ORIENTED_EDGE('',*,*,#7405,.F.);
#7407=ORIENTED_EDGE('',*,*,#7050,.F.);
#7409=ORIENTED_EDGE('',*,*,#7408,.T.);
#7411=ORIENTED_EDGE('',*,*,#7410,.T.);
#7413=ORIENTED_EDGE('',*,*,#7412,.F.);
#7414=ORIENTED_EDGE('',*,*,#7367,.F.);
#7415=ORIENTED_EDGE('',*,*,#7357,.F.);
#7416=ORIENTED_EDGE('',*,*,#7223,.T.);
#7417=EDGE_LOOP('',(#7406,#7407,#7409,#7411,#7413,#7414,#7415,#7416));
#7418=FACE_OUTER_BOUND('',#7417,.F.);
#7420=CARTESIAN_POINT('',(3.075E0,5.355808E0,-3.E0));
#7421=DIRECTION('',(0.E0,-1.E0,0.E0));
#7422=DIRECTION('',(0.E0,0.E0,1.E0));
#7423=AXIS2_PLACEMENT_3D('',#7420,#7421,#7422);
#7424=CYLINDRICAL_SURFACE('',#7423,1.E-1);
#7425=ORIENTED_EDGE('',*,*,#7221,.T.);
#7427=ORIENTED_EDGE('',*,*,#7426,.F.);
#7428=ORIENTED_EDGE('',*,*,#7052,.T.);
#7429=ORIENTED_EDGE('',*,*,#7405,.T.);
#7430=EDGE_LOOP('',(#7425,#7427,#7428,#7429));
#7431=FACE_OUTER_BOUND('',#7430,.F.);
#7433=CARTESIAN_POINT('',(2.975E0,-1.4E0,-3.2E0));
#7434=DIRECTION('',(1.E0,0.E0,0.E0));
#7435=DIRECTION('',(0.E0,0.E0,1.E0));
#7436=AXIS2_PLACEMENT_3D('',#7433,#7434,#7435);
#7437=PLANE('',#7436);
#7438=ORIENTED_EDGE('',*,*,#7426,.T.);
#7439=ORIENTED_EDGE('',*,*,#7219,.F.);
#7441=ORIENTED_EDGE('',*,*,#7440,.T.);
#7442=ORIENTED_EDGE('',*,*,#7054,.T.);
#7443=EDGE_LOOP('',(#7438,#7439,#7441,#7442));
#7444=FACE_OUTER_BOUND('',#7443,.F.);
#7446=CARTESIAN_POINT('',(2.875E0,-6.475808E0,-3.1E0));
#7447=DIRECTION('',(0.E0,1.E0,0.E0));
#7448=DIRECTION('',(1.E0,0.E0,0.E0));
#7449=AXIS2_PLACEMENT_3D('',#7446,#7447,#7448);
#7450=CYLINDRICAL_SURFACE('',#7449,1.E-1);
#7451=ORIENTED_EDGE('',*,*,#7440,.F.);
#7452=ORIENTED_EDGE('',*,*,#7217,.T.);
#7454=ORIENTED_EDGE('',*,*,#7453,.T.);
#7455=ORIENTED_EDGE('',*,*,#7056,.T.);
#7456=EDGE_LOOP('',(#7451,#7452,#7454,#7455));
#7457=FACE_OUTER_BOUND('',#7456,.F.);
#7459=CARTESIAN_POINT('',(2.025E0,-1.4E0,-3.2E0));
#7460=DIRECTION('',(0.E0,0.E0,-1.E0));
#7461=DIRECTION('',(1.E0,0.E0,0.E0));
#7462=AXIS2_PLACEMENT_3D('',#7459,#7460,#7461);
#7463=PLANE('',#7462);
#7464=ORIENTED_EDGE('',*,*,#7453,.F.);
#7465=ORIENTED_EDGE('',*,*,#7215,.F.);
#7467=ORIENTED_EDGE('',*,*,#7466,.T.);
#7468=ORIENTED_EDGE('',*,*,#7058,.T.);
#7469=EDGE_LOOP('',(#7464,#7465,#7467,#7468));
#7470=FACE_OUTER_BOUND('',#7469,.F.);
#7472=CARTESIAN_POINT('',(2.125E0,-6.475808E0,-3.1E0));
#7473=DIRECTION('',(0.E0,1.E0,0.E0));
#7474=DIRECTION('',(0.E0,0.E0,-1.E0));
#7475=AXIS2_PLACEMENT_3D('',#7472,#7473,#7474);
#7476=CYLINDRICAL_SURFACE('',#7475,1.E-1);
#7477=ORIENTED_EDGE('',*,*,#7466,.F.);
#7478=ORIENTED_EDGE('',*,*,#7213,.T.);
#7480=ORIENTED_EDGE('',*,*,#7479,.T.);
#7481=ORIENTED_EDGE('',*,*,#7060,.T.);
#7482=EDGE_LOOP('',(#7477,#7478,#7480,#7481));
#7483=FACE_OUTER_BOUND('',#7482,.F.);
#7485=CARTESIAN_POINT('',(2.025E0,-1.4E0,-1.25E0));
#7486=DIRECTION('',(-1.E0,0.E0,0.E0));
#7487=DIRECTION('',(0.E0,0.E0,-1.E0));
#7488=AXIS2_PLACEMENT_3D('',#7485,#7486,#7487);
#7489=PLANE('',#7488);
#7491=ORIENTED_EDGE('',*,*,#7490,.F.);
#7492=ORIENTED_EDGE('',*,*,#7062,.T.);
#7493=ORIENTED_EDGE('',*,*,#7479,.F.);
#7494=ORIENTED_EDGE('',*,*,#7211,.F.);
#7495=EDGE_LOOP('',(#7491,#7492,#7493,#7494));
#7496=FACE_OUTER_BOUND('',#7495,.F.);
#7498=CARTESIAN_POINT('',(1.925E0,5.355808E0,-1.35E0));
#7499=DIRECTION('',(0.E0,-1.E0,0.E0));
#7500=DIRECTION('',(1.E0,0.E0,0.E0));
#7501=AXIS2_PLACEMENT_3D('',#7498,#7499,#7500);
#7502=CYLINDRICAL_SURFACE('',#7501,1.E-1);
#7503=ORIENTED_EDGE('',*,*,#7209,.T.);
#7505=ORIENTED_EDGE('',*,*,#7504,.F.);
#7506=ORIENTED_EDGE('',*,*,#7064,.T.);
#7507=ORIENTED_EDGE('',*,*,#7490,.T.);
#7508=EDGE_LOOP('',(#7503,#7505,#7506,#7507));
#7509=FACE_OUTER_BOUND('',#7508,.F.);
#7511=CARTESIAN_POINT('',(1.775E0,-1.4E0,-1.25E0));
#7512=DIRECTION('',(0.E0,0.E0,-1.E0));
#7513=DIRECTION('',(1.E0,0.E0,0.E0));
#7514=AXIS2_PLACEMENT_3D('',#7511,#7512,#7513);
#7515=PLANE('',#7514);
#7516=ORIENTED_EDGE('',*,*,#7504,.T.);
#7517=ORIENTED_EDGE('',*,*,#7207,.F.);
#7519=ORIENTED_EDGE('',*,*,#7518,.T.);
#7520=ORIENTED_EDGE('',*,*,#7066,.T.);
#7521=EDGE_LOOP('',(#7516,#7517,#7519,#7520));
#7522=FACE_OUTER_BOUND('',#7521,.F.);
#7524=CARTESIAN_POINT('',(1.875E0,-6.475808E0,-1.15E0));
#7525=DIRECTION('',(0.E0,1.E0,0.E0));
#7526=DIRECTION('',(0.E0,0.E0,-1.E0));
#7527=AXIS2_PLACEMENT_3D('',#7524,#7525,#7526);
#7528=CYLINDRICAL_SURFACE('',#7527,1.E-1);
#7529=ORIENTED_EDGE('',*,*,#7518,.F.);
#7530=ORIENTED_EDGE('',*,*,#7205,.T.);
#7532=ORIENTED_EDGE('',*,*,#7531,.T.);
#7533=ORIENTED_EDGE('',*,*,#7068,.T.);
#7534=EDGE_LOOP('',(#7529,#7530,#7532,#7533));
#7535=FACE_OUTER_BOUND('',#7534,.F.);
#7537=CARTESIAN_POINT('',(1.775E0,-1.4E0,-1.E0));
#7538=DIRECTION('',(-1.E0,0.E0,0.E0));
#7539=DIRECTION('',(0.E0,0.E0,-1.E0));
#7540=AXIS2_PLACEMENT_3D('',#7537,#7538,#7539);
#7541=PLANE('',#7540);
#7543=ORIENTED_EDGE('',*,*,#7542,.T.);
#7544=ORIENTED_EDGE('',*,*,#7070,.T.);
#7545=ORIENTED_EDGE('',*,*,#7531,.F.);
#7546=ORIENTED_EDGE('',*,*,#7203,.F.);
#7547=EDGE_LOOP('',(#7543,#7544,#7545,#7546));
#7548=FACE_OUTER_BOUND('',#7547,.F.);
#7550=CARTESIAN_POINT('',(1.875E0,-6.475808E0,-1.1E0));
#7551=DIRECTION('',(0.E0,1.E0,0.E0));
#7552=DIRECTION('',(-1.E0,0.E0,0.E0));
#7553=AXIS2_PLACEMENT_3D('',#7550,#7551,#7552);
#7554=CYLINDRICAL_SURFACE('',#7553,1.E-1);
#7555=ORIENTED_EDGE('',*,*,#7542,.F.);
#7556=ORIENTED_EDGE('',*,*,#7201,.T.);
#7558=ORIENTED_EDGE('',*,*,#7557,.T.);
#7559=ORIENTED_EDGE('',*,*,#7072,.T.);
#7560=EDGE_LOOP('',(#7555,#7556,#7558,#7559));
#7561=FACE_OUTER_BOUND('',#7560,.F.);
#7563=CARTESIAN_POINT('',(2.975E0,-1.4E0,-1.E0));
#7564=DIRECTION('',(0.E0,0.E0,1.E0));
#7565=DIRECTION('',(-1.E0,0.E0,0.E0));
#7566=AXIS2_PLACEMENT_3D('',#7563,#7564,#7565);
#7567=PLANE('',#7566);
#7569=ORIENTED_EDGE('',*,*,#7568,.F.);
#7570=ORIENTED_EDGE('',*,*,#7074,.T.);
#7571=ORIENTED_EDGE('',*,*,#7557,.F.);
#7572=ORIENTED_EDGE('',*,*,#7199,.F.);
#7573=EDGE_LOOP('',(#7569,#7570,#7571,#7572));
#7574=FACE_OUTER_BOUND('',#7573,.F.);
#7576=CARTESIAN_POINT('',(2.975E0,-1.4E0,-1.E0));
#7577=DIRECTION('',(0.E0,0.E0,1.E0));
#7578=DIRECTION('',(-1.E0,0.E0,0.E0));
#7579=AXIS2_PLACEMENT_3D('',#7576,#7577,#7578);
#7580=PLANE('',#7579);
#7582=ORIENTED_EDGE('',*,*,#7581,.F.);
#7583=ORIENTED_EDGE('',*,*,#7183,.F.);
#7585=ORIENTED_EDGE('',*,*,#7584,.T.);
#7586=ORIENTED_EDGE('',*,*,#7086,.T.);
#7587=EDGE_LOOP('',(#7582,#7583,#7585,#7586));
#7588=FACE_OUTER_BOUND('',#7587,.F.);
#7590=CARTESIAN_POINT('',(1.925E0,5.355808E0,-9.E-1));
#7591=DIRECTION('',(0.E0,-1.E0,0.E0));
#7592=DIRECTION('',(0.E0,0.E0,-1.E0));
#7593=AXIS2_PLACEMENT_3D('',#7590,#7591,#7592);
#7594=CYLINDRICAL_SURFACE('',#7593,1.E-1);
#7595=ORIENTED_EDGE('',*,*,#7197,.T.);
#7597=ORIENTED_EDGE('',*,*,#7596,.T.);
#7599=ORIENTED_EDGE('',*,*,#7598,.F.);
#7600=ORIENTED_EDGE('',*,*,#7076,.T.);
#7601=ORIENTED_EDGE('',*,*,#7568,.T.);
#7602=EDGE_LOOP('',(#7595,#7597,#7599,#7600,#7601));
#7603=FACE_OUTER_BOUND('',#7602,.F.);
#7605=CARTESIAN_POINT('',(2.025E0,-1.446258330249E0,-9.5E-1));
#7606=DIRECTION('',(0.E0,5.E-1,-8.660254037844E-1));
#7607=DIRECTION('',(0.E0,8.660254037844E-1,5.E-1));
#7608=AXIS2_PLACEMENT_3D('',#7605,#7606,#7607);
#7609=PLANE('',#7608);
#7611=ORIENTED_EDGE('',*,*,#7610,.T.);
#7612=ORIENTED_EDGE('',*,*,#7187,.T.);
#7614=ORIENTED_EDGE('',*,*,#7613,.F.);
#7616=ORIENTED_EDGE('',*,*,#7615,.F.);
#7618=ORIENTED_EDGE('',*,*,#7617,.T.);
#7620=ORIENTED_EDGE('',*,*,#7619,.T.);
#7621=ORIENTED_EDGE('',*,*,#7596,.F.);
#7622=ORIENTED_EDGE('',*,*,#7195,.F.);
#7624=ORIENTED_EDGE('',*,*,#7623,.F.);
#7626=ORIENTED_EDGE('',*,*,#7625,.T.);
#7627=EDGE_LOOP('',(#7611,#7612,#7614,#7616,#7618,#7620,#7621,#7622,#7624,
#7626));
#7628=FACE_OUTER_BOUND('',#7627,.F.);
#7630=CARTESIAN_POINT('',(2.725E0,0.E0,0.E0));
#7631=DIRECTION('',(1.E0,0.E0,0.E0));
#7632=DIRECTION('',(0.E0,0.E0,-1.E0));
#7633=AXIS2_PLACEMENT_3D('',#7630,#7631,#7632);
#7634=PLANE('',#7633);
#7635=ORIENTED_EDGE('',*,*,#7189,.T.);
#7636=ORIENTED_EDGE('',*,*,#7610,.F.);
#7638=ORIENTED_EDGE('',*,*,#7637,.F.);
#7640=ORIENTED_EDGE('',*,*,#7639,.F.);
#7642=ORIENTED_EDGE('',*,*,#7641,.F.);
#7643=EDGE_LOOP('',(#7635,#7636,#7638,#7640,#7642));
#7644=FACE_OUTER_BOUND('',#7643,.F.);
#7646=CARTESIAN_POINT('',(2.025E0,-1.585E0,-7.096923788647E-1));
#7647=DIRECTION('',(0.E0,-8.660254037844E-1,-5.E-1));
#7648=DIRECTION('',(0.E0,5.E-1,-8.660254037844E-1));
#7649=AXIS2_PLACEMENT_3D('',#7646,#7647,#7648);
#7650=PLANE('',#7649);
#7652=ORIENTED_EDGE('',*,*,#7651,.F.);
#7654=ORIENTED_EDGE('',*,*,#7653,.T.);
#7655=ORIENTED_EDGE('',*,*,#7637,.T.);
#7656=ORIENTED_EDGE('',*,*,#7625,.F.);
#7657=EDGE_LOOP('',(#7652,#7654,#7655,#7656));
#7658=FACE_OUTER_BOUND('',#7657,.F.);
#7660=CARTESIAN_POINT('',(2.025E0,0.E0,0.E0));
#7661=DIRECTION('',(1.E0,0.E0,0.E0));
#7662=DIRECTION('',(0.E0,0.E0,-1.E0));
#7663=AXIS2_PLACEMENT_3D('',#7660,#7661,#7662);
#7664=PLANE('',#7663);
#7665=ORIENTED_EDGE('',*,*,#7193,.F.);
#7667=ORIENTED_EDGE('',*,*,#7666,.T.);
#7669=ORIENTED_EDGE('',*,*,#7668,.T.);
#7670=ORIENTED_EDGE('',*,*,#7651,.T.);
#7671=ORIENTED_EDGE('',*,*,#7623,.T.);
#7672=EDGE_LOOP('',(#7665,#7667,#7669,#7670,#7671));
#7673=FACE_OUTER_BOUND('',#7672,.F.);
#7675=CARTESIAN_POINT('',(2.025E0,-1.4E0,-5.768825790646E-1));
#7676=DIRECTION('',(0.E0,-5.E-1,8.660254037844E-1));
#7677=DIRECTION('',(0.E0,-8.660254037844E-1,-5.E-1));
#7678=AXIS2_PLACEMENT_3D('',#7675,#7676,#7677);
#7679=PLANE('',#7678);
#7680=ORIENTED_EDGE('',*,*,#7191,.T.);
#7681=ORIENTED_EDGE('',*,*,#7641,.T.);
#7683=ORIENTED_EDGE('',*,*,#7682,.F.);
#7684=ORIENTED_EDGE('',*,*,#7666,.F.);
#7685=EDGE_LOOP('',(#7680,#7681,#7683,#7684));
#7686=FACE_OUTER_BOUND('',#7685,.F.);
#7688=CARTESIAN_POINT('',(2.025E0,-1.585E0,-6.836923788647E-1));
#7689=DIRECTION('',(0.E0,-1.E0,0.E0));
#7690=DIRECTION('',(0.E0,0.E0,-1.E0));
#7691=AXIS2_PLACEMENT_3D('',#7688,#7689,#7690);
#7692=PLANE('',#7691);
#7693=ORIENTED_EDGE('',*,*,#7668,.F.);
#7694=ORIENTED_EDGE('',*,*,#7682,.T.);
#7695=ORIENTED_EDGE('',*,*,#7639,.T.);
#7696=ORIENTED_EDGE('',*,*,#7653,.F.);
#7697=EDGE_LOOP('',(#7693,#7694,#7695,#7696));
#7698=FACE_OUTER_BOUND('',#7697,.F.);
#7700=CARTESIAN_POINT('',(2.825E0,-6.475808E0,-9.E-1));
#7701=DIRECTION('',(0.E0,1.E0,0.E0));
#7702=DIRECTION('',(0.E0,0.E0,-1.E0));
#7703=AXIS2_PLACEMENT_3D('',#7700,#7701,#7702);
#7704=CYLINDRICAL_SURFACE('',#7703,1.E-1);
#7705=ORIENTED_EDGE('',*,*,#7084,.T.);
#7707=ORIENTED_EDGE('',*,*,#7706,.F.);
#7708=ORIENTED_EDGE('',*,*,#7613,.T.);
#7709=ORIENTED_EDGE('',*,*,#7185,.T.);
#7710=ORIENTED_EDGE('',*,*,#7581,.T.);
#7711=EDGE_LOOP('',(#7705,#7707,#7708,#7709,#7710));
#7712=FACE_OUTER_BOUND('',#7711,.F.);
#7714=CARTESIAN_POINT('',(2.725E0,0.E0,0.E0));
#7715=DIRECTION('',(1.E0,0.E0,0.E0));
#7716=DIRECTION('',(0.E0,0.E0,-1.E0));
#7717=AXIS2_PLACEMENT_3D('',#7714,#7715,#7716);
#7718=PLANE('',#7717);
#7719=ORIENTED_EDGE('',*,*,#7706,.T.);
#7720=ORIENTED_EDGE('',*,*,#7082,.F.);
#7722=ORIENTED_EDGE('',*,*,#7721,.T.);
#7723=ORIENTED_EDGE('',*,*,#7615,.T.);
#7724=EDGE_LOOP('',(#7719,#7720,#7722,#7723));
#7725=FACE_OUTER_BOUND('',#7724,.F.);
#7727=CARTESIAN_POINT('',(2.725E0,-1.4E0,-5.768825790646E-1));
#7728=DIRECTION('',(1.E0,0.E0,0.E0));
#7729=DIRECTION('',(0.E0,0.E0,-1.E0));
#7730=AXIS2_PLACEMENT_3D('',#7727,#7728,#7729);
#7731=CYLINDRICAL_SURFACE('',#7730,3.E-1);
#7732=ORIENTED_EDGE('',*,*,#7080,.F.);
#7734=ORIENTED_EDGE('',*,*,#7733,.T.);
#7735=ORIENTED_EDGE('',*,*,#7617,.F.);
#7736=ORIENTED_EDGE('',*,*,#7721,.F.);
#7737=EDGE_LOOP('',(#7732,#7734,#7735,#7736));
#7738=FACE_OUTER_BOUND('',#7737,.F.);
#7740=CARTESIAN_POINT('',(2.025E0,0.E0,0.E0));
#7741=DIRECTION('',(1.E0,0.E0,0.E0));
#7742=DIRECTION('',(0.E0,0.E0,-1.E0));
#7743=AXIS2_PLACEMENT_3D('',#7740,#7741,#7742);
#7744=PLANE('',#7743);
#7745=ORIENTED_EDGE('',*,*,#7598,.T.);
#7746=ORIENTED_EDGE('',*,*,#7619,.F.);
#7747=ORIENTED_EDGE('',*,*,#7733,.F.);
#7748=ORIENTED_EDGE('',*,*,#7078,.T.);
#7749=EDGE_LOOP('',(#7745,#7746,#7747,#7748));
#7750=FACE_OUTER_BOUND('',#7749,.F.);
#7752=CARTESIAN_POINT('',(2.875E0,-6.475808E0,-1.1E0));
#7753=DIRECTION('',(0.E0,1.E0,0.E0));
#7754=DIRECTION('',(0.E0,0.E0,1.E0));
#7755=AXIS2_PLACEMENT_3D('',#7752,#7753,#7754);
#7756=CYLINDRICAL_SURFACE('',#7755,1.E-1);
#7757=ORIENTED_EDGE('',*,*,#7584,.F.);
#7758=ORIENTED_EDGE('',*,*,#7181,.T.);
#7760=ORIENTED_EDGE('',*,*,#7759,.T.);
#7761=ORIENTED_EDGE('',*,*,#7088,.T.);
#7762=EDGE_LOOP('',(#7757,#7758,#7760,#7761));
#7763=FACE_OUTER_BOUND('',#7762,.F.);
#7765=CARTESIAN_POINT('',(2.975E0,-1.4E0,-1.4E0));
#7766=DIRECTION('',(1.E0,0.E0,0.E0));
#7767=DIRECTION('',(0.E0,0.E0,1.E0));
#7768=AXIS2_PLACEMENT_3D('',#7765,#7766,#7767);
#7769=PLANE('',#7768);
#7770=ORIENTED_EDGE('',*,*,#7306,.F.);
#7771=ORIENTED_EDGE('',*,*,#7090,.T.);
#7772=ORIENTED_EDGE('',*,*,#7759,.F.);
#7773=ORIENTED_EDGE('',*,*,#7179,.F.);
#7774=EDGE_LOOP('',(#7770,#7771,#7772,#7773));
#7775=FACE_OUTER_BOUND('',#7774,.F.);
#7777=CARTESIAN_POINT('',(3.21E0,-8.5E-1,0.E0));
#7778=DIRECTION('',(0.E0,0.E0,1.E0));
#7779=DIRECTION('',(1.E0,0.E0,0.E0));
#7780=AXIS2_PLACEMENT_3D('',#7777,#7778,#7779);
#7781=CYLINDRICAL_SURFACE('',#7780,2.5E-1);
#7783=ORIENTED_EDGE('',*,*,#7782,.T.);
#7785=ORIENTED_EDGE('',*,*,#7784,.F.);
#7787=ORIENTED_EDGE('',*,*,#7786,.T.);
#7788=ORIENTED_EDGE('',*,*,#7408,.F.);
#7789=ORIENTED_EDGE('',*,*,#7048,.T.);
#7790=EDGE_LOOP('',(#7783,#7785,#7787,#7788,#7789));
#7791=FACE_OUTER_BOUND('',#7790,.F.);
#7793=CARTESIAN_POINT('',(3.21E0,-8.5E-1,0.E0));
#7794=DIRECTION('',(0.E0,0.E0,1.E0));
#7795=DIRECTION('',(1.E0,0.E0,0.E0));
#7796=AXIS2_PLACEMENT_3D('',#7793,#7794,#7795);
#7797=CYLINDRICAL_SURFACE('',#7796,2.5E-1);
#7799=ORIENTED_EDGE('',*,*,#7798,.T.);
#7800=ORIENTED_EDGE('',*,*,#7096,.T.);
#7801=ORIENTED_EDGE('',*,*,#7326,.T.);
#7803=ORIENTED_EDGE('',*,*,#7802,.F.);
#7804=EDGE_LOOP('',(#7799,#7800,#7801,#7803));
#7805=FACE_OUTER_BOUND('',#7804,.F.);
#7807=CARTESIAN_POINT('',(3.76E0,-1.4E0,-3.9E0));
#7808=DIRECTION('',(0.E0,0.E0,1.E0));
#7809=DIRECTION('',(-1.E0,0.E0,0.E0));
#7810=AXIS2_PLACEMENT_3D('',#7807,#7808,#7809);
#7811=PLANE('',#7810);
#7813=ORIENTED_EDGE('',*,*,#7812,.F.);
#7814=ORIENTED_EDGE('',*,*,#7782,.F.);
#7815=ORIENTED_EDGE('',*,*,#7046,.T.);
#7816=ORIENTED_EDGE('',*,*,#7167,.F.);
#7817=ORIENTED_EDGE('',*,*,#7227,.F.);
#7818=ORIENTED_EDGE('',*,*,#7354,.T.);
#7819=EDGE_LOOP('',(#7813,#7814,#7815,#7816,#7817,#7818));
#7820=FACE_OUTER_BOUND('',#7819,.F.);
#7822=CARTESIAN_POINT('',(-1.437502824844E1,-1.E0,-4.05E0));
#7823=DIRECTION('',(1.E0,0.E0,0.E0));
#7824=DIRECTION('',(0.E0,1.E0,0.E0));
#7825=AXIS2_PLACEMENT_3D('',#7822,#7823,#7824);
#7826=CYLINDRICAL_SURFACE('',#7825,1.5E-1);
#7828=ORIENTED_EDGE('',*,*,#7827,.F.);
#7829=ORIENTED_EDGE('',*,*,#7784,.T.);
#7830=ORIENTED_EDGE('',*,*,#7812,.T.);
#7831=ORIENTED_EDGE('',*,*,#7352,.T.);
#7832=EDGE_LOOP('',(#7828,#7829,#7830,#7831));
#7833=FACE_OUTER_BOUND('',#7832,.F.);
#7835=CARTESIAN_POINT('',(0.E0,-8.5E-1,0.E0));
#7836=DIRECTION('',(0.E0,-1.E0,0.E0));
#7837=DIRECTION('',(0.E0,0.E0,-1.E0));
#7838=AXIS2_PLACEMENT_3D('',#7835,#7836,#7837);
#7839=PLANE('',#7838);
#7841=ORIENTED_EDGE('',*,*,#7840,.T.);
#7843=ORIENTED_EDGE('',*,*,#7842,.F.);
#7845=ORIENTED_EDGE('',*,*,#7844,.F.);
#7847=ORIENTED_EDGE('',*,*,#7846,.T.);
#7849=ORIENTED_EDGE('',*,*,#7848,.T.);
#7851=ORIENTED_EDGE('',*,*,#7850,.F.);
#7853=ORIENTED_EDGE('',*,*,#7852,.F.);
#7855=ORIENTED_EDGE('',*,*,#7854,.F.);
#7856=EDGE_LOOP('',(#7841,#7843,#7845,#7847,#7849,#7851,#7853,#7855));
#7857=FACE_OUTER_BOUND('',#7856,.F.);
#7859=CARTESIAN_POINT('',(0.E0,-8.5E-1,0.E0));
#7860=DIRECTION('',(0.E0,-1.E0,0.E0));
#7861=DIRECTION('',(0.E0,0.E0,-1.E0));
#7862=AXIS2_PLACEMENT_3D('',#7859,#7860,#7861);
#7863=PLANE('',#7862);
#7865=ORIENTED_EDGE('',*,*,#7864,.T.);
#7867=ORIENTED_EDGE('',*,*,#7866,.F.);
#7869=ORIENTED_EDGE('',*,*,#7868,.F.);
#7871=ORIENTED_EDGE('',*,*,#7870,.T.);
#7872=ORIENTED_EDGE('',*,*,#7827,.T.);
#7873=ORIENTED_EDGE('',*,*,#7394,.F.);
#7875=ORIENTED_EDGE('',*,*,#7874,.F.);
#7877=ORIENTED_EDGE('',*,*,#7876,.F.);
#7878=EDGE_LOOP('',(#7865,#7867,#7869,#7871,#7872,#7873,#7875,#7877));
#7879=FACE_OUTER_BOUND('',#7878,.F.);
#7881=CARTESIAN_POINT('',(-3.1E0,-9.5E-1,6.518E0));
#7882=DIRECTION('',(0.E0,0.E0,-1.E0));
#7883=DIRECTION('',(0.E0,1.E0,0.E0));
#7884=AXIS2_PLACEMENT_3D('',#7881,#7882,#7883);
#7885=CYLINDRICAL_SURFACE('',#7884,1.E-1);
#7887=ORIENTED_EDGE('',*,*,#7886,.T.);
#7889=ORIENTED_EDGE('',*,*,#7888,.T.);
#7891=ORIENTED_EDGE('',*,*,#7890,.T.);
#7892=ORIENTED_EDGE('',*,*,#7840,.F.);
#7893=EDGE_LOOP('',(#7887,#7889,#7891,#7892));
#7894=FACE_OUTER_BOUND('',#7893,.F.);
#7896=CARTESIAN_POINT('',(-2.E0,-8.5E-1,-4.7E0));
#7897=DIRECTION('',(0.E0,0.E0,1.E0));
#7898=DIRECTION('',(-1.E0,0.E0,0.E0));
#7899=AXIS2_PLACEMENT_3D('',#7896,#7897,#7898);
#7900=PLANE('',#7899);
#7902=ORIENTED_EDGE('',*,*,#7901,.F.);
#7904=ORIENTED_EDGE('',*,*,#7903,.T.);
#7906=ORIENTED_EDGE('',*,*,#7905,.T.);
#7908=ORIENTED_EDGE('',*,*,#7907,.T.);
#7909=ORIENTED_EDGE('',*,*,#7886,.F.);
#7910=ORIENTED_EDGE('',*,*,#7854,.T.);
#7912=ORIENTED_EDGE('',*,*,#7911,.T.);
#7914=ORIENTED_EDGE('',*,*,#7913,.F.);
#7915=EDGE_LOOP('',(#7902,#7904,#7906,#7908,#7909,#7910,#7912,#7914));
#7916=FACE_OUTER_BOUND('',#7915,.F.);
#7918=CARTESIAN_POINT('',(-2.2E0,-4.E-1,6.518E0));
#7919=DIRECTION('',(0.E0,0.E0,-1.E0));
#7920=DIRECTION('',(0.E0,1.E0,0.E0));
#7921=AXIS2_PLACEMENT_3D('',#7918,#7919,#7920);
#7922=CYLINDRICAL_SURFACE('',#7921,2.E-1);
#7924=ORIENTED_EDGE('',*,*,#7923,.T.);
#7926=ORIENTED_EDGE('',*,*,#7925,.F.);
#7927=ORIENTED_EDGE('',*,*,#7901,.T.);
#7929=ORIENTED_EDGE('',*,*,#7928,.T.);
#7930=EDGE_LOOP('',(#7924,#7926,#7927,#7929));
#7931=FACE_OUTER_BOUND('',#7930,.F.);
#7933=CARTESIAN_POINT('',(-3.31E0,-8.5E-1,-5.E0));
#7934=DIRECTION('',(0.E0,0.E0,-1.E0));
#7935=DIRECTION('',(1.E0,0.E0,0.E0));
#7936=AXIS2_PLACEMENT_3D('',#7933,#7934,#7935);
#7937=PLANE('',#7936);
#7938=ORIENTED_EDGE('',*,*,#7923,.F.);
#7940=ORIENTED_EDGE('',*,*,#7939,.F.);
#7942=ORIENTED_EDGE('',*,*,#7941,.F.);
#7943=ORIENTED_EDGE('',*,*,#7842,.T.);
#7944=ORIENTED_EDGE('',*,*,#7890,.F.);
#7946=ORIENTED_EDGE('',*,*,#7945,.T.);
#7948=ORIENTED_EDGE('',*,*,#7947,.F.);
#7950=ORIENTED_EDGE('',*,*,#7949,.T.);
#7951=EDGE_LOOP('',(#7938,#7940,#7942,#7943,#7944,#7946,#7948,#7950));
#7952=FACE_OUTER_BOUND('',#7951,.F.);
#7954=CARTESIAN_POINT('',(0.E0,-2.E-1,0.E0));
#7955=DIRECTION('',(0.E0,-1.E0,0.E0));
#7956=DIRECTION('',(0.E0,0.E0,-1.E0));
#7957=AXIS2_PLACEMENT_3D('',#7954,#7955,#7956);
#7958=PLANE('',#7957);
#7959=ORIENTED_EDGE('',*,*,#7928,.F.);
#7960=ORIENTED_EDGE('',*,*,#7913,.T.);
#7962=ORIENTED_EDGE('',*,*,#7961,.T.);
#7964=ORIENTED_EDGE('',*,*,#7963,.F.);
#7966=ORIENTED_EDGE('',*,*,#7965,.T.);
#7967=ORIENTED_EDGE('',*,*,#7939,.T.);
#7968=EDGE_LOOP('',(#7959,#7960,#7962,#7964,#7966,#7967));
#7969=FACE_OUTER_BOUND('',#7968,.F.);
#7971=CARTESIAN_POINT('',(0.E0,-2.E-1,0.E0));
#7972=DIRECTION('',(0.E0,-1.E0,0.E0));
#7973=DIRECTION('',(0.E0,0.E0,-1.E0));
#7974=AXIS2_PLACEMENT_3D('',#7971,#7972,#7973);
#7975=PLANE('',#7974);
#7977=ORIENTED_EDGE('',*,*,#7976,.F.);
#7979=ORIENTED_EDGE('',*,*,#7978,.T.);
#7981=ORIENTED_EDGE('',*,*,#7980,.T.);
#7983=ORIENTED_EDGE('',*,*,#7982,.F.);
#7985=ORIENTED_EDGE('',*,*,#7984,.T.);
#7987=ORIENTED_EDGE('',*,*,#7986,.T.);
#7988=EDGE_LOOP('',(#7977,#7979,#7981,#7983,#7985,#7987));
#7989=FACE_OUTER_BOUND('',#7988,.F.);
#7991=CARTESIAN_POINT('',(-3.31E0,-8.5E-1,-4.55E0));
#7992=DIRECTION('',(0.E0,-1.E0,0.E0));
#7993=DIRECTION('',(0.E0,0.E0,-1.E0));
#7994=AXIS2_PLACEMENT_3D('',#7991,#7992,#7993);
#7995=CYLINDRICAL_SURFACE('',#7994,1.5E-1);
#7997=ORIENTED_EDGE('',*,*,#7996,.T.);
#7999=ORIENTED_EDGE('',*,*,#7998,.F.);
#8000=ORIENTED_EDGE('',*,*,#7961,.F.);
#8001=ORIENTED_EDGE('',*,*,#7911,.F.);
#8002=ORIENTED_EDGE('',*,*,#7852,.T.);
#8003=EDGE_LOOP('',(#7997,#7999,#8000,#8001,#8002));
#8004=FACE_OUTER_BOUND('',#8003,.F.);
#8006=CARTESIAN_POINT('',(-3.46E0,-8.5E-1,0.E0));
#8007=DIRECTION('',(1.E0,0.E0,0.E0));
#8008=DIRECTION('',(0.E0,1.E0,0.E0));
#8009=AXIS2_PLACEMENT_3D('',#8006,#8007,#8008);
#8010=PLANE('',#8009);
#8012=ORIENTED_EDGE('',*,*,#8011,.T.);
#8014=ORIENTED_EDGE('',*,*,#8013,.T.);
#8015=ORIENTED_EDGE('',*,*,#7996,.F.);
#8016=ORIENTED_EDGE('',*,*,#7850,.T.);
#8018=ORIENTED_EDGE('',*,*,#8017,.F.);
#8020=ORIENTED_EDGE('',*,*,#8019,.T.);
#8022=ORIENTED_EDGE('',*,*,#8021,.F.);
#8024=ORIENTED_EDGE('',*,*,#8023,.F.);
#8026=ORIENTED_EDGE('',*,*,#8025,.F.);
#8028=ORIENTED_EDGE('',*,*,#8027,.F.);
#8030=ORIENTED_EDGE('',*,*,#8029,.T.);
#8032=ORIENTED_EDGE('',*,*,#8031,.T.);
#8034=ORIENTED_EDGE('',*,*,#8033,.F.);
#8036=ORIENTED_EDGE('',*,*,#8035,.F.);
#8038=ORIENTED_EDGE('',*,*,#8037,.F.);
#8040=ORIENTED_EDGE('',*,*,#8039,.F.);
#8042=ORIENTED_EDGE('',*,*,#8041,.F.);
#8043=EDGE_LOOP('',(#8012,#8014,#8015,#8016,#8018,#8020,#8022,#8024,#8026,#8028,
#8030,#8032,#8034,#8036,#8038,#8040,#8042));
#8044=FACE_OUTER_BOUND('',#8043,.F.);
#8046=CARTESIAN_POINT('',(-3.535E0,-4.758283340798E-1,-7.5E-2));
#8047=DIRECTION('',(7.071067811865E-1,0.E0,7.071067811865E-1));
#8048=DIRECTION('',(7.071067811865E-1,0.E0,-7.071067811865E-1));
#8049=AXIS2_PLACEMENT_3D('',#8046,#8047,#8048);
#8050=PLANE('',#8049);
#8051=ORIENTED_EDGE('',*,*,#6107,.T.);
#8053=ORIENTED_EDGE('',*,*,#8052,.T.);
#8054=ORIENTED_EDGE('',*,*,#8011,.F.);
#8056=ORIENTED_EDGE('',*,*,#8055,.F.);
#8057=EDGE_LOOP('',(#8051,#8053,#8054,#8056));
#8058=FACE_OUTER_BOUND('',#8057,.F.);
#8060=CARTESIAN_POINT('',(-3.21E0,-1.016566681595E-1,-7.500000212733E-2));
#8061=DIRECTION('',(0.E0,0.E0,1.E0));
#8062=DIRECTION('',(0.E0,-1.E0,0.E0));
#8063=AXIS2_PLACEMENT_3D('',#8060,#8061,#8062);
#8064=CONICAL_SURFACE('',#8063,3.249999978727E-1,4.5E1);
#8065=ORIENTED_EDGE('',*,*,#6129,.T.);
#8067=ORIENTED_EDGE('',*,*,#8066,.T.);
#8069=ORIENTED_EDGE('',*,*,#8068,.F.);
#8070=ORIENTED_EDGE('',*,*,#8052,.F.);
#8071=EDGE_LOOP('',(#8065,#8067,#8069,#8070));
#8072=FACE_OUTER_BOUND('',#8071,.F.);
#8074=CARTESIAN_POINT('',(-3.135044444480E0,4.409777021661E-1,-7.5E-2));
#8075=DIRECTION('',(5.064507986637E-1,-4.934648807493E-1,7.071067811865E-1));
#8076=DIRECTION('',(5.064507986637E-1,-4.934648807493E-1,-7.071067811865E-1));
#8077=AXIS2_PLACEMENT_3D('',#8074,#8075,#8076);
#8078=PLANE('',#8077);
#8079=ORIENTED_EDGE('',*,*,#6127,.T.);
#8081=ORIENTED_EDGE('',*,*,#8080,.T.);
#8083=ORIENTED_EDGE('',*,*,#8082,.F.);
#8084=ORIENTED_EDGE('',*,*,#8066,.F.);
#8085=EDGE_LOOP('',(#8079,#8081,#8083,#8084));
#8086=FACE_OUTER_BOUND('',#8085,.F.);
#8088=CARTESIAN_POINT('',(-2.594539656665E0,5.3E-1,-7.500000043797E-2));
#8089=DIRECTION('',(0.E0,0.E0,1.E0));
#8090=DIRECTION('',(0.E0,-1.E0,0.E0));
#8091=AXIS2_PLACEMENT_3D('',#8088,#8089,#8090);
#8092=CONICAL_SURFACE('',#8091,3.249999995620E-1,4.5E1);
#8093=ORIENTED_EDGE('',*,*,#6125,.T.);
#8095=ORIENTED_EDGE('',*,*,#8094,.T.);
#8097=ORIENTED_EDGE('',*,*,#8096,.F.);
#8098=ORIENTED_EDGE('',*,*,#8080,.F.);
#8099=EDGE_LOOP('',(#8093,#8095,#8097,#8098));
#8100=FACE_OUTER_BOUND('',#8099,.F.);
#8102=CARTESIAN_POINT('',(0.E0,8.55E-1,-7.5E-2));
#8103=DIRECTION('',(0.E0,-7.071067811865E-1,7.071067811865E-1));
#8104=DIRECTION('',(0.E0,-7.071067811865E-1,-7.071067811865E-1));
#8105=AXIS2_PLACEMENT_3D('',#8102,#8103,#8104);
#8106=PLANE('',#8105);
#8107=ORIENTED_EDGE('',*,*,#6123,.T.);
#8109=ORIENTED_EDGE('',*,*,#8108,.T.);
#8110=ORIENTED_EDGE('',*,*,#6365,.F.);
#8111=ORIENTED_EDGE('',*,*,#8094,.F.);
#8112=EDGE_LOOP('',(#8107,#8109,#8110,#8111));
#8113=FACE_OUTER_BOUND('',#8112,.F.);
#8115=CARTESIAN_POINT('',(2.594539656665E0,5.3E-1,-7.500000043797E-2));
#8116=DIRECTION('',(0.E0,0.E0,1.E0));
#8117=DIRECTION('',(0.E0,-1.E0,0.E0));
#8118=AXIS2_PLACEMENT_3D('',#8115,#8116,#8117);
#8119=CONICAL_SURFACE('',#8118,3.249999995620E-1,4.5E1);
#8120=ORIENTED_EDGE('',*,*,#6121,.T.);
#8122=ORIENTED_EDGE('',*,*,#8121,.T.);
#8124=ORIENTED_EDGE('',*,*,#8123,.F.);
#8125=ORIENTED_EDGE('',*,*,#8108,.F.);
#8126=EDGE_LOOP('',(#8120,#8122,#8124,#8125));
#8127=FACE_OUTER_BOUND('',#8126,.F.);
#8129=CARTESIAN_POINT('',(3.135044444480E0,4.409777021661E-1,-7.5E-2));
#8130=DIRECTION('',(-5.064507986637E-1,-4.934648807493E-1,7.071067811865E-1));
#8131=DIRECTION('',(-5.064507986637E-1,-4.934648807493E-1,-7.071067811865E-1));
#8132=AXIS2_PLACEMENT_3D('',#8129,#8130,#8131);
#8133=PLANE('',#8132);
#8134=ORIENTED_EDGE('',*,*,#6119,.T.);
#8136=ORIENTED_EDGE('',*,*,#8135,.T.);
#8138=ORIENTED_EDGE('',*,*,#8137,.F.);
#8139=ORIENTED_EDGE('',*,*,#8121,.F.);
#8140=EDGE_LOOP('',(#8134,#8136,#8138,#8139));
#8141=FACE_OUTER_BOUND('',#8140,.F.);
#8143=CARTESIAN_POINT('',(3.21E0,-1.016566681595E-1,-7.500000212733E-2));
#8144=DIRECTION('',(0.E0,0.E0,1.E0));
#8145=DIRECTION('',(0.E0,-1.E0,0.E0));
#8146=AXIS2_PLACEMENT_3D('',#8143,#8144,#8145);
#8147=CONICAL_SURFACE('',#8146,3.249999978727E-1,4.5E1);
#8148=ORIENTED_EDGE('',*,*,#6117,.T.);
#8150=ORIENTED_EDGE('',*,*,#8149,.T.);
#8152=ORIENTED_EDGE('',*,*,#8151,.F.);
#8153=ORIENTED_EDGE('',*,*,#8135,.F.);
#8154=EDGE_LOOP('',(#8148,#8150,#8152,#8153));
#8155=FACE_OUTER_BOUND('',#8154,.F.);
#8157=CARTESIAN_POINT('',(3.535E0,-4.758283340798E-1,-7.5E-2));
#8158=DIRECTION('',(-7.071067811865E-1,0.E0,7.071067811865E-1));
#8159=DIRECTION('',(-7.071067811865E-1,0.E0,-7.071067811865E-1));
#8160=AXIS2_PLACEMENT_3D('',#8157,#8158,#8159);
#8161=PLANE('',#8160);
#8162=ORIENTED_EDGE('',*,*,#6115,.T.);
#8164=ORIENTED_EDGE('',*,*,#8163,.T.);
#8166=ORIENTED_EDGE('',*,*,#8165,.F.);
#8167=ORIENTED_EDGE('',*,*,#8149,.F.);
#8168=EDGE_LOOP('',(#8162,#8164,#8166,#8167));
#8169=FACE_OUTER_BOUND('',#8168,.F.);
#8171=CARTESIAN_POINT('',(3.21E0,-8.5E-1,-7.500000019927E-2));
#8172=DIRECTION('',(0.E0,0.E0,1.E0));
#8173=DIRECTION('',(0.E0,-1.E0,0.E0));
#8174=AXIS2_PLACEMENT_3D('',#8171,#8172,#8173);
#8175=CONICAL_SURFACE('',#8174,3.249999998007E-1,4.5E1);
#8176=ORIENTED_EDGE('',*,*,#6113,.T.);
#8178=ORIENTED_EDGE('',*,*,#8177,.T.);
#8179=ORIENTED_EDGE('',*,*,#7798,.F.);
#8180=ORIENTED_EDGE('',*,*,#8163,.F.);
#8181=EDGE_LOOP('',(#8176,#8178,#8179,#8180));
#8182=FACE_OUTER_BOUND('',#8181,.F.);
#8184=CARTESIAN_POINT('',(0.E0,-1.175E0,-7.5E-2));
#8185=DIRECTION('',(0.E0,7.071067811865E-1,7.071067811865E-1));
#8186=DIRECTION('',(0.E0,7.071067811865E-1,-7.071067811865E-1));
#8187=AXIS2_PLACEMENT_3D('',#8184,#8185,#8186);
#8188=PLANE('',#8187);
#8189=ORIENTED_EDGE('',*,*,#6111,.T.);
#8191=ORIENTED_EDGE('',*,*,#8190,.T.);
#8192=ORIENTED_EDGE('',*,*,#7098,.F.);
#8193=ORIENTED_EDGE('',*,*,#8177,.F.);
#8194=EDGE_LOOP('',(#8189,#8191,#8192,#8193));
#8195=FACE_OUTER_BOUND('',#8194,.F.);
#8197=CARTESIAN_POINT('',(-3.21E0,-8.5E-1,-7.500000019927E-2));
#8198=DIRECTION('',(0.E0,0.E0,1.E0));
#8199=DIRECTION('',(0.E0,-1.E0,0.E0));
#8200=AXIS2_PLACEMENT_3D('',#8197,#8198,#8199);
#8201=CONICAL_SURFACE('',#8200,3.249999998007E-1,4.5E1);
#8202=ORIENTED_EDGE('',*,*,#6109,.T.);
#8203=ORIENTED_EDGE('',*,*,#8055,.T.);
#8205=ORIENTED_EDGE('',*,*,#8204,.F.);
#8206=ORIENTED_EDGE('',*,*,#8190,.F.);
#8207=EDGE_LOOP('',(#8202,#8203,#8205,#8206));
#8208=FACE_OUTER_BOUND('',#8207,.F.);
#8210=CARTESIAN_POINT('',(-3.21E0,-8.5E-1,0.E0));
#8211=DIRECTION('',(0.E0,0.E0,1.E0));
#8212=DIRECTION('',(1.E0,0.E0,0.E0));
#8213=AXIS2_PLACEMENT_3D('',#8210,#8211,#8212);
#8214=CYLINDRICAL_SURFACE('',#8213,2.5E-1);
#8215=ORIENTED_EDGE('',*,*,#8017,.T.);
#8217=ORIENTED_EDGE('',*,*,#8216,.F.);
#8219=ORIENTED_EDGE('',*,*,#8218,.T.);
#8220=ORIENTED_EDGE('',*,*,#7148,.F.);
#8222=ORIENTED_EDGE('',*,*,#8221,.F.);
#8223=EDGE_LOOP('',(#8215,#8217,#8219,#8220,#8222));
#8224=FACE_OUTER_BOUND('',#8223,.F.);
#8226=CARTESIAN_POINT('',(-3.21E0,-8.5E-1,0.E0));
#8227=DIRECTION('',(0.E0,0.E0,1.E0));
#8228=DIRECTION('',(1.E0,0.E0,0.E0));
#8229=AXIS2_PLACEMENT_3D('',#8226,#8227,#8228);
#8230=CYLINDRICAL_SURFACE('',#8229,2.5E-1);
#8231=ORIENTED_EDGE('',*,*,#8204,.T.);
#8232=ORIENTED_EDGE('',*,*,#8041,.T.);
#8234=ORIENTED_EDGE('',*,*,#8233,.T.);
#8235=ORIENTED_EDGE('',*,*,#7100,.F.);
#8236=EDGE_LOOP('',(#8231,#8232,#8234,#8235));
#8237=FACE_OUTER_BOUND('',#8236,.F.);
#8239=CARTESIAN_POINT('',(-1.478952E1,-1.E0,-4.05E0));
#8240=DIRECTION('',(1.E0,0.E0,0.E0));
#8241=DIRECTION('',(0.E0,1.E0,0.E0));
#8242=AXIS2_PLACEMENT_3D('',#8239,#8240,#8241);
#8243=CYLINDRICAL_SURFACE('',#8242,1.5E-1);
#8244=ORIENTED_EDGE('',*,*,#7848,.F.);
#8246=ORIENTED_EDGE('',*,*,#8245,.T.);
#8248=ORIENTED_EDGE('',*,*,#8247,.T.);
#8249=ORIENTED_EDGE('',*,*,#8216,.T.);
#8250=EDGE_LOOP('',(#8244,#8246,#8248,#8249));
#8251=FACE_OUTER_BOUND('',#8250,.F.);
#8253=CARTESIAN_POINT('',(-3.21E0,-8.5E-1,0.E0));
#8254=DIRECTION('',(0.E0,0.E0,1.E0));
#8255=DIRECTION('',(1.E0,0.E0,0.E0));
#8256=AXIS2_PLACEMENT_3D('',#8253,#8254,#8255);
#8257=CYLINDRICAL_SURFACE('',#8256,5.5E-1);
#8259=ORIENTED_EDGE('',*,*,#8258,.F.);
#8261=ORIENTED_EDGE('',*,*,#8260,.F.);
#8262=ORIENTED_EDGE('',*,*,#6095,.T.);
#8263=ORIENTED_EDGE('',*,*,#7287,.T.);
#8264=EDGE_LOOP('',(#8259,#8261,#8262,#8263));
#8265=FACE_OUTER_BOUND('',#8264,.F.);
#8267=CARTESIAN_POINT('',(-3.21E0,-8.5E-1,0.E0));
#8268=DIRECTION('',(0.E0,0.E0,1.E0));
#8269=DIRECTION('',(1.E0,0.E0,0.E0));
#8270=AXIS2_PLACEMENT_3D('',#8267,#8268,#8269);
#8271=CYLINDRICAL_SURFACE('',#8270,5.5E-1);
#8273=ORIENTED_EDGE('',*,*,#8272,.F.);
#8274=ORIENTED_EDGE('',*,*,#8245,.F.);
#8276=ORIENTED_EDGE('',*,*,#8275,.T.);
#8278=ORIENTED_EDGE('',*,*,#8277,.T.);
#8279=ORIENTED_EDGE('',*,*,#7235,.T.);
#8280=EDGE_LOOP('',(#8273,#8274,#8276,#8278,#8279));
#8281=FACE_OUTER_BOUND('',#8280,.F.);
#8283=CARTESIAN_POINT('',(-2.975E0,-1.4E0,-1.4E0));
#8284=DIRECTION('',(0.E0,0.E0,1.E0));
#8285=DIRECTION('',(-1.E0,0.E0,0.E0));
#8286=AXIS2_PLACEMENT_3D('',#8283,#8284,#8285);
#8287=PLANE('',#8286);
#8289=ORIENTED_EDGE('',*,*,#8288,.F.);
#8290=ORIENTED_EDGE('',*,*,#7102,.F.);
#8291=ORIENTED_EDGE('',*,*,#8233,.F.);
#8292=ORIENTED_EDGE('',*,*,#8039,.T.);
#8294=ORIENTED_EDGE('',*,*,#8293,.F.);
#8296=ORIENTED_EDGE('',*,*,#8295,.F.);
#8297=ORIENTED_EDGE('',*,*,#8258,.T.);
#8298=ORIENTED_EDGE('',*,*,#7285,.T.);
#8299=EDGE_LOOP('',(#8289,#8290,#8291,#8292,#8294,#8296,#8297,#8298));
#8300=FACE_OUTER_BOUND('',#8299,.F.);
#8302=CARTESIAN_POINT('',(-3.075E0,5.355808E0,-1.3E0));
#8303=DIRECTION('',(0.E0,-1.E0,0.E0));
#8304=DIRECTION('',(0.E0,0.E0,-1.E0));
#8305=AXIS2_PLACEMENT_3D('',#8302,#8303,#8304);
#8306=CYLINDRICAL_SURFACE('',#8305,1.E-1);
#8307=ORIENTED_EDGE('',*,*,#7283,.T.);
#8309=ORIENTED_EDGE('',*,*,#8308,.F.);
#8310=ORIENTED_EDGE('',*,*,#7104,.T.);
#8311=ORIENTED_EDGE('',*,*,#8288,.T.);
#8312=EDGE_LOOP('',(#8307,#8309,#8310,#8311));
#8313=FACE_OUTER_BOUND('',#8312,.F.);
#8315=CARTESIAN_POINT('',(-2.975E0,-1.4E0,-1.E0));
#8316=DIRECTION('',(-1.E0,0.E0,0.E0));
#8317=DIRECTION('',(0.E0,0.E0,-1.E0));
#8318=AXIS2_PLACEMENT_3D('',#8315,#8316,#8317);
#8319=PLANE('',#8318);
#8320=ORIENTED_EDGE('',*,*,#8308,.T.);
#8321=ORIENTED_EDGE('',*,*,#7281,.F.);
#8323=ORIENTED_EDGE('',*,*,#8322,.T.);
#8324=ORIENTED_EDGE('',*,*,#7106,.T.);
#8325=EDGE_LOOP('',(#8320,#8321,#8323,#8324));
#8326=FACE_OUTER_BOUND('',#8325,.F.);
#8328=CARTESIAN_POINT('',(-2.875E0,-6.475808E0,-1.1E0));
#8329=DIRECTION('',(0.E0,1.E0,0.E0));
#8330=DIRECTION('',(-1.E0,0.E0,0.E0));
#8331=AXIS2_PLACEMENT_3D('',#8328,#8329,#8330);
#8332=CYLINDRICAL_SURFACE('',#8331,1.E-1);
#8333=ORIENTED_EDGE('',*,*,#8322,.F.);
#8334=ORIENTED_EDGE('',*,*,#7279,.T.);
#8336=ORIENTED_EDGE('',*,*,#8335,.T.);
#8337=ORIENTED_EDGE('',*,*,#7108,.T.);
#8338=EDGE_LOOP('',(#8333,#8334,#8336,#8337));
#8339=FACE_OUTER_BOUND('',#8338,.F.);
#8341=CARTESIAN_POINT('',(-1.775E0,-1.4E0,-1.E0));
#8342=DIRECTION('',(0.E0,0.E0,1.E0));
#8343=DIRECTION('',(-1.E0,0.E0,0.E0));
#8344=AXIS2_PLACEMENT_3D('',#8341,#8342,#8343);
#8345=PLANE('',#8344);
#8347=ORIENTED_EDGE('',*,*,#8346,.F.);
#8348=ORIENTED_EDGE('',*,*,#7110,.T.);
#8349=ORIENTED_EDGE('',*,*,#8335,.F.);
#8350=ORIENTED_EDGE('',*,*,#7277,.F.);
#8351=EDGE_LOOP('',(#8347,#8348,#8349,#8350));
#8352=FACE_OUTER_BOUND('',#8351,.F.);
#8354=CARTESIAN_POINT('',(-1.775E0,-1.4E0,-1.E0));
#8355=DIRECTION('',(0.E0,0.E0,1.E0));
#8356=DIRECTION('',(-1.E0,0.E0,0.E0));
#8357=AXIS2_PLACEMENT_3D('',#8354,#8355,#8356);
#8358=PLANE('',#8357);
#8360=ORIENTED_EDGE('',*,*,#8359,.F.);
#8361=ORIENTED_EDGE('',*,*,#7261,.F.);
#8363=ORIENTED_EDGE('',*,*,#8362,.T.);
#8364=ORIENTED_EDGE('',*,*,#7122,.T.);
#8365=EDGE_LOOP('',(#8360,#8361,#8363,#8364));
#8366=FACE_OUTER_BOUND('',#8365,.F.);
#8368=CARTESIAN_POINT('',(-2.825E0,5.355808E0,-9.E-1));
#8369=DIRECTION('',(0.E0,-1.E0,0.E0));
#8370=DIRECTION('',(0.E0,0.E0,-1.E0));
#8371=AXIS2_PLACEMENT_3D('',#8368,#8369,#8370);
#8372=CYLINDRICAL_SURFACE('',#8371,1.E-1);
#8373=ORIENTED_EDGE('',*,*,#7275,.T.);
#8375=ORIENTED_EDGE('',*,*,#8374,.T.);
#8377=ORIENTED_EDGE('',*,*,#8376,.F.);
#8378=ORIENTED_EDGE('',*,*,#7112,.T.);
#8379=ORIENTED_EDGE('',*,*,#8346,.T.);
#8380=EDGE_LOOP('',(#8373,#8375,#8377,#8378,#8379));
#8381=FACE_OUTER_BOUND('',#8380,.F.);
#8383=CARTESIAN_POINT('',(-2.025E0,-1.446258330249E0,-9.5E-1));
#8384=DIRECTION('',(0.E0,-5.E-1,8.660254037844E-1));
#8385=DIRECTION('',(0.E0,8.660254037844E-1,5.E-1));
#8386=AXIS2_PLACEMENT_3D('',#8383,#8384,#8385);
#8387=PLANE('',#8386);
#8389=ORIENTED_EDGE('',*,*,#8388,.T.);
#8390=ORIENTED_EDGE('',*,*,#8374,.F.);
#8391=ORIENTED_EDGE('',*,*,#7273,.F.);
#8393=ORIENTED_EDGE('',*,*,#8392,.F.);
#8395=ORIENTED_EDGE('',*,*,#8394,.F.);
#8397=ORIENTED_EDGE('',*,*,#8396,.T.);
#8398=ORIENTED_EDGE('',*,*,#7265,.T.);
#8400=ORIENTED_EDGE('',*,*,#8399,.F.);
#8402=ORIENTED_EDGE('',*,*,#8401,.F.);
#8404=ORIENTED_EDGE('',*,*,#8403,.F.);
#8405=EDGE_LOOP('',(#8389,#8390,#8391,#8393,#8395,#8397,#8398,#8400,#8402,
#8404));
#8406=FACE_OUTER_BOUND('',#8405,.F.);
#8408=CARTESIAN_POINT('',(-2.725E0,0.E0,0.E0));
#8409=DIRECTION('',(1.E0,0.E0,0.E0));
#8410=DIRECTION('',(0.E0,0.E0,-1.E0));
#8411=AXIS2_PLACEMENT_3D('',#8408,#8409,#8410);
#8412=PLANE('',#8411);
#8413=ORIENTED_EDGE('',*,*,#8376,.T.);
#8414=ORIENTED_EDGE('',*,*,#8388,.F.);
#8416=ORIENTED_EDGE('',*,*,#8415,.F.);
#8417=ORIENTED_EDGE('',*,*,#7114,.T.);
#8418=EDGE_LOOP('',(#8413,#8414,#8416,#8417));
#8419=FACE_OUTER_BOUND('',#8418,.F.);
#8421=CARTESIAN_POINT('',(-2.725E0,-1.4E0,-5.768825790646E-1));
#8422=DIRECTION('',(1.E0,0.E0,0.E0));
#8423=DIRECTION('',(0.E0,0.E0,-1.E0));
#8424=AXIS2_PLACEMENT_3D('',#8421,#8422,#8423);
#8425=CYLINDRICAL_SURFACE('',#8424,3.E-1);
#8426=ORIENTED_EDGE('',*,*,#8415,.T.);
#8427=ORIENTED_EDGE('',*,*,#8403,.T.);
#8429=ORIENTED_EDGE('',*,*,#8428,.F.);
#8430=ORIENTED_EDGE('',*,*,#7116,.F.);
#8431=EDGE_LOOP('',(#8426,#8427,#8429,#8430));
#8432=FACE_OUTER_BOUND('',#8431,.F.);
#8434=CARTESIAN_POINT('',(-2.025E0,0.E0,0.E0));
#8435=DIRECTION('',(1.E0,0.E0,0.E0));
#8436=DIRECTION('',(0.E0,0.E0,-1.E0));
#8437=AXIS2_PLACEMENT_3D('',#8434,#8435,#8436);
#8438=PLANE('',#8437);
#8440=ORIENTED_EDGE('',*,*,#8439,.T.);
#8441=ORIENTED_EDGE('',*,*,#7118,.F.);
#8442=ORIENTED_EDGE('',*,*,#8428,.T.);
#8443=ORIENTED_EDGE('',*,*,#8401,.T.);
#8444=EDGE_LOOP('',(#8440,#8441,#8442,#8443));
#8445=FACE_OUTER_BOUND('',#8444,.F.);
#8447=CARTESIAN_POINT('',(-1.925E0,-6.475808E0,-9.E-1));
#8448=DIRECTION('',(0.E0,1.E0,0.E0));
#8449=DIRECTION('',(0.E0,0.E0,-1.E0));
#8450=AXIS2_PLACEMENT_3D('',#8447,#8448,#8449);
#8451=CYLINDRICAL_SURFACE('',#8450,1.E-1);
#8452=ORIENTED_EDGE('',*,*,#7120,.T.);
#8453=ORIENTED_EDGE('',*,*,#8439,.F.);
#8454=ORIENTED_EDGE('',*,*,#8399,.T.);
#8455=ORIENTED_EDGE('',*,*,#7263,.T.);
#8456=ORIENTED_EDGE('',*,*,#8359,.T.);
#8457=EDGE_LOOP('',(#8452,#8453,#8454,#8455,#8456));
#8458=FACE_OUTER_BOUND('',#8457,.F.);
#8460=CARTESIAN_POINT('',(-2.725E0,0.E0,0.E0));
#8461=DIRECTION('',(1.E0,0.E0,0.E0));
#8462=DIRECTION('',(0.E0,0.E0,-1.E0));
#8463=AXIS2_PLACEMENT_3D('',#8460,#8461,#8462);
#8464=PLANE('',#8463);
#8465=ORIENTED_EDGE('',*,*,#8392,.T.);
#8466=ORIENTED_EDGE('',*,*,#7271,.F.);
#8468=ORIENTED_EDGE('',*,*,#8467,.T.);
#8470=ORIENTED_EDGE('',*,*,#8469,.T.);
#8472=ORIENTED_EDGE('',*,*,#8471,.T.);
#8473=EDGE_LOOP('',(#8465,#8466,#8468,#8470,#8472));
#8474=FACE_OUTER_BOUND('',#8473,.F.);
#8476=CARTESIAN_POINT('',(-2.025E0,-1.4E0,-5.768825790646E-1));
#8477=DIRECTION('',(0.E0,5.E-1,-8.660254037844E-1));
#8478=DIRECTION('',(0.E0,-8.660254037844E-1,-5.E-1));
#8479=AXIS2_PLACEMENT_3D('',#8476,#8477,#8478);
#8480=PLANE('',#8479);
#8482=ORIENTED_EDGE('',*,*,#8481,.T.);
#8484=ORIENTED_EDGE('',*,*,#8483,.T.);
#8485=ORIENTED_EDGE('',*,*,#8467,.F.);
#8486=ORIENTED_EDGE('',*,*,#7269,.F.);
#8487=EDGE_LOOP('',(#8482,#8484,#8485,#8486));
#8488=FACE_OUTER_BOUND('',#8487,.F.);
#8490=CARTESIAN_POINT('',(-2.025E0,0.E0,0.E0));
#8491=DIRECTION('',(1.E0,0.E0,0.E0));
#8492=DIRECTION('',(0.E0,0.E0,-1.E0));
#8493=AXIS2_PLACEMENT_3D('',#8490,#8491,#8492);
#8494=PLANE('',#8493);
#8495=ORIENTED_EDGE('',*,*,#8396,.F.);
#8497=ORIENTED_EDGE('',*,*,#8496,.F.);
#8499=ORIENTED_EDGE('',*,*,#8498,.F.);
#8500=ORIENTED_EDGE('',*,*,#8481,.F.);
#8501=ORIENTED_EDGE('',*,*,#7267,.T.);
#8502=EDGE_LOOP('',(#8495,#8497,#8499,#8500,#8501));
#8503=FACE_OUTER_BOUND('',#8502,.F.);
#8505=CARTESIAN_POINT('',(-2.025E0,-1.585E0,-7.096923788647E-1));
#8506=DIRECTION('',(0.E0,8.660254037844E-1,5.E-1));
#8507=DIRECTION('',(0.E0,5.E-1,-8.660254037844E-1));
#8508=AXIS2_PLACEMENT_3D('',#8505,#8506,#8507);
#8509=PLANE('',#8508);
#8510=ORIENTED_EDGE('',*,*,#8496,.T.);
#8511=ORIENTED_EDGE('',*,*,#8394,.T.);
#8512=ORIENTED_EDGE('',*,*,#8471,.F.);
#8514=ORIENTED_EDGE('',*,*,#8513,.F.);
#8515=EDGE_LOOP('',(#8510,#8511,#8512,#8514));
#8516=FACE_OUTER_BOUND('',#8515,.F.);
#8518=CARTESIAN_POINT('',(-2.025E0,-1.585E0,-6.836923788647E-1));
#8519=DIRECTION('',(0.E0,1.E0,0.E0));
#8520=DIRECTION('',(0.E0,0.E0,-1.E0));
#8521=AXIS2_PLACEMENT_3D('',#8518,#8519,#8520);
#8522=PLANE('',#8521);
#8523=ORIENTED_EDGE('',*,*,#8498,.T.);
#8524=ORIENTED_EDGE('',*,*,#8513,.T.);
#8525=ORIENTED_EDGE('',*,*,#8469,.F.);
#8526=ORIENTED_EDGE('',*,*,#8483,.F.);
#8527=EDGE_LOOP('',(#8523,#8524,#8525,#8526));
#8528=FACE_OUTER_BOUND('',#8527,.F.);
#8530=CARTESIAN_POINT('',(-1.875E0,-6.475808E0,-1.1E0));
#8531=DIRECTION('',(0.E0,1.E0,0.E0));
#8532=DIRECTION('',(0.E0,0.E0,1.E0));
#8533=AXIS2_PLACEMENT_3D('',#8530,#8531,#8532);
#8534=CYLINDRICAL_SURFACE('',#8533,1.E-1);
#8535=ORIENTED_EDGE('',*,*,#8362,.F.);
#8536=ORIENTED_EDGE('',*,*,#7259,.T.);
#8538=ORIENTED_EDGE('',*,*,#8537,.T.);
#8539=ORIENTED_EDGE('',*,*,#7124,.T.);
#8540=EDGE_LOOP('',(#8535,#8536,#8538,#8539));
#8541=FACE_OUTER_BOUND('',#8540,.F.);
#8543=CARTESIAN_POINT('',(-1.775E0,-1.4E0,-1.25E0));
#8544=DIRECTION('',(1.E0,0.E0,0.E0));
#8545=DIRECTION('',(0.E0,0.E0,1.E0));
#8546=AXIS2_PLACEMENT_3D('',#8543,#8544,#8545);
#8547=PLANE('',#8546);
#8548=ORIENTED_EDGE('',*,*,#8537,.F.);
#8549=ORIENTED_EDGE('',*,*,#7257,.F.);
#8551=ORIENTED_EDGE('',*,*,#8550,.T.);
#8552=ORIENTED_EDGE('',*,*,#7126,.T.);
#8553=EDGE_LOOP('',(#8548,#8549,#8551,#8552));
#8554=FACE_OUTER_BOUND('',#8553,.F.);
#8556=CARTESIAN_POINT('',(-1.875E0,-6.475808E0,-1.15E0));
#8557=DIRECTION('',(0.E0,1.E0,0.E0));
#8558=DIRECTION('',(1.E0,0.E0,0.E0));
#8559=AXIS2_PLACEMENT_3D('',#8556,#8557,#8558);
#8560=CYLINDRICAL_SURFACE('',#8559,1.E-1);
#8561=ORIENTED_EDGE('',*,*,#8550,.F.);
#8562=ORIENTED_EDGE('',*,*,#7255,.T.);
#8564=ORIENTED_EDGE('',*,*,#8563,.T.);
#8565=ORIENTED_EDGE('',*,*,#7128,.T.);
#8566=EDGE_LOOP('',(#8561,#8562,#8564,#8565));
#8567=FACE_OUTER_BOUND('',#8566,.F.);
#8569=CARTESIAN_POINT('',(-2.025E0,-1.4E0,-1.25E0));
#8570=DIRECTION('',(0.E0,0.E0,-1.E0));
#8571=DIRECTION('',(1.E0,0.E0,0.E0));
#8572=AXIS2_PLACEMENT_3D('',#8569,#8570,#8571);
#8573=PLANE('',#8572);
#8575=ORIENTED_EDGE('',*,*,#8574,.F.);
#8576=ORIENTED_EDGE('',*,*,#7130,.T.);
#8577=ORIENTED_EDGE('',*,*,#8563,.F.);
#8578=ORIENTED_EDGE('',*,*,#7253,.F.);
#8579=EDGE_LOOP('',(#8575,#8576,#8577,#8578));
#8580=FACE_OUTER_BOUND('',#8579,.F.);
#8582=CARTESIAN_POINT('',(-1.925E0,5.355808E0,-1.35E0));
#8583=DIRECTION('',(0.E0,-1.E0,0.E0));
#8584=DIRECTION('',(0.E0,0.E0,1.E0));
#8585=AXIS2_PLACEMENT_3D('',#8582,#8583,#8584);
#8586=CYLINDRICAL_SURFACE('',#8585,1.E-1);
#8587=ORIENTED_EDGE('',*,*,#7251,.T.);
#8589=ORIENTED_EDGE('',*,*,#8588,.F.);
#8590=ORIENTED_EDGE('',*,*,#7132,.T.);
#8591=ORIENTED_EDGE('',*,*,#8574,.T.);
#8592=EDGE_LOOP('',(#8587,#8589,#8590,#8591));
#8593=FACE_OUTER_BOUND('',#8592,.F.);
#8595=CARTESIAN_POINT('',(-2.025E0,-1.4E0,-3.2E0));
#8596=DIRECTION('',(1.E0,0.E0,0.E0));
#8597=DIRECTION('',(0.E0,0.E0,1.E0));
#8598=AXIS2_PLACEMENT_3D('',#8595,#8596,#8597);
#8599=PLANE('',#8598);
#8600=ORIENTED_EDGE('',*,*,#8588,.T.);
#8601=ORIENTED_EDGE('',*,*,#7249,.F.);
#8603=ORIENTED_EDGE('',*,*,#8602,.T.);
#8604=ORIENTED_EDGE('',*,*,#7134,.T.);
#8605=EDGE_LOOP('',(#8600,#8601,#8603,#8604));
#8606=FACE_OUTER_BOUND('',#8605,.F.);
#8608=CARTESIAN_POINT('',(-2.125E0,-6.475808E0,-3.1E0));
#8609=DIRECTION('',(0.E0,1.E0,0.E0));
#8610=DIRECTION('',(1.E0,0.E0,0.E0));
#8611=AXIS2_PLACEMENT_3D('',#8608,#8609,#8610);
#8612=CYLINDRICAL_SURFACE('',#8611,1.E-1);
#8613=ORIENTED_EDGE('',*,*,#8602,.F.);
#8614=ORIENTED_EDGE('',*,*,#7247,.T.);
#8616=ORIENTED_EDGE('',*,*,#8615,.T.);
#8617=ORIENTED_EDGE('',*,*,#7136,.T.);
#8618=EDGE_LOOP('',(#8613,#8614,#8616,#8617));
#8619=FACE_OUTER_BOUND('',#8618,.F.);
#8621=CARTESIAN_POINT('',(-2.975E0,-1.4E0,-3.2E0));
#8622=DIRECTION('',(0.E0,0.E0,-1.E0));
#8623=DIRECTION('',(1.E0,0.E0,0.E0));
#8624=AXIS2_PLACEMENT_3D('',#8621,#8622,#8623);
#8625=PLANE('',#8624);
#8626=ORIENTED_EDGE('',*,*,#8615,.F.);
#8627=ORIENTED_EDGE('',*,*,#7245,.F.);
#8629=ORIENTED_EDGE('',*,*,#8628,.T.);
#8630=ORIENTED_EDGE('',*,*,#7138,.T.);
#8631=EDGE_LOOP('',(#8626,#8627,#8629,#8630));
#8632=FACE_OUTER_BOUND('',#8631,.F.);
#8634=CARTESIAN_POINT('',(-2.875E0,-6.475808E0,-3.1E0));
#8635=DIRECTION('',(0.E0,1.E0,0.E0));
#8636=DIRECTION('',(0.E0,0.E0,-1.E0));
#8637=AXIS2_PLACEMENT_3D('',#8634,#8635,#8636);
#8638=CYLINDRICAL_SURFACE('',#8637,1.E-1);
#8639=ORIENTED_EDGE('',*,*,#8628,.F.);
#8640=ORIENTED_EDGE('',*,*,#7243,.T.);
#8642=ORIENTED_EDGE('',*,*,#8641,.T.);
#8643=ORIENTED_EDGE('',*,*,#7140,.T.);
#8644=EDGE_LOOP('',(#8639,#8640,#8642,#8643));
#8645=FACE_OUTER_BOUND('',#8644,.F.);
#8647=CARTESIAN_POINT('',(-2.975E0,-1.4E0,-2.9E0));
#8648=DIRECTION('',(-1.E0,0.E0,0.E0));
#8649=DIRECTION('',(0.E0,0.E0,-1.E0));
#8650=AXIS2_PLACEMENT_3D('',#8647,#8648,#8649);
#8651=PLANE('',#8650);
#8653=ORIENTED_EDGE('',*,*,#8652,.F.);
#8654=ORIENTED_EDGE('',*,*,#7142,.T.);
#8655=ORIENTED_EDGE('',*,*,#8641,.F.);
#8656=ORIENTED_EDGE('',*,*,#7241,.F.);
#8657=EDGE_LOOP('',(#8653,#8654,#8655,#8656));
#8658=FACE_OUTER_BOUND('',#8657,.F.);
#8660=CARTESIAN_POINT('',(-3.075E0,5.355808E0,-3.E0));
#8661=DIRECTION('',(0.E0,-1.E0,0.E0));
#8662=DIRECTION('',(1.E0,0.E0,0.E0));
#8663=AXIS2_PLACEMENT_3D('',#8660,#8661,#8662);
#8664=CYLINDRICAL_SURFACE('',#8663,1.E-1);
#8665=ORIENTED_EDGE('',*,*,#7239,.T.);
#8667=ORIENTED_EDGE('',*,*,#8666,.F.);
#8668=ORIENTED_EDGE('',*,*,#7144,.T.);
#8669=ORIENTED_EDGE('',*,*,#8652,.T.);
#8670=EDGE_LOOP('',(#8665,#8667,#8668,#8669));
#8671=FACE_OUTER_BOUND('',#8670,.F.);
#8673=CARTESIAN_POINT('',(-3.76E0,-1.4E0,-2.9E0));
#8674=DIRECTION('',(0.E0,0.E0,-1.E0));
#8675=DIRECTION('',(1.E0,0.E0,0.E0));
#8676=AXIS2_PLACEMENT_3D('',#8673,#8674,#8675);
#8677=PLANE('',#8676);
#8678=ORIENTED_EDGE('',*,*,#8666,.T.);
#8679=ORIENTED_EDGE('',*,*,#7237,.F.);
#8680=ORIENTED_EDGE('',*,*,#8277,.F.);
#8682=ORIENTED_EDGE('',*,*,#8681,.T.);
#8684=ORIENTED_EDGE('',*,*,#8683,.F.);
#8685=ORIENTED_EDGE('',*,*,#8019,.F.);
#8686=ORIENTED_EDGE('',*,*,#8221,.T.);
#8687=ORIENTED_EDGE('',*,*,#7146,.T.);
#8688=EDGE_LOOP('',(#8678,#8679,#8680,#8682,#8684,#8685,#8686,#8687));
#8689=FACE_OUTER_BOUND('',#8688,.F.);
#8691=CARTESIAN_POINT('',(-3.76E0,-1.016566681595E-1,0.E0));
#8692=DIRECTION('',(-1.E0,0.E0,0.E0));
#8693=DIRECTION('',(0.E0,-1.E0,0.E0));
#8694=AXIS2_PLACEMENT_3D('',#8691,#8692,#8693);
#8695=PLANE('',#8694);
#8696=ORIENTED_EDGE('',*,*,#8295,.T.);
#8698=ORIENTED_EDGE('',*,*,#8697,.F.);
#8700=ORIENTED_EDGE('',*,*,#8699,.T.);
#8702=ORIENTED_EDGE('',*,*,#8701,.F.);
#8704=ORIENTED_EDGE('',*,*,#8703,.T.);
#8706=ORIENTED_EDGE('',*,*,#8705,.F.);
#8708=ORIENTED_EDGE('',*,*,#8707,.F.);
#8710=ORIENTED_EDGE('',*,*,#8709,.F.);
#8712=ORIENTED_EDGE('',*,*,#8711,.T.);
#8714=ORIENTED_EDGE('',*,*,#8713,.F.);
#8715=ORIENTED_EDGE('',*,*,#8681,.F.);
#8716=ORIENTED_EDGE('',*,*,#8275,.F.);
#8717=ORIENTED_EDGE('',*,*,#7846,.F.);
#8719=ORIENTED_EDGE('',*,*,#8718,.F.);
#8721=ORIENTED_EDGE('',*,*,#8720,.F.);
#8722=ORIENTED_EDGE('',*,*,#6097,.T.);
#8723=ORIENTED_EDGE('',*,*,#8260,.T.);
#8724=EDGE_LOOP('',(#8696,#8698,#8700,#8702,#8704,#8706,#8708,#8710,#8712,#8714,
#8715,#8716,#8717,#8719,#8721,#8722,#8723));
#8725=FACE_OUTER_BOUND('',#8724,.F.);
#8727=CARTESIAN_POINT('',(-1.478952E1,-4.5E-1,-1.5E0));
#8728=DIRECTION('',(1.E0,0.E0,0.E0));
#8729=DIRECTION('',(0.E0,1.E0,0.E0));
#8730=AXIS2_PLACEMENT_3D('',#8727,#8728,#8729);
#8731=CYLINDRICAL_SURFACE('',#8730,1.E-1);
#8733=ORIENTED_EDGE('',*,*,#8732,.F.);
#8734=ORIENTED_EDGE('',*,*,#8697,.T.);
#8735=ORIENTED_EDGE('',*,*,#8293,.T.);
#8736=ORIENTED_EDGE('',*,*,#8037,.T.);
#8737=EDGE_LOOP('',(#8733,#8734,#8735,#8736));
#8738=FACE_OUTER_BOUND('',#8737,.F.);
#8740=CARTESIAN_POINT('',(0.E0,-3.5E-1,0.E0));
#8741=DIRECTION('',(0.E0,-1.E0,0.E0));
#8742=DIRECTION('',(0.E0,0.E0,-1.E0));
#8743=AXIS2_PLACEMENT_3D('',#8740,#8741,#8742);
#8744=PLANE('',#8743);
#8746=ORIENTED_EDGE('',*,*,#8745,.T.);
#8747=ORIENTED_EDGE('',*,*,#8711,.F.);
#8749=ORIENTED_EDGE('',*,*,#8748,.T.);
#8750=ORIENTED_EDGE('',*,*,#8023,.T.);
#8751=EDGE_LOOP('',(#8746,#8747,#8749,#8750));
#8752=FACE_OUTER_BOUND('',#8751,.F.);
#8754=CARTESIAN_POINT('',(0.E0,-3.5E-1,0.E0));
#8755=DIRECTION('',(0.E0,-1.E0,0.E0));
#8756=DIRECTION('',(0.E0,0.E0,-1.E0));
#8757=AXIS2_PLACEMENT_3D('',#8754,#8755,#8756);
#8758=PLANE('',#8757);
#8759=ORIENTED_EDGE('',*,*,#8732,.T.);
#8760=ORIENTED_EDGE('',*,*,#8035,.T.);
#8762=ORIENTED_EDGE('',*,*,#8761,.T.);
#8763=ORIENTED_EDGE('',*,*,#8699,.F.);
#8764=EDGE_LOOP('',(#8759,#8760,#8762,#8763));
#8765=FACE_OUTER_BOUND('',#8764,.F.);
#8767=CARTESIAN_POINT('',(0.E0,-3.5E-1,0.E0));
#8768=DIRECTION('',(0.E0,-1.E0,0.E0));
#8769=DIRECTION('',(0.E0,0.E0,-1.E0));
#8770=AXIS2_PLACEMENT_3D('',#8767,#8768,#8769);
#8771=PLANE('',#8770);
#8773=ORIENTED_EDGE('',*,*,#8772,.T.);
#8774=ORIENTED_EDGE('',*,*,#7383,.T.);
#8776=ORIENTED_EDGE('',*,*,#8775,.T.);
#8778=ORIENTED_EDGE('',*,*,#8777,.F.);
#8779=EDGE_LOOP('',(#8773,#8774,#8776,#8778));
#8780=FACE_OUTER_BOUND('',#8779,.F.);
#8782=CARTESIAN_POINT('',(0.E0,-3.5E-1,0.E0));
#8783=DIRECTION('',(0.E0,-1.E0,0.E0));
#8784=DIRECTION('',(0.E0,0.E0,-1.E0));
#8785=AXIS2_PLACEMENT_3D('',#8782,#8783,#8784);
#8786=PLANE('',#8785);
#8788=ORIENTED_EDGE('',*,*,#8787,.T.);
#8790=ORIENTED_EDGE('',*,*,#8789,.F.);
#8792=ORIENTED_EDGE('',*,*,#8791,.T.);
#8793=ORIENTED_EDGE('',*,*,#7371,.T.);
#8794=EDGE_LOOP('',(#8788,#8790,#8792,#8793));
#8795=FACE_OUTER_BOUND('',#8794,.F.);
#8797=CARTESIAN_POINT('',(1.456529084906E1,-4.5E-1,-2.8E0));
#8798=DIRECTION('',(-1.E0,0.E0,0.E0));
#8799=DIRECTION('',(0.E0,1.E0,0.E0));
#8800=AXIS2_PLACEMENT_3D('',#8797,#8798,#8799);
#8801=CYLINDRICAL_SURFACE('',#8800,1.E-1);
#8802=ORIENTED_EDGE('',*,*,#8745,.F.);
#8803=ORIENTED_EDGE('',*,*,#8021,.T.);
#8804=ORIENTED_EDGE('',*,*,#8683,.T.);
#8805=ORIENTED_EDGE('',*,*,#8713,.T.);
#8806=EDGE_LOOP('',(#8802,#8803,#8804,#8805));
#8807=FACE_OUTER_BOUND('',#8806,.F.);
#8809=CARTESIAN_POINT('',(-1.478952E1,-4.5E-1,-2.7E0));
#8810=DIRECTION('',(1.E0,0.E0,0.E0));
#8811=DIRECTION('',(0.E0,1.E0,0.E0));
#8812=AXIS2_PLACEMENT_3D('',#8809,#8810,#8811);
#8813=CYLINDRICAL_SURFACE('',#8812,1.E-1);
#8814=ORIENTED_EDGE('',*,*,#8748,.F.);
#8815=ORIENTED_EDGE('',*,*,#8709,.T.);
#8817=ORIENTED_EDGE('',*,*,#8816,.T.);
#8818=ORIENTED_EDGE('',*,*,#8025,.T.);
#8819=EDGE_LOOP('',(#8814,#8815,#8817,#8818));
#8820=FACE_OUTER_BOUND('',#8819,.F.);
#8822=CARTESIAN_POINT('',(0.E0,0.E0,-2.6E0));
#8823=DIRECTION('',(0.E0,0.E0,1.E0));
#8824=DIRECTION('',(1.E0,0.E0,0.E0));
#8825=AXIS2_PLACEMENT_3D('',#8822,#8823,#8824);
#8826=PLANE('',#8825);
#8827=ORIENTED_EDGE('',*,*,#8816,.F.);
#8828=ORIENTED_EDGE('',*,*,#8707,.T.);
#8830=ORIENTED_EDGE('',*,*,#8829,.T.);
#8832=ORIENTED_EDGE('',*,*,#8831,.T.);
#8834=ORIENTED_EDGE('',*,*,#8833,.T.);
#8836=ORIENTED_EDGE('',*,*,#8835,.T.);
#8838=ORIENTED_EDGE('',*,*,#8837,.F.);
#8840=ORIENTED_EDGE('',*,*,#8839,.T.);
#8842=ORIENTED_EDGE('',*,*,#8841,.F.);
#8844=ORIENTED_EDGE('',*,*,#8843,.T.);
#8846=ORIENTED_EDGE('',*,*,#8845,.T.);
#8848=ORIENTED_EDGE('',*,*,#8847,.T.);
#8850=ORIENTED_EDGE('',*,*,#8849,.T.);
#8851=ORIENTED_EDGE('',*,*,#8027,.T.);
#8852=EDGE_LOOP('',(#8827,#8828,#8830,#8832,#8834,#8836,#8838,#8840,#8842,#8844,
#8846,#8848,#8850,#8851));
#8853=FACE_OUTER_BOUND('',#8852,.F.);
#8855=CARTESIAN_POINT('',(0.E0,0.E0,-2.6E0));
#8856=DIRECTION('',(0.E0,0.E0,1.E0));
#8857=DIRECTION('',(1.E0,0.E0,0.E0));
#8858=AXIS2_PLACEMENT_3D('',#8855,#8856,#8857);
#8859=PLANE('',#8858);
#8861=ORIENTED_EDGE('',*,*,#8860,.F.);
#8863=ORIENTED_EDGE('',*,*,#8862,.T.);
#8865=ORIENTED_EDGE('',*,*,#8864,.T.);
#8867=ORIENTED_EDGE('',*,*,#8866,.T.);
#8869=ORIENTED_EDGE('',*,*,#8868,.T.);
#8871=ORIENTED_EDGE('',*,*,#8870,.T.);
#8873=ORIENTED_EDGE('',*,*,#8872,.F.);
#8875=ORIENTED_EDGE('',*,*,#8874,.T.);
#8877=ORIENTED_EDGE('',*,*,#8876,.F.);
#8879=ORIENTED_EDGE('',*,*,#8878,.T.);
#8881=ORIENTED_EDGE('',*,*,#8880,.T.);
#8883=ORIENTED_EDGE('',*,*,#8882,.T.);
#8885=ORIENTED_EDGE('',*,*,#8884,.T.);
#8886=ORIENTED_EDGE('',*,*,#7375,.T.);
#8887=EDGE_LOOP('',(#8861,#8863,#8865,#8867,#8869,#8871,#8873,#8875,#8877,#8879,
#8881,#8883,#8885,#8886));
#8888=FACE_OUTER_BOUND('',#8887,.F.);
#8890=CARTESIAN_POINT('',(-4.01E0,-6.87E-1,-2.6E0));
#8891=DIRECTION('',(0.E0,0.E0,1.E0));
#8892=DIRECTION('',(1.E0,0.E0,0.E0));
#8893=AXIS2_PLACEMENT_3D('',#8890,#8891,#8892);
#8894=CYLINDRICAL_SURFACE('',#8893,2.5E-1);
#8895=ORIENTED_EDGE('',*,*,#8829,.F.);
#8896=ORIENTED_EDGE('',*,*,#8705,.T.);
#8898=ORIENTED_EDGE('',*,*,#8897,.T.);
#8900=ORIENTED_EDGE('',*,*,#8899,.F.);
#8901=EDGE_LOOP('',(#8895,#8896,#8898,#8900));
#8902=FACE_OUTER_BOUND('',#8901,.F.);
#8904=CARTESIAN_POINT('',(0.E0,0.E0,-1.7E0));
#8905=DIRECTION('',(0.E0,0.E0,1.E0));
#8906=DIRECTION('',(1.E0,0.E0,0.E0));
#8907=AXIS2_PLACEMENT_3D('',#8904,#8905,#8906);
#8908=PLANE('',#8907);
#8910=ORIENTED_EDGE('',*,*,#8909,.F.);
#8911=ORIENTED_EDGE('',*,*,#8031,.F.);
#8913=ORIENTED_EDGE('',*,*,#8912,.F.);
#8915=ORIENTED_EDGE('',*,*,#8914,.F.);
#8917=ORIENTED_EDGE('',*,*,#8916,.F.);
#8919=ORIENTED_EDGE('',*,*,#8918,.F.);
#8921=ORIENTED_EDGE('',*,*,#8920,.T.);
#8923=ORIENTED_EDGE('',*,*,#8922,.F.);
#8925=ORIENTED_EDGE('',*,*,#8924,.T.);
#8927=ORIENTED_EDGE('',*,*,#8926,.F.);
#8929=ORIENTED_EDGE('',*,*,#8928,.F.);
#8931=ORIENTED_EDGE('',*,*,#8930,.F.);
#8932=ORIENTED_EDGE('',*,*,#8897,.F.);
#8933=ORIENTED_EDGE('',*,*,#8703,.F.);
#8934=EDGE_LOOP('',(#8910,#8911,#8913,#8915,#8917,#8919,#8921,#8923,#8925,#8927,
#8929,#8931,#8932,#8933));
#8935=FACE_OUTER_BOUND('',#8934,.F.);
#8937=CARTESIAN_POINT('',(0.E0,0.E0,-1.7E0));
#8938=DIRECTION('',(0.E0,0.E0,1.E0));
#8939=DIRECTION('',(1.E0,0.E0,0.E0));
#8940=AXIS2_PLACEMENT_3D('',#8937,#8938,#8939);
#8941=PLANE('',#8940);
#8943=ORIENTED_EDGE('',*,*,#8942,.F.);
#8944=ORIENTED_EDGE('',*,*,#7379,.F.);
#8946=ORIENTED_EDGE('',*,*,#8945,.F.);
#8948=ORIENTED_EDGE('',*,*,#8947,.F.);
#8950=ORIENTED_EDGE('',*,*,#8949,.F.);
#8952=ORIENTED_EDGE('',*,*,#8951,.F.);
#8954=ORIENTED_EDGE('',*,*,#8953,.T.);
#8956=ORIENTED_EDGE('',*,*,#8955,.F.);
#8958=ORIENTED_EDGE('',*,*,#8957,.T.);
#8960=ORIENTED_EDGE('',*,*,#8959,.F.);
#8962=ORIENTED_EDGE('',*,*,#8961,.F.);
#8964=ORIENTED_EDGE('',*,*,#8963,.F.);
#8966=ORIENTED_EDGE('',*,*,#8965,.F.);
#8968=ORIENTED_EDGE('',*,*,#8967,.F.);
#8969=EDGE_LOOP('',(#8943,#8944,#8946,#8948,#8950,#8952,#8954,#8956,#8958,#8960,
#8962,#8964,#8966,#8968));
#8970=FACE_OUTER_BOUND('',#8969,.F.);
#8972=CARTESIAN_POINT('',(1.478952E1,-4.5E-1,-1.6E0));
#8973=DIRECTION('',(-1.E0,0.E0,0.E0));
#8974=DIRECTION('',(0.E0,1.E0,0.E0));
#8975=AXIS2_PLACEMENT_3D('',#8972,#8973,#8974);
#8976=CYLINDRICAL_SURFACE('',#8975,1.E-1);
#8977=ORIENTED_EDGE('',*,*,#8761,.F.);
#8978=ORIENTED_EDGE('',*,*,#8033,.T.);
#8979=ORIENTED_EDGE('',*,*,#8909,.T.);
#8980=ORIENTED_EDGE('',*,*,#8701,.T.);
#8981=EDGE_LOOP('',(#8977,#8978,#8979,#8980));
#8982=FACE_OUTER_BOUND('',#8981,.F.);
#8984=CARTESIAN_POINT('',(-4.01E0,-6.87E-1,-2.6E0));
#8985=DIRECTION('',(0.E0,0.E0,1.E0));
#8986=DIRECTION('',(1.E0,0.E0,0.E0));
#8987=AXIS2_PLACEMENT_3D('',#8984,#8985,#8986);
#8988=CYLINDRICAL_SURFACE('',#8987,5.5E-1);
#8989=ORIENTED_EDGE('',*,*,#8849,.F.);
#8991=ORIENTED_EDGE('',*,*,#8990,.T.);
#8992=ORIENTED_EDGE('',*,*,#8912,.T.);
#8993=ORIENTED_EDGE('',*,*,#8029,.F.);
#8994=EDGE_LOOP('',(#8989,#8991,#8992,#8993));
#8995=FACE_OUTER_BOUND('',#8994,.F.);
#8997=CARTESIAN_POINT('',(-3.715382625511E0,-1.160520435303E0,-2.6E0));
#8998=DIRECTION('',(6.615305020432E-1,-7.499182587899E-1,0.E0));
#8999=DIRECTION('',(7.499182587899E-1,6.615305020432E-1,0.E0));
#9000=AXIS2_PLACEMENT_3D('',#8997,#8998,#8999);
#9001=PLANE('',#9000);
#9002=ORIENTED_EDGE('',*,*,#8847,.F.);
#9004=ORIENTED_EDGE('',*,*,#9003,.T.);
#9005=ORIENTED_EDGE('',*,*,#8914,.T.);
#9006=ORIENTED_EDGE('',*,*,#8990,.F.);
#9007=EDGE_LOOP('',(#9002,#9004,#9005,#9006));
#9008=FACE_OUTER_BOUND('',#9007,.F.);
#9010=CARTESIAN_POINT('',(-3.55E0,-1.348E0,-2.6E0));
#9011=DIRECTION('',(0.E0,0.E0,1.E0));
#9012=DIRECTION('',(1.E0,0.E0,0.E0));
#9013=AXIS2_PLACEMENT_3D('',#9010,#9011,#9012);
#9014=CYLINDRICAL_SURFACE('',#9013,2.5E-1);
#9015=ORIENTED_EDGE('',*,*,#8845,.F.);
#9017=ORIENTED_EDGE('',*,*,#9016,.T.);
#9018=ORIENTED_EDGE('',*,*,#8916,.T.);
#9019=ORIENTED_EDGE('',*,*,#9003,.F.);
#9020=EDGE_LOOP('',(#9015,#9017,#9018,#9019));
#9021=FACE_OUTER_BOUND('',#9020,.F.);
#9023=CARTESIAN_POINT('',(-3.8E0,-2.2E0,-2.6E0));
#9024=DIRECTION('',(1.E0,0.E0,0.E0));
#9025=DIRECTION('',(0.E0,1.E0,0.E0));
#9026=AXIS2_PLACEMENT_3D('',#9023,#9024,#9025);
#9027=PLANE('',#9026);
#9029=ORIENTED_EDGE('',*,*,#9028,.T.);
#9030=ORIENTED_EDGE('',*,*,#8918,.T.);
#9031=ORIENTED_EDGE('',*,*,#9016,.F.);
#9032=ORIENTED_EDGE('',*,*,#8843,.F.);
#9033=EDGE_LOOP('',(#9029,#9030,#9031,#9032));
#9034=FACE_OUTER_BOUND('',#9033,.F.);
#9036=CARTESIAN_POINT('',(-3.8E0,-2.070096189432E0,-1.7E0));
#9037=DIRECTION('',(-8.660254037844E-1,5.E-1,0.E0));
#9038=DIRECTION('',(-5.E-1,-8.660254037844E-1,0.E0));
#9039=AXIS2_PLACEMENT_3D('',#9036,#9037,#9038);
#9040=PLANE('',#9039);
#9041=ORIENTED_EDGE('',*,*,#8841,.T.);
#9043=ORIENTED_EDGE('',*,*,#9042,.T.);
#9044=ORIENTED_EDGE('',*,*,#8920,.F.);
#9045=ORIENTED_EDGE('',*,*,#9028,.F.);
#9046=EDGE_LOOP('',(#9041,#9043,#9044,#9045));
#9047=FACE_OUTER_BOUND('',#9046,.F.);
#9049=CARTESIAN_POINT('',(-4.1E0,-2.2E0,-2.6E0));
#9050=DIRECTION('',(0.E0,-1.E0,0.E0));
#9051=DIRECTION('',(1.E0,0.E0,0.E0));
#9052=AXIS2_PLACEMENT_3D('',#9049,#9050,#9051);
#9053=PLANE('',#9052);
#9055=ORIENTED_EDGE('',*,*,#9054,.T.);
#9056=ORIENTED_EDGE('',*,*,#8922,.T.);
#9057=ORIENTED_EDGE('',*,*,#9042,.F.);
#9058=ORIENTED_EDGE('',*,*,#8839,.F.);
#9059=EDGE_LOOP('',(#9055,#9056,#9057,#9058));
#9060=FACE_OUTER_BOUND('',#9059,.F.);
#9062=CARTESIAN_POINT('',(-4.025E0,-2.2E0,-1.7E0));
#9063=DIRECTION('',(8.660254037844E-1,5.E-1,0.E0));
#9064=DIRECTION('',(-5.E-1,8.660254037844E-1,0.E0));
#9065=AXIS2_PLACEMENT_3D('',#9062,#9063,#9064);
#9066=PLANE('',#9065);
#9067=ORIENTED_EDGE('',*,*,#8837,.T.);
#9069=ORIENTED_EDGE('',*,*,#9068,.T.);
#9070=ORIENTED_EDGE('',*,*,#8924,.F.);
#9071=ORIENTED_EDGE('',*,*,#9054,.F.);
#9072=EDGE_LOOP('',(#9067,#9069,#9070,#9071));
#9073=FACE_OUTER_BOUND('',#9072,.F.);
#9075=CARTESIAN_POINT('',(-4.1E0,-1.348E0,-2.6E0));
#9076=DIRECTION('',(-1.E0,0.E0,0.E0));
#9077=DIRECTION('',(0.E0,-1.E0,0.E0));
#9078=AXIS2_PLACEMENT_3D('',#9075,#9076,#9077);
#9079=PLANE('',#9078);
#9080=ORIENTED_EDGE('',*,*,#9068,.F.);
#9081=ORIENTED_EDGE('',*,*,#8835,.F.);
#9083=ORIENTED_EDGE('',*,*,#9082,.T.);
#9084=ORIENTED_EDGE('',*,*,#8926,.T.);
#9085=EDGE_LOOP('',(#9080,#9081,#9083,#9084));
#9086=FACE_OUTER_BOUND('',#9085,.F.);
#9088=CARTESIAN_POINT('',(-3.55E0,-1.348E0,-2.6E0));
#9089=DIRECTION('',(0.E0,0.E0,1.E0));
#9090=DIRECTION('',(1.E0,0.E0,0.E0));
#9091=AXIS2_PLACEMENT_3D('',#9088,#9089,#9090);
#9092=CYLINDRICAL_SURFACE('',#9091,5.5E-1);
#9093=ORIENTED_EDGE('',*,*,#8833,.F.);
#9095=ORIENTED_EDGE('',*,*,#9094,.T.);
#9096=ORIENTED_EDGE('',*,*,#8928,.T.);
#9097=ORIENTED_EDGE('',*,*,#9082,.F.);
#9098=EDGE_LOOP('',(#9093,#9095,#9096,#9097));
#9099=FACE_OUTER_BOUND('',#9098,.F.);
#9101=CARTESIAN_POINT('',(-3.844617374489E0,-8.744795646975E-1,-2.6E0));
#9102=DIRECTION('',(-6.615305020432E-1,7.499182587899E-1,0.E0));
#9103=DIRECTION('',(-7.499182587899E-1,-6.615305020432E-1,0.E0));
#9104=AXIS2_PLACEMENT_3D('',#9101,#9102,#9103);
#9105=PLANE('',#9104);
#9106=ORIENTED_EDGE('',*,*,#8831,.F.);
#9107=ORIENTED_EDGE('',*,*,#8899,.T.);
#9108=ORIENTED_EDGE('',*,*,#8930,.T.);
#9109=ORIENTED_EDGE('',*,*,#9094,.F.);
#9110=EDGE_LOOP('',(#9106,#9107,#9108,#9109));
#9111=FACE_OUTER_BOUND('',#9110,.F.);
#9113=CARTESIAN_POINT('',(1.478952E1,-4.5E-1,-1.6E0));
#9114=DIRECTION('',(-1.E0,0.E0,0.E0));
#9115=DIRECTION('',(0.E0,1.E0,0.E0));
#9116=AXIS2_PLACEMENT_3D('',#9113,#9114,#9115);
#9117=CYLINDRICAL_SURFACE('',#9116,1.E-1);
#9118=ORIENTED_EDGE('',*,*,#8775,.F.);
#9119=ORIENTED_EDGE('',*,*,#7381,.T.);
#9120=ORIENTED_EDGE('',*,*,#8942,.T.);
#9122=ORIENTED_EDGE('',*,*,#9121,.T.);
#9123=EDGE_LOOP('',(#9118,#9119,#9120,#9122));
#9124=FACE_OUTER_BOUND('',#9123,.F.);
#9126=CARTESIAN_POINT('',(3.46E0,-1.016566681595E-1,0.E0));
#9127=DIRECTION('',(-1.E0,0.E0,0.E0));
#9128=DIRECTION('',(0.E0,-1.E0,0.E0));
#9129=AXIS2_PLACEMENT_3D('',#9126,#9127,#9128);
#9130=PLANE('',#9129);
#9131=ORIENTED_EDGE('',*,*,#8165,.T.);
#9132=ORIENTED_EDGE('',*,*,#7802,.T.);
#9133=ORIENTED_EDGE('',*,*,#7324,.T.);
#9135=ORIENTED_EDGE('',*,*,#9134,.F.);
#9136=ORIENTED_EDGE('',*,*,#8777,.T.);
#9137=ORIENTED_EDGE('',*,*,#9121,.F.);
#9138=ORIENTED_EDGE('',*,*,#8967,.T.);
#9140=ORIENTED_EDGE('',*,*,#9139,.F.);
#9141=ORIENTED_EDGE('',*,*,#8862,.F.);
#9143=ORIENTED_EDGE('',*,*,#9142,.F.);
#9144=ORIENTED_EDGE('',*,*,#8789,.T.);
#9146=ORIENTED_EDGE('',*,*,#9145,.F.);
#9147=ORIENTED_EDGE('',*,*,#7410,.F.);
#9148=ORIENTED_EDGE('',*,*,#7786,.F.);
#9149=ORIENTED_EDGE('',*,*,#7870,.F.);
#9151=ORIENTED_EDGE('',*,*,#9150,.F.);
#9153=ORIENTED_EDGE('',*,*,#9152,.F.);
#9154=EDGE_LOOP('',(#9131,#9132,#9133,#9135,#9136,#9137,#9138,#9140,#9141,#9143,
#9144,#9146,#9147,#9148,#9149,#9151,#9153));
#9155=FACE_OUTER_BOUND('',#9154,.F.);
#9157=CARTESIAN_POINT('',(-1.477310935500E1,-4.5E-1,-1.5E0));
#9158=DIRECTION('',(1.E0,0.E0,0.E0));
#9159=DIRECTION('',(0.E0,1.E0,0.E0));
#9160=AXIS2_PLACEMENT_3D('',#9157,#9158,#9159);
#9161=CYLINDRICAL_SURFACE('',#9160,1.E-1);
#9162=ORIENTED_EDGE('',*,*,#8772,.F.);
#9163=ORIENTED_EDGE('',*,*,#9134,.T.);
#9164=ORIENTED_EDGE('',*,*,#7322,.T.);
#9165=ORIENTED_EDGE('',*,*,#7385,.T.);
#9166=EDGE_LOOP('',(#9162,#9163,#9164,#9165));
#9167=FACE_OUTER_BOUND('',#9166,.F.);
#9169=CARTESIAN_POINT('',(4.01E0,-6.87E-1,-2.6E0));
#9170=DIRECTION('',(0.E0,0.E0,1.E0));
#9171=DIRECTION('',(1.E0,0.E0,0.E0));
#9172=AXIS2_PLACEMENT_3D('',#9169,#9170,#9171);
#9173=CYLINDRICAL_SURFACE('',#9172,5.5E-1);
#9174=ORIENTED_EDGE('',*,*,#8864,.F.);
#9175=ORIENTED_EDGE('',*,*,#9139,.T.);
#9176=ORIENTED_EDGE('',*,*,#8965,.T.);
#9178=ORIENTED_EDGE('',*,*,#9177,.F.);
#9179=EDGE_LOOP('',(#9174,#9175,#9176,#9178));
#9180=FACE_OUTER_BOUND('',#9179,.F.);
#9182=CARTESIAN_POINT('',(3.646158223876E0,-1.099455042334E0,-2.6E0));
#9183=DIRECTION('',(-6.615305020432E-1,-7.499182587899E-1,0.E0));
#9184=DIRECTION('',(7.499182587899E-1,-6.615305020432E-1,0.E0));
#9185=AXIS2_PLACEMENT_3D('',#9182,#9183,#9184);
#9186=PLANE('',#9185);
#9187=ORIENTED_EDGE('',*,*,#8866,.F.);
#9188=ORIENTED_EDGE('',*,*,#9177,.T.);
#9189=ORIENTED_EDGE('',*,*,#8963,.T.);
#9191=ORIENTED_EDGE('',*,*,#9190,.F.);
#9192=EDGE_LOOP('',(#9187,#9188,#9189,#9191));
#9193=FACE_OUTER_BOUND('',#9192,.F.);
#9195=CARTESIAN_POINT('',(3.55E0,-1.348E0,-2.6E0));
#9196=DIRECTION('',(0.E0,0.E0,1.E0));
#9197=DIRECTION('',(1.E0,0.E0,0.E0));
#9198=AXIS2_PLACEMENT_3D('',#9195,#9196,#9197);
#9199=CYLINDRICAL_SURFACE('',#9198,2.5E-1);
#9200=ORIENTED_EDGE('',*,*,#8868,.F.);
#9201=ORIENTED_EDGE('',*,*,#9190,.T.);
#9202=ORIENTED_EDGE('',*,*,#8961,.T.);
#9204=ORIENTED_EDGE('',*,*,#9203,.F.);
#9205=EDGE_LOOP('',(#9200,#9201,#9202,#9204));
#9206=FACE_OUTER_BOUND('',#9205,.F.);
#9208=CARTESIAN_POINT('',(3.8E0,-1.348E0,-2.6E0));
#9209=DIRECTION('',(-1.E0,0.E0,0.E0));
#9210=DIRECTION('',(0.E0,-1.E0,0.E0));
#9211=AXIS2_PLACEMENT_3D('',#9208,#9209,#9210);
#9212=PLANE('',#9211);
#9214=ORIENTED_EDGE('',*,*,#9213,.F.);
#9215=ORIENTED_EDGE('',*,*,#8870,.F.);
#9216=ORIENTED_EDGE('',*,*,#9203,.T.);
#9217=ORIENTED_EDGE('',*,*,#8959,.T.);
#9218=EDGE_LOOP('',(#9214,#9215,#9216,#9217));
#9219=FACE_OUTER_BOUND('',#9218,.F.);
#9221=CARTESIAN_POINT('',(3.875E0,-2.2E0,-1.7E0));
#9222=DIRECTION('',(8.660254037844E-1,5.E-1,0.E0));
#9223=DIRECTION('',(-5.E-1,8.660254037844E-1,0.E0));
#9224=AXIS2_PLACEMENT_3D('',#9221,#9222,#9223);
#9225=PLANE('',#9224);
#9226=ORIENTED_EDGE('',*,*,#8872,.T.);
#9227=ORIENTED_EDGE('',*,*,#9213,.T.);
#9228=ORIENTED_EDGE('',*,*,#8957,.F.);
#9230=ORIENTED_EDGE('',*,*,#9229,.F.);
#9231=EDGE_LOOP('',(#9226,#9227,#9228,#9230));
#9232=FACE_OUTER_BOUND('',#9231,.F.);
#9234=CARTESIAN_POINT('',(3.8E0,-2.2E0,-2.6E0));
#9235=DIRECTION('',(0.E0,-1.E0,0.E0));
#9236=DIRECTION('',(1.E0,0.E0,0.E0));
#9237=AXIS2_PLACEMENT_3D('',#9234,#9235,#9236);
#9238=PLANE('',#9237);
#9240=ORIENTED_EDGE('',*,*,#9239,.F.);
#9241=ORIENTED_EDGE('',*,*,#8874,.F.);
#9242=ORIENTED_EDGE('',*,*,#9229,.T.);
#9243=ORIENTED_EDGE('',*,*,#8955,.T.);
#9244=EDGE_LOOP('',(#9240,#9241,#9242,#9243));
#9245=FACE_OUTER_BOUND('',#9244,.F.);
#9247=CARTESIAN_POINT('',(4.1E0,-2.070096189432E0,-1.7E0));
#9248=DIRECTION('',(-8.660254037844E-1,5.E-1,0.E0));
#9249=DIRECTION('',(-5.E-1,-8.660254037844E-1,0.E0));
#9250=AXIS2_PLACEMENT_3D('',#9247,#9248,#9249);
#9251=PLANE('',#9250);
#9252=ORIENTED_EDGE('',*,*,#8876,.T.);
#9253=ORIENTED_EDGE('',*,*,#9239,.T.);
#9254=ORIENTED_EDGE('',*,*,#8953,.F.);
#9256=ORIENTED_EDGE('',*,*,#9255,.F.);
#9257=EDGE_LOOP('',(#9252,#9253,#9254,#9256));
#9258=FACE_OUTER_BOUND('',#9257,.F.);
#9260=CARTESIAN_POINT('',(4.1E0,-2.2E0,-2.6E0));
#9261=DIRECTION('',(1.E0,0.E0,0.E0));
#9262=DIRECTION('',(0.E0,1.E0,0.E0));
#9263=AXIS2_PLACEMENT_3D('',#9260,#9261,#9262);
#9264=PLANE('',#9263);
#9265=ORIENTED_EDGE('',*,*,#9255,.T.);
#9266=ORIENTED_EDGE('',*,*,#8951,.T.);
#9268=ORIENTED_EDGE('',*,*,#9267,.F.);
#9269=ORIENTED_EDGE('',*,*,#8878,.F.);
#9270=EDGE_LOOP('',(#9265,#9266,#9268,#9269));
#9271=FACE_OUTER_BOUND('',#9270,.F.);
#9273=CARTESIAN_POINT('',(3.55E0,-1.348E0,-2.6E0));
#9274=DIRECTION('',(0.E0,0.E0,1.E0));
#9275=DIRECTION('',(1.E0,0.E0,0.E0));
#9276=AXIS2_PLACEMENT_3D('',#9273,#9274,#9275);
#9277=CYLINDRICAL_SURFACE('',#9276,5.5E-1);
#9278=ORIENTED_EDGE('',*,*,#8880,.F.);
#9279=ORIENTED_EDGE('',*,*,#9267,.T.);
#9280=ORIENTED_EDGE('',*,*,#8949,.T.);
#9282=ORIENTED_EDGE('',*,*,#9281,.F.);
#9283=EDGE_LOOP('',(#9278,#9279,#9280,#9282));
#9284=FACE_OUTER_BOUND('',#9283,.F.);
#9286=CARTESIAN_POINT('',(3.913841776124E0,-9.355449576655E-1,-2.6E0));
#9287=DIRECTION('',(6.615305020432E-1,7.499182587899E-1,0.E0));
#9288=DIRECTION('',(-7.499182587899E-1,6.615305020432E-1,0.E0));
#9289=AXIS2_PLACEMENT_3D('',#9286,#9287,#9288);
#9290=PLANE('',#9289);
#9291=ORIENTED_EDGE('',*,*,#8882,.F.);
#9292=ORIENTED_EDGE('',*,*,#9281,.T.);
#9293=ORIENTED_EDGE('',*,*,#8947,.T.);
#9295=ORIENTED_EDGE('',*,*,#9294,.F.);
#9296=EDGE_LOOP('',(#9291,#9292,#9293,#9295));
#9297=FACE_OUTER_BOUND('',#9296,.F.);
#9299=CARTESIAN_POINT('',(4.01E0,-6.87E-1,-2.6E0));
#9300=DIRECTION('',(0.E0,0.E0,1.E0));
#9301=DIRECTION('',(1.E0,0.E0,0.E0));
#9302=AXIS2_PLACEMENT_3D('',#9299,#9300,#9301);
#9303=CYLINDRICAL_SURFACE('',#9302,2.5E-1);
#9304=ORIENTED_EDGE('',*,*,#8884,.F.);
#9305=ORIENTED_EDGE('',*,*,#9294,.T.);
#9306=ORIENTED_EDGE('',*,*,#8945,.T.);
#9307=ORIENTED_EDGE('',*,*,#7377,.F.);
#9308=EDGE_LOOP('',(#9304,#9305,#9306,#9307));
#9309=FACE_OUTER_BOUND('',#9308,.F.);
#9311=CARTESIAN_POINT('',(-1.478952E1,-4.5E-1,-2.7E0));
#9312=DIRECTION('',(1.E0,0.E0,0.E0));
#9313=DIRECTION('',(0.E0,1.E0,0.E0));
#9314=AXIS2_PLACEMENT_3D('',#9311,#9312,#9313);
#9315=CYLINDRICAL_SURFACE('',#9314,1.E-1);
#9316=ORIENTED_EDGE('',*,*,#8791,.F.);
#9317=ORIENTED_EDGE('',*,*,#9142,.T.);
#9318=ORIENTED_EDGE('',*,*,#8860,.T.);
#9319=ORIENTED_EDGE('',*,*,#7373,.T.);
#9320=EDGE_LOOP('',(#9316,#9317,#9318,#9319));
#9321=FACE_OUTER_BOUND('',#9320,.F.);
#9323=CARTESIAN_POINT('',(1.478952E1,-4.5E-1,-2.8E0));
#9324=DIRECTION('',(-1.E0,0.E0,0.E0));
#9325=DIRECTION('',(0.E0,1.E0,0.E0));
#9326=AXIS2_PLACEMENT_3D('',#9323,#9324,#9325);
#9327=CYLINDRICAL_SURFACE('',#9326,1.E-1);
#9328=ORIENTED_EDGE('',*,*,#8787,.F.);
#9329=ORIENTED_EDGE('',*,*,#7369,.T.);
#9330=ORIENTED_EDGE('',*,*,#7412,.T.);
#9331=ORIENTED_EDGE('',*,*,#9145,.T.);
#9332=EDGE_LOOP('',(#9328,#9329,#9330,#9331));
#9333=FACE_OUTER_BOUND('',#9332,.F.);
#9335=CARTESIAN_POINT('',(3.31E0,-8.5E-1,-4.55E0));
#9336=DIRECTION('',(0.E0,-1.E0,0.E0));
#9337=DIRECTION('',(0.E0,0.E0,-1.E0));
#9338=AXIS2_PLACEMENT_3D('',#9335,#9336,#9337);
#9339=CYLINDRICAL_SURFACE('',#9338,1.5E-1);
#9340=ORIENTED_EDGE('',*,*,#7984,.F.);
#9342=ORIENTED_EDGE('',*,*,#9341,.F.);
#9343=ORIENTED_EDGE('',*,*,#9150,.T.);
#9344=ORIENTED_EDGE('',*,*,#7868,.T.);
#9346=ORIENTED_EDGE('',*,*,#9345,.T.);
#9347=EDGE_LOOP('',(#9340,#9342,#9343,#9344,#9346));
#9348=FACE_OUTER_BOUND('',#9347,.F.);
#9350=CARTESIAN_POINT('',(-1.478952E1,-1.E-1,-4.65E0));
#9351=DIRECTION('',(1.E0,0.E0,0.E0));
#9352=DIRECTION('',(0.E0,0.E0,1.E0));
#9353=AXIS2_PLACEMENT_3D('',#9350,#9351,#9352);
#9354=CYLINDRICAL_SURFACE('',#9353,1.E-1);
#9356=ORIENTED_EDGE('',*,*,#9355,.F.);
#9358=ORIENTED_EDGE('',*,*,#9357,.T.);
#9359=ORIENTED_EDGE('',*,*,#9341,.T.);
#9360=ORIENTED_EDGE('',*,*,#7982,.T.);
#9362=ORIENTED_EDGE('',*,*,#9361,.T.);
#9364=ORIENTED_EDGE('',*,*,#9363,.T.);
#9365=EDGE_LOOP('',(#9356,#9358,#9359,#9360,#9362,#9364));
#9366=FACE_OUTER_BOUND('',#9365,.F.);
#9368=CARTESIAN_POINT('',(0.E0,0.E0,-4.55E0));
#9369=DIRECTION('',(0.E0,0.E0,1.E0));
#9370=DIRECTION('',(1.E0,0.E0,0.E0));
#9371=AXIS2_PLACEMENT_3D('',#9368,#9369,#9370);
#9372=PLANE('',#9371);
#9374=ORIENTED_EDGE('',*,*,#9373,.F.);
#9376=ORIENTED_EDGE('',*,*,#9375,.F.);
#9378=ORIENTED_EDGE('',*,*,#9377,.F.);
#9379=ORIENTED_EDGE('',*,*,#6369,.F.);
#9381=ORIENTED_EDGE('',*,*,#9380,.T.);
#9383=ORIENTED_EDGE('',*,*,#9382,.T.);
#9385=ORIENTED_EDGE('',*,*,#9384,.T.);
#9386=ORIENTED_EDGE('',*,*,#9355,.T.);
#9388=ORIENTED_EDGE('',*,*,#9387,.T.);
#9390=ORIENTED_EDGE('',*,*,#9389,.T.);
#9392=ORIENTED_EDGE('',*,*,#9391,.T.);
#9393=ORIENTED_EDGE('',*,*,#6149,.F.);
#9395=ORIENTED_EDGE('',*,*,#9394,.F.);
#9397=ORIENTED_EDGE('',*,*,#9396,.F.);
#9398=EDGE_LOOP('',(#9374,#9376,#9378,#9379,#9381,#9383,#9385,#9386,#9388,#9390,
#9392,#9393,#9395,#9397));
#9399=FACE_OUTER_BOUND('',#9398,.F.);
#9401=CARTESIAN_POINT('',(0.E0,0.E0,-4.55E0));
#9402=DIRECTION('',(0.E0,0.E0,1.E0));
#9403=DIRECTION('',(1.E0,0.E0,0.E0));
#9404=AXIS2_PLACEMENT_3D('',#9401,#9402,#9403);
#9405=PLANE('',#9404);
#9407=ORIENTED_EDGE('',*,*,#9406,.F.);
#9409=ORIENTED_EDGE('',*,*,#9408,.F.);
#9411=ORIENTED_EDGE('',*,*,#9410,.F.);
#9412=ORIENTED_EDGE('',*,*,#6156,.F.);
#9414=ORIENTED_EDGE('',*,*,#9413,.T.);
#9416=ORIENTED_EDGE('',*,*,#9415,.T.);
#9418=ORIENTED_EDGE('',*,*,#9417,.T.);
#9420=ORIENTED_EDGE('',*,*,#9419,.T.);
#9422=ORIENTED_EDGE('',*,*,#9421,.T.);
#9424=ORIENTED_EDGE('',*,*,#9423,.T.);
#9426=ORIENTED_EDGE('',*,*,#9425,.T.);
#9427=ORIENTED_EDGE('',*,*,#6361,.F.);
#9429=ORIENTED_EDGE('',*,*,#9428,.F.);
#9431=ORIENTED_EDGE('',*,*,#9430,.F.);
#9432=EDGE_LOOP('',(#9407,#9409,#9411,#9412,#9414,#9416,#9418,#9420,#9422,#9424,
#9426,#9427,#9429,#9431));
#9433=FACE_OUTER_BOUND('',#9432,.F.);
#9435=CARTESIAN_POINT('',(6.153230166762E0,-6.475808E0,-4.4E0));
#9436=DIRECTION('',(-5.735764363510E-1,8.191520442890E-1,0.E0));
#9437=DIRECTION('',(0.E0,0.E0,-1.E0));
#9438=AXIS2_PLACEMENT_3D('',#9435,#9436,#9437);
#9439=CYLINDRICAL_SURFACE('',#9438,1.5E-1);
#9441=ORIENTED_EDGE('',*,*,#9440,.T.);
#9443=ORIENTED_EDGE('',*,*,#9442,.F.);
#9445=ORIENTED_EDGE('',*,*,#9444,.T.);
#9446=ORIENTED_EDGE('',*,*,#9373,.T.);
#9447=EDGE_LOOP('',(#9441,#9443,#9445,#9446));
#9448=FACE_OUTER_BOUND('',#9447,.F.);
#9450=CARTESIAN_POINT('',(1.116587886920E0,4.557456132867E-1,-4.55E0));
#9451=DIRECTION('',(-5.735764363510E-1,8.191520442890E-1,0.E0));
#9452=DIRECTION('',(8.191520442890E-1,5.735764363510E-1,0.E0));
#9453=AXIS2_PLACEMENT_3D('',#9450,#9451,#9452);
#9454=PLANE('',#9453);
#9456=ORIENTED_EDGE('',*,*,#9455,.F.);
#9457=ORIENTED_EDGE('',*,*,#6293,.F.);
#9459=ORIENTED_EDGE('',*,*,#9458,.F.);
#9461=ORIENTED_EDGE('',*,*,#9460,.F.);
#9462=ORIENTED_EDGE('',*,*,#9440,.F.);
#9463=ORIENTED_EDGE('',*,*,#9396,.T.);
#9465=ORIENTED_EDGE('',*,*,#9464,.T.);
#9466=EDGE_LOOP('',(#9456,#9457,#9459,#9461,#9462,#9463,#9465));
#9467=FACE_OUTER_BOUND('',#9466,.F.);
#9469=CARTESIAN_POINT('',(0.E0,0.E0,-4.E0));
#9470=DIRECTION('',(0.E0,0.E0,1.E0));
#9471=DIRECTION('',(1.E0,0.E0,0.E0));
#9472=AXIS2_PLACEMENT_3D('',#9469,#9470,#9471);
#9473=PLANE('',#9472);
#9474=ORIENTED_EDGE('',*,*,#6222,.F.);
#9476=ORIENTED_EDGE('',*,*,#9475,.T.);
#9478=ORIENTED_EDGE('',*,*,#9477,.T.);
#9480=ORIENTED_EDGE('',*,*,#9479,.T.);
#9481=EDGE_LOOP('',(#9474,#9476,#9478,#9480));
#9482=FACE_OUTER_BOUND('',#9481,.F.);
#9484=CARTESIAN_POINT('',(0.E0,0.E0,-4.E0));
#9485=DIRECTION('',(0.E0,0.E0,1.E0));
#9486=DIRECTION('',(1.E0,0.E0,0.E0));
#9487=AXIS2_PLACEMENT_3D('',#9484,#9485,#9486);
#9488=PLANE('',#9487);
#9489=ORIENTED_EDGE('',*,*,#6240,.F.);
#9490=ORIENTED_EDGE('',*,*,#9455,.T.);
#9492=ORIENTED_EDGE('',*,*,#9491,.T.);
#9494=ORIENTED_EDGE('',*,*,#9493,.T.);
#9495=EDGE_LOOP('',(#9489,#9490,#9492,#9494));
#9496=FACE_OUTER_BOUND('',#9495,.F.);
#9498=CARTESIAN_POINT('',(-2.15E0,-6.475808E0,-3.85E0));
#9499=DIRECTION('',(0.E0,1.E0,0.E0));
#9500=DIRECTION('',(0.E0,0.E0,-1.E0));
#9501=AXIS2_PLACEMENT_3D('',#9498,#9499,#9500);
#9502=CYLINDRICAL_SURFACE('',#9501,1.5E-1);
#9503=ORIENTED_EDGE('',*,*,#9475,.F.);
#9504=ORIENTED_EDGE('',*,*,#6220,.T.);
#9506=ORIENTED_EDGE('',*,*,#9505,.T.);
#9507=ORIENTED_EDGE('',*,*,#6160,.T.);
#9508=EDGE_LOOP('',(#9503,#9504,#9506,#9507));
#9509=FACE_OUTER_BOUND('',#9508,.F.);
#9511=CARTESIAN_POINT('',(-2.3E0,1.08E0,-3.7E0));
#9512=DIRECTION('',(0.E0,0.E0,1.E0));
#9513=DIRECTION('',(1.E0,0.E0,0.E0));
#9514=AXIS2_PLACEMENT_3D('',#9511,#9512,#9513);
#9515=PLANE('',#9514);
#9516=ORIENTED_EDGE('',*,*,#6201,.F.);
#9517=ORIENTED_EDGE('',*,*,#6162,.F.);
#9518=ORIENTED_EDGE('',*,*,#9505,.F.);
#9519=ORIENTED_EDGE('',*,*,#6218,.T.);
#9520=EDGE_LOOP('',(#9516,#9517,#9518,#9519));
#9521=FACE_OUTER_BOUND('',#9520,.F.);
#9523=CARTESIAN_POINT('',(-2.15E0,6.3E-1,-4.55E0));
#9524=DIRECTION('',(0.E0,0.E0,-1.E0));
#9525=DIRECTION('',(-1.E0,0.E0,0.E0));
#9526=AXIS2_PLACEMENT_3D('',#9523,#9524,#9525);
#9527=CYLINDRICAL_SURFACE('',#9526,4.5E-1);
#9528=ORIENTED_EDGE('',*,*,#9477,.F.);
#9529=ORIENTED_EDGE('',*,*,#6158,.F.);
#9530=ORIENTED_EDGE('',*,*,#9410,.T.);
#9532=ORIENTED_EDGE('',*,*,#9531,.T.);
#9533=EDGE_LOOP('',(#9528,#9529,#9530,#9532));
#9534=FACE_OUTER_BOUND('',#9533,.F.);
#9536=CARTESIAN_POINT('',(-1.891890603642E0,9.986184199300E-1,-4.55E0));
#9537=DIRECTION('',(5.735764363510E-1,8.191520442890E-1,0.E0));
#9538=DIRECTION('',(8.191520442890E-1,-5.735764363510E-1,0.E0));
#9539=AXIS2_PLACEMENT_3D('',#9536,#9537,#9538);
#9540=PLANE('',#9539);
#9541=ORIENTED_EDGE('',*,*,#9479,.F.);
#9542=ORIENTED_EDGE('',*,*,#9531,.F.);
#9543=ORIENTED_EDGE('',*,*,#9408,.T.);
#9545=ORIENTED_EDGE('',*,*,#9544,.F.);
#9547=ORIENTED_EDGE('',*,*,#9546,.T.);
#9549=ORIENTED_EDGE('',*,*,#9548,.F.);
#9550=ORIENTED_EDGE('',*,*,#6261,.T.);
#9551=EDGE_LOOP('',(#9541,#9542,#9543,#9545,#9547,#9549,#9550));
#9552=FACE_OUTER_BOUND('',#9551,.F.);
#9554=CARTESIAN_POINT('',(2.131356545640E0,5.355808E0,-4.4E0));
#9555=DIRECTION('',(-5.735764363510E-1,-8.191520442890E-1,0.E0));
#9556=DIRECTION('',(0.E0,0.E0,-1.E0));
#9557=AXIS2_PLACEMENT_3D('',#9554,#9555,#9556);
#9558=CYLINDRICAL_SURFACE('',#9557,1.5E-1);
#9560=ORIENTED_EDGE('',*,*,#9559,.T.);
#9562=ORIENTED_EDGE('',*,*,#9561,.F.);
#9563=ORIENTED_EDGE('',*,*,#9544,.T.);
#9564=ORIENTED_EDGE('',*,*,#9406,.T.);
#9565=EDGE_LOOP('',(#9560,#9562,#9563,#9564));
#9566=FACE_OUTER_BOUND('',#9565,.F.);
#9568=CARTESIAN_POINT('',(-1.288660817825E0,2.1E-1,-4.55E0));
#9569=DIRECTION('',(-5.735764363510E-1,-8.191520442890E-1,0.E0));
#9570=DIRECTION('',(-8.191520442890E-1,5.735764363510E-1,0.E0));
#9571=AXIS2_PLACEMENT_3D('',#9568,#9569,#9570);
#9572=PLANE('',#9571);
#9574=ORIENTED_EDGE('',*,*,#9573,.T.);
#9575=ORIENTED_EDGE('',*,*,#6265,.F.);
#9577=ORIENTED_EDGE('',*,*,#9576,.F.);
#9579=ORIENTED_EDGE('',*,*,#9578,.F.);
#9580=ORIENTED_EDGE('',*,*,#9559,.F.);
#9581=ORIENTED_EDGE('',*,*,#9430,.T.);
#9582=EDGE_LOOP('',(#9574,#9575,#9577,#9579,#9580,#9581));
#9583=FACE_OUTER_BOUND('',#9582,.F.);
#9585=CARTESIAN_POINT('',(-2.15E0,6.3E-1,-4.55E0));
#9586=DIRECTION('',(0.E0,0.E0,-1.E0));
#9587=DIRECTION('',(-1.E0,0.E0,0.E0));
#9588=AXIS2_PLACEMENT_3D('',#9585,#9586,#9587);
#9589=CYLINDRICAL_SURFACE('',#9588,1.5E-1);
#9590=ORIENTED_EDGE('',*,*,#9573,.F.);
#9591=ORIENTED_EDGE('',*,*,#9428,.T.);
#9592=ORIENTED_EDGE('',*,*,#6359,.T.);
#9593=ORIENTED_EDGE('',*,*,#6267,.T.);
#9594=EDGE_LOOP('',(#9590,#9591,#9592,#9593));
#9595=FACE_OUTER_BOUND('',#9594,.F.);
#9597=CARTESIAN_POINT('',(-6.153230166762E0,-6.475808E0,-4.15E0));
#9598=DIRECTION('',(5.735764363510E-1,8.191520442890E-1,0.E0));
#9599=DIRECTION('',(0.E0,0.E0,1.E0));
#9600=AXIS2_PLACEMENT_3D('',#9597,#9598,#9599);
#9601=CYLINDRICAL_SURFACE('',#9600,1.5E-1);
#9602=ORIENTED_EDGE('',*,*,#6263,.T.);
#9603=ORIENTED_EDGE('',*,*,#9548,.T.);
#9605=ORIENTED_EDGE('',*,*,#9604,.F.);
#9606=ORIENTED_EDGE('',*,*,#9576,.T.);
#9607=EDGE_LOOP('',(#9602,#9603,#9605,#9606));
#9608=FACE_OUTER_BOUND('',#9607,.F.);
#9610=CARTESIAN_POINT('',(-1.116587886920E0,4.557456132867E-1,-4.55E0));
#9611=DIRECTION('',(8.191520442890E-1,-5.735764363510E-1,0.E0));
#9612=DIRECTION('',(-5.735764363510E-1,-8.191520442890E-1,0.E0));
#9613=AXIS2_PLACEMENT_3D('',#9610,#9611,#9612);
#9614=PLANE('',#9613);
#9615=ORIENTED_EDGE('',*,*,#9561,.T.);
#9616=ORIENTED_EDGE('',*,*,#9578,.T.);
#9617=ORIENTED_EDGE('',*,*,#9604,.T.);
#9618=ORIENTED_EDGE('',*,*,#9546,.F.);
#9619=EDGE_LOOP('',(#9615,#9616,#9617,#9618));
#9620=FACE_OUTER_BOUND('',#9619,.F.);
#9622=CARTESIAN_POINT('',(2.15E0,6.3E-1,-4.55E0));
#9623=DIRECTION('',(0.E0,0.E0,-1.E0));
#9624=DIRECTION('',(-1.E0,0.E0,0.E0));
#9625=AXIS2_PLACEMENT_3D('',#9622,#9623,#9624);
#9626=CYLINDRICAL_SURFACE('',#9625,4.5E-1);
#9627=ORIENTED_EDGE('',*,*,#9491,.F.);
#9628=ORIENTED_EDGE('',*,*,#9464,.F.);
#9629=ORIENTED_EDGE('',*,*,#9394,.T.);
#9630=ORIENTED_EDGE('',*,*,#6147,.T.);
#9631=EDGE_LOOP('',(#9627,#9628,#9629,#9630));
#9632=FACE_OUTER_BOUND('',#9631,.F.);
#9634=CARTESIAN_POINT('',(2.15E0,5.355808E0,-3.85E0));
#9635=DIRECTION('',(0.E0,-1.E0,0.E0));
#9636=DIRECTION('',(0.E0,0.E0,-1.E0));
#9637=AXIS2_PLACEMENT_3D('',#9634,#9635,#9636);
#9638=CYLINDRICAL_SURFACE('',#9637,1.5E-1);
#9639=ORIENTED_EDGE('',*,*,#9493,.F.);
#9640=ORIENTED_EDGE('',*,*,#6145,.T.);
#9642=ORIENTED_EDGE('',*,*,#9641,.T.);
#9643=ORIENTED_EDGE('',*,*,#6242,.F.);
#9644=EDGE_LOOP('',(#9639,#9640,#9642,#9643));
#9645=FACE_OUTER_BOUND('',#9644,.F.);
#9647=CARTESIAN_POINT('',(6.5E-1,1.08E0,-3.7E0));
#9648=DIRECTION('',(0.E0,0.E0,1.E0));
#9649=DIRECTION('',(1.E0,0.E0,0.E0));
#9650=AXIS2_PLACEMENT_3D('',#9647,#9648,#9649);
#9651=PLANE('',#9650);
#9653=ORIENTED_EDGE('',*,*,#9652,.T.);
#9654=ORIENTED_EDGE('',*,*,#6244,.T.);
#9655=ORIENTED_EDGE('',*,*,#9641,.F.);
#9656=ORIENTED_EDGE('',*,*,#6143,.F.);
#9657=EDGE_LOOP('',(#9653,#9654,#9655,#9656));
#9658=FACE_OUTER_BOUND('',#9657,.F.);
#9660=CARTESIAN_POINT('',(6.5E-1,1.08E0,-4.55E0));
#9661=DIRECTION('',(-1.E0,0.E0,0.E0));
#9662=DIRECTION('',(0.E0,0.E0,1.E0));
#9663=AXIS2_PLACEMENT_3D('',#9660,#9661,#9662);
#9664=PLANE('',#9663);
#9665=ORIENTED_EDGE('',*,*,#6232,.F.);
#9666=ORIENTED_EDGE('',*,*,#9652,.F.);
#9667=ORIENTED_EDGE('',*,*,#6141,.T.);
#9668=ORIENTED_EDGE('',*,*,#6178,.F.);
#9670=ORIENTED_EDGE('',*,*,#9669,.F.);
#9672=ORIENTED_EDGE('',*,*,#9671,.T.);
#9674=ORIENTED_EDGE('',*,*,#9673,.F.);
#9675=ORIENTED_EDGE('',*,*,#6400,.T.);
#9676=EDGE_LOOP('',(#9665,#9666,#9667,#9668,#9670,#9672,#9674,#9675));
#9677=FACE_OUTER_BOUND('',#9676,.F.);
#9679=CARTESIAN_POINT('',(-6.5E-1,3.3E-1,-5.E0));
#9680=DIRECTION('',(0.E0,0.E0,-1.E0));
#9681=DIRECTION('',(0.E0,1.E0,0.E0));
#9682=AXIS2_PLACEMENT_3D('',#9679,#9680,#9681);
#9683=PLANE('',#9682);
#9685=ORIENTED_EDGE('',*,*,#9684,.F.);
#9687=ORIENTED_EDGE('',*,*,#9686,.F.);
#9689=ORIENTED_EDGE('',*,*,#9688,.F.);
#9691=ORIENTED_EDGE('',*,*,#9690,.F.);
#9693=ORIENTED_EDGE('',*,*,#9692,.F.);
#9695=ORIENTED_EDGE('',*,*,#9694,.F.);
#9697=ORIENTED_EDGE('',*,*,#9696,.F.);
#9699=ORIENTED_EDGE('',*,*,#9698,.F.);
#9701=ORIENTED_EDGE('',*,*,#9700,.F.);
#9703=ORIENTED_EDGE('',*,*,#9702,.F.);
#9705=ORIENTED_EDGE('',*,*,#9704,.F.);
#9707=ORIENTED_EDGE('',*,*,#9706,.F.);
#9709=ORIENTED_EDGE('',*,*,#9708,.F.);
#9711=ORIENTED_EDGE('',*,*,#9710,.F.);
#9713=ORIENTED_EDGE('',*,*,#9712,.F.);
#9714=ORIENTED_EDGE('',*,*,#9669,.T.);
#9715=ORIENTED_EDGE('',*,*,#6176,.T.);
#9716=ORIENTED_EDGE('',*,*,#6197,.F.);
#9718=ORIENTED_EDGE('',*,*,#9717,.F.);
#9720=ORIENTED_EDGE('',*,*,#9719,.F.);
#9721=EDGE_LOOP('',(#9685,#9687,#9689,#9691,#9693,#9695,#9697,#9699,#9701,#9703,
#9705,#9707,#9709,#9711,#9713,#9714,#9715,#9716,#9718,#9720));
#9722=FACE_OUTER_BOUND('',#9721,.F.);
#9724=CARTESIAN_POINT('',(-1.575E0,1.3E-1,-1.1518E1));
#9725=DIRECTION('',(0.E0,0.E0,1.E0));
#9726=DIRECTION('',(0.E0,1.E0,0.E0));
#9727=AXIS2_PLACEMENT_3D('',#9724,#9725,#9726);
#9728=CYLINDRICAL_SURFACE('',#9727,2.E-1);
#9730=ORIENTED_EDGE('',*,*,#9729,.T.);
#9732=ORIENTED_EDGE('',*,*,#9731,.F.);
#9733=ORIENTED_EDGE('',*,*,#9684,.T.);
#9735=ORIENTED_EDGE('',*,*,#9734,.T.);
#9736=EDGE_LOOP('',(#9730,#9732,#9733,#9735));
#9737=FACE_OUTER_BOUND('',#9736,.F.);
#9739=CARTESIAN_POINT('',(-6.5E-1,7.8E-1,-4.7E0));
#9740=DIRECTION('',(0.E0,0.E0,1.E0));
#9741=DIRECTION('',(0.E0,-1.E0,0.E0));
#9742=AXIS2_PLACEMENT_3D('',#9739,#9740,#9741);
#9743=PLANE('',#9742);
#9744=ORIENTED_EDGE('',*,*,#9729,.F.);
#9746=ORIENTED_EDGE('',*,*,#9745,.T.);
#9748=ORIENTED_EDGE('',*,*,#9747,.F.);
#9749=ORIENTED_EDGE('',*,*,#6193,.F.);
#9750=ORIENTED_EDGE('',*,*,#6402,.T.);
#9751=ORIENTED_EDGE('',*,*,#9673,.T.);
#9753=ORIENTED_EDGE('',*,*,#9752,.F.);
#9755=ORIENTED_EDGE('',*,*,#9754,.T.);
#9757=ORIENTED_EDGE('',*,*,#9756,.F.);
#9759=ORIENTED_EDGE('',*,*,#9758,.T.);
#9761=ORIENTED_EDGE('',*,*,#9760,.T.);
#9763=ORIENTED_EDGE('',*,*,#9762,.T.);
#9765=ORIENTED_EDGE('',*,*,#9764,.T.);
#9767=ORIENTED_EDGE('',*,*,#9766,.T.);
#9769=ORIENTED_EDGE('',*,*,#9768,.T.);
#9771=ORIENTED_EDGE('',*,*,#9770,.T.);
#9773=ORIENTED_EDGE('',*,*,#9772,.T.);
#9775=ORIENTED_EDGE('',*,*,#9774,.T.);
#9777=ORIENTED_EDGE('',*,*,#9776,.T.);
#9779=ORIENTED_EDGE('',*,*,#9778,.T.);
#9780=EDGE_LOOP('',(#9744,#9746,#9748,#9749,#9750,#9751,#9753,#9755,#9757,#9759,
#9761,#9763,#9765,#9767,#9769,#9771,#9773,#9775,#9777,#9779));
#9781=FACE_OUTER_BOUND('',#9780,.F.);
#9783=CARTESIAN_POINT('',(-1.775E0,3.3E-1,-5.E0));
#9784=DIRECTION('',(0.E0,1.E0,0.E0));
#9785=DIRECTION('',(1.E0,0.E0,0.E0));
#9786=AXIS2_PLACEMENT_3D('',#9783,#9784,#9785);
#9787=PLANE('',#9786);
#9788=ORIENTED_EDGE('',*,*,#9734,.F.);
#9789=ORIENTED_EDGE('',*,*,#9719,.T.);
#9791=ORIENTED_EDGE('',*,*,#9790,.F.);
#9792=ORIENTED_EDGE('',*,*,#9745,.F.);
#9793=EDGE_LOOP('',(#9788,#9789,#9791,#9792));
#9794=FACE_OUTER_BOUND('',#9793,.F.);
#9796=CARTESIAN_POINT('',(-1.775E0,3.3E-1,-5.E0));
#9797=DIRECTION('',(0.E0,1.E0,0.E0));
#9798=DIRECTION('',(1.E0,0.E0,0.E0));
#9799=AXIS2_PLACEMENT_3D('',#9796,#9797,#9798);
#9800=PLANE('',#9799);
#9802=ORIENTED_EDGE('',*,*,#9801,.T.);
#9803=ORIENTED_EDGE('',*,*,#9754,.F.);
#9805=ORIENTED_EDGE('',*,*,#9804,.F.);
#9806=ORIENTED_EDGE('',*,*,#9710,.T.);
#9807=EDGE_LOOP('',(#9802,#9803,#9805,#9806));
#9808=FACE_OUTER_BOUND('',#9807,.F.);
#9810=CARTESIAN_POINT('',(-8.E-1,4.8E-1,6.518E0));
#9811=DIRECTION('',(0.E0,0.E0,-1.E0));
#9812=DIRECTION('',(1.E0,0.E0,0.E0));
#9813=AXIS2_PLACEMENT_3D('',#9810,#9811,#9812);
#9814=CYLINDRICAL_SURFACE('',#9813,1.5E-1);
#9815=ORIENTED_EDGE('',*,*,#6195,.F.);
#9816=ORIENTED_EDGE('',*,*,#9747,.T.);
#9817=ORIENTED_EDGE('',*,*,#9790,.T.);
#9818=ORIENTED_EDGE('',*,*,#9717,.T.);
#9819=EDGE_LOOP('',(#9815,#9816,#9817,#9818));
#9820=FACE_OUTER_BOUND('',#9819,.F.);
#9822=CARTESIAN_POINT('',(1.575E0,1.3E-1,-1.1518E1));
#9823=DIRECTION('',(0.E0,0.E0,1.E0));
#9824=DIRECTION('',(1.E0,0.E0,0.E0));
#9825=AXIS2_PLACEMENT_3D('',#9822,#9823,#9824);
#9826=CYLINDRICAL_SURFACE('',#9825,2.E-1);
#9827=ORIENTED_EDGE('',*,*,#9756,.T.);
#9828=ORIENTED_EDGE('',*,*,#9801,.F.);
#9829=ORIENTED_EDGE('',*,*,#9708,.T.);
#9831=ORIENTED_EDGE('',*,*,#9830,.T.);
#9832=EDGE_LOOP('',(#9827,#9828,#9829,#9831));
#9833=FACE_OUTER_BOUND('',#9832,.F.);
#9835=CARTESIAN_POINT('',(1.775E0,3.3E-1,-5.E0));
#9836=DIRECTION('',(1.E0,0.E0,0.E0));
#9837=DIRECTION('',(0.E0,-1.E0,0.E0));
#9838=AXIS2_PLACEMENT_3D('',#9835,#9836,#9837);
#9839=PLANE('',#9838);
#9840=ORIENTED_EDGE('',*,*,#9830,.F.);
#9841=ORIENTED_EDGE('',*,*,#9706,.T.);
#9843=ORIENTED_EDGE('',*,*,#9842,.T.);
#9844=ORIENTED_EDGE('',*,*,#9758,.F.);
#9845=EDGE_LOOP('',(#9840,#9841,#9843,#9844));
#9846=FACE_OUTER_BOUND('',#9845,.F.);
#9848=CARTESIAN_POINT('',(1.775E0,-7.6E-1,-5.E0));
#9849=DIRECTION('',(0.E0,-1.E0,0.E0));
#9850=DIRECTION('',(-1.E0,0.E0,0.E0));
#9851=AXIS2_PLACEMENT_3D('',#9848,#9849,#9850);
#9852=PLANE('',#9851);
#9853=ORIENTED_EDGE('',*,*,#9704,.T.);
#9855=ORIENTED_EDGE('',*,*,#9854,.T.);
#9856=ORIENTED_EDGE('',*,*,#9760,.F.);
#9857=ORIENTED_EDGE('',*,*,#9842,.F.);
#9858=EDGE_LOOP('',(#9853,#9855,#9856,#9857));
#9859=FACE_OUTER_BOUND('',#9858,.F.);
#9861=CARTESIAN_POINT('',(1.175E0,-7.6E-1,-5.E0));
#9862=DIRECTION('',(-1.E0,0.E0,0.E0));
#9863=DIRECTION('',(0.E0,1.E0,0.E0));
#9864=AXIS2_PLACEMENT_3D('',#9861,#9862,#9863);
#9865=PLANE('',#9864);
#9866=ORIENTED_EDGE('',*,*,#9702,.T.);
#9868=ORIENTED_EDGE('',*,*,#9867,.T.);
#9869=ORIENTED_EDGE('',*,*,#9762,.F.);
#9870=ORIENTED_EDGE('',*,*,#9854,.F.);
#9871=EDGE_LOOP('',(#9866,#9868,#9869,#9870));
#9872=FACE_OUTER_BOUND('',#9871,.F.);
#9874=CARTESIAN_POINT('',(1.025E0,-6.6E-1,-5.E0));
#9875=DIRECTION('',(0.E0,0.E0,-1.E0));
#9876=DIRECTION('',(-1.E0,0.E0,0.E0));
#9877=AXIS2_PLACEMENT_3D('',#9874,#9875,#9876);
#9878=CYLINDRICAL_SURFACE('',#9877,1.5E-1);
#9879=ORIENTED_EDGE('',*,*,#9700,.T.);
#9881=ORIENTED_EDGE('',*,*,#9880,.T.);
#9882=ORIENTED_EDGE('',*,*,#9764,.F.);
#9883=ORIENTED_EDGE('',*,*,#9867,.F.);
#9884=EDGE_LOOP('',(#9879,#9881,#9882,#9883));
#9885=FACE_OUTER_BOUND('',#9884,.F.);
#9887=CARTESIAN_POINT('',(8.75E-1,-6.6E-1,-5.E0));
#9888=DIRECTION('',(1.E0,0.E0,0.E0));
#9889=DIRECTION('',(0.E0,-1.E0,0.E0));
#9890=AXIS2_PLACEMENT_3D('',#9887,#9888,#9889);
#9891=PLANE('',#9890);
#9892=ORIENTED_EDGE('',*,*,#9698,.T.);
#9894=ORIENTED_EDGE('',*,*,#9893,.T.);
#9895=ORIENTED_EDGE('',*,*,#9766,.F.);
#9896=ORIENTED_EDGE('',*,*,#9880,.F.);
#9897=EDGE_LOOP('',(#9892,#9894,#9895,#9896));
#9898=FACE_OUTER_BOUND('',#9897,.F.);
#9900=CARTESIAN_POINT('',(8.75E-1,-7.6E-1,-5.E0));
#9901=DIRECTION('',(0.E0,-1.E0,0.E0));
#9902=DIRECTION('',(-1.E0,0.E0,0.E0));
#9903=AXIS2_PLACEMENT_3D('',#9900,#9901,#9902);
#9904=PLANE('',#9903);
#9905=ORIENTED_EDGE('',*,*,#9696,.T.);
#9907=ORIENTED_EDGE('',*,*,#9906,.T.);
#9908=ORIENTED_EDGE('',*,*,#9768,.F.);
#9909=ORIENTED_EDGE('',*,*,#9893,.F.);
#9910=EDGE_LOOP('',(#9905,#9907,#9908,#9909));
#9911=FACE_OUTER_BOUND('',#9910,.F.);
#9913=CARTESIAN_POINT('',(-8.75E-1,-7.6E-1,-5.E0));
#9914=DIRECTION('',(-1.E0,0.E0,0.E0));
#9915=DIRECTION('',(0.E0,1.E0,0.E0));
#9916=AXIS2_PLACEMENT_3D('',#9913,#9914,#9915);
#9917=PLANE('',#9916);
#9918=ORIENTED_EDGE('',*,*,#9694,.T.);
#9920=ORIENTED_EDGE('',*,*,#9919,.T.);
#9921=ORIENTED_EDGE('',*,*,#9770,.F.);
#9922=ORIENTED_EDGE('',*,*,#9906,.F.);
#9923=EDGE_LOOP('',(#9918,#9920,#9921,#9922));
#9924=FACE_OUTER_BOUND('',#9923,.F.);
#9926=CARTESIAN_POINT('',(-1.025E0,-6.6E-1,-5.E0));
#9927=DIRECTION('',(0.E0,0.E0,-1.E0));
#9928=DIRECTION('',(-1.E0,0.E0,0.E0));
#9929=AXIS2_PLACEMENT_3D('',#9926,#9927,#9928);
#9930=CYLINDRICAL_SURFACE('',#9929,1.5E-1);
#9931=ORIENTED_EDGE('',*,*,#9692,.T.);
#9933=ORIENTED_EDGE('',*,*,#9932,.T.);
#9934=ORIENTED_EDGE('',*,*,#9772,.F.);
#9935=ORIENTED_EDGE('',*,*,#9919,.F.);
#9936=EDGE_LOOP('',(#9931,#9933,#9934,#9935));
#9937=FACE_OUTER_BOUND('',#9936,.F.);
#9939=CARTESIAN_POINT('',(-1.175E0,-6.6E-1,-5.E0));
#9940=DIRECTION('',(1.E0,0.E0,0.E0));
#9941=DIRECTION('',(0.E0,-1.E0,0.E0));
#9942=AXIS2_PLACEMENT_3D('',#9939,#9940,#9941);
#9943=PLANE('',#9942);
#9944=ORIENTED_EDGE('',*,*,#9690,.T.);
#9946=ORIENTED_EDGE('',*,*,#9945,.T.);
#9947=ORIENTED_EDGE('',*,*,#9774,.F.);
#9948=ORIENTED_EDGE('',*,*,#9932,.F.);
#9949=EDGE_LOOP('',(#9944,#9946,#9947,#9948));
#9950=FACE_OUTER_BOUND('',#9949,.F.);
#9952=CARTESIAN_POINT('',(-1.175E0,-7.6E-1,-5.E0));
#9953=DIRECTION('',(0.E0,-1.E0,0.E0));
#9954=DIRECTION('',(-1.E0,0.E0,0.E0));
#9955=AXIS2_PLACEMENT_3D('',#9952,#9953,#9954);
#9956=PLANE('',#9955);
#9957=ORIENTED_EDGE('',*,*,#9688,.T.);
#9959=ORIENTED_EDGE('',*,*,#9958,.T.);
#9960=ORIENTED_EDGE('',*,*,#9776,.F.);
#9961=ORIENTED_EDGE('',*,*,#9945,.F.);
#9962=EDGE_LOOP('',(#9957,#9959,#9960,#9961));
#9963=FACE_OUTER_BOUND('',#9962,.F.);
#9965=CARTESIAN_POINT('',(-1.775E0,-7.6E-1,-5.E0));
#9966=DIRECTION('',(-1.E0,0.E0,0.E0));
#9967=DIRECTION('',(0.E0,1.E0,0.E0));
#9968=AXIS2_PLACEMENT_3D('',#9965,#9966,#9967);
#9969=PLANE('',#9968);
#9970=ORIENTED_EDGE('',*,*,#9731,.T.);
#9971=ORIENTED_EDGE('',*,*,#9778,.F.);
#9972=ORIENTED_EDGE('',*,*,#9958,.F.);
#9973=ORIENTED_EDGE('',*,*,#9686,.T.);
#9974=EDGE_LOOP('',(#9970,#9971,#9972,#9973));
#9975=FACE_OUTER_BOUND('',#9974,.F.);
#9977=CARTESIAN_POINT('',(8.E-1,4.8E-1,-1.1518E1));
#9978=DIRECTION('',(0.E0,0.E0,1.E0));
#9979=DIRECTION('',(-1.E0,0.E0,0.E0));
#9980=AXIS2_PLACEMENT_3D('',#9977,#9978,#9979);
#9981=CYLINDRICAL_SURFACE('',#9980,1.5E-1);
#9982=ORIENTED_EDGE('',*,*,#9671,.F.);
#9983=ORIENTED_EDGE('',*,*,#9712,.T.);
#9984=ORIENTED_EDGE('',*,*,#9804,.T.);
#9985=ORIENTED_EDGE('',*,*,#9752,.T.);
#9986=EDGE_LOOP('',(#9982,#9983,#9984,#9985));
#9987=FACE_OUTER_BOUND('',#9986,.F.);
#9989=CARTESIAN_POINT('',(-2.131356545640E0,5.355808E0,-4.15E0));
#9990=DIRECTION('',(5.735764363510E-1,-8.191520442890E-1,0.E0));
#9991=DIRECTION('',(0.E0,0.E0,1.E0));
#9992=AXIS2_PLACEMENT_3D('',#9989,#9990,#9991);
#9993=CYLINDRICAL_SURFACE('',#9992,1.5E-1);
#9994=ORIENTED_EDGE('',*,*,#6291,.T.);
#9996=ORIENTED_EDGE('',*,*,#9995,.T.);
#9998=ORIENTED_EDGE('',*,*,#9997,.F.);
#9999=ORIENTED_EDGE('',*,*,#9458,.T.);
#10000=EDGE_LOOP('',(#9994,#9996,#9998,#9999));
#10001=FACE_OUTER_BOUND('',#10000,.F.);
#10003=CARTESIAN_POINT('',(2.063963534547E0,7.528728066433E-1,-4.55E0));
#10004=DIRECTION('',(5.735764363510E-1,-8.191520442890E-1,0.E0));
#10005=DIRECTION('',(-8.191520442890E-1,-5.735764363510E-1,0.E0));
#10006=AXIS2_PLACEMENT_3D('',#10003,#10004,#10005);
#10007=PLANE('',#10006);
#10009=ORIENTED_EDGE('',*,*,#10008,.F.);
#10010=ORIENTED_EDGE('',*,*,#9375,.T.);
#10011=ORIENTED_EDGE('',*,*,#9444,.F.);
#10013=ORIENTED_EDGE('',*,*,#10012,.T.);
#10014=ORIENTED_EDGE('',*,*,#9995,.F.);
#10015=ORIENTED_EDGE('',*,*,#6289,.F.);
#10016=EDGE_LOOP('',(#10009,#10010,#10011,#10013,#10014,#10015));
#10017=FACE_OUTER_BOUND('',#10016,.F.);
#10019=CARTESIAN_POINT('',(2.15E0,6.3E-1,-4.55E0));
#10020=DIRECTION('',(0.E0,0.E0,-1.E0));
#10021=DIRECTION('',(-1.E0,0.E0,0.E0));
#10022=AXIS2_PLACEMENT_3D('',#10019,#10020,#10021);
#10023=CYLINDRICAL_SURFACE('',#10022,1.5E-1);
#10024=ORIENTED_EDGE('',*,*,#10008,.T.);
#10025=ORIENTED_EDGE('',*,*,#6287,.T.);
#10026=ORIENTED_EDGE('',*,*,#6371,.F.);
#10027=ORIENTED_EDGE('',*,*,#9377,.T.);
#10028=EDGE_LOOP('',(#10024,#10025,#10026,#10027));
#10029=FACE_OUTER_BOUND('',#10028,.F.);
#10031=CARTESIAN_POINT('',(1.288660817825E0,2.1E-1,-4.55E0));
#10032=DIRECTION('',(-8.191520442890E-1,-5.735764363510E-1,0.E0));
#10033=DIRECTION('',(-5.735764363510E-1,8.191520442890E-1,0.E0));
#10034=AXIS2_PLACEMENT_3D('',#10031,#10032,#10033);
#10035=PLANE('',#10034);
#10036=ORIENTED_EDGE('',*,*,#9442,.T.);
#10037=ORIENTED_EDGE('',*,*,#9460,.T.);
#10038=ORIENTED_EDGE('',*,*,#9997,.T.);
#10039=ORIENTED_EDGE('',*,*,#10012,.F.);
#10040=EDGE_LOOP('',(#10036,#10037,#10038,#10039));
#10041=FACE_OUTER_BOUND('',#10040,.F.);
#10043=CARTESIAN_POINT('',(2.594539656665E0,5.3E-1,0.E0));
#10044=DIRECTION('',(0.E0,0.E0,1.E0));
#10045=DIRECTION('',(1.E0,0.E0,0.E0));
#10046=AXIS2_PLACEMENT_3D('',#10043,#10044,#10045);
#10047=CYLINDRICAL_SURFACE('',#10046,2.5E-1);
#10048=ORIENTED_EDGE('',*,*,#8123,.T.);
#10050=ORIENTED_EDGE('',*,*,#10049,.T.);
#10051=ORIENTED_EDGE('',*,*,#9380,.F.);
#10052=ORIENTED_EDGE('',*,*,#6367,.F.);
#10053=EDGE_LOOP('',(#10048,#10050,#10051,#10052));
#10054=FACE_OUTER_BOUND('',#10053,.F.);
#10056=CARTESIAN_POINT('',(2.773597053701E0,7.044661817276E-1,0.E0));
#10057=DIRECTION('',(-7.162295881449E-1,-6.978647269104E-1,0.E0));
#10058=DIRECTION('',(6.978647269104E-1,-7.162295881449E-1,0.E0));
#10059=AXIS2_PLACEMENT_3D('',#10056,#10057,#10058);
#10060=PLANE('',#10059);
#10061=ORIENTED_EDGE('',*,*,#8137,.T.);
#10063=ORIENTED_EDGE('',*,*,#10062,.T.);
#10064=ORIENTED_EDGE('',*,*,#9382,.F.);
#10065=ORIENTED_EDGE('',*,*,#10049,.F.);
#10066=EDGE_LOOP('',(#10061,#10063,#10064,#10065));
#10067=FACE_OUTER_BOUND('',#10066,.F.);
#10069=CARTESIAN_POINT('',(3.21E0,-1.016566681595E-1,0.E0));
#10070=DIRECTION('',(0.E0,0.E0,1.E0));
#10071=DIRECTION('',(1.E0,0.E0,0.E0));
#10072=AXIS2_PLACEMENT_3D('',#10069,#10070,#10071);
#10073=CYLINDRICAL_SURFACE('',#10072,2.5E-1);
#10074=ORIENTED_EDGE('',*,*,#8151,.T.);
#10075=ORIENTED_EDGE('',*,*,#9152,.T.);
#10076=ORIENTED_EDGE('',*,*,#9357,.F.);
#10077=ORIENTED_EDGE('',*,*,#9384,.F.);
#10078=ORIENTED_EDGE('',*,*,#10062,.F.);
#10079=EDGE_LOOP('',(#10074,#10075,#10076,#10077,#10078));
#10080=FACE_OUTER_BOUND('',#10079,.F.);
#10082=CARTESIAN_POINT('',(3.21E0,-1.016566681595E-1,0.E0));
#10083=DIRECTION('',(0.E0,0.E0,1.E0));
#10084=DIRECTION('',(1.E0,0.E0,0.E0));
#10085=AXIS2_PLACEMENT_3D('',#10082,#10083,#10084);
#10086=CYLINDRICAL_SURFACE('',#10085,5.5E-1);
#10087=ORIENTED_EDGE('',*,*,#9363,.F.);
#10088=ORIENTED_EDGE('',*,*,#7390,.F.);
#10089=ORIENTED_EDGE('',*,*,#6087,.T.);
#10091=ORIENTED_EDGE('',*,*,#10090,.T.);
#10092=ORIENTED_EDGE('',*,*,#9387,.F.);
#10093=EDGE_LOOP('',(#10087,#10088,#10089,#10091,#10092));
#10094=FACE_OUTER_BOUND('',#10093,.F.);
#10096=CARTESIAN_POINT('',(3.603926273480E0,2.821689316412E-1,0.E0));
#10097=DIRECTION('',(7.162295881449E-1,6.978647269104E-1,0.E0));
#10098=DIRECTION('',(-6.978647269104E-1,7.162295881449E-1,0.E0));
#10099=AXIS2_PLACEMENT_3D('',#10096,#10097,#10098);
#10100=PLANE('',#10099);
#10101=ORIENTED_EDGE('',*,*,#6085,.T.);
#10103=ORIENTED_EDGE('',*,*,#10102,.T.);
#10104=ORIENTED_EDGE('',*,*,#9389,.F.);
#10105=ORIENTED_EDGE('',*,*,#10090,.F.);
#10106=EDGE_LOOP('',(#10101,#10103,#10104,#10105));
#10107=FACE_OUTER_BOUND('',#10106,.F.);
#10109=CARTESIAN_POINT('',(2.594539656665E0,5.3E-1,0.E0));
#10110=DIRECTION('',(0.E0,0.E0,1.E0));
#10111=DIRECTION('',(1.E0,0.E0,0.E0));
#10112=AXIS2_PLACEMENT_3D('',#10109,#10110,#10111);
#10113=CYLINDRICAL_SURFACE('',#10112,5.5E-1);
#10114=ORIENTED_EDGE('',*,*,#6083,.T.);
#10115=ORIENTED_EDGE('',*,*,#6151,.T.);
#10116=ORIENTED_EDGE('',*,*,#9391,.F.);
#10117=ORIENTED_EDGE('',*,*,#10102,.F.);
#10118=EDGE_LOOP('',(#10114,#10115,#10116,#10117));
#10119=FACE_OUTER_BOUND('',#10118,.F.);
#10121=CARTESIAN_POINT('',(-2.594539656665E0,5.3E-1,0.E0));
#10122=DIRECTION('',(0.E0,0.E0,1.E0));
#10123=DIRECTION('',(1.E0,0.E0,0.E0));
#10124=AXIS2_PLACEMENT_3D('',#10121,#10122,#10123);
#10125=CYLINDRICAL_SURFACE('',#10124,5.5E-1);
#10126=ORIENTED_EDGE('',*,*,#6103,.T.);
#10128=ORIENTED_EDGE('',*,*,#10127,.T.);
#10129=ORIENTED_EDGE('',*,*,#9413,.F.);
#10130=ORIENTED_EDGE('',*,*,#6154,.F.);
#10131=EDGE_LOOP('',(#10126,#10128,#10129,#10130));
#10132=FACE_OUTER_BOUND('',#10131,.F.);
#10134=CARTESIAN_POINT('',(-2.988465930145E0,9.138255998007E-1,0.E0));
#10135=DIRECTION('',(-7.162295881449E-1,6.978647269104E-1,0.E0));
#10136=DIRECTION('',(-6.978647269104E-1,-7.162295881449E-1,0.E0));
#10137=AXIS2_PLACEMENT_3D('',#10134,#10135,#10136);
#10138=PLANE('',#10137);
#10139=ORIENTED_EDGE('',*,*,#6101,.T.);
#10141=ORIENTED_EDGE('',*,*,#10140,.T.);
#10142=ORIENTED_EDGE('',*,*,#9415,.F.);
#10143=ORIENTED_EDGE('',*,*,#10127,.F.);
#10144=EDGE_LOOP('',(#10139,#10141,#10142,#10143));
#10145=FACE_OUTER_BOUND('',#10144,.F.);
#10147=CARTESIAN_POINT('',(-3.21E0,-1.016566681595E-1,0.E0));
#10148=DIRECTION('',(0.E0,0.E0,1.E0));
#10149=DIRECTION('',(1.E0,0.E0,0.E0));
#10150=AXIS2_PLACEMENT_3D('',#10147,#10148,#10149);
#10151=CYLINDRICAL_SURFACE('',#10150,5.5E-1);
#10153=ORIENTED_EDGE('',*,*,#10152,.F.);
#10154=ORIENTED_EDGE('',*,*,#9417,.F.);
#10155=ORIENTED_EDGE('',*,*,#10140,.F.);
#10156=ORIENTED_EDGE('',*,*,#6099,.T.);
#10157=ORIENTED_EDGE('',*,*,#8720,.T.);
#10158=EDGE_LOOP('',(#10153,#10154,#10155,#10156,#10157));
#10159=FACE_OUTER_BOUND('',#10158,.F.);
#10161=CARTESIAN_POINT('',(-1.478952E1,-1.E-1,-4.65E0));
#10162=DIRECTION('',(1.E0,0.E0,0.E0));
#10163=DIRECTION('',(0.E0,0.E0,1.E0));
#10164=AXIS2_PLACEMENT_3D('',#10161,#10162,#10163);
#10165=CYLINDRICAL_SURFACE('',#10164,1.E-1);
#10167=ORIENTED_EDGE('',*,*,#10166,.T.);
#10168=ORIENTED_EDGE('',*,*,#9419,.F.);
#10169=ORIENTED_EDGE('',*,*,#10152,.T.);
#10171=ORIENTED_EDGE('',*,*,#10170,.T.);
#10172=ORIENTED_EDGE('',*,*,#7963,.T.);
#10173=ORIENTED_EDGE('',*,*,#7998,.T.);
#10174=EDGE_LOOP('',(#10167,#10168,#10169,#10171,#10172,#10173));
#10175=FACE_OUTER_BOUND('',#10174,.F.);
#10177=CARTESIAN_POINT('',(-3.21E0,-1.016566681595E-1,0.E0));
#10178=DIRECTION('',(0.E0,0.E0,1.E0));
#10179=DIRECTION('',(1.E0,0.E0,0.E0));
#10180=AXIS2_PLACEMENT_3D('',#10177,#10178,#10179);
#10181=CYLINDRICAL_SURFACE('',#10180,2.5E-1);
#10182=ORIENTED_EDGE('',*,*,#8068,.T.);
#10184=ORIENTED_EDGE('',*,*,#10183,.T.);
#10185=ORIENTED_EDGE('',*,*,#9421,.F.);
#10186=ORIENTED_EDGE('',*,*,#10166,.F.);
#10187=ORIENTED_EDGE('',*,*,#8013,.F.);
#10188=EDGE_LOOP('',(#10182,#10184,#10185,#10186,#10187));
#10189=FACE_OUTER_BOUND('',#10188,.F.);
#10191=CARTESIAN_POINT('',(-3.389057397036E0,7.280951356808E-2,0.E0));
#10192=DIRECTION('',(7.162295881449E-1,-6.978647269104E-1,0.E0));
#10193=DIRECTION('',(6.978647269104E-1,7.162295881449E-1,0.E0));
#10194=AXIS2_PLACEMENT_3D('',#10191,#10192,#10193);
#10195=PLANE('',#10194);
#10196=ORIENTED_EDGE('',*,*,#8082,.T.);
#10198=ORIENTED_EDGE('',*,*,#10197,.T.);
#10199=ORIENTED_EDGE('',*,*,#9423,.F.);
#10200=ORIENTED_EDGE('',*,*,#10183,.F.);
#10201=EDGE_LOOP('',(#10196,#10198,#10199,#10200));
#10202=FACE_OUTER_BOUND('',#10201,.F.);
#10204=CARTESIAN_POINT('',(-2.594539656665E0,5.3E-1,0.E0));
#10205=DIRECTION('',(0.E0,0.E0,1.E0));
#10206=DIRECTION('',(1.E0,0.E0,0.E0));
#10207=AXIS2_PLACEMENT_3D('',#10204,#10205,#10206);
#10208=CYLINDRICAL_SURFACE('',#10207,2.5E-1);
#10209=ORIENTED_EDGE('',*,*,#8096,.T.);
#10210=ORIENTED_EDGE('',*,*,#6363,.T.);
#10211=ORIENTED_EDGE('',*,*,#9425,.F.);
#10212=ORIENTED_EDGE('',*,*,#10197,.F.);
#10213=EDGE_LOOP('',(#10209,#10210,#10211,#10212));
#10214=FACE_OUTER_BOUND('',#10213,.F.);
#10216=CARTESIAN_POINT('',(-3.31E0,-8.5E-1,-4.55E0));
#10217=DIRECTION('',(0.E0,-1.E0,0.E0));
#10218=DIRECTION('',(0.E0,0.E0,-1.E0));
#10219=AXIS2_PLACEMENT_3D('',#10216,#10217,#10218);
#10220=CYLINDRICAL_SURFACE('',#10219,4.5E-1);
#10221=ORIENTED_EDGE('',*,*,#8718,.T.);
#10222=ORIENTED_EDGE('',*,*,#7844,.T.);
#10223=ORIENTED_EDGE('',*,*,#7941,.T.);
#10224=ORIENTED_EDGE('',*,*,#7965,.F.);
#10225=ORIENTED_EDGE('',*,*,#10170,.F.);
#10226=EDGE_LOOP('',(#10221,#10222,#10223,#10224,#10225));
#10227=FACE_OUTER_BOUND('',#10226,.F.);
#10229=CARTESIAN_POINT('',(3.31E0,-8.5E-1,-4.55E0));
#10230=DIRECTION('',(0.E0,-1.E0,0.E0));
#10231=DIRECTION('',(0.E0,0.E0,-1.E0));
#10232=AXIS2_PLACEMENT_3D('',#10229,#10230,#10231);
#10233=CYLINDRICAL_SURFACE('',#10232,4.5E-1);
#10234=ORIENTED_EDGE('',*,*,#9361,.F.);
#10235=ORIENTED_EDGE('',*,*,#7980,.F.);
#10237=ORIENTED_EDGE('',*,*,#10236,.F.);
#10238=ORIENTED_EDGE('',*,*,#7874,.T.);
#10239=ORIENTED_EDGE('',*,*,#7392,.T.);
#10240=EDGE_LOOP('',(#10234,#10235,#10237,#10238,#10239));
#10241=FACE_OUTER_BOUND('',#10240,.F.);
#10243=CARTESIAN_POINT('',(2.E0,-8.5E-1,-5.E0));
#10244=DIRECTION('',(0.E0,0.E0,-1.E0));
#10245=DIRECTION('',(1.E0,0.E0,0.E0));
#10246=AXIS2_PLACEMENT_3D('',#10243,#10244,#10245);
#10247=PLANE('',#10246);
#10249=ORIENTED_EDGE('',*,*,#10248,.F.);
#10251=ORIENTED_EDGE('',*,*,#10250,.T.);
#10253=ORIENTED_EDGE('',*,*,#10252,.T.);
#10255=ORIENTED_EDGE('',*,*,#10254,.F.);
#10257=ORIENTED_EDGE('',*,*,#10256,.F.);
#10258=ORIENTED_EDGE('',*,*,#7876,.T.);
#10259=ORIENTED_EDGE('',*,*,#10236,.T.);
#10260=ORIENTED_EDGE('',*,*,#7978,.F.);
#10261=EDGE_LOOP('',(#10249,#10251,#10253,#10255,#10257,#10258,#10259,#10260));
#10262=FACE_OUTER_BOUND('',#10261,.F.);
#10264=CARTESIAN_POINT('',(2.2E0,-4.E-1,-1.1518E1));
#10265=DIRECTION('',(0.E0,0.E0,1.E0));
#10266=DIRECTION('',(0.E0,1.E0,0.E0));
#10267=AXIS2_PLACEMENT_3D('',#10264,#10265,#10266);
#10268=CYLINDRICAL_SURFACE('',#10267,2.E-1);
#10270=ORIENTED_EDGE('',*,*,#10269,.T.);
#10272=ORIENTED_EDGE('',*,*,#10271,.F.);
#10273=ORIENTED_EDGE('',*,*,#10248,.T.);
#10274=ORIENTED_EDGE('',*,*,#7976,.T.);
#10275=EDGE_LOOP('',(#10270,#10272,#10273,#10274));
#10276=FACE_OUTER_BOUND('',#10275,.F.);
#10278=CARTESIAN_POINT('',(3.31E0,-8.5E-1,-4.7E0));
#10279=DIRECTION('',(0.E0,0.E0,1.E0));
#10280=DIRECTION('',(-1.E0,0.E0,0.E0));
#10281=AXIS2_PLACEMENT_3D('',#10278,#10279,#10280);
#10282=PLANE('',#10281);
#10283=ORIENTED_EDGE('',*,*,#10269,.F.);
#10284=ORIENTED_EDGE('',*,*,#7986,.F.);
#10285=ORIENTED_EDGE('',*,*,#9345,.F.);
#10286=ORIENTED_EDGE('',*,*,#7866,.T.);
#10288=ORIENTED_EDGE('',*,*,#10287,.F.);
#10290=ORIENTED_EDGE('',*,*,#10289,.F.);
#10292=ORIENTED_EDGE('',*,*,#10291,.F.);
#10294=ORIENTED_EDGE('',*,*,#10293,.T.);
#10295=EDGE_LOOP('',(#10283,#10284,#10285,#10286,#10288,#10290,#10292,#10294));
#10296=FACE_OUTER_BOUND('',#10295,.F.);
#10298=CARTESIAN_POINT('',(3.1E0,-9.5E-1,-1.1518E1));
#10299=DIRECTION('',(0.E0,0.E0,1.E0));
#10300=DIRECTION('',(0.E0,1.E0,0.E0));
#10301=AXIS2_PLACEMENT_3D('',#10298,#10299,#10300);
#10302=CYLINDRICAL_SURFACE('',#10301,1.E-1);
#10303=ORIENTED_EDGE('',*,*,#10256,.T.);
#10305=ORIENTED_EDGE('',*,*,#10304,.T.);
#10306=ORIENTED_EDGE('',*,*,#10287,.T.);
#10307=ORIENTED_EDGE('',*,*,#7864,.F.);
#10308=EDGE_LOOP('',(#10303,#10305,#10306,#10307));
#10309=FACE_OUTER_BOUND('',#10308,.F.);
#10311=CARTESIAN_POINT('',(3.E0,-2.E-1,0.E0));
#10312=DIRECTION('',(-1.E0,0.E0,0.E0));
#10313=DIRECTION('',(0.E0,0.E0,1.E0));
#10314=AXIS2_PLACEMENT_3D('',#10311,#10312,#10313);
#10315=PLANE('',#10314);
#10316=ORIENTED_EDGE('',*,*,#10304,.F.);
#10317=ORIENTED_EDGE('',*,*,#10254,.T.);
#10319=ORIENTED_EDGE('',*,*,#10318,.T.);
#10321=ORIENTED_EDGE('',*,*,#10320,.T.);
#10323=ORIENTED_EDGE('',*,*,#10322,.T.);
#10325=ORIENTED_EDGE('',*,*,#10324,.T.);
#10327=ORIENTED_EDGE('',*,*,#10326,.T.);
#10328=ORIENTED_EDGE('',*,*,#10289,.T.);
#10329=EDGE_LOOP('',(#10316,#10317,#10319,#10321,#10323,#10325,#10327,#10328));
#10330=FACE_OUTER_BOUND('',#10329,.F.);
#10332=CARTESIAN_POINT('',(2.E0,-1.E0,-4.6E0));
#10333=DIRECTION('',(-1.E0,0.E0,0.E0));
#10334=DIRECTION('',(0.E0,0.E0,1.E0));
#10335=AXIS2_PLACEMENT_3D('',#10332,#10333,#10334);
#10336=CYLINDRICAL_SURFACE('',#10335,4.E-1);
#10338=ORIENTED_EDGE('',*,*,#10337,.T.);
#10340=ORIENTED_EDGE('',*,*,#10339,.T.);
#10341=ORIENTED_EDGE('',*,*,#10318,.F.);
#10342=ORIENTED_EDGE('',*,*,#10252,.F.);
#10343=EDGE_LOOP('',(#10338,#10340,#10341,#10342));
#10344=FACE_OUTER_BOUND('',#10343,.F.);
#10346=CARTESIAN_POINT('',(2.E0,-8.5E-1,-4.7E0));
#10347=DIRECTION('',(-1.E0,0.E0,0.E0));
#10348=DIRECTION('',(0.E0,0.E0,-1.E0));
#10349=AXIS2_PLACEMENT_3D('',#10346,#10347,#10348);
#10350=PLANE('',#10349);
#10351=ORIENTED_EDGE('',*,*,#10271,.T.);
#10352=ORIENTED_EDGE('',*,*,#10293,.F.);
#10354=ORIENTED_EDGE('',*,*,#10353,.F.);
#10356=ORIENTED_EDGE('',*,*,#10355,.F.);
#10358=ORIENTED_EDGE('',*,*,#10357,.F.);
#10360=ORIENTED_EDGE('',*,*,#10359,.F.);
#10361=ORIENTED_EDGE('',*,*,#10337,.F.);
#10362=ORIENTED_EDGE('',*,*,#10250,.F.);
#10363=EDGE_LOOP('',(#10351,#10352,#10354,#10356,#10358,#10360,#10361,#10362));
#10364=FACE_OUTER_BOUND('',#10363,.F.);
#10366=CARTESIAN_POINT('',(2.E0,-1.E0,-4.6E0));
#10367=DIRECTION('',(-1.E0,0.E0,0.E0));
#10368=DIRECTION('',(0.E0,0.E0,1.E0));
#10369=AXIS2_PLACEMENT_3D('',#10366,#10367,#10368);
#10370=CYLINDRICAL_SURFACE('',#10369,1.E-1);
#10371=ORIENTED_EDGE('',*,*,#10353,.T.);
#10372=ORIENTED_EDGE('',*,*,#10291,.T.);
#10373=ORIENTED_EDGE('',*,*,#10326,.F.);
#10375=ORIENTED_EDGE('',*,*,#10374,.F.);
#10376=EDGE_LOOP('',(#10371,#10372,#10373,#10375));
#10377=FACE_OUTER_BOUND('',#10376,.F.);
#10379=CARTESIAN_POINT('',(2.E0,-1.1E0,-4.2E0));
#10380=DIRECTION('',(0.E0,1.E0,0.E0));
#10381=DIRECTION('',(0.E0,0.E0,-1.E0));
#10382=AXIS2_PLACEMENT_3D('',#10379,#10380,#10381);
#10383=PLANE('',#10382);
#10384=ORIENTED_EDGE('',*,*,#10355,.T.);
#10385=ORIENTED_EDGE('',*,*,#10374,.T.);
#10386=ORIENTED_EDGE('',*,*,#10324,.F.);
#10388=ORIENTED_EDGE('',*,*,#10387,.F.);
#10389=EDGE_LOOP('',(#10384,#10385,#10386,#10388));
#10390=FACE_OUTER_BOUND('',#10389,.F.);
#10392=CARTESIAN_POINT('',(2.E0,-1.4E0,-4.2E0));
#10393=DIRECTION('',(0.E0,0.E0,1.E0));
#10394=DIRECTION('',(0.E0,1.E0,0.E0));
#10395=AXIS2_PLACEMENT_3D('',#10392,#10393,#10394);
#10396=PLANE('',#10395);
#10397=ORIENTED_EDGE('',*,*,#10357,.T.);
#10398=ORIENTED_EDGE('',*,*,#10387,.T.);
#10399=ORIENTED_EDGE('',*,*,#10322,.F.);
#10401=ORIENTED_EDGE('',*,*,#10400,.F.);
#10402=EDGE_LOOP('',(#10397,#10398,#10399,#10401));
#10403=FACE_OUTER_BOUND('',#10402,.F.);
#10405=CARTESIAN_POINT('',(2.E0,-1.4E0,-4.6E0));
#10406=DIRECTION('',(0.E0,-1.E0,0.E0));
#10407=DIRECTION('',(0.E0,0.E0,1.E0));
#10408=AXIS2_PLACEMENT_3D('',#10405,#10406,#10407);
#10409=PLANE('',#10408);
#10410=ORIENTED_EDGE('',*,*,#10359,.T.);
#10411=ORIENTED_EDGE('',*,*,#10400,.T.);
#10412=ORIENTED_EDGE('',*,*,#10320,.F.);
#10413=ORIENTED_EDGE('',*,*,#10339,.F.);
#10414=EDGE_LOOP('',(#10410,#10411,#10412,#10413));
#10415=FACE_OUTER_BOUND('',#10414,.F.);
#10417=CARTESIAN_POINT('',(-1.79E0,-1.4E0,-3.9E0));
#10418=DIRECTION('',(0.E0,0.E0,1.E0));
#10419=DIRECTION('',(-1.E0,0.E0,0.E0));
#10420=AXIS2_PLACEMENT_3D('',#10417,#10418,#10419);
#10421=PLANE('',#10420);
#10422=ORIENTED_EDGE('',*,*,#8247,.F.);
#10423=ORIENTED_EDGE('',*,*,#8272,.T.);
#10424=ORIENTED_EDGE('',*,*,#7233,.T.);
#10426=ORIENTED_EDGE('',*,*,#10425,.T.);
#10427=ORIENTED_EDGE('',*,*,#7150,.F.);
#10428=ORIENTED_EDGE('',*,*,#8218,.F.);
#10429=EDGE_LOOP('',(#10422,#10423,#10424,#10426,#10427,#10428));
#10430=FACE_OUTER_BOUND('',#10429,.F.);
#10432=CARTESIAN_POINT('',(-1.79E0,-1.4E0,-3.5E0));
#10433=DIRECTION('',(-1.E0,0.E0,0.E0));
#10434=DIRECTION('',(0.E0,0.E0,-1.E0));
#10435=AXIS2_PLACEMENT_3D('',#10432,#10433,#10434);
#10436=PLANE('',#10435);
#10437=ORIENTED_EDGE('',*,*,#7152,.T.);
#10438=ORIENTED_EDGE('',*,*,#10425,.F.);
#10439=ORIENTED_EDGE('',*,*,#7231,.F.);
#10440=ORIENTED_EDGE('',*,*,#6983,.T.);
#10441=EDGE_LOOP('',(#10437,#10438,#10439,#10440));
#10442=FACE_OUTER_BOUND('',#10441,.F.);
#10444=CARTESIAN_POINT('',(-3.E0,-2.E-1,0.E0));
#10445=DIRECTION('',(-1.E0,0.E0,0.E0));
#10446=DIRECTION('',(0.E0,0.E0,1.E0));
#10447=AXIS2_PLACEMENT_3D('',#10444,#10445,#10446);
#10448=PLANE('',#10447);
#10449=ORIENTED_EDGE('',*,*,#7888,.F.);
#10450=ORIENTED_EDGE('',*,*,#7907,.F.);
#10452=ORIENTED_EDGE('',*,*,#10451,.F.);
#10454=ORIENTED_EDGE('',*,*,#10453,.F.);
#10456=ORIENTED_EDGE('',*,*,#10455,.F.);
#10458=ORIENTED_EDGE('',*,*,#10457,.F.);
#10460=ORIENTED_EDGE('',*,*,#10459,.F.);
#10461=ORIENTED_EDGE('',*,*,#7945,.F.);
#10462=EDGE_LOOP('',(#10449,#10450,#10452,#10454,#10456,#10458,#10460,#10461));
#10463=FACE_OUTER_BOUND('',#10462,.F.);
#10465=CARTESIAN_POINT('',(-2.E0,-1.E0,-4.6E0));
#10466=DIRECTION('',(-1.E0,0.E0,0.E0));
#10467=DIRECTION('',(0.E0,0.E0,1.E0));
#10468=AXIS2_PLACEMENT_3D('',#10465,#10466,#10467);
#10469=CYLINDRICAL_SURFACE('',#10468,1.E-1);
#10471=ORIENTED_EDGE('',*,*,#10470,.F.);
#10473=ORIENTED_EDGE('',*,*,#10472,.T.);
#10474=ORIENTED_EDGE('',*,*,#10451,.T.);
#10475=ORIENTED_EDGE('',*,*,#7905,.F.);
#10476=EDGE_LOOP('',(#10471,#10473,#10474,#10475));
#10477=FACE_OUTER_BOUND('',#10476,.F.);
#10479=CARTESIAN_POINT('',(-2.E0,-8.5E-1,-5.E0));
#10480=DIRECTION('',(1.E0,0.E0,0.E0));
#10481=DIRECTION('',(0.E0,0.E0,1.E0));
#10482=AXIS2_PLACEMENT_3D('',#10479,#10480,#10481);
#10483=PLANE('',#10482);
#10484=ORIENTED_EDGE('',*,*,#7925,.T.);
#10485=ORIENTED_EDGE('',*,*,#7949,.F.);
#10487=ORIENTED_EDGE('',*,*,#10486,.T.);
#10489=ORIENTED_EDGE('',*,*,#10488,.T.);
#10491=ORIENTED_EDGE('',*,*,#10490,.T.);
#10493=ORIENTED_EDGE('',*,*,#10492,.T.);
#10494=ORIENTED_EDGE('',*,*,#10470,.T.);
#10495=ORIENTED_EDGE('',*,*,#7903,.F.);
#10496=EDGE_LOOP('',(#10484,#10485,#10487,#10489,#10491,#10493,#10494,#10495));
#10497=FACE_OUTER_BOUND('',#10496,.F.);
#10499=CARTESIAN_POINT('',(-2.E0,-1.E0,-4.6E0));
#10500=DIRECTION('',(-1.E0,0.E0,0.E0));
#10501=DIRECTION('',(0.E0,0.E0,1.E0));
#10502=AXIS2_PLACEMENT_3D('',#10499,#10500,#10501);
#10503=CYLINDRICAL_SURFACE('',#10502,4.E-1);
#10504=ORIENTED_EDGE('',*,*,#10486,.F.);
#10505=ORIENTED_EDGE('',*,*,#7947,.T.);
#10506=ORIENTED_EDGE('',*,*,#10459,.T.);
#10508=ORIENTED_EDGE('',*,*,#10507,.F.);
#10509=EDGE_LOOP('',(#10504,#10505,#10506,#10508));
#10510=FACE_OUTER_BOUND('',#10509,.F.);
#10512=CARTESIAN_POINT('',(-2.E0,-1.4E0,-4.6E0));
#10513=DIRECTION('',(0.E0,1.E0,0.E0));
#10514=DIRECTION('',(0.E0,0.E0,1.E0));
#10515=AXIS2_PLACEMENT_3D('',#10512,#10513,#10514);
#10516=PLANE('',#10515);
#10517=ORIENTED_EDGE('',*,*,#10488,.F.);
#10518=ORIENTED_EDGE('',*,*,#10507,.T.);
#10519=ORIENTED_EDGE('',*,*,#10457,.T.);
#10521=ORIENTED_EDGE('',*,*,#10520,.F.);
#10522=EDGE_LOOP('',(#10517,#10518,#10519,#10521));
#10523=FACE_OUTER_BOUND('',#10522,.F.);
#10525=CARTESIAN_POINT('',(-2.E0,-1.4E0,-4.2E0));
#10526=DIRECTION('',(0.E0,0.E0,-1.E0));
#10527=DIRECTION('',(0.E0,1.E0,0.E0));
#10528=AXIS2_PLACEMENT_3D('',#10525,#10526,#10527);
#10529=PLANE('',#10528);
#10530=ORIENTED_EDGE('',*,*,#10490,.F.);
#10531=ORIENTED_EDGE('',*,*,#10520,.T.);
#10532=ORIENTED_EDGE('',*,*,#10455,.T.);
#10534=ORIENTED_EDGE('',*,*,#10533,.F.);
#10535=EDGE_LOOP('',(#10530,#10531,#10532,#10534));
#10536=FACE_OUTER_BOUND('',#10535,.F.);
#10538=CARTESIAN_POINT('',(-2.E0,-1.1E0,-4.2E0));
#10539=DIRECTION('',(0.E0,-1.E0,0.E0));
#10540=DIRECTION('',(0.E0,0.E0,-1.E0));
#10541=AXIS2_PLACEMENT_3D('',#10538,#10539,#10540);
#10542=PLANE('',#10541);
#10543=ORIENTED_EDGE('',*,*,#10492,.F.);
#10544=ORIENTED_EDGE('',*,*,#10533,.T.);
#10545=ORIENTED_EDGE('',*,*,#10453,.T.);
#10546=ORIENTED_EDGE('',*,*,#10472,.F.);
#10547=EDGE_LOOP('',(#10543,#10544,#10545,#10546));
#10548=FACE_OUTER_BOUND('',#10547,.F.);
#10550=CARTESIAN_POINT('',(-3.21E0,-8.6E-1,-3.5E0));
#10551=DIRECTION('',(0.E0,0.E0,1.E0));
#10552=DIRECTION('',(1.E0,0.E0,0.E0));
#10553=AXIS2_PLACEMENT_3D('',#10550,#10551,#10552);
#10554=CYLINDRICAL_SURFACE('',#10553,2.E-1);
#10556=ORIENTED_EDGE('',*,*,#10555,.F.);
#10557=ORIENTED_EDGE('',*,*,#6880,.T.);
#10558=ORIENTED_EDGE('',*,*,#6579,.T.);
#10559=ORIENTED_EDGE('',*,*,#6324,.F.);
#10560=EDGE_LOOP('',(#10556,#10557,#10558,#10559));
#10561=FACE_OUTER_BOUND('',#10560,.F.);
#10563=CARTESIAN_POINT('',(-3.41E0,-1.362931900660E-1,-3.5E0));
#10564=DIRECTION('',(-1.E0,0.E0,0.E0));
#10565=DIRECTION('',(0.E0,-1.E0,0.E0));
#10566=AXIS2_PLACEMENT_3D('',#10563,#10564,#10565);
#10567=PLANE('',#10566);
#10568=ORIENTED_EDGE('',*,*,#6792,.T.);
#10569=ORIENTED_EDGE('',*,*,#6456,.T.);
#10571=ORIENTED_EDGE('',*,*,#10570,.F.);
#10572=ORIENTED_EDGE('',*,*,#6882,.T.);
#10573=ORIENTED_EDGE('',*,*,#10555,.T.);
#10574=EDGE_LOOP('',(#10568,#10569,#10571,#10572,#10573));
#10575=FACE_OUTER_BOUND('',#10574,.F.);
#10577=CARTESIAN_POINT('',(-3.21E0,-1.362931900660E-1,-3.5E0));
#10578=DIRECTION('',(0.E0,0.E0,1.E0));
#10579=DIRECTION('',(1.E0,0.E0,0.E0));
#10580=AXIS2_PLACEMENT_3D('',#10577,#10578,#10579);
#10581=CYLINDRICAL_SURFACE('',#10580,2.E-1);
#10582=ORIENTED_EDGE('',*,*,#10570,.T.);
#10583=ORIENTED_EDGE('',*,*,#6454,.T.);
#10585=ORIENTED_EDGE('',*,*,#10584,.F.);
#10586=ORIENTED_EDGE('',*,*,#6884,.T.);
#10587=EDGE_LOOP('',(#10582,#10583,#10585,#10586));
#10588=FACE_OUTER_BOUND('',#10587,.F.);
#10590=CARTESIAN_POINT('',(-2.719640041195E0,7.132031538618E-1,-3.5E0));
#10591=DIRECTION('',(-7.459376616259E-1,6.660157693089E-1,0.E0));
#10592=DIRECTION('',(-6.660157693089E-1,-7.459376616259E-1,0.E0));
#10593=AXIS2_PLACEMENT_3D('',#10590,#10591,#10592);
#10594=PLANE('',#10593);
#10595=ORIENTED_EDGE('',*,*,#10584,.T.);
#10596=ORIENTED_EDGE('',*,*,#6452,.T.);
#10598=ORIENTED_EDGE('',*,*,#10597,.T.);
#10599=ORIENTED_EDGE('',*,*,#6886,.T.);
#10600=EDGE_LOOP('',(#10595,#10596,#10598,#10599));
#10601=FACE_OUTER_BOUND('',#10600,.F.);
#10603=CARTESIAN_POINT('',(-2.570452508870E0,5.8E-1,-3.5E0));
#10604=DIRECTION('',(0.E0,0.E0,1.E0));
#10605=DIRECTION('',(1.E0,0.E0,0.E0));
#10606=AXIS2_PLACEMENT_3D('',#10603,#10604,#10605);
#10607=CYLINDRICAL_SURFACE('',#10606,2.E-1);
#10608=ORIENTED_EDGE('',*,*,#10597,.F.);
#10609=ORIENTED_EDGE('',*,*,#6450,.T.);
#10610=ORIENTED_EDGE('',*,*,#6382,.T.);
#10611=ORIENTED_EDGE('',*,*,#6888,.T.);
#10612=EDGE_LOOP('',(#10608,#10609,#10610,#10611));
#10613=FACE_OUTER_BOUND('',#10612,.F.);
#10615=CARTESIAN_POINT('',(3.21E0,-8.6E-1,-3.5E0));
#10616=DIRECTION('',(0.E0,0.E0,1.E0));
#10617=DIRECTION('',(1.E0,0.E0,0.E0));
#10618=AXIS2_PLACEMENT_3D('',#10615,#10616,#10617);
#10619=CYLINDRICAL_SURFACE('',#10618,2.E-1);
#10620=ORIENTED_EDGE('',*,*,#6819,.T.);
#10621=ORIENTED_EDGE('',*,*,#6308,.F.);
#10622=ORIENTED_EDGE('',*,*,#6591,.F.);
#10623=ORIENTED_EDGE('',*,*,#6895,.T.);
#10624=EDGE_LOOP('',(#10620,#10621,#10622,#10623));
#10625=FACE_OUTER_BOUND('',#10624,.F.);
#10627=CARTESIAN_POINT('',(-1.59E0,-2.95E-1,6.713540001785E0));
#10628=DIRECTION('',(0.E0,0.E0,-1.E0));
#10629=DIRECTION('',(-1.E0,0.E0,0.E0));
#10630=AXIS2_PLACEMENT_3D('',#10627,#10628,#10629);
#10631=CYLINDRICAL_SURFACE('',#10630,1.E-1);
#10633=ORIENTED_EDGE('',*,*,#10632,.T.);
#10635=ORIENTED_EDGE('',*,*,#10634,.T.);
#10636=ORIENTED_EDGE('',*,*,#6899,.T.);
#10638=ORIENTED_EDGE('',*,*,#10637,.F.);
#10640=ORIENTED_EDGE('',*,*,#10639,.T.);
#10642=ORIENTED_EDGE('',*,*,#10641,.T.);
#10643=EDGE_LOOP('',(#10633,#10635,#10636,#10638,#10640,#10642));
#10644=FACE_OUTER_BOUND('',#10643,.F.);
#10646=CARTESIAN_POINT('',(-1.69E0,-1.95E-1,-2.4E0));
#10647=DIRECTION('',(7.071067811865E-1,0.E0,7.071067811865E-1));
#10648=DIRECTION('',(7.071067811865E-1,0.E0,-7.071067811865E-1));
#10649=AXIS2_PLACEMENT_3D('',#10646,#10647,#10648);
#10650=PLANE('',#10649);
#10652=ORIENTED_EDGE('',*,*,#10651,.F.);
#10654=ORIENTED_EDGE('',*,*,#10653,.T.);
#10656=ORIENTED_EDGE('',*,*,#10655,.F.);
#10657=ORIENTED_EDGE('',*,*,#10632,.F.);
#10658=EDGE_LOOP('',(#10652,#10654,#10656,#10657));
#10659=FACE_OUTER_BOUND('',#10658,.F.);
#10661=CARTESIAN_POINT('',(-1.69E0,0.E0,0.E0));
#10662=DIRECTION('',(1.E0,0.E0,0.E0));
#10663=DIRECTION('',(0.E0,0.E0,-1.E0));
#10664=AXIS2_PLACEMENT_3D('',#10661,#10662,#10663);
#10665=PLANE('',#10664);
#10666=ORIENTED_EDGE('',*,*,#10651,.T.);
#10667=ORIENTED_EDGE('',*,*,#10641,.F.);
#10669=ORIENTED_EDGE('',*,*,#10668,.T.);
#10671=ORIENTED_EDGE('',*,*,#10670,.F.);
#10673=ORIENTED_EDGE('',*,*,#10672,.F.);
#10674=EDGE_LOOP('',(#10666,#10667,#10669,#10671,#10673));
#10675=FACE_OUTER_BOUND('',#10674,.F.);
#10677=CARTESIAN_POINT('',(-1.69E0,-1.95E-1,-1.15E0));
#10678=DIRECTION('',(0.E0,6.726727939963E-1,7.399400733959E-1));
#10679=DIRECTION('',(0.E0,-7.399400733959E-1,6.726727939963E-1));
#10680=AXIS2_PLACEMENT_3D('',#10677,#10678,#10679);
#10681=PLANE('',#10680);
#10683=ORIENTED_EDGE('',*,*,#10682,.F.);
#10685=ORIENTED_EDGE('',*,*,#10684,.T.);
#10687=ORIENTED_EDGE('',*,*,#10686,.T.);
#10689=ORIENTED_EDGE('',*,*,#10688,.F.);
#10690=EDGE_LOOP('',(#10683,#10685,#10687,#10689));
#10691=FACE_OUTER_BOUND('',#10690,.F.);
#10693=CARTESIAN_POINT('',(-1.69E0,-1.95E-1,-1.15E0));
#10694=DIRECTION('',(0.E0,6.726727939963E-1,7.399400733959E-1));
#10695=DIRECTION('',(0.E0,-7.399400733959E-1,6.726727939963E-1));
#10696=AXIS2_PLACEMENT_3D('',#10693,#10694,#10695);
#10697=PLANE('',#10696);
#10699=ORIENTED_EDGE('',*,*,#10698,.F.);
#10701=ORIENTED_EDGE('',*,*,#10700,.T.);
#10703=ORIENTED_EDGE('',*,*,#10702,.T.);
#10705=ORIENTED_EDGE('',*,*,#10704,.F.);
#10706=EDGE_LOOP('',(#10699,#10701,#10703,#10705));
#10707=FACE_OUTER_BOUND('',#10706,.F.);
#10709=CARTESIAN_POINT('',(-1.69E0,-1.95E-1,-1.15E0));
#10710=DIRECTION('',(0.E0,6.726727939963E-1,7.399400733959E-1));
#10711=DIRECTION('',(0.E0,-7.399400733959E-1,6.726727939963E-1));
#10712=AXIS2_PLACEMENT_3D('',#10709,#10710,#10711);
#10713=PLANE('',#10712);
#10715=ORIENTED_EDGE('',*,*,#10714,.F.);
#10717=ORIENTED_EDGE('',*,*,#10716,.T.);
#10719=ORIENTED_EDGE('',*,*,#10718,.T.);
#10721=ORIENTED_EDGE('',*,*,#10720,.F.);
#10722=EDGE_LOOP('',(#10715,#10717,#10719,#10721));
#10723=FACE_OUTER_BOUND('',#10722,.F.);
#10725=CARTESIAN_POINT('',(-1.69E0,-1.95E-1,-1.15E0));
#10726=DIRECTION('',(0.E0,6.726727939963E-1,7.399400733959E-1));
#10727=DIRECTION('',(0.E0,-7.399400733959E-1,6.726727939963E-1));
#10728=AXIS2_PLACEMENT_3D('',#10725,#10726,#10727);
#10729=PLANE('',#10728);
#10731=ORIENTED_EDGE('',*,*,#10730,.F.);
#10733=ORIENTED_EDGE('',*,*,#10732,.T.);
#10735=ORIENTED_EDGE('',*,*,#10734,.T.);
#10737=ORIENTED_EDGE('',*,*,#10736,.F.);
#10738=EDGE_LOOP('',(#10731,#10733,#10735,#10737));
#10739=FACE_OUTER_BOUND('',#10738,.F.);
#10741=CARTESIAN_POINT('',(-1.69E0,-1.95E-1,-1.15E0));
#10742=DIRECTION('',(0.E0,6.726727939963E-1,7.399400733959E-1));
#10743=DIRECTION('',(0.E0,-7.399400733959E-1,6.726727939963E-1));
#10744=AXIS2_PLACEMENT_3D('',#10741,#10742,#10743);
#10745=PLANE('',#10744);
#10747=ORIENTED_EDGE('',*,*,#10746,.F.);
#10749=ORIENTED_EDGE('',*,*,#10748,.F.);
#10751=ORIENTED_EDGE('',*,*,#10750,.T.);
#10753=ORIENTED_EDGE('',*,*,#10752,.F.);
#10755=ORIENTED_EDGE('',*,*,#10754,.T.);
#10756=EDGE_LOOP('',(#10747,#10749,#10751,#10753,#10755));
#10757=FACE_OUTER_BOUND('',#10756,.F.);
#10759=CARTESIAN_POINT('',(-1.69E0,-1.95E-1,-1.15E0));
#10760=DIRECTION('',(0.E0,6.726727939963E-1,7.399400733959E-1));
#10761=DIRECTION('',(0.E0,-7.399400733959E-1,6.726727939963E-1));
#10762=AXIS2_PLACEMENT_3D('',#10759,#10760,#10761);
#10763=PLANE('',#10762);
#10765=ORIENTED_EDGE('',*,*,#10764,.F.);
#10766=ORIENTED_EDGE('',*,*,#10668,.F.);
#10767=ORIENTED_EDGE('',*,*,#10639,.F.);
#10769=ORIENTED_EDGE('',*,*,#10768,.T.);
#10771=ORIENTED_EDGE('',*,*,#10770,.T.);
#10772=EDGE_LOOP('',(#10765,#10766,#10767,#10769,#10771));
#10773=FACE_OUTER_BOUND('',#10772,.F.);
#10775=CARTESIAN_POINT('',(8.5E-1,0.E0,0.E0));
#10776=DIRECTION('',(1.E0,0.E0,0.E0));
#10777=DIRECTION('',(0.E0,0.E0,-1.E0));
#10778=AXIS2_PLACEMENT_3D('',#10775,#10776,#10777);
#10779=PLANE('',#10778);
#10780=ORIENTED_EDGE('',*,*,#6923,.T.);
#10782=ORIENTED_EDGE('',*,*,#10781,.T.);
#10783=ORIENTED_EDGE('',*,*,#10682,.T.);
#10785=ORIENTED_EDGE('',*,*,#10784,.T.);
#10787=ORIENTED_EDGE('',*,*,#10786,.T.);
#10789=ORIENTED_EDGE('',*,*,#10788,.T.);
#10791=ORIENTED_EDGE('',*,*,#10790,.T.);
#10792=EDGE_LOOP('',(#10780,#10782,#10783,#10785,#10787,#10789,#10791));
#10793=FACE_OUTER_BOUND('',#10792,.F.);
#10795=CARTESIAN_POINT('',(-1.69E0,-1.95E-1,-3.5E0));
#10796=DIRECTION('',(0.E0,1.E0,0.E0));
#10797=DIRECTION('',(0.E0,0.E0,1.E0));
#10798=AXIS2_PLACEMENT_3D('',#10795,#10796,#10797);
#10799=PLANE('',#10798);
#10800=ORIENTED_EDGE('',*,*,#10781,.F.);
#10801=ORIENTED_EDGE('',*,*,#6921,.T.);
#10803=ORIENTED_EDGE('',*,*,#10802,.T.);
#10804=ORIENTED_EDGE('',*,*,#10684,.F.);
#10805=EDGE_LOOP('',(#10800,#10801,#10803,#10804));
#10806=FACE_OUTER_BOUND('',#10805,.F.);
#10808=CARTESIAN_POINT('',(-1.69E0,-1.95E-1,-3.5E0));
#10809=DIRECTION('',(0.E0,1.E0,0.E0));
#10810=DIRECTION('',(0.E0,0.E0,1.E0));
#10811=AXIS2_PLACEMENT_3D('',#10808,#10809,#10810);
#10812=PLANE('',#10811);
#10814=ORIENTED_EDGE('',*,*,#10813,.F.);
#10815=ORIENTED_EDGE('',*,*,#6929,.T.);
#10817=ORIENTED_EDGE('',*,*,#10816,.T.);
#10818=ORIENTED_EDGE('',*,*,#10700,.F.);
#10819=EDGE_LOOP('',(#10814,#10815,#10817,#10818));
#10820=FACE_OUTER_BOUND('',#10819,.F.);
#10822=CARTESIAN_POINT('',(-1.69E0,-1.95E-1,-3.5E0));
#10823=DIRECTION('',(0.E0,1.E0,0.E0));
#10824=DIRECTION('',(0.E0,0.E0,1.E0));
#10825=AXIS2_PLACEMENT_3D('',#10822,#10823,#10824);
#10826=PLANE('',#10825);
#10828=ORIENTED_EDGE('',*,*,#10827,.F.);
#10829=ORIENTED_EDGE('',*,*,#6937,.T.);
#10831=ORIENTED_EDGE('',*,*,#10830,.T.);
#10832=ORIENTED_EDGE('',*,*,#10716,.F.);
#10833=EDGE_LOOP('',(#10828,#10829,#10831,#10832));
#10834=FACE_OUTER_BOUND('',#10833,.F.);
#10836=CARTESIAN_POINT('',(-1.69E0,-1.95E-1,-3.5E0));
#10837=DIRECTION('',(0.E0,1.E0,0.E0));
#10838=DIRECTION('',(0.E0,0.E0,1.E0));
#10839=AXIS2_PLACEMENT_3D('',#10836,#10837,#10838);
#10840=PLANE('',#10839);
#10842=ORIENTED_EDGE('',*,*,#10841,.F.);
#10843=ORIENTED_EDGE('',*,*,#6945,.T.);
#10845=ORIENTED_EDGE('',*,*,#10844,.T.);
#10846=ORIENTED_EDGE('',*,*,#10732,.F.);
#10847=EDGE_LOOP('',(#10842,#10843,#10845,#10846));
#10848=FACE_OUTER_BOUND('',#10847,.F.);
#10850=CARTESIAN_POINT('',(-1.69E0,-1.95E-1,-3.5E0));
#10851=DIRECTION('',(0.E0,1.E0,0.E0));
#10852=DIRECTION('',(0.E0,0.E0,1.E0));
#10853=AXIS2_PLACEMENT_3D('',#10850,#10851,#10852);
#10854=PLANE('',#10853);
#10856=ORIENTED_EDGE('',*,*,#10855,.T.);
#10857=ORIENTED_EDGE('',*,*,#10750,.F.);
#10859=ORIENTED_EDGE('',*,*,#10858,.F.);
#10860=ORIENTED_EDGE('',*,*,#6913,.T.);
#10861=EDGE_LOOP('',(#10856,#10857,#10859,#10860));
#10862=FACE_OUTER_BOUND('',#10861,.F.);
#10864=CARTESIAN_POINT('',(-1.69E0,-1.95E-1,-3.5E0));
#10865=DIRECTION('',(0.E0,1.E0,0.E0));
#10866=DIRECTION('',(0.E0,0.E0,1.E0));
#10867=AXIS2_PLACEMENT_3D('',#10864,#10865,#10866);
#10868=PLANE('',#10867);
#10869=ORIENTED_EDGE('',*,*,#10637,.T.);
#10870=ORIENTED_EDGE('',*,*,#6953,.T.);
#10872=ORIENTED_EDGE('',*,*,#10871,.T.);
#10873=ORIENTED_EDGE('',*,*,#10768,.F.);
#10874=EDGE_LOOP('',(#10869,#10870,#10872,#10873));
#10875=FACE_OUTER_BOUND('',#10874,.F.);
#10877=CARTESIAN_POINT('',(1.1E0,0.E0,0.E0));
#10878=DIRECTION('',(1.E0,0.E0,0.E0));
#10879=DIRECTION('',(0.E0,0.E0,-1.E0));
#10880=AXIS2_PLACEMENT_3D('',#10877,#10878,#10879);
#10881=PLANE('',#10880);
#10882=ORIENTED_EDGE('',*,*,#10802,.F.);
#10883=ORIENTED_EDGE('',*,*,#6919,.F.);
#10885=ORIENTED_EDGE('',*,*,#10884,.F.);
#10887=ORIENTED_EDGE('',*,*,#10886,.F.);
#10889=ORIENTED_EDGE('',*,*,#10888,.F.);
#10891=ORIENTED_EDGE('',*,*,#10890,.F.);
#10892=ORIENTED_EDGE('',*,*,#10686,.F.);
#10893=EDGE_LOOP('',(#10882,#10883,#10885,#10887,#10889,#10891,#10892));
#10894=FACE_OUTER_BOUND('',#10893,.F.);
#10896=CARTESIAN_POINT('',(1.1E0,-2.85E-1,-1.33E0));
#10897=DIRECTION('',(0.E0,-1.E0,0.E0));
#10898=DIRECTION('',(0.E0,0.E0,-1.E0));
#10899=AXIS2_PLACEMENT_3D('',#10896,#10897,#10898);
#10900=PLANE('',#10899);
#10901=ORIENTED_EDGE('',*,*,#10884,.T.);
#10902=ORIENTED_EDGE('',*,*,#6917,.T.);
#10904=ORIENTED_EDGE('',*,*,#10903,.F.);
#10906=ORIENTED_EDGE('',*,*,#10905,.F.);
#10907=EDGE_LOOP('',(#10901,#10902,#10904,#10906));
#10908=FACE_OUTER_BOUND('',#10907,.F.);
#10910=CARTESIAN_POINT('',(1.5E0,0.E0,0.E0));
#10911=DIRECTION('',(1.E0,0.E0,0.E0));
#10912=DIRECTION('',(0.E0,0.E0,-1.E0));
#10913=AXIS2_PLACEMENT_3D('',#10910,#10911,#10912);
#10914=PLANE('',#10913);
#10915=ORIENTED_EDGE('',*,*,#10858,.T.);
#10916=ORIENTED_EDGE('',*,*,#10748,.T.);
#10918=ORIENTED_EDGE('',*,*,#10917,.T.);
#10920=ORIENTED_EDGE('',*,*,#10919,.T.);
#10922=ORIENTED_EDGE('',*,*,#10921,.T.);
#10923=ORIENTED_EDGE('',*,*,#10903,.T.);
#10924=ORIENTED_EDGE('',*,*,#6915,.T.);
#10925=EDGE_LOOP('',(#10915,#10916,#10918,#10920,#10922,#10923,#10924));
#10926=FACE_OUTER_BOUND('',#10925,.F.);
#10928=CARTESIAN_POINT('',(-1.69E0,-4.15E-1,-9.5E-1));
#10929=DIRECTION('',(0.E0,1.E0,0.E0));
#10930=DIRECTION('',(0.E0,0.E0,1.E0));
#10931=AXIS2_PLACEMENT_3D('',#10928,#10929,#10930);
#10932=PLANE('',#10931);
#10933=ORIENTED_EDGE('',*,*,#10746,.T.);
#10935=ORIENTED_EDGE('',*,*,#10934,.F.);
#10937=ORIENTED_EDGE('',*,*,#10936,.T.);
#10939=ORIENTED_EDGE('',*,*,#10938,.T.);
#10940=ORIENTED_EDGE('',*,*,#10764,.T.);
#10942=ORIENTED_EDGE('',*,*,#10941,.T.);
#10944=ORIENTED_EDGE('',*,*,#10943,.T.);
#10946=ORIENTED_EDGE('',*,*,#10945,.F.);
#10947=ORIENTED_EDGE('',*,*,#10736,.T.);
#10949=ORIENTED_EDGE('',*,*,#10948,.T.);
#10951=ORIENTED_EDGE('',*,*,#10950,.T.);
#10953=ORIENTED_EDGE('',*,*,#10952,.F.);
#10954=ORIENTED_EDGE('',*,*,#10720,.T.);
#10956=ORIENTED_EDGE('',*,*,#10955,.T.);
#10958=ORIENTED_EDGE('',*,*,#10957,.T.);
#10960=ORIENTED_EDGE('',*,*,#10959,.F.);
#10961=ORIENTED_EDGE('',*,*,#10704,.T.);
#10963=ORIENTED_EDGE('',*,*,#10962,.T.);
#10965=ORIENTED_EDGE('',*,*,#10964,.T.);
#10966=ORIENTED_EDGE('',*,*,#10784,.F.);
#10967=ORIENTED_EDGE('',*,*,#10688,.T.);
#10968=ORIENTED_EDGE('',*,*,#10890,.T.);
#10970=ORIENTED_EDGE('',*,*,#10969,.T.);
#10971=ORIENTED_EDGE('',*,*,#10917,.F.);
#10972=EDGE_LOOP('',(#10933,#10935,#10937,#10939,#10940,#10942,#10944,#10946,
#10947,#10949,#10951,#10953,#10954,#10956,#10958,#10960,#10961,#10963,#10965,
#10966,#10967,#10968,#10970,#10971));
#10973=FACE_OUTER_BOUND('',#10972,.F.);
#10975=CARTESIAN_POINT('',(1.69E0,-1.95E-1,-9.5E-1));
#10976=DIRECTION('',(-7.071067811865E-1,0.E0,-7.071067811865E-1));
#10977=DIRECTION('',(-7.071067811865E-1,0.E0,7.071067811865E-1));
#10978=AXIS2_PLACEMENT_3D('',#10975,#10976,#10977);
#10979=PLANE('',#10978);
#10981=ORIENTED_EDGE('',*,*,#10980,.T.);
#10983=ORIENTED_EDGE('',*,*,#10982,.T.);
#10985=ORIENTED_EDGE('',*,*,#10984,.F.);
#10987=ORIENTED_EDGE('',*,*,#10986,.T.);
#10988=ORIENTED_EDGE('',*,*,#10934,.T.);
#10990=ORIENTED_EDGE('',*,*,#10989,.F.);
#10991=EDGE_LOOP('',(#10981,#10983,#10985,#10987,#10988,#10990));
#10992=FACE_OUTER_BOUND('',#10991,.F.);
#10994=CARTESIAN_POINT('',(1.59E0,-6.95E-1,6.713540001785E0));
#10995=DIRECTION('',(0.E0,0.E0,-1.E0));
#10996=DIRECTION('',(1.E0,0.E0,0.E0));
#10997=AXIS2_PLACEMENT_3D('',#10994,#10995,#10996);
#10998=CYLINDRICAL_SURFACE('',#10997,1.E-1);
#11000=ORIENTED_EDGE('',*,*,#10999,.T.);
#11001=ORIENTED_EDGE('',*,*,#6907,.T.);
#11003=ORIENTED_EDGE('',*,*,#11002,.F.);
#11005=ORIENTED_EDGE('',*,*,#11004,.T.);
#11006=ORIENTED_EDGE('',*,*,#10980,.F.);
#11008=ORIENTED_EDGE('',*,*,#11007,.T.);
#11010=ORIENTED_EDGE('',*,*,#11009,.T.);
#11011=EDGE_LOOP('',(#11000,#11001,#11003,#11005,#11006,#11008,#11010));
#11012=FACE_OUTER_BOUND('',#11011,.F.);
#11014=CARTESIAN_POINT('',(1.65E0,-1.95E-1,-3.5E0));
#11015=DIRECTION('',(-1.E0,0.E0,0.E0));
#11016=DIRECTION('',(0.E0,0.E0,1.E0));
#11017=AXIS2_PLACEMENT_3D('',#11014,#11015,#11016);
#11018=PLANE('',#11017);
#11019=ORIENTED_EDGE('',*,*,#6909,.T.);
#11020=ORIENTED_EDGE('',*,*,#10999,.F.);
#11022=ORIENTED_EDGE('',*,*,#11021,.F.);
#11024=ORIENTED_EDGE('',*,*,#11023,.F.);
#11025=EDGE_LOOP('',(#11019,#11020,#11022,#11024));
#11026=FACE_OUTER_BOUND('',#11025,.F.);
#11028=CARTESIAN_POINT('',(1.65E0,-1.95E-1,-2.44E0));
#11029=DIRECTION('',(-7.071067811865E-1,0.E0,7.071067811865E-1));
#11030=DIRECTION('',(7.071067811865E-1,0.E0,7.071067811865E-1));
#11031=AXIS2_PLACEMENT_3D('',#11028,#11029,#11030);
#11032=PLANE('',#11031);
#11034=ORIENTED_EDGE('',*,*,#11033,.T.);
#11036=ORIENTED_EDGE('',*,*,#11035,.T.);
#11037=ORIENTED_EDGE('',*,*,#11021,.T.);
#11038=ORIENTED_EDGE('',*,*,#11009,.F.);
#11039=EDGE_LOOP('',(#11034,#11036,#11037,#11038));
#11040=FACE_OUTER_BOUND('',#11039,.F.);
#11042=CARTESIAN_POINT('',(1.69E0,0.E0,0.E0));
#11043=DIRECTION('',(1.E0,0.E0,0.E0));
#11044=DIRECTION('',(0.E0,0.E0,-1.E0));
#11045=AXIS2_PLACEMENT_3D('',#11042,#11043,#11044);
#11046=PLANE('',#11045);
#11047=ORIENTED_EDGE('',*,*,#11033,.F.);
#11048=ORIENTED_EDGE('',*,*,#11007,.F.);
#11049=ORIENTED_EDGE('',*,*,#10989,.T.);
#11050=ORIENTED_EDGE('',*,*,#10754,.F.);
#11052=ORIENTED_EDGE('',*,*,#11051,.F.);
#11053=EDGE_LOOP('',(#11047,#11048,#11049,#11050,#11052));
#11054=FACE_OUTER_BOUND('',#11053,.F.);
#11056=CARTESIAN_POINT('',(1.59E0,-2.95E-1,-1.186354000101E1));
#11057=DIRECTION('',(0.E0,0.E0,1.E0));
#11058=DIRECTION('',(1.E0,0.E0,0.E0));
#11059=AXIS2_PLACEMENT_3D('',#11056,#11057,#11058);
#11060=CYLINDRICAL_SURFACE('',#11059,1.E-1);
#11061=ORIENTED_EDGE('',*,*,#11023,.T.);
#11062=ORIENTED_EDGE('',*,*,#11035,.F.);
#11063=ORIENTED_EDGE('',*,*,#11051,.T.);
#11064=ORIENTED_EDGE('',*,*,#10752,.T.);
#11065=ORIENTED_EDGE('',*,*,#10855,.F.);
#11066=ORIENTED_EDGE('',*,*,#6911,.T.);
#11067=EDGE_LOOP('',(#11061,#11062,#11063,#11064,#11065,#11066));
#11068=FACE_OUTER_BOUND('',#11067,.F.);
#11070=CARTESIAN_POINT('',(-1.69E0,-7.95E-1,-8.E-1));
#11071=DIRECTION('',(0.E0,-1.E0,0.E0));
#11072=DIRECTION('',(0.E0,0.E0,-1.E0));
#11073=AXIS2_PLACEMENT_3D('',#11070,#11071,#11072);
#11074=PLANE('',#11073);
#11076=ORIENTED_EDGE('',*,*,#11075,.F.);
#11077=ORIENTED_EDGE('',*,*,#11002,.T.);
#11078=ORIENTED_EDGE('',*,*,#6905,.F.);
#11080=ORIENTED_EDGE('',*,*,#11079,.T.);
#11081=EDGE_LOOP('',(#11076,#11077,#11078,#11080));
#11082=FACE_OUTER_BOUND('',#11081,.F.);
#11084=CARTESIAN_POINT('',(1.478952E1,-6.25E-1,-9.7E-1));
#11085=DIRECTION('',(-1.E0,0.E0,0.E0));
#11086=DIRECTION('',(0.E0,-1.E0,0.E0));
#11087=AXIS2_PLACEMENT_3D('',#11084,#11085,#11086);
#11088=CYLINDRICAL_SURFACE('',#11087,1.7E-1);
#11090=ORIENTED_EDGE('',*,*,#11089,.F.);
#11091=ORIENTED_EDGE('',*,*,#10982,.F.);
#11092=ORIENTED_EDGE('',*,*,#11004,.F.);
#11093=ORIENTED_EDGE('',*,*,#11075,.T.);
#11095=ORIENTED_EDGE('',*,*,#11094,.T.);
#11097=ORIENTED_EDGE('',*,*,#11096,.T.);
#11098=EDGE_LOOP('',(#11090,#11091,#11092,#11093,#11095,#11097));
#11099=FACE_OUTER_BOUND('',#11098,.F.);
#11101=CARTESIAN_POINT('',(-1.69E0,-4.15E-1,-8.E-1));
#11102=DIRECTION('',(0.E0,0.E0,1.E0));
#11103=DIRECTION('',(0.E0,-1.E0,0.E0));
#11104=AXIS2_PLACEMENT_3D('',#11101,#11102,#11103);
#11105=PLANE('',#11104);
#11107=ORIENTED_EDGE('',*,*,#11106,.F.);
#11108=ORIENTED_EDGE('',*,*,#10984,.T.);
#11109=ORIENTED_EDGE('',*,*,#11089,.T.);
#11111=ORIENTED_EDGE('',*,*,#11110,.F.);
#11112=EDGE_LOOP('',(#11107,#11108,#11109,#11111));
#11113=FACE_OUTER_BOUND('',#11112,.F.);
#11115=CARTESIAN_POINT('',(0.E0,-4.4E-1,-8.25E-1));
#11116=DIRECTION('',(0.E0,7.071067811865E-1,7.071067811865E-1));
#11117=DIRECTION('',(0.E0,7.071067811865E-1,-7.071067811865E-1));
#11118=AXIS2_PLACEMENT_3D('',#11115,#11116,#11117);
#11119=PLANE('',#11118);
#11120=ORIENTED_EDGE('',*,*,#11106,.T.);
#11122=ORIENTED_EDGE('',*,*,#11121,.T.);
#11123=ORIENTED_EDGE('',*,*,#10936,.F.);
#11124=ORIENTED_EDGE('',*,*,#10986,.F.);
#11125=EDGE_LOOP('',(#11120,#11122,#11123,#11124));
#11126=FACE_OUTER_BOUND('',#11125,.F.);
#11128=CARTESIAN_POINT('',(-1.54E0,-1.95E-1,-8.E-1));
#11129=DIRECTION('',(7.071067811865E-1,0.E0,-7.071067811865E-1));
#11130=DIRECTION('',(-7.071067811865E-1,0.E0,-7.071067811865E-1));
#11131=AXIS2_PLACEMENT_3D('',#11128,#11129,#11130);
#11132=PLANE('',#11131);
#11133=ORIENTED_EDGE('',*,*,#10938,.F.);
#11134=ORIENTED_EDGE('',*,*,#11121,.F.);
#11135=ORIENTED_EDGE('',*,*,#11110,.T.);
#11136=ORIENTED_EDGE('',*,*,#11096,.F.);
#11138=ORIENTED_EDGE('',*,*,#11137,.F.);
#11139=ORIENTED_EDGE('',*,*,#10670,.T.);
#11140=EDGE_LOOP('',(#11133,#11134,#11135,#11136,#11138,#11139));
#11141=FACE_OUTER_BOUND('',#11140,.F.);
#11143=CARTESIAN_POINT('',(-1.59E0,-6.95E-1,-1.186354000101E1));
#11144=DIRECTION('',(0.E0,0.E0,1.E0));
#11145=DIRECTION('',(-1.E0,0.E0,0.E0));
#11146=AXIS2_PLACEMENT_3D('',#11143,#11144,#11145);
#11147=CYLINDRICAL_SURFACE('',#11146,1.E-1);
#11148=ORIENTED_EDGE('',*,*,#10653,.F.);
#11149=ORIENTED_EDGE('',*,*,#10672,.T.);
#11150=ORIENTED_EDGE('',*,*,#11137,.T.);
#11151=ORIENTED_EDGE('',*,*,#11094,.F.);
#11152=ORIENTED_EDGE('',*,*,#11079,.F.);
#11153=ORIENTED_EDGE('',*,*,#6903,.T.);
#11155=ORIENTED_EDGE('',*,*,#11154,.T.);
#11156=EDGE_LOOP('',(#11148,#11149,#11150,#11151,#11152,#11153,#11155));
#11157=FACE_OUTER_BOUND('',#11156,.F.);
#11159=CARTESIAN_POINT('',(-1.65E0,-1.95E-1,-2.44E0));
#11160=DIRECTION('',(1.E0,0.E0,0.E0));
#11161=DIRECTION('',(0.E0,0.E0,-1.E0));
#11162=AXIS2_PLACEMENT_3D('',#11159,#11160,#11161);
#11163=PLANE('',#11162);
#11164=ORIENTED_EDGE('',*,*,#10655,.T.);
#11165=ORIENTED_EDGE('',*,*,#11154,.F.);
#11166=ORIENTED_EDGE('',*,*,#6901,.F.);
#11167=ORIENTED_EDGE('',*,*,#10634,.F.);
#11168=EDGE_LOOP('',(#11164,#11165,#11166,#11167));
#11169=FACE_OUTER_BOUND('',#11168,.F.);
#11171=CARTESIAN_POINT('',(-1.5E0,0.E0,0.E0));
#11172=DIRECTION('',(1.E0,0.E0,0.E0));
#11173=DIRECTION('',(0.E0,0.E0,-1.E0));
#11174=AXIS2_PLACEMENT_3D('',#11171,#11172,#11173);
#11175=PLANE('',#11174);
#11176=ORIENTED_EDGE('',*,*,#6951,.F.);
#11178=ORIENTED_EDGE('',*,*,#11177,.F.);
#11180=ORIENTED_EDGE('',*,*,#11179,.F.);
#11182=ORIENTED_EDGE('',*,*,#11181,.F.);
#11183=ORIENTED_EDGE('',*,*,#10941,.F.);
#11184=ORIENTED_EDGE('',*,*,#10770,.F.);
#11185=ORIENTED_EDGE('',*,*,#10871,.F.);
#11186=EDGE_LOOP('',(#11176,#11178,#11180,#11182,#11183,#11184,#11185));
#11187=FACE_OUTER_BOUND('',#11186,.F.);
#11189=CARTESIAN_POINT('',(-1.5E0,-2.85E-1,-1.33E0));
#11190=DIRECTION('',(0.E0,-1.E0,0.E0));
#11191=DIRECTION('',(0.E0,0.E0,-1.E0));
#11192=AXIS2_PLACEMENT_3D('',#11189,#11190,#11191);
#11193=PLANE('',#11192);
#11194=ORIENTED_EDGE('',*,*,#11177,.T.);
#11195=ORIENTED_EDGE('',*,*,#6949,.T.);
#11197=ORIENTED_EDGE('',*,*,#11196,.F.);
#11199=ORIENTED_EDGE('',*,*,#11198,.F.);
#11200=EDGE_LOOP('',(#11194,#11195,#11197,#11199));
#11201=FACE_OUTER_BOUND('',#11200,.F.);
#11203=CARTESIAN_POINT('',(-1.1E0,0.E0,0.E0));
#11204=DIRECTION('',(1.E0,0.E0,0.E0));
#11205=DIRECTION('',(0.E0,0.E0,-1.E0));
#11206=AXIS2_PLACEMENT_3D('',#11203,#11204,#11205);
#11207=PLANE('',#11206);
#11208=ORIENTED_EDGE('',*,*,#6947,.T.);
#11209=ORIENTED_EDGE('',*,*,#10841,.T.);
#11210=ORIENTED_EDGE('',*,*,#10730,.T.);
#11211=ORIENTED_EDGE('',*,*,#10945,.T.);
#11213=ORIENTED_EDGE('',*,*,#11212,.T.);
#11215=ORIENTED_EDGE('',*,*,#11214,.T.);
#11216=ORIENTED_EDGE('',*,*,#11196,.T.);
#11217=EDGE_LOOP('',(#11208,#11209,#11210,#11211,#11213,#11215,#11216));
#11218=FACE_OUTER_BOUND('',#11217,.F.);
#11220=CARTESIAN_POINT('',(-1.5E0,-4.15E-1,-1.067589968261E0));
#11221=DIRECTION('',(0.E0,-7.581343361977E-1,-6.520984038304E-1));
#11222=DIRECTION('',(0.E0,6.520984038304E-1,-7.581343361977E-1));
#11223=AXIS2_PLACEMENT_3D('',#11220,#11221,#11222);
#11224=PLANE('',#11223);
#11225=ORIENTED_EDGE('',*,*,#11181,.T.);
#11227=ORIENTED_EDGE('',*,*,#11226,.T.);
#11228=ORIENTED_EDGE('',*,*,#11212,.F.);
#11229=ORIENTED_EDGE('',*,*,#10943,.F.);
#11230=EDGE_LOOP('',(#11225,#11227,#11228,#11229));
#11231=FACE_OUTER_BOUND('',#11230,.F.);
#11233=CARTESIAN_POINT('',(-1.5E0,-5.85E-1,-1.33E0));
#11234=DIRECTION('',(1.E0,0.E0,0.E0));
#11235=DIRECTION('',(0.E0,0.E0,-1.E0));
#11236=AXIS2_PLACEMENT_3D('',#11233,#11234,#11235);
#11237=CYLINDRICAL_SURFACE('',#11236,3.E-1);
#11238=ORIENTED_EDGE('',*,*,#11179,.T.);
#11239=ORIENTED_EDGE('',*,*,#11198,.T.);
#11240=ORIENTED_EDGE('',*,*,#11214,.F.);
#11241=ORIENTED_EDGE('',*,*,#11226,.F.);
#11242=EDGE_LOOP('',(#11238,#11239,#11240,#11241));
#11243=FACE_OUTER_BOUND('',#11242,.F.);
#11245=CARTESIAN_POINT('',(-8.5E-1,0.E0,0.E0));
#11246=DIRECTION('',(1.E0,0.E0,0.E0));
#11247=DIRECTION('',(0.E0,0.E0,-1.E0));
#11248=AXIS2_PLACEMENT_3D('',#11245,#11246,#11247);
#11249=PLANE('',#11248);
#11250=ORIENTED_EDGE('',*,*,#6943,.F.);
#11252=ORIENTED_EDGE('',*,*,#11251,.F.);
#11254=ORIENTED_EDGE('',*,*,#11253,.F.);
#11256=ORIENTED_EDGE('',*,*,#11255,.F.);
#11257=ORIENTED_EDGE('',*,*,#10948,.F.);
#11258=ORIENTED_EDGE('',*,*,#10734,.F.);
#11259=ORIENTED_EDGE('',*,*,#10844,.F.);
#11260=EDGE_LOOP('',(#11250,#11252,#11254,#11256,#11257,#11258,#11259));
#11261=FACE_OUTER_BOUND('',#11260,.F.);
#11263=CARTESIAN_POINT('',(-8.5E-1,-2.85E-1,-1.33E0));
#11264=DIRECTION('',(0.E0,-1.E0,0.E0));
#11265=DIRECTION('',(0.E0,0.E0,-1.E0));
#11266=AXIS2_PLACEMENT_3D('',#11263,#11264,#11265);
#11267=PLANE('',#11266);
#11268=ORIENTED_EDGE('',*,*,#11251,.T.);
#11269=ORIENTED_EDGE('',*,*,#6941,.T.);
#11271=ORIENTED_EDGE('',*,*,#11270,.F.);
#11273=ORIENTED_EDGE('',*,*,#11272,.F.);
#11274=EDGE_LOOP('',(#11268,#11269,#11271,#11273));
#11275=FACE_OUTER_BOUND('',#11274,.F.);
#11277=CARTESIAN_POINT('',(-4.5E-1,0.E0,0.E0));
#11278=DIRECTION('',(1.E0,0.E0,0.E0));
#11279=DIRECTION('',(0.E0,0.E0,-1.E0));
#11280=AXIS2_PLACEMENT_3D('',#11277,#11278,#11279);
#11281=PLANE('',#11280);
#11282=ORIENTED_EDGE('',*,*,#6939,.T.);
#11283=ORIENTED_EDGE('',*,*,#10827,.T.);
#11284=ORIENTED_EDGE('',*,*,#10714,.T.);
#11285=ORIENTED_EDGE('',*,*,#10952,.T.);
#11287=ORIENTED_EDGE('',*,*,#11286,.T.);
#11289=ORIENTED_EDGE('',*,*,#11288,.T.);
#11290=ORIENTED_EDGE('',*,*,#11270,.T.);
#11291=EDGE_LOOP('',(#11282,#11283,#11284,#11285,#11287,#11289,#11290));
#11292=FACE_OUTER_BOUND('',#11291,.F.);
#11294=CARTESIAN_POINT('',(-8.5E-1,-4.15E-1,-1.067589968261E0));
#11295=DIRECTION('',(0.E0,-7.581343361977E-1,-6.520984038304E-1));
#11296=DIRECTION('',(0.E0,6.520984038304E-1,-7.581343361977E-1));
#11297=AXIS2_PLACEMENT_3D('',#11294,#11295,#11296);
#11298=PLANE('',#11297);
#11299=ORIENTED_EDGE('',*,*,#11255,.T.);
#11301=ORIENTED_EDGE('',*,*,#11300,.T.);
#11302=ORIENTED_EDGE('',*,*,#11286,.F.);
#11303=ORIENTED_EDGE('',*,*,#10950,.F.);
#11304=EDGE_LOOP('',(#11299,#11301,#11302,#11303));
#11305=FACE_OUTER_BOUND('',#11304,.F.);
#11307=CARTESIAN_POINT('',(-8.5E-1,-5.85E-1,-1.33E0));
#11308=DIRECTION('',(1.E0,0.E0,0.E0));
#11309=DIRECTION('',(0.E0,0.E0,-1.E0));
#11310=AXIS2_PLACEMENT_3D('',#11307,#11308,#11309);
#11311=CYLINDRICAL_SURFACE('',#11310,3.E-1);
#11312=ORIENTED_EDGE('',*,*,#11253,.T.);
#11313=ORIENTED_EDGE('',*,*,#11272,.T.);
#11314=ORIENTED_EDGE('',*,*,#11288,.F.);
#11315=ORIENTED_EDGE('',*,*,#11300,.F.);
#11316=EDGE_LOOP('',(#11312,#11313,#11314,#11315));
#11317=FACE_OUTER_BOUND('',#11316,.F.);
#11319=CARTESIAN_POINT('',(-2.E-1,0.E0,0.E0));
#11320=DIRECTION('',(1.E0,0.E0,0.E0));
#11321=DIRECTION('',(0.E0,0.E0,-1.E0));
#11322=AXIS2_PLACEMENT_3D('',#11319,#11320,#11321);
#11323=PLANE('',#11322);
#11324=ORIENTED_EDGE('',*,*,#6935,.F.);
#11326=ORIENTED_EDGE('',*,*,#11325,.F.);
#11328=ORIENTED_EDGE('',*,*,#11327,.F.);
#11330=ORIENTED_EDGE('',*,*,#11329,.F.);
#11331=ORIENTED_EDGE('',*,*,#10955,.F.);
#11332=ORIENTED_EDGE('',*,*,#10718,.F.);
#11333=ORIENTED_EDGE('',*,*,#10830,.F.);
#11334=EDGE_LOOP('',(#11324,#11326,#11328,#11330,#11331,#11332,#11333));
#11335=FACE_OUTER_BOUND('',#11334,.F.);
#11337=CARTESIAN_POINT('',(-2.E-1,-2.85E-1,-1.33E0));
#11338=DIRECTION('',(0.E0,-1.E0,0.E0));
#11339=DIRECTION('',(0.E0,0.E0,-1.E0));
#11340=AXIS2_PLACEMENT_3D('',#11337,#11338,#11339);
#11341=PLANE('',#11340);
#11342=ORIENTED_EDGE('',*,*,#11325,.T.);
#11343=ORIENTED_EDGE('',*,*,#6933,.T.);
#11345=ORIENTED_EDGE('',*,*,#11344,.F.);
#11347=ORIENTED_EDGE('',*,*,#11346,.F.);
#11348=EDGE_LOOP('',(#11342,#11343,#11345,#11347));
#11349=FACE_OUTER_BOUND('',#11348,.F.);
#11351=CARTESIAN_POINT('',(2.E-1,0.E0,0.E0));
#11352=DIRECTION('',(1.E0,0.E0,0.E0));
#11353=DIRECTION('',(0.E0,0.E0,-1.E0));
#11354=AXIS2_PLACEMENT_3D('',#11351,#11352,#11353);
#11355=PLANE('',#11354);
#11356=ORIENTED_EDGE('',*,*,#6931,.T.);
#11357=ORIENTED_EDGE('',*,*,#10813,.T.);
#11358=ORIENTED_EDGE('',*,*,#10698,.T.);
#11359=ORIENTED_EDGE('',*,*,#10959,.T.);
#11361=ORIENTED_EDGE('',*,*,#11360,.T.);
#11363=ORIENTED_EDGE('',*,*,#11362,.T.);
#11364=ORIENTED_EDGE('',*,*,#11344,.T.);
#11365=EDGE_LOOP('',(#11356,#11357,#11358,#11359,#11361,#11363,#11364));
#11366=FACE_OUTER_BOUND('',#11365,.F.);
#11368=CARTESIAN_POINT('',(-2.E-1,-4.15E-1,-1.067589968261E0));
#11369=DIRECTION('',(0.E0,-7.581343361977E-1,-6.520984038304E-1));
#11370=DIRECTION('',(0.E0,6.520984038304E-1,-7.581343361977E-1));
#11371=AXIS2_PLACEMENT_3D('',#11368,#11369,#11370);
#11372=PLANE('',#11371);
#11373=ORIENTED_EDGE('',*,*,#11329,.T.);
#11375=ORIENTED_EDGE('',*,*,#11374,.T.);
#11376=ORIENTED_EDGE('',*,*,#11360,.F.);
#11377=ORIENTED_EDGE('',*,*,#10957,.F.);
#11378=EDGE_LOOP('',(#11373,#11375,#11376,#11377));
#11379=FACE_OUTER_BOUND('',#11378,.F.);
#11381=CARTESIAN_POINT('',(-2.E-1,-5.85E-1,-1.33E0));
#11382=DIRECTION('',(1.E0,0.E0,0.E0));
#11383=DIRECTION('',(0.E0,0.E0,-1.E0));
#11384=AXIS2_PLACEMENT_3D('',#11381,#11382,#11383);
#11385=CYLINDRICAL_SURFACE('',#11384,3.E-1);
#11386=ORIENTED_EDGE('',*,*,#11327,.T.);
#11387=ORIENTED_EDGE('',*,*,#11346,.T.);
#11388=ORIENTED_EDGE('',*,*,#11362,.F.);
#11389=ORIENTED_EDGE('',*,*,#11374,.F.);
#11390=EDGE_LOOP('',(#11386,#11387,#11388,#11389));
#11391=FACE_OUTER_BOUND('',#11390,.F.);
#11393=CARTESIAN_POINT('',(4.5E-1,0.E0,0.E0));
#11394=DIRECTION('',(1.E0,0.E0,0.E0));
#11395=DIRECTION('',(0.E0,0.E0,-1.E0));
#11396=AXIS2_PLACEMENT_3D('',#11393,#11394,#11395);
#11397=PLANE('',#11396);
#11398=ORIENTED_EDGE('',*,*,#6927,.F.);
#11400=ORIENTED_EDGE('',*,*,#11399,.F.);
#11402=ORIENTED_EDGE('',*,*,#11401,.F.);
#11404=ORIENTED_EDGE('',*,*,#11403,.F.);
#11405=ORIENTED_EDGE('',*,*,#10962,.F.);
#11406=ORIENTED_EDGE('',*,*,#10702,.F.);
#11407=ORIENTED_EDGE('',*,*,#10816,.F.);
#11408=EDGE_LOOP('',(#11398,#11400,#11402,#11404,#11405,#11406,#11407));
#11409=FACE_OUTER_BOUND('',#11408,.F.);
#11411=CARTESIAN_POINT('',(4.5E-1,-2.85E-1,-1.33E0));
#11412=DIRECTION('',(0.E0,-1.E0,0.E0));
#11413=DIRECTION('',(0.E0,0.E0,-1.E0));
#11414=AXIS2_PLACEMENT_3D('',#11411,#11412,#11413);
#11415=PLANE('',#11414);
#11416=ORIENTED_EDGE('',*,*,#11399,.T.);
#11417=ORIENTED_EDGE('',*,*,#6925,.T.);
#11418=ORIENTED_EDGE('',*,*,#10790,.F.);
#11420=ORIENTED_EDGE('',*,*,#11419,.F.);
#11421=EDGE_LOOP('',(#11416,#11417,#11418,#11420));
#11422=FACE_OUTER_BOUND('',#11421,.F.);
#11424=CARTESIAN_POINT('',(4.5E-1,-5.85E-1,-1.33E0));
#11425=DIRECTION('',(1.E0,0.E0,0.E0));
#11426=DIRECTION('',(0.E0,0.E0,-1.E0));
#11427=AXIS2_PLACEMENT_3D('',#11424,#11425,#11426);
#11428=CYLINDRICAL_SURFACE('',#11427,3.E-1);
#11429=ORIENTED_EDGE('',*,*,#11401,.T.);
#11430=ORIENTED_EDGE('',*,*,#11419,.T.);
#11431=ORIENTED_EDGE('',*,*,#10788,.F.);
#11433=ORIENTED_EDGE('',*,*,#11432,.F.);
#11434=EDGE_LOOP('',(#11429,#11430,#11431,#11433));
#11435=FACE_OUTER_BOUND('',#11434,.F.);
#11437=CARTESIAN_POINT('',(4.5E-1,-4.15E-1,-1.067589968261E0));
#11438=DIRECTION('',(0.E0,-7.581343361977E-1,-6.520984038304E-1));
#11439=DIRECTION('',(0.E0,6.520984038304E-1,-7.581343361977E-1));
#11440=AXIS2_PLACEMENT_3D('',#11437,#11438,#11439);
#11441=PLANE('',#11440);
#11442=ORIENTED_EDGE('',*,*,#11403,.T.);
#11443=ORIENTED_EDGE('',*,*,#11432,.T.);
#11444=ORIENTED_EDGE('',*,*,#10786,.F.);
#11445=ORIENTED_EDGE('',*,*,#10964,.F.);
#11446=EDGE_LOOP('',(#11442,#11443,#11444,#11445));
#11447=FACE_OUTER_BOUND('',#11446,.F.);
#11449=CARTESIAN_POINT('',(1.1E0,-4.15E-1,-1.067589968261E0));
#11450=DIRECTION('',(0.E0,-7.581343361977E-1,-6.520984038304E-1));
#11451=DIRECTION('',(0.E0,6.520984038304E-1,-7.581343361977E-1));
#11452=AXIS2_PLACEMENT_3D('',#11449,#11450,#11451);
#11453=PLANE('',#11452);
#11454=ORIENTED_EDGE('',*,*,#10888,.T.);
#11456=ORIENTED_EDGE('',*,*,#11455,.T.);
#11457=ORIENTED_EDGE('',*,*,#10919,.F.);
#11458=ORIENTED_EDGE('',*,*,#10969,.F.);
#11459=EDGE_LOOP('',(#11454,#11456,#11457,#11458));
#11460=FACE_OUTER_BOUND('',#11459,.F.);
#11462=CARTESIAN_POINT('',(1.1E0,-5.85E-1,-1.33E0));
#11463=DIRECTION('',(1.E0,0.E0,0.E0));
#11464=DIRECTION('',(0.E0,0.E0,-1.E0));
#11465=AXIS2_PLACEMENT_3D('',#11462,#11463,#11464);
#11466=CYLINDRICAL_SURFACE('',#11465,3.E-1);
#11467=ORIENTED_EDGE('',*,*,#10886,.T.);
#11468=ORIENTED_EDGE('',*,*,#10905,.T.);
#11469=ORIENTED_EDGE('',*,*,#10921,.F.);
#11470=ORIENTED_EDGE('',*,*,#11455,.F.);
#11471=EDGE_LOOP('',(#11467,#11468,#11469,#11470));
#11472=FACE_OUTER_BOUND('',#11471,.F.);
#11474=CARTESIAN_POINT('',(-3.21E0,-8.6E-1,-4.52E0));
#11475=DIRECTION('',(2.907021935983E-1,0.E0,-9.568135840576E-1));
#11476=DIRECTION('',(9.568135840576E-1,0.E0,2.907021935983E-1));
#11477=AXIS2_PLACEMENT_3D('',#11474,#11475,#11476);
#11478=PLANE('',#11477);
#11479=ORIENTED_EDGE('',*,*,#6559,.T.);
#11481=ORIENTED_EDGE('',*,*,#11480,.F.);
#11482=ORIENTED_EDGE('',*,*,#6442,.F.);
#11483=ORIENTED_EDGE('',*,*,#6789,.T.);
#11484=EDGE_LOOP('',(#11479,#11481,#11482,#11483));
#11485=FACE_OUTER_BOUND('',#11484,.F.);
#11487=CARTESIAN_POINT('',(-1.975E0,4.E-2,-4.42E0));
#11488=DIRECTION('',(0.E0,-1.E0,0.E0));
#11489=DIRECTION('',(-1.E0,0.E0,0.E0));
#11490=AXIS2_PLACEMENT_3D('',#11487,#11488,#11489);
#11491=PLANE('',#11490);
#11492=ORIENTED_EDGE('',*,*,#11480,.T.);
#11493=ORIENTED_EDGE('',*,*,#6557,.F.);
#11495=ORIENTED_EDGE('',*,*,#11494,.T.);
#11496=ORIENTED_EDGE('',*,*,#6444,.T.);
#11497=EDGE_LOOP('',(#11492,#11493,#11495,#11496));
#11498=FACE_OUTER_BOUND('',#11497,.F.);
#11500=CARTESIAN_POINT('',(-1.975E0,6.114720812183E-1,-4.42E0));
#11501=DIRECTION('',(1.E0,0.E0,0.E0));
#11502=DIRECTION('',(0.E0,-1.E0,0.E0));
#11503=AXIS2_PLACEMENT_3D('',#11500,#11501,#11502);
#11504=PLANE('',#11503);
#11505=ORIENTED_EDGE('',*,*,#6555,.F.);
#11506=ORIENTED_EDGE('',*,*,#6340,.T.);
#11507=ORIENTED_EDGE('',*,*,#6446,.T.);
#11508=ORIENTED_EDGE('',*,*,#11494,.F.);
#11509=EDGE_LOOP('',(#11505,#11506,#11507,#11508));
#11510=FACE_OUTER_BOUND('',#11509,.F.);
#11512=CARTESIAN_POINT('',(1.425E0,0.E0,0.E0));
#11513=DIRECTION('',(1.E0,0.E0,0.E0));
#11514=DIRECTION('',(0.E0,0.E0,-1.E0));
#11515=AXIS2_PLACEMENT_3D('',#11512,#11513,#11514);
#11516=PLANE('',#11515);
#11517=ORIENTED_EDGE('',*,*,#6597,.F.);
#11518=ORIENTED_EDGE('',*,*,#6521,.F.);
#11520=ORIENTED_EDGE('',*,*,#11519,.F.);
#11522=ORIENTED_EDGE('',*,*,#11521,.F.);
#11524=ORIENTED_EDGE('',*,*,#11523,.F.);
#11526=ORIENTED_EDGE('',*,*,#11525,.F.);
#11528=ORIENTED_EDGE('',*,*,#11527,.F.);
#11530=ORIENTED_EDGE('',*,*,#11529,.F.);
#11531=EDGE_LOOP('',(#11517,#11518,#11520,#11522,#11524,#11526,#11528,#11530));
#11532=FACE_OUTER_BOUND('',#11531,.F.);
#11534=CARTESIAN_POINT('',(1.175E0,-1.15E0,-4.52E0));
#11535=DIRECTION('',(1.E0,0.E0,0.E0));
#11536=DIRECTION('',(0.E0,0.E0,-1.E0));
#11537=AXIS2_PLACEMENT_3D('',#11534,#11535,#11536);
#11538=CYLINDRICAL_SURFACE('',#11537,1.E-1);
#11540=ORIENTED_EDGE('',*,*,#11539,.F.);
#11542=ORIENTED_EDGE('',*,*,#11541,.T.);
#11543=ORIENTED_EDGE('',*,*,#11519,.T.);
#11544=ORIENTED_EDGE('',*,*,#6519,.F.);
#11545=EDGE_LOOP('',(#11540,#11542,#11543,#11544));
#11546=FACE_OUTER_BOUND('',#11545,.F.);
#11548=CARTESIAN_POINT('',(1.175E0,0.E0,0.E0));
#11549=DIRECTION('',(1.E0,0.E0,0.E0));
#11550=DIRECTION('',(0.E0,0.E0,-1.E0));
#11551=AXIS2_PLACEMENT_3D('',#11548,#11549,#11550);
#11552=PLANE('',#11551);
#11553=ORIENTED_EDGE('',*,*,#6601,.T.);
#11555=ORIENTED_EDGE('',*,*,#11554,.T.);
#11557=ORIENTED_EDGE('',*,*,#11556,.T.);
#11559=ORIENTED_EDGE('',*,*,#11558,.T.);
#11561=ORIENTED_EDGE('',*,*,#11560,.T.);
#11563=ORIENTED_EDGE('',*,*,#11562,.T.);
#11564=ORIENTED_EDGE('',*,*,#11539,.T.);
#11565=ORIENTED_EDGE('',*,*,#6517,.T.);
#11566=EDGE_LOOP('',(#11553,#11555,#11557,#11559,#11561,#11563,#11564,#11565));
#11567=FACE_OUTER_BOUND('',#11566,.F.);
#11569=CARTESIAN_POINT('',(1.175E0,-2.9E-1,-4.27E0));
#11570=DIRECTION('',(0.E0,0.E0,1.E0));
#11571=DIRECTION('',(0.E0,-1.E0,0.E0));
#11572=AXIS2_PLACEMENT_3D('',#11569,#11570,#11571);
#11573=PLANE('',#11572);
#11574=ORIENTED_EDGE('',*,*,#6599,.T.);
#11575=ORIENTED_EDGE('',*,*,#11529,.T.);
#11577=ORIENTED_EDGE('',*,*,#11576,.F.);
#11578=ORIENTED_EDGE('',*,*,#11554,.F.);
#11579=EDGE_LOOP('',(#11574,#11575,#11577,#11578));
#11580=FACE_OUTER_BOUND('',#11579,.F.);
#11582=CARTESIAN_POINT('',(1.175E0,-1.15E0,-4.52E0));
#11583=DIRECTION('',(1.E0,0.E0,0.E0));
#11584=DIRECTION('',(0.E0,0.E0,-1.E0));
#11585=AXIS2_PLACEMENT_3D('',#11582,#11583,#11584);
#11586=CYLINDRICAL_SURFACE('',#11585,2.5E-1);
#11587=ORIENTED_EDGE('',*,*,#11556,.F.);
#11588=ORIENTED_EDGE('',*,*,#11576,.T.);
#11589=ORIENTED_EDGE('',*,*,#11527,.T.);
#11591=ORIENTED_EDGE('',*,*,#11590,.F.);
#11592=EDGE_LOOP('',(#11587,#11588,#11589,#11591));
#11593=FACE_OUTER_BOUND('',#11592,.F.);
#11595=CARTESIAN_POINT('',(1.175E0,-1.4E0,-4.52E0));
#11596=DIRECTION('',(0.E0,-1.E0,0.E0));
#11597=DIRECTION('',(0.E0,0.E0,-1.E0));
#11598=AXIS2_PLACEMENT_3D('',#11595,#11596,#11597);
#11599=PLANE('',#11598);
#11600=ORIENTED_EDGE('',*,*,#11558,.F.);
#11601=ORIENTED_EDGE('',*,*,#11590,.T.);
#11602=ORIENTED_EDGE('',*,*,#11525,.T.);
#11604=ORIENTED_EDGE('',*,*,#11603,.F.);
#11605=EDGE_LOOP('',(#11600,#11601,#11602,#11604));
#11606=FACE_OUTER_BOUND('',#11605,.F.);
#11608=CARTESIAN_POINT('',(1.175E0,-1.4E0,-5.15E0));
#11609=DIRECTION('',(0.E0,0.E0,-1.E0));
#11610=DIRECTION('',(0.E0,1.E0,0.E0));
#11611=AXIS2_PLACEMENT_3D('',#11608,#11609,#11610);
#11612=PLANE('',#11611);
#11613=ORIENTED_EDGE('',*,*,#11560,.F.);
#11614=ORIENTED_EDGE('',*,*,#11603,.T.);
#11615=ORIENTED_EDGE('',*,*,#11523,.T.);
#11617=ORIENTED_EDGE('',*,*,#11616,.F.);
#11618=EDGE_LOOP('',(#11613,#11614,#11615,#11617));
#11619=FACE_OUTER_BOUND('',#11618,.F.);
#11621=CARTESIAN_POINT('',(1.175E0,-1.25E0,-5.15E0));
#11622=DIRECTION('',(0.E0,1.E0,0.E0));
#11623=DIRECTION('',(0.E0,0.E0,1.E0));
#11624=AXIS2_PLACEMENT_3D('',#11621,#11622,#11623);
#11625=PLANE('',#11624);
#11626=ORIENTED_EDGE('',*,*,#11562,.F.);
#11627=ORIENTED_EDGE('',*,*,#11616,.T.);
#11628=ORIENTED_EDGE('',*,*,#11521,.T.);
#11629=ORIENTED_EDGE('',*,*,#11541,.F.);
#11630=EDGE_LOOP('',(#11626,#11627,#11628,#11629));
#11631=FACE_OUTER_BOUND('',#11630,.F.);
#11633=CARTESIAN_POINT('',(7.75E-1,0.E0,0.E0));
#11634=DIRECTION('',(1.E0,0.E0,0.E0));
#11635=DIRECTION('',(0.E0,0.E0,-1.E0));
#11636=AXIS2_PLACEMENT_3D('',#11633,#11634,#11635);
#11637=PLANE('',#11636);
#11638=ORIENTED_EDGE('',*,*,#6513,.F.);
#11640=ORIENTED_EDGE('',*,*,#11639,.F.);
#11642=ORIENTED_EDGE('',*,*,#11641,.F.);
#11644=ORIENTED_EDGE('',*,*,#11643,.F.);
#11646=ORIENTED_EDGE('',*,*,#11645,.F.);
#11648=ORIENTED_EDGE('',*,*,#11647,.F.);
#11650=ORIENTED_EDGE('',*,*,#11649,.F.);
#11651=ORIENTED_EDGE('',*,*,#6604,.F.);
#11652=EDGE_LOOP('',(#11638,#11640,#11642,#11644,#11646,#11648,#11650,#11651));
#11653=FACE_OUTER_BOUND('',#11652,.F.);
#11655=CARTESIAN_POINT('',(5.25E-1,-1.15E0,-4.52E0));
#11656=DIRECTION('',(1.E0,0.E0,0.E0));
#11657=DIRECTION('',(0.E0,0.E0,-1.E0));
#11658=AXIS2_PLACEMENT_3D('',#11655,#11656,#11657);
#11659=CYLINDRICAL_SURFACE('',#11658,1.E-1);
#11661=ORIENTED_EDGE('',*,*,#11660,.F.);
#11663=ORIENTED_EDGE('',*,*,#11662,.T.);
#11664=ORIENTED_EDGE('',*,*,#11639,.T.);
#11665=ORIENTED_EDGE('',*,*,#6511,.F.);
#11666=EDGE_LOOP('',(#11661,#11663,#11664,#11665));
#11667=FACE_OUTER_BOUND('',#11666,.F.);
#11669=CARTESIAN_POINT('',(5.25E-1,0.E0,0.E0));
#11670=DIRECTION('',(1.E0,0.E0,0.E0));
#11671=DIRECTION('',(0.E0,0.E0,-1.E0));
#11672=AXIS2_PLACEMENT_3D('',#11669,#11670,#11671);
#11673=PLANE('',#11672);
#11674=ORIENTED_EDGE('',*,*,#6509,.T.);
#11675=ORIENTED_EDGE('',*,*,#6608,.T.);
#11677=ORIENTED_EDGE('',*,*,#11676,.T.);
#11679=ORIENTED_EDGE('',*,*,#11678,.T.);
#11681=ORIENTED_EDGE('',*,*,#11680,.T.);
#11683=ORIENTED_EDGE('',*,*,#11682,.T.);
#11685=ORIENTED_EDGE('',*,*,#11684,.T.);
#11686=ORIENTED_EDGE('',*,*,#11660,.T.);
#11687=EDGE_LOOP('',(#11674,#11675,#11677,#11679,#11681,#11683,#11685,#11686));
#11688=FACE_OUTER_BOUND('',#11687,.F.);
#11690=CARTESIAN_POINT('',(5.25E-1,-2.9E-1,-4.27E0));
#11691=DIRECTION('',(0.E0,0.E0,1.E0));
#11692=DIRECTION('',(0.E0,-1.E0,0.E0));
#11693=AXIS2_PLACEMENT_3D('',#11690,#11691,#11692);
#11694=PLANE('',#11693);
#11695=ORIENTED_EDGE('',*,*,#11676,.F.);
#11696=ORIENTED_EDGE('',*,*,#6606,.T.);
#11697=ORIENTED_EDGE('',*,*,#11649,.T.);
#11699=ORIENTED_EDGE('',*,*,#11698,.F.);
#11700=EDGE_LOOP('',(#11695,#11696,#11697,#11699));
#11701=FACE_OUTER_BOUND('',#11700,.F.);
#11703=CARTESIAN_POINT('',(5.25E-1,-1.15E0,-4.52E0));
#11704=DIRECTION('',(1.E0,0.E0,0.E0));
#11705=DIRECTION('',(0.E0,0.E0,-1.E0));
#11706=AXIS2_PLACEMENT_3D('',#11703,#11704,#11705);
#11707=CYLINDRICAL_SURFACE('',#11706,2.5E-1);
#11708=ORIENTED_EDGE('',*,*,#11678,.F.);
#11709=ORIENTED_EDGE('',*,*,#11698,.T.);
#11710=ORIENTED_EDGE('',*,*,#11647,.T.);
#11712=ORIENTED_EDGE('',*,*,#11711,.F.);
#11713=EDGE_LOOP('',(#11708,#11709,#11710,#11712));
#11714=FACE_OUTER_BOUND('',#11713,.F.);
#11716=CARTESIAN_POINT('',(5.25E-1,-1.4E0,-4.52E0));
#11717=DIRECTION('',(0.E0,-1.E0,0.E0));
#11718=DIRECTION('',(0.E0,0.E0,-1.E0));
#11719=AXIS2_PLACEMENT_3D('',#11716,#11717,#11718);
#11720=PLANE('',#11719);
#11721=ORIENTED_EDGE('',*,*,#11680,.F.);
#11722=ORIENTED_EDGE('',*,*,#11711,.T.);
#11723=ORIENTED_EDGE('',*,*,#11645,.T.);
#11725=ORIENTED_EDGE('',*,*,#11724,.F.);
#11726=EDGE_LOOP('',(#11721,#11722,#11723,#11725));
#11727=FACE_OUTER_BOUND('',#11726,.F.);
#11729=CARTESIAN_POINT('',(5.25E-1,-1.4E0,-5.15E0));
#11730=DIRECTION('',(0.E0,0.E0,-1.E0));
#11731=DIRECTION('',(0.E0,1.E0,0.E0));
#11732=AXIS2_PLACEMENT_3D('',#11729,#11730,#11731);
#11733=PLANE('',#11732);
#11734=ORIENTED_EDGE('',*,*,#11682,.F.);
#11735=ORIENTED_EDGE('',*,*,#11724,.T.);
#11736=ORIENTED_EDGE('',*,*,#11643,.T.);
#11738=ORIENTED_EDGE('',*,*,#11737,.F.);
#11739=EDGE_LOOP('',(#11734,#11735,#11736,#11738));
#11740=FACE_OUTER_BOUND('',#11739,.F.);
#11742=CARTESIAN_POINT('',(5.25E-1,-1.25E0,-5.15E0));
#11743=DIRECTION('',(0.E0,1.E0,0.E0));
#11744=DIRECTION('',(0.E0,0.E0,1.E0));
#11745=AXIS2_PLACEMENT_3D('',#11742,#11743,#11744);
#11746=PLANE('',#11745);
#11747=ORIENTED_EDGE('',*,*,#11684,.F.);
#11748=ORIENTED_EDGE('',*,*,#11737,.T.);
#11749=ORIENTED_EDGE('',*,*,#11641,.T.);
#11750=ORIENTED_EDGE('',*,*,#11662,.F.);
#11751=EDGE_LOOP('',(#11747,#11748,#11749,#11750));
#11752=FACE_OUTER_BOUND('',#11751,.F.);
#11754=CARTESIAN_POINT('',(1.25E-1,0.E0,0.E0));
#11755=DIRECTION('',(1.E0,0.E0,0.E0));
#11756=DIRECTION('',(0.E0,0.E0,-1.E0));
#11757=AXIS2_PLACEMENT_3D('',#11754,#11755,#11756);
#11758=PLANE('',#11757);
#11759=ORIENTED_EDGE('',*,*,#6505,.F.);
#11761=ORIENTED_EDGE('',*,*,#11760,.F.);
#11763=ORIENTED_EDGE('',*,*,#11762,.F.);
#11765=ORIENTED_EDGE('',*,*,#11764,.F.);
#11767=ORIENTED_EDGE('',*,*,#11766,.F.);
#11769=ORIENTED_EDGE('',*,*,#11768,.F.);
#11771=ORIENTED_EDGE('',*,*,#11770,.F.);
#11772=ORIENTED_EDGE('',*,*,#6611,.F.);
#11773=EDGE_LOOP('',(#11759,#11761,#11763,#11765,#11767,#11769,#11771,#11772));
#11774=FACE_OUTER_BOUND('',#11773,.F.);
#11776=CARTESIAN_POINT('',(-1.25E-1,-1.15E0,-4.52E0));
#11777=DIRECTION('',(1.E0,0.E0,0.E0));
#11778=DIRECTION('',(0.E0,0.E0,-1.E0));
#11779=AXIS2_PLACEMENT_3D('',#11776,#11777,#11778);
#11780=CYLINDRICAL_SURFACE('',#11779,1.E-1);
#11782=ORIENTED_EDGE('',*,*,#11781,.F.);
#11784=ORIENTED_EDGE('',*,*,#11783,.T.);
#11785=ORIENTED_EDGE('',*,*,#11760,.T.);
#11786=ORIENTED_EDGE('',*,*,#6503,.F.);
#11787=EDGE_LOOP('',(#11782,#11784,#11785,#11786));
#11788=FACE_OUTER_BOUND('',#11787,.F.);
#11790=CARTESIAN_POINT('',(-1.25E-1,0.E0,0.E0));
#11791=DIRECTION('',(1.E0,0.E0,0.E0));
#11792=DIRECTION('',(0.E0,0.E0,-1.E0));
#11793=AXIS2_PLACEMENT_3D('',#11790,#11791,#11792);
#11794=PLANE('',#11793);
#11795=ORIENTED_EDGE('',*,*,#6501,.T.);
#11796=ORIENTED_EDGE('',*,*,#6615,.T.);
#11798=ORIENTED_EDGE('',*,*,#11797,.T.);
#11800=ORIENTED_EDGE('',*,*,#11799,.T.);
#11802=ORIENTED_EDGE('',*,*,#11801,.T.);
#11804=ORIENTED_EDGE('',*,*,#11803,.T.);
#11806=ORIENTED_EDGE('',*,*,#11805,.T.);
#11807=ORIENTED_EDGE('',*,*,#11781,.T.);
#11808=EDGE_LOOP('',(#11795,#11796,#11798,#11800,#11802,#11804,#11806,#11807));
#11809=FACE_OUTER_BOUND('',#11808,.F.);
#11811=CARTESIAN_POINT('',(-1.25E-1,-2.9E-1,-4.27E0));
#11812=DIRECTION('',(0.E0,0.E0,1.E0));
#11813=DIRECTION('',(0.E0,-1.E0,0.E0));
#11814=AXIS2_PLACEMENT_3D('',#11811,#11812,#11813);
#11815=PLANE('',#11814);
#11816=ORIENTED_EDGE('',*,*,#11797,.F.);
#11817=ORIENTED_EDGE('',*,*,#6613,.T.);
#11818=ORIENTED_EDGE('',*,*,#11770,.T.);
#11820=ORIENTED_EDGE('',*,*,#11819,.F.);
#11821=EDGE_LOOP('',(#11816,#11817,#11818,#11820));
#11822=FACE_OUTER_BOUND('',#11821,.F.);
#11824=CARTESIAN_POINT('',(-1.25E-1,-1.15E0,-4.52E0));
#11825=DIRECTION('',(1.E0,0.E0,0.E0));
#11826=DIRECTION('',(0.E0,0.E0,-1.E0));
#11827=AXIS2_PLACEMENT_3D('',#11824,#11825,#11826);
#11828=CYLINDRICAL_SURFACE('',#11827,2.5E-1);
#11829=ORIENTED_EDGE('',*,*,#11799,.F.);
#11830=ORIENTED_EDGE('',*,*,#11819,.T.);
#11831=ORIENTED_EDGE('',*,*,#11768,.T.);
#11833=ORIENTED_EDGE('',*,*,#11832,.F.);
#11834=EDGE_LOOP('',(#11829,#11830,#11831,#11833));
#11835=FACE_OUTER_BOUND('',#11834,.F.);
#11837=CARTESIAN_POINT('',(-1.25E-1,-1.4E0,-4.52E0));
#11838=DIRECTION('',(0.E0,-1.E0,0.E0));
#11839=DIRECTION('',(0.E0,0.E0,-1.E0));
#11840=AXIS2_PLACEMENT_3D('',#11837,#11838,#11839);
#11841=PLANE('',#11840);
#11842=ORIENTED_EDGE('',*,*,#11801,.F.);
#11843=ORIENTED_EDGE('',*,*,#11832,.T.);
#11844=ORIENTED_EDGE('',*,*,#11766,.T.);
#11846=ORIENTED_EDGE('',*,*,#11845,.F.);
#11847=EDGE_LOOP('',(#11842,#11843,#11844,#11846));
#11848=FACE_OUTER_BOUND('',#11847,.F.);
#11850=CARTESIAN_POINT('',(-1.25E-1,-1.4E0,-5.15E0));
#11851=DIRECTION('',(0.E0,0.E0,-1.E0));
#11852=DIRECTION('',(0.E0,1.E0,0.E0));
#11853=AXIS2_PLACEMENT_3D('',#11850,#11851,#11852);
#11854=PLANE('',#11853);
#11855=ORIENTED_EDGE('',*,*,#11803,.F.);
#11856=ORIENTED_EDGE('',*,*,#11845,.T.);
#11857=ORIENTED_EDGE('',*,*,#11764,.T.);
#11859=ORIENTED_EDGE('',*,*,#11858,.F.);
#11860=EDGE_LOOP('',(#11855,#11856,#11857,#11859));
#11861=FACE_OUTER_BOUND('',#11860,.F.);
#11863=CARTESIAN_POINT('',(-1.25E-1,-1.25E0,-5.15E0));
#11864=DIRECTION('',(0.E0,1.E0,0.E0));
#11865=DIRECTION('',(0.E0,0.E0,1.E0));
#11866=AXIS2_PLACEMENT_3D('',#11863,#11864,#11865);
#11867=PLANE('',#11866);
#11868=ORIENTED_EDGE('',*,*,#11805,.F.);
#11869=ORIENTED_EDGE('',*,*,#11858,.T.);
#11870=ORIENTED_EDGE('',*,*,#11762,.T.);
#11871=ORIENTED_EDGE('',*,*,#11783,.F.);
#11872=EDGE_LOOP('',(#11868,#11869,#11870,#11871));
#11873=FACE_OUTER_BOUND('',#11872,.F.);
#11875=CARTESIAN_POINT('',(-5.25E-1,0.E0,0.E0));
#11876=DIRECTION('',(1.E0,0.E0,0.E0));
#11877=DIRECTION('',(0.E0,0.E0,-1.E0));
#11878=AXIS2_PLACEMENT_3D('',#11875,#11876,#11877);
#11879=PLANE('',#11878);
#11880=ORIENTED_EDGE('',*,*,#6497,.F.);
#11882=ORIENTED_EDGE('',*,*,#11881,.F.);
#11884=ORIENTED_EDGE('',*,*,#11883,.F.);
#11886=ORIENTED_EDGE('',*,*,#11885,.F.);
#11888=ORIENTED_EDGE('',*,*,#11887,.F.);
#11890=ORIENTED_EDGE('',*,*,#11889,.F.);
#11892=ORIENTED_EDGE('',*,*,#11891,.F.);
#11893=ORIENTED_EDGE('',*,*,#6618,.F.);
#11894=EDGE_LOOP('',(#11880,#11882,#11884,#11886,#11888,#11890,#11892,#11893));
#11895=FACE_OUTER_BOUND('',#11894,.F.);
#11897=CARTESIAN_POINT('',(-7.75E-1,-1.15E0,-4.52E0));
#11898=DIRECTION('',(1.E0,0.E0,0.E0));
#11899=DIRECTION('',(0.E0,0.E0,-1.E0));
#11900=AXIS2_PLACEMENT_3D('',#11897,#11898,#11899);
#11901=CYLINDRICAL_SURFACE('',#11900,1.E-1);
#11903=ORIENTED_EDGE('',*,*,#11902,.F.);
#11905=ORIENTED_EDGE('',*,*,#11904,.T.);
#11906=ORIENTED_EDGE('',*,*,#11881,.T.);
#11907=ORIENTED_EDGE('',*,*,#6495,.F.);
#11908=EDGE_LOOP('',(#11903,#11905,#11906,#11907));
#11909=FACE_OUTER_BOUND('',#11908,.F.);
#11911=CARTESIAN_POINT('',(-7.75E-1,0.E0,0.E0));
#11912=DIRECTION('',(1.E0,0.E0,0.E0));
#11913=DIRECTION('',(0.E0,0.E0,-1.E0));
#11914=AXIS2_PLACEMENT_3D('',#11911,#11912,#11913);
#11915=PLANE('',#11914);
#11916=ORIENTED_EDGE('',*,*,#6493,.T.);
#11917=ORIENTED_EDGE('',*,*,#6622,.T.);
#11919=ORIENTED_EDGE('',*,*,#11918,.T.);
#11921=ORIENTED_EDGE('',*,*,#11920,.T.);
#11923=ORIENTED_EDGE('',*,*,#11922,.T.);
#11925=ORIENTED_EDGE('',*,*,#11924,.T.);
#11927=ORIENTED_EDGE('',*,*,#11926,.T.);
#11928=ORIENTED_EDGE('',*,*,#11902,.T.);
#11929=EDGE_LOOP('',(#11916,#11917,#11919,#11921,#11923,#11925,#11927,#11928));
#11930=FACE_OUTER_BOUND('',#11929,.F.);
#11932=CARTESIAN_POINT('',(-7.75E-1,-2.9E-1,-4.27E0));
#11933=DIRECTION('',(0.E0,0.E0,1.E0));
#11934=DIRECTION('',(0.E0,-1.E0,0.E0));
#11935=AXIS2_PLACEMENT_3D('',#11932,#11933,#11934);
#11936=PLANE('',#11935);
#11937=ORIENTED_EDGE('',*,*,#11918,.F.);
#11938=ORIENTED_EDGE('',*,*,#6620,.T.);
#11939=ORIENTED_EDGE('',*,*,#11891,.T.);
#11941=ORIENTED_EDGE('',*,*,#11940,.F.);
#11942=EDGE_LOOP('',(#11937,#11938,#11939,#11941));
#11943=FACE_OUTER_BOUND('',#11942,.F.);
#11945=CARTESIAN_POINT('',(-7.75E-1,-1.15E0,-4.52E0));
#11946=DIRECTION('',(1.E0,0.E0,0.E0));
#11947=DIRECTION('',(0.E0,0.E0,-1.E0));
#11948=AXIS2_PLACEMENT_3D('',#11945,#11946,#11947);
#11949=CYLINDRICAL_SURFACE('',#11948,2.5E-1);
#11950=ORIENTED_EDGE('',*,*,#11920,.F.);
#11951=ORIENTED_EDGE('',*,*,#11940,.T.);
#11952=ORIENTED_EDGE('',*,*,#11889,.T.);
#11954=ORIENTED_EDGE('',*,*,#11953,.F.);
#11955=EDGE_LOOP('',(#11950,#11951,#11952,#11954));
#11956=FACE_OUTER_BOUND('',#11955,.F.);
#11958=CARTESIAN_POINT('',(-7.75E-1,-1.4E0,-4.52E0));
#11959=DIRECTION('',(0.E0,-1.E0,0.E0));
#11960=DIRECTION('',(0.E0,0.E0,-1.E0));
#11961=AXIS2_PLACEMENT_3D('',#11958,#11959,#11960);
#11962=PLANE('',#11961);
#11963=ORIENTED_EDGE('',*,*,#11922,.F.);
#11964=ORIENTED_EDGE('',*,*,#11953,.T.);
#11965=ORIENTED_EDGE('',*,*,#11887,.T.);
#11967=ORIENTED_EDGE('',*,*,#11966,.F.);
#11968=EDGE_LOOP('',(#11963,#11964,#11965,#11967));
#11969=FACE_OUTER_BOUND('',#11968,.F.);
#11971=CARTESIAN_POINT('',(-7.75E-1,-1.4E0,-5.15E0));
#11972=DIRECTION('',(0.E0,0.E0,-1.E0));
#11973=DIRECTION('',(0.E0,1.E0,0.E0));
#11974=AXIS2_PLACEMENT_3D('',#11971,#11972,#11973);
#11975=PLANE('',#11974);
#11976=ORIENTED_EDGE('',*,*,#11924,.F.);
#11977=ORIENTED_EDGE('',*,*,#11966,.T.);
#11978=ORIENTED_EDGE('',*,*,#11885,.T.);
#11980=ORIENTED_EDGE('',*,*,#11979,.F.);
#11981=EDGE_LOOP('',(#11976,#11977,#11978,#11980));
#11982=FACE_OUTER_BOUND('',#11981,.F.);
#11984=CARTESIAN_POINT('',(-7.75E-1,-1.25E0,-5.15E0));
#11985=DIRECTION('',(0.E0,1.E0,0.E0));
#11986=DIRECTION('',(0.E0,0.E0,1.E0));
#11987=AXIS2_PLACEMENT_3D('',#11984,#11985,#11986);
#11988=PLANE('',#11987);
#11989=ORIENTED_EDGE('',*,*,#11926,.F.);
#11990=ORIENTED_EDGE('',*,*,#11979,.T.);
#11991=ORIENTED_EDGE('',*,*,#11883,.T.);
#11992=ORIENTED_EDGE('',*,*,#11904,.F.);
#11993=EDGE_LOOP('',(#11989,#11990,#11991,#11992));
#11994=FACE_OUTER_BOUND('',#11993,.F.);
#11996=CARTESIAN_POINT('',(3.21E0,4.E-2,-4.42E0));
#11997=DIRECTION('',(0.E0,-1.E0,0.E0));
#11998=DIRECTION('',(-1.E0,0.E0,0.E0));
#11999=AXIS2_PLACEMENT_3D('',#11996,#11997,#11998);
#12000=PLANE('',#11999);
#12001=ORIENTED_EDGE('',*,*,#6473,.T.);
#12002=ORIENTED_EDGE('',*,*,#6432,.T.);
#12004=ORIENTED_EDGE('',*,*,#12003,.F.);
#12005=ORIENTED_EDGE('',*,*,#6530,.F.);
#12006=EDGE_LOOP('',(#12001,#12002,#12004,#12005));
#12007=FACE_OUTER_BOUND('',#12006,.F.);
#12009=CARTESIAN_POINT('',(1.975E0,4.E-2,-4.42E0));
#12010=DIRECTION('',(-1.E0,0.E0,0.E0));
#12011=DIRECTION('',(0.E0,1.E0,0.E0));
#12012=AXIS2_PLACEMENT_3D('',#12009,#12010,#12011);
#12013=PLANE('',#12012);
#12014=ORIENTED_EDGE('',*,*,#6532,.F.);
#12015=ORIENTED_EDGE('',*,*,#12003,.T.);
#12016=ORIENTED_EDGE('',*,*,#6430,.T.);
#12018=ORIENTED_EDGE('',*,*,#12017,.F.);
#12019=EDGE_LOOP('',(#12014,#12015,#12016,#12018));
#12020=FACE_OUTER_BOUND('',#12019,.F.);
#12022=CARTESIAN_POINT('',(1.19E0,-5.E-2,-4.E0));
#12023=DIRECTION('',(-6.443747864138E-1,7.647098368886E-1,0.E0));
#12024=DIRECTION('',(7.647098368886E-1,6.443747864138E-1,0.E0));
#12025=AXIS2_PLACEMENT_3D('',#12022,#12023,#12024);
#12026=PLANE('',#12025);
#12027=ORIENTED_EDGE('',*,*,#6534,.T.);
#12028=ORIENTED_EDGE('',*,*,#12017,.T.);
#12029=ORIENTED_EDGE('',*,*,#6428,.T.);
#12030=ORIENTED_EDGE('',*,*,#6374,.T.);
#12031=ORIENTED_EDGE('',*,*,#6283,.F.);
#12033=ORIENTED_EDGE('',*,*,#12032,.T.);
#12034=EDGE_LOOP('',(#12027,#12028,#12029,#12030,#12031,#12033));
#12035=FACE_OUTER_BOUND('',#12034,.F.);
#12037=CARTESIAN_POINT('',(7.5E-1,-5.E-2,-4.E0));
#12038=DIRECTION('',(0.E0,1.E0,0.E0));
#12039=DIRECTION('',(1.E0,0.E0,0.E0));
#12040=AXIS2_PLACEMENT_3D('',#12037,#12038,#12039);
#12041=PLANE('',#12040);
#12042=ORIENTED_EDGE('',*,*,#6281,.F.);
#12044=ORIENTED_EDGE('',*,*,#12043,.T.);
#12045=ORIENTED_EDGE('',*,*,#6536,.T.);
#12046=ORIENTED_EDGE('',*,*,#12032,.F.);
#12047=EDGE_LOOP('',(#12042,#12044,#12045,#12046));
#12048=FACE_OUTER_BOUND('',#12047,.F.);
#12050=CARTESIAN_POINT('',(6.773844092735E-1,7.8E-1,-4.E0));
#12051=DIRECTION('',(9.961946980917E-1,8.715574274766E-2,0.E0));
#12052=DIRECTION('',(8.715574274766E-2,-9.961946980917E-1,0.E0));
#12053=AXIS2_PLACEMENT_3D('',#12050,#12051,#12052);
#12054=PLANE('',#12053);
#12055=ORIENTED_EDGE('',*,*,#6279,.F.);
#12056=ORIENTED_EDGE('',*,*,#6236,.T.);
#12057=ORIENTED_EDGE('',*,*,#6538,.T.);
#12058=ORIENTED_EDGE('',*,*,#12043,.F.);
#12059=EDGE_LOOP('',(#12055,#12056,#12057,#12058));
#12060=FACE_OUTER_BOUND('',#12059,.F.);
#12062=CARTESIAN_POINT('',(4.75E-1,0.E0,0.E0));
#12063=DIRECTION('',(1.E0,0.E0,0.E0));
#12064=DIRECTION('',(0.E0,0.E0,-1.E0));
#12065=AXIS2_PLACEMENT_3D('',#12062,#12063,#12064);
#12066=PLANE('',#12065);
#12067=ORIENTED_EDGE('',*,*,#6396,.T.);
#12069=ORIENTED_EDGE('',*,*,#12068,.F.);
#12071=ORIENTED_EDGE('',*,*,#12070,.F.);
#12072=ORIENTED_EDGE('',*,*,#6542,.F.);
#12073=EDGE_LOOP('',(#12067,#12069,#12071,#12072));
#12074=FACE_OUTER_BOUND('',#12073,.F.);
#12076=CARTESIAN_POINT('',(-4.75E-1,6.3E-1,-4.47E0));
#12077=DIRECTION('',(1.E0,0.E0,0.E0));
#12078=DIRECTION('',(0.E0,0.E0,-1.E0));
#12079=AXIS2_PLACEMENT_3D('',#12076,#12077,#12078);
#12080=CYLINDRICAL_SURFACE('',#12079,1.5E-1);
#12081=ORIENTED_EDGE('',*,*,#6394,.F.);
#12083=ORIENTED_EDGE('',*,*,#12082,.F.);
#12085=ORIENTED_EDGE('',*,*,#12084,.T.);
#12086=ORIENTED_EDGE('',*,*,#12068,.T.);
#12087=EDGE_LOOP('',(#12081,#12083,#12085,#12086));
#12088=FACE_OUTER_BOUND('',#12087,.F.);
#12090=CARTESIAN_POINT('',(-4.75E-1,0.E0,0.E0));
#12091=DIRECTION('',(1.E0,0.E0,0.E0));
#12092=DIRECTION('',(0.E0,0.E0,-1.E0));
#12093=AXIS2_PLACEMENT_3D('',#12090,#12091,#12092);
#12094=PLANE('',#12093);
#12095=ORIENTED_EDGE('',*,*,#6392,.F.);
#12096=ORIENTED_EDGE('',*,*,#6546,.T.);
#12098=ORIENTED_EDGE('',*,*,#12097,.T.);
#12099=ORIENTED_EDGE('',*,*,#12082,.T.);
#12100=EDGE_LOOP('',(#12095,#12096,#12098,#12099));
#12101=FACE_OUTER_BOUND('',#12100,.F.);
#12103=CARTESIAN_POINT('',(-4.75E-1,2.5E-1,-4.42E0));
#12104=DIRECTION('',(0.E0,-4.657464328326E-1,-8.849182223820E-1));
#12105=DIRECTION('',(0.E0,8.849182223820E-1,-4.657464328326E-1));
#12106=AXIS2_PLACEMENT_3D('',#12103,#12104,#12105);
#12107=PLANE('',#12106);
#12108=ORIENTED_EDGE('',*,*,#6544,.T.);
#12109=ORIENTED_EDGE('',*,*,#12070,.T.);
#12110=ORIENTED_EDGE('',*,*,#12084,.F.);
#12111=ORIENTED_EDGE('',*,*,#12097,.F.);
#12112=EDGE_LOOP('',(#12108,#12109,#12110,#12111));
#12113=FACE_OUTER_BOUND('',#12112,.F.);
#12115=CARTESIAN_POINT('',(-7.5E-1,-5.E-2,-4.E0));
#12116=DIRECTION('',(-9.961946980917E-1,8.715574274766E-2,0.E0));
#12117=DIRECTION('',(8.715574274766E-2,9.961946980917E-1,0.E0));
#12118=AXIS2_PLACEMENT_3D('',#12115,#12116,#12117);
#12119=PLANE('',#12118);
#12120=ORIENTED_EDGE('',*,*,#6258,.F.);
#12122=ORIENTED_EDGE('',*,*,#12121,.T.);
#12123=ORIENTED_EDGE('',*,*,#6550,.T.);
#12124=ORIENTED_EDGE('',*,*,#6213,.F.);
#12125=EDGE_LOOP('',(#12120,#12122,#12123,#12124));
#12126=FACE_OUTER_BOUND('',#12125,.F.);
#12128=CARTESIAN_POINT('',(-1.19E0,-5.E-2,-4.E0));
#12129=DIRECTION('',(0.E0,1.E0,0.E0));
#12130=DIRECTION('',(1.E0,0.E0,0.E0));
#12131=AXIS2_PLACEMENT_3D('',#12128,#12129,#12130);
#12132=PLANE('',#12131);
#12133=ORIENTED_EDGE('',*,*,#6256,.F.);
#12134=ORIENTED_EDGE('',*,*,#6344,.T.);
#12135=ORIENTED_EDGE('',*,*,#6552,.T.);
#12136=ORIENTED_EDGE('',*,*,#12121,.F.);
#12137=EDGE_LOOP('',(#12133,#12134,#12135,#12136));
#12138=FACE_OUTER_BOUND('',#12137,.F.);
#12144=PLANE_ANGLE_MEASURE_WITH_UNIT(PLANE_ANGLE_MEASURE(1.745329251994E-2),
#12143);
#12145=(CONVERSION_BASED_UNIT('DEGREE',#12144)NAMED_UNIT(*)PLANE_ANGLE_UNIT());
#12147=UNCERTAINTY_MEASURE_WITH_UNIT(LENGTH_MEASURE(1.022313740997E-3),#12142,
'distance_accuracy_value',
'Maximum model space distance between geometric entities at asserted connectivities');
#12150=APPLICATION_CONTEXT('automotive_design');
#12151=APPLICATION_PROTOCOL_DEFINITION('international standard',
'automotive_design',2001,#12150);
#12152=PRODUCT_DEFINITION_CONTEXT('part definition',#12150,'design');
#12153=PRODUCT_CONTEXT('',#12150,'mechanical');
#12154=PRODUCT('C-1932788-1','C-1932788-1','NOT SPECIFIED',(#12153));
#12155=PRODUCT_DEFINITION_FORMATION('1','LAST_VERSION',#12154);
#12163=DERIVED_UNIT_ELEMENT(#12162,2.E0);
#12164=DERIVED_UNIT((#12163));
#12165=MEASURE_REPRESENTATION_ITEM('surface area measure',AREA_MEASURE(
2.382067897176E2),#12164);
#12170=DERIVED_UNIT_ELEMENT(#12169,3.E0);
#12171=DERIVED_UNIT((#12170));
#12172=MEASURE_REPRESENTATION_ITEM('volume measure',VOLUME_MEASURE(
3.791006242900E1),#12171);
#12176=CARTESIAN_POINT('centre point',(-1.238189160593E-8,-2.076105019321E-1,
-2.828274720269E0));
#12181=DERIVED_UNIT_ELEMENT(#12180,2.E0);
#12182=DERIVED_UNIT((#12181));
#12183=MEASURE_REPRESENTATION_ITEM('surface area measure',AREA_MEASURE(
2.382067897176E2),#12182);
#12188=DERIVED_UNIT_ELEMENT(#12187,3.E0);
#12189=DERIVED_UNIT((#12188));
#12190=MEASURE_REPRESENTATION_ITEM('volume measure',VOLUME_MEASURE(
3.791006242900E1),#12189);
#12194=CARTESIAN_POINT('centre point',(-1.238189160593E-8,-2.076105019321E-1,
-2.828274720269E0));
#12199=PRODUCT_RELATED_PRODUCT_CATEGORY('part','',(#12154));
#1=DRAUGHTING_PRE_DEFINED_COLOUR('black');
#2=COLOUR_RGB('',0.E0,0.E0,3.6E-1);
#3=COLOUR_RGB('',0.E0,0.E0,4.8E-1);
#4=DRAUGHTING_PRE_DEFINED_COLOUR('blue');
#5=COLOUR_RGB('',0.E0,5.8824E-2,4.58824E-1);
#6=COLOUR_RGB('',0.E0,1.80392E-1,4.78431E-1);
#7=COLOUR_RGB('',0.E0,3.6E-1,9.E-2);
#8=COLOUR_RGB('',0.E0,3.6E-1,2.7E-1);
#9=COLOUR_RGB('',0.E0,5.6E-1,6.4E-1);
#10=COLOUR_RGB('',0.E0,5.8E-1,8.E-1);
#11=COLOUR_RGB('',0.E0,7.1E-1,6.6E-1);
#12=COLOUR_RGB('',0.E0,7.13E-1,0.E0);
#13=COLOUR_RGB('',0.E0,9.5E-1,8.4E-1);
#14=DRAUGHTING_PRE_DEFINED_COLOUR('green');
#15=DRAUGHTING_PRE_DEFINED_COLOUR('cyan');
#16=COLOUR_RGB('',1.1765E-2,1.9608E-2,3.9216E-2);
#17=COLOUR_RGB('',4.E-2,0.E0,1.6E-1);
#18=COLOUR_RGB('',3.9216E-2,2.19608E-1,1.21569E-1);
#19=COLOUR_RGB('',3.9216E-2,3.60784E-1,2.E-1);
#20=COLOUR_RGB('',5.098E-2,7.0588E-2,1.01961E-1);
#21=COLOUR_RGB('',9.E-2,0.E0,1.2E-1);
#22=COLOUR_RGB('',9.0196E-2,1.60784E-1,1.09804E-1);
#23=COLOUR_RGB('',9.0196E-2,3.80392E-1,6.70588E-1);
#24=COLOUR_RGB('',1.E-1,0.E0,2.5E-1);
#25=COLOUR_RGB('',1.01961E-1,4.78431E-1,3.88235E-1);
#26=COLOUR_RGB('',1.09804E-1,1.4902E-1,9.0196E-2);
#27=COLOUR_RGB('',1.4902E-1,3.09804E-1,5.29412E-1);
#28=COLOUR_RGB('',1.4902E-1,4.E-1,1.60784E-1);
#29=COLOUR_RGB('',1.6E-1,3.2E-2,0.E0);
#30=COLOUR_RGB('',1.60784E-1,4.5098E-1,7.21569E-1);
#31=COLOUR_RGB('',1.6E-1,4.6E-1,6.5E-1);
#32=COLOUR_RGB('',1.6E-1,1.E0,1.6E-1);
#33=COLOUR_RGB('',2.E-1,3.2E-2,0.E0);
#34=COLOUR_RGB('',2.11765E-1,4.11765E-1,1.4902E-1);
#35=COLOUR_RGB('',2.39216E-1,2.39216E-1,2.31373E-1);
#36=COLOUR_RGB('',2.39216E-1,2.70588E-1,1.80392E-1);
#37=COLOUR_RGB('',2.5098E-1,2.90196E-1,3.29412E-1);
#38=COLOUR_RGB('',2.90196E-1,4.31373E-1,2.E-1);
#39=COLOUR_RGB('',3.1E-1,3.1E-1,5.6E-1);
#40=COLOUR_RGB('',3.09804E-1,6.58824E-1,2.E-1);
#41=COLOUR_RGB('',3.2E-1,1.5E-1,0.E0);
#42=COLOUR_RGB('',3.60784E-1,3.1373E-2,1.68627E-1);
#43=COLOUR_RGB('',3.68627E-1,2.E-1,1.21569E-1);
#44=COLOUR_RGB('',3.88235E-1,2.39216E-1,6.11765E-1);
#45=COLOUR_RGB('',4.E-1,4.E-1,4.E-1);
#46=COLOUR_RGB('',4.11765E-1,5.8824E-2,7.8431E-2);
#47=COLOUR_RGB('',4.11765E-1,3.29412E-1,2.19608E-1);
#48=COLOUR_RGB('',4.2E-1,4.2E-1,1.E0);
#49=COLOUR_RGB('',4.4E-1,8.5E-1,1.E0);
#50=COLOUR_RGB('',4.58824E-1,4.5098E-1,3.09804E-1);
#51=COLOUR_RGB('',4.70588E-1,5.09804E-1,5.4902E-1);
#52=COLOUR_RGB('',4.78431E-1,4.90196E-1,4.58824E-1);
#53=COLOUR_RGB('',4.90196E-1,3.60784E-1,2.19608E-1);
#54=COLOUR_RGB('',4.9E-1,4.9E-1,0.E0);
#55=COLOUR_RGB('',4.9E-1,1.E0,0.E0);
#56=COLOUR_RGB('',5.E-1,0.E0,0.E0);
#57=COLOUR_RGB('',5.E-1,0.E0,2.3E-1);
#58=COLOUR_RGB('',5.E-1,5.E-1,5.E-1);
#59=COLOUR_RGB('',5.21569E-1,2.19608E-1,1.68627E-1);
#60=COLOUR_RGB('',5.3E-1,0.E0,0.E0);
#61=COLOUR_RGB('',5.29412E-1,5.80392E-1,6.5098E-1);
#62=COLOUR_RGB('',5.4E-1,0.E0,4.4E-1);
#63=COLOUR_RGB('',5.5E-1,3.E-1,0.E0);
#64=COLOUR_RGB('',5.6E-1,1.E-1,5.E-2);
#65=COLOUR_RGB('',5.60784E-1,5.80392E-1,6.19608E-1);
#66=COLOUR_RGB('',5.68627E-1,5.8824E-2,4.E-1);
#67=COLOUR_RGB('',5.8E-1,2.2E-1,1.E-2);
#68=COLOUR_RGB('',5.88235E-1,1.21569E-1,1.09804E-1);
#69=COLOUR_RGB('',6.E-1,6.E-1,6.E-1);
#70=COLOUR_RGB('',6.11765E-1,5.60784E-1,3.80392E-1);
#71=COLOUR_RGB('',6.11765E-1,6.11765E-1,6.5098E-1);
#72=COLOUR_RGB('',6.2E-1,0.E0,5.5E-1);
#73=COLOUR_RGB('',6.19608E-1,6.39216E-1,6.90196E-1);
#74=COLOUR_RGB('',6.35294E-1,6.86275E-1,7.4902E-1);
#75=COLOUR_RGB('',6.4E-1,0.E0,2.5E-1);
#76=COLOUR_RGB('',6.4E-1,1.E-2,0.E0);
#77=COLOUR_RGB('',6.39216E-1,5.4902E-1,4.78431E-1);
#78=COLOUR_RGB('',6.5098E-1,6.70588E-1,7.09804E-1);
#79=COLOUR_RGB('',6.70588E-1,1.21569E-1,1.09804E-1);
#80=COLOUR_RGB('',6.78431E-1,4.78431E-1,3.09804E-1);
#81=COLOUR_RGB('',6.8E-1,7.5E-1,1.E0);
#82=COLOUR_RGB('',7.09804E-1,7.0588E-2,2.E-1);
#83=COLOUR_RGB('',7.1E-1,3.1E-1,0.E0);
#84=COLOUR_RGB('',7.2E-1,7.2E-1,7.2E-1);
#85=COLOUR_RGB('',7.29412E-1,7.41176E-1,7.29412E-1);
#86=COLOUR_RGB('',7.41176E-1,7.29412E-1,6.70588E-1);
#87=COLOUR_RGB('',7.4E-1,1.E0,2.6E-1);
#88=COLOUR_RGB('',7.5E-1,3.E-2,0.E0);
#89=COLOUR_RGB('',7.4902E-1,8.90196E-1,7.29412E-1);
#90=COLOUR_RGB('',7.6E-1,0.E0,4.7E-1);
#91=COLOUR_RGB('',7.80392E-1,9.0196E-2,7.0588E-2);
#92=COLOUR_RGB('',7.88235E-1,2.19608E-1,5.4902E-1);
#93=COLOUR_RGB('',8.1E-1,4.E-2,0.E0);
#94=COLOUR_RGB('',8.1E-1,6.1E-1,0.E0);
#95=COLOUR_RGB('',8.2E-1,4.E-2,6.6E-1);
#96=COLOUR_RGB('',8.31373E-1,8.5098E-1,8.58824E-1);
#97=COLOUR_RGB('',8.5098E-1,7.29412E-1,5.4902E-1);
#98=COLOUR_RGB('',8.5E-1,8.5E-1,8.5E-1);
#99=COLOUR_RGB('',8.78431E-1,3.68627E-1,1.21569E-1);
#100=COLOUR_RGB('',8.784E-1,9.49E-1,1.E0);
#101=COLOUR_RGB('',8.90196E-1,5.88235E-1,1.41176E-1);
#102=COLOUR_RGB('',9.E-1,1.E0,0.E0);
#103=COLOUR_RGB('',9.09804E-1,6.11765E-1,7.09804E-1);
#104=COLOUR_RGB('',9.37E-1,7.85E-1,0.E0);
#105=COLOUR_RGB('',9.41176E-1,9.29412E-1,9.01961E-1);
#106=COLOUR_RGB('',9.5E-1,2.2E-1,8.1E-1);
#107=COLOUR_RGB('',9.6E-1,3.7E-1,3.E-1);
#108=COLOUR_RGB('',9.6E-1,7.1E-1,3.75E-1);
#109=COLOUR_RGB('',9.80392E-1,1.E0,1.E0);
#110=COLOUR_RGB('',9.88235E-1,1.09804E-1,7.8431E-2);
#111=COLOUR_RGB('',9.88235E-1,7.21569E-1,1.29412E-1);
#112=COLOUR_RGB('',9.88235E-1,9.21569E-1,8.E-1);
#113=DRAUGHTING_PRE_DEFINED_COLOUR('red');
#114=COLOUR_RGB('',1.E0,0.E0,6.1E-1);
#115=COLOUR_RGB('',1.E0,4.E-2,0.E0);
#116=COLOUR_RGB('',1.E0,2.3E-1,0.E0);
#117=COLOUR_RGB('',1.E0,3.5E-1,5.2E-1);
#118=COLOUR_RGB('',1.E0,3.6E-1,0.E0);
#119=COLOUR_RGB('',1.E0,3.88235E-1,2.11765E-1);
#120=COLOUR_RGB('',1.E0,4.9E-1,3.7E-1);
#121=COLOUR_RGB('',1.E0,5.E-1,0.E0);
#122=COLOUR_RGB('',1.E0,5.6E-1,7.8E-1);
#123=COLOUR_RGB('',1.E0,6.4E-1,4.9E-1);
#124=COLOUR_RGB('',1.E0,6.7E-1,0.E0);
#125=COLOUR_RGB('',1.E0,7.6E-1,6.5E-1);
#126=COLOUR_RGB('',1.E0,8.39216E-1,3.01961E-1);
#127=COLOUR_RGB('',1.E0,8.6E-1,4.E-2);
#128=COLOUR_RGB('',1.E0,9.60784E-1,2.58824E-1);
#129=COLOUR_RGB('',1.E0,9.60784E-1,8.90196E-1);
#130=COLOUR_RGB('',1.E0,9.8E-1,7.2E-1);
#131=DRAUGHTING_PRE_DEFINED_COLOUR('yellow');
#132=COLOUR_RGB('',1.E0,1.E0,3.9216E-2);
#133=DRAUGHTING_PRE_DEFINED_COLOUR('white');
#142=CIRCLE('',#141,5.5E-1);
#151=CIRCLE('',#150,5.5E-1);
#160=CIRCLE('',#159,5.5E-1);
#169=CIRCLE('',#168,5.5E-1);
#178=CIRCLE('',#177,5.5E-1);
#187=CIRCLE('',#186,5.5E-1);
#196=CIRCLE('',#195,4.E-1);
#205=CIRCLE('',#204,4.E-1);
#214=CIRCLE('',#213,4.E-1);
#223=CIRCLE('',#222,4.E-1);
#232=CIRCLE('',#231,4.E-1);
#241=CIRCLE('',#240,4.E-1);
#290=CIRCLE('',#289,4.5E-1);
#355=CIRCLE('',#354,2.E-1);
#372=CIRCLE('',#371,2.E-1);
#457=CIRCLE('',#456,2.E-1);
#466=CIRCLE('',#465,2.E-1);
#499=CIRCLE('',#498,2.E-1);
#508=CIRCLE('',#507,2.E-1);
#737=CIRCLE('',#736,2.5E-1);
#754=CIRCLE('',#753,1.E-1);
#763=CIRCLE('',#762,1.E-1);
#780=CIRCLE('',#779,2.5E-1);
#869=CIRCLE('',#868,2.E-1);
#878=CIRCLE('',#877,2.E-1);
#887=CIRCLE('',#886,2.E-1);
#892=CIRCLE('',#891,2.E-1);
#901=CIRCLE('',#900,2.E-1);
#910=CIRCLE('',#909,2.E-1);
#1027=CIRCLE('',#1026,1.E-1);
#1044=CIRCLE('',#1043,1.E-1);
#1061=CIRCLE('',#1060,1.E-1);
#1078=CIRCLE('',#1077,1.E-1);
#1091=CIRCLE('',#1090,1.E-1);
#1112=CIRCLE('',#1111,1.E-1);
#1125=CIRCLE('',#1124,1.E-1);
#1142=CIRCLE('',#1141,1.E-1);
#1159=CIRCLE('',#1158,1.E-1);
#1176=CIRCLE('',#1175,1.E-1);
#1201=CIRCLE('',#1200,1.E-1);
#1214=CIRCLE('',#1213,1.E-1);
#1239=CIRCLE('',#1238,1.E-1);
#1256=CIRCLE('',#1255,1.E-1);
#1273=CIRCLE('',#1272,1.E-1);
#1310=CIRCLE('',#1309,1.E-1);
#1327=CIRCLE('',#1326,1.E-1);
#1344=CIRCLE('',#1343,1.E-1);
#1369=CIRCLE('',#1368,1.E-1);
#1382=CIRCLE('',#1381,1.E-1);
#1407=CIRCLE('',#1406,5.5E-1);
#1420=CIRCLE('',#1419,5.5E-1);
#1429=CIRCLE('',#1428,5.5E-1);
#1478=CIRCLE('',#1477,1.E-1);
#1483=CIRCLE('',#1482,1.E-1);
#1496=CIRCLE('',#1495,1.E-1);
#1501=CIRCLE('',#1500,1.E-1);
#1522=CIRCLE('',#1521,1.E-1);
#1527=CIRCLE('',#1526,1.E-1);
#1540=CIRCLE('',#1539,1.E-1);
#1545=CIRCLE('',#1544,1.E-1);
#1566=B_SPLINE_CURVE_WITH_KNOTS('',3,(#1562,#1563,#1564,#1565),.UNSPECIFIED.,
.F.,.F.,(4,4),(0.E0,1.E0),.UNSPECIFIED.);
#1571=B_SPLINE_CURVE_WITH_KNOTS('',3,(#1567,#1568,#1569,#1570),.UNSPECIFIED.,
.F.,.F.,(4,4),(0.E0,1.E0),.UNSPECIFIED.);
#1628=CIRCLE('',#1627,3.E-1);
#1645=CIRCLE('',#1644,3.E-1);
#1650=CIRCLE('',#1649,1.E-1);
#1655=CIRCLE('',#1654,1.E-1);
#1668=CIRCLE('',#1667,2.5E-1);
#1677=CIRCLE('',#1676,2.5E-1);
#1682=CIRCLE('',#1681,2.5E-1);
#1687=CIRCLE('',#1686,2.5E-1);
#1707=B_SPLINE_CURVE_WITH_KNOTS('',3,(#1696,#1697,#1698,#1699,#1700,#1701,#1702,
#1703,#1704,#1705,#1706),.UNSPECIFIED.,.F.,.F.,(4,1,1,1,1,1,1,1,4),(0.E0,
1.25E-1,2.5E-1,3.75E-1,5.E-1,6.25E-1,7.5E-1,8.75E-1,1.E0),.UNSPECIFIED.);
#1717=B_SPLINE_CURVE_WITH_KNOTS('',3,(#1708,#1709,#1710,#1711,#1712,#1713,#1714,
#1715,#1716),.UNSPECIFIED.,.F.,.F.,(4,1,1,1,1,1,4),(0.E0,1.666666666667E-1,
3.333333333333E-1,5.E-1,6.666666666667E-1,8.333333333333E-1,1.E0),
.UNSPECIFIED.);
#1730=CIRCLE('',#1729,4.5E-1);
#1739=CIRCLE('',#1738,1.5E-1);
#1756=CIRCLE('',#1755,1.5E-1);
#1765=CIRCLE('',#1764,4.5E-1);
#1774=CIRCLE('',#1773,1.E-1);
#1779=CIRCLE('',#1778,1.E-1);
#1784=CIRCLE('',#1783,2.E-1);
#1797=CIRCLE('',#1796,2.E-1);
#1818=CIRCLE('',#1817,1.5E-1);
#1827=CIRCLE('',#1826,4.5E-1);
#1844=CIRCLE('',#1843,4.5E-1);
#1853=CIRCLE('',#1852,1.5E-1);
#1954=CIRCLE('',#1953,2.5E-1);
#1963=CIRCLE('',#1962,2.5E-1);
#1968=CIRCLE('',#1967,2.5E-1);
#1973=CIRCLE('',#1972,2.5E-1);
#1987=B_SPLINE_CURVE_WITH_KNOTS('',3,(#1978,#1979,#1980,#1981,#1982,#1983,#1984,
#1985,#1986),.UNSPECIFIED.,.F.,.F.,(4,1,1,1,1,1,4),(0.E0,1.666666666667E-1,
3.333333333333E-1,5.E-1,6.666666666667E-1,8.333333333333E-1,1.E0),
.UNSPECIFIED.);
#1999=B_SPLINE_CURVE_WITH_KNOTS('',3,(#1988,#1989,#1990,#1991,#1992,#1993,#1994,
#1995,#1996,#1997,#1998),.UNSPECIFIED.,.F.,.F.,(4,1,1,1,1,1,1,1,4),(0.E0,
1.25E-1,2.5E-1,3.75E-1,5.E-1,6.25E-1,7.5E-1,8.75E-1,1.E0),.UNSPECIFIED.);
#2004=CIRCLE('',#2003,5.5E-1);
#2013=CIRCLE('',#2012,5.5E-1);
#2022=CIRCLE('',#2021,5.5E-1);
#2043=CIRCLE('',#2042,1.E-1);
#2048=CIRCLE('',#2047,1.E-1);
#2069=B_SPLINE_CURVE_WITH_KNOTS('',3,(#2065,#2066,#2067,#2068),.UNSPECIFIED.,
.F.,.F.,(4,4),(0.E0,1.E0),.UNSPECIFIED.);
#2078=B_SPLINE_CURVE_WITH_KNOTS('',3,(#2074,#2075,#2076,#2077),.UNSPECIFIED.,
.F.,.F.,(4,4),(0.E0,1.E0),.UNSPECIFIED.);
#2095=CIRCLE('',#2094,3.E-1);
#2104=CIRCLE('',#2103,3.E-1);
#2153=CIRCLE('',#2152,1.E-1);
#2158=CIRCLE('',#2157,1.E-1);
#2171=CIRCLE('',#2170,1.E-1);
#2176=CIRCLE('',#2175,1.E-1);
#2197=CIRCLE('',#2196,1.E-1);
#2202=CIRCLE('',#2201,1.E-1);
#2215=CIRCLE('',#2214,1.E-1);
#2220=CIRCLE('',#2219,1.E-1);
#2265=CIRCLE('',#2264,1.E-1);
#2270=CIRCLE('',#2269,1.E-1);
#2307=CIRCLE('',#2306,1.E-1);
#2312=CIRCLE('',#2311,1.E-1);
#2317=CIRCLE('',#2316,1.E-1);
#2322=CIRCLE('',#2321,1.E-1);
#2335=CIRCLE('',#2334,2.5E-1);
#2344=CIRCLE('',#2343,5.5E-1);
#2369=CIRCLE('',#2368,2.5E-1);
#2378=CIRCLE('',#2377,5.5E-1);
#2395=CIRCLE('',#2394,5.5E-1);
#2404=CIRCLE('',#2403,2.5E-1);
#2429=CIRCLE('',#2428,5.5E-1);
#2438=CIRCLE('',#2437,2.5E-1);
#2459=CIRCLE('',#2458,5.5E-1);
#2468=CIRCLE('',#2467,2.5E-1);
#2493=CIRCLE('',#2492,5.5E-1);
#2502=CIRCLE('',#2501,2.5E-1);
#2519=CIRCLE('',#2518,2.5E-1);
#2528=CIRCLE('',#2527,5.5E-1);
#2553=CIRCLE('',#2552,2.5E-1);
#2562=CIRCLE('',#2561,5.5E-1);
#2571=CIRCLE('',#2570,1.E-1);
#2576=CIRCLE('',#2575,1.E-1);
#2621=CIRCLE('',#2620,1.E-1);
#2626=CIRCLE('',#2625,1.E-1);
#2659=CIRCLE('',#2658,1.E-1);
#2664=CIRCLE('',#2663,1.E-1);
#2713=CIRCLE('',#2712,1.E-1);
#2718=CIRCLE('',#2717,1.E-1);
#2723=CIRCLE('',#2722,1.E-1);
#2728=CIRCLE('',#2727,1.E-1);
#2744=B_SPLINE_CURVE_WITH_KNOTS('',3,(#2733,#2734,#2735,#2736,#2737,#2738,#2739,
#2740,#2741,#2742,#2743),.UNSPECIFIED.,.F.,.F.,(4,1,1,1,1,1,1,1,4),(0.E0,
1.25E-1,2.5E-1,3.75E-1,5.E-1,6.25E-1,7.5E-1,8.75E-1,1.E0),.UNSPECIFIED.);
#2753=B_SPLINE_CURVE_WITH_KNOTS('',3,(#2745,#2746,#2747,#2748,#2749,#2750,#2751,
#2752),.UNSPECIFIED.,.F.,.F.,(4,1,1,1,1,4),(0.E0,2.E-1,4.E-1,6.E-1,8.E-1,1.E0),
.UNSPECIFIED.);
#2759=B_SPLINE_CURVE_WITH_KNOTS('',3,(#2754,#2755,#2756,#2757,#2758),
.UNSPECIFIED.,.F.,.F.,(4,1,4),(0.E0,5.E-1,1.E0),.UNSPECIFIED.);
#2772=CIRCLE('',#2771,1.5E-1);
#2777=CIRCLE('',#2776,2.5E-1);
#2786=CIRCLE('',#2785,2.5E-1);
#2795=CIRCLE('',#2794,5.5E-1);
#2804=CIRCLE('',#2803,5.5E-1);
#2809=CIRCLE('',#2808,4.5E-1);
#2826=CIRCLE('',#2825,4.5E-1);
#2831=CIRCLE('',#2830,5.5E-1);
#2840=CIRCLE('',#2839,5.5E-1);
#2849=CIRCLE('',#2848,2.5E-1);
#2858=CIRCLE('',#2857,2.5E-1);
#2863=CIRCLE('',#2862,1.5E-1);
#2876=CIRCLE('',#2875,1.5E-1);
#2885=CIRCLE('',#2884,1.5E-1);
#2898=CIRCLE('',#2897,4.5E-1);
#2915=CIRCLE('',#2914,4.5E-1);
#2924=CIRCLE('',#2923,1.5E-1);
#2929=CIRCLE('',#2928,1.5E-1);
#2950=CIRCLE('',#2949,1.5E-1);
#2955=CIRCLE('',#2954,1.5E-1);
#2968=CIRCLE('',#2967,1.5E-1);
#2977=CIRCLE('',#2976,1.5E-1);
#2986=CIRCLE('',#2985,1.5E-1);
#3011=CIRCLE('',#3010,1.5E-1);
#3016=CIRCLE('',#3015,1.5E-1);
#3037=CIRCLE('',#3036,4.5E-1);
#3058=CIRCLE('',#3057,2.E-1);
#3075=CIRCLE('',#3074,1.5E-1);
#3092=CIRCLE('',#3091,1.5E-1);
#3109=CIRCLE('',#3108,2.E-1);
#3126=CIRCLE('',#3125,2.E-1);
#3143=CIRCLE('',#3142,2.E-1);
#3160=CIRCLE('',#3159,1.5E-1);
#3177=CIRCLE('',#3176,1.5E-1);
#3210=CIRCLE('',#3209,1.5E-1);
#3215=CIRCLE('',#3214,1.5E-1);
#3268=CIRCLE('',#3267,1.5E-1);
#3273=CIRCLE('',#3272,1.5E-1);
#3286=CIRCLE('',#3285,1.5E-1);
#3291=CIRCLE('',#3290,1.5E-1);
#3300=CIRCLE('',#3299,1.5E-1);
#3321=CIRCLE('',#3320,2.5E-1);
#3338=CIRCLE('',#3337,2.5E-1);
#3344=B_SPLINE_CURVE_WITH_KNOTS('',3,(#3339,#3340,#3341,#3342,#3343),
.UNSPECIFIED.,.F.,.F.,(4,1,4),(0.E0,5.E-1,1.E0),.UNSPECIFIED.);
#3378=B_SPLINE_CURVE_WITH_KNOTS('',3,(#3373,#3374,#3375,#3376,#3377),
.UNSPECIFIED.,.F.,.F.,(4,1,4),(0.E0,5.E-1,1.E0),.UNSPECIFIED.);
#3387=B_SPLINE_CURVE_WITH_KNOTS('',3,(#3379,#3380,#3381,#3382,#3383,#3384,#3385,
#3386),.UNSPECIFIED.,.F.,.F.,(4,1,1,1,1,4),(0.E0,2.E-1,4.E-1,6.E-1,8.E-1,1.E0),
.UNSPECIFIED.);
#3399=B_SPLINE_CURVE_WITH_KNOTS('',3,(#3388,#3389,#3390,#3391,#3392,#3393,#3394,
#3395,#3396,#3397,#3398),.UNSPECIFIED.,.F.,.F.,(4,1,1,1,1,1,1,1,4),(0.E0,
1.25E-1,2.5E-1,3.75E-1,5.E-1,6.25E-1,7.5E-1,8.75E-1,1.E0),.UNSPECIFIED.);
#3404=CIRCLE('',#3403,2.5E-1);
#3410=B_SPLINE_CURVE_WITH_KNOTS('',3,(#3405,#3406,#3407,#3408,#3409),
.UNSPECIFIED.,.F.,.F.,(4,1,4),(0.E0,5.E-1,1.E0),.UNSPECIFIED.);
#3427=CIRCLE('',#3426,2.5E-1);
#3448=CIRCLE('',#3447,2.E-1);
#3457=CIRCLE('',#3456,2.E-1);
#3474=CIRCLE('',#3473,1.E-1);
#3479=CIRCLE('',#3478,1.E-1);
#3492=CIRCLE('',#3491,4.E-1);
#3509=CIRCLE('',#3508,1.E-1);
#3526=CIRCLE('',#3525,1.E-1);
#3543=CIRCLE('',#3542,4.E-1);
#3584=CIRCLE('',#3583,1.E-1);
#3601=CIRCLE('',#3600,4.E-1);
#3618=CIRCLE('',#3617,4.E-1);
#3635=CIRCLE('',#3634,1.E-1);
#3685=B_SPLINE_CURVE_WITH_KNOTS('',3,(#3680,#3681,#3682,#3683,#3684),
.UNSPECIFIED.,.F.,.F.,(4,1,4),(0.E0,5.E-1,1.E0),.UNSPECIFIED.);
#3694=CIRCLE('',#3693,1.E-1);
#3778=B_SPLINE_CURVE_WITH_KNOTS('',3,(#3771,#3772,#3773,#3774,#3775,#3776,
#3777),.UNSPECIFIED.,.F.,.F.,(4,1,1,1,4),(0.E0,2.5E-1,5.E-1,7.5E-1,1.E0),
.UNSPECIFIED.);
#3786=B_SPLINE_CURVE_WITH_KNOTS('',3,(#3779,#3780,#3781,#3782,#3783,#3784,
#3785),.UNSPECIFIED.,.F.,.F.,(4,1,1,1,4),(0.E0,2.5E-1,5.E-1,7.5E-1,1.E0),
.UNSPECIFIED.);
#3811=CIRCLE('',#3810,3.E-1);
#3876=CIRCLE('',#3875,3.E-1);
#3901=CIRCLE('',#3900,3.E-1);
#3954=CIRCLE('',#3953,1.E-1);
#3960=B_SPLINE_CURVE_WITH_KNOTS('',3,(#3955,#3956,#3957,#3958,#3959),
.UNSPECIFIED.,.F.,.F.,(4,1,4),(0.E0,5.E-1,1.E0),.UNSPECIFIED.);
#3966=B_SPLINE_CURVE_WITH_KNOTS('',3,(#3961,#3962,#3963,#3964,#3965),
.UNSPECIFIED.,.F.,.F.,(4,1,4),(0.E0,5.E-1,1.E0),.UNSPECIFIED.);
#4004=B_SPLINE_CURVE_WITH_KNOTS('',3,(#3999,#4000,#4001,#4002,#4003),
.UNSPECIFIED.,.F.,.F.,(4,1,4),(0.E0,5.E-1,1.E0),.UNSPECIFIED.);
#4009=CIRCLE('',#4008,1.E-1);
#4028=B_SPLINE_CURVE_WITH_KNOTS('',3,(#4022,#4023,#4024,#4025,#4026,#4027),
.UNSPECIFIED.,.F.,.F.,(4,1,1,4),(0.E0,5.E-1,7.5E-1,1.E0),.UNSPECIFIED.);
#4035=B_SPLINE_CURVE_WITH_KNOTS('',3,(#4029,#4030,#4031,#4032,#4033,#4034),
.UNSPECIFIED.,.F.,.F.,(4,1,1,4),(0.E0,3.333333333333E-1,6.666666666667E-1,1.E0),
.UNSPECIFIED.);
#4042=B_SPLINE_CURVE_WITH_KNOTS('',3,(#4036,#4037,#4038,#4039,#4040,#4041),
.UNSPECIFIED.,.F.,.F.,(4,1,1,4),(0.E0,5.E-1,7.5E-1,1.E0),.UNSPECIFIED.);
#4072=B_SPLINE_CURVE_WITH_KNOTS('',3,(#4067,#4068,#4069,#4070,#4071),
.UNSPECIFIED.,.F.,.F.,(4,1,4),(0.E0,5.E-1,1.E0),.UNSPECIFIED.);
#4078=B_SPLINE_CURVE_WITH_KNOTS('',3,(#4073,#4074,#4075,#4076,#4077),
.UNSPECIFIED.,.F.,.F.,(4,1,4),(0.E0,5.E-1,1.E0),.UNSPECIFIED.);
#4085=B_SPLINE_CURVE_WITH_KNOTS('',3,(#4079,#4080,#4081,#4082,#4083,#4084),
.UNSPECIFIED.,.F.,.F.,(4,1,1,4),(0.E0,3.333333333333E-1,6.666666666667E-1,1.E0),
.UNSPECIFIED.);
#4090=CIRCLE('',#4089,1.E-1);
#4111=CIRCLE('',#4110,3.E-1);
#4140=CIRCLE('',#4139,3.E-1);
#4165=CIRCLE('',#4164,3.E-1);
#4194=CIRCLE('',#4193,3.E-1);
#4219=CIRCLE('',#4218,3.E-1);
#4248=CIRCLE('',#4247,3.E-1);
#4273=CIRCLE('',#4272,3.E-1);
#4322=CIRCLE('',#4321,1.E-1);
#4339=CIRCLE('',#4338,2.5E-1);
#4356=CIRCLE('',#4355,2.5E-1);
#4373=CIRCLE('',#4372,1.E-1);
#4402=CIRCLE('',#4401,1.E-1);
#4419=CIRCLE('',#4418,2.5E-1);
#4440=CIRCLE('',#4439,2.5E-1);
#4457=CIRCLE('',#4456,1.E-1);
#4482=CIRCLE('',#4481,1.E-1);
#4499=CIRCLE('',#4498,2.5E-1);
#4520=CIRCLE('',#4519,2.5E-1);
#4537=CIRCLE('',#4536,1.E-1);
#4562=CIRCLE('',#4561,1.E-1);
#4579=CIRCLE('',#4578,2.5E-1);
#4600=CIRCLE('',#4599,2.5E-1);
#4617=CIRCLE('',#4616,1.E-1);
#4666=CIRCLE('',#4665,1.5E-1);
#4683=CIRCLE('',#4682,1.5E-1);
#6081=EDGE_CURVE('',#4694,#4695,#137,.T.);
#6083=EDGE_CURVE('',#4715,#4694,#142,.T.);
#6085=EDGE_CURVE('',#4713,#4715,#146,.T.);
#6087=EDGE_CURVE('',#4711,#4713,#151,.T.);
#6089=EDGE_CURVE('',#4709,#4711,#155,.T.);
#6091=EDGE_CURVE('',#4707,#4709,#160,.T.);
#6093=EDGE_CURVE('',#4705,#4707,#164,.T.);
#6095=EDGE_CURVE('',#4703,#4705,#169,.T.);
#6097=EDGE_CURVE('',#4701,#4703,#173,.T.);
#6099=EDGE_CURVE('',#4699,#4701,#178,.T.);
#6101=EDGE_CURVE('',#4697,#4699,#182,.T.);
#6103=EDGE_CURVE('',#4695,#4697,#187,.T.);
#6107=EDGE_CURVE('',#5463,#5464,#191,.T.);
#6109=EDGE_CURVE('',#5506,#5463,#196,.T.);
#6111=EDGE_CURVE('',#5502,#5506,#200,.T.);
#6113=EDGE_CURVE('',#5498,#5502,#205,.T.);
#6115=EDGE_CURVE('',#5494,#5498,#209,.T.);
#6117=EDGE_CURVE('',#5490,#5494,#214,.T.);
#6119=EDGE_CURVE('',#5486,#5490,#218,.T.);
#6121=EDGE_CURVE('',#5482,#5486,#223,.T.);
#6123=EDGE_CURVE('',#5478,#5482,#227,.T.);
#6125=EDGE_CURVE('',#5474,#5478,#232,.T.);
#6127=EDGE_CURVE('',#5470,#5474,#236,.T.);
#6129=EDGE_CURVE('',#5464,#5470,#241,.T.);
#6133=ADVANCED_FACE('',(#6106,#6132),#6080,.T.);
#6139=EDGE_CURVE('',#5395,#5390,#245,.T.);
#6141=EDGE_CURVE('',#5322,#5395,#3032,.T.);
#6143=EDGE_CURVE('',#5322,#5323,#249,.T.);
#6145=EDGE_CURVE('',#5325,#5323,#3011,.T.);
#6147=EDGE_CURVE('',#4867,#5325,#253,.T.);
#6149=EDGE_CURVE('',#4867,#4739,#257,.T.);
#6151=EDGE_CURVE('',#4694,#4739,#261,.T.);
#6154=EDGE_CURVE('',#4695,#4730,#3364,.T.);
#6156=EDGE_CURVE('',#4730,#4870,#265,.T.);
#6158=EDGE_CURVE('',#4870,#5327,#2941,.T.);
#6160=EDGE_CURVE('',#5318,#5327,#2929,.T.);
#6162=EDGE_CURVE('',#5318,#5319,#269,.T.);
#6164=EDGE_CURVE('',#5390,#5319,#294,.T.);
#6168=ADVANCED_FACE('',(#6167),#6138,.T.);
#6174=EDGE_CURVE('',#5390,#5391,#290,.T.);
#6176=EDGE_CURVE('',#5393,#5391,#3117,.T.);
#6178=EDGE_CURVE('',#5393,#5395,#3037,.T.);
#6183=ADVANCED_FACE('',(#6182),#6173,.T.);
#6189=EDGE_CURVE('',#5618,#5522,#306,.T.);
#6191=EDGE_CURVE('',#5618,#4954,#273,.T.);
#6193=EDGE_CURVE('',#4954,#5329,#277,.T.);
#6195=EDGE_CURVE('',#5329,#5450,#281,.T.);
#6197=EDGE_CURVE('',#5450,#5391,#285,.T.);
#6201=EDGE_CURVE('',#5319,#5522,#298,.T.);
#6205=ADVANCED_FACE('',(#6204),#6188,.F.);
#6211=EDGE_CURVE('',#5608,#5516,#326,.T.);
#6213=EDGE_CURVE('',#5608,#5594,#302,.T.);
#6215=EDGE_CURVE('',#5594,#5618,#612,.T.);
#6218=EDGE_CURVE('',#5532,#5522,#2937,.T.);
#6220=EDGE_CURVE('',#5515,#5532,#2924,.T.);
#6222=EDGE_CURVE('',#5515,#5516,#2889,.T.);
#6226=ADVANCED_FACE('',(#6225),#6210,.T.);
#6232=EDGE_CURVE('',#5524,#5620,#310,.T.);
#6234=EDGE_CURVE('',#5620,#5597,#596,.T.);
#6236=EDGE_CURVE('',#5611,#5597,#4661,.T.);
#6238=EDGE_CURVE('',#5519,#5611,#342,.T.);
#6240=EDGE_CURVE('',#5519,#5520,#2906,.T.);
#6242=EDGE_CURVE('',#5520,#5530,#3016,.T.);
#6244=EDGE_CURVE('',#5524,#5530,#3024,.T.);
#6248=ADVANCED_FACE('',(#6247),#6231,.T.);
#6254=EDGE_CURVE('',#5603,#5604,#314,.T.);
#6256=EDGE_CURVE('',#5604,#5606,#318,.T.);
#6258=EDGE_CURVE('',#5606,#5608,#322,.T.);
#6261=EDGE_CURVE('',#5566,#5516,#2959,.T.);
#6263=EDGE_CURVE('',#5568,#5566,#2990,.T.);
#6265=EDGE_CURVE('',#5568,#5528,#2963,.T.);
#6267=EDGE_CURVE('',#5536,#5528,#2986,.T.);
#6269=EDGE_CURVE('',#5603,#5536,#388,.T.);
#6273=ADVANCED_FACE('',(#6272),#6253,.F.);
#6279=EDGE_CURVE('',#5611,#5612,#330,.T.);
#6281=EDGE_CURVE('',#5612,#5614,#334,.T.);
#6283=EDGE_CURVE('',#5614,#5616,#338,.T.);
#6285=EDGE_CURVE('',#5534,#5616,#412,.T.);
#6287=EDGE_CURVE('',#5526,#5534,#3300,.T.);
#6289=EDGE_CURVE('',#5526,#5562,#3295,.T.);
#6291=EDGE_CURVE('',#5564,#5562,#3277,.T.);
#6293=EDGE_CURVE('',#5564,#5519,#2871,.T.);
#6298=ADVANCED_FACE('',(#6297),#6278,.F.);
#6304=EDGE_CURVE('',#5683,#5684,#346,.T.);
#6306=EDGE_CURVE('',#5683,#5560,#350,.T.);
#6308=EDGE_CURVE('',#5560,#5624,#355,.T.);
#6310=EDGE_CURVE('',#5684,#5624,#359,.T.);
#6314=ADVANCED_FACE('',(#6313),#6303,.F.);
#6320=EDGE_CURVE('',#5687,#5688,#363,.T.);
#6322=EDGE_CURVE('',#5622,#5688,#367,.T.);
#6324=EDGE_CURVE('',#5622,#5558,#372,.T.);
#6326=EDGE_CURVE('',#5558,#5687,#376,.T.);
#6330=ADVANCED_FACE('',(#6329),#6319,.F.);
#6336=EDGE_CURVE('',#5603,#5652,#380,.T.);
#6338=EDGE_CURVE('',#5652,#5639,#494,.T.);
#6340=EDGE_CURVE('',#5663,#5639,#4313,.T.);
#6342=EDGE_CURVE('',#5663,#5591,#624,.T.);
#6344=EDGE_CURVE('',#5604,#5591,#4691,.T.);
#6349=ADVANCED_FACE('',(#6348),#6335,.T.);
#6355=EDGE_CURVE('',#5651,#5652,#384,.T.);
#6359=EDGE_CURVE('',#4875,#5536,#392,.T.);
#6361=EDGE_CURVE('',#4875,#4727,#396,.T.);
#6363=EDGE_CURVE('',#5480,#4727,#400,.T.);
#6365=EDGE_CURVE('',#5480,#5484,#404,.T.);
#6367=EDGE_CURVE('',#5484,#4718,#3325,.T.);
#6369=EDGE_CURVE('',#4718,#4862,#408,.T.);
#6371=EDGE_CURVE('',#4862,#5534,#3304,.T.);
#6374=EDGE_CURVE('',#5655,#5616,#4649,.T.);
#6376=EDGE_CURVE('',#5655,#5656,#416,.T.);
#6378=EDGE_CURVE('',#5512,#5656,#844,.T.);
#6380=EDGE_CURVE('',#5511,#5512,#420,.T.);
#6382=EDGE_CURVE('',#5651,#5511,#3675,.T.);
#6386=ADVANCED_FACE('',(#6385),#6354,.T.);
#6392=EDGE_CURVE('',#5703,#5704,#424,.T.);
#6394=EDGE_CURVE('',#5704,#5708,#428,.T.);
#6396=EDGE_CURVE('',#5707,#5708,#432,.T.);
#6398=EDGE_CURVE('',#5707,#5620,#436,.T.);
#6400=EDGE_CURVE('',#4955,#5620,#3053,.T.);
#6402=EDGE_CURVE('',#4954,#4955,#3134,.T.);
#6405=EDGE_CURVE('',#5618,#5703,#440,.T.);
#6409=ADVANCED_FACE('',(#6408),#6391,.T.);
#6415=EDGE_CURVE('',#5675,#5676,#444,.T.);
#6417=EDGE_CURVE('',#5632,#5675,#448,.T.);
#6419=EDGE_CURVE('',#5630,#5632,#452,.T.);
#6421=EDGE_CURVE('',#5628,#5630,#457,.T.);
#6423=EDGE_CURVE('',#5627,#5628,#461,.T.);
#6425=EDGE_CURVE('',#5656,#5627,#466,.T.);
#6428=EDGE_CURVE('',#5636,#5655,#470,.T.);
#6430=EDGE_CURVE('',#5635,#5636,#474,.T.);
#6432=EDGE_CURVE('',#5676,#5635,#478,.T.);
#6436=ADVANCED_FACE('',(#6435),#6414,.T.);
#6442=EDGE_CURVE('',#5679,#5680,#482,.T.);
#6444=EDGE_CURVE('',#5640,#5680,#486,.T.);
#6446=EDGE_CURVE('',#5639,#5640,#490,.T.);
#6450=EDGE_CURVE('',#5648,#5651,#499,.T.);
#6452=EDGE_CURVE('',#5646,#5648,#503,.T.);
#6454=EDGE_CURVE('',#5644,#5646,#508,.T.);
#6456=EDGE_CURVE('',#5643,#5644,#512,.T.);
#6458=EDGE_CURVE('',#5679,#5643,#516,.T.);
#6462=ADVANCED_FACE('',(#6461),#6441,.T.);
#6468=EDGE_CURVE('',#5667,#5668,#572,.T.);
#6470=EDGE_CURVE('',#5667,#5675,#820,.T.);
#6473=EDGE_CURVE('',#5668,#5676,#4637,.T.);
#6477=ADVANCED_FACE('',(#6476),#6467,.T.);
#6483=EDGE_CURVE('',#5966,#5696,#520,.T.);
#6485=EDGE_CURVE('',#5948,#5966,#728,.T.);
#6487=EDGE_CURVE('',#5948,#5960,#524,.T.);
#6489=EDGE_CURVE('',#5960,#5970,#758,.T.);
#6491=EDGE_CURVE('',#5910,#5970,#528,.T.);
#6493=EDGE_CURVE('',#5892,#5910,#4591,.T.);
#6495=EDGE_CURVE('',#5892,#5904,#532,.T.);
#6497=EDGE_CURVE('',#5904,#5914,#4557,.T.);
#6499=EDGE_CURVE('',#5854,#5914,#536,.T.);
#6501=EDGE_CURVE('',#5836,#5854,#4511,.T.);
#6503=EDGE_CURVE('',#5836,#5848,#540,.T.);
#6505=EDGE_CURVE('',#5848,#5858,#4477,.T.);
#6507=EDGE_CURVE('',#5798,#5858,#544,.T.);
#6509=EDGE_CURVE('',#5780,#5798,#4431,.T.);
#6511=EDGE_CURVE('',#5780,#5792,#548,.T.);
#6513=EDGE_CURVE('',#5792,#5802,#4397,.T.);
#6515=EDGE_CURVE('',#5739,#5802,#552,.T.);
#6517=EDGE_CURVE('',#5720,#5739,#4377,.T.);
#6519=EDGE_CURVE('',#5720,#5732,#556,.T.);
#6521=EDGE_CURVE('',#5732,#5743,#4317,.T.);
#6523=EDGE_CURVE('',#5694,#5743,#560,.T.);
#6525=EDGE_CURVE('',#5690,#5694,#564,.T.);
#6527=EDGE_CURVE('',#5667,#5690,#568,.T.);
#6530=EDGE_CURVE('',#5668,#5659,#576,.T.);
#6532=EDGE_CURVE('',#5659,#5660,#580,.T.);
#6534=EDGE_CURVE('',#5600,#5660,#584,.T.);
#6536=EDGE_CURVE('',#5598,#5600,#588,.T.);
#6538=EDGE_CURVE('',#5597,#5598,#592,.T.);
#6542=EDGE_CURVE('',#5707,#5712,#600,.T.);
#6544=EDGE_CURVE('',#5710,#5712,#604,.T.);
#6546=EDGE_CURVE('',#5703,#5710,#608,.T.);
#6550=EDGE_CURVE('',#5592,#5594,#616,.T.);
#6552=EDGE_CURVE('',#5591,#5592,#620,.T.);
#6555=EDGE_CURVE('',#5663,#5664,#628,.T.);
#6557=EDGE_CURVE('',#5664,#5672,#632,.T.);
#6559=EDGE_CURVE('',#5671,#5672,#636,.T.);
#6561=EDGE_CURVE('',#5692,#5671,#640,.T.);
#6563=EDGE_CURVE('',#5696,#5692,#644,.T.);
#6567=ADVANCED_FACE('',(#6566),#6482,.T.);
#6573=EDGE_CURVE('',#5966,#5968,#648,.T.);
#6576=EDGE_CURVE('',#5687,#5696,#808,.T.);
#6579=EDGE_CURVE('',#5546,#5558,#652,.T.);
#6581=EDGE_CURVE('',#5546,#5586,#864,.T.);
#6583=EDGE_CURVE('',#5586,#5583,#656,.T.);
#6585=EDGE_CURVE('',#5583,#5584,#660,.T.);
#6587=EDGE_CURVE('',#5588,#5584,#664,.T.);
#6589=EDGE_CURVE('',#5588,#5549,#852,.T.);
#6591=EDGE_CURVE('',#5549,#5560,#3679,.T.);
#6594=EDGE_CURVE('',#5683,#5694,#668,.T.);
#6597=EDGE_CURVE('',#5743,#5744,#672,.T.);
#6599=EDGE_CURVE('',#5740,#5744,#676,.T.);
#6601=EDGE_CURVE('',#5739,#5740,#680,.T.);
#6604=EDGE_CURVE('',#5802,#5804,#684,.T.);
#6606=EDGE_CURVE('',#5800,#5804,#688,.T.);
#6608=EDGE_CURVE('',#5798,#5800,#692,.T.);
#6611=EDGE_CURVE('',#5858,#5860,#696,.T.);
#6613=EDGE_CURVE('',#5856,#5860,#700,.T.);
#6615=EDGE_CURVE('',#5854,#5856,#704,.T.);
#6618=EDGE_CURVE('',#5914,#5916,#708,.T.);
#6620=EDGE_CURVE('',#5912,#5916,#712,.T.);
#6622=EDGE_CURVE('',#5910,#5912,#716,.T.);
#6625=EDGE_CURVE('',#5970,#5972,#720,.T.);
#6627=EDGE_CURVE('',#5968,#5972,#724,.T.);
#6631=ADVANCED_FACE('',(#6630),#6572,.T.);
#6639=EDGE_CURVE('',#5968,#5951,#732,.T.);
#6641=EDGE_CURVE('',#5951,#5952,#737,.T.);
#6643=EDGE_CURVE('',#5952,#5943,#741,.T.);
#6645=EDGE_CURVE('',#5943,#5944,#745,.T.);
#6647=EDGE_CURVE('',#5944,#5946,#749,.T.);
#6649=EDGE_CURVE('',#5946,#5948,#754,.T.);
#6653=ADVANCED_FACE('',(#6652),#6636,.F.);
#6661=EDGE_CURVE('',#5972,#5963,#784,.T.);
#6663=EDGE_CURVE('',#5951,#5963,#804,.T.);
#6667=ADVANCED_FACE('',(#6666),#6658,.T.);
#6674=EDGE_CURVE('',#5958,#5960,#763,.T.);
#6676=EDGE_CURVE('',#5956,#5958,#767,.T.);
#6678=EDGE_CURVE('',#5955,#5956,#771,.T.);
#6680=EDGE_CURVE('',#5964,#5955,#775,.T.);
#6682=EDGE_CURVE('',#5963,#5964,#780,.T.);
#6688=ADVANCED_FACE('',(#6687),#6672,.T.);
#6695=EDGE_CURVE('',#5946,#5958,#788,.T.);
#6701=ADVANCED_FACE('',(#6700),#6693,.F.);
#6708=EDGE_CURVE('',#5944,#5956,#792,.T.);
#6714=ADVANCED_FACE('',(#6713),#6706,.T.);
#6721=EDGE_CURVE('',#5943,#5955,#796,.T.);
#6727=ADVANCED_FACE('',(#6726),#6719,.T.);
#6734=EDGE_CURVE('',#5952,#5964,#800,.T.);
#6740=ADVANCED_FACE('',(#6739),#6732,.T.);
#6752=ADVANCED_FACE('',(#6751),#6745,.T.);
#6761=EDGE_CURVE('',#5688,#5692,#824,.T.);
#6765=ADVANCED_FACE('',(#6764),#6757,.T.);
#6771=EDGE_CURVE('',#5684,#5690,#812,.T.);
#6774=EDGE_CURVE('',#5624,#5632,#816,.T.);
#6781=ADVANCED_FACE('',(#6780),#6770,.T.);
#6789=EDGE_CURVE('',#5679,#5671,#828,.T.);
#6792=EDGE_CURVE('',#5622,#5643,#3659,.T.);
#6797=ADVANCED_FACE('',(#6796),#6786,.T.);
#6809=ADVANCED_FACE('',(#6808),#6802,.T.);
#6815=EDGE_CURVE('',#5552,#5630,#832,.T.);
#6819=EDGE_CURVE('',#5550,#5624,#836,.T.);
#6821=EDGE_CURVE('',#5550,#5552,#905,.T.);
#6825=ADVANCED_FACE('',(#6824),#6814,.T.);
#6831=EDGE_CURVE('',#5554,#5628,#840,.T.);
#6835=EDGE_CURVE('',#5552,#5554,#901,.T.);
#6839=ADVANCED_FACE('',(#6838),#6830,.T.);
#6845=EDGE_CURVE('',#5627,#5556,#848,.T.);
#6849=EDGE_CURVE('',#5554,#5556,#896,.T.);
#6853=ADVANCED_FACE('',(#6852),#6844,.T.);
#6862=EDGE_CURVE('',#5556,#5512,#892,.T.);
#6866=ADVANCED_FACE('',(#6865),#6858,.T.);
#6873=EDGE_CURVE('',#5576,#5588,#856,.T.);
#6875=EDGE_CURVE('',#5575,#5576,#1002,.T.);
#6877=EDGE_CURVE('',#5586,#5575,#860,.T.);
#6880=EDGE_CURVE('',#5544,#5546,#869,.T.);
#6882=EDGE_CURVE('',#5542,#5544,#873,.T.);
#6884=EDGE_CURVE('',#5540,#5542,#878,.T.);
#6886=EDGE_CURVE('',#5539,#5540,#882,.T.);
#6888=EDGE_CURVE('',#5511,#5539,#887,.T.);
#6895=EDGE_CURVE('',#5549,#5550,#910,.T.);
#6899=EDGE_CURVE('',#6039,#6064,#3694,.T.);
#6901=EDGE_CURVE('',#6039,#6040,#914,.T.);
#6903=EDGE_CURVE('',#6054,#6040,#4090,.T.);
#6905=EDGE_CURVE('',#6054,#6056,#918,.T.);
#6907=EDGE_CURVE('',#6028,#6056,#3954,.T.);
#6909=EDGE_CURVE('',#6027,#6028,#3970,.T.);
#6911=EDGE_CURVE('',#6060,#6027,#4009,.T.);
#6913=EDGE_CURVE('',#5767,#6060,#922,.T.);
#6915=EDGE_CURVE('',#5760,#5767,#3909,.T.);
#6917=EDGE_CURVE('',#5752,#5760,#926,.T.);
#6919=EDGE_CURVE('',#5752,#5763,#3867,.T.);
#6921=EDGE_CURVE('',#5826,#5763,#930,.T.);
#6923=EDGE_CURVE('',#5820,#5826,#3798,.T.);
#6925=EDGE_CURVE('',#5812,#5820,#934,.T.);
#6927=EDGE_CURVE('',#5812,#5822,#4264,.T.);
#6929=EDGE_CURVE('',#5882,#5822,#938,.T.);
#6931=EDGE_CURVE('',#5876,#5882,#4235,.T.);
#6933=EDGE_CURVE('',#5868,#5876,#942,.T.);
#6935=EDGE_CURVE('',#5868,#5878,#4210,.T.);
#6937=EDGE_CURVE('',#5938,#5878,#946,.T.);
#6939=EDGE_CURVE('',#5932,#5938,#4181,.T.);
#6941=EDGE_CURVE('',#5924,#5932,#950,.T.);
#6943=EDGE_CURVE('',#5924,#5934,#4156,.T.);
#6945=EDGE_CURVE('',#5994,#5934,#954,.T.);
#6947=EDGE_CURVE('',#5988,#5994,#4127,.T.);
#6949=EDGE_CURVE('',#5980,#5988,#958,.T.);
#6951=EDGE_CURVE('',#5980,#5990,#4102,.T.);
#6953=EDGE_CURVE('',#6064,#5990,#962,.T.);
#6957=ADVANCED_FACE('',(#6898,#6956),#6871,.T.);
#6963=EDGE_CURVE('',#5576,#5580,#978,.T.);
#6967=EDGE_CURVE('',#5572,#5584,#998,.T.);
#6969=EDGE_CURVE('',#5580,#5572,#966,.T.);
#6973=ADVANCED_FACE('',(#6972),#6962,.T.);
#6979=EDGE_CURVE('',#5575,#5578,#970,.T.);
#6981=EDGE_CURVE('',#5575,#4844,#1192,.T.);
#6983=EDGE_CURVE('',#4855,#4844,#3571,.T.);
#6985=EDGE_CURVE('',#4853,#4855,#1289,.T.);
#6987=EDGE_CURVE('',#4853,#4841,#974,.T.);
#6989=EDGE_CURVE('',#4841,#5576,#1006,.T.);
#6992=EDGE_CURVE('',#5578,#5580,#982,.T.);
#6996=ADVANCED_FACE('',(#6995),#6978,.F.);
#7003=EDGE_CURVE('',#5578,#5571,#986,.T.);
#7005=EDGE_CURVE('',#5583,#5571,#990,.T.);
#7011=ADVANCED_FACE('',(#7010),#7001,.T.);
#7019=EDGE_CURVE('',#5571,#5572,#994,.T.);
#7024=ADVANCED_FACE('',(#7023),#7016,.T.);
#7036=ADVANCED_FACE('',(#7035),#7029,.F.);
#7044=EDGE_CURVE('',#4839,#4841,#1010,.T.);
#7046=EDGE_CURVE('',#4838,#4839,#1014,.T.);
#7048=EDGE_CURVE('',#4762,#4838,#1018,.T.);
#7050=EDGE_CURVE('',#4762,#5203,#1022,.T.);
#7052=EDGE_CURVE('',#5201,#5203,#1027,.T.);
#7054=EDGE_CURVE('',#5111,#5201,#1031,.T.);
#7056=EDGE_CURVE('',#5115,#5111,#1483,.T.);
#7058=EDGE_CURVE('',#5119,#5115,#1035,.T.);
#7060=EDGE_CURVE('',#5123,#5119,#1501,.T.);
#7062=EDGE_CURVE('',#5271,#5123,#1039,.T.);
#7064=EDGE_CURVE('',#5269,#5271,#1044,.T.);
#7066=EDGE_CURVE('',#5175,#5269,#1048,.T.);
#7068=EDGE_CURVE('',#5179,#5175,#1527,.T.);
#7070=EDGE_CURVE('',#5167,#5179,#1052,.T.);
#7072=EDGE_CURVE('',#5171,#5167,#1545,.T.);
#7074=EDGE_CURVE('',#5261,#5171,#1056,.T.);
#7076=EDGE_CURVE('',#5258,#5261,#1061,.T.);
#7078=EDGE_CURVE('',#5018,#5258,#1065,.T.);
#7080=EDGE_CURVE('',#5018,#5019,#1069,.T.);
#7082=EDGE_CURVE('',#5019,#5275,#1073,.T.);
#7084=EDGE_CURVE('',#5274,#5275,#1078,.T.);
#7086=EDGE_CURVE('',#5183,#5274,#1082,.T.);
#7088=EDGE_CURVE('',#5187,#5183,#1655,.T.);
#7090=EDGE_CURVE('',#5195,#5187,#1086,.T.);
#7092=EDGE_CURVE('',#5193,#5195,#1091,.T.);
#7094=EDGE_CURVE('',#4758,#5193,#1095,.T.);
#7096=EDGE_CURVE('',#5504,#4758,#1099,.T.);
#7098=EDGE_CURVE('',#5504,#5508,#1103,.T.);
#7100=EDGE_CURVE('',#5508,#4771,#1977,.T.);
#7102=EDGE_CURVE('',#4771,#5223,#1107,.T.);
#7104=EDGE_CURVE('',#5221,#5223,#1112,.T.);
#7106=EDGE_CURVE('',#5127,#5221,#1116,.T.);
#7108=EDGE_CURVE('',#5131,#5127,#2048,.T.);
#7110=EDGE_CURVE('',#5213,#5131,#1120,.T.);
#7112=EDGE_CURVE('',#5210,#5213,#1125,.T.);
#7114=EDGE_CURVE('',#5041,#5210,#1129,.T.);
#7116=EDGE_CURVE('',#5041,#5043,#1133,.T.);
#7118=EDGE_CURVE('',#5043,#5227,#1137,.T.);
#7120=EDGE_CURVE('',#5226,#5227,#1142,.T.);
#7122=EDGE_CURVE('',#5135,#5226,#1146,.T.);
#7124=EDGE_CURVE('',#5139,#5135,#2158,.T.);
#7126=EDGE_CURVE('',#5143,#5139,#1150,.T.);
#7128=EDGE_CURVE('',#5147,#5143,#2176,.T.);
#7130=EDGE_CURVE('',#5243,#5147,#1154,.T.);
#7132=EDGE_CURVE('',#5241,#5243,#1159,.T.);
#7134=EDGE_CURVE('',#5151,#5241,#1163,.T.);
#7136=EDGE_CURVE('',#5155,#5151,#2202,.T.);
#7138=EDGE_CURVE('',#5159,#5155,#1167,.T.);
#7140=EDGE_CURVE('',#5163,#5159,#2220,.T.);
#7142=EDGE_CURVE('',#5251,#5163,#1171,.T.);
#7144=EDGE_CURVE('',#5249,#5251,#1176,.T.);
#7146=EDGE_CURVE('',#4767,#5249,#1180,.T.);
#7148=EDGE_CURVE('',#4767,#4847,#1958,.T.);
#7150=EDGE_CURVE('',#4847,#4845,#1184,.T.);
#7152=EDGE_CURVE('',#4844,#4845,#1188,.T.);
#7157=ADVANCED_FACE('',(#7156),#7041,.T.);
#7165=EDGE_CURVE('',#4851,#4853,#1285,.T.);
#7167=EDGE_CURVE('',#4851,#4839,#1196,.T.);
#7171=ADVANCED_FACE('',(#7170),#7162,.F.);
#7177=EDGE_CURVE('',#5190,#5191,#1201,.T.);
#7179=EDGE_CURVE('',#5190,#5186,#1205,.T.);
#7181=EDGE_CURVE('',#5182,#5186,#1650,.T.);
#7183=EDGE_CURVE('',#5182,#5281,#1209,.T.);
#7185=EDGE_CURVE('',#5280,#5281,#1214,.T.);
#7187=EDGE_CURVE('',#5283,#5280,#1218,.T.);
#7189=EDGE_CURVE('',#5011,#5283,#1222,.T.);
#7191=EDGE_CURVE('',#5010,#5011,#1226,.T.);
#7193=EDGE_CURVE('',#5010,#5263,#1230,.T.);
#7195=EDGE_CURVE('',#5263,#5255,#1234,.T.);
#7197=EDGE_CURVE('',#5254,#5255,#1239,.T.);
#7199=EDGE_CURVE('',#5254,#5170,#1243,.T.);
#7201=EDGE_CURVE('',#5166,#5170,#1540,.T.);
#7203=EDGE_CURVE('',#5166,#5178,#1247,.T.);
#7205=EDGE_CURVE('',#5174,#5178,#1522,.T.);
#7207=EDGE_CURVE('',#5174,#5267,#1251,.T.);
#7209=EDGE_CURVE('',#5266,#5267,#1256,.T.);
#7211=EDGE_CURVE('',#5266,#5122,#1260,.T.);
#7213=EDGE_CURVE('',#5118,#5122,#1496,.T.);
#7215=EDGE_CURVE('',#5118,#5114,#1264,.T.);
#7217=EDGE_CURVE('',#5110,#5114,#1478,.T.);
#7219=EDGE_CURVE('',#5110,#5199,#1268,.T.);
#7221=EDGE_CURVE('',#5198,#5199,#1273,.T.);
#7223=EDGE_CURVE('',#4754,#5198,#1277,.T.);
#7225=EDGE_CURVE('',#4754,#4850,#1424,.T.);
#7227=EDGE_CURVE('',#4850,#4851,#1281,.T.);
#7231=EDGE_CURVE('',#4855,#4857,#1293,.T.);
#7233=EDGE_CURVE('',#4859,#4857,#1297,.T.);
#7235=EDGE_CURVE('',#4743,#4859,#1301,.T.);
#7237=EDGE_CURVE('',#4743,#5247,#1305,.T.);
#7239=EDGE_CURVE('',#5246,#5247,#1310,.T.);
#7241=EDGE_CURVE('',#5246,#5162,#1314,.T.);
#7243=EDGE_CURVE('',#5158,#5162,#2215,.T.);
#7245=EDGE_CURVE('',#5158,#5154,#1318,.T.);
#7247=EDGE_CURVE('',#5150,#5154,#2197,.T.);
#7249=EDGE_CURVE('',#5150,#5239,#1322,.T.);
#7251=EDGE_CURVE('',#5238,#5239,#1327,.T.);
#7253=EDGE_CURVE('',#5238,#5146,#1331,.T.);
#7255=EDGE_CURVE('',#5142,#5146,#2171,.T.);
#7257=EDGE_CURVE('',#5142,#5138,#1335,.T.);
#7259=EDGE_CURVE('',#5134,#5138,#2153,.T.);
#7261=EDGE_CURVE('',#5134,#5233,#1339,.T.);
#7263=EDGE_CURVE('',#5232,#5233,#1344,.T.);
#7265=EDGE_CURVE('',#5235,#5232,#1348,.T.);
#7267=EDGE_CURVE('',#5033,#5235,#1352,.T.);
#7269=EDGE_CURVE('',#5033,#5035,#1356,.T.);
#7271=EDGE_CURVE('',#5035,#5215,#1360,.T.);
#7273=EDGE_CURVE('',#5215,#5207,#1364,.T.);
#7275=EDGE_CURVE('',#5206,#5207,#1369,.T.);
#7277=EDGE_CURVE('',#5206,#5130,#1373,.T.);
#7279=EDGE_CURVE('',#5126,#5130,#2043,.T.);
#7281=EDGE_CURVE('',#5126,#5219,#1377,.T.);
#7283=EDGE_CURVE('',#5218,#5219,#1382,.T.);
#7285=EDGE_CURVE('',#4747,#5218,#1386,.T.);
#7287=EDGE_CURVE('',#4705,#4747,#1390,.T.);
#7290=EDGE_CURVE('',#4707,#4750,#1411,.T.);
#7292=EDGE_CURVE('',#4750,#5191,#1394,.T.);
#7296=ADVANCED_FACE('',(#7295),#7176,.T.);
#7303=EDGE_CURVE('',#5193,#5191,#1398,.T.);
#7306=EDGE_CURVE('',#5195,#5190,#1659,.T.);
#7310=ADVANCED_FACE('',(#7309),#7301,.T.);
#7318=EDGE_CURVE('',#4750,#4751,#1407,.T.);
#7320=EDGE_CURVE('',#4751,#5083,#1449,.T.);
#7322=EDGE_CURVE('',#5082,#5083,#1402,.T.);
#7324=EDGE_CURVE('',#4759,#5082,#2634,.T.);
#7326=EDGE_CURVE('',#4758,#4759,#1687,.T.);
#7331=ADVANCED_FACE('',(#7330),#7315,.F.);
#7340=EDGE_CURVE('',#4709,#4751,#1453,.T.);
#7344=ADVANCED_FACE('',(#7343),#7336,.T.);
#7350=EDGE_CURVE('',#4755,#5424,#1415,.T.);
#7352=EDGE_CURVE('',#5428,#5424,#1717,.T.);
#7354=EDGE_CURVE('',#4850,#5428,#1420,.T.);
#7357=EDGE_CURVE('',#4754,#4755,#1429,.T.);
#7361=ADVANCED_FACE('',(#7360),#7349,.T.);
#7367=EDGE_CURVE('',#4755,#5098,#1433,.T.);
#7369=EDGE_CURVE('',#5094,#5098,#2723,.T.);
#7371=EDGE_CURVE('',#5103,#5094,#1437,.T.);
#7373=EDGE_CURVE('',#5107,#5103,#2718,.T.);
#7375=EDGE_CURVE('',#4787,#5107,#2442,.T.);
#7377=EDGE_CURVE('',#4787,#4819,#1441,.T.);
#7379=EDGE_CURVE('',#4819,#5090,#2514,.T.);
#7381=EDGE_CURVE('',#5086,#5090,#2621,.T.);
#7383=EDGE_CURVE('',#5079,#5086,#1445,.T.);
#7385=EDGE_CURVE('',#5083,#5079,#2664,.T.);
#7390=EDGE_CURVE('',#4711,#5432,#3352,.T.);
#7392=EDGE_CURVE('',#4901,#5432,#3443,.T.);
#7394=EDGE_CURVE('',#4901,#5424,#1457,.T.);
#7399=ADVANCED_FACE('',(#7398),#7366,.T.);
#7405=EDGE_CURVE('',#5203,#5198,#1461,.T.);
#7408=EDGE_CURVE('',#4762,#4763,#1677,.T.);
#7410=EDGE_CURVE('',#4763,#5099,#2646,.T.);
#7412=EDGE_CURVE('',#5098,#5099,#1465,.T.);
#7419=ADVANCED_FACE('',(#7418),#7404,.F.);
#7426=EDGE_CURVE('',#5201,#5199,#1469,.T.);
#7432=ADVANCED_FACE('',(#7431),#7424,.T.);
#7440=EDGE_CURVE('',#5110,#5111,#1473,.T.);
#7445=ADVANCED_FACE('',(#7444),#7437,.F.);
#7453=EDGE_CURVE('',#5114,#5115,#1487,.T.);
#7458=ADVANCED_FACE('',(#7457),#7450,.F.);
#7466=EDGE_CURVE('',#5118,#5119,#1491,.T.);
#7471=ADVANCED_FACE('',(#7470),#7463,.F.);
#7479=EDGE_CURVE('',#5122,#5123,#1509,.T.);
#7484=ADVANCED_FACE('',(#7483),#7476,.F.);
#7490=EDGE_CURVE('',#5271,#5266,#1505,.T.);
#7497=ADVANCED_FACE('',(#7496),#7489,.F.);
#7504=EDGE_CURVE('',#5269,#5267,#1513,.T.);
#7510=ADVANCED_FACE('',(#7509),#7502,.T.);
#7518=EDGE_CURVE('',#5174,#5175,#1517,.T.);
#7523=ADVANCED_FACE('',(#7522),#7515,.F.);
#7531=EDGE_CURVE('',#5178,#5179,#1535,.T.);
#7536=ADVANCED_FACE('',(#7535),#7528,.F.);
#7542=EDGE_CURVE('',#5166,#5167,#1531,.T.);
#7549=ADVANCED_FACE('',(#7548),#7541,.F.);
#7557=EDGE_CURVE('',#5170,#5171,#1553,.T.);
#7562=ADVANCED_FACE('',(#7561),#7554,.F.);
#7568=EDGE_CURVE('',#5261,#5254,#1549,.T.);
#7575=ADVANCED_FACE('',(#7574),#7567,.F.);
#7581=EDGE_CURVE('',#5281,#5274,#1557,.T.);
#7584=EDGE_CURVE('',#5182,#5183,#1561,.T.);
#7589=ADVANCED_FACE('',(#7588),#7580,.F.);
#7596=EDGE_CURVE('',#5255,#5259,#1566,.T.);
#7598=EDGE_CURVE('',#5258,#5259,#1636,.T.);
#7604=ADVANCED_FACE('',(#7603),#7594,.T.);
#7610=EDGE_CURVE('',#5007,#5283,#1583,.T.);
#7613=EDGE_CURVE('',#5277,#5280,#1571,.T.);
#7615=EDGE_CURVE('',#5014,#5277,#1632,.T.);
#7617=EDGE_CURVE('',#5014,#5015,#1575,.T.);
#7619=EDGE_CURVE('',#5015,#5259,#1640,.T.);
#7623=EDGE_CURVE('',#5001,#5263,#1615,.T.);
#7625=EDGE_CURVE('',#5001,#5007,#1579,.T.);
#7629=ADVANCED_FACE('',(#7628),#7609,.T.);
#7637=EDGE_CURVE('',#5005,#5007,#1587,.T.);
#7639=EDGE_CURVE('',#5004,#5005,#1591,.T.);
#7641=EDGE_CURVE('',#5011,#5004,#1595,.T.);
#7645=ADVANCED_FACE('',(#7644),#7634,.T.);
#7651=EDGE_CURVE('',#4999,#5001,#1611,.T.);
#7653=EDGE_CURVE('',#4999,#5005,#1599,.T.);
#7659=ADVANCED_FACE('',(#7658),#7650,.T.);
#7666=EDGE_CURVE('',#5010,#4998,#1603,.T.);
#7668=EDGE_CURVE('',#4998,#4999,#1607,.T.);
#7674=ADVANCED_FACE('',(#7673),#7664,.F.);
#7682=EDGE_CURVE('',#4998,#5004,#1619,.T.);
#7687=ADVANCED_FACE('',(#7686),#7679,.T.);
#7699=ADVANCED_FACE('',(#7698),#7692,.T.);
#7706=EDGE_CURVE('',#5277,#5275,#1623,.T.);
#7713=ADVANCED_FACE('',(#7712),#7704,.T.);
#7721=EDGE_CURVE('',#5019,#5014,#1628,.T.);
#7726=ADVANCED_FACE('',(#7725),#7718,.F.);
#7733=EDGE_CURVE('',#5018,#5015,#1645,.T.);
#7739=ADVANCED_FACE('',(#7738),#7731,.T.);
#7751=ADVANCED_FACE('',(#7750),#7744,.T.);
#7759=EDGE_CURVE('',#5186,#5187,#1663,.T.);
#7764=ADVANCED_FACE('',(#7763),#7756,.F.);
#7776=ADVANCED_FACE('',(#7775),#7769,.F.);
#7782=EDGE_CURVE('',#4838,#5427,#1668,.T.);
#7784=EDGE_CURVE('',#5423,#5427,#1707,.T.);
#7786=EDGE_CURVE('',#5423,#4763,#1672,.T.);
#7792=ADVANCED_FACE('',(#7791),#7781,.F.);
#7798=EDGE_CURVE('',#5500,#5504,#1682,.T.);
#7802=EDGE_CURVE('',#5500,#4759,#1691,.T.);
#7806=ADVANCED_FACE('',(#7805),#7797,.F.);
#7812=EDGE_CURVE('',#5427,#5428,#1695,.T.);
#7821=ADVANCED_FACE('',(#7820),#7811,.F.);
#7827=EDGE_CURVE('',#5423,#5424,#1760,.T.);
#7834=ADVANCED_FACE('',(#7833),#7826,.F.);
#7840=EDGE_CURVE('',#5342,#5347,#1721,.T.);
#7842=EDGE_CURVE('',#4882,#5347,#1725,.T.);
#7844=EDGE_CURVE('',#4899,#4882,#1730,.T.);
#7846=EDGE_CURVE('',#4899,#5415,#2256,.T.);
#7848=EDGE_CURVE('',#5415,#5416,#1734,.T.);
#7850=EDGE_CURVE('',#4897,#5416,#1873,.T.);
#7852=EDGE_CURVE('',#4886,#4897,#1739,.T.);
#7854=EDGE_CURVE('',#5342,#4886,#1743,.T.);
#7858=ADVANCED_FACE('',(#7857),#7839,.T.);
#7864=EDGE_CURVE('',#5334,#5339,#1747,.T.);
#7866=EDGE_CURVE('',#4894,#5339,#1751,.T.);
#7868=EDGE_CURVE('',#4903,#4894,#1756,.T.);
#7870=EDGE_CURVE('',#4903,#5423,#2650,.T.);
#7874=EDGE_CURVE('',#4890,#4901,#1765,.T.);
#7876=EDGE_CURVE('',#5334,#4890,#1769,.T.);
#7880=ADVANCED_FACE('',(#7879),#7863,.T.);
#7886=EDGE_CURVE('',#5342,#5343,#1774,.T.);
#7888=EDGE_CURVE('',#5343,#5346,#3575,.T.);
#7890=EDGE_CURVE('',#5346,#5347,#1779,.T.);
#7895=ADVANCED_FACE('',(#7894),#7885,.F.);
#7901=EDGE_CURVE('',#5438,#5440,#1784,.T.);
#7903=EDGE_CURVE('',#5438,#4939,#1788,.T.);
#7905=EDGE_CURVE('',#4939,#4951,#1792,.T.);
#7907=EDGE_CURVE('',#4951,#5343,#3579,.T.);
#7911=EDGE_CURVE('',#4886,#4887,#1865,.T.);
#7913=EDGE_CURVE('',#5440,#4887,#1813,.T.);
#7917=ADVANCED_FACE('',(#7916),#7900,.T.);
#7923=EDGE_CURVE('',#5435,#5436,#1797,.T.);
#7925=EDGE_CURVE('',#5438,#5436,#3613,.T.);
#7928=EDGE_CURVE('',#5440,#5435,#1809,.T.);
#7932=ADVANCED_FACE('',(#7931),#7922,.T.);
#7939=EDGE_CURVE('',#4883,#5435,#1831,.T.);
#7941=EDGE_CURVE('',#4882,#4883,#1801,.T.);
#7945=EDGE_CURVE('',#5346,#4942,#3605,.T.);
#7947=EDGE_CURVE('',#4930,#4942,#3639,.T.);
#7949=EDGE_CURVE('',#4930,#5436,#1805,.T.);
#7953=ADVANCED_FACE('',(#7952),#7937,.T.);
#7961=EDGE_CURVE('',#4887,#5403,#1818,.T.);
#7963=EDGE_CURVE('',#5402,#5403,#1822,.T.);
#7965=EDGE_CURVE('',#5402,#4883,#1827,.T.);
#7970=ADVANCED_FACE('',(#7969),#7958,.F.);
#7976=EDGE_CURVE('',#5448,#5443,#1835,.T.);
#7978=EDGE_CURVE('',#5448,#4891,#1839,.T.);
#7980=EDGE_CURVE('',#4891,#5412,#1844,.T.);
#7982=EDGE_CURVE('',#5411,#5412,#1848,.T.);
#7984=EDGE_CURVE('',#5411,#4895,#1853,.T.);
#7986=EDGE_CURVE('',#4895,#5443,#1857,.T.);
#7990=ADVANCED_FACE('',(#7989),#7975,.F.);
#7996=EDGE_CURVE('',#4897,#5396,#1861,.T.);
#7998=EDGE_CURVE('',#5403,#5396,#3399,.T.);
#8005=ADVANCED_FACE('',(#8004),#7995,.F.);
#8011=EDGE_CURVE('',#5467,#5468,#1869,.T.);
#8013=EDGE_CURVE('',#5468,#5396,#3414,.T.);
#8017=EDGE_CURVE('',#4766,#5416,#1949,.T.);
#8019=EDGE_CURVE('',#4766,#5050,#1877,.T.);
#8021=EDGE_CURVE('',#5046,#5050,#2307,.T.);
#8023=EDGE_CURVE('',#5055,#5046,#1881,.T.);
#8025=EDGE_CURVE('',#5059,#5055,#2322,.T.);
#8027=EDGE_CURVE('',#4803,#5059,#2382,.T.);
#8029=EDGE_CURVE('',#4803,#4835,#1885,.T.);
#8031=EDGE_CURVE('',#4835,#5074,#2454,.T.);
#8033=EDGE_CURVE('',#5070,#5074,#2571,.T.);
#8035=EDGE_CURVE('',#5063,#5070,#1889,.T.);
#8037=EDGE_CURVE('',#5067,#5063,#2270,.T.);
#8039=EDGE_CURVE('',#4770,#5067,#1893,.T.);
#8041=EDGE_CURVE('',#5467,#4770,#1897,.T.);
#8045=ADVANCED_FACE('',(#8044),#8010,.T.);
#8052=EDGE_CURVE('',#5464,#5468,#1905,.T.);
#8055=EDGE_CURVE('',#5463,#5467,#1901,.T.);
#8059=ADVANCED_FACE('',(#8058),#8050,.T.);
#8066=EDGE_CURVE('',#5470,#5472,#1909,.T.);
#8068=EDGE_CURVE('',#5468,#5472,#3404,.T.);
#8073=ADVANCED_FACE('',(#8072),#8064,.F.);
#8080=EDGE_CURVE('',#5474,#5476,#1913,.T.);
#8082=EDGE_CURVE('',#5472,#5476,#3418,.T.);
#8087=ADVANCED_FACE('',(#8086),#8078,.T.);
#8094=EDGE_CURVE('',#5478,#5480,#1917,.T.);
#8096=EDGE_CURVE('',#5476,#5480,#3427,.T.);
#8101=ADVANCED_FACE('',(#8100),#8092,.F.);
#8108=EDGE_CURVE('',#5482,#5484,#1921,.T.);
#8114=ADVANCED_FACE('',(#8113),#8106,.T.);
#8121=EDGE_CURVE('',#5486,#5488,#1925,.T.);
#8123=EDGE_CURVE('',#5484,#5488,#3321,.T.);
#8128=ADVANCED_FACE('',(#8127),#8119,.F.);
#8135=EDGE_CURVE('',#5490,#5492,#1929,.T.);
#8137=EDGE_CURVE('',#5488,#5492,#3329,.T.);
#8142=ADVANCED_FACE('',(#8141),#8133,.T.);
#8149=EDGE_CURVE('',#5494,#5496,#1933,.T.);
#8151=EDGE_CURVE('',#5492,#5496,#3338,.T.);
#8156=ADVANCED_FACE('',(#8155),#8147,.F.);
#8163=EDGE_CURVE('',#5498,#5500,#1937,.T.);
#8165=EDGE_CURVE('',#5496,#5500,#2630,.T.);
#8170=ADVANCED_FACE('',(#8169),#8161,.T.);
#8177=EDGE_CURVE('',#5502,#5504,#1941,.T.);
#8183=ADVANCED_FACE('',(#8182),#8175,.F.);
#8190=EDGE_CURVE('',#5506,#5508,#1945,.T.);
#8196=ADVANCED_FACE('',(#8195),#8188,.T.);
#8204=EDGE_CURVE('',#5508,#5467,#1968,.T.);
#8209=ADVANCED_FACE('',(#8208),#8201,.F.);
#8216=EDGE_CURVE('',#5420,#5416,#1999,.T.);
#8218=EDGE_CURVE('',#5420,#4847,#1954,.T.);
#8221=EDGE_CURVE('',#4766,#4767,#1963,.T.);
#8225=ADVANCED_FACE('',(#8224),#8214,.F.);
#8233=EDGE_CURVE('',#4770,#4771,#1973,.T.);
#8238=ADVANCED_FACE('',(#8237),#8230,.F.);
#8245=EDGE_CURVE('',#5415,#5419,#1987,.T.);
#8247=EDGE_CURVE('',#5419,#5420,#3563,.T.);
#8252=ADVANCED_FACE('',(#8251),#8243,.F.);
#8258=EDGE_CURVE('',#4746,#4747,#2004,.T.);
#8260=EDGE_CURVE('',#4703,#4746,#2008,.T.);
#8266=ADVANCED_FACE('',(#8265),#8257,.T.);
#8272=EDGE_CURVE('',#5419,#4859,#2013,.T.);
#8275=EDGE_CURVE('',#5415,#4742,#2017,.T.);
#8277=EDGE_CURVE('',#4742,#4743,#2022,.T.);
#8282=ADVANCED_FACE('',(#8281),#8271,.T.);
#8288=EDGE_CURVE('',#5223,#5218,#2026,.T.);
#8293=EDGE_CURVE('',#5066,#5067,#2030,.T.);
#8295=EDGE_CURVE('',#4746,#5066,#2240,.T.);
#8301=ADVANCED_FACE('',(#8300),#8287,.F.);
#8308=EDGE_CURVE('',#5221,#5219,#2034,.T.);
#8314=ADVANCED_FACE('',(#8313),#8306,.T.);
#8322=EDGE_CURVE('',#5126,#5127,#2038,.T.);
#8327=ADVANCED_FACE('',(#8326),#8319,.F.);
#8335=EDGE_CURVE('',#5130,#5131,#2056,.T.);
#8340=ADVANCED_FACE('',(#8339),#8332,.F.);
#8346=EDGE_CURVE('',#5213,#5206,#2052,.T.);
#8353=ADVANCED_FACE('',(#8352),#8345,.F.);
#8359=EDGE_CURVE('',#5233,#5226,#2060,.T.);
#8362=EDGE_CURVE('',#5134,#5135,#2064,.T.);
#8367=ADVANCED_FACE('',(#8366),#8358,.F.);
#8374=EDGE_CURVE('',#5207,#5211,#2069,.T.);
#8376=EDGE_CURVE('',#5210,#5211,#2086,.T.);
#8382=ADVANCED_FACE('',(#8381),#8372,.T.);
#8388=EDGE_CURVE('',#5038,#5211,#2090,.T.);
#8392=EDGE_CURVE('',#5031,#5215,#2112,.T.);
#8394=EDGE_CURVE('',#5025,#5031,#2073,.T.);
#8396=EDGE_CURVE('',#5025,#5235,#2128,.T.);
#8399=EDGE_CURVE('',#5229,#5232,#2078,.T.);
#8401=EDGE_CURVE('',#5039,#5229,#2108,.T.);
#8403=EDGE_CURVE('',#5038,#5039,#2082,.T.);
#8407=ADVANCED_FACE('',(#8406),#8387,.F.);
#8415=EDGE_CURVE('',#5041,#5038,#2095,.T.);
#8420=ADVANCED_FACE('',(#8419),#8412,.T.);
#8428=EDGE_CURVE('',#5043,#5039,#2104,.T.);
#8433=ADVANCED_FACE('',(#8432),#8425,.T.);
#8439=EDGE_CURVE('',#5229,#5227,#2099,.T.);
#8446=ADVANCED_FACE('',(#8445),#8438,.F.);
#8459=ADVANCED_FACE('',(#8458),#8451,.T.);
#8467=EDGE_CURVE('',#5035,#5028,#2116,.T.);
#8469=EDGE_CURVE('',#5028,#5029,#2120,.T.);
#8471=EDGE_CURVE('',#5029,#5031,#2124,.T.);
#8475=ADVANCED_FACE('',(#8474),#8464,.F.);
#8481=EDGE_CURVE('',#5033,#5022,#2140,.T.);
#8483=EDGE_CURVE('',#5022,#5028,#2148,.T.);
#8489=ADVANCED_FACE('',(#8488),#8480,.F.);
#8496=EDGE_CURVE('',#5023,#5025,#2132,.T.);
#8498=EDGE_CURVE('',#5022,#5023,#2136,.T.);
#8504=ADVANCED_FACE('',(#8503),#8494,.T.);
#8513=EDGE_CURVE('',#5023,#5029,#2144,.T.);
#8517=ADVANCED_FACE('',(#8516),#8509,.F.);
#8529=ADVANCED_FACE('',(#8528),#8522,.F.);
#8537=EDGE_CURVE('',#5138,#5139,#2162,.T.);
#8542=ADVANCED_FACE('',(#8541),#8534,.F.);
#8550=EDGE_CURVE('',#5142,#5143,#2166,.T.);
#8555=ADVANCED_FACE('',(#8554),#8547,.F.);
#8563=EDGE_CURVE('',#5146,#5147,#2184,.T.);
#8568=ADVANCED_FACE('',(#8567),#8560,.F.);
#8574=EDGE_CURVE('',#5243,#5238,#2180,.T.);
#8581=ADVANCED_FACE('',(#8580),#8573,.F.);
#8588=EDGE_CURVE('',#5241,#5239,#2188,.T.);
#8594=ADVANCED_FACE('',(#8593),#8586,.T.);
#8602=EDGE_CURVE('',#5150,#5151,#2192,.T.);
#8607=ADVANCED_FACE('',(#8606),#8599,.F.);
#8615=EDGE_CURVE('',#5154,#5155,#2206,.T.);
#8620=ADVANCED_FACE('',(#8619),#8612,.F.);
#8628=EDGE_CURVE('',#5158,#5159,#2210,.T.);
#8633=ADVANCED_FACE('',(#8632),#8625,.F.);
#8641=EDGE_CURVE('',#5162,#5163,#2228,.T.);
#8646=ADVANCED_FACE('',(#8645),#8638,.F.);
#8652=EDGE_CURVE('',#5251,#5246,#2224,.T.);
#8659=ADVANCED_FACE('',(#8658),#8651,.F.);
#8666=EDGE_CURVE('',#5249,#5247,#2232,.T.);
#8672=ADVANCED_FACE('',(#8671),#8664,.T.);
#8681=EDGE_CURVE('',#4742,#5051,#2252,.T.);
#8683=EDGE_CURVE('',#5050,#5051,#2236,.T.);
#8690=ADVANCED_FACE('',(#8689),#8677,.F.);
#8697=EDGE_CURVE('',#5062,#5066,#2265,.T.);
#8699=EDGE_CURVE('',#5062,#5071,#2244,.T.);
#8701=EDGE_CURVE('',#5075,#5071,#2576,.T.);
#8703=EDGE_CURVE('',#5075,#4822,#2506,.T.);
#8705=EDGE_CURVE('',#4790,#4822,#2446,.T.);
#8707=EDGE_CURVE('',#5058,#4790,#2330,.T.);
#8709=EDGE_CURVE('',#5054,#5058,#2317,.T.);
#8711=EDGE_CURVE('',#5054,#5047,#2248,.T.);
#8713=EDGE_CURVE('',#5051,#5047,#2312,.T.);
#8718=EDGE_CURVE('',#5430,#4899,#3435,.T.);
#8720=EDGE_CURVE('',#4701,#5430,#2260,.T.);
#8726=ADVANCED_FACE('',(#8725),#8695,.T.);
#8732=EDGE_CURVE('',#5062,#5063,#2282,.T.);
#8739=ADVANCED_FACE('',(#8738),#8731,.F.);
#8745=EDGE_CURVE('',#5046,#5047,#2274,.T.);
#8748=EDGE_CURVE('',#5054,#5055,#2278,.T.);
#8753=ADVANCED_FACE('',(#8752),#8744,.T.);
#8761=EDGE_CURVE('',#5070,#5071,#2286,.T.);
#8766=ADVANCED_FACE('',(#8765),#8758,.T.);
#8772=EDGE_CURVE('',#5078,#5079,#2290,.T.);
#8775=EDGE_CURVE('',#5086,#5087,#2294,.T.);
#8777=EDGE_CURVE('',#5078,#5087,#2638,.T.);
#8781=ADVANCED_FACE('',(#8780),#8771,.T.);
#8787=EDGE_CURVE('',#5094,#5095,#2298,.T.);
#8789=EDGE_CURVE('',#5102,#5095,#2642,.T.);
#8791=EDGE_CURVE('',#5102,#5103,#2302,.T.);
#8796=ADVANCED_FACE('',(#8795),#8786,.T.);
#8808=ADVANCED_FACE('',(#8807),#8801,.F.);
#8816=EDGE_CURVE('',#5058,#5059,#2326,.T.);
#8821=ADVANCED_FACE('',(#8820),#8813,.F.);
#8829=EDGE_CURVE('',#4790,#4791,#2335,.T.);
#8831=EDGE_CURVE('',#4791,#4793,#2339,.T.);
#8833=EDGE_CURVE('',#4793,#4795,#2344,.T.);
#8835=EDGE_CURVE('',#4795,#5295,#2348,.T.);
#8837=EDGE_CURVE('',#5294,#5295,#2352,.T.);
#8839=EDGE_CURVE('',#5294,#5299,#2356,.T.);
#8841=EDGE_CURVE('',#5298,#5299,#2360,.T.);
#8843=EDGE_CURVE('',#5298,#4798,#2364,.T.);
#8845=EDGE_CURVE('',#4798,#4799,#2369,.T.);
#8847=EDGE_CURVE('',#4799,#4801,#2373,.T.);
#8849=EDGE_CURVE('',#4801,#4803,#2378,.T.);
#8854=ADVANCED_FACE('',(#8853),#8826,.F.);
#8860=EDGE_CURVE('',#5106,#5107,#2386,.T.);
#8862=EDGE_CURVE('',#5106,#4774,#2390,.T.);
#8864=EDGE_CURVE('',#4774,#4775,#2395,.T.);
#8866=EDGE_CURVE('',#4775,#4777,#2399,.T.);
#8868=EDGE_CURVE('',#4777,#4779,#2404,.T.);
#8870=EDGE_CURVE('',#4779,#5291,#2408,.T.);
#8872=EDGE_CURVE('',#5290,#5291,#2412,.T.);
#8874=EDGE_CURVE('',#5290,#5287,#2416,.T.);
#8876=EDGE_CURVE('',#5286,#5287,#2420,.T.);
#8878=EDGE_CURVE('',#5286,#4782,#2424,.T.);
#8880=EDGE_CURVE('',#4782,#4783,#2429,.T.);
#8882=EDGE_CURVE('',#4783,#4785,#2433,.T.);
#8884=EDGE_CURVE('',#4785,#4787,#2438,.T.);
#8889=ADVANCED_FACE('',(#8888),#8859,.F.);
#8897=EDGE_CURVE('',#4822,#4823,#2502,.T.);
#8899=EDGE_CURVE('',#4791,#4823,#2616,.T.);
#8903=ADVANCED_FACE('',(#8902),#8894,.F.);
#8909=EDGE_CURVE('',#5074,#5075,#2450,.T.);
#8912=EDGE_CURVE('',#4833,#4835,#2459,.T.);
#8914=EDGE_CURVE('',#4831,#4833,#2463,.T.);
#8916=EDGE_CURVE('',#4830,#4831,#2468,.T.);
#8918=EDGE_CURVE('',#5314,#4830,#2472,.T.);
#8920=EDGE_CURVE('',#5314,#5315,#2476,.T.);
#8922=EDGE_CURVE('',#5310,#5315,#2480,.T.);
#8924=EDGE_CURVE('',#5310,#5311,#2484,.T.);
#8926=EDGE_CURVE('',#4827,#5311,#2488,.T.);
#8928=EDGE_CURVE('',#4825,#4827,#2493,.T.);
#8930=EDGE_CURVE('',#4823,#4825,#2497,.T.);
#8936=ADVANCED_FACE('',(#8935),#8908,.T.);
#8942=EDGE_CURVE('',#5090,#5091,#2510,.T.);
#8945=EDGE_CURVE('',#4817,#4819,#2519,.T.);
#8947=EDGE_CURVE('',#4815,#4817,#2523,.T.);
#8949=EDGE_CURVE('',#4814,#4815,#2528,.T.);
#8951=EDGE_CURVE('',#5302,#4814,#2532,.T.);
#8953=EDGE_CURVE('',#5302,#5303,#2536,.T.);
#8955=EDGE_CURVE('',#5306,#5303,#2540,.T.);
#8957=EDGE_CURVE('',#5306,#5307,#2544,.T.);
#8959=EDGE_CURVE('',#4811,#5307,#2548,.T.);
#8961=EDGE_CURVE('',#4809,#4811,#2553,.T.);
#8963=EDGE_CURVE('',#4807,#4809,#2557,.T.);
#8965=EDGE_CURVE('',#4806,#4807,#2562,.T.);
#8967=EDGE_CURVE('',#5091,#4806,#2566,.T.);
#8971=ADVANCED_FACE('',(#8970),#8941,.T.);
#8983=ADVANCED_FACE('',(#8982),#8976,.F.);
#8990=EDGE_CURVE('',#4801,#4833,#2580,.T.);
#8996=ADVANCED_FACE('',(#8995),#8988,.T.);
#9003=EDGE_CURVE('',#4799,#4831,#2584,.T.);
#9009=ADVANCED_FACE('',(#9008),#9001,.T.);
#9016=EDGE_CURVE('',#4798,#4830,#2588,.T.);
#9022=ADVANCED_FACE('',(#9021),#9014,.F.);
#9028=EDGE_CURVE('',#5298,#5314,#2592,.T.);
#9035=ADVANCED_FACE('',(#9034),#9027,.T.);
#9042=EDGE_CURVE('',#5299,#5315,#2600,.T.);
#9048=ADVANCED_FACE('',(#9047),#9040,.F.);
#9054=EDGE_CURVE('',#5294,#5310,#2596,.T.);
#9061=ADVANCED_FACE('',(#9060),#9053,.T.);
#9068=EDGE_CURVE('',#5295,#5311,#2604,.T.);
#9074=ADVANCED_FACE('',(#9073),#9066,.F.);
#9082=EDGE_CURVE('',#4795,#4827,#2608,.T.);
#9087=ADVANCED_FACE('',(#9086),#9079,.T.);
#9094=EDGE_CURVE('',#4793,#4825,#2612,.T.);
#9100=ADVANCED_FACE('',(#9099),#9092,.T.);
#9112=ADVANCED_FACE('',(#9111),#9105,.T.);
#9121=EDGE_CURVE('',#5091,#5087,#2626,.T.);
#9125=ADVANCED_FACE('',(#9124),#9117,.F.);
#9134=EDGE_CURVE('',#5078,#5082,#2659,.T.);
#9139=EDGE_CURVE('',#4774,#4806,#2668,.T.);
#9142=EDGE_CURVE('',#5102,#5106,#2713,.T.);
#9145=EDGE_CURVE('',#5099,#5095,#2728,.T.);
#9150=EDGE_CURVE('',#5408,#4903,#2732,.T.);
#9152=EDGE_CURVE('',#5496,#5408,#2654,.T.);
#9156=ADVANCED_FACE('',(#9155),#9130,.T.);
#9168=ADVANCED_FACE('',(#9167),#9161,.F.);
#9177=EDGE_CURVE('',#4775,#4807,#2672,.T.);
#9181=ADVANCED_FACE('',(#9180),#9173,.T.);
#9190=EDGE_CURVE('',#4777,#4809,#2676,.T.);
#9194=ADVANCED_FACE('',(#9193),#9186,.T.);
#9203=EDGE_CURVE('',#4779,#4811,#2684,.T.);
#9207=ADVANCED_FACE('',(#9206),#9199,.F.);
#9213=EDGE_CURVE('',#5291,#5307,#2680,.T.);
#9220=ADVANCED_FACE('',(#9219),#9212,.T.);
#9229=EDGE_CURVE('',#5290,#5306,#2692,.T.);
#9233=ADVANCED_FACE('',(#9232),#9225,.F.);
#9239=EDGE_CURVE('',#5287,#5303,#2688,.T.);
#9246=ADVANCED_FACE('',(#9245),#9238,.T.);
#9255=EDGE_CURVE('',#5286,#5302,#2696,.T.);
#9259=ADVANCED_FACE('',(#9258),#9251,.F.);
#9267=EDGE_CURVE('',#4782,#4814,#2700,.T.);
#9272=ADVANCED_FACE('',(#9271),#9264,.T.);
#9281=EDGE_CURVE('',#4783,#4815,#2704,.T.);
#9285=ADVANCED_FACE('',(#9284),#9277,.T.);
#9294=EDGE_CURVE('',#4785,#4817,#2708,.T.);
#9298=ADVANCED_FACE('',(#9297),#9290,.T.);
#9310=ADVANCED_FACE('',(#9309),#9303,.F.);
#9322=ADVANCED_FACE('',(#9321),#9315,.F.);
#9334=ADVANCED_FACE('',(#9333),#9327,.F.);
#9341=EDGE_CURVE('',#5408,#5411,#2744,.T.);
#9345=EDGE_CURVE('',#4894,#4895,#3461,.T.);
#9349=ADVANCED_FACE('',(#9348),#9339,.F.);
#9355=EDGE_CURVE('',#5406,#5407,#2790,.T.);
#9357=EDGE_CURVE('',#5406,#5408,#3344,.T.);
#9361=EDGE_CURVE('',#5412,#5432,#2753,.T.);
#9363=EDGE_CURVE('',#5432,#5407,#2759,.T.);
#9367=ADVANCED_FACE('',(#9366),#9354,.F.);
#9373=EDGE_CURVE('',#5355,#5350,#2763,.T.);
#9375=EDGE_CURVE('',#4863,#5355,#2767,.T.);
#9377=EDGE_CURVE('',#4862,#4863,#2772,.T.);
#9380=EDGE_CURVE('',#4718,#4719,#2777,.T.);
#9382=EDGE_CURVE('',#4719,#4721,#2781,.T.);
#9384=EDGE_CURVE('',#4721,#5406,#2786,.T.);
#9387=EDGE_CURVE('',#5407,#4736,#2795,.T.);
#9389=EDGE_CURVE('',#4736,#4737,#2799,.T.);
#9391=EDGE_CURVE('',#4737,#4739,#2804,.T.);
#9394=EDGE_CURVE('',#4866,#4867,#2809,.T.);
#9396=EDGE_CURVE('',#5350,#4866,#2813,.T.);
#9400=ADVANCED_FACE('',(#9399),#9372,.F.);
#9406=EDGE_CURVE('',#5367,#5362,#2817,.T.);
#9408=EDGE_CURVE('',#4871,#5367,#2821,.T.);
#9410=EDGE_CURVE('',#4870,#4871,#2826,.T.);
#9413=EDGE_CURVE('',#4730,#4731,#2831,.T.);
#9415=EDGE_CURVE('',#4731,#4733,#2835,.T.);
#9417=EDGE_CURVE('',#4733,#5399,#2840,.T.);
#9419=EDGE_CURVE('',#5399,#5397,#2844,.T.);
#9421=EDGE_CURVE('',#5397,#4724,#2849,.T.);
#9423=EDGE_CURVE('',#4724,#4725,#2853,.T.);
#9425=EDGE_CURVE('',#4725,#4727,#2858,.T.);
#9428=EDGE_CURVE('',#4874,#4875,#2863,.T.);
#9430=EDGE_CURVE('',#5362,#4874,#2867,.T.);
#9434=ADVANCED_FACE('',(#9433),#9405,.F.);
#9440=EDGE_CURVE('',#5350,#5351,#2885,.T.);
#9442=EDGE_CURVE('',#5353,#5351,#3308,.T.);
#9444=EDGE_CURVE('',#5353,#5355,#3286,.T.);
#9449=ADVANCED_FACE('',(#9448),#9439,.T.);
#9455=EDGE_CURVE('',#5519,#4877,#2910,.T.);
#9458=EDGE_CURVE('',#5358,#5564,#2876,.T.);
#9460=EDGE_CURVE('',#5351,#5358,#2880,.T.);
#9464=EDGE_CURVE('',#4866,#4877,#3006,.T.);
#9468=ADVANCED_FACE('',(#9467),#9454,.T.);
#9475=EDGE_CURVE('',#5515,#5327,#2893,.T.);
#9477=EDGE_CURVE('',#5327,#4879,#2898,.T.);
#9479=EDGE_CURVE('',#4879,#5516,#2902,.T.);
#9483=ADVANCED_FACE('',(#9482),#9473,.T.);
#9491=EDGE_CURVE('',#4877,#5325,#2915,.T.);
#9493=EDGE_CURVE('',#5325,#5520,#2919,.T.);
#9497=ADVANCED_FACE('',(#9496),#9488,.T.);
#9505=EDGE_CURVE('',#5532,#5318,#2933,.T.);
#9510=ADVANCED_FACE('',(#9509),#9502,.F.);
#9522=ADVANCED_FACE('',(#9521),#9515,.F.);
#9531=EDGE_CURVE('',#4871,#4879,#2945,.T.);
#9535=ADVANCED_FACE('',(#9534),#9527,.T.);
#9544=EDGE_CURVE('',#5365,#5367,#2950,.T.);
#9546=EDGE_CURVE('',#5365,#5371,#3002,.T.);
#9548=EDGE_CURVE('',#5566,#5371,#2955,.T.);
#9553=ADVANCED_FACE('',(#9552),#9540,.T.);
#9559=EDGE_CURVE('',#5362,#5363,#2977,.T.);
#9561=EDGE_CURVE('',#5365,#5363,#2994,.T.);
#9567=ADVANCED_FACE('',(#9566),#9558,.T.);
#9573=EDGE_CURVE('',#4874,#5528,#2981,.T.);
#9576=EDGE_CURVE('',#5370,#5568,#2968,.T.);
#9578=EDGE_CURVE('',#5363,#5370,#2972,.T.);
#9584=ADVANCED_FACE('',(#9583),#9572,.T.);
#9596=ADVANCED_FACE('',(#9595),#9589,.F.);
#9604=EDGE_CURVE('',#5370,#5371,#2998,.T.);
#9609=ADVANCED_FACE('',(#9608),#9601,.T.);
#9621=ADVANCED_FACE('',(#9620),#9614,.T.);
#9633=ADVANCED_FACE('',(#9632),#9626,.T.);
#9641=EDGE_CURVE('',#5323,#5530,#3028,.T.);
#9646=ADVANCED_FACE('',(#9645),#9638,.F.);
#9652=EDGE_CURVE('',#5322,#5524,#3020,.T.);
#9659=ADVANCED_FACE('',(#9658),#9651,.F.);
#9669=EDGE_CURVE('',#5456,#5393,#3041,.T.);
#9671=EDGE_CURVE('',#5456,#5331,#3045,.T.);
#9673=EDGE_CURVE('',#4955,#5331,#3049,.T.);
#9678=ADVANCED_FACE('',(#9677),#9664,.F.);
#9684=EDGE_CURVE('',#5377,#5379,#3058,.T.);
#9686=EDGE_CURVE('',#4975,#5377,#3062,.T.);
#9688=EDGE_CURVE('',#4973,#4975,#3066,.T.);
#9690=EDGE_CURVE('',#4971,#4973,#3070,.T.);
#9692=EDGE_CURVE('',#4969,#4971,#3075,.T.);
#9694=EDGE_CURVE('',#4967,#4969,#3079,.T.);
#9696=EDGE_CURVE('',#4965,#4967,#3083,.T.);
#9698=EDGE_CURVE('',#4963,#4965,#3087,.T.);
#9700=EDGE_CURVE('',#4961,#4963,#3092,.T.);
#9702=EDGE_CURVE('',#4959,#4961,#3096,.T.);
#9704=EDGE_CURVE('',#4958,#4959,#3100,.T.);
#9706=EDGE_CURVE('',#5387,#4958,#3104,.T.);
#9708=EDGE_CURVE('',#5385,#5387,#3109,.T.);
#9710=EDGE_CURVE('',#5459,#5385,#3113,.T.);
#9712=EDGE_CURVE('',#5456,#5459,#3268,.T.);
#9717=EDGE_CURVE('',#5454,#5450,#3215,.T.);
#9719=EDGE_CURVE('',#5379,#5454,#3121,.T.);
#9723=ADVANCED_FACE('',(#9722),#9683,.T.);
#9729=EDGE_CURVE('',#5374,#5375,#3126,.T.);
#9731=EDGE_CURVE('',#5377,#5375,#3259,.T.);
#9734=EDGE_CURVE('',#5379,#5374,#3193,.T.);
#9738=ADVANCED_FACE('',(#9737),#9728,.T.);
#9745=EDGE_CURVE('',#5374,#5453,#3130,.T.);
#9747=EDGE_CURVE('',#5329,#5453,#3210,.T.);
#9752=EDGE_CURVE('',#5460,#5331,#3273,.T.);
#9754=EDGE_CURVE('',#5460,#5383,#3138,.T.);
#9756=EDGE_CURVE('',#5382,#5383,#3143,.T.);
#9758=EDGE_CURVE('',#5382,#4978,#3147,.T.);
#9760=EDGE_CURVE('',#4978,#4979,#3151,.T.);
#9762=EDGE_CURVE('',#4979,#4981,#3155,.T.);
#9764=EDGE_CURVE('',#4981,#4983,#3160,.T.);
#9766=EDGE_CURVE('',#4983,#4985,#3164,.T.);
#9768=EDGE_CURVE('',#4985,#4987,#3168,.T.);
#9770=EDGE_CURVE('',#4987,#4989,#3172,.T.);
#9772=EDGE_CURVE('',#4989,#4991,#3177,.T.);
#9774=EDGE_CURVE('',#4991,#4993,#3181,.T.);
#9776=EDGE_CURVE('',#4993,#4995,#3185,.T.);
#9778=EDGE_CURVE('',#4995,#5375,#3189,.T.);
#9782=ADVANCED_FACE('',(#9781),#9743,.T.);
#9790=EDGE_CURVE('',#5453,#5454,#3197,.T.);
#9795=ADVANCED_FACE('',(#9794),#9787,.T.);
#9801=EDGE_CURVE('',#5385,#5383,#3201,.T.);
#9804=EDGE_CURVE('',#5459,#5460,#3205,.T.);
#9809=ADVANCED_FACE('',(#9808),#9800,.T.);
#9821=ADVANCED_FACE('',(#9820),#9814,.F.);
#9830=EDGE_CURVE('',#5387,#5382,#3219,.T.);
#9834=ADVANCED_FACE('',(#9833),#9826,.T.);
#9842=EDGE_CURVE('',#4958,#4978,#3223,.T.);
#9847=ADVANCED_FACE('',(#9846),#9839,.T.);
#9854=EDGE_CURVE('',#4959,#4979,#3227,.T.);
#9860=ADVANCED_FACE('',(#9859),#9852,.T.);
#9867=EDGE_CURVE('',#4961,#4981,#3231,.T.);
#9873=ADVANCED_FACE('',(#9872),#9865,.T.);
#9880=EDGE_CURVE('',#4963,#4983,#3235,.T.);
#9886=ADVANCED_FACE('',(#9885),#9878,.F.);
#9893=EDGE_CURVE('',#4965,#4985,#3239,.T.);
#9899=ADVANCED_FACE('',(#9898),#9891,.T.);
#9906=EDGE_CURVE('',#4967,#4987,#3243,.T.);
#9912=ADVANCED_FACE('',(#9911),#9904,.T.);
#9919=EDGE_CURVE('',#4969,#4989,#3247,.T.);
#9925=ADVANCED_FACE('',(#9924),#9917,.T.);
#9932=EDGE_CURVE('',#4971,#4991,#3251,.T.);
#9938=ADVANCED_FACE('',(#9937),#9930,.F.);
#9945=EDGE_CURVE('',#4973,#4993,#3255,.T.);
#9951=ADVANCED_FACE('',(#9950),#9943,.T.);
#9958=EDGE_CURVE('',#4975,#4995,#3263,.T.);
#9964=ADVANCED_FACE('',(#9963),#9956,.T.);
#9976=ADVANCED_FACE('',(#9975),#9969,.T.);
#9988=ADVANCED_FACE('',(#9987),#9981,.F.);
#9995=EDGE_CURVE('',#5562,#5359,#3291,.T.);
#9997=EDGE_CURVE('',#5358,#5359,#3312,.T.);
#10002=ADVANCED_FACE('',(#10001),#9993,.T.);
#10008=EDGE_CURVE('',#4863,#5526,#3281,.T.);
#10012=EDGE_CURVE('',#5353,#5359,#3316,.T.);
#10018=ADVANCED_FACE('',(#10017),#10007,.T.);
#10030=ADVANCED_FACE('',(#10029),#10023,.F.);
#10042=ADVANCED_FACE('',(#10041),#10035,.T.);
#10049=EDGE_CURVE('',#5488,#4719,#3333,.T.);
#10055=ADVANCED_FACE('',(#10054),#10047,.F.);
#10062=EDGE_CURVE('',#5492,#4721,#3348,.T.);
#10068=ADVANCED_FACE('',(#10067),#10060,.T.);
#10081=ADVANCED_FACE('',(#10080),#10073,.F.);
#10090=EDGE_CURVE('',#4713,#4736,#3356,.T.);
#10095=ADVANCED_FACE('',(#10094),#10086,.T.);
#10102=EDGE_CURVE('',#4715,#4737,#3360,.T.);
#10108=ADVANCED_FACE('',(#10107),#10100,.T.);
#10120=ADVANCED_FACE('',(#10119),#10113,.T.);
#10127=EDGE_CURVE('',#4697,#4731,#3368,.T.);
#10133=ADVANCED_FACE('',(#10132),#10125,.T.);
#10140=EDGE_CURVE('',#4699,#4733,#3372,.T.);
#10146=ADVANCED_FACE('',(#10145),#10138,.T.);
#10152=EDGE_CURVE('',#5399,#5430,#3378,.T.);
#10160=ADVANCED_FACE('',(#10159),#10151,.T.);
#10166=EDGE_CURVE('',#5396,#5397,#3410,.T.);
#10170=EDGE_CURVE('',#5430,#5402,#3387,.T.);
#10176=ADVANCED_FACE('',(#10175),#10165,.F.);
#10183=EDGE_CURVE('',#5472,#4724,#3422,.T.);
#10190=ADVANCED_FACE('',(#10189),#10181,.F.);
#10197=EDGE_CURVE('',#5476,#4725,#3431,.T.);
#10203=ADVANCED_FACE('',(#10202),#10195,.T.);
#10215=ADVANCED_FACE('',(#10214),#10208,.F.);
#10228=ADVANCED_FACE('',(#10227),#10220,.T.);
#10236=EDGE_CURVE('',#4890,#4891,#3439,.T.);
#10242=ADVANCED_FACE('',(#10241),#10233,.T.);
#10248=EDGE_CURVE('',#5446,#5448,#3448,.T.);
#10250=EDGE_CURVE('',#5446,#4906,#3452,.T.);
#10252=EDGE_CURVE('',#4906,#4918,#3517,.T.);
#10254=EDGE_CURVE('',#5335,#4918,#3487,.T.);
#10256=EDGE_CURVE('',#5334,#5335,#3474,.T.);
#10263=ADVANCED_FACE('',(#10262),#10247,.T.);
#10269=EDGE_CURVE('',#5443,#5444,#3457,.T.);
#10271=EDGE_CURVE('',#5446,#5444,#3521,.T.);
#10277=ADVANCED_FACE('',(#10276),#10268,.T.);
#10287=EDGE_CURVE('',#5338,#5339,#3479,.T.);
#10289=EDGE_CURVE('',#4927,#5338,#3513,.T.);
#10291=EDGE_CURVE('',#4915,#4927,#3465,.T.);
#10293=EDGE_CURVE('',#4915,#5444,#3469,.T.);
#10297=ADVANCED_FACE('',(#10296),#10282,.T.);
#10304=EDGE_CURVE('',#5335,#5338,#3483,.T.);
#10310=ADVANCED_FACE('',(#10309),#10302,.F.);
#10318=EDGE_CURVE('',#4918,#4919,#3492,.T.);
#10320=EDGE_CURVE('',#4919,#4921,#3496,.T.);
#10322=EDGE_CURVE('',#4921,#4923,#3500,.T.);
#10324=EDGE_CURVE('',#4923,#4925,#3504,.T.);
#10326=EDGE_CURVE('',#4925,#4927,#3509,.T.);
#10331=ADVANCED_FACE('',(#10330),#10315,.F.);
#10337=EDGE_CURVE('',#4906,#4907,#3543,.T.);
#10339=EDGE_CURVE('',#4907,#4919,#3559,.T.);
#10345=ADVANCED_FACE('',(#10344),#10336,.T.);
#10353=EDGE_CURVE('',#4913,#4915,#3526,.T.);
#10355=EDGE_CURVE('',#4911,#4913,#3530,.T.);
#10357=EDGE_CURVE('',#4909,#4911,#3534,.T.);
#10359=EDGE_CURVE('',#4907,#4909,#3538,.T.);
#10365=ADVANCED_FACE('',(#10364),#10350,.T.);
#10374=EDGE_CURVE('',#4913,#4925,#3547,.T.);
#10378=ADVANCED_FACE('',(#10377),#10370,.F.);
#10387=EDGE_CURVE('',#4911,#4923,#3551,.T.);
#10391=ADVANCED_FACE('',(#10390),#10383,.T.);
#10400=EDGE_CURVE('',#4909,#4921,#3555,.T.);
#10404=ADVANCED_FACE('',(#10403),#10396,.T.);
#10416=ADVANCED_FACE('',(#10415),#10409,.T.);
#10425=EDGE_CURVE('',#4857,#4845,#3567,.T.);
#10431=ADVANCED_FACE('',(#10430),#10421,.F.);
#10443=ADVANCED_FACE('',(#10442),#10436,.F.);
#10451=EDGE_CURVE('',#4949,#4951,#3584,.T.);
#10453=EDGE_CURVE('',#4947,#4949,#3588,.T.);
#10455=EDGE_CURVE('',#4945,#4947,#3592,.T.);
#10457=EDGE_CURVE('',#4943,#4945,#3596,.T.);
#10459=EDGE_CURVE('',#4942,#4943,#3601,.T.);
#10464=ADVANCED_FACE('',(#10463),#10448,.T.);
#10470=EDGE_CURVE('',#4937,#4939,#3635,.T.);
#10472=EDGE_CURVE('',#4937,#4949,#3609,.T.);
#10478=ADVANCED_FACE('',(#10477),#10469,.F.);
#10486=EDGE_CURVE('',#4930,#4931,#3618,.T.);
#10488=EDGE_CURVE('',#4931,#4933,#3622,.T.);
#10490=EDGE_CURVE('',#4933,#4935,#3626,.T.);
#10492=EDGE_CURVE('',#4935,#4937,#3630,.T.);
#10498=ADVANCED_FACE('',(#10497),#10483,.T.);
#10507=EDGE_CURVE('',#4931,#4943,#3643,.T.);
#10511=ADVANCED_FACE('',(#10510),#10503,.T.);
#10520=EDGE_CURVE('',#4933,#4945,#3647,.T.);
#10524=ADVANCED_FACE('',(#10523),#10516,.F.);
#10533=EDGE_CURVE('',#4935,#4947,#3651,.T.);
#10537=ADVANCED_FACE('',(#10536),#10529,.F.);
#10549=ADVANCED_FACE('',(#10548),#10542,.F.);
#10555=EDGE_CURVE('',#5544,#5622,#3655,.T.);
#10562=ADVANCED_FACE('',(#10561),#10554,.T.);
#10570=EDGE_CURVE('',#5542,#5644,#3663,.T.);
#10576=ADVANCED_FACE('',(#10575),#10567,.T.);
#10584=EDGE_CURVE('',#5540,#5646,#3667,.T.);
#10589=ADVANCED_FACE('',(#10588),#10581,.T.);
#10597=EDGE_CURVE('',#5648,#5539,#3671,.T.);
#10602=ADVANCED_FACE('',(#10601),#10594,.T.);
#10614=ADVANCED_FACE('',(#10613),#10607,.T.);
#10626=ADVANCED_FACE('',(#10625),#10619,.T.);
#10632=EDGE_CURVE('',#6016,#6035,#3685,.T.);
#10634=EDGE_CURVE('',#6035,#6039,#3689,.T.);
#10637=EDGE_CURVE('',#6063,#6064,#3859,.T.);
#10639=EDGE_CURVE('',#6063,#6065,#3786,.T.);
#10641=EDGE_CURVE('',#6065,#6016,#3702,.T.);
#10645=ADVANCED_FACE('',(#10644),#10631,.T.);
#10651=EDGE_CURVE('',#6015,#6016,#3698,.T.);
#10653=EDGE_CURVE('',#6015,#6036,#4072,.T.);
#10655=EDGE_CURVE('',#6035,#6036,#4098,.T.);
#10660=ADVANCED_FACE('',(#10659),#10650,.F.);
#10668=EDGE_CURVE('',#6065,#6024,#3706,.T.);
#10670=EDGE_CURVE('',#6067,#6024,#3710,.T.);
#10672=EDGE_CURVE('',#6015,#6067,#3714,.T.);
#10676=ADVANCED_FACE('',(#10675),#10665,.F.);
#10682=EDGE_CURVE('',#6000,#5828,#3718,.T.);
#10684=EDGE_CURVE('',#6000,#5764,#3722,.T.);
#10686=EDGE_CURVE('',#5764,#5770,#3726,.T.);
#10688=EDGE_CURVE('',#5828,#5770,#3945,.T.);
#10692=ADVANCED_FACE('',(#10691),#10681,.T.);
#10698=EDGE_CURVE('',#6004,#5884,#3730,.T.);
#10700=EDGE_CURVE('',#6004,#5998,#3734,.T.);
#10702=EDGE_CURVE('',#5998,#5824,#3738,.T.);
#10704=EDGE_CURVE('',#5884,#5824,#3941,.T.);
#10708=ADVANCED_FACE('',(#10707),#10697,.T.);
#10714=EDGE_CURVE('',#6008,#5940,#3742,.T.);
#10716=EDGE_CURVE('',#6008,#6002,#3746,.T.);
#10718=EDGE_CURVE('',#6002,#5880,#3750,.T.);
#10720=EDGE_CURVE('',#5940,#5880,#3937,.T.);
#10724=ADVANCED_FACE('',(#10723),#10713,.T.);
#10730=EDGE_CURVE('',#6012,#5996,#3754,.T.);
#10732=EDGE_CURVE('',#6012,#6006,#3758,.T.);
#10734=EDGE_CURVE('',#6006,#5936,#3762,.T.);
#10736=EDGE_CURVE('',#5996,#5936,#3933,.T.);
#10740=ADVANCED_FACE('',(#10739),#10729,.T.);
#10746=EDGE_CURVE('',#5772,#6022,#3913,.T.);
#10748=EDGE_CURVE('',#5768,#5772,#3766,.T.);
#10750=EDGE_CURVE('',#5768,#6058,#3770,.T.);
#10752=EDGE_CURVE('',#6057,#6058,#3778,.T.);
#10754=EDGE_CURVE('',#6057,#6022,#3990,.T.);
#10758=ADVANCED_FACE('',(#10757),#10745,.T.);
#10764=EDGE_CURVE('',#6024,#5992,#3929,.T.);
#10768=EDGE_CURVE('',#6063,#6010,#3790,.T.);
#10770=EDGE_CURVE('',#6010,#5992,#3794,.T.);
#10774=ADVANCED_FACE('',(#10773),#10763,.T.);
#10781=EDGE_CURVE('',#5826,#6000,#3819,.T.);
#10784=EDGE_CURVE('',#5828,#5815,#3802,.T.);
#10786=EDGE_CURVE('',#5815,#5816,#3806,.T.);
#10788=EDGE_CURVE('',#5816,#5818,#3811,.T.);
#10790=EDGE_CURVE('',#5818,#5820,#3815,.T.);
#10794=ADVANCED_FACE('',(#10793),#10779,.F.);
#10802=EDGE_CURVE('',#5763,#5764,#3823,.T.);
#10807=ADVANCED_FACE('',(#10806),#10799,.T.);
#10813=EDGE_CURVE('',#5882,#6004,#3827,.T.);
#10816=EDGE_CURVE('',#5822,#5998,#3831,.T.);
#10821=ADVANCED_FACE('',(#10820),#10812,.T.);
#10827=EDGE_CURVE('',#5938,#6008,#3835,.T.);
#10830=EDGE_CURVE('',#5878,#6002,#3839,.T.);
#10835=ADVANCED_FACE('',(#10834),#10826,.T.);
#10841=EDGE_CURVE('',#5994,#6012,#3843,.T.);
#10844=EDGE_CURVE('',#5934,#6006,#3847,.T.);
#10849=ADVANCED_FACE('',(#10848),#10840,.T.);
#10855=EDGE_CURVE('',#6060,#6058,#3851,.T.);
#10858=EDGE_CURVE('',#5767,#5768,#3855,.T.);
#10863=ADVANCED_FACE('',(#10862),#10854,.T.);
#10871=EDGE_CURVE('',#5990,#6010,#3863,.T.);
#10876=ADVANCED_FACE('',(#10875),#10868,.T.);
#10884=EDGE_CURVE('',#5750,#5752,#3871,.T.);
#10886=EDGE_CURVE('',#5748,#5750,#3876,.T.);
#10888=EDGE_CURVE('',#5747,#5748,#3880,.T.);
#10890=EDGE_CURVE('',#5770,#5747,#3884,.T.);
#10895=ADVANCED_FACE('',(#10894),#10881,.T.);
#10903=EDGE_CURVE('',#5758,#5760,#3905,.T.);
#10905=EDGE_CURVE('',#5750,#5758,#3888,.T.);
#10909=ADVANCED_FACE('',(#10908),#10900,.F.);
#10917=EDGE_CURVE('',#5772,#5755,#3892,.T.);
#10919=EDGE_CURVE('',#5755,#5756,#3896,.T.);
#10921=EDGE_CURVE('',#5756,#5758,#3901,.T.);
#10927=ADVANCED_FACE('',(#10926),#10914,.F.);
#10934=EDGE_CURVE('',#6071,#6022,#3917,.T.);
#10936=EDGE_CURVE('',#6071,#6073,#3921,.T.);
#10938=EDGE_CURVE('',#6073,#6024,#3925,.T.);
#10941=EDGE_CURVE('',#5992,#5975,#4119,.T.);
#10943=EDGE_CURVE('',#5975,#5983,#4148,.T.);
#10945=EDGE_CURVE('',#5996,#5983,#4131,.T.);
#10948=EDGE_CURVE('',#5936,#5919,#4173,.T.);
#10950=EDGE_CURVE('',#5919,#5927,#4202,.T.);
#10952=EDGE_CURVE('',#5940,#5927,#4185,.T.);
#10955=EDGE_CURVE('',#5880,#5863,#4227,.T.);
#10957=EDGE_CURVE('',#5863,#5871,#4256,.T.);
#10959=EDGE_CURVE('',#5884,#5871,#4239,.T.);
#10962=EDGE_CURVE('',#5824,#5807,#4281,.T.);
#10964=EDGE_CURVE('',#5807,#5815,#4293,.T.);
#10969=EDGE_CURVE('',#5747,#5755,#4297,.T.);
#10974=ADVANCED_FACE('',(#10973),#10932,.T.);
#10980=EDGE_CURVE('',#6069,#6074,#3960,.T.);
#10982=EDGE_CURVE('',#6074,#6051,#4028,.T.);
#10984=EDGE_CURVE('',#6047,#6051,#4050,.T.);
#10986=EDGE_CURVE('',#6047,#6071,#4066,.T.);
#10989=EDGE_CURVE('',#6069,#6022,#3986,.T.);
#10993=ADVANCED_FACE('',(#10992),#10979,.F.);
#10999=EDGE_CURVE('',#6032,#6028,#3949,.T.);
#11002=EDGE_CURVE('',#6043,#6056,#4017,.T.);
#11004=EDGE_CURVE('',#6043,#6074,#4035,.T.);
#11007=EDGE_CURVE('',#6069,#6019,#3982,.T.);
#11009=EDGE_CURVE('',#6019,#6032,#3966,.T.);
#11013=ADVANCED_FACE('',(#11012),#10998,.T.);
#11021=EDGE_CURVE('',#6031,#6032,#3974,.T.);
#11023=EDGE_CURVE('',#6027,#6031,#3998,.T.);
#11027=ADVANCED_FACE('',(#11026),#11018,.F.);
#11033=EDGE_CURVE('',#6019,#6020,#3978,.T.);
#11035=EDGE_CURVE('',#6020,#6031,#4004,.T.);
#11041=ADVANCED_FACE('',(#11040),#11032,.F.);
#11051=EDGE_CURVE('',#6020,#6057,#3994,.T.);
#11055=ADVANCED_FACE('',(#11054),#11046,.T.);
#11069=ADVANCED_FACE('',(#11068),#11060,.T.);
#11075=EDGE_CURVE('',#6043,#6044,#4013,.T.);
#11079=EDGE_CURVE('',#6054,#6044,#4021,.T.);
#11083=ADVANCED_FACE('',(#11082),#11074,.T.);
#11089=EDGE_CURVE('',#6051,#6052,#4054,.T.);
#11094=EDGE_CURVE('',#6044,#6075,#4085,.T.);
#11096=EDGE_CURVE('',#6075,#6052,#4042,.T.);
#11100=ADVANCED_FACE('',(#11099),#11088,.T.);
#11106=EDGE_CURVE('',#6047,#6048,#4046,.T.);
#11110=EDGE_CURVE('',#6048,#6052,#4058,.T.);
#11114=ADVANCED_FACE('',(#11113),#11105,.T.);
#11121=EDGE_CURVE('',#6048,#6073,#4062,.T.);
#11127=ADVANCED_FACE('',(#11126),#11119,.T.);
#11137=EDGE_CURVE('',#6067,#6075,#4078,.T.);
#11142=ADVANCED_FACE('',(#11141),#11132,.F.);
#11154=EDGE_CURVE('',#6040,#6036,#4094,.T.);
#11158=ADVANCED_FACE('',(#11157),#11147,.T.);
#11170=ADVANCED_FACE('',(#11169),#11163,.F.);
#11177=EDGE_CURVE('',#5978,#5980,#4106,.T.);
#11179=EDGE_CURVE('',#5976,#5978,#4111,.T.);
#11181=EDGE_CURVE('',#5975,#5976,#4115,.T.);
#11188=ADVANCED_FACE('',(#11187),#11175,.T.);
#11196=EDGE_CURVE('',#5986,#5988,#4144,.T.);
#11198=EDGE_CURVE('',#5978,#5986,#4123,.T.);
#11202=ADVANCED_FACE('',(#11201),#11193,.F.);
#11212=EDGE_CURVE('',#5983,#5984,#4135,.T.);
#11214=EDGE_CURVE('',#5984,#5986,#4140,.T.);
#11219=ADVANCED_FACE('',(#11218),#11207,.F.);
#11226=EDGE_CURVE('',#5976,#5984,#4152,.T.);
#11232=ADVANCED_FACE('',(#11231),#11224,.F.);
#11244=ADVANCED_FACE('',(#11243),#11237,.T.);
#11251=EDGE_CURVE('',#5922,#5924,#4160,.T.);
#11253=EDGE_CURVE('',#5920,#5922,#4165,.T.);
#11255=EDGE_CURVE('',#5919,#5920,#4169,.T.);
#11262=ADVANCED_FACE('',(#11261),#11249,.T.);
#11270=EDGE_CURVE('',#5930,#5932,#4198,.T.);
#11272=EDGE_CURVE('',#5922,#5930,#4177,.T.);
#11276=ADVANCED_FACE('',(#11275),#11267,.F.);
#11286=EDGE_CURVE('',#5927,#5928,#4189,.T.);
#11288=EDGE_CURVE('',#5928,#5930,#4194,.T.);
#11293=ADVANCED_FACE('',(#11292),#11281,.F.);
#11300=EDGE_CURVE('',#5920,#5928,#4206,.T.);
#11306=ADVANCED_FACE('',(#11305),#11298,.F.);
#11318=ADVANCED_FACE('',(#11317),#11311,.T.);
#11325=EDGE_CURVE('',#5866,#5868,#4214,.T.);
#11327=EDGE_CURVE('',#5864,#5866,#4219,.T.);
#11329=EDGE_CURVE('',#5863,#5864,#4223,.T.);
#11336=ADVANCED_FACE('',(#11335),#11323,.T.);
#11344=EDGE_CURVE('',#5874,#5876,#4252,.T.);
#11346=EDGE_CURVE('',#5866,#5874,#4231,.T.);
#11350=ADVANCED_FACE('',(#11349),#11341,.F.);
#11360=EDGE_CURVE('',#5871,#5872,#4243,.T.);
#11362=EDGE_CURVE('',#5872,#5874,#4248,.T.);
#11367=ADVANCED_FACE('',(#11366),#11355,.F.);
#11374=EDGE_CURVE('',#5864,#5872,#4260,.T.);
#11380=ADVANCED_FACE('',(#11379),#11372,.F.);
#11392=ADVANCED_FACE('',(#11391),#11385,.T.);
#11399=EDGE_CURVE('',#5810,#5812,#4268,.T.);
#11401=EDGE_CURVE('',#5808,#5810,#4273,.T.);
#11403=EDGE_CURVE('',#5807,#5808,#4277,.T.);
#11410=ADVANCED_FACE('',(#11409),#11397,.T.);
#11419=EDGE_CURVE('',#5810,#5818,#4285,.T.);
#11423=ADVANCED_FACE('',(#11422),#11415,.F.);
#11432=EDGE_CURVE('',#5808,#5816,#4289,.T.);
#11436=ADVANCED_FACE('',(#11435),#11428,.T.);
#11448=ADVANCED_FACE('',(#11447),#11441,.F.);
#11455=EDGE_CURVE('',#5748,#5756,#4301,.T.);
#11461=ADVANCED_FACE('',(#11460),#11453,.F.);
#11473=ADVANCED_FACE('',(#11472),#11466,.T.);
#11480=EDGE_CURVE('',#5680,#5672,#4305,.T.);
#11486=ADVANCED_FACE('',(#11485),#11478,.T.);
#11494=EDGE_CURVE('',#5664,#5640,#4309,.T.);
#11499=ADVANCED_FACE('',(#11498),#11491,.T.);
#11511=ADVANCED_FACE('',(#11510),#11504,.T.);
#11519=EDGE_CURVE('',#5730,#5732,#4322,.T.);
#11521=EDGE_CURVE('',#5728,#5730,#4326,.T.);
#11523=EDGE_CURVE('',#5727,#5728,#4330,.T.);
#11525=EDGE_CURVE('',#5736,#5727,#4334,.T.);
#11527=EDGE_CURVE('',#5735,#5736,#4339,.T.);
#11529=EDGE_CURVE('',#5744,#5735,#4343,.T.);
#11533=ADVANCED_FACE('',(#11532),#11516,.T.);
#11539=EDGE_CURVE('',#5718,#5720,#4373,.T.);
#11541=EDGE_CURVE('',#5718,#5730,#4347,.T.);
#11547=ADVANCED_FACE('',(#11546),#11538,.F.);
#11554=EDGE_CURVE('',#5740,#5723,#4351,.T.);
#11556=EDGE_CURVE('',#5723,#5724,#4356,.T.);
#11558=EDGE_CURVE('',#5724,#5715,#4360,.T.);
#11560=EDGE_CURVE('',#5715,#5716,#4364,.T.);
#11562=EDGE_CURVE('',#5716,#5718,#4368,.T.);
#11568=ADVANCED_FACE('',(#11567),#11552,.F.);
#11576=EDGE_CURVE('',#5723,#5735,#4381,.T.);
#11581=ADVANCED_FACE('',(#11580),#11573,.T.);
#11590=EDGE_CURVE('',#5724,#5736,#4385,.T.);
#11594=ADVANCED_FACE('',(#11593),#11586,.T.);
#11603=EDGE_CURVE('',#5715,#5727,#4389,.T.);
#11607=ADVANCED_FACE('',(#11606),#11599,.T.);
#11616=EDGE_CURVE('',#5716,#5728,#4393,.T.);
#11620=ADVANCED_FACE('',(#11619),#11612,.T.);
#11632=ADVANCED_FACE('',(#11631),#11625,.T.);
#11639=EDGE_CURVE('',#5790,#5792,#4402,.T.);
#11641=EDGE_CURVE('',#5788,#5790,#4406,.T.);
#11643=EDGE_CURVE('',#5787,#5788,#4410,.T.);
#11645=EDGE_CURVE('',#5796,#5787,#4414,.T.);
#11647=EDGE_CURVE('',#5795,#5796,#4419,.T.);
#11649=EDGE_CURVE('',#5804,#5795,#4423,.T.);
#11654=ADVANCED_FACE('',(#11653),#11637,.T.);
#11660=EDGE_CURVE('',#5778,#5780,#4457,.T.);
#11662=EDGE_CURVE('',#5778,#5790,#4427,.T.);
#11668=ADVANCED_FACE('',(#11667),#11659,.F.);
#11676=EDGE_CURVE('',#5800,#5783,#4435,.T.);
#11678=EDGE_CURVE('',#5783,#5784,#4440,.T.);
#11680=EDGE_CURVE('',#5784,#5775,#4444,.T.);
#11682=EDGE_CURVE('',#5775,#5776,#4448,.T.);
#11684=EDGE_CURVE('',#5776,#5778,#4452,.T.);
#11689=ADVANCED_FACE('',(#11688),#11673,.F.);
#11698=EDGE_CURVE('',#5783,#5795,#4461,.T.);
#11702=ADVANCED_FACE('',(#11701),#11694,.T.);
#11711=EDGE_CURVE('',#5784,#5796,#4465,.T.);
#11715=ADVANCED_FACE('',(#11714),#11707,.T.);
#11724=EDGE_CURVE('',#5775,#5787,#4469,.T.);
#11728=ADVANCED_FACE('',(#11727),#11720,.T.);
#11737=EDGE_CURVE('',#5776,#5788,#4473,.T.);
#11741=ADVANCED_FACE('',(#11740),#11733,.T.);
#11753=ADVANCED_FACE('',(#11752),#11746,.T.);
#11760=EDGE_CURVE('',#5846,#5848,#4482,.T.);
#11762=EDGE_CURVE('',#5844,#5846,#4486,.T.);
#11764=EDGE_CURVE('',#5843,#5844,#4490,.T.);
#11766=EDGE_CURVE('',#5852,#5843,#4494,.T.);
#11768=EDGE_CURVE('',#5851,#5852,#4499,.T.);
#11770=EDGE_CURVE('',#5860,#5851,#4503,.T.);
#11775=ADVANCED_FACE('',(#11774),#11758,.T.);
#11781=EDGE_CURVE('',#5834,#5836,#4537,.T.);
#11783=EDGE_CURVE('',#5834,#5846,#4507,.T.);
#11789=ADVANCED_FACE('',(#11788),#11780,.F.);
#11797=EDGE_CURVE('',#5856,#5839,#4515,.T.);
#11799=EDGE_CURVE('',#5839,#5840,#4520,.T.);
#11801=EDGE_CURVE('',#5840,#5831,#4524,.T.);
#11803=EDGE_CURVE('',#5831,#5832,#4528,.T.);
#11805=EDGE_CURVE('',#5832,#5834,#4532,.T.);
#11810=ADVANCED_FACE('',(#11809),#11794,.F.);
#11819=EDGE_CURVE('',#5839,#5851,#4541,.T.);
#11823=ADVANCED_FACE('',(#11822),#11815,.T.);
#11832=EDGE_CURVE('',#5840,#5852,#4545,.T.);
#11836=ADVANCED_FACE('',(#11835),#11828,.T.);
#11845=EDGE_CURVE('',#5831,#5843,#4549,.T.);
#11849=ADVANCED_FACE('',(#11848),#11841,.T.);
#11858=EDGE_CURVE('',#5832,#5844,#4553,.T.);
#11862=ADVANCED_FACE('',(#11861),#11854,.T.);
#11874=ADVANCED_FACE('',(#11873),#11867,.T.);
#11881=EDGE_CURVE('',#5902,#5904,#4562,.T.);
#11883=EDGE_CURVE('',#5900,#5902,#4566,.T.);
#11885=EDGE_CURVE('',#5899,#5900,#4570,.T.);
#11887=EDGE_CURVE('',#5908,#5899,#4574,.T.);
#11889=EDGE_CURVE('',#5907,#5908,#4579,.T.);
#11891=EDGE_CURVE('',#5916,#5907,#4583,.T.);
#11896=ADVANCED_FACE('',(#11895),#11879,.T.);
#11902=EDGE_CURVE('',#5890,#5892,#4617,.T.);
#11904=EDGE_CURVE('',#5890,#5902,#4587,.T.);
#11910=ADVANCED_FACE('',(#11909),#11901,.F.);
#11918=EDGE_CURVE('',#5912,#5895,#4595,.T.);
#11920=EDGE_CURVE('',#5895,#5896,#4600,.T.);
#11922=EDGE_CURVE('',#5896,#5887,#4604,.T.);
#11924=EDGE_CURVE('',#5887,#5888,#4608,.T.);
#11926=EDGE_CURVE('',#5888,#5890,#4612,.T.);
#11931=ADVANCED_FACE('',(#11930),#11915,.F.);
#11940=EDGE_CURVE('',#5895,#5907,#4621,.T.);
#11944=ADVANCED_FACE('',(#11943),#11936,.T.);
#11953=EDGE_CURVE('',#5896,#5908,#4625,.T.);
#11957=ADVANCED_FACE('',(#11956),#11949,.T.);
#11966=EDGE_CURVE('',#5887,#5899,#4629,.T.);
#11970=ADVANCED_FACE('',(#11969),#11962,.T.);
#11979=EDGE_CURVE('',#5888,#5900,#4633,.T.);
#11983=ADVANCED_FACE('',(#11982),#11975,.T.);
#11995=ADVANCED_FACE('',(#11994),#11988,.T.);
#12003=EDGE_CURVE('',#5659,#5635,#4641,.T.);
#12008=ADVANCED_FACE('',(#12007),#12000,.T.);
#12017=EDGE_CURVE('',#5660,#5636,#4645,.T.);
#12021=ADVANCED_FACE('',(#12020),#12013,.T.);
#12032=EDGE_CURVE('',#5614,#5600,#4653,.T.);
#12036=ADVANCED_FACE('',(#12035),#12026,.T.);
#12043=EDGE_CURVE('',#5612,#5598,#4657,.T.);
#12049=ADVANCED_FACE('',(#12048),#12041,.T.);
#12061=ADVANCED_FACE('',(#12060),#12054,.T.);
#12068=EDGE_CURVE('',#5700,#5708,#4666,.T.);
#12070=EDGE_CURVE('',#5712,#5700,#4670,.T.);
#12075=ADVANCED_FACE('',(#12074),#12066,.T.);
#12082=EDGE_CURVE('',#5699,#5704,#4683,.T.);
#12084=EDGE_CURVE('',#5699,#5700,#4674,.T.);
#12089=ADVANCED_FACE('',(#12088),#12080,.T.);
#12097=EDGE_CURVE('',#5710,#5699,#4678,.T.);
#12102=ADVANCED_FACE('',(#12101),#12094,.F.);
#12114=ADVANCED_FACE('',(#12113),#12107,.T.);
#12121=EDGE_CURVE('',#5606,#5592,#4687,.T.);
#12127=ADVANCED_FACE('',(#12126),#12119,.T.);
#12139=ADVANCED_FACE('',(#12138),#12132,.T.);
#12140=CLOSED_SHELL('',(#6133,#6168,#6183,#6205,#6226,#6248,#6273,#6298,#6314,
#6330,#6349,#6386,#6409,#6436,#6462,#6477,#6567,#6631,#6653,#6667,#6688,#6701,
#6714,#6727,#6740,#6752,#6765,#6781,#6797,#6809,#6825,#6839,#6853,#6866,#6957,
#6973,#6996,#7011,#7024,#7036,#7157,#7171,#7296,#7310,#7331,#7344,#7361,#7399,
#7419,#7432,#7445,#7458,#7471,#7484,#7497,#7510,#7523,#7536,#7549,#7562,#7575,
#7589,#7604,#7629,#7645,#7659,#7674,#7687,#7699,#7713,#7726,#7739,#7751,#7764,
#7776,#7792,#7806,#7821,#7834,#7858,#7880,#7895,#7917,#7932,#7953,#7970,#7990,
#8005,#8045,#8059,#8073,#8087,#8101,#8114,#8128,#8142,#8156,#8170,#8183,#8196,
#8209,#8225,#8238,#8252,#8266,#8282,#8301,#8314,#8327,#8340,#8353,#8367,#8382,
#8407,#8420,#8433,#8446,#8459,#8475,#8489,#8504,#8517,#8529,#8542,#8555,#8568,
#8581,#8594,#8607,#8620,#8633,#8646,#8659,#8672,#8690,#8726,#8739,#8753,#8766,
#8781,#8796,#8808,#8821,#8854,#8889,#8903,#8936,#8971,#8983,#8996,#9009,#9022,
#9035,#9048,#9061,#9074,#9087,#9100,#9112,#9125,#9156,#9168,#9181,#9194,#9207,
#9220,#9233,#9246,#9259,#9272,#9285,#9298,#9310,#9322,#9334,#9349,#9367,#9400,
#9434,#9449,#9468,#9483,#9497,#9510,#9522,#9535,#9553,#9567,#9584,#9596,#9609,
#9621,#9633,#9646,#9659,#9678,#9723,#9738,#9782,#9795,#9809,#9821,#9834,#9847,
#9860,#9873,#9886,#9899,#9912,#9925,#9938,#9951,#9964,#9976,#9988,#10002,#10018,
#10030,#10042,#10055,#10068,#10081,#10095,#10108,#10120,#10133,#10146,#10160,
#10176,#10190,#10203,#10215,#10228,#10242,#10263,#10277,#10297,#10310,#10331,
#10345,#10365,#10378,#10391,#10404,#10416,#10431,#10443,#10464,#10478,#10498,
#10511,#10524,#10537,#10549,#10562,#10576,#10589,#10602,#10614,#10626,#10645,
#10660,#10676,#10692,#10708,#10724,#10740,#10758,#10774,#10794,#10807,#10821,
#10835,#10849,#10863,#10876,#10895,#10909,#10927,#10974,#10993,#11013,#11027,
#11041,#11055,#11069,#11083,#11100,#11114,#11127,#11142,#11158,#11170,#11188,
#11202,#11219,#11232,#11244,#11262,#11276,#11293,#11306,#11318,#11336,#11350,
#11367,#11380,#11392,#11410,#11423,#11436,#11448,#11461,#11473,#11486,#11499,
#11511,#11533,#11547,#11568,#11581,#11594,#11607,#11620,#11632,#11654,#11668,
#11689,#11702,#11715,#11728,#11741,#11753,#11775,#11789,#11810,#11823,#11836,
#11849,#11862,#11874,#11896,#11910,#11931,#11944,#11957,#11970,#11983,#11995,
#12008,#12021,#12036,#12049,#12061,#12075,#12089,#12102,#12114,#12127,#12139));
#12141=MANIFOLD_SOLID_BREP('',#12140);
#12142=(LENGTH_UNIT()NAMED_UNIT(*)SI_UNIT(.MILLI.,.METRE.));
#12143=(NAMED_UNIT(*)PLANE_ANGLE_UNIT()SI_UNIT($,.RADIAN.));
#12146=(NAMED_UNIT(*)SI_UNIT($,.STERADIAN.)SOLID_ANGLE_UNIT());
#12148=(GEOMETRIC_REPRESENTATION_CONTEXT(3)GLOBAL_UNCERTAINTY_ASSIGNED_CONTEXT((
#12147))GLOBAL_UNIT_ASSIGNED_CONTEXT((#12142,#12145,#12146))REPRESENTATION_CONTEXT('ID1','3'));
#12149=ADVANCED_BREP_SHAPE_REPRESENTATION('',(#12141),#12148);
#12156=PRODUCT_DEFINITION('part definition','',#12155,#12152);
#12157=PRODUCT_DEFINITION_SHAPE('','SHAPE FOR C-1932788-1.',#12156);
#12158=SHAPE_ASPECT('','solid data associated with C-1932788-1',#12157,.F.);
#12159=PROPERTY_DEFINITION('',
'shape for solid data with which properties are associated',#12158);
#12160=SHAPE_REPRESENTATION('',(#12141),#12148);
#12161=SHAPE_DEFINITION_REPRESENTATION(#12159,#12160);
#12162=(LENGTH_UNIT()NAMED_UNIT(*)SI_UNIT(.MILLI.,.METRE.));
#12166=PROPERTY_DEFINITION('geometric validation property',
'area of C-1932788-1',#12158);
#12167=REPRESENTATION('surface area',(#12165),#12148);
#12168=PROPERTY_DEFINITION_REPRESENTATION(#12166,#12167);
#12169=(LENGTH_UNIT()NAMED_UNIT(*)SI_UNIT(.MILLI.,.METRE.));
#12173=PROPERTY_DEFINITION('geometric validation property',
'volume of C-1932788-1',#12158);
#12174=REPRESENTATION('volume',(#12172),#12148);
#12175=PROPERTY_DEFINITION_REPRESENTATION(#12173,#12174);
#12177=PROPERTY_DEFINITION('geometric validation property',
'centroid of C-1932788-1',#12158);
#12178=REPRESENTATION('centroid',(#12176),#12148);
#12179=PROPERTY_DEFINITION_REPRESENTATION(#12177,#12178);
#12180=(LENGTH_UNIT()NAMED_UNIT(*)SI_UNIT(.MILLI.,.METRE.));
#12184=PROPERTY_DEFINITION('geometric validation property',
'area of C-1932788-1',#12157);
#12185=REPRESENTATION('surface area',(#12183),#12148);
#12186=PROPERTY_DEFINITION_REPRESENTATION(#12184,#12185);
#12187=(LENGTH_UNIT()NAMED_UNIT(*)SI_UNIT(.MILLI.,.METRE.));
#12191=PROPERTY_DEFINITION('geometric validation property',
'volume of C-1932788-1',#12157);
#12192=REPRESENTATION('volume',(#12190),#12148);
#12193=PROPERTY_DEFINITION_REPRESENTATION(#12191,#12192);
#12195=PROPERTY_DEFINITION('geometric validation property',
'centroid of C-1932788-1',#12157);
#12196=REPRESENTATION('centroid',(#12194),#12148);
#12197=PROPERTY_DEFINITION_REPRESENTATION(#12195,#12196);
#12198=SHAPE_DEFINITION_REPRESENTATION(#12157,#12149);
ENDSEC;
END-ISO-10303-21;
