ISO-10303-21;
HEADER;
FILE_DESCRIPTION (( 'STEP AP214' ),
    '1' );
FILE_NAME ('MCP6024T-ISL.STEP',
    '2024-07-06T05:21:13',
    ( '' ),
    ( '' ),
    'SwSTEP 2.0',
    'SolidWorks 2021',
    '' );
FILE_SCHEMA (( 'AUTOMOTIVE_DESIGN' ));
ENDSEC;

DATA;
#1 = SURFACE_STYLE_USAGE ( .BOTH. , #6206 ) ;
#2 =( NAMED_UNIT ( * ) PLANE_ANGLE_UNIT ( ) SI_UNIT ( $, .RADIAN. ) );
#3 = FILL_AREA_STYLE ('',( #2995 ) ) ;
#4 = PRESENTATION_STYLE_ASSIGNMENT (( #5261 ) ) ;
#5 = UNCERTAINTY_MEASURE_WITH_UNIT (LENGTH_MEASURE( 1.000000000000000082E-05 ), #4244, 'distance_accuracy_value', 'NONE');
#6 = EDGE_LOOP ( 'NONE', ( #814, #6090, #403, #2982 ) ) ;
#7 = CARTESIAN_POINT ( 'NONE',  ( -1.475000000000000977, -0.5382586942780623884, -2.298476529921281930 ) ) ;
#8 = FACE_OUTER_BOUND ( 'NONE', #938, .T. ) ;
#9 = EDGE_CURVE ( 'NONE', #6147, #2159, #4578, .T. ) ;
#10 = UNCERTAINTY_MEASURE_WITH_UNIT (LENGTH_MEASURE( 1.000000000000000082E-05 ), #248, 'distance_accuracy_value', 'NONE');
#11 = ORIENTED_EDGE ( 'NONE', *, *, #2676, .F. ) ;
#12 = DIRECTION ( 'NONE',  ( 1.000000000000000000, 0.000000000000000000, 0.000000000000000000 ) ) ;
#13 = CARTESIAN_POINT ( 'NONE',  ( -0.2050000000000008760, -0.5382586941777844913, -2.298476529901449794 ) ) ;
#14 = CARTESIAN_POINT ( 'NONE',  ( 1.064999999999999059, -0.5382586940072542347, 2.298476529816184666 ) ) ;
#15 = SURFACE_SIDE_STYLE ('',( #425 ) ) ;
#16 = EDGE_CURVE ( 'NONE', #317, #5903, #2464, .T. ) ;
#17 = VERTEX_POINT ( 'NONE', #13 ) ;
#18 = FILL_AREA_STYLE_COLOUR ( '', #5240 ) ;
#19 = PRESENTATION_STYLE_ASSIGNMENT (( #4326 ) ) ;
#20 = COLOUR_RGB ( '',1.000000000000000000, 1.000000000000000000, 1.000000000000000000 ) ;
#21 = LINE ( 'NONE', #3346, #838 ) ;
#22 =( NAMED_UNIT ( * ) SI_UNIT ( $, .STERADIAN. ) SOLID_ANGLE_UNIT ( ) );
#23 = ORIENTED_EDGE ( 'NONE', *, *, #3670, .T. ) ;
#24 = ORIENTED_EDGE ( 'NONE', *, *, #5524, .T. ) ;
#25 = AXIS2_PLACEMENT_3D ( 'NONE', #217, #1637, #4521 ) ;
#26 = DIRECTION ( 'NONE',  ( 0.000000000000000000, -0.1391731009600658264, 0.9902680687415702510 ) ) ;
#27 = SURFACE_STYLE_FILL_AREA ( #4876 ) ;
#28 = EDGE_CURVE ( 'NONE', #4727, #3708, #4862, .T. ) ;
#29 = AXIS2_PLACEMENT_3D ( 'NONE', #621, #177, #3568 ) ;
#30 = FILL_AREA_STYLE ('',( #4848 ) ) ;
#31 = VERTEX_POINT ( 'NONE', #454 ) ;
#32 = EDGE_CURVE ( 'NONE', #5562, #6118, #5373, .T. ) ;
#33 =( NAMED_UNIT ( * ) PLANE_ANGLE_UNIT ( ) SI_UNIT ( $, .RADIAN. ) );
#34 = DIRECTION ( 'NONE',  ( 1.000000000000000000, 0.000000000000000000, 0.000000000000000000 ) ) ;
#35 = PRESENTATION_LAYER_ASSIGNMENT (  '', '', ( #5294 ) ) ;
#36 = DIRECTION ( 'NONE',  ( 0.000000000000000000, 0.000000000000000000, -1.000000000000000000 ) ) ;
#37 = LINE ( 'NONE', #7, #5027 ) ;
#38 = SURFACE_SIDE_STYLE ('',( #1460 ) ) ;
#39 =( NAMED_UNIT ( * ) SI_UNIT ( $, .STERADIAN. ) SOLID_ANGLE_UNIT ( ) );
#40 = ORIENTED_EDGE ( 'NONE', *, *, #3742, .F. ) ;
#41 = PRESENTATION_LAYER_ASSIGNMENT (  '', '', ( #1754 ) ) ;
#42 = CARTESIAN_POINT ( 'NONE',  ( 4.014999999999999680, 0.08749999999214218283, 2.276307519025522197 ) ) ;
#43 = MECHANICAL_DESIGN_GEOMETRIC_PRESENTATION_REPRESENTATION (  '', ( #339 ), #4394 ) ;
#44 =( LENGTH_UNIT ( ) NAMED_UNIT ( * ) SI_UNIT ( .MILLI., .METRE. ) );
#45 = CARTESIAN_POINT ( 'NONE',  ( 1.064999999999999059, -0.03324296528179307431, 2.412782614842713169 ) ) ;
#46 = ORIENTED_EDGE ( 'NONE', *, *, #1308, .F. ) ;
#47 = CARTESIAN_POINT ( 'NONE',  ( -3.605000000000000870, 0.08749999999214218283, 2.276307519025522197 ) ) ;
#48 = STYLED_ITEM ( 'NONE', ( #6022 ), #6148 ) ;
#49 = DIRECTION ( 'NONE',  ( 0.000000000000000000, 0.9925461516413218721, 0.1218693434051480867 ) ) ;
#50 =( NAMED_UNIT ( * ) PLANE_ANGLE_UNIT ( ) SI_UNIT ( $, .RADIAN. ) );
#51 = CARTESIAN_POINT ( 'NONE',  ( -3.605000000000000870, -0.5633515439456004970, 3.002177646067138994 ) ) ;
#52 = EDGE_LOOP ( 'NONE', ( #4778, #1352, #3321, #3810, #596, #5630, #3555, #5956, #1568, #2194, #1542, #4890, #4005, #717, #2568, #2407 ) ) ;
#53 = LINE ( 'NONE', #4841, #3104 ) ;
#54 = MECHANICAL_DESIGN_GEOMETRIC_PRESENTATION_REPRESENTATION (  '', ( #2767 ), #4409 ) ;
#55 = ORIENTED_EDGE ( 'NONE', *, *, #4365, .F. ) ;
#56 = PLANE ( 'NONE',  #5554 ) ;
#57 = MECHANICAL_DESIGN_GEOMETRIC_PRESENTATION_REPRESENTATION (  '', ( #3080 ), #458 ) ;
#58 = MECHANICAL_DESIGN_GEOMETRIC_PRESENTATION_REPRESENTATION (  '', ( #3503 ), #2075 ) ;
#59 =( NAMED_UNIT ( * ) SI_UNIT ( $, .STERADIAN. ) SOLID_ANGLE_UNIT ( ) );
#60 = CARTESIAN_POINT ( 'NONE',  ( -4.015000000000001457, -0.08750000005684341331, 400000.0000000000000 ) ) ;
#61 = CARTESIAN_POINT ( 'NONE',  ( -2.745000000000000995, -0.5215016595598557236, 2.434951625771963890 ) ) ;
#62 = UNCERTAINTY_MEASURE_WITH_UNIT (LENGTH_MEASURE( 1.000000000000000082E-05 ), #2619, 'distance_accuracy_value', 'NONE');
#63 = SURFACE_SIDE_STYLE ('',( #1019 ) ) ;
#64 = VERTEX_POINT ( 'NONE', #1033 ) ;
#65 =( GEOMETRIC_REPRESENTATION_CONTEXT ( 3 ) GLOBAL_UNCERTAINTY_ASSIGNED_CONTEXT ( ( #4378 ) ) GLOBAL_UNIT_ASSIGNED_CONTEXT ( ( #112, #4313, #1897 ) ) REPRESENTATION_CONTEXT ( 'NONE', 'WORKASPACE' ) );
#66 = FILL_AREA_STYLE ('',( #4721 ) ) ;
#67 = LINE ( 'NONE', #1548, #2109 ) ;
#68 = EDGE_CURVE ( 'NONE', #4696, #5208, #4892, .T. ) ;
#69 = CARTESIAN_POINT ( 'NONE',  ( 0.2049999999999991274, -0.5215016595598557236, 2.434951625771963890 ) ) ;
#70 = DIRECTION ( 'NONE',  ( 0.000000000000000000, 0.1391731009600654934, 0.9902680687415702510 ) ) ;
#71 = SURFACE_STYLE_FILL_AREA ( #4407 ) ;
#72 =( GEOMETRIC_REPRESENTATION_CONTEXT ( 3 ) GLOBAL_UNCERTAINTY_ASSIGNED_CONTEXT ( ( #5973 ) ) GLOBAL_UNIT_ASSIGNED_CONTEXT ( ( #110, #3493, #573 ) ) REPRESENTATION_CONTEXT ( 'NONE', 'WORKASPACE' ) );
#73 = EDGE_CURVE ( 'NONE', #3132, #4078, #80, .T. ) ;
#74 = UNCERTAINTY_MEASURE_WITH_UNIT (LENGTH_MEASURE( 1.000000000000000082E-05 ), #2509, 'distance_accuracy_value', 'NONE');
#75 =( NAMED_UNIT ( * ) PLANE_ANGLE_UNIT ( ) SI_UNIT ( $, .RADIAN. ) );
#76 = STYLED_ITEM ( 'NONE', ( #2364 ), #4388 ) ;
#77 = ORIENTED_EDGE ( 'NONE', *, *, #3483, .F. ) ;
#78 = MECHANICAL_DESIGN_GEOMETRIC_PRESENTATION_REPRESENTATION (  '', ( #2785 ), #2482 ) ;
#79 = FILL_AREA_STYLE_COLOUR ( '', #2397 ) ;
#80 = LINE ( 'NONE', #1466, #6171 ) ;
#81 = MECHANICAL_DESIGN_GEOMETRIC_PRESENTATION_REPRESENTATION (  '', ( #3205 ), #1789 ) ;
#82 = DIRECTION ( 'NONE',  ( 0.000000000000000000, -0.9925461516413218721, 0.1218693434051480867 ) ) ;
#83 = EDGE_CURVE ( 'NONE', #632, #6205, #2410, .T. ) ;
#84 = AXIS2_PLACEMENT_3D ( 'NONE', #1414, #5904, #5807 ) ;
#85 = ORIENTED_EDGE ( 'NONE', *, *, #3450, .F. ) ;
#86 = LINE ( 'NONE', #494, #1904 ) ;
#87 = STYLED_ITEM ( 'NONE', ( #3068 ), #5079 ) ;
#88 =( LENGTH_UNIT ( ) NAMED_UNIT ( * ) SI_UNIT ( .MILLI., .METRE. ) );
#89 = VECTOR ( 'NONE', #5702, 1000.000000000000000 ) ;
#90 = LINE ( 'NONE', #936, #4381 ) ;
#91 = ORIENTED_EDGE ( 'NONE', *, *, #154, .T. ) ;
#92 = SURFACE_SIDE_STYLE ('',( #5838 ) ) ;
#93 = MECHANICAL_DESIGN_GEOMETRIC_PRESENTATION_REPRESENTATION (  '', ( #1898 ), #1703 ) ;
#94 = PRESENTATION_LAYER_ASSIGNMENT (  '', '', ( #2804 ) ) ;
#95 = ORIENTED_EDGE ( 'NONE', *, *, #3247, .T. ) ;
#96 = VECTOR ( 'NONE', #586, 1000.000000000000114 ) ;
#97 = DIRECTION ( 'NONE',  ( -0.000000000000000000, 0.1218693434051481006, 0.9925461516413219831 ) ) ;
#98 = LINE ( 'NONE', #3513, #1359 ) ;
#99 = LINE ( 'NONE', #2045, #5818 ) ;
#100 = ORIENTED_EDGE ( 'NONE', *, *, #3709, .T. ) ;
#101 = PRESENTATION_LAYER_ASSIGNMENT (  '', '', ( #2815 ) ) ;
#102 = SURFACE_STYLE_USAGE ( .BOTH. , #5359 ) ;
#103 = ORIENTED_EDGE ( 'NONE', *, *, #261, .F. ) ;
#104 =( GEOMETRIC_REPRESENTATION_CONTEXT ( 3 ) GLOBAL_UNCERTAINTY_ASSIGNED_CONTEXT ( ( #5129 ) ) GLOBAL_UNIT_ASSIGNED_CONTEXT ( ( #3253, #2190, #1276 ) ) REPRESENTATION_CONTEXT ( 'NONE', 'WORKASPACE' ) );
#105 = PRESENTATION_STYLE_ASSIGNMENT (( #2524 ) ) ;
#106 = EDGE_CURVE ( 'NONE', #733, #5148, #1529, .T. ) ;
#107 =( NAMED_UNIT ( * ) SI_UNIT ( $, .STERADIAN. ) SOLID_ANGLE_UNIT ( ) );
#108 = PRESENTATION_STYLE_ASSIGNMENT (( #570 ) ) ;
#109 = FILL_AREA_STYLE_COLOUR ( '', #957 ) ;
#110 =( LENGTH_UNIT ( ) NAMED_UNIT ( * ) SI_UNIT ( .MILLI., .METRE. ) );
#111 = LINE ( 'NONE', #4533, #5106 ) ;
#112 =( LENGTH_UNIT ( ) NAMED_UNIT ( * ) SI_UNIT ( .MILLI., .METRE. ) );
#113 = FACE_OUTER_BOUND ( 'NONE', #5054, .T. ) ;
#114 = EDGE_CURVE ( 'NONE', #218, #2840, #4318, .T. ) ;
#115 = VERTEX_POINT ( 'NONE', #3880 ) ;
#116 = CARTESIAN_POINT ( 'NONE',  ( -1.065000000000000835, -0.08749999997803570295, -2.243130321559760887 ) ) ;
#117 = ADVANCED_FACE ( 'NONE', ( #1905 ), #3852, .T. ) ;
#118 = LINE ( 'NONE', #1723, #1011 ) ;
#119 = ADVANCED_FACE ( 'NONE', ( #3837 ), #379, .F. ) ;
#120 = PRESENTATION_STYLE_ASSIGNMENT (( #2470 ) ) ;
#121 = LINE ( 'NONE', #3049, #5744 ) ;
#122 = CARTESIAN_POINT ( 'NONE',  ( 2.334999999999999520, -0.6576635190118217400, 2.415815324389956498 ) ) ;
#123 = ORIENTED_EDGE ( 'NONE', *, *, #2177, .F. ) ;
#124 = ORIENTED_EDGE ( 'NONE', *, *, #3166, .T. ) ;
#125 = VECTOR ( 'NONE', #4545, 1000.000000000000000 ) ;
#126 = CARTESIAN_POINT ( 'NONE',  ( 2.334999999999999520, -0.5633515440308656252, -3.002177646465042926 ) ) ;
#127 = FILL_AREA_STYLE ('',( #3962 ) ) ;
#128 = SURFACE_STYLE_USAGE ( .BOTH. , #5444 ) ;
#129 = DIRECTION ( 'NONE',  ( 0.000000000000000000, 0.9925461516413218721, 0.1218693434051480867 ) ) ;
#130 = VERTEX_POINT ( 'NONE', #3749 ) ;
#131 = UNCERTAINTY_MEASURE_WITH_UNIT (LENGTH_MEASURE( 1.000000000000000082E-05 ), #5723, 'distance_accuracy_value', 'NONE');
#132 = PRESENTATION_STYLE_ASSIGNMENT (( #5941 ) ) ;
#133 = STYLED_ITEM ( 'NONE', ( #3603 ), #2312 ) ;
#134 = VERTEX_POINT ( 'NONE', #2268 ) ;
#135 =( NAMED_UNIT ( * ) SI_UNIT ( $, .STERADIAN. ) SOLID_ANGLE_UNIT ( ) );
#136 = DIRECTION ( 'NONE',  ( 0.000000000000000000, -0.1391731009600658264, 0.9902680687415702510 ) ) ;
#137 = FILL_AREA_STYLE ('',( #1117 ) ) ;
#138 = DIRECTION ( 'NONE',  ( 0.000000000000000000, -0.1391731009600658264, 0.9902680687415702510 ) ) ;
#139 = UNCERTAINTY_MEASURE_WITH_UNIT (LENGTH_MEASURE( 1.000000000000000082E-05 ), #5387, 'distance_accuracy_value', 'NONE');
#140 = FILL_AREA_STYLE ('',( #3559 ) ) ;
#141 = ORIENTED_EDGE ( 'NONE', *, *, #3656, .F. ) ;
#142 = STYLED_ITEM ( 'NONE', ( #2535 ), #2929 ) ;
#143 = CARTESIAN_POINT ( 'NONE',  ( -4.325000000000001066, 0.000000000000000000, -1.950000000000000400 ) ) ;
#144 = SURFACE_STYLE_FILL_AREA ( #230 ) ;
#145 = SURFACE_STYLE_FILL_AREA ( #4039 ) ;
#146 = AXIS2_PLACEMENT_3D ( 'NONE', #1057, #4763, #1872 ) ;
#147 = EDGE_CURVE ( 'NONE', #3392, #1726, #4175, .T. ) ;
#148 = FACE_OUTER_BOUND ( 'NONE', #5647, .T. ) ;
#149 = DIRECTION ( 'NONE',  ( 0.000000000000000000, 0.000000000000000000, 1.000000000000000000 ) ) ;
#150 = COLOUR_RGB ( '',1.000000000000000000, 1.000000000000000000, 1.000000000000000000 ) ;
#151 = LINE ( 'NONE', #4013, #5946 ) ;
#152 = EDGE_LOOP ( 'NONE', ( #2782, #691, #746, #5986 ) ) ;
#153 = SURFACE_SIDE_STYLE ('',( #3597 ) ) ;
#154 = EDGE_CURVE ( 'NONE', #6170, #5571, #6120, .T. ) ;
#155 = MECHANICAL_DESIGN_GEOMETRIC_PRESENTATION_REPRESENTATION (  '', ( #2459 ), #3790 ) ;
#156 = ORIENTED_EDGE ( 'NONE', *, *, #6033, .T. ) ;
#157 = DIRECTION ( 'NONE',  ( 0.000000000000000000, -0.9925461516413218721, 0.1218693434051480867 ) ) ;
#158 = DIRECTION ( 'NONE',  ( -0.000000000000000000, 0.1391731009600655211, 0.9902680687415703620 ) ) ;
#159 = EDGE_LOOP ( 'NONE', ( #6076, #970, #1910, #986 ) ) ;
#160 = PRESENTATION_STYLE_ASSIGNMENT (( #2116 ) ) ;
#161 = EDGE_LOOP ( 'NONE', ( #5548, #265, #1805, #2832, #1251, #3530, #3106, #2627, #5198, #5309, #4023, #4462, #3782, #3966, #1074, #3309 ) ) ;
#162 = CARTESIAN_POINT ( 'NONE',  ( 3.604999999999999094, -0.03324296517348557245, 2.412782614754860333 ) ) ;
#163 = DIRECTION ( 'NONE',  ( 0.000000000000000000, 0.000000000000000000, -1.000000000000000000 ) ) ;
#164 = SURFACE_STYLE_USAGE ( .BOTH. , #5995 ) ;
#165 = PRESENTATION_LAYER_ASSIGNMENT (  '', '', ( #2166 ) ) ;
#166 = DIRECTION ( 'NONE',  ( 0.000000000000000000, -0.1391731009600658264, 0.9902680687415702510 ) ) ;
#167 = ORIENTED_EDGE ( 'NONE', *, *, #5300, .T. ) ;
#168 = CARTESIAN_POINT ( 'NONE',  ( -3.605000000000000870, -238883.7691232077195, -29333.64739951598312 ) ) ;
#169 = AXIS2_PLACEMENT_3D ( 'NONE', #1026, #2492, #575 ) ;
#171 = CYLINDRICAL_SURFACE ( 'NONE', #1634, 0.1375000000000000389 ) ;
#170 = MECHANICAL_DESIGN_GEOMETRIC_PRESENTATION_REPRESENTATION (  '', ( #875 ), #5024 ) ;
#172 = FILL_AREA_STYLE ('',( #3502 ) ) ;
#173 = EDGE_CURVE ( 'NONE', #3001, #4902, #5266, .T. ) ;
#174 = AXIS2_PLACEMENT_3D ( 'NONE', #3780, #5792, #1518 ) ;
#175 = PRESENTATION_STYLE_ASSIGNMENT (( #6074 ) ) ;
#176 = LINE ( 'NONE', #3027, #2376 ) ;
#177 = DIRECTION ( 'NONE',  ( -0.000000000000000000, 0.9902680687415702510, 0.1391731009600658264 ) ) ;
#178 = CARTESIAN_POINT ( 'NONE',  ( 1.474999999999999423, -60775.81455996134173, 432440.1270694187842 ) ) ;
#179 = ORIENTED_EDGE ( 'NONE', *, *, #947, .T. ) ;
#180 = DIRECTION ( 'NONE',  ( 0.000000000000000000, -0.9925461516413218721, 0.1218693434051480867 ) ) ;
#181 = STYLED_ITEM ( 'NONE', ( #4972 ), #3463 ) ;
#182 = EDGE_CURVE ( 'NONE', #559, #2480, #1892, .T. ) ;
#183 = ORIENTED_EDGE ( 'NONE', *, *, #1875, .T. ) ;
#184 = FACE_OUTER_BOUND ( 'NONE', #1941, .T. ) ;
#185 = DIRECTION ( 'NONE',  ( 0.000000000000000000, -0.1391731009600658264, 0.9902680687415702510 ) ) ;
#186 = MECHANICAL_DESIGN_GEOMETRIC_PRESENTATION_REPRESENTATION (  '', ( #1800 ), #1286 ) ;
#187 = VERTEX_POINT ( 'NONE', #823 ) ;
#188 = FILL_AREA_STYLE_COLOUR ( '', #769 ) ;
#189 = AXIS2_PLACEMENT_3D ( 'NONE', #496, #2924, #1473 ) ;
#190 = UNCERTAINTY_MEASURE_WITH_UNIT (LENGTH_MEASURE( 1.000000000000000082E-05 ), #4693, 'distance_accuracy_value', 'NONE');
#191 = VECTOR ( 'NONE', #4605, 1000.000000000000000 ) ;
#192 = VERTEX_POINT ( 'NONE', #5787 ) ;
#194 = FILL_AREA_STYLE ('',( #4055 ) ) ;
#193 = STYLED_ITEM ( 'NONE', ( #4714 ), #5604 ) ;
#195 =( GEOMETRIC_REPRESENTATION_CONTEXT ( 3 ) GLOBAL_UNCERTAINTY_ASSIGNED_CONTEXT ( ( #3487 ) ) GLOBAL_UNIT_ASSIGNED_CONTEXT ( ( #5885, #1522, #429 ) ) REPRESENTATION_CONTEXT ( 'NONE', 'WORKASPACE' ) );
#196 =( LENGTH_UNIT ( ) NAMED_UNIT ( * ) SI_UNIT ( .MILLI., .METRE. ) );
#197 = EDGE_CURVE ( 'NONE', #2011, #770, #4207, .T. ) ;
#198 = COLOUR_RGB ( '',1.000000000000000000, 1.000000000000000000, 1.000000000000000000 ) ;
#199 = FILL_AREA_STYLE_COLOUR ( '', #2477 ) ;
#200 = SURFACE_STYLE_USAGE ( .BOTH. , #1674 ) ;
#201 = UNCERTAINTY_MEASURE_WITH_UNIT (LENGTH_MEASURE( 1.000000000000000082E-05 ), #5773, 'distance_accuracy_value', 'NONE');
#202 = SURFACE_STYLE_USAGE ( .BOTH. , #1623 ) ;
#203 = AXIS2_PLACEMENT_3D ( 'NONE', #1937, #2380, #3378 ) ;
#204 = ADVANCED_FACE ( 'NONE', ( #5199 ), #2777, .T. ) ;
#205 = ORIENTED_EDGE ( 'NONE', *, *, #3322, .F. ) ;
#206 = CLOSED_SHELL ( 'NONE', ( #5745, #3073, #414, #3548, #2064, #5694, #3126, #1583, #3443, #369, #5023, #4518, #4598, #4948, #2502, #6112, #1030, #6226 ) ) ;
#207 = VECTOR ( 'NONE', #853, 1000.000000000000000 ) ;
#208 = FACE_OUTER_BOUND ( 'NONE', #1243, .T. ) ;
#209 = ORIENTED_EDGE ( 'NONE', *, *, #2506, .T. ) ;
#210 = DIRECTION ( 'NONE',  ( 0.000000000000000000, 0.1391731009600654934, 0.9902680687415702510 ) ) ;
#211 = LINE ( 'NONE', #3505, #4989 ) ;
#212 = VERTEX_POINT ( 'NONE', #2456 ) ;
#213 =( LENGTH_UNIT ( ) NAMED_UNIT ( * ) SI_UNIT ( .MILLI., .METRE. ) );
#214 = ORIENTED_EDGE ( 'NONE', *, *, #1127, .F. ) ;
#215 = CARTESIAN_POINT ( 'NONE',  ( -4.015000000000001457, -0.5215016595598557236, 2.434951625771963890 ) ) ;
#216 =( LENGTH_UNIT ( ) NAMED_UNIT ( * ) SI_UNIT ( .MILLI., .METRE. ) );
#217 = CARTESIAN_POINT ( 'NONE',  ( -4.015000000000001457, 49479.30106375052128, 352064.5269506160403 ) ) ;
#218 = VERTEX_POINT ( 'NONE', #3386 ) ;
#219 = DIRECTION ( 'NONE',  ( 0.000000000000000000, 0.1391731009600654934, 0.9902680687415702510 ) ) ;
#220 = EDGE_LOOP ( 'NONE', ( #603, #5933, #4750, #1060 ) ) ;
#221 = LINE ( 'NONE', #5425, #2909 ) ;
#222 = EDGE_CURVE ( 'NONE', #2602, #3640, #5736, .T. ) ;
#223 = LINE ( 'NONE', #4532, #4316 ) ;
#224 = FILL_AREA_STYLE_COLOUR ( '', #240 ) ;
#225 = DIRECTION ( 'NONE',  ( 0.000000000000000000, 0.000000000000000000, -1.000000000000000000 ) ) ;
#226 = ORIENTED_EDGE ( 'NONE', *, *, #3709, .F. ) ;
#227 = EDGE_CURVE ( 'NONE', #1901, #5158, #6077, .T. ) ;
#228 = STYLED_ITEM ( 'NONE', ( #1273 ), #2728 ) ;
#229 = LINE ( 'NONE', #168, #3531 ) ;
#230 = FILL_AREA_STYLE ('',( #1169 ) ) ;
#231 = VERTEX_POINT ( 'NONE', #3658 ) ;
#232 = LINE ( 'NONE', #4575, #3834 ) ;
#233 =( NAMED_UNIT ( * ) PLANE_ANGLE_UNIT ( ) SI_UNIT ( $, .RADIAN. ) );
#234 = DIRECTION ( 'NONE',  ( 0.000000000000000000, -1.224646799147353700E-16, 1.000000000000000000 ) ) ;
#235 = VERTEX_POINT ( 'NONE', #4704 ) ;
#236 = FILL_AREA_STYLE ('',( #1728 ) ) ;
#237 = DIRECTION ( 'NONE',  ( 1.000000000000000000, 0.000000000000000000, 0.000000000000000000 ) ) ;
#238 = CARTESIAN_POINT ( 'NONE',  ( 0.2049999999999991274, -0.5215016595598550575, -2.434951625771963890 ) ) ;
#239 = ORIENTED_EDGE ( 'NONE', *, *, #3656, .T. ) ;
#240 = COLOUR_RGB ( '',1.000000000000000000, 1.000000000000000000, 1.000000000000000000 ) ;
#241 = SURFACE_STYLE_FILL_AREA ( #4493 ) ;
#242 = VERTEX_POINT ( 'NONE', #3282 ) ;
#243 = CARTESIAN_POINT ( 'NONE',  ( 2.334999999999999520, -0.6576635190569390943, -2.415815324525283359 ) ) ;
#244 =( NAMED_UNIT ( * ) PLANE_ANGLE_UNIT ( ) SI_UNIT ( $, .RADIAN. ) );
#245 =( GEOMETRIC_REPRESENTATION_CONTEXT ( 3 ) GLOBAL_UNCERTAINTY_ASSIGNED_CONTEXT ( ( #745 ) ) GLOBAL_UNIT_ASSIGNED_CONTEXT ( ( #1986, #4915, #4373 ) ) REPRESENTATION_CONTEXT ( 'NONE', 'WORKASPACE' ) );
#246 = DIRECTION ( 'NONE',  ( 0.000000000000000000, -1.224646799147353700E-16, 1.000000000000000000 ) ) ;
#247 = PRESENTATION_STYLE_ASSIGNMENT (( #6023 ) ) ;
#248 =( LENGTH_UNIT ( ) NAMED_UNIT ( * ) SI_UNIT ( .MILLI., .METRE. ) );
#249 = FILL_AREA_STYLE_COLOUR ( '', #198 ) ;
#250 = ORIENTED_EDGE ( 'NONE', *, *, #3750, .F. ) ;
#251 = ADVANCED_FACE ( 'NONE', ( #5160 ), #4193, .F. ) ;
#252 =( NAMED_UNIT ( * ) PLANE_ANGLE_UNIT ( ) SI_UNIT ( $, .RADIAN. ) );
#253 = SURFACE_STYLE_FILL_AREA ( #5721 ) ;
#254 = PLANE ( 'NONE',  #4740 ) ;
#255 = EDGE_CURVE ( 'NONE', #3336, #2494, #4222, .T. ) ;
#256 = DIRECTION ( 'NONE',  ( 1.000000000000000000, 0.000000000000000000, 0.000000000000000000 ) ) ;
#257 = VERTEX_POINT ( 'NONE', #4615 ) ;
#258 = DIRECTION ( 'NONE',  ( 0.000000000000000000, -0.1391731009600658264, 0.9902680687415702510 ) ) ;
#259 = ORIENTED_EDGE ( 'NONE', *, *, #4089, .F. ) ;
#260 = VECTOR ( 'NONE', #4824, 1000.000000000000000 ) ;
#261 = EDGE_CURVE ( 'NONE', #2079, #218, #2286, .T. ) ;
#262 = SURFACE_STYLE_FILL_AREA ( #2158 ) ;
#263 =( GEOMETRIC_REPRESENTATION_CONTEXT ( 3 ) GLOBAL_UNCERTAINTY_ASSIGNED_CONTEXT ( ( #2088 ) ) GLOBAL_UNIT_ASSIGNED_CONTEXT ( ( #3935, #1958, #4856 ) ) REPRESENTATION_CONTEXT ( 'NONE', 'WORKASPACE' ) );
#264 = VECTOR ( 'NONE', #3819, 1000.000000000000000 ) ;
#265 = ORIENTED_EDGE ( 'NONE', *, *, #5491, .T. ) ;
#266 = SURFACE_STYLE_USAGE ( .BOTH. , #3697 ) ;
#267 = LINE ( 'NONE', #4677, #3659 ) ;
#268 = DIRECTION ( 'NONE',  ( 0.000000000000000000, 0.000000000000000000, -1.000000000000000000 ) ) ;
#269 = ORIENTED_EDGE ( 'NONE', *, *, #1032, .T. ) ;
#270 = CARTESIAN_POINT ( 'NONE',  ( 2.744999999999999662, -0.7366484560549224625, -2.977822353784631559 ) ) ;
#271 = EDGE_LOOP ( 'NONE', ( #3204, #91, #3869, #1153 ) ) ;
#272 = STYLED_ITEM ( 'NONE', ( #5741 ), #3353 ) ;
#273 = CYLINDRICAL_SURFACE ( 'NONE', #5878, 0.1375000000000000389 ) ;
#274 = SURFACE_STYLE_USAGE ( .BOTH. , #815 ) ;
#275 =( GEOMETRIC_REPRESENTATION_CONTEXT ( 3 ) GLOBAL_UNCERTAINTY_ASSIGNED_CONTEXT ( ( #4240 ) ) GLOBAL_UNIT_ASSIGNED_CONTEXT ( ( #1495, #486, #3465 ) ) REPRESENTATION_CONTEXT ( 'NONE', 'WORKASPACE' ) );
#276 =( GEOMETRIC_REPRESENTATION_CONTEXT ( 3 ) GLOBAL_UNCERTAINTY_ASSIGNED_CONTEXT ( ( #1641 ) ) GLOBAL_UNIT_ASSIGNED_CONTEXT ( ( #88, #6027, #3953 ) ) REPRESENTATION_CONTEXT ( 'NONE', 'WORKASPACE' ) );
#277 =( NAMED_UNIT ( * ) SI_UNIT ( $, .STERADIAN. ) SOLID_ANGLE_UNIT ( ) );
#278 = DIRECTION ( 'NONE',  ( 0.000000000000000000, -1.224646799147353700E-16, 1.000000000000000000 ) ) ;
#279 = ADVANCED_FACE ( 'NONE', ( #3696 ), #5072, .T. ) ;
#280 =( GEOMETRIC_REPRESENTATION_CONTEXT ( 3 ) GLOBAL_UNCERTAINTY_ASSIGNED_CONTEXT ( ( #4067 ) ) GLOBAL_UNIT_ASSIGNED_CONTEXT ( ( #841, #809, #361 ) ) REPRESENTATION_CONTEXT ( 'NONE', 'WORKASPACE' ) );
#281 = CARTESIAN_POINT ( 'NONE',  ( 0.2049999999999991274, -0.04999999999999946154, -2.276307518992031209 ) ) ;
#282 = EDGE_CURVE ( 'NONE', #863, #6232, #2701, .T. ) ;
#283 = ORIENTED_EDGE ( 'NONE', *, *, #3173, .F. ) ;
#284 = AXIS2_PLACEMENT_3D ( 'NONE', #69, #1985, #1523 ) ;
#285 = CARTESIAN_POINT ( 'NONE',  ( 3.604999999999999094, -0.6576635190118217400, 2.415815324389956498 ) ) ;
#286 = AXIS2_PLACEMENT_3D ( 'NONE', #3208, #1301, #3623 ) ;
#287 = DIRECTION ( 'NONE',  ( 0.000000000000000000, 0.000000000000000000, -1.000000000000000000 ) ) ;
#288 = COLOUR_RGB ( '',1.000000000000000000, 1.000000000000000000, 1.000000000000000000 ) ;
#289 = ORIENTED_EDGE ( 'NONE', *, *, #637, .F. ) ;
#290 =( NAMED_UNIT ( * ) PLANE_ANGLE_UNIT ( ) SI_UNIT ( $, .RADIAN. ) );
#291 = ADVANCED_FACE ( 'NONE', ( #4195 ), #1239, .T. ) ;
#292 = PLANE ( 'NONE',  #3945 ) ;
#293 =( LENGTH_UNIT ( ) NAMED_UNIT ( * ) SI_UNIT ( .MILLI., .METRE. ) );
#294 = EDGE_CURVE ( 'NONE', #2854, #3960, #5181, .T. ) ;
#295 = CARTESIAN_POINT ( 'NONE',  ( 1.064999999999999059, 0.08749999994315657559, 400000.0000000000000 ) ) ;
#296 = LINE ( 'NONE', #2182, #3725 ) ;
#297 = ORIENTED_EDGE ( 'NONE', *, *, #5533, .F. ) ;
#298 = EDGE_CURVE ( 'NONE', #1716, #2935, #899, .T. ) ;
#299 = CARTESIAN_POINT ( 'NONE',  ( -1.475000000000000977, -60775.81455996134173, 432440.1270694187842 ) ) ;
#300 = SURFACE_STYLE_USAGE ( .BOTH. , #2664 ) ;
#301 = CARTESIAN_POINT ( 'NONE',  ( -3.794868026377201442, 0.6149999999999999911, 1.046248661278872172 ) ) ;
#302 = DIRECTION ( 'NONE',  ( 0.000000000000000000, 0.000000000000000000, -1.000000000000000000 ) ) ;
#303 = VERTEX_POINT ( 'NONE', #2315 ) ;
#304 = UNCERTAINTY_MEASURE_WITH_UNIT (LENGTH_MEASURE( 1.000000000000000082E-05 ), #5994, 'distance_accuracy_value', 'NONE');
#305 = ORIENTED_EDGE ( 'NONE', *, *, #1065, .T. ) ;
#306 =( NAMED_UNIT ( * ) PLANE_ANGLE_UNIT ( ) SI_UNIT ( $, .RADIAN. ) );
#307 = SURFACE_STYLE_FILL_AREA ( #5074 ) ;
#308 = SURFACE_STYLE_USAGE ( .BOTH. , #3194 ) ;
#309 = FACE_OUTER_BOUND ( 'NONE', #5179, .T. ) ;
#310 = UNCERTAINTY_MEASURE_WITH_UNIT (LENGTH_MEASURE( 1.000000000000000082E-05 ), #5017, 'distance_accuracy_value', 'NONE');
#311 = FACE_OUTER_BOUND ( 'NONE', #4395, .T. ) ;
#312 = ORIENTED_EDGE ( 'NONE', *, *, #2426, .T. ) ;
#313 = LINE ( 'NONE', #5173, #3727 ) ;
#314 = MECHANICAL_DESIGN_GEOMETRIC_PRESENTATION_REPRESENTATION (  '', ( #732 ), #4991 ) ;
#315 = LINE ( 'NONE', #5271, #6038 ) ;
#316 = DIRECTION ( 'NONE',  ( 0.000000000000000000, -0.1391731009600658264, 0.9902680687415702510 ) ) ;
#317 = VERTEX_POINT ( 'NONE', #2724 ) ;
#318 = SURFACE_STYLE_USAGE ( .BOTH. , #1268 ) ;
#319 = LINE ( 'NONE', #765, #191 ) ;
#320 = ORIENTED_EDGE ( 'NONE', *, *, #2603, .F. ) ;
#321 = VECTOR ( 'NONE', #5095, 1000.000000000000000 ) ;
#322 = DIRECTION ( 'NONE',  ( 0.000000000000000000, 0.9925461516413218721, 0.1218693434051480867 ) ) ;
#323 =( NAMED_UNIT ( * ) SI_UNIT ( $, .STERADIAN. ) SOLID_ANGLE_UNIT ( ) );
#324 = MECHANICAL_DESIGN_GEOMETRIC_PRESENTATION_REPRESENTATION (  '', ( #4683 ), #1938 ) ;
#325 = LINE ( 'NONE', #2250, #3081 ) ;
#326 = SURFACE_SIDE_STYLE ('',( #5594 ) ) ;
#327 = ORIENTED_EDGE ( 'NONE', *, *, #2761, .T. ) ;
#328 = EDGE_CURVE ( 'NONE', #523, #4958, #6099, .T. ) ;
#329 = SURFACE_STYLE_FILL_AREA ( #236 ) ;
#330 = VECTOR ( 'NONE', #811, 1000.000000000000114 ) ;
#331 = FILL_AREA_STYLE ('',( #3122 ) ) ;
#332 = CARTESIAN_POINT ( 'NONE',  ( 2.334999999999999520, -0.5382586941777844913, -2.298476529901449794 ) ) ;
#333 = EDGE_CURVE ( 'NONE', #64, #4727, #3276, .T. ) ;
#334 = CARTESIAN_POINT ( 'NONE',  ( 4.014999999999999680, -0.5215016595598550575, -2.434951625771963890 ) ) ;
#335 = ORIENTED_EDGE ( 'NONE', *, *, #3903, .T. ) ;
#336 = CARTESIAN_POINT ( 'NONE',  ( -2.745000000000000995, 0.08749999999999998057, 2.276307519084131759 ) ) ;
#337 = STYLED_ITEM ( 'NONE', ( #3105 ), #502 ) ;
#338 = ORIENTED_EDGE ( 'NONE', *, *, #5075, .F. ) ;
#339 = STYLED_ITEM ( 'NONE', ( #612 ), #688 ) ;
#340 =( LENGTH_UNIT ( ) NAMED_UNIT ( * ) SI_UNIT ( .MILLI., .METRE. ) );
#341 = CARTESIAN_POINT ( 'NONE',  ( -3.794868026377201442, 0.6149999999999999911, 1.179246372483681027 ) ) ;
#342 = ORIENTED_EDGE ( 'NONE', *, *, #804, .F. ) ;
#343 = VECTOR ( 'NONE', #1350, 1000.000000000000227 ) ;
#344 = CARTESIAN_POINT ( 'NONE',  ( 0.2049999999999991274, -0.08750000005684341331, 400000.0000000000000 ) ) ;
#345 = CARTESIAN_POINT ( 'NONE',  ( 1.064999999999999059, -0.08750000000645741238, -2.243130321563313601 ) ) ;
#346 = CARTESIAN_POINT ( 'NONE',  ( 4.014999999999999680, -0.05000000000000001665, 2.276307518992031209 ) ) ;
#347 = SURFACE_STYLE_USAGE ( .BOTH. , #2745 ) ;
#348 = LINE ( 'NONE', #1355, #2992 ) ;
#349 = SURFACE_SIDE_STYLE ('',( #760 ) ) ;
#350 = ORIENTED_EDGE ( 'NONE', *, *, #3156, .F. ) ;
#351 = CARTESIAN_POINT ( 'NONE',  ( 3.604999999999999094, -0.5633515439456004970, 3.002177646067138994 ) ) ;
#352 = VECTOR ( 'NONE', #4498, 1000.000000000000227 ) ;
#353 = CARTESIAN_POINT ( 'NONE',  ( -2.745000000000000995, -0.7366484559696573342, 2.977822353386727627 ) ) ;
#354 = VERTEX_POINT ( 'NONE', #396 ) ;
#355 = PRESENTATION_STYLE_ASSIGNMENT (( #803 ) ) ;
#356 = PRESENTATION_LAYER_ASSIGNMENT (  '', '', ( #3080 ) ) ;
#357 =( LENGTH_UNIT ( ) NAMED_UNIT ( * ) SI_UNIT ( .MILLI., .METRE. ) );
#358 = FILL_AREA_STYLE_COLOUR ( '', #5957 ) ;
#359 = STYLED_ITEM ( 'NONE', ( #5593 ), #1382 ) ;
#360 = VERTEX_POINT ( 'NONE', #1753 ) ;
#361 =( NAMED_UNIT ( * ) SI_UNIT ( $, .STERADIAN. ) SOLID_ANGLE_UNIT ( ) );
#362 = DIRECTION ( 'NONE',  ( 1.000000000000000000, 0.000000000000000000, 0.000000000000000000 ) ) ;
#363 = AXIS2_PLACEMENT_3D ( 'NONE', #3077, #3337, #4796 ) ;
#364 = SURFACE_STYLE_USAGE ( .BOTH. , #4707 ) ;
#365 = DIRECTION ( 'NONE',  ( 1.000000000000000000, 0.000000000000000000, 0.000000000000000000 ) ) ;
#366 = ORIENTED_EDGE ( 'NONE', *, *, #830, .F. ) ;
#367 = FACE_OUTER_BOUND ( 'NONE', #5144, .T. ) ;
#368 = COLOUR_RGB ( '',1.000000000000000000, 1.000000000000000000, 1.000000000000000000 ) ;
#369 = ADVANCED_FACE ( 'NONE', ( #6225 ), #2280, .T. ) ;
#370 = ORIENTED_EDGE ( 'NONE', *, *, #617, .F. ) ;
#371 = VECTOR ( 'NONE', #1987, 1000.000000000000000 ) ;
#372 = VECTOR ( 'NONE', #1896, 1000.000000000000114 ) ;
#373 = CARTESIAN_POINT ( 'NONE',  ( 3.604999999999999094, -0.08750000000715735249, -2.243130321568642671 ) ) ;
#374 = DIRECTION ( 'NONE',  ( 0.000000000000000000, 0.9902680687415703620, -0.1391731009600655211 ) ) ;
#375 = FILL_AREA_STYLE_COLOUR ( '', #5829 ) ;
#376 = UNCERTAINTY_MEASURE_WITH_UNIT (LENGTH_MEASURE( 1.000000000000000082E-05 ), #1178, 'distance_accuracy_value', 'NONE');
#377 = AXIS2_PLACEMENT_3D ( 'NONE', #2259, #1796, #2322 ) ;
#378 = ORIENTED_EDGE ( 'NONE', *, *, #4281, .F. ) ;
#379 = PLANE ( 'NONE',  #1698 ) ;
#380 = ADVANCED_FACE ( 'NONE', ( #5118 ), #1822, .T. ) ;
#382 = SURFACE_SIDE_STYLE ('',( #4177 ) ) ;
#381 = VECTOR ( 'NONE', #2533, 1000.000000000000114 ) ;
#383 = CARTESIAN_POINT ( 'NONE',  ( 3.604999999999999094, -0.04999999999999946154, -2.276307518992031209 ) ) ;
#384 = STYLED_ITEM ( 'NONE', ( #4285 ), #369 ) ;
#385 = AXIS2_PLACEMENT_3D ( 'NONE', #2625, #1597, #2561 ) ;
#386 = CARTESIAN_POINT ( 'NONE',  ( -2.745000000000000995, -0.6576635190569390943, -2.415815324525283359 ) ) ;
#387 = ORIENTED_EDGE ( 'NONE', *, *, #452, .F. ) ;
#388 = PRODUCT_DEFINITION ( 'UNKNOWN', '', #5428, #5508 ) ;
#389 = SURFACE_STYLE_USAGE ( .BOTH. , #1048 ) ;
#390 = STYLED_ITEM ( 'NONE', ( #3581 ), #5595 ) ;
#391 = PLANE ( 'NONE',  #3730 ) ;
#392 = AXIS2_PLACEMENT_3D ( 'NONE', #3269, #2239, #5203 ) ;
#393 = ORIENTED_EDGE ( 'NONE', *, *, #4245, .T. ) ;
#394 = DIRECTION ( 'NONE',  ( 0.000000000000000000, 0.000000000000000000, -1.000000000000000000 ) ) ;
#395 =( GEOMETRIC_REPRESENTATION_CONTEXT ( 3 ) GLOBAL_UNCERTAINTY_ASSIGNED_CONTEXT ( ( #3801 ) ) GLOBAL_UNIT_ASSIGNED_CONTEXT ( ( #5680, #6051, #1253 ) ) REPRESENTATION_CONTEXT ( 'NONE', 'WORKASPACE' ) );
#396 = CARTESIAN_POINT ( 'NONE',  ( -3.605000000000000870, -0.03324296528179307431, 2.412782614842713169 ) ) ;
#397 = COLOUR_RGB ( '',1.000000000000000000, 1.000000000000000000, 1.000000000000000000 ) ;
#398 = STYLED_ITEM ( 'NONE', ( #5696 ), #4948 ) ;
#399 = ORIENTED_EDGE ( 'NONE', *, *, #4988, .F. ) ;
#400 = AXIS2_PLACEMENT_3D ( 'NONE', #1520, #606, #5882 ) ;
#401 = SURFACE_STYLE_FILL_AREA ( #5770 ) ;
#402 = CARTESIAN_POINT ( 'NONE',  ( 2.334999999999999520, -0.6499999999718397703, 2.989999999840620148 ) ) ;
#403 = ORIENTED_EDGE ( 'NONE', *, *, #4882, .T. ) ;
#404 =( NAMED_UNIT ( * ) PLANE_ANGLE_UNIT ( ) SI_UNIT ( $, .RADIAN. ) );
#405 = VERTEX_POINT ( 'NONE', #14 ) ;
#406 = PRESENTATION_STYLE_ASSIGNMENT (( #2802 ) ) ;
#407 = PRESENTATION_STYLE_ASSIGNMENT (( #4754 ) ) ;
#408 =( NAMED_UNIT ( * ) PLANE_ANGLE_UNIT ( ) SI_UNIT ( $, .RADIAN. ) );
#409 = SURFACE_STYLE_FILL_AREA ( #3800 ) ;
#410 = SURFACE_SIDE_STYLE ('',( #4368 ) ) ;
#411 = ORIENTED_EDGE ( 'NONE', *, *, #4091, .T. ) ;
#412 =( LENGTH_UNIT ( ) NAMED_UNIT ( * ) SI_UNIT ( .MILLI., .METRE. ) );
#413 =( NAMED_UNIT ( * ) SI_UNIT ( $, .STERADIAN. ) SOLID_ANGLE_UNIT ( ) );
#414 = ADVANCED_FACE ( 'NONE', ( #1934 ), #3341, .F. ) ;
#415 = DIRECTION ( 'NONE',  ( 1.000000000000000000, 0.000000000000000000, 0.000000000000000000 ) ) ;
#416 = CARTESIAN_POINT ( 'NONE',  ( -4.015000000000001457, -0.4883712798715578174, -2.468665345089604557 ) ) ;
#417 = CARTESIAN_POINT ( 'NONE',  ( -1.065000000000000835, -0.08750000000785781995, 2.243130321517128323 ) ) ;
#418 = VERTEX_POINT ( 'NONE', #5894 ) ;
#419 = FACE_OUTER_BOUND ( 'NONE', #822, .T. ) ;
#420 = EDGE_CURVE ( 'NONE', #2792, #2871, #3907, .T. ) ;
#421 = EDGE_LOOP ( 'NONE', ( #1161, #869, #2329, #1000 ) ) ;
#422 = SURFACE_STYLE_FILL_AREA ( #3274 ) ;
#423 = SURFACE_STYLE_FILL_AREA ( #4669 ) ;
#424 = CARTESIAN_POINT ( 'NONE',  ( -0.2050000000000008760, -238883.7904503427853, -29333.47370393944584 ) ) ;
#425 = SURFACE_STYLE_FILL_AREA ( #5308 ) ;
#426 = VECTOR ( 'NONE', #3799, 1000.000000000000000 ) ;
#427 = ORIENTED_EDGE ( 'NONE', *, *, #2457, .T. ) ;
#428 = ORIENTED_EDGE ( 'NONE', *, *, #5859, .F. ) ;
#429 =( NAMED_UNIT ( * ) SI_UNIT ( $, .STERADIAN. ) SOLID_ANGLE_UNIT ( ) );
#430 = SURFACE_SIDE_STYLE ('',( #401 ) ) ;
#431 = LINE ( 'NONE', #1912, #3094 ) ;
#432 = CARTESIAN_POINT ( 'NONE',  ( -3.605000000000000870, -0.6499999999718397703, 2.989999999840620148 ) ) ;
#433 = ORIENTED_EDGE ( 'NONE', *, *, #6230, .F. ) ;
#434 = LINE ( 'NONE', #874, #1591 ) ;
#435 = PRESENTATION_LAYER_ASSIGNMENT (  '', '', ( #3655 ) ) ;
#436 = ORIENTED_EDGE ( 'NONE', *, *, #1996, .T. ) ;
#437 =( NAMED_UNIT ( * ) PLANE_ANGLE_UNIT ( ) SI_UNIT ( $, .RADIAN. ) );
#438 = CIRCLE ( 'NONE', #3991, 0.1375000000000000389 ) ;
#439 = UNCERTAINTY_MEASURE_WITH_UNIT (LENGTH_MEASURE( 1.000000000000000082E-05 ), #6100, 'distance_accuracy_value', 'NONE');
#440 = EDGE_LOOP ( 'NONE', ( #4155, #1618, #5947, #5383 ) ) ;
#441 = CARTESIAN_POINT ( 'NONE',  ( 2.334999999999999520, -0.5633515439456004970, 3.002177646067138994 ) ) ;
#442 = SURFACE_STYLE_USAGE ( .BOTH. , #1954 ) ;
#443 = COLOUR_RGB ( '',1.000000000000000000, 1.000000000000000000, 1.000000000000000000 ) ;
#444 = PLANE ( 'NONE',  #894 ) ;
#445 = SURFACE_SIDE_STYLE ('',( #4792 ) ) ;
#446 = CARTESIAN_POINT ( 'NONE',  ( 1.474999999999999423, -0.5633515440308656252, -3.002177646465042926 ) ) ;
#447 = ORIENTED_EDGE ( 'NONE', *, *, #3118, .F. ) ;
#448 = CARTESIAN_POINT ( 'NONE',  ( -3.794868026377201442, 0.6149999999999999911, 1.179246372483681027 ) ) ;
#449 = FACE_OUTER_BOUND ( 'NONE', #4330, .T. ) ;
#450 = UNCERTAINTY_MEASURE_WITH_UNIT (LENGTH_MEASURE( 1.000000000000000082E-05 ), #5816, 'distance_accuracy_value', 'NONE');
#451 = PRESENTATION_STYLE_ASSIGNMENT (( #3302 ) ) ;
#452 = EDGE_CURVE ( 'NONE', #6232, #2002, #2979, .T. ) ;
#453 = ORIENTED_EDGE ( 'NONE', *, *, #3981, .F. ) ;
#454 = CARTESIAN_POINT ( 'NONE',  ( 2.744999999999999662, -0.5633515440308656252, -3.002177646465042926 ) ) ;
#455 = MECHANICAL_DESIGN_GEOMETRIC_PRESENTATION_REPRESENTATION (  '', ( #5839 ), #3288 ) ;
#456 = DIRECTION ( 'NONE',  ( 1.000000000000000000, 0.000000000000000000, 0.000000000000000000 ) ) ;
#457 = FILL_AREA_STYLE ('',( #5338 ) ) ;
#458 =( GEOMETRIC_REPRESENTATION_CONTEXT ( 3 ) GLOBAL_UNCERTAINTY_ASSIGNED_CONTEXT ( ( #5709 ) ) GLOBAL_UNIT_ASSIGNED_CONTEXT ( ( #4139, #4168, #2295 ) ) REPRESENTATION_CONTEXT ( 'NONE', 'WORKASPACE' ) );
#459 = ORIENTED_EDGE ( 'NONE', *, *, #5242, .F. ) ;
#460 = EDGE_CURVE ( 'NONE', #2998, #2840, #5804, .T. ) ;
#461 = LINE ( 'NONE', #4324, #2200 ) ;
#462 =( NAMED_UNIT ( * ) SI_UNIT ( $, .STERADIAN. ) SOLID_ANGLE_UNIT ( ) );
#463 = LINE ( 'NONE', #497, #3412 ) ;
#464 = CARTESIAN_POINT ( 'NONE',  ( -1.065000000000000835, -0.03324296528179307431, 2.412782614842713169 ) ) ;
#465 = CARTESIAN_POINT ( 'NONE',  ( -0.2050000000000008760, -0.5215016595598557236, 2.434951625771963890 ) ) ;
#466 = ORIENTED_EDGE ( 'NONE', *, *, #5651, .T. ) ;
#467 = AXIS2_PLACEMENT_3D ( 'NONE', #3822, #3347, #4811 ) ;
#468 =( NAMED_UNIT ( * ) PLANE_ANGLE_UNIT ( ) SI_UNIT ( $, .RADIAN. ) );
#469 = ADVANCED_FACE ( 'NONE', ( #5305 ), #1498, .T. ) ;
#470 = ORIENTED_EDGE ( 'NONE', *, *, #5742, .T. ) ;
#471 = MECHANICAL_DESIGN_GEOMETRIC_PRESENTATION_REPRESENTATION (  '', ( #5221 ), #65 ) ;
#472 = FILL_AREA_STYLE_COLOUR ( '', #2666 ) ;
#473 = FACE_OUTER_BOUND ( 'NONE', #3766, .T. ) ;
#474 = COLOUR_RGB ( '',1.000000000000000000, 1.000000000000000000, 1.000000000000000000 ) ;
#475 = FACE_OUTER_BOUND ( 'NONE', #4360, .T. ) ;
#476 = ORIENTED_EDGE ( 'NONE', *, *, #4057, .T. ) ;
#477 = PRESENTATION_STYLE_ASSIGNMENT (( #4821 ) ) ;
#478 = DIRECTION ( 'NONE',  ( 1.000000000000000000, 0.000000000000000000, 0.000000000000000000 ) ) ;
#479 = FACE_OUTER_BOUND ( 'NONE', #1388, .T. ) ;
#480 = FILL_AREA_STYLE_COLOUR ( '', #474 ) ;
#481 = PRESENTATION_LAYER_ASSIGNMENT (  '', '', ( #3210 ) ) ;
#482 = LINE ( 'NONE', #1489, #2880 ) ;
#483 =( LENGTH_UNIT ( ) NAMED_UNIT ( * ) SI_UNIT ( .MILLI., .METRE. ) );
#484 = VERTEX_POINT ( 'NONE', #2590 ) ;
#485 = COLOUR_RGB ( '',1.000000000000000000, 1.000000000000000000, 1.000000000000000000 ) ;
#486 =( NAMED_UNIT ( * ) PLANE_ANGLE_UNIT ( ) SI_UNIT ( $, .RADIAN. ) );
#487 = CIRCLE ( 'NONE', #1097, 0.1329977112048087440 ) ;
#488 = VECTOR ( 'NONE', #4460, 1000.000000000000114 ) ;
#489 = SURFACE_STYLE_USAGE ( .BOTH. , #3445 ) ;
#490 = FACE_OUTER_BOUND ( 'NONE', #3241, .T. ) ;
#491 = AXIS2_PLACEMENT_3D ( 'NONE', #6049, #3544, #3660 ) ;
#492 = ORIENTED_EDGE ( 'NONE', *, *, #5412, .F. ) ;
#493 = VECTOR ( 'NONE', #4528, 1000.000000000000114 ) ;
#494 = CARTESIAN_POINT ( 'NONE',  ( -3.794868026377201442, 0.6149999999999999911, 1.312244083688489660 ) ) ;
#495 = ADVANCED_FACE ( 'NONE', ( #208 ), #3587, .T. ) ;
#496 = CARTESIAN_POINT ( 'NONE',  ( -1.065000000000000835, -0.05000000000000001665, 2.276307518992031209 ) ) ;
#497 = CARTESIAN_POINT ( 'NONE',  ( 2.334999999999999520, -0.03324296528179307431, 2.412782614842713169 ) ) ;
#498 = DIRECTION ( 'NONE',  ( 0.000000000000000000, -0.000000000000000000, 1.000000000000000000 ) ) ;
#499 = COLOUR_RGB ( '',1.000000000000000000, 1.000000000000000000, 1.000000000000000000 ) ;
#500 = EDGE_LOOP ( 'NONE', ( #3293, #1322, #3358, #978 ) ) ;
#501 = DIRECTION ( 'NONE',  ( 0.000000000000000000, 0.000000000000000000, -1.000000000000000000 ) ) ;
#502 = ADVANCED_FACE ( 'NONE', ( #5979 ), #2094, .T. ) ;
#503 = CLOSED_SHELL ( 'NONE', ( #4011, #2889, #2298, #6110, #6192, #4562, #2757, #4769, #1571, #2120, #2725, #1687, #6007, #2570 ) ) ;
#504 = PRESENTATION_LAYER_ASSIGNMENT (  '', '', ( #4454 ) ) ;
#505 = EDGE_LOOP ( 'NONE', ( #1216, #873, #436, #5854, #312, #1269, #5566, #3717, #46, #1195, #3726, #5539, #3109, #2899, #1684, #568 ) ) ;
#506 = FACE_OUTER_BOUND ( 'NONE', #776, .T. ) ;
#507 = CARTESIAN_POINT ( 'NONE',  ( -4.325000000000000178, 0.000000000000000000, 1.949999999999999512 ) ) ;
#508 = FACE_OUTER_BOUND ( 'NONE', #2577, .T. ) ;
#509 = UNCERTAINTY_MEASURE_WITH_UNIT (LENGTH_MEASURE( 1.000000000000000082E-05 ), #4279, 'distance_accuracy_value', 'NONE');
#510 =( NAMED_UNIT ( * ) PLANE_ANGLE_UNIT ( ) SI_UNIT ( $, .RADIAN. ) );
#511 = VERTEX_POINT ( 'NONE', #5923 ) ;
#512 = LINE ( 'NONE', #4822, #2499 ) ;
#513 = LINE ( 'NONE', #2938, #1087 ) ;
#514 = CARTESIAN_POINT ( 'NONE',  ( -4.015000000000001457, -60775.81455996134173, 432440.1270694187842 ) ) ;
#515 = PRESENTATION_STYLE_ASSIGNMENT (( #1928 ) ) ;
#516 = DIRECTION ( 'NONE',  ( -0.000000000000000000, 1.000000000000000000, 1.224646799147353700E-16 ) ) ;
#517 = ORIENTED_EDGE ( 'NONE', *, *, #298, .F. ) ;
#518 = DIRECTION ( 'NONE',  ( 0.000000000000000000, -0.1391731009600658264, 0.9902680687415702510 ) ) ;
#519 = DIRECTION ( 'NONE',  ( 0.000000000000000000, -0.1391731009600658264, 0.9902680687415702510 ) ) ;
#520 = SURFACE_STYLE_USAGE ( .BOTH. , #3853 ) ;
#521 = SURFACE_STYLE_FILL_AREA ( #457 ) ;
#522 =( NAMED_UNIT ( * ) SI_UNIT ( $, .STERADIAN. ) SOLID_ANGLE_UNIT ( ) );
#523 = VERTEX_POINT ( 'NONE', #1558 ) ;
#524 = LINE ( 'NONE', #5406, #1814 ) ;
#525 = DIRECTION ( 'NONE',  ( 1.000000000000000000, 0.000000000000000000, 0.000000000000000000 ) ) ;
#526 = CARTESIAN_POINT ( 'NONE',  ( 0.2049999999999991274, -335652.5273630752345, 41215.35688911744364 ) ) ;
#527 = PRESENTATION_STYLE_ASSIGNMENT (( #3416 ) ) ;
#528 = SURFACE_STYLE_FILL_AREA ( #2472 ) ;
#529 = ORIENTED_EDGE ( 'NONE', *, *, #3952, .F. ) ;
#530 = EDGE_CURVE ( 'NONE', #5679, #4095, #4008, .T. ) ;
#531 = VERTEX_POINT ( 'NONE', #3535 ) ;
#532 =( GEOMETRIC_REPRESENTATION_CONTEXT ( 3 ) GLOBAL_UNCERTAINTY_ASSIGNED_CONTEXT ( ( #139 ) ) GLOBAL_UNIT_ASSIGNED_CONTEXT ( ( #5387, #1479, #3892 ) ) REPRESENTATION_CONTEXT ( 'NONE', 'WORKASPACE' ) );
#533 =( LENGTH_UNIT ( ) NAMED_UNIT ( * ) SI_UNIT ( .MILLI., .METRE. ) );
#534 = EDGE_CURVE ( 'NONE', #4192, #2378, #5492, .T. ) ;
#535 = FILL_AREA_STYLE ('',( #472 ) ) ;
#536 = VECTOR ( 'NONE', #4012, 1000.000000000000000 ) ;
#537 = EDGE_LOOP ( 'NONE', ( #1628, #5085, #5279, #2321 ) ) ;
#538 = EDGE_CURVE ( 'NONE', #4095, #4908, #5466, .T. ) ;
#539 = SURFACE_STYLE_USAGE ( .BOTH. , #4884 ) ;
#540 = VECTOR ( 'NONE', #602, 1000.000000000000000 ) ;
#541 = LINE ( 'NONE', #5789, #3797 ) ;
#542 = CARTESIAN_POINT ( 'NONE',  ( 2.334999999999999520, -0.4883712798715578174, -2.468665345089604557 ) ) ;
#543 = FILL_AREA_STYLE ('',( #4888 ) ) ;
#544 = DIRECTION ( 'NONE',  ( 1.000000000000000000, 0.000000000000000000, 0.000000000000000000 ) ) ;
#545 = ORIENTED_EDGE ( 'NONE', *, *, #6247, .T. ) ;
#546 = STYLED_ITEM ( 'NONE', ( #2500 ), #469 ) ;
#547 = PLANE ( 'NONE',  #4938 ) ;
#548 = DIRECTION ( 'NONE',  ( 0.000000000000000000, -0.1391731009600658264, 0.9902680687415702510 ) ) ;
#549 = PRESENTATION_STYLE_ASSIGNMENT (( #4772 ) ) ;
#550 = STYLED_ITEM ( 'NONE', ( #2248 ), #380 ) ;
#551 = EDGE_LOOP ( 'NONE', ( #156, #259, #3440, #2040 ) ) ;
#552 = SURFACE_SIDE_STYLE ('',( #4868 ) ) ;
#553 = PLANE ( 'NONE',  #1973 ) ;
#554 = FILL_AREA_STYLE_COLOUR ( '', #5323 ) ;
#555 = ORIENTED_EDGE ( 'NONE', *, *, #2177, .T. ) ;
#556 = CARTESIAN_POINT ( 'NONE',  ( 4.014999999999999680, 49479.21441529450385, 352064.5391282623750 ) ) ;
#557 = EDGE_CURVE ( 'NONE', #5580, #4282, #6014, .T. ) ;
#558 =( GEOMETRIC_REPRESENTATION_CONTEXT ( 3 ) GLOBAL_UNCERTAINTY_ASSIGNED_CONTEXT ( ( #4494 ) ) GLOBAL_UNIT_ASSIGNED_CONTEXT ( ( #1256, #3671, #277 ) ) REPRESENTATION_CONTEXT ( 'NONE', 'WORKASPACE' ) );
#559 = VERTEX_POINT ( 'NONE', #829 ) ;
#560 = VECTOR ( 'NONE', #4611, 1000.000000000000000 ) ;
#561 = SURFACE_STYLE_FILL_AREA ( #3993 ) ;
#562 = ADVANCED_FACE ( 'NONE', ( #2683 ), #5233, .T. ) ;
#563 = CARTESIAN_POINT ( 'NONE',  ( -4.015000000000001457, -0.03324296520190728188, -2.412782614818809179 ) ) ;
#564 = EDGE_LOOP ( 'NONE', ( #2532, #103, #6111, #2128 ) ) ;
#565 = LINE ( 'NONE', #1078, #372 ) ;
#566 = UNCERTAINTY_MEASURE_WITH_UNIT (LENGTH_MEASURE( 1.000000000000000082E-05 ), #4719, 'distance_accuracy_value', 'NONE');
#567 = LINE ( 'NONE', #2049, #3947 ) ;
#568 = ORIENTED_EDGE ( 'NONE', *, *, #2029, .T. ) ;
#569 = FACE_OUTER_BOUND ( 'NONE', #1736, .T. ) ;
#570 = SURFACE_STYLE_USAGE ( .BOTH. , #3004 ) ;
#571 = EDGE_CURVE ( 'NONE', #1695, #2859, #1298, .T. ) ;
#572 = DIRECTION ( 'NONE',  ( 0.000000000000000000, 0.9925461516413218721, 0.1218693434051480867 ) ) ;
#573 =( NAMED_UNIT ( * ) SI_UNIT ( $, .STERADIAN. ) SOLID_ANGLE_UNIT ( ) );
#574 = COLOUR_RGB ( '',0.2980392156862745057, 0.2980392156862745057, 0.2980392156862745057 ) ;
#575 = DIRECTION ( 'NONE',  ( -0.08715574274765836016, -0.9961946980917455452, 0.000000000000000000 ) ) ;
#576 = UNCERTAINTY_MEASURE_WITH_UNIT (LENGTH_MEASURE( 1.000000000000000082E-05 ), #2617, 'distance_accuracy_value', 'NONE');
#577 =( NAMED_UNIT ( * ) SI_UNIT ( $, .STERADIAN. ) SOLID_ANGLE_UNIT ( ) );
#578 = PRESENTATION_LAYER_ASSIGNMENT (  '', '', ( #6252 ) ) ;
#579 = ORIENTED_EDGE ( 'NONE', *, *, #68, .T. ) ;
#580 = EDGE_CURVE ( 'NONE', #1476, #4234, #4695, .T. ) ;
#581 = DIRECTION ( 'NONE',  ( 0.000000000000000000, -1.224646799147353700E-16, 1.000000000000000000 ) ) ;
#582 = ADVANCED_FACE ( 'NONE', ( #5656 ), #1356, .F. ) ;
#583 = AXIS2_PLACEMENT_3D ( 'NONE', #2783, #3301, #4728 ) ;
#584 = SURFACE_STYLE_FILL_AREA ( #4922 ) ;
#585 = SURFACE_STYLE_USAGE ( .BOTH. , #2129 ) ;
#586 = DIRECTION ( 'NONE',  ( 0.000000000000000000, 0.1391731009600654934, 0.9902680687415702510 ) ) ;
#587 = DIRECTION ( 'NONE',  ( 1.000000000000000000, 0.000000000000000000, 0.000000000000000000 ) ) ;
#588 = ADVANCED_FACE ( 'NONE', ( #3203 ), #5690, .T. ) ;
#589 = STYLED_ITEM ( 'NONE', ( #120 ), #5895 ) ;
#590 = CARTESIAN_POINT ( 'NONE',  ( -2.335000000000001297, -0.5382586942780623884, -2.298476529921281930 ) ) ;
#591 = VECTOR ( 'NONE', #1966, 1000.000000000000000 ) ;
#592 = ORIENTED_EDGE ( 'NONE', *, *, #5827, .F. ) ;
#593 = DIRECTION ( 'NONE',  ( 1.000000000000000000, 0.000000000000000000, 0.000000000000000000 ) ) ;
#594 = AXIS2_PLACEMENT_3D ( 'NONE', #5849, #6214, #5366 ) ;
#595 = PRESENTATION_LAYER_ASSIGNMENT (  '', '', ( #1900 ) ) ;
#596 = ORIENTED_EDGE ( 'NONE', *, *, #4191, .F. ) ;
#597 = VECTOR ( 'NONE', #5526, 1000.000000000000000 ) ;
#598 = CARTESIAN_POINT ( 'NONE',  ( -2.745000000000000995, -238883.7691232077195, -29333.64739951598312 ) ) ;
#599 = MECHANICAL_DESIGN_GEOMETRIC_PRESENTATION_REPRESENTATION (  '', ( #1612 ), #4954 ) ;
#600 = MECHANICAL_DESIGN_GEOMETRIC_PRESENTATION_REPRESENTATION (  '', ( #5649 ), #3541 ) ;
#601 = CARTESIAN_POINT ( 'NONE',  ( -4.292108520983211939, 0.3759513254770625035, 1.917108520983211495 ) ) ;
#602 = DIRECTION ( 'NONE',  ( 1.000000000000000000, -0.000000000000000000, 0.000000000000000000 ) ) ;
#603 = ORIENTED_EDGE ( 'NONE', *, *, #2506, .F. ) ;
#604 = FILL_AREA_STYLE_COLOUR ( '', #2090 ) ;
#605 = AXIS2_PLACEMENT_3D ( 'NONE', #281, #725, #1742 ) ;
#606 = DIRECTION ( 'NONE',  ( -1.000000000000000000, 0.000000000000000000, 0.000000000000000000 ) ) ;
#607 = ORIENTED_EDGE ( 'NONE', *, *, #1333, .F. ) ;
#608 = AXIS2_PLACEMENT_3D ( 'NONE', #1791, #5599, #4194 ) ;
#609 =( LENGTH_UNIT ( ) NAMED_UNIT ( * ) SI_UNIT ( .MILLI., .METRE. ) );
#610 = CARTESIAN_POINT ( 'NONE',  ( 1.064999999999999059, -0.5215016595598550575, -2.434951625771963890 ) ) ;
#611 = DIRECTION ( 'NONE',  ( -0.000000000000000000, 1.000000000000000000, 1.224646799147353700E-16 ) ) ;
#612 = PRESENTATION_STYLE_ASSIGNMENT (( #2618 ) ) ;
#613 = CARTESIAN_POINT ( 'NONE',  ( -2.335000000000001297, -0.5382586940072542347, 2.298476529816184666 ) ) ;
#614 = ORIENTED_EDGE ( 'NONE', *, *, #1541, .F. ) ;
#615 = EDGE_CURVE ( 'NONE', #733, #6217, #5297, .T. ) ;
#616 = SURFACE_STYLE_USAGE ( .BOTH. , #1626 ) ;
#617 = EDGE_CURVE ( 'NONE', #714, #1421, #2431, .T. ) ;
#618 = LINE ( 'NONE', #3071, #1237 ) ;
#619 =( NAMED_UNIT ( * ) SI_UNIT ( $, .STERADIAN. ) SOLID_ANGLE_UNIT ( ) );
#620 = PRESENTATION_STYLE_ASSIGNMENT (( #4992 ) ) ;
#621 = CARTESIAN_POINT ( 'NONE',  ( -0.2050000000000008760, -60775.81455996134173, 432440.1270694187842 ) ) ;
#622 = DIRECTION ( 'NONE',  ( 0.000000000000000000, -0.1391731009600658264, 0.9902680687415702510 ) ) ;
#623 = ORIENTED_EDGE ( 'NONE', *, *, #1792, .T. ) ;
#624 = VERTEX_POINT ( 'NONE', #417 ) ;
#625 =( GEOMETRIC_REPRESENTATION_CONTEXT ( 3 ) GLOBAL_UNCERTAINTY_ASSIGNED_CONTEXT ( ( #4757 ) ) GLOBAL_UNIT_ASSIGNED_CONTEXT ( ( #357, #4648, #6167 ) ) REPRESENTATION_CONTEXT ( 'NONE', 'WORKASPACE' ) );
#626 = SURFACE_STYLE_FILL_AREA ( #127 ) ;
#627 =( NAMED_UNIT ( * ) PLANE_ANGLE_UNIT ( ) SI_UNIT ( $, .RADIAN. ) );
#628 =( NAMED_UNIT ( * ) SI_UNIT ( $, .STERADIAN. ) SOLID_ANGLE_UNIT ( ) );
#629 = VERTEX_POINT ( 'NONE', #1988 ) ;
#630 = LINE ( 'NONE', #4621, #979 ) ;
#631 = VECTOR ( 'NONE', #1701, 1000.000000000000227 ) ;
#632 = VERTEX_POINT ( 'NONE', #2402 ) ;
#633 = CARTESIAN_POINT ( 'NONE',  ( 2.334999999999999520, -60775.81455996134173, 432440.1270694187842 ) ) ;
#634 = DIRECTION ( 'NONE',  ( 0.000000000000000000, 0.9925461516413218721, 0.1218693434051480867 ) ) ;
#635 = CARTESIAN_POINT ( 'NONE',  ( -3.605000000000000870, -0.05000000000000001665, 2.276307518992031209 ) ) ;
#636 =( NAMED_UNIT ( * ) SI_UNIT ( $, .STERADIAN. ) SOLID_ANGLE_UNIT ( ) );
#637 = EDGE_CURVE ( 'NONE', #2946, #4484, #5820, .T. ) ;
#638 = UNCERTAINTY_MEASURE_WITH_UNIT (LENGTH_MEASURE( 1.000000000000000082E-05 ), #4572, 'distance_accuracy_value', 'NONE');
#639 =( LENGTH_UNIT ( ) NAMED_UNIT ( * ) SI_UNIT ( .MILLI., .METRE. ) );
#640 = ORIENTED_EDGE ( 'NONE', *, *, #3065, .F. ) ;
#641 = VECTOR ( 'NONE', #767, 1000.000000000000000 ) ;
#642 = CARTESIAN_POINT ( 'NONE',  ( -4.015000000000001457, -0.5633515439456004970, 3.002177646067138994 ) ) ;
#643 = CARTESIAN_POINT ( 'NONE',  ( 3.604999999999999094, -60775.81455996134173, 432440.1270694187842 ) ) ;
#644 = ADVANCED_FACE ( 'NONE', ( #3398 ), #921, .F. ) ;
#645 =( LENGTH_UNIT ( ) NAMED_UNIT ( * ) SI_UNIT ( .MILLI., .METRE. ) );
#646 = SURFACE_SIDE_STYLE ('',( #4928 ) ) ;
#647 = COLOUR_RGB ( '',1.000000000000000000, 1.000000000000000000, 1.000000000000000000 ) ;
#648 = DIRECTION ( 'NONE',  ( 0.000000000000000000, 0.1391731009600654934, 0.9902680687415702510 ) ) ;
#649 = ORIENTED_EDGE ( 'NONE', *, *, #5987, .T. ) ;
#650 = LINE ( 'NONE', #3988, #5646 ) ;
#651 = MECHANICAL_DESIGN_GEOMETRIC_PRESENTATION_REPRESENTATION (  '', ( #2258 ), #1751 ) ;
#652 = ORIENTED_EDGE ( 'NONE', *, *, #4089, .T. ) ;
#653 = ADVANCED_FACE ( 'NONE', ( #2845 ), #3364, .F. ) ;
#654 = DIRECTION ( 'NONE',  ( 0.000000000000000000, 0.9902680687415702510, -0.1391731009600654934 ) ) ;
#655 = SURFACE_STYLE_FILL_AREA ( #2044 ) ;
#656 = VECTOR ( 'NONE', #1777, 1000.000000000000000 ) ;
#657 = ORIENTED_EDGE ( 'NONE', *, *, #5457, .F. ) ;
#658 = CARTESIAN_POINT ( 'NONE',  ( 2.744999999999999218, -0.08750000005684341331, 400000.0000000000000 ) ) ;
#659 = ORIENTED_EDGE ( 'NONE', *, *, #2996, .F. ) ;
#660 = CARTESIAN_POINT ( 'NONE',  ( -1.065000000000000835, -0.03324296520190728188, -2.412782614818809179 ) ) ;
#661 = CARTESIAN_POINT ( 'NONE',  ( -2.745000000000000995, -0.7366484560549224625, -2.977822353784631559 ) ) ;
#662 = DIRECTION ( 'NONE',  ( 0.000000000000000000, 0.9925461516413218721, 0.1218693434051480867 ) ) ;
#663 =( NAMED_UNIT ( * ) PLANE_ANGLE_UNIT ( ) SI_UNIT ( $, .RADIAN. ) );
#664 = CARTESIAN_POINT ( 'NONE',  ( 2.334999999999999520, -0.7366484559696573342, 2.977822353386727627 ) ) ;
#665 = COLOUR_RGB ( '',1.000000000000000000, 1.000000000000000000, 1.000000000000000000 ) ;
#666 = SURFACE_STYLE_FILL_AREA ( #2089 ) ;
#667 = ORIENTED_EDGE ( 'NONE', *, *, #2531, .F. ) ;
#668 = CARTESIAN_POINT ( 'NONE',  ( -3.794868026377201442, 0.6149999999999999911, 1.179246372483681027 ) ) ;
#669 = VECTOR ( 'NONE', #1070, 1000.000000000000000 ) ;
#670 = SURFACE_SIDE_STYLE ('',( #2127 ) ) ;
#671 = VERTEX_POINT ( 'NONE', #664 ) ;
#672 = CARTESIAN_POINT ( 'NONE',  ( 0.2049999999999991274, -0.03324296520190728188, -2.412782614818809179 ) ) ;
#673 = PLANE ( 'NONE',  #997 ) ;
#674 = VECTOR ( 'NONE', #2366, 1000.000000000000000 ) ;
#675 = CIRCLE ( 'NONE', #6257, 0.1375000000000000389 ) ;
#676 = DIRECTION ( 'NONE',  ( 0.000000000000000000, 0.9925461516413218721, 0.1218693434051480867 ) ) ;
#677 = FILL_AREA_STYLE ('',( #4551 ) ) ;
#678 = LINE ( 'NONE', #713, #3295 ) ;
#679 = ORIENTED_EDGE ( 'NONE', *, *, #580, .T. ) ;
#680 = CIRCLE ( 'NONE', #5862, 0.1375000000000000389 ) ;
#681 = ORIENTED_EDGE ( 'NONE', *, *, #4912, .T. ) ;
#682 = VECTOR ( 'NONE', #4867, 1000.000000000000227 ) ;
#683 = EDGE_CURVE ( 'NONE', #5892, #2927, #111, .T. ) ;
#684 = PRESENTATION_LAYER_ASSIGNMENT (  '', '', ( #5150 ) ) ;
#685 =( NAMED_UNIT ( * ) SI_UNIT ( $, .STERADIAN. ) SOLID_ANGLE_UNIT ( ) );
#686 = DIRECTION ( 'NONE',  ( 0.000000000000000000, 0.1391731009600654934, 0.9902680687415702510 ) ) ;
#687 = CARTESIAN_POINT ( 'NONE',  ( 2.744999999999999218, -0.5382586940072542347, 2.298476529816184666 ) ) ;
#688 = ADVANCED_FACE ( 'NONE', ( #1647 ), #4029, .T. ) ;
#689 = CARTESIAN_POINT ( 'NONE',  ( -4.015000000000001457, 0.08749999999214273794, -2.276307518968678778 ) ) ;
#690 = PRESENTATION_LAYER_ASSIGNMENT (  '', '', ( #5238 ) ) ;
#691 = ORIENTED_EDGE ( 'NONE', *, *, #5424, .F. ) ;
#692 =( NAMED_UNIT ( * ) PLANE_ANGLE_UNIT ( ) SI_UNIT ( $, .RADIAN. ) );
#693 = UNCERTAINTY_MEASURE_WITH_UNIT (LENGTH_MEASURE( 1.000000000000000082E-05 ), #4132, 'distance_accuracy_value', 'NONE');
#694 = AXIS2_PLACEMENT_3D ( 'NONE', #1028, #2338, #4280 ) ;
#695 = EDGE_LOOP ( 'NONE', ( #1159, #1082, #1758, #1747 ) ) ;
#697 =( NAMED_UNIT ( * ) PLANE_ANGLE_UNIT ( ) SI_UNIT ( $, .RADIAN. ) );
#696 = PRESENTATION_LAYER_ASSIGNMENT (  '', '', ( #193 ) ) ;
#698 = STYLED_ITEM ( 'NONE', ( #2901 ), #4413 ) ;
#699 =( LENGTH_UNIT ( ) NAMED_UNIT ( * ) SI_UNIT ( .MILLI., .METRE. ) );
#700 = SURFACE_STYLE_USAGE ( .BOTH. , #1584 ) ;
#701 = CIRCLE ( 'NONE', #605, 0.1375000000000000389 ) ;
#702 = FILL_AREA_STYLE ('',( #4059 ) ) ;
#703 = CARTESIAN_POINT ( 'NONE',  ( -2.745000000000000995, -0.08749999997873590674, 2.243130321502917468 ) ) ;
#704 = AXIS2_PLACEMENT_3D ( 'NONE', #3084, #97, #157 ) ;
#705 = ORIENTED_EDGE ( 'NONE', *, *, #1744, .T. ) ;
#706 = VECTOR ( 'NONE', #2943, 1000.000000000000227 ) ;
#707 = CARTESIAN_POINT ( 'NONE',  ( 0.2049999999999991274, -0.5633515439456004970, 3.002177646067138994 ) ) ;
#708 = ORIENTED_EDGE ( 'NONE', *, *, #992, .F. ) ;
#709 = DIRECTION ( 'NONE',  ( 0.000000000000000000, -0.1391731009600658264, 0.9902680687415702510 ) ) ;
#710 = CARTESIAN_POINT ( 'NONE',  ( -0.2050000000000008760, 0.08749999999214273794, -2.276307518968678778 ) ) ;
#711 = ORIENTED_EDGE ( 'NONE', *, *, #182, .F. ) ;
#712 = FACE_OUTER_BOUND ( 'NONE', #271, .T. ) ;
#713 = CARTESIAN_POINT ( 'NONE',  ( 2.744999999999999662, 49479.30106375052128, 352064.5269506160403 ) ) ;
#714 = VERTEX_POINT ( 'NONE', #703 ) ;
#715 = CARTESIAN_POINT ( 'NONE',  ( -2.745000000000000995, -238883.7904503427853, -29333.47370393944584 ) ) ;
#716 = CARTESIAN_POINT ( 'NONE',  ( 2.744999999999999218, -60775.81455996134173, 432440.1270694187842 ) ) ;
#717 = ORIENTED_EDGE ( 'NONE', *, *, #3350, .F. ) ;
#718 = DIRECTION ( 'NONE',  ( 0.000000000000000000, 0.1391731009600654934, 0.9902680687415702510 ) ) ;
#719 = ADVANCED_FACE ( 'NONE', ( #1553 ), #1586, .F. ) ;
#720 = ORIENTED_EDGE ( 'NONE', *, *, #954, .T. ) ;
#721 = EDGE_CURVE ( 'NONE', #242, #4908, #3970, .T. ) ;
#722 = DIRECTION ( 'NONE',  ( 1.000000000000000000, 0.000000000000000000, 0.000000000000000000 ) ) ;
#723 =( NAMED_UNIT ( * ) SI_UNIT ( $, .STERADIAN. ) SOLID_ANGLE_UNIT ( ) );
#724 = CIRCLE ( 'NONE', #4263, 0.1375000000000000389 ) ;
#725 = DIRECTION ( 'NONE',  ( 1.000000000000000000, 0.000000000000000000, 0.000000000000000000 ) ) ;
#726 = ORIENTED_EDGE ( 'NONE', *, *, #1293, .F. ) ;
#727 = EDGE_CURVE ( 'NONE', #3788, #2069, #2528, .T. ) ;
#728 = AXIS2_PLACEMENT_3D ( 'NONE', #3859, #5282, #3448 ) ;
#729 = CARTESIAN_POINT ( 'NONE',  ( -2.335000000000001297, -0.6576635190118217400, 2.415815324389956498 ) ) ;
#730 = SURFACE_STYLE_FILL_AREA ( #1507 ) ;
#731 = ORIENTED_EDGE ( 'NONE', *, *, #4591, .F. ) ;
#732 = STYLED_ITEM ( 'NONE', ( #4321 ), #2864 ) ;
#733 = VERTEX_POINT ( 'NONE', #4628 ) ;
#734 = SURFACE_STYLE_FILL_AREA ( #1209 ) ;
#735 = MECHANICAL_DESIGN_GEOMETRIC_PRESENTATION_REPRESENTATION (  '', ( #1945 ), #2246 ) ;
#736 = SURFACE_STYLE_FILL_AREA ( #3249 ) ;
#737 = DIRECTION ( 'NONE',  ( -1.000000000000000000, 0.000000000000000000, -0.000000000000000000 ) ) ;
#738 = ORIENTED_EDGE ( 'NONE', *, *, #173, .T. ) ;
#739 =( GEOMETRIC_REPRESENTATION_CONTEXT ( 3 ) GLOBAL_UNCERTAINTY_ASSIGNED_CONTEXT ( ( #2024 ) ) GLOBAL_UNIT_ASSIGNED_CONTEXT ( ( #6094, #796, #4212 ) ) REPRESENTATION_CONTEXT ( 'NONE', 'WORKASPACE' ) );
#740 = EDGE_CURVE ( 'NONE', #1967, #2998, #3644, .T. ) ;
#741 = SURFACE_STYLE_FILL_AREA ( #5066 ) ;
#742 =( LENGTH_UNIT ( ) NAMED_UNIT ( * ) SI_UNIT ( .MILLI., .METRE. ) );
#743 = ORIENTED_EDGE ( 'NONE', *, *, #3832, .F. ) ;
#744 = DIRECTION ( 'NONE',  ( 1.000000000000000000, 0.000000000000000000, 0.000000000000000000 ) ) ;
#745 = UNCERTAINTY_MEASURE_WITH_UNIT (LENGTH_MEASURE( 1.000000000000000082E-05 ), #1986, 'distance_accuracy_value', 'NONE');
#746 = ORIENTED_EDGE ( 'NONE', *, *, #5905, .T. ) ;
#747 = CARTESIAN_POINT ( 'NONE',  ( 1.474999999999999423, -0.5215016595598550575, -2.434951625771963890 ) ) ;
#748 = EDGE_CURVE ( 'NONE', #3187, #931, #3745, .T. ) ;
#749 = DIRECTION ( 'NONE',  ( 0.000000000000000000, -1.224646799147353700E-16, 1.000000000000000000 ) ) ;
#750 = SURFACE_STYLE_USAGE ( .BOTH. , #1317 ) ;
#751 = CARTESIAN_POINT ( 'NONE',  ( -2.745000000000000995, -335652.5273630752345, 41215.35688911744364 ) ) ;
#752 = ORIENTED_EDGE ( 'NONE', *, *, #4417, .T. ) ;
#753 = STYLED_ITEM ( 'NONE', ( #5029 ), #6240 ) ;
#754 = FACE_OUTER_BOUND ( 'NONE', #2277, .T. ) ;
#755 = EDGE_CURVE ( 'NONE', #1654, #4278, #5169, .T. ) ;
#756 = CARTESIAN_POINT ( 'NONE',  ( -2.335000000000000853, -0.7366484560549224625, -2.977822353784631559 ) ) ;
#757 = DIRECTION ( 'NONE',  ( 0.000000000000000000, 0.9925461516413218721, 0.1218693434051480867 ) ) ;
#758 = CARTESIAN_POINT ( 'NONE',  ( 4.270319585296297404, -0.6250000000000000000, 0.000000000000000000 ) ) ;
#759 = COLOUR_RGB ( '',0.2980392156862745057, 0.2980392156862745057, 0.2980392156862745057 ) ;
#760 = SURFACE_STYLE_FILL_AREA ( #892 ) ;
#761 = PRESENTATION_LAYER_ASSIGNMENT (  '', '', ( #3503 ) ) ;
#762 = ORIENTED_EDGE ( 'NONE', *, *, #4788, .T. ) ;
#763 = CARTESIAN_POINT ( 'NONE',  ( 2.334999999999999520, -0.5633515439456004970, 3.002177646067138994 ) ) ;
#764 = ADVANCED_FACE ( 'NONE', ( #309 ), #1741, .T. ) ;
#765 = CARTESIAN_POINT ( 'NONE',  ( 3.604999999999999094, -0.03324296520190728188, -2.412782614818809179 ) ) ;
#766 = AXIS2_PLACEMENT_3D ( 'NONE', #2529, #2055, #3452 ) ;
#767 = DIRECTION ( 'NONE',  ( 0.000000000000000000, -1.224646799147353700E-16, 1.000000000000000000 ) ) ;
#768 = CARTESIAN_POINT ( 'NONE',  ( 1.064999999999999059, -0.5633515439456004970, 3.002177646067138994 ) ) ;
#769 = COLOUR_RGB ( '',1.000000000000000000, 1.000000000000000000, 1.000000000000000000 ) ;
#770 = VERTEX_POINT ( 'NONE', #3232 ) ;
#771 = FILL_AREA_STYLE_COLOUR ( '', #1602 ) ;
#772 = PRESENTATION_STYLE_ASSIGNMENT (( #6042 ) ) ;
#773 = VECTOR ( 'NONE', #3155, 1000.000000000000000 ) ;
#774 = DIRECTION ( 'NONE',  ( 0.000000000000000000, 0.1391731009600654934, 0.9902680687415702510 ) ) ;
#775 =( NAMED_UNIT ( * ) PLANE_ANGLE_UNIT ( ) SI_UNIT ( $, .RADIAN. ) );
#776 = EDGE_LOOP ( 'NONE', ( #4976, #3411, #2675, #5965 ) ) ;
#777 = DIRECTION ( 'NONE',  ( 1.000000000000000000, 0.000000000000000000, 0.000000000000000000 ) ) ;
#778 = ORIENTED_EDGE ( 'NONE', *, *, #3043, .T. ) ;
#779 = FACE_OUTER_BOUND ( 'NONE', #3224, .T. ) ;
#780 = VECTOR ( 'NONE', #3340, 1000.000000000000227 ) ;
#781 = PRESENTATION_LAYER_ASSIGNMENT (  '', '', ( #993 ) ) ;
#782 = CARTESIAN_POINT ( 'NONE',  ( 1.064999999999999059, 49479.30106375052128, 352064.5269506160403 ) ) ;
#783 = CARTESIAN_POINT ( 'NONE',  ( 1.474999999999999423, -0.6499999999718397703, 2.989999999840620148 ) ) ;
#784 = AXIS2_PLACEMENT_3D ( 'NONE', #2300, #2362, #4691 ) ;
#785 =( GEOMETRIC_REPRESENTATION_CONTEXT ( 3 ) GLOBAL_UNCERTAINTY_ASSIGNED_CONTEXT ( ( #6144 ) ) GLOBAL_UNIT_ASSIGNED_CONTEXT ( ( #2853, #4354, #1532 ) ) REPRESENTATION_CONTEXT ( 'NONE', 'WORKASPACE' ) );
#786 = CARTESIAN_POINT ( 'NONE',  ( 3.604999999999999094, -0.05000000000000001665, 2.276307518992031209 ) ) ;
#787 = ORIENTED_EDGE ( 'NONE', *, *, #4393, .T. ) ;
#788 =( GEOMETRIC_REPRESENTATION_CONTEXT ( 3 ) GLOBAL_UNCERTAINTY_ASSIGNED_CONTEXT ( ( #2772 ) ) GLOBAL_UNIT_ASSIGNED_CONTEXT ( ( #699, #2766, #5133 ) ) REPRESENTATION_CONTEXT ( 'NONE', 'WORKASPACE' ) );
#789 = AXIS2_PLACEMENT_3D ( 'NONE', #5230, #6253, #2841 ) ;
#790 = LINE ( 'NONE', #285, #5333 ) ;
#791 = MECHANICAL_DESIGN_GEOMETRIC_PRESENTATION_REPRESENTATION (  '', ( #4952 ), #3433 ) ;
#792 = PLANE ( 'NONE',  #3223 ) ;
#793 = LINE ( 'NONE', #2718, #656 ) ;
#794 = DIRECTION ( 'NONE',  ( 0.000000000000000000, -1.224646799147353700E-16, 1.000000000000000000 ) ) ;
#795 = STYLED_ITEM ( 'NONE', ( #5567 ), #5730 ) ;
#796 =( NAMED_UNIT ( * ) PLANE_ANGLE_UNIT ( ) SI_UNIT ( $, .RADIAN. ) );
#797 =( GEOMETRIC_REPRESENTATION_CONTEXT ( 3 ) GLOBAL_UNCERTAINTY_ASSIGNED_CONTEXT ( ( #310 ) ) GLOBAL_UNIT_ASSIGNED_CONTEXT ( ( #5017, #4550, #619 ) ) REPRESENTATION_CONTEXT ( 'NONE', 'WORKASPACE' ) );
#798 = ORIENTED_EDGE ( 'NONE', *, *, #3247, .F. ) ;
#799 = CARTESIAN_POINT ( 'NONE',  ( 2.334999999999999520, -60775.64126304931415, 432440.1514247114537 ) ) ;
#800 = EDGE_CURVE ( 'NONE', #4978, #3708, #5135, .T. ) ;
#801 = COLOUR_RGB ( '',1.000000000000000000, 1.000000000000000000, 1.000000000000000000 ) ;
#802 = ORIENTED_EDGE ( 'NONE', *, *, #1846, .F. ) ;
#803 = SURFACE_STYLE_USAGE ( .BOTH. , #4284 ) ;
#804 = EDGE_CURVE ( 'NONE', #5138, #2545, #4142, .T. ) ;
#805 = CARTESIAN_POINT ( 'NONE',  ( 1.064999999999999059, -0.5215016595598557236, 2.434951625771963890 ) ) ;
#806 = FACE_OUTER_BOUND ( 'NONE', #4997, .T. ) ;
#807 = LINE ( 'NONE', #1307, #3111 ) ;
#808 = ORIENTED_EDGE ( 'NONE', *, *, #850, .T. ) ;
#809 =( NAMED_UNIT ( * ) PLANE_ANGLE_UNIT ( ) SI_UNIT ( $, .RADIAN. ) );
#810 = LINE ( 'NONE', #6134, #3464 ) ;
#811 = DIRECTION ( 'NONE',  ( 0.000000000000000000, 0.1391731009600654934, 0.9902680687415702510 ) ) ;
#812 = ORIENTED_EDGE ( 'NONE', *, *, #4946, .F. ) ;
#813 = UNCERTAINTY_MEASURE_WITH_UNIT (LENGTH_MEASURE( 1.000000000000000082E-05 ), #3792, 'distance_accuracy_value', 'NONE');
#814 = ORIENTED_EDGE ( 'NONE', *, *, #5445, .F. ) ;
#815 = SURFACE_SIDE_STYLE ('',( #307 ) ) ;
#816 = EDGE_CURVE ( 'NONE', #4412, #2378, #1319, .T. ) ;
#817 = FACE_OUTER_BOUND ( 'NONE', #4421, .T. ) ;
#818 =( NAMED_UNIT ( * ) SI_UNIT ( $, .STERADIAN. ) SOLID_ANGLE_UNIT ( ) );
#819 = FILL_AREA_STYLE_COLOUR ( '', #5004 ) ;
#820 = UNCERTAINTY_MEASURE_WITH_UNIT (LENGTH_MEASURE( 1.000000000000000082E-05 ), #821, 'distance_accuracy_value', 'NONE');
#821 =( LENGTH_UNIT ( ) NAMED_UNIT ( * ) SI_UNIT ( .MILLI., .METRE. ) );
#822 = EDGE_LOOP ( 'NONE', ( #4673, #4587, #3562, #1446 ) ) ;
#823 = CARTESIAN_POINT ( 'NONE',  ( 4.324999999999999289, 0.000000000000000000, -1.950000000000000400 ) ) ;
#824 = DIRECTION ( 'NONE',  ( -1.000000000000000000, 0.000000000000000000, 0.000000000000000000 ) ) ;
#825 = MECHANICAL_DESIGN_GEOMETRIC_PRESENTATION_REPRESENTATION (  '', ( #5485 ), #4369 ) ;
#826 = ADVANCED_FACE ( 'NONE', ( #2771 ), #4717, .F. ) ;
#827 = PLANE ( 'NONE',  #2066 ) ;
#828 = CARTESIAN_POINT ( 'NONE',  ( 2.744999999999999218, -0.5215016595598557236, 2.434951625771963890 ) ) ;
#829 = CARTESIAN_POINT ( 'NONE',  ( -2.335000000000001297, 0.08749999999214218283, 2.276307519025522197 ) ) ;
#830 = EDGE_CURVE ( 'NONE', #2865, #531, #3891, .T. ) ;
#831 = EDGE_LOOP ( 'NONE', ( #2164, #5213, #4296, #652 ) ) ;
#832 = CARTESIAN_POINT ( 'NONE',  ( -1.065000000000000835, -335652.5486902103294, 41215.18319354090636 ) ) ;
#833 = DIRECTION ( 'NONE',  ( 0.000000000000000000, -0.9925461516413218721, 0.1218693434051480867 ) ) ;
#834 = ORIENTED_EDGE ( 'NONE', *, *, #227, .T. ) ;
#835 = VECTOR ( 'NONE', #3661, 1000.000000000000114 ) ;
#836 = FILL_AREA_STYLE_COLOUR ( '', #5884 ) ;
#837 = DIRECTION ( 'NONE',  ( 0.000000000000000000, 0.9902680687415703620, -0.1391731009600655211 ) ) ;
#838 = VECTOR ( 'NONE', #2926, 1000.000000000000227 ) ;
#839 = LINE ( 'NONE', #5668, #5142 ) ;
#840 = ORIENTED_EDGE ( 'NONE', *, *, #1625, .F. ) ;
#841 =( LENGTH_UNIT ( ) NAMED_UNIT ( * ) SI_UNIT ( .MILLI., .METRE. ) );
#842 = AXIS2_PLACEMENT_3D ( 'NONE', #4937, #2961, #5446 ) ;
#843 = FACE_OUTER_BOUND ( 'NONE', #5431, .T. ) ;
#844 = PLANE ( 'NONE',  #2640 ) ;
#845 = VERTEX_POINT ( 'NONE', #3356 ) ;
#846 = SURFACE_SIDE_STYLE ('',( #3188 ) ) ;
#847 = EDGE_CURVE ( 'NONE', #3066, #303, #6246, .T. ) ;
#848 = PRESENTATION_LAYER_ASSIGNMENT (  '', '', ( #2058 ) ) ;
#849 = ORIENTED_EDGE ( 'NONE', *, *, #3926, .T. ) ;
#850 = EDGE_CURVE ( 'NONE', #2371, #1214, #5008, .T. ) ;
#851 = VECTOR ( 'NONE', #6143, 1000.000000000000000 ) ;
#852 = DIRECTION ( 'NONE',  ( 0.000000000000000000, 0.1391731009600654934, 0.9902680687415702510 ) ) ;
#853 = DIRECTION ( 'NONE',  ( 1.000000000000000000, 0.000000000000000000, 0.000000000000000000 ) ) ;
#854 = ORIENTED_EDGE ( 'NONE', *, *, #5776, .F. ) ;
#855 = PRESENTATION_LAYER_ASSIGNMENT (  '', '', ( #2767 ) ) ;
#856 = FILL_AREA_STYLE ('',( #5200 ) ) ;
#857 = CARTESIAN_POINT ( 'NONE',  ( 2.334999999999999520, -60775.72791150532430, 432440.1392470651190 ) ) ;
#858 = CARTESIAN_POINT ( 'NONE',  ( -1.475000000000000977, 0.08749999999214218283, 2.276307519025522197 ) ) ;
#859 = DIRECTION ( 'NONE',  ( 0.000000000000000000, -1.224646799147353700E-16, 1.000000000000000000 ) ) ;
#860 = EDGE_LOOP ( 'NONE', ( #4166, #1798, #5991, #4544 ) ) ;
#861 = CYLINDRICAL_SURFACE ( 'NONE', #583, 0.1375000000000000389 ) ;
#862 = PRESENTATION_LAYER_ASSIGNMENT (  '', '', ( #1470 ) ) ;
#863 = VERTEX_POINT ( 'NONE', #5319 ) ;
#864 =( LENGTH_UNIT ( ) NAMED_UNIT ( * ) SI_UNIT ( .MILLI., .METRE. ) );
#865 = MECHANICAL_DESIGN_GEOMETRIC_PRESENTATION_REPRESENTATION (  '', ( #753 ), #3699 ) ;
#866 = PRESENTATION_STYLE_ASSIGNMENT (( #4124 ) ) ;
#867 = DIRECTION ( 'NONE',  ( 0.000000000000000000, 0.1391731009600654934, 0.9902680687415702510 ) ) ;
#868 = VECTOR ( 'NONE', #2432, 1000.000000000000000 ) ;
#869 = ORIENTED_EDGE ( 'NONE', *, *, #3480, .F. ) ;
#870 = CARTESIAN_POINT ( 'NONE',  ( 3.604999999999999094, -60775.81455996134173, 432440.1270694187842 ) ) ;
#871 = LINE ( 'NONE', #3765, #4165 ) ;
#872 = CARTESIAN_POINT ( 'NONE',  ( 2.334999999999999520, -0.6576635190569390943, -2.415815324525283359 ) ) ;
#873 = ORIENTED_EDGE ( 'NONE', *, *, #5412, .T. ) ;
#874 = CARTESIAN_POINT ( 'NONE',  ( -0.2050000000000008760, -0.7366484560549224625, -2.977822353784631559 ) ) ;
#875 = STYLED_ITEM ( 'NONE', ( #477 ), #4399 ) ;
#876 = EDGE_CURVE ( 'NONE', #3812, #134, #4847, .T. ) ;
#877 = EDGE_LOOP ( 'NONE', ( #4614, #453, #5755, #4223 ) ) ;
#878 = MECHANICAL_DESIGN_GEOMETRIC_PRESENTATION_REPRESENTATION (  '', ( #6041 ), #4476 ) ;
#879 = VECTOR ( 'NONE', #1765, 1000.000000000000000 ) ;
#880 = EDGE_CURVE ( 'NONE', #4230, #1073, #3864, .T. ) ;
#881 = CARTESIAN_POINT ( 'NONE',  ( 1.064999999999999059, -60775.81455996134173, 432440.1270694187842 ) ) ;
#882 = CARTESIAN_POINT ( 'NONE',  ( 1.474999999999999423, -0.5633515439456004970, 3.002177646067138994 ) ) ;
#883 = FILL_AREA_STYLE ('',( #1419 ) ) ;
#884 = UNCERTAINTY_MEASURE_WITH_UNIT (LENGTH_MEASURE( 1.000000000000000082E-05 ), #3811, 'distance_accuracy_value', 'NONE');
#885 = DIRECTION ( 'NONE',  ( -0.000000000000000000, 0.1391731009600655211, 0.9902680687415703620 ) ) ;
#886 = VERTEX_POINT ( 'NONE', #3326 ) ;
#887 = CARTESIAN_POINT ( 'NONE',  ( 0.2049999999999991274, -335652.5486902103294, 41215.18319354090636 ) ) ;
#888 = CARTESIAN_POINT ( 'NONE',  ( -2.335000000000001297, -60775.81455996134173, 432440.1270694187842 ) ) ;
#889 = VECTOR ( 'NONE', #3784, 1000.000000000000114 ) ;
#890 = COLOUR_RGB ( '',1.000000000000000000, 1.000000000000000000, 1.000000000000000000 ) ;
#891 = DIRECTION ( 'NONE',  ( 0.000000000000000000, 0.1391731009600654934, 0.9902680687415702510 ) ) ;
#892 = FILL_AREA_STYLE ('',( #2720 ) ) ;
#893 = ORIENTED_EDGE ( 'NONE', *, *, #2615, .T. ) ;
#894 = AXIS2_PLACEMENT_3D ( 'NONE', #5394, #3871, #3842 ) ;
#895 = ORIENTED_EDGE ( 'NONE', *, *, #4362, .F. ) ;
#896 = MECHANICAL_DESIGN_GEOMETRIC_PRESENTATION_REPRESENTATION (  '', ( #4844 ), #5876 ) ;
#897 = CARTESIAN_POINT ( 'NONE',  ( 1.474999999999999423, -60775.64126304931415, 432440.1514247114537 ) ) ;
#898 = STYLED_ITEM ( 'NONE', ( #972 ), #5619 ) ;
#899 = LINE ( 'NONE', #1305, #2800 ) ;
#900 =( GEOMETRIC_REPRESENTATION_CONTEXT ( 3 ) GLOBAL_UNCERTAINTY_ASSIGNED_CONTEXT ( ( #2394 ) ) GLOBAL_UNIT_ASSIGNED_CONTEXT ( ( #4004, #75, #4983 ) ) REPRESENTATION_CONTEXT ( 'NONE', 'WORKASPACE' ) );
#901 = CARTESIAN_POINT ( 'NONE',  ( 3.604999999999999094, 0.08749999994315657559, 400000.0000000000000 ) ) ;
#902 = FILL_AREA_STYLE ('',( #2346 ) ) ;
#903 = ORIENTED_EDGE ( 'NONE', *, *, #2957, .T. ) ;
#904 = CARTESIAN_POINT ( 'NONE',  ( -4.325000000000000178, 0.000000000000000000, 1.949999999999999512 ) ) ;
#905 = CARTESIAN_POINT ( 'NONE',  ( -2.335000000000001297, -0.08749999997803570295, -2.243130321559760887 ) ) ;
#906 = DIRECTION ( 'NONE',  ( 0.000000000000000000, 0.000000000000000000, -1.000000000000000000 ) ) ;
#907 = FACE_OUTER_BOUND ( 'NONE', #421, .T. ) ;
#908 = ORIENTED_EDGE ( 'NONE', *, *, #3952, .T. ) ;
#909 = LINE ( 'NONE', #1735, #2284 ) ;
#910 = ADVANCED_FACE ( 'NONE', ( #508 ), #5225, .T. ) ;
#911 = ORIENTED_EDGE ( 'NONE', *, *, #3199, .T. ) ;
#912 = EDGE_CURVE ( 'NONE', #115, #1837, #5844, .T. ) ;
#913 = FILL_AREA_STYLE ('',( #942 ) ) ;
#914 = FILL_AREA_STYLE_COLOUR ( '', #2036 ) ;
#915 = DIRECTION ( 'NONE',  ( 0.000000000000000000, 0.1391731009600654934, 0.9902680687415702510 ) ) ;
#916 = DIRECTION ( 'NONE',  ( 1.000000000000000000, 0.000000000000000000, 0.000000000000000000 ) ) ;
#917 = ORIENTED_EDGE ( 'NONE', *, *, #3704, .T. ) ;
#918 = LINE ( 'NONE', #887, #4314 ) ;
#919 = LINE ( 'NONE', #1957, #1964 ) ;
#920 = CARTESIAN_POINT ( 'NONE',  ( 4.014999999999999680, -238883.7691232077195, -29333.64739951598312 ) ) ;
#921 = PLANE ( 'NONE',  #2862 ) ;
#922 = ORIENTED_EDGE ( 'NONE', *, *, #1541, .T. ) ;
#923 = DIRECTION ( 'NONE',  ( 0.000000000000000000, 1.000000000000000000, 0.000000000000000000 ) ) ;
#924 = PLANE ( 'NONE',  #1810 ) ;
#925 = ADVANCED_FACE ( 'NONE', ( #3833 ), #2933, .T. ) ;
#926 = VERTEX_POINT ( 'NONE', #689 ) ;
#927 = EDGE_CURVE ( 'NONE', #3975, #1825, #3273, .T. ) ;
#928 = DIRECTION ( 'NONE',  ( 0.000000000000000000, -1.224646799147353700E-16, 1.000000000000000000 ) ) ;
#929 = PLANE ( 'NONE',  #385 ) ;
#930 = AXIS2_PLACEMENT_3D ( 'NONE', #5215, #3732, #4258 ) ;
#931 = VERTEX_POINT ( 'NONE', #1158 ) ;
#932 = LINE ( 'NONE', #4563, #6061 ) ;
#933 = STYLED_ITEM ( 'NONE', ( #527 ), #2644 ) ;
#934 = FILL_AREA_STYLE_COLOUR ( '', #2817 ) ;
#935 = CARTESIAN_POINT ( 'NONE',  ( 2.744999999999999218, -0.5215016595598550575, -2.434951625771963890 ) ) ;
#936 = CARTESIAN_POINT ( 'NONE',  ( 2.334999999999999520, -0.03324296520190728188, -2.412782614818809179 ) ) ;
#937 = FILL_AREA_STYLE ('',( #2384 ) ) ;
#938 = EDGE_LOOP ( 'NONE', ( #1471, #4835, #4025, #6196, #2547 ) ) ;
#939 = FILL_AREA_STYLE_COLOUR ( '', #3313 ) ;
#940 = ORIENTED_EDGE ( 'NONE', *, *, #927, .T. ) ;
#941 = VECTOR ( 'NONE', #2353, 1000.000000000000114 ) ;
#942 = FILL_AREA_STYLE_COLOUR ( '', #5735 ) ;
#943 = AXIS2_PLACEMENT_3D ( 'NONE', #1842, #256, #3778 ) ;
#944 = UNCERTAINTY_MEASURE_WITH_UNIT (LENGTH_MEASURE( 1.000000000000000082E-05 ), #4350, 'distance_accuracy_value', 'NONE');
#945 = DIRECTION ( 'NONE',  ( 1.000000000000000000, 0.000000000000000000, 0.000000000000000000 ) ) ;
#946 = VERTEX_POINT ( 'NONE', #2479 ) ;
#947 = EDGE_CURVE ( 'NONE', #4323, #2513, #1047, .T. ) ;
#948 = FACE_OUTER_BOUND ( 'NONE', #5322, .T. ) ;
#949 = LINE ( 'NONE', #5326, #4444 ) ;
#950 = CARTESIAN_POINT ( 'NONE',  ( -2.335000000000001297, -0.5633515439456004970, 3.002177646067138994 ) ) ;
#951 = LINE ( 'NONE', #2870, #2282 ) ;
#952 = ORIENTED_EDGE ( 'NONE', *, *, #1766, .T. ) ;
#953 = EDGE_LOOP ( 'NONE', ( #3485, #4849, #4549, #2455 ) ) ;
#954 = EDGE_CURVE ( 'NONE', #5903, #3571, #5990, .T. ) ;
#955 = FACE_OUTER_BOUND ( 'NONE', #6189, .T. ) ;
#956 = EDGE_CURVE ( 'NONE', #6170, #3921, #5418, .T. ) ;
#957 = COLOUR_RGB ( '',1.000000000000000000, 1.000000000000000000, 1.000000000000000000 ) ;
#958 = SURFACE_STYLE_USAGE ( .BOTH. , #991 ) ;
#959 = CARTESIAN_POINT ( 'NONE',  ( 3.604999999999999094, -0.03324296518320021127, -2.412782614830607297 ) ) ;
#960 =( LENGTH_UNIT ( ) NAMED_UNIT ( * ) SI_UNIT ( .MILLI., .METRE. ) );
#961 = COLOUR_RGB ( '',1.000000000000000000, 1.000000000000000000, 1.000000000000000000 ) ;
#962 = ORIENTED_EDGE ( 'NONE', *, *, #2213, .F. ) ;
#963 = DIRECTION ( 'NONE',  ( 0.08682659386424779191, 0.9924325091389669673, -0.08682659386424779191 ) ) ;
#964 = DIRECTION ( 'NONE',  ( -0.000000000000000000, 0.9902680687415702510, 0.1391731009600658264 ) ) ;
#965 = CARTESIAN_POINT ( 'NONE',  ( -3.605000000000000870, -0.08750000005684341331, 400000.0000000000000 ) ) ;
#966 = AXIS2_PLACEMENT_3D ( 'NONE', #3764, #5633, #2635 ) ;
#967 = EDGE_LOOP ( 'NONE', ( #492, #2912, #4106, #849 ) ) ;
#968 = MECHANICAL_DESIGN_GEOMETRIC_PRESENTATION_REPRESENTATION (  '', ( #2166 ), #5740 ) ;
#969 = CYLINDRICAL_SURFACE ( 'NONE', #5541, 0.1375000000000000389 ) ;
#970 = ORIENTED_EDGE ( 'NONE', *, *, #3287, .F. ) ;
#971 = STYLED_ITEM ( 'NONE', ( #2034 ), #1696 ) ;
#972 = PRESENTATION_STYLE_ASSIGNMENT (( #3829 ) ) ;
#973 = DIRECTION ( 'NONE',  ( -0.000000000000000000, 0.9902680687415702510, 0.1391731009600658264 ) ) ;
#974 = VECTOR ( 'NONE', #4145, 1000.000000000000227 ) ;
#975 = DIRECTION ( 'NONE',  ( 1.000000000000000000, -0.000000000000000000, 0.000000000000000000 ) ) ;
#976 = STYLED_ITEM ( 'NONE', ( #4309 ), #1848 ) ;
#977 = CARTESIAN_POINT ( 'NONE',  ( 3.604999999999999094, -0.6500000000286831892, -2.990000000067993824 ) ) ;
#978 = ORIENTED_EDGE ( 'NONE', *, *, #3252, .T. ) ;
#979 = VECTOR ( 'NONE', #219, 1000.000000000000114 ) ;
#980 = FILL_AREA_STYLE ('',( #4883 ) ) ;
#981 = CARTESIAN_POINT ( 'NONE',  ( -2.745000000000000995, 49479.30106375052128, 352064.5269506160403 ) ) ;
#982 = DIRECTION ( 'NONE',  ( 1.000000000000000000, 0.000000000000000000, 0.000000000000000000 ) ) ;
#983 = SURFACE_STYLE_FILL_AREA ( #543 ) ;
#984 = FILL_AREA_STYLE ('',( #1429 ) ) ;
#985 = FILL_AREA_STYLE ('',( #2848 ) ) ;
#986 = ORIENTED_EDGE ( 'NONE', *, *, #3786, .T. ) ;
#987 = CIRCLE ( 'NONE', #4530, 0.1375000000000000389 ) ;
#988 = FILL_AREA_STYLE ('',( #1902 ) ) ;
#989 = CARTESIAN_POINT ( 'NONE',  ( 1.474999999999999423, -335652.5486902103294, 41215.18319354090636 ) ) ;
#990 = AXIS2_PLACEMENT_3D ( 'NONE', #1528, #12, #4860 ) ;
#991 = SURFACE_SIDE_STYLE ('',( #584 ) ) ;
#992 = EDGE_CURVE ( 'NONE', #733, #1695, #4482, .T. ) ;
#993 = STYLED_ITEM ( 'NONE', ( #4634 ), #5926 ) ;
#994 = DIRECTION ( 'NONE',  ( 0.000000000000000000, 0.1218693434051481006, -0.9925461516413219831 ) ) ;
#995 =( NAMED_UNIT ( * ) PLANE_ANGLE_UNIT ( ) SI_UNIT ( $, .RADIAN. ) );
#996 = PRESENTATION_LAYER_ASSIGNMENT (  '', '', ( #4034 ) ) ;
#997 = AXIS2_PLACEMENT_3D ( 'NONE', #2130, #1147, #210 ) ;
#998 = EDGE_CURVE ( 'NONE', #4814, #3462, #99, .T. ) ;
#999 = VECTOR ( 'NONE', #6254, 1000.000000000000114 ) ;
#1000 = ORIENTED_EDGE ( 'NONE', *, *, #5457, .T. ) ;
#1001 = COLOUR_RGB ( '',1.000000000000000000, 1.000000000000000000, 1.000000000000000000 ) ;
#1002 = LINE ( 'NONE', #5899, #682 ) ;
#1003 = AXIS2_PLACEMENT_3D ( 'NONE', #3677, #1227, #4173 ) ;
#1004 = CARTESIAN_POINT ( 'NONE',  ( 1.064999999999999059, -0.08750000005684341331, 400000.0000000000000 ) ) ;
#1005 = DIRECTION ( 'NONE',  ( 0.000000000000000000, 0.000000000000000000, -1.000000000000000000 ) ) ;
#1006 = CARTESIAN_POINT ( 'NONE',  ( 4.324999999999999289, 0.000000000000000000, -1.950000000000000400 ) ) ;
#1007 = PRESENTATION_STYLE_ASSIGNMENT (( #2794 ) ) ;
#1008 = STYLED_ITEM ( 'NONE', ( #2643 ), #5614 ) ;
#1009 = ORIENTED_EDGE ( 'NONE', *, *, #4830, .F. ) ;
#1010 =( NAMED_UNIT ( * ) SI_UNIT ( $, .STERADIAN. ) SOLID_ANGLE_UNIT ( ) );
#1011 = VECTOR ( 'NONE', #676, 1000.000000000000227 ) ;
#1012 = CLOSED_SHELL ( 'NONE', ( #3518, #2864, #3353, #4063, #3191, #291, #2649, #1653, #4017, #2907, #4317, #3120, #3319, #5332, #1423, #5614, #119, #251 ) ) ;
#1013 =( GEOMETRIC_REPRESENTATION_CONTEXT ( 3 ) GLOBAL_UNCERTAINTY_ASSIGNED_CONTEXT ( ( #566 ) ) GLOBAL_UNIT_ASSIGNED_CONTEXT ( ( #4719, #5717, #1386 ) ) REPRESENTATION_CONTEXT ( 'NONE', 'WORKASPACE' ) );
#1014 = ADVANCED_FACE ( 'NONE', ( #5939 ), #3576, .F. ) ;
#1015 = ORIENTED_EDGE ( 'NONE', *, *, #800, .F. ) ;
#1016 =( NAMED_UNIT ( * ) SI_UNIT ( $, .STERADIAN. ) SOLID_ANGLE_UNIT ( ) );
#1017 = FACE_OUTER_BOUND ( 'NONE', #537, .T. ) ;
#1018 = UNCERTAINTY_MEASURE_WITH_UNIT (LENGTH_MEASURE( 1.000000000000000082E-05 ), #4331, 'distance_accuracy_value', 'NONE');
#1019 = SURFACE_STYLE_FILL_AREA ( #4402 ) ;
#1020 = ORIENTED_EDGE ( 'NONE', *, *, #5341, .F. ) ;
#1021 =( NAMED_UNIT ( * ) PLANE_ANGLE_UNIT ( ) SI_UNIT ( $, .RADIAN. ) );
#1022 = DIRECTION ( 'NONE',  ( -0.000000000000000000, 0.1391731009600655211, 0.9902680687415703620 ) ) ;
#1023 = PRESENTATION_STYLE_ASSIGNMENT (( #3934 ) ) ;
#1024 = DIRECTION ( 'NONE',  ( 1.000000000000000000, 0.000000000000000000, 0.000000000000000000 ) ) ;
#1025 = DIRECTION ( 'NONE',  ( -0.000000000000000000, 0.1391731009600655211, 0.9902680687415703620 ) ) ;
#1026 = CARTESIAN_POINT ( 'NONE',  ( -4.325000000000001066, 0.000000000000000000, -1.950000000000000400 ) ) ;
#1027 = UNCERTAINTY_MEASURE_WITH_UNIT (LENGTH_MEASURE( 1.000000000000000082E-05 ), #1130, 'distance_accuracy_value', 'NONE');
#1028 = CARTESIAN_POINT ( 'NONE',  ( -1.475000000000000977, -60775.81455996134173, 432440.1270694187842 ) ) ;
#1029 = ORIENTED_EDGE ( 'NONE', *, *, #1304, .T. ) ;
#1030 = ADVANCED_FACE ( 'NONE', ( #4022 ), #1615, .F. ) ;
#1031 = PRESENTATION_STYLE_ASSIGNMENT (( #4382 ) ) ;
#1032 = EDGE_CURVE ( 'NONE', #632, #3571, #2052, .T. ) ;
#1033 = CARTESIAN_POINT ( 'NONE',  ( -0.2050000000000008760, -0.6576635189929902481, 2.415815324354753102 ) ) ;
#1034 = CARTESIAN_POINT ( 'NONE',  ( 1.474999999999999423, -0.5382586940072542347, 2.298476529816184666 ) ) ;
#1035 = ORIENTED_EDGE ( 'NONE', *, *, #5937, .T. ) ;
#1036 = EDGE_CURVE ( 'NONE', #3657, #3189, #3168, .T. ) ;
#1037 = DIRECTION ( 'NONE',  ( 1.000000000000000000, -0.000000000000000000, 0.000000000000000000 ) ) ;
#1038 = AXIS2_PLACEMENT_3D ( 'NONE', #2114, #5001, #1574 ) ;
#1039 = LINE ( 'NONE', #4970, #4918 ) ;
#1040 = EDGE_LOOP ( 'NONE', ( #2921, #4495, #903, #738 ) ) ;
#1041 = ORIENTED_EDGE ( 'NONE', *, *, #2417, .T. ) ;
#1042 = PRESENTATION_LAYER_ASSIGNMENT (  '', '', ( #228 ) ) ;
#1043 = SURFACE_STYLE_FILL_AREA ( #5908 ) ;
#1044 = SURFACE_SIDE_STYLE ('',( #4341 ) ) ;
#1045 =( LENGTH_UNIT ( ) NAMED_UNIT ( * ) SI_UNIT ( .MILLI., .METRE. ) );
#1046 = EDGE_CURVE ( 'NONE', #5532, #1825, #3637, .T. ) ;
#1047 = LINE ( 'NONE', #563, #4283 ) ;
#1048 = SURFACE_SIDE_STYLE ('',( #5206 ) ) ;
#1049 = AXIS2_PLACEMENT_3D ( 'NONE', #5592, #2788, #1241 ) ;
#1050 = SURFACE_STYLE_FILL_AREA ( #3456 ) ;
#1051 = ORIENTED_EDGE ( 'NONE', *, *, #4802, .F. ) ;
#1052 = EDGE_CURVE ( 'NONE', #2347, #6147, #2162, .T. ) ;
#1053 = CARTESIAN_POINT ( 'NONE',  ( 1.064999999999999059, -0.6576635190569390943, -2.415815324525283359 ) ) ;
#1054 = COLOUR_RGB ( '',1.000000000000000000, 1.000000000000000000, 1.000000000000000000 ) ;
#1055 = LINE ( 'NONE', #1524, #4093 ) ;
#1056 = PRESENTATION_STYLE_ASSIGNMENT (( #2053 ) ) ;
#1057 = CARTESIAN_POINT ( 'NONE',  ( -1.475000000000000977, -0.5215016595598550575, -2.434951625771963890 ) ) ;
#1058 = DIRECTION ( 'NONE',  ( 0.000000000000000000, -0.1391731009600658264, 0.9902680687415702510 ) ) ;
#1059 = DIRECTION ( 'NONE',  ( 1.000000000000000000, -0.000000000000000000, 0.000000000000000000 ) ) ;
#1060 = ORIENTED_EDGE ( 'NONE', *, *, #4668, .T. ) ;
#1061 = COLOUR_RGB ( '',1.000000000000000000, 1.000000000000000000, 1.000000000000000000 ) ;
#1062 = PRESENTATION_LAYER_ASSIGNMENT (  '', '', ( #5306 ) ) ;
#1063 = CARTESIAN_POINT ( 'NONE',  ( 3.604999999999999094, -0.5633515440308656252, -3.002177646465042926 ) ) ;
#1064 = DIRECTION ( 'NONE',  ( 1.000000000000000000, -0.000000000000000000, 0.000000000000000000 ) ) ;
#1065 = EDGE_CURVE ( 'NONE', #4255, #2046, #2667, .T. ) ;
#1066 = ORIENTED_EDGE ( 'NONE', *, *, #998, .F. ) ;
#1067 = DIRECTION ( 'NONE',  ( 1.000000000000000000, 0.000000000000000000, 0.000000000000000000 ) ) ;
#1068 = AXIS2_PLACEMENT_3D ( 'NONE', #4855, #3459, #5395 ) ;
#1069 = LINE ( 'NONE', #3647, #4446 ) ;
#1070 = DIRECTION ( 'NONE',  ( 1.000000000000000000, -0.000000000000000000, 0.000000000000000000 ) ) ;
#1071 = SURFACE_SIDE_STYLE ('',( #5438 ) ) ;
#1072 = DIRECTION ( 'NONE',  ( 0.000000000000000000, 0.1218693434051481006, -0.9925461516413219831 ) ) ;
#1073 = VERTEX_POINT ( 'NONE', #2637 ) ;
#1074 = ORIENTED_EDGE ( 'NONE', *, *, #4662, .F. ) ;
#1075 = FILL_AREA_STYLE ('',( #5502 ) ) ;
#1076 = AXIS2_PLACEMENT_3D ( 'NONE', #1179, #6037, #5120 ) ;
#1077 = ORIENTED_EDGE ( 'NONE', *, *, #6066, .F. ) ;
#1078 = CARTESIAN_POINT ( 'NONE',  ( 2.744999999999999218, -0.6500000000286831892, -2.990000000067993824 ) ) ;
#1079 = EDGE_CURVE ( 'NONE', #1357, #1330, #2762, .T. ) ;
#1080 = UNCERTAINTY_MEASURE_WITH_UNIT (LENGTH_MEASURE( 1.000000000000000082E-05 ), #2152, 'distance_accuracy_value', 'NONE');
#1081 = LINE ( 'NONE', #3000, #5672 ) ;
#1082 = ORIENTED_EDGE ( 'NONE', *, *, #3926, .F. ) ;
#1083 = AXIS2_PLACEMENT_3D ( 'NONE', #6186, #3808, #6154 ) ;
#1084 = ADVANCED_FACE ( 'NONE', ( #6106 ), #5635, .T. ) ;
#1085 = LINE ( 'NONE', #5482, #3737 ) ;
#1086 = FACE_OUTER_BOUND ( 'NONE', #3489, .T. ) ;
#1087 = VECTOR ( 'NONE', #982, 1000.000000000000000 ) ;
#1088 =( NAMED_UNIT ( * ) PLANE_ANGLE_UNIT ( ) SI_UNIT ( $, .RADIAN. ) );
#1089 = UNCERTAINTY_MEASURE_WITH_UNIT (LENGTH_MEASURE( 1.000000000000000082E-05 ), #1274, 'distance_accuracy_value', 'NONE');
#1090 = CARTESIAN_POINT ( 'NONE',  ( -4.015000000000001457, -238883.7691232077195, -29333.64739951598312 ) ) ;
#1091 = AXIS2_PLACEMENT_3D ( 'NONE', #3776, #4852, #3430 ) ;
#1092 = ORIENTED_EDGE ( 'NONE', *, *, #3470, .F. ) ;
#1093 =( LENGTH_UNIT ( ) NAMED_UNIT ( * ) SI_UNIT ( .MILLI., .METRE. ) );
#1094 = PRESENTATION_LAYER_ASSIGNMENT (  '', '', ( #3205 ) ) ;
#1095 = LINE ( 'NONE', #5015, #1610 ) ;
#1096 = CARTESIAN_POINT ( 'NONE',  ( -4.325000000000001066, 0.000000000000000000, -1.950000000000000400 ) ) ;
#1097 = AXIS2_PLACEMENT_3D ( 'NONE', #668, #2092, #4540 ) ;
#1098 = CIRCLE ( 'NONE', #6267, 0.1375000000000000389 ) ;
#1099 = AXIS2_PLACEMENT_3D ( 'NONE', #870, #2758, #3151 ) ;
#1100 = STYLED_ITEM ( 'NONE', ( #2514 ), #3518 ) ;
#1101 = DIRECTION ( 'NONE',  ( 0.000000000000000000, 1.000000000000000000, 0.000000000000000000 ) ) ;
#1102 = CARTESIAN_POINT ( 'NONE',  ( 2.334999999999999520, -238883.7691232077195, -29333.64739951598312 ) ) ;
#1103 = EDGE_LOOP ( 'NONE', ( #1953, #1895, #4186, #2242, #3648, #4242, #327, #2588, #5473, #4939, #5815, #5122, #3029, #2774, #1170, #4471 ) ) ;
#1104 = SURFACE_STYLE_USAGE ( .BOTH. , #153 ) ;
#1105 = COLOUR_RGB ( '',1.000000000000000000, 1.000000000000000000, 1.000000000000000000 ) ;
#1106 = ORIENTED_EDGE ( 'NONE', *, *, #4332, .T. ) ;
#1107 = CIRCLE ( 'NONE', #5769, 0.1375000000000000389 ) ;
#1108 = EDGE_CURVE ( 'NONE', #4965, #4192, #1280, .T. ) ;
#1109 = SURFACE_STYLE_FILL_AREA ( #1075 ) ;
#1110 = LINE ( 'NONE', #4936, #3262 ) ;
#1111 = ORIENTED_EDGE ( 'NONE', *, *, #3244, .F. ) ;
#1112 = LINE ( 'NONE', #658, #773 ) ;
#1113 = MECHANICAL_DESIGN_GEOMETRIC_PRESENTATION_REPRESENTATION (  '', ( #4233 ), #2111 ) ;
#1114 = EDGE_LOOP ( 'NONE', ( #726, #529, #4930, #5711, #320, #2941, #1861, #6284, #3779, #2396, #555, #4606, #4464, #366, #2124, #2361 ) ) ;
#1115 = EDGE_CURVE ( 'NONE', #2602, #3061, #1794, .T. ) ;
#1116 = EDGE_CURVE ( 'NONE', #64, #6136, #5676, .T. ) ;
#1117 = FILL_AREA_STYLE_COLOUR ( '', #4338 ) ;
#1118 = CARTESIAN_POINT ( 'NONE',  ( -2.745000000000000995, -0.08750000005684341331, 400000.0000000000000 ) ) ;
#1119 =( LENGTH_UNIT ( ) NAMED_UNIT ( * ) SI_UNIT ( .MILLI., .METRE. ) );
#1120 = DIRECTION ( 'NONE',  ( 0.000000000000000000, -1.224646799147353700E-16, 1.000000000000000000 ) ) ;
#1121 = SURFACE_STYLE_FILL_AREA ( #140 ) ;
#1122 = ORIENTED_EDGE ( 'NONE', *, *, #1369, .F. ) ;
#1123 = DIRECTION ( 'NONE',  ( 1.000000000000000000, 0.000000000000000000, 0.000000000000000000 ) ) ;
#1124 = DIRECTION ( 'NONE',  ( -0.000000000000000000, -0.000000000000000000, -1.000000000000000000 ) ) ;
#1125 =( NAMED_UNIT ( * ) PLANE_ANGLE_UNIT ( ) SI_UNIT ( $, .RADIAN. ) );
#1126 = EDGE_LOOP ( 'NONE', ( #3694, #1483, #433, #4713 ) ) ;
#1127 = EDGE_CURVE ( 'NONE', #1248, #4183, #438, .T. ) ;
#1128 = CARTESIAN_POINT ( 'NONE',  ( 0.2049999999999991274, -238883.7691232077195, -29333.64739951598312 ) ) ;
#1129 = CARTESIAN_POINT ( 'NONE',  ( -1.065000000000000835, -0.6576635190569390943, -2.415815324525283359 ) ) ;
#1130 =( LENGTH_UNIT ( ) NAMED_UNIT ( * ) SI_UNIT ( .MILLI., .METRE. ) );
#1131 = ORIENTED_EDGE ( 'NONE', *, *, #2985, .T. ) ;
#1132 = ORIENTED_EDGE ( 'NONE', *, *, #222, .F. ) ;
#1133 = AXIS2_PLACEMENT_3D ( 'NONE', #1146, #5924, #82 ) ;
#1134 = FILL_AREA_STYLE ('',( #5476 ) ) ;
#1135 = CARTESIAN_POINT ( 'NONE',  ( -4.015000000000001457, -0.5382586942780623884, -2.298476529921281930 ) ) ;
#1136 = SURFACE_STYLE_FILL_AREA ( #5032 ) ;
#1137 = VERTEX_POINT ( 'NONE', #5836 ) ;
#1138 = CARTESIAN_POINT ( 'NONE',  ( -3.605000000000000870, -335652.5273630752345, 41215.35688911744364 ) ) ;
#1139 = ORIENTED_EDGE ( 'NONE', *, *, #615, .T. ) ;
#1140 = SURFACE_STYLE_USAGE ( .BOTH. , #4979 ) ;
#1141 =( NAMED_UNIT ( * ) SI_UNIT ( $, .STERADIAN. ) SOLID_ANGLE_UNIT ( ) );
#1142 = ORIENTED_EDGE ( 'NONE', *, *, #2874, .F. ) ;
#1143 = MECHANICAL_DESIGN_GEOMETRIC_PRESENTATION_REPRESENTATION (  '', ( #5294 ), #1339 ) ;
#1144 = DIRECTION ( 'NONE',  ( 1.000000000000000000, 0.000000000000000000, 0.000000000000000000 ) ) ;
#1145 = ORIENTED_EDGE ( 'NONE', *, *, #4570, .T. ) ;
#1146 = CARTESIAN_POINT ( 'NONE',  ( 3.604999999999999094, -335652.5273630752345, 41215.35688911744364 ) ) ;
#1147 = DIRECTION ( 'NONE',  ( 0.000000000000000000, 0.9902680687415703620, -0.1391731009600655211 ) ) ;
#1148 = EDGE_CURVE ( 'NONE', #1662, #2551, #1914, .T. ) ;
#1149 = SURFACE_SIDE_STYLE ('',( #734 ) ) ;
#1150 = EDGE_CURVE ( 'NONE', #4859, #354, #4295, .T. ) ;
#1151 = MECHANICAL_DESIGN_GEOMETRIC_PRESENTATION_REPRESENTATION (  '', ( #1348 ), #3176 ) ;
#1152 = DIRECTION ( 'NONE',  ( 0.000000000000000000, 0.9925461516413218721, 0.1218693434051480867 ) ) ;
#1153 = ORIENTED_EDGE ( 'NONE', *, *, #2029, .F. ) ;
#1154 = CARTESIAN_POINT ( 'NONE',  ( -4.325000000000000178, 0.000000000000000000, 1.949999999999999512 ) ) ;
#1155 = ORIENTED_EDGE ( 'NONE', *, *, #6066, .T. ) ;
#1156 = CARTESIAN_POINT ( 'NONE',  ( 4.014999999999999680, -0.5633515439456004970, 3.002177646067138994 ) ) ;
#1157 = AXIS2_PLACEMENT_3D ( 'NONE', #5945, #5512, #5458 ) ;
#1158 = CARTESIAN_POINT ( 'NONE',  ( -3.605000000000000426, -0.5633515440308656252, -3.002177646465042926 ) ) ;
#1159 = ORIENTED_EDGE ( 'NONE', *, *, #1996, .F. ) ;
#1160 =( NAMED_UNIT ( * ) SI_UNIT ( $, .STERADIAN. ) SOLID_ANGLE_UNIT ( ) );
#1161 = ORIENTED_EDGE ( 'NONE', *, *, #4641, .F. ) ;
#1162 = DIRECTION ( 'NONE',  ( 1.000000000000000000, 0.000000000000000000, 0.000000000000000000 ) ) ;
#1163 = AXIS2_PLACEMENT_3D ( 'NONE', #1102, #1072, #4513 ) ;
#1164 = DIRECTION ( 'NONE',  ( 1.000000000000000000, 0.000000000000000000, 0.000000000000000000 ) ) ;
#1165 = CARTESIAN_POINT ( 'NONE',  ( 1.474999999999999423, 49479.21441529450385, 352064.5391282623750 ) ) ;
#1166 = CARTESIAN_POINT ( 'NONE',  ( -1.475000000000000977, -335652.5486902103294, 41215.18319354090636 ) ) ;
#1167 = ORIENTED_EDGE ( 'NONE', *, *, #4522, .T. ) ;
#1168 = DIRECTION ( 'NONE',  ( 0.08682659386424779191, -0.9924325091389669673, 0.08682659386424779191 ) ) ;
#1169 = FILL_AREA_STYLE_COLOUR ( '', #1860 ) ;
#1170 = ORIENTED_EDGE ( 'NONE', *, *, #5742, .F. ) ;
#1172 =( NAMED_UNIT ( * ) PLANE_ANGLE_UNIT ( ) SI_UNIT ( $, .RADIAN. ) );
#1171 = CIRCLE ( 'NONE', #2685, 0.1375000000000000389 ) ;
#1173 = CARTESIAN_POINT ( 'NONE',  ( -0.2050000000000008760, -0.5633515439456004970, 3.002177646067138994 ) ) ;
#1174 = AXIS2_PLACEMENT_3D ( 'NONE', #6055, #4566, #4593 ) ;
#1175 = ORIENTED_EDGE ( 'NONE', *, *, #2179, .F. ) ;
#1176 = SURFACE_SIDE_STYLE ('',( #5981 ) ) ;
#1177 = ADVANCED_FACE ( 'NONE', ( #907 ), #2831, .T. ) ;
#1178 =( LENGTH_UNIT ( ) NAMED_UNIT ( * ) SI_UNIT ( .MILLI., .METRE. ) );
#1179 = CARTESIAN_POINT ( 'NONE',  ( -0.2050000000000008760, -0.6499999999718397703, 2.989999999840620148 ) ) ;
#1180 = FACE_OUTER_BOUND ( 'NONE', #2668, .T. ) ;
#1181 = MECHANICAL_DESIGN_GEOMETRIC_PRESENTATION_REPRESENTATION (  '', ( #4731 ), #3720 ) ;
#1182 = EDGE_CURVE ( 'NONE', #6001, #5892, #5346, .T. ) ;
#1183 = ORIENTED_EDGE ( 'NONE', *, *, #1732, .T. ) ;
#1184 = VECTOR ( 'NONE', #1295, 1000.000000000000114 ) ;
#1185 = STYLED_ITEM ( 'NONE', ( #5121 ), #3591 ) ;
#1186 = SURFACE_STYLE_FILL_AREA ( #3220 ) ;
#1187 = FILL_AREA_STYLE_COLOUR ( '', #4609 ) ;
#1188 = FILL_AREA_STYLE ('',( #5538 ) ) ;
#1189 = AXIS2_PLACEMENT_3D ( 'NONE', #1222, #4167, #1768 ) ;
#1190 = VERTEX_POINT ( 'NONE', #2858 ) ;
#1191 = CARTESIAN_POINT ( 'NONE',  ( 3.604999999999999094, 49479.30106375052128, 352064.5269506160403 ) ) ;
#1192 = EDGE_CURVE ( 'NONE', #1397, #130, #5283, .T. ) ;
#1193 = UNCERTAINTY_MEASURE_WITH_UNIT (LENGTH_MEASURE( 1.000000000000000082E-05 ), #5065, 'distance_accuracy_value', 'NONE');
#1194 =( GEOMETRIC_REPRESENTATION_CONTEXT ( 3 ) GLOBAL_UNCERTAINTY_ASSIGNED_CONTEXT ( ( #2453 ) ) GLOBAL_UNIT_ASSIGNED_CONTEXT ( ( #5693, #4216, #1329 ) ) REPRESENTATION_CONTEXT ( 'NONE', 'WORKASPACE' ) );
#1195 = ORIENTED_EDGE ( 'NONE', *, *, #460, .T. ) ;
#1197 = LINE ( 'NONE', #5768, #5455 ) ;
#1196 = PRESENTATION_LAYER_ASSIGNMENT (  '', '', ( #898 ) ) ;
#1198 = CARTESIAN_POINT ( 'NONE',  ( 4.014999999999999680, -0.4883712797543182660, 2.468665345013221213 ) ) ;
#1199 = VECTOR ( 'NONE', #6264, 1000.000000000000227 ) ;
#1200 = SURFACE_STYLE_FILL_AREA ( #702 ) ;
#1201 = AXIS2_PLACEMENT_3D ( 'NONE', #4226, #3283, #1410 ) ;
#1202 = CARTESIAN_POINT ( 'NONE',  ( 4.014999999999999680, 0.08749999994315657559, 400000.0000000000000 ) ) ;
#1203 = VECTOR ( 'NONE', #2342, 1000.000000000000227 ) ;
#1204 = ORIENTED_EDGE ( 'NONE', *, *, #5725, .T. ) ;
#1205 = PLANE ( 'NONE',  #3825 ) ;
#1206 = CARTESIAN_POINT ( 'NONE',  ( -0.2050000000000008760, -0.03324296518320021127, -2.412782614830607297 ) ) ;
#1207 = EDGE_LOOP ( 'NONE', ( #5695, #2555, #5743, #5360 ) ) ;
#1208 = CARTESIAN_POINT ( 'NONE',  ( 1.474999999999999423, -0.7366484559696573342, 2.977822353386727627 ) ) ;
#1209 = FILL_AREA_STYLE ('',( #3145 ) ) ;
#1210 = CARTESIAN_POINT ( 'NONE',  ( 2.334999999999999520, 49479.12776683849370, 352064.5513059087098 ) ) ;
#1211 = DIRECTION ( 'NONE',  ( 1.000000000000000000, 0.000000000000000000, 0.000000000000000000 ) ) ;
#1212 = SURFACE_STYLE_FILL_AREA ( #1693 ) ;
#1213 = ADVANCED_FACE ( 'NONE', ( #4228 ), #3795, .T. ) ;
#1214 = VERTEX_POINT ( 'NONE', #872 ) ;
#1215 = LINE ( 'NONE', #5936, #3569 ) ;
#1216 = ORIENTED_EDGE ( 'NONE', *, *, #298, .T. ) ;
#1217 = DIRECTION ( 'NONE',  ( 0.000000000000000000, -0.9925461516413218721, 0.1218693434051480867 ) ) ;
#1218 = EDGE_CURVE ( 'NONE', #4312, #4517, #2372, .T. ) ;
#1219 = ORIENTED_EDGE ( 'NONE', *, *, #4882, .F. ) ;
#1220 = STYLED_ITEM ( 'NONE', ( #6227 ), #2842 ) ;
#1221 =( NAMED_UNIT ( * ) SI_UNIT ( $, .STERADIAN. ) SOLID_ANGLE_UNIT ( ) );
#1222 = CARTESIAN_POINT ( 'NONE',  ( -4.015000000000001457, 0.08749999994315657559, 400000.0000000000000 ) ) ;
#1223 = EDGE_CURVE ( 'NONE', #5138, #2684, #151, .T. ) ;
#1224 = DIRECTION ( 'NONE',  ( -0.000000000000000000, 0.9902680687415702510, 0.1391731009600658264 ) ) ;
#1225 = CARTESIAN_POINT ( 'NONE',  ( 1.064999999999999059, -0.6576635189929902481, 2.415815324354753102 ) ) ;
#1226 = COLOUR_RGB ( '',1.000000000000000000, 1.000000000000000000, 1.000000000000000000 ) ;
#1227 = DIRECTION ( 'NONE',  ( 1.000000000000000000, 0.000000000000000000, 0.000000000000000000 ) ) ;
#1228 = ORIENTED_EDGE ( 'NONE', *, *, #2874, .T. ) ;
#1229 = CARTESIAN_POINT ( 'NONE',  ( 3.604999999999999094, -60775.64126304931415, 432440.1514247114537 ) ) ;
#1230 = CARTESIAN_POINT ( 'NONE',  ( 2.744999999999999218, -60775.64126304931415, 432440.1514247114537 ) ) ;
#1231 = CARTESIAN_POINT ( 'NONE',  ( -0.2050000000000008760, 49479.30106375052128, 352064.5269506160403 ) ) ;
#1232 = DIRECTION ( 'NONE',  ( 0.000000000000000000, -0.7660444431189780135, -0.6427876096865393629 ) ) ;
#1233 = SURFACE_STYLE_USAGE ( .BOTH. , #5585 ) ;
#1234 = ORIENTED_EDGE ( 'NONE', *, *, #615, .F. ) ;
#1235 = CARTESIAN_POINT ( 'NONE',  ( -1.475000000000000977, -0.6500000000286831892, -2.990000000067993824 ) ) ;
#1236 = CARTESIAN_POINT ( 'NONE',  ( -2.335000000000001297, -0.04999999999999946154, -2.276307518992031209 ) ) ;
#1237 = VECTOR ( 'NONE', #3537, 1000.000000000000000 ) ;
#1238 = DIRECTION ( 'NONE',  ( 0.000000000000000000, -0.1391731009600658264, 0.9902680687415702510 ) ) ;
#1239 = PLANE ( 'NONE',  #2102 ) ;
#1240 = AXIS2_PLACEMENT_3D ( 'NONE', #2518, #3994, #4523 ) ;
#1241 = DIRECTION ( 'NONE',  ( -0.08715574274765836016, 0.9961946980917455452, 0.000000000000000000 ) ) ;
#1242 = DIRECTION ( 'NONE',  ( -0.000000000000000000, 0.1391731009600655211, 0.9902680687415703620 ) ) ;
#1243 = EDGE_LOOP ( 'NONE', ( #5234, #4524, #1155, #427 ) ) ;
#1244 =( GEOMETRIC_REPRESENTATION_CONTEXT ( 3 ) GLOBAL_UNCERTAINTY_ASSIGNED_CONTEXT ( ( #1588 ) ) GLOBAL_UNIT_ASSIGNED_CONTEXT ( ( #3845, #1927, #3874 ) ) REPRESENTATION_CONTEXT ( 'NONE', 'WORKASPACE' ) );
#1245 = FILL_AREA_STYLE ('',( #771 ) ) ;
#1246 = DIRECTION ( 'NONE',  ( 1.000000000000000000, 0.000000000000000000, 0.000000000000000000 ) ) ;
#1247 = DIRECTION ( 'NONE',  ( 2.224004456380521903E-16, -0.000000000000000000, 1.000000000000000000 ) ) ;
#1248 = VERTEX_POINT ( 'NONE', #5930 ) ;
#1249 =( GEOMETRIC_REPRESENTATION_CONTEXT ( 3 ) GLOBAL_UNCERTAINTY_ASSIGNED_CONTEXT ( ( #6088 ) ) GLOBAL_UNIT_ASSIGNED_CONTEXT ( ( #4002, #2054, #4060 ) ) REPRESENTATION_CONTEXT ( 'NONE', 'WORKASPACE' ) );
#1250 = LINE ( 'NONE', #3664, #5951 ) ;
#1251 = ORIENTED_EDGE ( 'NONE', *, *, #5811, .T. ) ;
#1252 = SURFACE_STYLE_USAGE ( .BOTH. , #3607 ) ;
#1253 =( NAMED_UNIT ( * ) SI_UNIT ( $, .STERADIAN. ) SOLID_ANGLE_UNIT ( ) );
#1254 = CIRCLE ( 'NONE', #5315, 0.1375000000000000389 ) ;
#1255 = EDGE_CURVE ( 'NONE', #4270, #4255, #5954, .T. ) ;
#1256 =( LENGTH_UNIT ( ) NAMED_UNIT ( * ) SI_UNIT ( .MILLI., .METRE. ) );
#1257 = CARTESIAN_POINT ( 'NONE',  ( 3.604999999999999094, -0.5382586941777844913, -2.298476529901449794 ) ) ;
#1258 = UNCERTAINTY_MEASURE_WITH_UNIT (LENGTH_MEASURE( 1.000000000000000082E-05 ), #213, 'distance_accuracy_value', 'NONE');
#1259 = SURFACE_STYLE_USAGE ( .BOTH. , #5547 ) ;
#1260 = VERTEX_POINT ( 'NONE', #3570 ) ;
#1261 = ADVANCED_FACE ( 'NONE', ( #3028 ), #2567, .T. ) ;
#1262 = CARTESIAN_POINT ( 'NONE',  ( -1.475000000000000977, -0.5633515439456004970, 3.002177646067138994 ) ) ;
#1263 = DIRECTION ( 'NONE',  ( 0.000000000000000000, 0.000000000000000000, -1.000000000000000000 ) ) ;
#1264 =( NAMED_UNIT ( * ) SI_UNIT ( $, .STERADIAN. ) SOLID_ANGLE_UNIT ( ) );
#1265 = DIRECTION ( 'NONE',  ( 0.000000000000000000, -0.1391731009600658264, 0.9902680687415702510 ) ) ;
#1266 = DIRECTION ( 'NONE',  ( -0.000000000000000000, 0.1218693434051481006, 0.9925461516413219831 ) ) ;
#1267 = ORIENTED_EDGE ( 'NONE', *, *, #1374, .F. ) ;
#1268 = SURFACE_SIDE_STYLE ('',( #3206 ) ) ;
#1269 = ORIENTED_EDGE ( 'NONE', *, *, #880, .T. ) ;
#1270 = MECHANICAL_DESIGN_GEOMETRIC_PRESENTATION_REPRESENTATION (  '', ( #971 ), #4921 ) ;
#1271 = CARTESIAN_POINT ( 'NONE',  ( 2.744999999999999218, -0.5633515439456004970, 3.002177646067138994 ) ) ;
#1272 = COLOUR_RGB ( '',1.000000000000000000, 1.000000000000000000, 1.000000000000000000 ) ;
#1273 = PRESENTATION_STYLE_ASSIGNMENT (( #1724 ) ) ;
#1274 =( LENGTH_UNIT ( ) NAMED_UNIT ( * ) SI_UNIT ( .MILLI., .METRE. ) );
#1275 = ORIENTED_EDGE ( 'NONE', *, *, #1192, .T. ) ;
#1276 =( NAMED_UNIT ( * ) SI_UNIT ( $, .STERADIAN. ) SOLID_ANGLE_UNIT ( ) );
#1277 =( LENGTH_UNIT ( ) NAMED_UNIT ( * ) SI_UNIT ( .MILLI., .METRE. ) );
#1278 = MECHANICAL_DESIGN_GEOMETRIC_PRESENTATION_REPRESENTATION (  '', ( #2389 ), #1594 ) ;
#1279 = DIRECTION ( 'NONE',  ( 1.000000000000000000, 0.000000000000000000, 0.000000000000000000 ) ) ;
#1280 = LINE ( 'NONE', #5163, #330 ) ;
#1281 = ORIENTED_EDGE ( 'NONE', *, *, #4607, .T. ) ;
#1282 = CYLINDRICAL_SURFACE ( 'NONE', #4430, 0.1375000000000000389 ) ;
#1283 = ORIENTED_EDGE ( 'NONE', *, *, #16, .T. ) ;
#1284 = MECHANICAL_DESIGN_GEOMETRIC_PRESENTATION_REPRESENTATION (  '', ( #5150 ), #5868 ) ;
#1285 = CARTESIAN_POINT ( 'NONE',  ( 1.474999999999999423, 0.08749999999214218283, 2.276307519025522197 ) ) ;
#1286 =( GEOMETRIC_REPRESENTATION_CONTEXT ( 3 ) GLOBAL_UNCERTAINTY_ASSIGNED_CONTEXT ( ( #4172 ) ) GLOBAL_UNIT_ASSIGNED_CONTEXT ( ( #2744, #5652, #4723 ) ) REPRESENTATION_CONTEXT ( 'NONE', 'WORKASPACE' ) );
#1287 =( LENGTH_UNIT ( ) NAMED_UNIT ( * ) SI_UNIT ( .MILLI., .METRE. ) );
#1288 = CARTESIAN_POINT ( 'NONE',  ( -4.015000000000001457, -0.5215016595598550575, -2.434951625771963890 ) ) ;
#1289 = AXIS2_PLACEMENT_3D ( 'NONE', #1490, #3877, #3781 ) ;
#1290 = ORIENTED_EDGE ( 'NONE', *, *, #1255, .T. ) ;
#1291 = VECTOR ( 'NONE', #4308, 1000.000000000000227 ) ;
#1292 = DIRECTION ( 'NONE',  ( 0.000000000000000000, 0.9902680687415702510, -0.1391731009600654934 ) ) ;
#1293 = EDGE_CURVE ( 'NONE', #3181, #4198, #1039, .T. ) ;
#1294 = STYLED_ITEM ( 'NONE', ( #1503 ), #4644 ) ;
#1295 = DIRECTION ( 'NONE',  ( 0.05614791346054178595, -0.6417735875449087635, 0.7648359785887198781 ) ) ;
#1296 = DIRECTION ( 'NONE',  ( 1.000000000000000000, -0.000000000000000000, 0.000000000000000000 ) ) ;
#1297 = VECTOR ( 'NONE', #654, 1000.000000000000114 ) ;
#1298 = LINE ( 'NONE', #4148, #5720 ) ;
#1299 = COLOUR_RGB ( '',1.000000000000000000, 1.000000000000000000, 1.000000000000000000 ) ;
#1300 = ORIENTED_EDGE ( 'NONE', *, *, #4712, .T. ) ;
#1301 = DIRECTION ( 'NONE',  ( 1.000000000000000000, 0.000000000000000000, 0.000000000000000000 ) ) ;
#1302 = ORIENTED_EDGE ( 'NONE', *, *, #4048, .T. ) ;
#1303 = CARTESIAN_POINT ( 'NONE',  ( -3.794868026377201442, 0.6149999999999999911, 1.312244083688489660 ) ) ;
#1304 = EDGE_CURVE ( 'NONE', #3921, #1527, #4994, .T. ) ;
#1305 = CARTESIAN_POINT ( 'NONE',  ( 1.474999999999999423, 49479.30106375052128, 352064.5269506160403 ) ) ;
#1306 = DIRECTION ( 'NONE',  ( -0.000000000000000000, 0.9902680687415702510, 0.1391731009600658264 ) ) ;
#1307 = CARTESIAN_POINT ( 'NONE',  ( -4.270319585296297404, 0.3759513254770624480, 1.917108520983211495 ) ) ;
#1308 = EDGE_CURVE ( 'NONE', #2998, #3788, #4483, .T. ) ;
#1309 = VERTEX_POINT ( 'NONE', #4046 ) ;
#1310 = PRESENTATION_STYLE_ASSIGNMENT (( #5598 ) ) ;
#1311 = LINE ( 'NONE', #3185, #1543 ) ;
#1312 = DIRECTION ( 'NONE',  ( 1.000000000000000000, 0.000000000000000000, 0.000000000000000000 ) ) ;
#1313 = ORIENTED_EDGE ( 'NONE', *, *, #956, .T. ) ;
#1314 = CARTESIAN_POINT ( 'NONE',  ( -2.745000000000000995, -0.08750000000645741238, -2.243130321563313601 ) ) ;
#1315 = ORIENTED_EDGE ( 'NONE', *, *, #721, .T. ) ;
#1316 = FACE_OUTER_BOUND ( 'NONE', #2463, .T. ) ;
#1317 = SURFACE_SIDE_STYLE ('',( #5134 ) ) ;
#1318 = SURFACE_STYLE_USAGE ( .BOTH. , #2712 ) ;
#1319 = LINE ( 'NONE', #5196, #1658 ) ;
#1320 = UNCERTAINTY_MEASURE_WITH_UNIT (LENGTH_MEASURE( 1.000000000000000082E-05 ), #483, 'distance_accuracy_value', 'NONE');
#1321 = DIRECTION ( 'NONE',  ( -0.000000000000000000, 1.000000000000000000, -0.000000000000000000 ) ) ;
#1322 = ORIENTED_EDGE ( 'NONE', *, *, #2564, .F. ) ;
#1323 = PLANE ( 'NONE',  #4925 ) ;
#1324 =( LENGTH_UNIT ( ) NAMED_UNIT ( * ) SI_UNIT ( .MILLI., .METRE. ) );
#1325 = DIRECTION ( 'NONE',  ( 1.000000000000000000, 0.000000000000000000, 0.000000000000000000 ) ) ;
#1326 = FILL_AREA_STYLE_COLOUR ( '', #2553 ) ;
#1327 = ORIENTED_EDGE ( 'NONE', *, *, #3086, .F. ) ;
#1328 = CARTESIAN_POINT ( 'NONE',  ( 1.064999999999999059, -0.5633515440308656252, -3.002177646465042926 ) ) ;
#1329 =( NAMED_UNIT ( * ) SI_UNIT ( $, .STERADIAN. ) SOLID_ANGLE_UNIT ( ) );
#1330 = VERTEX_POINT ( 'NONE', #2987 ) ;
#1331 = STYLED_ITEM ( 'NONE', ( #4398 ), #2141 ) ;
#1332 =( LENGTH_UNIT ( ) NAMED_UNIT ( * ) SI_UNIT ( .MILLI., .METRE. ) );
#1333 = EDGE_CURVE ( 'NONE', #1837, #4323, #2009, .T. ) ;
#1334 = DIRECTION ( 'NONE',  ( 0.000000000000000000, 1.000000000000000000, 0.000000000000000000 ) ) ;
#1335 = AXIS2_PLACEMENT_3D ( 'NONE', #1509, #2830, #906 ) ;
#1336 = LINE ( 'NONE', #4612, #3015 ) ;
#1337 = ORIENTED_EDGE ( 'NONE', *, *, #4160, .T. ) ;
#1338 = ADVANCED_FACE ( 'NONE', ( #2037 ), #4871, .T. ) ;
#1339 =( GEOMETRIC_REPRESENTATION_CONTEXT ( 3 ) GLOBAL_UNCERTAINTY_ASSIGNED_CONTEXT ( ( #3613 ) ) GLOBAL_UNIT_ASSIGNED_CONTEXT ( ( #2450, #4303, #5880 ) ) REPRESENTATION_CONTEXT ( 'NONE', 'WORKASPACE' ) );
#1340 = LINE ( 'NONE', #2317, #2496 ) ;
#1341 =( NAMED_UNIT ( * ) PLANE_ANGLE_UNIT ( ) SI_UNIT ( $, .RADIAN. ) );
#1342 = DIRECTION ( 'NONE',  ( 1.000000000000000000, 0.000000000000000000, 0.000000000000000000 ) ) ;
#1343 = SURFACE_STYLE_USAGE ( .BOTH. , #4745 ) ;
#1344 = ORIENTED_EDGE ( 'NONE', *, *, #1919, .T. ) ;
#1345 = FILL_AREA_STYLE_COLOUR ( '', #2183 ) ;
#1346 = ORIENTED_EDGE ( 'NONE', *, *, #6081, .F. ) ;
#1347 = SURFACE_STYLE_FILL_AREA ( #5712 ) ;
#1348 = STYLED_ITEM ( 'NONE', ( #4658 ), #764 ) ;
#1349 = SURFACE_SIDE_STYLE ('',( #4716 ) ) ;
#1350 = DIRECTION ( 'NONE',  ( 0.000000000000000000, -0.9925461516413218721, 0.1218693434051480867 ) ) ;
#1351 = CARTESIAN_POINT ( 'NONE',  ( -4.015000000000001457, 49479.12776683849370, 352064.5513059087098 ) ) ;
#1352 = ORIENTED_EDGE ( 'NONE', *, *, #1223, .F. ) ;
#1353 = AXIS2_PLACEMENT_3D ( 'NONE', #5850, #2869, #2399 ) ;
#1354 = PLANE ( 'NONE',  #4033 ) ;
#1355 = CARTESIAN_POINT ( 'NONE',  ( -3.605000000000000426, 49479.12776683849370, 352064.5513059087098 ) ) ;
#1356 = PLANE ( 'NONE',  #4286 ) ;
#1357 = VERTEX_POINT ( 'NONE', #4073 ) ;
#1358 = CARTESIAN_POINT ( 'NONE',  ( -4.015000000000001457, -0.04999999999999946154, -2.276307518992031209 ) ) ;
#1359 = VECTOR ( 'NONE', #686, 1000.000000000000114 ) ;
#1360 = SURFACE_STYLE_FILL_AREA ( #985 ) ;
#1361 = VERTEX_POINT ( 'NONE', #5020 ) ;
#1362 = LINE ( 'NONE', #4151, #1203 ) ;
#1363 = VECTOR ( 'NONE', #1605, 1000.000000000000000 ) ;
#1364 =( NAMED_UNIT ( * ) PLANE_ANGLE_UNIT ( ) SI_UNIT ( $, .RADIAN. ) );
#1365 =( NAMED_UNIT ( * ) PLANE_ANGLE_UNIT ( ) SI_UNIT ( $, .RADIAN. ) );
#1366 = AXIS2_PLACEMENT_3D ( 'NONE', #4511, #1232, #1565 ) ;
#1367 = EDGE_LOOP ( 'NONE', ( #3748, #4065, #4995, #6013 ) ) ;
#1368 = CARTESIAN_POINT ( 'NONE',  ( -1.475000000000000977, -0.08750000000645741238, -2.243130321563313601 ) ) ;
#1369 = EDGE_CURVE ( 'NONE', #2106, #5590, #1671, .T. ) ;
#1370 = CARTESIAN_POINT ( 'NONE',  ( 2.744999999999999218, -0.4883712798999795268, -2.468665345142895262 ) ) ;
#1371 = FILL_AREA_STYLE ('',( #934 ) ) ;
#1372 = AXIS2_PLACEMENT_3D ( 'NONE', #3363, #5296, #3397 ) ;
#1373 = PLANE ( 'NONE',  #3666 ) ;
#1374 = EDGE_CURVE ( 'NONE', #3740, #1190, #325, .T. ) ;
#1375 = CARTESIAN_POINT ( 'NONE',  ( -0.2050000000000008760, -238883.7691232077195, -29333.64739951598312 ) ) ;
#1376 = ORIENTED_EDGE ( 'NONE', *, *, #1727, .T. ) ;
#1377 = STYLED_ITEM ( 'NONE', ( #3237 ), #4317 ) ;
#1378 = ORIENTED_EDGE ( 'NONE', *, *, #1052, .T. ) ;
#1379 = MECHANICAL_DESIGN_GEOMETRIC_PRESENTATION_REPRESENTATION (  '', ( #5858 ), #2890 ) ;
#1380 =( NAMED_UNIT ( * ) PLANE_ANGLE_UNIT ( ) SI_UNIT ( $, .RADIAN. ) );
#1381 = LINE ( 'NONE', #1448, #6129 ) ;
#1382 = ADVANCED_FACE ( 'NONE', ( #1755 ), #5627, .T. ) ;
#1383 = FACE_OUTER_BOUND ( 'NONE', #152, .T. ) ;
#1384 = CARTESIAN_POINT ( 'NONE',  ( -4.015000000000001457, 49479.30106375052128, 352064.5269506160403 ) ) ;
#1385 = UNCERTAINTY_MEASURE_WITH_UNIT (LENGTH_MEASURE( 1.000000000000000082E-05 ), #533, 'distance_accuracy_value', 'NONE');
#1386 =( NAMED_UNIT ( * ) SI_UNIT ( $, .STERADIAN. ) SOLID_ANGLE_UNIT ( ) );
#1387 = COLOUR_RGB ( '',1.000000000000000000, 1.000000000000000000, 1.000000000000000000 ) ;
#1388 = EDGE_LOOP ( 'NONE', ( #5739, #5560, #895, #911 ) ) ;
#1389 = SURFACE_STYLE_FILL_AREA ( #5686 ) ;
#1391 = PLANE ( 'NONE',  #789 ) ;
#1390 = COLOUR_RGB ( '',1.000000000000000000, 1.000000000000000000, 1.000000000000000000 ) ;
#1392 =( GEOMETRIC_REPRESENTATION_CONTEXT ( 3 ) GLOBAL_UNCERTAINTY_ASSIGNED_CONTEXT ( ( #5256 ) ) GLOBAL_UNIT_ASSIGNED_CONTEXT ( ( #3983, #4386, #2949 ) ) REPRESENTATION_CONTEXT ( 'NONE', 'WORKASPACE' ) );
#1393 = DIRECTION ( 'NONE',  ( 1.000000000000000000, 0.000000000000000000, 0.000000000000000000 ) ) ;
#1394 = VECTOR ( 'NONE', #3804, 1000.000000000000000 ) ;
#1395 = CARTESIAN_POINT ( 'NONE',  ( -2.745000000000000995, -0.08750000000715735249, -2.243130321568642671 ) ) ;
#1396 = SURFACE_STYLE_USAGE ( .BOTH. , #4276 ) ;
#1397 = VERTEX_POINT ( 'NONE', #4552 ) ;
#1398 = DIRECTION ( 'NONE',  ( 1.000000000000000000, 0.000000000000000000, 0.000000000000000000 ) ) ;
#1399 = SURFACE_SIDE_STYLE ('',( #2908 ) ) ;
#1400 = SURFACE_STYLE_FILL_AREA ( #5370 ) ;
#1401 = ORIENTED_EDGE ( 'NONE', *, *, #1916, .T. ) ;
#1402 = COLOUR_RGB ( '',1.000000000000000000, 1.000000000000000000, 1.000000000000000000 ) ;
#1403 = LINE ( 'NONE', #1434, #780 ) ;
#1404 = AXIS2_PLACEMENT_3D ( 'NONE', #5528, #5058, #2099 ) ;
#1405 =( NAMED_UNIT ( * ) PLANE_ANGLE_UNIT ( ) SI_UNIT ( $, .RADIAN. ) );
#1406 = AXIS2_PLACEMENT_3D ( 'NONE', #1351, #1452, #4758 ) ;
#1407 = FILL_AREA_STYLE_COLOUR ( '', #4982 ) ;
#1408 =( GEOMETRIC_REPRESENTATION_CONTEXT ( 3 ) GLOBAL_UNCERTAINTY_ASSIGNED_CONTEXT ( ( #693 ) ) GLOBAL_UNIT_ASSIGNED_CONTEXT ( ( #4132, #2663, #3601 ) ) REPRESENTATION_CONTEXT ( 'NONE', 'WORKASPACE' ) );
#1409 = FACE_OUTER_BOUND ( 'NONE', #3154, .T. ) ;
#1410 = DIRECTION ( 'NONE',  ( 0.000000000000000000, -0.1391731009600658264, 0.9902680687415702510 ) ) ;
#1411 = DIRECTION ( 'NONE',  ( 0.000000000000000000, 0.1391731009600654934, 0.9902680687415702510 ) ) ;
#1412 = DIRECTION ( 'NONE',  ( 0.000000000000000000, 0.000000000000000000, -1.000000000000000000 ) ) ;
#1413 = ORIENTED_EDGE ( 'NONE', *, *, #5701, .T. ) ;
#1414 = CARTESIAN_POINT ( 'NONE',  ( 3.604999999999999094, -0.5215016595598557236, 2.434951625771963890 ) ) ;
#1415 = EDGE_CURVE ( 'NONE', #31, #4576, #678, .T. ) ;
#1416 = ORIENTED_EDGE ( 'NONE', *, *, #947, .F. ) ;
#1417 =( NAMED_UNIT ( * ) SI_UNIT ( $, .STERADIAN. ) SOLID_ANGLE_UNIT ( ) );
#1418 = CARTESIAN_POINT ( 'NONE',  ( -4.325000000000001066, 0.000000000000000000, -1.950000000000000400 ) ) ;
#1419 = FILL_AREA_STYLE_COLOUR ( '', #1447 ) ;
#1420 = EDGE_CURVE ( 'NONE', #5257, #2069, #2601, .T. ) ;
#1421 = VERTEX_POINT ( 'NONE', #5155 ) ;
#1422 = SURFACE_SIDE_STYLE ('',( #1389 ) ) ;
#1423 = ADVANCED_FACE ( 'NONE', ( #806 ), #6219, .F. ) ;
#1424 = SURFACE_SIDE_STYLE ('',( #3617 ) ) ;
#1425 = FILL_AREA_STYLE_COLOUR ( '', #3931 ) ;
#1426 = DIRECTION ( 'NONE',  ( 0.000000000000000000, 0.9902680687415702510, -0.1391731009600654934 ) ) ;
#1427 =( NAMED_UNIT ( * ) PLANE_ANGLE_UNIT ( ) SI_UNIT ( $, .RADIAN. ) );
#1428 = ORIENTED_EDGE ( 'NONE', *, *, #6140, .F. ) ;
#1429 = FILL_AREA_STYLE_COLOUR ( '', #2580 ) ;
#1430 = FACE_OUTER_BOUND ( 'NONE', #4162, .T. ) ;
#1431 = VERTEX_POINT ( 'NONE', #2872 ) ;
#1432 = CIRCLE ( 'NONE', #4790, 0.1375000000000000389 ) ;
#1433 = AXIS2_PLACEMENT_3D ( 'NONE', #2852, #4803, #2466 ) ;
#1434 = CARTESIAN_POINT ( 'NONE',  ( 2.334999999999999520, -335652.5273630752345, 41215.35688911744364 ) ) ;
#1435 = DIRECTION ( 'NONE',  ( 1.000000000000000000, 0.000000000000000000, 0.000000000000000000 ) ) ;
#1436 = CARTESIAN_POINT ( 'NONE',  ( 1.064999999999999059, -0.6576635190569390943, -2.415815324525283359 ) ) ;
#1437 = PRESENTATION_LAYER_ASSIGNMENT (  '', '', ( #5703 ) ) ;
#1438 = ORIENTED_EDGE ( 'NONE', *, *, #32, .F. ) ;
#1439 = FACE_OUTER_BOUND ( 'NONE', #3667, .T. ) ;
#1440 = AXIS2_PLACEMENT_3D ( 'NONE', #5902, #4045, #2035 ) ;
#1441 =( LENGTH_UNIT ( ) NAMED_UNIT ( * ) SI_UNIT ( .MILLI., .METRE. ) );
#1442 = SURFACE_SIDE_STYLE ('',( #4870 ) ) ;
#1443 = VERTEX_POINT ( 'NONE', #5852 ) ;
#1444 = FACE_OUTER_BOUND ( 'NONE', #695, .T. ) ;
#1445 = PRESENTATION_LAYER_ASSIGNMENT (  '', '', ( #732 ) ) ;
#1446 = ORIENTED_EDGE ( 'NONE', *, *, #4607, .F. ) ;
#1447 = COLOUR_RGB ( '',1.000000000000000000, 1.000000000000000000, 1.000000000000000000 ) ;
#1448 = CARTESIAN_POINT ( 'NONE',  ( -2.745000000000000995, 0.08749999994315657559, 400000.0000000000000 ) ) ;
#1449 = DIRECTION ( 'NONE',  ( -0.000000000000000000, 1.000000000000000000, 1.224646799147353700E-16 ) ) ;
#1450 = DIRECTION ( 'NONE',  ( 0.000000000000000000, 0.1391731009600654934, 0.9902680687415702510 ) ) ;
#1451 = UNCERTAINTY_MEASURE_WITH_UNIT (LENGTH_MEASURE( 1.000000000000000082E-05 ), #3897, 'distance_accuracy_value', 'NONE');
#1452 = DIRECTION ( 'NONE',  ( 0.000000000000000000, 0.9902680687415703620, -0.1391731009600655211 ) ) ;
#1453 = ORIENTED_EDGE ( 'NONE', *, *, #2218, .T. ) ;
#1454 = AXIS2_PLACEMENT_3D ( 'NONE', #1288, #4204, #3137 ) ;
#1455 = EDGE_CURVE ( 'NONE', #671, #2046, #482, .T. ) ;
#1456 = DIRECTION ( 'NONE',  ( 0.000000000000000000, 0.9925461516413218721, 0.1218693434051480867 ) ) ;
#1457 = DIRECTION ( 'NONE',  ( 0.000000000000000000, 0.000000000000000000, -1.000000000000000000 ) ) ;
#1458 = LINE ( 'NONE', #1926, #4519 ) ;
#1459 = DIRECTION ( 'NONE',  ( 0.000000000000000000, -0.1391731009600658264, 0.9902680687415702510 ) ) ;
#1460 = SURFACE_STYLE_FILL_AREA ( #2940 ) ;
#1461 = EDGE_CURVE ( 'NONE', #130, #4484, #5299, .T. ) ;
#1462 = AXIS2_PLACEMENT_3D ( 'NONE', #61, #2806, #2325 ) ;
#1463 = SURFACE_STYLE_FILL_AREA ( #4379 ) ;
#1464 = ORIENTED_EDGE ( 'NONE', *, *, #6183, .T. ) ;
#1465 =( NAMED_UNIT ( * ) SI_UNIT ( $, .STERADIAN. ) SOLID_ANGLE_UNIT ( ) );
#1466 = CARTESIAN_POINT ( 'NONE',  ( 2.744999999999999662, 49479.12776683849370, 352064.5513059087098 ) ) ;
#1467 =( LENGTH_UNIT ( ) NAMED_UNIT ( * ) SI_UNIT ( .MILLI., .METRE. ) );
#1468 = CARTESIAN_POINT ( 'NONE',  ( -4.270319585296299181, -0.6250000000000000000, 9.497209787867991775E-16 ) ) ;
#1469 = DIRECTION ( 'NONE',  ( 0.000000000000000000, 0.000000000000000000, -1.000000000000000000 ) ) ;
#1470 = STYLED_ITEM ( 'NONE', ( #5356 ), #6228 ) ;
#1471 = ORIENTED_EDGE ( 'NONE', *, *, #4522, .F. ) ;
#1472 = CARTESIAN_POINT ( 'NONE',  ( -1.475000000000000977, -0.4883712798218198259, 2.468665345020326640 ) ) ;
#1473 = DIRECTION ( 'NONE',  ( 0.000000000000000000, 0.000000000000000000, -1.000000000000000000 ) ) ;
#1474 = FILL_AREA_STYLE ('',( #4900 ) ) ;
#1475 = FILL_AREA_STYLE_COLOUR ( '', #3599 ) ;
#1476 = VERTEX_POINT ( 'NONE', #4377 ) ;
#1477 = ORIENTED_EDGE ( 'NONE', *, *, #4767, .F. ) ;
#1478 = SURFACE_STYLE_FILL_AREA ( #2892 ) ;
#1479 =( NAMED_UNIT ( * ) PLANE_ANGLE_UNIT ( ) SI_UNIT ( $, .RADIAN. ) );
#1480 = SURFACE_STYLE_FILL_AREA ( #883 ) ;
#1481 = VECTOR ( 'NONE', #70, 1000.000000000000114 ) ;
#1482 =( NAMED_UNIT ( * ) PLANE_ANGLE_UNIT ( ) SI_UNIT ( $, .RADIAN. ) );
#1483 = ORIENTED_EDGE ( 'NONE', *, *, #4371, .F. ) ;
#1484 = VECTOR ( 'NONE', #3059, 1000.000000000000000 ) ;
#1485 =( LENGTH_UNIT ( ) NAMED_UNIT ( * ) SI_UNIT ( .MILLI., .METRE. ) );
#1486 = FILL_AREA_STYLE ('',( #5327 ) ) ;
#1487 = CARTESIAN_POINT ( 'NONE',  ( -0.2050000000000008760, -0.6500000000286831892, -2.990000000067993824 ) ) ;
#1488 = CIRCLE ( 'NONE', #84, 0.1375000000000000389 ) ;
#1489 = CARTESIAN_POINT ( 'NONE',  ( 2.334999999999999520, -0.7366484559696573342, 2.977822353386727627 ) ) ;
#1490 = CARTESIAN_POINT ( 'NONE',  ( -4.015000000000001457, -335652.5273630752345, 41215.35688911744364 ) ) ;
#1491 = ADVANCED_FACE ( 'NONE', ( #449 ), #3875, .T. ) ;
#1492 = ORIENTED_EDGE ( 'NONE', *, *, #1659, .F. ) ;
#1493 =( GEOMETRIC_REPRESENTATION_CONTEXT ( 3 ) GLOBAL_UNCERTAINTY_ASSIGNED_CONTEXT ( ( #2215 ) ) GLOBAL_UNIT_ASSIGNED_CONTEXT ( ( #5673, #3930, #5510 ) ) REPRESENTATION_CONTEXT ( 'NONE', 'WORKASPACE' ) );
#1494 = AXIS2_PLACEMENT_3D ( 'NONE', #4383, #5861, #2416 ) ;
#1495 =( LENGTH_UNIT ( ) NAMED_UNIT ( * ) SI_UNIT ( .MILLI., .METRE. ) );
#1496 = CARTESIAN_POINT ( 'NONE',  ( 3.604999999999999094, 49479.12776683849370, 352064.5513059087098 ) ) ;
#1497 =( GEOMETRIC_REPRESENTATION_CONTEXT ( 3 ) GLOBAL_UNCERTAINTY_ASSIGNED_CONTEXT ( ( #6209 ) ) GLOBAL_UNIT_ASSIGNED_CONTEXT ( ( #3371, #3879, #3943 ) ) REPRESENTATION_CONTEXT ( 'NONE', 'WORKASPACE' ) );
#1498 = PLANE ( 'NONE',  #3582 ) ;
#1499 = VECTOR ( 'NONE', #1325, 1000.000000000000000 ) ;
#1500 =( NAMED_UNIT ( * ) SI_UNIT ( $, .STERADIAN. ) SOLID_ANGLE_UNIT ( ) );
#1501 = STYLED_ITEM ( 'NONE', ( #3849 ), #3898 ) ;
#1502 = ORIENTED_EDGE ( 'NONE', *, *, #2990, .F. ) ;
#1503 = PRESENTATION_STYLE_ASSIGNMENT (( #1911 ) ) ;
#1504 = EDGE_CURVE ( 'NONE', #3336, #559, #5821, .T. ) ;
#1505 = COLOUR_RGB ( '',1.000000000000000000, 1.000000000000000000, 1.000000000000000000 ) ;
#1506 = PRESENTATION_LAYER_ASSIGNMENT (  '', '', ( #3331 ) ) ;
#1507 = FILL_AREA_STYLE ('',( #6000 ) ) ;
#1508 = DIRECTION ( 'NONE',  ( -0.000000000000000000, 0.9902680687415702510, 0.1391731009600658264 ) ) ;
#1509 = CARTESIAN_POINT ( 'NONE',  ( -2.745000000000000995, -0.04999999999999946154, -2.276307518992031209 ) ) ;
#1510 = PRESENTATION_LAYER_ASSIGNMENT (  '', '', ( #5361 ) ) ;
#1511 = ORIENTED_EDGE ( 'NONE', *, *, #6195, .T. ) ;
#1512 =( NAMED_UNIT ( * ) SI_UNIT ( $, .STERADIAN. ) SOLID_ANGLE_UNIT ( ) );
#1513 = PRESENTATION_LAYER_ASSIGNMENT (  '', '', ( #2607 ) ) ;
#1514 = EDGE_CURVE ( 'NONE', #3708, #5208, #3436, .T. ) ;
#1515 = MECHANICAL_DESIGN_GEOMETRIC_PRESENTATION_REPRESENTATION (  '', ( #4755 ), #1994 ) ;
#1516 = ORIENTED_EDGE ( 'NONE', *, *, #1659, .T. ) ;
#1517 = DIRECTION ( 'NONE',  ( 0.000000000000000000, 0.000000000000000000, -1.000000000000000000 ) ) ;
#1518 = DIRECTION ( 'NONE',  ( 1.000000000000000000, 0.000000000000000000, 0.000000000000000000 ) ) ;
#1519 = UNCERTAINTY_MEASURE_WITH_UNIT (LENGTH_MEASURE( 1.000000000000000082E-05 ), #4009, 'distance_accuracy_value', 'NONE');
#1520 = CARTESIAN_POINT ( 'NONE',  ( 0.2049999999999991274, 49479.21441529450385, 352064.5391282623750 ) ) ;
#1521 = ORIENTED_EDGE ( 'NONE', *, *, #1757, .F. ) ;
#1522 =( NAMED_UNIT ( * ) PLANE_ANGLE_UNIT ( ) SI_UNIT ( $, .RADIAN. ) );
#1523 = DIRECTION ( 'NONE',  ( 0.000000000000000000, 0.000000000000000000, -1.000000000000000000 ) ) ;
#1524 = CARTESIAN_POINT ( 'NONE',  ( 3.604999999999999094, -60775.64126304931415, 432440.1514247114537 ) ) ;
#1525 = DIRECTION ( 'NONE',  ( 0.000000000000000000, -0.9925461516413218721, 0.1218693434051480867 ) ) ;
#1526 = PRESENTATION_STYLE_ASSIGNMENT (( #5890 ) ) ;
#1527 = VERTEX_POINT ( 'NONE', #6258 ) ;
#1528 = CARTESIAN_POINT ( 'NONE',  ( 1.064999999999999059, -0.5215016595598557236, 2.434951625771963890 ) ) ;
#1529 = LINE ( 'NONE', #3466, #2201 ) ;
#1530 = CARTESIAN_POINT ( 'NONE',  ( 3.604999999999999094, 0.08750000000000054956, -2.276307518992029877 ) ) ;
#1531 = CARTESIAN_POINT ( 'NONE',  ( -2.745000000000000995, -0.6576635189929902481, 2.415815324354753102 ) ) ;
#1532 =( NAMED_UNIT ( * ) SI_UNIT ( $, .STERADIAN. ) SOLID_ANGLE_UNIT ( ) );
#1533 = ORIENTED_EDGE ( 'NONE', *, *, #755, .T. ) ;
#1534 = CARTESIAN_POINT ( 'NONE',  ( 2.334999999999999520, -0.5215016595598557236, 2.434951625771963890 ) ) ;
#1535 = EDGE_CURVE ( 'NONE', #5115, #2935, #3848, .T. ) ;
#1536 = DIRECTION ( 'NONE',  ( 0.000000000000000000, 0.9925461516413218721, 0.1218693434051480867 ) ) ;
#1537 = DIRECTION ( 'NONE',  ( 0.000000000000000000, -1.224646799147353700E-16, 1.000000000000000000 ) ) ;
#1538 = MECHANICAL_DESIGN_GEOMETRIC_PRESENTATION_REPRESENTATION (  '', ( #2541 ), #532 ) ;
#1539 = ORIENTED_EDGE ( 'NONE', *, *, #6263, .T. ) ;
#1540 = FILL_AREA_STYLE_COLOUR ( '', #1888 ) ;
#1541 = EDGE_CURVE ( 'NONE', #5602, #3066, #4349, .T. ) ;
#1542 = ORIENTED_EDGE ( 'NONE', *, *, #5018, .T. ) ;
#1543 = VECTOR ( 'NONE', #3698, 1000.000000000000114 ) ;
#1544 = PRESENTATION_STYLE_ASSIGNMENT (( #4935 ) ) ;
#1545 = ORIENTED_EDGE ( 'NONE', *, *, #1817, .F. ) ;
#1546 = PLANE ( 'NONE',  #400 ) ;
#1547 = VERTEX_POINT ( 'NONE', #5369 ) ;
#1548 = CARTESIAN_POINT ( 'NONE',  ( 1.064999999999999059, 0.08749999994315657559, 400000.0000000000000 ) ) ;
#1549 = FILL_AREA_STYLE ('',( #1644 ) ) ;
#1550 = VECTOR ( 'NONE', #3153, 1000.000000000000114 ) ;
#1551 = CARTESIAN_POINT ( 'NONE',  ( -1.065000000000000835, -0.6576635190118217400, 2.415815324389956498 ) ) ;
#1552 = FACE_OUTER_BOUND ( 'NONE', #5806, .T. ) ;
#1553 = FACE_OUTER_BOUND ( 'NONE', #831, .T. ) ;
#1554 = ORIENTED_EDGE ( 'NONE', *, *, #2813, .F. ) ;
#1555 = STYLED_ITEM ( 'NONE', ( #5143 ), #588 ) ;
#1556 = DIRECTION ( 'NONE',  ( 0.000000000000000000, -1.224646799147353700E-16, 1.000000000000000000 ) ) ;
#1557 =( GEOMETRIC_REPRESENTATION_CONTEXT ( 3 ) GLOBAL_UNCERTAINTY_ASSIGNED_CONTEXT ( ( #2154 ) ) GLOBAL_UNIT_ASSIGNED_CONTEXT ( ( #5153, #6266, #5796 ) ) REPRESENTATION_CONTEXT ( 'NONE', 'WORKASPACE' ) );
#1558 = CARTESIAN_POINT ( 'NONE',  ( 2.744999999999999218, -0.5382586942780623884, -2.298476529921281930 ) ) ;
#1559 = AXIS2_PLACEMENT_3D ( 'NONE', #1165, #5917, #5484 ) ;
#1560 = FILL_AREA_STYLE_COLOUR ( '', #3777 ) ;
#1561 =( NAMED_UNIT ( * ) SI_UNIT ( $, .STERADIAN. ) SOLID_ANGLE_UNIT ( ) );
#1562 = ORIENTED_EDGE ( 'NONE', *, *, #32, .T. ) ;
#1563 = DIRECTION ( 'NONE',  ( 0.000000000000000000, 0.1391731009600654934, 0.9902680687415702510 ) ) ;
#1564 = STYLED_ITEM ( 'NONE', ( #1023 ), #6112 ) ;
#1565 = DIRECTION ( 'NONE',  ( 1.000000000000000000, 0.000000000000000000, 0.000000000000000000 ) ) ;
#1566 = PRESENTATION_STYLE_ASSIGNMENT (( #5929 ) ) ;
#1567 = PRESENTATION_STYLE_ASSIGNMENT (( #4901 ) ) ;
#1568 = ORIENTED_EDGE ( 'NONE', *, *, #4453, .T. ) ;
#1569 = CARTESIAN_POINT ( 'NONE',  ( -3.605000000000000870, -0.5382586942780623884, -2.298476529921281930 ) ) ;
#1570 = AXIS2_PLACEMENT_3D ( 'NONE', #1418, #2425, #4815 ) ;
#1571 = ADVANCED_FACE ( 'NONE', ( #8 ), #2462, .T. ) ;
#1572 = VERTEX_POINT ( 'NONE', #3973 ) ;
#1573 = FACE_OUTER_BOUND ( 'NONE', #52, .T. ) ;
#1574 = DIRECTION ( 'NONE',  ( 0.000000000000000000, -0.9961946980917455452, -0.08715574274765836016 ) ) ;
#1575 = FILL_AREA_STYLE_COLOUR ( '', #4894 ) ;
#1576 = ORIENTED_EDGE ( 'NONE', *, *, #5987, .F. ) ;
#1577 = UNCERTAINTY_MEASURE_WITH_UNIT (LENGTH_MEASURE( 1.000000000000000082E-05 ), #1862, 'distance_accuracy_value', 'NONE');
#1578 = ORIENTED_EDGE ( 'NONE', *, *, #5722, .T. ) ;
#1579 = VECTOR ( 'NONE', #2984, 1000.000000000000114 ) ;
#1580 = CARTESIAN_POINT ( 'NONE',  ( -1.475000000000000977, -0.05000000000000001665, 2.276307518992031209 ) ) ;
#1581 = CARTESIAN_POINT ( 'NONE',  ( -0.2050000000000008760, -0.5215016595598550575, -2.434951625771963890 ) ) ;
#1582 = PRESENTATION_LAYER_ASSIGNMENT (  '', '', ( #76 ) ) ;
#1583 = ADVANCED_FACE ( 'NONE', ( #4450 ), #4408, .T. ) ;
#1584 = SURFACE_SIDE_STYLE ('',( #4473 ) ) ;
#1585 = FACE_OUTER_BOUND ( 'NONE', #3417, .T. ) ;
#1586 = PLANE ( 'NONE',  #5411 ) ;
#1587 = MECHANICAL_DESIGN_GEOMETRIC_PRESENTATION_REPRESENTATION (  '', ( #5530 ), #4724 ) ;
#1588 = UNCERTAINTY_MEASURE_WITH_UNIT (LENGTH_MEASURE( 1.000000000000000082E-05 ), #3845, 'distance_accuracy_value', 'NONE');
#1589 =( NAMED_UNIT ( * ) PLANE_ANGLE_UNIT ( ) SI_UNIT ( $, .RADIAN. ) );
#1590 = EDGE_CURVE ( 'NONE', #1773, #714, #1718, .T. ) ;
#1591 = VECTOR ( 'NONE', #5165, 1000.000000000000000 ) ;
#1592 = ORIENTED_EDGE ( 'NONE', *, *, #5376, .T. ) ;
#1593 = LINE ( 'NONE', #143, #381 ) ;
#1594 =( GEOMETRIC_REPRESENTATION_CONTEXT ( 3 ) GLOBAL_UNCERTAINTY_ASSIGNED_CONTEXT ( ( #4941 ) ) GLOBAL_UNIT_ASSIGNED_CONTEXT ( ( #5219, #404, #4711 ) ) REPRESENTATION_CONTEXT ( 'NONE', 'WORKASPACE' ) );
#1595 = DIRECTION ( 'NONE',  ( 0.000000000000000000, -0.1391731009600658264, 0.9902680687415702510 ) ) ;
#1596 = SURFACE_STYLE_USAGE ( .BOTH. , #3501 ) ;
#1597 = DIRECTION ( 'NONE',  ( 0.000000000000000000, 0.9902680687415703620, -0.1391731009600655211 ) ) ;
#1598 = AXIS2_PLACEMENT_3D ( 'NONE', #556, #2475, #5381 ) ;
#1599 = ORIENTED_EDGE ( 'NONE', *, *, #6084, .F. ) ;
#1600 = PLANE ( 'NONE',  #1404 ) ;
#1601 =( GEOMETRIC_REPRESENTATION_CONTEXT ( 3 ) GLOBAL_UNCERTAINTY_ASSIGNED_CONTEXT ( ( #2714 ) ) GLOBAL_UNIT_ASSIGNED_CONTEXT ( ( #1093, #2589, #5490 ) ) REPRESENTATION_CONTEXT ( 'NONE', 'WORKASPACE' ) );
#1602 = COLOUR_RGB ( '',1.000000000000000000, 1.000000000000000000, 1.000000000000000000 ) ;
#1603 = COLOUR_RGB ( '',1.000000000000000000, 1.000000000000000000, 1.000000000000000000 ) ;
#1604 = FACE_BOUND ( 'NONE', #1832, .T. ) ;
#1605 = DIRECTION ( 'NONE',  ( 1.000000000000000000, 0.000000000000000000, 0.000000000000000000 ) ) ;
#1606 = ORIENTED_EDGE ( 'NONE', *, *, #6263, .F. ) ;
#1607 = CYLINDRICAL_SURFACE ( 'NONE', #6146, 0.1375000000000000389 ) ;
#1608 = VECTOR ( 'NONE', #4081, 1000.000000000000114 ) ;
#1609 = EDGE_LOOP ( 'NONE', ( #4623, #4384, #940, #3197 ) ) ;
#1610 = VECTOR ( 'NONE', #1064, 1000.000000000000000 ) ;
#1611 = PLANE ( 'NONE',  #608 ) ;
#1612 = STYLED_ITEM ( 'NONE', ( #2993 ), #5710 ) ;
#1613 = VECTOR ( 'NONE', #4808, 1000.000000000000114 ) ;
#1614 = DIRECTION ( 'NONE',  ( 0.000000000000000000, 0.9902680687415703620, -0.1391731009600655211 ) ) ;
#1615 = PLANE ( 'NONE',  #6104 ) ;
#1616 = VERTEX_POINT ( 'NONE', #1129 ) ;
#1617 =( LENGTH_UNIT ( ) NAMED_UNIT ( * ) SI_UNIT ( .MILLI., .METRE. ) );
#1618 = ORIENTED_EDGE ( 'NONE', *, *, #1192, .F. ) ;
#1619 = DIRECTION ( 'NONE',  ( -0.000000000000000000, 0.9902680687415702510, 0.1391731009600658264 ) ) ;
#1620 = DIRECTION ( 'NONE',  ( 0.000000000000000000, 0.1391731009600654934, 0.9902680687415702510 ) ) ;
#1621 =( NAMED_UNIT ( * ) PLANE_ANGLE_UNIT ( ) SI_UNIT ( $, .RADIAN. ) );
#1622 = FILL_AREA_STYLE ('',( #224 ) ) ;
#1623 = SURFACE_SIDE_STYLE ('',( #666 ) ) ;
#1624 = ORIENTED_EDGE ( 'NONE', *, *, #5811, .F. ) ;
#1625 = EDGE_CURVE ( 'NONE', #2057, #632, #121, .T. ) ;
#1626 = SURFACE_SIDE_STYLE ('',( #4064 ) ) ;
#1627 =( NAMED_UNIT ( * ) SI_UNIT ( $, .STERADIAN. ) SOLID_ANGLE_UNIT ( ) );
#1628 = ORIENTED_EDGE ( 'NONE', *, *, #4800, .F. ) ;
#1629 = LINE ( 'NONE', #2131, #3024 ) ;
#1630 = CARTESIAN_POINT ( 'NONE',  ( -4.015000000000001457, -238883.7691232077195, -29333.64739951598312 ) ) ;
#1631 = ORIENTED_EDGE ( 'NONE', *, *, #2260, .F. ) ;
#1632 = DIRECTION ( 'NONE',  ( 1.000000000000000000, 0.000000000000000000, 0.000000000000000000 ) ) ;
#1633 = EDGE_LOOP ( 'NONE', ( #1051, #6211, #1511, #5098 ) ) ;
#1634 = AXIS2_PLACEMENT_3D ( 'NONE', #2749, #5620, #5587 ) ;
#1635 = SURFACE_STYLE_USAGE ( .BOTH. , #5877 ) ;
#1636 =( NAMED_UNIT ( * ) PLANE_ANGLE_UNIT ( ) SI_UNIT ( $, .RADIAN. ) );
#1637 = DIRECTION ( 'NONE',  ( 0.000000000000000000, 0.9902680687415703620, -0.1391731009600655211 ) ) ;
#1638 = DIRECTION ( 'NONE',  ( 2.224004456380521903E-16, 0.000000000000000000, 1.000000000000000000 ) ) ;
#1639 = ORIENTED_EDGE ( 'NONE', *, *, #5905, .F. ) ;
#1640 = LINE ( 'NONE', #4559, #1484 ) ;
#1641 = UNCERTAINTY_MEASURE_WITH_UNIT (LENGTH_MEASURE( 1.000000000000000082E-05 ), #88, 'distance_accuracy_value', 'NONE');
#1642 = ORIENTED_EDGE ( 'NONE', *, *, #4861, .F. ) ;
#1643 = PLANE ( 'NONE',  #3939 ) ;
#1644 = FILL_AREA_STYLE_COLOUR ( '', #2299 ) ;
#1645 = CARTESIAN_POINT ( 'NONE',  ( 1.474999999999999423, -0.08750000005684341331, 400000.0000000000000 ) ) ;
#1646 = CIRCLE ( 'NONE', #3267, 0.1329977112048087440 ) ;
#1647 = FACE_OUTER_BOUND ( 'NONE', #2336, .T. ) ;
#1648 = UNCERTAINTY_MEASURE_WITH_UNIT (LENGTH_MEASURE( 1.000000000000000082E-05 ), #3125, 'distance_accuracy_value', 'NONE');
#1649 = ORIENTED_EDGE ( 'NONE', *, *, #2847, .F. ) ;
#1650 = EDGE_CURVE ( 'NONE', #5392, #1572, #2007, .T. ) ;
#1651 = DIRECTION ( 'NONE',  ( 1.000000000000000000, 0.000000000000000000, 0.000000000000000000 ) ) ;
#1652 = FACE_OUTER_BOUND ( 'NONE', #2930, .T. ) ;
#1653 = ADVANCED_FACE ( 'NONE', ( #148 ), #553, .T. ) ;
#1654 = VERTEX_POINT ( 'NONE', #590 ) ;
#1655 = LINE ( 'NONE', #2467, #6093 ) ;
#1656 = LINE ( 'NONE', #3590, #597 ) ;
#1657 = ORIENTED_EDGE ( 'NONE', *, *, #3083, .T. ) ;
#1658 = VECTOR ( 'NONE', #852, 1000.000000000000114 ) ;
#1659 = EDGE_CURVE ( 'NONE', #231, #1616, #3543, .T. ) ;
#1660 = VERTEX_POINT ( 'NONE', #2950 ) ;
#1661 = FILL_AREA_STYLE_COLOUR ( '', #3828 ) ;
#1662 = VERTEX_POINT ( 'NONE', #5110 ) ;
#1663 = APPLICATION_PROTOCOL_DEFINITION ( 'draft international standard', 'automotive_design', 1998, #2706 ) ;
#1664 = DIRECTION ( 'NONE',  ( 0.000000000000000000, -1.224646799147353700E-16, 1.000000000000000000 ) ) ;
#1665 = MECHANICAL_DESIGN_GEOMETRIC_PRESENTATION_REPRESENTATION (  '', ( #3400 ), #5842 ) ;
#1666 = DIRECTION ( 'NONE',  ( 0.000000000000000000, -1.224646799147353700E-16, 1.000000000000000000 ) ) ;
#1667 = EDGE_LOOP ( 'NONE', ( #1874, #1267, #4514, #4602 ) ) ;
#1668 =( LENGTH_UNIT ( ) NAMED_UNIT ( * ) SI_UNIT ( .MILLI., .METRE. ) );
#1669 = ORIENTED_EDGE ( 'NONE', *, *, #2896, .T. ) ;
#1670 = FILL_AREA_STYLE_COLOUR ( '', #1105 ) ;
#1671 = CIRCLE ( 'NONE', #3085, 0.1375000000000000389 ) ;
#1672 = SURFACE_SIDE_STYLE ('',( #4914 ) ) ;
#1673 =( NAMED_UNIT ( * ) PLANE_ANGLE_UNIT ( ) SI_UNIT ( $, .RADIAN. ) );
#1674 = SURFACE_SIDE_STYLE ('',( #3527 ) ) ;
#1675 = PRESENTATION_LAYER_ASSIGNMENT (  '', '', ( #2074 ) ) ;
#1676 = VECTOR ( 'NONE', #794, 1000.000000000000000 ) ;
#1677 = DIRECTION ( 'NONE',  ( 0.000000000000000000, -0.9925461516413218721, 0.1218693434051480867 ) ) ;
#1678 = EDGE_CURVE ( 'NONE', #2290, #886, #4044, .T. ) ;
#1679 = ORIENTED_EDGE ( 'NONE', *, *, #2293, .F. ) ;
#1680 = FILL_AREA_STYLE ('',( #4961 ) ) ;
#1681 = PRESENTATION_LAYER_ASSIGNMENT (  '', '', ( #2785 ) ) ;
#1682 = LINE ( 'NONE', #1231, #2186 ) ;
#1683 =( NAMED_UNIT ( * ) SI_UNIT ( $, .STERADIAN. ) SOLID_ANGLE_UNIT ( ) );
#1684 = ORIENTED_EDGE ( 'NONE', *, *, #1304, .F. ) ;
#1686 = CARTESIAN_POINT ( 'NONE',  ( -3.605000000000000870, -60775.64126304931415, 432440.1514247114537 ) ) ;
#1685 = MECHANICAL_DESIGN_GEOMETRIC_PRESENTATION_REPRESENTATION (  '', ( #6252 ), #3509 ) ;
#1687 = ADVANCED_FACE ( 'NONE', ( #2565 ), #5584, .F. ) ;
#1688 = CARTESIAN_POINT ( 'NONE',  ( -1.475000000000000977, 0.08749999994315657559, 400000.0000000000000 ) ) ;
#1689 = VECTOR ( 'NONE', #3317, 1000.000000000000114 ) ;
#1690 = DIRECTION ( 'NONE',  ( -0.000000000000000000, 0.1391731009600655211, 0.9902680687415703620 ) ) ;
#1691 = EDGE_CURVE ( 'NONE', #4312, #1720, #176, .T. ) ;
#1692 = PRESENTATION_STYLE_ASSIGNMENT (( #5061 ) ) ;
#1693 = FILL_AREA_STYLE ('',( #1661 ) ) ;
#1694 = CIRCLE ( 'NONE', #377, 0.1375000000000000389 ) ;
#1695 = VERTEX_POINT ( 'NONE', #3170 ) ;
#1696 = ADVANCED_FACE ( 'NONE', ( #4899 ), #2067, .F. ) ;
#1697 = AXIS2_PLACEMENT_3D ( 'NONE', #2270, #2679, #1263 ) ;
#1698 = AXIS2_PLACEMENT_3D ( 'NONE', #3359, #6251, #5719 ) ;
#1699 = AXIS2_PLACEMENT_3D ( 'NONE', #3250, #5212, #4126 ) ;
#1700 = EDGE_CURVE ( 'NONE', #5590, #5580, #2781, .T. ) ;
#1701 = DIRECTION ( 'NONE',  ( 0.000000000000000000, 0.9925461516413218721, 0.1218693434051480867 ) ) ;
#1702 = SURFACE_STYLE_USAGE ( .BOTH. , #2731 ) ;
#1703 =( GEOMETRIC_REPRESENTATION_CONTEXT ( 3 ) GLOBAL_UNCERTAINTY_ASSIGNED_CONTEXT ( ( #3746 ) ) GLOBAL_UNIT_ASSIGNED_CONTEXT ( ( #3458, #2398, #1924 ) ) REPRESENTATION_CONTEXT ( 'NONE', 'WORKASPACE' ) );
#1704 = ORIENTED_EDGE ( 'NONE', *, *, #2769, .T. ) ;
#1705 =( NAMED_UNIT ( * ) SI_UNIT ( $, .STERADIAN. ) SOLID_ANGLE_UNIT ( ) );
#1706 = VECTOR ( 'NONE', #362, 1000.000000000000000 ) ;
#1707 = VECTOR ( 'NONE', #833, 1000.000000000000227 ) ;
#1708 = VERTEX_POINT ( 'NONE', #1894 ) ;
#1709 = CARTESIAN_POINT ( 'NONE',  ( 0.000000000000000000, -0.6250000000000000000, 0.000000000000000000 ) ) ;
#1710 = SURFACE_STYLE_USAGE ( .BOTH. , #1802 ) ;
#1711 = PRESENTATION_LAYER_ASSIGNMENT (  '', '', ( #4233 ) ) ;
#1712 = SURFACE_STYLE_USAGE ( .BOTH. , #3261 ) ;
#1713 = PRESENTATION_LAYER_ASSIGNMENT (  '', '', ( #2010 ) ) ;
#1714 = UNCERTAINTY_MEASURE_WITH_UNIT (LENGTH_MEASURE( 1.000000000000000082E-05 ), #4506, 'distance_accuracy_value', 'NONE');
#1715 = PRESENTATION_STYLE_ASSIGNMENT (( #1259 ) ) ;
#1716 = VERTEX_POINT ( 'NONE', #446 ) ;
#1717 = DIRECTION ( 'NONE',  ( 0.000000000000000000, 0.1218693434051481006, -0.9925461516413219831 ) ) ;
#1718 = LINE ( 'NONE', #2682, #3410 ) ;
#1719 = SURFACE_STYLE_FILL_AREA ( #6065 ) ;
#1720 = VERTEX_POINT ( 'NONE', #2719 ) ;
#1721 =( NAMED_UNIT ( * ) SI_UNIT ( $, .STERADIAN. ) SOLID_ANGLE_UNIT ( ) );
#1722 = SURFACE_STYLE_USAGE ( .BOTH. , #3482 ) ;
#1723 = CARTESIAN_POINT ( 'NONE',  ( 2.744999999999999218, -238883.7691232077195, -29333.64739951598312 ) ) ;
#1724 = SURFACE_STYLE_USAGE ( .BOTH. , #4701 ) ;
#1725 =( NAMED_UNIT ( * ) SI_UNIT ( $, .STERADIAN. ) SOLID_ANGLE_UNIT ( ) );
#1726 = VERTEX_POINT ( 'NONE', #3334 ) ;
#1727 = EDGE_CURVE ( 'NONE', #5562, #3812, #2278, .T. ) ;
#1728 = FILL_AREA_STYLE_COLOUR ( '', #5764 ) ;
#1729 = FACE_OUTER_BOUND ( 'NONE', #1114, .T. ) ;
#1730 = APPLICATION_PROTOCOL_DEFINITION ( 'draft international standard', 'automotive_design', 1998, #4339 ) ;
#1731 = CARTESIAN_POINT ( 'NONE',  ( 3.604999999999999094, -0.4883712798218198259, 2.468665344991904931 ) ) ;
#1732 = EDGE_CURVE ( 'NONE', #1431, #946, #4726, .T. ) ;
#1733 = DIRECTION ( 'NONE',  ( 0.000000000000000000, 0.000000000000000000, -1.000000000000000000 ) ) ;
#1734 = ORIENTED_EDGE ( 'NONE', *, *, #6230, .T. ) ;
#1735 = CARTESIAN_POINT ( 'NONE',  ( -2.745000000000000995, -0.6576635190569390943, -2.415815324525283359 ) ) ;
#1736 = EDGE_LOOP ( 'NONE', ( #305, #3449, #4973, #1290 ) ) ;
#1737 = PRESENTATION_STYLE_ASSIGNMENT (( #1252 ) ) ;
#1738 = FILL_AREA_STYLE ('',( #4627 ) ) ;
#1739 = SURFACE_STYLE_FILL_AREA ( #5642 ) ;
#1740 = FILL_AREA_STYLE ('',( #5643 ) ) ;
#1741 = CYLINDRICAL_SURFACE ( 'NONE', #1454, 0.1375000000000000389 ) ;
#1742 = DIRECTION ( 'NONE',  ( 0.000000000000000000, 0.000000000000000000, -1.000000000000000000 ) ) ;
#1743 = ORIENTED_EDGE ( 'NONE', *, *, #2596, .T. ) ;
#1744 = EDGE_CURVE ( 'NONE', #17, #3498, #3092, .T. ) ;
#1745 = SURFACE_STYLE_USAGE ( .BOTH. , #6092 ) ;
#1746 = CARTESIAN_POINT ( 'NONE',  ( 3.604999999999999094, 0.08749999994315657559, 400000.0000000000000 ) ) ;
#1747 = ORIENTED_EDGE ( 'NONE', *, *, #5131, .T. ) ;
#1748 = SURFACE_SIDE_STYLE ('',( #4699 ) ) ;
#1749 =( GEOMETRIC_REPRESENTATION_CONTEXT ( 3 ) GLOBAL_UNCERTAINTY_ASSIGNED_CONTEXT ( ( #3676 ) ) GLOBAL_UNIT_ASSIGNED_CONTEXT ( ( #4066, #1172, #1721 ) ) REPRESENTATION_CONTEXT ( 'NONE', 'WORKASPACE' ) );
#1750 = ORIENTED_EDGE ( 'NONE', *, *, #3556, .F. ) ;
#1751 =( GEOMETRIC_REPRESENTATION_CONTEXT ( 3 ) GLOBAL_UNCERTAINTY_ASSIGNED_CONTEXT ( ( #3099 ) ) GLOBAL_UNIT_ASSIGNED_CONTEXT ( ( #2427, #1949, #3424 ) ) REPRESENTATION_CONTEXT ( 'NONE', 'WORKASPACE' ) );
#1752 = FACE_OUTER_BOUND ( 'NONE', #3264, .T. ) ;
#1753 = CARTESIAN_POINT ( 'NONE',  ( 4.014999999999999680, -0.5382586940072542347, 2.298476529816184666 ) ) ;
#1754 = STYLED_ITEM ( 'NONE', ( #4637 ), #582 ) ;
#1755 = FACE_OUTER_BOUND ( 'NONE', #5863, .T. ) ;
#1756 =( LENGTH_UNIT ( ) NAMED_UNIT ( * ) SI_UNIT ( .MILLI., .METRE. ) );
#1757 = EDGE_CURVE ( 'NONE', #4978, #5191, #3297, .T. ) ;
#1758 = ORIENTED_EDGE ( 'NONE', *, *, #3665, .T. ) ;
#1759 = VECTOR ( 'NONE', #4170, 1000.000000000000114 ) ;
#1760 = SURFACE_SIDE_STYLE ('',( #329 ) ) ;
#1761 = SURFACE_STYLE_FILL_AREA ( #331 ) ;
#1762 = CARTESIAN_POINT ( 'NONE',  ( -1.065000000000000835, -0.4883712798999795268, -2.468665345142895262 ) ) ;
#1763 = ORIENTED_EDGE ( 'NONE', *, *, #1150, .F. ) ;
#1764 = PRESENTATION_LAYER_ASSIGNMENT (  '', '', ( #339 ) ) ;
#1765 = DIRECTION ( 'NONE',  ( 1.000000000000000000, 0.000000000000000000, 0.000000000000000000 ) ) ;
#1766 = EDGE_CURVE ( 'NONE', #303, #360, #3240, .T. ) ;
#1767 = VERTEX_POINT ( 'NONE', #4664 ) ;
#1768 = DIRECTION ( 'NONE',  ( 0.000000000000000000, -1.224646799147353700E-16, 1.000000000000000000 ) ) ;
#1769 = PRESENTATION_LAYER_ASSIGNMENT (  '', '', ( #48 ) ) ;
#1770 = FILL_AREA_STYLE ('',( #4756 ) ) ;
#1771 = UNCERTAINTY_MEASURE_WITH_UNIT (LENGTH_MEASURE( 1.000000000000000082E-05 ), #1324, 'distance_accuracy_value', 'NONE');
#1772 = SURFACE_STYLE_FILL_AREA ( #5611 ) ;
#1773 = VERTEX_POINT ( 'NONE', #1395 ) ;
#1774 = PRESENTATION_LAYER_ASSIGNMENT (  '', '', ( #4505 ) ) ;
#1775 = EDGE_CURVE ( 'NONE', #4873, #3132, #5175, .T. ) ;
#1776 = DIRECTION ( 'NONE',  ( 0.000000000000000000, -0.1391731009600658264, 0.9902680687415702510 ) ) ;
#1777 = DIRECTION ( 'NONE',  ( 1.000000000000000000, 0.000000000000000000, 0.000000000000000000 ) ) ;
#1778 = CARTESIAN_POINT ( 'NONE',  ( 3.604999999999999094, -0.5382586940072542347, 2.298476529816184666 ) ) ;
#1779 = ORIENTED_EDGE ( 'NONE', *, *, #2690, .F. ) ;
#1780 = LINE ( 'NONE', #4697, #3816 ) ;
#1781 = PRESENTATION_STYLE_ASSIGNMENT (( #5621 ) ) ;
#1782 = STYLED_ITEM ( 'NONE', ( #1692 ), #1423 ) ;
#1783 = DIRECTION ( 'NONE',  ( 0.000000000000000000, 0.000000000000000000, -1.000000000000000000 ) ) ;
#1784 = PRESENTATION_LAYER_ASSIGNMENT (  '', '', ( #6244 ) ) ;
#1785 = DIRECTION ( 'NONE',  ( 0.000000000000000000, 0.1218693434051481006, -0.9925461516413219831 ) ) ;
#1786 = CARTESIAN_POINT ( 'NONE',  ( 2.334999999999999520, -60775.64126304931415, 432440.1514247114537 ) ) ;
#1787 =( GEOMETRIC_REPRESENTATION_CONTEXT ( 3 ) GLOBAL_UNCERTAINTY_ASSIGNED_CONTEXT ( ( #576 ) ) GLOBAL_UNIT_ASSIGNED_CONTEXT ( ( #2617, #663, #1141 ) ) REPRESENTATION_CONTEXT ( 'NONE', 'WORKASPACE' ) );
#1788 =( LENGTH_UNIT ( ) NAMED_UNIT ( * ) SI_UNIT ( .MILLI., .METRE. ) );
#1789 =( GEOMETRIC_REPRESENTATION_CONTEXT ( 3 ) GLOBAL_UNCERTAINTY_ASSIGNED_CONTEXT ( ( #509 ) ) GLOBAL_UNIT_ASSIGNED_CONTEXT ( ( #4279, #3965, #2047 ) ) REPRESENTATION_CONTEXT ( 'NONE', 'WORKASPACE' ) );
#1790 = ORIENTED_EDGE ( 'NONE', *, *, #876, .F. ) ;
#1791 = CARTESIAN_POINT ( 'NONE',  ( -1.475000000000000977, -60775.72791150532430, 432440.1392470651190 ) ) ;
#1792 = EDGE_CURVE ( 'NONE', #4270, #671, #315, .T. ) ;
#1793 = CARTESIAN_POINT ( 'NONE',  ( 4.014999999999999680, -0.08750000005684341331, 400000.0000000000000 ) ) ;
#1794 = LINE ( 'NONE', #3733, #2349 ) ;
#1795 = VERTEX_POINT ( 'NONE', #2240 ) ;
#1796 = DIRECTION ( 'NONE',  ( 1.000000000000000000, 0.000000000000000000, 0.000000000000000000 ) ) ;
#1797 =( GEOMETRIC_REPRESENTATION_CONTEXT ( 3 ) GLOBAL_UNCERTAINTY_ASSIGNED_CONTEXT ( ( #2521 ) ) GLOBAL_UNIT_ASSIGNED_CONTEXT ( ( #864, #5209, #2247 ) ) REPRESENTATION_CONTEXT ( 'NONE', 'WORKASPACE' ) );
#1798 = ORIENTED_EDGE ( 'NONE', *, *, #3786, .F. ) ;
#1799 = CIRCLE ( 'NONE', #2189, 0.1375000000000000389 ) ;
#1800 = STYLED_ITEM ( 'NONE', ( #3140 ), #5214 ) ;
#1801 = AXIS2_PLACEMENT_3D ( 'NONE', #5583, #3103, #2443 ) ;
#1802 = SURFACE_SIDE_STYLE ('',( #4203 ) ) ;
#1803 = CARTESIAN_POINT ( 'NONE',  ( -2.335000000000001297, -238883.7904503427853, -29333.47370393944584 ) ) ;
#1804 = VECTOR ( 'NONE', #4119, 1000.000000000000000 ) ;
#1805 = ORIENTED_EDGE ( 'NONE', *, *, #5292, .T. ) ;
#1806 = SURFACE_STYLE_FILL_AREA ( #2916 ) ;
#1807 = STYLED_ITEM ( 'NONE', ( #5944 ), #4518 ) ;
#1808 =( LENGTH_UNIT ( ) NAMED_UNIT ( * ) SI_UNIT ( .MILLI., .METRE. ) );
#1809 = EDGE_CURVE ( 'NONE', #4904, #4412, #2746, .T. ) ;
#1810 = AXIS2_PLACEMENT_3D ( 'NONE', #4501, #3497, #166 ) ;
#1811 = DIRECTION ( 'NONE',  ( 0.000000000000000000, -0.1391731009600658264, 0.9902680687415702510 ) ) ;
#1812 = SURFACE_STYLE_FILL_AREA ( #3202 ) ;
#1813 = CARTESIAN_POINT ( 'NONE',  ( 2.744999999999999218, 0.08749999994315657559, 400000.0000000000000 ) ) ;
#1814 = VECTOR ( 'NONE', #2983, 1000.000000000000000 ) ;
#1815 = ORIENTED_EDGE ( 'NONE', *, *, #2457, .F. ) ;
#1816 = LINE ( 'NONE', #5051, #5757 ) ;
#1817 = EDGE_CURVE ( 'NONE', #4255, #2207, #3201, .T. ) ;
#1818 = DIRECTION ( 'NONE',  ( 0.000000000000000000, 0.000000000000000000, -1.000000000000000000 ) ) ;
#1819 = VECTOR ( 'NONE', #519, 1000.000000000000114 ) ;
#1820 =( GEOMETRIC_REPRESENTATION_CONTEXT ( 3 ) GLOBAL_UNCERTAINTY_ASSIGNED_CONTEXT ( ( #4367 ) ) GLOBAL_UNIT_ASSIGNED_CONTEXT ( ( #3867, #510, #3894 ) ) REPRESENTATION_CONTEXT ( 'NONE', 'WORKASPACE' ) );
#1821 = ORIENTED_EDGE ( 'NONE', *, *, #3989, .F. ) ;
#1822 = CYLINDRICAL_SURFACE ( 'NONE', #4293, 0.1375000000000000389 ) ;
#1823 = PLANE ( 'NONE',  #1049 ) ;
#1824 = SURFACE_SIDE_STYLE ('',( #3279 ) ) ;
#1825 = VERTEX_POINT ( 'NONE', #386 ) ;
#1826 = EDGE_CURVE ( 'NONE', #2428, #1795, #4181, .T. ) ;
#1827 = CARTESIAN_POINT ( 'NONE',  ( 2.334999999999999520, -238883.7904503427853, -29333.47370393944584 ) ) ;
#1828 = CARTESIAN_POINT ( 'NONE',  ( -0.2050000000000008760, -0.04999999999999946154, -2.276307518992031209 ) ) ;
#1829 = ORIENTED_EDGE ( 'NONE', *, *, #5139, .T. ) ;
#1830 = LINE ( 'NONE', #5678, #2387 ) ;
#1831 = UNCERTAINTY_MEASURE_WITH_UNIT (LENGTH_MEASURE( 1.000000000000000082E-05 ), #3549, 'distance_accuracy_value', 'NONE');
#1832 = EDGE_LOOP ( 'NONE', ( #592, #1779 ) ) ;
#1833 = DIRECTION ( 'NONE',  ( -0.000000000000000000, 1.000000000000000000, 1.224646799147353700E-16 ) ) ;
#1834 = SURFACE_SIDE_STYLE ('',( #2296 ) ) ;
#1835 = UNCERTAINTY_MEASURE_WITH_UNIT (LENGTH_MEASURE( 1.000000000000000082E-05 ), #1808, 'distance_accuracy_value', 'NONE');
#1836 = FILL_AREA_STYLE_COLOUR ( '', #5559 ) ;
#1837 = VERTEX_POINT ( 'NONE', #416 ) ;
#1838 = CARTESIAN_POINT ( 'NONE',  ( 0.2049999999999991274, -0.05000000000000001665, 2.276307518992031209 ) ) ;
#1839 = SURFACE_SIDE_STYLE ('',( #2333 ) ) ;
#1840 = CARTESIAN_POINT ( 'NONE',  ( 2.744999999999999218, 49479.21441529450385, 352064.5391282623750 ) ) ;
#1841 = VECTOR ( 'NONE', #4586, 1000.000000000000000 ) ;
#1842 = CARTESIAN_POINT ( 'NONE',  ( 2.744999999999999218, -0.05000000000000001665, 2.276307518992031209 ) ) ;
#1843 = ORIENTED_EDGE ( 'NONE', *, *, #4964, .T. ) ;
#1844 = CARTESIAN_POINT ( 'NONE',  ( 2.744999999999999218, -335652.5486902103294, 41215.18319354090636 ) ) ;
#1845 =( NAMED_UNIT ( * ) SI_UNIT ( $, .STERADIAN. ) SOLID_ANGLE_UNIT ( ) );
#1846 = EDGE_CURVE ( 'NONE', #3187, #134, #348, .T. ) ;
#1847 = ORIENTED_EDGE ( 'NONE', *, *, #5966, .T. ) ;
#1848 = MANIFOLD_SOLID_BREP ( 'LPattern2[3]', #5159 ) ;
#1849 = SURFACE_STYLE_USAGE ( .BOTH. , #2217 ) ;
#1850 = EDGE_CURVE ( 'NONE', #5314, #5911, #513, .T. ) ;
#1851 = CARTESIAN_POINT ( 'NONE',  ( 2.744999999999999218, -238883.7904503427853, -29333.47370393944584 ) ) ;
#1852 = DIRECTION ( 'NONE',  ( 0.000000000000000000, 0.000000000000000000, -1.000000000000000000 ) ) ;
#1853 = ORIENTED_EDGE ( 'NONE', *, *, #6036, .T. ) ;
#1854 = EDGE_CURVE ( 'NONE', #3351, #1547, #2334, .T. ) ;
#1855 = AXIS2_PLACEMENT_3D ( 'NONE', #334, #5067, #302 ) ;
#1856 = CARTESIAN_POINT ( 'NONE',  ( -2.745000000000000995, -0.5633515439456004970, 3.002177646067138994 ) ) ;
#1857 = CARTESIAN_POINT ( 'NONE',  ( 3.604999999999999094, -0.5633515439456004970, 3.002177646067138994 ) ) ;
#1858 = ORIENTED_EDGE ( 'NONE', *, *, #4990, .F. ) ;
#1859 = SURFACE_STYLE_USAGE ( .BOTH. , #6080 ) ;
#1860 = COLOUR_RGB ( '',1.000000000000000000, 1.000000000000000000, 1.000000000000000000 ) ;
#1861 = ORIENTED_EDGE ( 'NONE', *, *, #5414, .F. ) ;
#1862 =( LENGTH_UNIT ( ) NAMED_UNIT ( * ) SI_UNIT ( .MILLI., .METRE. ) );
#1863 = AXIS2_PLACEMENT_3D ( 'NONE', #4878, #5714, #1450 ) ;
#1864 = CARTESIAN_POINT ( 'NONE',  ( -0.2050000000000008760, -0.5382586940072542347, 2.298476529816184666 ) ) ;
#1865 = DIRECTION ( 'NONE',  ( 0.000000000000000000, 0.9902680687415703620, -0.1391731009600655211 ) ) ;
#1866 = DIRECTION ( 'NONE',  ( 1.000000000000000000, 0.000000000000000000, 0.000000000000000000 ) ) ;
#1867 = ORIENTED_EDGE ( 'NONE', *, *, #1691, .F. ) ;
#1868 = SURFACE_SIDE_STYLE ('',( #2458 ) ) ;
#1869 = LINE ( 'NONE', #1053, #5047 ) ;
#1870 = EDGE_CURVE ( 'NONE', #5244, #4904, #3969, .T. ) ;
#1871 = DIRECTION ( 'NONE',  ( 1.000000000000000000, 0.000000000000000000, 0.000000000000000000 ) ) ;
#1872 = DIRECTION ( 'NONE',  ( 0.000000000000000000, 0.000000000000000000, -1.000000000000000000 ) ) ;
#1873 = EDGE_LOOP ( 'NONE', ( #1142, #4569, #4656, #209, #297 ) ) ;
#1874 = ORIENTED_EDGE ( 'NONE', *, *, #2790, .F. ) ;
#1875 = EDGE_CURVE ( 'NONE', #3051, #5606, #1458, .T. ) ;
#1876 = VECTOR ( 'NONE', #4917, 1000.000000000000000 ) ;
#1877 = EDGE_CURVE ( 'NONE', #2480, #4881, #4953, .T. ) ;
#1878 = FACE_OUTER_BOUND ( 'NONE', #564, .T. ) ;
#1879 = VECTOR ( 'NONE', #278, 1000.000000000000000 ) ;
#1880 = CARTESIAN_POINT ( 'NONE',  ( -4.015000000000001457, -0.03324296528179307431, 2.412782614842713169 ) ) ;
#1881 = ORIENTED_EDGE ( 'NONE', *, *, #4455, .F. ) ;
#1882 = CARTESIAN_POINT ( 'NONE',  ( 1.064999999999999059, -0.04999999999999946154, -2.276307518992031209 ) ) ;
#1883 = VECTOR ( 'NONE', #5801, 1000.000000000000114 ) ;
#1884 = EDGE_CURVE ( 'NONE', #5413, #5574, #2430, .T. ) ;
#1885 = VERTEX_POINT ( 'NONE', #542 ) ;
#1886 = DIRECTION ( 'NONE',  ( 0.000000000000000000, 0.9925461516413218721, 0.1218693434051480867 ) ) ;
#1887 = UNCERTAINTY_MEASURE_WITH_UNIT (LENGTH_MEASURE( 1.000000000000000082E-05 ), #960, 'distance_accuracy_value', 'NONE');
#1888 = COLOUR_RGB ( '',1.000000000000000000, 1.000000000000000000, 1.000000000000000000 ) ;
#1889 = VERTEX_POINT ( 'NONE', #4886 ) ;
#1890 =( NAMED_UNIT ( * ) PLANE_ANGLE_UNIT ( ) SI_UNIT ( $, .RADIAN. ) );
#1891 =( LENGTH_UNIT ( ) NAMED_UNIT ( * ) SI_UNIT ( .MILLI., .METRE. ) );
#1892 = CIRCLE ( 'NONE', #784, 0.1375000000000000389 ) ;
#1893 = PRESENTATION_LAYER_ASSIGNMENT (  '', '', ( #2395 ) ) ;
#1894 = CARTESIAN_POINT ( 'NONE',  ( -3.605000000000000870, -0.4883712797543182660, 2.468665345013221213 ) ) ;
#1895 = ORIENTED_EDGE ( 'NONE', *, *, #1461, .T. ) ;
#1896 = DIRECTION ( 'NONE',  ( 0.000000000000000000, 0.9902680687415702510, -0.1391731009600654934 ) ) ;
#1897 =( NAMED_UNIT ( * ) SI_UNIT ( $, .STERADIAN. ) SOLID_ANGLE_UNIT ( ) );
#1898 = STYLED_ITEM ( 'NONE', ( #5269 ), #5332 ) ;
#1899 = SURFACE_SIDE_STYLE ('',( #1360 ) ) ;
#1900 = STYLED_ITEM ( 'NONE', ( #1737 ), #4598 ) ;
#1901 = VERTEX_POINT ( 'NONE', #4406 ) ;
#1902 = FILL_AREA_STYLE_COLOUR ( '', #4733 ) ;
#1903 = COLOUR_RGB ( '',1.000000000000000000, 1.000000000000000000, 1.000000000000000000 ) ;
#1904 = VECTOR ( 'NONE', #2947, 1000.000000000000000 ) ;
#1905 = FACE_OUTER_BOUND ( 'NONE', #1367, .T. ) ;
#1906 =( NAMED_UNIT ( * ) SI_UNIT ( $, .STERADIAN. ) SOLID_ANGLE_UNIT ( ) );
#1907 =( GEOMETRIC_REPRESENTATION_CONTEXT ( 3 ) GLOBAL_UNCERTAINTY_ASSIGNED_CONTEXT ( ( #62 ) ) GLOBAL_UNIT_ASSIGNED_CONTEXT ( ( #2619, #6058, #3196 ) ) REPRESENTATION_CONTEXT ( 'NONE', 'WORKASPACE' ) );
#1908 = LINE ( 'NONE', #901, #2345 ) ;
#1909 = SURFACE_STYLE_FILL_AREA ( #902 ) ;
#1910 = ORIENTED_EDGE ( 'NONE', *, *, #830, .T. ) ;
#1911 = SURFACE_STYLE_USAGE ( .BOTH. , #2004 ) ;
#1912 = CARTESIAN_POINT ( 'NONE',  ( -4.015000000000001457, -0.08750000000645741238, -2.243130321563313601 ) ) ;
#1913 = LINE ( 'NONE', #3886, #5916 ) ;
#1914 = LINE ( 'NONE', #432, #941 ) ;
#1915 = ORIENTED_EDGE ( 'NONE', *, *, #4760, .T. ) ;
#1916 = EDGE_CURVE ( 'NONE', #6217, #1662, #4374, .T. ) ;
#1917 = VERTEX_POINT ( 'NONE', #3434 ) ;
#1918 = PRESENTATION_STYLE_ASSIGNMENT (( #1 ) ) ;
#1919 = EDGE_CURVE ( 'NONE', #5493, #2887, #37, .T. ) ;
#1920 = DIRECTION ( 'NONE',  ( 1.000000000000000000, 0.000000000000000000, 0.000000000000000000 ) ) ;
#1921 = PRESENTATION_STYLE_ASSIGNMENT (( #1952 ) ) ;
#1922 = ORIENTED_EDGE ( 'NONE', *, *, #4681, .T. ) ;
#1923 = DIRECTION ( 'NONE',  ( 0.000000000000000000, 0.000000000000000000, -1.000000000000000000 ) ) ;
#1924 =( NAMED_UNIT ( * ) SI_UNIT ( $, .STERADIAN. ) SOLID_ANGLE_UNIT ( ) );
#1925 = PLANE ( 'NONE',  #2661 ) ;
#1926 = CARTESIAN_POINT ( 'NONE',  ( 1.064999999999999059, 0.08749999999214218283, 2.276307519025522197 ) ) ;
#1927 =( NAMED_UNIT ( * ) PLANE_ANGLE_UNIT ( ) SI_UNIT ( $, .RADIAN. ) );
#1928 = SURFACE_STYLE_USAGE ( .BOTH. , #1399 ) ;
#1929 = PLANE ( 'NONE',  #1289 ) ;
#1930 = ORIENTED_EDGE ( 'NONE', *, *, #2218, .F. ) ;
#1931 = PRESENTATION_LAYER_ASSIGNMENT (  '', '', ( #5485 ) ) ;
#1932 = CARTESIAN_POINT ( 'NONE',  ( -2.745000000000000995, -60775.64126304931415, 432440.1514247114537 ) ) ;
#1933 = CARTESIAN_POINT ( 'NONE',  ( 0.2049999999999991274, -0.6499999999718397703, 2.989999999840620148 ) ) ;
#1934 = FACE_OUTER_BOUND ( 'NONE', #1103, .T. ) ;
#1935 =( NAMED_UNIT ( * ) PLANE_ANGLE_UNIT ( ) SI_UNIT ( $, .RADIAN. ) );
#1936 = ORIENTED_EDGE ( 'NONE', *, *, #1420, .F. ) ;
#1937 = CARTESIAN_POINT ( 'NONE',  ( -0.2050000000000008760, -0.05000000000000001665, 2.276307518992031209 ) ) ;
#1938 =( GEOMETRIC_REPRESENTATION_CONTEXT ( 3 ) GLOBAL_UNCERTAINTY_ASSIGNED_CONTEXT ( ( #2897 ) ) GLOBAL_UNIT_ASSIGNED_CONTEXT ( ( #5982, #2132, #2600 ) ) REPRESENTATION_CONTEXT ( 'NONE', 'WORKASPACE' ) );
#1939 = CARTESIAN_POINT ( 'NONE',  ( -1.475000000000000977, -0.4883712798715578174, -2.468665345089604557 ) ) ;
#1940 = CARTESIAN_POINT ( 'NONE',  ( 4.324999999999999289, 0.000000000000000000, 1.949999999999999512 ) ) ;
#1941 = EDGE_LOOP ( 'NONE', ( #399, #5837, #4200, #3476 ) ) ;
#1942 = SURFACE_STYLE_USAGE ( .BOTH. , #92 ) ;
#1943 = ADVANCED_FACE ( 'NONE', ( #1552 ), #2527, .T. ) ;
#1944 = ORIENTED_EDGE ( 'NONE', *, *, #3149, .F. ) ;
#1945 = STYLED_ITEM ( 'NONE', ( #5002 ), #1030 ) ;
#1946 = FACE_OUTER_BOUND ( 'NONE', #3506, .T. ) ;
#1947 = EDGE_CURVE ( 'NONE', #5148, #1662, #951, .T. ) ;
#1948 = DIRECTION ( 'NONE',  ( 0.000000000000000000, 0.9925461516413218721, 0.1218693434051480867 ) ) ;
#1949 =( NAMED_UNIT ( * ) PLANE_ANGLE_UNIT ( ) SI_UNIT ( $, .RADIAN. ) );
#1950 = VECTOR ( 'NONE', #1144, 1000.000000000000000 ) ;
#1951 = UNCERTAINTY_MEASURE_WITH_UNIT (LENGTH_MEASURE( 1.000000000000000082E-05 ), #1441, 'distance_accuracy_value', 'NONE');
#1952 = SURFACE_STYLE_USAGE ( .BOTH. , #410 ) ;
#1953 = ORIENTED_EDGE ( 'NONE', *, *, #2125, .T. ) ;
#1954 = SURFACE_SIDE_STYLE ('',( #4789 ) ) ;
#1955 = PRESENTATION_LAYER_ASSIGNMENT (  '', '', ( #4698 ) ) ;
#1956 = CARTESIAN_POINT ( 'NONE',  ( -4.015000000000001457, -0.5633515439456004970, 3.002177646067138994 ) ) ;
#1957 = CARTESIAN_POINT ( 'NONE',  ( -4.015000000000001457, -0.6500000000286831892, -2.990000000067993824 ) ) ;
#1958 =( NAMED_UNIT ( * ) PLANE_ANGLE_UNIT ( ) SI_UNIT ( $, .RADIAN. ) );
#1959 = DIRECTION ( 'NONE',  ( 1.000000000000000000, 0.000000000000000000, 0.000000000000000000 ) ) ;
#1960 = ORIENTED_EDGE ( 'NONE', *, *, #4031, .F. ) ;
#1961 = EDGE_CURVE ( 'NONE', #845, #218, #5328, .T. ) ;
#1962 = CARTESIAN_POINT ( 'NONE',  ( -2.745000000000000995, -0.6500000000286831892, -2.990000000067993824 ) ) ;
#1963 = EDGE_CURVE ( 'NONE', #770, #1726, #223, .T. ) ;
#1964 = VECTOR ( 'NONE', #1426, 1000.000000000000114 ) ;
#1965 = DIRECTION ( 'NONE',  ( 0.000000000000000000, 0.000000000000000000, -1.000000000000000000 ) ) ;
#1966 = DIRECTION ( 'NONE',  ( 1.000000000000000000, 0.000000000000000000, 0.000000000000000000 ) ) ;
#1967 = VERTEX_POINT ( 'NONE', #1225 ) ;
#1968 = MECHANICAL_DESIGN_GEOMETRIC_PRESENTATION_REPRESENTATION (  '', ( #359 ), #6029 ) ;
#1969 = PLANE ( 'NONE',  #1801 ) ;
#1970 = CARTESIAN_POINT ( 'NONE',  ( -4.015000000000001457, 0.08749999999214218283, 2.276307519025522197 ) ) ;
#1971 =( NAMED_UNIT ( * ) PLANE_ANGLE_UNIT ( ) SI_UNIT ( $, .RADIAN. ) );
#1972 = ORIENTED_EDGE ( 'NONE', *, *, #3670, .F. ) ;
#1973 = AXIS2_PLACEMENT_3D ( 'NONE', #1746, #4425, #5928 ) ;
#1974 = FILL_AREA_STYLE ('',( #939 ) ) ;
#1975 = ORIENTED_EDGE ( 'NONE', *, *, #1255, .F. ) ;
#1976 = VECTOR ( 'NONE', #138, 1000.000000000000114 ) ;
#1977 = FILL_AREA_STYLE_COLOUR ( '', #499 ) ;
#1978 = DIRECTION ( 'NONE',  ( 0.000000000000000000, -1.224646799147353700E-16, 1.000000000000000000 ) ) ;
#1979 = VECTOR ( 'NONE', #1411, 1000.000000000000114 ) ;
#1980 = CIRCLE ( 'NONE', #2585, 0.1375000000000000389 ) ;
#1981 = DIRECTION ( 'NONE',  ( 0.000000000000000000, -1.224646799147353700E-16, 1.000000000000000000 ) ) ;
#1982 = EDGE_LOOP ( 'NONE', ( #283, #3457, #5371, #5831 ) ) ;
#1983 = VECTOR ( 'NONE', #5692, 1000.000000000000114 ) ;
#1984 = CARTESIAN_POINT ( 'NONE',  ( 1.064999999999999059, -0.08750000000715735249, -2.243130321568642671 ) ) ;
#1985 = DIRECTION ( 'NONE',  ( 1.000000000000000000, 0.000000000000000000, 0.000000000000000000 ) ) ;
#1986 =( LENGTH_UNIT ( ) NAMED_UNIT ( * ) SI_UNIT ( .MILLI., .METRE. ) );
#1987 = DIRECTION ( 'NONE',  ( 1.000000000000000000, -0.000000000000000000, 0.000000000000000000 ) ) ;
#1988 = CARTESIAN_POINT ( 'NONE',  ( -4.015000000000001457, -0.7366484560549224625, -2.977822353784631559 ) ) ;
#1989 = PRESENTATION_LAYER_ASSIGNMENT (  '', '', ( #4731 ) ) ;
#1990 = PLANE ( 'NONE',  #3441 ) ;
#1991 = ORIENTED_EDGE ( 'NONE', *, *, #1420, .T. ) ;
#1992 = VECTOR ( 'NONE', #5999, 1000.000000000000000 ) ;
#1993 = ADVANCED_FACE ( 'NONE', ( #2646 ), #5970, .F. ) ;
#1994 =( GEOMETRIC_REPRESENTATION_CONTEXT ( 3 ) GLOBAL_UNCERTAINTY_ASSIGNED_CONTEXT ( ( #4508 ) ) GLOBAL_UNIT_ASSIGNED_CONTEXT ( ( #412, #1890, #2235 ) ) REPRESENTATION_CONTEXT ( 'NONE', 'WORKASPACE' ) );
#1995 = DIRECTION ( 'NONE',  ( -0.000000000000000000, 0.9902680687415702510, 0.1391731009600658264 ) ) ;
#1996 = EDGE_CURVE ( 'NONE', #5997, #2626, #6248, .T. ) ;
#1997 = COLOUR_RGB ( '',1.000000000000000000, 1.000000000000000000, 1.000000000000000000 ) ;
#1998 = CARTESIAN_POINT ( 'NONE',  ( -4.015000000000001457, -0.05000000000000001665, 2.276307518992031209 ) ) ;
#1999 =( GEOMETRIC_REPRESENTATION_CONTEXT ( 3 ) GLOBAL_UNCERTAINTY_ASSIGNED_CONTEXT ( ( #190 ) ) GLOBAL_UNIT_ASSIGNED_CONTEXT ( ( #4693, #4725, #1264 ) ) REPRESENTATION_CONTEXT ( 'NONE', 'WORKASPACE' ) );
#2000 = LINE ( 'NONE', #2980, #125 ) ;
#2001 = AXIS2_PLACEMENT_3D ( 'NONE', #3021, #4480, #4068 ) ;
#2002 = VERTEX_POINT ( 'NONE', #2584 ) ;
#2003 = MECHANICAL_DESIGN_GEOMETRIC_PRESENTATION_REPRESENTATION (  '', ( #698 ), #5355 ) ;
#2004 = SURFACE_SIDE_STYLE ('',( #2199 ) ) ;
#2005 =( GEOMETRIC_REPRESENTATION_CONTEXT ( 3 ) GLOBAL_UNCERTAINTY_ASSIGNED_CONTEXT ( ( #820 ) ) GLOBAL_UNIT_ASSIGNED_CONTEXT ( ( #821, #1482, #2773 ) ) REPRESENTATION_CONTEXT ( 'NONE', 'WORKASPACE' ) );
#2006 = CARTESIAN_POINT ( 'NONE',  ( -2.745000000000000995, -335652.5486902103294, 41215.18319354090636 ) ) ;
#2007 = LINE ( 'NONE', #758, #4102 ) ;
#2008 = CARTESIAN_POINT ( 'NONE',  ( 1.474999999999999423, 0.08750000000000054956, -2.276307518992029877 ) ) ;
#2009 = LINE ( 'NONE', #1630, #4410 ) ;
#2010 = STYLED_ITEM ( 'NONE', ( #6132 ), #5737 ) ;
#2011 = VERTEX_POINT ( 'NONE', #2168 ) ;
#2012 = PRESENTATION_LAYER_ASSIGNMENT (  '', '', ( #4755 ) ) ;
#2013 = ORIENTED_EDGE ( 'NONE', *, *, #2043, .T. ) ;
#2014 = SURFACE_SIDE_STYLE ('',( #561 ) ) ;
#2015 = SURFACE_STYLE_FILL_AREA ( #3 ) ;
#2016 = SURFACE_SIDE_STYLE ('',( #3033 ) ) ;
#2017 = ORIENTED_EDGE ( 'NONE', *, *, #1947, .T. ) ;
#2018 = CARTESIAN_POINT ( 'NONE',  ( 3.604999999999999094, -0.08749999997873590674, 2.243130321502917468 ) ) ;
#2019 = UNCERTAINTY_MEASURE_WITH_UNIT (LENGTH_MEASURE( 1.000000000000000082E-05 ), #2020, 'distance_accuracy_value', 'NONE');
#2020 =( LENGTH_UNIT ( ) NAMED_UNIT ( * ) SI_UNIT ( .MILLI., .METRE. ) );
#2021 = ORIENTED_EDGE ( 'NONE', *, *, #1535, .T. ) ;
#2022 = PLANE ( 'NONE',  #1353 ) ;
#2023 =( NAMED_UNIT ( * ) PLANE_ANGLE_UNIT ( ) SI_UNIT ( $, .RADIAN. ) );
#2024 = UNCERTAINTY_MEASURE_WITH_UNIT (LENGTH_MEASURE( 1.000000000000000082E-05 ), #6094, 'distance_accuracy_value', 'NONE');
#2025 = ADVANCED_FACE ( 'NONE', ( #1585 ), #3136, .F. ) ;
#2026 = ORIENTED_EDGE ( 'NONE', *, *, #2820, .T. ) ;
#2027 = FILL_AREA_STYLE_COLOUR ( '', #5349 ) ;
#2028 = DIRECTION ( 'NONE',  ( 0.000000000000000000, -0.9925461516413218721, 0.1218693434051480867 ) ) ;
#2029 = EDGE_CURVE ( 'NONE', #3921, #1716, #3163, .T. ) ;
#2030 =( LENGTH_UNIT ( ) NAMED_UNIT ( * ) SI_UNIT ( .MILLI., .METRE. ) );
#2031 = VECTOR ( 'NONE', #5088, 1000.000000000000114 ) ;
#2032 =( LENGTH_UNIT ( ) NAMED_UNIT ( * ) SI_UNIT ( .MILLI., .METRE. ) );
#2033 = LINE ( 'NONE', #2006, #3728 ) ;
#2034 = PRESENTATION_STYLE_ASSIGNMENT (( #2540 ) ) ;
#2035 = DIRECTION ( 'NONE',  ( 0.000000000000000000, 0.000000000000000000, -1.000000000000000000 ) ) ;
#2036 = COLOUR_RGB ( '',1.000000000000000000, 1.000000000000000000, 1.000000000000000000 ) ;
#2037 = FACE_OUTER_BOUND ( 'NONE', #3941, .T. ) ;
#2038 = ORIENTED_EDGE ( 'NONE', *, *, #2343, .F. ) ;
#2039 = EDGE_CURVE ( 'NONE', #4908, #2159, #5577, .T. ) ;
#2040 = ORIENTED_EDGE ( 'NONE', *, *, #2153, .T. ) ;
#2041 = PRESENTATION_LAYER_ASSIGNMENT (  '', '', ( #2948 ) ) ;
#2042 = DIRECTION ( 'NONE',  ( 1.000000000000000000, -0.000000000000000000, 0.000000000000000000 ) ) ;
#2043 = EDGE_CURVE ( 'NONE', #4660, #354, #1980, .T. ) ;
#2044 = FILL_AREA_STYLE ('',( #6015 ) ) ;
#2045 = CARTESIAN_POINT ( 'NONE',  ( -4.325000000000001066, 0.000000000000000000, -1.950000000000000400 ) ) ;
#2046 = VERTEX_POINT ( 'NONE', #5224 ) ;
#2047 =( NAMED_UNIT ( * ) SI_UNIT ( $, .STERADIAN. ) SOLID_ANGLE_UNIT ( ) );
#2048 = MANIFOLD_SOLID_BREP ( 'LPattern1[1]', #2413 ) ;
#2049 = CARTESIAN_POINT ( 'NONE',  ( -2.335000000000001297, 0.08749999994315657559, 400000.0000000000000 ) ) ;
#2050 = ORIENTED_EDGE ( 'NONE', *, *, #4802, .T. ) ;
#2051 = LINE ( 'NONE', #4496, #5049 ) ;
#2052 = CIRCLE ( 'NONE', #1855, 0.1375000000000000389 ) ;
#2053 = SURFACE_STYLE_USAGE ( .BOTH. , #3901 ) ;
#2054 =( NAMED_UNIT ( * ) PLANE_ANGLE_UNIT ( ) SI_UNIT ( $, .RADIAN. ) );
#2055 = DIRECTION ( 'NONE',  ( -0.000000000000000000, 1.000000000000000000, 1.224646799147353700E-16 ) ) ;
#2056 = SURFACE_STYLE_USAGE ( .BOTH. , #5486 ) ;
#2057 = VERTEX_POINT ( 'NONE', #1257 ) ;
#2058 = STYLED_ITEM ( 'NONE', ( #3171 ), #562 ) ;
#2059 = EDGE_CURVE ( 'NONE', #2245, #1330, #3260, .T. ) ;
#2060 = CARTESIAN_POINT ( 'NONE',  ( 4.014999999999999680, -0.5633515440308656252, -3.002177646465042926 ) ) ;
#2061 = DIRECTION ( 'NONE',  ( 0.000000000000000000, -0.9925461516413218721, 0.1218693434051480867 ) ) ;
#2062 = STYLED_ITEM ( 'NONE', ( #1526 ), #653 ) ;
#2063 =( NAMED_UNIT ( * ) PLANE_ANGLE_UNIT ( ) SI_UNIT ( $, .RADIAN. ) );
#2064 = ADVANCED_FACE ( 'NONE', ( #2770 ), #5747, .T. ) ;
#2065 = DIRECTION ( 'NONE',  ( 1.000000000000000000, 0.000000000000000000, 0.000000000000000000 ) ) ;
#2066 = AXIS2_PLACEMENT_3D ( 'NONE', #4274, #6215, #757 ) ;
#2067 = PLANE ( 'NONE',  #3706 ) ;
#2068 = SURFACE_SIDE_STYLE ('',( #5472 ) ) ;
#2069 = VERTEX_POINT ( 'NONE', #882 ) ;
#2070 = FACE_OUTER_BOUND ( 'NONE', #2216, .T. ) ;
#2071 = MECHANICAL_DESIGN_GEOMETRIC_PRESENTATION_REPRESENTATION (  '', ( #1470 ), #3499 ) ;
#2072 = ORIENTED_EDGE ( 'NONE', *, *, #5488, .F. ) ;
#2073 = EDGE_CURVE ( 'NONE', #4589, #2670, #5610, .T. ) ;
#2074 = STYLED_ITEM ( 'NONE', ( #4617 ), #2227 ) ;
#2075 =( GEOMETRIC_REPRESENTATION_CONTEXT ( 3 ) GLOBAL_UNCERTAINTY_ASSIGNED_CONTEXT ( ( #1027 ) ) GLOBAL_UNIT_ASSIGNED_CONTEXT ( ( #1130, #1971, #5409 ) ) REPRESENTATION_CONTEXT ( 'NONE', 'WORKASPACE' ) );
#2076 = DIRECTION ( 'NONE',  ( 0.000000000000000000, -1.224646799147353700E-16, 1.000000000000000000 ) ) ;
#2077 = ADVANCED_FACE ( 'NONE', ( #1383 ), #5260, .T. ) ;
#2078 = DIRECTION ( 'NONE',  ( 1.000000000000000000, 0.000000000000000000, 0.000000000000000000 ) ) ;
#2079 = VERTEX_POINT ( 'NONE', #6245 ) ;
#2080 = CARTESIAN_POINT ( 'NONE',  ( -1.475000000000000977, -0.03324296518320021127, -2.412782614830607297 ) ) ;
#2081 = ORIENTED_EDGE ( 'NONE', *, *, #4096, .F. ) ;
#2082 = SURFACE_STYLE_FILL_AREA ( #3093 ) ;
#2083 = PRESENTATION_LAYER_ASSIGNMENT (  '', '', ( #875 ) ) ;
#2084 = CARTESIAN_POINT ( 'NONE',  ( -2.745000000000000995, -60775.81455996134173, 432440.1270694187842 ) ) ;
#2085 =( NAMED_UNIT ( * ) SI_UNIT ( $, .STERADIAN. ) SOLID_ANGLE_UNIT ( ) );
#2086 = SURFACE_SIDE_STYLE ('',( #2142 ) ) ;
#2087 = VECTOR ( 'NONE', #3643, 1000.000000000000114 ) ;
#2088 = UNCERTAINTY_MEASURE_WITH_UNIT (LENGTH_MEASURE( 1.000000000000000082E-05 ), #3935, 'distance_accuracy_value', 'NONE');
#2089 = FILL_AREA_STYLE ('',( #5462 ) ) ;
#2090 = COLOUR_RGB ( '',1.000000000000000000, 1.000000000000000000, 1.000000000000000000 ) ;
#2091 = ORIENTED_EDGE ( 'NONE', *, *, #2539, .F. ) ;
#2092 = DIRECTION ( 'NONE',  ( 0.000000000000000000, 1.000000000000000000, 0.000000000000000000 ) ) ;
#2093 = MECHANICAL_DESIGN_GEOMETRIC_PRESENTATION_REPRESENTATION (  '', ( #3210 ), #2491 ) ;
#2094 = PLANE ( 'NONE',  #5501 ) ;
#2095 = DIRECTION ( 'NONE',  ( 1.000000000000000000, -0.000000000000000000, 0.000000000000000000 ) ) ;
#2096 = AXIS2_PLACEMENT_3D ( 'NONE', #1534, #1067, #4355 ) ;
#2097 = PRESENTATION_STYLE_ASSIGNMENT (( #5468 ) ) ;
#2098 = AXIS2_PLACEMENT_3D ( 'NONE', #5628, #1242, #4649 ) ;
#2099 = DIRECTION ( 'NONE',  ( 0.000000000000000000, -0.1391731009600658264, 0.9902680687415702510 ) ) ;
#2100 =( GEOMETRIC_REPRESENTATION_CONTEXT ( 3 ) GLOBAL_UNCERTAINTY_ASSIGNED_CONTEXT ( ( #3738 ) ) GLOBAL_UNIT_ASSIGNED_CONTEXT ( ( #5280, #5800, #6277 ) ) REPRESENTATION_CONTEXT ( 'NONE', 'WORKASPACE' ) );
#2101 = DIRECTION ( 'NONE',  ( 1.000000000000000000, 0.000000000000000000, 0.000000000000000000 ) ) ;
#2102 = AXIS2_PLACEMENT_3D ( 'NONE', #5731, #1785, #4152 ) ;
#2103 = PRESENTATION_LAYER_ASSIGNMENT (  '', '', ( #4844 ) ) ;
#2104 = DIRECTION ( 'NONE',  ( 0.000000000000000000, 0.1391731009600654934, 0.9902680687415702510 ) ) ;
#2105 = DIRECTION ( 'NONE',  ( 0.000000000000000000, -0.1391731009600658264, 0.9902680687415702510 ) ) ;
#2106 = VERTEX_POINT ( 'NONE', #4366 ) ;
#2107 = DIRECTION ( 'NONE',  ( 1.000000000000000000, 0.000000000000000000, 0.000000000000000000 ) ) ;
#2108 = CIRCLE ( 'NONE', #284, 0.1375000000000000389 ) ;
#2109 = VECTOR ( 'NONE', #4913, 1000.000000000000000 ) ;
#2110 = ORIENTED_EDGE ( 'NONE', *, *, #5216, .F. ) ;
#2111 =( GEOMETRIC_REPRESENTATION_CONTEXT ( 3 ) GLOBAL_UNCERTAINTY_ASSIGNED_CONTEXT ( ( #4438 ) ) GLOBAL_UNIT_ASSIGNED_CONTEXT ( ( #639, #3041, #577 ) ) REPRESENTATION_CONTEXT ( 'NONE', 'WORKASPACE' ) );
#2112 = FILL_AREA_STYLE_COLOUR ( '', #5972 ) ;
#2113 = CIRCLE ( 'NONE', #5342, 0.1375000000000000389 ) ;
#2114 = CARTESIAN_POINT ( 'NONE',  ( -4.325000000000000178, 0.000000000000000000, 1.949999999999999512 ) ) ;
#2115 = ORIENTED_EDGE ( 'NONE', *, *, #2807, .T. ) ;
#2116 = SURFACE_STYLE_USAGE ( .BOTH. , #2639 ) ;
#2117 = ADVANCED_FACE ( 'NONE', ( #5287 ), #3963, .F. ) ;
#2118 = STYLED_ITEM ( 'NONE', ( #3488 ), #4123 ) ;
#2119 = ORIENTED_EDGE ( 'NONE', *, *, #5100, .F. ) ;
#2120 = ADVANCED_FACE ( 'NONE', ( #5782 ), #2449, .T. ) ;
#2121 = CARTESIAN_POINT ( 'NONE',  ( 3.604999999999999094, -0.4883712798715578174, -2.468665345089604557 ) ) ;
#2122 = FILL_AREA_STYLE ('',( #2583 ) ) ;
#2123 = CARTESIAN_POINT ( 'NONE',  ( 4.014999999999999680, -0.6499999999718397703, 2.989999999840620148 ) ) ;
#2124 = ORIENTED_EDGE ( 'NONE', *, *, #5465, .T. ) ;
#2125 = EDGE_CURVE ( 'NONE', #1443, #130, #4905, .T. ) ;
#2126 = CARTESIAN_POINT ( 'NONE',  ( 1.064999999999999059, -0.4883712798715578174, -2.468665345089604557 ) ) ;
#2127 = SURFACE_STYLE_FILL_AREA ( #4601 ) ;
#2128 = ORIENTED_EDGE ( 'NONE', *, *, #4371, .T. ) ;
#2129 = SURFACE_SIDE_STYLE ('',( #5523 ) ) ;
#2130 = CARTESIAN_POINT ( 'NONE',  ( -0.2050000000000008760, 49479.12776683849370, 352064.5513059087098 ) ) ;
#2131 = CARTESIAN_POINT ( 'NONE',  ( -1.475000000000000977, -0.08750000000785781995, 2.243130321517128323 ) ) ;
#2132 =( NAMED_UNIT ( * ) PLANE_ANGLE_UNIT ( ) SI_UNIT ( $, .RADIAN. ) );
#2133 = EDGE_LOOP ( 'NONE', ( #2765, #5050, #5618, #952 ) ) ;
#2134 = ORIENTED_EDGE ( 'NONE', *, *, #3470, .T. ) ;
#2135 = CARTESIAN_POINT ( 'NONE',  ( -2.745000000000000995, -0.6499999999718397703, 2.989999999840620148 ) ) ;
#2136 = DIRECTION ( 'NONE',  ( 0.000000000000000000, 0.000000000000000000, -1.000000000000000000 ) ) ;
#2137 = ORIENTED_EDGE ( 'NONE', *, *, #6003, .F. ) ;
#2138 = PRESENTATION_LAYER_ASSIGNMENT (  '', '', ( #133 ) ) ;
#2139 = EDGE_LOOP ( 'NONE', ( #3995, #4070, #1578, #3774 ) ) ;
#2140 = DIRECTION ( 'NONE',  ( 0.000000000000000000, -0.000000000000000000, 1.000000000000000000 ) ) ;
#2141 = ADVANCED_FACE ( 'NONE', ( #473 ), #4342, .T. ) ;
#2142 = SURFACE_STYLE_FILL_AREA ( #3526 ) ;
#2143 = MECHANICAL_DESIGN_GEOMETRIC_PRESENTATION_REPRESENTATION (  '', ( #2948 ), #2546 ) ;
#2144 = PRESENTATION_STYLE_ASSIGNMENT (( #200 ) ) ;
#2145 = DIRECTION ( 'NONE',  ( 0.000000000000000000, -0.9925461516413218721, 0.1218693434051480867 ) ) ;
#2146 = ORIENTED_EDGE ( 'NONE', *, *, #1963, .T. ) ;
#2147 = STYLED_ITEM ( 'NONE', ( #4468 ), #1014 ) ;
#2148 = SURFACE_STYLE_FILL_AREA ( #1680 ) ;
#2149 = CARTESIAN_POINT ( 'NONE',  ( -0.2050000000000008760, -335652.5273630752345, 41215.35688911744364 ) ) ;
#2150 = SURFACE_STYLE_USAGE ( .BOTH. , #670 ) ;
#2151 = EDGE_LOOP ( 'NONE', ( #4213, #798, #4798, #762 ) ) ;
#2152 =( LENGTH_UNIT ( ) NAMED_UNIT ( * ) SI_UNIT ( .MILLI., .METRE. ) );
#2153 = EDGE_CURVE ( 'NONE', #17, #3657, #3515, .T. ) ;
#2154 = UNCERTAINTY_MEASURE_WITH_UNIT (LENGTH_MEASURE( 1.000000000000000082E-05 ), #5153, 'distance_accuracy_value', 'NONE');
#2155 = MECHANICAL_DESIGN_GEOMETRIC_PRESENTATION_REPRESENTATION (  '', ( #2058 ), #2753 ) ;
#2156 = ORIENTED_EDGE ( 'NONE', *, *, #1884, .F. ) ;
#2157 = EDGE_CURVE ( 'NONE', #3762, #4198, #3636, .T. ) ;
#2158 = FILL_AREA_STYLE ('',( #3692 ) ) ;
#2159 = VERTEX_POINT ( 'NONE', #1156 ) ;
#2160 = VECTOR ( 'NONE', #5270, 1000.000000000000227 ) ;
#2161 = LINE ( 'NONE', #1135, #4887 ) ;
#2162 = LINE ( 'NONE', #4104, #5497 ) ;
#2163 = ORIENTED_EDGE ( 'NONE', *, *, #4117, .F. ) ;
#2164 = ORIENTED_EDGE ( 'NONE', *, *, #147, .T. ) ;
#2165 = CYLINDRICAL_SURFACE ( 'NONE', #203, 0.1375000000000000389 ) ;
#2166 = STYLED_ITEM ( 'NONE', ( #4390 ), #1338 ) ;
#2167 = SURFACE_SIDE_STYLE ('',( #4531 ) ) ;
#2168 = CARTESIAN_POINT ( 'NONE',  ( -0.2050000000000008760, -0.08750000000715735249, -2.243130321568642671 ) ) ;
#2169 = ORIENTED_EDGE ( 'NONE', *, *, #4365, .T. ) ;
#2170 =( NAMED_UNIT ( * ) SI_UNIT ( $, .STERADIAN. ) SOLID_ANGLE_UNIT ( ) );
#2171 = VECTOR ( 'NONE', #1525, 1000.000000000000227 ) ;
#2172 =( NAMED_UNIT ( * ) PLANE_ANGLE_UNIT ( ) SI_UNIT ( $, .RADIAN. ) );
#2173 = ORIENTED_EDGE ( 'NONE', *, *, #2452, .T. ) ;
#2175 = FILL_AREA_STYLE_COLOUR ( '', #20 ) ;
#2174 = VECTOR ( 'NONE', #5249, 1000.000000000000114 ) ;
#2176 = CARTESIAN_POINT ( 'NONE',  ( -2.745000000000000995, -238883.7691232077195, -29333.64739951598312 ) ) ;
#2177 = EDGE_CURVE ( 'NONE', #3975, #1773, #2636, .T. ) ;
#2178 =( GEOMETRIC_REPRESENTATION_CONTEXT ( 3 ) GLOBAL_UNCERTAINTY_ASSIGNED_CONTEXT ( ( #3233 ) ) GLOBAL_UNIT_ASSIGNED_CONTEXT ( ( #1617, #692, #1705 ) ) REPRESENTATION_CONTEXT ( 'NONE', 'WORKASPACE' ) );
#2179 = EDGE_CURVE ( 'NONE', #5191, #5208, #3032, .T. ) ;
#2180 = FACE_OUTER_BOUND ( 'NONE', #1040, .T. ) ;
#2181 = FILL_AREA_STYLE ('',( #2692 ) ) ;
#2182 = CARTESIAN_POINT ( 'NONE',  ( 1.064999999999999059, 49479.30106375052128, 352064.5269506160403 ) ) ;
#2183 = COLOUR_RGB ( '',1.000000000000000000, 1.000000000000000000, 1.000000000000000000 ) ;
#2184 = EDGE_LOOP ( 'NONE', ( #4144, #1815, #5025, #1991 ) ) ;
#2185 = VECTOR ( 'NONE', #1123, 1000.000000000000000 ) ;
#2186 = VECTOR ( 'NONE', #4927, 1000.000000000000114 ) ;
#2187 = DIRECTION ( 'NONE',  ( 1.000000000000000000, 0.000000000000000000, 0.000000000000000000 ) ) ;
#2188 =( GEOMETRIC_REPRESENTATION_CONTEXT ( 3 ) GLOBAL_UNCERTAINTY_ASSIGNED_CONTEXT ( ( #450 ) ) GLOBAL_UNIT_ASSIGNED_CONTEXT ( ( #5816, #3490, #135 ) ) REPRESENTATION_CONTEXT ( 'NONE', 'WORKASPACE' ) );
#2189 = AXIS2_PLACEMENT_3D ( 'NONE', #5733, #3654, #1852 ) ;
#2190 =( NAMED_UNIT ( * ) PLANE_ANGLE_UNIT ( ) SI_UNIT ( $, .RADIAN. ) );
#2191 = LINE ( 'NONE', #4134, #835 ) ;
#2192 =( NAMED_UNIT ( * ) SI_UNIT ( $, .STERADIAN. ) SOLID_ANGLE_UNIT ( ) );
#2193 = AXIS2_PLACEMENT_3D ( 'NONE', #3557, #2552, #1620 ) ;
#2194 = ORIENTED_EDGE ( 'NONE', *, *, #3043, .F. ) ;
#2195 =( GEOMETRIC_REPRESENTATION_CONTEXT ( 3 ) GLOBAL_UNCERTAINTY_ASSIGNED_CONTEXT ( ( #5320 ) ) GLOBAL_UNIT_ASSIGNED_CONTEXT ( ( #609, #697, #107 ) ) REPRESENTATION_CONTEXT ( 'NONE', 'WORKASPACE' ) );
#2196 = CIRCLE ( 'NONE', #3022, 0.1375000000000000389 ) ;
#2197 = ORIENTED_EDGE ( 'NONE', *, *, #2883, .F. ) ;
#2199 = SURFACE_STYLE_FILL_AREA ( #4107 ) ;
#2198 = MECHANICAL_DESIGN_GEOMETRIC_PRESENTATION_REPRESENTATION (  '', ( #898 ), #2305 ) ;
#2200 = VECTOR ( 'NONE', #6275, 1000.000000000000227 ) ;
#2201 = VECTOR ( 'NONE', #2851, 1000.000000000000000 ) ;
#2202 = MECHANICAL_DESIGN_GEOMETRIC_PRESENTATION_REPRESENTATION (  '', ( #3331 ), #900 ) ;
#2203 = SURFACE_STYLE_FILL_AREA ( #2836 ) ;
#2204 = CARTESIAN_POINT ( 'NONE',  ( -0.2050000000000008760, -60775.64126304931415, 432440.1514247114537 ) ) ;
#2205 = PRESENTATION_LAYER_ASSIGNMENT (  '', '', ( #2512 ) ) ;
#2206 = UNCERTAINTY_MEASURE_WITH_UNIT (LENGTH_MEASURE( 1.000000000000000082E-05 ), #3611, 'distance_accuracy_value', 'NONE');
#2207 = VERTEX_POINT ( 'NONE', #687 ) ;
#2208 = LINE ( 'NONE', #5650, #974 ) ;
#2209 = EDGE_CURVE ( 'NONE', #1361, #6181, #5478, .T. ) ;
#2210 = DIRECTION ( 'NONE',  ( 1.000000000000000000, 0.000000000000000000, 0.000000000000000000 ) ) ;
#2211 = SURFACE_STYLE_FILL_AREA ( #4461 ) ;
#2212 = SURFACE_STYLE_FILL_AREA ( #2306 ) ;
#2213 = EDGE_CURVE ( 'NONE', #2823, #5041, #1215, .T. ) ;
#2214 = ORIENTED_EDGE ( 'NONE', *, *, #800, .T. ) ;
#2215 = UNCERTAINTY_MEASURE_WITH_UNIT (LENGTH_MEASURE( 1.000000000000000082E-05 ), #5673, 'distance_accuracy_value', 'NONE');
#2216 = EDGE_LOOP ( 'NONE', ( #4054, #459, #6079, #5612, #3798, #1428, #2156, #428, #1283, #667, #3428, #922, #2473, #5290, #4149, #1204 ) ) ;
#2217 = SURFACE_SIDE_STYLE ('',( #422 ) ) ;
#2218 = EDGE_CURVE ( 'NONE', #5562, #3451, #2161, .T. ) ;
#2219 = PLANE ( 'NONE',  #4076 ) ;
#2220 = DIRECTION ( 'NONE',  ( 0.000000000000000000, 0.000000000000000000, -1.000000000000000000 ) ) ;
#2221 = FACE_OUTER_BOUND ( 'NONE', #2423, .T. ) ;
#2222 = ORIENTED_EDGE ( 'NONE', *, *, #4048, .F. ) ;
#2223 = DIRECTION ( 'NONE',  ( 1.000000000000000000, 0.000000000000000000, 0.000000000000000000 ) ) ;
#2224 = LINE ( 'NONE', #4159, #3980 ) ;
#2225 = ORIENTED_EDGE ( 'NONE', *, *, #4834, .F. ) ;
#2226 = DIRECTION ( 'NONE',  ( 1.000000000000000000, -0.000000000000000000, 0.000000000000000000 ) ) ;
#2227 = ADVANCED_BREP_SHAPE_REPRESENTATION ( 'MCP6024T-ISL', ( #6168, #2048, #6228, #4140, #4069, #6121, #1848, #6240, #966 ), #2876 ) ;
#2228 = ORIENTED_EDGE ( 'NONE', *, *, #4453, .F. ) ;
#2229 = AXIS2_PLACEMENT_3D ( 'NONE', #6002, #548, #2560 ) ;
#2230 = VECTOR ( 'NONE', #5403, 1000.000000000000000 ) ;
#2231 = PRESENTATION_STYLE_ASSIGNMENT (( #308 ) ) ;
#2232 = VECTOR ( 'NONE', #185, 1000.000000000000114 ) ;
#2233 = SURFACE_STYLE_FILL_AREA ( #6089 ) ;
#2234 = ORIENTED_EDGE ( 'NONE', *, *, #748, .T. ) ;
#2235 =( NAMED_UNIT ( * ) SI_UNIT ( $, .STERADIAN. ) SOLID_ANGLE_UNIT ( ) );
#2236 = CARTESIAN_POINT ( 'NONE',  ( -0.2050000000000008760, 0.08749999999999998057, 2.276307519084131759 ) ) ;
#2237 = COLOUR_RGB ( '',1.000000000000000000, 1.000000000000000000, 1.000000000000000000 ) ;
#2238 = CARTESIAN_POINT ( 'NONE',  ( 1.064999999999999059, -0.5633515439456004970, 3.002177646067138994 ) ) ;
#2239 = DIRECTION ( 'NONE',  ( 1.000000000000000000, 0.000000000000000000, 0.000000000000000000 ) ) ;
#2240 = CARTESIAN_POINT ( 'NONE',  ( 4.014999999999999680, -0.03324296520190728188, -2.412782614818809179 ) ) ;
#2241 = FILL_AREA_STYLE_COLOUR ( '', #1061 ) ;
#2242 = ORIENTED_EDGE ( 'NONE', *, *, #4117, .T. ) ;
#2243 = LINE ( 'NONE', #4184, #5640 ) ;
#2244 = LINE ( 'NONE', #2176, #4647 ) ;
#2245 = VERTEX_POINT ( 'NONE', #601 ) ;
#2246 =( GEOMETRIC_REPRESENTATION_CONTEXT ( 3 ) GLOBAL_UNCERTAINTY_ASSIGNED_CONTEXT ( ( #4061 ) ) GLOBAL_UNIT_ASSIGNED_CONTEXT ( ( #2576, #3700, #5570 ) ) REPRESENTATION_CONTEXT ( 'NONE', 'WORKASPACE' ) );
#2247 =( NAMED_UNIT ( * ) SI_UNIT ( $, .STERADIAN. ) SOLID_ANGLE_UNIT ( ) );
#2248 = PRESENTATION_STYLE_ASSIGNMENT (( #5698 ) ) ;
#2249 = MECHANICAL_DESIGN_GEOMETRIC_PRESENTATION_REPRESENTATION (  '', ( #546 ), #3277 ) ;
#2250 = CARTESIAN_POINT ( 'NONE',  ( -0.2050000000000008760, 0.08750000000000054956, -2.276307518992029877 ) ) ;
#2251 = SURFACE_STYLE_USAGE ( .BOTH. , #326 ) ;
#2252 = ORIENTED_EDGE ( 'NONE', *, *, #4685, .F. ) ;
#2253 = VECTOR ( 'NONE', #2737, 1000.000000000000114 ) ;
#2254 = CARTESIAN_POINT ( 'NONE',  ( -4.015000000000001457, -60775.64126304931415, 432440.1514247114537 ) ) ;
#2255 = CARTESIAN_POINT ( 'NONE',  ( -2.335000000000000853, 49479.12776683849370, 352064.5513059087098 ) ) ;
#2256 = DIRECTION ( 'NONE',  ( 0.000000000000000000, -1.224646799147353700E-16, 1.000000000000000000 ) ) ;
#2257 = ORIENTED_EDGE ( 'NONE', *, *, #5897, .F. ) ;
#2258 = STYLED_ITEM ( 'NONE', ( #4267 ), #910 ) ;
#2259 = CARTESIAN_POINT ( 'NONE',  ( -1.475000000000000977, -0.5215016595598557236, 2.434951625771963890 ) ) ;
#2260 = EDGE_CURVE ( 'NONE', #2626, #5606, #4051, .T. ) ;
#2261 = ORIENTED_EDGE ( 'NONE', *, *, #114, .T. ) ;
#2262 = EDGE_CURVE ( 'NONE', #3058, #3571, #3056, .T. ) ;
#2263 = COLOUR_RGB ( '',0.2980392156862745057, 0.2980392156862745057, 0.2980392156862745057 ) ;
#2264 =( LENGTH_UNIT ( ) NAMED_UNIT ( * ) SI_UNIT ( .MILLI., .METRE. ) );
#2265 = CARTESIAN_POINT ( 'NONE',  ( -1.475000000000000977, -0.03324296528179307431, 2.412782614842713169 ) ) ;
#2266 = UNCERTAINTY_MEASURE_WITH_UNIT (LENGTH_MEASURE( 1.000000000000000082E-05 ), #5474, 'distance_accuracy_value', 'NONE');
#2267 = ORIENTED_EDGE ( 'NONE', *, *, #6183, .F. ) ;
#2268 = CARTESIAN_POINT ( 'NONE',  ( -3.605000000000000426, -0.6576635190569390943, -2.415815324525283359 ) ) ;
#2269 = DIRECTION ( 'NONE',  ( 0.000000000000000000, 0.1218693434051481006, -0.9925461516413219831 ) ) ;
#2270 = CARTESIAN_POINT ( 'NONE',  ( -1.065000000000000835, -0.04999999999999946154, -2.276307518992031209 ) ) ;
#2271 = FILL_AREA_STYLE ('',( #5174 ) ) ;
#2272 = SURFACE_STYLE_FILL_AREA ( #4793 ) ;
#2273 = VECTOR ( 'NONE', #648, 1000.000000000000114 ) ;
#2274 = ORIENTED_EDGE ( 'NONE', *, *, #1415, .T. ) ;
#2275 = CARTESIAN_POINT ( 'NONE',  ( -1.475000000000000977, -0.5215016595598550575, -2.434951625771963890 ) ) ;
#2276 = CARTESIAN_POINT ( 'NONE',  ( -4.015000000000001457, -0.6576635190569390943, -2.415815324525283359 ) ) ;
#2277 = EDGE_LOOP ( 'NONE', ( #5036, #5421, #1853, #5509 ) ) ;
#2278 = CIRCLE ( 'NONE', #5527, 0.1375000000000000389 ) ;
#2279 = CIRCLE ( 'NONE', #3711, 0.1375000000000000389 ) ;
#2280 = PLANE ( 'NONE',  #4396 ) ;
#2281 = FACE_OUTER_BOUND ( 'NONE', #1873, .T. ) ;
#2282 = VECTOR ( 'NONE', #2401, 1000.000000000000114 ) ;
#2283 = FILL_AREA_STYLE ('',( #358 ) ) ;
#2284 = VECTOR ( 'NONE', #2226, 1000.000000000000000 ) ;
#2285 = ORIENTED_EDGE ( 'NONE', *, *, #4325, .F. ) ;
#2286 = LINE ( 'NONE', #4225, #3827 ) ;
#2287 = CARTESIAN_POINT ( 'NONE',  ( -3.794868026377201442, 0.6250000000000000000, 1.179246372483681027 ) ) ;
#2288 = DIRECTION ( 'NONE',  ( 1.000000000000000000, 0.000000000000000000, 0.000000000000000000 ) ) ;
#2289 = FILL_AREA_STYLE ('',( #1475 ) ) ;
#2290 = VERTEX_POINT ( 'NONE', #5031 ) ;
#2291 = ORIENTED_EDGE ( 'NONE', *, *, #3564, .T. ) ;
#2292 = VECTOR ( 'NONE', #4676, 1000.000000000000114 ) ;
#2293 = EDGE_CURVE ( 'NONE', #6118, #4872, #1110, .T. ) ;
#2294 = AXIS2_PLACEMENT_3D ( 'NONE', #1004, #4742, #3884 ) ;
#2295 =( NAMED_UNIT ( * ) SI_UNIT ( $, .STERADIAN. ) SOLID_ANGLE_UNIT ( ) );
#2296 = SURFACE_STYLE_FILL_AREA ( #4239 ) ;
#2297 = ORIENTED_EDGE ( 'NONE', *, *, #1065, .F. ) ;
#2298 = ADVANCED_FACE ( 'NONE', ( #4077 ), #6044, .T. ) ;
#2299 = COLOUR_RGB ( '',1.000000000000000000, 1.000000000000000000, 1.000000000000000000 ) ;
#2300 = CARTESIAN_POINT ( 'NONE',  ( -2.335000000000001297, -0.05000000000000001665, 2.276307518992031209 ) ) ;
#2301 = DIRECTION ( 'NONE',  ( 1.000000000000000000, 0.000000000000000000, 0.000000000000000000 ) ) ;
#2302 = STYLED_ITEM ( 'NONE', ( #5171 ), #117 ) ;
#2303 = FACE_OUTER_BOUND ( 'NONE', #4827, .T. ) ;
#2304 = DIRECTION ( 'NONE',  ( 0.000000000000000000, 0.9902680687415702510, -0.1391731009600654934 ) ) ;
#2305 =( GEOMETRIC_REPRESENTATION_CONTEXT ( 3 ) GLOBAL_UNCERTAINTY_ASSIGNED_CONTEXT ( ( #1385 ) ) GLOBAL_UNIT_ASSIGNED_CONTEXT ( ( #533, #5780, #1417 ) ) REPRESENTATION_CONTEXT ( 'NONE', 'WORKASPACE' ) );
#2306 = FILL_AREA_STYLE ('',( #2241 ) ) ;
#2307 = AXIS2_PLACEMENT_3D ( 'NONE', #2418, #2469, #3413 ) ;
#2308 = ORIENTED_EDGE ( 'NONE', *, *, #4830, .T. ) ;
#2309 = CARTESIAN_POINT ( 'NONE',  ( 4.014999999999999680, -0.7366484560549224625, -2.977822353784631559 ) ) ;
#2310 = MECHANICAL_DESIGN_GEOMETRIC_PRESENTATION_REPRESENTATION (  '', ( #2302 ), #5564 ) ;
#2311 = PRESENTATION_LAYER_ASSIGNMENT (  '', '', ( #2918 ) ) ;
#2312 = ADVANCED_FACE ( 'NONE', ( #2517 ), #5959, .F. ) ;
#2313 = ORIENTED_EDGE ( 'NONE', *, *, #1678, .F. ) ;
#2314 = LINE ( 'NONE', #2824, #5670 ) ;
#2315 = CARTESIAN_POINT ( 'NONE',  ( 3.604999999999999094, -0.5382586940072542347, 2.298476529816184666 ) ) ;
#2316 = EDGE_LOOP ( 'NONE', ( #5275, #4865 ) ) ;
#2317 = CARTESIAN_POINT ( 'NONE',  ( 1.474999999999999423, -238883.7904503427853, -29333.47370393944584 ) ) ;
#2318 = CARTESIAN_POINT ( 'NONE',  ( 2.334999999999999520, -0.08749999997873590674, 2.243130321502917468 ) ) ;
#2319 =( NAMED_UNIT ( * ) SI_UNIT ( $, .STERADIAN. ) SOLID_ANGLE_UNIT ( ) );
#2320 = SURFACE_SIDE_STYLE ('',( #4359 ) ) ;
#2321 = ORIENTED_EDGE ( 'NONE', *, *, #5100, .T. ) ;
#2322 = DIRECTION ( 'NONE',  ( 0.000000000000000000, 0.000000000000000000, -1.000000000000000000 ) ) ;
#2323 = VERTEX_POINT ( 'NONE', #301 ) ;
#2324 = SURFACE_STYLE_USAGE ( .BOTH. , #1349 ) ;
#2325 = DIRECTION ( 'NONE',  ( 0.000000000000000000, 0.000000000000000000, -1.000000000000000000 ) ) ;
#2326 = UNCERTAINTY_MEASURE_WITH_UNIT (LENGTH_MEASURE( 1.000000000000000082E-05 ), #6282, 'distance_accuracy_value', 'NONE');
#2327 = COLOUR_RGB ( '',1.000000000000000000, 1.000000000000000000, 1.000000000000000000 ) ;
#2328 = PRESENTATION_LAYER_ASSIGNMENT (  '', '', ( #3391 ) ) ;
#2329 = ORIENTED_EDGE ( 'NONE', *, *, #5515, .T. ) ;
#2330 = SURFACE_SIDE_STYLE ('',( #1806 ) ) ;
#2331 = EDGE_CURVE ( 'NONE', #4111, #418, #267, .T. ) ;
#2332 = CARTESIAN_POINT ( 'NONE',  ( 1.064999999999999059, 49479.12776683849370, 352064.5513059087098 ) ) ;
#2333 = SURFACE_STYLE_FILL_AREA ( #2271 ) ;
#2334 = LINE ( 'NONE', #3460, #1976 ) ;
#2335 = CIRCLE ( 'NONE', #930, 0.1375000000000000389 ) ;
#2336 = EDGE_LOOP ( 'NONE', ( #5726, #85, #5955, #4642 ) ) ;
#2337 = PLANE ( 'NONE',  #174 ) ;
#2338 = DIRECTION ( 'NONE',  ( -0.000000000000000000, 0.9902680687415702510, 0.1391731009600658264 ) ) ;
#2339 = EDGE_LOOP ( 'NONE', ( #5913, #226, #3600, #1378 ) ) ;
#2340 = EDGE_CURVE ( 'NONE', #4873, #257, #2191, .T. ) ;
#2341 = VECTOR ( 'NONE', #4839, 1000.000000000000000 ) ;
#2342 = DIRECTION ( 'NONE',  ( 0.000000000000000000, -0.9925461516413218721, 0.1218693434051480867 ) ) ;
#2343 = EDGE_CURVE ( 'NONE', #418, #946, #810, .T. ) ;
#2344 = FILL_AREA_STYLE ('',( #1407 ) ) ;
#2345 = VECTOR ( 'NONE', #928, 1000.000000000000000 ) ;
#2346 = FILL_AREA_STYLE_COLOUR ( '', #485 ) ;
#2347 = VERTEX_POINT ( 'NONE', #1731 ) ;
#2348 =( LENGTH_UNIT ( ) NAMED_UNIT ( * ) SI_UNIT ( .MILLI., .METRE. ) );
#2349 = VECTOR ( 'NONE', #1666, 1000.000000000000000 ) ;
#2350 = SURFACE_STYLE_USAGE ( .BOTH. , #2856 ) ;
#2351 = FACE_OUTER_BOUND ( 'NONE', #3478, .T. ) ;
#2352 = CARTESIAN_POINT ( 'NONE',  ( -2.745000000000000995, -238883.7904503427853, -29333.47370393944584 ) ) ;
#2353 = DIRECTION ( 'NONE',  ( -0.000000000000000000, 0.9902680687415702510, 0.1391731009600658264 ) ) ;
#2354 = ORIENTED_EDGE ( 'NONE', *, *, #3275, .T. ) ;
#2355 = PRESENTATION_STYLE_ASSIGNMENT (( #2796 ) ) ;
#2356 = VERTEX_POINT ( 'NONE', #5600 ) ;
#2357 = FILL_AREA_STYLE_COLOUR ( '', #397 ) ;
#2358 = COLOUR_RGB ( '',1.000000000000000000, 1.000000000000000000, 1.000000000000000000 ) ;
#2359 = LINE ( 'NONE', #6243, #5624 ) ;
#2360 = SURFACE_STYLE_USAGE ( .BOTH. , #2478 ) ;
#2361 = ORIENTED_EDGE ( 'NONE', *, *, #2157, .T. ) ;
#2362 = DIRECTION ( 'NONE',  ( 1.000000000000000000, 0.000000000000000000, 0.000000000000000000 ) ) ;
#2363 = PRESENTATION_LAYER_ASSIGNMENT (  '', '', ( #1564 ) ) ;
#2364 = PRESENTATION_STYLE_ASSIGNMENT (( #3360 ) ) ;
#2365 = PRESENTATION_STYLE_ASSIGNMENT (( #4346 ) ) ;
#2366 = DIRECTION ( 'NONE',  ( 1.000000000000000000, 0.000000000000000000, 0.000000000000000000 ) ) ;
#2367 = ORIENTED_EDGE ( 'NONE', *, *, #2883, .T. ) ;
#2368 = DIRECTION ( 'NONE',  ( 0.000000000000000000, 0.000000000000000000, 1.000000000000000000 ) ) ;
#2369 = PRESENTATION_LAYER_ASSIGNMENT (  '', '', ( #753 ) ) ;
#2370 = FILL_AREA_STYLE_COLOUR ( '', #2408 ) ;
#2371 = VERTEX_POINT ( 'NONE', #332 ) ;
#2372 = CIRCLE ( 'NONE', #4306, 0.1375000000000000389 ) ;
#2373 = EDGE_CURVE ( 'NONE', #4595, #1248, #2665, .T. ) ;
#2374 = CARTESIAN_POINT ( 'NONE',  ( 3.604999999999999094, -0.7366484560549224625, -2.977822353784631559 ) ) ;
#2375 = FILL_AREA_STYLE ('',( #4805 ) ) ;
#2376 = VECTOR ( 'NONE', #2471, 1000.000000000000000 ) ;
#2377 = EDGE_CURVE ( 'NONE', #6205, #5176, #2702, .T. ) ;
#2378 = VERTEX_POINT ( 'NONE', #1762 ) ;
#2379 = VECTOR ( 'NONE', #2857, 1000.000000000000000 ) ;
#2380 = DIRECTION ( 'NONE',  ( 1.000000000000000000, 0.000000000000000000, 0.000000000000000000 ) ) ;
#2381 =( NAMED_UNIT ( * ) SI_UNIT ( $, .STERADIAN. ) SOLID_ANGLE_UNIT ( ) );
#2382 = AXIS2_PLACEMENT_3D ( 'NONE', #4028, #5483, #3097 ) ;
#2383 =( NAMED_UNIT ( * ) PLANE_ANGLE_UNIT ( ) SI_UNIT ( $, .RADIAN. ) );
#2384 = FILL_AREA_STYLE_COLOUR ( '', #5016 ) ;
#2385 = ORIENTED_EDGE ( 'NONE', *, *, #452, .T. ) ;
#2386 = FILL_AREA_STYLE ('',( #1540 ) ) ;
#2387 = VECTOR ( 'NONE', #6108, 1000.000000000000000 ) ;
#2388 = EDGE_LOOP ( 'NONE', ( #5334, #2197, #1649, #5164 ) ) ;
#2389 = STYLED_ITEM ( 'NONE', ( #2355 ), #3319 ) ;
#2390 = CARTESIAN_POINT ( 'NONE',  ( -4.015000000000001457, -60775.81455996134173, 432440.1270694187842 ) ) ;
#2391 =( NAMED_UNIT ( * ) PLANE_ANGLE_UNIT ( ) SI_UNIT ( $, .RADIAN. ) );
#2392 = FILL_AREA_STYLE_COLOUR ( '', #5391 ) ;
#2393 = FILL_AREA_STYLE_COLOUR ( '', #4188 ) ;
#2394 = UNCERTAINTY_MEASURE_WITH_UNIT (LENGTH_MEASURE( 1.000000000000000082E-05 ), #4004, 'distance_accuracy_value', 'NONE');
#2395 = STYLED_ITEM ( 'NONE', ( #3787 ), #3548 ) ;
#2396 = ORIENTED_EDGE ( 'NONE', *, *, #927, .F. ) ;
#2397 = COLOUR_RGB ( '',1.000000000000000000, 1.000000000000000000, 1.000000000000000000 ) ;
#2398 =( NAMED_UNIT ( * ) PLANE_ANGLE_UNIT ( ) SI_UNIT ( $, .RADIAN. ) );
#2399 = DIRECTION ( 'NONE',  ( 0.08715574274765836016, -0.9961946980917455452, 0.000000000000000000 ) ) ;
#2400 = VECTOR ( 'NONE', #1292, 1000.000000000000114 ) ;
#2401 = DIRECTION ( 'NONE',  ( 0.000000000000000000, -0.1391731009600658264, 0.9902680687415702510 ) ) ;
#2402 = CARTESIAN_POINT ( 'NONE',  ( 4.014999999999999680, -0.5382586942780623884, -2.298476529921281930 ) ) ;
#2403 = CARTESIAN_POINT ( 'NONE',  ( -2.745000000000000995, 0.08749999999214218283, 2.276307519025522197 ) ) ;
#2404 =( GEOMETRIC_REPRESENTATION_CONTEXT ( 3 ) GLOBAL_UNCERTAINTY_ASSIGNED_CONTEXT ( ( #1771 ) ) GLOBAL_UNIT_ASSIGNED_CONTEXT ( ( #1324, #3268, #2170 ) ) REPRESENTATION_CONTEXT ( 'NONE', 'WORKASPACE' ) );
#2405 = UNCERTAINTY_MEASURE_WITH_UNIT (LENGTH_MEASURE( 1.000000000000000082E-05 ), #340, 'distance_accuracy_value', 'NONE');
#2406 = VECTOR ( 'NONE', #2671, 1000.000000000000114 ) ;
#2407 = ORIENTED_EDGE ( 'NONE', *, *, #5262, .T. ) ;
#2408 = COLOUR_RGB ( '',1.000000000000000000, 1.000000000000000000, 1.000000000000000000 ) ;
#2409 = EDGE_CURVE ( 'NONE', #242, #360, #2440, .T. ) ;
#2410 = LINE ( 'NONE', #5893, #4232 ) ;
#2411 = PRODUCT_DEFINITION_SHAPE ( 'NONE', 'NONE',  #388 ) ;
#2412 = FILL_AREA_STYLE_COLOUR ( '', #150 ) ;
#2413 = CLOSED_SHELL ( 'NONE', ( #5595, #469, #653, #4877, #6177, #925, #3372, #1338, #1084, #495, #4866, #1177, #5063, #3631, #5909, #5781, #4399, #6178 ) ) ;
#2414 = VECTOR ( 'NONE', #2145, 1000.000000000000227 ) ;
#2415 = PLANE ( 'NONE',  #4481 ) ;
#2416 = DIRECTION ( 'NONE',  ( 0.000000000000000000, 0.000000000000000000, -1.000000000000000000 ) ) ;
#2417 = EDGE_CURVE ( 'NONE', #5892, #3740, #724, .T. ) ;
#2418 = CARTESIAN_POINT ( 'NONE',  ( -4.325000000000001066, 0.000000000000000000, -1.950000000000000400 ) ) ;
#2419 = SURFACE_STYLE_FILL_AREA ( #6235 ) ;
#2420 = LINE ( 'NONE', #1006, #2341 ) ;
#2421 = ORIENTED_EDGE ( 'NONE', *, *, #3086, .T. ) ;
#2422 = CARTESIAN_POINT ( 'NONE',  ( 0.2049999999999991274, -0.08749999997803570295, -2.243130321559760887 ) ) ;
#2423 = EDGE_LOOP ( 'NONE', ( #5823, #812, #808, #1145 ) ) ;
#2424 = PLANE ( 'NONE',  #5156 ) ;
#2425 = DIRECTION ( 'NONE',  ( 0.000000000000000000, -0.08715574274765836016, -0.9961946980917455452 ) ) ;
#2426 = EDGE_CURVE ( 'NONE', #5606, #4230, #2335, .T. ) ;
#2427 =( LENGTH_UNIT ( ) NAMED_UNIT ( * ) SI_UNIT ( .MILLI., .METRE. ) );
#2428 = VERTEX_POINT ( 'NONE', #5675 ) ;
#2429 = LINE ( 'NONE', #1956, #6060 ) ;
#2430 = LINE ( 'NONE', #4347, #1481 ) ;
#2431 = LINE ( 'NONE', #4348, #6109 ) ;
#2432 = DIRECTION ( 'NONE',  ( 1.000000000000000000, 0.000000000000000000, 0.000000000000000000 ) ) ;
#2433 = FACE_OUTER_BOUND ( 'NONE', #4351, .T. ) ;
#2434 = ORIENTED_EDGE ( 'NONE', *, *, #5131, .F. ) ;
#2435 = AXIS2_PLACEMENT_3D ( 'NONE', #1235, #6031, #5145 ) ;
#2436 = DIRECTION ( 'NONE',  ( 0.000000000000000000, 0.1391731009600654934, 0.9902680687415702510 ) ) ;
#2437 =( NAMED_UNIT ( * ) PLANE_ANGLE_UNIT ( ) SI_UNIT ( $, .RADIAN. ) );
#2438 = SURFACE_STYLE_USAGE ( .BOTH. , #6268 ) ;
#2439 = LINE ( 'NONE', #45, #591 ) ;
#2440 = CIRCLE ( 'NONE', #5998, 0.1375000000000000389 ) ;
#2441 = ORIENTED_EDGE ( 'NONE', *, *, #3564, .F. ) ;
#2442 = LINE ( 'NONE', #4385, #4127 ) ;
#2443 = DIRECTION ( 'NONE',  ( 0.000000000000000000, 0.9925461516413218721, 0.1218693434051480867 ) ) ;
#2444 = LINE ( 'NONE', #5344, #3912 ) ;
#2445 = VERTEX_POINT ( 'NONE', #5634 ) ;
#2446 =( LENGTH_UNIT ( ) NAMED_UNIT ( * ) SI_UNIT ( .MILLI., .METRE. ) );
#2447 = ORIENTED_EDGE ( 'NONE', *, *, #2969, .T. ) ;
#2448 = PLANE ( 'NONE',  #5943 ) ;
#2449 = PLANE ( 'NONE',  #3873 ) ;
#2450 =( LENGTH_UNIT ( ) NAMED_UNIT ( * ) SI_UNIT ( .MILLI., .METRE. ) );
#2451 = AXIS2_PLACEMENT_3D ( 'NONE', #3978, #4987, #2028 ) ;
#2452 = EDGE_CURVE ( 'NONE', #6217, #5158, #1311, .T. ) ;
#2453 = UNCERTAINTY_MEASURE_WITH_UNIT (LENGTH_MEASURE( 1.000000000000000082E-05 ), #5693, 'distance_accuracy_value', 'NONE');
#2454 = CARTESIAN_POINT ( 'NONE',  ( -1.475000000000000977, -0.5633515439456004970, 3.002177646067138994 ) ) ;
#2455 = ORIENTED_EDGE ( 'NONE', *, *, #2331, .T. ) ;
#2456 = CARTESIAN_POINT ( 'NONE',  ( 1.064999999999999059, 0.08749999999214273794, -2.276307518968678778 ) ) ;
#2457 = EDGE_CURVE ( 'NONE', #511, #1073, #2224, .T. ) ;
#2458 = SURFACE_STYLE_FILL_AREA ( #6212 ) ;
#2459 = STYLED_ITEM ( 'NONE', ( #2906 ), #644 ) ;
#2460 = LINE ( 'NONE', #3395, #4947 ) ;
#2461 = DIRECTION ( 'NONE',  ( 1.000000000000000000, 0.000000000000000000, 0.000000000000000000 ) ) ;
#2462 = PLANE ( 'NONE',  #169 ) ;
#2463 = EDGE_LOOP ( 'NONE', ( #5410, #2891, #614, #335 ) ) ;
#2464 = LINE ( 'NONE', #1496, #4959 ) ;
#2465 = PRESENTATION_LAYER_ASSIGNMENT (  '', '', ( #3598 ) ) ;
#2466 = DIRECTION ( 'NONE',  ( 0.000000000000000000, 0.1391731009600654934, 0.9902680687415702510 ) ) ;
#2467 = CARTESIAN_POINT ( 'NONE',  ( 4.270319585296296516, 0.6250000000000000000, -1.950000000000000400 ) ) ;
#2468 = CARTESIAN_POINT ( 'NONE',  ( -1.475000000000000977, -0.5215016595598557236, 2.434951625771963890 ) ) ;
#2469 = DIRECTION ( 'NONE',  ( 0.000000000000000000, 0.08715574274765836016, -0.9961946980917455452 ) ) ;
#2470 = SURFACE_STYLE_USAGE ( .BOTH. , #552 ) ;
#2471 = DIRECTION ( 'NONE',  ( 1.000000000000000000, 0.000000000000000000, 0.000000000000000000 ) ) ;
#2472 = FILL_AREA_STYLE ('',( #554 ) ) ;
#2473 = ORIENTED_EDGE ( 'NONE', *, *, #847, .T. ) ;
#2474 = PRESENTATION_LAYER_ASSIGNMENT (  '', '', ( #3299 ) ) ;
#2475 = DIRECTION ( 'NONE',  ( -1.000000000000000000, 0.000000000000000000, 0.000000000000000000 ) ) ;
#2476 = EDGE_LOOP ( 'NONE', ( #1122, #3861, #5728, #95 ) ) ;
#2477 = COLOUR_RGB ( '',1.000000000000000000, 1.000000000000000000, 1.000000000000000000 ) ;
#2478 = SURFACE_SIDE_STYLE ('',( #2015 ) ) ;
#2479 = CARTESIAN_POINT ( 'NONE',  ( -1.065000000000000835, 0.08749999999214218283, 2.276307519025522197 ) ) ;
#2480 = VERTEX_POINT ( 'NONE', #4618 ) ;
#2481 =( NAMED_UNIT ( * ) PLANE_ANGLE_UNIT ( ) SI_UNIT ( $, .RADIAN. ) );
#2482 =( GEOMETRIC_REPRESENTATION_CONTEXT ( 3 ) GLOBAL_UNCERTAINTY_ASSIGNED_CONTEXT ( ( #3040 ) ) GLOBAL_UNIT_ASSIGNED_CONTEXT ( ( #6086, #408, #6142 ) ) REPRESENTATION_CONTEXT ( 'NONE', 'WORKASPACE' ) );
#2483 = FACE_OUTER_BOUND ( 'NONE', #6260, .T. ) ;
#2484 = EDGE_LOOP ( 'NONE', ( #4088, #5380, #214, #4105, #77, #5481, #4843, #6082, #5931, #4174, #4335, #679, #5898, #3089, #623, #4014 ) ) ;
#2485 = VECTOR ( 'NONE', #4231, 1000.000000000000000 ) ;
#2486 = EDGE_CURVE ( 'NONE', #3031, #2159, #6105, .T. ) ;
#2487 = CARTESIAN_POINT ( 'NONE',  ( -4.015000000000001457, -0.5382586941777844913, -2.298476529901449794 ) ) ;
#2488 = CARTESIAN_POINT ( 'NONE',  ( 2.334999999999999520, -335652.5486902103294, 41215.18319354090636 ) ) ;
#2489 = SURFACE_STYLE_FILL_AREA ( #5427 ) ;
#2490 = DIRECTION ( 'NONE',  ( 0.000000000000000000, 0.9902680687415703620, -0.1391731009600655211 ) ) ;
#2491 =( GEOMETRIC_REPRESENTATION_CONTEXT ( 3 ) GLOBAL_UNCERTAINTY_ASSIGNED_CONTEXT ( ( #1018 ) ) GLOBAL_UNIT_ASSIGNED_CONTEXT ( ( #4331, #3888, #4996 ) ) REPRESENTATION_CONTEXT ( 'NONE', 'WORKASPACE' ) );
#2492 = DIRECTION ( 'NONE',  ( -0.9961946980917455452, 0.08715574274765836016, 2.215541447978690748E-16 ) ) ;
#2493 = EDGE_CURVE ( 'NONE', #3462, #2591, #871, .T. ) ;
#2494 = VERTEX_POINT ( 'NONE', #5189 ) ;
#2495 = MECHANICAL_DESIGN_GEOMETRIC_PRESENTATION_REPRESENTATION (  '', ( #5447 ), #1497 ) ;
#2496 = VECTOR ( 'NONE', #49, 1000.000000000000227 ) ;
#2497 = MECHANICAL_DESIGN_GEOMETRIC_PRESENTATION_REPRESENTATION (  '', ( #5149 ), #1493 ) ;
#2498 =( GEOMETRIC_REPRESENTATION_CONTEXT ( 3 ) GLOBAL_UNCERTAINTY_ASSIGNED_CONTEXT ( ( #4304 ) ) GLOBAL_UNIT_ASSIGNED_CONTEXT ( ( #1756, #3693, #4671 ) ) REPRESENTATION_CONTEXT ( 'NONE', 'WORKASPACE' ) );
#2499 = VECTOR ( 'NONE', #478, 1000.000000000000000 ) ;
#2500 = PRESENTATION_STYLE_ASSIGNMENT (( #958 ) ) ;
#2501 = AXIS2_PLACEMENT_3D ( 'NONE', #2287, #6173, #3763 ) ;
#2502 = ADVANCED_FACE ( 'NONE', ( #3221 ), #844, .F. ) ;
#2503 = STYLED_ITEM ( 'NONE', ( #2687 ), #3789 ) ;
#2504 =( GEOMETRIC_REPRESENTATION_CONTEXT ( 3 ) GLOBAL_UNCERTAINTY_ASSIGNED_CONTEXT ( ( #1577 ) ) GLOBAL_UNIT_ASSIGNED_CONTEXT ( ( #1862, #1380, #2835 ) ) REPRESENTATION_CONTEXT ( 'NONE', 'WORKASPACE' ) );
#2505 = VECTOR ( 'NONE', #1563, 1000.000000000000114 ) ;
#2506 = EDGE_CURVE ( 'NONE', #2591, #187, #2420, .T. ) ;
#2507 = CARTESIAN_POINT ( 'NONE',  ( -4.325000000000001066, 0.000000000000000000, -1.950000000000000400 ) ) ;
#2508 = LINE ( 'NONE', #2149, #4940 ) ;
#2509 =( LENGTH_UNIT ( ) NAMED_UNIT ( * ) SI_UNIT ( .MILLI., .METRE. ) );
#2510 = CARTESIAN_POINT ( 'NONE',  ( -3.794868026377201442, 0.6250000000000000000, 1.179246372483681027 ) ) ;
#2511 =( LENGTH_UNIT ( ) NAMED_UNIT ( * ) SI_UNIT ( .MILLI., .METRE. ) );
#2512 = STYLED_ITEM ( 'NONE', ( #772 ), #5745 ) ;
#2513 = VERTEX_POINT ( 'NONE', #3314 ) ;
#2514 = PRESENTATION_STYLE_ASSIGNMENT (( #5090 ) ) ;
#2515 = ORIENTED_EDGE ( 'NONE', *, *, #4057, .F. ) ;
#2516 =( NAMED_UNIT ( * ) PLANE_ANGLE_UNIT ( ) SI_UNIT ( $, .RADIAN. ) );
#2517 = FACE_OUTER_BOUND ( 'NONE', #5104, .T. ) ;
#2518 = CARTESIAN_POINT ( 'NONE',  ( -4.015000000000001457, -0.5215016595598557236, 2.434951625771963890 ) ) ;
#2519 = ORIENTED_EDGE ( 'NONE', *, *, #3522, .T. ) ;
#2520 = FILL_AREA_STYLE ('',( #604 ) ) ;
#2521 = UNCERTAINTY_MEASURE_WITH_UNIT (LENGTH_MEASURE( 1.000000000000000082E-05 ), #864, 'distance_accuracy_value', 'NONE');
#2522 = FILL_AREA_STYLE_COLOUR ( '', #5435 ) ;
#2523 = ORIENTED_EDGE ( 'NONE', *, *, #2059, .F. ) ;
#2524 = SURFACE_STYLE_USAGE ( .BOTH. , #4443 ) ;
#2525 = CARTESIAN_POINT ( 'NONE',  ( 4.292108520983211051, 0.3759513254770624480, 1.917108520983211273 ) ) ;
#2526 = LINE ( 'NONE', #4084, #4006 ) ;
#2527 = PLANE ( 'NONE',  #1372 ) ;
#2528 = LINE ( 'NONE', #783, #1759 ) ;
#2529 = CARTESIAN_POINT ( 'NONE',  ( -2.745000000000000995, 0.08749999994315657559, 400000.0000000000000 ) ) ;
#2530 = UNCERTAINTY_MEASURE_WITH_UNIT (LENGTH_MEASURE( 1.000000000000000082E-05 ), #2264, 'distance_accuracy_value', 'NONE');
#2531 = EDGE_CURVE ( 'NONE', #2057, #5903, #5495, .T. ) ;
#2532 = ORIENTED_EDGE ( 'NONE', *, *, #1961, .T. ) ;
#2533 = DIRECTION ( 'NONE',  ( -0.08682659386424780579, 0.9924325091389669673, -0.08682659386424779191 ) ) ;
#2534 = SURFACE_SIDE_STYLE ('',( #144 ) ) ;
#2535 = PRESENTATION_STYLE_ASSIGNMENT (( #1596 ) ) ;
#2536 = EDGE_CURVE ( 'NONE', #1421, #3929, #21, .T. ) ;
#2537 =( GEOMETRIC_REPRESENTATION_CONTEXT ( 3 ) GLOBAL_UNCERTAINTY_ASSIGNED_CONTEXT ( ( #3622 ) ) GLOBAL_UNIT_ASSIGNED_CONTEXT ( ( #1467, #1405, #3946 ) ) REPRESENTATION_CONTEXT ( 'NONE', 'WORKASPACE' ) );
#2538 = DIRECTION ( 'NONE',  ( 1.000000000000000000, 0.000000000000000000, 0.000000000000000000 ) ) ;
#2539 = EDGE_CURVE ( 'NONE', #5185, #4660, #4294, .T. ) ;
#2540 = SURFACE_STYLE_USAGE ( .BOTH. , #4636 ) ;
#2541 = STYLED_ITEM ( 'NONE', ( #3355 ), #2117 ) ;
#2542 = CARTESIAN_POINT ( 'NONE',  ( 1.474999999999999423, 49479.12776683849370, 352064.5513059087098 ) ) ;
#2543 = VERTEX_POINT ( 'NONE', #3955 ) ;
#2544 = DIRECTION ( 'NONE',  ( 0.000000000000000000, 0.000000000000000000, -1.000000000000000000 ) ) ;
#2545 = VERTEX_POINT ( 'NONE', #464 ) ;
#2546 =( GEOMETRIC_REPRESENTATION_CONTEXT ( 3 ) GLOBAL_UNCERTAINTY_ASSIGNED_CONTEXT ( ( #376 ) ) GLOBAL_UNIT_ASSIGNED_CONTEXT ( ( #1178, #233, #3115 ) ) REPRESENTATION_CONTEXT ( 'NONE', 'WORKASPACE' ) );
#2547 = ORIENTED_EDGE ( 'NONE', *, *, #998, .T. ) ;
#2548 = FACE_OUTER_BOUND ( 'NONE', #1982, .T. ) ;
#2549 = COLOUR_RGB ( '',1.000000000000000000, 1.000000000000000000, 1.000000000000000000 ) ;
#2550 =( GEOMETRIC_REPRESENTATION_CONTEXT ( 3 ) GLOBAL_UNCERTAINTY_ASSIGNED_CONTEXT ( ( #3496 ) ) GLOBAL_UNIT_ASSIGNED_CONTEXT ( ( #4557, #4975, #628 ) ) REPRESENTATION_CONTEXT ( 'NONE', 'WORKASPACE' ) );
#2551 = VERTEX_POINT ( 'NONE', #51 ) ;
#2552 = DIRECTION ( 'NONE',  ( -1.000000000000000000, 0.000000000000000000, 0.000000000000000000 ) ) ;
#2553 = COLOUR_RGB ( '',1.000000000000000000, 1.000000000000000000, 1.000000000000000000 ) ;
#2554 = FILL_AREA_STYLE_COLOUR ( '', #2358 ) ;
#2555 = ORIENTED_EDGE ( 'NONE', *, *, #1766, .F. ) ;
#2556 = VECTOR ( 'NONE', #4594, 1000.000000000000114 ) ;
#2557 = CARTESIAN_POINT ( 'NONE',  ( 4.295598456131937581, 0.3360611841938733191, 1.920598456131937803 ) ) ;
#2558 = CARTESIAN_POINT ( 'NONE',  ( 1.064999999999999059, -0.6499999999718397703, 2.989999999840620148 ) ) ;
#2559 = VECTOR ( 'NONE', #975, 1000.000000000000000 ) ;
#2560 = DIRECTION ( 'NONE',  ( 1.000000000000000000, 0.000000000000000000, 0.000000000000000000 ) ) ;
#2561 = DIRECTION ( 'NONE',  ( 0.000000000000000000, 0.1391731009600654934, 0.9902680687415702510 ) ) ;
#2562 = EDGE_LOOP ( 'NONE', ( #711, #4249, #5464, #649 ) ) ;
#2563 = MECHANICAL_DESIGN_GEOMETRIC_PRESENTATION_REPRESENTATION (  '', ( #48 ), #3393 ) ;
#2564 = EDGE_CURVE ( 'NONE', #3498, #3189, #4389, .T. ) ;
#2565 = FACE_OUTER_BOUND ( 'NONE', #3258, .T. ) ;
#2566 = CARTESIAN_POINT ( 'NONE',  ( 2.334999999999999520, -0.5382586940072542347, 2.298476529816184666 ) ) ;
#2567 = PLANE ( 'NONE',  #1163 ) ;
#2568 = ORIENTED_EDGE ( 'NONE', *, *, #282, .T. ) ;
#2569 =( NAMED_UNIT ( * ) PLANE_ANGLE_UNIT ( ) SI_UNIT ( $, .RADIAN. ) );
#2570 = ADVANCED_FACE ( 'NONE', ( #5835 ), #6278, .T. ) ;
#2571 = AXIS2_PLACEMENT_3D ( 'NONE', #881, #1224, #6207 ) ;
#2572 = ORIENTED_EDGE ( 'NONE', *, *, #1333, .T. ) ;
#2573 = PLANE ( 'NONE',  #704 ) ;
#2574 =( GEOMETRIC_REPRESENTATION_CONTEXT ( 3 ) GLOBAL_UNCERTAINTY_ASSIGNED_CONTEXT ( ( #4622 ) ) GLOBAL_UNIT_ASSIGNED_CONTEXT ( ( #1277, #1341, #5705 ) ) REPRESENTATION_CONTEXT ( 'NONE', 'WORKASPACE' ) );
#2575 = CARTESIAN_POINT ( 'NONE',  ( -1.475000000000000977, -0.04999999999999946154, -2.276307518992031209 ) ) ;
#2576 =( LENGTH_UNIT ( ) NAMED_UNIT ( * ) SI_UNIT ( .MILLI., .METRE. ) );
#2577 = EDGE_LOOP ( 'NONE', ( #2515, #1554, #3272, #4526 ) ) ;
#2578 = CARTESIAN_POINT ( 'NONE',  ( -2.745000000000000995, -0.4883712798218198259, 2.468665344991904931 ) ) ;
#2579 = ORIENTED_EDGE ( 'NONE', *, *, #1369, .T. ) ;
#2580 = COLOUR_RGB ( '',1.000000000000000000, 1.000000000000000000, 1.000000000000000000 ) ;
#2581 =( GEOMETRIC_REPRESENTATION_CONTEXT ( 3 ) GLOBAL_UNCERTAINTY_ASSIGNED_CONTEXT ( ( #5845 ) ) GLOBAL_UNIT_ASSIGNED_CONTEXT ( ( #1485, #33, #2936 ) ) REPRESENTATION_CONTEXT ( 'NONE', 'WORKASPACE' ) );
#2582 = DIRECTION ( 'NONE',  ( 0.000000000000000000, 0.9925461516413218721, 0.1218693434051480867 ) ) ;
#2583 = FILL_AREA_STYLE_COLOUR ( '', #2263 ) ;
#2584 = CARTESIAN_POINT ( 'NONE',  ( -1.065000000000000835, -0.7366484559696573342, 2.977822353386727627 ) ) ;
#2585 = AXIS2_PLACEMENT_3D ( 'NONE', #635, #3772, #4141 ) ;
#2586 = CARTESIAN_POINT ( 'NONE',  ( 1.474999999999999423, -0.7366484560549224625, -2.977822353784631559 ) ) ;
#2587 = AXIS2_PLACEMENT_3D ( 'NONE', #4079, #744, #5480 ) ;
#2588 = ORIENTED_EDGE ( 'NONE', *, *, #4290, .F. ) ;
#2589 =( NAMED_UNIT ( * ) PLANE_ANGLE_UNIT ( ) SI_UNIT ( $, .RADIAN. ) );
#2590 = CARTESIAN_POINT ( 'NONE',  ( 4.014999999999999680, -0.03324296528179307431, 2.412782614842713169 ) ) ;
#2591 = VERTEX_POINT ( 'NONE', #1940 ) ;
#2592 = MECHANICAL_DESIGN_GEOMETRIC_PRESENTATION_REPRESENTATION (  '', ( #4651 ), #6150 ) ;
#2593 = CARTESIAN_POINT ( 'NONE',  ( -1.475000000000000977, -0.5382586940072542347, 2.298476529816184666 ) ) ;
#2594 = PRESENTATION_LAYER_ASSIGNMENT (  '', '', ( #6271 ) ) ;
#2595 = ORIENTED_EDGE ( 'NONE', *, *, #3750, .T. ) ;
#2596 = EDGE_CURVE ( 'NONE', #3451, #134, #4784, .T. ) ;
#2597 =( LENGTH_UNIT ( ) NAMED_UNIT ( * ) SI_UNIT ( .MILLI., .METRE. ) );
#2598 = VECTOR ( 'NONE', #5108, 1000.000000000000227 ) ;
#2599 = MECHANICAL_DESIGN_GEOMETRIC_PRESENTATION_REPRESENTATION (  '', ( #4034 ), #6057 ) ;
#2600 =( NAMED_UNIT ( * ) SI_UNIT ( $, .STERADIAN. ) SOLID_ANGLE_UNIT ( ) );
#2601 = LINE ( 'NONE', #768, #560 ) ;
#2602 = VERTEX_POINT ( 'NONE', #3821 ) ;
#2603 = EDGE_CURVE ( 'NONE', #2946, #5314, #3370, .T. ) ;
#2604 = ORIENTED_EDGE ( 'NONE', *, *, #1182, .T. ) ;
#2605 = SURFACE_STYLE_USAGE ( .BOTH. , #5958 ) ;
#2606 = STYLED_ITEM ( 'NONE', ( #4050 ), #5697 ) ;
#2607 = STYLED_ITEM ( 'NONE', ( #3025 ), #4877 ) ;
#2608 = DIRECTION ( 'NONE',  ( 1.000000000000000000, 0.000000000000000000, 0.000000000000000000 ) ) ;
#2609 = SURFACE_STYLE_USAGE ( .BOTH. , #3057 ) ;
#2610 = ORIENTED_EDGE ( 'NONE', *, *, #5341, .T. ) ;
#2611 = CYLINDRICAL_SURFACE ( 'NONE', #2587, 0.1375000000000000389 ) ;
#2612 = COLOUR_RGB ( '',1.000000000000000000, 1.000000000000000000, 1.000000000000000000 ) ;
#2613 = ORIENTED_EDGE ( 'NONE', *, *, #2790, .T. ) ;
#2614 = LINE ( 'NONE', #2084, #3017 ) ;
#2615 = EDGE_CURVE ( 'NONE', #1885, #4576, #1913, .T. ) ;
#2616 =( LENGTH_UNIT ( ) NAMED_UNIT ( * ) SI_UNIT ( .MILLI., .METRE. ) );
#2617 =( LENGTH_UNIT ( ) NAMED_UNIT ( * ) SI_UNIT ( .MILLI., .METRE. ) );
#2618 = SURFACE_STYLE_USAGE ( .BOTH. , #4916 ) ;
#2619 =( LENGTH_UNIT ( ) NAMED_UNIT ( * ) SI_UNIT ( .MILLI., .METRE. ) );
#2620 = EDGE_CURVE ( 'NONE', #1917, #2106, #90, .T. ) ;
#2621 = ORIENTED_EDGE ( 'NONE', *, *, #2209, .T. ) ;
#2622 = FACE_OUTER_BOUND ( 'NONE', #2484, .T. ) ;
#2623 = ORIENTED_EDGE ( 'NONE', *, *, #2426, .F. ) ;
#2624 = DIRECTION ( 'NONE',  ( 0.000000000000000000, -0.1391731009600658264, 0.9902680687415702510 ) ) ;
#2625 = CARTESIAN_POINT ( 'NONE',  ( 1.064999999999999059, 49479.12776683849370, 352064.5513059087098 ) ) ;
#2626 = VERTEX_POINT ( 'NONE', #2008 ) ;
#2627 = ORIENTED_EDGE ( 'NONE', *, *, #4129, .F. ) ;
#2628 = LINE ( 'NONE', #5496, #4041 ) ;
#2629 = FACE_OUTER_BOUND ( 'NONE', #4429, .T. ) ;
#2630 =( NAMED_UNIT ( * ) SI_UNIT ( $, .STERADIAN. ) SOLID_ANGLE_UNIT ( ) );
#2631 = VECTOR ( 'NONE', #4320, 1000.000000000000000 ) ;
#2632 = ORIENTED_EDGE ( 'NONE', *, *, #1148, .F. ) ;
#2633 =( GEOMETRIC_REPRESENTATION_CONTEXT ( 3 ) GLOBAL_UNCERTAINTY_ASSIGNED_CONTEXT ( ( #1648 ) ) GLOBAL_UNIT_ASSIGNED_CONTEXT ( ( #3125, #627, #4490 ) ) REPRESENTATION_CONTEXT ( 'NONE', 'WORKASPACE' ) );
#2634 =( NAMED_UNIT ( * ) SI_UNIT ( $, .STERADIAN. ) SOLID_ANGLE_UNIT ( ) );
#2635 = DIRECTION ( 'NONE',  ( 1.000000000000000000, 0.000000000000000000, 0.000000000000000000 ) ) ;
#2636 = LINE ( 'NONE', #715, #631 ) ;
#2637 = CARTESIAN_POINT ( 'NONE',  ( 1.474999999999999423, -0.4883712797543182660, 2.468665345013221213 ) ) ;
#2638 = ORIENTED_EDGE ( 'NONE', *, *, #1308, .T. ) ;
#2639 = SURFACE_SIDE_STYLE ('',( #241 ) ) ;
#2640 = AXIS2_PLACEMENT_3D ( 'NONE', #2352, #3917, #2886 ) ;
#2641 = ORIENTED_EDGE ( 'NONE', *, *, #2493, .F. ) ;
#2642 = LINE ( 'NONE', #5542, #3226 ) ;
#2643 = PRESENTATION_STYLE_ASSIGNMENT (( #3770 ) ) ;
#2644 = ADVANCED_FACE ( 'NONE', ( #2951 ), #1373, .T. ) ;
#2645 = CYLINDRICAL_SURFACE ( 'NONE', #1157, 0.1375000000000000389 ) ;
#2646 = FACE_OUTER_BOUND ( 'NONE', #5942, .T. ) ;
#2647 = FACE_OUTER_BOUND ( 'NONE', #2955, .T. ) ;
#2648 = ORIENTED_EDGE ( 'NONE', *, *, #5701, .F. ) ;
#2649 = ADVANCED_FACE ( 'NONE', ( #3076 ), #5060, .T. ) ;
#2650 = DIRECTION ( 'NONE',  ( 0.000000000000000000, 0.9925461516413218721, 0.1218693434051480867 ) ) ;
#2651 = STYLED_ITEM ( 'NONE', ( #5126 ), #1084 ) ;
#2652 = LINE ( 'NONE', #3102, #2185 ) ;
#2653 = SURFACE_STYLE_USAGE ( .BOTH. , #5081 ) ;
#2654 = ORIENTED_EDGE ( 'NONE', *, *, #5725, .F. ) ;
#2655 =( NAMED_UNIT ( * ) PLANE_ANGLE_UNIT ( ) SI_UNIT ( $, .RADIAN. ) );
#2656 =( NAMED_UNIT ( * ) SI_UNIT ( $, .STERADIAN. ) SOLID_ANGLE_UNIT ( ) );
#2657 =( GEOMETRIC_REPRESENTATION_CONTEXT ( 3 ) GLOBAL_UNCERTAINTY_ASSIGNED_CONTEXT ( ( #5578 ) ) GLOBAL_UNIT_ASSIGNED_CONTEXT ( ( #4310, #1427, #636 ) ) REPRESENTATION_CONTEXT ( 'NONE', 'WORKASPACE' ) );
#2658 = DIRECTION ( 'NONE',  ( 0.000000000000000000, 0.1391731009600654934, 0.9902680687415702510 ) ) ;
#2659 = FACE_OUTER_BOUND ( 'NONE', #5205, .T. ) ;
#2660 = VERTEX_POINT ( 'NONE', #2566 ) ;
#2661 = AXIS2_PLACEMENT_3D ( 'NONE', #1118, #611, #246 ) ;
#2662 = DIRECTION ( 'NONE',  ( 0.000000000000000000, 0.000000000000000000, -1.000000000000000000 ) ) ;
#2663 =( NAMED_UNIT ( * ) PLANE_ANGLE_UNIT ( ) SI_UNIT ( $, .RADIAN. ) );
#2664 = SURFACE_SIDE_STYLE ('',( #741 ) ) ;
#2665 = LINE ( 'NONE', #4744, #321 ) ;
#2666 = COLOUR_RGB ( '',1.000000000000000000, 1.000000000000000000, 1.000000000000000000 ) ;
#2667 = LINE ( 'NONE', #716, #1550 ) ;
#2668 = EDGE_LOOP ( 'NONE', ( #1821, #5847, #1041, #4840 ) ) ;
#2669 = FILL_AREA_STYLE ('',( #5034 ) ) ;
#2670 = VERTEX_POINT ( 'NONE', #2986 ) ;
#2671 = DIRECTION ( 'NONE',  ( -0.08682659386424777803, -0.9924325091389669673, 0.08682659386424779191 ) ) ;
#2672 = PRESENTATION_LAYER_ASSIGNMENT (  '', '', ( #2877 ) ) ;
#2673 = PLANE ( 'NONE',  #3023 ) ;
#2674 = LINE ( 'NONE', #1202, #4960 ) ;
#2675 = ORIENTED_EDGE ( 'NONE', *, *, #5465, .F. ) ;
#2676 = EDGE_CURVE ( 'NONE', #2290, #3189, #211, .T. ) ;
#2677 = ADVANCED_FACE ( 'NONE', ( #2629 ), #4512, .F. ) ;
#2678 =( GEOMETRIC_REPRESENTATION_CONTEXT ( 3 ) GLOBAL_UNCERTAINTY_ASSIGNED_CONTEXT ( ( #5 ) ) GLOBAL_UNIT_ASSIGNED_CONTEXT ( ( #4244, #5140, #2778 ) ) REPRESENTATION_CONTEXT ( 'NONE', 'WORKASPACE' ) );
#2679 = DIRECTION ( 'NONE',  ( 1.000000000000000000, 0.000000000000000000, 0.000000000000000000 ) ) ;
#2680 = PRESENTATION_LAYER_ASSIGNMENT (  '', '', ( #5434 ) ) ;
#2681 = CARTESIAN_POINT ( 'NONE',  ( -1.475000000000000977, -0.05000000000000001665, 2.276307518992031209 ) ) ;
#2682 = CARTESIAN_POINT ( 'NONE',  ( -2.745000000000000995, -0.08750000005684341331, 400000.0000000000000 ) ) ;
#2683 = FACE_OUTER_BOUND ( 'NONE', #4502, .T. ) ;
#2684 = VERTEX_POINT ( 'NONE', #5498 ) ;
#2686 = LINE ( 'NONE', #4639, #2689 ) ;
#2685 = AXIS2_PLACEMENT_3D ( 'NONE', #2884, #5771, #1005 ) ;
#2687 = PRESENTATION_STYLE_ASSIGNMENT (( #5114 ) ) ;
#2688 = ORIENTED_EDGE ( 'NONE', *, *, #3406, .T. ) ;
#2689 = VECTOR ( 'NONE', #709, 1000.000000000000114 ) ;
#2690 = EDGE_CURVE ( 'NONE', #1309, #1767, #1646, .T. ) ;
#2691 = FILL_AREA_STYLE_COLOUR ( '', #2945 ) ;
#2692 = FILL_AREA_STYLE_COLOUR ( '', #4613 ) ;
#2693 = DIRECTION ( 'NONE',  ( -1.000000000000000000, 0.000000000000000000, 0.000000000000000000 ) ) ;
#2694 = PRESENTATION_LAYER_ASSIGNMENT (  '', '', ( #181 ) ) ;
#2695 = EDGE_CURVE ( 'NONE', #4727, #4696, #3545, .T. ) ;
#2696 = ORIENTED_EDGE ( 'NONE', *, *, #4031, .T. ) ;
#2697 = MECHANICAL_DESIGN_GEOMETRIC_PRESENTATION_REPRESENTATION (  '', ( #87 ), #1601 ) ;
#2698 = CIRCLE ( 'NONE', #189, 0.1375000000000000389 ) ;
#2699 = AXIS2_PLACEMENT_3D ( 'NONE', #2468, #5763, #1469 ) ;
#2700 = PLANE ( 'NONE',  #1201 ) ;
#2701 = LINE ( 'NONE', #299, #2292 ) ;
#2702 = LINE ( 'NONE', #1793, #4375 ) ;
#2703 = VECTOR ( 'NONE', #2582, 1000.000000000000227 ) ;
#2704 = ORIENTED_EDGE ( 'NONE', *, *, #2596, .F. ) ;
#2705 = CARTESIAN_POINT ( 'NONE',  ( 2.334999999999999520, -0.08750000000785781995, 2.243130321517128323 ) ) ;
#2706 = APPLICATION_CONTEXT ( 'automotive_design' ) ;
#2707 = PRESENTATION_LAYER_ASSIGNMENT (  '', '', ( #698 ) ) ;
#2708 = ORIENTED_EDGE ( 'NONE', *, *, #173, .F. ) ;
#2709 = DIRECTION ( 'NONE',  ( 0.000000000000000000, -0.9925461516413218721, 0.1218693434051480867 ) ) ;
#2710 = CIRCLE ( 'NONE', #4957, 0.1375000000000000389 ) ;
#2711 = AXIS2_PLACEMENT_3D ( 'NONE', #341, #1321, #3234 ) ;
#2712 = SURFACE_SIDE_STYLE ('',( #5195 ) ) ;
#2713 = CARTESIAN_POINT ( 'NONE',  ( -3.605000000000000870, -0.6500000000286831892, -2.990000000067993824 ) ) ;
#2714 = UNCERTAINTY_MEASURE_WITH_UNIT (LENGTH_MEASURE( 1.000000000000000082E-05 ), #1093, 'distance_accuracy_value', 'NONE');
#2715 = CARTESIAN_POINT ( 'NONE',  ( -4.015000000000001457, -335652.5273630752345, 41215.35688911744364 ) ) ;
#2716 = ORIENTED_EDGE ( 'NONE', *, *, #2761, .F. ) ;
#2717 = FILL_AREA_STYLE_COLOUR ( '', #3429 ) ;
#2718 = CARTESIAN_POINT ( 'NONE',  ( -2.745000000000000995, -0.03324296528179307431, 2.412782614842713169 ) ) ;
#2719 = CARTESIAN_POINT ( 'NONE',  ( 0.2049999999999991274, 0.08749999999214218283, 2.276307519025522197 ) ) ;
#2720 = FILL_AREA_STYLE_COLOUR ( '', #443 ) ;
#2721 = VERTEX_POINT ( 'NONE', #5953 ) ;
#2722 = DIRECTION ( 'NONE',  ( 0.000000000000000000, -0.9925461516413218721, 0.1218693434051480867 ) ) ;
#2723 = CARTESIAN_POINT ( 'NONE',  ( -2.745000000000000995, 49479.12776683849370, 352064.5513059087098 ) ) ;
#2724 = CARTESIAN_POINT ( 'NONE',  ( 3.604999999999999094, -0.7366484560549224625, -2.977822353784631559 ) ) ;
#2725 = ADVANCED_FACE ( 'NONE', ( #1604, #5471 ), #2219, .T. ) ;
#2726 = SURFACE_STYLE_FILL_AREA ( #4190 ) ;
#2727 = ORIENTED_EDGE ( 'NONE', *, *, #5491, .F. ) ;
#2728 = ADVANCED_FACE ( 'NONE', ( #3691 ), #5626, .F. ) ;
#2729 = PRESENTATION_STYLE_ASSIGNMENT (( #3218 ) ) ;
#2730 = DIRECTION ( 'NONE',  ( 0.000000000000000000, -1.224646799147353700E-16, 1.000000000000000000 ) ) ;
#2731 = SURFACE_SIDE_STYLE ('',( #6135 ) ) ;
#2732 = ORIENTED_EDGE ( 'NONE', *, *, #2531, .T. ) ;
#2733 = DIRECTION ( 'NONE',  ( 1.000000000000000000, 0.000000000000000000, 0.000000000000000000 ) ) ;
#2734 = EDGE_LOOP ( 'NONE', ( #3638, #840, #2732, #720 ) ) ;
#2735 =( LENGTH_UNIT ( ) NAMED_UNIT ( * ) SI_UNIT ( .MILLI., .METRE. ) );
#2736 = DIRECTION ( 'NONE',  ( 0.000000000000000000, 0.1391731009600654934, 0.9902680687415702510 ) ) ;
#2737 = DIRECTION ( 'NONE',  ( 0.000000000000000000, -0.1391731009600658264, 0.9902680687415702510 ) ) ;
#2738 = PRESENTATION_LAYER_ASSIGNMENT (  '', '', ( #1331 ) ) ;
#2739 = SURFACE_SIDE_STYLE ('',( #2233 ) ) ;
#2740 = ORIENTED_EDGE ( 'NONE', *, *, #1625, .T. ) ;
#2741 = DIRECTION ( 'NONE',  ( 1.000000000000000000, 0.000000000000000000, 0.000000000000000000 ) ) ;
#2742 = DIRECTION ( 'NONE',  ( -0.000000000000000000, 0.9902680687415702510, 0.1391731009600658264 ) ) ;
#2743 = COLOUR_RGB ( '',1.000000000000000000, 1.000000000000000000, 1.000000000000000000 ) ;
#2744 =( LENGTH_UNIT ( ) NAMED_UNIT ( * ) SI_UNIT ( .MILLI., .METRE. ) );
#2745 = SURFACE_SIDE_STYLE ('',( #1812 ) ) ;
#2746 = LINE ( 'NONE', #5232, #5226 ) ;
#2747 = SURFACE_STYLE_USAGE ( .BOTH. , #4182 ) ;
#2748 = ORIENTED_EDGE ( 'NONE', *, *, #294, .F. ) ;
#2749 = CARTESIAN_POINT ( 'NONE',  ( 2.334999999999999520, -0.04999999999999946154, -2.276307518992031209 ) ) ;
#2750 = LINE ( 'NONE', #5588, #1804 ) ;
#2751 = CARTESIAN_POINT ( 'NONE',  ( -0.2050000000000008760, -0.4883712798218198259, 2.468665344991904931 ) ) ;
#2752 = SURFACE_STYLE_USAGE ( .BOTH. , #4770 ) ;
#2753 =( GEOMETRIC_REPRESENTATION_CONTEXT ( 3 ) GLOBAL_UNCERTAINTY_ASSIGNED_CONTEXT ( ( #2973 ) ) GLOBAL_UNIT_ASSIGNED_CONTEXT ( ( #6124, #2172, #3683 ) ) REPRESENTATION_CONTEXT ( 'NONE', 'WORKASPACE' ) );
#2754 = LINE ( 'NONE', #3214, #2031 ) ;
#2755 = CARTESIAN_POINT ( 'NONE',  ( 4.014999999999999680, -0.6576635190569390943, -2.415815324525283359 ) ) ;
#2756 = ORIENTED_EDGE ( 'NONE', *, *, #4277, .T. ) ;
#2757 = ADVANCED_FACE ( 'NONE', ( #2281 ), #1823, .T. ) ;
#2758 = DIRECTION ( 'NONE',  ( -0.000000000000000000, 0.9902680687415702510, 0.1391731009600658264 ) ) ;
#2759 = FILL_AREA_STYLE_COLOUR ( '', #4133 ) ;
#2760 = FILL_AREA_STYLE ('',( #5162 ) ) ;
#2761 = EDGE_CURVE ( 'NONE', #4881, #6107, #2754, .T. ) ;
#2762 = LINE ( 'NONE', #6045, #3783 ) ;
#2763 = ORIENTED_EDGE ( 'NONE', *, *, #2486, .F. ) ;
#2764 = UNCERTAINTY_MEASURE_WITH_UNIT (LENGTH_MEASURE( 1.000000000000000082E-05 ), #4265, 'distance_accuracy_value', 'NONE');
#2765 = ORIENTED_EDGE ( 'NONE', *, *, #2409, .F. ) ;
#2766 =( NAMED_UNIT ( * ) PLANE_ANGLE_UNIT ( ) SI_UNIT ( $, .RADIAN. ) );
#2767 = STYLED_ITEM ( 'NONE', ( #407 ), #6168 ) ;
#2768 =( LENGTH_UNIT ( ) NAMED_UNIT ( * ) SI_UNIT ( .MILLI., .METRE. ) );
#2769 = EDGE_CURVE ( 'NONE', #1967, #405, #1432, .T. ) ;
#2770 = FACE_OUTER_BOUND ( 'NONE', #3419, .T. ) ;
#2771 = FACE_OUTER_BOUND ( 'NONE', #5875, .T. ) ;
#2772 = UNCERTAINTY_MEASURE_WITH_UNIT (LENGTH_MEASURE( 1.000000000000000082E-05 ), #699, 'distance_accuracy_value', 'NONE');
#2773 =( NAMED_UNIT ( * ) SI_UNIT ( $, .STERADIAN. ) SOLID_ANGLE_UNIT ( ) );
#2774 = ORIENTED_EDGE ( 'NONE', *, *, #5440, .T. ) ;
#2775 = AXIS2_PLACEMENT_3D ( 'NONE', #2575, #2994, #4466 ) ;
#2776 = PRESENTATION_LAYER_ASSIGNMENT (  '', '', ( #4100 ) ) ;
#2777 = CYLINDRICAL_SURFACE ( 'NONE', #3219, 0.1375000000000000389 ) ;
#2778 =( NAMED_UNIT ( * ) SI_UNIT ( $, .STERADIAN. ) SOLID_ANGLE_UNIT ( ) );
#2779 = CARTESIAN_POINT ( 'NONE',  ( -1.475000000000000977, -0.7366484560549224625, -2.977822353784631559 ) ) ;
#2780 = CARTESIAN_POINT ( 'NONE',  ( -2.335000000000001297, 0.08750000000000054956, -2.276307518992029877 ) ) ;
#2781 = LINE ( 'NONE', #1813, #1676 ) ;
#2782 = ORIENTED_EDGE ( 'NONE', *, *, #4250, .F. ) ;
#2783 = CARTESIAN_POINT ( 'NONE',  ( 3.604999999999999094, -0.5215016595598550575, -2.434951625771963890 ) ) ;
#2784 = ORIENTED_EDGE ( 'NONE', *, *, #1514, .F. ) ;
#2785 = STYLED_ITEM ( 'NONE', ( #2805 ), #2048 ) ;
#2786 = VECTOR ( 'NONE', #6151, 1000.000000000000000 ) ;
#2787 = SURFACE_SIDE_STYLE ('',( #423 ) ) ;
#2788 = DIRECTION ( 'NONE',  ( 0.9961946980917455452, 0.08715574274765836016, 0.000000000000000000 ) ) ;
#2789 = FILL_AREA_STYLE ('',( #4221 ) ) ;
#2790 = EDGE_CURVE ( 'NONE', #1190, #1720, #4610, .T. ) ;
#2791 = ADVANCED_FACE ( 'NONE', ( #2180 ), #3178, .T. ) ;
#2792 = VERTEX_POINT ( 'NONE', #4771 ) ;
#2793 = PRESENTATION_STYLE_ASSIGNMENT (( #2350 ) ) ;
#2794 = SURFACE_STYLE_USAGE ( .BOTH. , #2320 ) ;
#2795 = VERTEX_POINT ( 'NONE', #1436 ) ;
#2796 = SURFACE_STYLE_USAGE ( .BOTH. , #846 ) ;
#2797 = EDGE_CURVE ( 'NONE', #2792, #2823, #1908, .T. ) ;
#2798 = PRESENTATION_LAYER_ASSIGNMENT (  '', '', ( #3013 ) ) ;
#2799 = ORIENTED_EDGE ( 'NONE', *, *, #3173, .T. ) ;
#2800 = VECTOR ( 'NONE', #3248, 1000.000000000000114 ) ;
#2801 = COLOUR_RGB ( '',1.000000000000000000, 1.000000000000000000, 1.000000000000000000 ) ;
#2802 = SURFACE_STYLE_USAGE ( .BOTH. , #3290 ) ;
#2803 = VECTOR ( 'NONE', #4026, 1000.000000000000000 ) ;
#2804 = STYLED_ITEM ( 'NONE', ( #3715 ), #5962 ) ;
#2805 = PRESENTATION_STYLE_ASSIGNMENT (( #1318 ) ) ;
#2806 = DIRECTION ( 'NONE',  ( 1.000000000000000000, 0.000000000000000000, 0.000000000000000000 ) ) ;
#2807 = EDGE_CURVE ( 'NONE', #1660, #3462, #2879, .T. ) ;
#2808 = CARTESIAN_POINT ( 'NONE',  ( -2.745000000000000995, -0.5382586942780623884, -2.298476529921281930 ) ) ;
#2809 = ORIENTED_EDGE ( 'NONE', *, *, #912, .T. ) ;
#2810 = COLOUR_RGB ( '',1.000000000000000000, 1.000000000000000000, 1.000000000000000000 ) ;
#2811 = DIRECTION ( 'NONE',  ( 0.000000000000000000, 0.000000000000000000, -1.000000000000000000 ) ) ;
#2812 = MECHANICAL_DESIGN_GEOMETRIC_PRESENTATION_REPRESENTATION (  '', ( #1294 ), #3633 ) ;
#2813 = EDGE_CURVE ( 'NONE', #3960, #886, #4253, .T. ) ;
#2814 = PRESENTATION_LAYER_ASSIGNMENT (  '', '', ( #2302 ) ) ;
#2815 = STYLED_ITEM ( 'NONE', ( #2974 ), #3940 ) ;
#2816 =( NAMED_UNIT ( * ) SI_UNIT ( $, .STERADIAN. ) SOLID_ANGLE_UNIT ( ) );
#2817 = COLOUR_RGB ( '',1.000000000000000000, 1.000000000000000000, 1.000000000000000000 ) ;
#2818 = CARTESIAN_POINT ( 'NONE',  ( -0.2050000000000008760, -335652.5486902103294, 41215.18319354090636 ) ) ;
#2819 = ORIENTED_EDGE ( 'NONE', *, *, #1727, .F. ) ;
#2820 = EDGE_CURVE ( 'NONE', #317, #3058, #5830, .T. ) ;
#2821 = DIRECTION ( 'NONE',  ( 0.000000000000000000, -0.9925461516413218721, 0.1218693434051480867 ) ) ;
#2822 = COLOUR_RGB ( '',1.000000000000000000, 1.000000000000000000, 1.000000000000000000 ) ;
#2823 = VERTEX_POINT ( 'NONE', #2826 ) ;
#2824 = CARTESIAN_POINT ( 'NONE',  ( -1.475000000000000977, -238883.7904503427853, -29333.47370393944584 ) ) ;
#2825 = SURFACE_STYLE_FILL_AREA ( #5239 ) ;
#2826 = CARTESIAN_POINT ( 'NONE',  ( 3.604999999999999094, 0.08749999999999998057, 2.276307519084131759 ) ) ;
#2827 = VERTEX_POINT ( 'NONE', #959 ) ;
#2828 = LINE ( 'NONE', #243, #3439 ) ;
#2829 = SURFACE_STYLE_FILL_AREA ( #1371 ) ;
#2830 = DIRECTION ( 'NONE',  ( 1.000000000000000000, 0.000000000000000000, 0.000000000000000000 ) ) ;
#2831 = CYLINDRICAL_SURFACE ( 'NONE', #467, 0.1375000000000000389 ) ;
#2832 = ORIENTED_EDGE ( 'NONE', *, *, #2343, .T. ) ;
#2833 = CARTESIAN_POINT ( 'NONE',  ( 2.334999999999999520, 0.08750000000000054956, -2.276307518992029877 ) ) ;
#2834 = EDGE_LOOP ( 'NONE', ( #1624, #4558, #1847, #5130 ) ) ;
#2835 =( NAMED_UNIT ( * ) SI_UNIT ( $, .STERADIAN. ) SOLID_ANGLE_UNIT ( ) );
#2836 = FILL_AREA_STYLE ('',( #914 ) ) ;
#2837 = SURFACE_STYLE_USAGE ( .BOTH. , #4817 ) ;
#2838 = UNCERTAINTY_MEASURE_WITH_UNIT (LENGTH_MEASURE( 1.000000000000000082E-05 ), #44, 'distance_accuracy_value', 'NONE');
#2839 = CARTESIAN_POINT ( 'NONE',  ( -1.475000000000000977, 0.08749999999214273794, -2.276307518968678778 ) ) ;
#2840 = VERTEX_POINT ( 'NONE', #1034 ) ;
#2841 = DIRECTION ( 'NONE',  ( 0.000000000000000000, -0.9925461516413218721, 0.1218693434051480867 ) ) ;
#2842 = ADVANCED_FACE ( 'NONE', ( #5241 ), #2415, .F. ) ;
#2843 = FILL_AREA_STYLE ('',( #109 ) ) ;
#2844 = FILL_AREA_STYLE_COLOUR ( '', #574 ) ;
#2845 = FACE_OUTER_BOUND ( 'NONE', #505, .T. ) ;
#2846 = ORIENTED_EDGE ( 'NONE', *, *, #5424, .T. ) ;
#2847 = EDGE_CURVE ( 'NONE', #2356, #1660, #3881, .T. ) ;
#2848 = FILL_AREA_STYLE_COLOUR ( '', #5964 ) ;
#2849 = ORIENTED_EDGE ( 'NONE', *, *, #5262, .F. ) ;
#2850 = COLOUR_RGB ( '',1.000000000000000000, 1.000000000000000000, 1.000000000000000000 ) ;
#2851 = DIRECTION ( 'NONE',  ( 1.000000000000000000, 0.000000000000000000, 0.000000000000000000 ) ) ;
#2852 = CARTESIAN_POINT ( 'NONE',  ( -2.335000000000001297, 49479.21441529450385, 352064.5391282623750 ) ) ;
#2853 =( LENGTH_UNIT ( ) NAMED_UNIT ( * ) SI_UNIT ( .MILLI., .METRE. ) );
#2854 = VERTEX_POINT ( 'NONE', #6193 ) ;
#2855 = CARTESIAN_POINT ( 'NONE',  ( 1.064999999999999059, -60775.81455996134173, 432440.1270694187842 ) ) ;
#2856 = SURFACE_SIDE_STYLE ('',( #2829 ) ) ;
#2857 = DIRECTION ( 'NONE',  ( 0.000000000000000000, -1.224646799147353700E-16, 1.000000000000000000 ) ) ;
#2858 = CARTESIAN_POINT ( 'NONE',  ( 0.2049999999999991274, 0.08750000000000054956, -2.276307518992029877 ) ) ;
#2859 = VERTEX_POINT ( 'NONE', #5277 ) ;
#2860 = PRESENTATION_LAYER_ASSIGNMENT (  '', '', ( #546 ) ) ;
#2861 = ORIENTED_EDGE ( 'NONE', *, *, #727, .T. ) ;
#2862 = AXIS2_PLACEMENT_3D ( 'NONE', #1487, #1025, #2939 ) ;
#2863 = DIRECTION ( 'NONE',  ( 0.000000000000000000, -0.9961946980917455452, 0.08715574274765836016 ) ) ;
#2864 = ADVANCED_FACE ( 'NONE', ( #3408 ), #4804, .T. ) ;
#2865 = VERTEX_POINT ( 'NONE', #1531 ) ;
#2866 = CIRCLE ( 'NONE', #4813, 0.1375000000000000389 ) ;
#2867 = FILL_AREA_STYLE_COLOUR ( '', #3198 ) ;
#2868 = LINE ( 'NONE', #3361, #1291 ) ;
#2869 = DIRECTION ( 'NONE',  ( -0.9961946980917455452, -0.08715574274765836016, 2.215541447978690748E-16 ) ) ;
#2870 = CARTESIAN_POINT ( 'NONE',  ( -3.605000000000000870, -60775.81455996134173, 432440.1270694187842 ) ) ;
#2871 = VERTEX_POINT ( 'NONE', #5980 ) ;
#2872 = CARTESIAN_POINT ( 'NONE',  ( -1.475000000000000977, 0.08749999999999998057, 2.276307519084131759 ) ) ;
#2873 = DIRECTION ( 'NONE',  ( 0.000000000000000000, -1.224646799147353700E-16, 1.000000000000000000 ) ) ;
#2874 = EDGE_CURVE ( 'NONE', #5961, #5516, #1655, .T. ) ;
#2875 = VERTEX_POINT ( 'NONE', #4507 ) ;
#2876 =( GEOMETRIC_REPRESENTATION_CONTEXT ( 3 ) GLOBAL_UNCERTAINTY_ASSIGNED_CONTEXT ( ( #3157 ) ) GLOBAL_UNIT_ASSIGNED_CONTEXT ( ( #5477, #5443, #5535 ) ) REPRESENTATION_CONTEXT ( 'NONE', 'WORKASPACE' ) );
#2877 = STYLED_ITEM ( 'NONE', ( #1007 ), #1177 ) ;
#2878 = CARTESIAN_POINT ( 'NONE',  ( -0.2050000000000008760, -0.6499999999718397703, 2.989999999840620148 ) ) ;
#2879 = LINE ( 'NONE', #5307, #3164 ) ;
#2880 = VECTOR ( 'NONE', #5891, 1000.000000000000000 ) ;
#2881 = VECTOR ( 'NONE', #5107, 1000.000000000000000 ) ;
#2882 =( NAMED_UNIT ( * ) SI_UNIT ( $, .STERADIAN. ) SOLID_ANGLE_UNIT ( ) );
#2883 = EDGE_CURVE ( 'NONE', #1660, #5392, #2000, .T. ) ;
#2884 = CARTESIAN_POINT ( 'NONE',  ( -1.475000000000000977, -0.04999999999999946154, -2.276307518992031209 ) ) ;
#2885 = VECTOR ( 'NONE', #5790, 1000.000000000000000 ) ;
#2886 = DIRECTION ( 'NONE',  ( 0.000000000000000000, 0.9925461516413218721, 0.1218693434051480867 ) ) ;
#2887 = VERTEX_POINT ( 'NONE', #5433 ) ;
#2888 = DIRECTION ( 'NONE',  ( 0.08682659386424779191, 0.9924325091389669673, 0.08682659386424779191 ) ) ;
#2889 = ADVANCED_FACE ( 'NONE', ( #3467 ), #4419, .T. ) ;
#2890 =( GEOMETRIC_REPRESENTATION_CONTEXT ( 3 ) GLOBAL_UNCERTAINTY_ASSIGNED_CONTEXT ( ( #884 ) ) GLOBAL_UNIT_ASSIGNED_CONTEXT ( ( #3811, #2481, #6188 ) ) REPRESENTATION_CONTEXT ( 'NONE', 'WORKASPACE' ) );
#2891 = ORIENTED_EDGE ( 'NONE', *, *, #5934, .F. ) ;
#2892 = FILL_AREA_STYLE ('',( #2357 ) ) ;
#2893 = SURFACE_STYLE_USAGE ( .BOTH. , #4875 ) ;
#2894 = CARTESIAN_POINT ( 'NONE',  ( 1.474999999999999423, -335652.5273630752345, 41215.35688911744364 ) ) ;
#2895 = PRESENTATION_LAYER_ASSIGNMENT (  '', '', ( #5649 ) ) ;
#2896 = EDGE_CURVE ( 'NONE', #5413, #5091, #3589, .T. ) ;
#2897 = UNCERTAINTY_MEASURE_WITH_UNIT (LENGTH_MEASURE( 1.000000000000000082E-05 ), #5982, 'distance_accuracy_value', 'NONE');
#2898 = MECHANICAL_DESIGN_GEOMETRIC_PRESENTATION_REPRESENTATION (  '', ( #1100 ), #3215 ) ;
#2899 = ORIENTED_EDGE ( 'NONE', *, *, #4641, .T. ) ;
#2901 = PRESENTATION_STYLE_ASSIGNMENT (( #442 ) ) ;
#2900 = CIRCLE ( 'NONE', #3621, 0.1375000000000000389 ) ;
#2902 = PRESENTATION_LAYER_ASSIGNMENT (  '', '', ( #3014 ) ) ;
#2903 = LINE ( 'NONE', #981, #999 ) ;
#2904 = DIRECTION ( 'NONE',  ( 0.000000000000000000, -0.9925461516413218721, 0.1218693434051480867 ) ) ;
#2905 = VECTOR ( 'NONE', #5666, 1000.000000000000227 ) ;
#2906 = PRESENTATION_STYLE_ASSIGNMENT (( #1396 ) ) ;
#2907 = ADVANCED_FACE ( 'NONE', ( #4923 ), #5948, .T. ) ;
#2908 = SURFACE_STYLE_FILL_AREA ( #984 ) ;
#2909 = VECTOR ( 'NONE', #634, 1000.000000000000227 ) ;
#2910 = UNCERTAINTY_MEASURE_WITH_UNIT (LENGTH_MEASURE( 1.000000000000000082E-05 ), #6010, 'distance_accuracy_value', 'NONE');
#2911 = COLOUR_RGB ( '',1.000000000000000000, 1.000000000000000000, 1.000000000000000000 ) ;
#2912 = ORIENTED_EDGE ( 'NONE', *, *, #1535, .F. ) ;
#2913 = VECTOR ( 'NONE', #3614, 1000.000000000000000 ) ;
#2914 = PRESENTATION_STYLE_ASSIGNMENT (( #4801 ) ) ;
#2915 = MECHANICAL_DESIGN_GEOMETRIC_PRESENTATION_REPRESENTATION (  '', ( #795 ), #104 ) ;
#2916 = FILL_AREA_STYLE ('',( #4828 ) ) ;
#2917 = CLOSED_SHELL ( 'NONE', ( #5730, #1491, #5569, #2954, #688, #5926, #6273, #3854, #204, #5697, #3908, #588, #3594, #2312, #5895, #1993, #3949, #3865 ) ) ;
#2918 = STYLED_ITEM ( 'NONE', ( #1921 ), #4069 ) ;
#2919 = DIRECTION ( 'NONE',  ( -0.08682659386424777803, 0.9924325091389669673, 0.08682659386424779191 ) ) ;
#2920 = PLANE ( 'NONE',  #4336 ) ;
#2921 = ORIENTED_EDGE ( 'NONE', *, *, #5321, .F. ) ;
#2922 = CARTESIAN_POINT ( 'NONE',  ( -0.2050000000000008760, -0.7366484559696573342, 2.977822353386727627 ) ) ;
#2923 = EDGE_CURVE ( 'NONE', #926, #1260, #618, .T. ) ;
#2924 = DIRECTION ( 'NONE',  ( 1.000000000000000000, 0.000000000000000000, 0.000000000000000000 ) ) ;
#2925 = LINE ( 'NONE', #4387, #2174 ) ;
#2926 = DIRECTION ( 'NONE',  ( 0.000000000000000000, -0.9925461516413218721, 0.1218693434051480867 ) ) ;
#2927 = VERTEX_POINT ( 'NONE', #672 ) ;
#2928 = SURFACE_STYLE_USAGE ( .BOTH. , #4361 ) ;
#2929 = ADVANCED_FACE ( 'NONE', ( #5467 ), #171, .T. ) ;
#2930 = EDGE_LOOP ( 'NONE', ( #1106, #1132, #5556, #1344 ) ) ;
#2931 = DIRECTION ( 'NONE',  ( 0.000000000000000000, -0.1391731009600658264, 0.9902680687415702510 ) ) ;
#2932 = SURFACE_STYLE_FILL_AREA ( #535 ) ;
#2933 = PLANE ( 'NONE',  #4993 ) ;
#2934 = DIRECTION ( 'NONE',  ( -0.000000000000000000, 0.9902680687415702510, 0.1391731009600658264 ) ) ;
#2935 = VERTEX_POINT ( 'NONE', #3718 ) ;
#2936 =( NAMED_UNIT ( * ) SI_UNIT ( $, .STERADIAN. ) SOLID_ANGLE_UNIT ( ) );
#2937 = FACE_OUTER_BOUND ( 'NONE', #4709, .T. ) ;
#2938 = CARTESIAN_POINT ( 'NONE',  ( -2.745000000000000995, 0.08750000000000054956, -2.276307518992029877 ) ) ;
#2939 = DIRECTION ( 'NONE',  ( 1.000000000000000000, 0.000000000000000000, 0.000000000000000000 ) ) ;
#2940 = FILL_AREA_STYLE ('',( #5398 ) ) ;
#2941 = ORIENTED_EDGE ( 'NONE', *, *, #3839, .F. ) ;
#2942 = VECTOR ( 'NONE', #5504, 1000.000000000000114 ) ;
#2943 = DIRECTION ( 'NONE',  ( 0.000000000000000000, 0.9925461516413218721, 0.1218693434051480867 ) ) ;
#2944 = SURFACE_STYLE_FILL_AREA ( #4418 ) ;
#2945 = COLOUR_RGB ( '',1.000000000000000000, 1.000000000000000000, 1.000000000000000000 ) ;
#2946 = VERTEX_POINT ( 'NONE', #5113 ) ;
#2947 = DIRECTION ( 'NONE',  ( -0.000000000000000000, 1.000000000000000000, -0.000000000000000000 ) ) ;
#2948 = STYLED_ITEM ( 'NONE', ( #3985 ), #2649 ) ;
#2949 =( NAMED_UNIT ( * ) SI_UNIT ( $, .STERADIAN. ) SOLID_ANGLE_UNIT ( ) );
#2950 = CARTESIAN_POINT ( 'NONE',  ( -4.270319585296297404, -0.6250000000000000000, 1.895319585296296738 ) ) ;
#2951 = FACE_OUTER_BOUND ( 'NONE', #2151, .T. ) ;
#2952 = FILL_AREA_STYLE_COLOUR ( '', #6239 ) ;
#2953 = EDGE_LOOP ( 'NONE', ( #5298, #2081, #834, #5707 ) ) ;
#2954 = ADVANCED_FACE ( 'NONE', ( #5557 ), #5177, .F. ) ;
#2955 = EDGE_LOOP ( 'NONE', ( #2110, #962, #2519, #100 ) ) ;
#2956 = AXIS2_PLACEMENT_3D ( 'NONE', #4491, #158, #2078 ) ;
#2957 = EDGE_CURVE ( 'NONE', #1361, #3001, #3685, .T. ) ;
#2958 = FILL_AREA_STYLE ('',( #5385 ) ) ;
#2959 =( LENGTH_UNIT ( ) NAMED_UNIT ( * ) SI_UNIT ( .MILLI., .METRE. ) );
#2960 = CARTESIAN_POINT ( 'NONE',  ( -2.335000000000000853, 49479.30106375052128, 352064.5269506160403 ) ) ;
#2961 = DIRECTION ( 'NONE',  ( 1.000000000000000000, 0.000000000000000000, 0.000000000000000000 ) ) ;
#2962 = VECTOR ( 'NONE', #3018, 1000.000000000000000 ) ;
#2963 = SURFACE_STYLE_FILL_AREA ( #2520 ) ;
#2964 = UNCERTAINTY_MEASURE_WITH_UNIT (LENGTH_MEASURE( 1.000000000000000082E-05 ), #645, 'distance_accuracy_value', 'NONE');
#2965 = FILL_AREA_STYLE_COLOUR ( '', #2612 ) ;
#2966 = ORIENTED_EDGE ( 'NONE', *, *, #2769, .F. ) ;
#2967 = CARTESIAN_POINT ( 'NONE',  ( -0.2050000000000008760, -0.03324296517348557245, 2.412782614754860333 ) ) ;
#2968 = MECHANICAL_DESIGN_GEOMETRIC_PRESENTATION_REPRESENTATION (  '', ( #2062 ), #2657 ) ;
#2969 = EDGE_CURVE ( 'NONE', #624, #2543, #3649, .T. ) ;
#2970 = DIRECTION ( 'NONE',  ( 0.08682659386424779191, -0.9924325091389669673, -0.08682659386424779191 ) ) ;
#2971 = CYLINDRICAL_SURFACE ( 'NONE', #1068, 0.1329977112048087440 ) ;
#2972 = CARTESIAN_POINT ( 'NONE',  ( 1.064999999999999059, -0.4883712799141903815, -2.468665345094933627 ) ) ;
#2973 = UNCERTAINTY_MEASURE_WITH_UNIT (LENGTH_MEASURE( 1.000000000000000082E-05 ), #6124, 'distance_accuracy_value', 'NONE');
#2974 = PRESENTATION_STYLE_ASSIGNMENT (( #202 ) ) ;
#2975 = ORIENTED_EDGE ( 'NONE', *, *, #4715, .F. ) ;
#2976 = AXIS2_PLACEMENT_3D ( 'NONE', #3843, #2461, #1457 ) ;
#2977 = CARTESIAN_POINT ( 'NONE',  ( -0.2050000000000008760, 0.08749999994315657559, 400000.0000000000000 ) ) ;
#2978 = COLOUR_RGB ( '',1.000000000000000000, 1.000000000000000000, 1.000000000000000000 ) ;
#2979 = LINE ( 'NONE', #5337, #2631 ) ;
#2980 = CARTESIAN_POINT ( 'NONE',  ( 0.000000000000000000, -0.6250000000000000000, 1.895319585296296738 ) ) ;
#2981 = CARTESIAN_POINT ( 'NONE',  ( 0.2049999999999991274, -0.5382586942780623884, -2.298476529921281930 ) ) ;
#2982 = ORIENTED_EDGE ( 'NONE', *, *, #2073, .T. ) ;
#2983 = DIRECTION ( 'NONE',  ( 1.000000000000000000, 0.000000000000000000, 0.000000000000000000 ) ) ;
#2984 = DIRECTION ( 'NONE',  ( 0.000000000000000000, 0.9902680687415702510, -0.1391731009600654934 ) ) ;
#2985 = EDGE_CURVE ( 'NONE', #1708, #2551, #4667, .T. ) ;
#2986 = CARTESIAN_POINT ( 'NONE',  ( 0.2049999999999991274, -0.5382586940072542347, 2.298476529816184666 ) ) ;
#2987 = CARTESIAN_POINT ( 'NONE',  ( -4.270319585296297404, 0.6250000000000000000, 1.620303868389674440 ) ) ;
#2988 = ORIENTED_EDGE ( 'NONE', *, *, #5376, .F. ) ;
#2989 = STYLED_ITEM ( 'NONE', ( #620 ), #1653 ) ;
#2990 = EDGE_CURVE ( 'NONE', #5571, #1716, #6069, .T. ) ;
#2991 = ORIENTED_EDGE ( 'NONE', *, *, #1148, .T. ) ;
#2992 = VECTOR ( 'NONE', #891, 1000.000000000000114 ) ;
#2993 = PRESENTATION_STYLE_ASSIGNMENT (( #2605 ) ) ;
#2994 = DIRECTION ( 'NONE',  ( 1.000000000000000000, 0.000000000000000000, 0.000000000000000000 ) ) ;
#2995 = FILL_AREA_STYLE_COLOUR ( '', #1226 ) ;
#2996 = EDGE_CURVE ( 'NONE', #2323, #1309, #2243, .T. ) ;
#2997 = DIRECTION ( 'NONE',  ( 0.000000000000000000, 0.1218693434051481006, -0.9925461516413219831 ) ) ;
#2998 = VERTEX_POINT ( 'NONE', #6126 ) ;
#2999 = FILL_AREA_STYLE ('',( #4909 ) ) ;
#3000 = CARTESIAN_POINT ( 'NONE',  ( -1.065000000000000835, -0.6499999999718397703, 2.989999999840620148 ) ) ;
#3001 = VERTEX_POINT ( 'NONE', #763 ) ;
#3002 = COLOUR_RGB ( '',1.000000000000000000, 1.000000000000000000, 1.000000000000000000 ) ;
#3003 = LINE ( 'NONE', #3932, #493 ) ;
#3004 = SURFACE_SIDE_STYLE ('',( #3037 ) ) ;
#3005 = EDGE_CURVE ( 'NONE', #6137, #2002, #1780, .T. ) ;
#3006 = CARTESIAN_POINT ( 'NONE',  ( -4.015000000000001457, -0.08750000000715735249, -2.243130321568642671 ) ) ;
#3007 = CARTESIAN_POINT ( 'NONE',  ( -4.015000000000001457, -0.7366484559696573342, 2.977822353386727627 ) ) ;
#3008 = DIRECTION ( 'NONE',  ( 0.000000000000000000, -0.1391731009600658264, 0.9902680687415702510 ) ) ;
#3009 = COLOUR_RGB ( '',1.000000000000000000, 1.000000000000000000, 1.000000000000000000 ) ;
#3010 = DIRECTION ( 'NONE',  ( 0.000000000000000000, 0.1218693434051481006, -0.9925461516413219831 ) ) ;
#3011 = ORIENTED_EDGE ( 'NONE', *, *, #1916, .F. ) ;
#3012 = EDGE_CURVE ( 'NONE', #6136, #4696, #2686, .T. ) ;
#3013 = STYLED_ITEM ( 'NONE', ( #1031 ), #5070 ) ;
#3014 = STYLED_ITEM ( 'NONE', ( #5046 ), #5909 ) ;
#3015 = VECTOR ( 'NONE', #737, 1000.000000000000000 ) ;
#3016 = CARTESIAN_POINT ( 'NONE',  ( 1.064999999999999059, 0.08750000000000054956, -2.276307518992029877 ) ) ;
#3017 = VECTOR ( 'NONE', #4529, 1000.000000000000114 ) ;
#3018 = DIRECTION ( 'NONE',  ( 1.000000000000000000, 0.000000000000000000, 0.000000000000000000 ) ) ;
#3019 = VECTOR ( 'NONE', #1162, 1000.000000000000000 ) ;
#3020 = PRESENTATION_STYLE_ASSIGNMENT (( #585 ) ) ;
#3021 = CARTESIAN_POINT ( 'NONE',  ( 1.064999999999999059, -0.04999999999999946154, -2.276307518992031209 ) ) ;
#3022 = AXIS2_PLACEMENT_3D ( 'NONE', #6259, #3401, #5759 ) ;
#3023 = AXIS2_PLACEMENT_3D ( 'NONE', #2390, #4752, #26 ) ;
#3024 = VECTOR ( 'NONE', #5087, 1000.000000000000000 ) ;
#3025 = PRESENTATION_STYLE_ASSIGNMENT (( #6008 ) ) ;
#3026 = VECTOR ( 'NONE', #3373, 1000.000000000000114 ) ;
#3027 = CARTESIAN_POINT ( 'NONE',  ( -0.2050000000000008760, 0.08749999999214218283, 2.276307519025522197 ) ) ;
#3028 = FACE_OUTER_BOUND ( 'NONE', #1633, .T. ) ;
#3029 = ORIENTED_EDGE ( 'NONE', *, *, #755, .F. ) ;
#3030 = DIRECTION ( 'NONE',  ( 1.000000000000000000, 0.000000000000000000, 0.000000000000000000 ) ) ;
#3031 = VERTEX_POINT ( 'NONE', #351 ) ;
#3032 = LINE ( 'NONE', #5568, #2232 ) ;
#3033 = SURFACE_STYLE_FILL_AREA ( #5388 ) ;
#3034 = ORIENTED_EDGE ( 'NONE', *, *, #197, .T. ) ;
#3035 = ORIENTED_EDGE ( 'NONE', *, *, #4753, .F. ) ;
#3036 = DIRECTION ( 'NONE',  ( 0.000000000000000000, 0.000000000000000000, -1.000000000000000000 ) ) ;
#3037 = SURFACE_STYLE_FILL_AREA ( #137 ) ;
#3038 = LINE ( 'NONE', #4980, #352 ) ;
#3039 = CARTESIAN_POINT ( 'NONE',  ( 1.474999999999999423, -0.04999999999999946154, -2.276307518992031209 ) ) ;
#3040 = UNCERTAINTY_MEASURE_WITH_UNIT (LENGTH_MEASURE( 1.000000000000000082E-05 ), #6086, 'distance_accuracy_value', 'NONE');
#3041 =( NAMED_UNIT ( * ) PLANE_ANGLE_UNIT ( ) SI_UNIT ( $, .RADIAN. ) );
#3042 = ORIENTED_EDGE ( 'NONE', *, *, #4489, .T. ) ;
#3043 = EDGE_CURVE ( 'NONE', #5493, #231, #5536, .T. ) ;
#3044 = CARTESIAN_POINT ( 'NONE',  ( -1.475000000000000977, -0.03324296517348557245, 2.412782614754860333 ) ) ;
#3045 = EDGE_CURVE ( 'NONE', #511, #5257, #1816, .T. ) ;
#3046 =( NAMED_UNIT ( * ) PLANE_ANGLE_UNIT ( ) SI_UNIT ( $, .RADIAN. ) );
#3047 = SURFACE_STYLE_FILL_AREA ( #172 ) ;
#3048 = DIRECTION ( 'NONE',  ( 0.000000000000000000, 0.9902680687415702510, -0.1391731009600654934 ) ) ;
#3049 = CARTESIAN_POINT ( 'NONE',  ( 3.604999999999999094, -0.5382586942780623884, -2.298476529921281930 ) ) ;
#3050 = SURFACE_STYLE_USAGE ( .BOTH. , #646 ) ;
#3051 = VERTEX_POINT ( 'NONE', #4574 ) ;
#3052 = ORIENTED_EDGE ( 'NONE', *, *, #5216, .T. ) ;
#3053 = MECHANICAL_DESIGN_GEOMETRIC_PRESENTATION_REPRESENTATION (  '', ( #933 ), #5289 ) ;
#3054 = SURFACE_STYLE_FILL_AREA ( #1134 ) ;
#3055 = CARTESIAN_POINT ( 'NONE',  ( -2.335000000000001297, -0.08750000005684341331, 400000.0000000000000 ) ) ;
#3056 = LINE ( 'NONE', #4556, #3769 ) ;
#3057 = SURFACE_SIDE_STYLE ('',( #1136 ) ) ;
#3058 = VERTEX_POINT ( 'NONE', #2309 ) ;
#3059 = DIRECTION ( 'NONE',  ( 1.000000000000000000, -0.000000000000000000, 0.000000000000000000 ) ) ;
#3060 = AXIS2_PLACEMENT_3D ( 'NONE', #238, #3222, #268 ) ;
#3061 = VERTEX_POINT ( 'NONE', #4795 ) ;
#3062 =( NAMED_UNIT ( * ) SI_UNIT ( $, .STERADIAN. ) SOLID_ANGLE_UNIT ( ) );
#3063 =( GEOMETRIC_REPRESENTATION_CONTEXT ( 3 ) GLOBAL_UNCERTAINTY_ASSIGNED_CONTEXT ( ( #1714 ) ) GLOBAL_UNIT_ASSIGNED_CONTEXT ( ( #4506, #3046, #1627 ) ) REPRESENTATION_CONTEXT ( 'NONE', 'WORKASPACE' ) );
#3064 = DIRECTION ( 'NONE',  ( 1.000000000000000000, 0.000000000000000000, 0.000000000000000000 ) ) ;
#3065 = EDGE_CURVE ( 'NONE', #4919, #2323, #4630, .T. ) ;
#3066 = VERTEX_POINT ( 'NONE', #2018 ) ;
#3067 = PRESENTATION_LAYER_ASSIGNMENT (  '', '', ( #2459 ) ) ;
#3068 = PRESENTATION_STYLE_ASSIGNMENT (( #616 ) ) ;
#3069 = EDGE_CURVE ( 'NONE', #2445, #2207, #5420, .T. ) ;
#3070 = ORIENTED_EDGE ( 'NONE', *, *, #4319, .T. ) ;
#3071 = CARTESIAN_POINT ( 'NONE',  ( -4.015000000000001457, 0.08750000000000054956, -2.276307518992029877 ) ) ;
#3072 = LINE ( 'NONE', #2593, #4539 ) ;
#3073 = ADVANCED_FACE ( 'NONE', ( #419 ), #2337, .T. ) ;
#3074 = ORIENTED_EDGE ( 'NONE', *, *, #5267, .T. ) ;
#3075 = PRESENTATION_LAYER_ASSIGNMENT (  '', '', ( #5839 ) ) ;
#3076 = FACE_OUTER_BOUND ( 'NONE', #3303, .T. ) ;
#3077 = CARTESIAN_POINT ( 'NONE',  ( 3.604999999999999094, -238883.7904503427853, -29333.47370393944584 ) ) ;
#3078 = EDGE_LOOP ( 'NONE', ( #1029, #657, #2988, #1313 ) ) ;
#3079 = CARTESIAN_POINT ( 'NONE',  ( -0.2050000000000008760, -0.04999999999999946154, -2.276307518992031209 ) ) ;
#3080 = STYLED_ITEM ( 'NONE', ( #6179 ), #6178 ) ;
#3081 = VECTOR ( 'NONE', #4581, 1000.000000000000000 ) ;
#3082 = ORIENTED_EDGE ( 'NONE', *, *, #5035, .T. ) ;
#3083 = EDGE_CURVE ( 'NONE', #3132, #31, #565, .T. ) ;
#3084 = CARTESIAN_POINT ( 'NONE',  ( -1.475000000000000977, -335652.5273630752345, 41215.35688911744364 ) ) ;
#3085 = AXIS2_PLACEMENT_3D ( 'NONE', #4153, #1211, #2220 ) ;
#3086 = EDGE_CURVE ( 'NONE', #4323, #926, #675, .T. ) ;
#3087 = DIRECTION ( 'NONE',  ( 0.000000000000000000, 0.1391731009600654934, 0.9902680687415702510 ) ) ;
#3088 = CARTESIAN_POINT ( 'NONE',  ( 1.064999999999999059, -0.7366484560549224625, -2.977822353784631559 ) ) ;
#3089 = ORIENTED_EDGE ( 'NONE', *, *, #4712, .F. ) ;
#3090 = FACE_OUTER_BOUND ( 'NONE', #4583, .T. ) ;
#3091 = EDGE_LOOP ( 'NONE', ( #2137, #1416, #2421, #5265 ) ) ;
#3092 = CIRCLE ( 'NONE', #1083, 0.1375000000000000389 ) ;
#3093 = FILL_AREA_STYLE ('',( #4445 ) ) ;
#3094 = VECTOR ( 'NONE', #5866, 1000.000000000000000 ) ;
#3095 = CARTESIAN_POINT ( 'NONE',  ( 4.270319585296296516, 0.6250000000000000000, -1.895319585296297626 ) ) ;
#3096 = CARTESIAN_POINT ( 'NONE',  ( 0.2049999999999991274, -0.6576635190118217400, 2.415815324389956498 ) ) ;
#3097 = DIRECTION ( 'NONE',  ( 0.000000000000000000, 0.9925461516413218721, 0.1218693434051480867 ) ) ;
#3098 = DIRECTION ( 'NONE',  ( -0.000000000000000000, 1.000000000000000000, 1.224646799147353700E-16 ) ) ;
#3099 = UNCERTAINTY_MEASURE_WITH_UNIT (LENGTH_MEASURE( 1.000000000000000082E-05 ), #2427, 'distance_accuracy_value', 'NONE');
#3100 = VECTOR ( 'NONE', #4470, 1000.000000000000227 ) ;
#3101 = ORIENTED_EDGE ( 'NONE', *, *, #420, .F. ) ;
#3102 = CARTESIAN_POINT ( 'NONE',  ( -1.475000000000000977, -0.6576635190118217400, 2.415815324389956498 ) ) ;
#3103 = DIRECTION ( 'NONE',  ( 0.000000000000000000, 0.1218693434051481006, -0.9925461516413219831 ) ) ;
#3104 = VECTOR ( 'NONE', #2888, 1000.000000000000114 ) ;
#3105 = PRESENTATION_STYLE_ASSIGNMENT (( #5082 ) ) ;
#3106 = ORIENTED_EDGE ( 'NONE', *, *, #1854, .T. ) ;
#3107 = AXIS2_PLACEMENT_3D ( 'NONE', #1932, #3851, #518 ) ;
#3108 = LINE ( 'NONE', #4094, #4449 ) ;
#3109 = ORIENTED_EDGE ( 'NONE', *, *, #5841, .F. ) ;
#3110 = VECTOR ( 'NONE', #4646, 1000.000000000000114 ) ;
#3111 = VECTOR ( 'NONE', #3180, 1000.000000000000000 ) ;
#3112 = CIRCLE ( 'NONE', #594, 0.1375000000000000389 ) ;
#3113 = MECHANICAL_DESIGN_GEOMETRIC_PRESENTATION_REPRESENTATION (  '', ( #5350 ), #6053 ) ;
#3114 = PRESENTATION_LAYER_ASSIGNMENT (  '', '', ( #4952 ) ) ;
#3115 =( NAMED_UNIT ( * ) SI_UNIT ( $, .STERADIAN. ) SOLID_ANGLE_UNIT ( ) );
#3116 = DIRECTION ( 'NONE',  ( 1.000000000000000000, -0.000000000000000000, 0.000000000000000000 ) ) ;
#3117 = MECHANICAL_DESIGN_GEOMETRIC_PRESENTATION_REPRESENTATION (  '', ( #5055 ), #5460 ) ;
#3118 = EDGE_CURVE ( 'NONE', #5176, #360, #3455, .T. ) ;
#3119 = ORIENTED_EDGE ( 'NONE', *, *, #4715, .T. ) ;
#3120 = ADVANCED_FACE ( 'NONE', ( #3847 ), #861, .T. ) ;
#3121 = STYLED_ITEM ( 'NONE', ( #6145 ), #4058 ) ;
#3122 = FILL_AREA_STYLE_COLOUR ( '', #4962 ) ;
#3123 = VECTOR ( 'NONE', #4643, 1000.000000000000114 ) ;
#3124 =( LENGTH_UNIT ( ) NAMED_UNIT ( * ) SI_UNIT ( .MILLI., .METRE. ) );
#3125 =( LENGTH_UNIT ( ) NAMED_UNIT ( * ) SI_UNIT ( .MILLI., .METRE. ) );
#3126 = ADVANCED_FACE ( 'NONE', ( #3090 ), #2611, .T. ) ;
#3127 = CARTESIAN_POINT ( 'NONE',  ( -2.745000000000000995, -335652.5486902103294, 41215.18319354090636 ) ) ;
#3128 = ORIENTED_EDGE ( 'NONE', *, *, #2695, .T. ) ;
#3129 =( NAMED_UNIT ( * ) PLANE_ANGLE_UNIT ( ) SI_UNIT ( $, .RADIAN. ) );
#3130 = AXIS2_PLACEMENT_3D ( 'NONE', #5291, #4307, #2811 ) ;
#3131 = AXIS2_PLACEMENT_3D ( 'NONE', #977, #885, #945 ) ;
#3132 = VERTEX_POINT ( 'NONE', #270 ) ;
#3133 = DIRECTION ( 'NONE',  ( 1.000000000000000000, 0.000000000000000000, 0.000000000000000000 ) ) ;
#3134 = DIRECTION ( 'NONE',  ( -1.000000000000000000, 0.000000000000000000, 0.000000000000000000 ) ) ;
#3135 =( NAMED_UNIT ( * ) SI_UNIT ( $, .STERADIAN. ) SOLID_ANGLE_UNIT ( ) );
#3136 = PLANE ( 'NONE',  #2382 ) ;
#3137 = DIRECTION ( 'NONE',  ( 0.000000000000000000, 0.000000000000000000, -1.000000000000000000 ) ) ;
#3138 = DIRECTION ( 'NONE',  ( 0.000000000000000000, -1.224646799147353700E-16, 1.000000000000000000 ) ) ;
#3139 = VERTEX_POINT ( 'NONE', #2080 ) ;
#3140 = PRESENTATION_STYLE_ASSIGNMENT (( #5552 ) ) ;
#3141 = ORIENTED_EDGE ( 'NONE', *, *, #2377, .F. ) ;
#3142 = DIRECTION ( 'NONE',  ( 0.000000000000000000, -0.1391731009600658264, 0.9902680687415702510 ) ) ;
#3143 =( NAMED_UNIT ( * ) SI_UNIT ( $, .STERADIAN. ) SOLID_ANGLE_UNIT ( ) );
#3144 = ORIENTED_EDGE ( 'NONE', *, *, #876, .T. ) ;
#3145 = FILL_AREA_STYLE_COLOUR ( '', #5157 ) ;
#3146 =( NAMED_UNIT ( * ) SI_UNIT ( $, .STERADIAN. ) SOLID_ANGLE_UNIT ( ) );
#3147 = SURFACE_SIDE_STYLE ('',( #1212 ) ) ;
#3148 =( GEOMETRIC_REPRESENTATION_CONTEXT ( 3 ) GLOBAL_UNCERTAINTY_ASSIGNED_CONTEXT ( ( #439 ) ) GLOBAL_UNIT_ASSIGNED_CONTEXT ( ( #6100, #4670, #323 ) ) REPRESENTATION_CONTEXT ( 'NONE', 'WORKASPACE' ) );
#3149 = EDGE_CURVE ( 'NONE', #354, #1708, #4977, .T. ) ;
#3150 = EDGE_LOOP ( 'NONE', ( #5685, #5870, #705, #3560 ) ) ;
#3151 = DIRECTION ( 'NONE',  ( 0.000000000000000000, -0.1391731009600658264, 0.9902680687415702510 ) ) ;
#3152 = PRESENTATION_LAYER_ASSIGNMENT (  '', '', ( #2541 ) ) ;
#3153 = DIRECTION ( 'NONE',  ( 0.000000000000000000, -0.1391731009600658264, 0.9902680687415702510 ) ) ;
#3154 = EDGE_LOOP ( 'NONE', ( #6176, #1867, #5940, #2846 ) ) ;
#3155 = DIRECTION ( 'NONE',  ( 0.000000000000000000, -1.224646799147353700E-16, 1.000000000000000000 ) ) ;
#3156 = EDGE_CURVE ( 'NONE', #629, #3187, #1640, .T. ) ;
#3157 = UNCERTAINTY_MEASURE_WITH_UNIT (LENGTH_MEASURE( 1.000000000000000082E-05 ), #5477, 'distance_accuracy_value', 'NONE');
#3158 = PRESENTATION_LAYER_ASSIGNMENT (  '', '', ( #933 ) ) ;
#3159 = ORIENTED_EDGE ( 'NONE', *, *, #2125, .F. ) ;
#3160 = DIRECTION ( 'NONE',  ( 0.000000000000000000, 0.000000000000000000, -1.000000000000000000 ) ) ;
#3161 = DIRECTION ( 'NONE',  ( 0.000000000000000000, -0.1391731009600658264, 0.9902680687415702510 ) ) ;
#3162 = PLANE ( 'NONE',  #6231 ) ;
#3163 = LINE ( 'NONE', #5076, #2087 ) ;
#3164 = VECTOR ( 'NONE', #2919, 1000.000000000000114 ) ;
#3165 = ORIENTED_EDGE ( 'NONE', *, *, #1079, .T. ) ;
#3166 = EDGE_CURVE ( 'NONE', #4958, #2445, #1112, .T. ) ;
#3167 = LINE ( 'NONE', #4209, #2881 ) ;
#3168 = CIRCLE ( 'NONE', #3060, 0.1375000000000000389 ) ;
#3169 = DIRECTION ( 'NONE',  ( 1.000000000000000000, 0.000000000000000000, 0.000000000000000000 ) ) ;
#3170 = CARTESIAN_POINT ( 'NONE',  ( -4.015000000000001457, -0.5382586940072542347, 2.298476529816184666 ) ) ;
#3171 = PRESENTATION_STYLE_ASSIGNMENT (( #2747 ) ) ;
#3172 = ORIENTED_EDGE ( 'NONE', *, *, #538, .T. ) ;
#3173 = EDGE_CURVE ( 'NONE', #5091, #2428, #630, .T. ) ;
#3174 = DIRECTION ( 'NONE',  ( 1.000000000000000000, -0.000000000000000000, 0.000000000000000000 ) ) ;
#3175 = CARTESIAN_POINT ( 'NONE',  ( -2.745000000000000995, -0.5633515440308656252, -3.002177646465042926 ) ) ;
#3176 =( GEOMETRIC_REPRESENTATION_CONTEXT ( 3 ) GLOBAL_UNCERTAINTY_ASSIGNED_CONTEXT ( ( #2405 ) ) GLOBAL_UNIT_ASSIGNED_CONTEXT ( ( #340, #6115, #723 ) ) REPRESENTATION_CONTEXT ( 'NONE', 'WORKASPACE' ) );
#3177 = FILL_AREA_STYLE_COLOUR ( '', #3729 ) ;
#3178 = PLANE ( 'NONE',  #3472 ) ;
#3179 =( NAMED_UNIT ( * ) PLANE_ANGLE_UNIT ( ) SI_UNIT ( $, .RADIAN. ) );
#3180 = DIRECTION ( 'NONE',  ( -1.000000000000000000, -0.000000000000000000, -0.000000000000000000 ) ) ;
#3181 = VERTEX_POINT ( 'NONE', #2578 ) ;
#3182 = DIRECTION ( 'NONE',  ( 0.000000000000000000, -0.1391731009600658264, 0.9902680687415702510 ) ) ;
#3183 = SURFACE_SIDE_STYLE ('',( #1761 ) ) ;
#3184 = SHAPE_DEFINITION_REPRESENTATION ( #2411, #2227 ) ;
#3185 = CARTESIAN_POINT ( 'NONE',  ( -4.015000000000001457, -0.6499999999718397703, 2.989999999840620148 ) ) ;
#3186 = DIRECTION ( 'NONE',  ( 0.000000000000000000, 0.1391731009600654934, 0.9902680687415702510 ) ) ;
#3187 = VERTEX_POINT ( 'NONE', #4525 ) ;
#3188 = SURFACE_STYLE_FILL_AREA ( #3286 ) ;
#3189 = VERTEX_POINT ( 'NONE', #4136 ) ;
#3190 = FACE_OUTER_BOUND ( 'NONE', #2388, .T. ) ;
#3191 = ADVANCED_FACE ( 'NONE', ( #2548 ), #6017, .T. ) ;
#3192 = PLANE ( 'NONE',  #4235 ) ;
#3193 = FILL_AREA_STYLE ('',( #4109 ) ) ;
#3194 = SURFACE_SIDE_STYLE ('',( #2203 ) ) ;
#3195 = PRESENTATION_LAYER_ASSIGNMENT (  '', '', ( #5221 ) ) ;
#3196 =( NAMED_UNIT ( * ) SI_UNIT ( $, .STERADIAN. ) SOLID_ANGLE_UNIT ( ) );
#3197 = ORIENTED_EDGE ( 'NONE', *, *, #3207, .T. ) ;
#3198 = COLOUR_RGB ( '',1.000000000000000000, 1.000000000000000000, 1.000000000000000000 ) ;
#3199 = EDGE_CURVE ( 'NONE', #4234, #2445, #4588, .T. ) ;
#3200 = CARTESIAN_POINT ( 'NONE',  ( 3.604999999999999094, -335652.5273630752345, 41215.35688911744364 ) ) ;
#3201 = CIRCLE ( 'NONE', #3304, 0.1375000000000000389 ) ;
#3202 = FILL_AREA_STYLE ('',( #4247 ) ) ;
#3203 = FACE_OUTER_BOUND ( 'NONE', #5691, .T. ) ;
#3204 = ORIENTED_EDGE ( 'NONE', *, *, #956, .F. ) ;
#3206 = SURFACE_STYLE_FILL_AREA ( #4116 ) ;
#3205 = STYLED_ITEM ( 'NONE', ( #5756 ), #3120 ) ;
#3207 = EDGE_CURVE ( 'NONE', #1825, #4115, #909, .T. ) ;
#3208 = CARTESIAN_POINT ( 'NONE',  ( -4.015000000000001457, -0.04999999999999946154, -2.276307518992031209 ) ) ;
#3209 = ORIENTED_EDGE ( 'NONE', *, *, #2262, .F. ) ;
#3210 = STYLED_ITEM ( 'NONE', ( #3920 ), #3443 ) ;
#3211 = CARTESIAN_POINT ( 'NONE',  ( 2.334999999999999520, 49479.30106375052128, 352064.5269506160403 ) ) ;
#3212 = EDGE_CURVE ( 'NONE', #235, #5257, #4199, .T. ) ;
#3213 = CARTESIAN_POINT ( 'NONE',  ( -2.745000000000000995, -335652.5273630752345, 41215.35688911744364 ) ) ;
#3214 = CARTESIAN_POINT ( 'NONE',  ( -2.335000000000001297, -60775.64126304931415, 432440.1514247114537 ) ) ;
#3215 =( GEOMETRIC_REPRESENTATION_CONTEXT ( 3 ) GLOBAL_UNCERTAINTY_ASSIGNED_CONTEXT ( ( #2266 ) ) GLOBAL_UNIT_ASSIGNED_CONTEXT ( ( #5474, #2569, #4254 ) ) REPRESENTATION_CONTEXT ( 'NONE', 'WORKASPACE' ) );
#3216 = ORIENTED_EDGE ( 'NONE', *, *, #3350, .T. ) ;
#3217 = COLOUR_RGB ( '',1.000000000000000000, 1.000000000000000000, 1.000000000000000000 ) ;
#3218 = SURFACE_STYLE_USAGE ( .BOTH. , #5123 ) ;
#3219 = AXIS2_PLACEMENT_3D ( 'NONE', #1580, #3520, #1923 ) ;
#3220 = FILL_AREA_STYLE ('',( #2759 ) ) ;
#3221 = FACE_OUTER_BOUND ( 'NONE', #3887, .T. ) ;
#3222 = DIRECTION ( 'NONE',  ( 1.000000000000000000, 0.000000000000000000, 0.000000000000000000 ) ) ;
#3223 = AXIS2_PLACEMENT_3D ( 'NONE', #5887, #1022, #34 ) ;
#3224 = EDGE_LOOP ( 'NONE', ( #2017, #3011, #1234, #6241 ) ) ;
#3225 = LINE ( 'NONE', #3257, #5037 ) ;
#3226 = VECTOR ( 'NONE', #3133, 1000.000000000000000 ) ;
#3227 = VECTOR ( 'NONE', #5727, 1000.000000000000000 ) ;
#3228 = ORIENTED_EDGE ( 'NONE', *, *, #5348, .F. ) ;
#3229 = VECTOR ( 'NONE', #5384, 1000.000000000000114 ) ;
#3230 = SURFACE_STYLE_FILL_AREA ( #1738 ) ;
#3231 = SURFACE_SIDE_STYLE ('',( #1739 ) ) ;
#3232 = CARTESIAN_POINT ( 'NONE',  ( -0.2050000000000008760, -0.08749999997873590674, 2.243130321502917468 ) ) ;
#3233 = UNCERTAINTY_MEASURE_WITH_UNIT (LENGTH_MEASURE( 1.000000000000000082E-05 ), #1617, 'distance_accuracy_value', 'NONE');
#3234 = DIRECTION ( 'NONE',  ( 0.000000000000000000, 0.000000000000000000, 1.000000000000000000 ) ) ;
#3235 = EDGE_LOOP ( 'NONE', ( #2641, #5636, #2367, #5992 ) ) ;
#3236 = SURFACE_STYLE_USAGE ( .BOTH. , #1422 ) ;
#3237 = PRESENTATION_STYLE_ASSIGNMENT (( #4661 ) ) ;
#3238 = DIRECTION ( 'NONE',  ( 0.000000000000000000, 0.000000000000000000, -1.000000000000000000 ) ) ;
#3239 =( NAMED_UNIT ( * ) PLANE_ANGLE_UNIT ( ) SI_UNIT ( $, .RADIAN. ) );
#3240 = LINE ( 'NONE', #1778, #674 ) ;
#3241 = EDGE_LOOP ( 'NONE', ( #1346, #338, #3216, #3919 ) ) ;
#3242 = PRESENTATION_STYLE_ASSIGNMENT (( #318 ) ) ;
#3243 = CARTESIAN_POINT ( 'NONE',  ( -4.015000000000001457, -335652.5486902103294, 41215.18319354090636 ) ) ;
#3244 = EDGE_CURVE ( 'NONE', #235, #3788, #1250, .T. ) ;
#3245 = ORIENTED_EDGE ( 'NONE', *, *, #4156, .F. ) ;
#3246 = DIRECTION ( 'NONE',  ( 0.000000000000000000, 0.1391731009600654934, 0.9902680687415702510 ) ) ;
#3247 = EDGE_CURVE ( 'NONE', #4595, #5590, #4655, .T. ) ;
#3248 = DIRECTION ( 'NONE',  ( 0.000000000000000000, 0.1391731009600654934, 0.9902680687415702510 ) ) ;
#3249 = FILL_AREA_STYLE ('',( #2691 ) ) ;
#3250 = CARTESIAN_POINT ( 'NONE',  ( 3.604999999999999094, -60775.72791150532430, 432440.1392470651190 ) ) ;
#3251 = ORIENTED_EDGE ( 'NONE', *, *, #2039, .T. ) ;
#3252 = EDGE_CURVE ( 'NONE', #2854, #2290, #434, .T. ) ;
#3253 =( LENGTH_UNIT ( ) NAMED_UNIT ( * ) SI_UNIT ( .MILLI., .METRE. ) );
#3254 = DIRECTION ( 'NONE',  ( 1.000000000000000000, 0.000000000000000000, 0.000000000000000000 ) ) ;
#3255 = CARTESIAN_POINT ( 'NONE',  ( -0.2050000000000008760, -0.6576635190118217400, 2.415815324389956498 ) ) ;
#3256 = ORIENTED_EDGE ( 'NONE', *, *, #1854, .F. ) ;
#3257 = CARTESIAN_POINT ( 'NONE',  ( -2.745000000000000995, -0.6576635190118217400, 2.415815324389956498 ) ) ;
#3258 = EDGE_LOOP ( 'NONE', ( #2523, #2441, #3516, #2285 ) ) ;
#3259 =( NAMED_UNIT ( * ) SI_UNIT ( $, .STERADIAN. ) SOLID_ANGLE_UNIT ( ) );
#3260 = LINE ( 'NONE', #3672, #3612 ) ;
#3261 = SURFACE_SIDE_STYLE ('',( #4687 ) ) ;
#3262 = VECTOR ( 'NONE', #4103, 1000.000000000000000 ) ;
#3263 = DIRECTION ( 'NONE',  ( 1.000000000000000000, 0.000000000000000000, 0.000000000000000000 ) ) ;
#3264 = EDGE_LOOP ( 'NONE', ( #2716, #4128, #5112, #1281 ) ) ;
#3265 = DIRECTION ( 'NONE',  ( 0.000000000000000000, -1.224646799147353700E-16, 1.000000000000000000 ) ) ;
#3266 = PLANE ( 'NONE',  #1091 ) ;
#3267 = AXIS2_PLACEMENT_3D ( 'NONE', #2510, #1101, #149 ) ;
#3268 =( NAMED_UNIT ( * ) PLANE_ANGLE_UNIT ( ) SI_UNIT ( $, .RADIAN. ) );
#3269 = CARTESIAN_POINT ( 'NONE',  ( 1.064999999999999059, -0.05000000000000001665, 2.276307518992031209 ) ) ;
#3270 = ORIENTED_EDGE ( 'NONE', *, *, #5182, .F. ) ;
#3271 = SURFACE_SIDE_STYLE ('',( #2963 ) ) ;
#3272 = ORIENTED_EDGE ( 'NONE', *, *, #5897, .T. ) ;
#3273 = CIRCLE ( 'NONE', #842, 0.1375000000000000389 ) ;
#3274 = FILL_AREA_STYLE ('',( #836 ) ) ;
#3275 = EDGE_CURVE ( 'NONE', #4872, #1137, #1830, .T. ) ;
#3276 = LINE ( 'NONE', #4734, #889 ) ;
#3277 =( GEOMETRIC_REPRESENTATION_CONTEXT ( 3 ) GLOBAL_UNCERTAINTY_ASSIGNED_CONTEXT ( ( #4825 ) ) GLOBAL_UNIT_ASSIGNED_CONTEXT ( ( #4456, #2437, #1906 ) ) REPRESENTATION_CONTEXT ( 'NONE', 'WORKASPACE' ) );
#3278 = DIRECTION ( 'NONE',  ( 0.000000000000000000, 0.000000000000000000, -1.000000000000000000 ) ) ;
#3279 = SURFACE_STYLE_FILL_AREA ( #2283 ) ;
#3280 = ORIENTED_EDGE ( 'NONE', *, *, #3244, .T. ) ;
#3281 = MECHANICAL_DESIGN_GEOMETRIC_PRESENTATION_REPRESENTATION (  '', ( #4698 ), #4596 ) ;
#3282 = CARTESIAN_POINT ( 'NONE',  ( 4.014999999999999680, -0.6576635190118217400, 2.415815324389956498 ) ) ;
#3283 = DIRECTION ( 'NONE',  ( -1.000000000000000000, 0.000000000000000000, 0.000000000000000000 ) ) ;
#3284 =( NAMED_UNIT ( * ) SI_UNIT ( $, .STERADIAN. ) SOLID_ANGLE_UNIT ( ) );
#3285 = ORIENTED_EDGE ( 'NONE', *, *, #1116, .T. ) ;
#3286 = FILL_AREA_STYLE ('',( #1345 ) ) ;
#3287 = EDGE_CURVE ( 'NONE', #2865, #5166, #3225, .T. ) ;
#3288 =( GEOMETRIC_REPRESENTATION_CONTEXT ( 3 ) GLOBAL_UNCERTAINTY_ASSIGNED_CONTEXT ( ( #304 ) ) GLOBAL_UNIT_ASSIGNED_CONTEXT ( ( #5994, #3525, #2085 ) ) REPRESENTATION_CONTEXT ( 'NONE', 'WORKASPACE' ) );
#3289 = ORIENTED_EDGE ( 'NONE', *, *, #333, .F. ) ;
#3290 = SURFACE_SIDE_STYLE ('',( #1347 ) ) ;
#3291 = MECHANICAL_DESIGN_GEOMETRIC_PRESENTATION_REPRESENTATION (  '', ( #3598 ), #558 ) ;
#3292 = DIRECTION ( 'NONE',  ( 0.000000000000000000, 0.9902680687415703620, -0.1391731009600655211 ) ) ;
#3293 = ORIENTED_EDGE ( 'NONE', *, *, #2676, .T. ) ;
#3294 = MECHANICAL_DESIGN_GEOMETRIC_PRESENTATION_REPRESENTATION (  '', ( #2074 ), #2574 ) ;
#3295 = VECTOR ( 'NONE', #2658, 1000.000000000000114 ) ;
#3296 = DIRECTION ( 'NONE',  ( 0.000000000000000000, 0.000000000000000000, -1.000000000000000000 ) ) ;
#3297 = LINE ( 'NONE', #5204, #5950 ) ;
#3298 = CARTESIAN_POINT ( 'NONE',  ( 2.334999999999999520, -0.08750000005684341331, 400000.0000000000000 ) ) ;
#3299 = STYLED_ITEM ( 'NONE', ( #515 ), #1583 ) ;
#3300 = EDGE_LOOP ( 'NONE', ( #2623, #4631, #1035, #5194 ) ) ;
#3301 = DIRECTION ( 'NONE',  ( 1.000000000000000000, 0.000000000000000000, 0.000000000000000000 ) ) ;
#3302 = SURFACE_STYLE_USAGE ( .BOTH. , #1899 ) ;
#3303 = EDGE_LOOP ( 'NONE', ( #6047, #4047, #3735, #5795 ) ) ;
#3304 = AXIS2_PLACEMENT_3D ( 'NONE', #828, #4694, #5724 ) ;
#3305 = MECHANICAL_DESIGN_GEOMETRIC_PRESENTATION_REPRESENTATION (  '', ( #76 ), #2581 ) ;
#3306 = DIRECTION ( 'NONE',  ( 1.000000000000000000, -0.000000000000000000, 0.000000000000000000 ) ) ;
#3307 = PRESENTATION_LAYER_ASSIGNMENT (  '', '', ( #6041 ) ) ;
#3308 = PRESENTATION_LAYER_ASSIGNMENT (  '', '', ( #3521 ) ) ;
#3309 = ORIENTED_EDGE ( 'NONE', *, *, #1809, .T. ) ;
#3310 = CARTESIAN_POINT ( 'NONE',  ( -2.745000000000000995, -0.5215016595598557236, 2.434951625771963890 ) ) ;
#3311 = DIRECTION ( 'NONE',  ( 0.000000000000000000, 0.9925461516413218721, 0.1218693434051480867 ) ) ;
#3312 = CARTESIAN_POINT ( 'NONE',  ( -2.335000000000001297, -0.6499999999718397703, 2.989999999840620148 ) ) ;
#3313 = COLOUR_RGB ( '',1.000000000000000000, 1.000000000000000000, 1.000000000000000000 ) ;
#3314 = CARTESIAN_POINT ( 'NONE',  ( -3.605000000000000870, -0.03324296520190728188, -2.412782614818809179 ) ) ;
#3315 = DIRECTION ( 'NONE',  ( 0.000000000000000000, 0.000000000000000000, -1.000000000000000000 ) ) ;
#3316 = ORIENTED_EDGE ( 'NONE', *, *, #1947, .F. ) ;
#3317 = DIRECTION ( 'NONE',  ( -0.000000000000000000, 0.9902680687415702510, 0.1391731009600658264 ) ) ;
#3318 = CIRCLE ( 'NONE', #4842, 0.1375000000000000389 ) ;
#3319 = ADVANCED_FACE ( 'NONE', ( #5637 ), #1282, .T. ) ;
#3320 = STYLED_ITEM ( 'NONE', ( #6199 ), #5803 ) ;
#3321 = ORIENTED_EDGE ( 'NONE', *, *, #5966, .F. ) ;
#3322 = EDGE_CURVE ( 'NONE', #1773, #4278, #4680, .T. ) ;
#3323 = PRESENTATION_LAYER_ASSIGNMENT (  '', '', ( #1898 ) ) ;
#3324 = MECHANICAL_DESIGN_GEOMETRIC_PRESENTATION_REPRESENTATION (  '', ( #4543 ), #2195 ) ;
#3325 = CARTESIAN_POINT ( 'NONE',  ( -2.745000000000000995, -60775.81455996134173, 432440.1270694187842 ) ) ;
#3326 = CARTESIAN_POINT ( 'NONE',  ( 0.2049999999999993494, -0.5633515440308656252, -3.002177646465042926 ) ) ;
#3327 = CIRCLE ( 'NONE', #2001, 0.1375000000000000389 ) ;
#3328 = SURFACE_STYLE_USAGE ( .BOTH. , #6180 ) ;
#3329 = EDGE_LOOP ( 'NONE', ( #1315, #5003, #4768, #3070 ) ) ;
#3330 =( NAMED_UNIT ( * ) SI_UNIT ( $, .STERADIAN. ) SOLID_ANGLE_UNIT ( ) );
#3331 = STYLED_ITEM ( 'NONE', ( #4956 ), #3949 ) ;
#3332 = CARTESIAN_POINT ( 'NONE',  ( 3.604999999999999094, -0.5633515440308656252, -3.002177646465042926 ) ) ;
#3333 = FACE_OUTER_BOUND ( 'NONE', #4305, .T. ) ;
#3334 = CARTESIAN_POINT ( 'NONE',  ( 0.2049999999999991274, -0.08750000000785781995, 2.243130321517128323 ) ) ;
#3335 =( LENGTH_UNIT ( ) NAMED_UNIT ( * ) SI_UNIT ( .MILLI., .METRE. ) );
#3336 = VERTEX_POINT ( 'NONE', #336 ) ;
#3337 = DIRECTION ( 'NONE',  ( 0.000000000000000000, 0.1218693434051481006, -0.9925461516413219831 ) ) ;
#3338 =( NAMED_UNIT ( * ) PLANE_ANGLE_UNIT ( ) SI_UNIT ( $, .RADIAN. ) );
#3339 = ORIENTED_EDGE ( 'NONE', *, *, #740, .T. ) ;
#3340 = DIRECTION ( 'NONE',  ( 0.000000000000000000, -0.9925461516413218721, 0.1218693434051480867 ) ) ;
#3341 = PLANE ( 'NONE',  #1433 ) ;
#3342 = FACE_OUTER_BOUND ( 'NONE', #3078, .T. ) ;
#3343 = DIRECTION ( 'NONE',  ( 1.000000000000000000, -0.000000000000000000, 0.000000000000000000 ) ) ;
#3344 =( NAMED_UNIT ( * ) PLANE_ANGLE_UNIT ( ) SI_UNIT ( $, .RADIAN. ) );
#3345 = CARTESIAN_POINT ( 'NONE',  ( 2.744999999999999218, -0.6576635190118217400, 2.415815324389956498 ) ) ;
#3346 = CARTESIAN_POINT ( 'NONE',  ( -2.335000000000001297, -335652.5486902103294, 41215.18319354090636 ) ) ;
#3347 = DIRECTION ( 'NONE',  ( 1.000000000000000000, 0.000000000000000000, 0.000000000000000000 ) ) ;
#3348 = EDGE_LOOP ( 'NONE', ( #1066, #2119, #5227, #2115 ) ) ;
#3349 = PRESENTATION_STYLE_ASSIGNMENT (( #1942 ) ) ;
#3350 = EDGE_CURVE ( 'NONE', #863, #4391, #1694, .T. ) ;
#3351 = VERTEX_POINT ( 'NONE', #5253 ) ;
#3352 = CARTESIAN_POINT ( 'NONE',  ( -2.745000000000000995, -0.5633515440308656252, -3.002177646465042926 ) ) ;
#3353 = ADVANCED_FACE ( 'NONE', ( #367 ), #3767, .F. ) ;
#3354 =( NAMED_UNIT ( * ) SI_UNIT ( $, .STERADIAN. ) SOLID_ANGLE_UNIT ( ) );
#3355 = PRESENTATION_STYLE_ASSIGNMENT (( #4816 ) ) ;
#3356 = CARTESIAN_POINT ( 'NONE',  ( 1.474999999999999423, -0.08749999997803570295, -2.243130321559760887 ) ) ;
#3357 = UNCERTAINTY_MEASURE_WITH_UNIT (LENGTH_MEASURE( 1.000000000000000082E-05 ), #2030, 'distance_accuracy_value', 'NONE');
#3358 = ORIENTED_EDGE ( 'NONE', *, *, #4208, .F. ) ;
#3359 = CARTESIAN_POINT ( 'NONE',  ( 3.604999999999999094, -335652.5486902103294, 41215.18319354090636 ) ) ;
#3360 = SURFACE_STYLE_USAGE ( .BOTH. , #1424 ) ;
#3361 = CARTESIAN_POINT ( 'NONE',  ( -1.475000000000000977, -238883.7691232077195, -29333.64739951598312 ) ) ;
#3362 = CARTESIAN_POINT ( 'NONE',  ( 1.474999999999999423, -0.03324296520190728188, -2.412782614818809179 ) ) ;
#3363 = CARTESIAN_POINT ( 'NONE',  ( -4.015000000000001457, -0.6499999999718397703, 2.989999999840620148 ) ) ;
#3364 = PLANE ( 'NONE',  #1559 ) ;
#3365 = ORIENTED_EDGE ( 'NONE', *, *, #2331, .F. ) ;
#3366 = CARTESIAN_POINT ( 'NONE',  ( -1.475000000000000977, -0.6499999999718397703, 2.989999999840620148 ) ) ;
#3367 =( NAMED_UNIT ( * ) PLANE_ANGLE_UNIT ( ) SI_UNIT ( $, .RADIAN. ) );
#3368 = EDGE_CURVE ( 'NONE', #1357, #4814, #3384, .T. ) ;
#3369 = EDGE_LOOP ( 'NONE', ( #5499, #5775, #5840, #2313 ) ) ;
#3370 = CIRCLE ( 'NONE', #1335, 0.1375000000000000389 ) ;
#3371 =( LENGTH_UNIT ( ) NAMED_UNIT ( * ) SI_UNIT ( .MILLI., .METRE. ) );
#3372 = ADVANCED_FACE ( 'NONE', ( #1444 ), #969, .T. ) ;
#3373 = DIRECTION ( 'NONE',  ( -0.000000000000000000, 0.9902680687415702510, 0.1391731009600658264 ) ) ;
#3374 = EDGE_CURVE ( 'NONE', #5679, #303, #1488, .T. ) ;
#3375 = DIRECTION ( 'NONE',  ( 0.000000000000000000, 0.000000000000000000, -1.000000000000000000 ) ) ;
#3376 =( GEOMETRIC_REPRESENTATION_CONTEXT ( 3 ) GLOBAL_UNCERTAINTY_ASSIGNED_CONTEXT ( ( #1519 ) ) GLOBAL_UNIT_ASSIGNED_CONTEXT ( ( #4009, #4479, #4963 ) ) REPRESENTATION_CONTEXT ( 'NONE', 'WORKASPACE' ) );
#3377 = VECTOR ( 'NONE', #915, 1000.000000000000114 ) ;
#3378 = DIRECTION ( 'NONE',  ( 0.000000000000000000, 0.000000000000000000, -1.000000000000000000 ) ) ;
#3379 = PLANE ( 'NONE',  #4120 ) ;
#3380 = DIRECTION ( 'NONE',  ( 1.000000000000000000, 0.000000000000000000, 0.000000000000000000 ) ) ;
#3381 =( NAMED_UNIT ( * ) SI_UNIT ( $, .STERADIAN. ) SOLID_ANGLE_UNIT ( ) );
#3382 =( NAMED_UNIT ( * ) PLANE_ANGLE_UNIT ( ) SI_UNIT ( $, .RADIAN. ) );
#3383 = ORIENTED_EDGE ( 'NONE', *, *, #73, .T. ) ;
#3384 = LINE ( 'NONE', #4392, #6048 ) ;
#3385 = ORIENTED_EDGE ( 'NONE', *, *, #3069, .F. ) ;
#3386 = CARTESIAN_POINT ( 'NONE',  ( 1.474999999999999423, -0.08750000000785781995, 2.243130321517128323 ) ) ;
#3387 =( NAMED_UNIT ( * ) PLANE_ANGLE_UNIT ( ) SI_UNIT ( $, .RADIAN. ) );
#3388 = PRESENTATION_LAYER_ASSIGNMENT (  '', '', ( #2258 ) ) ;
#3389 = DIRECTION ( 'NONE',  ( 0.000000000000000000, 0.1391731009600654934, 0.9902680687415702510 ) ) ;
#3390 = CARTESIAN_POINT ( 'NONE',  ( -4.015000000000001457, -0.6576635190569390943, -2.415815324525283359 ) ) ;
#3391 = STYLED_ITEM ( 'NONE', ( #3407 ), #414 ) ;
#3392 = VERTEX_POINT ( 'NONE', #2422 ) ;
#3393 =( GEOMETRIC_REPRESENTATION_CONTEXT ( 3 ) GLOBAL_UNCERTAINTY_ASSIGNED_CONTEXT ( ( #4164 ) ) GLOBAL_UNIT_ASSIGNED_CONTEXT ( ( #2616, #1673, #3135 ) ) REPRESENTATION_CONTEXT ( 'NONE', 'WORKASPACE' ) );
#3394 = CARTESIAN_POINT ( 'NONE',  ( -1.065000000000000835, -0.5633515440308656252, -3.002177646465042926 ) ) ;
#3395 = CARTESIAN_POINT ( 'NONE',  ( -0.2050000000000008760, -0.4883712799141903815, -2.468665345094933627 ) ) ;
#3396 = LINE ( 'NONE', #4823, #2160 ) ;
#3397 = DIRECTION ( 'NONE',  ( 1.000000000000000000, 0.000000000000000000, 0.000000000000000000 ) ) ;
#3398 = FACE_OUTER_BOUND ( 'NONE', #3369, .T. ) ;
#3399 = PRESENTATION_STYLE_ASSIGNMENT (( #4889 ) ) ;
#3400 = STYLED_ITEM ( 'NONE', ( #3923 ), #6226 ) ;
#3401 = DIRECTION ( 'NONE',  ( 1.000000000000000000, 0.000000000000000000, 0.000000000000000000 ) ) ;
#3402 = ORIENTED_EDGE ( 'NONE', *, *, #4988, .T. ) ;
#3403 = EDGE_CURVE ( 'NONE', #5392, #2591, #53, .T. ) ;
#3404 = SURFACE_SIDE_STYLE ('',( #4414 ) ) ;
#3405 = AXIS2_PLACEMENT_3D ( 'NONE', #295, #5529, #234 ) ;
#3406 = EDGE_CURVE ( 'NONE', #2660, #2207, #3477, .T. ) ;
#3407 = PRESENTATION_STYLE_ASSIGNMENT (( #520 ) ) ;
#3408 = FACE_OUTER_BOUND ( 'NONE', #4018, .T. ) ;
#3409 = FACE_OUTER_BOUND ( 'NONE', #5452, .T. ) ;
#3410 = VECTOR ( 'NONE', #3474, 1000.000000000000000 ) ;
#3411 = ORIENTED_EDGE ( 'NONE', *, *, #5824, .F. ) ;
#3412 = VECTOR ( 'NONE', #5378, 1000.000000000000000 ) ;
#3413 = DIRECTION ( 'NONE',  ( 0.000000000000000000, 0.9961946980917455452, 0.08715574274765836016 ) ) ;
#3414 = CARTESIAN_POINT ( 'NONE',  ( -2.745000000000000995, -0.7366484559696573342, 2.977822353386727627 ) ) ;
#3415 = MECHANICAL_DESIGN_GEOMETRIC_PRESENTATION_REPRESENTATION (  '', ( #976 ), #263 ) ;
#3416 = SURFACE_STYLE_USAGE ( .BOTH. , #1442 ) ;
#3417 = EDGE_LOOP ( 'NONE', ( #5272, #378, #1438, #1453 ) ) ;
#3418 = PRESENTATION_LAYER_ASSIGNMENT (  '', '', ( #6139 ) ) ;
#3419 = EDGE_LOOP ( 'NONE', ( #3159, #4759, #3855, #1275 ) ) ;
#3420 = VECTOR ( 'NONE', #5531, 1000.000000000000000 ) ;
#3421 = CARTESIAN_POINT ( 'NONE',  ( -4.015000000000001457, -60775.72791150532430, 432440.1392470651190 ) ) ;
#3422 = DIRECTION ( 'NONE',  ( -0.000000000000000000, 0.9902680687415702510, 0.1391731009600658264 ) ) ;
#3423 = DIRECTION ( 'NONE',  ( -0.000000000000000000, 0.1218693434051481006, 0.9925461516413219831 ) ) ;
#3424 =( NAMED_UNIT ( * ) SI_UNIT ( $, .STERADIAN. ) SOLID_ANGLE_UNIT ( ) );
#3425 = UNCERTAINTY_MEASURE_WITH_UNIT (LENGTH_MEASURE( 1.000000000000000082E-05 ), #2597, 'distance_accuracy_value', 'NONE');
#3426 = CARTESIAN_POINT ( 'NONE',  ( 2.744999999999999662, -0.6576635190569390943, -2.415815324525283359 ) ) ;
#3427 = STYLED_ITEM ( 'NONE', ( #549 ), #3594 ) ;
#3428 = ORIENTED_EDGE ( 'NONE', *, *, #5382, .T. ) ;
#3430 = DIRECTION ( 'NONE',  ( 0.000000000000000000, -0.1391731009600658264, 0.9902680687415702510 ) ) ;
#3429 = COLOUR_RGB ( '',1.000000000000000000, 1.000000000000000000, 1.000000000000000000 ) ;
#3431 = MECHANICAL_DESIGN_GEOMETRIC_PRESENTATION_REPRESENTATION (  '', ( #3014 ), #276 ) ;
#3432 = SURFACE_STYLE_FILL_AREA ( #1486 ) ;
#3433 =( GEOMETRIC_REPRESENTATION_CONTEXT ( 3 ) GLOBAL_UNCERTAINTY_ASSIGNED_CONTEXT ( ( #1320 ) ) GLOBAL_UNIT_ASSIGNED_CONTEXT ( ( #483, #3367, #39 ) ) REPRESENTATION_CONTEXT ( 'NONE', 'WORKASPACE' ) );
#3434 = CARTESIAN_POINT ( 'NONE',  ( 2.334999999999999520, -0.03324296518320021127, -2.412782614830607297 ) ) ;
#3435 = DIRECTION ( 'NONE',  ( 1.000000000000000000, 0.000000000000000000, 0.000000000000000000 ) ) ;
#3436 = LINE ( 'NONE', #5793, #5330 ) ;
#3437 =( GEOMETRIC_REPRESENTATION_CONTEXT ( 3 ) GLOBAL_UNCERTAINTY_ASSIGNED_CONTEXT ( ( #5645 ) ) GLOBAL_UNIT_ASSIGNED_CONTEXT ( ( #196, #4000, #3062 ) ) REPRESENTATION_CONTEXT ( 'NONE', 'WORKASPACE' ) );
#3438 = PLANE ( 'NONE',  #694 ) ;
#3439 = VECTOR ( 'NONE', #3343, 1000.000000000000000 ) ;
#3440 = ORIENTED_EDGE ( 'NONE', *, *, #4781, .F. ) ;
#3441 = AXIS2_PLACEMENT_3D ( 'NONE', #1166, #3938, #4535 ) ;
#3442 = MECHANICAL_DESIGN_GEOMETRIC_PRESENTATION_REPRESENTATION (  '', ( #2607 ), #797 ) ;
#3443 = ADVANCED_FACE ( 'NONE', ( #5871 ), #4297, .T. ) ;
#3444 = VECTOR ( 'NONE', #1866, 1000.000000000000000 ) ;
#3445 = SURFACE_SIDE_STYLE ('',( #4287 ) ) ;
#3446 = EDGE_CURVE ( 'NONE', #2545, #3351, #650, .T. ) ;
#3447 = LINE ( 'NONE', #2855, #1613 ) ;
#3448 = DIRECTION ( 'NONE',  ( 0.000000000000000000, 0.000000000000000000, -1.000000000000000000 ) ) ;
#3449 = ORIENTED_EDGE ( 'NONE', *, *, #1455, .F. ) ;
#3450 = EDGE_CURVE ( 'NONE', #4965, #4412, #3572, .T. ) ;
#3451 = VERTEX_POINT ( 'NONE', #1569 ) ;
#3452 = DIRECTION ( 'NONE',  ( 0.000000000000000000, -1.224646799147353700E-16, 1.000000000000000000 ) ) ;
#3453 = CARTESIAN_POINT ( 'NONE',  ( -4.015000000000001457, -0.7366484559696573342, 2.977822353386727627 ) ) ;
#3454 =( NAMED_UNIT ( * ) SI_UNIT ( $, .STERADIAN. ) SOLID_ANGLE_UNIT ( ) );
#3455 = LINE ( 'NONE', #6218, #3514 ) ;
#3456 = FILL_AREA_STYLE ('',( #2965 ) ) ;
#3457 = ORIENTED_EDGE ( 'NONE', *, *, #2896, .F. ) ;
#3458 =( LENGTH_UNIT ( ) NAMED_UNIT ( * ) SI_UNIT ( .MILLI., .METRE. ) );
#3459 = DIRECTION ( 'NONE',  ( -0.000000000000000000, 1.000000000000000000, -0.000000000000000000 ) ) ;
#3460 = CARTESIAN_POINT ( 'NONE',  ( -1.065000000000000835, -60775.64126304931415, 432440.1514247114537 ) ) ;
#3461 = AXIS2_PLACEMENT_3D ( 'NONE', #5860, #1435, #3375 ) ;
#3462 = VERTEX_POINT ( 'NONE', #1154 ) ;
#3463 = ADVANCED_FACE ( 'NONE', ( #1180 ), #1607, .T. ) ;
#3464 = VECTOR ( 'NONE', #2256, 1000.000000000000000 ) ;
#3465 =( NAMED_UNIT ( * ) SI_UNIT ( $, .STERADIAN. ) SOLID_ANGLE_UNIT ( ) );
#3466 = CARTESIAN_POINT ( 'NONE',  ( -4.015000000000001457, -0.6576635190118217400, 2.415815324389956498 ) ) ;
#3467 = FACE_OUTER_BOUND ( 'NONE', #220, .T. ) ;
#3468 = LINE ( 'NONE', #4458, #5459 ) ;
#3469 = AXIS2_PLACEMENT_3D ( 'NONE', #6236, #5869, #498 ) ;
#3470 = EDGE_CURVE ( 'NONE', #770, #4589, #5565, .T. ) ;
#3471 = PLANE ( 'NONE',  #2307 ) ;
#3472 = AXIS2_PLACEMENT_3D ( 'NONE', #1786, #1306, #5183 ) ;
#3473 = FILL_AREA_STYLE_COLOUR ( '', #5661 ) ;
#3474 = DIRECTION ( 'NONE',  ( 0.000000000000000000, -1.224646799147353700E-16, 1.000000000000000000 ) ) ;
#3475 = FILL_AREA_STYLE ('',( #2952 ) ) ;
#3476 = ORIENTED_EDGE ( 'NONE', *, *, #571, .T. ) ;
#3477 = LINE ( 'NONE', #4931, #3528 ) ;
#3478 = EDGE_LOOP ( 'NONE', ( #6131, #5718, #854, #5700 ) ) ;
#3479 = COLOUR_RGB ( '',1.000000000000000000, 1.000000000000000000, 1.000000000000000000 ) ;
#3480 = EDGE_CURVE ( 'NONE', #2875, #4703, #6039, .T. ) ;
#3481 =( NAMED_UNIT ( * ) PLANE_ANGLE_UNIT ( ) SI_UNIT ( $, .RADIAN. ) );
#3482 = SURFACE_SIDE_STYLE ('',( #4432 ) ) ;
#3483 = EDGE_CURVE ( 'NONE', #1917, #4595, #680, .T. ) ;
#3484 = DIRECTION ( 'NONE',  ( 1.000000000000000000, -0.000000000000000000, 0.000000000000000000 ) ) ;
#3485 = ORIENTED_EDGE ( 'NONE', *, *, #5292, .F. ) ;
#3486 = VECTOR ( 'NONE', #859, 1000.000000000000000 ) ;
#3487 = UNCERTAINTY_MEASURE_WITH_UNIT (LENGTH_MEASURE( 1.000000000000000082E-05 ), #5885, 'distance_accuracy_value', 'NONE');
#3488 = PRESENTATION_STYLE_ASSIGNMENT (( #102 ) ) ;
#3489 = EDGE_LOOP ( 'NONE', ( #5586, #1077, #4299, #1881, #6095, #2072, #1750, #4074, #1592, #4561, #1734, #1337, #1843, #2966, #5442, #4638 ) ) ;
#3490 =( NAMED_UNIT ( * ) PLANE_ANGLE_UNIT ( ) SI_UNIT ( $, .RADIAN. ) );
#3491 = DIRECTION ( 'NONE',  ( 1.000000000000000000, 0.000000000000000000, 0.000000000000000000 ) ) ;
#3492 = SURFACE_STYLE_USAGE ( .BOTH. , #1672 ) ;
#3493 =( NAMED_UNIT ( * ) PLANE_ANGLE_UNIT ( ) SI_UNIT ( $, .RADIAN. ) );
#3494 = CARTESIAN_POINT ( 'NONE',  ( 4.014999999999999680, -60775.81455996134173, 432440.1270694187842 ) ) ;
#3495 =( LENGTH_UNIT ( ) NAMED_UNIT ( * ) SI_UNIT ( .MILLI., .METRE. ) );
#3496 = UNCERTAINTY_MEASURE_WITH_UNIT (LENGTH_MEASURE( 1.000000000000000082E-05 ), #4557, 'distance_accuracy_value', 'NONE');
#3497 = DIRECTION ( 'NONE',  ( -0.000000000000000000, 0.9902680687415702510, 0.1391731009600658264 ) ) ;
#3498 = VERTEX_POINT ( 'NONE', #5985 ) ;
#3499 =( GEOMETRIC_REPRESENTATION_CONTEXT ( 3 ) GLOBAL_UNCERTAINTY_ASSIGNED_CONTEXT ( ( #4682 ) ) GLOBAL_UNIT_ASSIGNED_CONTEXT ( ( #2959, #2, #59 ) ) REPRESENTATION_CONTEXT ( 'NONE', 'WORKASPACE' ) );
#3500 = CARTESIAN_POINT ( 'NONE',  ( -1.475000000000000977, -0.4883712799141903815, -2.468665345094933627 ) ) ;
#3501 = SURFACE_SIDE_STYLE ('',( #145 ) ) ;
#3502 = FILL_AREA_STYLE_COLOUR ( '', #3928 ) ;
#3503 = STYLED_ITEM ( 'NONE', ( #1567 ), #1261 ) ;
#3504 = SURFACE_SIDE_STYLE ('',( #5470 ) ) ;
#3505 = CARTESIAN_POINT ( 'NONE',  ( 0.2049999999999993494, 49479.12776683849370, 352064.5513059087098 ) ) ;
#3506 = EDGE_LOOP ( 'NONE', ( #6018, #1960, #1020, #4315, #1327, #607, #5083, #1599, #23, #2819, #1562, #6187, #6222, #708, #1139, #2173 ) ) ;
#3507 = COLOUR_RGB ( '',1.000000000000000000, 1.000000000000000000, 1.000000000000000000 ) ;
#3508 = FILL_AREA_STYLE_COLOUR ( '', #1387 ) ;
#3509 =( GEOMETRIC_REPRESENTATION_CONTEXT ( 3 ) GLOBAL_UNCERTAINTY_ASSIGNED_CONTEXT ( ( #1835 ) ) GLOBAL_UNIT_ASSIGNED_CONTEXT ( ( #1808, #252, #3679 ) ) REPRESENTATION_CONTEXT ( 'NONE', 'WORKASPACE' ) );
#3510 = ORIENTED_EDGE ( 'NONE', *, *, #5445, .T. ) ;
#3511 = VECTOR ( 'NONE', #1296, 1000.000000000000000 ) ;
#3512 = DIRECTION ( 'NONE',  ( 0.000000000000000000, 0.9925461516413218721, 0.1218693434051480867 ) ) ;
#3513 = CARTESIAN_POINT ( 'NONE',  ( -3.605000000000000426, 49479.30106375052128, 352064.5269506160403 ) ) ;
#3514 = VECTOR ( 'NONE', #2821, 1000.000000000000227 ) ;
#3515 = LINE ( 'NONE', #3551, #4157 ) ;
#3516 = ORIENTED_EDGE ( 'NONE', *, *, #5223, .F. ) ;
#3517 = SURFACE_STYLE_FILL_AREA ( #2669 ) ;
#3518 = ADVANCED_FACE ( 'NONE', ( #2070 ), #4016, .T. ) ;
#3519 = ORIENTED_EDGE ( 'NONE', *, *, #1678, .T. ) ;
#3520 = DIRECTION ( 'NONE',  ( 1.000000000000000000, 0.000000000000000000, 0.000000000000000000 ) ) ;
#3521 = STYLED_ITEM ( 'NONE', ( #4024 ), #3126 ) ;
#3522 = EDGE_CURVE ( 'NONE', #2823, #4492, #1799, .T. ) ;
#3523 = LINE ( 'NONE', #5423, #3019 ) ;
#3524 = CARTESIAN_POINT ( 'NONE',  ( 1.064999999999999059, -0.5633515440308656252, -3.002177646465042926 ) ) ;
#3525 =( NAMED_UNIT ( * ) PLANE_ANGLE_UNIT ( ) SI_UNIT ( $, .RADIAN. ) );
#3526 = FILL_AREA_STYLE ('',( #199 ) ) ;
#3527 = SURFACE_STYLE_FILL_AREA ( #1622 ) ;
#3528 = VECTOR ( 'NONE', #593, 1000.000000000000000 ) ;
#3529 =( NAMED_UNIT ( * ) SI_UNIT ( $, .STERADIAN. ) SOLID_ANGLE_UNIT ( ) );
#3530 = ORIENTED_EDGE ( 'NONE', *, *, #3446, .T. ) ;
#3531 = VECTOR ( 'NONE', #5045, 1000.000000000000227 ) ;
#3532 = MECHANICAL_DESIGN_GEOMETRIC_PRESENTATION_REPRESENTATION (  '', ( #589 ), #1392 ) ;
#3533 = AXIS2_PLACEMENT_3D ( 'NONE', #5093, #2223, #2662 ) ;
#3534 = FILL_AREA_STYLE ('',( #2027 ) ) ;
#3535 = CARTESIAN_POINT ( 'NONE',  ( -2.745000000000000995, -0.5382586940072542347, 2.298476529816184666 ) ) ;
#3536 = PRESENTATION_LAYER_ASSIGNMENT (  '', '', ( #1294 ) ) ;
#3537 = DIRECTION ( 'NONE',  ( 1.000000000000000000, 0.000000000000000000, 0.000000000000000000 ) ) ;
#3538 = FACE_OUTER_BOUND ( 'NONE', #500, .T. ) ;
#3539 = MECHANICAL_DESIGN_GEOMETRIC_PRESENTATION_REPRESENTATION (  '', ( #5154 ), #1194 ) ;
#3540 = VECTOR ( 'NONE', #4337, 1000.000000000000000 ) ;
#3541 =( GEOMETRIC_REPRESENTATION_CONTEXT ( 3 ) GLOBAL_UNCERTAINTY_ASSIGNED_CONTEXT ( ( #3425 ) ) GLOBAL_UNIT_ASSIGNED_CONTEXT ( ( #2597, #4071, #2656 ) ) REPRESENTATION_CONTEXT ( 'NONE', 'WORKASPACE' ) );
#3542 = CARTESIAN_POINT ( 'NONE',  ( -4.015000000000001457, -0.03324296517348557245, 2.412782614754860333 ) ) ;
#3543 = LINE ( 'NONE', #3682, #669 ) ;
#3544 = DIRECTION ( 'NONE',  ( 0.000000000000000000, 0.9902680687415703620, -0.1391731009600655211 ) ) ;
#3545 = LINE ( 'NONE', #6009, #536 ) ;
#3546 = ORIENTED_EDGE ( 'NONE', *, *, #1514, .T. ) ;
#3547 = ORIENTED_EDGE ( 'NONE', *, *, #3446, .F. ) ;
#3548 = ADVANCED_FACE ( 'NONE', ( #2659 ), #3724, .F. ) ;
#3549 =( LENGTH_UNIT ( ) NAMED_UNIT ( * ) SI_UNIT ( .MILLI., .METRE. ) );
#3550 = EDGE_CURVE ( 'NONE', #1572, #2356, #839, .T. ) ;
#3551 = CARTESIAN_POINT ( 'NONE',  ( -0.2050000000000008760, -0.5382586942780623884, -2.298476529921281930 ) ) ;
#3552 = FILL_AREA_STYLE_COLOUR ( '', #3479 ) ;
#3553 = EDGE_LOOP ( 'NONE', ( #3547, #342, #6040, #1915 ) ) ;
#3554 = SURFACE_STYLE_USAGE ( .BOTH. , #5572 ) ;
#3555 = ORIENTED_EDGE ( 'NONE', *, *, #1108, .F. ) ;
#3556 = EDGE_CURVE ( 'NONE', #5571, #5115, #296, .T. ) ;
#3557 = CARTESIAN_POINT ( 'NONE',  ( -1.065000000000000835, 49479.21441529450385, 352064.5391282623750 ) ) ;
#3558 = DIRECTION ( 'NONE',  ( 1.000000000000000000, -0.000000000000000000, 0.000000000000000000 ) ) ;
#3559 = FILL_AREA_STYLE_COLOUR ( '', #3739 ) ;
#3560 = ORIENTED_EDGE ( 'NONE', *, *, #2564, .T. ) ;
#3561 = DIRECTION ( 'NONE',  ( 0.000000000000000000, -0.1391731009600658264, 0.9902680687415702510 ) ) ;
#3562 = ORIENTED_EDGE ( 'NONE', *, *, #4290, .T. ) ;
#3563 = DIRECTION ( 'NONE',  ( 0.08715574274765836016, 0.9961946980917455452, 0.000000000000000000 ) ) ;
#3564 = EDGE_CURVE ( 'NONE', #5475, #2245, #807, .T. ) ;
#3565 = VECTOR ( 'NONE', #258, 1000.000000000000114 ) ;
#3566 = EDGE_CURVE ( 'NONE', #5516, #1357, #1336, .T. ) ;
#3567 = FACE_OUTER_BOUND ( 'NONE', #2184, .T. ) ;
#3568 = DIRECTION ( 'NONE',  ( 0.000000000000000000, -0.1391731009600658264, 0.9902680687415702510 ) ) ;
#3569 = VECTOR ( 'NONE', #237, 1000.000000000000000 ) ;
#3570 = CARTESIAN_POINT ( 'NONE',  ( -3.605000000000000870, 0.08750000000000054956, -2.276307518992029877 ) ) ;
#3571 = VERTEX_POINT ( 'NONE', #2755 ) ;
#3572 = LINE ( 'NONE', #5932, #4635 ) ;
#3573 = EDGE_LOOP ( 'NONE', ( #3889, #5286, #5316, #2975 ) ) ;
#3574 = PRESENTATION_LAYER_ASSIGNMENT (  '', '', ( #5397 ) ) ;
#3575 = DIRECTION ( 'NONE',  ( 1.000000000000000000, 0.000000000000000000, 0.000000000000000000 ) ) ;
#3576 = PLANE ( 'NONE',  #2956 ) ;
#3577 = EDGE_LOOP ( 'NONE', ( #1545, #1975, #1300, #2688 ) ) ;
#3578 = MECHANICAL_DESIGN_GEOMETRIC_PRESENTATION_REPRESENTATION (  '', ( #2147 ), #2550 ) ;
#3579 = ORIENTED_EDGE ( 'NONE', *, *, #460, .F. ) ;
#3580 = DIRECTION ( 'NONE',  ( 0.000000000000000000, -1.224646799147353700E-16, 1.000000000000000000 ) ) ;
#3581 = PRESENTATION_STYLE_ASSIGNMENT (( #3492 ) ) ;
#3582 = AXIS2_PLACEMENT_3D ( 'NONE', #2558, #3561, #5048 ) ;
#3583 = FACE_OUTER_BOUND ( 'NONE', #3577, .T. ) ;
#3584 = ORIENTED_EDGE ( 'NONE', *, *, #5873, .F. ) ;
#3585 = VECTOR ( 'NONE', #5644, 1000.000000000000000 ) ;
#3586 = LINE ( 'NONE', #2557, #4640 ) ;
#3587 = PLANE ( 'NONE',  #2451 ) ;
#3588 = ORIENTED_EDGE ( 'NONE', *, *, #4800, .T. ) ;
#3589 = LINE ( 'NONE', #1063, #4776 ) ;
#3590 = CARTESIAN_POINT ( 'NONE',  ( -2.745000000000000995, -0.4883712798218198259, 2.468665345020326640 ) ) ;
#3591 = ADVANCED_FACE ( 'NONE', ( #2221 ), #4702, .T. ) ;
#3592 = ORIENTED_EDGE ( 'NONE', *, *, #3012, .F. ) ;
#3593 = DIRECTION ( 'NONE',  ( 0.000000000000000000, 0.9925461516413218721, 0.1218693434051480867 ) ) ;
#3594 = ADVANCED_FACE ( 'NONE', ( #490 ), #4895, .T. ) ;
#3595 = DIRECTION ( 'NONE',  ( -0.000000000000000000, 1.000000000000000000, 1.224646799147353700E-16 ) ) ;
#3596 = SURFACE_STYLE_FILL_AREA ( #2181 ) ;
#3597 = SURFACE_STYLE_FILL_AREA ( #5062 ) ;
#3598 = STYLED_ITEM ( 'NONE', ( #6054 ), #6177 ) ;
#3599 = COLOUR_RGB ( '',1.000000000000000000, 1.000000000000000000, 1.000000000000000000 ) ;
#3600 = ORIENTED_EDGE ( 'NONE', *, *, #5242, .T. ) ;
#3601 =( NAMED_UNIT ( * ) SI_UNIT ( $, .STERADIAN. ) SOLID_ANGLE_UNIT ( ) );
#3602 = FILL_AREA_STYLE_COLOUR ( '', #759 ) ;
#3603 = PRESENTATION_STYLE_ASSIGNMENT (( #128 ) ) ;
#3604 = DIRECTION ( 'NONE',  ( 1.000000000000000000, 0.000000000000000000, 0.000000000000000000 ) ) ;
#3605 = ORIENTED_EDGE ( 'NONE', *, *, #2797, .T. ) ;
#3606 = ORIENTED_EDGE ( 'NONE', *, *, #4760, .F. ) ;
#3607 = SURFACE_SIDE_STYLE ('',( #3791 ) ) ;
#3608 = VECTOR ( 'NONE', #6184, 1000.000000000000227 ) ;
#3609 = DIRECTION ( 'NONE',  ( 1.000000000000000000, 0.000000000000000000, 0.000000000000000000 ) ) ;
#3610 =( NAMED_UNIT ( * ) SI_UNIT ( $, .STERADIAN. ) SOLID_ANGLE_UNIT ( ) );
#3611 =( LENGTH_UNIT ( ) NAMED_UNIT ( * ) SI_UNIT ( .MILLI., .METRE. ) );
#3612 = VECTOR ( 'NONE', #5682, 1000.000000000000114 ) ;
#3613 = UNCERTAINTY_MEASURE_WITH_UNIT (LENGTH_MEASURE( 1.000000000000000082E-05 ), #2450, 'distance_accuracy_value', 'NONE');
#3614 = DIRECTION ( 'NONE',  ( 1.000000000000000000, 0.000000000000000000, 0.000000000000000000 ) ) ;
#3615 =( GEOMETRIC_REPRESENTATION_CONTEXT ( 3 ) GLOBAL_UNCERTAINTY_ASSIGNED_CONTEXT ( ( #5784 ) ) GLOBAL_UNIT_ASSIGNED_CONTEXT ( ( #1668, #3129, #1160 ) ) REPRESENTATION_CONTEXT ( 'NONE', 'WORKASPACE' ) );
#3616 = ORIENTED_EDGE ( 'NONE', *, *, #333, .T. ) ;
#3617 = SURFACE_STYLE_FILL_AREA ( #856 ) ;
#3618 = CARTESIAN_POINT ( 'NONE',  ( 4.014999999999999680, -0.08750000000785781995, 2.243130321517128323 ) ) ;
#3619 = ORIENTED_EDGE ( 'NONE', *, *, #28, .T. ) ;
#3620 = DIRECTION ( 'NONE',  ( -0.000000000000000000, 1.000000000000000000, -0.000000000000000000 ) ) ;
#3621 = AXIS2_PLACEMENT_3D ( 'NONE', #1838, #6122, #3238 ) ;
#3622 = UNCERTAINTY_MEASURE_WITH_UNIT (LENGTH_MEASURE( 1.000000000000000082E-05 ), #1467, 'distance_accuracy_value', 'NONE');
#3623 = DIRECTION ( 'NONE',  ( 0.000000000000000000, 0.000000000000000000, -1.000000000000000000 ) ) ;
#3624 = ORIENTED_EDGE ( 'NONE', *, *, #5075, .T. ) ;
#3625 = PRESENTATION_LAYER_ASSIGNMENT (  '', '', ( #1185 ) ) ;
#3626 = EDGE_CURVE ( 'NONE', #5808, #4230, #2439, .T. ) ;
#3627 = ADVANCED_FACE ( 'NONE', ( #3409 ), #2920, .T. ) ;
#3628 = MECHANICAL_DESIGN_GEOMETRIC_PRESENTATION_REPRESENTATION (  '', ( #2804 ), #6224 ) ;
#3629 = PRESENTATION_LAYER_ASSIGNMENT (  '', '', ( #5154 ) ) ;
#3630 = DIRECTION ( 'NONE',  ( 0.000000000000000000, 0.000000000000000000, -1.000000000000000000 ) ) ;
#3631 = ADVANCED_FACE ( 'NONE', ( #3342 ), #929, .F. ) ;
#3632 = MECHANICAL_DESIGN_GEOMETRIC_PRESENTATION_REPRESENTATION (  '', ( #2606 ), #5774 ) ;
#3633 =( GEOMETRIC_REPRESENTATION_CONTEXT ( 3 ) GLOBAL_UNCERTAINTY_ASSIGNED_CONTEXT ( ( #4688 ) ) GLOBAL_UNIT_ASSIGNED_CONTEXT ( ( #2032, #5436, #2882 ) ) REPRESENTATION_CONTEXT ( 'NONE', 'WORKASPACE' ) );
#3634 = ORIENTED_EDGE ( 'NONE', *, *, #1036, .T. ) ;
#3635 = CIRCLE ( 'NONE', #1003, 0.1375000000000000389 ) ;
#3636 = LINE ( 'NONE', #2135, #2942 ) ;
#3637 = LINE ( 'NONE', #4161, #4171 ) ;
#3638 = ORIENTED_EDGE ( 'NONE', *, *, #1032, .F. ) ;
#3639 = ADVANCED_FACE ( 'NONE', ( #3538 ), #673, .F. ) ;
#3640 = VERTEX_POINT ( 'NONE', #116 ) ;
#3641 = EDGE_CURVE ( 'NONE', #4391, #2543, #3072, .T. ) ;
#3642 = FILL_AREA_STYLE_COLOUR ( '', #1997 ) ;
#3643 = DIRECTION ( 'NONE',  ( 0.000000000000000000, 0.9902680687415702510, -0.1391731009600654934 ) ) ;
#3644 = LINE ( 'NONE', #3705, #3585 ) ;
#3645 = LINE ( 'NONE', #5103, #4131 ) ;
#3646 = EDGE_LOOP ( 'NONE', ( #3270, #2291, #1167, #4573 ) ) ;
#3647 = CARTESIAN_POINT ( 'NONE',  ( 1.064999999999999059, -0.5382586940072542347, 2.298476529816184666 ) ) ;
#3648 = ORIENTED_EDGE ( 'NONE', *, *, #182, .T. ) ;
#3649 = LINE ( 'NONE', #832, #5184 ) ;
#3650 = DIRECTION ( 'NONE',  ( 1.000000000000000000, 0.000000000000000000, 0.000000000000000000 ) ) ;
#3651 = CARTESIAN_POINT ( 'NONE',  ( 1.064999999999999059, -0.6500000000286831892, -2.990000000067993824 ) ) ;
#3652 = DIRECTION ( 'NONE',  ( 0.000000000000000000, 0.1391731009600654934, 0.9902680687415702510 ) ) ;
#3653 = SURFACE_SIDE_STYLE ('',( #262 ) ) ;
#3654 = DIRECTION ( 'NONE',  ( 1.000000000000000000, 0.000000000000000000, 0.000000000000000000 ) ) ;
#3655 = STYLED_ITEM ( 'NONE', ( #866 ), #2791 ) ;
#3656 = EDGE_CURVE ( 'NONE', #5532, #5218, #1095, .T. ) ;
#3657 = VERTEX_POINT ( 'NONE', #2981 ) ;
#3658 = CARTESIAN_POINT ( 'NONE',  ( -1.475000000000000977, -0.6576635190569390943, -2.415815324525283359 ) ) ;
#3659 = VECTOR ( 'NONE', #5125, 1000.000000000000000 ) ;
#3660 = DIRECTION ( 'NONE',  ( 0.000000000000000000, 0.1391731009600654934, 0.9902680687415702510 ) ) ;
#3661 = DIRECTION ( 'NONE',  ( 0.000000000000000000, 0.9902680687415702510, -0.1391731009600654934 ) ) ;
#3662 = DIRECTION ( 'NONE',  ( 0.000000000000000000, -0.9925461516413218721, 0.1218693434051480867 ) ) ;
#3663 = ORIENTED_EDGE ( 'NONE', *, *, #4208, .T. ) ;
#3664 = CARTESIAN_POINT ( 'NONE',  ( 1.064999999999999059, -0.7366484559696573342, 2.977822353386727627 ) ) ;
#3665 = EDGE_CURVE ( 'NONE', #5347, #212, #3327, .T. ) ;
#3666 = AXIS2_PLACEMENT_3D ( 'NONE', #4579, #3595, #1537 ) ;
#3667 = EDGE_LOOP ( 'NONE', ( #3588, #4032, #3826, #4251 ) ) ;
#3668 = CARTESIAN_POINT ( 'NONE',  ( 2.334999999999999520, 49479.12776683849370, 352064.5513059087098 ) ) ;
#3669 = FACE_OUTER_BOUND ( 'NONE', #6256, .T. ) ;
#3670 = EDGE_CURVE ( 'NONE', #629, #3812, #4546, .T. ) ;
#3671 =( NAMED_UNIT ( * ) PLANE_ANGLE_UNIT ( ) SI_UNIT ( $, .RADIAN. ) );
#3672 = CARTESIAN_POINT ( 'NONE',  ( -4.256857026221365636, 0.7788777543554868954, 1.436919501816193989 ) ) ;
#3673 = VECTOR ( 'NONE', #3306, 1000.000000000000000 ) ;
#3674 = SURFACE_STYLE_USAGE ( .BOTH. , #1834 ) ;
#3675 = PRESENTATION_LAYER_ASSIGNMENT (  '', '', ( #2147 ) ) ;
#3676 = UNCERTAINTY_MEASURE_WITH_UNIT (LENGTH_MEASURE( 1.000000000000000082E-05 ), #4066, 'distance_accuracy_value', 'NONE');
#3677 = CARTESIAN_POINT ( 'NONE',  ( 4.014999999999999680, -0.04999999999999946154, -2.276307518992031209 ) ) ;
#3678 = ORIENTED_EDGE ( 'NONE', *, *, #3275, .F. ) ;
#3679 =( NAMED_UNIT ( * ) SI_UNIT ( $, .STERADIAN. ) SOLID_ANGLE_UNIT ( ) );
#3680 = MECHANICAL_DESIGN_GEOMETRIC_PRESENTATION_REPRESENTATION (  '', ( #2651 ), #6208 ) ;
#3681 = LINE ( 'NONE', #3753, #1499 ) ;
#3682 = CARTESIAN_POINT ( 'NONE',  ( -1.475000000000000977, -0.6576635190569390943, -2.415815324525283359 ) ) ;
#3683 =( NAMED_UNIT ( * ) SI_UNIT ( $, .STERADIAN. ) SOLID_ANGLE_UNIT ( ) );
#3684 = ORIENTED_EDGE ( 'NONE', *, *, #4281, .T. ) ;
#3685 = LINE ( 'NONE', #799, #3565 ) ;
#3686 = MECHANICAL_DESIGN_GEOMETRIC_PRESENTATION_REPRESENTATION (  '', ( #4083 ), #3063 ) ;
#3687 = FILL_AREA_STYLE ('',( #5178 ) ) ;
#3688 = SURFACE_STYLE_FILL_AREA ( #6098 ) ;
#3689 = COLOUR_RGB ( '',1.000000000000000000, 1.000000000000000000, 1.000000000000000000 ) ;
#3690 =( NAMED_UNIT ( * ) SI_UNIT ( $, .STERADIAN. ) SOLID_ANGLE_UNIT ( ) );
#3691 = FACE_OUTER_BOUND ( 'NONE', #4437, .T. ) ;
#3692 = FILL_AREA_STYLE_COLOUR ( '', #665 ) ;
#3693 =( NAMED_UNIT ( * ) PLANE_ANGLE_UNIT ( ) SI_UNIT ( $, .RADIAN. ) );
#3694 = ORIENTED_EDGE ( 'NONE', *, *, #5841, .T. ) ;
#3695 =( GEOMETRIC_REPRESENTATION_CONTEXT ( 3 ) GLOBAL_UNCERTAINTY_ASSIGNED_CONTEXT ( ( #3997 ) ) GLOBAL_UNIT_ASSIGNED_CONTEXT ( ( #5039, #1621, #5426 ) ) REPRESENTATION_CONTEXT ( 'NONE', 'WORKASPACE' ) );
#3696 = FACE_OUTER_BOUND ( 'NONE', #3998, .T. ) ;
#3697 = SURFACE_SIDE_STYLE ('',( #3054 ) ) ;
#3698 = DIRECTION ( 'NONE',  ( -0.000000000000000000, 0.9902680687415702510, 0.1391731009600658264 ) ) ;
#3699 =( GEOMETRIC_REPRESENTATION_CONTEXT ( 3 ) GLOBAL_UNCERTAINTY_ASSIGNED_CONTEXT ( ( #5449 ) ) GLOBAL_UNIT_ASSIGNED_CONTEXT ( ( #3124, #5000, #4433 ) ) REPRESENTATION_CONTEXT ( 'NONE', 'WORKASPACE' ) );
#3700 =( NAMED_UNIT ( * ) PLANE_ANGLE_UNIT ( ) SI_UNIT ( $, .RADIAN. ) );
#3701 = ORIENTED_EDGE ( 'NONE', *, *, #3012, .T. ) ;
#3702 = EDGE_LOOP ( 'NONE', ( #787, #3759, #1092, #2146 ) ) ;
#3703 =( GEOMETRIC_REPRESENTATION_CONTEXT ( 3 ) GLOBAL_UNCERTAINTY_ASSIGNED_CONTEXT ( ( #5853 ) ) GLOBAL_UNIT_ASSIGNED_CONTEXT ( ( #5805, #3382, #3284 ) ) REPRESENTATION_CONTEXT ( 'NONE', 'WORKASPACE' ) );
#3704 = EDGE_CURVE ( 'NONE', #3181, #4881, #1656, .T. ) ;
#3705 = CARTESIAN_POINT ( 'NONE',  ( 1.064999999999999059, -0.6576635190118217400, 2.415815324389956498 ) ) ;
#3706 = AXIS2_PLACEMENT_3D ( 'NONE', #1840, #4762, #5655 ) ;
#3707 = PLANE ( 'NONE',  #1406 ) ;
#3708 = VERTEX_POINT ( 'NONE', #1173 ) ;
#3709 = EDGE_CURVE ( 'NONE', #4492, #484, #3108, .T. ) ;
#3710 =( LENGTH_UNIT ( ) NAMED_UNIT ( * ) SI_UNIT ( .MILLI., .METRE. ) );
#3711 = AXIS2_PLACEMENT_3D ( 'NONE', #935, #3380, #5313 ) ;
#3712 = LINE ( 'NONE', #4632, #3608 ) ;
#3713 = LINE ( 'NONE', #5202, #1184 ) ;
#3714 = VECTOR ( 'NONE', #4981, 1000.000000000000114 ) ;
#3715 = PRESENTATION_STYLE_ASSIGNMENT (( #347 ) ) ;
#3716 =( NAMED_UNIT ( * ) PLANE_ANGLE_UNIT ( ) SI_UNIT ( $, .RADIAN. ) );
#3717 = ORIENTED_EDGE ( 'NONE', *, *, #727, .F. ) ;
#3718 = CARTESIAN_POINT ( 'NONE',  ( 1.474999999999999423, -0.4883712798999795268, -2.468665345142895262 ) ) ;
#3719 = EDGE_LOOP ( 'NONE', ( #2756, #3678, #1679, #3684 ) ) ;
#3720 =( GEOMETRIC_REPRESENTATION_CONTEXT ( 3 ) GLOBAL_UNCERTAINTY_ASSIGNED_CONTEXT ( ( #2326 ) ) GLOBAL_UNIT_ASSIGNED_CONTEXT ( ( #6282, #5285, #1010 ) ) REPRESENTATION_CONTEXT ( 'NONE', 'WORKASPACE' ) );
#3721 = CARTESIAN_POINT ( 'NONE',  ( -1.065000000000000835, -0.7366484560549224625, -2.977822353784631559 ) ) ;
#3722 = CARTESIAN_POINT ( 'NONE',  ( -0.2050000000000008760, -0.6500000000286831892, -2.990000000067993824 ) ) ;
#3723 = DIRECTION ( 'NONE',  ( 0.000000000000000000, -0.000000000000000000, 1.000000000000000000 ) ) ;
#3724 = PLANE ( 'NONE',  #2098 ) ;
#3725 = VECTOR ( 'NONE', #867, 1000.000000000000114 ) ;
#3726 = ORIENTED_EDGE ( 'NONE', *, *, #114, .F. ) ;
#3727 = VECTOR ( 'NONE', #4633, 1000.000000000000000 ) ;
#3728 = VECTOR ( 'NONE', #5377, 1000.000000000000227 ) ;
#3729 = COLOUR_RGB ( '',1.000000000000000000, 1.000000000000000000, 1.000000000000000000 ) ;
#3730 = AXIS2_PLACEMENT_3D ( 'NONE', #1688, #516, #2873 ) ;
#3731 = CARTESIAN_POINT ( 'NONE',  ( -4.015000000000001457, -335652.5486902103294, 41215.18319354090636 ) ) ;
#3732 = DIRECTION ( 'NONE',  ( 1.000000000000000000, 0.000000000000000000, 0.000000000000000000 ) ) ;
#3733 = CARTESIAN_POINT ( 'NONE',  ( -1.475000000000000977, -0.08750000005684341331, 400000.0000000000000 ) ) ;
#3734 = MECHANICAL_DESIGN_GEOMETRIC_PRESENTATION_REPRESENTATION (  '', ( #390 ), #788 ) ;
#3735 = ORIENTED_EDGE ( 'NONE', *, *, #5921, .T. ) ;
#3736 = CARTESIAN_POINT ( 'NONE',  ( 3.604999999999999094, -0.5215016595598557236, 2.434951625771963890 ) ) ;
#3737 = VECTOR ( 'NONE', #5454, 1000.000000000000114 ) ;
#3738 = UNCERTAINTY_MEASURE_WITH_UNIT (LENGTH_MEASURE( 1.000000000000000082E-05 ), #5280, 'distance_accuracy_value', 'NONE');
#3739 = COLOUR_RGB ( '',1.000000000000000000, 1.000000000000000000, 1.000000000000000000 ) ;
#3740 = VERTEX_POINT ( 'NONE', #710 ) ;
#3741 = PRESENTATION_LAYER_ASSIGNMENT (  '', '', ( #1008 ) ) ;
#3742 = EDGE_CURVE ( 'NONE', #3740, #4312, #232, .T. ) ;
#3743 = VECTOR ( 'NONE', #963, 1000.000000000000114 ) ;
#3744 = PRESENTATION_STYLE_ASSIGNMENT (( #2324 ) ) ;
#3745 = LINE ( 'NONE', #2713, #2556 ) ;
#3746 = UNCERTAINTY_MEASURE_WITH_UNIT (LENGTH_MEASURE( 1.000000000000000082E-05 ), #3458, 'distance_accuracy_value', 'NONE');
#3747 = FACE_OUTER_BOUND ( 'NONE', #3573, .T. ) ;
#3748 = ORIENTED_EDGE ( 'NONE', *, *, #557, .F. ) ;
#3749 = CARTESIAN_POINT ( 'NONE',  ( -2.335000000000001297, -0.4883712798999795268, -2.468665345142895262 ) ) ;
#3750 = EDGE_CURVE ( 'NONE', #1260, #4660, #3468, .T. ) ;
#3751 = FACE_OUTER_BOUND ( 'NONE', #4806, .T. ) ;
#3752 = DIRECTION ( 'NONE',  ( 1.000000000000000000, 0.000000000000000000, 0.000000000000000000 ) ) ;
#3753 = CARTESIAN_POINT ( 'NONE',  ( 3.604999999999999094, -0.08750000000785781995, 2.243130321517128323 ) ) ;
#3754 = DIRECTION ( 'NONE',  ( 0.000000000000000000, 0.000000000000000000, -1.000000000000000000 ) ) ;
#3755 = DIRECTION ( 'NONE',  ( 0.000000000000000000, -0.9925461516413218721, 0.1218693434051480867 ) ) ;
#3756 = ORIENTED_EDGE ( 'NONE', *, *, #5321, .T. ) ;
#3757 = UNCERTAINTY_MEASURE_WITH_UNIT (LENGTH_MEASURE( 1.000000000000000082E-05 ), #3710, 'distance_accuracy_value', 'NONE');
#3758 = DIRECTION ( 'NONE',  ( 0.000000000000000000, -1.224646799147353700E-16, 1.000000000000000000 ) ) ;
#3759 = ORIENTED_EDGE ( 'NONE', *, *, #2073, .F. ) ;
#3760 = LINE ( 'NONE', #4218, #5057 ) ;
#3761 = EDGE_CURVE ( 'NONE', #2827, #1795, #319, .T. ) ;
#3762 = VERTEX_POINT ( 'NONE', #353 ) ;
#3763 = DIRECTION ( 'NONE',  ( 0.000000000000000000, 0.000000000000000000, 1.000000000000000000 ) ) ;
#3764 = CARTESIAN_POINT ( 'NONE',  ( 0.000000000000000000, 0.000000000000000000, 0.000000000000000000 ) ) ;
#3765 = CARTESIAN_POINT ( 'NONE',  ( -4.325000000000000178, 0.000000000000000000, 1.949999999999999512 ) ) ;
#3766 = EDGE_LOOP ( 'NONE', ( #1606, #4206, #2809, #4075 ) ) ;
#3767 = PLANE ( 'NONE',  #1598 ) ;
#3768 = EDGE_LOOP ( 'NONE', ( #2447, #4289, #731, #2308 ) ) ;
#3769 = VECTOR ( 'NONE', #3087, 1000.000000000000114 ) ;
#3770 = SURFACE_STYLE_USAGE ( .BOTH. , #4202 ) ;
#3771 = PLANE ( 'NONE',  #2571 ) ;
#3772 = DIRECTION ( 'NONE',  ( 1.000000000000000000, 0.000000000000000000, 0.000000000000000000 ) ) ;
#3773 = PRESENTATION_STYLE_ASSIGNMENT (( #3674 ) ) ;
#3774 = ORIENTED_EDGE ( 'NONE', *, *, #3083, .F. ) ;
#3775 = CARTESIAN_POINT ( 'NONE',  ( 1.064999999999999059, -0.6500000000286831892, -2.990000000067993824 ) ) ;
#3776 = CARTESIAN_POINT ( 'NONE',  ( -0.2050000000000008760, -60775.64126304931415, 432440.1514247114537 ) ) ;
#3777 = COLOUR_RGB ( '',1.000000000000000000, 1.000000000000000000, 1.000000000000000000 ) ;
#3778 = DIRECTION ( 'NONE',  ( 0.000000000000000000, 0.000000000000000000, -1.000000000000000000 ) ) ;
#3779 = ORIENTED_EDGE ( 'NONE', *, *, #1046, .T. ) ;
#3780 = CARTESIAN_POINT ( 'NONE',  ( -2.745000000000000995, -0.6499999999718397703, 2.989999999840620148 ) ) ;
#3781 = DIRECTION ( 'NONE',  ( 0.000000000000000000, -0.9925461516413218721, 0.1218693434051480867 ) ) ;
#3782 = ORIENTED_EDGE ( 'NONE', *, *, #4332, .F. ) ;
#3783 = VECTOR ( 'NONE', #1247, 1000.000000000000000 ) ;
#3784 = DIRECTION ( 'NONE',  ( 0.000000000000000000, -0.1391731009600658264, 0.9902680687415702510 ) ) ;
#3785 = PRESENTATION_LAYER_ASSIGNMENT (  '', '', ( #337 ) ) ;
#3786 = EDGE_CURVE ( 'NONE', #531, #3929, #2750, .T. ) ;
#3787 = PRESENTATION_STYLE_ASSIGNMENT (( #2251 ) ) ;
#3788 = VERTEX_POINT ( 'NONE', #1208 ) ;
#3789 = ADVANCED_FACE ( 'NONE', ( #6159 ), #4729, .T. ) ;
#3790 =( GEOMETRIC_REPRESENTATION_CONTEXT ( 3 ) GLOBAL_UNCERTAINTY_ASSIGNED_CONTEXT ( ( #6024 ) ) GLOBAL_UNIT_ASSIGNED_CONTEXT ( ( #3335, #3902, #5368 ) ) REPRESENTATION_CONTEXT ( 'NONE', 'WORKASPACE' ) );
#3791 = SURFACE_STYLE_FILL_AREA ( #5575 ) ;
#3792 =( LENGTH_UNIT ( ) NAMED_UNIT ( * ) SI_UNIT ( .MILLI., .METRE. ) );
#3793 = CARTESIAN_POINT ( 'NONE',  ( 1.474999999999999423, -0.03324296528179307431, 2.412782614842713169 ) ) ;
#3794 = SURFACE_STYLE_FILL_AREA ( #2760 ) ;
#3795 = CYLINDRICAL_SURFACE ( 'NONE', #4010, 0.1375000000000000389 ) ;
#3796 = ORIENTED_EDGE ( 'NONE', *, *, #2539, .T. ) ;
#3797 = VECTOR ( 'NONE', #572, 1000.000000000000227 ) ;
#3798 = ORIENTED_EDGE ( 'NONE', *, *, #5921, .F. ) ;
#3799 = DIRECTION ( 'NONE',  ( 1.000000000000000000, 0.000000000000000000, 0.000000000000000000 ) ) ;
#3800 = FILL_AREA_STYLE ('',( #2393 ) ) ;
#3801 = UNCERTAINTY_MEASURE_WITH_UNIT (LENGTH_MEASURE( 1.000000000000000082E-05 ), #5680, 'distance_accuracy_value', 'NONE');
#3802 = CARTESIAN_POINT ( 'NONE',  ( 3.604999999999999094, -0.7366484559696573342, 2.977822353386727627 ) ) ;
#3803 = EDGE_LOOP ( 'NONE', ( #2038, #3365, #24, #1183 ) ) ;
#3804 = DIRECTION ( 'NONE',  ( 0.000000000000000000, -1.224646799147353700E-16, 1.000000000000000000 ) ) ;
#3805 = DIRECTION ( 'NONE',  ( 0.000000000000000000, -0.9925461516413218721, 0.1218693434051480867 ) ) ;
#3806 = FILL_AREA_STYLE ('',( #1425 ) ) ;
#3807 = DIRECTION ( 'NONE',  ( 0.000000000000000000, 0.9925461516413218721, 0.1218693434051480867 ) ) ;
#3808 = DIRECTION ( 'NONE',  ( 1.000000000000000000, 0.000000000000000000, 0.000000000000000000 ) ) ;
#3809 = COLOUR_RGB ( '',1.000000000000000000, 1.000000000000000000, 1.000000000000000000 ) ;
#3810 = ORIENTED_EDGE ( 'NONE', *, *, #5524, .F. ) ;
#3811 =( LENGTH_UNIT ( ) NAMED_UNIT ( * ) SI_UNIT ( .MILLI., .METRE. ) );
#3812 = VERTEX_POINT ( 'NONE', #2276 ) ;
#3813 = PRESENTATION_LAYER_ASSIGNMENT (  '', '', ( #3916 ) ) ;
#3814 = AXIS2_PLACEMENT_3D ( 'NONE', #6062, #2269, #2650 ) ;
#3815 = DIRECTION ( 'NONE',  ( 0.000000000000000000, -0.1391731009600658264, 0.9902680687415702510 ) ) ;
#3816 = VECTOR ( 'NONE', #3142, 1000.000000000000114 ) ;
#3817 = ORIENTED_EDGE ( 'NONE', *, *, #3156, .T. ) ;
#3818 = EDGE_CURVE ( 'NONE', #4484, #5911, #1107, .T. ) ;
#3819 = DIRECTION ( 'NONE',  ( 0.000000000000000000, -1.224646799147353700E-16, 1.000000000000000000 ) ) ;
#3820 = PRESENTATION_LAYER_ASSIGNMENT (  '', '', ( #272 ) ) ;
#3821 = CARTESIAN_POINT ( 'NONE',  ( -1.475000000000000977, -0.08750000000715735249, -2.243130321568642671 ) ) ;
#3822 = CARTESIAN_POINT ( 'NONE',  ( 1.064999999999999059, -0.5215016595598550575, -2.434951625771963890 ) ) ;
#3823 = ORIENTED_EDGE ( 'NONE', *, *, #2695, .F. ) ;
#3824 = SURFACE_STYLE_FILL_AREA ( #1974 ) ;
#3825 = AXIS2_PLACEMENT_3D ( 'NONE', #5922, #4477, #1556 ) ;
#3826 = ORIENTED_EDGE ( 'NONE', *, *, #3566, .F. ) ;
#3827 = VECTOR ( 'NONE', #2187, 1000.000000000000000 ) ;
#3828 = COLOUR_RGB ( '',1.000000000000000000, 1.000000000000000000, 1.000000000000000000 ) ;
#3829 = SURFACE_STYLE_USAGE ( .BOTH. , #4264 ) ;
#3830 = AXIS2_PLACEMENT_3D ( 'NONE', #1581, #3491, #3036 ) ;
#3831 = LINE ( 'NONE', #3055, #4404 ) ;
#3832 = EDGE_CURVE ( 'NONE', #4872, #1695, #6127, .T. ) ;
#3833 = FACE_OUTER_BOUND ( 'NONE', #967, .T. ) ;
#3834 = VECTOR ( 'NONE', #6032, 1000.000000000000000 ) ;
#3835 = ORIENTED_EDGE ( 'NONE', *, *, #4393, .F. ) ;
#3836 = MECHANICAL_DESIGN_GEOMETRIC_PRESENTATION_REPRESENTATION (  '', ( #1008 ), #395 ) ;
#3837 = FACE_OUTER_BOUND ( 'NONE', #1207, .T. ) ;
#3838 = VECTOR ( 'NONE', #5927, 1000.000000000000000 ) ;
#3839 = EDGE_CURVE ( 'NONE', #1397, #2946, #2244, .T. ) ;
#3840 =( NAMED_UNIT ( * ) PLANE_ANGLE_UNIT ( ) SI_UNIT ( $, .RADIAN. ) );
#3841 = VECTOR ( 'NONE', #1677, 1000.000000000000227 ) ;
#3842 = DIRECTION ( 'NONE',  ( 0.000000000000000000, 0.1391731009600654934, 0.9902680687415702510 ) ) ;
#3843 = CARTESIAN_POINT ( 'NONE',  ( -3.605000000000000870, -0.04999999999999946154, -2.276307518992031209 ) ) ;
#3844 = DIRECTION ( 'NONE',  ( 1.000000000000000000, 0.000000000000000000, 0.000000000000000000 ) ) ;
#3845 =( LENGTH_UNIT ( ) NAMED_UNIT ( * ) SI_UNIT ( .MILLI., .METRE. ) );
#3846 = VERTEX_POINT ( 'NONE', #3175 ) ;
#3847 = FACE_OUTER_BOUND ( 'NONE', #2734, .T. ) ;
#3848 = LINE ( 'NONE', #2972, #1876 ) ;
#3849 = PRESENTATION_STYLE_ASSIGNMENT (( #4858 ) ) ;
#3850 = ORIENTED_EDGE ( 'NONE', *, *, #3818, .F. ) ;
#3851 = DIRECTION ( 'NONE',  ( -0.000000000000000000, 0.9902680687415702510, 0.1391731009600658264 ) ) ;
#3852 = CYLINDRICAL_SURFACE ( 'NONE', #3130, 0.1375000000000000389 ) ;
#3853 = SURFACE_SIDE_STYLE ('',( #2944 ) ) ;
#3854 = ADVANCED_FACE ( 'NONE', ( #4150 ), #391, .T. ) ;
#3855 = ORIENTED_EDGE ( 'NONE', *, *, #5414, .T. ) ;
#3856 = CARTESIAN_POINT ( 'NONE',  ( 4.324999999999999289, 0.000000000000000000, -1.950000000000000400 ) ) ;
#3857 = SURFACE_STYLE_USAGE ( .BOTH. , #430 ) ;
#3858 = CARTESIAN_POINT ( 'NONE',  ( 1.064999999999999059, -0.08750000005684341331, 400000.0000000000000 ) ) ;
#3859 = CARTESIAN_POINT ( 'NONE',  ( -3.605000000000000870, -0.5215016595598550575, -2.434951625771963890 ) ) ;
#3860 = PRESENTATION_STYLE_ASSIGNMENT (( #1343 ) ) ;
#3861 = ORIENTED_EDGE ( 'NONE', *, *, #2620, .F. ) ;
#3862 = ORIENTED_EDGE ( 'NONE', *, *, #1809, .F. ) ;
#3863 = PLANE ( 'NONE',  #1570 ) ;
#3864 = LINE ( 'NONE', #2894, #6119 ) ;
#3865 = ADVANCED_FACE ( 'NONE', ( #2433 ), #3438, .F. ) ;
#3866 = UNCERTAINTY_MEASURE_WITH_UNIT (LENGTH_MEASURE( 1.000000000000000082E-05 ), #2446, 'distance_accuracy_value', 'NONE');
#3867 =( LENGTH_UNIT ( ) NAMED_UNIT ( * ) SI_UNIT ( .MILLI., .METRE. ) );
#3868 =( GEOMETRIC_REPRESENTATION_CONTEXT ( 3 ) GLOBAL_UNCERTAINTY_ASSIGNED_CONTEXT ( ( #2838 ) ) GLOBAL_UNIT_ASSIGNED_CONTEXT ( ( #44, #1935, #4864 ) ) REPRESENTATION_CONTEXT ( 'NONE', 'WORKASPACE' ) );
#3869 = ORIENTED_EDGE ( 'NONE', *, *, #2990, .T. ) ;
#3870 = EDGE_CURVE ( 'NONE', #5166, #3929, #2196, .T. ) ;
#3871 = DIRECTION ( 'NONE',  ( 0.000000000000000000, 0.9902680687415703620, -0.1391731009600655211 ) ) ;
#3872 = CARTESIAN_POINT ( 'NONE',  ( -1.475000000000000977, -0.7366484560549224625, -2.977822353784631559 ) ) ;
#3873 = AXIS2_PLACEMENT_3D ( 'NONE', #507, #3924, #2863 ) ;
#3874 =( NAMED_UNIT ( * ) SI_UNIT ( $, .STERADIAN. ) SOLID_ANGLE_UNIT ( ) );
#3875 = PLANE ( 'NONE',  #3910 ) ;
#3876 = UNCERTAINTY_MEASURE_WITH_UNIT (LENGTH_MEASURE( 1.000000000000000082E-05 ), #742, 'distance_accuracy_value', 'NONE');
#3877 = DIRECTION ( 'NONE',  ( -0.000000000000000000, 0.1218693434051481006, 0.9925461516413219831 ) ) ;
#3878 = ORIENTED_EDGE ( 'NONE', *, *, #4455, .T. ) ;
#3879 =( NAMED_UNIT ( * ) PLANE_ANGLE_UNIT ( ) SI_UNIT ( $, .RADIAN. ) );
#3880 = CARTESIAN_POINT ( 'NONE',  ( -4.015000000000001457, -0.5633515440308656252, -3.002177646465042926 ) ) ;
#3881 = LINE ( 'NONE', #1468, #5920 ) ;
#3882 = AXIS2_PLACEMENT_3D ( 'NONE', #3893, #1865, #5748 ) ;
#3883 = CARTESIAN_POINT ( 'NONE',  ( -1.065000000000000835, 49479.12776683849370, 352064.5513059087098 ) ) ;
#3884 = DIRECTION ( 'NONE',  ( 0.000000000000000000, -1.224646799147353700E-16, 1.000000000000000000 ) ) ;
#3885 = DIRECTION ( 'NONE',  ( 1.000000000000000000, -0.000000000000000000, 0.000000000000000000 ) ) ;
#3886 = CARTESIAN_POINT ( 'NONE',  ( 2.334999999999999520, -0.4883712799141903815, -2.468665345094933627 ) ) ;
#3887 = EDGE_LOOP ( 'NONE', ( #1533, #205, #123, #411 ) ) ;
#3888 =( NAMED_UNIT ( * ) PLANE_ANGLE_UNIT ( ) SI_UNIT ( $, .RADIAN. ) );
#3889 = ORIENTED_EDGE ( 'NONE', *, *, #5105, .F. ) ;
#3890 = MECHANICAL_DESIGN_GEOMETRIC_PRESENTATION_REPRESENTATION (  '', ( #550 ), #1557 ) ;
#3891 = CIRCLE ( 'NONE', #1462, 0.1375000000000000389 ) ;
#3892 =( NAMED_UNIT ( * ) SI_UNIT ( $, .STERADIAN. ) SOLID_ANGLE_UNIT ( ) );
#3893 = CARTESIAN_POINT ( 'NONE',  ( -0.2050000000000008760, 49479.30106375052128, 352064.5269506160403 ) ) ;
#3894 =( NAMED_UNIT ( * ) SI_UNIT ( $, .STERADIAN. ) SOLID_ANGLE_UNIT ( ) );
#3895 = ORIENTED_EDGE ( 'NONE', *, *, #3566, .T. ) ;
#3896 = SURFACE_STYLE_FILL_AREA ( #66 ) ;
#3897 =( LENGTH_UNIT ( ) NAMED_UNIT ( * ) SI_UNIT ( .MILLI., .METRE. ) );
#3898 = ADVANCED_FACE ( 'NONE', ( #1430 ), #1929, .T. ) ;
#3899 = DIRECTION ( 'NONE',  ( 1.000000000000000000, 0.000000000000000000, 0.000000000000000000 ) ) ;
#3900 = PLANE ( 'NONE',  #5417 ) ;
#3901 = SURFACE_SIDE_STYLE ('',( #2489 ) ) ;
#3902 =( NAMED_UNIT ( * ) PLANE_ANGLE_UNIT ( ) SI_UNIT ( $, .RADIAN. ) );
#3903 = EDGE_CURVE ( 'NONE', #5602, #6205, #4766, .T. ) ;
#3904 = VECTOR ( 'NONE', #365, 1000.000000000000000 ) ;
#3905 = ORIENTED_EDGE ( 'NONE', *, *, #3556, .T. ) ;
#3906 = DIRECTION ( 'NONE',  ( 0.000000000000000000, 0.9902680687415702510, -0.1391731009600654934 ) ) ;
#3907 = LINE ( 'NONE', #1530, #2230 ) ;
#3908 = ADVANCED_FACE ( 'NONE', ( #5274 ), #924, .T. ) ;
#3909 = FILL_AREA_STYLE_COLOUR ( '', #890 ) ;
#3910 = AXIS2_PLACEMENT_3D ( 'NONE', #3366, #1058, #1959 ) ;
#3911 = ORIENTED_EDGE ( 'NONE', *, *, #740, .F. ) ;
#3912 = VECTOR ( 'NONE', #3885, 1000.000000000000000 ) ;
#3913 = LINE ( 'NONE', #3883, #2505 ) ;
#3914 = CARTESIAN_POINT ( 'NONE',  ( 3.604999999999999094, -0.6576635190569390943, -2.415815324525283359 ) ) ;
#3915 = DIRECTION ( 'NONE',  ( 0.000000000000000000, -0.9925461516413218721, 0.1218693434051480867 ) ) ;
#3916 = STYLED_ITEM ( 'NONE', ( #1056 ), #1943 ) ;
#3917 = DIRECTION ( 'NONE',  ( 0.000000000000000000, 0.1218693434051481006, -0.9925461516413219831 ) ) ;
#3918 =( NAMED_UNIT ( * ) PLANE_ANGLE_UNIT ( ) SI_UNIT ( $, .RADIAN. ) );
#3919 = ORIENTED_EDGE ( 'NONE', *, *, #3641, .T. ) ;
#3920 = PRESENTATION_STYLE_ASSIGNMENT (( #2928 ) ) ;
#3921 = VERTEX_POINT ( 'NONE', #2586 ) ;
#3922 = DIRECTION ( 'NONE',  ( 1.000000000000000000, 0.000000000000000000, 0.000000000000000000 ) ) ;
#3923 = PRESENTATION_STYLE_ASSIGNMENT (( #2893 ) ) ;
#3924 = DIRECTION ( 'NONE',  ( 0.000000000000000000, 0.08715574274765836016, 0.9961946980917455452 ) ) ;
#3925 = UNCERTAINTY_MEASURE_WITH_UNIT (LENGTH_MEASURE( 1.000000000000000082E-05 ), #1788, 'distance_accuracy_value', 'NONE');
#3926 = EDGE_CURVE ( 'NONE', #5347, #5997, #3974, .T. ) ;
#3927 = PRESENTATION_LAYER_ASSIGNMENT (  '', '', ( #384 ) ) ;
#3928 = COLOUR_RGB ( '',1.000000000000000000, 1.000000000000000000, 1.000000000000000000 ) ;
#3929 = VERTEX_POINT ( 'NONE', #613 ) ;
#3930 =( NAMED_UNIT ( * ) PLANE_ANGLE_UNIT ( ) SI_UNIT ( $, .RADIAN. ) );
#3932 = CARTESIAN_POINT ( 'NONE',  ( -1.475000000000000977, -60775.64126304931415, 432440.1514247114537 ) ) ;
#3931 = COLOUR_RGB ( '',1.000000000000000000, 1.000000000000000000, 1.000000000000000000 ) ;
#3933 = LINE ( 'NONE', #4273, #5245 ) ;
#3934 = SURFACE_STYLE_USAGE ( .BOTH. , #5367 ) ;
#3935 =( LENGTH_UNIT ( ) NAMED_UNIT ( * ) SI_UNIT ( .MILLI., .METRE. ) );
#3936 = FILL_AREA_STYLE_COLOUR ( '', #3689 ) ;
#3937 = CARTESIAN_POINT ( 'NONE',  ( -2.335000000000001297, -238883.7691232077195, -29333.64739951598312 ) ) ;
#3938 = DIRECTION ( 'NONE',  ( -0.000000000000000000, 0.1218693434051481006, 0.9925461516413219831 ) ) ;
#3939 = AXIS2_PLACEMENT_3D ( 'NONE', #633, #1619, #136 ) ;
#3940 = ADVANCED_FACE ( 'NONE', ( #113 ), #5514, .T. ) ;
#3941 = EDGE_LOOP ( 'NONE', ( #1631, #2434, #3878, #183 ) ) ;
#3942 = MECHANICAL_DESIGN_GEOMETRIC_PRESENTATION_REPRESENTATION (  '', ( #3121 ), #2005 ) ;
#3943 =( NAMED_UNIT ( * ) SI_UNIT ( $, .STERADIAN. ) SOLID_ANGLE_UNIT ( ) );
#3944 = AXIS2_PLACEMENT_3D ( 'NONE', #3731, #4585, #4675 ) ;
#3945 = AXIS2_PLACEMENT_3D ( 'NONE', #2723, #5591, #3246 ) ;
#3946 =( NAMED_UNIT ( * ) SI_UNIT ( $, .STERADIAN. ) SOLID_ANGLE_UNIT ( ) );
#3947 = VECTOR ( 'NONE', #1981, 1000.000000000000000 ) ;
#3948 = CARTESIAN_POINT ( 'NONE',  ( 4.324999999999999289, 0.000000000000000000, -1.950000000000000400 ) ) ;
#3949 = ADVANCED_FACE ( 'NONE', ( #4411 ), #1990, .F. ) ;
#3950 = ORIENTED_EDGE ( 'NONE', *, *, #954, .F. ) ;
#3951 = LINE ( 'NONE', #3856, #3743 ) ;
#3952 = EDGE_CURVE ( 'NONE', #2494, #3181, #4143, .T. ) ;
#3953 =( NAMED_UNIT ( * ) SI_UNIT ( $, .STERADIAN. ) SOLID_ANGLE_UNIT ( ) );
#3954 =( NAMED_UNIT ( * ) PLANE_ANGLE_UNIT ( ) SI_UNIT ( $, .RADIAN. ) );
#3955 = CARTESIAN_POINT ( 'NONE',  ( -1.065000000000000835, -0.5382586940072542347, 2.298476529816184666 ) ) ;
#3956 = SURFACE_SIDE_STYLE ('',( #528 ) ) ;
#3957 = ORIENTED_EDGE ( 'NONE', *, *, #2820, .F. ) ;
#3958 = DIRECTION ( 'NONE',  ( 1.000000000000000000, 0.000000000000000000, 0.000000000000000000 ) ) ;
#3959 = EDGE_CURVE ( 'NONE', #1795, #2871, #3635, .T. ) ;
#3960 = VERTEX_POINT ( 'NONE', #5579 ) ;
#3961 = CARTESIAN_POINT ( 'NONE',  ( 4.014999999999999680, -0.6500000000286831892, -2.990000000067993824 ) ) ;
#3962 = FILL_AREA_STYLE_COLOUR ( '', #961 ) ;
#3963 = PLANE ( 'NONE',  #4072 ) ;
#3964 = ORIENTED_EDGE ( 'NONE', *, *, #4298, .F. ) ;
#3965 =( NAMED_UNIT ( * ) PLANE_ANGLE_UNIT ( ) SI_UNIT ( $, .RADIAN. ) );
#3966 = ORIENTED_EDGE ( 'NONE', *, *, #4990, .T. ) ;
#3967 = SURFACE_STYLE_FILL_AREA ( #194 ) ;
#3968 = DIRECTION ( 'NONE',  ( 0.000000000000000000, -0.1391731009600658264, 0.9902680687415702510 ) ) ;
#3969 = LINE ( 'NONE', #3872, #371 ) ;
#3970 = LINE ( 'NONE', #3494, #5507 ) ;
#3971 = VECTOR ( 'NONE', #5762, 1000.000000000000000 ) ;
#3972 = COLOUR_RGB ( '',1.000000000000000000, 1.000000000000000000, 1.000000000000000000 ) ;
#3973 = CARTESIAN_POINT ( 'NONE',  ( 4.270319585296296516, -0.6250000000000000000, -1.895319585296297626 ) ) ;
#3974 = LINE ( 'NONE', #5010, #4345 ) ;
#3975 = VERTEX_POINT ( 'NONE', #5078 ) ;
#3976 = MECHANICAL_DESIGN_GEOMETRIC_PRESENTATION_REPRESENTATION (  '', ( #5703 ), #6194 ) ;
#3977 = CARTESIAN_POINT ( 'NONE',  ( -4.015000000000001457, 0.08749999999999998057, 2.276307519084131759 ) ) ;
#3978 = CARTESIAN_POINT ( 'NONE',  ( 1.064999999999999059, -335652.5273630752345, 41215.35688911744364 ) ) ;
#3979 = DIRECTION ( 'NONE',  ( 1.000000000000000000, 0.000000000000000000, 0.000000000000000000 ) ) ;
#3980 = VECTOR ( 'NONE', #3254, 1000.000000000000000 ) ;
#3981 = EDGE_CURVE ( 'NONE', #5574, #2428, #4087, .T. ) ;
#3982 = COLOUR_RGB ( '',1.000000000000000000, 1.000000000000000000, 1.000000000000000000 ) ;
#3983 =( LENGTH_UNIT ( ) NAMED_UNIT ( * ) SI_UNIT ( .MILLI., .METRE. ) );
#3984 =( NAMED_UNIT ( * ) SI_UNIT ( $, .STERADIAN. ) SOLID_ANGLE_UNIT ( ) );
#3985 = PRESENTATION_STYLE_ASSIGNMENT (( #3050 ) ) ;
#3986 = SURFACE_STYLE_USAGE ( .BOTH. , #3956 ) ;
#3987 = ORIENTED_EDGE ( 'NONE', *, *, #1182, .F. ) ;
#3988 = CARTESIAN_POINT ( 'NONE',  ( -1.065000000000000835, -335652.5273630752345, 41215.35688911744364 ) ) ;
#3989 = EDGE_CURVE ( 'NONE', #2927, #1190, #701, .T. ) ;
#3990 = ORIENTED_EDGE ( 'NONE', *, *, #4603, .F. ) ;
#3991 = AXIS2_PLACEMENT_3D ( 'NONE', #5190, #4708, #2136 ) ;
#3992 = LINE ( 'NONE', #4019, #3229 ) ;
#3993 = FILL_AREA_STYLE ('',( #1187 ) ) ;
#3994 = DIRECTION ( 'NONE',  ( 1.000000000000000000, 0.000000000000000000, 0.000000000000000000 ) ) ;
#3995 = ORIENTED_EDGE ( 'NONE', *, *, #1775, .F. ) ;
#3996 = DIRECTION ( 'NONE',  ( 0.000000000000000000, 0.000000000000000000, -1.000000000000000000 ) ) ;
#3997 = UNCERTAINTY_MEASURE_WITH_UNIT (LENGTH_MEASURE( 1.000000000000000082E-05 ), #5039, 'distance_accuracy_value', 'NONE');
#3998 = EDGE_LOOP ( 'NONE', ( #5919, #5014, #681, #893 ) ) ;
#3999 = CYLINDRICAL_SURFACE ( 'NONE', #6164, 0.1375000000000000389 ) ;
#4000 =( NAMED_UNIT ( * ) PLANE_ANGLE_UNIT ( ) SI_UNIT ( $, .RADIAN. ) );
#4001 = DIRECTION ( 'NONE',  ( 0.000000000000000000, 0.000000000000000000, -1.000000000000000000 ) ) ;
#4002 =( LENGTH_UNIT ( ) NAMED_UNIT ( * ) SI_UNIT ( .MILLI., .METRE. ) );
#4003 = UNCERTAINTY_MEASURE_WITH_UNIT (LENGTH_MEASURE( 1.000000000000000082E-05 ), #1045, 'distance_accuracy_value', 'NONE');
#4004 =( LENGTH_UNIT ( ) NAMED_UNIT ( * ) SI_UNIT ( .MILLI., .METRE. ) );
#4005 = ORIENTED_EDGE ( 'NONE', *, *, #4591, .T. ) ;
#4006 = VECTOR ( 'NONE', #662, 1000.000000000000227 ) ;
#4007 = VECTOR ( 'NONE', #1948, 1000.000000000000227 ) ;
#4008 = LINE ( 'NONE', #643, #6213 ) ;
#4009 =( LENGTH_UNIT ( ) NAMED_UNIT ( * ) SI_UNIT ( .MILLI., .METRE. ) );
#4010 = AXIS2_PLACEMENT_3D ( 'NONE', #465, #5217, #4777 ) ;
#4011 = ADVANCED_FACE ( 'NONE', ( #3747 ), #4689, .F. ) ;
#4012 = DIRECTION ( 'NONE',  ( 1.000000000000000000, 0.000000000000000000, 0.000000000000000000 ) ) ;
#4013 = CARTESIAN_POINT ( 'NONE',  ( -1.475000000000000977, -335652.5273630752345, 41215.35688911744364 ) ) ;
#4014 = ORIENTED_EDGE ( 'NONE', *, *, #4156, .T. ) ;
#4015 =( GEOMETRIC_REPRESENTATION_CONTEXT ( 3 ) GLOBAL_UNCERTAINTY_ASSIGNED_CONTEXT ( ( #5399 ) ) GLOBAL_UNIT_ASSIGNED_CONTEXT ( ( #5437, #3954, #3984 ) ) REPRESENTATION_CONTEXT ( 'NONE', 'WORKASPACE' ) );
#4016 = PLANE ( 'NONE',  #1699 ) ;
#4017 = ADVANCED_FACE ( 'NONE', ( #2647 ), #6117, .T. ) ;
#4018 = EDGE_LOOP ( 'NONE', ( #2654, #3172, #3251, #2763 ) ) ;
#4019 = CARTESIAN_POINT ( 'NONE',  ( 3.604999999999999094, -0.6499999999718397703, 2.989999999840620148 ) ) ;
#4020 = SURFACE_SIDE_STYLE ('',( #626 ) ) ;
#4021 = PRESENTATION_LAYER_ASSIGNMENT (  '', '', ( #5858 ) ) ;
#4022 = FACE_OUTER_BOUND ( 'NONE', #860, .T. ) ;
#4023 = ORIENTED_EDGE ( 'NONE', *, *, #2969, .F. ) ;
#4024 = PRESENTATION_STYLE_ASSIGNMENT (( #3554 ) ) ;
#4025 = ORIENTED_EDGE ( 'NONE', *, *, #1079, .F. ) ;
#4026 = DIRECTION ( 'NONE',  ( 0.000000000000000000, -1.224646799147353700E-16, 1.000000000000000000 ) ) ;
#4027 = FILL_AREA_STYLE ('',( #4951 ) ) ;
#4028 = CARTESIAN_POINT ( 'NONE',  ( -4.015000000000001457, -238883.7904503427853, -29333.47370393944584 ) ) ;
#4029 = PLANE ( 'NONE',  #5310 ) ;
#4030 = MECHANICAL_DESIGN_GEOMETRIC_PRESENTATION_REPRESENTATION (  '', ( #6271 ), #785 ) ;
#4031 = EDGE_CURVE ( 'NONE', #4859, #1901, #6025, .T. ) ;
#4032 = ORIENTED_EDGE ( 'NONE', *, *, #3368, .F. ) ;
#4033 = AXIS2_PLACEMENT_3D ( 'NONE', #4663, #5688, #3807 ) ;
#4034 = STYLED_ITEM ( 'NONE', ( #5589 ), #291 ) ;
#4035 = SURFACE_SIDE_STYLE ('',( #2148 ) ) ;
#4036 = AXIS2_PLACEMENT_3D ( 'NONE', #5788, #1393, #4761 ) ;
#4037 = CARTESIAN_POINT ( 'NONE',  ( 3.604999999999999094, -0.7366484559696573342, 2.977822353386727627 ) ) ;
#4038 = AXIS2_PLACEMENT_3D ( 'NONE', #1709, #4590, #2140 ) ;
#4039 = FILL_AREA_STYLE ('',( #1560 ) ) ;
#4040 = COLOUR_RGB ( '',1.000000000000000000, 1.000000000000000000, 1.000000000000000000 ) ;
#4041 = VECTOR ( 'NONE', #3048, 1000.000000000000114 ) ;
#4042 = CARTESIAN_POINT ( 'NONE',  ( -2.335000000000001297, -0.4883712797543182660, 2.468665345013221213 ) ) ;
#4043 = MECHANICAL_DESIGN_GEOMETRIC_PRESENTATION_REPRESENTATION (  '', ( #4454 ), #1013 ) ;
#4044 = LINE ( 'NONE', #5901, #1579 ) ;
#4045 = DIRECTION ( 'NONE',  ( 1.000000000000000000, 0.000000000000000000, 0.000000000000000000 ) ) ;
#4046 = CARTESIAN_POINT ( 'NONE',  ( -3.794868026377201442, 0.6250000000000000000, 1.046248661278872172 ) ) ;
#4047 = ORIENTED_EDGE ( 'NONE', *, *, #3761, .F. ) ;
#4048 = EDGE_CURVE ( 'NONE', #2871, #5041, #2674, .T. ) ;
#4049 = ORIENTED_EDGE ( 'NONE', *, *, #1046, .F. ) ;
#4050 = PRESENTATION_STYLE_ASSIGNMENT (( #1635 ) ) ;
#4051 = LINE ( 'NONE', #5537, #5086 ) ;
#4052 = ORIENTED_EDGE ( 'NONE', *, *, #5375, .T. ) ;
#4053 = UNCERTAINTY_MEASURE_WITH_UNIT (LENGTH_MEASURE( 1.000000000000000082E-05 ), #216, 'distance_accuracy_value', 'NONE');
#4054 = ORIENTED_EDGE ( 'NONE', *, *, #6036, .F. ) ;
#4055 = FILL_AREA_STYLE_COLOUR ( '', #1001 ) ;
#4056 = CARTESIAN_POINT ( 'NONE',  ( 2.744999999999999218, 0.08750000000000054956, -2.276307518992029877 ) ) ;
#4057 = EDGE_CURVE ( 'NONE', #886, #5487, #3645, .T. ) ;
#4058 = ADVANCED_FACE ( 'NONE', ( #311 ), #3707, .F. ) ;
#4059 = FILL_AREA_STYLE_COLOUR ( '', #6138 ) ;
#4060 =( NAMED_UNIT ( * ) SI_UNIT ( $, .STERADIAN. ) SOLID_ANGLE_UNIT ( ) );
#4061 = UNCERTAINTY_MEASURE_WITH_UNIT (LENGTH_MEASURE( 1.000000000000000082E-05 ), #2576, 'distance_accuracy_value', 'NONE');
#4062 = ORIENTED_EDGE ( 'NONE', *, *, #4570, .F. ) ;
#4063 = ADVANCED_FACE ( 'NONE', ( #475 ), #5814, .F. ) ;
#4064 = SURFACE_STYLE_FILL_AREA ( #3534 ) ;
#4065 = ORIENTED_EDGE ( 'NONE', *, *, #4788, .F. ) ;
#4066 =( LENGTH_UNIT ( ) NAMED_UNIT ( * ) SI_UNIT ( .MILLI., .METRE. ) );
#4067 = UNCERTAINTY_MEASURE_WITH_UNIT (LENGTH_MEASURE( 1.000000000000000082E-05 ), #841, 'distance_accuracy_value', 'NONE');
#4068 = DIRECTION ( 'NONE',  ( 0.000000000000000000, 0.000000000000000000, -1.000000000000000000 ) ) ;
#4069 = MANIFOLD_SOLID_BREP ( 'LPattern2[1]', #2917 ) ;
#4070 = ORIENTED_EDGE ( 'NONE', *, *, #2340, .T. ) ;
#4071 =( NAMED_UNIT ( * ) PLANE_ANGLE_UNIT ( ) SI_UNIT ( $, .RADIAN. ) );
#4072 = AXIS2_PLACEMENT_3D ( 'NONE', #60, #1449, #5843 ) ;
#4073 = CARTESIAN_POINT ( 'NONE',  ( -4.270319585296298293, 0.6250000000000000000, -1.895319585296297626 ) ) ;
#4074 = ORIENTED_EDGE ( 'NONE', *, *, #154, .F. ) ;
#4075 = ORIENTED_EDGE ( 'NONE', *, *, #4767, .T. ) ;
#4076 = AXIS2_PLACEMENT_3D ( 'NONE', #4735, #1334, #3723 ) ;
#4077 = FACE_OUTER_BOUND ( 'NONE', #3235, .T. ) ;
#4078 = VERTEX_POINT ( 'NONE', #3426 ) ;
#4079 = CARTESIAN_POINT ( 'NONE',  ( -2.745000000000000995, -0.04999999999999946154, -2.276307518992031209 ) ) ;
#4080 = ORIENTED_EDGE ( 'NONE', *, *, #5186, .T. ) ;
#4081 = DIRECTION ( 'NONE',  ( 0.000000000000000000, 0.1391731009600654934, 0.9902680687415702510 ) ) ;
#4082 = CARTESIAN_POINT ( 'NONE',  ( 2.744999999999999218, 0.08749999999214218283, 2.276307519025522197 ) ) ;
#4083 = STYLED_ITEM ( 'NONE', ( #4542 ), #495 ) ;
#4084 = CARTESIAN_POINT ( 'NONE',  ( 3.604999999999999094, -238883.7691232077195, -29333.64739951598312 ) ) ;
#4085 = PRESENTATION_STYLE_ASSIGNMENT (( #164 ) ) ;
#4086 = SURFACE_STYLE_FILL_AREA ( #4499 ) ;
#4087 = LINE ( 'NONE', #4568, #2913 ) ;
#4088 = ORIENTED_EDGE ( 'NONE', *, *, #2957, .F. ) ;
#4089 = EDGE_CURVE ( 'NONE', #2011, #3392, #5785, .T. ) ;
#4090 = FACE_OUTER_BOUND ( 'NONE', #6006, .T. ) ;
#4091 = EDGE_CURVE ( 'NONE', #3975, #1654, #4241, .T. ) ;
#4092 = EDGE_LOOP ( 'NONE', ( #5734, #1576, #908, #917 ) ) ;
#4093 = VECTOR ( 'NONE', #3968, 1000.000000000000114 ) ;
#4094 = CARTESIAN_POINT ( 'NONE',  ( 3.604999999999999094, -0.03324296528179307431, 2.412782614842713169 ) ) ;
#4095 = VERTEX_POINT ( 'NONE', #3802 ) ;
#4096 = EDGE_CURVE ( 'NONE', #1901, #1708, #5750, .T. ) ;
#4097 = FILL_AREA_STYLE_COLOUR ( '', #2549 ) ;
#4098 = SURFACE_STYLE_USAGE ( .BOTH. , #3653 ) ;
#4099 = DIRECTION ( 'NONE',  ( 0.000000000000000000, -0.9925461516413218721, 0.1218693434051480867 ) ) ;
#4100 = STYLED_ITEM ( 'NONE', ( #3860 ), #1213 ) ;
#4101 = ORIENTED_EDGE ( 'NONE', *, *, #3166, .F. ) ;
#4102 = VECTOR ( 'NONE', #5952, 1000.000000000000000 ) ;
#4103 = DIRECTION ( 'NONE',  ( 0.000000000000000000, -1.224646799147353700E-16, 1.000000000000000000 ) ) ;
#4104 = CARTESIAN_POINT ( 'NONE',  ( 3.604999999999999094, -0.4883712798218198259, 2.468665345020326640 ) ) ;
#4105 = ORIENTED_EDGE ( 'NONE', *, *, #2373, .F. ) ;
#4106 = ORIENTED_EDGE ( 'NONE', *, *, #5488, .T. ) ;
#4107 = FILL_AREA_STYLE ('',( #1670 ) ) ;
#4108 = MECHANICAL_DESIGN_GEOMETRIC_PRESENTATION_REPRESENTATION (  '', ( #6244 ), #5128 ) ;
#4109 = FILL_AREA_STYLE_COLOUR ( '', #2978 ) ;
#4110 =( NAMED_UNIT ( * ) PLANE_ANGLE_UNIT ( ) SI_UNIT ( $, .RADIAN. ) );
#4111 = VERTEX_POINT ( 'NONE', #2839 ) ;
#4112 = CARTESIAN_POINT ( 'NONE',  ( -4.015000000000001457, -0.03324296518320021127, -2.412782614830607297 ) ) ;
#4113 = FILL_AREA_STYLE ('',( #3473 ) ) ;
#4114 = CARTESIAN_POINT ( 'NONE',  ( 2.334999999999999520, -0.6499999999718397703, 2.989999999840620148 ) ) ;
#4115 = VERTEX_POINT ( 'NONE', #4785 ) ;
#4116 = FILL_AREA_STYLE ('',( #2175 ) ) ;
#4117 = EDGE_CURVE ( 'NONE', #5911, #559, #567, .T. ) ;
#4118 = PRESENTATION_LAYER_ASSIGNMENT (  '', '', ( #87 ) ) ;
#4119 = DIRECTION ( 'NONE',  ( 1.000000000000000000, 0.000000000000000000, 0.000000000000000000 ) ) ;
#4120 = AXIS2_PLACEMENT_3D ( 'NONE', #5704, #964, #5312 ) ;
#4121 = CARTESIAN_POINT ( 'NONE',  ( -0.2050000000000008760, -0.5215016595598557236, 2.434951625771963890 ) ) ;
#4122 = VECTOR ( 'NONE', #2970, 1000.000000000000114 ) ;
#4123 = ADVANCED_FACE ( 'NONE', ( #2483 ), #1546, .F. ) ;
#4124 = SURFACE_STYLE_USAGE ( .BOTH. , #5119 ) ;
#4125 = SURFACE_SIDE_STYLE ('',( #3596 ) ) ;
#4126 = DIRECTION ( 'NONE',  ( 0.000000000000000000, -0.1391731009600658264, 0.9902680687415702510 ) ) ;
#4127 = VECTOR ( 'NONE', #587, 1000.000000000000000 ) ;
#4128 = ORIENTED_EDGE ( 'NONE', *, *, #3704, .F. ) ;
#4129 = EDGE_CURVE ( 'NONE', #2002, #1547, #1081, .T. ) ;
#4130 = CLOSED_SHELL ( 'NONE', ( #5214, #562, #1696, #5324, #279, #1261, #2929, #2644, #117, #502, #2791, #3591, #6148, #2728, #4311, #5079, #6075, #4486 ) ) ;
#4131 = VECTOR ( 'NONE', #4659, 1000.000000000000114 ) ;
#4132 =( LENGTH_UNIT ( ) NAMED_UNIT ( * ) SI_UNIT ( .MILLI., .METRE. ) );
#4133 = COLOUR_RGB ( '',1.000000000000000000, 1.000000000000000000, 1.000000000000000000 ) ;
#4134 = CARTESIAN_POINT ( 'NONE',  ( 2.334999999999999520, -0.6500000000286831892, -2.990000000067993824 ) ) ;
#4135 = ORIENTED_EDGE ( 'NONE', *, *, #4560, .F. ) ;
#4136 = CARTESIAN_POINT ( 'NONE',  ( 0.2049999999999993494, -0.6576635190569390943, -2.415815324525283359 ) ) ;
#4137 = VERTEX_POINT ( 'NONE', #2454 ) ;
#4138 = DIRECTION ( 'NONE',  ( 0.000000000000000000, 0.000000000000000000, -1.000000000000000000 ) ) ;
#4139 =( LENGTH_UNIT ( ) NAMED_UNIT ( * ) SI_UNIT ( .MILLI., .METRE. ) );
#4140 = MANIFOLD_SOLID_BREP ( 'LPattern1[3]', #1012 ) ;
#4141 = DIRECTION ( 'NONE',  ( 0.000000000000000000, 0.000000000000000000, -1.000000000000000000 ) ) ;
#4142 = LINE ( 'NONE', #2265, #851 ) ;
#4143 = LINE ( 'NONE', #751, #3841 ) ;
#4144 = ORIENTED_EDGE ( 'NONE', *, *, #4910, .F. ) ;
#4145 = DIRECTION ( 'NONE',  ( 0.000000000000000000, -0.9925461516413218721, 0.1218693434051480867 ) ) ;
#4146 = CARTESIAN_POINT ( 'NONE',  ( -2.745000000000000995, 0.08749999999214273794, -2.276307518968678778 ) ) ;
#4147 = CARTESIAN_POINT ( 'NONE',  ( -3.605000000000000870, -0.4883712798999795268, -2.468665345142895262 ) ) ;
#4148 = CARTESIAN_POINT ( 'NONE',  ( -4.015000000000001457, -0.5382586940072542347, 2.298476529816184666 ) ) ;
#4149 = ORIENTED_EDGE ( 'NONE', *, *, #530, .T. ) ;
#4150 = FACE_OUTER_BOUND ( 'NONE', #3803, .T. ) ;
#4151 = CARTESIAN_POINT ( 'NONE',  ( 1.064999999999999059, -335652.5486902103294, 41215.18319354090636 ) ) ;
#4152 = DIRECTION ( 'NONE',  ( 0.000000000000000000, 0.9925461516413218721, 0.1218693434051480867 ) ) ;
#4153 = CARTESIAN_POINT ( 'NONE',  ( 2.744999999999999218, -0.04999999999999946154, -2.276307518992031209 ) ) ;
#4154 =( NAMED_UNIT ( * ) SI_UNIT ( $, .STERADIAN. ) SOLID_ANGLE_UNIT ( ) );
#4155 = ORIENTED_EDGE ( 'NONE', *, *, #1461, .F. ) ;
#4156 = EDGE_CURVE ( 'NONE', #671, #3001, #4439, .T. ) ;
#4157 = VECTOR ( 'NONE', #3575, 1000.000000000000000 ) ;
#4158 =( NAMED_UNIT ( * ) PLANE_ANGLE_UNIT ( ) SI_UNIT ( $, .RADIAN. ) );
#4159 = CARTESIAN_POINT ( 'NONE',  ( 1.064999999999999059, -0.4883712798218198259, 2.468665345020326640 ) ) ;
#4160 = EDGE_CURVE ( 'NONE', #4427, #2079, #6200, .T. ) ;
#4161 = CARTESIAN_POINT ( 'NONE',  ( -2.745000000000000995, 49479.12776683849370, 352064.5513059087098 ) ) ;
#4162 = EDGE_LOOP ( 'NONE', ( #1944, #1763, #2696, #4779 ) ) ;
#4163 = CARTESIAN_POINT ( 'NONE',  ( 1.064999999999999059, -0.6499999999718397703, 2.989999999840620148 ) ) ;
#4164 = UNCERTAINTY_MEASURE_WITH_UNIT (LENGTH_MEASURE( 1.000000000000000082E-05 ), #2616, 'distance_accuracy_value', 'NONE');
#4165 = VECTOR ( 'NONE', #2288, 1000.000000000000000 ) ;
#4166 = ORIENTED_EDGE ( 'NONE', *, *, #2536, .T. ) ;
#4167 = DIRECTION ( 'NONE',  ( -0.000000000000000000, 1.000000000000000000, 1.224646799147353700E-16 ) ) ;
#4168 =( NAMED_UNIT ( * ) PLANE_ANGLE_UNIT ( ) SI_UNIT ( $, .RADIAN. ) );
#4169 = MECHANICAL_DESIGN_GEOMETRIC_PRESENTATION_REPRESENTATION (  '', ( #1220 ), #3868 ) ;
#4170 = DIRECTION ( 'NONE',  ( -0.000000000000000000, 0.9902680687415702510, 0.1391731009600658264 ) ) ;
#4171 = VECTOR ( 'NONE', #3186, 1000.000000000000114 ) ;
#4172 = UNCERTAINTY_MEASURE_WITH_UNIT (LENGTH_MEASURE( 1.000000000000000082E-05 ), #2744, 'distance_accuracy_value', 'NONE');
#4173 = DIRECTION ( 'NONE',  ( 0.000000000000000000, 0.000000000000000000, -1.000000000000000000 ) ) ;
#4174 = ORIENTED_EDGE ( 'NONE', *, *, #850, .F. ) ;
#4176 = EDGE_CURVE ( 'NONE', #3139, #4442, #2444, .T. ) ;
#4175 = LINE ( 'NONE', #344, #1394 ) ;
#4177 = SURFACE_STYLE_FILL_AREA ( #5551 ) ;
#4178 = MECHANICAL_DESIGN_GEOMETRIC_PRESENTATION_REPRESENTATION (  '', ( #337 ), #5407 ) ;
#4179 = LINE ( 'NONE', #1230, #6158 ) ;
#4180 = DIRECTION ( 'NONE',  ( 0.000000000000000000, 0.000000000000000000, -1.000000000000000000 ) ) ;
#4181 = LINE ( 'NONE', #920, #5749 ) ;
#4182 = SURFACE_SIDE_STYLE ('',( #2212 ) ) ;
#4183 = VERTEX_POINT ( 'NONE', #4775 ) ;
#4184 = CARTESIAN_POINT ( 'NONE',  ( -3.794868026377201442, 0.6149999999999999911, 1.046248661278872172 ) ) ;
#4185 = SURFACE_SIDE_STYLE ('',( #6070 ) ) ;
#4186 = ORIENTED_EDGE ( 'NONE', *, *, #3818, .T. ) ;
#4187 = PLANE ( 'NONE',  #3107 ) ;
#4188 = COLOUR_RGB ( '',1.000000000000000000, 1.000000000000000000, 1.000000000000000000 ) ;
#4189 = FILL_AREA_STYLE_COLOUR ( '', #647 ) ;
#4190 = FILL_AREA_STYLE ('',( #4097 ) ) ;
#4191 = EDGE_CURVE ( 'NONE', #3139, #4111, #1171, .T. ) ;
#4192 = VERTEX_POINT ( 'NONE', #1939 ) ;
#4193 = PLANE ( 'NONE',  #1099 ) ;
#4194 = DIRECTION ( 'NONE',  ( 0.000000000000000000, -0.1391731009600658264, 0.9902680687415702510 ) ) ;
#4195 = FACE_OUTER_BOUND ( 'NONE', #877, .T. ) ;
#4196 = DIRECTION ( 'NONE',  ( 0.000000000000000000, 0.000000000000000000, -1.000000000000000000 ) ) ;
#4197 = MECHANICAL_DESIGN_GEOMETRIC_PRESENTATION_REPRESENTATION (  '', ( #4505 ), #5519 ) ;
#4198 = VERTEX_POINT ( 'NONE', #1856 ) ;
#4199 = LINE ( 'NONE', #4163, #1689 ) ;
#4200 = ORIENTED_EDGE ( 'NONE', *, *, #992, .T. ) ;
#4201 = VECTOR ( 'NONE', #5250, 1000.000000000000227 ) ;
#4202 = SURFACE_SIDE_STYLE ('',( #4686 ) ) ;
#4203 = SURFACE_STYLE_FILL_AREA ( #3193 ) ;
#4204 = DIRECTION ( 'NONE',  ( 1.000000000000000000, 0.000000000000000000, 0.000000000000000000 ) ) ;
#4205 = COLOUR_RGB ( '',1.000000000000000000, 1.000000000000000000, 1.000000000000000000 ) ;
#4206 = ORIENTED_EDGE ( 'NONE', *, *, #5300, .F. ) ;
#4207 = LINE ( 'NONE', #6149, #6270 ) ;
#4208 = EDGE_CURVE ( 'NONE', #2854, #3498, #5834, .T. ) ;
#4209 = CARTESIAN_POINT ( 'NONE',  ( 4.270319585296296516, 0.6250000000000000000, 1.620303868389674662 ) ) ;
#4210 = PRESENTATION_STYLE_ASSIGNMENT (( #1745 ) ) ;
#4211 = SURFACE_SIDE_STYLE ('',( #2272 ) ) ;
#4212 =( NAMED_UNIT ( * ) SI_UNIT ( $, .STERADIAN. ) SOLID_ANGLE_UNIT ( ) );
#4213 = ORIENTED_EDGE ( 'NONE', *, *, #1700, .F. ) ;
#4215 = DIRECTION ( 'NONE',  ( 1.000000000000000000, 0.000000000000000000, 0.000000000000000000 ) ) ;
#4214 = MECHANICAL_DESIGN_GEOMETRIC_PRESENTATION_REPRESENTATION (  '', ( #6139 ), #3615 ) ;
#4216 =( NAMED_UNIT ( * ) PLANE_ANGLE_UNIT ( ) SI_UNIT ( $, .RADIAN. ) );
#4217 = MECHANICAL_DESIGN_GEOMETRIC_PRESENTATION_REPRESENTATION (  '', ( #272 ), #4833 ) ;
#4218 = CARTESIAN_POINT ( 'NONE',  ( 2.334999999999999520, -0.5382586942780623884, -2.298476529921281930 ) ) ;
#4219 = CIRCLE ( 'NONE', #2096, 0.1375000000000000389 ) ;
#4220 = DIRECTION ( 'NONE',  ( -0.000000000000000000, 0.1218693434051481006, 0.9925461516413219831 ) ) ;
#4221 = FILL_AREA_STYLE_COLOUR ( '', #2801 ) ;
#4222 = CIRCLE ( 'NONE', #3533, 0.1375000000000000389 ) ;
#4223 = ORIENTED_EDGE ( 'NONE', *, *, #3761, .T. ) ;
#4224 = MECHANICAL_DESIGN_GEOMETRIC_PRESENTATION_REPRESENTATION (  '', ( #3320 ), #2100 ) ;
#4225 = CARTESIAN_POINT ( 'NONE',  ( 1.064999999999999059, -0.08750000000785781995, 2.243130321517128323 ) ) ;
#4226 = CARTESIAN_POINT ( 'NONE',  ( -2.745000000000000995, -60775.72791150532430, 432440.1392470651190 ) ) ;
#4227 = PRESENTATION_STYLE_ASSIGNMENT (( #364 ) ) ;
#4228 = FACE_OUTER_BOUND ( 'NONE', #6, .T. ) ;
#4229 = MECHANICAL_DESIGN_GEOMETRIC_PRESENTATION_REPRESENTATION (  '', ( #193 ), #4739 ) ;
#4230 = VERTEX_POINT ( 'NONE', #3793 ) ;
#4231 = DIRECTION ( 'NONE',  ( 1.000000000000000000, 0.000000000000000000, 0.000000000000000000 ) ) ;
#4232 = VECTOR ( 'NONE', #5304, 1000.000000000000227 ) ;
#4233 = STYLED_ITEM ( 'NONE', ( #451 ), #3908 ) ;
#4234 = VERTEX_POINT ( 'NONE', #2318 ) ;
#4235 = AXIS2_PLACEMENT_3D ( 'NONE', #5576, #1833, #749 ) ;
#4236 = VECTOR ( 'NONE', #1238, 1000.000000000000114 ) ;
#4237 = FILL_AREA_STYLE_COLOUR ( '', #5665 ) ;
#4238 = MECHANICAL_DESIGN_GEOMETRIC_PRESENTATION_REPRESENTATION (  '', ( #2118 ), #5886 ) ;
#4239 = FILL_AREA_STYLE ('',( #375 ) ) ;
#4240 = UNCERTAINTY_MEASURE_WITH_UNIT (LENGTH_MEASURE( 1.000000000000000082E-05 ), #1495, 'distance_accuracy_value', 'NONE');
#4241 = LINE ( 'NONE', #2808, #3444 ) ;
#4242 = ORIENTED_EDGE ( 'NONE', *, *, #1877, .T. ) ;
#4243 =( NAMED_UNIT ( * ) PLANE_ANGLE_UNIT ( ) SI_UNIT ( $, .RADIAN. ) );
#4244 =( LENGTH_UNIT ( ) NAMED_UNIT ( * ) SI_UNIT ( .MILLI., .METRE. ) );
#4245 = EDGE_CURVE ( 'NONE', #5244, #4965, #2925, .T. ) ;
#4246 = LINE ( 'NONE', #6185, #5660 ) ;
#4247 = FILL_AREA_STYLE_COLOUR ( '', #5550 ) ;
#4248 = CARTESIAN_POINT ( 'NONE',  ( -4.015000000000001457, -0.5215016595598550575, -2.434951625771963890 ) ) ;
#4249 = ORIENTED_EDGE ( 'NONE', *, *, #1504, .F. ) ;
#4250 = EDGE_CURVE ( 'NONE', #192, #5191, #4869, .T. ) ;
#4251 = ORIENTED_EDGE ( 'NONE', *, *, #5533, .T. ) ;
#4252 = FILL_AREA_STYLE_COLOUR ( '', #288 ) ;
#4253 = LINE ( 'NONE', #4831, #3673 ) ;
#4254 =( NAMED_UNIT ( * ) SI_UNIT ( $, .STERADIAN. ) SOLID_ANGLE_UNIT ( ) );
#4255 = VERTEX_POINT ( 'NONE', #3345 ) ;
#4256 = CARTESIAN_POINT ( 'NONE',  ( -2.745000000000000995, -0.5215016595598550575, -2.434951625771963890 ) ) ;
#4257 = PLANE ( 'NONE',  #2294 ) ;
#4258 = DIRECTION ( 'NONE',  ( 0.000000000000000000, 0.000000000000000000, -1.000000000000000000 ) ) ;
#4259 = CARTESIAN_POINT ( 'NONE',  ( -0.2050000000000008760, -0.05000000000000001665, 2.276307518992031209 ) ) ;
#4260 = ORIENTED_EDGE ( 'NONE', *, *, #1850, .F. ) ;
#4261 = DIRECTION ( 'NONE',  ( 1.000000000000000000, 0.000000000000000000, 0.000000000000000000 ) ) ;
#4262 = ORIENTED_EDGE ( 'NONE', *, *, #2039, .F. ) ;
#4263 = AXIS2_PLACEMENT_3D ( 'NONE', #1828, #1246, #4196 ) ;
#4264 = SURFACE_SIDE_STYLE ('',( #3230 ) ) ;
#4265 =( LENGTH_UNIT ( ) NAMED_UNIT ( * ) SI_UNIT ( .MILLI., .METRE. ) );
#4266 =( NAMED_UNIT ( * ) PLANE_ANGLE_UNIT ( ) SI_UNIT ( $, .RADIAN. ) );
#4267 = PRESENTATION_STYLE_ASSIGNMENT (( #2837 ) ) ;
#4268 = MECHANICAL_DESIGN_GEOMETRIC_PRESENTATION_REPRESENTATION (  '', ( #5397 ), #5089 ) ;
#4269 = SURFACE_STYLE_FILL_AREA ( #6249 ) ;
#4270 = VERTEX_POINT ( 'NONE', #5281 ) ;
#4271 = EDGE_CURVE ( 'NONE', #523, #4078, #2279, .T. ) ;
#4272 = MECHANICAL_DESIGN_GEOMETRIC_PRESENTATION_REPRESENTATION (  '', ( #5802 ), #3376 ) ;
#4273 = CARTESIAN_POINT ( 'NONE',  ( 3.604999999999999094, -238883.7904503427853, -29333.47370393944584 ) ) ;
#4274 = CARTESIAN_POINT ( 'NONE',  ( -0.2050000000000008760, -238883.7691232077195, -29333.64739951598312 ) ) ;
#4275 = CARTESIAN_POINT ( 'NONE',  ( 2.334999999999999520, -0.7366484560549224625, -2.977822353784631559 ) ) ;
#4276 = SURFACE_SIDE_STYLE ('',( #983 ) ) ;
#4277 = EDGE_CURVE ( 'NONE', #2721, #1137, #5738, .T. ) ;
#4278 = VERTEX_POINT ( 'NONE', #905 ) ;
#4279 =( LENGTH_UNIT ( ) NAMED_UNIT ( * ) SI_UNIT ( .MILLI., .METRE. ) );
#4280 = DIRECTION ( 'NONE',  ( 0.000000000000000000, -0.1391731009600658264, 0.9902680687415702510 ) ) ;
#4281 = EDGE_CURVE ( 'NONE', #6118, #2721, #431, .T. ) ;
#4282 = VERTEX_POINT ( 'NONE', #4743 ) ;
#4283 = VECTOR ( 'NONE', #3484, 1000.000000000000000 ) ;
#4284 = SURFACE_SIDE_STYLE ('',( #3688 ) ) ;
#4285 = PRESENTATION_STYLE_ASSIGNMENT (( #2752 ) ) ;
#4286 = AXIS2_PLACEMENT_3D ( 'NONE', #2818, #1266, #3755 ) ;
#4287 = SURFACE_STYLE_FILL_AREA ( #2344 ) ;
#4288 = SURFACE_SIDE_STYLE ('',( #1909 ) ) ;
#4289 = ORIENTED_EDGE ( 'NONE', *, *, #3641, .F. ) ;
#4290 = EDGE_CURVE ( 'NONE', #1889, #6107, #4838, .T. ) ;
#4291 = DIRECTION ( 'NONE',  ( 1.000000000000000000, 0.000000000000000000, 0.000000000000000000 ) ) ;
#4292 = FILL_AREA_STYLE_COLOUR ( '', #4626 ) ;
#4293 = AXIS2_PLACEMENT_3D ( 'NONE', #1998, #456, #1965 ) ;
#4294 = LINE ( 'NONE', #1970, #6101 ) ;
#4295 = LINE ( 'NONE', #1880, #5848 ) ;
#4296 = ORIENTED_EDGE ( 'NONE', *, *, #197, .F. ) ;
#4297 = CYLINDRICAL_SURFACE ( 'NONE', #4933, 0.1375000000000000389 ) ;
#4298 = EDGE_CURVE ( 'NONE', #4183, #4282, #463, .T. ) ;
#4299 = ORIENTED_EDGE ( 'NONE', *, *, #5937, .F. ) ;
#4300 = COLOUR_RGB ( '',1.000000000000000000, 1.000000000000000000, 1.000000000000000000 ) ;
#4301 = SURFACE_STYLE_USAGE ( .BOTH. , #1044 ) ;
#4302 = DIRECTION ( 'NONE',  ( 0.000000000000000000, -0.9925461516413218721, 0.1218693434051480867 ) ) ;
#4303 =( NAMED_UNIT ( * ) PLANE_ANGLE_UNIT ( ) SI_UNIT ( $, .RADIAN. ) );
#4304 = UNCERTAINTY_MEASURE_WITH_UNIT (LENGTH_MEASURE( 1.000000000000000082E-05 ), #1756, 'distance_accuracy_value', 'NONE');
#4305 = EDGE_LOOP ( 'NONE', ( #659, #640, #3119, #5340 ) ) ;
#4306 = AXIS2_PLACEMENT_3D ( 'NONE', #4259, #6202, #3315 ) ;
#4307 = DIRECTION ( 'NONE',  ( 1.000000000000000000, 0.000000000000000000, 0.000000000000000000 ) ) ;
#4308 = DIRECTION ( 'NONE',  ( 0.000000000000000000, 0.9925461516413218721, 0.1218693434051480867 ) ) ;
#4309 = PRESENTATION_STYLE_ASSIGNMENT (( #5689 ) ) ;
#4310 =( LENGTH_UNIT ( ) NAMED_UNIT ( * ) SI_UNIT ( .MILLI., .METRE. ) );
#4311 = ADVANCED_FACE ( 'NONE', ( #2351 ), #6091, .F. ) ;
#4312 = VERTEX_POINT ( 'NONE', #2236 ) ;
#4313 =( NAMED_UNIT ( * ) PLANE_ANGLE_UNIT ( ) SI_UNIT ( $, .RADIAN. ) );
#4314 = VECTOR ( 'NONE', #3805, 1000.000000000000227 ) ;
#4315 = ORIENTED_EDGE ( 'NONE', *, *, #5139, .F. ) ;
#4316 = VECTOR ( 'NONE', #3064, 1000.000000000000000 ) ;
#4317 = ADVANCED_FACE ( 'NONE', ( #754 ), #1323, .T. ) ;
#4318 = LINE ( 'NONE', #989, #1199 ) ;
#4319 = EDGE_CURVE ( 'NONE', #5679, #242, #790, .T. ) ;
#4320 = DIRECTION ( 'NONE',  ( 1.000000000000000000, 0.000000000000000000, 0.000000000000000000 ) ) ;
#4321 = PRESENTATION_STYLE_ASSIGNMENT (( #2438 ) ) ;
#4322 = SURFACE_STYLE_FILL_AREA ( #2375 ) ;
#4323 = VERTEX_POINT ( 'NONE', #4112 ) ;
#4324 = CARTESIAN_POINT ( 'NONE',  ( -3.605000000000000870, -335652.5486902103294, 41215.18319354090636 ) ) ;
#4325 = EDGE_CURVE ( 'NONE', #1330, #5961, #3167, .T. ) ;
#4326 = SURFACE_STYLE_USAGE ( .BOTH. , #4357 ) ;
#4327 = MECHANICAL_DESIGN_GEOMETRIC_PRESENTATION_REPRESENTATION (  '', ( #181 ), #4527 ) ;
#4328 = DIRECTION ( 'NONE',  ( 1.000000000000000000, 0.000000000000000000, 0.000000000000000000 ) ) ;
#4329 = CARTESIAN_POINT ( 'NONE',  ( -2.745000000000000995, -0.4883712799141903815, -2.468665345094933627 ) ) ;
#4330 = EDGE_LOOP ( 'NONE', ( #2849, #2385, #4786, #55 ) ) ;
#4331 =( LENGTH_UNIT ( ) NAMED_UNIT ( * ) SI_UNIT ( .MILLI., .METRE. ) );
#4332 = EDGE_CURVE ( 'NONE', #2887, #3640, #3712, .T. ) ;
#4333 = MECHANICAL_DESIGN_GEOMETRIC_PRESENTATION_REPRESENTATION (  '', ( #3013 ), #275 ) ;
#4334 = MECHANICAL_DESIGN_GEOMETRIC_PRESENTATION_REPRESENTATION (  '', ( #993 ), #1999 ) ;
#4335 = ORIENTED_EDGE ( 'NONE', *, *, #5776, .T. ) ;
#4336 = AXIS2_PLACEMENT_3D ( 'NONE', #5896, #5278, #3815 ) ;
#4337 = DIRECTION ( 'NONE',  ( 1.000000000000000000, -0.000000000000000000, 0.000000000000000000 ) ) ;
#4338 = COLOUR_RGB ( '',1.000000000000000000, 1.000000000000000000, 1.000000000000000000 ) ;
#4339 = APPLICATION_CONTEXT ( 'automotive_design' ) ;
#4340 = PRESENTATION_LAYER_ASSIGNMENT (  '', '', ( #4543 ) ) ;
#4341 = SURFACE_STYLE_FILL_AREA ( #913 ) ;
#4342 = PLANE ( 'NONE',  #25 ) ;
#4343 = ORIENTED_EDGE ( 'NONE', *, *, #534, .F. ) ;
#4344 = MECHANICAL_DESIGN_GEOMETRIC_PRESENTATION_REPRESENTATION (  '', ( #398 ), #1797 ) ;
#4345 = VECTOR ( 'NONE', #1059, 1000.000000000000000 ) ;
#4346 = SURFACE_STYLE_USAGE ( .BOTH. , #445 ) ;
#4347 = CARTESIAN_POINT ( 'NONE',  ( 3.604999999999999094, 49479.30106375052128, 352064.5269506160403 ) ) ;
#4348 = CARTESIAN_POINT ( 'NONE',  ( -2.745000000000000995, -0.08750000000785781995, 2.243130321517128323 ) ) ;
#4349 = LINE ( 'NONE', #4857, #260 ) ;
#4350 =( LENGTH_UNIT ( ) NAMED_UNIT ( * ) SI_UNIT ( .MILLI., .METRE. ) );
#4351 = EDGE_LOOP ( 'NONE', ( #4812, #387, #5236, #3624 ) ) ;
#4352 = FACE_OUTER_BOUND ( 'NONE', #1667, .T. ) ;
#4353 = DIRECTION ( 'NONE',  ( 0.000000000000000000, 0.9925461516413218721, 0.1218693434051480867 ) ) ;
#4354 =( NAMED_UNIT ( * ) PLANE_ANGLE_UNIT ( ) SI_UNIT ( $, .RADIAN. ) );
#4355 = DIRECTION ( 'NONE',  ( 0.000000000000000000, 0.000000000000000000, -1.000000000000000000 ) ) ;
#4356 = LINE ( 'NONE', #3414, #1706 ) ;
#4357 = SURFACE_SIDE_STYLE ('',( #2419 ) ) ;
#4358 = CARTESIAN_POINT ( 'NONE',  ( 3.604999999999999094, -0.5215016595598550575, -2.434951625771963890 ) ) ;
#4359 = SURFACE_STYLE_FILL_AREA ( #2289 ) ;
#4360 = EDGE_LOOP ( 'NONE', ( #3957, #5798, #1669, #2648 ) ) ;
#4361 = SURFACE_SIDE_STYLE ('',( #3824 ) ) ;
#4362 = EDGE_CURVE ( 'NONE', #4234, #2660, #2208, .T. ) ;
#4363 = ORIENTED_EDGE ( 'NONE', *, *, #1455, .T. ) ;
#4364 = LINE ( 'NONE', #3352, #3540 ) ;
#4365 = EDGE_CURVE ( 'NONE', #4137, #1547, #5615, .T. ) ;
#4366 = CARTESIAN_POINT ( 'NONE',  ( 2.744999999999999218, -0.03324296520190728188, -2.412782614818809179 ) ) ;
#4367 = UNCERTAINTY_MEASURE_WITH_UNIT (LENGTH_MEASURE( 1.000000000000000082E-05 ), #3867, 'distance_accuracy_value', 'NONE');
#4368 = SURFACE_STYLE_FILL_AREA ( #30 ) ;
#4369 =( GEOMETRIC_REPRESENTATION_CONTEXT ( 3 ) GLOBAL_UNCERTAINTY_ASSIGNED_CONTEXT ( ( #1080 ) ) GLOBAL_UNIT_ASSIGNED_CONTEXT ( ( #2152, #290, #5658 ) ) REPRESENTATION_CONTEXT ( 'NONE', 'WORKASPACE' ) );
#4370 = EDGE_LOOP ( 'NONE', ( #5006, #393, #5522, #3862 ) ) ;
#4371 = EDGE_CURVE ( 'NONE', #4427, #845, #4692, .T. ) ;
#4372 = LINE ( 'NONE', #2332, #4845 ) ;
#4373 =( NAMED_UNIT ( * ) SI_UNIT ( $, .STERADIAN. ) SOLID_ANGLE_UNIT ( ) );
#4374 = LINE ( 'NONE', #3007, #2885 ) ;
#4375 = VECTOR ( 'NONE', #2730, 1000.000000000000000 ) ;
#4376 = CARTESIAN_POINT ( 'NONE',  ( -2.745000000000000995, -0.03324296520190728188, -2.412782614818809179 ) ) ;
#4377 = CARTESIAN_POINT ( 'NONE',  ( 2.334999999999999520, -0.08750000000715735249, -2.243130321568642671 ) ) ;
#4378 = UNCERTAINTY_MEASURE_WITH_UNIT (LENGTH_MEASURE( 1.000000000000000082E-05 ), #112, 'distance_accuracy_value', 'NONE');
#4379 = FILL_AREA_STYLE ('',( #4797 ) ) ;
#4380 = ORIENTED_EDGE ( 'NONE', *, *, #328, .F. ) ;
#4381 = VECTOR ( 'NONE', #1037, 1000.000000000000000 ) ;
#4382 = SURFACE_STYLE_USAGE ( .BOTH. , #5826 ) ;
#4383 = CARTESIAN_POINT ( 'NONE',  ( 2.334999999999999520, -0.5215016595598550575, -2.434951625771963890 ) ) ;
#4384 = ORIENTED_EDGE ( 'NONE', *, *, #4091, .F. ) ;
#4385 = CARTESIAN_POINT ( 'NONE',  ( -4.015000000000001457, -0.4883712799141903815, -2.468665345094933627 ) ) ;
#4386 =( NAMED_UNIT ( * ) PLANE_ANGLE_UNIT ( ) SI_UNIT ( $, .RADIAN. ) );
#4387 = CARTESIAN_POINT ( 'NONE',  ( -1.475000000000000977, -0.6500000000286831892, -2.990000000067993824 ) ) ;
#4388 = ADVANCED_FACE ( 'NONE', ( #3751 ), #3266, .T. ) ;
#4389 = LINE ( 'NONE', #4810, #5813 ) ;
#4390 = PRESENTATION_STYLE_ASSIGNMENT (( #3986 ) ) ;
#4391 = VERTEX_POINT ( 'NONE', #5268 ) ;
#4392 = CARTESIAN_POINT ( 'NONE',  ( -4.325000000000001066, 0.000000000000000000, -1.950000000000000400 ) ) ;
#4393 = EDGE_CURVE ( 'NONE', #1726, #2670, #918, .T. ) ;
#4394 =( GEOMETRIC_REPRESENTATION_CONTEXT ( 3 ) GLOBAL_UNCERTAINTY_ASSIGNED_CONTEXT ( ( #2206 ) ) GLOBAL_UNIT_ASSIGNED_CONTEXT ( ( #3611, #2023, #4567 ) ) REPRESENTATION_CONTEXT ( 'NONE', 'WORKASPACE' ) );
#4395 = EDGE_LOOP ( 'NONE', ( #5671, #1790, #1972, #3817 ) ) ;
#4396 = AXIS2_PLACEMENT_3D ( 'NONE', #3213, #4220, #6165 ) ;
#4397 = FACE_OUTER_BOUND ( 'NONE', #440, .T. ) ;
#4398 = PRESENTATION_STYLE_ASSIGNMENT (( #2360 ) ) ;
#4399 = ADVANCED_FACE ( 'NONE', ( #948 ), #1391, .F. ) ;
#4400 = COLOUR_RGB ( '',1.000000000000000000, 1.000000000000000000, 1.000000000000000000 ) ;
#4401 = CARTESIAN_POINT ( 'NONE',  ( 3.604999999999999094, -335652.5486902103294, 41215.18319354090636 ) ) ;
#4402 = FILL_AREA_STYLE ('',( #2522 ) ) ;
#4403 = ORIENTED_EDGE ( 'NONE', *, *, #1919, .F. ) ;
#4404 = VECTOR ( 'NONE', #2076, 1000.000000000000000 ) ;
#4405 = CARTESIAN_POINT ( 'NONE',  ( -1.065000000000000835, -0.5215016595598557236, 2.434951625771963890 ) ) ;
#4406 = CARTESIAN_POINT ( 'NONE',  ( -4.015000000000001457, -0.4883712798218198259, 2.468665344991904931 ) ) ;
#4407 = FILL_AREA_STYLE ('',( #3936 ) ) ;
#4408 = PLANE ( 'NONE',  #766 ) ;
#4409 =( GEOMETRIC_REPRESENTATION_CONTEXT ( 3 ) GLOBAL_UNCERTAINTY_ASSIGNED_CONTEXT ( ( #5573 ) ) GLOBAL_UNIT_ASSIGNED_CONTEXT ( ( #2768, #6141, #3259 ) ) REPRESENTATION_CONTEXT ( 'NONE', 'WORKASPACE' ) );
#4410 = VECTOR ( 'NONE', #1152, 1000.000000000000227 ) ;
#4411 = FACE_OUTER_BOUND ( 'NONE', #3768, .T. ) ;
#4412 = VERTEX_POINT ( 'NONE', #3394 ) ;
#4413 = ADVANCED_FACE ( 'NONE', ( #5325 ), #5363, .T. ) ;
#4414 = SURFACE_STYLE_FILL_AREA ( #988 ) ;
#4415 = VECTOR ( 'NONE', #5273, 1000.000000000000227 ) ;
#4416 = CARTESIAN_POINT ( 'NONE',  ( -4.015000000000001457, -238883.7904503427853, -29333.47370393944584 ) ) ;
#4417 = EDGE_CURVE ( 'NONE', #1476, #4958, #3523, .T. ) ;
#4418 = FILL_AREA_STYLE ('',( #2412 ) ) ;
#4419 = PLANE ( 'NONE',  #5907 ) ;
#4420 = PRESENTATION_STYLE_ASSIGNMENT (( #6229 ) ) ;
#4421 = EDGE_LOOP ( 'NONE', ( #517, #1502, #3905, #2021 ) ) ;
#4422 = VECTOR ( 'NONE', #3915, 1000.000000000000227 ) ;
#4423 = DIRECTION ( 'NONE',  ( 0.000000000000000000, -0.9925461516413218721, 0.1218693434051480867 ) ) ;
#4424 = FACE_OUTER_BOUND ( 'NONE', #1126, .T. ) ;
#4425 = DIRECTION ( 'NONE',  ( -0.000000000000000000, 1.000000000000000000, 1.224646799147353700E-16 ) ) ;
#4426 = DIRECTION ( 'NONE',  ( 1.000000000000000000, -0.000000000000000000, 0.000000000000000000 ) ) ;
#4427 = VERTEX_POINT ( 'NONE', #1984 ) ;
#4428 = DIRECTION ( 'NONE',  ( -0.08682659386424780579, -0.9924325091389669673, -0.08682659386424779191 ) ) ;
#4429 = EDGE_LOOP ( 'NONE', ( #3701, #3823, #3289, #3285 ) ) ;
#4430 = AXIS2_PLACEMENT_3D ( 'NONE', #3736, #2733, #5192 ) ;
#4431 = FACE_OUTER_BOUND ( 'NONE', #3553, .T. ) ;
#4432 = SURFACE_STYLE_FILL_AREA ( #2958 ) ;
#4433 =( NAMED_UNIT ( * ) SI_UNIT ( $, .STERADIAN. ) SOLID_ANGLE_UNIT ( ) );
#4434 =( NAMED_UNIT ( * ) PLANE_ANGLE_UNIT ( ) SI_UNIT ( $, .RADIAN. ) );
#4435 = DIRECTION ( 'NONE',  ( 1.000000000000000000, -0.000000000000000000, 0.000000000000000000 ) ) ;
#4436 = CIRCLE ( 'NONE', #1697, 0.1375000000000000389 ) ;
#4437 = EDGE_LOOP ( 'NONE', ( #3383, #4062, #3990, #4553 ) ) ;
#4438 = UNCERTAINTY_MEASURE_WITH_UNIT (LENGTH_MEASURE( 1.000000000000000082E-05 ), #639, 'distance_accuracy_value', 'NONE');
#4439 = LINE ( 'NONE', #402, #1883 ) ;
#4440 = MECHANICAL_DESIGN_GEOMETRIC_PRESENTATION_REPRESENTATION (  '', ( #384 ), #6116 ) ;
#4441 = PRESENTATION_LAYER_ASSIGNMENT (  '', '', ( #3427 ) ) ;
#4442 = VERTEX_POINT ( 'NONE', #660 ) ;
#4443 = SURFACE_SIDE_STYLE ('',( #3896 ) ) ;
#4445 = FILL_AREA_STYLE_COLOUR ( '', #2911 ) ;
#4444 = VECTOR ( 'NONE', #4854, 1000.000000000000227 ) ;
#4446 = VECTOR ( 'NONE', #525, 1000.000000000000000 ) ;
#4447 = CARTESIAN_POINT ( 'NONE',  ( 0.2049999999999991829, -0.4883712798999795268, -2.468665345142895262 ) ) ;
#4448 = DIRECTION ( 'NONE',  ( 1.000000000000000000, 0.000000000000000000, 0.000000000000000000 ) ) ;
#4449 = VECTOR ( 'NONE', #5052, 1000.000000000000000 ) ;
#4450 = FACE_OUTER_BOUND ( 'NONE', #5448, .T. ) ;
#4451 = COLOUR_RGB ( '',1.000000000000000000, 1.000000000000000000, 1.000000000000000000 ) ;
#4452 = ORIENTED_EDGE ( 'NONE', *, *, #2213, .T. ) ;
#4453 = EDGE_CURVE ( 'NONE', #5244, #231, #1085, .T. ) ;
#4454 = STYLED_ITEM ( 'NONE', ( #5846 ), #4063 ) ;
#4455 = EDGE_CURVE ( 'NONE', #212, #3051, #67, .T. ) ;
#4456 =( LENGTH_UNIT ( ) NAMED_UNIT ( * ) SI_UNIT ( .MILLI., .METRE. ) );
#4457 = FILL_AREA_STYLE_COLOUR ( '', #2327 ) ;
#4458 = CARTESIAN_POINT ( 'NONE',  ( -3.605000000000000870, 0.08749999994315657559, 400000.0000000000000 ) ) ;
#4459 = DIRECTION ( 'NONE',  ( -1.000000000000000000, -0.000000000000000000, -0.000000000000000000 ) ) ;
#4460 = DIRECTION ( 'NONE',  ( 0.000000000000000000, 0.9902680687415702510, -0.1391731009600654934 ) ) ;
#4461 = FILL_AREA_STYLE ('',( #4968 ) ) ;
#4462 = ORIENTED_EDGE ( 'NONE', *, *, #4489, .F. ) ;
#4463 = DIRECTION ( 'NONE',  ( 0.000000000000000000, 0.000000000000000000, -1.000000000000000000 ) ) ;
#4464 = ORIENTED_EDGE ( 'NONE', *, *, #5855, .T. ) ;
#4465 =( NAMED_UNIT ( * ) SI_UNIT ( $, .STERADIAN. ) SOLID_ANGLE_UNIT ( ) );
#4466 = DIRECTION ( 'NONE',  ( 0.000000000000000000, 0.000000000000000000, -1.000000000000000000 ) ) ;
#4467 = CARTESIAN_POINT ( 'NONE',  ( -1.475000000000000977, 49479.12776683849370, 352064.5513059087098 ) ) ;
#4468 = PRESENTATION_STYLE_ASSIGNMENT (( #5505 ) ) ;
#4469 = ORIENTED_EDGE ( 'NONE', *, *, #557, .T. ) ;
#4470 = DIRECTION ( 'NONE',  ( 0.000000000000000000, -0.9925461516413218721, 0.1218693434051480867 ) ) ;
#4471 = ORIENTED_EDGE ( 'NONE', *, *, #4861, .T. ) ;
#4472 = LINE ( 'NONE', #5009, #2803 ) ;
#4473 = SURFACE_STYLE_FILL_AREA ( #4027 ) ;
#4474 = DIRECTION ( 'NONE',  ( 0.000000000000000000, 0.1391731009600654934, 0.9902680687415702510 ) ) ;
#4475 = ORIENTED_EDGE ( 'NONE', *, *, #3959, .T. ) ;
#4476 =( GEOMETRIC_REPRESENTATION_CONTEXT ( 3 ) GLOBAL_UNCERTAINTY_ASSIGNED_CONTEXT ( ( #5077 ) ) GLOBAL_UNIT_ASSIGNED_CONTEXT ( ( #1287, #4266, #818 ) ) REPRESENTATION_CONTEXT ( 'NONE', 'WORKASPACE' ) );
#4477 = DIRECTION ( 'NONE',  ( -0.000000000000000000, 1.000000000000000000, 1.224646799147353700E-16 ) ) ;
#4478 = EDGE_CURVE ( 'NONE', #2684, #4137, #3003, .T. ) ;
#4479 =( NAMED_UNIT ( * ) PLANE_ANGLE_UNIT ( ) SI_UNIT ( $, .RADIAN. ) );
#4480 = DIRECTION ( 'NONE',  ( 1.000000000000000000, 0.000000000000000000, 0.000000000000000000 ) ) ;
#4481 = AXIS2_PLACEMENT_3D ( 'NONE', #424, #994, #4353 ) ;
#4482 = CIRCLE ( 'NONE', #1240, 0.1375000000000000389 ) ;
#4483 = LINE ( 'NONE', #178, #5629 ) ;
#4484 = VERTEX_POINT ( 'NONE', #5007 ) ;
#4485 = CARTESIAN_POINT ( 'NONE',  ( 1.064999999999999059, -0.5382586942780623884, -2.298476529921281930 ) ) ;
#4486 = ADVANCED_FACE ( 'NONE', ( #569 ), #1643, .F. ) ;
#4487 = ORIENTED_EDGE ( 'NONE', *, *, #4753, .T. ) ;
#4488 =( NAMED_UNIT ( * ) SI_UNIT ( $, .STERADIAN. ) SOLID_ANGLE_UNIT ( ) );
#4489 = EDGE_CURVE ( 'NONE', #3640, #624, #2051, .T. ) ;
#4490 =( NAMED_UNIT ( * ) SI_UNIT ( $, .STERADIAN. ) SOLID_ANGLE_UNIT ( ) );
#4491 = CARTESIAN_POINT ( 'NONE',  ( -4.015000000000001457, -0.6500000000286831892, -2.990000000067993824 ) ) ;
#4492 = VERTEX_POINT ( 'NONE', #162 ) ;
#4493 = FILL_AREA_STYLE ('',( #188 ) ) ;
#4494 = UNCERTAINTY_MEASURE_WITH_UNIT (LENGTH_MEASURE( 1.000000000000000082E-05 ), #1256, 'distance_accuracy_value', 'NONE');
#4495 = ORIENTED_EDGE ( 'NONE', *, *, #2209, .F. ) ;
#4496 = CARTESIAN_POINT ( 'NONE',  ( -1.065000000000000835, -0.08750000005684341331, 400000.0000000000000 ) ) ;
#4497 = LINE ( 'NONE', #6020, #2703 ) ;
#4498 = DIRECTION ( 'NONE',  ( 0.000000000000000000, 0.9925461516413218721, 0.1218693434051480867 ) ) ;
#4499 = FILL_AREA_STYLE ('',( #2554 ) ) ;
#4500 = UNCERTAINTY_MEASURE_WITH_UNIT (LENGTH_MEASURE( 1.000000000000000082E-05 ), #5706, 'distance_accuracy_value', 'NONE');
#4501 = CARTESIAN_POINT ( 'NONE',  ( -1.475000000000000977, -60775.64126304931415, 432440.1514247114537 ) ) ;
#4502 = EDGE_LOOP ( 'NONE', ( #3245, #4363, #1464, #2708 ) ) ;
#4503 = COLOUR_RGB ( '',1.000000000000000000, 1.000000000000000000, 1.000000000000000000 ) ;
#4504 = CARTESIAN_POINT ( 'NONE',  ( -3.605000000000000870, -0.6576635190118217400, 2.415815324389956498 ) ) ;
#4505 = STYLED_ITEM ( 'NONE', ( #1544 ), #6273 ) ;
#4506 =( LENGTH_UNIT ( ) NAMED_UNIT ( * ) SI_UNIT ( .MILLI., .METRE. ) );
#4507 = CARTESIAN_POINT ( 'NONE',  ( 1.064999999999999059, -0.5382586941777844913, -2.298476529901449794 ) ) ;
#4508 = UNCERTAINTY_MEASURE_WITH_UNIT (LENGTH_MEASURE( 1.000000000000000082E-05 ), #412, 'distance_accuracy_value', 'NONE');
#4509 = SURFACE_SIDE_STYLE ('',( #3047 ) ) ;
#4510 = CARTESIAN_POINT ( 'NONE',  ( -4.015000000000001457, -0.08749999997873590674, 2.243130321502917468 ) ) ;
#4511 = CARTESIAN_POINT ( 'NONE',  ( 0.000000000000000000, 0.6250000000000000000, 1.620303868389674662 ) ) ;
#4512 = PLANE ( 'NONE',  #29 ) ;
#4513 = DIRECTION ( 'NONE',  ( 0.000000000000000000, 0.9925461516413218721, 0.1218693434051480867 ) ) ;
#4514 = ORIENTED_EDGE ( 'NONE', *, *, #3742, .T. ) ;
#4515 = PRESENTATION_LAYER_ASSIGNMENT (  '', '', ( #971 ) ) ;
#4516 = VECTOR ( 'NONE', #5172, 1000.000000000000000 ) ;
#4517 = VERTEX_POINT ( 'NONE', #2967 ) ;
#4518 = ADVANCED_FACE ( 'NONE', ( #5511 ), #3999, .T. ) ;
#4519 = VECTOR ( 'NONE', #1024, 1000.000000000000000 ) ;
#4520 = AXIS2_PLACEMENT_3D ( 'NONE', #2275, #4215, #6157 ) ;
#4521 = DIRECTION ( 'NONE',  ( 0.000000000000000000, 0.1391731009600654934, 0.9902680687415702510 ) ) ;
#4522 = EDGE_CURVE ( 'NONE', #2245, #3462, #5247, .T. ) ;
#4523 = DIRECTION ( 'NONE',  ( 0.000000000000000000, 0.000000000000000000, -1.000000000000000000 ) ) ;
#4524 = ORIENTED_EDGE ( 'NONE', *, *, #3626, .F. ) ;
#4525 = CARTESIAN_POINT ( 'NONE',  ( -3.605000000000000426, -0.7366484560549224625, -2.977822353784631559 ) ) ;
#4526 = ORIENTED_EDGE ( 'NONE', *, *, #5348, .T. ) ;
#4527 =( GEOMETRIC_REPRESENTATION_CONTEXT ( 3 ) GLOBAL_UNCERTAINTY_ASSIGNED_CONTEXT ( ( #1258 ) ) GLOBAL_UNIT_ASSIGNED_CONTEXT ( ( #213, #6012, #2630 ) ) REPRESENTATION_CONTEXT ( 'NONE', 'WORKASPACE' ) );
#4528 = DIRECTION ( 'NONE',  ( 0.000000000000000000, -0.1391731009600658264, 0.9902680687415702510 ) ) ;
#4529 = DIRECTION ( 'NONE',  ( 0.000000000000000000, -0.1391731009600658264, 0.9902680687415702510 ) ) ;
#4530 = AXIS2_PLACEMENT_3D ( 'NONE', #5623, #5180, #6128 ) ;
#4531 = SURFACE_STYLE_FILL_AREA ( #2122 ) ;
#4532 = CARTESIAN_POINT ( 'NONE',  ( -0.2050000000000008760, -0.08750000000785781995, 2.243130321517128323 ) ) ;
#4533 = CARTESIAN_POINT ( 'NONE',  ( -0.2050000000000008760, -0.03324296520190728188, -2.412782614818809179 ) ) ;
#4534 = MECHANICAL_DESIGN_GEOMETRIC_PRESENTATION_REPRESENTATION (  '', ( #1185 ), #2498 ) ;
#4535 = DIRECTION ( 'NONE',  ( 0.000000000000000000, -0.9925461516413218721, 0.1218693434051480867 ) ) ;
#4536 = ORIENTED_EDGE ( 'NONE', *, *, #3199, .F. ) ;
#4537 = PRESENTATION_LAYER_ASSIGNMENT (  '', '', ( #589 ) ) ;
#4538 = COLOUR_RGB ( '',1.000000000000000000, 1.000000000000000000, 1.000000000000000000 ) ;
#4539 = VECTOR ( 'NONE', #3979, 1000.000000000000000 ) ;
#4540 = DIRECTION ( 'NONE',  ( 0.000000000000000000, 0.000000000000000000, 1.000000000000000000 ) ) ;
#4541 = STYLED_ITEM ( 'NONE', ( #108 ), #5569 ) ;
#4542 = PRESENTATION_STYLE_ASSIGNMENT (( #2150 ) ) ;
#4543 = STYLED_ITEM ( 'NONE', ( #5393 ), #4486 ) ;
#4544 = ORIENTED_EDGE ( 'NONE', *, *, #617, .T. ) ;
#4545 = DIRECTION ( 'NONE',  ( 1.000000000000000000, 0.000000000000000000, -0.000000000000000000 ) ) ;
#4546 = LINE ( 'NONE', #6004, #96 ) ;
#4547 = PRESENTATION_LAYER_ASSIGNMENT (  '', '', ( #5667 ) ) ;
#4548 = COLOUR_RGB ( '',1.000000000000000000, 1.000000000000000000, 1.000000000000000000 ) ;
#4549 = ORIENTED_EDGE ( 'NONE', *, *, #4191, .T. ) ;
#4550 =( NAMED_UNIT ( * ) PLANE_ANGLE_UNIT ( ) SI_UNIT ( $, .RADIAN. ) );
#4551 = FILL_AREA_STYLE_COLOUR ( '', #2237 ) ;
#4552 = CARTESIAN_POINT ( 'NONE',  ( -2.745000000000000995, -0.4883712798715578174, -2.468665345089604557 ) ) ;
#4553 = ORIENTED_EDGE ( 'NONE', *, *, #1775, .T. ) ;
#4554 = CARTESIAN_POINT ( 'NONE',  ( 2.334999999999999520, -0.04999999999999946154, -2.276307518992031209 ) ) ;
#4555 = ORIENTED_EDGE ( 'NONE', *, *, #4964, .F. ) ;
#4556 = CARTESIAN_POINT ( 'NONE',  ( 4.014999999999999680, 49479.12776683849370, 352064.5513059087098 ) ) ;
#4557 =( LENGTH_UNIT ( ) NAMED_UNIT ( * ) SI_UNIT ( .MILLI., .METRE. ) );
#4558 = ORIENTED_EDGE ( 'NONE', *, *, #1732, .F. ) ;
#4559 = CARTESIAN_POINT ( 'NONE',  ( -4.015000000000001457, -0.7366484560549224625, -2.977822353784631559 ) ) ;
#4560 = EDGE_CURVE ( 'NONE', #4282, #6181, #932, .T. ) ;
#4561 = ORIENTED_EDGE ( 'NONE', *, *, #5515, .F. ) ;
#4562 = ADVANCED_FACE ( 'NONE', ( #3190 ), #6197, .F. ) ;
#4563 = CARTESIAN_POINT ( 'NONE',  ( 2.744999999999999218, -335652.5273630752345, 41215.35688911744364 ) ) ;
#4564 = DIRECTION ( 'NONE',  ( 1.000000000000000000, -0.000000000000000000, 0.000000000000000000 ) ) ;
#4565 = SURFACE_STYLE_USAGE ( .BOTH. , #2167 ) ;
#4566 = DIRECTION ( 'NONE',  ( -0.000000000000000000, 1.000000000000000000, 1.224646799147353700E-16 ) ) ;
#4567 =( NAMED_UNIT ( * ) SI_UNIT ( $, .STERADIAN. ) SOLID_ANGLE_UNIT ( ) );
#4568 = CARTESIAN_POINT ( 'NONE',  ( 3.604999999999999094, -0.4883712799141903815, -2.468665345094933627 ) ) ;
#4569 = ORIENTED_EDGE ( 'NONE', *, *, #5223, .T. ) ;
#4570 = EDGE_CURVE ( 'NONE', #1214, #4078, #2828, .T. ) ;
#4571 = PLANE ( 'NONE',  #5042 ) ;
#4572 =( LENGTH_UNIT ( ) NAMED_UNIT ( * ) SI_UNIT ( .MILLI., .METRE. ) );
#4573 = ORIENTED_EDGE ( 'NONE', *, *, #2493, .T. ) ;
#4574 = CARTESIAN_POINT ( 'NONE',  ( 1.064999999999999059, 0.08749999999999998057, 2.276307519084131759 ) ) ;
#4575 = CARTESIAN_POINT ( 'NONE',  ( -0.2050000000000008760, 0.08749999994315657559, 400000.0000000000000 ) ) ;
#4576 = VERTEX_POINT ( 'NONE', #1370 ) ;
#4577 = MECHANICAL_DESIGN_GEOMETRIC_PRESENTATION_REPRESENTATION (  '', ( #1331 ), #5187 ) ;
#4578 = LINE ( 'NONE', #5026, #1819 ) ;
#4579 = CARTESIAN_POINT ( 'NONE',  ( 2.334999999999999520, 0.08749999994315657559, 400000.0000000000000 ) ) ;
#4580 = MECHANICAL_DESIGN_GEOMETRIC_PRESENTATION_REPRESENTATION (  '', ( #228 ), #625 ) ;
#4581 = DIRECTION ( 'NONE',  ( 1.000000000000000000, 0.000000000000000000, 0.000000000000000000 ) ) ;
#4582 = CARTESIAN_POINT ( 'NONE',  ( -2.745000000000000995, -0.05000000000000001665, 2.276307518992031209 ) ) ;
#4583 = EDGE_LOOP ( 'NONE', ( #3850, #289, #4738, #5064 ) ) ;
#4584 = PRESENTATION_LAYER_ASSIGNMENT (  '', '', ( #142 ) ) ;
#4585 = DIRECTION ( 'NONE',  ( -0.000000000000000000, 0.1218693434051481006, 0.9925461516413219831 ) ) ;
#4586 = DIRECTION ( 'NONE',  ( 1.000000000000000000, 0.000000000000000000, 0.000000000000000000 ) ) ;
#4587 = ORIENTED_EDGE ( 'NONE', *, *, #5824, .T. ) ;
#4588 = LINE ( 'NONE', #2705, #879 ) ;
#4589 = VERTEX_POINT ( 'NONE', #6083 ) ;
#4590 = DIRECTION ( 'NONE',  ( 0.000000000000000000, 1.000000000000000000, 0.000000000000000000 ) ) ;
#4591 = EDGE_CURVE ( 'NONE', #3061, #4391, #1197, .T. ) ;
#4592 = COLOUR_RGB ( '',1.000000000000000000, 1.000000000000000000, 1.000000000000000000 ) ;
#4593 = DIRECTION ( 'NONE',  ( 0.000000000000000000, -1.224646799147353700E-16, 1.000000000000000000 ) ) ;
#4594 = DIRECTION ( 'NONE',  ( 0.000000000000000000, 0.9902680687415702510, -0.1391731009600654934 ) ) ;
#4595 = VERTEX_POINT ( 'NONE', #5607 ) ;
#4596 =( GEOMETRIC_REPRESENTATION_CONTEXT ( 3 ) GLOBAL_UNCERTAINTY_ASSIGNED_CONTEXT ( ( #10 ) ) GLOBAL_UNIT_ASSIGNED_CONTEXT ( ( #248, #5102, #6087 ) ) REPRESENTATION_CONTEXT ( 'NONE', 'WORKASPACE' ) );
#4597 = FILL_AREA_STYLE_COLOUR ( '', #368 ) ;
#4598 = ADVANCED_FACE ( 'NONE', ( #4774 ), #273, .T. ) ;
#4599 = CARTESIAN_POINT ( 'NONE',  ( 0.2049999999999991274, -0.4883712797543182660, 2.468665345013221213 ) ) ;
#4600 = PRESENTATION_LAYER_ASSIGNMENT (  '', '', ( #550 ) ) ;
#4601 = FILL_AREA_STYLE ('',( #5013 ) ) ;
#4602 = ORIENTED_EDGE ( 'NONE', *, *, #1691, .T. ) ;
#4603 = EDGE_CURVE ( 'NONE', #4873, #1214, #5073, .T. ) ;
#4604 = MECHANICAL_DESIGN_GEOMETRIC_PRESENTATION_REPRESENTATION (  '', ( #6021 ), #245 ) ;
#4605 = DIRECTION ( 'NONE',  ( 1.000000000000000000, -0.000000000000000000, 0.000000000000000000 ) ) ;
#4606 = ORIENTED_EDGE ( 'NONE', *, *, #1590, .T. ) ;
#4607 = EDGE_CURVE ( 'NONE', #4198, #6107, #2642, .T. ) ;
#4608 = FILL_AREA_STYLE ('',( #4967 ) ) ;
#4609 = COLOUR_RGB ( '',0.2980392156862745057, 0.2980392156862745057, 0.2980392156862745057 ) ;
#4610 = LINE ( 'NONE', #5211, #641 ) ;
#4611 = DIRECTION ( 'NONE',  ( 1.000000000000000000, 0.000000000000000000, 0.000000000000000000 ) ) ;
#4612 = CARTESIAN_POINT ( 'NONE',  ( -4.325000000000001066, 0.6250000000000000000, -1.895319585296297626 ) ) ;
#4613 = COLOUR_RGB ( '',1.000000000000000000, 1.000000000000000000, 1.000000000000000000 ) ;
#4614 = ORIENTED_EDGE ( 'NONE', *, *, #1826, .F. ) ;
#4615 = CARTESIAN_POINT ( 'NONE',  ( 2.334999999999999520, -0.5633515440308656252, -3.002177646465042926 ) ) ;
#4616 = MECHANICAL_DESIGN_GEOMETRIC_PRESENTATION_REPRESENTATION (  '', ( #3299 ), #6034 ) ;
#4617 = PRESENTATION_STYLE_ASSIGNMENT (( #300 ) ) ;
#4618 = CARTESIAN_POINT ( 'NONE',  ( -2.335000000000001297, -0.03324296528179307431, 2.412782614842713169 ) ) ;
#4619 = CARTESIAN_POINT ( 'NONE',  ( 1.064999999999999059, -0.05000000000000001665, 2.276307518992031209 ) ) ;
#4620 = ORIENTED_EDGE ( 'NONE', *, *, #3322, .T. ) ;
#4621 = CARTESIAN_POINT ( 'NONE',  ( 4.014999999999999680, 49479.30106375052128, 352064.5269506160403 ) ) ;
#4622 = UNCERTAINTY_MEASURE_WITH_UNIT (LENGTH_MEASURE( 1.000000000000000082E-05 ), #1277, 'distance_accuracy_value', 'NONE');
#4623 = ORIENTED_EDGE ( 'NONE', *, *, #5440, .F. ) ;
#4624 = MECHANICAL_DESIGN_GEOMETRIC_PRESENTATION_REPRESENTATION (  '', ( #3916 ), #72 ) ;
#4625 = FILL_AREA_STYLE_COLOUR ( '', #6067 ) ;
#4626 = COLOUR_RGB ( '',1.000000000000000000, 1.000000000000000000, 1.000000000000000000 ) ;
#4627 = FILL_AREA_STYLE_COLOUR ( '', #4548 ) ;
#4628 = CARTESIAN_POINT ( 'NONE',  ( -4.015000000000001457, -0.6576635189929902481, 2.415815324354753102 ) ) ;
#4629 = FILL_AREA_STYLE_COLOUR ( '', #801 ) ;
#4630 = CIRCLE ( 'NONE', #4829, 0.1329977112048087440 ) ;
#4631 = ORIENTED_EDGE ( 'NONE', *, *, #1875, .F. ) ;
#4632 = CARTESIAN_POINT ( 'NONE',  ( -1.065000000000000835, -238883.7904503427853, -29333.47370393944584 ) ) ;
#4633 = DIRECTION ( 'NONE',  ( 1.000000000000000000, -0.000000000000000000, 0.000000000000000000 ) ) ;
#4634 = PRESENTATION_STYLE_ASSIGNMENT (( #5653 ) ) ;
#4635 = VECTOR ( 'NONE', #3116, 1000.000000000000000 ) ;
#4636 = SURFACE_SIDE_STYLE ('',( #2211 ) ) ;
#4637 = PRESENTATION_STYLE_ASSIGNMENT (( #4665 ) ) ;
#4638 = ORIENTED_EDGE ( 'NONE', *, *, #3212, .T. ) ;
#4639 = CARTESIAN_POINT ( 'NONE',  ( 0.2049999999999991274, -60775.81455996134173, 432440.1270694187842 ) ) ;
#4640 = VECTOR ( 'NONE', #1168, 1000.000000000000114 ) ;
#4641 = EDGE_CURVE ( 'NONE', #4703, #1527, #5254, .T. ) ;
#4642 = ORIENTED_EDGE ( 'NONE', *, *, #534, .T. ) ;
#4643 = DIRECTION ( 'NONE',  ( 0.000000000000000000, 0.1391731009600654934, 0.9902680687415702510 ) ) ;
#4644 = ADVANCED_FACE ( 'NONE', ( #1409 ), #2165, .T. ) ;
#4645 = PRESENTATION_LAYER_ASSIGNMENT (  '', '', ( #1807 ) ) ;
#4646 = DIRECTION ( 'NONE',  ( 0.000000000000000000, 0.9902680687415702510, -0.1391731009600654934 ) ) ;
#4647 = VECTOR ( 'NONE', #5084, 1000.000000000000227 ) ;
#4648 =( NAMED_UNIT ( * ) PLANE_ANGLE_UNIT ( ) SI_UNIT ( $, .RADIAN. ) );
#4649 = DIRECTION ( 'NONE',  ( 1.000000000000000000, 0.000000000000000000, 0.000000000000000000 ) ) ;
#4650 = PRESENTATION_LAYER_ASSIGNMENT (  '', '', ( #2606 ) ) ;
#4651 = STYLED_ITEM ( 'NONE', ( #355 ), #5023 ) ;
#4652 = ORIENTED_EDGE ( 'NONE', *, *, #2923, .F. ) ;
#4653 = CARTESIAN_POINT ( 'NONE',  ( 4.014999999999999680, -0.5215016595598557236, 2.434951625771963890 ) ) ;
#4654 = ORIENTED_EDGE ( 'NONE', *, *, #222, .T. ) ;
#4655 = LINE ( 'NONE', #2833, #2485 ) ;
#4656 = ORIENTED_EDGE ( 'NONE', *, *, #5182, .T. ) ;
#4657 = CARTESIAN_POINT ( 'NONE',  ( 1.064999999999999059, -60775.72791150532430, 432440.1392470651190 ) ) ;
#4658 = PRESENTATION_STYLE_ASSIGNMENT (( #1712 ) ) ;
#4659 = DIRECTION ( 'NONE',  ( 0.000000000000000000, 0.1391731009600654934, 0.9902680687415702510 ) ) ;
#4660 = VERTEX_POINT ( 'NONE', #47 ) ;
#4661 = SURFACE_STYLE_USAGE ( .BOTH. , #382 ) ;
#4662 = EDGE_CURVE ( 'NONE', #4904, #1616, #3913, .T. ) ;
#4663 = CARTESIAN_POINT ( 'NONE',  ( -1.475000000000000977, -238883.7691232077195, -29333.64739951598312 ) ) ;
#4664 = CARTESIAN_POINT ( 'NONE',  ( -3.794868026377201442, 0.6250000000000000000, 1.312244083688489660 ) ) ;
#4665 = SURFACE_STYLE_USAGE ( .BOTH. , #349 ) ;
#4666 = ORIENTED_EDGE ( 'NONE', *, *, #748, .F. ) ;
#4667 = LINE ( 'NONE', #1686, #1983 ) ;
#4668 = EDGE_CURVE ( 'NONE', #1572, #187, #3951, .T. ) ;
#4669 = FILL_AREA_STYLE ('',( #4189 ) ) ;
#4670 =( NAMED_UNIT ( * ) PLANE_ANGLE_UNIT ( ) SI_UNIT ( $, .RADIAN. ) );
#4671 =( NAMED_UNIT ( * ) SI_UNIT ( $, .STERADIAN. ) SOLID_ANGLE_UNIT ( ) );
#4672 = MECHANICAL_DESIGN_GEOMETRIC_PRESENTATION_REPRESENTATION (  '', ( #3391 ), #2537 ) ;
#4673 = ORIENTED_EDGE ( 'NONE', *, *, #2157, .F. ) ;
#4674 = COLOUR_RGB ( '',1.000000000000000000, 1.000000000000000000, 1.000000000000000000 ) ;
#4675 = DIRECTION ( 'NONE',  ( 0.000000000000000000, -0.9925461516413218721, 0.1218693434051480867 ) ) ;
#4676 = DIRECTION ( 'NONE',  ( 0.000000000000000000, -0.1391731009600658264, 0.9902680687415702510 ) ) ;
#4677 = CARTESIAN_POINT ( 'NONE',  ( -1.475000000000000977, 0.08750000000000054956, -2.276307518992029877 ) ) ;
#4678 = DIRECTION ( 'NONE',  ( -0.000000000000000000, 0.1218693434051481006, 0.9925461516413219831 ) ) ;
#4679 = ORIENTED_EDGE ( 'NONE', *, *, #5873, .T. ) ;
#4680 = LINE ( 'NONE', #1314, #6261 ) ;
#4681 = EDGE_CURVE ( 'NONE', #484, #6147, #5864, .T. ) ;
#4682 = UNCERTAINTY_MEASURE_WITH_UNIT (LENGTH_MEASURE( 1.000000000000000082E-05 ), #2959, 'distance_accuracy_value', 'NONE');
#4683 = STYLED_ITEM ( 'NONE', ( #1566 ), #2677 ) ;
#4684 = ORIENTED_EDGE ( 'NONE', *, *, #1150, .T. ) ;
#4685 = EDGE_CURVE ( 'NONE', #1967, #235, #3447, .T. ) ;
#4686 = SURFACE_STYLE_FILL_AREA ( #5167 ) ;
#4687 = SURFACE_STYLE_FILL_AREA ( #5683 ) ;
#4688 = UNCERTAINTY_MEASURE_WITH_UNIT (LENGTH_MEASURE( 1.000000000000000082E-05 ), #2032, 'distance_accuracy_value', 'NONE');
#4689 = CYLINDRICAL_SURFACE ( 'NONE', #2711, 0.1329977112048087440 ) ;
#4690 = ORIENTED_EDGE ( 'NONE', *, *, #1870, .T. ) ;
#4691 = DIRECTION ( 'NONE',  ( 0.000000000000000000, 0.000000000000000000, -1.000000000000000000 ) ) ;
#4692 = LINE ( 'NONE', #345, #2786 ) ;
#4693 =( LENGTH_UNIT ( ) NAMED_UNIT ( * ) SI_UNIT ( .MILLI., .METRE. ) );
#4694 = DIRECTION ( 'NONE',  ( 1.000000000000000000, 0.000000000000000000, 0.000000000000000000 ) ) ;
#4695 = LINE ( 'NONE', #3298, #3486 ) ;
#4696 = VERTEX_POINT ( 'NONE', #5799 ) ;
#4697 = CARTESIAN_POINT ( 'NONE',  ( -1.065000000000000835, -60775.81455996134173, 432440.1270694187842 ) ) ;
#4698 = STYLED_ITEM ( 'NONE', ( #3773 ), #826 ) ;
#4699 = SURFACE_STYLE_FILL_AREA ( #6096 ) ;
#4700 = CARTESIAN_POINT ( 'NONE',  ( -1.475000000000000977, -0.5633515440308656252, -3.002177646465042926 ) ) ;
#4701 = SURFACE_SIDE_STYLE ('',( #736 ) ) ;
#4702 = CYLINDRICAL_SURFACE ( 'NONE', #1494, 0.1375000000000000389 ) ;
#4703 = VERTEX_POINT ( 'NONE', #5311 ) ;
#4704 = CARTESIAN_POINT ( 'NONE',  ( 1.064999999999999059, -0.7366484559696573342, 2.977822353386727627 ) ) ;
#4705 = DIRECTION ( 'NONE',  ( 0.000000000000000000, 0.1391731009600654934, 0.9902680687415702510 ) ) ;
#4706 = PRODUCT_CONTEXT ( 'NONE', #2706, 'mechanical' ) ;
#4707 = SURFACE_SIDE_STYLE ('',( #3794 ) ) ;
#4708 = DIRECTION ( 'NONE',  ( 1.000000000000000000, 0.000000000000000000, 0.000000000000000000 ) ) ;
#4709 = EDGE_LOOP ( 'NONE', ( #5500, #3950, #5677, #2026 ) ) ;
#4710 = PRESENTATION_LAYER_ASSIGNMENT (  '', '', ( #359 ) ) ;
#4711 =( NAMED_UNIT ( * ) SI_UNIT ( $, .STERADIAN. ) SOLID_ANGLE_UNIT ( ) );
#4712 = EDGE_CURVE ( 'NONE', #4270, #2660, #4219, .T. ) ;
#4713 = ORIENTED_EDGE ( 'NONE', *, *, #3480, .T. ) ;
#4714 = PRESENTATION_STYLE_ASSIGNMENT (( #274 ) ) ;
#4715 = EDGE_CURVE ( 'NONE', #4919, #1767, #86, .T. ) ;
#4716 = SURFACE_STYLE_FILL_AREA ( #1770 ) ;
#4717 = PLANE ( 'NONE',  #1863 ) ;
#4718 = COLOUR_RGB ( '',0.2980392156862745057, 0.2980392156862745057, 0.2980392156862745057 ) ;
#4719 =( LENGTH_UNIT ( ) NAMED_UNIT ( * ) SI_UNIT ( .MILLI., .METRE. ) );
#4720 = ORIENTED_EDGE ( 'NONE', *, *, #6161, .F. ) ;
#4721 = FILL_AREA_STYLE_COLOUR ( '', #4538 ) ;
#4722 = MECHANICAL_DESIGN_GEOMETRIC_PRESENTATION_REPRESENTATION (  '', ( #1377 ), #2678 ) ;
#4723 =( NAMED_UNIT ( * ) SI_UNIT ( $, .STERADIAN. ) SOLID_ANGLE_UNIT ( ) );
#4724 =( GEOMETRIC_REPRESENTATION_CONTEXT ( 3 ) GLOBAL_UNCERTAINTY_ASSIGNED_CONTEXT ( ( #5461 ) ) GLOBAL_UNIT_ASSIGNED_CONTEXT ( ( #1119, #4110, #3610 ) ) REPRESENTATION_CONTEXT ( 'NONE', 'WORKASPACE' ) );
#4725 =( NAMED_UNIT ( * ) PLANE_ANGLE_UNIT ( ) SI_UNIT ( $, .RADIAN. ) );
#4726 = LINE ( 'NONE', #858, #5851 ) ;
#4727 = VERTEX_POINT ( 'NONE', #2922 ) ;
#4728 = DIRECTION ( 'NONE',  ( 0.000000000000000000, 0.000000000000000000, -1.000000000000000000 ) ) ;
#4729 = CYLINDRICAL_SURFACE ( 'NONE', #286, 0.1375000000000000389 ) ;
#4730 = ORIENTED_EDGE ( 'NONE', *, *, #3903, .F. ) ;
#4731 = STYLED_ITEM ( 'NONE', ( #3349 ), #3372 ) ;
#4732 = DIRECTION ( 'NONE',  ( 1.000000000000000000, 0.000000000000000000, 0.000000000000000000 ) ) ;
#4733 = COLOUR_RGB ( '',1.000000000000000000, 1.000000000000000000, 1.000000000000000000 ) ;
#4734 = CARTESIAN_POINT ( 'NONE',  ( -0.2050000000000008760, -60775.81455996134173, 432440.1270694187842 ) ) ;
#4735 = CARTESIAN_POINT ( 'NONE',  ( 0.000000000000000000, 0.6250000000000000000, 0.000000000000000000 ) ) ;
#4736 = SURFACE_STYLE_USAGE ( .BOTH. , #1824 ) ;
#4737 = PRESENTATION_LAYER_ASSIGNMENT (  '', '', ( #5040 ) ) ;
#4738 = ORIENTED_EDGE ( 'NONE', *, *, #2603, .T. ) ;
#4739 =( GEOMETRIC_REPRESENTATION_CONTEXT ( 3 ) GLOBAL_UNCERTAINTY_ASSIGNED_CONTEXT ( ( #5716 ) ) GLOBAL_UNIT_ASSIGNED_CONTEXT ( ( #2735, #244, #5641 ) ) REPRESENTATION_CONTEXT ( 'NONE', 'WORKASPACE' ) );
#4740 = AXIS2_PLACEMENT_3D ( 'NONE', #5900, #1717, #1536 ) ;
#4741 =( GEOMETRIC_REPRESENTATION_CONTEXT ( 3 ) GLOBAL_UNCERTAINTY_ASSIGNED_CONTEXT ( ( #944 ) ) GLOBAL_UNIT_ASSIGNED_CONTEXT ( ( #4350, #3338, #1845 ) ) REPRESENTATION_CONTEXT ( 'NONE', 'WORKASPACE' ) );
#4742 = DIRECTION ( 'NONE',  ( -0.000000000000000000, 1.000000000000000000, 1.224646799147353700E-16 ) ) ;
#4743 = CARTESIAN_POINT ( 'NONE',  ( 2.744999999999999218, -0.03324296528179307431, 2.412782614842713169 ) ) ;
#4744 = CARTESIAN_POINT ( 'NONE',  ( 2.334999999999999520, 0.08749999994315657559, 400000.0000000000000 ) ) ;
#4745 = SURFACE_SIDE_STYLE ('',( #6279 ) ) ;
#4746 = PRESENTATION_LAYER_ASSIGNMENT (  '', '', ( #5055 ) ) ;
#4747 = ORIENTED_EDGE ( 'NONE', *, *, #5382, .F. ) ;
#4748 = FILL_AREA_STYLE ('',( #5708 ) ) ;
#4749 = AXIS2_PLACEMENT_3D ( 'NONE', #747, #4291, #6233 ) ;
#4750 = ORIENTED_EDGE ( 'NONE', *, *, #1650, .T. ) ;
#4751 =( GEOMETRIC_REPRESENTATION_CONTEXT ( 3 ) GLOBAL_UNCERTAINTY_ASSIGNED_CONTEXT ( ( #1193 ) ) GLOBAL_UNIT_ASSIGNED_CONTEXT ( ( #5065, #4158, #2634 ) ) REPRESENTATION_CONTEXT ( 'NONE', 'WORKASPACE' ) );
#4752 = DIRECTION ( 'NONE',  ( -0.000000000000000000, 0.9902680687415702510, 0.1391731009600658264 ) ) ;
#4753 = EDGE_CURVE ( 'NONE', #1137, #2859, #461, .T. ) ;
#4754 = SURFACE_STYLE_USAGE ( .BOTH. , #3231 ) ;
#4755 = STYLED_ITEM ( 'NONE', ( #4787 ), #119 ) ;
#4756 = FILL_AREA_STYLE_COLOUR ( '', #5534 ) ;
#4757 = UNCERTAINTY_MEASURE_WITH_UNIT (LENGTH_MEASURE( 1.000000000000000082E-05 ), #357, 'distance_accuracy_value', 'NONE');
#4758 = DIRECTION ( 'NONE',  ( 0.000000000000000000, 0.1391731009600654934, 0.9902680687415702510 ) ) ;
#4759 = ORIENTED_EDGE ( 'NONE', *, *, #5651, .F. ) ;
#4760 = EDGE_CURVE ( 'NONE', #2684, #3351, #4896, .T. ) ;
#4761 = DIRECTION ( 'NONE',  ( 0.000000000000000000, 0.000000000000000000, -1.000000000000000000 ) ) ;
#4762 = DIRECTION ( 'NONE',  ( -1.000000000000000000, 0.000000000000000000, 0.000000000000000000 ) ) ;
#4763 = DIRECTION ( 'NONE',  ( 1.000000000000000000, 0.000000000000000000, 0.000000000000000000 ) ) ;
#4764 = ORIENTED_EDGE ( 'NONE', *, *, #4176, .T. ) ;
#4765 = SURFACE_STYLE_USAGE ( .BOTH. , #3271 ) ;
#4766 = LINE ( 'NONE', #5822, #3227 ) ;
#4767 = EDGE_CURVE ( 'NONE', #1837, #5984, #2442, .T. ) ;
#4768 = ORIENTED_EDGE ( 'NONE', *, *, #530, .F. ) ;
#4769 = ADVANCED_FACE ( 'NONE', ( #1439 ), #3471, .T. ) ;
#4770 = SURFACE_SIDE_STYLE ('',( #2825 ) ) ;
#4771 = CARTESIAN_POINT ( 'NONE',  ( 3.604999999999999094, 0.08749999999214273794, -2.276307518968678778 ) ) ;
#4772 = SURFACE_STYLE_USAGE ( .BOTH. , #15 ) ;
#4773 = EDGE_LOOP ( 'NONE', ( #2638, #1111, #2252, #3339 ) ) ;
#4774 = FACE_OUTER_BOUND ( 'NONE', #159, .T. ) ;
#4775 = CARTESIAN_POINT ( 'NONE',  ( 2.334999999999999520, -0.03324296517348557245, 2.412782614754860333 ) ) ;
#4776 = VECTOR ( 'NONE', #2095, 1000.000000000000000 ) ;
#4777 = DIRECTION ( 'NONE',  ( 0.000000000000000000, 0.000000000000000000, -1.000000000000000000 ) ) ;
#4778 = ORIENTED_EDGE ( 'NONE', *, *, #4478, .F. ) ;
#4779 = ORIENTED_EDGE ( 'NONE', *, *, #4096, .T. ) ;
#4780 = AXIS2_PLACEMENT_3D ( 'NONE', #5168, #3292, #2736 ) ;
#4781 = EDGE_CURVE ( 'NONE', #17, #2011, #1002, .T. ) ;
#4782 = CARTESIAN_POINT ( 'NONE',  ( 4.014999999999999680, -0.08749999997803570295, -2.243130321559760887 ) ) ;
#4783 = DIRECTION ( 'NONE',  ( 0.000000000000000000, 0.000000000000000000, -1.000000000000000000 ) ) ;
#4784 = CIRCLE ( 'NONE', #728, 0.1375000000000000389 ) ;
#4785 = CARTESIAN_POINT ( 'NONE',  ( -2.335000000000000853, -0.6576635190569390943, -2.415815324525283359 ) ) ;
#4786 = ORIENTED_EDGE ( 'NONE', *, *, #4129, .T. ) ;
#4787 = PRESENTATION_STYLE_ASSIGNMENT (( #3236 ) ) ;
#4788 = EDGE_CURVE ( 'NONE', #1248, #5580, #524, .T. ) ;
#4789 = SURFACE_STYLE_FILL_AREA ( #980 ) ;
#4790 = AXIS2_PLACEMENT_3D ( 'NONE', #805, #5699, #3278 ) ;
#4791 = CARTESIAN_POINT ( 'NONE',  ( 1.064999999999999059, -0.03324296518320021127, -2.412782614830607297 ) ) ;
#4792 = SURFACE_STYLE_FILL_AREA ( #2843 ) ;
#4793 = FILL_AREA_STYLE ('',( #2844 ) ) ;
#4794 = ORIENTED_EDGE ( 'NONE', *, *, #4478, .T. ) ;
#4795 = CARTESIAN_POINT ( 'NONE',  ( -1.475000000000000977, -0.08749999997873590674, 2.243130321502917468 ) ) ;
#4796 = DIRECTION ( 'NONE',  ( 0.000000000000000000, 0.9925461516413218721, 0.1218693434051480867 ) ) ;
#4797 = FILL_AREA_STYLE_COLOUR ( '', #6162 ) ;
#4798 = ORIENTED_EDGE ( 'NONE', *, *, #2373, .T. ) ;
#4799 = PRESENTATION_LAYER_ASSIGNMENT (  '', '', ( #1945 ) ) ;
#4800 = EDGE_CURVE ( 'NONE', #187, #4814, #4926, .T. ) ;
#4801 = SURFACE_STYLE_USAGE ( .BOTH. , #3404 ) ;
#4802 = EDGE_CURVE ( 'NONE', #4576, #2106, #118, .T. ) ;
#4803 = DIRECTION ( 'NONE',  ( -1.000000000000000000, 0.000000000000000000, 0.000000000000000000 ) ) ;
#4804 = PLANE ( 'NONE',  #2229 ) ;
#4805 = FILL_AREA_STYLE_COLOUR ( '', #1603 ) ;
#4806 = EDGE_LOOP ( 'NONE', ( #1175, #1521, #2214, #3546 ) ) ;
#4807 = VECTOR ( 'NONE', #6056, 1000.000000000000227 ) ;
#4808 = DIRECTION ( 'NONE',  ( 0.000000000000000000, -0.1391731009600658264, 0.9902680687415702510 ) ) ;
#4809 = CARTESIAN_POINT ( 'NONE',  ( -0.2050000000000008760, 49479.12776683849370, 352064.5513059087098 ) ) ;
#4810 = CARTESIAN_POINT ( 'NONE',  ( -0.2050000000000008760, -0.6576635190569390943, -2.415815324525283359 ) ) ;
#4811 = DIRECTION ( 'NONE',  ( 0.000000000000000000, 0.000000000000000000, -1.000000000000000000 ) ) ;
#4812 = ORIENTED_EDGE ( 'NONE', *, *, #3005, .T. ) ;
#4813 = AXIS2_PLACEMENT_3D ( 'NONE', #4405, #4448, #36 ) ;
#4814 = VERTEX_POINT ( 'NONE', #1096 ) ;
#4815 = DIRECTION ( 'NONE',  ( 0.000000000000000000, 0.9961946980917455452, -0.08715574274765836016 ) ) ;
#4816 = SURFACE_STYLE_USAGE ( .BOTH. , #5357 ) ;
#4817 = SURFACE_SIDE_STYLE ('',( #409 ) ) ;
#4818 = UNCERTAINTY_MEASURE_WITH_UNIT (LENGTH_MEASURE( 1.000000000000000082E-05 ), #5429, 'distance_accuracy_value', 'NONE');
#4819 = ORIENTED_EDGE ( 'NONE', *, *, #2409, .T. ) ;
#4820 =( GEOMETRIC_REPRESENTATION_CONTEXT ( 3 ) GLOBAL_UNCERTAINTY_ASSIGNED_CONTEXT ( ( #201 ) ) GLOBAL_UNIT_ASSIGNED_CONTEXT ( ( #5773, #6174, #22 ) ) REPRESENTATION_CONTEXT ( 'NONE', 'WORKASPACE' ) );
#4821 = SURFACE_STYLE_USAGE ( .BOTH. , #1868 ) ;
#4822 = CARTESIAN_POINT ( 'NONE',  ( -0.2050000000000008760, -0.03324296528179307431, 2.412782614842713169 ) ) ;
#4823 = CARTESIAN_POINT ( 'NONE',  ( 1.064999999999999059, -335652.5273630752345, 41215.35688911744364 ) ) ;
#4824 = DIRECTION ( 'NONE',  ( 0.000000000000000000, -1.224646799147353700E-16, 1.000000000000000000 ) ) ;
#4825 = UNCERTAINTY_MEASURE_WITH_UNIT (LENGTH_MEASURE( 1.000000000000000082E-05 ), #4456, 'distance_accuracy_value', 'NONE');
#4826 = SURFACE_STYLE_USAGE ( .BOTH. , #6221 ) ;
#4827 = EDGE_LOOP ( 'NONE', ( #2225, #3228, #2604, #6156 ) ) ;
#4828 = FILL_AREA_STYLE_COLOUR ( '', #1505 ) ;
#4829 = AXIS2_PLACEMENT_3D ( 'NONE', #448, #923, #2368 ) ;
#4830 = EDGE_CURVE ( 'NONE', #3061, #624, #1629, .T. ) ;
#4831 = CARTESIAN_POINT ( 'NONE',  ( -0.2050000000000008760, -0.5633515440308656252, -3.002177646465042926 ) ) ;
#4832 = PRESENTATION_STYLE_ASSIGNMENT (( #5797 ) ) ;
#4833 =( GEOMETRIC_REPRESENTATION_CONTEXT ( 3 ) GLOBAL_UNCERTAINTY_ASSIGNED_CONTEXT ( ( #3866 ) ) GLOBAL_UNIT_ASSIGNED_CONTEXT ( ( #2446, #468, #1512 ) ) REPRESENTATION_CONTEXT ( 'NONE', 'WORKASPACE' ) );
#4834 = EDGE_CURVE ( 'NONE', #5487, #2927, #5563, .T. ) ;
#4835 = ORIENTED_EDGE ( 'NONE', *, *, #2059, .T. ) ;
#4836 = CARTESIAN_POINT ( 'NONE',  ( 4.014999999999999680, -335652.5273630752345, 41215.35688911744364 ) ) ;
#4837 = VECTOR ( 'NONE', #4423, 1000.000000000000227 ) ;
#4838 = LINE ( 'NONE', #3312, #5752 ) ;
#4839 = DIRECTION ( 'NONE',  ( -0.000000000000000000, -0.000000000000000000, -1.000000000000000000 ) ) ;
#4840 = ORIENTED_EDGE ( 'NONE', *, *, #1374, .T. ) ;
#4841 = CARTESIAN_POINT ( 'NONE',  ( 4.259788883472118037, -0.7453664726351292291, 1.884788883472119814 ) ) ;
#4842 = AXIS2_PLACEMENT_3D ( 'NONE', #346, #3752, #287 ) ;
#4843 = ORIENTED_EDGE ( 'NONE', *, *, #4912, .F. ) ;
#4844 = STYLED_ITEM ( 'NONE', ( #2097 ), #3639 ) ;
#4845 = VECTOR ( 'NONE', #5817, 1000.000000000000114 ) ;
#4846 = CARTESIAN_POINT ( 'NONE',  ( 2.744999999999999218, -0.6499999999718397703, 2.989999999840620148 ) ) ;
#4847 = LINE ( 'NONE', #3390, #2559 ) ;
#4848 = FILL_AREA_STYLE_COLOUR ( '', #4853 ) ;
#4849 = ORIENTED_EDGE ( 'NONE', *, *, #4176, .F. ) ;
#4850 = PRESENTATION_LAYER_ASSIGNMENT (  '', '', ( #1612 ) ) ;
#4851 = PRESENTATION_LAYER_ASSIGNMENT (  '', '', ( #398 ) ) ;
#4852 = DIRECTION ( 'NONE',  ( -0.000000000000000000, 0.9902680687415702510, 0.1391731009600658264 ) ) ;
#4853 = COLOUR_RGB ( '',0.2980392156862745057, 0.2980392156862745057, 0.2980392156862745057 ) ;
#4854 = DIRECTION ( 'NONE',  ( 0.000000000000000000, 0.9925461516413218721, 0.1218693434051480867 ) ) ;
#4855 = CARTESIAN_POINT ( 'NONE',  ( -3.794868026377201442, 0.6149999999999999911, 1.179246372483681027 ) ) ;
#4856 =( NAMED_UNIT ( * ) SI_UNIT ( $, .STERADIAN. ) SOLID_ANGLE_UNIT ( ) );
#4857 = CARTESIAN_POINT ( 'NONE',  ( 3.604999999999999094, -0.08750000005684341331, 400000.0000000000000 ) ) ;
#4858 = SURFACE_STYLE_USAGE ( .BOTH. , #5301 ) ;
#4859 = VERTEX_POINT ( 'NONE', #3542 ) ;
#4860 = DIRECTION ( 'NONE',  ( 0.000000000000000000, 0.000000000000000000, -1.000000000000000000 ) ) ;
#4861 = EDGE_CURVE ( 'NONE', #5218, #1443, #2628, .T. ) ;
#4862 = LINE ( 'NONE', #2878, #3026 ) ;
#4863 = FILL_AREA_STYLE_COLOUR ( '', #3972 ) ;
#4864 =( NAMED_UNIT ( * ) SI_UNIT ( $, .STERADIAN. ) SOLID_ANGLE_UNIT ( ) );
#4865 = ORIENTED_EDGE ( 'NONE', *, *, #5105, .T. ) ;
#4866 = ADVANCED_FACE ( 'NONE', ( #3567 ), #1600, .T. ) ;
#4867 = DIRECTION ( 'NONE',  ( 0.000000000000000000, 0.9925461516413218721, 0.1218693434051480867 ) ) ;
#4868 = SURFACE_STYLE_FILL_AREA ( #4113 ) ;
#4869 = LINE ( 'NONE', #526, #4422 ) ;
#4870 = SURFACE_STYLE_FILL_AREA ( #1474 ) ;
#4871 = PLANE ( 'NONE',  #3405 ) ;
#4872 = VERTEX_POINT ( 'NONE', #4510 ) ;
#4873 = VERTEX_POINT ( 'NONE', #5469 ) ;
#4874 = CARTESIAN_POINT ( 'NONE',  ( 3.604999999999999094, -0.6576635189929902481, 2.415815324354753102 ) ) ;
#4875 = SURFACE_SIDE_STYLE ('',( #2932 ) ) ;
#4876 = FILL_AREA_STYLE ('',( #2392 ) ) ;
#4877 = ADVANCED_FACE ( 'NONE', ( #712 ), #6035, .F. ) ;
#4878 = CARTESIAN_POINT ( 'NONE',  ( -3.605000000000000870, 49479.21441529450385, 352064.5391282623750 ) ) ;
#4879 = UNCERTAINTY_MEASURE_WITH_UNIT (LENGTH_MEASURE( 1.000000000000000082E-05 ), #5558, 'distance_accuracy_value', 'NONE');
#4880 =( NAMED_UNIT ( * ) SI_UNIT ( $, .STERADIAN. ) SOLID_ANGLE_UNIT ( ) );
#4881 = VERTEX_POINT ( 'NONE', #4042 ) ;
#4882 = EDGE_CURVE ( 'NONE', #64, #4589, #2710, .T. ) ;
#4883 = FILL_AREA_STYLE_COLOUR ( '', #4451 ) ;
#4884 = SURFACE_SIDE_STYLE ('',( #5753 ) ) ;
#4885 = FACE_OUTER_BOUND ( 'NONE', #5021, .T. ) ;
#4886 = CARTESIAN_POINT ( 'NONE',  ( -2.335000000000001297, -0.7366484559696573342, 2.977822353386727627 ) ) ;
#4887 = VECTOR ( 'NONE', #2608, 1000.000000000000000 ) ;
#4888 = FILL_AREA_STYLE_COLOUR ( '', #4903 ) ;
#4889 = SURFACE_STYLE_USAGE ( .BOTH. , #38 ) ;
#4890 = ORIENTED_EDGE ( 'NONE', *, *, #1115, .T. ) ;
#4891 = VECTOR ( 'NONE', #1279, 1000.000000000000000 ) ;
#4892 = LINE ( 'NONE', #1933, #5364 ) ;
#4893 =( NAMED_UNIT ( * ) PLANE_ANGLE_UNIT ( ) SI_UNIT ( $, .RADIAN. ) );
#4894 = COLOUR_RGB ( '',1.000000000000000000, 1.000000000000000000, 1.000000000000000000 ) ;
#4895 = CYLINDRICAL_SURFACE ( 'NONE', #2699, 0.1375000000000000389 ) ;
#4896 = LINE ( 'NONE', #1472, #3838 ) ;
#4897 = AXIS2_PLACEMENT_3D ( 'NONE', #4114, #316, #6155 ) ;
#4898 = LINE ( 'NONE', #5553, #488 ) ;
#4899 = FACE_OUTER_BOUND ( 'NONE', #6125, .T. ) ;
#4900 = FILL_AREA_STYLE_COLOUR ( '', #5193 ) ;
#4901 = SURFACE_STYLE_USAGE ( .BOTH. , #2068 ) ;
#4902 = VERTEX_POINT ( 'NONE', #1271 ) ;
#4903 = COLOUR_RGB ( '',1.000000000000000000, 1.000000000000000000, 1.000000000000000000 ) ;
#4904 = VERTEX_POINT ( 'NONE', #3721 ) ;
#4905 = LINE ( 'NONE', #2960, #6097 ) ;
#4906 = MECHANICAL_DESIGN_GEOMETRIC_PRESENTATION_REPRESENTATION (  '', ( #1564 ), #3695 ) ;
#4907 = CARTESIAN_POINT ( 'NONE',  ( 1.064999999999999059, -238883.7691232077195, -29333.64739951598312 ) ) ;
#4908 = VERTEX_POINT ( 'NONE', #5664 ) ;
#4909 = FILL_AREA_STYLE_COLOUR ( '', #5132 ) ;
#4910 = EDGE_CURVE ( 'NONE', #1073, #2069, #5116, .T. ) ;
#4911 = ORIENTED_EDGE ( 'NONE', *, *, #9, .T. ) ;
#4912 = EDGE_CURVE ( 'NONE', #257, #1885, #6191, .T. ) ;
#4913 = DIRECTION ( 'NONE',  ( 0.000000000000000000, -1.224646799147353700E-16, 1.000000000000000000 ) ) ;
#4914 = SURFACE_STYLE_FILL_AREA ( #1549 ) ;
#4915 =( NAMED_UNIT ( * ) PLANE_ANGLE_UNIT ( ) SI_UNIT ( $, .RADIAN. ) );
#4916 = SURFACE_SIDE_STYLE ('',( #4086 ) ) ;
#4917 = DIRECTION ( 'NONE',  ( 1.000000000000000000, 0.000000000000000000, 0.000000000000000000 ) ) ;
#4918 = VECTOR ( 'NONE', #622, 1000.000000000000114 ) ;
#4919 = VERTEX_POINT ( 'NONE', #1303 ) ;
#4920 = DIRECTION ( 'NONE',  ( -0.000000000000000000, 1.000000000000000000, 1.224646799147353700E-16 ) ) ;
#4921 =( GEOMETRIC_REPRESENTATION_CONTEXT ( 3 ) GLOBAL_UNCERTAINTY_ASSIGNED_CONTEXT ( ( #74 ) ) GLOBAL_UNIT_ASSIGNED_CONTEXT ( ( #2509, #3716, #5754 ) ) REPRESENTATION_CONTEXT ( 'NONE', 'WORKASPACE' ) );
#4922 = FILL_AREA_STYLE ('',( #4863 ) ) ;
#4923 = FACE_OUTER_BOUND ( 'NONE', #2339, .T. ) ;
#4924 = PRESENTATION_LAYER_ASSIGNMENT (  '', '', ( #5530 ) ) ;
#4925 = AXIS2_PLACEMENT_3D ( 'NONE', #1229, #2742, #1776 ) ;
#4926 = LINE ( 'NONE', #2507, #6283 ) ;
#4927 = DIRECTION ( 'NONE',  ( 0.000000000000000000, 0.1391731009600654934, 0.9902680687415702510 ) ) ;
#4928 = SURFACE_STYLE_FILL_AREA ( #5019 ) ;
#4929 =( NAMED_UNIT ( * ) SI_UNIT ( $, .STERADIAN. ) SOLID_ANGLE_UNIT ( ) );
#4930 = ORIENTED_EDGE ( 'NONE', *, *, #255, .F. ) ;
#4931 = CARTESIAN_POINT ( 'NONE',  ( 2.334999999999999520, -0.5382586940072542347, 2.298476529816184666 ) ) ;
#4932 = ORIENTED_EDGE ( 'NONE', *, *, #4271, .T. ) ;
#4933 = AXIS2_PLACEMENT_3D ( 'NONE', #4582, #2107, #3630 ) ;
#4934 = LINE ( 'NONE', #126, #6169 ) ;
#4935 = SURFACE_STYLE_USAGE ( .BOTH. , #4020 ) ;
#4936 = CARTESIAN_POINT ( 'NONE',  ( -4.015000000000001457, -0.08750000005684341331, 400000.0000000000000 ) ) ;
#4937 = CARTESIAN_POINT ( 'NONE',  ( -2.745000000000000995, -0.5215016595598550575, -2.434951625771963890 ) ) ;
#4938 = AXIS2_PLACEMENT_3D ( 'NONE', #2977, #4920, #581 ) ;
#4939 = ORIENTED_EDGE ( 'NONE', *, *, #3870, .T. ) ;
#4940 = VECTOR ( 'NONE', #5865, 1000.000000000000227 ) ;
#4941 = UNCERTAINTY_MEASURE_WITH_UNIT (LENGTH_MEASURE( 1.000000000000000082E-05 ), #5219, 'distance_accuracy_value', 'NONE');
#4942 =( NAMED_UNIT ( * ) PLANE_ANGLE_UNIT ( ) SI_UNIT ( $, .RADIAN. ) );
#4943 = VECTOR ( 'NONE', #2741, 1000.000000000000000 ) ;
#4944 = MECHANICAL_DESIGN_GEOMETRIC_PRESENTATION_REPRESENTATION (  '', ( #2395 ), #5654 ) ;
#4945 = ORIENTED_EDGE ( 'NONE', *, *, #4277, .F. ) ;
#4946 = EDGE_CURVE ( 'NONE', #2371, #523, #3760, .T. ) ;
#4947 = VECTOR ( 'NONE', #415, 1000.000000000000000 ) ;
#4948 = ADVANCED_FACE ( 'NONE', ( #6163 ), #292, .F. ) ;
#4949 =( GEOMETRIC_REPRESENTATION_CONTEXT ( 3 ) GLOBAL_UNCERTAINTY_ASSIGNED_CONTEXT ( ( #5197 ) ) GLOBAL_UNIT_ASSIGNED_CONTEXT ( ( #2348, #306, #1221 ) ) REPRESENTATION_CONTEXT ( 'NONE', 'WORKASPACE' ) );
#4950 = CARTESIAN_POINT ( 'NONE',  ( -1.475000000000000977, -0.5382586941777844913, -2.298476529901449794 ) ) ;
#4951 = FILL_AREA_STYLE_COLOUR ( '', #4503 ) ;
#4952 = STYLED_ITEM ( 'NONE', ( #5794 ), #3865 ) ;
#4953 = LINE ( 'NONE', #5396, #2171 ) ;
#4954 =( GEOMETRIC_REPRESENTATION_CONTEXT ( 3 ) GLOBAL_UNCERTAINTY_ASSIGNED_CONTEXT ( ( #5005 ) ) GLOBAL_UNIT_ASSIGNED_CONTEXT ( ( #5028, #3481, #685 ) ) REPRESENTATION_CONTEXT ( 'NONE', 'WORKASPACE' ) );
#4955 = UNCERTAINTY_MEASURE_WITH_UNIT (LENGTH_MEASURE( 1.000000000000000082E-05 ), #3495, 'distance_accuracy_value', 'NONE');
#4956 = PRESENTATION_STYLE_ASSIGNMENT (( #2056 ) ) ;
#4957 = AXIS2_PLACEMENT_3D ( 'NONE', #4121, #2538, #1783 ) ;
#4958 = VERTEX_POINT ( 'NONE', #5237 ) ;
#4959 = VECTOR ( 'NONE', #2436, 1000.000000000000114 ) ;
#4960 = VECTOR ( 'NONE', #3138, 1000.000000000000000 ) ;
#4961 = FILL_AREA_STYLE_COLOUR ( '', #1390 ) ;
#4962 = COLOUR_RGB ( '',1.000000000000000000, 1.000000000000000000, 1.000000000000000000 ) ;
#4963 =( NAMED_UNIT ( * ) SI_UNIT ( $, .STERADIAN. ) SOLID_ANGLE_UNIT ( ) );
#4964 = EDGE_CURVE ( 'NONE', #2079, #405, #1362, .T. ) ;
#4965 = VERTEX_POINT ( 'NONE', #4700 ) ;
#4966 = PRODUCT_RELATED_PRODUCT_CATEGORY ( 'part', '', ( #5828 ) ) ;
#4967 = FILL_AREA_STYLE_COLOUR ( '', #1299 ) ;
#4968 = FILL_AREA_STYLE_COLOUR ( '', #3809 ) ;
#4969 = FILL_AREA_STYLE_COLOUR ( '', #2743 ) ;
#4970 = CARTESIAN_POINT ( 'NONE',  ( -2.745000000000000995, -60775.64126304931415, 432440.1514247114537 ) ) ;
#4971 = ORIENTED_EDGE ( 'NONE', *, *, #6190, .T. ) ;
#4972 = PRESENTATION_STYLE_ASSIGNMENT (( #1104 ) ) ;
#4973 = ORIENTED_EDGE ( 'NONE', *, *, #1792, .F. ) ;
#4974 = SURFACE_STYLE_USAGE ( .BOTH. , #2014 ) ;
#4975 =( NAMED_UNIT ( * ) PLANE_ANGLE_UNIT ( ) SI_UNIT ( $, .RADIAN. ) );
#4976 = ORIENTED_EDGE ( 'NONE', *, *, #5255, .T. ) ;
#4977 = LINE ( 'NONE', #1138, #5235 ) ;
#4978 = VERTEX_POINT ( 'NONE', #2751 ) ;
#4979 = SURFACE_SIDE_STYLE ('',( #3967 ) ) ;
#4980 = CARTESIAN_POINT ( 'NONE',  ( -3.605000000000000870, -238883.7904503427853, -29333.47370393944584 ) ) ;
#4981 = DIRECTION ( 'NONE',  ( -0.000000000000000000, 0.9902680687415702510, 0.1391731009600658264 ) ) ;
#4982 = COLOUR_RGB ( '',1.000000000000000000, 1.000000000000000000, 1.000000000000000000 ) ;
#4983 =( NAMED_UNIT ( * ) SI_UNIT ( $, .STERADIAN. ) SOLID_ANGLE_UNIT ( ) );
#4984 = ORIENTED_EDGE ( 'NONE', *, *, #6033, .F. ) ;
#4985 = AXIS2_PLACEMENT_3D ( 'NONE', #5416, #3423, #4302 ) ;
#4986 = LINE ( 'NONE', #5518, #1992 ) ;
#4987 = DIRECTION ( 'NONE',  ( -0.000000000000000000, 0.1218693434051481006, 0.9925461516413219831 ) ) ;
#4988 = EDGE_CURVE ( 'NONE', #5148, #2859, #987, .T. ) ;
#4989 = VECTOR ( 'NONE', #2104, 1000.000000000000114 ) ;
#4990 = EDGE_CURVE ( 'NONE', #2887, #1616, #2113, .T. ) ;
#4991 =( GEOMETRIC_REPRESENTATION_CONTEXT ( 3 ) GLOBAL_UNCERTAINTY_ASSIGNED_CONTEXT ( ( #5390 ) ) GLOBAL_UNIT_ASSIGNED_CONTEXT ( ( #5374, #4893, #1500 ) ) REPRESENTATION_CONTEXT ( 'NONE', 'WORKASPACE' ) );
#4992 = SURFACE_STYLE_USAGE ( .BOTH. , #3504 ) ;
#4993 = AXIS2_PLACEMENT_3D ( 'NONE', #4907, #2997, #129 ) ;
#4994 = LINE ( 'NONE', #2542, #2273 ) ;
#4995 = ORIENTED_EDGE ( 'NONE', *, *, #1127, .T. ) ;
#4996 =( NAMED_UNIT ( * ) SI_UNIT ( $, .STERADIAN. ) SOLID_ANGLE_UNIT ( ) );
#4997 = EDGE_LOOP ( 'NONE', ( #5068, #4730, #4747, #2740 ) ) ;
#4998 = VECTOR ( 'NONE', #5329, 1000.000000000000000 ) ;
#4999 = CYLINDRICAL_SURFACE ( 'NONE', #6280, 0.1375000000000000389 ) ;
#5000 =( NAMED_UNIT ( * ) PLANE_ANGLE_UNIT ( ) SI_UNIT ( $, .RADIAN. ) );
#5001 = DIRECTION ( 'NONE',  ( 0.000000000000000000, -0.08715574274765836016, 0.9961946980917455452 ) ) ;
#5002 = PRESENTATION_STYLE_ASSIGNMENT (( #2609 ) ) ;
#5003 = ORIENTED_EDGE ( 'NONE', *, *, #538, .F. ) ;
#5004 = COLOUR_RGB ( '',1.000000000000000000, 1.000000000000000000, 1.000000000000000000 ) ;
#5005 = UNCERTAINTY_MEASURE_WITH_UNIT (LENGTH_MEASURE( 1.000000000000000082E-05 ), #5028, 'distance_accuracy_value', 'NONE');
#5006 = ORIENTED_EDGE ( 'NONE', *, *, #1870, .F. ) ;
#5007 = CARTESIAN_POINT ( 'NONE',  ( -2.335000000000001297, -0.03324296520190728188, -2.412782614818809179 ) ) ;
#5008 = CIRCLE ( 'NONE', #5832, 0.1375000000000000389 ) ;
#5009 = CARTESIAN_POINT ( 'NONE',  ( -1.475000000000000977, 0.08749999994315657559, 400000.0000000000000 ) ) ;
#5010 = CARTESIAN_POINT ( 'NONE',  ( 1.064999999999999059, -0.03324296520190728188, -2.412782614818809179 ) ) ;
#5011 = ORIENTED_EDGE ( 'NONE', *, *, #580, .F. ) ;
#5012 = PRESENTATION_LAYER_ASSIGNMENT (  '', '', ( #6021 ) ) ;
#5013 = FILL_AREA_STYLE_COLOUR ( '', #4592 ) ;
#5014 = ORIENTED_EDGE ( 'NONE', *, *, #5722, .F. ) ;
#5015 = CARTESIAN_POINT ( 'NONE',  ( -2.745000000000000995, -0.7366484560549224625, -2.977822353784631559 ) ) ;
#5016 = COLOUR_RGB ( '',1.000000000000000000, 1.000000000000000000, 1.000000000000000000 ) ;
#5017 =( LENGTH_UNIT ( ) NAMED_UNIT ( * ) SI_UNIT ( .MILLI., .METRE. ) );
#5018 = EDGE_CURVE ( 'NONE', #5493, #2602, #2314, .T. ) ;
#5019 = FILL_AREA_STYLE ('',( #4969 ) ) ;
#5020 = CARTESIAN_POINT ( 'NONE',  ( 2.334999999999999520, -0.4883712798218198259, 2.468665344991904931 ) ) ;
#5021 = EDGE_LOOP ( 'NONE', ( #545, #370, #5760, #4620 ) ) ;
#5022 = CARTESIAN_POINT ( 'NONE',  ( -0.2050000000000008760, -335652.5486902103294, 41215.18319354090636 ) ) ;
#5023 = ADVANCED_FACE ( 'NONE', ( #1752 ), #4187, .T. ) ;
#5024 =( GEOMETRIC_REPRESENTATION_CONTEXT ( 3 ) GLOBAL_UNCERTAINTY_ASSIGNED_CONTEXT ( ( #1451 ) ) GLOBAL_UNIT_ASSIGNED_CONTEXT ( ( #3897, #3840, #3330 ) ) REPRESENTATION_CONTEXT ( 'NONE', 'WORKASPACE' ) );
#5025 = ORIENTED_EDGE ( 'NONE', *, *, #3045, .T. ) ;
#5026 = CARTESIAN_POINT ( 'NONE',  ( 4.014999999999999680, -60775.64126304931415, 432440.1514247114537 ) ) ;
#5027 = VECTOR ( 'NONE', #5889, 1000.000000000000000 ) ;
#5028 =( LENGTH_UNIT ( ) NAMED_UNIT ( * ) SI_UNIT ( .MILLI., .METRE. ) );
#5029 = PRESENTATION_STYLE_ASSIGNMENT (( #4974 ) ) ;
#5030 = AXIS2_PLACEMENT_3D ( 'NONE', #1191, #5069, #718 ) ;
#5031 = CARTESIAN_POINT ( 'NONE',  ( 0.2049999999999993494, -0.7366484560549224625, -2.977822353784631559 ) ) ;
#5032 = FILL_AREA_STYLE ('',( #3552 ) ) ;
#5033 = EDGE_LOOP ( 'NONE', ( #4135, #3964, #3082, #2621 ) ) ;
#5034 = FILL_AREA_STYLE_COLOUR ( '', #3002 ) ;
#5035 = EDGE_CURVE ( 'NONE', #4183, #1361, #1403, .T. ) ;
#5036 = ORIENTED_EDGE ( 'NONE', *, *, #9, .F. ) ;
#5037 = VECTOR ( 'NONE', #4261, 1000.000000000000000 ) ;
#5038 = MECHANICAL_DESIGN_GEOMETRIC_PRESENTATION_REPRESENTATION (  '', ( #5238 ), #2404 ) ;
#5039 =( LENGTH_UNIT ( ) NAMED_UNIT ( * ) SI_UNIT ( .MILLI., .METRE. ) );
#5040 = STYLED_ITEM ( 'NONE', ( #105 ), #204 ) ;
#5041 = VERTEX_POINT ( 'NONE', #42 ) ;
#5042 = AXIS2_PLACEMENT_3D ( 'NONE', #857, #824, #1811 ) ;
#5043 = CIRCLE ( 'NONE', #392, 0.1375000000000000389 ) ;
#5044 = MECHANICAL_DESIGN_GEOMETRIC_PRESENTATION_REPRESENTATION (  '', ( #1501 ), #4741 ) ;
#5045 = DIRECTION ( 'NONE',  ( 0.000000000000000000, 0.9925461516413218721, 0.1218693434051480867 ) ) ;
#5046 = PRESENTATION_STYLE_ASSIGNMENT (( #2653 ) ) ;
#5047 = VECTOR ( 'NONE', #4564, 1000.000000000000000 ) ;
#5048 = DIRECTION ( 'NONE',  ( 1.000000000000000000, 0.000000000000000000, 0.000000000000000000 ) ) ;
#5049 = VECTOR ( 'NONE', #3580, 1000.000000000000000 ) ;
#5050 = ORIENTED_EDGE ( 'NONE', *, *, #4319, .F. ) ;
#5051 = CARTESIAN_POINT ( 'NONE',  ( 1.064999999999999059, -60775.64126304931415, 432440.1514247114537 ) ) ;
#5052 = DIRECTION ( 'NONE',  ( 1.000000000000000000, 0.000000000000000000, 0.000000000000000000 ) ) ;
#5053 = MECHANICAL_DESIGN_GEOMETRIC_PRESENTATION_REPRESENTATION (  '', ( #5667 ), #1907 ) ;
#5054 = EDGE_LOOP ( 'NONE', ( #5622, #1477, #2572, #179 ) ) ;
#5055 = STYLED_ITEM ( 'NONE', ( #1918 ), #5659 ) ;
#5056 = EDGE_CURVE ( 'NONE', #5532, #3846, #6262, .T. ) ;
#5057 = VECTOR ( 'NONE', #5729, 1000.000000000000000 ) ;
#5058 = DIRECTION ( 'NONE',  ( -0.000000000000000000, 0.9902680687415702510, 0.1391731009600658264 ) ) ;
#5059 = MECHANICAL_DESIGN_GEOMETRIC_PRESENTATION_REPRESENTATION (  '', ( #2918 ), #1820 ) ;
#5060 = CYLINDRICAL_SURFACE ( 'NONE', #1440, 0.1375000000000000389 ) ;
#5061 = SURFACE_STYLE_USAGE ( .BOTH. , #4125 ) ;
#5062 = FILL_AREA_STYLE ('',( #3508 ) ) ;
#5063 = ADVANCED_FACE ( 'NONE', ( #955 ), #5276, .T. ) ;
#5064 = ORIENTED_EDGE ( 'NONE', *, *, #1850, .T. ) ;
#5065 =( LENGTH_UNIT ( ) NAMED_UNIT ( * ) SI_UNIT ( .MILLI., .METRE. ) );
#5066 = FILL_AREA_STYLE ('',( #3602 ) ) ;
#5067 = DIRECTION ( 'NONE',  ( 1.000000000000000000, 0.000000000000000000, 0.000000000000000000 ) ) ;
#5068 = ORIENTED_EDGE ( 'NONE', *, *, #83, .T. ) ;
#5069 = DIRECTION ( 'NONE',  ( 0.000000000000000000, 0.9902680687415703620, -0.1391731009600655211 ) ) ;
#5070 = ADVANCED_FACE ( 'NONE', ( #4352 ), #547, .T. ) ;
#5071 = ORIENTED_EDGE ( 'NONE', *, *, #1504, .T. ) ;
#5072 = PLANE ( 'NONE',  #491 ) ;
#5073 = LINE ( 'NONE', #3668, #1608 ) ;
#5074 = FILL_AREA_STYLE ('',( #4237 ) ) ;
#5075 = EDGE_CURVE ( 'NONE', #863, #6137, #2652, .T. ) ;
#5076 = CARTESIAN_POINT ( 'NONE',  ( 1.474999999999999423, -0.6500000000286831892, -2.990000000067993824 ) ) ;
#5077 = UNCERTAINTY_MEASURE_WITH_UNIT (LENGTH_MEASURE( 1.000000000000000082E-05 ), #1287, 'distance_accuracy_value', 'NONE');
#5078 = CARTESIAN_POINT ( 'NONE',  ( -2.745000000000000995, -0.5382586941777844913, -2.298476529901449794 ) ) ;
#5079 = ADVANCED_FACE ( 'NONE', ( #4090 ), #1205, .F. ) ;
#5080 = ORIENTED_EDGE ( 'NONE', *, *, #3207, .F. ) ;
#5081 = SURFACE_SIDE_STYLE ('',( #730 ) ) ;
#5082 = SURFACE_STYLE_USAGE ( .BOTH. , #2534 ) ;
#5083 = ORIENTED_EDGE ( 'NONE', *, *, #912, .F. ) ;
#5084 = DIRECTION ( 'NONE',  ( 0.000000000000000000, 0.9925461516413218721, 0.1218693434051480867 ) ) ;
#5085 = ORIENTED_EDGE ( 'NONE', *, *, #4668, .F. ) ;
#5086 = VECTOR ( 'NONE', #1664, 1000.000000000000000 ) ;
#5087 = DIRECTION ( 'NONE',  ( 1.000000000000000000, 0.000000000000000000, 0.000000000000000000 ) ) ;
#5088 = DIRECTION ( 'NONE',  ( 0.000000000000000000, -0.1391731009600658264, 0.9902680687415702510 ) ) ;
#5089 =( GEOMETRIC_REPRESENTATION_CONTEXT ( 3 ) GLOBAL_UNCERTAINTY_ASSIGNED_CONTEXT ( ( #4500 ) ) GLOBAL_UNIT_ASSIGNED_CONTEXT ( ( #5706, #6201, #2319 ) ) REPRESENTATION_CONTEXT ( 'NONE', 'WORKASPACE' ) );
#5090 = SURFACE_STYLE_USAGE ( .BOTH. , #3147 ) ;
#5091 = VERTEX_POINT ( 'NONE', #2060 ) ;
#5092 = PRESENTATION_LAYER_ASSIGNMENT (  '', '', ( #5802 ) ) ;
#5093 = CARTESIAN_POINT ( 'NONE',  ( -2.745000000000000995, -0.05000000000000001665, 2.276307518992031209 ) ) ;
#5094 = SURFACE_SIDE_STYLE ('',( #1186 ) ) ;
#5095 = DIRECTION ( 'NONE',  ( 0.000000000000000000, -1.224646799147353700E-16, 1.000000000000000000 ) ) ;
#5096 = ORIENTED_EDGE ( 'NONE', *, *, #1218, .F. ) ;
#5097 = PRESENTATION_LAYER_ASSIGNMENT (  '', '', ( #2651 ) ) ;
#5098 = ORIENTED_EDGE ( 'NONE', *, *, #2620, .T. ) ;
#5099 = PRESENTATION_LAYER_ASSIGNMENT (  '', '', ( #1555 ) ) ;
#5100 = EDGE_CURVE ( 'NONE', #2356, #4814, #1593, .T. ) ;
#5101 = FILL_AREA_STYLE_COLOUR ( '', #4300 ) ;
#5102 =( NAMED_UNIT ( * ) PLANE_ANGLE_UNIT ( ) SI_UNIT ( $, .RADIAN. ) );
#5103 = CARTESIAN_POINT ( 'NONE',  ( 0.2049999999999993494, 49479.30106375052128, 352064.5269506160403 ) ) ;
#5104 = EDGE_LOOP ( 'NONE', ( #6026, #1492, #2228, #4690 ) ) ;
#5105 = EDGE_CURVE ( 'NONE', #2323, #4919, #487, .T. ) ;
#5106 = VECTOR ( 'NONE', #3558, 1000.000000000000000 ) ;
#5107 = DIRECTION ( 'NONE',  ( 1.000000000000000000, 0.000000000000000000, 0.000000000000000000 ) ) ;
#5108 = DIRECTION ( 'NONE',  ( 0.000000000000000000, -0.9925461516413218721, 0.1218693434051480867 ) ) ;
#5109 = CARTESIAN_POINT ( 'NONE',  ( 4.270319585296296516, 0.6250000000000000000, 1.620303868389674440 ) ) ;
#5110 = CARTESIAN_POINT ( 'NONE',  ( -3.605000000000000870, -0.7366484559696573342, 2.977822353386727627 ) ) ;
#5111 = DIRECTION ( 'NONE',  ( 1.000000000000000000, 0.000000000000000000, 0.000000000000000000 ) ) ;
#5112 = ORIENTED_EDGE ( 'NONE', *, *, #1293, .T. ) ;
#5113 = CARTESIAN_POINT ( 'NONE',  ( -2.745000000000000995, -0.03324296518320021127, -2.412782614830607297 ) ) ;
#5114 = SURFACE_STYLE_USAGE ( .BOTH. , #4185 ) ;
#5115 = VERTEX_POINT ( 'NONE', #2126 ) ;
#5116 = LINE ( 'NONE', #897, #4236 ) ;
#5117 = PRESENTATION_LAYER_ASSIGNMENT (  '', '', ( #3400 ) ) ;
#5118 = FACE_OUTER_BOUND ( 'NONE', #5284, .T. ) ;
#5119 = SURFACE_SIDE_STYLE ('',( #2726 ) ) ;
#5120 = DIRECTION ( 'NONE',  ( 1.000000000000000000, 0.000000000000000000, 0.000000000000000000 ) ) ;
#5121 = PRESENTATION_STYLE_ASSIGNMENT (( #4736 ) ) ;
#5122 = ORIENTED_EDGE ( 'NONE', *, *, #6247, .F. ) ;
#5123 = SURFACE_SIDE_STYLE ('',( #5631 ) ) ;
#5124 = PRESENTATION_LAYER_ASSIGNMENT (  '', '', ( #2989 ) ) ;
#5125 = DIRECTION ( 'NONE',  ( 1.000000000000000000, 0.000000000000000000, 0.000000000000000000 ) ) ;
#5126 = PRESENTATION_STYLE_ASSIGNMENT (( #1702 ) ) ;
#5127 = ORIENTED_EDGE ( 'NONE', *, *, #147, .F. ) ;
#5128 =( GEOMETRIC_REPRESENTATION_CONTEXT ( 3 ) GLOBAL_UNCERTAINTY_ASSIGNED_CONTEXT ( ( #1951 ) ) GLOBAL_UNIT_ASSIGNED_CONTEXT ( ( #1441, #50, #2381 ) ) REPRESENTATION_CONTEXT ( 'NONE', 'WORKASPACE' ) );
#5129 = UNCERTAINTY_MEASURE_WITH_UNIT (LENGTH_MEASURE( 1.000000000000000082E-05 ), #3253, 'distance_accuracy_value', 'NONE');
#5130 = ORIENTED_EDGE ( 'NONE', *, *, #804, .T. ) ;
#5131 = EDGE_CURVE ( 'NONE', #212, #2626, #5978, .T. ) ;
#5132 = COLOUR_RGB ( '',1.000000000000000000, 1.000000000000000000, 1.000000000000000000 ) ;
#5133 =( NAMED_UNIT ( * ) SI_UNIT ( $, .STERADIAN. ) SOLID_ANGLE_UNIT ( ) );
#5134 = SURFACE_STYLE_FILL_AREA ( #5713 ) ;
#5135 = LINE ( 'NONE', #2204, #2253 ) ;
#5136 = UNCERTAINTY_MEASURE_WITH_UNIT (LENGTH_MEASURE( 1.000000000000000082E-05 ), #6223, 'distance_accuracy_value', 'NONE');
#5137 = PRESENTATION_LAYER_ASSIGNMENT (  '', '', ( #2389 ) ) ;
#5138 = VERTEX_POINT ( 'NONE', #3044 ) ;
#5139 = EDGE_CURVE ( 'NONE', #926, #5185, #4986, .T. ) ;
#5140 =( NAMED_UNIT ( * ) PLANE_ANGLE_UNIT ( ) SI_UNIT ( $, .RADIAN. ) );
#5141 = DIRECTION ( 'NONE',  ( 0.000000000000000000, -0.1391731009600658264, 0.9902680687415702510 ) ) ;
#5142 = VECTOR ( 'NONE', #2693, 1000.000000000000000 ) ;
#5143 = PRESENTATION_STYLE_ASSIGNMENT (( #1233 ) ) ;
#5144 = EDGE_LOOP ( 'NONE', ( #2799, #5405, #4475, #1302, #3052, #1922, #4911, #4262, #5540, #4819, #447, #3141, #5351, #269, #3209, #1413 ) ) ;
#5145 = DIRECTION ( 'NONE',  ( 1.000000000000000000, 0.000000000000000000, 0.000000000000000000 ) ) ;
#5146 = PRESENTATION_LAYER_ASSIGNMENT (  '', '', ( #1800 ) ) ;
#5147 = FILL_AREA_STYLE_COLOUR ( '', #6063 ) ;
#5148 = VERTEX_POINT ( 'NONE', #4504 ) ;
#5149 = STYLED_ITEM ( 'NONE', ( #2729 ), #279 ) ;
#5150 = STYLED_ITEM ( 'NONE', ( #4832 ), #3631 ) ;
#5151 = CARTESIAN_POINT ( 'NONE',  ( -1.065000000000000835, -0.5215016595598550575, -2.434951625771963890 ) ) ;
#5152 = AXIS2_PLACEMENT_3D ( 'NONE', #4657, #3134, #3161 ) ;
#5153 =( LENGTH_UNIT ( ) NAMED_UNIT ( * ) SI_UNIT ( .MILLI., .METRE. ) );
#5154 = STYLED_ITEM ( 'NONE', ( #1781 ), #3854 ) ;
#5155 = CARTESIAN_POINT ( 'NONE',  ( -2.335000000000001297, -0.08750000000785781995, 2.243130321517128323 ) ) ;
#5156 = AXIS2_PLACEMENT_3D ( 'NONE', #3421, #5353, #2931 ) ;
#5157 = COLOUR_RGB ( '',1.000000000000000000, 1.000000000000000000, 1.000000000000000000 ) ;
#5158 = VERTEX_POINT ( 'NONE', #642 ) ;
#5159 = CLOSED_SHELL ( 'NONE', ( #5659, #1943, #826, #1014, #2141, #3940, #3789, #5604, #380, #3898, #5803, #764, #5710, #4058, #2025, #2117, #5737, #5619 ) ) ;
#5160 = FACE_OUTER_BOUND ( 'NONE', #3329, .T. ) ;
#5161 = SURFACE_STYLE_USAGE ( .BOTH. , #5094 ) ;
#5162 = FILL_AREA_STYLE_COLOUR ( '', #2850 ) ;
#5163 = CARTESIAN_POINT ( 'NONE',  ( -1.475000000000000977, 49479.30106375052128, 352064.5269506160403 ) ) ;
#5164 = ORIENTED_EDGE ( 'NONE', *, *, #3550, .F. ) ;
#5165 = DIRECTION ( 'NONE',  ( 1.000000000000000000, -0.000000000000000000, 0.000000000000000000 ) ) ;
#5166 = VERTEX_POINT ( 'NONE', #729 ) ;
#5167 = FILL_AREA_STYLE ('',( #3642 ) ) ;
#5168 = CARTESIAN_POINT ( 'NONE',  ( -2.745000000000000995, 49479.30106375052128, 352064.5269506160403 ) ) ;
#5169 = LINE ( 'NONE', #1803, #4807 ) ;
#5170 = ORIENTED_EDGE ( 'NONE', *, *, #5430, .F. ) ;
#5171 = PRESENTATION_STYLE_ASSIGNMENT (( #6182 ) ) ;
#5172 = DIRECTION ( 'NONE',  ( 1.000000000000000000, 0.000000000000000000, 0.000000000000000000 ) ) ;
#5173 = CARTESIAN_POINT ( 'NONE',  ( -4.015000000000001457, -0.5633515440308656252, -3.002177646465042926 ) ) ;
#5174 = FILL_AREA_STYLE_COLOUR ( '', #3217 ) ;
#5175 = LINE ( 'NONE', #4275, #3511 ) ;
#5176 = VERTEX_POINT ( 'NONE', #3618 ) ;
#5177 = PLANE ( 'NONE',  #2435 ) ;
#5178 = FILL_AREA_STYLE_COLOUR ( '', #1402 ) ;
#5179 = EDGE_LOOP ( 'NONE', ( #2704, #1930, #1376, #3144 ) ) ;
#5180 = DIRECTION ( 'NONE',  ( 1.000000000000000000, 0.000000000000000000, 0.000000000000000000 ) ) ;
#5181 = LINE ( 'NONE', #3722, #3110 ) ;
#5182 = EDGE_CURVE ( 'NONE', #5475, #2591, #3586, .T. ) ;
#5183 = DIRECTION ( 'NONE',  ( 0.000000000000000000, -0.1391731009600658264, 0.9902680687415702510 ) ) ;
#5184 = VECTOR ( 'NONE', #2722, 1000.000000000000227 ) ;
#5185 = VERTEX_POINT ( 'NONE', #3977 ) ;
#5186 = EDGE_CURVE ( 'NONE', #5984, #2513, #229, .T. ) ;
#5187 =( GEOMETRIC_REPRESENTATION_CONTEXT ( 3 ) GLOBAL_UNCERTAINTY_ASSIGNED_CONTEXT ( ( #4003 ) ) GLOBAL_UNIT_ASSIGNED_CONTEXT ( ( #1045, #437, #5318 ) ) REPRESENTATION_CONTEXT ( 'NONE', 'WORKASPACE' ) );
#5188 = PLANE ( 'NONE',  #3944 ) ;
#5189 = CARTESIAN_POINT ( 'NONE',  ( -2.745000000000000995, -0.03324296517348557245, 2.412782614754860333 ) ) ;
#5190 = CARTESIAN_POINT ( 'NONE',  ( 2.334999999999999520, -0.05000000000000001665, 2.276307518992031209 ) ) ;
#5191 = VERTEX_POINT ( 'NONE', #4599 ) ;
#5192 = DIRECTION ( 'NONE',  ( 0.000000000000000000, 0.000000000000000000, -1.000000000000000000 ) ) ;
#5193 = COLOUR_RGB ( '',1.000000000000000000, 1.000000000000000000, 1.000000000000000000 ) ;
#5194 = ORIENTED_EDGE ( 'NONE', *, *, #3626, .T. ) ;
#5195 = SURFACE_STYLE_FILL_AREA ( #1740 ) ;
#5196 = CARTESIAN_POINT ( 'NONE',  ( -1.065000000000000835, 49479.30106375052128, 352064.5269506160403 ) ) ;
#5197 = UNCERTAINTY_MEASURE_WITH_UNIT (LENGTH_MEASURE( 1.000000000000000082E-05 ), #2348, 'distance_accuracy_value', 'NONE');
#5198 = ORIENTED_EDGE ( 'NONE', *, *, #3005, .F. ) ;
#5199 = FACE_OUTER_BOUND ( 'NONE', #2834, .T. ) ;
#5200 = FILL_AREA_STYLE_COLOUR ( '', #1272 ) ;
#5201 = MECHANICAL_DESIGN_GEOMETRIC_PRESENTATION_REPRESENTATION (  '', ( #1555 ), #1244 ) ;
#5202 = CARTESIAN_POINT ( 'NONE',  ( 4.256857026221364748, 0.7788777543554873395, 1.436919501816193323 ) ) ;
#5203 = DIRECTION ( 'NONE',  ( 0.000000000000000000, 0.000000000000000000, -1.000000000000000000 ) ) ;
#5204 = CARTESIAN_POINT ( 'NONE',  ( -0.2050000000000008760, -0.4883712798218198259, 2.468665345020326640 ) ) ;
#5205 = EDGE_LOOP ( 'NONE', ( #141, #6016, #466, #1642 ) ) ;
#5206 = SURFACE_STYLE_FILL_AREA ( #2999 ) ;
#5207 = UNCERTAINTY_MEASURE_WITH_UNIT (LENGTH_MEASURE( 1.000000000000000082E-05 ), #1332, 'distance_accuracy_value', 'NONE');
#5208 = VERTEX_POINT ( 'NONE', #707 ) ;
#5209 =( NAMED_UNIT ( * ) PLANE_ANGLE_UNIT ( ) SI_UNIT ( $, .RADIAN. ) );
#5210 =( NAMED_UNIT ( * ) SI_UNIT ( $, .STERADIAN. ) SOLID_ANGLE_UNIT ( ) );
#5211 = CARTESIAN_POINT ( 'NONE',  ( 0.2049999999999991274, 0.08749999994315657559, 400000.0000000000000 ) ) ;
#5212 = DIRECTION ( 'NONE',  ( -1.000000000000000000, 0.000000000000000000, 0.000000000000000000 ) ) ;
#5213 = ORIENTED_EDGE ( 'NONE', *, *, #1963, .F. ) ;
#5214 = ADVANCED_FACE ( 'NONE', ( #2622 ), #4571, .T. ) ;
#5215 = CARTESIAN_POINT ( 'NONE',  ( 1.474999999999999423, -0.05000000000000001665, 2.276307518992031209 ) ) ;
#5216 = EDGE_CURVE ( 'NONE', #5041, #484, #3318, .T. ) ;
#5217 = DIRECTION ( 'NONE',  ( 1.000000000000000000, 0.000000000000000000, 0.000000000000000000 ) ) ;
#5218 = VERTEX_POINT ( 'NONE', #756 ) ;
#5219 =( LENGTH_UNIT ( ) NAMED_UNIT ( * ) SI_UNIT ( .MILLI., .METRE. ) );
#5220 = EDGE_LOOP ( 'NONE', ( #3165, #5778, #1228, #3895 ) ) ;
#5221 = STYLED_ITEM ( 'NONE', ( #3399 ), #1491 ) ;
#5222 = CARTESIAN_POINT ( 'NONE',  ( 1.064999999999999059, -0.7366484560549224625, -2.977822353784631559 ) ) ;
#5223 = EDGE_CURVE ( 'NONE', #5961, #5475, #3713, .T. ) ;
#5224 = CARTESIAN_POINT ( 'NONE',  ( 2.744999999999999218, -0.7366484559696573342, 2.977822353386727627 ) ) ;
#5225 = PLANE ( 'NONE',  #3882 ) ;
#5226 = VECTOR ( 'NONE', #2304, 1000.000000000000114 ) ;
#5227 = ORIENTED_EDGE ( 'NONE', *, *, #2847, .T. ) ;
#5228 = FILL_AREA_STYLE_COLOUR ( '', #2822 ) ;
#5229 = PRESENTATION_LAYER_ASSIGNMENT (  '', '', ( #1377 ) ) ;
#5230 = CARTESIAN_POINT ( 'NONE',  ( 1.064999999999999059, -335652.5486902103294, 41215.18319354090636 ) ) ;
#5231 = DIRECTION ( 'NONE',  ( -0.000000000000000000, 0.9902680687415702510, 0.1391731009600658264 ) ) ;
#5232 = CARTESIAN_POINT ( 'NONE',  ( -1.065000000000000835, -0.6500000000286831892, -2.990000000067993824 ) ) ;
#5233 = PLANE ( 'NONE',  #4897 ) ;
#5234 = ORIENTED_EDGE ( 'NONE', *, *, #880, .F. ) ;
#5235 = VECTOR ( 'NONE', #1217, 1000.000000000000227 ) ;
#5236 = ORIENTED_EDGE ( 'NONE', *, *, #282, .F. ) ;
#5237 = CARTESIAN_POINT ( 'NONE',  ( 2.744999999999999218, -0.08749999997803570295, -2.243130321559760887 ) ) ;
#5238 = STYLED_ITEM ( 'NONE', ( #4210 ), #5324 ) ;
#5239 = FILL_AREA_STYLE ('',( #3177 ) ) ;
#5240 = COLOUR_RGB ( '',1.000000000000000000, 1.000000000000000000, 1.000000000000000000 ) ;
#5241 = FACE_OUTER_BOUND ( 'NONE', #551, .T. ) ;
#5242 = EDGE_CURVE ( 'NONE', #4492, #2347, #5581, .T. ) ;
#5243 =( GEOMETRIC_REPRESENTATION_CONTEXT ( 3 ) GLOBAL_UNCERTAINTY_ASSIGNED_CONTEXT ( ( #1887 ) ) GLOBAL_UNIT_ASSIGNED_CONTEXT ( ( #960, #995, #522 ) ) REPRESENTATION_CONTEXT ( 'NONE', 'WORKASPACE' ) );
#5244 = VERTEX_POINT ( 'NONE', #2779 ) ;
#5245 = VECTOR ( 'NONE', #1456, 1000.000000000000227 ) ;
#5246 = PRESENTATION_LAYER_ASSIGNMENT (  '', '', ( #3320 ) ) ;
#5247 = LINE ( 'NONE', #904, #2406 ) ;
#5248 = PRESENTATION_LAYER_ASSIGNMENT (  '', '', ( #2503 ) ) ;
#5249 = DIRECTION ( 'NONE',  ( 0.000000000000000000, 0.9902680687415702510, -0.1391731009600654934 ) ) ;
#5250 = DIRECTION ( 'NONE',  ( 0.000000000000000000, 0.9925461516413218721, 0.1218693434051480867 ) ) ;
#5251 = MECHANICAL_DESIGN_GEOMETRIC_PRESENTATION_REPRESENTATION (  '', ( #5361 ), #2504 ) ;
#5252 = ORIENTED_EDGE ( 'NONE', *, *, #73, .F. ) ;
#5253 = CARTESIAN_POINT ( 'NONE',  ( -1.065000000000000835, -0.4883712797543182660, 2.468665345013221213 ) ) ;
#5254 = CIRCLE ( 'NONE', #4749, 0.1375000000000000389 ) ;
#5255 = EDGE_CURVE ( 'NONE', #5166, #1889, #6064, .T. ) ;
#5256 = UNCERTAINTY_MEASURE_WITH_UNIT (LENGTH_MEASURE( 1.000000000000000082E-05 ), #3983, 'distance_accuracy_value', 'NONE');
#5257 = VERTEX_POINT ( 'NONE', #2238 ) ;
#5258 = VECTOR ( 'NONE', #4705, 1000.000000000000114 ) ;
#5259 = CARTESIAN_POINT ( 'NONE',  ( -1.475000000000000977, -0.7366484559696573342, 2.977822353386727627 ) ) ;
#5260 = PLANE ( 'NONE',  #4985 ) ;
#5261 = SURFACE_STYLE_USAGE ( .BOTH. , #5358 ) ;
#5262 = EDGE_CURVE ( 'NONE', #6232, #4137, #4246, .T. ) ;
#5263 = UNCERTAINTY_MEASURE_WITH_UNIT (LENGTH_MEASURE( 1.000000000000000082E-05 ), #5810, 'distance_accuracy_value', 'NONE');
#5264 = CARTESIAN_POINT ( 'NONE',  ( -4.015000000000001457, -0.4883712798218198259, 2.468665345020326640 ) ) ;
#5265 = ORIENTED_EDGE ( 'NONE', *, *, #2923, .T. ) ;
#5266 = LINE ( 'NONE', #441, #4943 ) ;
#5267 = EDGE_CURVE ( 'NONE', #1720, #192, #2900, .T. ) ;
#5268 = CARTESIAN_POINT ( 'NONE',  ( -1.475000000000000977, -0.5382586940072542347, 2.298476529816184666 ) ) ;
#5269 = PRESENTATION_STYLE_ASSIGNMENT (( #539 ) ) ;
#5270 = DIRECTION ( 'NONE',  ( 0.000000000000000000, -0.9925461516413218721, 0.1218693434051480867 ) ) ;
#5271 = CARTESIAN_POINT ( 'NONE',  ( 2.334999999999999520, -60775.81455996134173, 432440.1270694187842 ) ) ;
#5272 = ORIENTED_EDGE ( 'NONE', *, *, #6161, .T. ) ;
#5273 = DIRECTION ( 'NONE',  ( 0.000000000000000000, 0.9925461516413218721, 0.1218693434051480867 ) ) ;
#5274 = FACE_OUTER_BOUND ( 'NONE', #5439, .T. ) ;
#5275 = ORIENTED_EDGE ( 'NONE', *, *, #3065, .T. ) ;
#5276 = CYLINDRICAL_SURFACE ( 'NONE', #990, 0.1375000000000000389 ) ;
#5277 = CARTESIAN_POINT ( 'NONE',  ( -3.605000000000000870, -0.5382586940072542347, 2.298476529816184666 ) ) ;
#5278 = DIRECTION ( 'NONE',  ( -1.000000000000000000, 0.000000000000000000, 0.000000000000000000 ) ) ;
#5279 = ORIENTED_EDGE ( 'NONE', *, *, #3550, .T. ) ;
#5280 =( LENGTH_UNIT ( ) NAMED_UNIT ( * ) SI_UNIT ( .MILLI., .METRE. ) );
#5281 = CARTESIAN_POINT ( 'NONE',  ( 2.334999999999999520, -0.6576635189929902481, 2.415815324354753102 ) ) ;
#5282 = DIRECTION ( 'NONE',  ( 1.000000000000000000, 0.000000000000000000, 0.000000000000000000 ) ) ;
#5283 = LINE ( 'NONE', #4329, #3904 ) ;
#5284 = EDGE_LOOP ( 'NONE', ( #6203, #2091, #2610, #4684 ) ) ;
#5285 =( NAMED_UNIT ( * ) PLANE_ANGLE_UNIT ( ) SI_UNIT ( $, .RADIAN. ) );
#5286 = ORIENTED_EDGE ( 'NONE', *, *, #2996, .T. ) ;
#5287 = FACE_OUTER_BOUND ( 'NONE', #3719, .T. ) ;
#5288 = DIRECTION ( 'NONE',  ( 0.000000000000000000, -0.9925461516413218721, 0.1218693434051480867 ) ) ;
#5289 =( GEOMETRIC_REPRESENTATION_CONTEXT ( 3 ) GLOBAL_UNCERTAINTY_ASSIGNED_CONTEXT ( ( #5513 ) ) GLOBAL_UNIT_ASSIGNED_CONTEXT ( ( #5345, #2383, #3381 ) ) REPRESENTATION_CONTEXT ( 'NONE', 'WORKASPACE' ) );
#5290 = ORIENTED_EDGE ( 'NONE', *, *, #3374, .F. ) ;
#5291 = CARTESIAN_POINT ( 'NONE',  ( 2.334999999999999520, -0.05000000000000001665, 2.276307518992031209 ) ) ;
#5292 = EDGE_CURVE ( 'NONE', #4442, #418, #4436, .T. ) ;
#5293 = CARTESIAN_POINT ( 'NONE',  ( 4.270319585296296516, -0.6250000000000000000, 1.895319585296296738 ) ) ;
#5294 = STYLED_ITEM ( 'NONE', ( #4 ), #925 ) ;
#5295 = DIRECTION ( 'NONE',  ( -0.000000000000000000, 0.1218693434051481006, 0.9925461516413219831 ) ) ;
#5296 = DIRECTION ( 'NONE',  ( 0.000000000000000000, -0.1391731009600658264, 0.9902680687415702510 ) ) ;
#5297 = LINE ( 'NONE', #514, #5609 ) ;
#5298 = ORIENTED_EDGE ( 'NONE', *, *, #2985, .F. ) ;
#5299 = LINE ( 'NONE', #3937, #4415 ) ;
#5300 = EDGE_CURVE ( 'NONE', #115, #931, #313, .T. ) ;
#5301 = SURFACE_SIDE_STYLE ('',( #1400 ) ) ;
#5302 = ORIENTED_EDGE ( 'NONE', *, *, #4781, .T. ) ;
#5303 = MECHANICAL_DESIGN_GEOMETRIC_PRESENTATION_REPRESENTATION (  '', ( #1754 ), #739 ) ;
#5304 = DIRECTION ( 'NONE',  ( 0.000000000000000000, 0.9925461516413218721, 0.1218693434051480867 ) ) ;
#5305 = FACE_OUTER_BOUND ( 'NONE', #6250, .T. ) ;
#5306 = STYLED_ITEM ( 'NONE', ( #2144 ), #719 ) ;
#5307 = CARTESIAN_POINT ( 'NONE',  ( -4.295598456131938470, -0.3360611841938732636, 1.920598456131937803 ) ) ;
#5308 = FILL_AREA_STYLE ('',( #3909 ) ) ;
#5309 = ORIENTED_EDGE ( 'NONE', *, *, #6081, .T. ) ;
#5310 = AXIS2_PLACEMENT_3D ( 'NONE', #5996, #2490, #4474 ) ;
#5311 = CARTESIAN_POINT ( 'NONE',  ( 1.474999999999999423, -0.5382586942780623884, -2.298476529921281930 ) ) ;
#5312 = DIRECTION ( 'NONE',  ( 0.000000000000000000, -0.1391731009600658264, 0.9902680687415702510 ) ) ;
#5313 = DIRECTION ( 'NONE',  ( 0.000000000000000000, 0.000000000000000000, -1.000000000000000000 ) ) ;
#5314 = VERTEX_POINT ( 'NONE', #4146 ) ;
#5315 = AXIS2_PLACEMENT_3D ( 'NONE', #2681, #2210, #4180 ) ;
#5316 = ORIENTED_EDGE ( 'NONE', *, *, #2690, .T. ) ;
#5317 = CARTESIAN_POINT ( 'NONE',  ( 2.744999999999999218, -0.4883712797543182660, 2.468665345013221213 ) ) ;
#5318 =( NAMED_UNIT ( * ) SI_UNIT ( $, .STERADIAN. ) SOLID_ANGLE_UNIT ( ) );
#5319 = CARTESIAN_POINT ( 'NONE',  ( -1.475000000000000977, -0.6576635189929902481, 2.415815324354753102 ) ) ;
#5320 = UNCERTAINTY_MEASURE_WITH_UNIT (LENGTH_MEASURE( 1.000000000000000082E-05 ), #609, 'distance_accuracy_value', 'NONE');
#5321 = EDGE_CURVE ( 'NONE', #6181, #4902, #4179, .T. ) ;
#5322 = EDGE_LOOP ( 'NONE', ( #2261, #3584, #4555, #5419 ) ) ;
#5323 = COLOUR_RGB ( '',1.000000000000000000, 1.000000000000000000, 1.000000000000000000 ) ;
#5324 = ADVANCED_FACE ( 'NONE', ( #5687 ), #792, .F. ) ;
#5325 = FACE_OUTER_BOUND ( 'NONE', #3150, .T. ) ;
#5326 = CARTESIAN_POINT ( 'NONE',  ( 1.474999999999999423, -238883.7691232077195, -29333.64739951598312 ) ) ;
#5327 = FILL_AREA_STYLE_COLOUR ( '', #4400 ) ;
#5328 = LINE ( 'NONE', #1645, #1879 ) ;
#5329 = DIRECTION ( 'NONE',  ( 1.000000000000000000, -0.000000000000000000, 0.000000000000000000 ) ) ;
#5330 = VECTOR ( 'NONE', #544, 1000.000000000000000 ) ;
#5331 = UNCERTAINTY_MEASURE_WITH_UNIT (LENGTH_MEASURE( 1.000000000000000082E-05 ), #2511, 'distance_accuracy_value', 'NONE');
#5332 = ADVANCED_FACE ( 'NONE', ( #2937 ), #444, .F. ) ;
#5333 = VECTOR ( 'NONE', #2301, 1000.000000000000000 ) ;
#5334 = ORIENTED_EDGE ( 'NONE', *, *, #1650, .F. ) ;
#5335 = AXIS2_PLACEMENT_3D ( 'NONE', #3039, #1164, #4001 ) ;
#5336 = DIRECTION ( 'NONE',  ( 0.000000000000000000, 0.1391731009600654934, 0.9902680687415702510 ) ) ;
#5337 = CARTESIAN_POINT ( 'NONE',  ( -1.475000000000000977, -0.7366484559696573342, 2.977822353386727627 ) ) ;
#5338 = FILL_AREA_STYLE_COLOUR ( '', #3982 ) ;
#5339 = VECTOR ( 'NONE', #180, 1000.000000000000227 ) ;
#5340 = ORIENTED_EDGE ( 'NONE', *, *, #5827, .T. ) ;
#5341 = EDGE_CURVE ( 'NONE', #5185, #4859, #5453, .T. ) ;
#5342 = AXIS2_PLACEMENT_3D ( 'NONE', #5151, #4732, #394 ) ;
#5343 = LINE ( 'NONE', #1827, #5561 ) ;
#5344 = CARTESIAN_POINT ( 'NONE',  ( -1.475000000000000977, -0.03324296520190728188, -2.412782614818809179 ) ) ;
#5345 =( LENGTH_UNIT ( ) NAMED_UNIT ( * ) SI_UNIT ( .MILLI., .METRE. ) );
#5346 = LINE ( 'NONE', #1375, #4201 ) ;
#5347 = VERTEX_POINT ( 'NONE', #4791 ) ;
#5348 = EDGE_CURVE ( 'NONE', #6001, #5487, #2460, .T. ) ;
#5349 = COLOUR_RGB ( '',1.000000000000000000, 1.000000000000000000, 1.000000000000000000 ) ;
#5350 = STYLED_ITEM ( 'NONE', ( #2793 ), #5781 ) ;
#5351 = ORIENTED_EDGE ( 'NONE', *, *, #83, .F. ) ;
#5352 = MECHANICAL_DESIGN_GEOMETRIC_PRESENTATION_REPRESENTATION (  '', ( #5040 ), #2188 ) ;
#5353 = DIRECTION ( 'NONE',  ( -1.000000000000000000, 0.000000000000000000, 0.000000000000000000 ) ) ;
#5354 = AXIS2_PLACEMENT_3D ( 'NONE', #610, #3609, #163 ) ;
#5355 =( GEOMETRIC_REPRESENTATION_CONTEXT ( 3 ) GLOBAL_UNCERTAINTY_ASSIGNED_CONTEXT ( ( #5912 ) ) GLOBAL_UNIT_ASSIGNED_CONTEXT ( ( #1891, #1021, #413 ) ) REPRESENTATION_CONTEXT ( 'NONE', 'WORKASPACE' ) );
#5356 = PRESENTATION_STYLE_ASSIGNMENT (( #4301 ) ) ;
#5357 = SURFACE_SIDE_STYLE ('',( #27 ) ) ;
#5358 = SURFACE_SIDE_STYLE ('',( #1480 ) ) ;
#5359 = SURFACE_SIDE_STYLE ('',( #1050 ) ) ;
#5360 = ORIENTED_EDGE ( 'NONE', *, *, #5934, .T. ) ;
#5361 = STYLED_ITEM ( 'NONE', ( #406 ), #5694 ) ;
#5362 = VECTOR ( 'NONE', #3593, 1000.000000000000227 ) ;
#5363 = CYLINDRICAL_SURFACE ( 'NONE', #3830, 0.1375000000000000389 ) ;
#5364 = VECTOR ( 'NONE', #1995, 1000.000000000000114 ) ;
#5365 = VECTOR ( 'NONE', #916, 1000.000000000000000 ) ;
#5366 = DIRECTION ( 'NONE',  ( 0.000000000000000000, 0.000000000000000000, -1.000000000000000000 ) ) ;
#5367 = SURFACE_SIDE_STYLE ('',( #3432 ) ) ;
#5368 =( NAMED_UNIT ( * ) SI_UNIT ( $, .STERADIAN. ) SOLID_ANGLE_UNIT ( ) );
#5369 = CARTESIAN_POINT ( 'NONE',  ( -1.065000000000000835, -0.5633515439456004970, 3.002177646067138994 ) ) ;
#5370 = FILL_AREA_STYLE ('',( #2370 ) ) ;
#5371 = ORIENTED_EDGE ( 'NONE', *, *, #1884, .T. ) ;
#5372 = SURFACE_STYLE_FILL_AREA ( #5857 ) ;
#5373 = LINE ( 'NONE', #4416, #706 ) ;
#5374 =( LENGTH_UNIT ( ) NAMED_UNIT ( * ) SI_UNIT ( .MILLI., .METRE. ) );
#5375 = EDGE_CURVE ( 'NONE', #4192, #3139, #2868, .T. ) ;
#5376 = EDGE_CURVE ( 'NONE', #6170, #2795, #4372, .T. ) ;
#5377 = DIRECTION ( 'NONE',  ( 0.000000000000000000, -0.9925461516413218721, 0.1218693434051480867 ) ) ;
#5378 = DIRECTION ( 'NONE',  ( 1.000000000000000000, 0.000000000000000000, 0.000000000000000000 ) ) ;
#5379 = DIRECTION ( 'NONE',  ( 1.000000000000000000, 0.000000000000000000, 0.000000000000000000 ) ) ;
#5380 = ORIENTED_EDGE ( 'NONE', *, *, #5035, .F. ) ;
#5381 = DIRECTION ( 'NONE',  ( 0.000000000000000000, 0.1391731009600654934, 0.9902680687415702510 ) ) ;
#5382 = EDGE_CURVE ( 'NONE', #2057, #5602, #3933, .T. ) ;
#5383 = ORIENTED_EDGE ( 'NONE', *, *, #637, .T. ) ;
#5384 = DIRECTION ( 'NONE',  ( -0.000000000000000000, 0.9902680687415702510, 0.1391731009600658264 ) ) ;
#5385 = FILL_AREA_STYLE_COLOUR ( '', #5546 ) ;
#5386 = CARTESIAN_POINT ( 'NONE',  ( 2.334999999999999520, -238883.7691232077195, -29333.64739951598312 ) ) ;
#5387 =( LENGTH_UNIT ( ) NAMED_UNIT ( * ) SI_UNIT ( .MILLI., .METRE. ) );
#5388 = FILL_AREA_STYLE ('',( #1575 ) ) ;
#5389 = PRESENTATION_STYLE_ASSIGNMENT (( #4765 ) ) ;
#5390 = UNCERTAINTY_MEASURE_WITH_UNIT (LENGTH_MEASURE( 1.000000000000000082E-05 ), #5374, 'distance_accuracy_value', 'NONE');
#5391 = COLOUR_RGB ( '',1.000000000000000000, 1.000000000000000000, 1.000000000000000000 ) ;
#5392 = VERTEX_POINT ( 'NONE', #5293 ) ;
#5393 = PRESENTATION_STYLE_ASSIGNMENT (( #1140 ) ) ;
#5394 = CARTESIAN_POINT ( 'NONE',  ( 3.604999999999999094, 49479.12776683849370, 352064.5513059087098 ) ) ;
#5395 = DIRECTION ( 'NONE',  ( 0.000000000000000000, 0.000000000000000000, 1.000000000000000000 ) ) ;
#5396 = CARTESIAN_POINT ( 'NONE',  ( -2.335000000000001297, -335652.5273630752345, 41215.35688911744364 ) ) ;
#5397 = STYLED_ITEM ( 'NONE', ( #4227 ), #2502 ) ;
#5398 = FILL_AREA_STYLE_COLOUR ( '', #3507 ) ;
#5399 = UNCERTAINTY_MEASURE_WITH_UNIT (LENGTH_MEASURE( 1.000000000000000082E-05 ), #5437, 'distance_accuracy_value', 'NONE');
#5400 = ORIENTED_EDGE ( 'NONE', *, *, #1744, .F. ) ;
#5401 = MECHANICAL_DESIGN_GEOMETRIC_PRESENTATION_REPRESENTATION (  '', ( #142 ), #1749 ) ;
#5402 =( NAMED_UNIT ( * ) PLANE_ANGLE_UNIT ( ) SI_UNIT ( $, .RADIAN. ) );
#5403 = DIRECTION ( 'NONE',  ( 1.000000000000000000, 0.000000000000000000, 0.000000000000000000 ) ) ;
#5404 = DIRECTION ( 'NONE',  ( 0.9961946980917455452, -0.08715574274765836016, 0.000000000000000000 ) ) ;
#5405 = ORIENTED_EDGE ( 'NONE', *, *, #1826, .T. ) ;
#5406 = CARTESIAN_POINT ( 'NONE',  ( 2.334999999999999520, 0.08749999999214218283, 2.276307519025522197 ) ) ;
#5407 =( GEOMETRIC_REPRESENTATION_CONTEXT ( 3 ) GLOBAL_UNCERTAINTY_ASSIGNED_CONTEXT ( ( #638 ) ) GLOBAL_UNIT_ASSIGNED_CONTEXT ( ( #4572, #6028, #1683 ) ) REPRESENTATION_CONTEXT ( 'NONE', 'WORKASPACE' ) );
#5408 = FILL_AREA_STYLE_COLOUR ( '', #4205 ) ;
#5409 =( NAMED_UNIT ( * ) SI_UNIT ( $, .STERADIAN. ) SOLID_ANGLE_UNIT ( ) );
#5410 = ORIENTED_EDGE ( 'NONE', *, *, #2377, .T. ) ;
#5411 = AXIS2_PLACEMENT_3D ( 'NONE', #5971, #3098, #1120 ) ;
#5412 = EDGE_CURVE ( 'NONE', #2935, #5997, #949, .T. ) ;
#5413 = VERTEX_POINT ( 'NONE', #3332 ) ;
#5414 = EDGE_CURVE ( 'NONE', #3846, #1397, #2903, .T. ) ;
#5415 = CYLINDRICAL_SURFACE ( 'NONE', #2775, 0.1375000000000000389 ) ;
#5416 = CARTESIAN_POINT ( 'NONE',  ( -0.2050000000000008760, -335652.5273630752345, 41215.35688911744364 ) ) ;
#5417 = AXIS2_PLACEMENT_3D ( 'NONE', #2488, #5295, #2904 ) ;
#5418 = LINE ( 'NONE', #3088, #540 ) ;
#5419 = ORIENTED_EDGE ( 'NONE', *, *, #261, .T. ) ;
#5420 = LINE ( 'NONE', #1844, #3100 ) ;
#5421 = ORIENTED_EDGE ( 'NONE', *, *, #1052, .F. ) ;
#5422 = VECTOR ( 'NONE', #973, 1000.000000000000114 ) ;
#5423 = CARTESIAN_POINT ( 'NONE',  ( 2.334999999999999520, -0.08750000000645741238, -2.243130321563313601 ) ) ;
#5424 = EDGE_CURVE ( 'NONE', #4517, #192, #512, .T. ) ;
#5425 = CARTESIAN_POINT ( 'NONE',  ( -1.065000000000000835, -238883.7691232077195, -29333.64739951598312 ) ) ;
#5426 =( NAMED_UNIT ( * ) SI_UNIT ( $, .STERADIAN. ) SOLID_ANGLE_UNIT ( ) );
#5427 = FILL_AREA_STYLE ('',( #480 ) ) ;
#5428 = PRODUCT_DEFINITION_FORMATION_WITH_SPECIFIED_SOURCE ( 'ANY', '', #5828, .NOT_KNOWN. ) ;
#5429 =( LENGTH_UNIT ( ) NAMED_UNIT ( * ) SI_UNIT ( .MILLI., .METRE. ) );
#5430 = EDGE_CURVE ( 'NONE', #5158, #2551, #2429, .T. ) ;
#5431 = EDGE_LOOP ( 'NONE', ( #4487, #6102, #743, #2354 ) ) ;
#5432 =( GEOMETRIC_REPRESENTATION_CONTEXT ( 3 ) GLOBAL_UNCERTAINTY_ASSIGNED_CONTEXT ( ( #1089 ) ) GLOBAL_UNIT_ASSIGNED_CONTEXT ( ( #1274, #5758, #3146 ) ) REPRESENTATION_CONTEXT ( 'NONE', 'WORKASPACE' ) );
#5433 = CARTESIAN_POINT ( 'NONE',  ( -1.065000000000000835, -0.5382586942780623884, -2.298476529921281930 ) ) ;
#5434 = STYLED_ITEM ( 'NONE', ( #4085 ), #1993 ) ;
#5435 = COLOUR_RGB ( '',0.2980392156862745057, 0.2980392156862745057, 0.2980392156862745057 ) ;
#5436 =( NAMED_UNIT ( * ) PLANE_ANGLE_UNIT ( ) SI_UNIT ( $, .RADIAN. ) );
#5437 =( LENGTH_UNIT ( ) NAMED_UNIT ( * ) SI_UNIT ( .MILLI., .METRE. ) );
#5438 = SURFACE_STYLE_FILL_AREA ( #677 ) ;
#5439 = EDGE_LOOP ( 'NONE', ( #3256, #3606, #4794, #2169 ) ) ;
#5440 = EDGE_CURVE ( 'NONE', #1654, #4115, #3112, .T. ) ;
#5441 = VECTOR ( 'NONE', #3174, 1000.000000000000000 ) ;
#5442 = ORIENTED_EDGE ( 'NONE', *, *, #4685, .T. ) ;
#5443 =( NAMED_UNIT ( * ) PLANE_ANGLE_UNIT ( ) SI_UNIT ( $, .RADIAN. ) );
#5444 = SURFACE_SIDE_STYLE ('',( #655 ) ) ;
#5445 = EDGE_CURVE ( 'NONE', #6136, #2670, #2108, .T. ) ;
#5446 = DIRECTION ( 'NONE',  ( 0.000000000000000000, 0.000000000000000000, -1.000000000000000000 ) ) ;
#5447 = STYLED_ITEM ( 'NONE', ( #2914 ), #5063 ) ;
#5448 = EDGE_LOOP ( 'NONE', ( #2163, #4260, #4971, #5071 ) ) ;
#5449 = UNCERTAINTY_MEASURE_WITH_UNIT (LENGTH_MEASURE( 1.000000000000000082E-05 ), #3124, 'distance_accuracy_value', 'NONE');
#5450 = MECHANICAL_DESIGN_GEOMETRIC_PRESENTATION_REPRESENTATION (  '', ( #5963 ), #280 ) ;
#5451 = MECHANICAL_DESIGN_GEOMETRIC_PRESENTATION_REPRESENTATION (  '', ( #3427 ), #5243 ) ;
#5452 = EDGE_LOOP ( 'NONE', ( #1015, #1639, #5096, #40, #5638, #3987, #2257, #2748, #3663, #5400, #5302, #3034, #2134, #1219, #3616, #3619 ) ) ;
#5454 = DIRECTION ( 'NONE',  ( 0.000000000000000000, 0.1391731009600654934, 0.9902680687415702510 ) ) ;
#5453 = CIRCLE ( 'NONE', #4036, 0.1375000000000000389 ) ;
#5455 = VECTOR ( 'NONE', #2709, 1000.000000000000227 ) ;
#5456 = FACE_OUTER_BOUND ( 'NONE', #161, .T. ) ;
#5457 = EDGE_CURVE ( 'NONE', #2795, #1527, #1869, .T. ) ;
#5458 = DIRECTION ( 'NONE',  ( 0.000000000000000000, 0.000000000000000000, -1.000000000000000000 ) ) ;
#5459 = VECTOR ( 'NONE', #3758, 1000.000000000000000 ) ;
#5460 =( GEOMETRIC_REPRESENTATION_CONTEXT ( 3 ) GLOBAL_UNCERTAINTY_ASSIGNED_CONTEXT ( ( #5263 ) ) GLOBAL_UNIT_ASSIGNED_CONTEXT ( ( #5810, #3387, #1016 ) ) REPRESENTATION_CONTEXT ( 'NONE', 'WORKASPACE' ) );
#5461 = UNCERTAINTY_MEASURE_WITH_UNIT (LENGTH_MEASURE( 1.000000000000000082E-05 ), #1119, 'distance_accuracy_value', 'NONE');
#5462 = FILL_AREA_STYLE_COLOUR ( '', #4040 ) ;
#5463 = AXIS2_PLACEMENT_3D ( 'NONE', #3651, #1690, #2065 ) ;
#5464 = ORIENTED_EDGE ( 'NONE', *, *, #255, .T. ) ;
#5465 = EDGE_CURVE ( 'NONE', #2865, #3762, #2614, .T. ) ;
#5466 = LINE ( 'NONE', #4037, #1950 ) ;
#5467 = FACE_OUTER_BOUND ( 'NONE', #2476, .T. ) ;
#5468 = SURFACE_STYLE_USAGE ( .BOTH. , #4509 ) ;
#5469 = CARTESIAN_POINT ( 'NONE',  ( 2.334999999999999520, -0.7366484560549224625, -2.977822353784631559 ) ) ;
#5470 = SURFACE_STYLE_FILL_AREA ( #5617 ) ;
#5471 = FACE_OUTER_BOUND ( 'NONE', #5220, .T. ) ;
#5472 = SURFACE_STYLE_FILL_AREA ( #3475 ) ;
#5473 = ORIENTED_EDGE ( 'NONE', *, *, #5255, .F. ) ;
#5474 =( LENGTH_UNIT ( ) NAMED_UNIT ( * ) SI_UNIT ( .MILLI., .METRE. ) );
#5475 = VERTEX_POINT ( 'NONE', #2525 ) ;
#5476 = FILL_AREA_STYLE_COLOUR ( '', #1903 ) ;
#5477 =( LENGTH_UNIT ( ) NAMED_UNIT ( * ) SI_UNIT ( .MILLI., .METRE. ) );
#5478 = LINE ( 'NONE', #5989, #1841 ) ;
#5479 = ORIENTED_EDGE ( 'NONE', *, *, #1700, .T. ) ;
#5480 = DIRECTION ( 'NONE',  ( 0.000000000000000000, 0.000000000000000000, -1.000000000000000000 ) ) ;
#5481 = ORIENTED_EDGE ( 'NONE', *, *, #6195, .F. ) ;
#5482 = CARTESIAN_POINT ( 'NONE',  ( -1.475000000000000977, 49479.12776683849370, 352064.5513059087098 ) ) ;
#5483 = DIRECTION ( 'NONE',  ( 0.000000000000000000, 0.1218693434051481006, -0.9925461516413219831 ) ) ;
#5484 = DIRECTION ( 'NONE',  ( 0.000000000000000000, 0.1391731009600654934, 0.9902680687415702510 ) ) ;
#5485 = STYLED_ITEM ( 'NONE', ( #3242 ), #2954 ) ;
#5486 = SURFACE_SIDE_STYLE ('',( #1121 ) ) ;
#5487 = VERTEX_POINT ( 'NONE', #4447 ) ;
#5488 = EDGE_CURVE ( 'NONE', #5115, #5347, #4497, .T. ) ;
#5489 = AXIS2_PLACEMENT_3D ( 'NONE', #4467, #1614, #774 ) ;
#5490 =( NAMED_UNIT ( * ) SI_UNIT ( $, .STERADIAN. ) SOLID_ANGLE_UNIT ( ) );
#5491 = EDGE_CURVE ( 'NONE', #2378, #4442, #221, .T. ) ;
#5492 = LINE ( 'NONE', #3500, #2962 ) ;
#5493 = VERTEX_POINT ( 'NONE', #4950 ) ;
#5494 = FILL_AREA_STYLE ('',( #4457 ) ) ;
#5495 = CIRCLE ( 'NONE', #6198, 0.1375000000000000389 ) ;
#5496 = CARTESIAN_POINT ( 'NONE',  ( -2.335000000000001297, -0.6500000000286831892, -2.990000000067993824 ) ) ;
#5497 = VECTOR ( 'NONE', #5601, 1000.000000000000000 ) ;
#5498 = CARTESIAN_POINT ( 'NONE',  ( -1.475000000000000977, -0.4883712798218198259, 2.468665344991904931 ) ) ;
#5499 = ORIENTED_EDGE ( 'NONE', *, *, #3252, .F. ) ;
#5500 = ORIENTED_EDGE ( 'NONE', *, *, #2262, .T. ) ;
#5501 = AXIS2_PLACEMENT_3D ( 'NONE', #5555, #5520, #2061 ) ;
#5502 = FILL_AREA_STYLE_COLOUR ( '', #2810 ) ;
#5503 = FACE_OUTER_BOUND ( 'NONE', #953, .T. ) ;
#5504 = DIRECTION ( 'NONE',  ( -0.000000000000000000, 0.9902680687415702510, 0.1391731009600658264 ) ) ;
#5505 = SURFACE_STYLE_USAGE ( .BOTH. , #2016 ) ;
#5506 = ORIENTED_EDGE ( 'NONE', *, *, #2452, .F. ) ;
#5507 = VECTOR ( 'NONE', #3008, 1000.000000000000114 ) ;
#5508 = PRODUCT_DEFINITION_CONTEXT ( 'detailed design', #4339, 'design' ) ;
#5509 = ORIENTED_EDGE ( 'NONE', *, *, #2486, .T. ) ;
#5510 =( NAMED_UNIT ( * ) SI_UNIT ( $, .STERADIAN. ) SOLID_ANGLE_UNIT ( ) );
#5511 = FACE_OUTER_BOUND ( 'NONE', #1609, .T. ) ;
#5512 = DIRECTION ( 'NONE',  ( 1.000000000000000000, 0.000000000000000000, 0.000000000000000000 ) ) ;
#5513 = UNCERTAINTY_MEASURE_WITH_UNIT (LENGTH_MEASURE( 1.000000000000000082E-05 ), #5345, 'distance_accuracy_value', 'NONE');
#5514 = PLANE ( 'NONE',  #5777 ) ;
#5515 = EDGE_CURVE ( 'NONE', #2875, #2795, #5872, .T. ) ;
#5516 = VERTEX_POINT ( 'NONE', #3095 ) ;
#5517 = COLOUR_RGB ( '',0.2980392156862745057, 0.2980392156862745057, 0.2980392156862745057 ) ;
#5518 = CARTESIAN_POINT ( 'NONE',  ( -4.015000000000001457, 0.08749999994315657559, 400000.0000000000000 ) ) ;
#5519 =( GEOMETRIC_REPRESENTATION_CONTEXT ( 3 ) GLOBAL_UNCERTAINTY_ASSIGNED_CONTEXT ( ( #4053 ) ) GLOBAL_UNIT_ASSIGNED_CONTEXT ( ( #216, #1636, #4488 ) ) REPRESENTATION_CONTEXT ( 'NONE', 'WORKASPACE' ) );
#5520 = DIRECTION ( 'NONE',  ( -0.000000000000000000, 0.1218693434051481006, 0.9925461516413219831 ) ) ;
#5521 = MECHANICAL_DESIGN_GEOMETRIC_PRESENTATION_REPRESENTATION (  '', ( #2877 ), #4820 ) ;
#5522 = ORIENTED_EDGE ( 'NONE', *, *, #3450, .T. ) ;
#5523 = SURFACE_STYLE_FILL_AREA ( #5494 ) ;
#5524 = EDGE_CURVE ( 'NONE', #4111, #1431, #4472, .T. ) ;
#5525 = UNCERTAINTY_MEASURE_WITH_UNIT (LENGTH_MEASURE( 1.000000000000000082E-05 ), #293, 'distance_accuracy_value', 'NONE');
#5526 = DIRECTION ( 'NONE',  ( 1.000000000000000000, 0.000000000000000000, 0.000000000000000000 ) ) ;
#5527 = AXIS2_PLACEMENT_3D ( 'NONE', #4248, #6216, #3754 ) ;
#5528 = CARTESIAN_POINT ( 'NONE',  ( 1.064999999999999059, -60775.64126304931415, 432440.1514247114537 ) ) ;
#5529 = DIRECTION ( 'NONE',  ( -0.000000000000000000, 1.000000000000000000, 1.224646799147353700E-16 ) ) ;
#5530 = STYLED_ITEM ( 'NONE', ( #247 ), #2025 ) ;
#5531 = DIRECTION ( 'NONE',  ( 1.000000000000000000, 0.000000000000000000, 0.000000000000000000 ) ) ;
#5532 = VERTEX_POINT ( 'NONE', #661 ) ;
#5533 = EDGE_CURVE ( 'NONE', #5516, #187, #5968, .T. ) ;
#5534 = COLOUR_RGB ( '',1.000000000000000000, 1.000000000000000000, 1.000000000000000000 ) ;
#5535 =( NAMED_UNIT ( * ) SI_UNIT ( $, .STERADIAN. ) SOLID_ANGLE_UNIT ( ) );
#5536 = CIRCLE ( 'NONE', #4520, 0.1375000000000000389 ) ;
#5537 = CARTESIAN_POINT ( 'NONE',  ( 1.474999999999999423, 0.08749999994315657559, 400000.0000000000000 ) ) ;
#5538 = FILL_AREA_STYLE_COLOUR ( '', #1054 ) ;
#5539 = ORIENTED_EDGE ( 'NONE', *, *, #1961, .F. ) ;
#5540 = ORIENTED_EDGE ( 'NONE', *, *, #721, .F. ) ;
#5541 = AXIS2_PLACEMENT_3D ( 'NONE', #1882, #3958, #501 ) ;
#5542 = CARTESIAN_POINT ( 'NONE',  ( -2.745000000000000995, -0.5633515439456004970, 3.002177646067138994 ) ) ;
#5543 = CARTESIAN_POINT ( 'NONE',  ( 4.259788883472118926, 0.7453664726351294512, -1.884788883472120702 ) ) ;
#5544 = VECTOR ( 'NONE', #5141, 1000.000000000000114 ) ;
#5545 = PRESENTATION_STYLE_ASSIGNMENT (( #4565 ) ) ;
#5546 = COLOUR_RGB ( '',1.000000000000000000, 1.000000000000000000, 1.000000000000000000 ) ;
#5547 = SURFACE_SIDE_STYLE ('',( #1772 ) ) ;
#5548 = ORIENTED_EDGE ( 'NONE', *, *, #816, .T. ) ;
#5549 = PRESENTATION_LAYER_ASSIGNMENT (  '', '', ( #4541 ) ) ;
#5550 = COLOUR_RGB ( '',1.000000000000000000, 1.000000000000000000, 1.000000000000000000 ) ;
#5551 = FILL_AREA_STYLE ('',( #4597 ) ) ;
#5552 = SURFACE_STYLE_USAGE ( .BOTH. , #4035 ) ;
#5553 = CARTESIAN_POINT ( 'NONE',  ( 3.604999999999999094, -0.6500000000286831892, -2.990000000067993824 ) ) ;
#5554 = AXIS2_PLACEMENT_3D ( 'NONE', #598, #5988, #3512 ) ;
#5555 = CARTESIAN_POINT ( 'NONE',  ( 2.334999999999999520, -335652.5273630752345, 41215.35688911744364 ) ) ;
#5556 = ORIENTED_EDGE ( 'NONE', *, *, #5018, .F. ) ;
#5557 = FACE_OUTER_BOUND ( 'NONE', #4370, .T. ) ;
#5558 =( LENGTH_UNIT ( ) NAMED_UNIT ( * ) SI_UNIT ( .MILLI., .METRE. ) );
#5559 = COLOUR_RGB ( '',1.000000000000000000, 1.000000000000000000, 1.000000000000000000 ) ;
#5560 = ORIENTED_EDGE ( 'NONE', *, *, #3406, .F. ) ;
#5561 = VECTOR ( 'NONE', #3311, 1000.000000000000227 ) ;
#5562 = VERTEX_POINT ( 'NONE', #2487 ) ;
#5563 = LINE ( 'NONE', #1128, #5362 ) ;
#5564 =( GEOMETRIC_REPRESENTATION_CONTEXT ( 3 ) GLOBAL_UNCERTAINTY_ASSIGNED_CONTEXT ( ( #3757 ) ) GLOBAL_UNIT_ASSIGNED_CONTEXT ( ( #3710, #4243, #5648 ) ) REPRESENTATION_CONTEXT ( 'NONE', 'WORKASPACE' ) );
#5565 = LINE ( 'NONE', #5022, #5339 ) ;
#5566 = ORIENTED_EDGE ( 'NONE', *, *, #4910, .T. ) ;
#5567 = PRESENTATION_STYLE_ASSIGNMENT (( #266 ) ) ;
#5568 = CARTESIAN_POINT ( 'NONE',  ( 0.2049999999999991274, -60775.64126304931415, 432440.1514247114537 ) ) ;
#5569 = ADVANCED_FACE ( 'NONE', ( #5456 ), #5915, .F. ) ;
#5570 =( NAMED_UNIT ( * ) SI_UNIT ( $, .STERADIAN. ) SOLID_ANGLE_UNIT ( ) );
#5571 = VERTEX_POINT ( 'NONE', #3524 ) ;
#5572 = SURFACE_SIDE_STYLE ('',( #3517 ) ) ;
#5573 = UNCERTAINTY_MEASURE_WITH_UNIT (LENGTH_MEASURE( 1.000000000000000082E-05 ), #2768, 'distance_accuracy_value', 'NONE');
#5574 = VERTEX_POINT ( 'NONE', #2121 ) ;
#5575 = FILL_AREA_STYLE ('',( #4625 ) ) ;
#5576 = CARTESIAN_POINT ( 'NONE',  ( 3.604999999999999094, -0.08750000005684341331, 400000.0000000000000 ) ) ;
#5577 = LINE ( 'NONE', #2123, #3714 ) ;
#5578 = UNCERTAINTY_MEASURE_WITH_UNIT (LENGTH_MEASURE( 1.000000000000000082E-05 ), #4310, 'distance_accuracy_value', 'NONE');
#5579 = CARTESIAN_POINT ( 'NONE',  ( -0.2050000000000008760, -0.5633515440308656252, -3.002177646465042926 ) ) ;
#5580 = VERTEX_POINT ( 'NONE', #4082 ) ;
#5581 = LINE ( 'NONE', #3200, #2598 ) ;
#5582 = MECHANICAL_DESIGN_GEOMETRIC_PRESENTATION_REPRESENTATION (  '', ( #3655 ), #3148 ) ;
#5583 = CARTESIAN_POINT ( 'NONE',  ( -1.475000000000000977, -238883.7904503427853, -29333.47370393944584 ) ) ;
#5584 = PLANE ( 'NONE',  #1366 ) ;
#5585 = SURFACE_SIDE_STYLE ('',( #1719 ) ) ;
#5586 = ORIENTED_EDGE ( 'NONE', *, *, #3045, .F. ) ;
#5587 = DIRECTION ( 'NONE',  ( 0.000000000000000000, 0.000000000000000000, -1.000000000000000000 ) ) ;
#5588 = CARTESIAN_POINT ( 'NONE',  ( -2.745000000000000995, -0.5382586940072542347, 2.298476529816184666 ) ) ;
#5589 = PRESENTATION_STYLE_ASSIGNMENT (( #1722 ) ) ;
#5590 = VERTEX_POINT ( 'NONE', #4056 ) ;
#5591 = DIRECTION ( 'NONE',  ( 0.000000000000000000, 0.9902680687415703620, -0.1391731009600655211 ) ) ;
#5592 = CARTESIAN_POINT ( 'NONE',  ( 4.324999999999999289, 0.000000000000000000, -1.950000000000000400 ) ) ;
#5593 = PRESENTATION_STYLE_ASSIGNMENT (( #4098 ) ) ;
#5594 = SURFACE_STYLE_FILL_AREA ( #2789 ) ;
#5595 = ADVANCED_FACE ( 'NONE', ( #1086 ), #5993, .T. ) ;
#5596 = ORIENTED_EDGE ( 'NONE', *, *, #28, .F. ) ;
#5597 = AXIS2_PLACEMENT_3D ( 'NONE', #1210, #837, #3652 ) ;
#5598 = SURFACE_STYLE_USAGE ( .BOTH. , #1760 ) ;
#5599 = DIRECTION ( 'NONE',  ( -1.000000000000000000, 0.000000000000000000, 0.000000000000000000 ) ) ;
#5600 = CARTESIAN_POINT ( 'NONE',  ( -4.270319585296298293, -0.6250000000000000000, -1.895319585296297626 ) ) ;
#5601 = DIRECTION ( 'NONE',  ( 1.000000000000000000, 0.000000000000000000, 0.000000000000000000 ) ) ;
#5602 = VERTEX_POINT ( 'NONE', #373 ) ;
#5603 = DIRECTION ( 'NONE',  ( 1.000000000000000000, 0.000000000000000000, 0.000000000000000000 ) ) ;
#5604 = ADVANCED_FACE ( 'NONE', ( #3669 ), #5608, .T. ) ;
#5605 = AXIS2_PLACEMENT_3D ( 'NONE', #4619, #1312, #1733 ) ;
#5606 = VERTEX_POINT ( 'NONE', #1285 ) ;
#5607 = CARTESIAN_POINT ( 'NONE',  ( 2.334999999999999520, 0.08749999999214273794, -2.276307518968678778 ) ) ;
#5608 = PLANE ( 'NONE',  #1189 ) ;
#5609 = VECTOR ( 'NONE', #1459, 1000.000000000000114 ) ;
#5610 = LINE ( 'NONE', #1864, #426 ) ;
#5611 = FILL_AREA_STYLE ('',( #249 ) ) ;
#5612 = ORIENTED_EDGE ( 'NONE', *, *, #2797, .F. ) ;
#5613 = MECHANICAL_DESIGN_GEOMETRIC_PRESENTATION_REPRESENTATION (  '', ( #5306 ), #1249 ) ;
#5614 = ADVANCED_FACE ( 'NONE', ( #1316 ), #3192, .F. ) ;
#5615 = LINE ( 'NONE', #1262, #4516 ) ;
#5616 = FACE_OUTER_BOUND ( 'NONE', #5976, .T. ) ;
#5617 = FILL_AREA_STYLE ('',( #5408 ) ) ;
#5618 = ORIENTED_EDGE ( 'NONE', *, *, #3374, .T. ) ;
#5619 = ADVANCED_FACE ( 'NONE', ( #779 ), #2673, .F. ) ;
#5620 = DIRECTION ( 'NONE',  ( 1.000000000000000000, 0.000000000000000000, 0.000000000000000000 ) ) ;
#5621 = SURFACE_STYLE_USAGE ( .BOTH. , #1748 ) ;
#5622 = ORIENTED_EDGE ( 'NONE', *, *, #5186, .F. ) ;
#5623 = CARTESIAN_POINT ( 'NONE',  ( -3.605000000000000870, -0.5215016595598557236, 2.434951625771963890 ) ) ;
#5624 = VECTOR ( 'NONE', #1886, 1000.000000000000227 ) ;
#5625 =( NAMED_UNIT ( * ) PLANE_ANGLE_UNIT ( ) SI_UNIT ( $, .RADIAN. ) );
#5626 = PLANE ( 'NONE',  #5597 ) ;
#5627 = PLANE ( 'NONE',  #1076 ) ;
#5628 = CARTESIAN_POINT ( 'NONE',  ( -2.745000000000000995, -0.6500000000286831892, -2.990000000067993824 ) ) ;
#5629 = VECTOR ( 'NONE', #2105, 1000.000000000000114 ) ;
#5630 = ORIENTED_EDGE ( 'NONE', *, *, #5375, .F. ) ;
#5631 = SURFACE_STYLE_FILL_AREA ( #1245 ) ;
#5632 = PRESENTATION_LAYER_ASSIGNMENT (  '', '', ( #1782 ) ) ;
#5633 = DIRECTION ( 'NONE',  ( 0.000000000000000000, 0.000000000000000000, 1.000000000000000000 ) ) ;
#5634 = CARTESIAN_POINT ( 'NONE',  ( 2.744999999999999218, -0.08750000000785781995, 2.243130321517128323 ) ) ;
#5635 = CYLINDRICAL_SURFACE ( 'NONE', #5605, 0.1375000000000000389 ) ;
#5636 = ORIENTED_EDGE ( 'NONE', *, *, #2807, .F. ) ;
#5637 = FACE_OUTER_BOUND ( 'NONE', #2133, .T. ) ;
#5638 = ORIENTED_EDGE ( 'NONE', *, *, #2417, .F. ) ;
#5639 = PRESENTATION_LAYER_ASSIGNMENT (  '', '', ( #976 ) ) ;
#5640 = VECTOR ( 'NONE', #3620, 1000.000000000000000 ) ;
#5641 =( NAMED_UNIT ( * ) SI_UNIT ( $, .STERADIAN. ) SOLID_ANGLE_UNIT ( ) );
#5642 = FILL_AREA_STYLE ('',( #6085 ) ) ;
#5643 = FILL_AREA_STYLE_COLOUR ( '', #4718 ) ;
#5644 = DIRECTION ( 'NONE',  ( 1.000000000000000000, 0.000000000000000000, 0.000000000000000000 ) ) ;
#5645 = UNCERTAINTY_MEASURE_WITH_UNIT (LENGTH_MEASURE( 1.000000000000000082E-05 ), #196, 'distance_accuracy_value', 'NONE');
#5646 = VECTOR ( 'NONE', #4099, 1000.000000000000227 ) ;
#5647 = EDGE_LOOP ( 'NONE', ( #2222, #3101, #3605, #4452 ) ) ;
#5648 =( NAMED_UNIT ( * ) SI_UNIT ( $, .STERADIAN. ) SOLID_ANGLE_UNIT ( ) );
#5650 = CARTESIAN_POINT ( 'NONE',  ( 2.334999999999999520, -335652.5486902103294, 41215.18319354090636 ) ) ;
#5649 = STYLED_ITEM ( 'NONE', ( #175 ), #4866 ) ;
#5651 = EDGE_CURVE ( 'NONE', #3846, #1443, #4364, .T. ) ;
#5652 =( NAMED_UNIT ( * ) PLANE_ANGLE_UNIT ( ) SI_UNIT ( $, .RADIAN. ) );
#5653 = SURFACE_STYLE_USAGE ( .BOTH. , #1839 ) ;
#5654 =( GEOMETRIC_REPRESENTATION_CONTEXT ( 3 ) GLOBAL_UNCERTAINTY_ASSIGNED_CONTEXT ( ( #3925 ) ) GLOBAL_UNIT_ASSIGNED_CONTEXT ( ( #1788, #1365, #4154 ) ) REPRESENTATION_CONTEXT ( 'NONE', 'WORKASPACE' ) );
#5655 = DIRECTION ( 'NONE',  ( 0.000000000000000000, 0.1391731009600654934, 0.9902680687415702510 ) ) ;
#5656 = FACE_OUTER_BOUND ( 'NONE', #3702, .T. ) ;
#5657 = ORIENTED_EDGE ( 'NONE', *, *, #4560, .T. ) ;
#5658 =( NAMED_UNIT ( * ) SI_UNIT ( $, .STERADIAN. ) SOLID_ANGLE_UNIT ( ) );
#5659 = ADVANCED_FACE ( 'NONE', ( #1946 ), #2424, .T. ) ;
#5660 = VECTOR ( 'NONE', #5231, 1000.000000000000114 ) ;
#5661 = COLOUR_RGB ( '',1.000000000000000000, 1.000000000000000000, 1.000000000000000000 ) ;
#5662 = PRESENTATION_LAYER_ASSIGNMENT (  '', '', ( #5963 ) ) ;
#5663 = MECHANICAL_DESIGN_GEOMETRIC_PRESENTATION_REPRESENTATION (  '', ( #2503 ), #6276 ) ;
#5664 = CARTESIAN_POINT ( 'NONE',  ( 4.014999999999999680, -0.7366484559696573342, 2.977822353386727627 ) ) ;
#5665 = COLOUR_RGB ( '',1.000000000000000000, 1.000000000000000000, 1.000000000000000000 ) ;
#5666 = DIRECTION ( 'NONE',  ( 0.000000000000000000, 0.9925461516413218721, 0.1218693434051480867 ) ) ;
#5667 = STYLED_ITEM ( 'NONE', ( #1715 ), #4017 ) ;
#5668 = CARTESIAN_POINT ( 'NONE',  ( 0.000000000000000000, -0.6250000000000000000, -1.895319585296297626 ) ) ;
#5669 = PRESENTATION_LAYER_ASSIGNMENT (  '', '', ( #795 ) ) ;
#5670 = VECTOR ( 'NONE', #322, 1000.000000000000227 ) ;
#5671 = ORIENTED_EDGE ( 'NONE', *, *, #1846, .T. ) ;
#5672 = VECTOR ( 'NONE', #2934, 1000.000000000000114 ) ;
#5673 =( LENGTH_UNIT ( ) NAMED_UNIT ( * ) SI_UNIT ( .MILLI., .METRE. ) );
#5674 = LINE ( 'NONE', #2255, #5258 ) ;
#5675 = CARTESIAN_POINT ( 'NONE',  ( 4.014999999999999680, -0.4883712798999795268, -2.468665345142895262 ) ) ;
#5676 = LINE ( 'NONE', #3255, #5925 ) ;
#5677 = ORIENTED_EDGE ( 'NONE', *, *, #16, .F. ) ;
#5678 = CARTESIAN_POINT ( 'NONE',  ( -4.015000000000001457, -0.08750000000785781995, 2.243130321517128323 ) ) ;
#5679 = VERTEX_POINT ( 'NONE', #4874 ) ;
#5680 =( LENGTH_UNIT ( ) NAMED_UNIT ( * ) SI_UNIT ( .MILLI., .METRE. ) );
#5681 = FACE_OUTER_BOUND ( 'NONE', #4773, .T. ) ;
#5682 = DIRECTION ( 'NONE',  ( 0.05614791346054161941, 0.6417735875449087635, -0.7648359785887198781 ) ) ;
#5683 = FILL_AREA_STYLE ('',( #819 ) ) ;
#5684 = SURFACE_STYLE_USAGE ( .BOTH. , #2739 ) ;
#5685 = ORIENTED_EDGE ( 'NONE', *, *, #1036, .F. ) ;
#5686 = FILL_AREA_STYLE ('',( #5228 ) ) ;
#5687 = FACE_OUTER_BOUND ( 'NONE', #2139, .T. ) ;
#5688 = DIRECTION ( 'NONE',  ( 0.000000000000000000, 0.1218693434051481006, -0.9925461516413219831 ) ) ;
#5689 = SURFACE_STYLE_USAGE ( .BOTH. , #4211 ) ;
#5690 = CYLINDRICAL_SURFACE ( 'NONE', #146, 0.1375000000000000389 ) ;
#5691 = EDGE_LOOP ( 'NONE', ( #1858, #4403, #778, #1516 ) ) ;
#5692 = DIRECTION ( 'NONE',  ( 0.000000000000000000, -0.1391731009600658264, 0.9902680687415702510 ) ) ;
#5693 =( LENGTH_UNIT ( ) NAMED_UNIT ( * ) SI_UNIT ( .MILLI., .METRE. ) );
#5694 = ADVANCED_FACE ( 'NONE', ( #4397 ), #56, .T. ) ;
#5695 = ORIENTED_EDGE ( 'NONE', *, *, #3118, .T. ) ;
#5696 = PRESENTATION_STYLE_ASSIGNMENT (( #1849 ) ) ;
#5697 = ADVANCED_FACE ( 'NONE', ( #4431 ), #2573, .T. ) ;
#5698 = SURFACE_STYLE_USAGE ( .BOTH. , #2787 ) ;
#5699 = DIRECTION ( 'NONE',  ( 1.000000000000000000, 0.000000000000000000, 0.000000000000000000 ) ) ;
#5700 = ORIENTED_EDGE ( 'NONE', *, *, #4946, .T. ) ;
#5701 = EDGE_CURVE ( 'NONE', #3058, #5091, #5935, .T. ) ;
#5702 = DIRECTION ( 'NONE',  ( 1.000000000000000000, 0.000000000000000000, 0.000000000000000000 ) ) ;
#5703 = STYLED_ITEM ( 'NONE', ( #2231 ), #2077 ) ;
#5704 = CARTESIAN_POINT ( 'NONE',  ( -4.015000000000001457, -60775.64126304931415, 432440.1514247114537 ) ) ;
#5705 =( NAMED_UNIT ( * ) SI_UNIT ( $, .STERADIAN. ) SOLID_ANGLE_UNIT ( ) );
#5706 =( LENGTH_UNIT ( ) NAMED_UNIT ( * ) SI_UNIT ( .MILLI., .METRE. ) );
#5707 = ORIENTED_EDGE ( 'NONE', *, *, #5430, .T. ) ;
#5708 = FILL_AREA_STYLE_COLOUR ( '', #3009 ) ;
#5709 = UNCERTAINTY_MEASURE_WITH_UNIT (LENGTH_MEASURE( 1.000000000000000082E-05 ), #4139, 'distance_accuracy_value', 'NONE');
#5710 = ADVANCED_FACE ( 'NONE', ( #184 ), #4999, .T. ) ;
#5711 = ORIENTED_EDGE ( 'NONE', *, *, #6190, .F. ) ;
#5712 = FILL_AREA_STYLE ('',( #1977 ) ) ;
#5713 = FILL_AREA_STYLE ('',( #5101 ) ) ;
#5714 = DIRECTION ( 'NONE',  ( -1.000000000000000000, 0.000000000000000000, 0.000000000000000000 ) ) ;
#5715 = VECTOR ( 'NONE', #4435, 1000.000000000000000 ) ;
#5716 = UNCERTAINTY_MEASURE_WITH_UNIT (LENGTH_MEASURE( 1.000000000000000082E-05 ), #2735, 'distance_accuracy_value', 'NONE');
#5717 =( NAMED_UNIT ( * ) PLANE_ANGLE_UNIT ( ) SI_UNIT ( $, .RADIAN. ) );
#5718 = ORIENTED_EDGE ( 'NONE', *, *, #4417, .F. ) ;
#5719 = DIRECTION ( 'NONE',  ( 0.000000000000000000, -0.9925461516413218721, 0.1218693434051480867 ) ) ;
#5720 = VECTOR ( 'NONE', #5111, 1000.000000000000000 ) ;
#5721 = FILL_AREA_STYLE ('',( #2717 ) ) ;
#5722 = EDGE_CURVE ( 'NONE', #257, #31, #4934, .T. ) ;
#5723 =( LENGTH_UNIT ( ) NAMED_UNIT ( * ) SI_UNIT ( .MILLI., .METRE. ) );
#5724 = DIRECTION ( 'NONE',  ( 0.000000000000000000, 0.000000000000000000, -1.000000000000000000 ) ) ;
#5725 = EDGE_CURVE ( 'NONE', #4095, #3031, #3992, .T. ) ;
#5726 = ORIENTED_EDGE ( 'NONE', *, *, #816, .F. ) ;
#5727 = DIRECTION ( 'NONE',  ( 1.000000000000000000, 0.000000000000000000, 0.000000000000000000 ) ) ;
#5728 = ORIENTED_EDGE ( 'NONE', *, *, #3483, .T. ) ;
#5729 = DIRECTION ( 'NONE',  ( 1.000000000000000000, 0.000000000000000000, 0.000000000000000000 ) ) ;
#5730 = ADVANCED_FACE ( 'NONE', ( #1573 ), #1611, .T. ) ;
#5731 = CARTESIAN_POINT ( 'NONE',  ( 3.604999999999999094, -238883.7691232077195, -29333.64739951598312 ) ) ;
#5732 = DIRECTION ( 'NONE',  ( 2.224004456380521903E-16, 0.000000000000000000, 1.000000000000000000 ) ) ;
#5733 = CARTESIAN_POINT ( 'NONE',  ( 3.604999999999999094, -0.05000000000000001665, 2.276307518992031209 ) ) ;
#5734 = ORIENTED_EDGE ( 'NONE', *, *, #1877, .F. ) ;
#5735 = COLOUR_RGB ( '',0.2980392156862745057, 0.2980392156862745057, 0.2980392156862745057 ) ;
#5736 = LINE ( 'NONE', #1368, #89 ) ;
#5737 = ADVANCED_FACE ( 'NONE', ( #843 ), #5188, .F. ) ;
#5738 = LINE ( 'NONE', #965, #2379 ) ;
#5739 = ORIENTED_EDGE ( 'NONE', *, *, #3069, .T. ) ;
#5740 =( GEOMETRIC_REPRESENTATION_CONTEXT ( 3 ) GLOBAL_UNCERTAINTY_ASSIGNED_CONTEXT ( ( #5331 ) ) GLOBAL_UNIT_ASSIGNED_CONTEXT ( ( #2511, #3918, #4929 ) ) REPRESENTATION_CONTEXT ( 'NONE', 'WORKASPACE' ) );
#5741 = PRESENTATION_STYLE_ASSIGNMENT (( #1859 ) ) ;
#5742 = EDGE_CURVE ( 'NONE', #5218, #4115, #5674, .T. ) ;
#5743 = ORIENTED_EDGE ( 'NONE', *, *, #847, .F. ) ;
#5744 = VECTOR ( 'NONE', #2101, 1000.000000000000000 ) ;
#5745 = ADVANCED_FACE ( 'NONE', ( #1729 ), #2700, .T. ) ;
#5746 = LINE ( 'NONE', #4846, #5422 ) ;
#5747 = PLANE ( 'NONE',  #4780 ) ;
#5748 = DIRECTION ( 'NONE',  ( 0.000000000000000000, 0.1391731009600654934, 0.9902680687415702510 ) ) ;
#5749 = VECTOR ( 'NONE', #6123, 1000.000000000000227 ) ;
#5750 = LINE ( 'NONE', #5264, #5365 ) ;
#5751 = ORIENTED_EDGE ( 'NONE', *, *, #6003, .T. ) ;
#5752 = VECTOR ( 'NONE', #1508, 1000.000000000000114 ) ;
#5753 = SURFACE_STYLE_FILL_AREA ( #3806 ) ;
#5754 =( NAMED_UNIT ( * ) SI_UNIT ( $, .STERADIAN. ) SOLID_ANGLE_UNIT ( ) );
#5755 = ORIENTED_EDGE ( 'NONE', *, *, #6140, .T. ) ;
#5757 = VECTOR ( 'NONE', #2624, 1000.000000000000114 ) ;
#5756 = PRESENTATION_STYLE_ASSIGNMENT (( #389 ) ) ;
#5758 =( NAMED_UNIT ( * ) PLANE_ANGLE_UNIT ( ) SI_UNIT ( $, .RADIAN. ) );
#5759 = DIRECTION ( 'NONE',  ( 0.000000000000000000, 0.000000000000000000, -1.000000000000000000 ) ) ;
#5760 = ORIENTED_EDGE ( 'NONE', *, *, #1590, .F. ) ;
#5761 = COLOUR_RGB ( '',1.000000000000000000, 1.000000000000000000, 1.000000000000000000 ) ;
#5762 = DIRECTION ( 'NONE',  ( 1.000000000000000000, -0.000000000000000000, 0.000000000000000000 ) ) ;
#5763 = DIRECTION ( 'NONE',  ( 1.000000000000000000, 0.000000000000000000, 0.000000000000000000 ) ) ;
#5764 = COLOUR_RGB ( '',1.000000000000000000, 1.000000000000000000, 1.000000000000000000 ) ;
#5765 = PRESENTATION_LAYER_ASSIGNMENT (  '', '', ( #1100 ) ) ;
#5766 = PRESENTATION_LAYER_ASSIGNMENT (  '', '', ( #390 ) ) ;
#5767 = MECHANICAL_DESIGN_GEOMETRIC_PRESENTATION_REPRESENTATION (  '', ( #1807 ), #195 ) ;
#5768 = CARTESIAN_POINT ( 'NONE',  ( -1.475000000000000977, -335652.5486902103294, 41215.18319354090636 ) ) ;
#5769 = AXIS2_PLACEMENT_3D ( 'NONE', #1236, #3650, #1818 ) ;
#5770 = FILL_AREA_STYLE ('',( #18 ) ) ;
#5771 = DIRECTION ( 'NONE',  ( 1.000000000000000000, 0.000000000000000000, 0.000000000000000000 ) ) ;
#5772 = DIRECTION ( 'NONE',  ( 1.000000000000000000, 0.000000000000000000, 0.000000000000000000 ) ) ;
#5773 =( LENGTH_UNIT ( ) NAMED_UNIT ( * ) SI_UNIT ( .MILLI., .METRE. ) );
#5774 =( GEOMETRIC_REPRESENTATION_CONTEXT ( 3 ) GLOBAL_UNCERTAINTY_ASSIGNED_CONTEXT ( ( #1831 ) ) GLOBAL_UNIT_ASSIGNED_CONTEXT ( ( #3549, #2516, #4465 ) ) REPRESENTATION_CONTEXT ( 'NONE', 'WORKASPACE' ) );
#5775 = ORIENTED_EDGE ( 'NONE', *, *, #294, .T. ) ;
#5776 = EDGE_CURVE ( 'NONE', #2371, #1476, #5343, .T. ) ;
#5777 = AXIS2_PLACEMENT_3D ( 'NONE', #1090, #3010, #5974 ) ;
#5778 = ORIENTED_EDGE ( 'NONE', *, *, #4325, .T. ) ;
#5779 = MECHANICAL_DESIGN_GEOMETRIC_PRESENTATION_REPRESENTATION (  '', ( #2010 ), #1408 ) ;
#5780 =( NAMED_UNIT ( * ) PLANE_ANGLE_UNIT ( ) SI_UNIT ( $, .RADIAN. ) );
#5781 = ADVANCED_FACE ( 'NONE', ( #1878 ), #4257, .F. ) ;
#5782 = FACE_OUTER_BOUND ( 'NONE', #3646, .T. ) ;
#5783 = CARTESIAN_POINT ( 'NONE',  ( 2.334999999999999520, -0.5215016595598550575, -2.434951625771963890 ) ) ;
#5784 = UNCERTAINTY_MEASURE_WITH_UNIT (LENGTH_MEASURE( 1.000000000000000082E-05 ), #1668, 'distance_accuracy_value', 'NONE');
#5785 = LINE ( 'NONE', #6210, #207 ) ;
#5786 = ORIENTED_EDGE ( 'NONE', *, *, #4834, .T. ) ;
#5787 = CARTESIAN_POINT ( 'NONE',  ( 0.2049999999999991274, -0.03324296528179307431, 2.412782614842713169 ) ) ;
#5788 = CARTESIAN_POINT ( 'NONE',  ( -4.015000000000001457, -0.05000000000000001665, 2.276307518992031209 ) ) ;
#5789 = CARTESIAN_POINT ( 'NONE',  ( 0.2049999999999991274, -238883.7904503427853, -29333.47370393944584 ) ) ;
#5790 = DIRECTION ( 'NONE',  ( 1.000000000000000000, 0.000000000000000000, 0.000000000000000000 ) ) ;
#5791 = ORIENTED_EDGE ( 'NONE', *, *, #68, .F. ) ;
#5792 = DIRECTION ( 'NONE',  ( 0.000000000000000000, -0.1391731009600658264, 0.9902680687415702510 ) ) ;
#5793 = CARTESIAN_POINT ( 'NONE',  ( -0.2050000000000008760, -0.5633515439456004970, 3.002177646067138994 ) ) ;
#5794 = PRESENTATION_STYLE_ASSIGNMENT (( #4826 ) ) ;
#5795 = ORIENTED_EDGE ( 'NONE', *, *, #420, .T. ) ;
#5796 =( NAMED_UNIT ( * ) SI_UNIT ( $, .STERADIAN. ) SOLID_ANGLE_UNIT ( ) );
#5797 = SURFACE_STYLE_USAGE ( .BOTH. , #6269 ) ;
#5798 = ORIENTED_EDGE ( 'NONE', *, *, #5859, .T. ) ;
#5799 = CARTESIAN_POINT ( 'NONE',  ( 0.2049999999999991274, -0.7366484559696573342, 2.977822353386727627 ) ) ;
#5800 =( NAMED_UNIT ( * ) PLANE_ANGLE_UNIT ( ) SI_UNIT ( $, .RADIAN. ) );
#5801 = DIRECTION ( 'NONE',  ( -0.000000000000000000, 0.9902680687415702510, 0.1391731009600658264 ) ) ;
#5802 = STYLED_ITEM ( 'NONE', ( #3020 ), #2907 ) ;
#5803 = ADVANCED_FACE ( 'NONE', ( #6234 ), #3379, .T. ) ;
#5804 = CIRCLE ( 'NONE', #3461, 0.1375000000000000389 ) ;
#5805 =( LENGTH_UNIT ( ) NAMED_UNIT ( * ) SI_UNIT ( .MILLI., .METRE. ) );
#5806 = EDGE_LOOP ( 'NONE', ( #5506, #1401, #2991, #5170 ) ) ;
#5807 = DIRECTION ( 'NONE',  ( 0.000000000000000000, 0.000000000000000000, -1.000000000000000000 ) ) ;
#5808 = VERTEX_POINT ( 'NONE', #5833 ) ;
#5809 = MECHANICAL_DESIGN_GEOMETRIC_PRESENTATION_REPRESENTATION (  '', ( #133 ), #2633 ) ;
#5810 =( LENGTH_UNIT ( ) NAMED_UNIT ( * ) SI_UNIT ( .MILLI., .METRE. ) );
#5811 = EDGE_CURVE ( 'NONE', #946, #2545, #2698, .T. ) ;
#5812 = LINE ( 'NONE', #5386, #4007 ) ;
#5813 = VECTOR ( 'NONE', #4426, 1000.000000000000000 ) ;
#5814 = PLANE ( 'NONE',  #3131 ) ;
#5815 = ORIENTED_EDGE ( 'NONE', *, *, #2536, .F. ) ;
#5816 =( LENGTH_UNIT ( ) NAMED_UNIT ( * ) SI_UNIT ( .MILLI., .METRE. ) );
#5817 = DIRECTION ( 'NONE',  ( 0.000000000000000000, 0.1391731009600654934, 0.9902680687415702510 ) ) ;
#5818 = VECTOR ( 'NONE', #1638, 1000.000000000000000 ) ;
#5819 = CARTESIAN_POINT ( 'NONE',  ( -0.2050000000000008760, -0.4883712798715578174, -2.468665345089604557 ) ) ;
#5820 = LINE ( 'NONE', #4376, #4998 ) ;
#5821 = LINE ( 'NONE', #2403, #868 ) ;
#5822 = CARTESIAN_POINT ( 'NONE',  ( 3.604999999999999094, -0.08750000000645741238, -2.243130321563313601 ) ) ;
#5823 = ORIENTED_EDGE ( 'NONE', *, *, #4271, .F. ) ;
#5824 = EDGE_CURVE ( 'NONE', #3762, #1889, #4356, .T. ) ;
#5825 = PRESENTATION_LAYER_ASSIGNMENT (  '', '', ( #4083 ) ) ;
#5826 = SURFACE_SIDE_STYLE ('',( #5372 ) ) ;
#5827 = EDGE_CURVE ( 'NONE', #1767, #1309, #5874, .T. ) ;
#5828 = PRODUCT ( 'MCP6024T-ISL', 'MCP6024T-ISL', '', ( #4706 ) ) ;
#5829 = COLOUR_RGB ( '',1.000000000000000000, 1.000000000000000000, 1.000000000000000000 ) ;
#5830 = LINE ( 'NONE', #2374, #3971 ) ;
#5831 = ORIENTED_EDGE ( 'NONE', *, *, #3981, .T. ) ;
#5832 = AXIS2_PLACEMENT_3D ( 'NONE', #5783, #1920, #4783 ) ;
#5833 = CARTESIAN_POINT ( 'NONE',  ( 1.064999999999999059, -0.03324296517348557245, 2.412782614754860333 ) ) ;
#5834 = LINE ( 'NONE', #4809, #1979 ) ;
#5835 = FACE_OUTER_BOUND ( 'NONE', #2316, .T. ) ;
#5836 = CARTESIAN_POINT ( 'NONE',  ( -3.605000000000000870, -0.08750000000785781995, 2.243130321517128323 ) ) ;
#5837 = ORIENTED_EDGE ( 'NONE', *, *, #106, .F. ) ;
#5838 = SURFACE_STYLE_FILL_AREA ( #2386 ) ;
#5839 = STYLED_ITEM ( 'NONE', ( #5545 ), #6121 ) ;
#5840 = ORIENTED_EDGE ( 'NONE', *, *, #2813, .T. ) ;
#5841 = EDGE_CURVE ( 'NONE', #4703, #845, #1340, .T. ) ;
#5842 =( GEOMETRIC_REPRESENTATION_CONTEXT ( 3 ) GLOBAL_UNCERTAINTY_ASSIGNED_CONTEXT ( ( #2764 ) ) GLOBAL_UNIT_ASSIGNED_CONTEXT ( ( #4265, #2391, #3354 ) ) REPRESENTATION_CONTEXT ( 'NONE', 'WORKASPACE' ) );
#5843 = DIRECTION ( 'NONE',  ( 0.000000000000000000, -1.224646799147353700E-16, 1.000000000000000000 ) ) ;
#5844 = LINE ( 'NONE', #1384, #3377 ) ;
#5845 = UNCERTAINTY_MEASURE_WITH_UNIT (LENGTH_MEASURE( 1.000000000000000082E-05 ), #1485, 'distance_accuracy_value', 'NONE');
#5846 = PRESENTATION_STYLE_ASSIGNMENT (( #3328 ) ) ;
#5847 = ORIENTED_EDGE ( 'NONE', *, *, #683, .F. ) ;
#5848 = VECTOR ( 'NONE', #6237, 1000.000000000000000 ) ;
#5849 = CARTESIAN_POINT ( 'NONE',  ( -2.335000000000001297, -0.5215016595598550575, -2.434951625771963890 ) ) ;
#5850 = CARTESIAN_POINT ( 'NONE',  ( -4.325000000000001066, 0.000000000000000000, -1.950000000000000400 ) ) ;
#5851 = VECTOR ( 'NONE', #1871, 1000.000000000000000 ) ;
#5852 = CARTESIAN_POINT ( 'NONE',  ( -2.335000000000000853, -0.5633515440308656252, -3.002177646465042926 ) ) ;
#5853 = UNCERTAINTY_MEASURE_WITH_UNIT (LENGTH_MEASURE( 1.000000000000000082E-05 ), #5805, 'distance_accuracy_value', 'NONE');
#5854 = ORIENTED_EDGE ( 'NONE', *, *, #2260, .T. ) ;
#5855 = EDGE_CURVE ( 'NONE', #714, #531, #2033, .T. ) ;
#5856 = MECHANICAL_DESIGN_GEOMETRIC_PRESENTATION_REPRESENTATION (  '', ( #5434 ), #1787 ) ;
#5857 = FILL_AREA_STYLE ('',( #79 ) ) ;
#5858 = STYLED_ITEM ( 'NONE', ( #5389 ), #3073 ) ;
#5859 = EDGE_CURVE ( 'NONE', #317, #5413, #4898, .T. ) ;
#5860 = CARTESIAN_POINT ( 'NONE',  ( 1.474999999999999423, -0.5215016595598557236, 2.434951625771963890 ) ) ;
#5861 = DIRECTION ( 'NONE',  ( 1.000000000000000000, 0.000000000000000000, 0.000000000000000000 ) ) ;
#5862 = AXIS2_PLACEMENT_3D ( 'NONE', #4554, #3030, #2544 ) ;
#5863 = EDGE_LOOP ( 'NONE', ( #5596, #3128, #579, #2784 ) ) ;
#5864 = LINE ( 'NONE', #4836, #4837 ) ;
#5865 = DIRECTION ( 'NONE',  ( 0.000000000000000000, -0.9925461516413218721, 0.1218693434051480867 ) ) ;
#5866 = DIRECTION ( 'NONE',  ( 1.000000000000000000, 0.000000000000000000, 0.000000000000000000 ) ) ;
#5867 = VECTOR ( 'NONE', #3182, 1000.000000000000114 ) ;
#5868 =( GEOMETRIC_REPRESENTATION_CONTEXT ( 3 ) GLOBAL_UNCERTAINTY_ASSIGNED_CONTEXT ( ( #2964 ) ) GLOBAL_UNIT_ASSIGNED_CONTEXT ( ( #645, #1125, #5949 ) ) REPRESENTATION_CONTEXT ( 'NONE', 'WORKASPACE' ) );
#5869 = DIRECTION ( 'NONE',  ( 0.000000000000000000, 1.000000000000000000, 0.000000000000000000 ) ) ;
#5870 = ORIENTED_EDGE ( 'NONE', *, *, #2153, .F. ) ;
#5871 = FACE_OUTER_BOUND ( 'NONE', #2562, .T. ) ;
#5872 = CIRCLE ( 'NONE', #5354, 0.1375000000000000389 ) ;
#5873 = EDGE_CURVE ( 'NONE', #405, #2840, #1069, .T. ) ;
#5874 = CIRCLE ( 'NONE', #2501, 0.1329977112048087440 ) ;
#5875 = EDGE_LOOP ( 'NONE', ( #1539, #4080, #5751, #2595, #2013, #6011, #1131, #2632, #3316, #3402, #3035, #4945, #4720, #1743, #802, #2234 ) ) ;
#5876 =( GEOMETRIC_REPRESENTATION_CONTEXT ( 3 ) GLOBAL_UNCERTAINTY_ASSIGNED_CONTEXT ( ( #3357 ) ) GLOBAL_UNIT_ASSIGNED_CONTEXT ( ( #2030, #2063, #1561 ) ) REPRESENTATION_CONTEXT ( 'NONE', 'WORKASPACE' ) );
#5877 = SURFACE_SIDE_STYLE ('',( #1109 ) ) ;
#5878 = AXIS2_PLACEMENT_3D ( 'NONE', #3310, #722, #3160 ) ;
#5879 = DIRECTION ( 'NONE',  ( 0.000000000000000000, -0.1391731009600658264, 0.9902680687415702510 ) ) ;
#5880 =( NAMED_UNIT ( * ) SI_UNIT ( $, .STERADIAN. ) SOLID_ANGLE_UNIT ( ) );
#5881 = AXIS2_PLACEMENT_3D ( 'NONE', #786, #3263, #225 ) ;
#5882 = DIRECTION ( 'NONE',  ( 0.000000000000000000, 0.1391731009600654934, 0.9902680687415702510 ) ) ;
#5883 = ORIENTED_EDGE ( 'NONE', *, *, #2179, .T. ) ;
#5884 = COLOUR_RGB ( '',1.000000000000000000, 1.000000000000000000, 1.000000000000000000 ) ;
#5885 =( LENGTH_UNIT ( ) NAMED_UNIT ( * ) SI_UNIT ( .MILLI., .METRE. ) );
#5886 =( GEOMETRIC_REPRESENTATION_CONTEXT ( 3 ) GLOBAL_UNCERTAINTY_ASSIGNED_CONTEXT ( ( #2019 ) ) GLOBAL_UNIT_ASSIGNED_CONTEXT ( ( #2020, #4942, #4880 ) ) REPRESENTATION_CONTEXT ( 'NONE', 'WORKASPACE' ) );
#5887 = CARTESIAN_POINT ( 'NONE',  ( 2.334999999999999520, -0.6500000000286831892, -2.990000000067993824 ) ) ;
#5888 = FACE_OUTER_BOUND ( 'NONE', #3348, .T. ) ;
#5889 = DIRECTION ( 'NONE',  ( 1.000000000000000000, 0.000000000000000000, 0.000000000000000000 ) ) ;
#5890 = SURFACE_STYLE_USAGE ( .BOTH. , #6255 ) ;
#5891 = DIRECTION ( 'NONE',  ( 1.000000000000000000, 0.000000000000000000, 0.000000000000000000 ) ) ;
#5892 = VERTEX_POINT ( 'NONE', #1206 ) ;
#5893 = CARTESIAN_POINT ( 'NONE',  ( 4.014999999999999680, -238883.7904503427853, -29333.47370393944584 ) ) ;
#5894 = CARTESIAN_POINT ( 'NONE',  ( -1.065000000000000835, 0.08750000000000054956, -2.276307518992029877 ) ) ;
#5895 = ADVANCED_FACE ( 'NONE', ( #1652 ), #1969, .F. ) ;
#5896 = CARTESIAN_POINT ( 'NONE',  ( -0.2050000000000008760, -60775.72791150532430, 432440.1392470651190 ) ) ;
#5897 = EDGE_CURVE ( 'NONE', #3960, #6001, #1682, .T. ) ;
#5898 = ORIENTED_EDGE ( 'NONE', *, *, #4362, .T. ) ;
#5899 = CARTESIAN_POINT ( 'NONE',  ( -0.2050000000000008760, -238883.7904503427853, -29333.47370393944584 ) ) ;
#5900 = CARTESIAN_POINT ( 'NONE',  ( 1.064999999999999059, -238883.7904503427853, -29333.47370393944584 ) ) ;
#5901 = CARTESIAN_POINT ( 'NONE',  ( 0.2049999999999991274, -0.6500000000286831892, -2.990000000067993824 ) ) ;
#5902 = CARTESIAN_POINT ( 'NONE',  ( 3.604999999999999094, -0.04999999999999946154, -2.276307518992031209 ) ) ;
#5903 = VERTEX_POINT ( 'NONE', #3914 ) ;
#5904 = DIRECTION ( 'NONE',  ( 1.000000000000000000, 0.000000000000000000, 0.000000000000000000 ) ) ;
#5905 = EDGE_CURVE ( 'NONE', #4517, #4978, #2508, .T. ) ;
#5906 = ORIENTED_EDGE ( 'NONE', *, *, #4250, .T. ) ;
#5907 = AXIS2_PLACEMENT_3D ( 'NONE', #3948, #5404, #3563 ) ;
#5908 = FILL_AREA_STYLE ('',( #2112 ) ) ;
#5909 = ADVANCED_FACE ( 'NONE', ( #4424 ), #254, .F. ) ;
#5910 = CARTESIAN_POINT ( 'NONE',  ( 3.604999999999999094, -0.6576635190569390943, -2.415815324525283359 ) ) ;
#5911 = VERTEX_POINT ( 'NONE', #2780 ) ;
#5912 = UNCERTAINTY_MEASURE_WITH_UNIT (LENGTH_MEASURE( 1.000000000000000082E-05 ), #1891, 'distance_accuracy_value', 'NONE');
#5913 = ORIENTED_EDGE ( 'NONE', *, *, #4681, .F. ) ;
#5914 = SURFACE_SIDE_STYLE ('',( #2082 ) ) ;
#5915 = PLANE ( 'NONE',  #2193 ) ;
#5916 = VECTOR ( 'NONE', #5379, 1000.000000000000000 ) ;
#5917 = DIRECTION ( 'NONE',  ( -1.000000000000000000, 0.000000000000000000, 0.000000000000000000 ) ) ;
#5918 =( NAMED_UNIT ( * ) SI_UNIT ( $, .STERADIAN. ) SOLID_ANGLE_UNIT ( ) );
#5919 = ORIENTED_EDGE ( 'NONE', *, *, #1415, .F. ) ;
#5920 = VECTOR ( 'NONE', #5732, 1000.000000000000000 ) ;
#5921 = EDGE_CURVE ( 'NONE', #2827, #2792, #1098, .T. ) ;
#5922 = CARTESIAN_POINT ( 'NONE',  ( 2.334999999999999520, -0.08750000005684341331, 400000.0000000000000 ) ) ;
#5923 = CARTESIAN_POINT ( 'NONE',  ( 1.064999999999999059, -0.4883712798218198259, 2.468665344991904931 ) ) ;
#5924 = DIRECTION ( 'NONE',  ( -0.000000000000000000, 0.1218693434051481006, 0.9925461516413219831 ) ) ;
#5925 = VECTOR ( 'NONE', #3604, 1000.000000000000000 ) ;
#5926 = ADVANCED_FACE ( 'NONE', ( #5616 ), #1354, .T. ) ;
#5927 = DIRECTION ( 'NONE',  ( 1.000000000000000000, 0.000000000000000000, 0.000000000000000000 ) ) ;
#5928 = DIRECTION ( 'NONE',  ( 0.000000000000000000, -1.224646799147353700E-16, 1.000000000000000000 ) ) ;
#5929 = SURFACE_STYLE_USAGE ( .BOTH. , #1071 ) ;
#5930 = CARTESIAN_POINT ( 'NONE',  ( 2.334999999999999520, 0.08749999999999998057, 2.276307519084131759 ) ) ;
#5931 = ORIENTED_EDGE ( 'NONE', *, *, #4603, .T. ) ;
#5932 = CARTESIAN_POINT ( 'NONE',  ( -1.475000000000000977, -0.5633515440308656252, -3.002177646465042926 ) ) ;
#5933 = ORIENTED_EDGE ( 'NONE', *, *, #3403, .F. ) ;
#5934 = EDGE_CURVE ( 'NONE', #3066, #5176, #3681, .T. ) ;
#5935 = LINE ( 'NONE', #3961, #1297 ) ;
#5936 = CARTESIAN_POINT ( 'NONE',  ( 3.604999999999999094, 0.08749999999214218283, 2.276307519025522197 ) ) ;
#5937 = EDGE_CURVE ( 'NONE', #3051, #5808, #5043, .T. ) ;
#5938 = CIRCLE ( 'NONE', #2976, 0.1375000000000000389 ) ;
#5939 = FACE_OUTER_BOUND ( 'NONE', #6059, .T. ) ;
#5940 = ORIENTED_EDGE ( 'NONE', *, *, #1218, .T. ) ;
#5941 = SURFACE_STYLE_USAGE ( .BOTH. , #63 ) ;
#5942 = EDGE_LOOP ( 'NONE', ( #3042, #1009, #6046, #4654 ) ) ;
#5943 = AXIS2_PLACEMENT_3D ( 'NONE', #3325, #3422, #5879 ) ;
#5944 = PRESENTATION_STYLE_ASSIGNMENT (( #5967 ) ) ;
#5945 = CARTESIAN_POINT ( 'NONE',  ( 2.334999999999999520, -0.5215016595598557236, 2.434951625771963890 ) ) ;
#5946 = VECTOR ( 'NONE', #5983, 1000.000000000000227 ) ;
#5947 = ORIENTED_EDGE ( 'NONE', *, *, #3839, .T. ) ;
#5948 = PLANE ( 'NONE',  #1133 ) ;
#5949 =( NAMED_UNIT ( * ) SI_UNIT ( $, .STERADIAN. ) SOLID_ANGLE_UNIT ( ) );
#5950 = VECTOR ( 'NONE', #3844, 1000.000000000000000 ) ;
#5951 = VECTOR ( 'NONE', #777, 1000.000000000000000 ) ;
#5952 = DIRECTION ( 'NONE',  ( 0.000000000000000000, 0.000000000000000000, -1.000000000000000000 ) ) ;
#5953 = CARTESIAN_POINT ( 'NONE',  ( -3.605000000000000870, -0.08749999997803570295, -2.243130321559760887 ) ) ;
#5954 = LINE ( 'NONE', #122, #1363 ) ;
#5955 = ORIENTED_EDGE ( 'NONE', *, *, #1108, .T. ) ;
#5956 = ORIENTED_EDGE ( 'NONE', *, *, #4245, .F. ) ;
#5957 = COLOUR_RGB ( '',1.000000000000000000, 1.000000000000000000, 1.000000000000000000 ) ;
#5958 = SURFACE_SIDE_STYLE ('',( #1043 ) ) ;
#5959 = PLANE ( 'NONE',  #5489 ) ;
#5960 = PRESENTATION_LAYER_ASSIGNMENT (  '', '', ( #5447 ) ) ;
#5961 = VERTEX_POINT ( 'NONE', #5109 ) ;
#5962 = ADVANCED_FACE ( 'NONE', ( #2303 ), #827, .T. ) ;
#5963 = STYLED_ITEM ( 'NONE', ( #1310 ), #251 ) ;
#5964 = COLOUR_RGB ( '',1.000000000000000000, 1.000000000000000000, 1.000000000000000000 ) ;
#5965 = ORIENTED_EDGE ( 'NONE', *, *, #3287, .T. ) ;
#5966 = EDGE_CURVE ( 'NONE', #1431, #5138, #1254, .T. ) ;
#5967 = SURFACE_STYLE_USAGE ( .BOTH. , #5914 ) ;
#5968 = LINE ( 'NONE', #5543, #4122 ) ;
#5969 = PRESENTATION_LAYER_ASSIGNMENT (  '', '', ( #1501 ) ) ;
#5970 = PLANE ( 'NONE',  #1174 ) ;
#5971 = CARTESIAN_POINT ( 'NONE',  ( -0.2050000000000008760, -0.08750000005684341331, 400000.0000000000000 ) ) ;
#5972 = COLOUR_RGB ( '',1.000000000000000000, 1.000000000000000000, 1.000000000000000000 ) ;
#5973 = UNCERTAINTY_MEASURE_WITH_UNIT (LENGTH_MEASURE( 1.000000000000000082E-05 ), #110, 'distance_accuracy_value', 'NONE');
#5974 = DIRECTION ( 'NONE',  ( 0.000000000000000000, 0.9925461516413218721, 0.1218693434051480867 ) ) ;
#5975 = PRESENTATION_LAYER_ASSIGNMENT (  '', '', ( #4651 ) ) ;
#5976 = EDGE_LOOP ( 'NONE', ( #2727, #4343, #4052, #4764 ) ) ;
#5977 = PRESENTATION_LAYER_ASSIGNMENT (  '', '', ( #3121 ) ) ;
#5978 = LINE ( 'NONE', #3016, #6265 ) ;
#5979 = FACE_OUTER_BOUND ( 'NONE', #5033, .T. ) ;
#5980 = CARTESIAN_POINT ( 'NONE',  ( 4.014999999999999680, 0.08750000000000054956, -2.276307518992029877 ) ) ;
#5981 = SURFACE_STYLE_FILL_AREA ( #4608 ) ;
#5982 =( LENGTH_UNIT ( ) NAMED_UNIT ( * ) SI_UNIT ( .MILLI., .METRE. ) );
#5983 = DIRECTION ( 'NONE',  ( 0.000000000000000000, -0.9925461516413218721, 0.1218693434051480867 ) ) ;
#5984 = VERTEX_POINT ( 'NONE', #4147 ) ;
#5985 = CARTESIAN_POINT ( 'NONE',  ( -0.2050000000000008760, -0.6576635190569390943, -2.415815324525283359 ) ) ;
#5986 = ORIENTED_EDGE ( 'NONE', *, *, #1757, .T. ) ;
#5987 = EDGE_CURVE ( 'NONE', #2494, #2480, #793, .T. ) ;
#5988 = DIRECTION ( 'NONE',  ( 0.000000000000000000, 0.1218693434051481006, -0.9925461516413219831 ) ) ;
#5989 = CARTESIAN_POINT ( 'NONE',  ( 2.334999999999999520, -0.4883712798218198259, 2.468665345020326640 ) ) ;
#5990 = LINE ( 'NONE', #5910, #5715 ) ;
#5991 = ORIENTED_EDGE ( 'NONE', *, *, #5855, .F. ) ;
#5992 = ORIENTED_EDGE ( 'NONE', *, *, #3403, .T. ) ;
#5993 = PLANE ( 'NONE',  #5152 ) ;
#5994 =( LENGTH_UNIT ( ) NAMED_UNIT ( * ) SI_UNIT ( .MILLI., .METRE. ) );
#5995 = SURFACE_SIDE_STYLE ('',( #1200 ) ) ;
#5996 = CARTESIAN_POINT ( 'NONE',  ( -1.475000000000000977, 49479.30106375052128, 352064.5269506160403 ) ) ;
#5997 = VERTEX_POINT ( 'NONE', #3362 ) ;
#5998 = AXIS2_PLACEMENT_3D ( 'NONE', #4653, #1342, #6078 ) ;
#5999 = DIRECTION ( 'NONE',  ( 0.000000000000000000, -1.224646799147353700E-16, 1.000000000000000000 ) ) ;
#6000 = FILL_AREA_STYLE_COLOUR ( '', #5761 ) ;
#6001 = VERTEX_POINT ( 'NONE', #5819 ) ;
#6002 = CARTESIAN_POINT ( 'NONE',  ( 3.604999999999999094, -0.6499999999718397703, 2.989999999840620148 ) ) ;
#6003 = EDGE_CURVE ( 'NONE', #2513, #1260, #5938, .T. ) ;
#6004 = CARTESIAN_POINT ( 'NONE',  ( -4.015000000000001457, 49479.12776683849370, 352064.5513059087098 ) ) ;
#6005 = PRESENTATION_LAYER_ASSIGNMENT (  '', '', ( #4683 ) ) ;
#6006 = EDGE_LOOP ( 'NONE', ( #124, #4536, #5011, #752 ) ) ;
#6007 = ADVANCED_FACE ( 'NONE', ( #3333 ), #2971, .F. ) ;
#6008 = SURFACE_STYLE_USAGE ( .BOTH. , #1176 ) ;
#6009 = CARTESIAN_POINT ( 'NONE',  ( -0.2050000000000008760, -0.7366484559696573342, 2.977822353386727627 ) ) ;
#6010 =( LENGTH_UNIT ( ) NAMED_UNIT ( * ) SI_UNIT ( .MILLI., .METRE. ) );
#6011 = ORIENTED_EDGE ( 'NONE', *, *, #3149, .T. ) ;
#6012 =( NAMED_UNIT ( * ) PLANE_ANGLE_UNIT ( ) SI_UNIT ( $, .RADIAN. ) );
#6013 = ORIENTED_EDGE ( 'NONE', *, *, #4298, .T. ) ;
#6014 = CIRCLE ( 'NONE', #943, 0.1375000000000000389 ) ;
#6015 = FILL_AREA_STYLE_COLOUR ( '', #4674 ) ;
#6016 = ORIENTED_EDGE ( 'NONE', *, *, #5056, .T. ) ;
#6017 = PLANE ( 'NONE',  #5030 ) ;
#6018 = ORIENTED_EDGE ( 'NONE', *, *, #227, .F. ) ;
#6019 = DIRECTION ( 'NONE',  ( 0.000000000000000000, -0.9925461516413218721, 0.1218693434051480867 ) ) ;
#6020 = CARTESIAN_POINT ( 'NONE',  ( 1.064999999999999059, -238883.7691232077195, -29333.64739951598312 ) ) ;
#6021 = STYLED_ITEM ( 'NONE', ( #2365 ), #6075 ) ;
#6022 = PRESENTATION_STYLE_ASSIGNMENT (( #700 ) ) ;
#6023 = SURFACE_STYLE_USAGE ( .BOTH. , #2086 ) ;
#6024 = UNCERTAINTY_MEASURE_WITH_UNIT (LENGTH_MEASURE( 1.000000000000000082E-05 ), #3335, 'distance_accuracy_value', 'NONE');
#6025 = LINE ( 'NONE', #2715, #2414 ) ;
#6026 = ORIENTED_EDGE ( 'NONE', *, *, #4662, .T. ) ;
#6027 =( NAMED_UNIT ( * ) PLANE_ANGLE_UNIT ( ) SI_UNIT ( $, .RADIAN. ) );
#6028 =( NAMED_UNIT ( * ) PLANE_ANGLE_UNIT ( ) SI_UNIT ( $, .RADIAN. ) );
#6029 =( GEOMETRIC_REPRESENTATION_CONTEXT ( 3 ) GLOBAL_UNCERTAINTY_ASSIGNED_CONTEXT ( ( #2910 ) ) GLOBAL_UNIT_ASSIGNED_CONTEXT ( ( #6010, #3179, #1725 ) ) REPRESENTATION_CONTEXT ( 'NONE', 'WORKASPACE' ) );
#6030 = ORIENTED_EDGE ( 'NONE', *, *, #6084, .T. ) ;
#6031 = DIRECTION ( 'NONE',  ( -0.000000000000000000, 0.1391731009600655211, 0.9902680687415703620 ) ) ;
#6032 = DIRECTION ( 'NONE',  ( 0.000000000000000000, -1.224646799147353700E-16, 1.000000000000000000 ) ) ;
#6033 = EDGE_CURVE ( 'NONE', #3657, #3392, #541, .T. ) ;
#6034 =( GEOMETRIC_REPRESENTATION_CONTEXT ( 3 ) GLOBAL_UNCERTAINTY_ASSIGNED_CONTEXT ( ( #4955 ) ) GLOBAL_UNIT_ASSIGNED_CONTEXT ( ( #3495, #1088, #5918 ) ) REPRESENTATION_CONTEXT ( 'NONE', 'WORKASPACE' ) );
#6035 = PLANE ( 'NONE',  #5463 ) ;
#6036 = EDGE_CURVE ( 'NONE', #2347, #3031, #1055, .T. ) ;
#6037 = DIRECTION ( 'NONE',  ( 0.000000000000000000, -0.1391731009600658264, 0.9902680687415702510 ) ) ;
#6038 = VECTOR ( 'NONE', #1265, 1000.000000000000114 ) ;
#6039 = LINE ( 'NONE', #4485, #3420 ) ;
#6040 = ORIENTED_EDGE ( 'NONE', *, *, #1223, .T. ) ;
#6041 = STYLED_ITEM ( 'NONE', ( #3744 ), #2064 ) ;
#6042 = SURFACE_STYLE_USAGE ( .BOTH. , #3183 ) ;
#6043 = MECHANICAL_DESIGN_GEOMETRIC_PRESENTATION_REPRESENTATION (  '', ( #3521 ), #2178 ) ;
#6044 = PLANE ( 'NONE',  #1038 ) ;
#6045 = CARTESIAN_POINT ( 'NONE',  ( -4.270319585296298293, 0.6250000000000000000, -1.950000000000000400 ) ) ;
#6046 = ORIENTED_EDGE ( 'NONE', *, *, #1115, .F. ) ;
#6047 = ORIENTED_EDGE ( 'NONE', *, *, #3959, .F. ) ;
#6048 = VECTOR ( 'NONE', #4428, 1000.000000000000114 ) ;
#6049 = CARTESIAN_POINT ( 'NONE',  ( 2.334999999999999520, 49479.30106375052128, 352064.5269506160403 ) ) ;
#6050 = DIRECTION ( 'NONE',  ( 1.000000000000000000, 0.000000000000000000, 0.000000000000000000 ) ) ;
#6051 =( NAMED_UNIT ( * ) PLANE_ANGLE_UNIT ( ) SI_UNIT ( $, .RADIAN. ) );
#6052 = VECTOR ( 'NONE', #3906, 1000.000000000000114 ) ;
#6053 =( GEOMETRIC_REPRESENTATION_CONTEXT ( 3 ) GLOBAL_UNCERTAINTY_ASSIGNED_CONTEXT ( ( #813 ) ) GLOBAL_UNIT_ASSIGNED_CONTEXT ( ( #3792, #3344, #462 ) ) REPRESENTATION_CONTEXT ( 'NONE', 'WORKASPACE' ) );
#6054 = PRESENTATION_STYLE_ASSIGNMENT (( #1710 ) ) ;
#6055 = CARTESIAN_POINT ( 'NONE',  ( -1.475000000000000977, -0.08750000005684341331, 400000.0000000000000 ) ) ;
#6056 = DIRECTION ( 'NONE',  ( 0.000000000000000000, 0.9925461516413218721, 0.1218693434051480867 ) ) ;
#6057 =( GEOMETRIC_REPRESENTATION_CONTEXT ( 3 ) GLOBAL_UNCERTAINTY_ASSIGNED_CONTEXT ( ( #5525 ) ) GLOBAL_UNIT_ASSIGNED_CONTEXT ( ( #293, #1364, #5210 ) ) REPRESENTATION_CONTEXT ( 'NONE', 'WORKASPACE' ) );
#6058 =( NAMED_UNIT ( * ) PLANE_ANGLE_UNIT ( ) SI_UNIT ( $, .RADIAN. ) );
#6059 = EDGE_LOOP ( 'NONE', ( #350, #6030, #167, #4666 ) ) ;
#6060 = VECTOR ( 'NONE', #3899, 1000.000000000000000 ) ;
#6061 = VECTOR ( 'NONE', #6019, 1000.000000000000227 ) ;
#6062 = CARTESIAN_POINT ( 'NONE',  ( 2.334999999999999520, -238883.7904503427853, -29333.47370393944584 ) ) ;
#6063 = COLOUR_RGB ( '',1.000000000000000000, 1.000000000000000000, 1.000000000000000000 ) ;
#6064 = LINE ( 'NONE', #888, #5544 ) ;
#6065 = FILL_AREA_STYLE ('',( #1326 ) ) ;
#6066 = EDGE_CURVE ( 'NONE', #5808, #511, #3396, .T. ) ;
#6067 = COLOUR_RGB ( '',1.000000000000000000, 1.000000000000000000, 1.000000000000000000 ) ;
#6068 = EDGE_LOOP ( 'NONE', ( #470, #5080, #4049, #239 ) ) ;
#6069 = LINE ( 'NONE', #1328, #5441 ) ;
#6070 = SURFACE_STYLE_FILL_AREA ( #3687 ) ;
#6071 = CLOSED_SHELL ( 'NONE', ( #3627, #1382, #4123, #644, #910, #5962, #3463, #5070, #4644, #2077, #4388, #4413, #1213, #3639, #2842, #719, #582, #2677 ) ) ;
#6072 =( GEOMETRIC_REPRESENTATION_CONTEXT ( 3 ) GLOBAL_UNCERTAINTY_ASSIGNED_CONTEXT ( ( #4818 ) ) GLOBAL_UNIT_ASSIGNED_CONTEXT ( ( #5429, #1589, #3529 ) ) REPRESENTATION_CONTEXT ( 'NONE', 'WORKASPACE' ) );
#6073 = MECHANICAL_DESIGN_GEOMETRIC_PRESENTATION_REPRESENTATION (  '', ( #2512 ), #4751 ) ;
#6074 = SURFACE_STYLE_USAGE ( .BOTH. , #1149 ) ;
#6075 = ADVANCED_FACE ( 'NONE', ( #479 ), #3900, .F. ) ;
#6076 = ORIENTED_EDGE ( 'NONE', *, *, #3870, .F. ) ;
#6077 = LINE ( 'NONE', #2254, #5867 ) ;
#6078 = DIRECTION ( 'NONE',  ( 0.000000000000000000, 0.000000000000000000, -1.000000000000000000 ) ) ;
#6079 = ORIENTED_EDGE ( 'NONE', *, *, #3522, .F. ) ;
#6080 = SURFACE_SIDE_STYLE ('',( #6204 ) ) ;
#6081 = EDGE_CURVE ( 'NONE', #6137, #2543, #2866, .T. ) ;
#6082 = ORIENTED_EDGE ( 'NONE', *, *, #2340, .F. ) ;
#6083 = CARTESIAN_POINT ( 'NONE',  ( -0.2050000000000008760, -0.5382586940072542347, 2.298476529816184666 ) ) ;
#6084 = EDGE_CURVE ( 'NONE', #629, #115, #919, .T. ) ;
#6085 = FILL_AREA_STYLE_COLOUR ( '', #5517 ) ;
#6086 =( LENGTH_UNIT ( ) NAMED_UNIT ( * ) SI_UNIT ( .MILLI., .METRE. ) );
#6087 =( NAMED_UNIT ( * ) SI_UNIT ( $, .STERADIAN. ) SOLID_ANGLE_UNIT ( ) );
#6088 = UNCERTAINTY_MEASURE_WITH_UNIT (LENGTH_MEASURE( 1.000000000000000082E-05 ), #4002, 'distance_accuracy_value', 'NONE');
#6089 = FILL_AREA_STYLE ('',( #4629 ) ) ;
#6090 = ORIENTED_EDGE ( 'NONE', *, *, #1116, .F. ) ;
#6091 = PLANE ( 'NONE',  #3814 ) ;
#6092 = SURFACE_SIDE_STYLE ('',( #253 ) ) ;
#6093 = VECTOR ( 'NONE', #1124, 1000.000000000000000 ) ;
#6094 =( LENGTH_UNIT ( ) NAMED_UNIT ( * ) SI_UNIT ( .MILLI., .METRE. ) );
#6095 = ORIENTED_EDGE ( 'NONE', *, *, #3665, .F. ) ;
#6096 = FILL_AREA_STYLE ('',( #5147 ) ) ;
#6097 = VECTOR ( 'NONE', #3389, 1000.000000000000114 ) ;
#6098 = FILL_AREA_STYLE ('',( #4252 ) ) ;
#6099 = LINE ( 'NONE', #1851, #2905 ) ;
#6100 =( LENGTH_UNIT ( ) NAMED_UNIT ( * ) SI_UNIT ( .MILLI., .METRE. ) );
#6101 = VECTOR ( 'NONE', #4328, 1000.000000000000000 ) ;
#6102 = ORIENTED_EDGE ( 'NONE', *, *, #571, .F. ) ;
#6103 = PRESENTATION_LAYER_ASSIGNMENT (  '', '', ( #1220 ) ) ;
#6104 = AXIS2_PLACEMENT_3D ( 'NONE', #3127, #4678, #3662 ) ;
#6105 = LINE ( 'NONE', #1857, #4891 ) ;
#6106 = FACE_OUTER_BOUND ( 'NONE', #3300, .T. ) ;
#6107 = VERTEX_POINT ( 'NONE', #950 ) ;
#6108 = DIRECTION ( 'NONE',  ( 1.000000000000000000, 0.000000000000000000, 0.000000000000000000 ) ) ;
#6109 = VECTOR ( 'NONE', #3435, 1000.000000000000000 ) ;
#6110 = ADVANCED_FACE ( 'NONE', ( #5888 ), #2022, .T. ) ;
#6111 = ORIENTED_EDGE ( 'NONE', *, *, #4160, .F. ) ;
#6112 = ADVANCED_FACE ( 'NONE', ( #4885 ), #1925, .F. ) ;
#6113 = PRESENTATION_LAYER_ASSIGNMENT (  '', '', ( #1348 ) ) ;
#6114 = DIRECTION ( 'NONE',  ( 0.000000000000000000, 0.1391731009600654934, 0.9902680687415702510 ) ) ;
#6115 =( NAMED_UNIT ( * ) PLANE_ANGLE_UNIT ( ) SI_UNIT ( $, .RADIAN. ) );
#6116 =( GEOMETRIC_REPRESENTATION_CONTEXT ( 3 ) GLOBAL_UNCERTAINTY_ASSIGNED_CONTEXT ( ( #5207 ) ) GLOBAL_UNIT_ASSIGNED_CONTEXT ( ( #1332, #5625, #3690 ) ) REPRESENTATION_CONTEXT ( 'NONE', 'WORKASPACE' ) );
#6117 = CYLINDRICAL_SURFACE ( 'NONE', #5881, 0.1375000000000000389 ) ;
#6118 = VERTEX_POINT ( 'NONE', #3006 ) ;
#6119 = VECTOR ( 'NONE', #5288, 1000.000000000000227 ) ;
#6120 = LINE ( 'NONE', #3775, #2400 ) ;
#6121 = MANIFOLD_SOLID_BREP ( 'LPattern2[2]', #206 ) ;
#6122 = DIRECTION ( 'NONE',  ( 1.000000000000000000, 0.000000000000000000, 0.000000000000000000 ) ) ;
#6123 = DIRECTION ( 'NONE',  ( 0.000000000000000000, 0.9925461516413218721, 0.1218693434051480867 ) ) ;
#6124 =( LENGTH_UNIT ( ) NAMED_UNIT ( * ) SI_UNIT ( .MILLI., .METRE. ) );
#6125 = EDGE_LOOP ( 'NONE', ( #2274, #2050, #2579, #5479, #4469, #5657, #3756, #2267, #2297, #6281, #3385, #4101, #4380, #4932, #5252, #1657 ) ) ;
#6126 = CARTESIAN_POINT ( 'NONE',  ( 1.474999999999999423, -0.6576635190118217400, 2.415815324389956498 ) ) ;
#6127 = LINE ( 'NONE', #3243, #1707 ) ;
#6128 = DIRECTION ( 'NONE',  ( 0.000000000000000000, 0.000000000000000000, -1.000000000000000000 ) ) ;
#6129 = VECTOR ( 'NONE', #1978, 1000.000000000000000 ) ;
#6130 = MECHANICAL_DESIGN_GEOMETRIC_PRESENTATION_REPRESENTATION (  '', ( #4100 ), #3703 ) ;
#6131 = ORIENTED_EDGE ( 'NONE', *, *, #328, .T. ) ;
#6132 = PRESENTATION_STYLE_ASSIGNMENT (( #5161 ) ) ;
#6133 = MECHANICAL_DESIGN_GEOMETRIC_PRESENTATION_REPRESENTATION (  '', ( #2989 ), #4015 ) ;
#6134 = CARTESIAN_POINT ( 'NONE',  ( -1.065000000000000835, 0.08749999994315657559, 400000.0000000000000 ) ) ;
#6135 = SURFACE_STYLE_FILL_AREA ( #1188 ) ;
#6136 = VERTEX_POINT ( 'NONE', #3096 ) ;
#6137 = VERTEX_POINT ( 'NONE', #1551 ) ;
#6138 = COLOUR_RGB ( '',1.000000000000000000, 1.000000000000000000, 1.000000000000000000 ) ;
#6139 = STYLED_ITEM ( 'NONE', ( #160 ), #3191 ) ;
#6140 = EDGE_CURVE ( 'NONE', #5574, #2827, #2526, .T. ) ;
#6141 =( NAMED_UNIT ( * ) PLANE_ANGLE_UNIT ( ) SI_UNIT ( $, .RADIAN. ) );
#6142 =( NAMED_UNIT ( * ) SI_UNIT ( $, .STERADIAN. ) SOLID_ANGLE_UNIT ( ) );
#6143 = DIRECTION ( 'NONE',  ( 1.000000000000000000, 0.000000000000000000, 0.000000000000000000 ) ) ;
#6144 = UNCERTAINTY_MEASURE_WITH_UNIT (LENGTH_MEASURE( 1.000000000000000082E-05 ), #2853, 'distance_accuracy_value', 'NONE');
#6145 = PRESENTATION_STYLE_ASSIGNMENT (( #5684 ) ) ;
#6146 = AXIS2_PLACEMENT_3D ( 'NONE', #3079, #1632, #4463 ) ;
#6147 = VERTEX_POINT ( 'NONE', #1198 ) ;
#6148 = ADVANCED_FACE ( 'NONE', ( #3583 ), #2645, .T. ) ;
#6149 = CARTESIAN_POINT ( 'NONE',  ( -0.2050000000000008760, -0.08750000005684341331, 400000.0000000000000 ) ) ;
#6151 = DIRECTION ( 'NONE',  ( 1.000000000000000000, 0.000000000000000000, 0.000000000000000000 ) ) ;
#6150 =( GEOMETRIC_REPRESENTATION_CONTEXT ( 3 ) GLOBAL_UNCERTAINTY_ASSIGNED_CONTEXT ( ( #5136 ) ) GLOBAL_UNIT_ASSIGNED_CONTEXT ( ( #6223, #5402, #1465 ) ) REPRESENTATION_CONTEXT ( 'NONE', 'WORKASPACE' ) );
#6152 = DIRECTION ( 'NONE',  ( 0.000000000000000000, -0.1391731009600658264, 0.9902680687415702510 ) ) ;
#6153 = PRESENTATION_LAYER_ASSIGNMENT (  '', '', ( #5149 ) ) ;
#6154 = DIRECTION ( 'NONE',  ( 0.000000000000000000, 0.000000000000000000, -1.000000000000000000 ) ) ;
#6155 = DIRECTION ( 'NONE',  ( 1.000000000000000000, 0.000000000000000000, 0.000000000000000000 ) ) ;
#6156 = ORIENTED_EDGE ( 'NONE', *, *, #683, .T. ) ;
#6157 = DIRECTION ( 'NONE',  ( 0.000000000000000000, 0.000000000000000000, -1.000000000000000000 ) ) ;
#6158 = VECTOR ( 'NONE', #6152, 1000.000000000000114 ) ;
#6159 = FACE_OUTER_BOUND ( 'NONE', #3091, .T. ) ;
#6160 = PRESENTATION_LAYER_ASSIGNMENT (  '', '', ( #5350 ) ) ;
#6161 = EDGE_CURVE ( 'NONE', #3451, #2721, #3038, .T. ) ;
#6162 = COLOUR_RGB ( '',1.000000000000000000, 1.000000000000000000, 1.000000000000000000 ) ;
#6163 = FACE_OUTER_BOUND ( 'NONE', #6068, .T. ) ;
#6164 = AXIS2_PLACEMENT_3D ( 'NONE', #4256, #6050, #4138 ) ;
#6165 = DIRECTION ( 'NONE',  ( 0.000000000000000000, -0.9925461516413218721, 0.1218693434051480867 ) ) ;
#6166 = MECHANICAL_DESIGN_GEOMETRIC_PRESENTATION_REPRESENTATION (  '', ( #2815 ), #6072 ) ;
#6167 =( NAMED_UNIT ( * ) SI_UNIT ( $, .STERADIAN. ) SOLID_ANGLE_UNIT ( ) );
#6168 = MANIFOLD_SOLID_BREP ( 'Thicken1', #6071 ) ;
#6169 = VECTOR ( 'NONE', #2042, 1000.000000000000000 ) ;
#6170 = VERTEX_POINT ( 'NONE', #5222 ) ;
#6171 = VECTOR ( 'NONE', #5336, 1000.000000000000114 ) ;
#6172 = PRESENTATION_LAYER_ASSIGNMENT (  '', '', ( #2118 ) ) ;
#6173 = DIRECTION ( 'NONE',  ( 0.000000000000000000, 1.000000000000000000, 0.000000000000000000 ) ) ;
#6174 =( NAMED_UNIT ( * ) PLANE_ANGLE_UNIT ( ) SI_UNIT ( $, .RADIAN. ) );
#6175 = ORIENTED_EDGE ( 'NONE', *, *, #3212, .F. ) ;
#6176 = ORIENTED_EDGE ( 'NONE', *, *, #5267, .F. ) ;
#6177 = ADVANCED_FACE ( 'NONE', ( #817 ), #3162, .T. ) ;
#6178 = ADVANCED_FACE ( 'NONE', ( #5681 ), #3771, .F. ) ;
#6179 = PRESENTATION_STYLE_ASSIGNMENT (( #750 ) ) ;
#6180 = SURFACE_SIDE_STYLE ('',( #4269 ) ) ;
#6181 = VERTEX_POINT ( 'NONE', #5317 ) ;
#6182 = SURFACE_STYLE_USAGE ( .BOTH. , #2330 ) ;
#6183 = EDGE_CURVE ( 'NONE', #2046, #4902, #5746, .T. ) ;
#6184 = DIRECTION ( 'NONE',  ( 0.000000000000000000, 0.9925461516413218721, 0.1218693434051480867 ) ) ;
#6185 = CARTESIAN_POINT ( 'NONE',  ( -1.475000000000000977, -0.6499999999718397703, 2.989999999840620148 ) ) ;
#6186 = CARTESIAN_POINT ( 'NONE',  ( -0.2050000000000008760, -0.5215016595598550575, -2.434951625771963890 ) ) ;
#6187 = ORIENTED_EDGE ( 'NONE', *, *, #2293, .T. ) ;
#6188 =( NAMED_UNIT ( * ) SI_UNIT ( $, .STERADIAN. ) SOLID_ANGLE_UNIT ( ) );
#6189 = EDGE_LOOP ( 'NONE', ( #3579, #3911, #1704, #4679 ) ) ;
#6190 = EDGE_CURVE ( 'NONE', #5314, #3336, #1381, .T. ) ;
#6191 = LINE ( 'NONE', #3211, #3123 ) ;
#6192 = ADVANCED_FACE ( 'NONE', ( #1017 ), #3863, .T. ) ;
#6193 = CARTESIAN_POINT ( 'NONE',  ( -0.2050000000000008760, -0.7366484560549224625, -2.977822353784631559 ) ) ;
#6194 =( GEOMETRIC_REPRESENTATION_CONTEXT ( 3 ) GLOBAL_UNCERTAINTY_ASSIGNED_CONTEXT ( ( #2530 ) ) GLOBAL_UNIT_ASSIGNED_CONTEXT ( ( #2264, #4434, #3454 ) ) REPRESENTATION_CONTEXT ( 'NONE', 'WORKASPACE' ) );
#6195 = EDGE_CURVE ( 'NONE', #1885, #1917, #5812, .T. ) ;
#6196 = ORIENTED_EDGE ( 'NONE', *, *, #3368, .T. ) ;
#6197 = PLANE ( 'NONE',  #4038 ) ;
#6198 = AXIS2_PLACEMENT_3D ( 'NONE', #4358, #5772, #1412 ) ;
#6199 = PRESENTATION_STYLE_ASSIGNMENT (( #3857 ) ) ;
#6200 = LINE ( 'NONE', #3858, #264 ) ;
#6201 =( NAMED_UNIT ( * ) PLANE_ANGLE_UNIT ( ) SI_UNIT ( $, .RADIAN. ) );
#6202 = DIRECTION ( 'NONE',  ( 1.000000000000000000, 0.000000000000000000, 0.000000000000000000 ) ) ;
#6203 = ORIENTED_EDGE ( 'NONE', *, *, #2043, .F. ) ;
#6204 = SURFACE_STYLE_FILL_AREA ( #4748 ) ;
#6205 = VERTEX_POINT ( 'NONE', #4782 ) ;
#6206 = SURFACE_SIDE_STYLE ('',( #1478 ) ) ;
#6207 = DIRECTION ( 'NONE',  ( 0.000000000000000000, -0.1391731009600658264, 0.9902680687415702510 ) ) ;
#6208 =( GEOMETRIC_REPRESENTATION_CONTEXT ( 3 ) GLOBAL_UNCERTAINTY_ASSIGNED_CONTEXT ( ( #3876 ) ) GLOBAL_UNIT_ASSIGNED_CONTEXT ( ( #742, #775, #2192 ) ) REPRESENTATION_CONTEXT ( 'NONE', 'WORKASPACE' ) );
#6209 = UNCERTAINTY_MEASURE_WITH_UNIT (LENGTH_MEASURE( 1.000000000000000082E-05 ), #3371, 'distance_accuracy_value', 'NONE');
#6210 = CARTESIAN_POINT ( 'NONE',  ( -0.2050000000000008760, -0.08750000000645741238, -2.243130321563313601 ) ) ;
#6211 = ORIENTED_EDGE ( 'NONE', *, *, #2615, .F. ) ;
#6212 = FILL_AREA_STYLE ('',( #2867 ) ) ;
#6213 = VECTOR ( 'NONE', #1595, 1000.000000000000114 ) ;
#6214 = DIRECTION ( 'NONE',  ( 1.000000000000000000, 0.000000000000000000, 0.000000000000000000 ) ) ;
#6215 = DIRECTION ( 'NONE',  ( 0.000000000000000000, 0.1218693434051481006, -0.9925461516413219831 ) ) ;
#6216 = DIRECTION ( 'NONE',  ( 1.000000000000000000, 0.000000000000000000, 0.000000000000000000 ) ) ;
#6217 = VERTEX_POINT ( 'NONE', #3453 ) ;
#6218 = CARTESIAN_POINT ( 'NONE',  ( 4.014999999999999680, -335652.5486902103294, 41215.18319354090636 ) ) ;
#6219 = PLANE ( 'NONE',  #363 ) ;
#6220 = PRESENTATION_LAYER_ASSIGNMENT (  '', '', ( #2062 ) ) ;
#6221 = SURFACE_SIDE_STYLE ('',( #1463 ) ) ;
#6222 = ORIENTED_EDGE ( 'NONE', *, *, #3832, .T. ) ;
#6223 =( LENGTH_UNIT ( ) NAMED_UNIT ( * ) SI_UNIT ( .MILLI., .METRE. ) );
#6224 =( GEOMETRIC_REPRESENTATION_CONTEXT ( 3 ) GLOBAL_UNCERTAINTY_ASSIGNED_CONTEXT ( ( #131 ) ) GLOBAL_UNIT_ASSIGNED_CONTEXT ( ( #5723, #3239, #2816 ) ) REPRESENTATION_CONTEXT ( 'NONE', 'WORKASPACE' ) );
#6225 = FACE_OUTER_BOUND ( 'NONE', #4092, .T. ) ;
#6226 = ADVANCED_FACE ( 'NONE', ( #506 ), #2448, .F. ) ;
#6227 = PRESENTATION_STYLE_ASSIGNMENT (( #489 ) ) ;
#6228 = MANIFOLD_SOLID_BREP ( 'LPattern1[2]', #4130 ) ;
#6229 = SURFACE_STYLE_USAGE ( .BOTH. , #4288 ) ;
#6230 = EDGE_CURVE ( 'NONE', #2875, #4427, #2359, .T. ) ;
#6231 = AXIS2_PLACEMENT_3D ( 'NONE', #782, #374, #6114 ) ;
#6232 = VERTEX_POINT ( 'NONE', #5259 ) ;
#6233 = DIRECTION ( 'NONE',  ( 0.000000000000000000, 0.000000000000000000, -1.000000000000000000 ) ) ;
#6234 = FACE_OUTER_BOUND ( 'NONE', #2953, .T. ) ;
#6235 = FILL_AREA_STYLE ('',( #4292 ) ) ;
#6236 = CARTESIAN_POINT ( 'NONE',  ( -3.794868026377201442, 0.6149999999999999911, 1.179246372483681027 ) ) ;
#6237 = DIRECTION ( 'NONE',  ( 1.000000000000000000, 0.000000000000000000, 0.000000000000000000 ) ) ;
#6238 = ORIENTED_EDGE ( 'NONE', *, *, #3989, .T. ) ;
#6239 = COLOUR_RGB ( '',1.000000000000000000, 1.000000000000000000, 1.000000000000000000 ) ;
#6240 = MANIFOLD_SOLID_BREP ( 'Cut-Extrude1', #503 ) ;
#6241 = ORIENTED_EDGE ( 'NONE', *, *, #106, .T. ) ;
#6242 = MECHANICAL_DESIGN_GEOMETRIC_PRESENTATION_REPRESENTATION (  '', ( #1782 ), #5432 ) ;
#6243 = CARTESIAN_POINT ( 'NONE',  ( 1.064999999999999059, -238883.7904503427853, -29333.47370393944584 ) ) ;
#6244 = STYLED_ITEM ( 'NONE', ( #132 ), #4140 ) ;
#6245 = CARTESIAN_POINT ( 'NONE',  ( 1.064999999999999059, -0.08749999997873590674, 2.243130321502917468 ) ) ;
#6246 = LINE ( 'NONE', #4401, #343 ) ;
#6247 = EDGE_CURVE ( 'NONE', #4278, #1421, #3831, .T. ) ;
#6248 = CIRCLE ( 'NONE', #5335, 0.1375000000000000389 ) ;
#6249 = FILL_AREA_STYLE ('',( #1836 ) ) ;
#6250 = EDGE_LOOP ( 'NONE', ( #6175, #3280, #2861, #1936 ) ) ;
#6251 = DIRECTION ( 'NONE',  ( -0.000000000000000000, 0.1218693434051481006, 0.9925461516413219831 ) ) ;
#6252 = STYLED_ITEM ( 'NONE', ( #19 ), #4311 ) ;
#6253 = DIRECTION ( 'NONE',  ( -0.000000000000000000, 0.1218693434051481006, 0.9925461516413219831 ) ) ;
#6254 = DIRECTION ( 'NONE',  ( 0.000000000000000000, 0.1391731009600654934, 0.9902680687415702510 ) ) ;
#6255 = SURFACE_SIDE_STYLE ('',( #71 ) ) ;
#6256 = EDGE_LOOP ( 'NONE', ( #250, #4652, #1829, #3796 ) ) ;
#6257 = AXIS2_PLACEMENT_3D ( 'NONE', #1358, #1398, #3996 ) ;
#6258 = CARTESIAN_POINT ( 'NONE',  ( 1.474999999999999423, -0.6576635190569390943, -2.415815324525283359 ) ) ;
#6259 = CARTESIAN_POINT ( 'NONE',  ( -2.335000000000001297, -0.5215016595598557236, 2.434951625771963890 ) ) ;
#6260 = EDGE_LOOP ( 'NONE', ( #476, #5786, #6238, #2613, #3074, #5906, #5883, #5791, #3592, #3510, #3835, #5127, #4984, #3634, #11, #3519 ) ) ;
#6261 = VECTOR ( 'NONE', #5603, 1000.000000000000000 ) ;
#6262 = LINE ( 'NONE', #1962, #6052 ) ;
#6263 = EDGE_CURVE ( 'NONE', #931, #5984, #98, .T. ) ;
#6264 = DIRECTION ( 'NONE',  ( 0.000000000000000000, -0.9925461516413218721, 0.1218693434051480867 ) ) ;
#6265 = VECTOR ( 'NONE', #1651, 1000.000000000000000 ) ;
#6266 =( NAMED_UNIT ( * ) PLANE_ANGLE_UNIT ( ) SI_UNIT ( $, .RADIAN. ) );
#6267 = AXIS2_PLACEMENT_3D ( 'NONE', #383, #3169, #3296 ) ;
#6268 = SURFACE_SIDE_STYLE ('',( #521 ) ) ;
#6269 = SURFACE_SIDE_STYLE ('',( #4322 ) ) ;
#6270 = VECTOR ( 'NONE', #3265, 1000.000000000000000 ) ;
#6271 = STYLED_ITEM ( 'NONE', ( #4420 ), #3627 ) ;
#6272 = MECHANICAL_DESIGN_GEOMETRIC_PRESENTATION_REPRESENTATION (  '', ( #4541 ), #3437 ) ;
#6273 = ADVANCED_FACE ( 'NONE', ( #5503 ), #5415, .T. ) ;
#6274 = MECHANICAL_DESIGN_GEOMETRIC_PRESENTATION_REPRESENTATION (  '', ( #1900 ), #4949 ) ;
#6275 = DIRECTION ( 'NONE',  ( 0.000000000000000000, -0.9925461516413218721, 0.1218693434051480867 ) ) ;
#6276 =( GEOMETRIC_REPRESENTATION_CONTEXT ( 3 ) GLOBAL_UNCERTAINTY_ASSIGNED_CONTEXT ( ( #4879 ) ) GLOBAL_UNIT_ASSIGNED_CONTEXT ( ( #5558, #2655, #3143 ) ) REPRESENTATION_CONTEXT ( 'NONE', 'WORKASPACE' ) );
#6277 =( NAMED_UNIT ( * ) SI_UNIT ( $, .STERADIAN. ) SOLID_ANGLE_UNIT ( ) );
#6278 = PLANE ( 'NONE',  #3469 ) ;
#6279 = SURFACE_STYLE_FILL_AREA ( #937 ) ;
#6280 = AXIS2_PLACEMENT_3D ( 'NONE', #215, #3922, #1517 ) ;
#6281 = ORIENTED_EDGE ( 'NONE', *, *, #1817, .T. ) ;
#6282 =( LENGTH_UNIT ( ) NAMED_UNIT ( * ) SI_UNIT ( .MILLI., .METRE. ) );
#6283 = VECTOR ( 'NONE', #4459, 1000.000000000000000 ) ;
#6284 = ORIENTED_EDGE ( 'NONE', *, *, #5056, .F. ) ;
ENDSEC;
END-ISO-10303-21;
