ISO-10303-21;
HEADER;
FILE_DESCRIPTION (( 'STEP AP203' ),
    '1' );
FILE_NAME ('CAD_SPM5030-HZ.STEP',
    '2018-10-10T00:53:52',
    ( '' ),
    ( '' ),
    'SwSTEP 2.0',
    'SolidWorks 2016',
    '' );
FILE_SCHEMA (( 'CONFIG_CONTROL_DESIGN' ));
ENDSEC;

DATA;
#1 = APPLICATION_PROTOCOL_DEFINITION ( 'international standard', 'config_control_design', 1994, #461 ) ;
#2 = VECTOR ( 'NONE', #1385, 1000.000000000000000 ) ;
#3 = ORIENTED_EDGE ( 'NONE', *, *, #591, .T. ) ;
#4 = LINE ( 'NONE', #1522, #553 ) ;
#5 = CARTESIAN_POINT ( 'NONE',  ( 0.9999999999999986700, 2.700000000000000600, 2.449999999999999700 ) ) ;
#6 = LINE ( 'NONE', #1485, #700 ) ;
#7 = DIRECTION ( 'NONE',  ( 2.168404344971009400E-016, 0.0000000000000000000, -1.000000000000000000 ) ) ;
#8 = VERTEX_POINT ( 'NONE', #291 ) ;
#9 = AXIS2_PLACEMENT_3D ( 'NONE', #136, #262, #35 ) ;
#10 = CARTESIAN_POINT ( 'NONE',  ( -2.500000000000000900, 2.850000000000000100, 1.549999999999997800 ) ) ;
#11 = ORIENTED_EDGE ( 'NONE', *, *, #205, .T. ) ;
#12 = AXIS2_PLACEMENT_3D ( 'NONE', #693, #940, #1163 ) ;
#13 = PLANE ( 'NONE',  #1118 ) ;
#14 = ORIENTED_EDGE ( 'NONE', *, *, #1295, .F. ) ;
#15 = ORIENTED_EDGE ( 'NONE', *, *, #699, .T. ) ;
#16 = CARTESIAN_POINT ( 'NONE',  ( -2.500000000000000000, 2.850000000000000100, -2.450000000000000600 ) ) ;
#17 = CARTESIAN_POINT ( 'NONE',  ( 0.4999999999999997800, 2.850000000000000100, 1.450000000000000000 ) ) ;
#18 = LINE ( 'NONE', #1015, #1260 ) ;
#19 = EDGE_CURVE ( 'NONE', #1488, #1141, #1538, .T. ) ;
#20 = EDGE_CURVE ( 'NONE', #8, #1193, #1402, .T. ) ;
#21 = FACE_OUTER_BOUND ( 'NONE', #672, .T. ) ;
#22 = LINE ( 'NONE', #1301, #744 ) ;
#23 = ORIENTED_EDGE ( 'NONE', *, *, #198, .T. ) ;
#24 = ORGANIZATION ( 'UNSPECIFIED', 'UNSPECIFIED', '' ) ;
#25 = DIRECTION ( 'NONE',  ( 0.0000000000000000000, -0.0000000000000000000, 1.000000000000000000 ) ) ;
#26 = DIRECTION ( 'NONE',  ( 0.0000000000000000000, -1.000000000000000000, 0.0000000000000000000 ) ) ;
#27 = ORIENTED_EDGE ( 'NONE', *, *, #1549, .F. ) ;
#28 = ORIENTED_EDGE ( 'NONE', *, *, #1437, .F. ) ;
#29 = APPROVAL ( #570, 'UNSPECIFIED' ) ;
#30 = DIRECTION ( 'NONE',  ( -1.000000000000000000, 0.0000000000000000000, 0.0000000000000000000 ) ) ;
#31 = EDGE_LOOP ( 'NONE', ( #3, #68, #191, #156 ) ) ;
#32 = VERTEX_POINT ( 'NONE', #1224 ) ;
#33 = DIRECTION ( 'NONE',  ( -1.000000000000000000, 1.355252715606880500E-017, 0.0000000000000000000 ) ) ;
#34 = ADVANCED_FACE ( 'NONE', ( #21 ), #620, .F. ) ;
#35 = DIRECTION ( 'NONE',  ( -1.000000000000000000, 0.0000000000000000000, -8.673617379884034200E-017 ) ) ;
#36 = LINE ( 'NONE', #698, #860 ) ;
#37 = LINE ( 'NONE', #528, #95 ) ;
#38 = VERTEX_POINT ( 'NONE', #1479 ) ;
#39 = LINE ( 'NONE', #212, #683 ) ;
#40 = CARTESIAN_POINT ( 'NONE',  ( -1.000000000000000900, 0.0000000000000000000, -2.450000000000000200 ) ) ;
#41 = LINE ( 'NONE', #47, #1462 ) ;
#42 = ADVANCED_FACE ( 'NONE', ( #1444 ), #739, .F. ) ;
#43 = EDGE_CURVE ( 'NONE', #137, #430, #201, .T. ) ;
#44 = CARTESIAN_POINT ( 'NONE',  ( 0.4999999999999989500, 2.700000000000000600, 2.600000000000000500 ) ) ;
#45 = CARTESIAN_POINT ( 'NONE',  ( 0.0000000000000000000, 2.850000000000000100, 0.0000000000000000000 ) ) ;
#46 = ORIENTED_EDGE ( 'NONE', *, *, #889, .F. ) ;
#47 = CARTESIAN_POINT ( 'NONE',  ( -0.6000000000000000900, 2.449999999999999700, 1.250000000000000200 ) ) ;
#48 = EDGE_CURVE ( 'NONE', #32, #1082, #788, .T. ) ;
#49 = ORIENTED_EDGE ( 'NONE', *, *, #1266, .T. ) ;
#50 = ADVANCED_FACE ( 'NONE', ( #1111 ), #1490, .F. ) ;
#51 = EDGE_CURVE ( 'NONE', #1193, #691, #164, .T. ) ;
#52 = CARTESIAN_POINT ( 'NONE',  ( 0.9999999999999986700, 2.700000000000000600, -2.600000000000000500 ) ) ;
#53 = LINE ( 'NONE', #536, #400 ) ;
#54 = AXIS2_PLACEMENT_3D ( 'NONE', #501, #605, #1085 ) ;
#55 = VERTEX_POINT ( 'NONE', #417 ) ;
#56 = PLANE ( 'NONE',  #1534 ) ;
#57 = VECTOR ( 'NONE', #961, 1000.000000000000000 ) ;
#58 = ADVANCED_FACE ( 'NONE', ( #127 ), #56, .F. ) ;
#59 = ORIENTED_EDGE ( 'NONE', *, *, #517, .T. ) ;
#60 = PLANE ( 'NONE',  #371 ) ;
#61 = VECTOR ( 'NONE', #545, 999.9999999999998900 ) ;
#62 = CC_DESIGN_APPROVAL ( #986, ( #1238 ) ) ;
#63 = EDGE_LOOP ( 'NONE', ( #1184, #101, #662, #608, #1453 ) ) ;
#64 = CARTESIAN_POINT ( 'NONE',  ( 0.4999999999999989500, 2.700000000000000600, 2.449999999999999700 ) ) ;
#65 = DIRECTION ( 'NONE',  ( 7.608436298143890100E-017, -1.000000000000000000, 0.0000000000000000000 ) ) ;
#66 = ORIENTED_EDGE ( 'NONE', *, *, #229, .F. ) ;
#67 = DIRECTION ( 'NONE',  ( -1.807003620809174100E-016, 0.0000000000000000000, -1.000000000000000000 ) ) ;
#68 = ORIENTED_EDGE ( 'NONE', *, *, #1319, .F. ) ;
#69 = DIRECTION ( 'NONE',  ( 0.0000000000000000000, 0.0000000000000000000, -1.000000000000000000 ) ) ;
#70 = ORIENTED_EDGE ( 'NONE', *, *, #155, .T. ) ;
#71 = DIRECTION ( 'NONE',  ( 0.0000000000000000000, -1.000000000000000000, 0.0000000000000000000 ) ) ;
#72 = EDGE_CURVE ( 'NONE', #55, #1065, #437, .T. ) ;
#73 = EDGE_CURVE ( 'NONE', #655, #240, #196, .T. ) ;
#74 = LINE ( 'NONE', #1317, #1298 ) ;
#75 = DIRECTION ( 'NONE',  ( 1.000000000000000000, -0.0000000000000000000, -0.0000000000000000000 ) ) ;
#76 = LINE ( 'NONE', #947, #1242 ) ;
#77 = CARTESIAN_POINT ( 'NONE',  ( -1.950000000000000000, 2.850000000000000100, -1.900000000000000600 ) ) ;
#78 = ORIENTED_EDGE ( 'NONE', *, *, #1389, .F. ) ;
#79 = VECTOR ( 'NONE', #1531, 1000.000000000000000 ) ;
#80 = DIRECTION ( 'NONE',  ( 7.608436298143890100E-017, -1.000000000000000000, 0.0000000000000000000 ) ) ;
#81 = LINE ( 'NONE', #1498, #790 ) ;
#82 = PLANE ( 'NONE',  #676 ) ;
#83 = EDGE_CURVE ( 'NONE', #1286, #1103, #1552, .T. ) ;
#84 = CARTESIAN_POINT ( 'NONE',  ( 1.599999999999998500, 2.850000000000000100, -2.449999999999999700 ) ) ;
#85 = EDGE_CURVE ( 'NONE', #544, #328, #1349, .T. ) ;
#86 = CARTESIAN_POINT ( 'NONE',  ( 0.5999999999999998700, 2.700000000000000600, 2.449999999999999700 ) ) ;
#87 = ORIENTED_EDGE ( 'NONE', *, *, #174, .T. ) ;
#88 = DIRECTION ( 'NONE',  ( -0.0000000000000000000, -0.0000000000000000000, 1.000000000000000000 ) ) ;
#89 = ORIENTED_EDGE ( 'NONE', *, *, #1235, .T. ) ;
#90 = DIRECTION ( 'NONE',  ( 0.0000000000000000000, 0.0000000000000000000, -1.000000000000000000 ) ) ;
#91 = CC_DESIGN_SECURITY_CLASSIFICATION ( #1483, ( #1121 ) ) ;
#92 = CARTESIAN_POINT ( 'NONE',  ( 0.9999999999999991100, -0.1499999999999999900, -2.600000000000000500 ) ) ;
#93 = CARTESIAN_POINT ( 'NONE',  ( 1.950000000000000000, 2.850000000000000100, 2.450000000000000200 ) ) ;
#94 = DIRECTION ( 'NONE',  ( -1.000000000000000000, 0.0000000000000000000, -2.168404344971009400E-016 ) ) ;
#95 = VECTOR ( 'NONE', #325, 1000.000000000000000 ) ;
#96 = ORIENTED_EDGE ( 'NONE', *, *, #1187, .T. ) ;
#97 = LINE ( 'NONE', #239, #335 ) ;
#98 = VECTOR ( 'NONE', #268, 1000.000000000000000 ) ;
#99 = DIRECTION ( 'NONE',  ( -1.521687259628778300E-016, 1.000000000000000000, 0.0000000000000000000 ) ) ;
#100 = LINE ( 'NONE', #218, #206 ) ;
#101 = ORIENTED_EDGE ( 'NONE', *, *, #1053, .F. ) ;
#102 = EDGE_CURVE ( 'NONE', #989, #391, #471, .T. ) ;
#103 = EDGE_CURVE ( 'NONE', #1451, #1532, #314, .T. ) ;
#104 = VERTEX_POINT ( 'NONE', #527 ) ;
#105 = CARTESIAN_POINT ( 'NONE',  ( 0.5999999999999998700, 2.850000000000000100, -2.449999999999999700 ) ) ;
#106 = VERTEX_POINT ( 'NONE', #542 ) ;
#107 = ORIENTED_EDGE ( 'NONE', *, *, #784, .T. ) ;
#108 = DIRECTION ( 'NONE',  ( -1.000000000000000000, 0.0000000000000000000, 0.0000000000000000000 ) ) ;
#109 = PRODUCT_RELATED_PRODUCT_CATEGORY ( 'detail', '', ( #1439 ) ) ;
#110 = FACE_OUTER_BOUND ( 'NONE', #355, .T. ) ;
#111 = FACE_OUTER_BOUND ( 'NONE', #1123, .T. ) ;
#112 = CARTESIAN_POINT ( 'NONE',  ( 0.5999999999999998700, 2.449999999999999700, 2.449999999999999700 ) ) ;
#113 = EDGE_LOOP ( 'NONE', ( #337, #476, #178, #590 ) ) ;
#114 = FACE_OUTER_BOUND ( 'NONE', #194, .T. ) ;
#115 = PERSON_AND_ORGANIZATION_ROLE ( 'classification_officer' ) ;
#116 = DIRECTION ( 'NONE',  ( -1.000000000000000000, 0.0000000000000000000, 0.0000000000000000000 ) ) ;
#117 = VERTEX_POINT ( 'NONE', #1367 ) ;
#118 = EDGE_CURVE ( 'NONE', #1211, #1162, #121, .T. ) ;
#119 = CARTESIAN_POINT ( 'NONE',  ( 0.9999999999999991100, -0.05000000000000059300, 2.600000000000000500 ) ) ;
#120 = ORIENTED_EDGE ( 'NONE', *, *, #865, .F. ) ;
#121 = LINE ( 'NONE', #1017, #1514 ) ;
#122 = CARTESIAN_POINT ( 'NONE',  ( -2.500000000000000000, 0.0000000000000000000, -2.450000000000000600 ) ) ;
#123 = EDGE_CURVE ( 'NONE', #1048, #1451, #974, .T. ) ;
#124 = DIRECTION ( 'NONE',  ( -0.0000000000000000000, -0.0000000000000000000, -1.000000000000000000 ) ) ;
#125 = LINE ( 'NONE', #902, #1314 ) ;
#126 = EDGE_CURVE ( 'NONE', #1262, #430, #614, .T. ) ;
#127 = FACE_OUTER_BOUND ( 'NONE', #358, .T. ) ;
#128 = LINE ( 'NONE', #993, #1316 ) ;
#129 = CARTESIAN_POINT ( 'NONE',  ( -0.5000000000000011100, 2.700000000000000200, 2.600000000000000500 ) ) ;
#130 = FACE_OUTER_BOUND ( 'NONE', #484, .T. ) ;
#131 = DIRECTION ( 'NONE',  ( 8.673617379884034200E-017, 0.0000000000000000000, -1.000000000000000000 ) ) ;
#132 = AXIS2_PLACEMENT_3D ( 'NONE', #190, #1512, #1268 ) ;
#133 = CARTESIAN_POINT ( 'NONE',  ( 1.000000000000000000, -0.1499999999999999900, 1.450000000000000000 ) ) ;
#134 = EDGE_LOOP ( 'NONE', ( #1038, #293, #874, #428, #800, #1046 ) ) ;
#135 = AXIS2_PLACEMENT_3D ( 'NONE', #1312, #828, #959 ) ;
#136 = CARTESIAN_POINT ( 'NONE',  ( -2.500000000000000900, 2.850000000000000100, 2.449999999999999700 ) ) ;
#137 = VERTEX_POINT ( 'NONE', #1013 ) ;
#138 = ORIENTED_EDGE ( 'NONE', *, *, #1341, .F. ) ;
#139 = DIRECTION ( 'NONE',  ( -0.0000000000000000000, 1.000000000000000000, -0.0000000000000000000 ) ) ;
#140 = ORIENTED_EDGE ( 'NONE', *, *, #895, .T. ) ;
#141 = CARTESIAN_POINT ( 'NONE',  ( 2.499999999999999600, 2.850000000000000100, 1.900000000000000100 ) ) ;
#142 = LINE ( 'NONE', #1526, #316 ) ;
#143 = EDGE_CURVE ( 'NONE', #689, #1162, #1296, .T. ) ;
#144 = LINE ( 'NONE', #855, #726 ) ;
#145 = ORIENTED_EDGE ( 'NONE', *, *, #1187, .F. ) ;
#146 = EDGE_CURVE ( 'NONE', #401, #373, #1009, .T. ) ;
#147 = CARTESIAN_POINT ( 'NONE',  ( -1.000000000000000900, -0.1499999999999999700, -2.600000000000000500 ) ) ;
#148 = LOCAL_TIME ( 9, 53, 52.00000000000000000, #500 ) ;
#149 = CARTESIAN_POINT ( 'NONE',  ( -1.000000000000000900, -0.1499999999999999700, 2.500000000000000900 ) ) ;
#150 = ORIENTED_EDGE ( 'NONE', *, *, #103, .F. ) ;
#151 = EDGE_CURVE ( 'NONE', #691, #240, #250, .T. ) ;
#152 = ADVANCED_FACE ( 'NONE', ( #449 ), #671, .T. ) ;
#153 = DIRECTION ( 'NONE',  ( 5.379976900643394100E-017, -0.7071067811865444600, 0.7071067811865505700 ) ) ;
#154 = ORIENTED_EDGE ( 'NONE', *, *, #706, .F. ) ;
#155 = EDGE_CURVE ( 'NONE', #1288, #1157, #912, .T. ) ;
#156 = ORIENTED_EDGE ( 'NONE', *, *, #408, .T. ) ;
#157 = LINE ( 'NONE', #1164, #1074 ) ;
#158 = CARTESIAN_POINT ( 'NONE',  ( -1.000000000000001100, 1.324999999999987500, -3.975000000000001000 ) ) ;
#159 = AXIS2_PLACEMENT_3D ( 'NONE', #999, #1011, #304 ) ;
#160 = ADVANCED_FACE ( 'NONE', ( #393 ), #1040, .T. ) ;
#161 = LINE ( 'NONE', #641, #1072 ) ;
#162 = CARTESIAN_POINT ( 'NONE',  ( 0.5999999999999998700, 2.449999999999999700, -2.449999999999999700 ) ) ;
#163 = AXIS2_PLACEMENT_3D ( 'NONE', #1370, #1350, #65 ) ;
#164 = LINE ( 'NONE', #636, #997 ) ;
#165 = FACE_OUTER_BOUND ( 'NONE', #134, .T. ) ;
#166 = DIRECTION ( 'NONE',  ( -0.0000000000000000000, 1.000000000000000000, -0.0000000000000000000 ) ) ;
#167 = LINE ( 'NONE', #17, #714 ) ;
#168 = DIRECTION ( 'NONE',  ( -1.075995380128678900E-016, 0.7071067811865444600, -0.7071067811865505700 ) ) ;
#169 = ADVANCED_FACE ( 'NONE', ( #481 ), #203, .F. ) ;
#170 = ORIENTED_EDGE ( 'NONE', *, *, #967, .F. ) ;
#171 = DIRECTION ( 'NONE',  ( -0.0000000000000000000, 1.000000000000000000, -0.0000000000000000000 ) ) ;
#172 = ORIENTED_EDGE ( 'NONE', *, *, #1319, .T. ) ;
#173 = DIRECTION ( 'NONE',  ( 0.0000000000000000000, 1.000000000000000000, 0.0000000000000000000 ) ) ;
#174 = EDGE_CURVE ( 'NONE', #567, #1275, #100, .T. ) ;
#175 = EDGE_CURVE ( 'NONE', #575, #409, #762, .T. ) ;
#176 = ORIENTED_EDGE ( 'NONE', *, *, #174, .F. ) ;
#177 = DIRECTION ( 'NONE',  ( 0.0000000000000000000, -1.000000000000000000, 0.0000000000000000000 ) ) ;
#178 = ORIENTED_EDGE ( 'NONE', *, *, #751, .T. ) ;
#179 = ADVANCED_FACE ( 'NONE', ( #234 ), #799, .T. ) ;
#180 = DIRECTION ( 'NONE',  ( -0.0000000000000000000, 1.000000000000000000, -0.0000000000000000000 ) ) ;
#181 = LINE ( 'NONE', #1083, #898 ) ;
#182 = DIRECTION ( 'NONE',  ( -1.000000000000000000, 0.0000000000000000000, 0.0000000000000000000 ) ) ;
#183 = VECTOR ( 'NONE', #1066, 1000.000000000000000 ) ;
#184 = ORIENTED_EDGE ( 'NONE', *, *, #1078, .F. ) ;
#185 = DIRECTION ( 'NONE',  ( -0.0000000000000000000, 1.000000000000000000, -0.0000000000000000000 ) ) ;
#186 = LINE ( 'NONE', #555, #981 ) ;
#187 = ORIENTED_EDGE ( 'NONE', *, *, #361, .T. ) ;
#188 = LINE ( 'NONE', #850, #1482 ) ;
#189 = DIRECTION ( 'NONE',  ( -0.0000000000000000000, 1.000000000000000000, -0.0000000000000000000 ) ) ;
#190 = CARTESIAN_POINT ( 'NONE',  ( 1.599999999999998500, 2.850000000000000100, -2.449999999999999700 ) ) ;
#191 = ORIENTED_EDGE ( 'NONE', *, *, #339, .F. ) ;
#192 = EDGE_LOOP ( 'NONE', ( #1139, #1302, #1205, #1041 ) ) ;
#193 = DIRECTION ( 'NONE',  ( 0.0000000000000000000, 0.0000000000000000000, -1.000000000000000000 ) ) ;
#194 = EDGE_LOOP ( 'NONE', ( #1028, #818, #11, #1019, #603, #1287 ) ) ;
#195 = DIRECTION ( 'NONE',  ( -1.000000000000000000, 0.0000000000000000000, 0.0000000000000000000 ) ) ;
#196 = LINE ( 'NONE', #649, #1438 ) ;
#197 = CARTESIAN_POINT ( 'NONE',  ( -0.6000000000000002000, 2.449999999999999700, -2.449999999999999700 ) ) ;
#198 = EDGE_CURVE ( 'NONE', #1381, #567, #486, .T. ) ;
#199 = CARTESIAN_POINT ( 'NONE',  ( 0.0000000000000000000, 0.0000000000000000000, 0.0000000000000000000 ) ) ;
#200 = LINE ( 'NONE', #796, #474 ) ;
#201 = LINE ( 'NONE', #1264, #1073 ) ;
#202 = LINE ( 'NONE', #141, #1499 ) ;
#203 = PLANE ( 'NONE',  #815 ) ;
#204 = VECTOR ( 'NONE', #715, 1000.000000000000000 ) ;
#205 = EDGE_CURVE ( 'NONE', #931, #106, #1315, .T. ) ;
#206 = VECTOR ( 'NONE', #336, 1000.000000000000000 ) ;
#207 = ORIENTED_EDGE ( 'NONE', *, *, #1461, .T. ) ;
#208 = DIRECTION ( 'NONE',  ( -1.000000000000000000, 0.0000000000000000000, 0.0000000000000000000 ) ) ;
#209 = EDGE_CURVE ( 'NONE', #211, #1369, #546, .T. ) ;
#210 = CARTESIAN_POINT ( 'NONE',  ( -1.000000000000000900, -0.1499999999999999700, -2.500000000000000900 ) ) ;
#211 = VERTEX_POINT ( 'NONE', #674 ) ;
#212 = CARTESIAN_POINT ( 'NONE',  ( -1.949999999999999700, 2.850000000000000100, -2.450000000000000600 ) ) ;
#213 = ORIENTED_EDGE ( 'NONE', *, *, #1351, .F. ) ;
#214 = CARTESIAN_POINT ( 'NONE',  ( 0.4999999999999989500, 2.700000000000000600, -2.600000000000000500 ) ) ;
#215 = ORIENTED_EDGE ( 'NONE', *, *, #595, .F. ) ;
#216 = CARTESIAN_POINT ( 'NONE',  ( 2.499999999999999600, 0.0000000000000000000, 2.450000000000000200 ) ) ;
#217 = ORIENTED_EDGE ( 'NONE', *, *, #995, .T. ) ;
#218 = CARTESIAN_POINT ( 'NONE',  ( 0.4999999999999989500, 2.700000000000000600, -2.600000000000000500 ) ) ;
#219 = VECTOR ( 'NONE', #732, 1000.000000000000000 ) ;
#220 = PERSON_AND_ORGANIZATION_ROLE ( 'design_owner' ) ;
#221 = VECTOR ( 'NONE', #1181, 1000.000000000000000 ) ;
#222 = ORIENTED_EDGE ( 'NONE', *, *, #436, .T. ) ;
#223 = APPROVAL_DATE_TIME ( #1168, #986 ) ;
#224 = PLANE ( 'NONE',  #1326 ) ;
#225 = EDGE_LOOP ( 'NONE', ( #395, #728, #928, #886, #980 ) ) ;
#226 = VECTOR ( 'NONE', #180, 1000.000000000000000 ) ;
#227 = EDGE_CURVE ( 'NONE', #1174, #1308, #443, .T. ) ;
#228 = CARTESIAN_POINT ( 'NONE',  ( -0.5000000000000011100, 2.700000000000000200, -2.600000000000000500 ) ) ;
#229 = EDGE_CURVE ( 'NONE', #104, #1281, #1343, .T. ) ;
#230 = ORIENTED_EDGE ( 'NONE', *, *, #285, .F. ) ;
#231 = VERTEX_POINT ( 'NONE', #105 ) ;
#232 = APPLICATION_CONTEXT ( 'configuration controlled 3d designs of mechanical parts and assemblies' ) ;
#233 = ORIENTED_EDGE ( 'NONE', *, *, #1110, .T. ) ;
#234 = FACE_OUTER_BOUND ( 'NONE', #686, .T. ) ;
#235 = DIRECTION ( 'NONE',  ( 1.000000000000000000, -0.0000000000000000000, 0.0000000000000000000 ) ) ;
#236 = EDGE_CURVE ( 'NONE', #687, #1346, #987, .T. ) ;
#237 = DIRECTION ( 'NONE',  ( -1.000000000000000000, 0.0000000000000000000, 0.0000000000000000000 ) ) ;
#238 = FACE_OUTER_BOUND ( 'NONE', #802, .T. ) ;
#239 = CARTESIAN_POINT ( 'NONE',  ( -0.5000000000000011100, 2.850000000000000100, 2.600000000000000500 ) ) ;
#240 = VERTEX_POINT ( 'NONE', #1289 ) ;
#241 = CALENDAR_DATE ( 2018, 10, 10 ) ;
#242 = VECTOR ( 'NONE', #33, 1000.000000000000000 ) ;
#243 = AXIS2_PLACEMENT_3D ( 'NONE', #754, #274, #1232 ) ;
#244 = CARTESIAN_POINT ( 'NONE',  ( 0.9999999999999986700, 2.700000000000000600, 2.450000000000000200 ) ) ;
#245 = AXIS2_PLACEMENT_3D ( 'NONE', #1129, #283, #1106 ) ;
#246 = CARTESIAN_POINT ( 'NONE',  ( -1.000000000000000000, 0.0000000000000000000, 2.450000000000000200 ) ) ;
#247 = ORIENTED_EDGE ( 'NONE', *, *, #359, .F. ) ;
#248 = CARTESIAN_POINT ( 'NONE',  ( -0.5000000000000000000, 2.700000000000000200, 1.450000000000000200 ) ) ;
#249 = ORIENTED_EDGE ( 'NONE', *, *, #361, .F. ) ;
#250 = LINE ( 'NONE', #1006, #374 ) ;
#251 = ORIENTED_EDGE ( 'NONE', *, *, #1235, .F. ) ;
#252 = ORIENTED_EDGE ( 'NONE', *, *, #1180, .T. ) ;
#253 = CARTESIAN_POINT ( 'NONE',  ( 0.4999999999999989500, 2.700000000000000600, 2.600000000000000500 ) ) ;
#254 = EDGE_CURVE ( 'NONE', #1281, #931, #157, .T. ) ;
#255 = EDGE_CURVE ( 'NONE', #575, #301, #1203, .T. ) ;
#256 = CARTESIAN_POINT ( 'NONE',  ( -0.6000000000000002000, 2.449999999999999700, -2.449999999999999700 ) ) ;
#257 = FACE_OUTER_BOUND ( 'NONE', #756, .T. ) ;
#258 = VECTOR ( 'NONE', #379, 1000.000000000000000 ) ;
#259 = CARTESIAN_POINT ( 'NONE',  ( -1.600000000000001900, 2.850000000000000100, 2.449999999999999700 ) ) ;
#260 = ORIENTED_EDGE ( 'NONE', *, *, #1190, .T. ) ;
#261 = COORDINATED_UNIVERSAL_TIME_OFFSET ( 9, 0, .AHEAD. ) ;
#262 = DIRECTION ( 'NONE',  ( 8.673617379884034200E-017, 0.0000000000000000000, -1.000000000000000000 ) ) ;
#263 = CARTESIAN_POINT ( 'NONE',  ( -2.500000000000000900, 0.0000000000000000000, 2.449999999999999700 ) ) ;
#264 = CARTESIAN_POINT ( 'NONE',  ( -1.000000000000000000, -0.1499999999999999900, 1.450000000000000000 ) ) ;
#265 = ORIENTED_EDGE ( 'NONE', *, *, #85, .F. ) ;
#266 = DIRECTION ( 'NONE',  ( 0.0000000000000000000, 1.000000000000000000, 0.0000000000000000000 ) ) ;
#267 = ORIENTED_EDGE ( 'NONE', *, *, #1353, .F. ) ;
#268 = DIRECTION ( 'NONE',  ( -0.0000000000000000000, -0.0000000000000000000, 1.000000000000000000 ) ) ;
#269 = ORIENTED_EDGE ( 'NONE', *, *, #19, .F. ) ;
#270 = PLANE ( 'NONE',  #842 ) ;
#271 = ADVANCED_FACE ( 'NONE', ( #496 ), #905, .F. ) ;
#272 = DIRECTION ( 'NONE',  ( 0.0000000000000000000, -0.0000000000000000000, -1.000000000000000000 ) ) ;
#273 = LINE ( 'NONE', #1077, #494 ) ;
#274 = DIRECTION ( 'NONE',  ( 0.0000000000000000000, -1.000000000000000000, 0.0000000000000000000 ) ) ;
#275 = FACE_OUTER_BOUND ( 'NONE', #1528, .T. ) ;
#276 = ORIENTED_EDGE ( 'NONE', *, *, #1376, .F. ) ;
#277 = PERSON_AND_ORGANIZATION ( #444, #24 ) ;
#278 = VECTOR ( 'NONE', #1119, 1000.000000000000000 ) ;
#279 = LINE ( 'NONE', #724, #1524 ) ;
#280 = ADVANCED_FACE ( 'NONE', ( #458 ), #582, .T. ) ;
#281 = DIRECTION ( 'NONE',  ( -1.084202172485504700E-016, -0.0000000000000000000, 1.000000000000000000 ) ) ;
#282 = DIRECTION ( 'NONE',  ( 0.0000000000000000000, -1.000000000000000000, 0.0000000000000000000 ) ) ;
#283 = DIRECTION ( 'NONE',  ( 0.0000000000000000000, 1.000000000000000000, 0.0000000000000000000 ) ) ;
#284 = ORIENTED_EDGE ( 'NONE', *, *, #1034, .F. ) ;
#285 = EDGE_CURVE ( 'NONE', #1010, #373, #1166, .T. ) ;
#286 = DIRECTION ( 'NONE',  ( -1.084202172485504400E-016, 0.0000000000000000000, 1.000000000000000000 ) ) ;
#287 = EDGE_LOOP ( 'NONE', ( #868, #1067, #1491, #619 ) ) ;
#288 = DATE_AND_TIME ( #1325, #148 ) ;
#289 = EDGE_CURVE ( 'NONE', #117, #1048, #22, .T. ) ;
#290 = ORIENTED_EDGE ( 'NONE', *, *, #20, .F. ) ;
#291 = CARTESIAN_POINT ( 'NONE',  ( -0.6000000000000000900, 2.449999999999999700, 1.250000000000000200 ) ) ;
#292 = ADVANCED_FACE ( 'NONE', ( #1380 ), #1433, .F. ) ;
#293 = ORIENTED_EDGE ( 'NONE', *, *, #1470, .T. ) ;
#294 = DIRECTION ( 'NONE',  ( 0.0000000000000000000, 1.000000000000000000, 0.0000000000000000000 ) ) ;
#295 = AXIS2_PLACEMENT_3D ( 'NONE', #1125, #171, #1241 ) ;
#296 = FACE_OUTER_BOUND ( 'NONE', #704, .T. ) ;
#297 = ORIENTED_EDGE ( 'NONE', *, *, #1470, .F. ) ;
#298 = VECTOR ( 'NONE', #1310, 1000.000000000000000 ) ;
#299 = ADVANCED_FACE ( 'NONE', ( #809 ), #13, .F. ) ;
#300 = CARTESIAN_POINT ( 'NONE',  ( 0.4999999999999989500, 2.700000000000000600, -2.600000000000000500 ) ) ;
#301 = VERTEX_POINT ( 'NONE', #819 ) ;
#302 = DATE_AND_TIME ( #568, #604 ) ;
#303 = ORIENTED_EDGE ( 'NONE', *, *, #1290, .T. ) ;
#304 = DIRECTION ( 'NONE',  ( 0.0000000000000000000, -0.0000000000000000000, -1.000000000000000000 ) ) ;
#305 = ORIENTED_EDGE ( 'NONE', *, *, #339, .T. ) ;
#306 = EDGE_LOOP ( 'NONE', ( #46, #1031, #405, #965 ) ) ;
#307 = DIRECTION ( 'NONE',  ( -1.000000000000000000, 0.0000000000000000000, -9.035018104045874400E-017 ) ) ;
#308 = EDGE_CURVE ( 'NONE', #540, #833, #847, .T. ) ;
#309 = ORIENTED_EDGE ( 'NONE', *, *, #679, .T. ) ;
#310 = CARTESIAN_POINT ( 'NONE',  ( 2.499999999999999600, 2.850000000000000100, 2.450000000000000200 ) ) ;
#311 = ORIENTED_EDGE ( 'NONE', *, *, #565, .F. ) ;
#312 = DIRECTION ( 'NONE',  ( 1.521687259628778300E-016, -1.000000000000000000, 0.0000000000000000000 ) ) ;
#313 = EDGE_CURVE ( 'NONE', #560, #610, #1092, .T. ) ;
#314 = LINE ( 'NONE', #1504, #1143 ) ;
#315 = CARTESIAN_POINT ( 'NONE',  ( 0.4999999999999989500, 2.700000000000000600, 2.600000000000000500 ) ) ;
#316 = VECTOR ( 'NONE', #108, 1000.000000000000000 ) ;
#317 = LINE ( 'NONE', #1365, #946 ) ;
#318 = VERTEX_POINT ( 'NONE', #952 ) ;
#319 = CARTESIAN_POINT ( 'NONE',  ( -1.000000000000001100, 2.700000000000000200, -2.600000000000000500 ) ) ;
#320 = CALENDAR_DATE ( 2018, 10, 10 ) ;
#321 = LINE ( 'NONE', #1375, #440 ) ;
#322 = EDGE_CURVE ( 'NONE', #328, #1413, #566, .T. ) ;
#323 = DIRECTION ( 'NONE',  ( -1.000000000000000000, 0.0000000000000000000, 2.168404344971009400E-016 ) ) ;
#324 = DIRECTION ( 'NONE',  ( -0.0000000000000000000, 1.000000000000000000, -0.0000000000000000000 ) ) ;
#325 = DIRECTION ( 'NONE',  ( 7.608436298143890100E-017, -1.000000000000000000, 0.0000000000000000000 ) ) ;
#326 = ORIENTED_EDGE ( 'NONE', *, *, #565, .T. ) ;
#327 = CARTESIAN_POINT ( 'NONE',  ( -0.5000000000000011100, 2.700000000000000200, -2.600000000000000500 ) ) ;
#328 = VERTEX_POINT ( 'NONE', #246 ) ;
#329 = PLANE ( 'NONE',  #761 ) ;
#330 = CARTESIAN_POINT ( 'NONE',  ( 0.5999999999999998700, 2.449999999999999700, -2.449999999999999700 ) ) ;
#331 = CARTESIAN_POINT ( 'NONE',  ( -1.600000000000001900, 2.850000000000000100, 2.449999999999999700 ) ) ;
#332 = APPROVAL_ROLE ( '' ) ;
#333 = FACE_OUTER_BOUND ( 'NONE', #948, .T. ) ;
#334 = ORIENTED_EDGE ( 'NONE', *, *, #1266, .F. ) ;
#335 = VECTOR ( 'NONE', #124, 1000.000000000000000 ) ;
#336 = DIRECTION ( 'NONE',  ( 0.0000000000000000000, 1.000000000000000000, 0.0000000000000000000 ) ) ;
#337 = ORIENTED_EDGE ( 'NONE', *, *, #1190, .F. ) ;
#338 = EDGE_CURVE ( 'NONE', #1243, #585, #1403, .T. ) ;
#339 = EDGE_CURVE ( 'NONE', #38, #1103, #76, .T. ) ;
#340 = VERTEX_POINT ( 'NONE', #942 ) ;
#341 = ORIENTED_EDGE ( 'NONE', *, *, #465, .T. ) ;
#342 = PERSON_AND_ORGANIZATION_ROLE ( 'creator' ) ;
#343 = ORIENTED_EDGE ( 'NONE', *, *, #615, .F. ) ;
#344 = ORIENTED_EDGE ( 'NONE', *, *, #1494, .T. ) ;
#345 = CARTESIAN_POINT ( 'NONE',  ( 0.5999999999999998700, 2.449999999999999700, -1.250000000000000000 ) ) ;
#346 = ORIENTED_EDGE ( 'NONE', *, *, #1130, .T. ) ;
#347 = DIRECTION ( 'NONE',  ( -1.000000000000000000, 0.0000000000000000000, 0.0000000000000000000 ) ) ;
#348 = CARTESIAN_POINT ( 'NONE',  ( -1.000000000000000000, 0.0000000000000000000, 2.600000000000000100 ) ) ;
#349 = LINE ( 'NONE', #678, #616 ) ;
#350 = DIRECTION ( 'NONE',  ( 1.000000000000000000, 0.0000000000000000000, 0.0000000000000000000 ) ) ;
#351 = LINE ( 'NONE', #783, #1109 ) ;
#352 = ORIENTED_EDGE ( 'NONE', *, *, #308, .T. ) ;
#353 = PERSON_AND_ORGANIZATION ( #444, #24 ) ;
#354 = VECTOR ( 'NONE', #139, 1000.000000000000000 ) ;
#355 = EDGE_LOOP ( 'NONE', ( #14, #1478, #28, #631, #404 ) ) ;
#356 = CARTESIAN_POINT ( 'NONE',  ( -0.5000000000000000000, 2.700000000000000200, 1.450000000000000200 ) ) ;
#357 = VERTEX_POINT ( 'NONE', #356 ) ;
#358 = EDGE_LOOP ( 'NONE', ( #820, #1086, #534, #172, #140, #1513, #367 ) ) ;
#359 = EDGE_CURVE ( 'NONE', #1373, #1489, #97, .T. ) ;
#360 = CARTESIAN_POINT ( 'NONE',  ( 0.0000000000000000000, 2.850000000000000100, 0.0000000000000000000 ) ) ;
#361 = EDGE_CURVE ( 'NONE', #1162, #211, #1457, .T. ) ;
#362 = PLANE ( 'NONE',  #960 ) ;
#363 = FACE_OUTER_BOUND ( 'NONE', #1449, .T. ) ;
#364 = PLANE ( 'NONE',  #1278 ) ;
#365 = ORIENTED_EDGE ( 'NONE', *, *, #1410, .F. ) ;
#366 = LINE ( 'NONE', #1222, #1477 ) ;
#367 = ORIENTED_EDGE ( 'NONE', *, *, #1057, .F. ) ;
#368 = LINE ( 'NONE', #92, #949 ) ;
#369 = VERTEX_POINT ( 'NONE', #694 ) ;
#370 = DIRECTION ( 'NONE',  ( 0.7071067811865489100, 0.0000000000000000000, -0.7071067811865462400 ) ) ;
#371 = AXIS2_PLACEMENT_3D ( 'NONE', #877, #173, #1003 ) ;
#372 = DIRECTION ( 'NONE',  ( 1.000000000000000000, 0.0000000000000000000, 0.0000000000000000000 ) ) ;
#373 = VERTEX_POINT ( 'NONE', #1554 ) ;
#374 = VECTOR ( 'NONE', #414, 1000.000000000000000 ) ;
#375 = CARTESIAN_POINT ( 'NONE',  ( 2.499999999999999600, 2.850000000000000100, 2.450000000000000200 ) ) ;
#376 = ORIENTED_EDGE ( 'NONE', *, *, #1379, .F. ) ;
#377 = ORIENTED_EDGE ( 'NONE', *, *, #51, .F. ) ;
#378 = DIRECTION ( 'NONE',  ( 0.0000000000000000000, -1.000000000000000000, 0.0000000000000000000 ) ) ;
#379 = DIRECTION ( 'NONE',  ( -1.000000000000000000, 0.0000000000000000000, 0.0000000000000000000 ) ) ;
#380 = LINE ( 'NONE', #1285, #456 ) ;
#381 = CARTESIAN_POINT ( 'NONE',  ( -0.6000000000000002000, 2.449999999999999700, 2.449999999999999700 ) ) ;
#382 = EDGE_CURVE ( 'NONE', #1288, #240, #601, .T. ) ;
#383 = VECTOR ( 'NONE', #810, 1000.000000000000000 ) ;
#384 = CARTESIAN_POINT ( 'NONE',  ( -0.5000000000000011100, 2.700000000000000200, 2.450000000000000200 ) ) ;
#385 = ORIENTED_EDGE ( 'NONE', *, *, #646, .T. ) ;
#386 = ADVANCED_FACE ( 'NONE', ( #713 ), #1305, .F. ) ;
#387 = CARTESIAN_POINT ( 'NONE',  ( 0.5999999999999998700, 2.850000000000000100, -1.250000000000000000 ) ) ;
#388 = VECTOR ( 'NONE', #168, 1000.000000000000000 ) ;
#389 = CARTESIAN_POINT ( 'NONE',  ( 0.4999999999999989500, 2.850000000000000100, -2.600000000000000500 ) ) ;
#390 = CARTESIAN_POINT ( 'NONE',  ( -2.500000000000000000, 0.0000000000000000000, -1.900000000000000600 ) ) ;
#391 = VERTEX_POINT ( 'NONE', #824 ) ;
#392 = EDGE_CURVE ( 'NONE', #691, #544, #1060, .T. ) ;
#393 = FACE_OUTER_BOUND ( 'NONE', #735, .T. ) ;
#394 = ADVANCED_FACE ( 'NONE', ( #964 ), #1550, .F. ) ;
#395 = ORIENTED_EDGE ( 'NONE', *, *, #521, .T. ) ;
#396 = ORIENTED_EDGE ( 'NONE', *, *, #254, .T. ) ;
#397 = CARTESIAN_POINT ( 'NONE',  ( 0.9999999999999986700, 2.700000000000000600, 2.600000000000000500 ) ) ;
#398 = AXIS2_PLACEMENT_3D ( 'NONE', #1506, #1244, #1492 ) ;
#399 = ADVANCED_FACE ( 'NONE', ( #927 ), #846, .F. ) ;
#400 = VECTOR ( 'NONE', #550, 1000.000000000000000 ) ;
#401 = VERTEX_POINT ( 'NONE', #721 ) ;
#402 = LINE ( 'NONE', #264, #827 ) ;
#403 = FACE_OUTER_BOUND ( 'NONE', #1204, .T. ) ;
#404 = ORIENTED_EDGE ( 'NONE', *, *, #1351, .T. ) ;
#405 = ORIENTED_EDGE ( 'NONE', *, *, #175, .T. ) ;
#406 = ADVANCED_FACE ( 'NONE', ( #1300 ), #1313, .T. ) ;
#407 = PLANE ( 'NONE',  #1422 ) ;
#408 = EDGE_CURVE ( 'NONE', #38, #1413, #402, .T. ) ;
#409 = VERTEX_POINT ( 'NONE', #841 ) ;
#410 = EDGE_CURVE ( 'NONE', #712, #1373, #1131, .T. ) ;
#411 = CARTESIAN_POINT ( 'NONE',  ( -0.6000000000000002000, 2.850000000000000100, -2.449999999999999700 ) ) ;
#412 = ORIENTED_EDGE ( 'NONE', *, *, #646, .F. ) ;
#413 = ORIENTED_EDGE ( 'NONE', *, *, #837, .F. ) ;
#414 = DIRECTION ( 'NONE',  ( -0.0000000000000000000, 1.000000000000000000, -0.0000000000000000000 ) ) ;
#415 = ORIENTED_EDGE ( 'NONE', *, *, #1361, .T. ) ;
#416 = DIRECTION ( 'NONE',  ( -0.0000000000000000000, 0.0000000000000000000, -1.000000000000000000 ) ) ;
#417 = CARTESIAN_POINT ( 'NONE',  ( -1.000000000000000900, -0.1499999999999999700, -2.500000000000000900 ) ) ;
#418 = APPROVAL_PERSON_ORGANIZATION ( #509, #29, #1047 ) ;
#419 = DIRECTION ( 'NONE',  ( 1.000000000000000000, 0.0000000000000000000, 8.673617379884034200E-017 ) ) ;
#420 = FACE_OUTER_BOUND ( 'NONE', #1291, .T. ) ;
#421 = ORIENTED_EDGE ( 'NONE', *, *, #776, .F. ) ;
#422 = FACE_OUTER_BOUND ( 'NONE', #892, .T. ) ;
#423 = DIRECTION ( 'NONE',  ( -5.379976900643416900E-017, 0.7071067811865474600, 0.7071067811865474600 ) ) ;
#424 = VECTOR ( 'NONE', #116, 1000.000000000000000 ) ;
#425 = CARTESIAN_POINT ( 'NONE',  ( -1.600000000000001900, 2.850000000000000100, 2.449999999999999700 ) ) ;
#426 = ORIENTED_EDGE ( 'NONE', *, *, #834, .F. ) ;
#427 = CARTESIAN_POINT ( 'NONE',  ( 0.5999999999999998700, 2.449999999999999700, 2.449999999999999700 ) ) ;
#428 = ORIENTED_EDGE ( 'NONE', *, *, #465, .F. ) ;
#429 = CARTESIAN_POINT ( 'NONE',  ( -0.5000000000000011100, 2.700000000000000200, 2.600000000000000500 ) ) ;
#430 = VERTEX_POINT ( 'NONE', #485 ) ;
#431 = DIRECTION ( 'NONE',  ( -1.000000000000000000, 0.0000000000000000000, 0.0000000000000000000 ) ) ;
#432 = DIRECTION ( 'NONE',  ( 0.0000000000000000000, 0.0000000000000000000, 1.000000000000000000 ) ) ;
#433 = CARTESIAN_POINT ( 'NONE',  ( 0.9999999999999991100, -0.05000000000000148800, -2.600000000000000500 ) ) ;
#434 = DIRECTION ( 'NONE',  ( -1.000000000000000000, 0.0000000000000000000, 0.0000000000000000000 ) ) ;
#435 = VECTOR ( 'NONE', #281, 1000.000000000000000 ) ;
#436 = EDGE_CURVE ( 'NONE', #1373, #880, #768, .T. ) ;
#437 = LINE ( 'NONE', #656, #600 ) ;
#438 = CARTESIAN_POINT ( 'NONE',  ( -2.500000000000000900, 2.850000000000000100, 2.449999999999999700 ) ) ;
#439 = LINE ( 'NONE', #969, #530 ) ;
#440 = VECTOR ( 'NONE', #294, 1000.000000000000000 ) ;
#441 = PLANE ( 'NONE',  #1364 ) ;
#442 = EDGE_CURVE ( 'NONE', #610, #137, #439, .T. ) ;
#443 = LINE ( 'NONE', #804, #1362 ) ;
#444 = PERSON ( 'UNSPECIFIED', 'UNSPECIFIED', 'UNSPECIFIED', ('UNSPECIFIED'), ('UNSPECIFIED'), ('UNSPECIFIED') ) ;
#445 = ORIENTED_EDGE ( 'NONE', *, *, #1320, .F. ) ;
#446 = PLANE ( 'NONE',  #845 ) ;
#447 = VERTEX_POINT ( 'NONE', #711 ) ;
#448 = AXIS2_PLACEMENT_3D ( 'NONE', #1472, #734, #984 ) ;
#449 = FACE_OUTER_BOUND ( 'NONE', #113, .T. ) ;
#450 = ORIENTED_EDGE ( 'NONE', *, *, #408, .F. ) ;
#451 = DIRECTION ( 'NONE',  ( 1.000000000000000000, -1.355252715606880500E-017, 0.0000000000000000000 ) ) ;
#452 = ORIENTED_EDGE ( 'NONE', *, *, #126, .T. ) ;
#453 = ORIENTED_EDGE ( 'NONE', *, *, #1361, .F. ) ;
#454 = CARTESIAN_POINT ( 'NONE',  ( 1.000000000000000000, -0.0000000000000000000, 1.450000000000000000 ) ) ;
#455 = PERSON_AND_ORGANIZATION_ROLE ( 'design_supplier' ) ;
#456 = VECTOR ( 'NONE', #1273, 1000.000000000000000 ) ;
#457 = DIRECTION ( 'NONE',  ( -0.0000000000000000000, -0.0000000000000000000, 1.000000000000000000 ) ) ;
#458 = FACE_OUTER_BOUND ( 'NONE', #482, .T. ) ;
#459 = ORIENTED_EDGE ( 'NONE', *, *, #491, .F. ) ;
#460 = LINE ( 'NONE', #673, #79 ) ;
#461 = APPLICATION_CONTEXT ( 'configuration controlled 3d designs of mechanical parts and assemblies' ) ;
#462 = ORIENTED_EDGE ( 'NONE', *, *, #198, .F. ) ;
#463 = VECTOR ( 'NONE', #532, 1000.000000000000000 ) ;
#464 = DIRECTION ( 'NONE',  ( -1.000000000000000000, -0.0000000000000000000, -2.602085213965210600E-016 ) ) ;
#465 = EDGE_CURVE ( 'NONE', #106, #540, #1424, .T. ) ;
#466 = DIRECTION ( 'NONE',  ( -1.521687259628778000E-016, 1.000000000000000000, 0.0000000000000000000 ) ) ;
#467 = VECTOR ( 'NONE', #94, 1000.000000000000000 ) ;
#468 = ORIENTED_EDGE ( 'NONE', *, *, #123, .F. ) ;
#469 = CARTESIAN_POINT ( 'NONE',  ( 0.4999999999999998900, 2.700000000000000200, 2.449999999999999700 ) ) ;
#470 = ORIENTED_EDGE ( 'NONE', *, *, #1025, .T. ) ;
#471 = CIRCLE ( 'NONE', #295, 0.5500000000000001600 ) ;
#472 = EDGE_CURVE ( 'NONE', #1212, #540, #144, .T. ) ;
#473 = CARTESIAN_POINT ( 'NONE',  ( 1.000000000000000000, -0.1499999999999999900, -1.450000000000000000 ) ) ;
#474 = VECTOR ( 'NONE', #569, 1000.000000000000000 ) ;
#475 = AXIS2_PLACEMENT_3D ( 'NONE', #1508, #1377, #665 ) ;
#476 = ORIENTED_EDGE ( 'NONE', *, *, #236, .F. ) ;
#477 = CALENDAR_DATE ( 2018, 10, 10 ) ;
#478 = DIRECTION ( 'NONE',  ( -1.521687259628778000E-016, 1.000000000000000000, 0.0000000000000000000 ) ) ;
#479 = LINE ( 'NONE', #1455, #1022 ) ;
#480 = DIRECTION ( 'NONE',  ( 0.0000000000000000000, -0.0000000000000000000, -1.000000000000000000 ) ) ;
#481 = FACE_OUTER_BOUND ( 'NONE', #31, .T. ) ;
#482 = EDGE_LOOP ( 'NONE', ( #1161, #213, #836, #15 ) ) ;
#483 = DIRECTION ( 'NONE',  ( -0.0000000000000000000, 1.000000000000000000, -0.0000000000000000000 ) ) ;
#484 = EDGE_LOOP ( 'NONE', ( #972, #326, #1283, #49, #488, #917, #1546 ) ) ;
#485 = CARTESIAN_POINT ( 'NONE',  ( 0.9999999999999991100, -1.084202172485504400E-016, -2.450000000000000200 ) ) ;
#486 = LINE ( 'NONE', #1279, #650 ) ;
#487 = ORIENTED_EDGE ( 'NONE', *, *, #1270, .T. ) ;
#488 = ORIENTED_EDGE ( 'NONE', *, *, #313, .F. ) ;
#489 = CARTESIAN_POINT ( 'NONE',  ( 0.4999999999999998900, 2.700000000000000200, 2.449999999999999700 ) ) ;
#490 = ORIENTED_EDGE ( 'NONE', *, *, #521, .F. ) ;
#491 = EDGE_CURVE ( 'NONE', #391, #575, #202, .T. ) ;
#492 = DIRECTION ( 'NONE',  ( -1.000000000000000000, 0.0000000000000000000, -8.850629979473506000E-017 ) ) ;
#493 = DIRECTION ( 'NONE',  ( 0.0000000000000000000, -1.000000000000000000, 0.0000000000000000000 ) ) ;
#494 = VECTOR ( 'NONE', #839, 1000.000000000000000 ) ;
#495 = DIRECTION ( 'NONE',  ( -8.850629979473506000E-017, 0.0000000000000000000, 1.000000000000000000 ) ) ;
#496 = FACE_OUTER_BOUND ( 'NONE', #1084, .T. ) ;
#497 = ORIENTED_EDGE ( 'NONE', *, *, #1353, .T. ) ;
#498 = COORDINATED_UNIVERSAL_TIME_OFFSET ( 9, 0, .AHEAD. ) ;
#499 = AXIS2_PLACEMENT_3D ( 'NONE', #923, #909, #323 ) ;
#500 = COORDINATED_UNIVERSAL_TIME_OFFSET ( 9, 0, .AHEAD. ) ;
#501 = CARTESIAN_POINT ( 'NONE',  ( -2.500000000000000000, 2.850000000000000100, -2.450000000000000600 ) ) ;
#502 = ADVANCED_FACE ( 'NONE', ( #111 ), #364, .F. ) ;
#503 = CARTESIAN_POINT ( 'NONE',  ( -1.000000000000001100, 2.700000000000000200, -2.450000000000000200 ) ) ;
#504 = ORIENTED_EDGE ( 'NONE', *, *, #918, .T. ) ;
#505 = CARTESIAN_POINT ( 'NONE',  ( 0.4999999999999989500, 2.850000000000000100, 2.600000000000000500 ) ) ;
#506 = ORIENTED_EDGE ( 'NONE', *, *, #472, .T. ) ;
#507 = ORIENTED_EDGE ( 'NONE', *, *, #1134, .F. ) ;
#508 = ADVANCED_FACE ( 'NONE', ( #420 ), #597, .F. ) ;
#509 = PERSON_AND_ORGANIZATION ( #444, #24 ) ;
#510 = EDGE_LOOP ( 'NONE', ( #871, #487, #573, #412, #552 ) ) ;
#511 = VECTOR ( 'NONE', #852, 1000.000000000000000 ) ;
#512 = DIRECTION ( 'NONE',  ( -0.0000000000000000000, -0.0000000000000000000, -1.000000000000000000 ) ) ;
#513 = VERTEX_POINT ( 'NONE', #1333 ) ;
#514 = FACE_OUTER_BOUND ( 'NONE', #792, .T. ) ;
#515 = ADVANCED_FACE ( 'NONE', ( #165 ), #1198, .F. ) ;
#516 = ORIENTED_EDGE ( 'NONE', *, *, #146, .F. ) ;
#517 = EDGE_CURVE ( 'NONE', #513, #1212, #1357, .T. ) ;
#518 = CARTESIAN_POINT ( 'NONE',  ( -1.000000000000000000, 0.0000000000000000000, -1.450000000000000000 ) ) ;
#519 = AXIS2_PLACEMENT_3D ( 'NONE', #253, #589, #596 ) ;
#520 = ORIENTED_EDGE ( 'NONE', *, *, #43, .T. ) ;
#521 = EDGE_CURVE ( 'NONE', #1243, #691, #1334, .T. ) ;
#522 = ORIENTED_EDGE ( 'NONE', *, *, #285, .T. ) ;
#523 = ORIENTED_EDGE ( 'NONE', *, *, #885, .T. ) ;
#524 = ADVANCED_FACE ( 'NONE', ( #1445 ), #270, .F. ) ;
#525 = ORIENTED_EDGE ( 'NONE', *, *, #1379, .T. ) ;
#526 = AXIS2_PLACEMENT_3D ( 'NONE', #210, #786, #451 ) ;
#527 = CARTESIAN_POINT ( 'NONE',  ( 0.4999999999999997800, 2.700000000000000200, -1.450000000000000000 ) ) ;
#528 = CARTESIAN_POINT ( 'NONE',  ( -1.000000000000001100, 2.700000000000000200, -2.450000000000000200 ) ) ;
#529 = FACE_OUTER_BOUND ( 'NONE', #63, .T. ) ;
#530 = VECTOR ( 'NONE', #1210, 1000.000000000000000 ) ;
#531 = VERTEX_POINT ( 'NONE', #613 ) ;
#532 = DIRECTION ( 'NONE',  ( 0.0000000000000000000, 0.0000000000000000000, -1.000000000000000000 ) ) ;
#533 = PERSON_AND_ORGANIZATION ( #444, #24 ) ;
#534 = ORIENTED_EDGE ( 'NONE', *, *, #83, .T. ) ;
#535 = LINE ( 'NONE', #1481, #226 ) ;
#536 = CARTESIAN_POINT ( 'NONE',  ( -2.500000000000000900, 0.0000000000000000000, 2.449999999999999700 ) ) ;
#537 = CARTESIAN_POINT ( 'NONE',  ( 0.9999999999999986700, 2.700000000000000600, 2.450000000000000200 ) ) ;
#538 = CARTESIAN_POINT ( 'NONE',  ( 0.5999999999999998700, 2.449999999999999700, -2.449999999999999700 ) ) ;
#539 = CARTESIAN_POINT ( 'NONE',  ( 0.5999999999999998700, 2.449999999999999700, 1.250000000000000000 ) ) ;
#540 = VERTEX_POINT ( 'NONE', #411 ) ;
#541 = ORIENTED_EDGE ( 'NONE', *, *, #889, .T. ) ;
#542 = CARTESIAN_POINT ( 'NONE',  ( -0.6000000000000002000, 2.700000000000000200, -2.449999999999999700 ) ) ;
#543 = EDGE_CURVE ( 'NONE', #1511, #1459, #128, .T. ) ;
#544 = VERTEX_POINT ( 'NONE', #1215 ) ;
#545 = DIRECTION ( 'NONE',  ( 0.7071067811865462400, -0.0000000000000000000, 0.7071067811865489100 ) ) ;
#546 = LINE ( 'NONE', #1276, #822 ) ;
#547 = DIRECTION ( 'NONE',  ( -1.000000000000000000, 0.0000000000000000000, 1.807003620809174100E-016 ) ) ;
#548 = CARTESIAN_POINT ( 'NONE',  ( -1.000000000000000000, -0.1499999999999999900, -1.450000000000000000 ) ) ;
#549 = CYLINDRICAL_SURFACE ( 'NONE', #572, 0.5500000000000001600 ) ;
#550 = DIRECTION ( 'NONE',  ( -1.770125995894701000E-016, -0.0000000000000000000, 1.000000000000000000 ) ) ;
#551 = EDGE_CURVE ( 'NONE', #430, #606, #1282, .T. ) ;
#552 = ORIENTED_EDGE ( 'NONE', *, *, #675, .F. ) ;
#553 = VECTOR ( 'NONE', #419, 1000.000000000000000 ) ;
#554 = VECTOR ( 'NONE', #976, 1000.000000000000000 ) ;
#555 = CARTESIAN_POINT ( 'NONE',  ( -2.025000000000003900, 0.0000000000000000000, 2.024999999999996400 ) ) ;
#556 = DIRECTION ( 'NONE',  ( -0.0000000000000000000, -0.0000000000000000000, 1.000000000000000000 ) ) ;
#557 = ORIENTED_EDGE ( 'NONE', *, *, #971, .F. ) ;
#558 = CC_DESIGN_APPROVAL ( #1070, ( #1121 ) ) ;
#559 = CARTESIAN_POINT ( 'NONE',  ( -0.6000000000000002000, 2.449999999999999700, 2.449999999999999700 ) ) ;
#560 = VERTEX_POINT ( 'NONE', #40 ) ;
#561 = ORIENTED_EDGE ( 'NONE', *, *, #675, .T. ) ;
#562 = VERTEX_POINT ( 'NONE', #1344 ) ;
#563 = DIRECTION ( 'NONE',  ( -0.0000000000000000000, 1.000000000000000000, -0.0000000000000000000 ) ) ;
#564 = LINE ( 'NONE', #1004, #1165 ) ;
#565 = EDGE_CURVE ( 'NONE', #373, #55, #789, .T. ) ;
#566 = LINE ( 'NONE', #348, #298 ) ;
#567 = VERTEX_POINT ( 'NONE', #300 ) ;
#568 = CALENDAR_DATE ( 2018, 10, 10 ) ;
#569 = DIRECTION ( 'NONE',  ( 0.0000000000000000000, 1.000000000000000000, 0.0000000000000000000 ) ) ;
#570 = APPROVAL_STATUS ( 'not_yet_approved' ) ;
#571 = CARTESIAN_POINT ( 'NONE',  ( -0.5000000000000011100, 2.850000000000000100, -2.600000000000000500 ) ) ;
#572 = AXIS2_PLACEMENT_3D ( 'NONE', #738, #177, #748 ) ;
#573 = ORIENTED_EDGE ( 'NONE', *, *, #236, .T. ) ;
#574 = DIRECTION ( 'NONE',  ( 0.0000000000000000000, 0.0000000000000000000, -1.000000000000000000 ) ) ;
#575 = VERTEX_POINT ( 'NONE', #617 ) ;
#576 = ORIENTED_EDGE ( 'NONE', *, *, #313, .T. ) ;
#577 = CARTESIAN_POINT ( 'NONE',  ( -1.000000000000000900, -0.1499999999999999700, 2.600000000000000500 ) ) ;
#578 = VECTOR ( 'NONE', #764, 1000.000000000000000 ) ;
#579 = CARTESIAN_POINT ( 'NONE',  ( 0.4999999999999997800, 2.700000000000000200, -1.450000000000000000 ) ) ;
#580 = LINE ( 'NONE', #1175, #765 ) ;
#581 = FACE_OUTER_BOUND ( 'NONE', #723, .T. ) ;
#582 = PLANE ( 'NONE',  #632 ) ;
#583 = ORIENTED_EDGE ( 'NONE', *, *, #995, .F. ) ;
#584 = COORDINATED_UNIVERSAL_TIME_OFFSET ( 9, 0, .AHEAD. ) ;
#585 = VERTEX_POINT ( 'NONE', #64 ) ;
#586 = FACE_OUTER_BOUND ( 'NONE', #1094, .T. ) ;
#587 = PLANE ( 'NONE',  #135 ) ;
#588 = CARTESIAN_POINT ( 'NONE',  ( -2.500000000000000900, 2.850000000000000100, 2.449999999999999700 ) ) ;
#589 = DIRECTION ( 'NONE',  ( -1.000000000000000000, 0.0000000000000000000, 0.0000000000000000000 ) ) ;
#590 = ORIENTED_EDGE ( 'NONE', *, *, #1053, .T. ) ;
#591 = EDGE_CURVE ( 'NONE', #1413, #939, #366, .T. ) ;
#592 = DIRECTION ( 'NONE',  ( -0.0000000000000000000, 1.000000000000000000, 0.0000000000000000000 ) ) ;
#593 = ORIENTED_EDGE ( 'NONE', *, *, #996, .F. ) ;
#594 = ORIENTED_EDGE ( 'NONE', *, *, #1078, .T. ) ;
#595 = EDGE_CURVE ( 'NONE', #750, #585, #994, .T. ) ;
#596 = DIRECTION ( 'NONE',  ( 0.0000000000000000000, 0.0000000000000000000, 1.000000000000000000 ) ) ;
#597 = PLANE ( 'NONE',  #9 ) ;
#598 = VECTOR ( 'NONE', #1408, 1000.000000000000000 ) ;
#599 = AXIS2_PLACEMENT_3D ( 'NONE', #1056, #914, #99 ) ;
#600 = VECTOR ( 'NONE', #775, 1000.000000000000000 ) ;
#601 = LINE ( 'NONE', #588, #1539 ) ;
#602 = DIRECTION ( 'NONE',  ( 1.000000000000000000, 0.0000000000000000000, 8.673617379884034200E-017 ) ) ;
#603 = ORIENTED_EDGE ( 'NONE', *, *, #543, .T. ) ;
#604 = LOCAL_TIME ( 9, 53, 52.00000000000000000, #584 ) ;
#605 = DIRECTION ( 'NONE',  ( -2.602085213965210100E-016, 0.0000000000000000000, 1.000000000000000000 ) ) ;
#606 = VERTEX_POINT ( 'NONE', #1496 ) ;
#607 = CARTESIAN_POINT ( 'NONE',  ( -1.000000000000000900, -0.1499999999999999700, 2.500000000000000900 ) ) ;
#608 = ORIENTED_EDGE ( 'NONE', *, *, #746, .F. ) ;
#609 = ORIENTED_EDGE ( 'NONE', *, *, #472, .F. ) ;
#610 = VERTEX_POINT ( 'NONE', #518 ) ;
#611 = CARTESIAN_POINT ( 'NONE',  ( -1.600000000000001900, 2.850000000000000100, 2.449999999999999700 ) ) ;
#612 = ORIENTED_EDGE ( 'NONE', *, *, #103, .T. ) ;
#613 = CARTESIAN_POINT ( 'NONE',  ( 0.5999999999999998700, 2.449999999999999700, 2.449999999999999700 ) ) ;
#614 = LINE ( 'NONE', #1248, #578 ) ;
#615 = EDGE_CURVE ( 'NONE', #340, #655, #1200, .T. ) ;
#616 = VECTOR ( 'NONE', #457, 1000.000000000000000 ) ;
#617 = CARTESIAN_POINT ( 'NONE',  ( 2.499999999999999600, 0.0000000000000000000, 1.900000000000000100 ) ) ;
#618 = LINE ( 'NONE', #1044, #1183 ) ;
#619 = ORIENTED_EDGE ( 'NONE', *, *, #751, .F. ) ;
#620 = PLANE ( 'NONE',  #448 ) ;
#621 = LINE ( 'NONE', #427, #1021 ) ;
#622 = CARTESIAN_POINT ( 'NONE',  ( -0.6000000000000000900, 2.850000000000000100, -1.250000000000000200 ) ) ;
#623 = LINE ( 'NONE', #489, #1115 ) ;
#624 = ORIENTED_EDGE ( 'NONE', *, *, #72, .T. ) ;
#625 = DIRECTION ( 'NONE',  ( -9.035018104045873200E-017, 0.0000000000000000000, -1.000000000000000000 ) ) ;
#626 = EDGE_CURVE ( 'NONE', #357, #1243, #742, .T. ) ;
#627 = DIRECTION ( 'NONE',  ( -1.000000000000000000, 0.0000000000000000000, -1.807003620809174100E-016 ) ) ;
#628 = VERTEX_POINT ( 'NONE', #1108 ) ;
#629 = ADVANCED_FACE ( 'NONE', ( #1354 ), #549, .T. ) ;
#630 = CARTESIAN_POINT ( 'NONE',  ( -0.6000000000000000900, 2.449999999999999700, -1.250000000000000200 ) ) ;
#631 = ORIENTED_EDGE ( 'NONE', *, *, #1527, .T. ) ;
#632 = AXIS2_PLACEMENT_3D ( 'NONE', #345, #708, #1430 ) ;
#633 = ORIENTED_EDGE ( 'NONE', *, *, #865, .T. ) ;
#634 = DIRECTION ( 'NONE',  ( 0.0000000000000000000, -0.0000000000000000000, -1.000000000000000000 ) ) ;
#635 = DIRECTION ( 'NONE',  ( 1.000000000000000000, -0.0000000000000000000, 0.0000000000000000000 ) ) ;
#636 = CARTESIAN_POINT ( 'NONE',  ( -0.6000000000000002000, 2.449999999999999700, 2.449999999999999700 ) ) ;
#637 = VECTOR ( 'NONE', #208, 1000.000000000000000 ) ;
#638 = CARTESIAN_POINT ( 'NONE',  ( 0.4999999999999989500, 2.850000000000000100, -2.600000000000000500 ) ) ;
#639 = ORIENTED_EDGE ( 'NONE', *, *, #254, .F. ) ;
#640 = VECTOR ( 'NONE', #153, 1000.000000000000000 ) ;
#641 = CARTESIAN_POINT ( 'NONE',  ( 0.4999999999999998900, 2.700000000000000200, -2.449999999999999700 ) ) ;
#642 = EDGE_LOOP ( 'NONE', ( #352, #523, #303, #737, #797, #1202, #343, #138, #680, #733, #541, #1220, #525, #968, #59, #506 ) ) ;
#643 = LINE ( 'NONE', #438, #1284 ) ;
#644 = DIRECTION ( 'NONE',  ( 1.000000000000000000, 0.0000000000000000000, 0.0000000000000000000 ) ) ;
#645 = CARTESIAN_POINT ( 'NONE',  ( 0.5999999999999998700, 2.449999999999999700, -1.250000000000000000 ) ) ;
#646 = EDGE_CURVE ( 'NONE', #712, #1346, #564, .T. ) ;
#647 = CARTESIAN_POINT ( 'NONE',  ( 0.5999999999999998700, 2.449999999999999700, 1.250000000000000000 ) ) ;
#648 = VERTEX_POINT ( 'NONE', #390 ) ;
#649 = CARTESIAN_POINT ( 'NONE',  ( -0.6000000000000002000, 2.850000000000000100, 2.449999999999999700 ) ) ;
#650 = VECTOR ( 'NONE', #434, 1000.000000000000000 ) ;
#651 = ORIENTED_EDGE ( 'NONE', *, *, #1274, .T. ) ;
#652 = DIRECTION ( 'NONE',  ( -1.000000000000000000, -0.0000000000000000000, -2.602085213965210600E-016 ) ) ;
#653 = ORIENTED_EDGE ( 'NONE', *, *, #918, .F. ) ;
#654 = DIRECTION ( 'NONE',  ( -7.608436298143890100E-017, 1.000000000000000000, 0.0000000000000000000 ) ) ;
#655 = VERTEX_POINT ( 'NONE', #1237 ) ;
#656 = CARTESIAN_POINT ( 'NONE',  ( -1.000000000000000900, -0.1499999999999999700, -2.500000000000000900 ) ) ;
#657 = DIRECTION ( 'NONE',  ( -0.7071067811865462400, -0.0000000000000000000, -0.7071067811865489100 ) ) ;
#658 = CARTESIAN_POINT ( 'NONE',  ( -1.000000000000001100, 2.700000000000000200, 2.600000000000000500 ) ) ;
#659 = FACE_OUTER_BOUND ( 'NONE', #826, .T. ) ;
#660 = CARTESIAN_POINT ( 'NONE',  ( -1.000000000000001100, 2.700000000000000200, 2.600000000000000500 ) ) ;
#661 = VECTOR ( 'NONE', #625, 1000.000000000000000 ) ;
#662 = ORIENTED_EDGE ( 'NONE', *, *, #626, .T. ) ;
#663 = DIRECTION ( 'NONE',  ( 0.0000000000000000000, 0.0000000000000000000, 1.000000000000000000 ) ) ;
#664 = LINE ( 'NONE', #1259, #1267 ) ;
#665 = DIRECTION ( 'NONE',  ( 1.000000000000000000, 0.0000000000000000000, -0.0000000000000000000 ) ) ;
#666 = EDGE_LOOP ( 'NONE', ( #504, #184, #145, #207 ) ) ;
#667 = CARTESIAN_POINT ( 'NONE',  ( 0.0000000000000000000, 2.700000000000000200, 0.0000000000000000000 ) ) ;
#668 = DIRECTION ( 'NONE',  ( -1.000000000000000000, 0.0000000000000000000, 2.168404344971009400E-016 ) ) ;
#669 = ORIENTED_EDGE ( 'NONE', *, *, #19, .T. ) ;
#670 = ORIENTED_EDGE ( 'NONE', *, *, #72, .F. ) ;
#671 = PLANE ( 'NONE',  #499 ) ;
#672 = EDGE_LOOP ( 'NONE', ( #1209, #252, #215, #1329, #955 ) ) ;
#673 = CARTESIAN_POINT ( 'NONE',  ( 1.599999999999998500, 2.850000000000000100, -2.449999999999999700 ) ) ;
#674 = CARTESIAN_POINT ( 'NONE',  ( 0.9999999999999991100, -0.05000000000000062000, 2.600000000000000500 ) ) ;
#675 = EDGE_CURVE ( 'NONE', #750, #712, #317, .T. ) ;
#676 = AXIS2_PLACEMENT_3D ( 'NONE', #667, #778, #1398 ) ;
#677 = LINE ( 'NONE', #1137, #1218 ) ;
#678 = CARTESIAN_POINT ( 'NONE',  ( 0.9999999999999986700, 2.700000000000000600, -2.600000000000000500 ) ) ;
#679 = EDGE_CURVE ( 'NONE', #990, #1511, #1399, .T. ) ;
#680 = ORIENTED_EDGE ( 'NONE', *, *, #1519, .T. ) ;
#681 = LOCAL_TIME ( 9, 53, 52.00000000000000000, #498 ) ;
#682 = CARTESIAN_POINT ( 'NONE',  ( 1.949999999999999500, 0.0000000000000000000, 1.900000000000000100 ) ) ;
#683 = VECTOR ( 'NONE', #189, 1000.000000000000000 ) ;
#684 = ORIENTED_EDGE ( 'NONE', *, *, #227, .F. ) ;
#685 = DIRECTION ( 'NONE',  ( -0.0000000000000000000, -0.0000000000000000000, -1.000000000000000000 ) ) ;
#686 = EDGE_LOOP ( 'NONE', ( #769, #170, #89, #1543, #413 ) ) ;
#687 = VERTEX_POINT ( 'NONE', #1122 ) ;
#688 = CARTESIAN_POINT ( 'NONE',  ( -1.000000000000001100, 2.700000000000000200, 2.600000000000000500 ) ) ;
#689 = VERTEX_POINT ( 'NONE', #741 ) ;
#690 = CARTESIAN_POINT ( 'NONE',  ( -0.5000000000000011100, 2.700000000000000200, 2.450000000000000200 ) ) ;
#691 = VERTEX_POINT ( 'NONE', #867 ) ;
#692 = DATE_TIME_ROLE ( 'classification_date' ) ;
#693 = CARTESIAN_POINT ( 'NONE',  ( -1.000000000000000900, -0.1499999999999999700, -2.600000000000000500 ) ) ;
#694 = CARTESIAN_POINT ( 'NONE',  ( -0.5000000000000000000, 2.850000000000000100, -1.450000000000000200 ) ) ;
#695 = VECTOR ( 'NONE', #556, 1000.000000000000000 ) ;
#696 = VECTOR ( 'NONE', #30, 1000.000000000000000 ) ;
#697 = ORIENTED_EDGE ( 'NONE', *, *, #1274, .F. ) ;
#698 = CARTESIAN_POINT ( 'NONE',  ( 0.4999999999999997800, 2.850000000000000100, -1.450000000000000000 ) ) ;
#699 = EDGE_CURVE ( 'NONE', #990, #1212, #1036, .T. ) ;
#700 = VECTOR ( 'NONE', #185, 1000.000000000000000 ) ;
#701 = DIRECTION ( 'NONE',  ( -1.000000000000000000, -0.0000000000000000000, -2.602085213965210600E-016 ) ) ;
#702 =( NAMED_UNIT ( * ) SI_UNIT ( $, .STERADIAN. ) SOLID_ANGLE_UNIT ( ) );
#703 = CARTESIAN_POINT ( 'NONE',  ( 0.5999999999999998700, 2.700000000000000600, -2.450000000000000200 ) ) ;
#704 = EDGE_LOOP ( 'NONE', ( #1391, #1432, #1120, #217, #1335, #1150, #453 ) ) ;
#705 = ORIENTED_EDGE ( 'NONE', *, *, #1494, .F. ) ;
#706 = EDGE_CURVE ( 'NONE', #648, #628, #1456, .T. ) ;
#707 = ORIENTED_EDGE ( 'NONE', *, *, #996, .T. ) ;
#708 = DIRECTION ( 'NONE',  ( 1.807003620809174100E-016, 0.0000000000000000000, -1.000000000000000000 ) ) ;
#709 = VECTOR ( 'NONE', #166, 1000.000000000000000 ) ;
#710 = CC_DESIGN_DATE_AND_TIME_ASSIGNMENT ( #302, #1043, ( #1238 ) ) ;
#711 = CARTESIAN_POINT ( 'NONE',  ( 0.5999999999999998700, 2.449999999999999700, -1.250000000000000000 ) ) ;
#712 = VERTEX_POINT ( 'NONE', #505 ) ;
#713 = FACE_OUTER_BOUND ( 'NONE', #666, .T. ) ;
#714 = VECTOR ( 'NONE', #1199, 1000.000000000000000 ) ;
#715 = DIRECTION ( 'NONE',  ( -0.0000000000000000000, -0.0000000000000000000, 1.000000000000000000 ) ) ;
#716 = ORIENTED_EDGE ( 'NONE', *, *, #209, .T. ) ;
#717 = ORIENTED_EDGE ( 'NONE', *, *, #1206, .T. ) ;
#718 = PRODUCT_DEFINITION_SHAPE ( 'NONE', 'NONE',  #1238 ) ;
#719 = ORIENTED_EDGE ( 'NONE', *, *, #1443, .T. ) ;
#720 = EDGE_CURVE ( 'NONE', #1308, #104, #161, .T. ) ;
#721 = CARTESIAN_POINT ( 'NONE',  ( -1.000000000000001100, 2.700000000000000200, -2.600000000000000500 ) ) ;
#722 = ORIENTED_EDGE ( 'NONE', *, *, #442, .T. ) ;
#723 = EDGE_LOOP ( 'NONE', ( #1005, #267, #120, #1076 ) ) ;
#724 = CARTESIAN_POINT ( 'NONE',  ( 0.5999999999999998700, 2.850000000000000100, -2.449999999999999700 ) ) ;
#725 = VECTOR ( 'NONE', #464, 1000.000000000000000 ) ;
#726 = VECTOR ( 'NONE', #835, 1000.000000000000000 ) ;
#727 = CARTESIAN_POINT ( 'NONE',  ( 1.599999999999998500, 0.0000000000000000000, -2.449999999999999700 ) ) ;
#728 = ORIENTED_EDGE ( 'NONE', *, *, #392, .T. ) ;
#729 = FACE_OUTER_BOUND ( 'NONE', #225, .T. ) ;
#730 = DIRECTION ( 'NONE',  ( 0.0000000000000000000, 1.000000000000000000, 0.0000000000000000000 ) ) ;
#731 = ADVANCED_FACE ( 'NONE', ( #257 ), #1105, .F. ) ;
#732 = DIRECTION ( 'NONE',  ( -1.000000000000000000, 0.0000000000000000000, 1.807003620809174100E-016 ) ) ;
#733 = ORIENTED_EDGE ( 'NONE', *, *, #102, .T. ) ;
#734 = DIRECTION ( 'NONE',  ( 0.0000000000000000000, -1.000000000000000000, 0.0000000000000000000 ) ) ;
#735 = EDGE_LOOP ( 'NONE', ( #609, #1418, #309, #107, #341 ) ) ;
#736 = DIRECTION ( 'NONE',  ( 0.0000000000000000000, -1.000000000000000000, 0.0000000000000000000 ) ) ;
#737 = ORIENTED_EDGE ( 'NONE', *, *, #1545, .T. ) ;
#738 = CARTESIAN_POINT ( 'NONE',  ( -1.950000000000000000, 2.850000000000000100, -1.900000000000000600 ) ) ;
#739 = PLANE ( 'NONE',  #1068 ) ;
#740 = CARTESIAN_POINT ( 'NONE',  ( 0.5999999999999998700, 2.850000000000000100, 2.449999999999999700 ) ) ;
#741 = CARTESIAN_POINT ( 'NONE',  ( -1.000000000000001100, 2.700000000000000200, 2.600000000000000500 ) ) ;
#742 = LINE ( 'NONE', #1116, #435 ) ;
#743 = VECTOR ( 'NONE', #782, 1000.000000000000000 ) ;
#744 = VECTOR ( 'NONE', #466, 1000.000000000000000 ) ;
#745 = LINE ( 'NONE', #1458, #354 ) ;
#746 = EDGE_CURVE ( 'NONE', #880, #1243, #677, .T. ) ;
#747 = ADVANCED_FACE ( 'NONE', ( #529 ), #1372, .F. ) ;
#748 = DIRECTION ( 'NONE',  ( 0.0000000000000000000, 0.0000000000000000000, -1.000000000000000000 ) ) ;
#749 = AXIS2_PLACEMENT_3D ( 'NONE', #1388, #1020, #907 ) ;
#750 = VERTEX_POINT ( 'NONE', #315 ) ;
#751 = EDGE_CURVE ( 'NONE', #687, #357, #1128, .T. ) ;
#752 = CARTESIAN_POINT ( 'NONE',  ( 0.9999999999999991100, -0.1499999999999999900, 2.600000000000000500 ) ) ;
#753 = ORIENTED_EDGE ( 'NONE', *, *, #1160, .T. ) ;
#754 = CARTESIAN_POINT ( 'NONE',  ( -1.950000000000000000, 0.0000000000000000000, -1.900000000000000600 ) ) ;
#755 = EDGE_LOOP ( 'NONE', ( #1411, #522, #516, #251, #276, #891, #176, #462 ) ) ;
#756 = EDGE_LOOP ( 'NONE', ( #385, #260, #247, #894 ) ) ;
#757 = CARTESIAN_POINT ( 'NONE',  ( 0.0000000000000000000, 2.700000000000000200, 0.0000000000000000000 ) ) ;
#758 = ADVANCED_FACE ( 'NONE', ( #363 ), #780, .T. ) ;
#759 = ORIENTED_EDGE ( 'NONE', *, *, #1447, .F. ) ;
#760 = DIRECTION ( 'NONE',  ( -0.0000000000000000000, 0.0000000000000000000, 1.000000000000000000 ) ) ;
#761 = AXIS2_PLACEMENT_3D ( 'NONE', #1154, #663, #1026 ) ;
#762 = LINE ( 'NONE', #216, #1055 ) ;
#763 = PLANE ( 'NONE',  #1138 ) ;
#764 = DIRECTION ( 'NONE',  ( -1.000000000000000000, -0.0000000000000000000, -2.602085213965210600E-016 ) ) ;
#765 = VECTOR ( 'NONE', #954, 1000.000000000000000 ) ;
#766 = CARTESIAN_POINT ( 'NONE',  ( -0.5000000000000011100, 2.850000000000000100, -2.600000000000000500 ) ) ;
#767 = APPROVAL_DATE_TIME ( #288, #29 ) ;
#768 = LINE ( 'NONE', #1080, #511 ) ;
#769 = ORIENTED_EDGE ( 'NONE', *, *, #205, .F. ) ;
#770 = LINE ( 'NONE', #538, #1095 ) ;
#771 = CARTESIAN_POINT ( 'NONE',  ( 0.9999999999999991100, -0.1499999999999999900, 2.600000000000000500 ) ) ;
#772 = VECTOR ( 'NONE', #1014, 1000.000000000000000 ) ;
#773 = DIRECTION ( 'NONE',  ( 1.000000000000000000, 0.0000000000000000000, 8.673617379884034200E-017 ) ) ;
#774 = PLANE ( 'NONE',  #869 ) ;
#775 = DIRECTION ( 'NONE',  ( 1.000000000000000000, -1.355252715606880500E-017, 0.0000000000000000000 ) ) ;
#776 = EDGE_CURVE ( 'NONE', #648, #1488, #53, .T. ) ;
#777 = ORIENTED_EDGE ( 'NONE', *, *, #1159, .F. ) ;
#778 = DIRECTION ( 'NONE',  ( 0.0000000000000000000, 1.000000000000000000, 0.0000000000000000000 ) ) ;
#779 = ORIENTED_EDGE ( 'NONE', *, *, #971, .T. ) ;
#780 = PLANE ( 'NONE',  #475 ) ;
#781 = ORIENTED_EDGE ( 'NONE', *, *, #1493, .T. ) ;
#782 = DIRECTION ( 'NONE',  ( -1.000000000000000000, 0.0000000000000000000, 0.0000000000000000000 ) ) ;
#783 = CARTESIAN_POINT ( 'NONE',  ( 1.000000000000000000, -0.0000000000000000000, 2.600000000000000500 ) ) ;
#784 = EDGE_CURVE ( 'NONE', #1511, #106, #879, .T. ) ;
#785 = UNCERTAINTY_MEASURE_WITH_UNIT (LENGTH_MEASURE( 1.000000000000000100E-005 ), #801, 'distance_accuracy_value', 'NONE');
#786 = DIRECTION ( 'NONE',  ( 9.583083854271130000E-018, 0.7071067811865505700, 0.7071067811865444600 ) ) ;
#787 = LINE ( 'NONE', #688, #861 ) ;
#788 = LINE ( 'NONE', #548, #1240 ) ;
#789 = LINE ( 'NONE', #158, #640 ) ;
#790 = VECTOR ( 'NONE', #627, 1000.000000000000000 ) ;
#791 = DIRECTION ( 'NONE',  ( 1.075995380128683600E-016, -0.7071067811865474600, -0.7071067811865474600 ) ) ;
#792 = EDGE_LOOP ( 'NONE', ( #1371, #269, #811, #1383 ) ) ;
#793 = DIRECTION ( 'NONE',  ( 0.0000000000000000000, -0.0000000000000000000, 1.000000000000000000 ) ) ;
#794 = AXIS2_PLACEMENT_3D ( 'NONE', #1322, #730, #25 ) ;
#795 = PLANE ( 'NONE',  #749 ) ;
#796 = CARTESIAN_POINT ( 'NONE',  ( -0.5000000000000000000, 2.700000000000000200, -1.450000000000000200 ) ) ;
#797 = ORIENTED_EDGE ( 'NONE', *, *, #382, .T. ) ;
#798 = ORIENTED_EDGE ( 'NONE', *, *, #1079, .F. ) ;
#799 = PLANE ( 'NONE',  #930 ) ;
#800 = ORIENTED_EDGE ( 'NONE', *, *, #837, .T. ) ;
#801 =( LENGTH_UNIT ( ) NAMED_UNIT ( * ) SI_UNIT ( .MILLI., .METRE. ) );
#802 = EDGE_LOOP ( 'NONE', ( #27, #1253, #903, #426 ) ) ;
#803 = DIRECTION ( 'NONE',  ( -0.0000000000000000000, -0.0000000000000000000, 1.000000000000000000 ) ) ;
#804 = CARTESIAN_POINT ( 'NONE',  ( 0.9999999999999986700, 2.700000000000000600, -2.450000000000000200 ) ) ;
#805 = EDGE_CURVE ( 'NONE', #1194, #560, #37, .T. ) ;
#806 = APPROVAL_STATUS ( 'not_yet_approved' ) ;
#807 = LINE ( 'NONE', #248, #1091 ) ;
#808 = DIRECTION ( 'NONE',  ( -0.0000000000000000000, 0.0000000000000000000, 1.000000000000000000 ) ) ;
#809 = FACE_OUTER_BOUND ( 'NONE', #1012, .T. ) ;
#810 = DIRECTION ( 'NONE',  ( -1.000000000000000000, 0.0000000000000000000, 0.0000000000000000000 ) ) ;
#811 = ORIENTED_EDGE ( 'NONE', *, *, #1525, .F. ) ;
#812 = PERSON_AND_ORGANIZATION ( #444, #24 ) ;
#813 = APPROVAL_ROLE ( '' ) ;
#814 = FACE_OUTER_BOUND ( 'NONE', #1541, .T. ) ;
#815 = AXIS2_PLACEMENT_3D ( 'NONE', #1035, #1529, #1540 ) ;
#816 = DIRECTION ( 'NONE',  ( 1.770125995894701000E-016, 0.0000000000000000000, -1.000000000000000000 ) ) ;
#817 = CARTESIAN_POINT ( 'NONE',  ( -1.000000000000000900, -0.05000000000000056500, 2.600000000000000500 ) ) ;
#818 = ORIENTED_EDGE ( 'NONE', *, *, #1107, .F. ) ;
#819 = CARTESIAN_POINT ( 'NONE',  ( 1.950000000000000000, 0.0000000000000000000, 2.450000000000000200 ) ) ;
#820 = ORIENTED_EDGE ( 'NONE', *, *, #209, .F. ) ;
#821 = APPROVAL_STATUS ( 'not_yet_approved' ) ;
#822 = VECTOR ( 'NONE', #1147, 1000.000000000000000 ) ;
#823 = DIRECTION ( 'NONE',  ( 1.000000000000000000, 0.0000000000000000000, 0.0000000000000000000 ) ) ;
#824 = CARTESIAN_POINT ( 'NONE',  ( 2.499999999999999600, 2.850000000000000100, 1.900000000000000100 ) ) ;
#825 = LINE ( 'NONE', #647, #900 ) ;
#826 = EDGE_LOOP ( 'NONE', ( #96, #78, #1323, #593, #87 ) ) ;
#827 = VECTOR ( 'NONE', #592, 1000.000000000000000 ) ;
#828 = DIRECTION ( 'NONE',  ( 1.355252715606880500E-017, 1.000000000000000000, -0.0000000000000000000 ) ) ;
#829 = ORIENTED_EDGE ( 'NONE', *, *, #102, .F. ) ;
#830 = VECTOR ( 'NONE', #237, 1000.000000000000000 ) ;
#831 = ORIENTED_EDGE ( 'NONE', *, *, #338, .T. ) ;
#832 = CARTESIAN_POINT ( 'NONE',  ( 0.9999999999999991100, -0.1499999999999999900, -2.500000000000000900 ) ) ;
#833 = VERTEX_POINT ( 'NONE', #1153 ) ;
#834 = EDGE_CURVE ( 'NONE', #1255, #1262, #1280, .T. ) ;
#835 = DIRECTION ( 'NONE',  ( -9.035018104045873200E-017, 0.0000000000000000000, -1.000000000000000000 ) ) ;
#836 = ORIENTED_EDGE ( 'NONE', *, *, #1412, .T. ) ;
#837 = EDGE_CURVE ( 'NONE', #106, #1194, #125, .T. ) ;
#838 = ORIENTED_EDGE ( 'NONE', *, *, #1208, .F. ) ;
#839 = DIRECTION ( 'NONE',  ( 0.0000000000000000000, 0.0000000000000000000, -1.000000000000000000 ) ) ;
#840 = ORIENTED_EDGE ( 'NONE', *, *, #1159, .T. ) ;
#841 = CARTESIAN_POINT ( 'NONE',  ( 2.500000000000000000, 0.0000000000000000000, -1.549999999999995400 ) ) ;
#842 = AXIS2_PLACEMENT_3D ( 'NONE', #375, #492, #495 ) ;
#843 = CARTESIAN_POINT ( 'NONE',  ( 2.025000000000002600, 0.0000000000000000000, -2.024999999999995500 ) ) ;
#844 = LINE ( 'NONE', #1533, #1239 ) ;
#845 = AXIS2_PLACEMENT_3D ( 'NONE', #330, #347, #1049 ) ;
#846 = PLANE ( 'NONE',  #1386 ) ;
#847 = LINE ( 'NONE', #1440, #998 ) ;
#848 = VERTEX_POINT ( 'NONE', #539 ) ;
#849 = APPROVAL_DATE_TIME ( #1502, #1070 ) ;
#850 = CARTESIAN_POINT ( 'NONE',  ( -0.5000000000000011100, 2.700000000000000200, -2.600000000000000500 ) ) ;
#851 = LINE ( 'NONE', #645, #772 ) ;
#852 = DIRECTION ( 'NONE',  ( 0.0000000000000000000, -1.000000000000000000, 0.0000000000000000000 ) ) ;
#853 = CARTESIAN_POINT ( 'NONE',  ( -0.5000000000000011100, 2.700000000000000200, 2.600000000000000500 ) ) ;
#854 = ORIENTED_EDGE ( 'NONE', *, *, #1443, .F. ) ;
#855 = CARTESIAN_POINT ( 'NONE',  ( -0.6000000000000002000, 2.850000000000000100, -2.449999999999999700 ) ) ;
#856 = ORIENTED_EDGE ( 'NONE', *, *, #20, .T. ) ;
#857 = EDGE_LOOP ( 'NONE', ( #284, #583, #23, #707, #684 ) ) ;
#858 = ADVANCED_FACE ( 'NONE', ( #333 ), #763, .F. ) ;
#859 = EDGE_CURVE ( 'NONE', #409, #562, #18, .T. ) ;
#860 = VECTOR ( 'NONE', #1179, 1000.000000000000000 ) ;
#861 = VECTOR ( 'NONE', #685, 1000.000000000000000 ) ;
#862 = ORIENTED_EDGE ( 'NONE', *, *, #151, .T. ) ;
#863 = LOCAL_TIME ( 9, 53, 52.00000000000000000, #261 ) ;
#864 = LINE ( 'NONE', #1234, #388 ) ;
#865 = EDGE_CURVE ( 'NONE', #848, #8, #825, .T. ) ;
#866 = PLANE ( 'NONE',  #245 ) ;
#867 = CARTESIAN_POINT ( 'NONE',  ( -0.6000000000000002000, 2.700000000000000200, 2.449999999999999700 ) ) ;
#868 = ORIENTED_EDGE ( 'NONE', *, *, #1270, .F. ) ;
#869 = AXIS2_PLACEMENT_3D ( 'NONE', #1500, #67, #547 ) ;
#870 = ADVANCED_FACE ( 'NONE', ( #581 ), #774, .F. ) ;
#871 = ORIENTED_EDGE ( 'NONE', *, *, #595, .T. ) ;
#872 = CARTESIAN_POINT ( 'NONE',  ( 0.4999999999999997800, 2.850000000000000100, -1.450000000000000000 ) ) ;
#873 =( GEOMETRIC_REPRESENTATION_CONTEXT ( 3 ) GLOBAL_UNCERTAINTY_ASSIGNED_CONTEXT ( ( #785 ) ) GLOBAL_UNIT_ASSIGNED_CONTEXT ( ( #801, #1423, #702 ) ) REPRESENTATION_CONTEXT ( 'NONE', 'WORKASPACE' ) );
#874 = ORIENTED_EDGE ( 'NONE', *, *, #308, .F. ) ;
#875 = EDGE_LOOP ( 'NONE', ( #915, #346, #1265, #669 ) ) ;
#876 = CARTESIAN_POINT ( 'NONE',  ( -1.000000000000001100, 2.700000000000000200, 2.450000000000000200 ) ) ;
#877 = CARTESIAN_POINT ( 'NONE',  ( 0.0000000000000000000, 2.449999999999999700, 0.0000000000000000000 ) ) ;
#878 = ADVANCED_FACE ( 'NONE', ( #238 ), #1023, .F. ) ;
#879 = LINE ( 'NONE', #197, #979 ) ;
#880 = VERTEX_POINT ( 'NONE', #429 ) ;
#881 = VECTOR ( 'NONE', #937, 1000.000000000000000 ) ;
#882 = ORIENTED_EDGE ( 'NONE', *, *, #1130, .F. ) ;
#883 = CARTESIAN_POINT ( 'NONE',  ( 0.4999999999999997800, 2.850000000000000100, 1.450000000000000000 ) ) ;
#884 = VECTOR ( 'NONE', #195, 1000.000000000000000 ) ;
#885 = EDGE_CURVE ( 'NONE', #833, #318, #1148, .T. ) ;
#886 = ORIENTED_EDGE ( 'NONE', *, *, #1160, .F. ) ;
#887 = CARTESIAN_POINT ( 'NONE',  ( 0.4999999999999997800, 2.700000000000000200, 1.450000000000000000 ) ) ;
#888 = DIRECTION ( 'NONE',  ( -0.0000000000000000000, 1.000000000000000000, -0.0000000000000000000 ) ) ;
#889 = EDGE_CURVE ( 'NONE', #391, #562, #962, .T. ) ;
#890 = PLANE ( 'NONE',  #163 ) ;
#891 = ORIENTED_EDGE ( 'NONE', *, *, #1461, .F. ) ;
#892 = EDGE_LOOP ( 'NONE', ( #421, #1327, #798, #576, #722, #520, #970, #717, #1029, #1229, #705, #1189, #1231, #1428, #697, #1366 ) ) ;
#893 = DIRECTION ( 'NONE',  ( -0.0000000000000000000, -0.0000000000000000000, -1.000000000000000000 ) ) ;
#894 = ORIENTED_EDGE ( 'NONE', *, *, #410, .F. ) ;
#895 = EDGE_CURVE ( 'NONE', #939, #117, #351, .T. ) ;
#896 = VECTOR ( 'NONE', #182, 1000.000000000000000 ) ;
#897 = DIRECTION ( 'NONE',  ( -1.000000000000000000, 0.0000000000000000000, 1.807003620809174100E-016 ) ) ;
#898 = VECTOR ( 'NONE', #823, 1000.000000000000000 ) ;
#899 = CARTESIAN_POINT ( 'NONE',  ( 0.5999999999999998700, 2.449999999999999700, -2.449999999999999700 ) ) ;
#900 = VECTOR ( 'NONE', #897, 1000.000000000000000 ) ;
#901 = VECTOR ( 'NONE', #1409, 1000.000000000000000 ) ;
#902 = CARTESIAN_POINT ( 'NONE',  ( -0.5000000000000011100, 2.700000000000000200, -2.450000000000000200 ) ) ;
#903 = ORIENTED_EDGE ( 'NONE', *, *, #1206, .F. ) ;
#904 = PERSON_AND_ORGANIZATION ( #444, #24 ) ;
#905 = PLANE ( 'NONE',  #526 ) ;
#906 = LINE ( 'NONE', #5, #424 ) ;
#907 = DIRECTION ( 'NONE',  ( 0.0000000000000000000, -0.0000000000000000000, -1.000000000000000000 ) ) ;
#908 = DIRECTION ( 'NONE',  ( -1.000000000000000000, 0.0000000000000000000, 0.0000000000000000000 ) ) ;
#909 = DIRECTION ( 'NONE',  ( -2.168404344971009400E-016, 0.0000000000000000000, -1.000000000000000000 ) ) ;
#910 = EDGE_LOOP ( 'NONE', ( #1246, #365, #777, #719, #612 ) ) ;
#911 = DIRECTION ( 'NONE',  ( -9.035018104045874400E-017, 0.0000000000000000000, 1.000000000000000000 ) ) ;
#912 = LINE ( 'NONE', #331, #1007 ) ;
#913 = ORIENTED_EDGE ( 'NONE', *, *, #382, .F. ) ;
#914 = DIRECTION ( 'NONE',  ( 1.000000000000000000, 1.521687259628778300E-016, 0.0000000000000000000 ) ) ;
#915 = ORIENTED_EDGE ( 'NONE', *, *, #1290, .F. ) ;
#916 = DIRECTION ( 'NONE',  ( 0.0000000000000000000, 1.000000000000000000, 0.0000000000000000000 ) ) ;
#917 = ORIENTED_EDGE ( 'NONE', *, *, #805, .F. ) ;
#918 = EDGE_CURVE ( 'NONE', #1052, #369, #844, .T. ) ;
#919 = DIRECTION ( 'NONE',  ( -0.0000000000000000000, -0.0000000000000000000, 1.000000000000000000 ) ) ;
#920 = AXIS2_PLACEMENT_3D ( 'NONE', #199, #1170, #350 ) ;
#921 = DIRECTION ( 'NONE',  ( -1.000000000000000000, 1.355252715606880500E-017, 0.0000000000000000000 ) ) ;
#922 = EDGE_CURVE ( 'NONE', #211, #1286, #618, .T. ) ;
#923 = CARTESIAN_POINT ( 'NONE',  ( 0.4999999999999997800, 2.700000000000000200, 1.450000000000000000 ) ) ;
#924 = LINE ( 'NONE', #228, #598 ) ;
#925 = ADVANCED_FACE ( 'NONE', ( #296 ), #935, .T. ) ;
#926 = VECTOR ( 'NONE', #266, 1000.000000000000000 ) ;
#927 = FACE_OUTER_BOUND ( 'NONE', #1293, .T. ) ;
#928 = ORIENTED_EDGE ( 'NONE', *, *, #945, .F. ) ;
#929 = LINE ( 'NONE', #319, #1426 ) ;
#930 = AXIS2_PLACEMENT_3D ( 'NONE', #327, #916, #793 ) ;
#931 = VERTEX_POINT ( 'NONE', #1544 ) ;
#932 = DIRECTION ( 'NONE',  ( -9.035018104045874400E-017, 0.0000000000000000000, -1.000000000000000000 ) ) ;
#933 = CC_DESIGN_PERSON_AND_ORGANIZATION_ASSIGNMENT ( #533, #342, ( #1121 ) ) ;
#934 = PERSON_AND_ORGANIZATION_ROLE ( 'creator' ) ;
#935 = PLANE ( 'NONE',  #599 ) ;
#936 = ORIENTED_EDGE ( 'NONE', *, *, #255, .F. ) ;
#937 = DIRECTION ( 'NONE',  ( 1.000000000000000000, -0.0000000000000000000, -0.0000000000000000000 ) ) ;
#938 = ORIENTED_EDGE ( 'NONE', *, *, #83, .F. ) ;
#939 = VERTEX_POINT ( 'NONE', #454 ) ;
#940 = DIRECTION ( 'NONE',  ( -1.355252715606880500E-017, -1.000000000000000000, 0.0000000000000000000 ) ) ;
#941 = VECTOR ( 'NONE', #1142, 1000.000000000000000 ) ;
#942 = CARTESIAN_POINT ( 'NONE',  ( 0.5999999999999998700, 2.850000000000000100, 1.250000000000000000 ) ) ;
#943 = VECTOR ( 'NONE', #478, 1000.000000000000000 ) ;
#944 = CARTESIAN_POINT ( 'NONE',  ( -0.5000000000000011100, 2.700000000000000200, -2.600000000000000500 ) ) ;
#945 = EDGE_CURVE ( 'NONE', #689, #544, #787, .T. ) ;
#946 = VECTOR ( 'NONE', #1127, 1000.000000000000000 ) ;
#947 = CARTESIAN_POINT ( 'NONE',  ( -1.000000000000000000, -0.1499999999999999900, 1.450000000000000000 ) ) ;
#948 = EDGE_LOOP ( 'NONE', ( #507, #1510, #1167, #1156, #1548, #1228, #450 ) ) ;
#949 = VECTOR ( 'NONE', #1394, 1000.000000000000000 ) ;
#950 = LINE ( 'NONE', #1441, #204 ) ;
#951 = DIRECTION ( 'NONE',  ( -0.0000000000000000000, -0.0000000000000000000, -1.000000000000000000 ) ) ;
#952 = CARTESIAN_POINT ( 'NONE',  ( -2.500000000000000000, 2.850000000000000100, -1.900000000000000600 ) ) ;
#953 = EDGE_CURVE ( 'NONE', #1369, #750, #1536, .T. ) ;
#954 = DIRECTION ( 'NONE',  ( -0.0000000000000000000, 1.000000000000000000, -0.0000000000000000000 ) ) ;
#955 = ORIENTED_EDGE ( 'NONE', *, *, #1057, .T. ) ;
#956 = DIRECTION ( 'NONE',  ( 1.000000000000000000, 0.0000000000000000000, 8.673617379884034200E-017 ) ) ;
#957 = ORIENTED_EDGE ( 'NONE', *, *, #1180, .F. ) ;
#958 = AXIS2_PLACEMENT_3D ( 'NONE', #77, #563, #1294 ) ;
#959 = DIRECTION ( 'NONE',  ( -1.000000000000000000, 1.355252715606880500E-017, 0.0000000000000000000 ) ) ;
#960 = AXIS2_PLACEMENT_3D ( 'NONE', #1195, #1191, #1450 ) ;
#961 = DIRECTION ( 'NONE',  ( -0.0000000000000000000, 1.000000000000000000, -0.0000000000000000000 ) ) ;
#962 = LINE ( 'NONE', #310, #2 ) ;
#963 = ORIENTED_EDGE ( 'NONE', *, *, #73, .T. ) ;
#964 = FACE_OUTER_BOUND ( 'NONE', #875, .T. ) ;
#965 = ORIENTED_EDGE ( 'NONE', *, *, #859, .T. ) ;
#966 = DIRECTION ( 'NONE',  ( 0.0000000000000000000, 0.0000000000000000000, -1.000000000000000000 ) ) ;
#967 = EDGE_CURVE ( 'NONE', #1132, #931, #924, .T. ) ;
#968 = ORIENTED_EDGE ( 'NONE', *, *, #1295, .T. ) ;
#969 = CARTESIAN_POINT ( 'NONE',  ( -1.000000000000000000, 0.0000000000000000000, -1.450000000000000000 ) ) ;
#970 = ORIENTED_EDGE ( 'NONE', *, *, #126, .F. ) ;
#971 = EDGE_CURVE ( 'NONE', #1281, #369, #200, .T. ) ;
#972 = ORIENTED_EDGE ( 'NONE', *, *, #146, .T. ) ;
#973 = DIRECTION ( 'NONE',  ( -1.000000000000000000, 0.0000000000000000000, -8.673617379884034200E-017 ) ) ;
#974 = LINE ( 'NONE', #537, #896 ) ;
#975 = AXIS2_PLACEMENT_3D ( 'NONE', #1033, #1516, #416 ) ;
#976 = DIRECTION ( 'NONE',  ( 0.7071067811865463500, -0.0000000000000000000, 0.7071067811865487900 ) ) ;
#977 = FACE_OUTER_BOUND ( 'NONE', #1008, .T. ) ;
#978 = ADVANCED_FACE ( 'NONE', ( #275 ), #224, .T. ) ;
#979 = VECTOR ( 'NONE', #1261, 1000.000000000000000 ) ;
#980 = ORIENTED_EDGE ( 'NONE', *, *, #746, .T. ) ;
#981 = VECTOR ( 'NONE', #657, 999.9999999999998900 ) ;
#982 = PLANE ( 'NONE',  #1397 ) ;
#983 = LINE ( 'NONE', #1114, #1152 ) ;
#984 = DIRECTION ( 'NONE',  ( 0.0000000000000000000, -0.0000000000000000000, -1.000000000000000000 ) ) ;
#985 = ADVANCED_FACE ( 'NONE', ( #110 ), #446, .T. ) ;
#986 = APPROVAL ( #821, 'UNSPECIFIED' ) ;
#987 = LINE ( 'NONE', #1518, #901 ) ;
#988 = CARTESIAN_POINT ( 'NONE',  ( 0.5999999999999998700, 2.850000000000000100, 1.250000000000000000 ) ) ;
#989 = VERTEX_POINT ( 'NONE', #93 ) ;
#990 = VERTEX_POINT ( 'NONE', #1400 ) ;
#991 = DIRECTION ( 'NONE',  ( 1.000000000000000000, 0.0000000000000000000, 0.0000000000000000000 ) ) ;
#992 = ADVANCED_FACE ( 'NONE', ( #1555 ), #441, .T. ) ;
#993 = CARTESIAN_POINT ( 'NONE',  ( 0.5999999999999998700, 2.449999999999999700, -2.449999999999999700 ) ) ;
#994 = LINE ( 'NONE', #44, #1442 ) ;
#995 = EDGE_CURVE ( 'NONE', #1381, #606, #349, .T. ) ;
#996 = EDGE_CURVE ( 'NONE', #567, #1308, #1016, .T. ) ;
#997 = VECTOR ( 'NONE', #888, 1000.000000000000000 ) ;
#998 = VECTOR ( 'NONE', #701, 1000.000000000000000 ) ;
#999 = CARTESIAN_POINT ( 'NONE',  ( 0.0000000000000000000, 2.850000000000000100, 0.0000000000000000000 ) ) ;
#1000 = LINE ( 'NONE', #638, #884 ) ;
#1001 = DIRECTION ( 'NONE',  ( -1.000000000000000000, -1.521687259628778300E-016, 0.0000000000000000000 ) ) ;
#1002 = ADVANCED_FACE ( 'NONE', ( #977 ), #1427, .T. ) ;
#1003 = DIRECTION ( 'NONE',  ( 0.0000000000000000000, 0.0000000000000000000, -1.000000000000000000 ) ) ;
#1004 = CARTESIAN_POINT ( 'NONE',  ( 0.4999999999999989500, 2.850000000000000100, 2.600000000000000500 ) ) ;
#1005 = ORIENTED_EDGE ( 'NONE', *, *, #615, .T. ) ;
#1006 = CARTESIAN_POINT ( 'NONE',  ( -0.6000000000000002000, 2.449999999999999700, 2.449999999999999700 ) ) ;
#1007 = VECTOR ( 'NONE', #1051, 1000.000000000000000 ) ;
#1008 = EDGE_LOOP ( 'NONE', ( #838, #624, #781, #1176 ) ) ;
#1009 = LINE ( 'NONE', #1387, #1414 ) ;
#1010 = VERTEX_POINT ( 'NONE', #433 ) ;
#1011 = DIRECTION ( 'NONE',  ( 0.0000000000000000000, -1.000000000000000000, 0.0000000000000000000 ) ) ;
#1012 = EDGE_LOOP ( 'NONE', ( #594, #557, #66, #1100 ) ) ;
#1013 = CARTESIAN_POINT ( 'NONE',  ( 1.000000000000000000, 0.0000000000000000000, -1.450000000000000000 ) ) ;
#1014 = DIRECTION ( 'NONE',  ( -0.0000000000000000000, 1.000000000000000000, -0.0000000000000000000 ) ) ;
#1015 = CARTESIAN_POINT ( 'NONE',  ( 2.500000000000000000, 2.850000000000000100, -1.549999999999995400 ) ) ;
#1016 = LINE ( 'NONE', #214, #695 ) ;
#1017 = CARTESIAN_POINT ( 'NONE',  ( -1.000000000000000900, -0.05000000000000061300, 2.600000000000000500 ) ) ;
#1018 = VECTOR ( 'NONE', #1090, 1000.000000000000000 ) ;
#1019 = ORIENTED_EDGE ( 'NONE', *, *, #784, .F. ) ;
#1020 = DIRECTION ( 'NONE',  ( 0.0000000000000000000, -1.000000000000000000, 0.0000000000000000000 ) ) ;
#1021 = VECTOR ( 'NONE', #75, 1000.000000000000000 ) ;
#1022 = VECTOR ( 'NONE', #1225, 1000.000000000000000 ) ;
#1023 = PLANE ( 'NONE',  #132 ) ;
#1024 = ORIENTED_EDGE ( 'NONE', *, *, #118, .F. ) ;
#1025 = EDGE_CURVE ( 'NONE', #1174, #231, #380, .T. ) ;
#1026 = DIRECTION ( 'NONE',  ( 1.000000000000000000, 0.0000000000000000000, -0.0000000000000000000 ) ) ;
#1027 = DIRECTION ( 'NONE',  ( 0.0000000000000000000, -1.000000000000000000, 0.0000000000000000000 ) ) ;
#1028 = ORIENTED_EDGE ( 'NONE', *, *, #227, .T. ) ;
#1029 = ORIENTED_EDGE ( 'NONE', *, *, #175, .F. ) ;
#1030 = DIRECTION ( 'NONE',  ( 0.0000000000000000000, -1.000000000000000000, 0.0000000000000000000 ) ) ;
#1031 = ORIENTED_EDGE ( 'NONE', *, *, #491, .T. ) ;
#1032 = CARTESIAN_POINT ( 'NONE',  ( 0.5999999999999998700, 2.850000000000000100, 2.449999999999999700 ) ) ;
#1033 = CARTESIAN_POINT ( 'NONE',  ( -0.5000000000000011100, 2.850000000000000100, 2.600000000000000500 ) ) ;
#1034 = EDGE_CURVE ( 'NONE', #606, #1174, #142, .T. ) ;
#1035 = CARTESIAN_POINT ( 'NONE',  ( -1.000000000000000000, -0.1499999999999999900, 1.450000000000000000 ) ) ;
#1036 = LINE ( 'NONE', #630, #709 ) ;
#1037 = DIRECTION ( 'NONE',  ( -9.583083854271088400E-018, -0.7071067811865475700, 0.7071067811865475700 ) ) ;
#1038 = ORIENTED_EDGE ( 'NONE', *, *, #1079, .T. ) ;
#1039 = DATE_AND_TIME ( #477, #681 ) ;
#1040 = PLANE ( 'NONE',  #1299 ) ;
#1041 = ORIENTED_EDGE ( 'NONE', *, *, #1412, .F. ) ;
#1042 = LINE ( 'NONE', #147, #98 ) ;
#1043 = DATE_TIME_ROLE ( 'creation_date' ) ;
#1044 = CARTESIAN_POINT ( 'NONE',  ( 0.9999999999999991100, -0.05000000000000050900, 2.600000000000000500 ) ) ;
#1045 = DIRECTION ( 'NONE',  ( 8.850629979473506000E-017, 0.0000000000000000000, -1.000000000000000000 ) ) ;
#1046 = ORIENTED_EDGE ( 'NONE', *, *, #805, .T. ) ;
#1047 = APPROVAL_ROLE ( '' ) ;
#1048 = VERTEX_POINT ( 'NONE', #244 ) ;
#1049 = DIRECTION ( 'NONE',  ( 0.0000000000000000000, 0.0000000000000000000, 1.000000000000000000 ) ) ;
#1050 = ORIENTED_EDGE ( 'NONE', *, *, #143, .T. ) ;
#1051 = DIRECTION ( 'NONE',  ( 0.0000000000000000000, -1.000000000000000000, 0.0000000000000000000 ) ) ;
#1052 = VERTEX_POINT ( 'NONE', #1155 ) ;
#1053 = EDGE_CURVE ( 'NONE', #357, #1489, #807, .T. ) ;
#1054 = MECHANICAL_CONTEXT ( 'NONE', #232, 'mechanical' ) ;
#1055 = VECTOR ( 'NONE', #1045, 1000.000000000000000 ) ;
#1056 = CARTESIAN_POINT ( 'NONE',  ( 0.9999999999999991100, -0.1499999999999999900, -2.600000000000000500 ) ) ;
#1057 = EDGE_CURVE ( 'NONE', #1369, #1048, #74, .T. ) ;
#1058 = CARTESIAN_POINT ( 'NONE',  ( -1.000000000000000000, 0.0000000000000000000, -2.600000000000000100 ) ) ;
#1059 = LINE ( 'NONE', #577, #1332 ) ;
#1060 = LINE ( 'NONE', #690, #383 ) ;
#1061 = ORIENTED_EDGE ( 'NONE', *, *, #720, .T. ) ;
#1062 = CYLINDRICAL_SURFACE ( 'NONE', #1169, 0.5500000000000001600 ) ;
#1063 = APPLICATION_PROTOCOL_DEFINITION ( 'international standard', 'config_control_design', 1994, #232 ) ;
#1064 = CARTESIAN_POINT ( 'NONE',  ( -2.500000000000000000, 2.850000000000000100, -1.900000000000000600 ) ) ;
#1065 = VERTEX_POINT ( 'NONE', #832 ) ;
#1066 = DIRECTION ( 'NONE',  ( -1.000000000000000000, 1.355252715606880500E-017, 0.0000000000000000000 ) ) ;
#1067 = ORIENTED_EDGE ( 'NONE', *, *, #338, .F. ) ;
#1068 = AXIS2_PLACEMENT_3D ( 'NONE', #45, #282, #634 ) ;
#1069 = ORIENTED_EDGE ( 'NONE', *, *, #442, .F. ) ;
#1070 = APPROVAL ( #806, 'UNSPECIFIED' ) ;
#1071 = DIRECTION ( 'NONE',  ( -1.000000000000000000, 0.0000000000000000000, -2.168404344971009400E-016 ) ) ;
#1072 = VECTOR ( 'NONE', #286, 1000.000000000000000 ) ;
#1073 = VECTOR ( 'NONE', #69, 1000.000000000000000 ) ;
#1074 = VECTOR ( 'NONE', #1269, 1000.000000000000000 ) ;
#1075 = LINE ( 'NONE', #149, #242 ) ;
#1076 = ORIENTED_EDGE ( 'NONE', *, *, #1410, .T. ) ;
#1077 = CARTESIAN_POINT ( 'NONE',  ( 0.5999999999999998700, 2.449999999999999700, 2.449999999999999700 ) ) ;
#1078 = EDGE_CURVE ( 'NONE', #1321, #369, #36, .T. ) ;
#1079 = EDGE_CURVE ( 'NONE', #560, #628, #1216, .T. ) ;
#1080 = CARTESIAN_POINT ( 'NONE',  ( -0.5000000000000011100, 2.850000000000000100, 2.600000000000000500 ) ) ;
#1081 = CC_DESIGN_PERSON_AND_ORGANIZATION_ASSIGNMENT ( #1245, #220, ( #1439 ) ) ;
#1082 = VERTEX_POINT ( 'NONE', #473 ) ;
#1083 = CARTESIAN_POINT ( 'NONE',  ( 0.4999999999999998900, 2.700000000000000200, -2.449999999999999700 ) ) ;
#1084 = EDGE_LOOP ( 'NONE', ( #311, #230, #445, #670 ) ) ;
#1085 = DIRECTION ( 'NONE',  ( 1.000000000000000000, 0.0000000000000000000, 2.602085213965210100E-016 ) ) ;
#1086 = ORIENTED_EDGE ( 'NONE', *, *, #922, .T. ) ;
#1087 = ORIENTED_EDGE ( 'NONE', *, *, #1519, .F. ) ;
#1088 = CARTESIAN_POINT ( 'NONE',  ( 1.599999999999998500, 2.850000000000000100, -2.449999999999999700 ) ) ;
#1089 = CC_DESIGN_PERSON_AND_ORGANIZATION_ASSIGNMENT ( #904, #934, ( #1238 ) ) ;
#1090 = DIRECTION ( 'NONE',  ( -1.000000000000000000, 0.0000000000000000000, -1.807003620809174100E-016 ) ) ;
#1091 = VECTOR ( 'NONE', #483, 1000.000000000000000 ) ;
#1092 = LINE ( 'NONE', #1058, #221 ) ;
#1093 = PLANE ( 'NONE',  #1149 ) ;
#1094 = EDGE_LOOP ( 'NONE', ( #840, #633, #856, #1551 ) ) ;
#1095 = VECTOR ( 'NONE', #432, 1000.000000000000000 ) ;
#1096 = CARTESIAN_POINT ( 'NONE',  ( 0.4999999999999989500, 2.850000000000000100, 2.600000000000000500 ) ) ;
#1097 = VECTOR ( 'NONE', #71, 1000.000000000000000 ) ;
#1098 = ADVANCED_FACE ( 'NONE', ( #659 ), #362, .T. ) ;
#1099 = DIRECTION ( 'NONE',  ( -1.000000000000000000, 0.0000000000000000000, 0.0000000000000000000 ) ) ;
#1100 = ORIENTED_EDGE ( 'NONE', *, *, #1389, .T. ) ;
#1101 = EDGE_CURVE ( 'NONE', #1010, #1381, #1258, .T. ) ;
#1102 = DIRECTION ( 'NONE',  ( -1.084202172485504400E-016, 0.0000000000000000000, -1.000000000000000000 ) ) ;
#1103 = VERTEX_POINT ( 'NONE', #133 ) ;
#1104 = ADVANCED_FACE ( 'NONE', ( #1378 ), #587, .F. ) ;
#1105 = PLANE ( 'NONE',  #159 ) ;
#1106 = DIRECTION ( 'NONE',  ( 0.0000000000000000000, -0.0000000000000000000, 1.000000000000000000 ) ) ;
#1107 = EDGE_CURVE ( 'NONE', #931, #1308, #181, .T. ) ;
#1108 = CARTESIAN_POINT ( 'NONE',  ( -1.949999999999999700, 0.0000000000000000000, -2.450000000000000600 ) ) ;
#1109 = VECTOR ( 'NONE', #88, 1000.000000000000000 ) ;
#1110 = EDGE_CURVE ( 'NONE', #301, #989, #580, .T. ) ;
#1111 = FACE_OUTER_BOUND ( 'NONE', #1250, .T. ) ;
#1112 = VECTOR ( 'NONE', #1476, 1000.000000000000000 ) ;
#1113 = ADVANCED_FACE ( 'NONE', ( #1517 ), #1553, .F. ) ;
#1114 = CARTESIAN_POINT ( 'NONE',  ( -2.500000000000000000, 2.850000000000000100, -2.450000000000000600 ) ) ;
#1115 = VECTOR ( 'NONE', #1102, 1000.000000000000000 ) ;
#1116 = CARTESIAN_POINT ( 'NONE',  ( -0.5000000000000001100, 2.700000000000000200, 2.449999999999999700 ) ) ;
#1117 = ORIENTED_EDGE ( 'NONE', *, *, #1034, .T. ) ;
#1118 = AXIS2_PLACEMENT_3D ( 'NONE', #579, #7, #1071 ) ;
#1119 = DIRECTION ( 'NONE',  ( -9.035018104045873200E-017, -0.0000000000000000000, 1.000000000000000000 ) ) ;
#1120 = ORIENTED_EDGE ( 'NONE', *, *, #1101, .T. ) ;
#1121 = PRODUCT_DEFINITION_FORMATION_WITH_SPECIFIED_SOURCE ( 'ANY', '', #1439, .NOT_KNOWN. ) ;
#1122 = CARTESIAN_POINT ( 'NONE',  ( 0.4999999999999997800, 2.700000000000000200, 1.450000000000000000 ) ) ;
#1123 = EDGE_LOOP ( 'NONE', ( #470, #376, #1359, #452, #1416, #1117 ) ) ;
#1124 = ORIENTED_EDGE ( 'NONE', *, *, #289, .F. ) ;
#1125 = CARTESIAN_POINT ( 'NONE',  ( 1.949999999999999500, 2.850000000000000100, 1.900000000000000100 ) ) ;
#1126 = ORIENTED_EDGE ( 'NONE', *, *, #1236, .T. ) ;
#1127 = DIRECTION ( 'NONE',  ( 0.0000000000000000000, 1.000000000000000000, 0.0000000000000000000 ) ) ;
#1128 = LINE ( 'NONE', #887, #1520 ) ;
#1129 = CARTESIAN_POINT ( 'NONE',  ( 0.9999999999999986700, 2.700000000000000600, -2.600000000000000500 ) ) ;
#1130 = EDGE_CURVE ( 'NONE', #318, #648, #1182, .T. ) ;
#1131 = LINE ( 'NONE', #1096, #258 ) ;
#1132 = VERTEX_POINT ( 'NONE', #944 ) ;
#1133 = PERSON_AND_ORGANIZATION ( #444, #24 ) ;
#1134 = EDGE_CURVE ( 'NONE', #1211, #38, #1059, .T. ) ;
#1135 = LINE ( 'NONE', #1342, #1429 ) ;
#1136 = DIRECTION ( 'NONE',  ( -0.0000000000000000000, 1.000000000000000000, -0.0000000000000000000 ) ) ;
#1137 = CARTESIAN_POINT ( 'NONE',  ( -0.5000000000000011100, 2.700000000000000200, 2.600000000000000500 ) ) ;
#1138 = AXIS2_PLACEMENT_3D ( 'NONE', #658, #1252, #654 ) ;
#1139 = ORIENTED_EDGE ( 'NONE', *, *, #1527, .F. ) ;
#1140 = DIRECTION ( 'NONE',  ( -0.0000000000000000000, -0.0000000000000000000, -1.000000000000000000 ) ) ;
#1141 = VERTEX_POINT ( 'NONE', #10 ) ;
#1142 = DIRECTION ( 'NONE',  ( 7.608436298143890100E-017, -1.000000000000000000, 0.0000000000000000000 ) ) ;
#1143 = VECTOR ( 'NONE', #1257, 1000.000000000000000 ) ;
#1144 = CARTESIAN_POINT ( 'NONE',  ( -2.500000000000000900, 0.0000000000000000000, 1.549999999999997800 ) ) ;
#1145 = DIRECTION ( 'NONE',  ( 0.0000000000000000000, 1.000000000000000000, 0.0000000000000000000 ) ) ;
#1146 = AXIS2_PLACEMENT_3D ( 'NONE', #757, #1374, #193 ) ;
#1147 = DIRECTION ( 'NONE',  ( -1.521687259628778000E-016, 1.000000000000000000, 0.0000000000000000000 ) ) ;
#1148 = CIRCLE ( 'NONE', #958, 0.5500000000000001600 ) ;
#1149 = AXIS2_PLACEMENT_3D ( 'NONE', #259, #370, #493 ) ;
#1150 = ORIENTED_EDGE ( 'NONE', *, *, #43, .F. ) ;
#1151 = VECTOR ( 'NONE', #1188, 1000.000000000000000 ) ;
#1152 = VECTOR ( 'NONE', #652, 1000.000000000000000 ) ;
#1153 = CARTESIAN_POINT ( 'NONE',  ( -1.949999999999999700, 2.850000000000000100, -2.450000000000000600 ) ) ;
#1154 = CARTESIAN_POINT ( 'NONE',  ( 0.5999999999999998700, 2.449999999999999700, 2.449999999999999700 ) ) ;
#1155 = CARTESIAN_POINT ( 'NONE',  ( -0.5000000000000011100, 2.850000000000000100, -2.600000000000000500 ) ) ;
#1156 = ORIENTED_EDGE ( 'NONE', *, *, #945, .T. ) ;
#1157 = VERTEX_POINT ( 'NONE', #1431 ) ;
#1158 = CARTESIAN_POINT ( 'NONE',  ( -0.5000000000000011100, 2.700000000000000200, -2.450000000000000200 ) ) ;
#1159 = EDGE_CURVE ( 'NONE', #531, #848, #273, .T. ) ;
#1160 = EDGE_CURVE ( 'NONE', #880, #689, #1223, .T. ) ;
#1161 = ORIENTED_EDGE ( 'NONE', *, *, #517, .F. ) ;
#1162 = VERTEX_POINT ( 'NONE', #817 ) ;
#1163 = DIRECTION ( 'NONE',  ( 1.000000000000000000, -1.355252715606880500E-017, 0.0000000000000000000 ) ) ;
#1164 = CARTESIAN_POINT ( 'NONE',  ( -0.5000000000000001100, 2.700000000000000200, -2.449999999999999700 ) ) ;
#1165 = VECTOR ( 'NONE', #512, 1000.000000000000000 ) ;
#1166 = LINE ( 'NONE', #1173, #183 ) ;
#1167 = ORIENTED_EDGE ( 'NONE', *, *, #143, .F. ) ;
#1168 = DATE_AND_TIME ( #320, #1263 ) ;
#1169 = AXIS2_PLACEMENT_3D ( 'NONE', #1436, #736, #1337 ) ;
#1170 = DIRECTION ( 'NONE',  ( 0.0000000000000000000, 0.0000000000000000000, 1.000000000000000000 ) ) ;
#1171 = LINE ( 'NONE', #740, #463 ) ;
#1172 = CARTESIAN_POINT ( 'NONE',  ( -6.776263578034480700E-019, -0.05000000000000057900, 2.600000000000000500 ) ) ;
#1173 = CARTESIAN_POINT ( 'NONE',  ( -6.776263578034599200E-019, -0.05000000000000144600, -2.600000000000000500 ) ) ;
#1174 = VERTEX_POINT ( 'NONE', #703 ) ;
#1175 = CARTESIAN_POINT ( 'NONE',  ( 1.950000000000000000, 2.850000000000000100, 2.450000000000000200 ) ) ;
#1176 = ORIENTED_EDGE ( 'NONE', *, *, #48, .F. ) ;
#1177 = DIRECTION ( 'NONE',  ( 1.000000000000000000, 0.0000000000000000000, 0.0000000000000000000 ) ) ;
#1178 = ORIENTED_EDGE ( 'NONE', *, *, #1376, .T. ) ;
#1179 = DIRECTION ( 'NONE',  ( -1.000000000000000000, 0.0000000000000000000, -2.168404344971009400E-016 ) ) ;
#1180 = EDGE_CURVE ( 'NONE', #1451, #585, #906, .T. ) ;
#1181 = DIRECTION ( 'NONE',  ( 0.0000000000000000000, 0.0000000000000000000, 1.000000000000000000 ) ) ;
#1182 = LINE ( 'NONE', #1064, #1421 ) ;
#1183 = VECTOR ( 'NONE', #791, 1000.000000000000100 ) ;
#1184 = ORIENTED_EDGE ( 'NONE', *, *, #359, .T. ) ;
#1185 = DIRECTION ( 'NONE',  ( -0.0000000000000000000, -0.0000000000000000000, -1.000000000000000000 ) ) ;
#1186 = LINE ( 'NONE', #766, #1097 ) ;
#1187 = EDGE_CURVE ( 'NONE', #1275, #1321, #950, .T. ) ;
#1188 = DIRECTION ( 'NONE',  ( 1.000000000000000000, -1.355252715606880500E-017, 0.0000000000000000000 ) ) ;
#1189 = ORIENTED_EDGE ( 'NONE', *, *, #895, .F. ) ;
#1190 = EDGE_CURVE ( 'NONE', #1346, #1489, #167, .T. ) ;
#1191 = DIRECTION ( 'NONE',  ( 1.000000000000000000, -0.0000000000000000000, 0.0000000000000000000 ) ) ;
#1192 = DIRECTION ( 'NONE',  ( 0.0000000000000000000, -1.000000000000000000, 0.0000000000000000000 ) ) ;
#1193 = VERTEX_POINT ( 'NONE', #1214 ) ;
#1194 = VERTEX_POINT ( 'NONE', #503 ) ;
#1195 = CARTESIAN_POINT ( 'NONE',  ( 0.4999999999999989500, 2.700000000000000600, -2.600000000000000500 ) ) ;
#1196 = ORIENTED_EDGE ( 'NONE', *, *, #922, .F. ) ;
#1197 = CC_DESIGN_PERSON_AND_ORGANIZATION_ASSIGNMENT ( #812, #115, ( #1483 ) ) ;
#1198 = PLANE ( 'NONE',  #54 ) ;
#1199 = DIRECTION ( 'NONE',  ( -1.000000000000000000, 0.0000000000000000000, 2.168404344971009400E-016 ) ) ;
#1200 = LINE ( 'NONE', #988, #219 ) ;
#1201 = DIRECTION ( 'NONE',  ( 1.000000000000000000, 0.0000000000000000000, 2.602085213965210100E-016 ) ) ;
#1202 = ORIENTED_EDGE ( 'NONE', *, *, #73, .F. ) ;
#1203 = CIRCLE ( 'NONE', #1213, 0.5500000000000001600 ) ;
#1204 = EDGE_LOOP ( 'NONE', ( #829, #1467, #936, #459 ) ) ;
#1205 = ORIENTED_EDGE ( 'NONE', *, *, #679, .F. ) ;
#1206 = EDGE_CURVE ( 'NONE', #1262, #409, #1446, .T. ) ;
#1207 = CARTESIAN_POINT ( 'NONE',  ( 0.0000000000000000000, 0.0000000000000000000, -2.600000000000000500 ) ) ;
#1208 = EDGE_CURVE ( 'NONE', #55, #32, #1042, .T. ) ;
#1209 = ORIENTED_EDGE ( 'NONE', *, *, #123, .T. ) ;
#1210 = DIRECTION ( 'NONE',  ( 1.000000000000000000, 0.0000000000000000000, 0.0000000000000000000 ) ) ;
#1211 = VERTEX_POINT ( 'NONE', #607 ) ;
#1212 = VERTEX_POINT ( 'NONE', #622 ) ;
#1213 = AXIS2_PLACEMENT_3D ( 'NONE', #682, #1030, #90 ) ;
#1214 = CARTESIAN_POINT ( 'NONE',  ( -0.6000000000000002000, 2.449999999999999700, 2.449999999999999700 ) ) ;
#1215 = CARTESIAN_POINT ( 'NONE',  ( -1.000000000000001100, 2.700000000000000200, 2.450000000000000200 ) ) ;
#1216 = LINE ( 'NONE', #122, #725 ) ;
#1217 = ADVANCED_FACE ( 'NONE', ( #403 ), #1062, .T. ) ;
#1218 = VECTOR ( 'NONE', #1140, 1000.000000000000000 ) ;
#1219 = CARTESIAN_POINT ( 'NONE',  ( -0.5000000000000000000, 2.700000000000000200, -1.450000000000000200 ) ) ;
#1220 = ORIENTED_EDGE ( 'NONE', *, *, #1549, .T. ) ;
#1221 = FACE_OUTER_BOUND ( 'NONE', #287, .T. ) ;
#1222 = CARTESIAN_POINT ( 'NONE',  ( -1.000000000000000000, 0.0000000000000000000, 1.450000000000000000 ) ) ;
#1223 = LINE ( 'NONE', #129, #830 ) ;
#1224 = CARTESIAN_POINT ( 'NONE',  ( -1.000000000000000000, -0.1499999999999999900, -1.450000000000000000 ) ) ;
#1225 = DIRECTION ( 'NONE',  ( -0.0000000000000000000, 1.000000000000000000, 0.0000000000000000000 ) ) ;
#1226 = CC_DESIGN_PERSON_AND_ORGANIZATION_ASSIGNMENT ( #1133, #455, ( #1121 ) ) ;
#1227 = ADVANCED_FACE ( 'NONE', ( #586 ), #1468, .T. ) ;
#1228 = ORIENTED_EDGE ( 'NONE', *, *, #322, .T. ) ;
#1229 = ORIENTED_EDGE ( 'NONE', *, *, #255, .T. ) ;
#1230 = CARTESIAN_POINT ( 'NONE',  ( -0.5000000000000011100, 2.850000000000000100, 2.600000000000000500 ) ) ;
#1231 = ORIENTED_EDGE ( 'NONE', *, *, #591, .F. ) ;
#1232 = DIRECTION ( 'NONE',  ( 0.0000000000000000000, 0.0000000000000000000, -1.000000000000000000 ) ) ;
#1233 = ADVANCED_FACE ( 'NONE', ( #514 ), #1093, .F. ) ;
#1234 = CARTESIAN_POINT ( 'NONE',  ( 0.9999999999999991100, -0.1000000000000002800, -2.550000000000001200 ) ) ;
#1235 = EDGE_CURVE ( 'NONE', #1132, #401, #188, .T. ) ;
#1236 = EDGE_CURVE ( 'NONE', #1286, #1211, #1075, .T. ) ;
#1237 = CARTESIAN_POINT ( 'NONE',  ( -0.6000000000000000900, 2.850000000000000100, 1.250000000000000200 ) ) ;
#1238 = PRODUCT_DEFINITION ( 'UNKNOWN', '', #1121, #1417 ) ;
#1239 = VECTOR ( 'NONE', #803, 1000.000000000000000 ) ;
#1240 = VECTOR ( 'NONE', #644, 1000.000000000000000 ) ;
#1241 = DIRECTION ( 'NONE',  ( 0.0000000000000000000, 0.0000000000000000000, -1.000000000000000000 ) ) ;
#1242 = VECTOR ( 'NONE', #235, 1000.000000000000000 ) ;
#1243 = VERTEX_POINT ( 'NONE', #384 ) ;
#1244 = DIRECTION ( 'NONE',  ( -0.0000000000000000000, 0.0000000000000000000, 1.000000000000000000 ) ) ;
#1245 = PERSON_AND_ORGANIZATION ( #444, #24 ) ;
#1246 = ORIENTED_EDGE ( 'NONE', *, *, #1341, .T. ) ;
#1247 = ADVANCED_FACE ( 'NONE', ( #729 ), #982, .F. ) ;
#1248 = CARTESIAN_POINT ( 'NONE',  ( -2.500000000000000000, 0.0000000000000000000, -2.450000000000000600 ) ) ;
#1249 = DIRECTION ( 'NONE',  ( -0.0000000000000000000, 1.000000000000000000, -0.0000000000000000000 ) ) ;
#1250 = EDGE_LOOP ( 'NONE', ( #1061, #1469, #396, #1501 ) ) ;
#1251 = CC_DESIGN_APPROVAL ( #29, ( #1483 ) ) ;
#1252 = DIRECTION ( 'NONE',  ( 1.000000000000000000, 7.608436298143890100E-017, -0.0000000000000000000 ) ) ;
#1253 = ORIENTED_EDGE ( 'NONE', *, *, #859, .F. ) ;
#1254 = DIRECTION ( 'NONE',  ( 7.608436298143890100E-017, -1.000000000000000000, 0.0000000000000000000 ) ) ;
#1255 = VERTEX_POINT ( 'NONE', #1088 ) ;
#1256 = CARTESIAN_POINT ( 'NONE',  ( -0.6000000000000002000, 2.449999999999999700, -2.449999999999999700 ) ) ;
#1257 = DIRECTION ( 'NONE',  ( -0.0000000000000000000, 1.000000000000000000, -0.0000000000000000000 ) ) ;
#1258 = LINE ( 'NONE', #1304, #943 ) ;
#1259 = CARTESIAN_POINT ( 'NONE',  ( 0.5999999999999998700, 2.449999999999999700, 2.449999999999999700 ) ) ;
#1260 = VECTOR ( 'NONE', #1145, 1000.000000000000000 ) ;
#1261 = DIRECTION ( 'NONE',  ( -0.0000000000000000000, 1.000000000000000000, -0.0000000000000000000 ) ) ;
#1262 = VERTEX_POINT ( 'NONE', #727 ) ;
#1263 = LOCAL_TIME ( 9, 53, 52.00000000000000000, #1480 ) ;
#1264 = CARTESIAN_POINT ( 'NONE',  ( 1.000000000000000000, 0.0000000000000000000, -2.600000000000000500 ) ) ;
#1265 = ORIENTED_EDGE ( 'NONE', *, *, #776, .T. ) ;
#1266 = EDGE_CURVE ( 'NONE', #32, #610, #745, .T. ) ;
#1267 = VECTOR ( 'NONE', #324, 1000.000000000000000 ) ;
#1268 = DIRECTION ( 'NONE',  ( 0.0000000000000000000, -1.000000000000000000, 0.0000000000000000000 ) ) ;
#1269 = DIRECTION ( 'NONE',  ( -1.084202172485504700E-016, 0.0000000000000000000, -1.000000000000000000 ) ) ;
#1270 = EDGE_CURVE ( 'NONE', #585, #687, #623, .T. ) ;
#1271 = CARTESIAN_POINT ( 'NONE',  ( -0.5000000000000000000, 2.850000000000000100, 1.450000000000000200 ) ) ;
#1272 = ORIENTED_EDGE ( 'NONE', *, *, #151, .F. ) ;
#1273 = DIRECTION ( 'NONE',  ( -0.0000000000000000000, 1.000000000000000000, -0.0000000000000000000 ) ) ;
#1274 = EDGE_CURVE ( 'NONE', #1157, #328, #1405, .T. ) ;
#1275 = VERTEX_POINT ( 'NONE', #389 ) ;
#1276 = CARTESIAN_POINT ( 'NONE',  ( 0.9999999999999991100, -0.1499999999999999900, 2.600000000000000500 ) ) ;
#1277 = DIRECTION ( 'NONE',  ( -1.000000000000000000, 0.0000000000000000000, -0.0000000000000000000 ) ) ;
#1278 = AXIS2_PLACEMENT_3D ( 'NONE', #16, #1452, #1201 ) ;
#1279 = CARTESIAN_POINT ( 'NONE',  ( 0.9999999999999986700, 2.700000000000000600, -2.600000000000000500 ) ) ;
#1280 = LINE ( 'NONE', #84, #1497 ) ;
#1281 = VERTEX_POINT ( 'NONE', #1219 ) ;
#1282 = LINE ( 'NONE', #1471, #1112 ) ;
#1283 = ORIENTED_EDGE ( 'NONE', *, *, #1208, .T. ) ;
#1284 = VECTOR ( 'NONE', #773, 1000.000000000000000 ) ;
#1285 = CARTESIAN_POINT ( 'NONE',  ( 0.5999999999999998700, 2.449999999999999700, -2.449999999999999700 ) ) ;
#1286 = VERTEX_POINT ( 'NONE', #1328 ) ;
#1287 = ORIENTED_EDGE ( 'NONE', *, *, #1437, .T. ) ;
#1288 = VERTEX_POINT ( 'NONE', #611 ) ;
#1289 = CARTESIAN_POINT ( 'NONE',  ( -0.6000000000000002000, 2.850000000000000100, 2.449999999999999700 ) ) ;
#1290 = EDGE_CURVE ( 'NONE', #318, #1141, #1135, .T. ) ;
#1291 = EDGE_LOOP ( 'NONE', ( #344, #233, #1087, #150, #468, #1124 ) ) ;
#1292 = SECURITY_CLASSIFICATION_LEVEL ( 'unclassified' ) ;
#1293 = EDGE_LOOP ( 'NONE', ( #913, #70, #651, #265, #1486, #862 ) ) ;
#1294 = DIRECTION ( 'NONE',  ( 0.0000000000000000000, 0.0000000000000000000, -1.000000000000000000 ) ) ;
#1295 = EDGE_CURVE ( 'NONE', #231, #513, #279, .T. ) ;
#1296 = LINE ( 'NONE', #660, #1547 ) ;
#1297 = DIRECTION ( 'NONE',  ( 1.000000000000000000, -0.0000000000000000000, 1.770125995894701000E-016 ) ) ;
#1298 = VECTOR ( 'NONE', #1185, 1000.000000000000000 ) ;
#1299 = AXIS2_PLACEMENT_3D ( 'NONE', #1404, #1535, #932 ) ;
#1300 = FACE_OUTER_BOUND ( 'NONE', #755, .T. ) ;
#1301 = CARTESIAN_POINT ( 'NONE',  ( 0.9999999999999991100, -0.1499999999999999900, 2.450000000000000200 ) ) ;
#1302 = ORIENTED_EDGE ( 'NONE', *, *, #543, .F. ) ;
#1303 = VECTOR ( 'NONE', #1136, 1000.000000000000000 ) ;
#1304 = CARTESIAN_POINT ( 'NONE',  ( 0.9999999999999991100, -0.1499999999999999900, -2.600000000000000500 ) ) ;
#1305 = PLANE ( 'NONE',  #1503 ) ;
#1306 = EDGE_LOOP ( 'NONE', ( #963, #1272, #377, #290, #497 ) ) ;
#1307 = AXIS2_PLACEMENT_3D ( 'NONE', #1420, #1297, #816 ) ;
#1308 = VERTEX_POINT ( 'NONE', #1464 ) ;
#1309 = CC_DESIGN_DATE_AND_TIME_ASSIGNMENT ( #1039, #692, ( #1483 ) ) ;
#1310 = DIRECTION ( 'NONE',  ( 0.0000000000000000000, 0.0000000000000000000, -1.000000000000000000 ) ) ;
#1311 = ORIENTED_EDGE ( 'NONE', *, *, #48, .T. ) ;
#1312 = CARTESIAN_POINT ( 'NONE',  ( -1.000000000000000900, -0.1499999999999999700, 2.600000000000000500 ) ) ;
#1313 = PLANE ( 'NONE',  #1396 ) ;
#1314 = VECTOR ( 'NONE', #908, 1000.000000000000000 ) ;
#1315 = LINE ( 'NONE', #1158, #743 ) ;
#1316 = VECTOR ( 'NONE', #1340, 1000.000000000000000 ) ;
#1317 = CARTESIAN_POINT ( 'NONE',  ( 0.9999999999999986700, 2.700000000000000600, 2.600000000000000500 ) ) ;
#1318 = APPROVAL_PERSON_ORGANIZATION ( #353, #986, #813 ) ;
#1319 = EDGE_CURVE ( 'NONE', #1103, #939, #479, .T. ) ;
#1320 = EDGE_CURVE ( 'NONE', #1065, #1010, #864, .T. ) ;
#1321 = VERTEX_POINT ( 'NONE', #872 ) ;
#1322 = CARTESIAN_POINT ( 'NONE',  ( 0.0000000000000000000, 2.449999999999999700, 0.0000000000000000000 ) ) ;
#1323 = ORIENTED_EDGE ( 'NONE', *, *, #720, .F. ) ;
#1324 = CARTESIAN_POINT ( 'NONE',  ( -0.5000000000000011100, 2.700000000000000200, 2.450000000000000200 ) ) ;
#1325 = CALENDAR_DATE ( 2018, 10, 10 ) ;
#1326 = AXIS2_PLACEMENT_3D ( 'NONE', #1172, #1037, #921 ) ;
#1327 = ORIENTED_EDGE ( 'NONE', *, *, #706, .T. ) ;
#1328 = CARTESIAN_POINT ( 'NONE',  ( 0.9999999999999991100, -0.1499999999999999900, 2.500000000000000900 ) ) ;
#1329 = ORIENTED_EDGE ( 'NONE', *, *, #953, .F. ) ;
#1330 = CARTESIAN_POINT ( 'NONE',  ( -2.500000000000000900, 2.850000000000000100, 2.449999999999999700 ) ) ;
#1331 = DIRECTION ( 'NONE',  ( -1.770125995894701000E-016, -0.0000000000000000000, 1.000000000000000000 ) ) ;
#1332 = VECTOR ( 'NONE', #951, 1000.000000000000000 ) ;
#1333 = CARTESIAN_POINT ( 'NONE',  ( 0.5999999999999998700, 2.850000000000000100, -1.250000000000000000 ) ) ;
#1334 = LINE ( 'NONE', #1324, #696 ) ;
#1335 = ORIENTED_EDGE ( 'NONE', *, *, #551, .F. ) ;
#1336 = CARTESIAN_POINT ( 'NONE',  ( -2.500000000000000900, 2.850000000000000100, 1.549999999999997800 ) ) ;
#1337 = DIRECTION ( 'NONE',  ( 0.0000000000000000000, 0.0000000000000000000, -1.000000000000000000 ) ) ;
#1338 = LINE ( 'NONE', #1515, #1303 ) ;
#1339 = ADVANCED_FACE ( 'NONE', ( #814 ), #1355, .T. ) ;
#1340 = DIRECTION ( 'NONE',  ( 1.000000000000000000, 0.0000000000000000000, 0.0000000000000000000 ) ) ;
#1341 = EDGE_CURVE ( 'NONE', #1532, #340, #1171, .T. ) ;
#1342 = CARTESIAN_POINT ( 'NONE',  ( -2.500000000000000900, 2.850000000000000100, 2.449999999999999700 ) ) ;
#1343 = LINE ( 'NONE', #1392, #467 ) ;
#1344 = CARTESIAN_POINT ( 'NONE',  ( 2.500000000000000000, 2.850000000000000100, -1.549999999999995400 ) ) ;
#1345 = ORIENTED_EDGE ( 'NONE', *, *, #967, .T. ) ;
#1346 = VERTEX_POINT ( 'NONE', #883 ) ;
#1347 = ADVANCED_FACE ( 'NONE', ( #130 ), #890, .T. ) ;
#1348 = ADVANCED_BREP_SHAPE_REPRESENTATION ( 'CAD_SPM5030-HZ', ( #1473, #920 ), #873 ) ;
#1349 = LINE ( 'NONE', #876, #941 ) ;
#1350 = DIRECTION ( 'NONE',  ( -1.000000000000000000, -7.608436298143890100E-017, 0.0000000000000000000 ) ) ;
#1351 = EDGE_CURVE ( 'NONE', #447, #513, #851, .T. ) ;
#1352 = CARTESIAN_POINT ( 'NONE',  ( -0.6000000000000002000, 2.449999999999999700, -2.449999999999999700 ) ) ;
#1353 = EDGE_CURVE ( 'NONE', #8, #655, #41, .T. ) ;
#1354 = FACE_OUTER_BOUND ( 'NONE', #1425, .T. ) ;
#1355 = PLANE ( 'NONE',  #398 ) ;
#1356 = CLOSED_SHELL ( 'NONE', ( #1368, #502, #515, #42, #386, #1484, #731, #1475, #508, #399, #394, #524, #1247, #858, #1104, #58, #34, #1113, #747, #758, #169, #292, #1495, #870, #1227, #152, #1466, #878, #1233, #978, #179, #992, #1098, #1358, #925, #1002, #1347, #406, #1339, #985, #280, #160, #1415, #299, #50, #271, #629, #1217 ) ) ;
#1357 = LINE ( 'NONE', #387, #1018 ) ;
#1358 = ADVANCED_FACE ( 'NONE', ( #1360 ), #866, .T. ) ;
#1359 = ORIENTED_EDGE ( 'NONE', *, *, #834, .T. ) ;
#1360 = FACE_OUTER_BOUND ( 'NONE', #857, .T. ) ;
#1361 = EDGE_CURVE ( 'NONE', #1082, #137, #535, .T. ) ;
#1362 = VECTOR ( 'NONE', #431, 1000.000000000000000 ) ;
#1363 = CARTESIAN_POINT ( 'NONE',  ( -1.000000000000000000, 0.0000000000000000000, 1.450000000000000000 ) ) ;
#1364 = AXIS2_PLACEMENT_3D ( 'NONE', #571, #1277, #808 ) ;
#1365 = CARTESIAN_POINT ( 'NONE',  ( 0.4999999999999989500, 2.700000000000000600, 2.600000000000000500 ) ) ;
#1366 = ORIENTED_EDGE ( 'NONE', *, *, #1525, .T. ) ;
#1367 = CARTESIAN_POINT ( 'NONE',  ( 1.000000000000000000, 0.0000000000000000000, 2.450000000000000200 ) ) ;
#1368 = ADVANCED_FACE ( 'NONE', ( #114 ), #407, .T. ) ;
#1369 = VERTEX_POINT ( 'NONE', #397 ) ;
#1370 = CARTESIAN_POINT ( 'NONE',  ( -1.000000000000001100, 2.700000000000000200, -2.600000000000000500 ) ) ;
#1371 = ORIENTED_EDGE ( 'NONE', *, *, #1545, .F. ) ;
#1372 = PLANE ( 'NONE',  #975 ) ;
#1373 = VERTEX_POINT ( 'NONE', #1230 ) ;
#1374 = DIRECTION ( 'NONE',  ( 0.0000000000000000000, 1.000000000000000000, 0.0000000000000000000 ) ) ;
#1375 = CARTESIAN_POINT ( 'NONE',  ( 0.4999999999999997800, 2.700000000000000200, -1.450000000000000000 ) ) ;
#1376 = EDGE_CURVE ( 'NONE', #1052, #1132, #1186, .T. ) ;
#1377 = DIRECTION ( 'NONE',  ( 0.0000000000000000000, 0.0000000000000000000, 1.000000000000000000 ) ) ;
#1378 = FACE_OUTER_BOUND ( 'NONE', #1454, .T. ) ;
#1379 = EDGE_CURVE ( 'NONE', #1255, #231, #983, .T. ) ;
#1380 = FACE_OUTER_BOUND ( 'NONE', #910, .T. ) ;
#1381 = VERTEX_POINT ( 'NONE', #52 ) ;
#1382 = LINE ( 'NONE', #425, #61 ) ;
#1383 = ORIENTED_EDGE ( 'NONE', *, *, #155, .F. ) ;
#1384 = FACE_OUTER_BOUND ( 'NONE', #192, .T. ) ;
#1385 = DIRECTION ( 'NONE',  ( 8.850629979473506000E-017, 0.0000000000000000000, -1.000000000000000000 ) ) ;
#1386 = AXIS2_PLACEMENT_3D ( 'NONE', #1330, #131, #973 ) ;
#1387 = CARTESIAN_POINT ( 'NONE',  ( -1.000000000000001100, 2.700000000000000200, -2.600000000000000500 ) ) ;
#1388 = CARTESIAN_POINT ( 'NONE',  ( 0.0000000000000000000, 0.0000000000000000000, 0.0000000000000000000 ) ) ;
#1389 = EDGE_CURVE ( 'NONE', #104, #1321, #321, .T. ) ;
#1390 = ORIENTED_EDGE ( 'NONE', *, *, #953, .T. ) ;
#1391 = ORIENTED_EDGE ( 'NONE', *, *, #1493, .F. ) ;
#1392 = CARTESIAN_POINT ( 'NONE',  ( 0.4999999999999997800, 2.700000000000000200, -1.450000000000000000 ) ) ;
#1393 = ORIENTED_EDGE ( 'NONE', *, *, #885, .F. ) ;
#1394 = DIRECTION ( 'NONE',  ( -0.0000000000000000000, -0.0000000000000000000, 1.000000000000000000 ) ) ;
#1395 = VECTOR ( 'NONE', #893, 1000.000000000000000 ) ;
#1396 = AXIS2_PLACEMENT_3D ( 'NONE', #1207, #966, #372 ) ;
#1397 = AXIS2_PLACEMENT_3D ( 'NONE', #853, #378, #272 ) ;
#1398 = DIRECTION ( 'NONE',  ( 0.0000000000000000000, -0.0000000000000000000, 1.000000000000000000 ) ) ;
#1399 = LINE ( 'NONE', #1352, #661 ) ;
#1400 = CARTESIAN_POINT ( 'NONE',  ( -0.6000000000000000900, 2.449999999999999700, -1.250000000000000200 ) ) ;
#1401 = SHAPE_DEFINITION_REPRESENTATION ( #718, #1348 ) ;
#1402 = LINE ( 'NONE', #381, #278 ) ;
#1403 = LINE ( 'NONE', #469, #881 ) ;
#1404 = CARTESIAN_POINT ( 'NONE',  ( -0.6000000000000002000, 2.449999999999999700, -2.449999999999999700 ) ) ;
#1405 = LINE ( 'NONE', #263, #1505 ) ;
#1406 = PLANE ( 'NONE',  #1507 ) ;
#1407 = EDGE_LOOP ( 'NONE', ( #831, #957, #854, #759, #1465, #490 ) ) ;
#1408 = DIRECTION ( 'NONE',  ( -0.0000000000000000000, -0.0000000000000000000, 1.000000000000000000 ) ) ;
#1409 = DIRECTION ( 'NONE',  ( -0.0000000000000000000, 1.000000000000000000, -0.0000000000000000000 ) ) ;
#1410 = EDGE_CURVE ( 'NONE', #848, #340, #6, .T. ) ;
#1411 = ORIENTED_EDGE ( 'NONE', *, *, #1101, .F. ) ;
#1412 = EDGE_CURVE ( 'NONE', #447, #990, #81, .T. ) ;
#1413 = VERTEX_POINT ( 'NONE', #1363 ) ;
#1414 = VECTOR ( 'NONE', #80, 1000.000000000000000 ) ;
#1415 = ADVANCED_FACE ( 'NONE', ( #1384 ), #60, .T. ) ;
#1416 = ORIENTED_EDGE ( 'NONE', *, *, #551, .T. ) ;
#1417 = DESIGN_CONTEXT ( 'detailed design', #461, 'design' ) ;
#1418 = ORIENTED_EDGE ( 'NONE', *, *, #699, .F. ) ;
#1419 = AXIS2_PLACEMENT_3D ( 'NONE', #112, #1177, #574 ) ;
#1420 = CARTESIAN_POINT ( 'NONE',  ( -2.500000000000000900, 2.850000000000000100, 2.449999999999999700 ) ) ;
#1421 = VECTOR ( 'NONE', #1448, 1000.000000000000000 ) ;
#1422 = AXIS2_PLACEMENT_3D ( 'NONE', #162, #760, #991 ) ;
#1423 =( NAMED_UNIT ( * ) PLANE_ANGLE_UNIT ( ) SI_UNIT ( $, .RADIAN. ) );
#1424 = LINE ( 'NONE', #256, #57 ) ;
#1425 = EDGE_LOOP ( 'NONE', ( #1393, #297, #154, #882 ) ) ;
#1426 = VECTOR ( 'NONE', #919, 1000.000000000000000 ) ;
#1427 = PLANE ( 'NONE',  #12 ) ;
#1428 = ORIENTED_EDGE ( 'NONE', *, *, #322, .F. ) ;
#1429 = VECTOR ( 'NONE', #1331, 1000.000000000000000 ) ;
#1430 = DIRECTION ( 'NONE',  ( -1.000000000000000000, 0.0000000000000000000, -1.807003620809174100E-016 ) ) ;
#1431 = CARTESIAN_POINT ( 'NONE',  ( -1.600000000000001900, 0.0000000000000000000, 2.449999999999999700 ) ) ;
#1432 = ORIENTED_EDGE ( 'NONE', *, *, #1320, .T. ) ;
#1433 = PLANE ( 'NONE',  #1419 ) ;
#1434 = ORIENTED_EDGE ( 'NONE', *, *, #1134, .T. ) ;
#1435 = EDGE_LOOP ( 'NONE', ( #1345, #639, #779, #653, #1178 ) ) ;
#1436 = CARTESIAN_POINT ( 'NONE',  ( 1.949999999999999500, 2.850000000000000100, 1.900000000000000100 ) ) ;
#1437 = EDGE_CURVE ( 'NONE', #1459, #1174, #1338, .T. ) ;
#1438 = VECTOR ( 'NONE', #1509, 1000.000000000000000 ) ;
#1439 = PRODUCT ( 'CAD_SPM5030-HZ', 'CAD_SPM5030-HZ', '', ( #1054 ) ) ;
#1440 = CARTESIAN_POINT ( 'NONE',  ( -2.500000000000000000, 2.850000000000000100, -2.450000000000000600 ) ) ;
#1441 = CARTESIAN_POINT ( 'NONE',  ( 0.4999999999999989500, 2.850000000000000100, -2.600000000000000500 ) ) ;
#1442 = VECTOR ( 'NONE', #1487, 1000.000000000000000 ) ;
#1443 = EDGE_CURVE ( 'NONE', #531, #1451, #664, .T. ) ;
#1444 = FACE_OUTER_BOUND ( 'NONE', #642, .T. ) ;
#1445 = FACE_OUTER_BOUND ( 'NONE', #306, .T. ) ;
#1446 = LINE ( 'NONE', #843, #554 ) ;
#1447 = EDGE_CURVE ( 'NONE', #1193, #531, #621, .T. ) ;
#1448 = DIRECTION ( 'NONE',  ( 0.0000000000000000000, -1.000000000000000000, 0.0000000000000000000 ) ) ;
#1449 = EDGE_LOOP ( 'NONE', ( #1050, #187, #716, #1390, #561, #1530, #222, #753 ) ) ;
#1450 = DIRECTION ( 'NONE',  ( 0.0000000000000000000, 0.0000000000000000000, -1.000000000000000000 ) ) ;
#1451 = VERTEX_POINT ( 'NONE', #86 ) ;
#1452 = DIRECTION ( 'NONE',  ( -2.602085213965210100E-016, 0.0000000000000000000, 1.000000000000000000 ) ) ;
#1453 = ORIENTED_EDGE ( 'NONE', *, *, #436, .F. ) ;
#1454 = EDGE_LOOP ( 'NONE', ( #938, #1126, #1434, #305 ) ) ;
#1455 = CARTESIAN_POINT ( 'NONE',  ( 1.000000000000000000, -0.1499999999999999900, 1.450000000000000000 ) ) ;
#1456 = CIRCLE ( 'NONE', #243, 0.5500000000000001600 ) ;
#1457 = LINE ( 'NONE', #119, #1151 ) ;
#1458 = CARTESIAN_POINT ( 'NONE',  ( -1.000000000000000000, -0.1499999999999999900, -1.450000000000000000 ) ) ;
#1459 = VERTEX_POINT ( 'NONE', #899 ) ;
#1460 = FACE_OUTER_BOUND ( 'NONE', #1407, .T. ) ;
#1461 = EDGE_CURVE ( 'NONE', #1275, #1052, #1000, .T. ) ;
#1462 = VECTOR ( 'NONE', #1249, 1000.000000000000000 ) ;
#1463 = EDGE_CURVE ( 'NONE', #401, #1194, #929, .T. ) ;
#1464 = CARTESIAN_POINT ( 'NONE',  ( 0.4999999999999998900, 2.700000000000000200, -2.449999999999999700 ) ) ;
#1465 = ORIENTED_EDGE ( 'NONE', *, *, #51, .T. ) ;
#1466 = ADVANCED_FACE ( 'NONE', ( #1221 ), #82, .F. ) ;
#1467 = ORIENTED_EDGE ( 'NONE', *, *, #1110, .F. ) ;
#1468 = PLANE ( 'NONE',  #794 ) ;
#1469 = ORIENTED_EDGE ( 'NONE', *, *, #229, .T. ) ;
#1470 = EDGE_CURVE ( 'NONE', #628, #833, #39, .T. ) ;
#1471 = CARTESIAN_POINT ( 'NONE',  ( 0.9999999999999991100, -0.1499999999999999900, -2.450000000000000200 ) ) ;
#1472 = CARTESIAN_POINT ( 'NONE',  ( 0.9999999999999986700, 2.700000000000000600, 2.600000000000000500 ) ) ;
#1473 = MANIFOLD_SOLID_BREP ( '̨گ�1', #1356 ) ;
#1474 = DIRECTION ( 'NONE',  ( 0.0000000000000000000, 0.0000000000000000000, 1.000000000000000000 ) ) ;
#1475 = ADVANCED_FACE ( 'NONE', ( #422 ), #795, .T. ) ;
#1476 = DIRECTION ( 'NONE',  ( -1.521687259628778000E-016, 1.000000000000000000, 0.0000000000000000000 ) ) ;
#1477 = VECTOR ( 'NONE', #635, 1000.000000000000000 ) ;
#1478 = ORIENTED_EDGE ( 'NONE', *, *, #1025, .F. ) ;
#1479 = CARTESIAN_POINT ( 'NONE',  ( -1.000000000000000000, -0.1499999999999999900, 1.450000000000000000 ) ) ;
#1480 = COORDINATED_UNIVERSAL_TIME_OFFSET ( 9, 0, .AHEAD. ) ;
#1481 = CARTESIAN_POINT ( 'NONE',  ( 1.000000000000000000, -0.1499999999999999900, -1.450000000000000000 ) ) ;
#1482 = VECTOR ( 'NONE', #1099, 1000.000000000000000 ) ;
#1483 = SECURITY_CLASSIFICATION ( '', '', #1292 ) ;
#1484 = ADVANCED_FACE ( 'NONE', ( #1460 ), #329, .F. ) ;
#1485 = CARTESIAN_POINT ( 'NONE',  ( 0.5999999999999998700, 2.449999999999999700, 1.250000000000000000 ) ) ;
#1486 = ORIENTED_EDGE ( 'NONE', *, *, #392, .F. ) ;
#1487 = DIRECTION ( 'NONE',  ( -0.0000000000000000000, -0.0000000000000000000, -1.000000000000000000 ) ) ;
#1488 = VERTEX_POINT ( 'NONE', #1144 ) ;
#1489 = VERTEX_POINT ( 'NONE', #1271 ) ;
#1490 = PLANE ( 'NONE',  #1146 ) ;
#1491 = ORIENTED_EDGE ( 'NONE', *, *, #626, .F. ) ;
#1492 = DIRECTION ( 'NONE',  ( 1.000000000000000000, 0.0000000000000000000, 0.0000000000000000000 ) ) ;
#1493 = EDGE_CURVE ( 'NONE', #1065, #1082, #368, .T. ) ;
#1494 = EDGE_CURVE ( 'NONE', #117, #301, #4, .T. ) ;
#1495 = ADVANCED_FACE ( 'NONE', ( #1542 ), #1406, .F. ) ;
#1496 = CARTESIAN_POINT ( 'NONE',  ( 0.9999999999999986700, 2.700000000000000600, -2.450000000000000200 ) ) ;
#1497 = VECTOR ( 'NONE', #1027, 1000.000000000000000 ) ;
#1498 = CARTESIAN_POINT ( 'NONE',  ( 0.5999999999999998700, 2.449999999999999700, -1.250000000000000000 ) ) ;
#1499 = VECTOR ( 'NONE', #26, 1000.000000000000000 ) ;
#1500 = CARTESIAN_POINT ( 'NONE',  ( 0.5999999999999998700, 2.449999999999999700, 1.250000000000000000 ) ) ;
#1501 = ORIENTED_EDGE ( 'NONE', *, *, #1107, .T. ) ;
#1502 = DATE_AND_TIME ( #241, #863 ) ;
#1503 = AXIS2_PLACEMENT_3D ( 'NONE', #360, #1192, #480 ) ;
#1504 = CARTESIAN_POINT ( 'NONE',  ( 0.5999999999999998700, 2.449999999999999700, 2.449999999999999700 ) ) ;
#1505 = VECTOR ( 'NONE', #602, 1000.000000000000000 ) ;
#1506 = CARTESIAN_POINT ( 'NONE',  ( -1.000000000000000000, -0.1499999999999999900, -1.450000000000000000 ) ) ;
#1507 = AXIS2_PLACEMENT_3D ( 'NONE', #559, #307, #911 ) ;
#1508 = CARTESIAN_POINT ( 'NONE',  ( 0.0000000000000000000, 0.0000000000000000000, 2.600000000000000500 ) ) ;
#1509 = DIRECTION ( 'NONE',  ( -9.035018104045873200E-017, -0.0000000000000000000, 1.000000000000000000 ) ) ;
#1510 = ORIENTED_EDGE ( 'NONE', *, *, #118, .T. ) ;
#1511 = VERTEX_POINT ( 'NONE', #1256 ) ;
#1512 = DIRECTION ( 'NONE',  ( -0.7071067811865487900, 0.0000000000000000000, 0.7071067811865463500 ) ) ;
#1513 = ORIENTED_EDGE ( 'NONE', *, *, #289, .T. ) ;
#1514 = VECTOR ( 'NONE', #423, 1000.000000000000100 ) ;
#1515 = CARTESIAN_POINT ( 'NONE',  ( 0.5999999999999998700, 2.449999999999999700, -2.449999999999999700 ) ) ;
#1516 = DIRECTION ( 'NONE',  ( 1.000000000000000000, 0.0000000000000000000, -0.0000000000000000000 ) ) ;
#1517 = FACE_OUTER_BOUND ( 'NONE', #510, .T. ) ;
#1518 = CARTESIAN_POINT ( 'NONE',  ( 0.4999999999999997800, 2.700000000000000200, 1.450000000000000000 ) ) ;
#1519 = EDGE_CURVE ( 'NONE', #1532, #989, #643, .T. ) ;
#1520 = VECTOR ( 'NONE', #668, 1000.000000000000000 ) ;
#1521 = ORIENTED_EDGE ( 'NONE', *, *, #1236, .F. ) ;
#1522 = CARTESIAN_POINT ( 'NONE',  ( -2.500000000000000900, 0.0000000000000000000, 2.449999999999999700 ) ) ;
#1523 = APPROVAL_PERSON_ORGANIZATION ( #277, #1070, #332 ) ;
#1524 = VECTOR ( 'NONE', #1474, 1000.000000000000000 ) ;
#1525 = EDGE_CURVE ( 'NONE', #1157, #1488, #186, .T. ) ;
#1526 = CARTESIAN_POINT ( 'NONE',  ( 0.9999999999999986700, 2.700000000000000600, -2.450000000000000200 ) ) ;
#1527 = EDGE_CURVE ( 'NONE', #1459, #447, #770, .T. ) ;
#1528 = EDGE_LOOP ( 'NONE', ( #1024, #1521, #1196, #249 ) ) ;
#1529 = DIRECTION ( 'NONE',  ( 0.0000000000000000000, -0.0000000000000000000, 1.000000000000000000 ) ) ;
#1530 = ORIENTED_EDGE ( 'NONE', *, *, #410, .T. ) ;
#1531 = DIRECTION ( 'NONE',  ( -0.7071067811865463500, -0.0000000000000000000, -0.7071067811865487900 ) ) ;
#1532 = VERTEX_POINT ( 'NONE', #1032 ) ;
#1533 = CARTESIAN_POINT ( 'NONE',  ( -0.5000000000000011100, 2.850000000000000100, -2.600000000000000500 ) ) ;
#1534 = AXIS2_PLACEMENT_3D ( 'NONE', #771, #1001, #312 ) ;
#1535 = DIRECTION ( 'NONE',  ( 1.000000000000000000, 0.0000000000000000000, -9.035018104045874400E-017 ) ) ;
#1536 = LINE ( 'NONE', #1537, #637 ) ;
#1537 = CARTESIAN_POINT ( 'NONE',  ( 0.9999999999999986700, 2.700000000000000600, 2.600000000000000500 ) ) ;
#1538 = LINE ( 'NONE', #1336, #926 ) ;
#1539 = VECTOR ( 'NONE', #956, 1000.000000000000000 ) ;
#1540 = DIRECTION ( 'NONE',  ( 1.000000000000000000, 0.0000000000000000000, 0.0000000000000000000 ) ) ;
#1541 = EDGE_LOOP ( 'NONE', ( #1069, #334, #1311, #415 ) ) ;
#1542 = FACE_OUTER_BOUND ( 'NONE', #1306, .T. ) ;
#1543 = ORIENTED_EDGE ( 'NONE', *, *, #1463, .T. ) ;
#1544 = CARTESIAN_POINT ( 'NONE',  ( -0.5000000000000001100, 2.700000000000000200, -2.449999999999999700 ) ) ;
#1545 = EDGE_CURVE ( 'NONE', #1141, #1288, #1382, .T. ) ;
#1546 = ORIENTED_EDGE ( 'NONE', *, *, #1463, .F. ) ;
#1547 = VECTOR ( 'NONE', #1254, 1000.000000000000000 ) ;
#1548 = ORIENTED_EDGE ( 'NONE', *, *, #85, .T. ) ;
#1549 = EDGE_CURVE ( 'NONE', #562, #1255, #460, .T. ) ;
#1550 = PLANE ( 'NONE',  #1307 ) ;
#1551 = ORIENTED_EDGE ( 'NONE', *, *, #1447, .T. ) ;
#1552 = LINE ( 'NONE', #752, #1395 ) ;
#1553 = PLANE ( 'NONE',  #519 ) ;
#1554 = CARTESIAN_POINT ( 'NONE',  ( -1.000000000000000900, -0.05000000000000143200, -2.600000000000000500 ) ) ;
#1555 = FACE_OUTER_BOUND ( 'NONE', #1435, .T. ) ;
ENDSEC;
END-ISO-10303-21;
