ISO-10303-21;
HEADER;
/* Generated by software containing ST-Developer
 * from STEP Tools, Inc. (www.steptools.com) 
 */
/* OPTION: strings as raw bytes, not using required /X/ escapes */

FILE_DESCRIPTION(
/* description */ ('Unknown'),
/* implementation_level */ '2;1');

FILE_NAME(
/* name */ 'PUSB3F96X',
/* time_stamp */ '2025-03-14T14:43:34+02:00',
/* author */ ('Unknown'),
/* organization */ ('Unknown'),
/* preprocessor_version */ 'ST-DEVELOPER v18.102',
/* originating_system */ 'Solid Edge',
/* authorisation */ 'Unknown');

FILE_SCHEMA (('AUTOMOTIVE_DESIGN {1 0 10303 214 3 1 1}'));
ENDSEC;

DATA;
#10=PROPERTY_DEFINITION_REPRESENTATION(#14,#12);
#11=PROPERTY_DEFINITION_REPRESENTATION(#15,#13);
#12=REPRESENTATION('',(#16),#2715);
#13=REPRESENTATION('',(#17),#2715);
#14=PROPERTY_DEFINITION('pmi validation property','',#2720);
#15=PROPERTY_DEFINITION('pmi validation property','',#2720);
#16=VALUE_REPRESENTATION_ITEM('number of annotations',COUNT_MEASURE(0.));
#17=VALUE_REPRESENTATION_ITEM('number of views',COUNT_MEASURE(0.));
#18=SHAPE_REPRESENTATION_RELATIONSHIP('','',#1903,#19);
#19=ADVANCED_BREP_SHAPE_REPRESENTATION('',(#1901),#2715);
#20=CYLINDRICAL_SURFACE('',#1931,0.0775403941955767);
#21=CIRCLE('',#1930,0.0775403941955767);
#22=CIRCLE('',#1932,0.0775403941955767);
#23=ORIENTED_EDGE('',*,*,#417,.T.);
#24=ORIENTED_EDGE('',*,*,#418,.T.);
#25=ORIENTED_EDGE('',*,*,#419,.T.);
#26=ORIENTED_EDGE('',*,*,#420,.T.);
#27=ORIENTED_EDGE('',*,*,#421,.T.);
#28=ORIENTED_EDGE('',*,*,#420,.F.);
#29=ORIENTED_EDGE('',*,*,#422,.F.);
#30=ORIENTED_EDGE('',*,*,#423,.F.);
#31=ORIENTED_EDGE('',*,*,#424,.F.);
#32=ORIENTED_EDGE('',*,*,#425,.T.);
#33=ORIENTED_EDGE('',*,*,#426,.T.);
#34=ORIENTED_EDGE('',*,*,#419,.F.);
#35=ORIENTED_EDGE('',*,*,#427,.T.);
#36=ORIENTED_EDGE('',*,*,#428,.F.);
#37=ORIENTED_EDGE('',*,*,#422,.T.);
#38=ORIENTED_EDGE('',*,*,#429,.T.);
#39=ORIENTED_EDGE('',*,*,#430,.T.);
#40=ORIENTED_EDGE('',*,*,#417,.F.);
#41=ORIENTED_EDGE('',*,*,#431,.F.);
#42=ORIENTED_EDGE('',*,*,#432,.T.);
#43=ORIENTED_EDGE('',*,*,#433,.F.);
#44=ORIENTED_EDGE('',*,*,#434,.F.);
#45=ORIENTED_EDGE('',*,*,#432,.F.);
#46=ORIENTED_EDGE('',*,*,#435,.F.);
#47=ORIENTED_EDGE('',*,*,#425,.F.);
#48=ORIENTED_EDGE('',*,*,#421,.F.);
#49=ORIENTED_EDGE('',*,*,#426,.F.);
#50=ORIENTED_EDGE('',*,*,#435,.T.);
#51=ORIENTED_EDGE('',*,*,#431,.T.);
#52=ORIENTED_EDGE('',*,*,#436,.T.);
#53=ORIENTED_EDGE('',*,*,#437,.T.);
#54=ORIENTED_EDGE('',*,*,#438,.T.);
#55=ORIENTED_EDGE('',*,*,#439,.T.);
#56=ORIENTED_EDGE('',*,*,#437,.F.);
#57=ORIENTED_EDGE('',*,*,#440,.F.);
#58=ORIENTED_EDGE('',*,*,#441,.F.);
#59=ORIENTED_EDGE('',*,*,#442,.F.);
#60=ORIENTED_EDGE('',*,*,#443,.T.);
#61=ORIENTED_EDGE('',*,*,#444,.T.);
#62=ORIENTED_EDGE('',*,*,#436,.F.);
#63=ORIENTED_EDGE('',*,*,#445,.F.);
#64=ORIENTED_EDGE('',*,*,#446,.F.);
#65=ORIENTED_EDGE('',*,*,#440,.T.);
#66=ORIENTED_EDGE('',*,*,#439,.F.);
#67=ORIENTED_EDGE('',*,*,#447,.F.);
#68=ORIENTED_EDGE('',*,*,#448,.T.);
#69=ORIENTED_EDGE('',*,*,#449,.F.);
#70=ORIENTED_EDGE('',*,*,#450,.T.);
#71=ORIENTED_EDGE('',*,*,#445,.T.);
#72=ORIENTED_EDGE('',*,*,#451,.F.);
#73=ORIENTED_EDGE('',*,*,#448,.F.);
#74=ORIENTED_EDGE('',*,*,#452,.F.);
#75=ORIENTED_EDGE('',*,*,#443,.F.);
#76=ORIENTED_EDGE('',*,*,#438,.F.);
#77=ORIENTED_EDGE('',*,*,#444,.F.);
#78=ORIENTED_EDGE('',*,*,#452,.T.);
#79=ORIENTED_EDGE('',*,*,#447,.T.);
#80=ORIENTED_EDGE('',*,*,#453,.T.);
#81=ORIENTED_EDGE('',*,*,#454,.T.);
#82=ORIENTED_EDGE('',*,*,#455,.T.);
#83=ORIENTED_EDGE('',*,*,#456,.T.);
#84=ORIENTED_EDGE('',*,*,#454,.F.);
#85=ORIENTED_EDGE('',*,*,#457,.F.);
#86=ORIENTED_EDGE('',*,*,#458,.F.);
#87=ORIENTED_EDGE('',*,*,#459,.F.);
#88=ORIENTED_EDGE('',*,*,#460,.T.);
#89=ORIENTED_EDGE('',*,*,#461,.T.);
#90=ORIENTED_EDGE('',*,*,#453,.F.);
#91=ORIENTED_EDGE('',*,*,#462,.F.);
#92=ORIENTED_EDGE('',*,*,#463,.F.);
#93=ORIENTED_EDGE('',*,*,#457,.T.);
#94=ORIENTED_EDGE('',*,*,#456,.F.);
#95=ORIENTED_EDGE('',*,*,#464,.F.);
#96=ORIENTED_EDGE('',*,*,#465,.T.);
#97=ORIENTED_EDGE('',*,*,#466,.F.);
#98=ORIENTED_EDGE('',*,*,#467,.T.);
#99=ORIENTED_EDGE('',*,*,#462,.T.);
#100=ORIENTED_EDGE('',*,*,#468,.F.);
#101=ORIENTED_EDGE('',*,*,#465,.F.);
#102=ORIENTED_EDGE('',*,*,#469,.F.);
#103=ORIENTED_EDGE('',*,*,#460,.F.);
#104=ORIENTED_EDGE('',*,*,#455,.F.);
#105=ORIENTED_EDGE('',*,*,#461,.F.);
#106=ORIENTED_EDGE('',*,*,#469,.T.);
#107=ORIENTED_EDGE('',*,*,#464,.T.);
#108=ORIENTED_EDGE('',*,*,#470,.T.);
#109=ORIENTED_EDGE('',*,*,#471,.T.);
#110=ORIENTED_EDGE('',*,*,#472,.T.);
#111=ORIENTED_EDGE('',*,*,#473,.T.);
#112=ORIENTED_EDGE('',*,*,#471,.F.);
#113=ORIENTED_EDGE('',*,*,#474,.F.);
#114=ORIENTED_EDGE('',*,*,#475,.F.);
#115=ORIENTED_EDGE('',*,*,#476,.F.);
#116=ORIENTED_EDGE('',*,*,#477,.T.);
#117=ORIENTED_EDGE('',*,*,#478,.T.);
#118=ORIENTED_EDGE('',*,*,#470,.F.);
#119=ORIENTED_EDGE('',*,*,#479,.F.);
#120=ORIENTED_EDGE('',*,*,#480,.F.);
#121=ORIENTED_EDGE('',*,*,#474,.T.);
#122=ORIENTED_EDGE('',*,*,#473,.F.);
#123=ORIENTED_EDGE('',*,*,#481,.F.);
#124=ORIENTED_EDGE('',*,*,#482,.T.);
#125=ORIENTED_EDGE('',*,*,#483,.F.);
#126=ORIENTED_EDGE('',*,*,#484,.T.);
#127=ORIENTED_EDGE('',*,*,#479,.T.);
#128=ORIENTED_EDGE('',*,*,#485,.F.);
#129=ORIENTED_EDGE('',*,*,#482,.F.);
#130=ORIENTED_EDGE('',*,*,#486,.F.);
#131=ORIENTED_EDGE('',*,*,#477,.F.);
#132=ORIENTED_EDGE('',*,*,#472,.F.);
#133=ORIENTED_EDGE('',*,*,#478,.F.);
#134=ORIENTED_EDGE('',*,*,#486,.T.);
#135=ORIENTED_EDGE('',*,*,#481,.T.);
#136=ORIENTED_EDGE('',*,*,#487,.F.);
#137=ORIENTED_EDGE('',*,*,#487,.T.);
#138=ORIENTED_EDGE('',*,*,#488,.F.);
#139=ORIENTED_EDGE('',*,*,#489,.T.);
#140=ORIENTED_EDGE('',*,*,#490,.F.);
#141=ORIENTED_EDGE('',*,*,#491,.F.);
#142=ORIENTED_EDGE('',*,*,#492,.T.);
#143=ORIENTED_EDGE('',*,*,#493,.F.);
#144=ORIENTED_EDGE('',*,*,#494,.F.);
#145=ORIENTED_EDGE('',*,*,#489,.F.);
#146=ORIENTED_EDGE('',*,*,#495,.F.);
#147=ORIENTED_EDGE('',*,*,#496,.T.);
#148=ORIENTED_EDGE('',*,*,#497,.F.);
#149=ORIENTED_EDGE('',*,*,#498,.F.);
#150=ORIENTED_EDGE('',*,*,#499,.T.);
#151=ORIENTED_EDGE('',*,*,#500,.F.);
#152=ORIENTED_EDGE('',*,*,#501,.F.);
#153=ORIENTED_EDGE('',*,*,#496,.F.);
#154=ORIENTED_EDGE('',*,*,#502,.F.);
#155=ORIENTED_EDGE('',*,*,#503,.T.);
#156=ORIENTED_EDGE('',*,*,#504,.F.);
#157=ORIENTED_EDGE('',*,*,#505,.F.);
#158=ORIENTED_EDGE('',*,*,#506,.T.);
#159=ORIENTED_EDGE('',*,*,#507,.F.);
#160=ORIENTED_EDGE('',*,*,#508,.F.);
#161=ORIENTED_EDGE('',*,*,#503,.F.);
#162=ORIENTED_EDGE('',*,*,#509,.F.);
#163=ORIENTED_EDGE('',*,*,#510,.T.);
#164=ORIENTED_EDGE('',*,*,#511,.F.);
#165=ORIENTED_EDGE('',*,*,#512,.F.);
#166=ORIENTED_EDGE('',*,*,#513,.T.);
#167=ORIENTED_EDGE('',*,*,#514,.F.);
#168=ORIENTED_EDGE('',*,*,#515,.F.);
#169=ORIENTED_EDGE('',*,*,#510,.F.);
#170=ORIENTED_EDGE('',*,*,#516,.F.);
#171=ORIENTED_EDGE('',*,*,#517,.T.);
#172=ORIENTED_EDGE('',*,*,#518,.F.);
#173=ORIENTED_EDGE('',*,*,#519,.F.);
#174=ORIENTED_EDGE('',*,*,#520,.T.);
#175=ORIENTED_EDGE('',*,*,#521,.F.);
#176=ORIENTED_EDGE('',*,*,#522,.F.);
#177=ORIENTED_EDGE('',*,*,#517,.F.);
#178=ORIENTED_EDGE('',*,*,#523,.F.);
#179=ORIENTED_EDGE('',*,*,#524,.F.);
#180=ORIENTED_EDGE('',*,*,#525,.T.);
#181=ORIENTED_EDGE('',*,*,#512,.T.);
#182=ORIENTED_EDGE('',*,*,#526,.T.);
#183=ORIENTED_EDGE('',*,*,#527,.F.);
#184=ORIENTED_EDGE('',*,*,#528,.T.);
#185=ORIENTED_EDGE('',*,*,#505,.T.);
#186=ORIENTED_EDGE('',*,*,#529,.T.);
#187=ORIENTED_EDGE('',*,*,#530,.F.);
#188=ORIENTED_EDGE('',*,*,#531,.T.);
#189=ORIENTED_EDGE('',*,*,#498,.T.);
#190=ORIENTED_EDGE('',*,*,#532,.T.);
#191=ORIENTED_EDGE('',*,*,#533,.F.);
#192=ORIENTED_EDGE('',*,*,#534,.T.);
#193=ORIENTED_EDGE('',*,*,#491,.T.);
#194=ORIENTED_EDGE('',*,*,#535,.T.);
#195=ORIENTED_EDGE('',*,*,#536,.F.);
#196=ORIENTED_EDGE('',*,*,#537,.T.);
#197=ORIENTED_EDGE('',*,*,#519,.T.);
#198=ORIENTED_EDGE('',*,*,#538,.T.);
#199=ORIENTED_EDGE('',*,*,#488,.T.);
#200=ORIENTED_EDGE('',*,*,#539,.T.);
#201=ORIENTED_EDGE('',*,*,#540,.T.);
#202=ORIENTED_EDGE('',*,*,#541,.T.);
#203=ORIENTED_EDGE('',*,*,#542,.T.);
#204=ORIENTED_EDGE('',*,*,#543,.F.);
#205=ORIENTED_EDGE('',*,*,#544,.T.);
#206=ORIENTED_EDGE('',*,*,#545,.T.);
#207=ORIENTED_EDGE('',*,*,#541,.F.);
#208=ORIENTED_EDGE('',*,*,#495,.T.);
#209=ORIENTED_EDGE('',*,*,#492,.F.);
#210=ORIENTED_EDGE('',*,*,#534,.F.);
#211=ORIENTED_EDGE('',*,*,#546,.T.);
#212=ORIENTED_EDGE('',*,*,#547,.F.);
#213=ORIENTED_EDGE('',*,*,#548,.T.);
#214=ORIENTED_EDGE('',*,*,#493,.T.);
#215=ORIENTED_EDGE('',*,*,#548,.F.);
#216=ORIENTED_EDGE('',*,*,#549,.F.);
#217=ORIENTED_EDGE('',*,*,#550,.T.);
#218=ORIENTED_EDGE('',*,*,#494,.T.);
#219=ORIENTED_EDGE('',*,*,#550,.F.);
#220=ORIENTED_EDGE('',*,*,#551,.F.);
#221=ORIENTED_EDGE('',*,*,#552,.F.);
#222=ORIENTED_EDGE('',*,*,#535,.F.);
#223=ORIENTED_EDGE('',*,*,#490,.T.);
#224=ORIENTED_EDGE('',*,*,#502,.T.);
#225=ORIENTED_EDGE('',*,*,#499,.F.);
#226=ORIENTED_EDGE('',*,*,#531,.F.);
#227=ORIENTED_EDGE('',*,*,#553,.T.);
#228=ORIENTED_EDGE('',*,*,#554,.F.);
#229=ORIENTED_EDGE('',*,*,#555,.T.);
#230=ORIENTED_EDGE('',*,*,#500,.T.);
#231=ORIENTED_EDGE('',*,*,#555,.F.);
#232=ORIENTED_EDGE('',*,*,#556,.F.);
#233=ORIENTED_EDGE('',*,*,#557,.T.);
#234=ORIENTED_EDGE('',*,*,#501,.T.);
#235=ORIENTED_EDGE('',*,*,#557,.F.);
#236=ORIENTED_EDGE('',*,*,#558,.F.);
#237=ORIENTED_EDGE('',*,*,#559,.F.);
#238=ORIENTED_EDGE('',*,*,#532,.F.);
#239=ORIENTED_EDGE('',*,*,#497,.T.);
#240=ORIENTED_EDGE('',*,*,#509,.T.);
#241=ORIENTED_EDGE('',*,*,#506,.F.);
#242=ORIENTED_EDGE('',*,*,#528,.F.);
#243=ORIENTED_EDGE('',*,*,#560,.T.);
#244=ORIENTED_EDGE('',*,*,#561,.F.);
#245=ORIENTED_EDGE('',*,*,#562,.T.);
#246=ORIENTED_EDGE('',*,*,#507,.T.);
#247=ORIENTED_EDGE('',*,*,#562,.F.);
#248=ORIENTED_EDGE('',*,*,#563,.F.);
#249=ORIENTED_EDGE('',*,*,#564,.T.);
#250=ORIENTED_EDGE('',*,*,#508,.T.);
#251=ORIENTED_EDGE('',*,*,#564,.F.);
#252=ORIENTED_EDGE('',*,*,#565,.F.);
#253=ORIENTED_EDGE('',*,*,#566,.F.);
#254=ORIENTED_EDGE('',*,*,#529,.F.);
#255=ORIENTED_EDGE('',*,*,#504,.T.);
#256=ORIENTED_EDGE('',*,*,#516,.T.);
#257=ORIENTED_EDGE('',*,*,#513,.F.);
#258=ORIENTED_EDGE('',*,*,#525,.F.);
#259=ORIENTED_EDGE('',*,*,#567,.T.);
#260=ORIENTED_EDGE('',*,*,#568,.F.);
#261=ORIENTED_EDGE('',*,*,#569,.T.);
#262=ORIENTED_EDGE('',*,*,#514,.T.);
#263=ORIENTED_EDGE('',*,*,#569,.F.);
#264=ORIENTED_EDGE('',*,*,#570,.F.);
#265=ORIENTED_EDGE('',*,*,#571,.T.);
#266=ORIENTED_EDGE('',*,*,#515,.T.);
#267=ORIENTED_EDGE('',*,*,#571,.F.);
#268=ORIENTED_EDGE('',*,*,#572,.F.);
#269=ORIENTED_EDGE('',*,*,#573,.F.);
#270=ORIENTED_EDGE('',*,*,#526,.F.);
#271=ORIENTED_EDGE('',*,*,#511,.T.);
#272=ORIENTED_EDGE('',*,*,#523,.T.);
#273=ORIENTED_EDGE('',*,*,#520,.F.);
#274=ORIENTED_EDGE('',*,*,#537,.F.);
#275=ORIENTED_EDGE('',*,*,#574,.T.);
#276=ORIENTED_EDGE('',*,*,#575,.F.);
#277=ORIENTED_EDGE('',*,*,#576,.T.);
#278=ORIENTED_EDGE('',*,*,#521,.T.);
#279=ORIENTED_EDGE('',*,*,#576,.F.);
#280=ORIENTED_EDGE('',*,*,#577,.F.);
#281=ORIENTED_EDGE('',*,*,#578,.T.);
#282=ORIENTED_EDGE('',*,*,#522,.T.);
#283=ORIENTED_EDGE('',*,*,#578,.F.);
#284=ORIENTED_EDGE('',*,*,#579,.F.);
#285=ORIENTED_EDGE('',*,*,#580,.F.);
#286=ORIENTED_EDGE('',*,*,#538,.F.);
#287=ORIENTED_EDGE('',*,*,#518,.T.);
#288=ORIENTED_EDGE('',*,*,#581,.T.);
#289=ORIENTED_EDGE('',*,*,#574,.F.);
#290=ORIENTED_EDGE('',*,*,#536,.T.);
#291=ORIENTED_EDGE('',*,*,#580,.T.);
#292=ORIENTED_EDGE('',*,*,#582,.T.);
#293=ORIENTED_EDGE('',*,*,#583,.T.);
#294=ORIENTED_EDGE('',*,*,#542,.F.);
#295=ORIENTED_EDGE('',*,*,#545,.F.);
#296=ORIENTED_EDGE('',*,*,#584,.T.);
#297=ORIENTED_EDGE('',*,*,#546,.F.);
#298=ORIENTED_EDGE('',*,*,#533,.T.);
#299=ORIENTED_EDGE('',*,*,#552,.T.);
#300=ORIENTED_EDGE('',*,*,#585,.T.);
#301=ORIENTED_EDGE('',*,*,#553,.F.);
#302=ORIENTED_EDGE('',*,*,#530,.T.);
#303=ORIENTED_EDGE('',*,*,#559,.T.);
#304=ORIENTED_EDGE('',*,*,#586,.T.);
#305=ORIENTED_EDGE('',*,*,#560,.F.);
#306=ORIENTED_EDGE('',*,*,#527,.T.);
#307=ORIENTED_EDGE('',*,*,#566,.T.);
#308=ORIENTED_EDGE('',*,*,#587,.T.);
#309=ORIENTED_EDGE('',*,*,#567,.F.);
#310=ORIENTED_EDGE('',*,*,#524,.T.);
#311=ORIENTED_EDGE('',*,*,#573,.T.);
#312=ORIENTED_EDGE('',*,*,#583,.F.);
#313=ORIENTED_EDGE('',*,*,#588,.T.);
#314=ORIENTED_EDGE('',*,*,#589,.T.);
#315=ORIENTED_EDGE('',*,*,#539,.F.);
#316=ORIENTED_EDGE('',*,*,#590,.T.);
#317=ORIENTED_EDGE('',*,*,#433,.T.);
#318=ORIENTED_EDGE('',*,*,#434,.T.);
#319=ORIENTED_EDGE('',*,*,#424,.T.);
#320=ORIENTED_EDGE('',*,*,#591,.T.);
#321=ORIENTED_EDGE('',*,*,#449,.T.);
#322=ORIENTED_EDGE('',*,*,#451,.T.);
#323=ORIENTED_EDGE('',*,*,#442,.T.);
#324=ORIENTED_EDGE('',*,*,#592,.T.);
#325=ORIENTED_EDGE('',*,*,#466,.T.);
#326=ORIENTED_EDGE('',*,*,#468,.T.);
#327=ORIENTED_EDGE('',*,*,#459,.T.);
#328=ORIENTED_EDGE('',*,*,#593,.T.);
#329=ORIENTED_EDGE('',*,*,#483,.T.);
#330=ORIENTED_EDGE('',*,*,#485,.T.);
#331=ORIENTED_EDGE('',*,*,#476,.T.);
#332=ORIENTED_EDGE('',*,*,#594,.T.);
#333=ORIENTED_EDGE('',*,*,#595,.T.);
#334=ORIENTED_EDGE('',*,*,#596,.T.);
#335=ORIENTED_EDGE('',*,*,#597,.T.);
#336=ORIENTED_EDGE('',*,*,#598,.T.);
#337=ORIENTED_EDGE('',*,*,#543,.T.);
#338=ORIENTED_EDGE('',*,*,#540,.F.);
#339=ORIENTED_EDGE('',*,*,#589,.F.);
#340=ORIENTED_EDGE('',*,*,#590,.F.);
#341=ORIENTED_EDGE('',*,*,#588,.F.);
#342=ORIENTED_EDGE('',*,*,#582,.F.);
#343=ORIENTED_EDGE('',*,*,#579,.T.);
#344=ORIENTED_EDGE('',*,*,#577,.T.);
#345=ORIENTED_EDGE('',*,*,#575,.T.);
#346=ORIENTED_EDGE('',*,*,#581,.F.);
#347=ORIENTED_EDGE('',*,*,#572,.T.);
#348=ORIENTED_EDGE('',*,*,#570,.T.);
#349=ORIENTED_EDGE('',*,*,#568,.T.);
#350=ORIENTED_EDGE('',*,*,#587,.F.);
#351=ORIENTED_EDGE('',*,*,#565,.T.);
#352=ORIENTED_EDGE('',*,*,#563,.T.);
#353=ORIENTED_EDGE('',*,*,#561,.T.);
#354=ORIENTED_EDGE('',*,*,#586,.F.);
#355=ORIENTED_EDGE('',*,*,#558,.T.);
#356=ORIENTED_EDGE('',*,*,#556,.T.);
#357=ORIENTED_EDGE('',*,*,#554,.T.);
#358=ORIENTED_EDGE('',*,*,#585,.F.);
#359=ORIENTED_EDGE('',*,*,#551,.T.);
#360=ORIENTED_EDGE('',*,*,#549,.T.);
#361=ORIENTED_EDGE('',*,*,#547,.T.);
#362=ORIENTED_EDGE('',*,*,#584,.F.);
#363=ORIENTED_EDGE('',*,*,#544,.F.);
#364=ORIENTED_EDGE('',*,*,#598,.F.);
#365=ORIENTED_EDGE('',*,*,#599,.T.);
#366=ORIENTED_EDGE('',*,*,#600,.T.);
#367=ORIENTED_EDGE('',*,*,#601,.F.);
#368=ORIENTED_EDGE('',*,*,#594,.F.);
#369=ORIENTED_EDGE('',*,*,#475,.T.);
#370=ORIENTED_EDGE('',*,*,#480,.T.);
#371=ORIENTED_EDGE('',*,*,#484,.F.);
#372=ORIENTED_EDGE('',*,*,#593,.F.);
#373=ORIENTED_EDGE('',*,*,#458,.T.);
#374=ORIENTED_EDGE('',*,*,#463,.T.);
#375=ORIENTED_EDGE('',*,*,#467,.F.);
#376=ORIENTED_EDGE('',*,*,#592,.F.);
#377=ORIENTED_EDGE('',*,*,#441,.T.);
#378=ORIENTED_EDGE('',*,*,#446,.T.);
#379=ORIENTED_EDGE('',*,*,#450,.F.);
#380=ORIENTED_EDGE('',*,*,#591,.F.);
#381=ORIENTED_EDGE('',*,*,#423,.T.);
#382=ORIENTED_EDGE('',*,*,#428,.T.);
#383=ORIENTED_EDGE('',*,*,#602,.T.);
#384=ORIENTED_EDGE('',*,*,#429,.F.);
#385=ORIENTED_EDGE('',*,*,#603,.T.);
#386=ORIENTED_EDGE('',*,*,#604,.T.);
#387=ORIENTED_EDGE('',*,*,#605,.T.);
#388=ORIENTED_EDGE('',*,*,#606,.T.);
#389=ORIENTED_EDGE('',*,*,#603,.F.);
#390=ORIENTED_EDGE('',*,*,#607,.F.);
#391=ORIENTED_EDGE('',*,*,#600,.F.);
#392=ORIENTED_EDGE('',*,*,#608,.T.);
#393=ORIENTED_EDGE('',*,*,#606,.F.);
#394=ORIENTED_EDGE('',*,*,#609,.F.);
#395=ORIENTED_EDGE('',*,*,#610,.T.);
#396=ORIENTED_EDGE('',*,*,#595,.F.);
#397=ORIENTED_EDGE('',*,*,#601,.T.);
#398=ORIENTED_EDGE('',*,*,#607,.T.);
#399=ORIENTED_EDGE('',*,*,#605,.F.);
#400=ORIENTED_EDGE('',*,*,#611,.F.);
#401=ORIENTED_EDGE('',*,*,#612,.T.);
#402=ORIENTED_EDGE('',*,*,#609,.T.);
#403=ORIENTED_EDGE('',*,*,#596,.F.);
#404=ORIENTED_EDGE('',*,*,#610,.F.);
#405=ORIENTED_EDGE('',*,*,#612,.F.);
#406=ORIENTED_EDGE('',*,*,#613,.F.);
#407=ORIENTED_EDGE('',*,*,#604,.F.);
#408=ORIENTED_EDGE('',*,*,#608,.F.);
#409=ORIENTED_EDGE('',*,*,#599,.F.);
#410=ORIENTED_EDGE('',*,*,#597,.F.);
#411=ORIENTED_EDGE('',*,*,#613,.T.);
#412=ORIENTED_EDGE('',*,*,#611,.T.);
#413=ORIENTED_EDGE('',*,*,#602,.F.);
#414=ORIENTED_EDGE('',*,*,#427,.F.);
#415=ORIENTED_EDGE('',*,*,#418,.F.);
#416=ORIENTED_EDGE('',*,*,#430,.F.);
#417=EDGE_CURVE('',#614,#615,#746,.T.);
#418=EDGE_CURVE('',#615,#616,#747,.F.);
#419=EDGE_CURVE('',#616,#617,#748,.T.);
#420=EDGE_CURVE('',#617,#618,#749,.T.);
#421=EDGE_CURVE('',#618,#614,#750,.T.);
#422=EDGE_CURVE('',#619,#617,#751,.T.);
#423=EDGE_CURVE('',#620,#619,#752,.T.);
#424=EDGE_CURVE('',#621,#620,#753,.T.);
#425=EDGE_CURVE('',#621,#622,#754,.T.);
#426=EDGE_CURVE('',#622,#618,#755,.T.);
#427=EDGE_CURVE('',#616,#623,#756,.T.);
#428=EDGE_CURVE('',#619,#623,#757,.T.);
#429=EDGE_CURVE('',#624,#625,#758,.T.);
#430=EDGE_CURVE('',#625,#615,#759,.T.);
#431=EDGE_CURVE('',#626,#614,#760,.T.);
#432=EDGE_CURVE('',#626,#627,#761,.T.);
#433=EDGE_CURVE('',#624,#627,#762,.T.);
#434=EDGE_CURVE('',#627,#621,#763,.T.);
#435=EDGE_CURVE('',#622,#626,#764,.T.);
#436=EDGE_CURVE('',#628,#629,#765,.T.);
#437=EDGE_CURVE('',#629,#630,#766,.T.);
#438=EDGE_CURVE('',#630,#631,#767,.T.);
#439=EDGE_CURVE('',#631,#628,#768,.T.);
#440=EDGE_CURVE('',#632,#629,#769,.T.);
#441=EDGE_CURVE('',#633,#632,#770,.T.);
#442=EDGE_CURVE('',#634,#633,#771,.T.);
#443=EDGE_CURVE('',#634,#635,#772,.T.);
#444=EDGE_CURVE('',#635,#630,#773,.T.);
#445=EDGE_CURVE('',#636,#628,#774,.T.);
#446=EDGE_CURVE('',#632,#636,#775,.T.);
#447=EDGE_CURVE('',#637,#631,#776,.T.);
#448=EDGE_CURVE('',#637,#638,#777,.T.);
#449=EDGE_CURVE('',#639,#638,#778,.T.);
#450=EDGE_CURVE('',#639,#636,#779,.T.);
#451=EDGE_CURVE('',#638,#634,#780,.T.);
#452=EDGE_CURVE('',#635,#637,#781,.T.);
#453=EDGE_CURVE('',#640,#641,#782,.T.);
#454=EDGE_CURVE('',#641,#642,#783,.T.);
#455=EDGE_CURVE('',#642,#643,#784,.T.);
#456=EDGE_CURVE('',#643,#640,#785,.T.);
#457=EDGE_CURVE('',#644,#641,#786,.T.);
#458=EDGE_CURVE('',#645,#644,#787,.T.);
#459=EDGE_CURVE('',#646,#645,#788,.T.);
#460=EDGE_CURVE('',#646,#647,#789,.T.);
#461=EDGE_CURVE('',#647,#642,#790,.T.);
#462=EDGE_CURVE('',#648,#640,#791,.T.);
#463=EDGE_CURVE('',#644,#648,#792,.T.);
#464=EDGE_CURVE('',#649,#643,#793,.T.);
#465=EDGE_CURVE('',#649,#650,#794,.T.);
#466=EDGE_CURVE('',#651,#650,#795,.T.);
#467=EDGE_CURVE('',#651,#648,#796,.T.);
#468=EDGE_CURVE('',#650,#646,#797,.T.);
#469=EDGE_CURVE('',#647,#649,#798,.T.);
#470=EDGE_CURVE('',#652,#653,#799,.T.);
#471=EDGE_CURVE('',#653,#654,#800,.T.);
#472=EDGE_CURVE('',#654,#655,#801,.T.);
#473=EDGE_CURVE('',#655,#652,#802,.T.);
#474=EDGE_CURVE('',#656,#653,#803,.T.);
#475=EDGE_CURVE('',#657,#656,#804,.T.);
#476=EDGE_CURVE('',#658,#657,#805,.T.);
#477=EDGE_CURVE('',#658,#659,#806,.T.);
#478=EDGE_CURVE('',#659,#654,#807,.T.);
#479=EDGE_CURVE('',#660,#652,#808,.T.);
#480=EDGE_CURVE('',#656,#660,#809,.T.);
#481=EDGE_CURVE('',#661,#655,#810,.T.);
#482=EDGE_CURVE('',#661,#662,#811,.T.);
#483=EDGE_CURVE('',#663,#662,#812,.T.);
#484=EDGE_CURVE('',#663,#660,#813,.T.);
#485=EDGE_CURVE('',#662,#658,#814,.T.);
#486=EDGE_CURVE('',#659,#661,#815,.T.);
#487=EDGE_CURVE('',#664,#664,#21,.T.);
#488=EDGE_CURVE('',#665,#665,#22,.T.);
#489=EDGE_CURVE('',#666,#667,#816,.T.);
#490=EDGE_CURVE('',#668,#667,#817,.T.);
#491=EDGE_CURVE('',#669,#668,#818,.T.);
#492=EDGE_CURVE('',#669,#666,#819,.T.);
#493=EDGE_CURVE('',#670,#671,#820,.T.);
#494=EDGE_CURVE('',#667,#670,#821,.T.);
#495=EDGE_CURVE('',#671,#666,#822,.T.);
#496=EDGE_CURVE('',#672,#673,#823,.T.);
#497=EDGE_CURVE('',#674,#673,#824,.T.);
#498=EDGE_CURVE('',#675,#674,#825,.T.);
#499=EDGE_CURVE('',#675,#672,#826,.T.);
#500=EDGE_CURVE('',#676,#677,#827,.T.);
#501=EDGE_CURVE('',#673,#676,#828,.T.);
#502=EDGE_CURVE('',#677,#672,#829,.T.);
#503=EDGE_CURVE('',#678,#679,#830,.T.);
#504=EDGE_CURVE('',#680,#679,#831,.T.);
#505=EDGE_CURVE('',#681,#680,#832,.T.);
#506=EDGE_CURVE('',#681,#678,#833,.T.);
#507=EDGE_CURVE('',#682,#683,#834,.T.);
#508=EDGE_CURVE('',#679,#682,#835,.T.);
#509=EDGE_CURVE('',#683,#678,#836,.T.);
#510=EDGE_CURVE('',#684,#685,#837,.T.);
#511=EDGE_CURVE('',#686,#685,#838,.T.);
#512=EDGE_CURVE('',#687,#686,#839,.T.);
#513=EDGE_CURVE('',#687,#684,#840,.T.);
#514=EDGE_CURVE('',#688,#689,#841,.T.);
#515=EDGE_CURVE('',#685,#688,#842,.T.);
#516=EDGE_CURVE('',#689,#684,#843,.T.);
#517=EDGE_CURVE('',#690,#691,#844,.T.);
#518=EDGE_CURVE('',#692,#691,#845,.T.);
#519=EDGE_CURVE('',#693,#692,#846,.T.);
#520=EDGE_CURVE('',#693,#690,#847,.T.);
#521=EDGE_CURVE('',#694,#695,#848,.T.);
#522=EDGE_CURVE('',#691,#694,#849,.T.);
#523=EDGE_CURVE('',#695,#690,#850,.T.);
#524=EDGE_CURVE('',#696,#697,#851,.T.);
#525=EDGE_CURVE('',#696,#687,#852,.T.);
#526=EDGE_CURVE('',#686,#697,#853,.T.);
#527=EDGE_CURVE('',#698,#699,#854,.T.);
#528=EDGE_CURVE('',#698,#681,#855,.T.);
#529=EDGE_CURVE('',#680,#699,#856,.T.);
#530=EDGE_CURVE('',#700,#701,#857,.T.);
#531=EDGE_CURVE('',#700,#675,#858,.T.);
#532=EDGE_CURVE('',#674,#701,#859,.T.);
#533=EDGE_CURVE('',#702,#703,#860,.T.);
#534=EDGE_CURVE('',#702,#669,#861,.T.);
#535=EDGE_CURVE('',#668,#703,#862,.T.);
#536=EDGE_CURVE('',#704,#705,#863,.T.);
#537=EDGE_CURVE('',#704,#693,#864,.T.);
#538=EDGE_CURVE('',#692,#705,#865,.T.);
#539=EDGE_CURVE('',#706,#707,#866,.T.);
#540=EDGE_CURVE('',#707,#708,#867,.T.);
#541=EDGE_CURVE('',#708,#709,#868,.T.);
#542=EDGE_CURVE('',#709,#706,#869,.T.);
#543=EDGE_CURVE('',#710,#708,#870,.T.);
#544=EDGE_CURVE('',#710,#711,#871,.T.);
#545=EDGE_CURVE('',#711,#709,#872,.T.);
#546=EDGE_CURVE('',#702,#712,#873,.T.);
#547=EDGE_CURVE('',#713,#712,#874,.T.);
#548=EDGE_CURVE('',#713,#671,#875,.T.);
#549=EDGE_CURVE('',#714,#713,#876,.T.);
#550=EDGE_CURVE('',#714,#670,#877,.T.);
#551=EDGE_CURVE('',#715,#714,#878,.T.);
#552=EDGE_CURVE('',#703,#715,#879,.T.);
#553=EDGE_CURVE('',#700,#716,#880,.T.);
#554=EDGE_CURVE('',#717,#716,#881,.T.);
#555=EDGE_CURVE('',#717,#677,#882,.T.);
#556=EDGE_CURVE('',#718,#717,#883,.T.);
#557=EDGE_CURVE('',#718,#676,#884,.T.);
#558=EDGE_CURVE('',#719,#718,#885,.T.);
#559=EDGE_CURVE('',#701,#719,#886,.T.);
#560=EDGE_CURVE('',#698,#720,#887,.T.);
#561=EDGE_CURVE('',#721,#720,#888,.T.);
#562=EDGE_CURVE('',#721,#683,#889,.T.);
#563=EDGE_CURVE('',#722,#721,#890,.T.);
#564=EDGE_CURVE('',#722,#682,#891,.T.);
#565=EDGE_CURVE('',#723,#722,#892,.T.);
#566=EDGE_CURVE('',#699,#723,#893,.T.);
#567=EDGE_CURVE('',#696,#724,#894,.T.);
#568=EDGE_CURVE('',#725,#724,#895,.T.);
#569=EDGE_CURVE('',#725,#689,#896,.T.);
#570=EDGE_CURVE('',#726,#725,#897,.T.);
#571=EDGE_CURVE('',#726,#688,#898,.T.);
#572=EDGE_CURVE('',#727,#726,#899,.T.);
#573=EDGE_CURVE('',#697,#727,#900,.T.);
#574=EDGE_CURVE('',#704,#728,#901,.T.);
#575=EDGE_CURVE('',#729,#728,#902,.T.);
#576=EDGE_CURVE('',#729,#695,#903,.T.);
#577=EDGE_CURVE('',#730,#729,#904,.T.);
#578=EDGE_CURVE('',#730,#694,#905,.T.);
#579=EDGE_CURVE('',#731,#730,#906,.T.);
#580=EDGE_CURVE('',#705,#731,#907,.T.);
#581=EDGE_CURVE('',#727,#728,#908,.T.);
#582=EDGE_CURVE('',#731,#732,#909,.T.);
#583=EDGE_CURVE('',#732,#706,#910,.T.);
#584=EDGE_CURVE('',#711,#712,#911,.T.);
#585=EDGE_CURVE('',#715,#716,#912,.T.);
#586=EDGE_CURVE('',#719,#720,#913,.T.);
#587=EDGE_CURVE('',#723,#724,#914,.T.);
#588=EDGE_CURVE('',#732,#733,#915,.T.);
#589=EDGE_CURVE('',#733,#707,#916,.T.);
#590=EDGE_CURVE('',#733,#624,#917,.T.);
#591=EDGE_CURVE('',#620,#639,#918,.T.);
#592=EDGE_CURVE('',#633,#651,#919,.T.);
#593=EDGE_CURVE('',#645,#663,#920,.T.);
#594=EDGE_CURVE('',#657,#734,#921,.T.);
#595=EDGE_CURVE('',#734,#735,#922,.T.);
#596=EDGE_CURVE('',#735,#736,#923,.T.);
#597=EDGE_CURVE('',#736,#737,#924,.T.);
#598=EDGE_CURVE('',#737,#710,#925,.T.);
#599=EDGE_CURVE('',#737,#738,#926,.T.);
#600=EDGE_CURVE('',#738,#739,#927,.T.);
#601=EDGE_CURVE('',#734,#739,#928,.T.);
#602=EDGE_CURVE('',#623,#625,#929,.F.);
#603=EDGE_CURVE('',#740,#741,#930,.T.);
#604=EDGE_CURVE('',#741,#742,#931,.T.);
#605=EDGE_CURVE('',#742,#743,#932,.T.);
#606=EDGE_CURVE('',#743,#740,#933,.T.);
#607=EDGE_CURVE('',#739,#740,#934,.T.);
#608=EDGE_CURVE('',#738,#741,#935,.T.);
#609=EDGE_CURVE('',#744,#743,#936,.T.);
#610=EDGE_CURVE('',#744,#735,#937,.T.);
#611=EDGE_CURVE('',#745,#742,#938,.T.);
#612=EDGE_CURVE('',#745,#744,#939,.T.);
#613=EDGE_CURVE('',#736,#745,#940,.T.);
#614=VERTEX_POINT('',#2318);
#615=VERTEX_POINT('',#2319);
#616=VERTEX_POINT('',#2321);
#617=VERTEX_POINT('',#2323);
#618=VERTEX_POINT('',#2325);
#619=VERTEX_POINT('',#2329);
#620=VERTEX_POINT('',#2331);
#621=VERTEX_POINT('',#2333);
#622=VERTEX_POINT('',#2335);
#623=VERTEX_POINT('',#2339);
#624=VERTEX_POINT('',#2343);
#625=VERTEX_POINT('',#2344);
#626=VERTEX_POINT('',#2347);
#627=VERTEX_POINT('',#2349);
#628=VERTEX_POINT('',#2357);
#629=VERTEX_POINT('',#2358);
#630=VERTEX_POINT('',#2360);
#631=VERTEX_POINT('',#2362);
#632=VERTEX_POINT('',#2366);
#633=VERTEX_POINT('',#2368);
#634=VERTEX_POINT('',#2370);
#635=VERTEX_POINT('',#2372);
#636=VERTEX_POINT('',#2376);
#637=VERTEX_POINT('',#2380);
#638=VERTEX_POINT('',#2382);
#639=VERTEX_POINT('',#2384);
#640=VERTEX_POINT('',#2392);
#641=VERTEX_POINT('',#2393);
#642=VERTEX_POINT('',#2395);
#643=VERTEX_POINT('',#2397);
#644=VERTEX_POINT('',#2401);
#645=VERTEX_POINT('',#2403);
#646=VERTEX_POINT('',#2405);
#647=VERTEX_POINT('',#2407);
#648=VERTEX_POINT('',#2411);
#649=VERTEX_POINT('',#2415);
#650=VERTEX_POINT('',#2417);
#651=VERTEX_POINT('',#2419);
#652=VERTEX_POINT('',#2427);
#653=VERTEX_POINT('',#2428);
#654=VERTEX_POINT('',#2430);
#655=VERTEX_POINT('',#2432);
#656=VERTEX_POINT('',#2436);
#657=VERTEX_POINT('',#2438);
#658=VERTEX_POINT('',#2440);
#659=VERTEX_POINT('',#2442);
#660=VERTEX_POINT('',#2446);
#661=VERTEX_POINT('',#2450);
#662=VERTEX_POINT('',#2452);
#663=VERTEX_POINT('',#2454);
#664=VERTEX_POINT('',#2462);
#665=VERTEX_POINT('',#2465);
#666=VERTEX_POINT('',#2468);
#667=VERTEX_POINT('',#2469);
#668=VERTEX_POINT('',#2471);
#669=VERTEX_POINT('',#2473);
#670=VERTEX_POINT('',#2477);
#671=VERTEX_POINT('',#2478);
#672=VERTEX_POINT('',#2483);
#673=VERTEX_POINT('',#2484);
#674=VERTEX_POINT('',#2486);
#675=VERTEX_POINT('',#2488);
#676=VERTEX_POINT('',#2492);
#677=VERTEX_POINT('',#2493);
#678=VERTEX_POINT('',#2498);
#679=VERTEX_POINT('',#2499);
#680=VERTEX_POINT('',#2501);
#681=VERTEX_POINT('',#2503);
#682=VERTEX_POINT('',#2507);
#683=VERTEX_POINT('',#2508);
#684=VERTEX_POINT('',#2513);
#685=VERTEX_POINT('',#2514);
#686=VERTEX_POINT('',#2516);
#687=VERTEX_POINT('',#2518);
#688=VERTEX_POINT('',#2522);
#689=VERTEX_POINT('',#2523);
#690=VERTEX_POINT('',#2528);
#691=VERTEX_POINT('',#2529);
#692=VERTEX_POINT('',#2531);
#693=VERTEX_POINT('',#2533);
#694=VERTEX_POINT('',#2537);
#695=VERTEX_POINT('',#2538);
#696=VERTEX_POINT('',#2543);
#697=VERTEX_POINT('',#2544);
#698=VERTEX_POINT('',#2549);
#699=VERTEX_POINT('',#2550);
#700=VERTEX_POINT('',#2555);
#701=VERTEX_POINT('',#2556);
#702=VERTEX_POINT('',#2561);
#703=VERTEX_POINT('',#2562);
#704=VERTEX_POINT('',#2567);
#705=VERTEX_POINT('',#2568);
#706=VERTEX_POINT('',#2573);
#707=VERTEX_POINT('',#2574);
#708=VERTEX_POINT('',#2576);
#709=VERTEX_POINT('',#2578);
#710=VERTEX_POINT('',#2582);
#711=VERTEX_POINT('',#2584);
#712=VERTEX_POINT('',#2588);
#713=VERTEX_POINT('',#2590);
#714=VERTEX_POINT('',#2594);
#715=VERTEX_POINT('',#2598);
#716=VERTEX_POINT('',#2602);
#717=VERTEX_POINT('',#2604);
#718=VERTEX_POINT('',#2608);
#719=VERTEX_POINT('',#2612);
#720=VERTEX_POINT('',#2616);
#721=VERTEX_POINT('',#2618);
#722=VERTEX_POINT('',#2622);
#723=VERTEX_POINT('',#2626);
#724=VERTEX_POINT('',#2630);
#725=VERTEX_POINT('',#2632);
#726=VERTEX_POINT('',#2636);
#727=VERTEX_POINT('',#2640);
#728=VERTEX_POINT('',#2644);
#729=VERTEX_POINT('',#2646);
#730=VERTEX_POINT('',#2650);
#731=VERTEX_POINT('',#2654);
#732=VERTEX_POINT('',#2659);
#733=VERTEX_POINT('',#2667);
#734=VERTEX_POINT('',#2675);
#735=VERTEX_POINT('',#2677);
#736=VERTEX_POINT('',#2679);
#737=VERTEX_POINT('',#2681);
#738=VERTEX_POINT('',#2685);
#739=VERTEX_POINT('',#2687);
#740=VERTEX_POINT('',#2692);
#741=VERTEX_POINT('',#2693);
#742=VERTEX_POINT('',#2695);
#743=VERTEX_POINT('',#2697);
#744=VERTEX_POINT('',#2704);
#745=VERTEX_POINT('',#2708);
#746=LINE('',#2317,#941);
#747=LINE('',#2320,#942);
#748=LINE('',#2322,#943);
#749=LINE('',#2324,#944);
#750=LINE('',#2326,#945);
#751=LINE('',#2328,#946);
#752=LINE('',#2330,#947);
#753=LINE('',#2332,#948);
#754=LINE('',#2334,#949);
#755=LINE('',#2336,#950);
#756=LINE('',#2338,#951);
#757=LINE('',#2340,#952);
#758=LINE('',#2342,#953);
#759=LINE('',#2345,#954);
#760=LINE('',#2346,#955);
#761=LINE('',#2348,#956);
#762=LINE('',#2350,#957);
#763=LINE('',#2352,#958);
#764=LINE('',#2353,#959);
#765=LINE('',#2356,#960);
#766=LINE('',#2359,#961);
#767=LINE('',#2361,#962);
#768=LINE('',#2363,#963);
#769=LINE('',#2365,#964);
#770=LINE('',#2367,#965);
#771=LINE('',#2369,#966);
#772=LINE('',#2371,#967);
#773=LINE('',#2373,#968);
#774=LINE('',#2375,#969);
#775=LINE('',#2377,#970);
#776=LINE('',#2379,#971);
#777=LINE('',#2381,#972);
#778=LINE('',#2383,#973);
#779=LINE('',#2385,#974);
#780=LINE('',#2387,#975);
#781=LINE('',#2388,#976);
#782=LINE('',#2391,#977);
#783=LINE('',#2394,#978);
#784=LINE('',#2396,#979);
#785=LINE('',#2398,#980);
#786=LINE('',#2400,#981);
#787=LINE('',#2402,#982);
#788=LINE('',#2404,#983);
#789=LINE('',#2406,#984);
#790=LINE('',#2408,#985);
#791=LINE('',#2410,#986);
#792=LINE('',#2412,#987);
#793=LINE('',#2414,#988);
#794=LINE('',#2416,#989);
#795=LINE('',#2418,#990);
#796=LINE('',#2420,#991);
#797=LINE('',#2422,#992);
#798=LINE('',#2423,#993);
#799=LINE('',#2426,#994);
#800=LINE('',#2429,#995);
#801=LINE('',#2431,#996);
#802=LINE('',#2433,#997);
#803=LINE('',#2435,#998);
#804=LINE('',#2437,#999);
#805=LINE('',#2439,#1000);
#806=LINE('',#2441,#1001);
#807=LINE('',#2443,#1002);
#808=LINE('',#2445,#1003);
#809=LINE('',#2447,#1004);
#810=LINE('',#2449,#1005);
#811=LINE('',#2451,#1006);
#812=LINE('',#2453,#1007);
#813=LINE('',#2455,#1008);
#814=LINE('',#2457,#1009);
#815=LINE('',#2458,#1010);
#816=LINE('',#2467,#1011);
#817=LINE('',#2470,#1012);
#818=LINE('',#2472,#1013);
#819=LINE('',#2474,#1014);
#820=LINE('',#2476,#1015);
#821=LINE('',#2479,#1016);
#822=LINE('',#2480,#1017);
#823=LINE('',#2482,#1018);
#824=LINE('',#2485,#1019);
#825=LINE('',#2487,#1020);
#826=LINE('',#2489,#1021);
#827=LINE('',#2491,#1022);
#828=LINE('',#2494,#1023);
#829=LINE('',#2495,#1024);
#830=LINE('',#2497,#1025);
#831=LINE('',#2500,#1026);
#832=LINE('',#2502,#1027);
#833=LINE('',#2504,#1028);
#834=LINE('',#2506,#1029);
#835=LINE('',#2509,#1030);
#836=LINE('',#2510,#1031);
#837=LINE('',#2512,#1032);
#838=LINE('',#2515,#1033);
#839=LINE('',#2517,#1034);
#840=LINE('',#2519,#1035);
#841=LINE('',#2521,#1036);
#842=LINE('',#2524,#1037);
#843=LINE('',#2525,#1038);
#844=LINE('',#2527,#1039);
#845=LINE('',#2530,#1040);
#846=LINE('',#2532,#1041);
#847=LINE('',#2534,#1042);
#848=LINE('',#2536,#1043);
#849=LINE('',#2539,#1044);
#850=LINE('',#2540,#1045);
#851=LINE('',#2542,#1046);
#852=LINE('',#2545,#1047);
#853=LINE('',#2546,#1048);
#854=LINE('',#2548,#1049);
#855=LINE('',#2551,#1050);
#856=LINE('',#2552,#1051);
#857=LINE('',#2554,#1052);
#858=LINE('',#2557,#1053);
#859=LINE('',#2558,#1054);
#860=LINE('',#2560,#1055);
#861=LINE('',#2563,#1056);
#862=LINE('',#2564,#1057);
#863=LINE('',#2566,#1058);
#864=LINE('',#2569,#1059);
#865=LINE('',#2570,#1060);
#866=LINE('',#2572,#1061);
#867=LINE('',#2575,#1062);
#868=LINE('',#2577,#1063);
#869=LINE('',#2579,#1064);
#870=LINE('',#2581,#1065);
#871=LINE('',#2583,#1066);
#872=LINE('',#2585,#1067);
#873=LINE('',#2587,#1068);
#874=LINE('',#2589,#1069);
#875=LINE('',#2591,#1070);
#876=LINE('',#2593,#1071);
#877=LINE('',#2595,#1072);
#878=LINE('',#2597,#1073);
#879=LINE('',#2599,#1074);
#880=LINE('',#2601,#1075);
#881=LINE('',#2603,#1076);
#882=LINE('',#2605,#1077);
#883=LINE('',#2607,#1078);
#884=LINE('',#2609,#1079);
#885=LINE('',#2611,#1080);
#886=LINE('',#2613,#1081);
#887=LINE('',#2615,#1082);
#888=LINE('',#2617,#1083);
#889=LINE('',#2619,#1084);
#890=LINE('',#2621,#1085);
#891=LINE('',#2623,#1086);
#892=LINE('',#2625,#1087);
#893=LINE('',#2627,#1088);
#894=LINE('',#2629,#1089);
#895=LINE('',#2631,#1090);
#896=LINE('',#2633,#1091);
#897=LINE('',#2635,#1092);
#898=LINE('',#2637,#1093);
#899=LINE('',#2639,#1094);
#900=LINE('',#2641,#1095);
#901=LINE('',#2643,#1096);
#902=LINE('',#2645,#1097);
#903=LINE('',#2647,#1098);
#904=LINE('',#2649,#1099);
#905=LINE('',#2651,#1100);
#906=LINE('',#2653,#1101);
#907=LINE('',#2655,#1102);
#908=LINE('',#2657,#1103);
#909=LINE('',#2658,#1104);
#910=LINE('',#2660,#1105);
#911=LINE('',#2661,#1106);
#912=LINE('',#2662,#1107);
#913=LINE('',#2663,#1108);
#914=LINE('',#2664,#1109);
#915=LINE('',#2666,#1110);
#916=LINE('',#2668,#1111);
#917=LINE('',#2670,#1112);
#918=LINE('',#2671,#1113);
#919=LINE('',#2672,#1114);
#920=LINE('',#2673,#1115);
#921=LINE('',#2674,#1116);
#922=LINE('',#2676,#1117);
#923=LINE('',#2678,#1118);
#924=LINE('',#2680,#1119);
#925=LINE('',#2682,#1120);
#926=LINE('',#2684,#1121);
#927=LINE('',#2686,#1122);
#928=LINE('',#2688,#1123);
#929=LINE('',#2689,#1124);
#930=LINE('',#2691,#1125);
#931=LINE('',#2694,#1126);
#932=LINE('',#2696,#1127);
#933=LINE('',#2698,#1128);
#934=LINE('',#2700,#1129);
#935=LINE('',#2701,#1130);
#936=LINE('',#2703,#1131);
#937=LINE('',#2705,#1132);
#938=LINE('',#2707,#1133);
#939=LINE('',#2709,#1134);
#940=LINE('',#2711,#1135);
#941=VECTOR('',#1980,1000.);
#942=VECTOR('',#1981,1000.);
#943=VECTOR('',#1982,1000.);
#944=VECTOR('',#1983,1000.);
#945=VECTOR('',#1984,1000.);
#946=VECTOR('',#1987,1000.);
#947=VECTOR('',#1988,1000.);
#948=VECTOR('',#1989,1000.);
#949=VECTOR('',#1990,1000.);
#950=VECTOR('',#1991,1000.);
#951=VECTOR('',#1994,1000.);
#952=VECTOR('',#1995,1000.);
#953=VECTOR('',#1998,1000.);
#954=VECTOR('',#1999,1000.);
#955=VECTOR('',#2000,1000.);
#956=VECTOR('',#2001,1000.);
#957=VECTOR('',#2002,1000.);
#958=VECTOR('',#2005,1000.);
#959=VECTOR('',#2006,1000.);
#960=VECTOR('',#2011,1000.);
#961=VECTOR('',#2012,1000.);
#962=VECTOR('',#2013,1000.);
#963=VECTOR('',#2014,1000.);
#964=VECTOR('',#2017,1000.);
#965=VECTOR('',#2018,1000.);
#966=VECTOR('',#2019,1000.);
#967=VECTOR('',#2020,1000.);
#968=VECTOR('',#2021,1000.);
#969=VECTOR('',#2024,1000.);
#970=VECTOR('',#2025,1000.);
#971=VECTOR('',#2028,1000.);
#972=VECTOR('',#2029,1000.);
#973=VECTOR('',#2030,1000.);
#974=VECTOR('',#2031,1000.);
#975=VECTOR('',#2034,1000.);
#976=VECTOR('',#2035,1000.);
#977=VECTOR('',#2040,1000.);
#978=VECTOR('',#2041,1000.);
#979=VECTOR('',#2042,1000.);
#980=VECTOR('',#2043,1000.);
#981=VECTOR('',#2046,1000.);
#982=VECTOR('',#2047,1000.);
#983=VECTOR('',#2048,1000.);
#984=VECTOR('',#2049,1000.);
#985=VECTOR('',#2050,1000.);
#986=VECTOR('',#2053,1000.);
#987=VECTOR('',#2054,1000.);
#988=VECTOR('',#2057,1000.);
#989=VECTOR('',#2058,1000.);
#990=VECTOR('',#2059,1000.);
#991=VECTOR('',#2060,1000.);
#992=VECTOR('',#2063,1000.);
#993=VECTOR('',#2064,1000.);
#994=VECTOR('',#2069,1000.);
#995=VECTOR('',#2070,1000.);
#996=VECTOR('',#2071,1000.);
#997=VECTOR('',#2072,1000.);
#998=VECTOR('',#2075,1000.);
#999=VECTOR('',#2076,1000.);
#1000=VECTOR('',#2077,1000.);
#1001=VECTOR('',#2078,1000.);
#1002=VECTOR('',#2079,1000.);
#1003=VECTOR('',#2082,1000.);
#1004=VECTOR('',#2083,1000.);
#1005=VECTOR('',#2086,1000.);
#1006=VECTOR('',#2087,1000.);
#1007=VECTOR('',#2088,1000.);
#1008=VECTOR('',#2089,1000.);
#1009=VECTOR('',#2092,1000.);
#1010=VECTOR('',#2093,1000.);
#1011=VECTOR('',#2106,1000.);
#1012=VECTOR('',#2107,1000.);
#1013=VECTOR('',#2108,1000.);
#1014=VECTOR('',#2109,1000.);
#1015=VECTOR('',#2112,1000.);
#1016=VECTOR('',#2113,1000.);
#1017=VECTOR('',#2114,1000.);
#1018=VECTOR('',#2117,1000.);
#1019=VECTOR('',#2118,1000.);
#1020=VECTOR('',#2119,1000.);
#1021=VECTOR('',#2120,1000.);
#1022=VECTOR('',#2123,1000.);
#1023=VECTOR('',#2124,1000.);
#1024=VECTOR('',#2125,1000.);
#1025=VECTOR('',#2128,1000.);
#1026=VECTOR('',#2129,1000.);
#1027=VECTOR('',#2130,1000.);
#1028=VECTOR('',#2131,1000.);
#1029=VECTOR('',#2134,1000.);
#1030=VECTOR('',#2135,1000.);
#1031=VECTOR('',#2136,1000.);
#1032=VECTOR('',#2139,1000.);
#1033=VECTOR('',#2140,1000.);
#1034=VECTOR('',#2141,1000.);
#1035=VECTOR('',#2142,1000.);
#1036=VECTOR('',#2145,1000.);
#1037=VECTOR('',#2146,1000.);
#1038=VECTOR('',#2147,1000.);
#1039=VECTOR('',#2150,1000.);
#1040=VECTOR('',#2151,1000.);
#1041=VECTOR('',#2152,1000.);
#1042=VECTOR('',#2153,1000.);
#1043=VECTOR('',#2156,1000.);
#1044=VECTOR('',#2157,1000.);
#1045=VECTOR('',#2158,1000.);
#1046=VECTOR('',#2161,1000.);
#1047=VECTOR('',#2162,1000.);
#1048=VECTOR('',#2163,1000.);
#1049=VECTOR('',#2166,1000.);
#1050=VECTOR('',#2167,1000.);
#1051=VECTOR('',#2168,1000.);
#1052=VECTOR('',#2171,1000.);
#1053=VECTOR('',#2172,1000.);
#1054=VECTOR('',#2173,1000.);
#1055=VECTOR('',#2176,1000.);
#1056=VECTOR('',#2177,1000.);
#1057=VECTOR('',#2178,1000.);
#1058=VECTOR('',#2181,1000.);
#1059=VECTOR('',#2182,1000.);
#1060=VECTOR('',#2183,1000.);
#1061=VECTOR('',#2186,1000.);
#1062=VECTOR('',#2187,1000.);
#1063=VECTOR('',#2188,1000.);
#1064=VECTOR('',#2189,1000.);
#1065=VECTOR('',#2192,1000.);
#1066=VECTOR('',#2193,1000.);
#1067=VECTOR('',#2194,1000.);
#1068=VECTOR('',#2197,1000.);
#1069=VECTOR('',#2198,1000.);
#1070=VECTOR('',#2199,1000.);
#1071=VECTOR('',#2202,1000.);
#1072=VECTOR('',#2203,1000.);
#1073=VECTOR('',#2206,1000.);
#1074=VECTOR('',#2207,1000.);
#1075=VECTOR('',#2210,1000.);
#1076=VECTOR('',#2211,1000.);
#1077=VECTOR('',#2212,1000.);
#1078=VECTOR('',#2215,1000.);
#1079=VECTOR('',#2216,1000.);
#1080=VECTOR('',#2219,1000.);
#1081=VECTOR('',#2220,1000.);
#1082=VECTOR('',#2223,1000.);
#1083=VECTOR('',#2224,1000.);
#1084=VECTOR('',#2225,1000.);
#1085=VECTOR('',#2228,1000.);
#1086=VECTOR('',#2229,1000.);
#1087=VECTOR('',#2232,1000.);
#1088=VECTOR('',#2233,1000.);
#1089=VECTOR('',#2236,1000.);
#1090=VECTOR('',#2237,1000.);
#1091=VECTOR('',#2238,1000.);
#1092=VECTOR('',#2241,1000.);
#1093=VECTOR('',#2242,1000.);
#1094=VECTOR('',#2245,1000.);
#1095=VECTOR('',#2246,1000.);
#1096=VECTOR('',#2249,1000.);
#1097=VECTOR('',#2250,1000.);
#1098=VECTOR('',#2251,1000.);
#1099=VECTOR('',#2254,1000.);
#1100=VECTOR('',#2255,1000.);
#1101=VECTOR('',#2258,1000.);
#1102=VECTOR('',#2259,1000.);
#1103=VECTOR('',#2262,1000.);
#1104=VECTOR('',#2263,1000.);
#1105=VECTOR('',#2264,1000.);
#1106=VECTOR('',#2265,1000.);
#1107=VECTOR('',#2266,1000.);
#1108=VECTOR('',#2267,1000.);
#1109=VECTOR('',#2268,1000.);
#1110=VECTOR('',#2271,1000.);
#1111=VECTOR('',#2272,1000.);
#1112=VECTOR('',#2275,1000.);
#1113=VECTOR('',#2276,1000.);
#1114=VECTOR('',#2277,1000.);
#1115=VECTOR('',#2278,1000.);
#1116=VECTOR('',#2279,1000.);
#1117=VECTOR('',#2280,1000.);
#1118=VECTOR('',#2281,1000.);
#1119=VECTOR('',#2282,1000.);
#1120=VECTOR('',#2283,1000.);
#1121=VECTOR('',#2286,1000.);
#1122=VECTOR('',#2287,1000.);
#1123=VECTOR('',#2288,1000.);
#1124=VECTOR('',#2289,1000.);
#1125=VECTOR('',#2292,1000.);
#1126=VECTOR('',#2293,1000.);
#1127=VECTOR('',#2294,1000.);
#1128=VECTOR('',#2295,1000.);
#1129=VECTOR('',#2298,1000.);
#1130=VECTOR('',#2299,1000.);
#1131=VECTOR('',#2302,1000.);
#1132=VECTOR('',#2303,1000.);
#1133=VECTOR('',#2306,1000.);
#1134=VECTOR('',#2307,1000.);
#1135=VECTOR('',#2310,1000.);
#1136=EDGE_LOOP('',(#23,#24,#25,#26,#27));
#1137=EDGE_LOOP('',(#28,#29,#30,#31,#32,#33));
#1138=EDGE_LOOP('',(#34,#35,#36,#37));
#1139=EDGE_LOOP('',(#38,#39,#40,#41,#42,#43));
#1140=EDGE_LOOP('',(#44,#45,#46,#47));
#1141=EDGE_LOOP('',(#48,#49,#50,#51));
#1142=EDGE_LOOP('',(#52,#53,#54,#55));
#1143=EDGE_LOOP('',(#56,#57,#58,#59,#60,#61));
#1144=EDGE_LOOP('',(#62,#63,#64,#65));
#1145=EDGE_LOOP('',(#66,#67,#68,#69,#70,#71));
#1146=EDGE_LOOP('',(#72,#73,#74,#75));
#1147=EDGE_LOOP('',(#76,#77,#78,#79));
#1148=EDGE_LOOP('',(#80,#81,#82,#83));
#1149=EDGE_LOOP('',(#84,#85,#86,#87,#88,#89));
#1150=EDGE_LOOP('',(#90,#91,#92,#93));
#1151=EDGE_LOOP('',(#94,#95,#96,#97,#98,#99));
#1152=EDGE_LOOP('',(#100,#101,#102,#103));
#1153=EDGE_LOOP('',(#104,#105,#106,#107));
#1154=EDGE_LOOP('',(#108,#109,#110,#111));
#1155=EDGE_LOOP('',(#112,#113,#114,#115,#116,#117));
#1156=EDGE_LOOP('',(#118,#119,#120,#121));
#1157=EDGE_LOOP('',(#122,#123,#124,#125,#126,#127));
#1158=EDGE_LOOP('',(#128,#129,#130,#131));
#1159=EDGE_LOOP('',(#132,#133,#134,#135));
#1160=EDGE_LOOP('',(#136));
#1161=EDGE_LOOP('',(#137));
#1162=EDGE_LOOP('',(#138));
#1163=EDGE_LOOP('',(#139,#140,#141,#142));
#1164=EDGE_LOOP('',(#143,#144,#145,#146));
#1165=EDGE_LOOP('',(#147,#148,#149,#150));
#1166=EDGE_LOOP('',(#151,#152,#153,#154));
#1167=EDGE_LOOP('',(#155,#156,#157,#158));
#1168=EDGE_LOOP('',(#159,#160,#161,#162));
#1169=EDGE_LOOP('',(#163,#164,#165,#166));
#1170=EDGE_LOOP('',(#167,#168,#169,#170));
#1171=EDGE_LOOP('',(#171,#172,#173,#174));
#1172=EDGE_LOOP('',(#175,#176,#177,#178));
#1173=EDGE_LOOP('',(#179,#180,#181,#182));
#1174=EDGE_LOOP('',(#183,#184,#185,#186));
#1175=EDGE_LOOP('',(#187,#188,#189,#190));
#1176=EDGE_LOOP('',(#191,#192,#193,#194));
#1177=EDGE_LOOP('',(#195,#196,#197,#198));
#1178=EDGE_LOOP('',(#199));
#1179=EDGE_LOOP('',(#200,#201,#202,#203));
#1180=EDGE_LOOP('',(#204,#205,#206,#207));
#1181=EDGE_LOOP('',(#208,#209,#210,#211,#212,#213));
#1182=EDGE_LOOP('',(#214,#215,#216,#217));
#1183=EDGE_LOOP('',(#218,#219,#220,#221,#222,#223));
#1184=EDGE_LOOP('',(#224,#225,#226,#227,#228,#229));
#1185=EDGE_LOOP('',(#230,#231,#232,#233));
#1186=EDGE_LOOP('',(#234,#235,#236,#237,#238,#239));
#1187=EDGE_LOOP('',(#240,#241,#242,#243,#244,#245));
#1188=EDGE_LOOP('',(#246,#247,#248,#249));
#1189=EDGE_LOOP('',(#250,#251,#252,#253,#254,#255));
#1190=EDGE_LOOP('',(#256,#257,#258,#259,#260,#261));
#1191=EDGE_LOOP('',(#262,#263,#264,#265));
#1192=EDGE_LOOP('',(#266,#267,#268,#269,#270,#271));
#1193=EDGE_LOOP('',(#272,#273,#274,#275,#276,#277));
#1194=EDGE_LOOP('',(#278,#279,#280,#281));
#1195=EDGE_LOOP('',(#282,#283,#284,#285,#286,#287));
#1196=EDGE_LOOP('',(#288,#289,#290,#291,#292,#293,#294,#295,#296,#297,#298,
#299,#300,#301,#302,#303,#304,#305,#306,#307,#308,#309,#310,#311));
#1197=EDGE_LOOP('',(#312,#313,#314,#315));
#1198=EDGE_LOOP('',(#316,#317,#318,#319,#320,#321,#322,#323,#324,#325,#326,
#327,#328,#329,#330,#331,#332,#333,#334,#335,#336,#337,#338,#339));
#1199=EDGE_LOOP('',(#340,#341,#342,#343,#344,#345,#346,#347,#348,#349,#350,
#351,#352,#353,#354,#355,#356,#357,#358,#359,#360,#361,#362,#363,#364,#365,
#366,#367,#368,#369,#370,#371,#372,#373,#374,#375,#376,#377,#378,#379,#380,
#381,#382,#383,#384));
#1200=EDGE_LOOP('',(#385,#386,#387,#388));
#1201=EDGE_LOOP('',(#389,#390,#391,#392));
#1202=EDGE_LOOP('',(#393,#394,#395,#396,#397,#398));
#1203=EDGE_LOOP('',(#399,#400,#401,#402));
#1204=EDGE_LOOP('',(#403,#404,#405,#406));
#1205=EDGE_LOOP('',(#407,#408,#409,#410,#411,#412));
#1206=EDGE_LOOP('',(#413,#414,#415,#416));
#1207=FACE_BOUND('',#1136,.T.);
#1208=FACE_BOUND('',#1137,.T.);
#1209=FACE_BOUND('',#1138,.T.);
#1210=FACE_BOUND('',#1139,.T.);
#1211=FACE_BOUND('',#1140,.T.);
#1212=FACE_BOUND('',#1141,.T.);
#1213=FACE_BOUND('',#1142,.T.);
#1214=FACE_BOUND('',#1143,.T.);
#1215=FACE_BOUND('',#1144,.T.);
#1216=FACE_BOUND('',#1145,.T.);
#1217=FACE_BOUND('',#1146,.T.);
#1218=FACE_BOUND('',#1147,.T.);
#1219=FACE_BOUND('',#1148,.T.);
#1220=FACE_BOUND('',#1149,.T.);
#1221=FACE_BOUND('',#1150,.T.);
#1222=FACE_BOUND('',#1151,.T.);
#1223=FACE_BOUND('',#1152,.T.);
#1224=FACE_BOUND('',#1153,.T.);
#1225=FACE_BOUND('',#1154,.T.);
#1226=FACE_BOUND('',#1155,.T.);
#1227=FACE_BOUND('',#1156,.T.);
#1228=FACE_BOUND('',#1157,.T.);
#1229=FACE_BOUND('',#1158,.T.);
#1230=FACE_BOUND('',#1159,.T.);
#1231=FACE_BOUND('',#1160,.T.);
#1232=FACE_BOUND('',#1161,.T.);
#1233=FACE_BOUND('',#1162,.T.);
#1234=FACE_BOUND('',#1163,.T.);
#1235=FACE_BOUND('',#1164,.T.);
#1236=FACE_BOUND('',#1165,.T.);
#1237=FACE_BOUND('',#1166,.T.);
#1238=FACE_BOUND('',#1167,.T.);
#1239=FACE_BOUND('',#1168,.T.);
#1240=FACE_BOUND('',#1169,.T.);
#1241=FACE_BOUND('',#1170,.T.);
#1242=FACE_BOUND('',#1171,.T.);
#1243=FACE_BOUND('',#1172,.T.);
#1244=FACE_BOUND('',#1173,.T.);
#1245=FACE_BOUND('',#1174,.T.);
#1246=FACE_BOUND('',#1175,.T.);
#1247=FACE_BOUND('',#1176,.T.);
#1248=FACE_BOUND('',#1177,.T.);
#1249=FACE_BOUND('',#1178,.T.);
#1250=FACE_BOUND('',#1179,.T.);
#1251=FACE_BOUND('',#1180,.T.);
#1252=FACE_BOUND('',#1181,.T.);
#1253=FACE_BOUND('',#1182,.T.);
#1254=FACE_BOUND('',#1183,.T.);
#1255=FACE_BOUND('',#1184,.T.);
#1256=FACE_BOUND('',#1185,.T.);
#1257=FACE_BOUND('',#1186,.T.);
#1258=FACE_BOUND('',#1187,.T.);
#1259=FACE_BOUND('',#1188,.T.);
#1260=FACE_BOUND('',#1189,.T.);
#1261=FACE_BOUND('',#1190,.T.);
#1262=FACE_BOUND('',#1191,.T.);
#1263=FACE_BOUND('',#1192,.T.);
#1264=FACE_BOUND('',#1193,.T.);
#1265=FACE_BOUND('',#1194,.T.);
#1266=FACE_BOUND('',#1195,.T.);
#1267=FACE_BOUND('',#1196,.T.);
#1268=FACE_BOUND('',#1197,.T.);
#1269=FACE_BOUND('',#1198,.T.);
#1270=FACE_BOUND('',#1199,.T.);
#1271=FACE_BOUND('',#1200,.T.);
#1272=FACE_BOUND('',#1201,.T.);
#1273=FACE_BOUND('',#1202,.T.);
#1274=FACE_BOUND('',#1203,.T.);
#1275=FACE_BOUND('',#1204,.T.);
#1276=FACE_BOUND('',#1205,.T.);
#1277=FACE_BOUND('',#1206,.T.);
#1278=PLANE('',#1905);
#1279=PLANE('',#1906);
#1280=PLANE('',#1907);
#1281=PLANE('',#1908);
#1282=PLANE('',#1909);
#1283=PLANE('',#1910);
#1284=PLANE('',#1911);
#1285=PLANE('',#1912);
#1286=PLANE('',#1913);
#1287=PLANE('',#1914);
#1288=PLANE('',#1915);
#1289=PLANE('',#1916);
#1290=PLANE('',#1917);
#1291=PLANE('',#1918);
#1292=PLANE('',#1919);
#1293=PLANE('',#1920);
#1294=PLANE('',#1921);
#1295=PLANE('',#1922);
#1296=PLANE('',#1923);
#1297=PLANE('',#1924);
#1298=PLANE('',#1925);
#1299=PLANE('',#1926);
#1300=PLANE('',#1927);
#1301=PLANE('',#1928);
#1302=PLANE('',#1929);
#1303=PLANE('',#1933);
#1304=PLANE('',#1934);
#1305=PLANE('',#1935);
#1306=PLANE('',#1936);
#1307=PLANE('',#1937);
#1308=PLANE('',#1938);
#1309=PLANE('',#1939);
#1310=PLANE('',#1940);
#1311=PLANE('',#1941);
#1312=PLANE('',#1942);
#1313=PLANE('',#1943);
#1314=PLANE('',#1944);
#1315=PLANE('',#1945);
#1316=PLANE('',#1946);
#1317=PLANE('',#1947);
#1318=PLANE('',#1948);
#1319=PLANE('',#1949);
#1320=PLANE('',#1950);
#1321=PLANE('',#1951);
#1322=PLANE('',#1952);
#1323=PLANE('',#1953);
#1324=PLANE('',#1954);
#1325=PLANE('',#1955);
#1326=PLANE('',#1956);
#1327=PLANE('',#1957);
#1328=PLANE('',#1958);
#1329=PLANE('',#1959);
#1330=PLANE('',#1960);
#1331=PLANE('',#1961);
#1332=PLANE('',#1962);
#1333=PLANE('',#1963);
#1334=PLANE('',#1964);
#1335=PLANE('',#1965);
#1336=PLANE('',#1966);
#1337=PLANE('',#1967);
#1338=PLANE('',#1968);
#1339=PLANE('',#1969);
#1340=PLANE('',#1970);
#1341=PLANE('',#1971);
#1342=PLANE('',#1972);
#1343=PLANE('',#1973);
#1344=PLANE('',#1974);
#1345=PLANE('',#1975);
#1346=STYLED_ITEM('',(#1415),#1831);
#1347=STYLED_ITEM('',(#1416),#1832);
#1348=STYLED_ITEM('',(#1417),#1833);
#1349=STYLED_ITEM('',(#1418),#1834);
#1350=STYLED_ITEM('',(#1419),#1835);
#1351=STYLED_ITEM('',(#1420),#1836);
#1352=STYLED_ITEM('',(#1421),#1837);
#1353=STYLED_ITEM('',(#1422),#1838);
#1354=STYLED_ITEM('',(#1423),#1839);
#1355=STYLED_ITEM('',(#1424),#1840);
#1356=STYLED_ITEM('',(#1425),#1841);
#1357=STYLED_ITEM('',(#1426),#1842);
#1358=STYLED_ITEM('',(#1427),#1843);
#1359=STYLED_ITEM('',(#1428),#1844);
#1360=STYLED_ITEM('',(#1429),#1845);
#1361=STYLED_ITEM('',(#1430),#1846);
#1362=STYLED_ITEM('',(#1431),#1847);
#1363=STYLED_ITEM('',(#1432),#1848);
#1364=STYLED_ITEM('',(#1433),#1849);
#1365=STYLED_ITEM('',(#1434),#1850);
#1366=STYLED_ITEM('',(#1435),#1851);
#1367=STYLED_ITEM('',(#1436),#1852);
#1368=STYLED_ITEM('',(#1437),#1853);
#1369=STYLED_ITEM('',(#1438),#1854);
#1370=STYLED_ITEM('',(#1439),#1855);
#1371=STYLED_ITEM('',(#1440),#1856);
#1372=STYLED_ITEM('',(#1441),#1857);
#1373=STYLED_ITEM('',(#1442),#1858);
#1374=STYLED_ITEM('',(#1443),#1859);
#1375=STYLED_ITEM('',(#1444),#1860);
#1376=STYLED_ITEM('',(#1445),#1861);
#1377=STYLED_ITEM('',(#1446),#1862);
#1378=STYLED_ITEM('',(#1447),#1863);
#1379=STYLED_ITEM('',(#1448),#1864);
#1380=STYLED_ITEM('',(#1449),#1865);
#1381=STYLED_ITEM('',(#1450),#1866);
#1382=STYLED_ITEM('',(#1451),#1867);
#1383=STYLED_ITEM('',(#1452),#1868);
#1384=STYLED_ITEM('',(#1453),#1869);
#1385=STYLED_ITEM('',(#1454),#1870);
#1386=STYLED_ITEM('',(#1455),#1871);
#1387=STYLED_ITEM('',(#1456),#1872);
#1388=STYLED_ITEM('',(#1457),#1873);
#1389=STYLED_ITEM('',(#1458),#1874);
#1390=STYLED_ITEM('',(#1459),#1875);
#1391=STYLED_ITEM('',(#1460),#1876);
#1392=STYLED_ITEM('',(#1461),#1877);
#1393=STYLED_ITEM('',(#1462),#1878);
#1394=STYLED_ITEM('',(#1463),#1879);
#1395=STYLED_ITEM('',(#1464),#1880);
#1396=STYLED_ITEM('',(#1465),#1881);
#1397=STYLED_ITEM('',(#1466),#1882);
#1398=STYLED_ITEM('',(#1467),#1883);
#1399=STYLED_ITEM('',(#1468),#1884);
#1400=STYLED_ITEM('',(#1469),#1885);
#1401=STYLED_ITEM('',(#1470),#1886);
#1402=STYLED_ITEM('',(#1471),#1887);
#1403=STYLED_ITEM('',(#1472),#1888);
#1404=STYLED_ITEM('',(#1473),#1889);
#1405=STYLED_ITEM('',(#1474),#1890);
#1406=STYLED_ITEM('',(#1475),#1891);
#1407=STYLED_ITEM('',(#1476),#1892);
#1408=STYLED_ITEM('',(#1477),#1893);
#1409=STYLED_ITEM('',(#1478),#1894);
#1410=STYLED_ITEM('',(#1479),#1895);
#1411=STYLED_ITEM('',(#1480),#1896);
#1412=STYLED_ITEM('',(#1481),#1897);
#1413=STYLED_ITEM('',(#1482),#1898);
#1414=STYLED_ITEM('',(#1483),#1899);
#1415=PRESENTATION_STYLE_ASSIGNMENT((#1484));
#1416=PRESENTATION_STYLE_ASSIGNMENT((#1485));
#1417=PRESENTATION_STYLE_ASSIGNMENT((#1486));
#1418=PRESENTATION_STYLE_ASSIGNMENT((#1487));
#1419=PRESENTATION_STYLE_ASSIGNMENT((#1488));
#1420=PRESENTATION_STYLE_ASSIGNMENT((#1489));
#1421=PRESENTATION_STYLE_ASSIGNMENT((#1490));
#1422=PRESENTATION_STYLE_ASSIGNMENT((#1491));
#1423=PRESENTATION_STYLE_ASSIGNMENT((#1492));
#1424=PRESENTATION_STYLE_ASSIGNMENT((#1493));
#1425=PRESENTATION_STYLE_ASSIGNMENT((#1494));
#1426=PRESENTATION_STYLE_ASSIGNMENT((#1495));
#1427=PRESENTATION_STYLE_ASSIGNMENT((#1496));
#1428=PRESENTATION_STYLE_ASSIGNMENT((#1497));
#1429=PRESENTATION_STYLE_ASSIGNMENT((#1498));
#1430=PRESENTATION_STYLE_ASSIGNMENT((#1499));
#1431=PRESENTATION_STYLE_ASSIGNMENT((#1500));
#1432=PRESENTATION_STYLE_ASSIGNMENT((#1501));
#1433=PRESENTATION_STYLE_ASSIGNMENT((#1502));
#1434=PRESENTATION_STYLE_ASSIGNMENT((#1503));
#1435=PRESENTATION_STYLE_ASSIGNMENT((#1504));
#1436=PRESENTATION_STYLE_ASSIGNMENT((#1505));
#1437=PRESENTATION_STYLE_ASSIGNMENT((#1506));
#1438=PRESENTATION_STYLE_ASSIGNMENT((#1507));
#1439=PRESENTATION_STYLE_ASSIGNMENT((#1508));
#1440=PRESENTATION_STYLE_ASSIGNMENT((#1509));
#1441=PRESENTATION_STYLE_ASSIGNMENT((#1510));
#1442=PRESENTATION_STYLE_ASSIGNMENT((#1511));
#1443=PRESENTATION_STYLE_ASSIGNMENT((#1512));
#1444=PRESENTATION_STYLE_ASSIGNMENT((#1513));
#1445=PRESENTATION_STYLE_ASSIGNMENT((#1514));
#1446=PRESENTATION_STYLE_ASSIGNMENT((#1515));
#1447=PRESENTATION_STYLE_ASSIGNMENT((#1516));
#1448=PRESENTATION_STYLE_ASSIGNMENT((#1517));
#1449=PRESENTATION_STYLE_ASSIGNMENT((#1518));
#1450=PRESENTATION_STYLE_ASSIGNMENT((#1519));
#1451=PRESENTATION_STYLE_ASSIGNMENT((#1520));
#1452=PRESENTATION_STYLE_ASSIGNMENT((#1521));
#1453=PRESENTATION_STYLE_ASSIGNMENT((#1522));
#1454=PRESENTATION_STYLE_ASSIGNMENT((#1523));
#1455=PRESENTATION_STYLE_ASSIGNMENT((#1524));
#1456=PRESENTATION_STYLE_ASSIGNMENT((#1525));
#1457=PRESENTATION_STYLE_ASSIGNMENT((#1526));
#1458=PRESENTATION_STYLE_ASSIGNMENT((#1527));
#1459=PRESENTATION_STYLE_ASSIGNMENT((#1528));
#1460=PRESENTATION_STYLE_ASSIGNMENT((#1529));
#1461=PRESENTATION_STYLE_ASSIGNMENT((#1530));
#1462=PRESENTATION_STYLE_ASSIGNMENT((#1531));
#1463=PRESENTATION_STYLE_ASSIGNMENT((#1532));
#1464=PRESENTATION_STYLE_ASSIGNMENT((#1533));
#1465=PRESENTATION_STYLE_ASSIGNMENT((#1534));
#1466=PRESENTATION_STYLE_ASSIGNMENT((#1535));
#1467=PRESENTATION_STYLE_ASSIGNMENT((#1536));
#1468=PRESENTATION_STYLE_ASSIGNMENT((#1537));
#1469=PRESENTATION_STYLE_ASSIGNMENT((#1538));
#1470=PRESENTATION_STYLE_ASSIGNMENT((#1539));
#1471=PRESENTATION_STYLE_ASSIGNMENT((#1540));
#1472=PRESENTATION_STYLE_ASSIGNMENT((#1541));
#1473=PRESENTATION_STYLE_ASSIGNMENT((#1542));
#1474=PRESENTATION_STYLE_ASSIGNMENT((#1543));
#1475=PRESENTATION_STYLE_ASSIGNMENT((#1544));
#1476=PRESENTATION_STYLE_ASSIGNMENT((#1545));
#1477=PRESENTATION_STYLE_ASSIGNMENT((#1546));
#1478=PRESENTATION_STYLE_ASSIGNMENT((#1547));
#1479=PRESENTATION_STYLE_ASSIGNMENT((#1548));
#1480=PRESENTATION_STYLE_ASSIGNMENT((#1549));
#1481=PRESENTATION_STYLE_ASSIGNMENT((#1550));
#1482=PRESENTATION_STYLE_ASSIGNMENT((#1551));
#1483=PRESENTATION_STYLE_ASSIGNMENT((#1552));
#1484=SURFACE_STYLE_USAGE(.BOTH.,#1553);
#1485=SURFACE_STYLE_USAGE(.BOTH.,#1554);
#1486=SURFACE_STYLE_USAGE(.BOTH.,#1555);
#1487=SURFACE_STYLE_USAGE(.BOTH.,#1556);
#1488=SURFACE_STYLE_USAGE(.BOTH.,#1557);
#1489=SURFACE_STYLE_USAGE(.BOTH.,#1558);
#1490=SURFACE_STYLE_USAGE(.BOTH.,#1559);
#1491=SURFACE_STYLE_USAGE(.BOTH.,#1560);
#1492=SURFACE_STYLE_USAGE(.BOTH.,#1561);
#1493=SURFACE_STYLE_USAGE(.BOTH.,#1562);
#1494=SURFACE_STYLE_USAGE(.BOTH.,#1563);
#1495=SURFACE_STYLE_USAGE(.BOTH.,#1564);
#1496=SURFACE_STYLE_USAGE(.BOTH.,#1565);
#1497=SURFACE_STYLE_USAGE(.BOTH.,#1566);
#1498=SURFACE_STYLE_USAGE(.BOTH.,#1567);
#1499=SURFACE_STYLE_USAGE(.BOTH.,#1568);
#1500=SURFACE_STYLE_USAGE(.BOTH.,#1569);
#1501=SURFACE_STYLE_USAGE(.BOTH.,#1570);
#1502=SURFACE_STYLE_USAGE(.BOTH.,#1571);
#1503=SURFACE_STYLE_USAGE(.BOTH.,#1572);
#1504=SURFACE_STYLE_USAGE(.BOTH.,#1573);
#1505=SURFACE_STYLE_USAGE(.BOTH.,#1574);
#1506=SURFACE_STYLE_USAGE(.BOTH.,#1575);
#1507=SURFACE_STYLE_USAGE(.BOTH.,#1576);
#1508=SURFACE_STYLE_USAGE(.BOTH.,#1577);
#1509=SURFACE_STYLE_USAGE(.BOTH.,#1578);
#1510=SURFACE_STYLE_USAGE(.BOTH.,#1579);
#1511=SURFACE_STYLE_USAGE(.BOTH.,#1580);
#1512=SURFACE_STYLE_USAGE(.BOTH.,#1581);
#1513=SURFACE_STYLE_USAGE(.BOTH.,#1582);
#1514=SURFACE_STYLE_USAGE(.BOTH.,#1583);
#1515=SURFACE_STYLE_USAGE(.BOTH.,#1584);
#1516=SURFACE_STYLE_USAGE(.BOTH.,#1585);
#1517=SURFACE_STYLE_USAGE(.BOTH.,#1586);
#1518=SURFACE_STYLE_USAGE(.BOTH.,#1587);
#1519=SURFACE_STYLE_USAGE(.BOTH.,#1588);
#1520=SURFACE_STYLE_USAGE(.BOTH.,#1589);
#1521=SURFACE_STYLE_USAGE(.BOTH.,#1590);
#1522=SURFACE_STYLE_USAGE(.BOTH.,#1591);
#1523=SURFACE_STYLE_USAGE(.BOTH.,#1592);
#1524=SURFACE_STYLE_USAGE(.BOTH.,#1593);
#1525=SURFACE_STYLE_USAGE(.BOTH.,#1594);
#1526=SURFACE_STYLE_USAGE(.BOTH.,#1595);
#1527=SURFACE_STYLE_USAGE(.BOTH.,#1596);
#1528=SURFACE_STYLE_USAGE(.BOTH.,#1597);
#1529=SURFACE_STYLE_USAGE(.BOTH.,#1598);
#1530=SURFACE_STYLE_USAGE(.BOTH.,#1599);
#1531=SURFACE_STYLE_USAGE(.BOTH.,#1600);
#1532=SURFACE_STYLE_USAGE(.BOTH.,#1601);
#1533=SURFACE_STYLE_USAGE(.BOTH.,#1602);
#1534=SURFACE_STYLE_USAGE(.BOTH.,#1603);
#1535=SURFACE_STYLE_USAGE(.BOTH.,#1604);
#1536=SURFACE_STYLE_USAGE(.BOTH.,#1605);
#1537=SURFACE_STYLE_USAGE(.BOTH.,#1606);
#1538=SURFACE_STYLE_USAGE(.BOTH.,#1607);
#1539=SURFACE_STYLE_USAGE(.BOTH.,#1608);
#1540=SURFACE_STYLE_USAGE(.BOTH.,#1609);
#1541=SURFACE_STYLE_USAGE(.BOTH.,#1610);
#1542=SURFACE_STYLE_USAGE(.BOTH.,#1611);
#1543=SURFACE_STYLE_USAGE(.BOTH.,#1612);
#1544=SURFACE_STYLE_USAGE(.BOTH.,#1613);
#1545=SURFACE_STYLE_USAGE(.BOTH.,#1614);
#1546=SURFACE_STYLE_USAGE(.BOTH.,#1615);
#1547=SURFACE_STYLE_USAGE(.BOTH.,#1616);
#1548=SURFACE_STYLE_USAGE(.BOTH.,#1617);
#1549=SURFACE_STYLE_USAGE(.BOTH.,#1618);
#1550=SURFACE_STYLE_USAGE(.BOTH.,#1619);
#1551=SURFACE_STYLE_USAGE(.BOTH.,#1620);
#1552=SURFACE_STYLE_USAGE(.BOTH.,#1621);
#1553=SURFACE_SIDE_STYLE('',(#1622));
#1554=SURFACE_SIDE_STYLE('',(#1623));
#1555=SURFACE_SIDE_STYLE('',(#1624));
#1556=SURFACE_SIDE_STYLE('',(#1625));
#1557=SURFACE_SIDE_STYLE('',(#1626));
#1558=SURFACE_SIDE_STYLE('',(#1627));
#1559=SURFACE_SIDE_STYLE('',(#1628));
#1560=SURFACE_SIDE_STYLE('',(#1629));
#1561=SURFACE_SIDE_STYLE('',(#1630));
#1562=SURFACE_SIDE_STYLE('',(#1631));
#1563=SURFACE_SIDE_STYLE('',(#1632));
#1564=SURFACE_SIDE_STYLE('',(#1633));
#1565=SURFACE_SIDE_STYLE('',(#1634));
#1566=SURFACE_SIDE_STYLE('',(#1635));
#1567=SURFACE_SIDE_STYLE('',(#1636));
#1568=SURFACE_SIDE_STYLE('',(#1637));
#1569=SURFACE_SIDE_STYLE('',(#1638));
#1570=SURFACE_SIDE_STYLE('',(#1639));
#1571=SURFACE_SIDE_STYLE('',(#1640));
#1572=SURFACE_SIDE_STYLE('',(#1641));
#1573=SURFACE_SIDE_STYLE('',(#1642));
#1574=SURFACE_SIDE_STYLE('',(#1643));
#1575=SURFACE_SIDE_STYLE('',(#1644));
#1576=SURFACE_SIDE_STYLE('',(#1645));
#1577=SURFACE_SIDE_STYLE('',(#1646));
#1578=SURFACE_SIDE_STYLE('',(#1647));
#1579=SURFACE_SIDE_STYLE('',(#1648));
#1580=SURFACE_SIDE_STYLE('',(#1649));
#1581=SURFACE_SIDE_STYLE('',(#1650));
#1582=SURFACE_SIDE_STYLE('',(#1651));
#1583=SURFACE_SIDE_STYLE('',(#1652));
#1584=SURFACE_SIDE_STYLE('',(#1653));
#1585=SURFACE_SIDE_STYLE('',(#1654));
#1586=SURFACE_SIDE_STYLE('',(#1655));
#1587=SURFACE_SIDE_STYLE('',(#1656));
#1588=SURFACE_SIDE_STYLE('',(#1657));
#1589=SURFACE_SIDE_STYLE('',(#1658));
#1590=SURFACE_SIDE_STYLE('',(#1659));
#1591=SURFACE_SIDE_STYLE('',(#1660));
#1592=SURFACE_SIDE_STYLE('',(#1661));
#1593=SURFACE_SIDE_STYLE('',(#1662));
#1594=SURFACE_SIDE_STYLE('',(#1663));
#1595=SURFACE_SIDE_STYLE('',(#1664));
#1596=SURFACE_SIDE_STYLE('',(#1665));
#1597=SURFACE_SIDE_STYLE('',(#1666));
#1598=SURFACE_SIDE_STYLE('',(#1667));
#1599=SURFACE_SIDE_STYLE('',(#1668));
#1600=SURFACE_SIDE_STYLE('',(#1669));
#1601=SURFACE_SIDE_STYLE('',(#1670));
#1602=SURFACE_SIDE_STYLE('',(#1671));
#1603=SURFACE_SIDE_STYLE('',(#1672));
#1604=SURFACE_SIDE_STYLE('',(#1673));
#1605=SURFACE_SIDE_STYLE('',(#1674));
#1606=SURFACE_SIDE_STYLE('',(#1675));
#1607=SURFACE_SIDE_STYLE('',(#1676));
#1608=SURFACE_SIDE_STYLE('',(#1677));
#1609=SURFACE_SIDE_STYLE('',(#1678));
#1610=SURFACE_SIDE_STYLE('',(#1679));
#1611=SURFACE_SIDE_STYLE('',(#1680));
#1612=SURFACE_SIDE_STYLE('',(#1681));
#1613=SURFACE_SIDE_STYLE('',(#1682));
#1614=SURFACE_SIDE_STYLE('',(#1683));
#1615=SURFACE_SIDE_STYLE('',(#1684));
#1616=SURFACE_SIDE_STYLE('',(#1685));
#1617=SURFACE_SIDE_STYLE('',(#1686));
#1618=SURFACE_SIDE_STYLE('',(#1687));
#1619=SURFACE_SIDE_STYLE('',(#1688));
#1620=SURFACE_SIDE_STYLE('',(#1689));
#1621=SURFACE_SIDE_STYLE('',(#1690));
#1622=SURFACE_STYLE_FILL_AREA(#1691);
#1623=SURFACE_STYLE_FILL_AREA(#1692);
#1624=SURFACE_STYLE_FILL_AREA(#1693);
#1625=SURFACE_STYLE_FILL_AREA(#1694);
#1626=SURFACE_STYLE_FILL_AREA(#1695);
#1627=SURFACE_STYLE_FILL_AREA(#1696);
#1628=SURFACE_STYLE_FILL_AREA(#1697);
#1629=SURFACE_STYLE_FILL_AREA(#1698);
#1630=SURFACE_STYLE_FILL_AREA(#1699);
#1631=SURFACE_STYLE_FILL_AREA(#1700);
#1632=SURFACE_STYLE_FILL_AREA(#1701);
#1633=SURFACE_STYLE_FILL_AREA(#1702);
#1634=SURFACE_STYLE_FILL_AREA(#1703);
#1635=SURFACE_STYLE_FILL_AREA(#1704);
#1636=SURFACE_STYLE_FILL_AREA(#1705);
#1637=SURFACE_STYLE_FILL_AREA(#1706);
#1638=SURFACE_STYLE_FILL_AREA(#1707);
#1639=SURFACE_STYLE_FILL_AREA(#1708);
#1640=SURFACE_STYLE_FILL_AREA(#1709);
#1641=SURFACE_STYLE_FILL_AREA(#1710);
#1642=SURFACE_STYLE_FILL_AREA(#1711);
#1643=SURFACE_STYLE_FILL_AREA(#1712);
#1644=SURFACE_STYLE_FILL_AREA(#1713);
#1645=SURFACE_STYLE_FILL_AREA(#1714);
#1646=SURFACE_STYLE_FILL_AREA(#1715);
#1647=SURFACE_STYLE_FILL_AREA(#1716);
#1648=SURFACE_STYLE_FILL_AREA(#1717);
#1649=SURFACE_STYLE_FILL_AREA(#1718);
#1650=SURFACE_STYLE_FILL_AREA(#1719);
#1651=SURFACE_STYLE_FILL_AREA(#1720);
#1652=SURFACE_STYLE_FILL_AREA(#1721);
#1653=SURFACE_STYLE_FILL_AREA(#1722);
#1654=SURFACE_STYLE_FILL_AREA(#1723);
#1655=SURFACE_STYLE_FILL_AREA(#1724);
#1656=SURFACE_STYLE_FILL_AREA(#1725);
#1657=SURFACE_STYLE_FILL_AREA(#1726);
#1658=SURFACE_STYLE_FILL_AREA(#1727);
#1659=SURFACE_STYLE_FILL_AREA(#1728);
#1660=SURFACE_STYLE_FILL_AREA(#1729);
#1661=SURFACE_STYLE_FILL_AREA(#1730);
#1662=SURFACE_STYLE_FILL_AREA(#1731);
#1663=SURFACE_STYLE_FILL_AREA(#1732);
#1664=SURFACE_STYLE_FILL_AREA(#1733);
#1665=SURFACE_STYLE_FILL_AREA(#1734);
#1666=SURFACE_STYLE_FILL_AREA(#1735);
#1667=SURFACE_STYLE_FILL_AREA(#1736);
#1668=SURFACE_STYLE_FILL_AREA(#1737);
#1669=SURFACE_STYLE_FILL_AREA(#1738);
#1670=SURFACE_STYLE_FILL_AREA(#1739);
#1671=SURFACE_STYLE_FILL_AREA(#1740);
#1672=SURFACE_STYLE_FILL_AREA(#1741);
#1673=SURFACE_STYLE_FILL_AREA(#1742);
#1674=SURFACE_STYLE_FILL_AREA(#1743);
#1675=SURFACE_STYLE_FILL_AREA(#1744);
#1676=SURFACE_STYLE_FILL_AREA(#1745);
#1677=SURFACE_STYLE_FILL_AREA(#1746);
#1678=SURFACE_STYLE_FILL_AREA(#1747);
#1679=SURFACE_STYLE_FILL_AREA(#1748);
#1680=SURFACE_STYLE_FILL_AREA(#1749);
#1681=SURFACE_STYLE_FILL_AREA(#1750);
#1682=SURFACE_STYLE_FILL_AREA(#1751);
#1683=SURFACE_STYLE_FILL_AREA(#1752);
#1684=SURFACE_STYLE_FILL_AREA(#1753);
#1685=SURFACE_STYLE_FILL_AREA(#1754);
#1686=SURFACE_STYLE_FILL_AREA(#1755);
#1687=SURFACE_STYLE_FILL_AREA(#1756);
#1688=SURFACE_STYLE_FILL_AREA(#1757);
#1689=SURFACE_STYLE_FILL_AREA(#1758);
#1690=SURFACE_STYLE_FILL_AREA(#1759);
#1691=FILL_AREA_STYLE('',(#1760));
#1692=FILL_AREA_STYLE('',(#1761));
#1693=FILL_AREA_STYLE('',(#1762));
#1694=FILL_AREA_STYLE('',(#1763));
#1695=FILL_AREA_STYLE('',(#1764));
#1696=FILL_AREA_STYLE('',(#1765));
#1697=FILL_AREA_STYLE('',(#1766));
#1698=FILL_AREA_STYLE('',(#1767));
#1699=FILL_AREA_STYLE('',(#1768));
#1700=FILL_AREA_STYLE('',(#1769));
#1701=FILL_AREA_STYLE('',(#1770));
#1702=FILL_AREA_STYLE('',(#1771));
#1703=FILL_AREA_STYLE('',(#1772));
#1704=FILL_AREA_STYLE('',(#1773));
#1705=FILL_AREA_STYLE('',(#1774));
#1706=FILL_AREA_STYLE('',(#1775));
#1707=FILL_AREA_STYLE('',(#1776));
#1708=FILL_AREA_STYLE('',(#1777));
#1709=FILL_AREA_STYLE('',(#1778));
#1710=FILL_AREA_STYLE('',(#1779));
#1711=FILL_AREA_STYLE('',(#1780));
#1712=FILL_AREA_STYLE('',(#1781));
#1713=FILL_AREA_STYLE('',(#1782));
#1714=FILL_AREA_STYLE('',(#1783));
#1715=FILL_AREA_STYLE('',(#1784));
#1716=FILL_AREA_STYLE('',(#1785));
#1717=FILL_AREA_STYLE('',(#1786));
#1718=FILL_AREA_STYLE('',(#1787));
#1719=FILL_AREA_STYLE('',(#1788));
#1720=FILL_AREA_STYLE('',(#1789));
#1721=FILL_AREA_STYLE('',(#1790));
#1722=FILL_AREA_STYLE('',(#1791));
#1723=FILL_AREA_STYLE('',(#1792));
#1724=FILL_AREA_STYLE('',(#1793));
#1725=FILL_AREA_STYLE('',(#1794));
#1726=FILL_AREA_STYLE('',(#1795));
#1727=FILL_AREA_STYLE('',(#1796));
#1728=FILL_AREA_STYLE('',(#1797));
#1729=FILL_AREA_STYLE('',(#1798));
#1730=FILL_AREA_STYLE('',(#1799));
#1731=FILL_AREA_STYLE('',(#1800));
#1732=FILL_AREA_STYLE('',(#1801));
#1733=FILL_AREA_STYLE('',(#1802));
#1734=FILL_AREA_STYLE('',(#1803));
#1735=FILL_AREA_STYLE('',(#1804));
#1736=FILL_AREA_STYLE('',(#1805));
#1737=FILL_AREA_STYLE('',(#1806));
#1738=FILL_AREA_STYLE('',(#1807));
#1739=FILL_AREA_STYLE('',(#1808));
#1740=FILL_AREA_STYLE('',(#1809));
#1741=FILL_AREA_STYLE('',(#1810));
#1742=FILL_AREA_STYLE('',(#1811));
#1743=FILL_AREA_STYLE('',(#1812));
#1744=FILL_AREA_STYLE('',(#1813));
#1745=FILL_AREA_STYLE('',(#1814));
#1746=FILL_AREA_STYLE('',(#1815));
#1747=FILL_AREA_STYLE('',(#1816));
#1748=FILL_AREA_STYLE('',(#1817));
#1749=FILL_AREA_STYLE('',(#1818));
#1750=FILL_AREA_STYLE('',(#1819));
#1751=FILL_AREA_STYLE('',(#1820));
#1752=FILL_AREA_STYLE('',(#1821));
#1753=FILL_AREA_STYLE('',(#1822));
#1754=FILL_AREA_STYLE('',(#1823));
#1755=FILL_AREA_STYLE('',(#1824));
#1756=FILL_AREA_STYLE('',(#1825));
#1757=FILL_AREA_STYLE('',(#1826));
#1758=FILL_AREA_STYLE('',(#1827));
#1759=FILL_AREA_STYLE('',(#1828));
#1760=FILL_AREA_STYLE_COLOUR('',#1829);
#1761=FILL_AREA_STYLE_COLOUR('',#1829);
#1762=FILL_AREA_STYLE_COLOUR('',#1829);
#1763=FILL_AREA_STYLE_COLOUR('',#1829);
#1764=FILL_AREA_STYLE_COLOUR('',#1829);
#1765=FILL_AREA_STYLE_COLOUR('',#1829);
#1766=FILL_AREA_STYLE_COLOUR('',#1829);
#1767=FILL_AREA_STYLE_COLOUR('',#1829);
#1768=FILL_AREA_STYLE_COLOUR('',#1829);
#1769=FILL_AREA_STYLE_COLOUR('',#1829);
#1770=FILL_AREA_STYLE_COLOUR('',#1829);
#1771=FILL_AREA_STYLE_COLOUR('',#1829);
#1772=FILL_AREA_STYLE_COLOUR('',#1829);
#1773=FILL_AREA_STYLE_COLOUR('',#1829);
#1774=FILL_AREA_STYLE_COLOUR('',#1829);
#1775=FILL_AREA_STYLE_COLOUR('',#1829);
#1776=FILL_AREA_STYLE_COLOUR('',#1829);
#1777=FILL_AREA_STYLE_COLOUR('',#1829);
#1778=FILL_AREA_STYLE_COLOUR('',#1829);
#1779=FILL_AREA_STYLE_COLOUR('',#1829);
#1780=FILL_AREA_STYLE_COLOUR('',#1829);
#1781=FILL_AREA_STYLE_COLOUR('',#1829);
#1782=FILL_AREA_STYLE_COLOUR('',#1829);
#1783=FILL_AREA_STYLE_COLOUR('',#1829);
#1784=FILL_AREA_STYLE_COLOUR('',#1830);
#1785=FILL_AREA_STYLE_COLOUR('',#1830);
#1786=FILL_AREA_STYLE_COLOUR('',#1829);
#1787=FILL_AREA_STYLE_COLOUR('',#1829);
#1788=FILL_AREA_STYLE_COLOUR('',#1829);
#1789=FILL_AREA_STYLE_COLOUR('',#1829);
#1790=FILL_AREA_STYLE_COLOUR('',#1829);
#1791=FILL_AREA_STYLE_COLOUR('',#1829);
#1792=FILL_AREA_STYLE_COLOUR('',#1829);
#1793=FILL_AREA_STYLE_COLOUR('',#1829);
#1794=FILL_AREA_STYLE_COLOUR('',#1829);
#1795=FILL_AREA_STYLE_COLOUR('',#1829);
#1796=FILL_AREA_STYLE_COLOUR('',#1829);
#1797=FILL_AREA_STYLE_COLOUR('',#1829);
#1798=FILL_AREA_STYLE_COLOUR('',#1829);
#1799=FILL_AREA_STYLE_COLOUR('',#1829);
#1800=FILL_AREA_STYLE_COLOUR('',#1829);
#1801=FILL_AREA_STYLE_COLOUR('',#1830);
#1802=FILL_AREA_STYLE_COLOUR('',#1830);
#1803=FILL_AREA_STYLE_COLOUR('',#1829);
#1804=FILL_AREA_STYLE_COLOUR('',#1829);
#1805=FILL_AREA_STYLE_COLOUR('',#1829);
#1806=FILL_AREA_STYLE_COLOUR('',#1829);
#1807=FILL_AREA_STYLE_COLOUR('',#1829);
#1808=FILL_AREA_STYLE_COLOUR('',#1829);
#1809=FILL_AREA_STYLE_COLOUR('',#1829);
#1810=FILL_AREA_STYLE_COLOUR('',#1829);
#1811=FILL_AREA_STYLE_COLOUR('',#1829);
#1812=FILL_AREA_STYLE_COLOUR('',#1829);
#1813=FILL_AREA_STYLE_COLOUR('',#1829);
#1814=FILL_AREA_STYLE_COLOUR('',#1829);
#1815=FILL_AREA_STYLE_COLOUR('',#1829);
#1816=FILL_AREA_STYLE_COLOUR('',#1829);
#1817=FILL_AREA_STYLE_COLOUR('',#1829);
#1818=FILL_AREA_STYLE_COLOUR('',#1830);
#1819=FILL_AREA_STYLE_COLOUR('',#1830);
#1820=FILL_AREA_STYLE_COLOUR('',#1830);
#1821=FILL_AREA_STYLE_COLOUR('',#1830);
#1822=FILL_AREA_STYLE_COLOUR('',#1829);
#1823=FILL_AREA_STYLE_COLOUR('',#1829);
#1824=FILL_AREA_STYLE_COLOUR('',#1829);
#1825=FILL_AREA_STYLE_COLOUR('',#1829);
#1826=FILL_AREA_STYLE_COLOUR('',#1829);
#1827=FILL_AREA_STYLE_COLOUR('',#1829);
#1828=FILL_AREA_STYLE_COLOUR('',#1829);
#1829=COLOUR_RGB('',0.699999988079071,0.699999988079071,0.699999988079071);
#1830=COLOUR_RGB('',0.200000002980232,0.200000002980232,0.200000002980232);
#1831=ADVANCED_FACE('',(#1207),#1278,.F.);
#1832=ADVANCED_FACE('',(#1208),#1279,.F.);
#1833=ADVANCED_FACE('',(#1209),#1280,.F.);
#1834=ADVANCED_FACE('',(#1210),#1281,.F.);
#1835=ADVANCED_FACE('',(#1211),#1282,.F.);
#1836=ADVANCED_FACE('',(#1212),#1283,.F.);
#1837=ADVANCED_FACE('',(#1213),#1284,.F.);
#1838=ADVANCED_FACE('',(#1214),#1285,.F.);
#1839=ADVANCED_FACE('',(#1215),#1286,.F.);
#1840=ADVANCED_FACE('',(#1216),#1287,.F.);
#1841=ADVANCED_FACE('',(#1217),#1288,.F.);
#1842=ADVANCED_FACE('',(#1218),#1289,.F.);
#1843=ADVANCED_FACE('',(#1219),#1290,.F.);
#1844=ADVANCED_FACE('',(#1220),#1291,.F.);
#1845=ADVANCED_FACE('',(#1221),#1292,.F.);
#1846=ADVANCED_FACE('',(#1222),#1293,.F.);
#1847=ADVANCED_FACE('',(#1223),#1294,.F.);
#1848=ADVANCED_FACE('',(#1224),#1295,.F.);
#1849=ADVANCED_FACE('',(#1225),#1296,.F.);
#1850=ADVANCED_FACE('',(#1226),#1297,.F.);
#1851=ADVANCED_FACE('',(#1227),#1298,.F.);
#1852=ADVANCED_FACE('',(#1228),#1299,.F.);
#1853=ADVANCED_FACE('',(#1229),#1300,.F.);
#1854=ADVANCED_FACE('',(#1230),#1301,.F.);
#1855=ADVANCED_FACE('',(#1231),#1302,.F.);
#1856=ADVANCED_FACE('',(#1232,#1233),#20,.F.);
#1857=ADVANCED_FACE('',(#1234),#1303,.F.);
#1858=ADVANCED_FACE('',(#1235),#1304,.F.);
#1859=ADVANCED_FACE('',(#1236),#1305,.F.);
#1860=ADVANCED_FACE('',(#1237),#1306,.F.);
#1861=ADVANCED_FACE('',(#1238),#1307,.F.);
#1862=ADVANCED_FACE('',(#1239),#1308,.F.);
#1863=ADVANCED_FACE('',(#1240),#1309,.F.);
#1864=ADVANCED_FACE('',(#1241),#1310,.F.);
#1865=ADVANCED_FACE('',(#1242),#1311,.F.);
#1866=ADVANCED_FACE('',(#1243),#1312,.F.);
#1867=ADVANCED_FACE('',(#1244),#1313,.F.);
#1868=ADVANCED_FACE('',(#1245),#1314,.F.);
#1869=ADVANCED_FACE('',(#1246),#1315,.F.);
#1870=ADVANCED_FACE('',(#1247),#1316,.F.);
#1871=ADVANCED_FACE('',(#1248),#1317,.F.);
#1872=ADVANCED_FACE('',(#1249,#1250),#1318,.T.);
#1873=ADVANCED_FACE('',(#1251),#1319,.T.);
#1874=ADVANCED_FACE('',(#1252),#1320,.F.);
#1875=ADVANCED_FACE('',(#1253),#1321,.F.);
#1876=ADVANCED_FACE('',(#1254),#1322,.F.);
#1877=ADVANCED_FACE('',(#1255),#1323,.F.);
#1878=ADVANCED_FACE('',(#1256),#1324,.F.);
#1879=ADVANCED_FACE('',(#1257),#1325,.F.);
#1880=ADVANCED_FACE('',(#1258),#1326,.F.);
#1881=ADVANCED_FACE('',(#1259),#1327,.F.);
#1882=ADVANCED_FACE('',(#1260),#1328,.F.);
#1883=ADVANCED_FACE('',(#1261),#1329,.F.);
#1884=ADVANCED_FACE('',(#1262),#1330,.F.);
#1885=ADVANCED_FACE('',(#1263),#1331,.F.);
#1886=ADVANCED_FACE('',(#1264),#1332,.F.);
#1887=ADVANCED_FACE('',(#1265),#1333,.F.);
#1888=ADVANCED_FACE('',(#1266),#1334,.F.);
#1889=ADVANCED_FACE('',(#1267),#1335,.T.);
#1890=ADVANCED_FACE('',(#1268),#1336,.T.);
#1891=ADVANCED_FACE('',(#1269),#1337,.T.);
#1892=ADVANCED_FACE('',(#1270),#1338,.T.);
#1893=ADVANCED_FACE('',(#1271),#1339,.F.);
#1894=ADVANCED_FACE('',(#1272),#1340,.F.);
#1895=ADVANCED_FACE('',(#1273),#1341,.F.);
#1896=ADVANCED_FACE('',(#1274),#1342,.F.);
#1897=ADVANCED_FACE('',(#1275),#1343,.F.);
#1898=ADVANCED_FACE('',(#1276),#1344,.F.);
#1899=ADVANCED_FACE('',(#1277),#1345,.F.);
#1900=CLOSED_SHELL('',(#1831,#1832,#1833,#1834,#1835,#1836,#1837,#1838,
#1839,#1840,#1841,#1842,#1843,#1844,#1845,#1846,#1847,#1848,#1849,#1850,
#1851,#1852,#1853,#1854,#1855,#1856,#1857,#1858,#1859,#1860,#1861,#1862,
#1863,#1864,#1865,#1866,#1867,#1868,#1869,#1870,#1871,#1872,#1873,#1874,
#1875,#1876,#1877,#1878,#1879,#1880,#1881,#1882,#1883,#1884,#1885,#1886,
#1887,#1888,#1889,#1890,#1891,#1892,#1893,#1894,#1895,#1896,#1897,#1898,
#1899));
#1901=MANIFOLD_SOLID_BREP('',#1900);
#1902=SHAPE_DEFINITION_REPRESENTATION(#2720,#1903);
#1903=SHAPE_REPRESENTATION('PUSB3F96X',(#1904),#2715);
#1904=AXIS2_PLACEMENT_3D('',#2315,#1976,#1977);
#1905=AXIS2_PLACEMENT_3D('',#2316,#1978,#1979);
#1906=AXIS2_PLACEMENT_3D('',#2327,#1985,#1986);
#1907=AXIS2_PLACEMENT_3D('',#2337,#1992,#1993);
#1908=AXIS2_PLACEMENT_3D('',#2341,#1996,#1997);
#1909=AXIS2_PLACEMENT_3D('',#2351,#2003,#2004);
#1910=AXIS2_PLACEMENT_3D('',#2354,#2007,#2008);
#1911=AXIS2_PLACEMENT_3D('',#2355,#2009,#2010);
#1912=AXIS2_PLACEMENT_3D('',#2364,#2015,#2016);
#1913=AXIS2_PLACEMENT_3D('',#2374,#2022,#2023);
#1914=AXIS2_PLACEMENT_3D('',#2378,#2026,#2027);
#1915=AXIS2_PLACEMENT_3D('',#2386,#2032,#2033);
#1916=AXIS2_PLACEMENT_3D('',#2389,#2036,#2037);
#1917=AXIS2_PLACEMENT_3D('',#2390,#2038,#2039);
#1918=AXIS2_PLACEMENT_3D('',#2399,#2044,#2045);
#1919=AXIS2_PLACEMENT_3D('',#2409,#2051,#2052);
#1920=AXIS2_PLACEMENT_3D('',#2413,#2055,#2056);
#1921=AXIS2_PLACEMENT_3D('',#2421,#2061,#2062);
#1922=AXIS2_PLACEMENT_3D('',#2424,#2065,#2066);
#1923=AXIS2_PLACEMENT_3D('',#2425,#2067,#2068);
#1924=AXIS2_PLACEMENT_3D('',#2434,#2073,#2074);
#1925=AXIS2_PLACEMENT_3D('',#2444,#2080,#2081);
#1926=AXIS2_PLACEMENT_3D('',#2448,#2084,#2085);
#1927=AXIS2_PLACEMENT_3D('',#2456,#2090,#2091);
#1928=AXIS2_PLACEMENT_3D('',#2459,#2094,#2095);
#1929=AXIS2_PLACEMENT_3D('',#2460,#2096,#2097);
#1930=AXIS2_PLACEMENT_3D('',#2461,#2098,#2099);
#1931=AXIS2_PLACEMENT_3D('',#2463,#2100,#2101);
#1932=AXIS2_PLACEMENT_3D('',#2464,#2102,#2103);
#1933=AXIS2_PLACEMENT_3D('',#2466,#2104,#2105);
#1934=AXIS2_PLACEMENT_3D('',#2475,#2110,#2111);
#1935=AXIS2_PLACEMENT_3D('',#2481,#2115,#2116);
#1936=AXIS2_PLACEMENT_3D('',#2490,#2121,#2122);
#1937=AXIS2_PLACEMENT_3D('',#2496,#2126,#2127);
#1938=AXIS2_PLACEMENT_3D('',#2505,#2132,#2133);
#1939=AXIS2_PLACEMENT_3D('',#2511,#2137,#2138);
#1940=AXIS2_PLACEMENT_3D('',#2520,#2143,#2144);
#1941=AXIS2_PLACEMENT_3D('',#2526,#2148,#2149);
#1942=AXIS2_PLACEMENT_3D('',#2535,#2154,#2155);
#1943=AXIS2_PLACEMENT_3D('',#2541,#2159,#2160);
#1944=AXIS2_PLACEMENT_3D('',#2547,#2164,#2165);
#1945=AXIS2_PLACEMENT_3D('',#2553,#2169,#2170);
#1946=AXIS2_PLACEMENT_3D('',#2559,#2174,#2175);
#1947=AXIS2_PLACEMENT_3D('',#2565,#2179,#2180);
#1948=AXIS2_PLACEMENT_3D('',#2571,#2184,#2185);
#1949=AXIS2_PLACEMENT_3D('',#2580,#2190,#2191);
#1950=AXIS2_PLACEMENT_3D('',#2586,#2195,#2196);
#1951=AXIS2_PLACEMENT_3D('',#2592,#2200,#2201);
#1952=AXIS2_PLACEMENT_3D('',#2596,#2204,#2205);
#1953=AXIS2_PLACEMENT_3D('',#2600,#2208,#2209);
#1954=AXIS2_PLACEMENT_3D('',#2606,#2213,#2214);
#1955=AXIS2_PLACEMENT_3D('',#2610,#2217,#2218);
#1956=AXIS2_PLACEMENT_3D('',#2614,#2221,#2222);
#1957=AXIS2_PLACEMENT_3D('',#2620,#2226,#2227);
#1958=AXIS2_PLACEMENT_3D('',#2624,#2230,#2231);
#1959=AXIS2_PLACEMENT_3D('',#2628,#2234,#2235);
#1960=AXIS2_PLACEMENT_3D('',#2634,#2239,#2240);
#1961=AXIS2_PLACEMENT_3D('',#2638,#2243,#2244);
#1962=AXIS2_PLACEMENT_3D('',#2642,#2247,#2248);
#1963=AXIS2_PLACEMENT_3D('',#2648,#2252,#2253);
#1964=AXIS2_PLACEMENT_3D('',#2652,#2256,#2257);
#1965=AXIS2_PLACEMENT_3D('',#2656,#2260,#2261);
#1966=AXIS2_PLACEMENT_3D('',#2665,#2269,#2270);
#1967=AXIS2_PLACEMENT_3D('',#2669,#2273,#2274);
#1968=AXIS2_PLACEMENT_3D('',#2683,#2284,#2285);
#1969=AXIS2_PLACEMENT_3D('',#2690,#2290,#2291);
#1970=AXIS2_PLACEMENT_3D('',#2699,#2296,#2297);
#1971=AXIS2_PLACEMENT_3D('',#2702,#2300,#2301);
#1972=AXIS2_PLACEMENT_3D('',#2706,#2304,#2305);
#1973=AXIS2_PLACEMENT_3D('',#2710,#2308,#2309);
#1974=AXIS2_PLACEMENT_3D('',#2712,#2311,#2312);
#1975=AXIS2_PLACEMENT_3D('',#2713,#2313,#2314);
#1976=DIRECTION('',(0.,0.,1.));
#1977=DIRECTION('',(1.,0.,0.));
#1978=DIRECTION('',(0.,0.,1.));
#1979=DIRECTION('',(1.,0.,0.));
#1980=DIRECTION('',(0.,1.,0.));
#1981=DIRECTION('',(-0.707106781186548,-0.707106781186547,0.));
#1982=DIRECTION('',(1.,0.,0.));
#1983=DIRECTION('',(0.,-1.,0.));
#1984=DIRECTION('',(-1.,0.,0.));
#1985=DIRECTION('',(-1.,0.,0.));
#1986=DIRECTION('',(0.,0.,1.));
#1987=DIRECTION('',(0.,0.,-1.));
#1988=DIRECTION('',(0.,1.,0.));
#1989=DIRECTION('',(0.,0.,-1.));
#1990=DIRECTION('',(0.,-1.,0.));
#1991=DIRECTION('',(0.,0.,-1.));
#1992=DIRECTION('',(0.,-1.,0.));
#1993=DIRECTION('',(0.,0.,1.));
#1994=DIRECTION('',(0.,0.,1.));
#1995=DIRECTION('',(-1.,0.,0.));
#1996=DIRECTION('',(1.,0.,0.));
#1997=DIRECTION('',(0.,0.,-1.));
#1998=DIRECTION('',(0.,1.,0.));
#1999=DIRECTION('',(0.,0.,-1.));
#2000=DIRECTION('',(0.,0.,-1.));
#2001=DIRECTION('',(0.,1.,0.));
#2002=DIRECTION('',(0.,0.,1.));
#2003=DIRECTION('',(0.,0.,-1.));
#2004=DIRECTION('',(-1.,0.,0.));
#2005=DIRECTION('',(1.,0.,0.));
#2006=DIRECTION('',(-1.,0.,0.));
#2007=DIRECTION('',(0.,1.,0.));
#2008=DIRECTION('',(0.,0.,-1.));
#2009=DIRECTION('',(0.,0.,1.));
#2010=DIRECTION('',(1.,0.,0.));
#2011=DIRECTION('',(1.,0.,0.));
#2012=DIRECTION('',(0.,-1.,0.));
#2013=DIRECTION('',(-1.,0.,0.));
#2014=DIRECTION('',(0.,1.,0.));
#2015=DIRECTION('',(-1.,0.,0.));
#2016=DIRECTION('',(0.,0.,1.));
#2017=DIRECTION('',(0.,0.,-1.));
#2018=DIRECTION('',(0.,1.,0.));
#2019=DIRECTION('',(0.,0.,-1.));
#2020=DIRECTION('',(0.,-1.,0.));
#2021=DIRECTION('',(0.,0.,-1.));
#2022=DIRECTION('',(0.,-1.,0.));
#2023=DIRECTION('',(0.,0.,1.));
#2024=DIRECTION('',(0.,0.,-1.));
#2025=DIRECTION('',(-1.,0.,0.));
#2026=DIRECTION('',(1.,0.,0.));
#2027=DIRECTION('',(0.,0.,-1.));
#2028=DIRECTION('',(0.,0.,-1.));
#2029=DIRECTION('',(0.,1.,0.));
#2030=DIRECTION('',(0.,0.,1.));
#2031=DIRECTION('',(0.,1.,0.));
#2032=DIRECTION('',(0.,0.,-1.));
#2033=DIRECTION('',(-1.,0.,0.));
#2034=DIRECTION('',(1.,0.,0.));
#2035=DIRECTION('',(-1.,0.,0.));
#2036=DIRECTION('',(0.,1.,0.));
#2037=DIRECTION('',(0.,0.,-1.));
#2038=DIRECTION('',(0.,0.,1.));
#2039=DIRECTION('',(1.,0.,0.));
#2040=DIRECTION('',(1.,0.,0.));
#2041=DIRECTION('',(0.,-1.,0.));
#2042=DIRECTION('',(-1.,0.,0.));
#2043=DIRECTION('',(0.,1.,0.));
#2044=DIRECTION('',(-1.,0.,0.));
#2045=DIRECTION('',(0.,0.,1.));
#2046=DIRECTION('',(0.,0.,-1.));
#2047=DIRECTION('',(0.,1.,0.));
#2048=DIRECTION('',(0.,0.,-1.));
#2049=DIRECTION('',(0.,-1.,0.));
#2050=DIRECTION('',(0.,0.,-1.));
#2051=DIRECTION('',(0.,-1.,0.));
#2052=DIRECTION('',(0.,0.,1.));
#2053=DIRECTION('',(0.,0.,-1.));
#2054=DIRECTION('',(-1.,0.,0.));
#2055=DIRECTION('',(1.,0.,0.));
#2056=DIRECTION('',(0.,0.,-1.));
#2057=DIRECTION('',(0.,0.,-1.));
#2058=DIRECTION('',(0.,1.,0.));
#2059=DIRECTION('',(0.,0.,1.));
#2060=DIRECTION('',(0.,1.,0.));
#2061=DIRECTION('',(0.,0.,-1.));
#2062=DIRECTION('',(-1.,0.,0.));
#2063=DIRECTION('',(1.,0.,0.));
#2064=DIRECTION('',(-1.,0.,0.));
#2065=DIRECTION('',(0.,1.,0.));
#2066=DIRECTION('',(0.,0.,-1.));
#2067=DIRECTION('',(0.,0.,1.));
#2068=DIRECTION('',(1.,0.,0.));
#2069=DIRECTION('',(1.,0.,0.));
#2070=DIRECTION('',(0.,-1.,0.));
#2071=DIRECTION('',(-1.,0.,0.));
#2072=DIRECTION('',(0.,1.,0.));
#2073=DIRECTION('',(-1.,0.,0.));
#2074=DIRECTION('',(0.,0.,1.));
#2075=DIRECTION('',(0.,0.,-1.));
#2076=DIRECTION('',(0.,1.,0.));
#2077=DIRECTION('',(0.,0.,-1.));
#2078=DIRECTION('',(0.,-1.,0.));
#2079=DIRECTION('',(0.,0.,-1.));
#2080=DIRECTION('',(0.,-1.,0.));
#2081=DIRECTION('',(0.,0.,1.));
#2082=DIRECTION('',(0.,0.,-1.));
#2083=DIRECTION('',(-1.,0.,0.));
#2084=DIRECTION('',(1.,0.,0.));
#2085=DIRECTION('',(0.,0.,-1.));
#2086=DIRECTION('',(0.,0.,-1.));
#2087=DIRECTION('',(0.,1.,0.));
#2088=DIRECTION('',(0.,0.,1.));
#2089=DIRECTION('',(0.,1.,0.));
#2090=DIRECTION('',(0.,0.,-1.));
#2091=DIRECTION('',(-1.,0.,0.));
#2092=DIRECTION('',(1.,0.,0.));
#2093=DIRECTION('',(-1.,0.,0.));
#2094=DIRECTION('',(0.,1.,0.));
#2095=DIRECTION('',(0.,0.,-1.));
#2096=DIRECTION('',(0.,0.,-1.));
#2097=DIRECTION('',(-1.,0.,0.));
#2098=DIRECTION('',(0.,0.,-1.));
#2099=DIRECTION('',(1.,0.,0.));
#2100=DIRECTION('',(0.,0.,1.));
#2101=DIRECTION('',(1.,0.,0.));
#2102=DIRECTION('',(0.,0.,-1.));
#2103=DIRECTION('',(1.,0.,0.));
#2104=DIRECTION('',(0.,-1.,0.));
#2105=DIRECTION('',(0.,0.,-1.));
#2106=DIRECTION('',(-1.,0.,0.));
#2107=DIRECTION('',(0.,0.,-1.));
#2108=DIRECTION('',(-1.,0.,0.));
#2109=DIRECTION('',(0.,0.,-1.));
#2110=DIRECTION('',(0.,0.,1.));
#2111=DIRECTION('',(1.,0.,0.));
#2112=DIRECTION('',(1.,0.,0.));
#2113=DIRECTION('',(0.,-1.,0.));
#2114=DIRECTION('',(0.,1.,0.));
#2115=DIRECTION('',(0.,-1.,0.));
#2116=DIRECTION('',(0.,0.,-1.));
#2117=DIRECTION('',(-1.,0.,0.));
#2118=DIRECTION('',(0.,0.,-1.));
#2119=DIRECTION('',(-1.,0.,0.));
#2120=DIRECTION('',(0.,0.,-1.));
#2121=DIRECTION('',(0.,0.,1.));
#2122=DIRECTION('',(1.,0.,0.));
#2123=DIRECTION('',(1.,0.,0.));
#2124=DIRECTION('',(0.,-1.,0.));
#2125=DIRECTION('',(0.,1.,0.));
#2126=DIRECTION('',(0.,-1.,0.));
#2127=DIRECTION('',(0.,0.,-1.));
#2128=DIRECTION('',(-1.,0.,0.));
#2129=DIRECTION('',(0.,0.,-1.));
#2130=DIRECTION('',(-1.,0.,0.));
#2131=DIRECTION('',(0.,0.,-1.));
#2132=DIRECTION('',(0.,0.,1.));
#2133=DIRECTION('',(1.,0.,0.));
#2134=DIRECTION('',(1.,0.,0.));
#2135=DIRECTION('',(0.,-1.,0.));
#2136=DIRECTION('',(0.,1.,0.));
#2137=DIRECTION('',(0.,-1.,0.));
#2138=DIRECTION('',(0.,0.,-1.));
#2139=DIRECTION('',(-1.,0.,0.));
#2140=DIRECTION('',(0.,0.,-1.));
#2141=DIRECTION('',(-1.,0.,0.));
#2142=DIRECTION('',(0.,0.,-1.));
#2143=DIRECTION('',(0.,0.,1.));
#2144=DIRECTION('',(1.,0.,0.));
#2145=DIRECTION('',(1.,0.,0.));
#2146=DIRECTION('',(0.,-1.,0.));
#2147=DIRECTION('',(0.,1.,0.));
#2148=DIRECTION('',(0.,-1.,0.));
#2149=DIRECTION('',(0.,0.,-1.));
#2150=DIRECTION('',(-1.,0.,0.));
#2151=DIRECTION('',(0.,0.,-1.));
#2152=DIRECTION('',(-1.,0.,0.));
#2153=DIRECTION('',(0.,0.,-1.));
#2154=DIRECTION('',(0.,0.,1.));
#2155=DIRECTION('',(1.,0.,0.));
#2156=DIRECTION('',(1.,0.,0.));
#2157=DIRECTION('',(0.,-1.,0.));
#2158=DIRECTION('',(0.,1.,0.));
#2159=DIRECTION('',(0.,0.,-1.));
#2160=DIRECTION('',(-1.,0.,0.));
#2161=DIRECTION('',(-1.,0.,0.));
#2162=DIRECTION('',(0.,1.,0.));
#2163=DIRECTION('',(0.,-1.,0.));
#2164=DIRECTION('',(0.,0.,-1.));
#2165=DIRECTION('',(-1.,0.,0.));
#2166=DIRECTION('',(-1.,0.,0.));
#2167=DIRECTION('',(0.,1.,0.));
#2168=DIRECTION('',(0.,-1.,0.));
#2169=DIRECTION('',(0.,0.,-1.));
#2170=DIRECTION('',(-1.,0.,0.));
#2171=DIRECTION('',(-1.,0.,0.));
#2172=DIRECTION('',(0.,1.,0.));
#2173=DIRECTION('',(0.,-1.,0.));
#2174=DIRECTION('',(0.,0.,-1.));
#2175=DIRECTION('',(-1.,0.,0.));
#2176=DIRECTION('',(-1.,0.,0.));
#2177=DIRECTION('',(0.,1.,0.));
#2178=DIRECTION('',(0.,-1.,0.));
#2179=DIRECTION('',(0.,0.,-1.));
#2180=DIRECTION('',(-1.,0.,0.));
#2181=DIRECTION('',(-1.,0.,0.));
#2182=DIRECTION('',(0.,1.,0.));
#2183=DIRECTION('',(0.,-1.,0.));
#2184=DIRECTION('',(0.,0.,1.));
#2185=DIRECTION('',(1.,0.,0.));
#2186=DIRECTION('',(0.,-1.,0.));
#2187=DIRECTION('',(1.,0.,0.));
#2188=DIRECTION('',(0.,1.,0.));
#2189=DIRECTION('',(-1.,0.,0.));
#2190=DIRECTION('',(1.,0.,0.));
#2191=DIRECTION('',(0.,0.,-1.));
#2192=DIRECTION('',(0.,0.,1.));
#2193=DIRECTION('',(0.,1.,0.));
#2194=DIRECTION('',(0.,0.,1.));
#2195=DIRECTION('',(-1.,0.,0.));
#2196=DIRECTION('',(0.,0.,1.));
#2197=DIRECTION('',(0.,0.,-1.));
#2198=DIRECTION('',(0.,1.,0.));
#2199=DIRECTION('',(0.,0.,-1.));
#2200=DIRECTION('',(0.,1.,0.));
#2201=DIRECTION('',(0.,0.,1.));
#2202=DIRECTION('',(1.,0.,0.));
#2203=DIRECTION('',(0.,0.,-1.));
#2204=DIRECTION('',(1.,0.,0.));
#2205=DIRECTION('',(0.,0.,-1.));
#2206=DIRECTION('',(0.,-1.,0.));
#2207=DIRECTION('',(0.,0.,-1.));
#2208=DIRECTION('',(-1.,0.,0.));
#2209=DIRECTION('',(0.,0.,1.));
#2210=DIRECTION('',(0.,0.,-1.));
#2211=DIRECTION('',(0.,1.,0.));
#2212=DIRECTION('',(0.,0.,-1.));
#2213=DIRECTION('',(0.,1.,0.));
#2214=DIRECTION('',(0.,0.,1.));
#2215=DIRECTION('',(1.,0.,0.));
#2216=DIRECTION('',(0.,0.,-1.));
#2217=DIRECTION('',(1.,0.,0.));
#2218=DIRECTION('',(0.,0.,-1.));
#2219=DIRECTION('',(0.,-1.,0.));
#2220=DIRECTION('',(0.,0.,-1.));
#2221=DIRECTION('',(-1.,0.,0.));
#2222=DIRECTION('',(0.,0.,1.));
#2223=DIRECTION('',(0.,0.,-1.));
#2224=DIRECTION('',(0.,1.,0.));
#2225=DIRECTION('',(0.,0.,-1.));
#2226=DIRECTION('',(0.,1.,0.));
#2227=DIRECTION('',(0.,0.,1.));
#2228=DIRECTION('',(1.,0.,0.));
#2229=DIRECTION('',(0.,0.,-1.));
#2230=DIRECTION('',(1.,0.,0.));
#2231=DIRECTION('',(0.,0.,-1.));
#2232=DIRECTION('',(0.,-1.,0.));
#2233=DIRECTION('',(0.,0.,-1.));
#2234=DIRECTION('',(-1.,0.,0.));
#2235=DIRECTION('',(0.,0.,1.));
#2236=DIRECTION('',(0.,0.,-1.));
#2237=DIRECTION('',(0.,1.,0.));
#2238=DIRECTION('',(0.,0.,-1.));
#2239=DIRECTION('',(0.,1.,0.));
#2240=DIRECTION('',(0.,0.,1.));
#2241=DIRECTION('',(1.,0.,0.));
#2242=DIRECTION('',(0.,0.,-1.));
#2243=DIRECTION('',(1.,0.,0.));
#2244=DIRECTION('',(0.,0.,-1.));
#2245=DIRECTION('',(0.,-1.,0.));
#2246=DIRECTION('',(0.,0.,-1.));
#2247=DIRECTION('',(-1.,0.,0.));
#2248=DIRECTION('',(0.,0.,1.));
#2249=DIRECTION('',(0.,0.,-1.));
#2250=DIRECTION('',(0.,1.,0.));
#2251=DIRECTION('',(0.,0.,-1.));
#2252=DIRECTION('',(0.,1.,0.));
#2253=DIRECTION('',(0.,0.,1.));
#2254=DIRECTION('',(1.,0.,0.));
#2255=DIRECTION('',(0.,0.,-1.));
#2256=DIRECTION('',(1.,0.,0.));
#2257=DIRECTION('',(0.,0.,-1.));
#2258=DIRECTION('',(0.,-1.,0.));
#2259=DIRECTION('',(0.,0.,-1.));
#2260=DIRECTION('',(0.,1.,0.));
#2261=DIRECTION('',(0.,0.,1.));
#2262=DIRECTION('',(-1.,0.,0.));
#2263=DIRECTION('',(-1.,0.,0.));
#2264=DIRECTION('',(0.,0.,1.));
#2265=DIRECTION('',(-1.,0.,0.));
#2266=DIRECTION('',(-1.,0.,0.));
#2267=DIRECTION('',(-1.,0.,0.));
#2268=DIRECTION('',(-1.,0.,0.));
#2269=DIRECTION('',(-1.,0.,0.));
#2270=DIRECTION('',(0.,0.,1.));
#2271=DIRECTION('',(0.,-1.,0.));
#2272=DIRECTION('',(0.,0.,1.));
#2273=DIRECTION('',(0.,-1.,0.));
#2274=DIRECTION('',(0.,0.,-1.));
#2275=DIRECTION('',(1.,0.,0.));
#2276=DIRECTION('',(1.,0.,0.));
#2277=DIRECTION('',(1.,0.,0.));
#2278=DIRECTION('',(1.,0.,0.));
#2279=DIRECTION('',(1.,0.,0.));
#2280=DIRECTION('',(0.,0.,1.));
#2281=DIRECTION('',(1.,0.,0.));
#2282=DIRECTION('',(0.,0.,-1.));
#2283=DIRECTION('',(1.,0.,0.));
#2284=DIRECTION('',(0.,0.,-1.));
#2285=DIRECTION('',(-1.,0.,0.));
#2286=DIRECTION('',(0.,1.,0.));
#2287=DIRECTION('',(-1.,0.,0.));
#2288=DIRECTION('',(0.,1.,0.));
#2289=DIRECTION('',(0.707106781186548,0.707106781186547,0.));
#2290=DIRECTION('',(0.,0.,1.));
#2291=DIRECTION('',(1.,0.,0.));
#2292=DIRECTION('',(1.,0.,0.));
#2293=DIRECTION('',(0.,-1.,0.));
#2294=DIRECTION('',(-1.,0.,0.));
#2295=DIRECTION('',(0.,1.,0.));
#2296=DIRECTION('',(0.,-1.,0.));
#2297=DIRECTION('',(0.,0.,1.));
#2298=DIRECTION('',(0.,0.,-1.));
#2299=DIRECTION('',(0.,0.,-1.));
#2300=DIRECTION('',(1.,0.,0.));
#2301=DIRECTION('',(0.,0.,-1.));
#2302=DIRECTION('',(0.,0.,-1.));
#2303=DIRECTION('',(0.,1.,0.));
#2304=DIRECTION('',(0.,1.,0.));
#2305=DIRECTION('',(0.,0.,-1.));
#2306=DIRECTION('',(0.,0.,-1.));
#2307=DIRECTION('',(-1.,0.,0.));
#2308=DIRECTION('',(0.,0.,-1.));
#2309=DIRECTION('',(-1.,0.,0.));
#2310=DIRECTION('',(0.,-1.,0.));
#2311=DIRECTION('',(-1.,0.,0.));
#2312=DIRECTION('',(0.,0.,1.));
#2313=DIRECTION('',(0.707106781186547,-0.707106781186548,0.));
#2314=DIRECTION('',(0.,0.,-1.));
#2315=CARTESIAN_POINT('',(0.,0.,0.));
#2316=CARTESIAN_POINT('',(-2.,2.71050543121376E-16,-0.5));
#2317=CARTESIAN_POINT('',(-1.1,-0.5,-0.5));
#2318=CARTESIAN_POINT('',(-1.1,-0.51,-0.5));
#2319=CARTESIAN_POINT('',(-1.1,-0.25,-0.5));
#2320=CARTESIAN_POINT('',(-1.1,-0.25,-0.5));
#2321=CARTESIAN_POINT('',(-1.,-0.15,-0.5));
#2322=CARTESIAN_POINT('',(-1.1,-0.15,-0.5));
#2323=CARTESIAN_POINT('',(-0.9,-0.15,-0.5));
#2324=CARTESIAN_POINT('',(-0.9,-0.15,-0.5));
#2325=CARTESIAN_POINT('',(-0.9,-0.51,-0.5));
#2326=CARTESIAN_POINT('',(-0.9,-0.51,-0.5));
#2327=CARTESIAN_POINT('',(-0.9,-0.15,-0.475));
#2328=CARTESIAN_POINT('',(-0.9,-0.15,-0.475));
#2329=CARTESIAN_POINT('',(-0.9,-0.15,-0.475));
#2330=CARTESIAN_POINT('',(-0.9,0.5,-0.475));
#2331=CARTESIAN_POINT('',(-0.9,-0.5,-0.475));
#2332=CARTESIAN_POINT('',(-0.9,-0.5,-0.5));
#2333=CARTESIAN_POINT('',(-0.9,-0.5,-0.373));
#2334=CARTESIAN_POINT('',(-0.9,-0.5,-0.373));
#2335=CARTESIAN_POINT('',(-0.9,-0.51,-0.373));
#2336=CARTESIAN_POINT('',(-0.9,-0.51,-0.373));
#2337=CARTESIAN_POINT('',(-1.1,-0.15,-0.475));
#2338=CARTESIAN_POINT('',(-1.,-0.15,-0.475));
#2339=CARTESIAN_POINT('',(-1.,-0.15,-0.475));
#2340=CARTESIAN_POINT('',(-1.,-0.15,-0.475));
#2341=CARTESIAN_POINT('',(-1.1,-0.5,-0.475));
#2342=CARTESIAN_POINT('',(-1.1,-0.5,-0.475));
#2343=CARTESIAN_POINT('',(-1.1,-0.5,-0.475));
#2344=CARTESIAN_POINT('',(-1.1,-0.25,-0.475));
#2345=CARTESIAN_POINT('',(-1.1,-0.25,-0.475));
#2346=CARTESIAN_POINT('',(-1.1,-0.51,-0.373));
#2347=CARTESIAN_POINT('',(-1.1,-0.51,-0.373));
#2348=CARTESIAN_POINT('',(-1.1,-0.51,-0.373));
#2349=CARTESIAN_POINT('',(-1.1,-0.5,-0.373));
#2350=CARTESIAN_POINT('',(-1.1,-0.5,-0.5));
#2351=CARTESIAN_POINT('',(-1.,-0.5,-0.373));
#2352=CARTESIAN_POINT('',(-3.25,-0.5,-0.373));
#2353=CARTESIAN_POINT('',(-0.9,-0.51,-0.373));
#2354=CARTESIAN_POINT('',(-0.9,-0.51,-0.373));
#2355=CARTESIAN_POINT('',(-1.5,1.62630325872826E-16,-0.5));
#2356=CARTESIAN_POINT('',(-0.6,-0.15,-0.5));
#2357=CARTESIAN_POINT('',(-0.6,-0.15,-0.5));
#2358=CARTESIAN_POINT('',(-0.4,-0.15,-0.5));
#2359=CARTESIAN_POINT('',(-0.4,-0.15,-0.5));
#2360=CARTESIAN_POINT('',(-0.4,-0.51,-0.5));
#2361=CARTESIAN_POINT('',(-0.4,-0.51,-0.5));
#2362=CARTESIAN_POINT('',(-0.6,-0.51,-0.5));
#2363=CARTESIAN_POINT('',(-0.6,-0.5,-0.5));
#2364=CARTESIAN_POINT('',(-0.4,-0.15,-0.475));
#2365=CARTESIAN_POINT('',(-0.4,-0.15,-0.475));
#2366=CARTESIAN_POINT('',(-0.4,-0.15,-0.475));
#2367=CARTESIAN_POINT('',(-0.4,0.5,-0.475));
#2368=CARTESIAN_POINT('',(-0.4,-0.5,-0.475));
#2369=CARTESIAN_POINT('',(-0.4,-0.5,-0.5));
#2370=CARTESIAN_POINT('',(-0.4,-0.5,-0.373));
#2371=CARTESIAN_POINT('',(-0.4,-0.5,-0.373));
#2372=CARTESIAN_POINT('',(-0.4,-0.51,-0.373));
#2373=CARTESIAN_POINT('',(-0.4,-0.51,-0.373));
#2374=CARTESIAN_POINT('',(-0.6,-0.15,-0.475));
#2375=CARTESIAN_POINT('',(-0.6,-0.15,-0.475));
#2376=CARTESIAN_POINT('',(-0.6,-0.15,-0.475));
#2377=CARTESIAN_POINT('',(-0.5,-0.15,-0.475));
#2378=CARTESIAN_POINT('',(-0.6,-0.5,-0.475));
#2379=CARTESIAN_POINT('',(-0.6,-0.51,-0.373));
#2380=CARTESIAN_POINT('',(-0.6,-0.51,-0.373));
#2381=CARTESIAN_POINT('',(-0.6,-0.51,-0.373));
#2382=CARTESIAN_POINT('',(-0.6,-0.5,-0.373));
#2383=CARTESIAN_POINT('',(-0.6,-0.5,-0.5));
#2384=CARTESIAN_POINT('',(-0.6,-0.5,-0.475));
#2385=CARTESIAN_POINT('',(-0.6,-0.5,-0.475));
#2386=CARTESIAN_POINT('',(-0.5,-0.5,-0.373));
#2387=CARTESIAN_POINT('',(-2.75,-0.5,-0.373));
#2388=CARTESIAN_POINT('',(-0.4,-0.51,-0.373));
#2389=CARTESIAN_POINT('',(-0.4,-0.51,-0.373));
#2390=CARTESIAN_POINT('',(-1.,1.0842021724855E-16,-0.5));
#2391=CARTESIAN_POINT('',(-0.0999999999999998,-0.15,-0.5));
#2392=CARTESIAN_POINT('',(-0.0999999999999998,-0.15,-0.5));
#2393=CARTESIAN_POINT('',(0.0999999999999998,-0.15,-0.5));
#2394=CARTESIAN_POINT('',(0.0999999999999998,-0.15,-0.5));
#2395=CARTESIAN_POINT('',(0.0999999999999998,-0.51,-0.5));
#2396=CARTESIAN_POINT('',(0.0999999999999998,-0.51,-0.5));
#2397=CARTESIAN_POINT('',(-0.0999999999999998,-0.51,-0.5));
#2398=CARTESIAN_POINT('',(-0.0999999999999998,-0.5,-0.5));
#2399=CARTESIAN_POINT('',(0.0999999999999998,-0.15,-0.475));
#2400=CARTESIAN_POINT('',(0.0999999999999998,-0.15,-0.475));
#2401=CARTESIAN_POINT('',(0.0999999999999998,-0.15,-0.475));
#2402=CARTESIAN_POINT('',(0.0999999999999998,0.5,-0.475));
#2403=CARTESIAN_POINT('',(0.0999999999999996,-0.5,-0.475));
#2404=CARTESIAN_POINT('',(0.0999999999999996,-0.5,-0.5));
#2405=CARTESIAN_POINT('',(0.0999999999999996,-0.5,-0.373));
#2406=CARTESIAN_POINT('',(0.0999999999999998,-0.5,-0.373));
#2407=CARTESIAN_POINT('',(0.0999999999999998,-0.51,-0.373));
#2408=CARTESIAN_POINT('',(0.0999999999999998,-0.51,-0.373));
#2409=CARTESIAN_POINT('',(-0.0999999999999998,-0.15,-0.475));
#2410=CARTESIAN_POINT('',(-0.0999999999999998,-0.15,-0.475));
#2411=CARTESIAN_POINT('',(-0.0999999999999998,-0.15,-0.475));
#2412=CARTESIAN_POINT('',(0.,-0.15,-0.475));
#2413=CARTESIAN_POINT('',(-0.0999999999999998,-0.5,-0.475));
#2414=CARTESIAN_POINT('',(-0.0999999999999998,-0.51,-0.373));
#2415=CARTESIAN_POINT('',(-0.0999999999999998,-0.51,-0.373));
#2416=CARTESIAN_POINT('',(-0.0999999999999998,-0.51,-0.373));
#2417=CARTESIAN_POINT('',(-0.0999999999999996,-0.5,-0.373));
#2418=CARTESIAN_POINT('',(-0.1,-0.5,-0.5));
#2419=CARTESIAN_POINT('',(-0.1,-0.5,-0.475));
#2420=CARTESIAN_POINT('',(-0.0999999999999998,-0.5,-0.475));
#2421=CARTESIAN_POINT('',(0.,-0.5,-0.373));
#2422=CARTESIAN_POINT('',(-2.25,-0.5,-0.373));
#2423=CARTESIAN_POINT('',(0.0999999999999998,-0.51,-0.373));
#2424=CARTESIAN_POINT('',(0.0999999999999998,-0.51,-0.373));
#2425=CARTESIAN_POINT('',(-0.5,5.42101086242752E-17,-0.5));
#2426=CARTESIAN_POINT('',(0.4,-0.15,-0.5));
#2427=CARTESIAN_POINT('',(0.4,-0.15,-0.5));
#2428=CARTESIAN_POINT('',(0.6,-0.15,-0.5));
#2429=CARTESIAN_POINT('',(0.6,-0.15,-0.5));
#2430=CARTESIAN_POINT('',(0.6,-0.51,-0.5));
#2431=CARTESIAN_POINT('',(0.6,-0.51,-0.5));
#2432=CARTESIAN_POINT('',(0.4,-0.51,-0.5));
#2433=CARTESIAN_POINT('',(0.4,-0.5,-0.5));
#2434=CARTESIAN_POINT('',(0.6,-0.15,-0.475));
#2435=CARTESIAN_POINT('',(0.6,-0.15,-0.475));
#2436=CARTESIAN_POINT('',(0.6,-0.15,-0.475));
#2437=CARTESIAN_POINT('',(0.6,0.5,-0.475));
#2438=CARTESIAN_POINT('',(0.6,-0.5,-0.475));
#2439=CARTESIAN_POINT('',(0.6,-0.5,-0.5));
#2440=CARTESIAN_POINT('',(0.6,-0.5,-0.373));
#2441=CARTESIAN_POINT('',(0.6,-0.5,-0.373));
#2442=CARTESIAN_POINT('',(0.6,-0.51,-0.373));
#2443=CARTESIAN_POINT('',(0.6,-0.51,-0.373));
#2444=CARTESIAN_POINT('',(0.4,-0.15,-0.475));
#2445=CARTESIAN_POINT('',(0.4,-0.15,-0.475));
#2446=CARTESIAN_POINT('',(0.4,-0.15,-0.475));
#2447=CARTESIAN_POINT('',(0.5,-0.15,-0.475));
#2448=CARTESIAN_POINT('',(0.4,-0.5,-0.475));
#2449=CARTESIAN_POINT('',(0.4,-0.51,-0.373));
#2450=CARTESIAN_POINT('',(0.4,-0.51,-0.373));
#2451=CARTESIAN_POINT('',(0.4,-0.51,-0.373));
#2452=CARTESIAN_POINT('',(0.4,-0.5,-0.373));
#2453=CARTESIAN_POINT('',(0.4,-0.5,-0.5));
#2454=CARTESIAN_POINT('',(0.4,-0.5,-0.475));
#2455=CARTESIAN_POINT('',(0.4,-0.5,-0.475));
#2456=CARTESIAN_POINT('',(0.5,-0.5,-0.373));
#2457=CARTESIAN_POINT('',(-1.75,-0.5,-0.373));
#2458=CARTESIAN_POINT('',(0.6,-0.51,-0.373));
#2459=CARTESIAN_POINT('',(0.6,-0.51,-0.373));
#2460=CARTESIAN_POINT('',(-1.07074468085106,-0.313031914893617,-0.0118808069579317));
#2461=CARTESIAN_POINT('',(-1.07074468085106,-0.313031914893617,-0.0118808069579317));
#2462=CARTESIAN_POINT('',(-0.993204286655487,-0.313031914893617,-0.0118808069579317));
#2463=CARTESIAN_POINT('',(-1.07074468085106,-0.313031914893617,-0.0118808069579317));
#2464=CARTESIAN_POINT('',(-1.07074468085106,-0.313031914893617,0.));
#2465=CARTESIAN_POINT('',(-0.993204286655487,-0.313031914893617,0.));
#2466=CARTESIAN_POINT('',(1.1,0.51,-0.373));
#2467=CARTESIAN_POINT('',(1.1,0.51,-0.5));
#2468=CARTESIAN_POINT('',(1.1,0.51,-0.5));
#2469=CARTESIAN_POINT('',(0.9,0.51,-0.5));
#2470=CARTESIAN_POINT('',(0.9,0.51,-0.373));
#2471=CARTESIAN_POINT('',(0.9,0.51,-0.373));
#2472=CARTESIAN_POINT('',(1.1,0.51,-0.373));
#2473=CARTESIAN_POINT('',(1.1,0.51,-0.373));
#2474=CARTESIAN_POINT('',(1.1,0.51,-0.373));
#2475=CARTESIAN_POINT('',(0.,0.,-0.5));
#2476=CARTESIAN_POINT('',(0.9,0.15,-0.5));
#2477=CARTESIAN_POINT('',(0.9,0.15,-0.5));
#2478=CARTESIAN_POINT('',(1.1,0.15,-0.5));
#2479=CARTESIAN_POINT('',(0.9,0.5,-0.5));
#2480=CARTESIAN_POINT('',(1.1,0.15,-0.5));
#2481=CARTESIAN_POINT('',(0.6,0.51,-0.373));
#2482=CARTESIAN_POINT('',(0.6,0.51,-0.5));
#2483=CARTESIAN_POINT('',(0.6,0.51,-0.5));
#2484=CARTESIAN_POINT('',(0.4,0.51,-0.5));
#2485=CARTESIAN_POINT('',(0.4,0.51,-0.373));
#2486=CARTESIAN_POINT('',(0.4,0.51,-0.373));
#2487=CARTESIAN_POINT('',(0.6,0.51,-0.373));
#2488=CARTESIAN_POINT('',(0.6,0.51,-0.373));
#2489=CARTESIAN_POINT('',(0.6,0.51,-0.373));
#2490=CARTESIAN_POINT('',(-0.5,-5.42101086242752E-17,-0.5));
#2491=CARTESIAN_POINT('',(0.4,0.15,-0.5));
#2492=CARTESIAN_POINT('',(0.4,0.15,-0.5));
#2493=CARTESIAN_POINT('',(0.6,0.15,-0.5));
#2494=CARTESIAN_POINT('',(0.4,0.5,-0.5));
#2495=CARTESIAN_POINT('',(0.6,0.15,-0.5));
#2496=CARTESIAN_POINT('',(0.0999999999999998,0.51,-0.373));
#2497=CARTESIAN_POINT('',(0.0999999999999998,0.51,-0.5));
#2498=CARTESIAN_POINT('',(0.0999999999999998,0.51,-0.5));
#2499=CARTESIAN_POINT('',(-0.0999999999999998,0.51,-0.5));
#2500=CARTESIAN_POINT('',(-0.0999999999999998,0.51,-0.373));
#2501=CARTESIAN_POINT('',(-0.0999999999999998,0.51,-0.373));
#2502=CARTESIAN_POINT('',(0.0999999999999998,0.51,-0.373));
#2503=CARTESIAN_POINT('',(0.0999999999999998,0.51,-0.373));
#2504=CARTESIAN_POINT('',(0.0999999999999998,0.51,-0.373));
#2505=CARTESIAN_POINT('',(-1.,-1.0842021724855E-16,-0.5));
#2506=CARTESIAN_POINT('',(-0.0999999999999998,0.15,-0.5));
#2507=CARTESIAN_POINT('',(-0.0999999999999998,0.15,-0.5));
#2508=CARTESIAN_POINT('',(0.0999999999999998,0.15,-0.5));
#2509=CARTESIAN_POINT('',(-0.0999999999999998,0.5,-0.5));
#2510=CARTESIAN_POINT('',(0.0999999999999998,0.15,-0.5));
#2511=CARTESIAN_POINT('',(-0.4,0.51,-0.373));
#2512=CARTESIAN_POINT('',(-0.4,0.51,-0.5));
#2513=CARTESIAN_POINT('',(-0.4,0.51,-0.5));
#2514=CARTESIAN_POINT('',(-0.6,0.51,-0.5));
#2515=CARTESIAN_POINT('',(-0.6,0.51,-0.373));
#2516=CARTESIAN_POINT('',(-0.6,0.51,-0.373));
#2517=CARTESIAN_POINT('',(-0.4,0.51,-0.373));
#2518=CARTESIAN_POINT('',(-0.4,0.51,-0.373));
#2519=CARTESIAN_POINT('',(-0.4,0.51,-0.373));
#2520=CARTESIAN_POINT('',(-1.5,-1.62630325872826E-16,-0.5));
#2521=CARTESIAN_POINT('',(-0.6,0.15,-0.5));
#2522=CARTESIAN_POINT('',(-0.6,0.15,-0.5));
#2523=CARTESIAN_POINT('',(-0.4,0.15,-0.5));
#2524=CARTESIAN_POINT('',(-0.6,0.5,-0.5));
#2525=CARTESIAN_POINT('',(-0.4,0.15,-0.5));
#2526=CARTESIAN_POINT('',(-0.9,0.51,-0.373));
#2527=CARTESIAN_POINT('',(-0.9,0.51,-0.5));
#2528=CARTESIAN_POINT('',(-0.9,0.51,-0.5));
#2529=CARTESIAN_POINT('',(-1.1,0.51,-0.5));
#2530=CARTESIAN_POINT('',(-1.1,0.51,-0.373));
#2531=CARTESIAN_POINT('',(-1.1,0.51,-0.373));
#2532=CARTESIAN_POINT('',(-0.9,0.51,-0.373));
#2533=CARTESIAN_POINT('',(-0.9,0.51,-0.373));
#2534=CARTESIAN_POINT('',(-0.9,0.51,-0.373));
#2535=CARTESIAN_POINT('',(-2.,-2.71050543121376E-16,-0.5));
#2536=CARTESIAN_POINT('',(-1.1,0.15,-0.5));
#2537=CARTESIAN_POINT('',(-1.1,0.15,-0.5));
#2538=CARTESIAN_POINT('',(-0.9,0.15,-0.5));
#2539=CARTESIAN_POINT('',(-1.1,0.5,-0.5));
#2540=CARTESIAN_POINT('',(-0.9,0.15,-0.5));
#2541=CARTESIAN_POINT('',(-0.5,0.5,-0.373));
#2542=CARTESIAN_POINT('',(-0.25,0.5,-0.373));
#2543=CARTESIAN_POINT('',(-0.4,0.5,-0.373));
#2544=CARTESIAN_POINT('',(-0.6,0.5,-0.373));
#2545=CARTESIAN_POINT('',(-0.4,0.5,-0.373));
#2546=CARTESIAN_POINT('',(-0.6,0.51,-0.373));
#2547=CARTESIAN_POINT('',(0.,0.5,-0.373));
#2548=CARTESIAN_POINT('',(0.25,0.5,-0.373));
#2549=CARTESIAN_POINT('',(0.0999999999999998,0.5,-0.373));
#2550=CARTESIAN_POINT('',(-0.0999999999999998,0.5,-0.373));
#2551=CARTESIAN_POINT('',(0.0999999999999998,0.5,-0.373));
#2552=CARTESIAN_POINT('',(-0.0999999999999998,0.51,-0.373));
#2553=CARTESIAN_POINT('',(0.5,0.5,-0.373));
#2554=CARTESIAN_POINT('',(0.75,0.5,-0.373));
#2555=CARTESIAN_POINT('',(0.6,0.5,-0.373));
#2556=CARTESIAN_POINT('',(0.4,0.5,-0.373));
#2557=CARTESIAN_POINT('',(0.6,0.5,-0.373));
#2558=CARTESIAN_POINT('',(0.4,0.51,-0.373));
#2559=CARTESIAN_POINT('',(1.,0.5,-0.373));
#2560=CARTESIAN_POINT('',(1.25,0.5,-0.373));
#2561=CARTESIAN_POINT('',(1.1,0.5,-0.373));
#2562=CARTESIAN_POINT('',(0.9,0.5,-0.373));
#2563=CARTESIAN_POINT('',(1.1,0.5,-0.373));
#2564=CARTESIAN_POINT('',(0.9,0.51,-0.373));
#2565=CARTESIAN_POINT('',(-1.,0.5,-0.373));
#2566=CARTESIAN_POINT('',(-0.75,0.5,-0.373));
#2567=CARTESIAN_POINT('',(-0.9,0.5,-0.373));
#2568=CARTESIAN_POINT('',(-1.1,0.5,-0.373));
#2569=CARTESIAN_POINT('',(-0.9,0.5,-0.373));
#2570=CARTESIAN_POINT('',(-1.1,0.51,-0.373));
#2571=CARTESIAN_POINT('',(0.,0.,0.));
#2572=CARTESIAN_POINT('',(-1.25,0.5,0.));
#2573=CARTESIAN_POINT('',(-1.25,0.5,0.));
#2574=CARTESIAN_POINT('',(-1.25,-0.5,0.));
#2575=CARTESIAN_POINT('',(-1.25,-0.5,0.));
#2576=CARTESIAN_POINT('',(1.25,-0.5,0.));
#2577=CARTESIAN_POINT('',(1.25,-0.5,0.));
#2578=CARTESIAN_POINT('',(1.25,0.5,0.));
#2579=CARTESIAN_POINT('',(1.25,0.5,0.));
#2580=CARTESIAN_POINT('',(1.25,-0.5,-0.5));
#2581=CARTESIAN_POINT('',(1.25,-0.5,-0.5));
#2582=CARTESIAN_POINT('',(1.25,-0.5,-0.475));
#2583=CARTESIAN_POINT('',(1.25,-0.5,-0.475));
#2584=CARTESIAN_POINT('',(1.25,0.5,-0.475));
#2585=CARTESIAN_POINT('',(1.25,0.5,-0.5));
#2586=CARTESIAN_POINT('',(1.1,0.15,-0.475));
#2587=CARTESIAN_POINT('',(1.1,0.5,-0.373));
#2588=CARTESIAN_POINT('',(1.1,0.5,-0.475));
#2589=CARTESIAN_POINT('',(1.1,0.15,-0.475));
#2590=CARTESIAN_POINT('',(1.1,0.15,-0.475));
#2591=CARTESIAN_POINT('',(1.1,0.15,-0.475));
#2592=CARTESIAN_POINT('',(0.9,0.15,-0.475));
#2593=CARTESIAN_POINT('',(0.9,0.15,-0.475));
#2594=CARTESIAN_POINT('',(0.9,0.15,-0.475));
#2595=CARTESIAN_POINT('',(0.9,0.15,-0.475));
#2596=CARTESIAN_POINT('',(0.9,0.5,-0.475));
#2597=CARTESIAN_POINT('',(0.9,0.5,-0.475));
#2598=CARTESIAN_POINT('',(0.9,0.5,-0.475));
#2599=CARTESIAN_POINT('',(0.9,0.5,-0.373));
#2600=CARTESIAN_POINT('',(0.6,0.15,-0.475));
#2601=CARTESIAN_POINT('',(0.6,0.5,-0.373));
#2602=CARTESIAN_POINT('',(0.6,0.5,-0.475));
#2603=CARTESIAN_POINT('',(0.6,0.15,-0.475));
#2604=CARTESIAN_POINT('',(0.6,0.15,-0.475));
#2605=CARTESIAN_POINT('',(0.6,0.15,-0.475));
#2606=CARTESIAN_POINT('',(0.4,0.15,-0.475));
#2607=CARTESIAN_POINT('',(0.4,0.15,-0.475));
#2608=CARTESIAN_POINT('',(0.4,0.15,-0.475));
#2609=CARTESIAN_POINT('',(0.4,0.15,-0.475));
#2610=CARTESIAN_POINT('',(0.4,0.5,-0.475));
#2611=CARTESIAN_POINT('',(0.4,0.5,-0.475));
#2612=CARTESIAN_POINT('',(0.4,0.5,-0.475));
#2613=CARTESIAN_POINT('',(0.4,0.5,-0.373));
#2614=CARTESIAN_POINT('',(0.0999999999999998,0.15,-0.475));
#2615=CARTESIAN_POINT('',(0.0999999999999998,0.5,-0.373));
#2616=CARTESIAN_POINT('',(0.0999999999999998,0.5,-0.475));
#2617=CARTESIAN_POINT('',(0.0999999999999998,0.15,-0.475));
#2618=CARTESIAN_POINT('',(0.0999999999999998,0.15,-0.475));
#2619=CARTESIAN_POINT('',(0.0999999999999998,0.15,-0.475));
#2620=CARTESIAN_POINT('',(-0.0999999999999998,0.15,-0.475));
#2621=CARTESIAN_POINT('',(-0.0999999999999998,0.15,-0.475));
#2622=CARTESIAN_POINT('',(-0.0999999999999998,0.15,-0.475));
#2623=CARTESIAN_POINT('',(-0.0999999999999998,0.15,-0.475));
#2624=CARTESIAN_POINT('',(-0.0999999999999998,0.5,-0.475));
#2625=CARTESIAN_POINT('',(-0.0999999999999998,0.5,-0.475));
#2626=CARTESIAN_POINT('',(-0.0999999999999998,0.5,-0.475));
#2627=CARTESIAN_POINT('',(-0.0999999999999998,0.5,-0.373));
#2628=CARTESIAN_POINT('',(-0.4,0.15,-0.475));
#2629=CARTESIAN_POINT('',(-0.4,0.5,-0.373));
#2630=CARTESIAN_POINT('',(-0.4,0.5,-0.475));
#2631=CARTESIAN_POINT('',(-0.4,0.15,-0.475));
#2632=CARTESIAN_POINT('',(-0.4,0.15,-0.475));
#2633=CARTESIAN_POINT('',(-0.4,0.15,-0.475));
#2634=CARTESIAN_POINT('',(-0.6,0.15,-0.475));
#2635=CARTESIAN_POINT('',(-0.6,0.15,-0.475));
#2636=CARTESIAN_POINT('',(-0.6,0.15,-0.475));
#2637=CARTESIAN_POINT('',(-0.6,0.15,-0.475));
#2638=CARTESIAN_POINT('',(-0.6,0.5,-0.475));
#2639=CARTESIAN_POINT('',(-0.6,0.5,-0.475));
#2640=CARTESIAN_POINT('',(-0.6,0.5,-0.475));
#2641=CARTESIAN_POINT('',(-0.6,0.5,-0.373));
#2642=CARTESIAN_POINT('',(-0.9,0.15,-0.475));
#2643=CARTESIAN_POINT('',(-0.9,0.5,-0.373));
#2644=CARTESIAN_POINT('',(-0.9,0.5,-0.475));
#2645=CARTESIAN_POINT('',(-0.9,0.15,-0.475));
#2646=CARTESIAN_POINT('',(-0.9,0.15,-0.475));
#2647=CARTESIAN_POINT('',(-0.9,0.15,-0.475));
#2648=CARTESIAN_POINT('',(-1.1,0.15,-0.475));
#2649=CARTESIAN_POINT('',(-1.1,0.15,-0.475));
#2650=CARTESIAN_POINT('',(-1.1,0.15,-0.475));
#2651=CARTESIAN_POINT('',(-1.1,0.15,-0.475));
#2652=CARTESIAN_POINT('',(-1.1,0.5,-0.475));
#2653=CARTESIAN_POINT('',(-1.1,0.5,-0.475));
#2654=CARTESIAN_POINT('',(-1.1,0.5,-0.475));
#2655=CARTESIAN_POINT('',(-1.1,0.5,-0.373));
#2656=CARTESIAN_POINT('',(1.25,0.5,-0.5));
#2657=CARTESIAN_POINT('',(1.25,0.5,-0.475));
#2658=CARTESIAN_POINT('',(1.25,0.5,-0.475));
#2659=CARTESIAN_POINT('',(-1.25,0.5,-0.475));
#2660=CARTESIAN_POINT('',(-1.25,0.5,-0.5));
#2661=CARTESIAN_POINT('',(1.25,0.5,-0.475));
#2662=CARTESIAN_POINT('',(1.25,0.5,-0.475));
#2663=CARTESIAN_POINT('',(1.25,0.5,-0.475));
#2664=CARTESIAN_POINT('',(1.25,0.5,-0.475));
#2665=CARTESIAN_POINT('',(-1.25,0.5,-0.5));
#2666=CARTESIAN_POINT('',(-1.25,0.5,-0.475));
#2667=CARTESIAN_POINT('',(-1.25,-0.5,-0.475));
#2668=CARTESIAN_POINT('',(-1.25,-0.5,-0.5));
#2669=CARTESIAN_POINT('',(-1.25,-0.5,-0.5));
#2670=CARTESIAN_POINT('',(-1.25,-0.5,-0.475));
#2671=CARTESIAN_POINT('',(-1.25,-0.5,-0.475));
#2672=CARTESIAN_POINT('',(-1.25,-0.5,-0.475));
#2673=CARTESIAN_POINT('',(-1.25,-0.5,-0.475));
#2674=CARTESIAN_POINT('',(-1.25,-0.5,-0.475));
#2675=CARTESIAN_POINT('',(0.9,-0.5,-0.475));
#2676=CARTESIAN_POINT('',(0.9,-0.5,-0.5));
#2677=CARTESIAN_POINT('',(0.9,-0.5,-0.373));
#2678=CARTESIAN_POINT('',(-1.25,-0.5,-0.373));
#2679=CARTESIAN_POINT('',(1.1,-0.5,-0.373));
#2680=CARTESIAN_POINT('',(1.1,-0.5,-0.5));
#2681=CARTESIAN_POINT('',(1.1,-0.5,-0.475));
#2682=CARTESIAN_POINT('',(-1.25,-0.5,-0.475));
#2683=CARTESIAN_POINT('',(1.,0.5,-0.475));
#2684=CARTESIAN_POINT('',(1.1,0.5,-0.475));
#2685=CARTESIAN_POINT('',(1.1,-0.15,-0.475));
#2686=CARTESIAN_POINT('',(1.,-0.15,-0.475));
#2687=CARTESIAN_POINT('',(0.9,-0.15,-0.475));
#2688=CARTESIAN_POINT('',(0.9,-0.5,-0.475));
#2689=CARTESIAN_POINT('',(-1.1,-0.25,-0.475));
#2690=CARTESIAN_POINT('',(0.,0.,-0.5));
#2691=CARTESIAN_POINT('',(0.9,-0.15,-0.5));
#2692=CARTESIAN_POINT('',(0.9,-0.15,-0.5));
#2693=CARTESIAN_POINT('',(1.1,-0.15,-0.5));
#2694=CARTESIAN_POINT('',(1.1,-0.15,-0.5));
#2695=CARTESIAN_POINT('',(1.1,-0.51,-0.5));
#2696=CARTESIAN_POINT('',(1.1,-0.51,-0.5));
#2697=CARTESIAN_POINT('',(0.9,-0.51,-0.5));
#2698=CARTESIAN_POINT('',(0.9,-0.5,-0.5));
#2699=CARTESIAN_POINT('',(0.9,-0.15,-0.475));
#2700=CARTESIAN_POINT('',(0.9,-0.15,-0.475));
#2701=CARTESIAN_POINT('',(1.1,-0.15,-0.475));
#2702=CARTESIAN_POINT('',(0.9,-0.5,-0.475));
#2703=CARTESIAN_POINT('',(0.9,-0.51,-0.373));
#2704=CARTESIAN_POINT('',(0.9,-0.51,-0.373));
#2705=CARTESIAN_POINT('',(0.9,-0.51,-0.373));
#2706=CARTESIAN_POINT('',(1.1,-0.51,-0.373));
#2707=CARTESIAN_POINT('',(1.1,-0.51,-0.373));
#2708=CARTESIAN_POINT('',(1.1,-0.51,-0.373));
#2709=CARTESIAN_POINT('',(1.1,-0.51,-0.373));
#2710=CARTESIAN_POINT('',(1.,-0.5,-0.373));
#2711=CARTESIAN_POINT('',(1.1,-0.5,-0.373));
#2712=CARTESIAN_POINT('',(1.1,-0.15,-0.475));
#2713=CARTESIAN_POINT('',(-1.1,-0.25,-0.475));
#2714=MECHANICAL_DESIGN_GEOMETRIC_PRESENTATION_REPRESENTATION('',(#1346,
#1347,#1348,#1349,#1350,#1351,#1352,#1353,#1354,#1355,#1356,#1357,#1358,
#1359,#1360,#1361,#1362,#1363,#1364,#1365,#1366,#1367,#1368,#1369,#1370,
#1371,#1372,#1373,#1374,#1375,#1376,#1377,#1378,#1379,#1380,#1381,#1382,
#1383,#1384,#1385,#1386,#1387,#1388,#1389,#1390,#1391,#1392,#1393,#1394,
#1395,#1396,#1397,#1398,#1399,#1400,#1401,#1402,#1403,#1404,#1405,#1406,
#1407,#1408,#1409,#1410,#1411,#1412,#1413,#1414),#2715);
#2715=(
GEOMETRIC_REPRESENTATION_CONTEXT(3)
GLOBAL_UNCERTAINTY_ASSIGNED_CONTEXT((#2716))
GLOBAL_UNIT_ASSIGNED_CONTEXT((#2719,#2718,#2717))
REPRESENTATION_CONTEXT('PUSB3F96X','TOP_LEVEL_ASSEMBLY_PART')
);
#2716=UNCERTAINTY_MEASURE_WITH_UNIT(LENGTH_MEASURE(0.005),#2719,
'DISTANCE_ACCURACY_VALUE','Maximum Tolerance applied to model');
#2717=(
NAMED_UNIT(*)
SI_UNIT($,.STERADIAN.)
SOLID_ANGLE_UNIT()
);
#2718=(
NAMED_UNIT(*)
PLANE_ANGLE_UNIT()
SI_UNIT($,.RADIAN.)
);
#2719=(
LENGTH_UNIT()
NAMED_UNIT(*)
SI_UNIT(.MILLI.,.METRE.)
);
#2720=PRODUCT_DEFINITION_SHAPE('','',#2721);
#2721=PRODUCT_DEFINITION('','',#2723,#2722);
#2722=PRODUCT_DEFINITION_CONTEXT('',#2729,'design');
#2723=PRODUCT_DEFINITION_FORMATION_WITH_SPECIFIED_SOURCE('','',#2725,
 .NOT_KNOWN.);
#2724=PRODUCT_RELATED_PRODUCT_CATEGORY('','',(#2725));
#2725=PRODUCT('PUSB3F96X','PUSB3F96X','PUSB3F96X',(#2727));
#2726=PRODUCT_CATEGORY('','');
#2727=PRODUCT_CONTEXT('',#2729,'mechanical');
#2728=APPLICATION_PROTOCOL_DEFINITION('international standard',
'automotive_design',2010,#2729);
#2729=APPLICATION_CONTEXT(
'core data for automotive mechanical design processes');
ENDSEC;
END-ISO-10303-21;
